bar_index,timestamp_utc,equity
0,2018-12-12T00:00:00Z,10000.0
1,2018-12-13T00:00:00Z,10000.0
2,2018-12-14T00:00:00Z,10000.0
3,2018-12-17T00:00:00Z,10000.0
4,2018-12-18T00:00:00Z,10000.0
5,2018-12-19T00:00:00Z,10000.0
6,2018-12-20T00:00:00Z,10000.0
7,2018-12-21T00:00:00Z,10000.0
8,2018-12-24T00:00:00Z,10000.0
9,2018-12-26T00:00:00Z,10000.0
10,2018-12-27T00:00:00Z,10000.0
11,2018-12-28T00:00:00Z,10000.0
12,2018-12-31T00:00:00Z,10000.0
13,2019-01-01T00:00:00Z,10000.0
14,2019-01-02T00:00:00Z,10000.0
15,2019-01-03T00:00:00Z,10013.641122700086
16,2019-01-04T00:00:00Z,10011.976433580177
17,2019-01-06T00:00:00Z,10011.976433580177
18,2019-01-07T00:00:00Z,10011.976433580177
19,2019-01-08T00:00:00Z,10011.976433580177
20,2019-01-09T00:00:00Z,10011.976433580177
21,2019-01-10T00:00:00Z,10011.976433580177
22,2019-01-11T00:00:00Z,10011.976433580177
23,2019-01-14T00:00:00Z,10011.976433580177
24,2019-01-15T00:00:00Z,10011.976433580177
25,2019-01-16T00:00:00Z,10017.169055073753
26,2019-01-17T00:00:00Z,10015.046843205342
27,2019-01-18T00:00:00Z,10015.046843205342
28,2019-01-20T00:00:00Z,10015.046843205342
29,2019-01-21T00:00:00Z,10029.49501401684
30,2019-01-22T00:00:00Z,10027.725769033854
31,2019-01-23T00:00:00Z,10016.100638577489
32,2019-01-24T00:00:00Z,10014.280981865664
33,2019-01-25T00:00:00Z,10021.799796893762
34,2019-01-27T00:00:00Z,10020.456224998967
35,2019-01-28T00:00:00Z,9989.496798024074
36,2019-01-29T00:00:00Z,9987.0524867337
37,2019-01-30T00:00:00Z,10011.433241973325
38,2019-01-31T00:00:00Z,10009.46726900005
39,2019-02-01T00:00:00Z,10040.076808464055
40,2019-02-03T00:00:00Z,10037.227160658049
41,2019-02-04T00:00:00Z,10023.911960934558
42,2019-02-05T00:00:00Z,10021.487378501814
43,2019-02-06T00:00:00Z,10023.231585181926
44,2019-02-07T00:00:00Z,10021.455009718107
45,2019-02-08T00:00:00Z,10024.428009113026
46,2019-02-10T00:00:00Z,10022.11129168026
47,2019-02-11T00:00:00Z,10018.028233659592
48,2019-02-12T00:00:00Z,10016.171186222458
49,2019-02-13T00:00:00Z,10024.484052019321
50,2019-02-14T00:00:00Z,10022.309382019967
51,2019-02-15T00:00:00Z,10047.005544475336
52,2019-02-17T00:00:00Z,10053.3992128359
53,2019-02-18T00:00:00Z,10053.3992128359
54,2019-02-19T00:00:00Z,10053.3992128359
55,2019-02-20T00:00:00Z,10053.3992128359
56,2019-02-21T00:00:00Z,10041.790340882002
57,2019-02-22T00:00:00Z,10039.466330134088
58,2019-02-24T00:00:00Z,10039.466330134088
59,2019-02-25T00:00:00Z,9987.486424756524
60,2019-02-26T00:00:00Z,10000.610340920071
61,2019-02-27T00:00:00Z,9998.081146275652
62,2019-02-28T00:00:00Z,10001.284315318815
63,2019-03-01T00:00:00Z,9998.584709481353
64,2019-03-03T00:00:00Z,9999.669524833187
65,2019-03-04T00:00:00Z,9996.799061447686
66,2019-03-05T00:00:00Z,9986.206405122686
67,2019-03-06T00:00:00Z,9983.078348381698
68,2019-03-07T00:00:00Z,9989.362635385549
69,2019-03-08T00:00:00Z,9986.378155915821
70,2019-03-10T00:00:00Z,9986.539153227253
71,2019-03-11T00:00:00Z,9983.581903785318
72,2019-03-12T00:00:00Z,9986.647026025254
73,2019-03-13T00:00:00Z,9983.549727270476
74,2019-03-14T00:00:00Z,9987.20969953261
75,2019-03-15T00:00:00Z,9983.972857419663
76,2019-03-17T00:00:00Z,9979.81703054988
77,2019-03-18T00:00:00Z,9976.419405999357
78,2019-03-19T00:00:00Z,9968.795515163049
79,2019-03-20T00:00:00Z,9964.584560079524
80,2019-03-21T00:00:00Z,9955.514162645844
81,2019-03-22T00:00:00Z,9952.497534479835
82,2019-03-24T00:00:00Z,9942.243919093627
83,2019-03-25T00:00:00Z,9938.765982339908
84,2019-03-26T00:00:00Z,9958.440042594395
85,2019-03-27T00:00:00Z,9954.589870800583
86,2019-03-28T00:00:00Z,9956.314671651422
87,2019-03-29T00:00:00Z,9953.410009014184
88,2019-03-31T00:00:00Z,9953.548018752123
89,2019-04-01T00:00:00Z,9950.085395934691
90,2019-04-02T00:00:00Z,9969.046495164417
91,2019-04-03T00:00:00Z,9965.430475609177
92,2019-04-04T00:00:00Z,9949.261950459806
93,2019-04-05T00:00:00Z,9946.376688297949
94,2019-04-07T00:00:00Z,9945.778862993373
95,2019-04-08T00:00:00Z,9942.786295613765
96,2019-04-09T00:00:00Z,9930.277873381105
97,2019-04-10T00:00:00Z,9927.04569045467
98,2019-04-11T00:00:00Z,9905.266711891712
99,2019-04-12T00:00:00Z,9901.469107965628
100,2019-04-14T00:00:00Z,9893.276887805174
101,2019-04-15T00:00:00Z,9889.34274688794
102,2019-04-16T00:00:00Z,9917.002315703765
103,2019-04-17T00:00:00Z,9912.522849685087
104,2019-04-18T00:00:00Z,9919.522181771079
105,2019-04-21T00:00:00Z,9923.51230985555
106,2019-04-22T00:00:00Z,9967.838362766883
107,2019-04-23T00:00:00Z,9964.31661866163
108,2019-04-24T00:00:00Z,9950.346948412945
109,2019-04-25T00:00:00Z,9944.986932812926
110,2019-04-26T00:00:00Z,9892.974545328478
111,2019-04-28T00:00:00Z,9887.510439852038
112,2019-04-29T00:00:00Z,9884.40156250447
113,2019-04-30T00:00:00Z,9880.549596102008
114,2019-05-01T00:00:00Z,9876.70110348479
115,2019-05-02T00:00:00Z,9825.48641618993
116,2019-05-03T00:00:00Z,9826.839952866296
117,2019-05-05T00:00:00Z,9796.345621780762
118,2019-05-06T00:00:00Z,9839.343580711813
119,2019-05-07T00:00:00Z,9836.35722870639
120,2019-05-08T00:00:00Z,9836.35722870639
121,2019-05-09T00:00:00Z,9836.35722870639
122,2019-05-10T00:00:00Z,9836.35722870639
123,2019-05-12T00:00:00Z,9836.35722870639
124,2019-05-13T00:00:00Z,9836.35722870639
125,2019-05-14T00:00:00Z,9836.35722870639
126,2019-05-15T00:00:00Z,9836.35722870639
127,2019-05-16T00:00:00Z,9836.35722870639
128,2019-05-17T00:00:00Z,9842.938249513047
129,2019-05-19T00:00:00Z,9823.101397544317
130,2019-05-20T00:00:00Z,9823.98797779264
131,2019-05-21T00:00:00Z,9821.755164394453
132,2019-05-22T00:00:00Z,9821.755164394453
133,2019-05-23T00:00:00Z,9821.755164394453
134,2019-05-24T00:00:00Z,9802.103636329333
135,2019-05-26T00:00:00Z,9800.644645801582
136,2019-05-27T00:00:00Z,9800.644645801582
137,2019-05-28T00:00:00Z,9800.644645801582
138,2019-05-29T00:00:00Z,9800.644645801582
139,2019-05-30T00:00:00Z,9800.644645801582
140,2019-05-31T00:00:00Z,9800.644645801582
141,2019-06-02T00:00:00Z,9807.562547668162
142,2019-06-03T00:00:00Z,9806.0297724363
143,2019-06-04T00:00:00Z,9806.0297724363
144,2019-06-05T00:00:00Z,9806.0297724363
145,2019-06-06T00:00:00Z,9806.0297724363
146,2019-06-07T00:00:00Z,9806.0297724363
147,2019-06-09T00:00:00Z,9805.04303136689
148,2019-06-10T00:00:00Z,9803.816647999212
149,2019-06-11T00:00:00Z,9803.816647999212
150,2019-06-12T00:00:00Z,9828.627906325748
151,2019-06-13T00:00:00Z,9827.194251988183
152,2019-06-14T00:00:00Z,9818.996031511875
153,2019-06-16T00:00:00Z,9815.177706264765
154,2019-06-17T00:00:00Z,9815.177706264765
155,2019-06-18T00:00:00Z,9815.177706264765
156,2019-06-19T00:00:00Z,9815.177706264765
157,2019-06-20T00:00:00Z,9815.177706264765
158,2019-06-21T00:00:00Z,9811.113068859577
159,2019-06-23T00:00:00Z,9804.187506765053
160,2019-06-24T00:00:00Z,9802.457717651429
161,2019-06-25T00:00:00Z,9799.879111032913
162,2019-06-26T00:00:00Z,9794.055267632288
163,2019-06-27T00:00:00Z,9792.957579543476
164,2019-06-28T00:00:00Z,9792.957579543476
165,2019-06-30T00:00:00Z,9792.957579543476
166,2019-07-01T00:00:00Z,9808.018030651883
167,2019-07-02T00:00:00Z,9805.533891526276
168,2019-07-03T00:00:00Z,9805.533891526276
169,2019-07-04T00:00:00Z,9814.826635850628
170,2019-07-05T00:00:00Z,9813.519959995601
171,2019-07-07T00:00:00Z,9813.519959995601
172,2019-07-08T00:00:00Z,9813.519959995601
173,2019-07-09T00:00:00Z,9813.519959995601
174,2019-07-10T00:00:00Z,9813.519959995601
175,2019-07-11T00:00:00Z,9811.919363996289
176,2019-07-12T00:00:00Z,9810.107227745608
177,2019-07-14T00:00:00Z,9810.107227745608
178,2019-07-15T00:00:00Z,9810.107227745608
179,2019-07-16T00:00:00Z,9810.107227745608
180,2019-07-17T00:00:00Z,9810.107227745608
181,2019-07-18T00:00:00Z,9779.340412457967
182,2019-07-19T00:00:00Z,9787.785572137269
183,2019-07-21T00:00:00Z,9785.835294607828
184,2019-07-22T00:00:00Z,9783.307961949604
185,2019-07-23T00:00:00Z,9803.860504623251
186,2019-07-24T00:00:00Z,9801.190652441719
187,2019-07-25T00:00:00Z,9801.212049149433
188,2019-07-26T00:00:00Z,9798.90063562957
189,2019-07-28T00:00:00Z,9795.064762409862
190,2019-07-29T00:00:00Z,9793.047152777724
191,2019-07-30T00:00:00Z,9816.860033654464
192,2019-07-31T00:00:00Z,9814.334719660665
193,2019-08-01T00:00:00Z,9814.334719660665
194,2019-08-02T00:00:00Z,9814.334719660665
195,2019-08-04T00:00:00Z,9812.930548174327
196,2019-08-05T00:00:00Z,9810.700863201992
197,2019-08-06T00:00:00Z,9792.320680608926
198,2019-08-07T00:00:00Z,9790.405669537608
199,2019-08-08T00:00:00Z,9799.118965787877
200,2019-08-09T00:00:00Z,9796.940150129574
201,2019-08-11T00:00:00Z,9793.513654476106
202,2019-08-12T00:00:00Z,9791.837767124634
203,2019-08-13T00:00:00Z,9828.007378915045
204,2019-08-14T00:00:00Z,9826.237883532147
205,2019-08-15T00:00:00Z,9827.602980676007
206,2019-08-16T00:00:00Z,9826.162450283591
207,2019-08-18T00:00:00Z,9827.520007951984
208,2019-08-19T00:00:00Z,9825.747267515444
209,2019-08-20T00:00:00Z,9827.905326613401
210,2019-08-21T00:00:00Z,9826.170816701975
211,2019-08-22T00:00:00Z,9826.170816701975
212,2019-08-23T00:00:00Z,9826.170816701975
213,2019-08-25T00:00:00Z,9826.170816701975
214,2019-08-26T00:00:00Z,9837.251275503793
215,2019-08-27T00:00:00Z,9835.143967111202
216,2019-08-28T00:00:00Z,9838.171218991532
217,2019-08-29T00:00:00Z,9836.508806618762
218,2019-08-30T00:00:00Z,9804.83216652032
219,2019-09-01T00:00:00Z,9799.57132733282
220,2019-09-02T00:00:00Z,9794.127715630013
221,2019-09-03T00:00:00Z,9792.43298850629
222,2019-09-04T00:00:00Z,9835.34217983798
223,2019-09-05T00:00:00Z,9833.500822988599
224,2019-09-06T00:00:00Z,9833.500822988599
225,2019-09-08T00:00:00Z,9833.500822988599
226,2019-09-09T00:00:00Z,9833.500822988599
227,2019-09-10T00:00:00Z,9833.500822988599
228,2019-09-11T00:00:00Z,9833.500822988599
229,2019-09-12T00:00:00Z,9833.500822988599
230,2019-09-13T00:00:00Z,9833.500822988599
231,2019-09-16T00:00:00Z,9833.500822988599
232,2019-09-17T00:00:00Z,9875.703427353546
233,2019-09-18T00:00:00Z,9873.719192567058
234,2019-09-19T00:00:00Z,9861.437432709594
235,2019-09-20T00:00:00Z,9860.167692388673
236,2019-09-22T00:00:00Z,9860.167692388673
237,2019-09-23T00:00:00Z,9860.167692388673
238,2019-09-24T00:00:00Z,9860.167692388673
239,2019-09-25T00:00:00Z,9860.167692388673
240,2019-09-26T00:00:00Z,9860.167692388673
241,2019-09-27T00:00:00Z,9860.167692388673
242,2019-09-29T00:00:00Z,9860.167692388673
243,2019-09-30T00:00:00Z,9860.167692388673
244,2019-10-01T00:00:00Z,9860.167692388673
245,2019-10-02T00:00:00Z,9860.167692388673
246,2019-10-03T00:00:00Z,9860.167692388673
247,2019-10-04T00:00:00Z,9860.167692388673
248,2019-10-06T00:00:00Z,9860.167692388673
249,2019-10-07T00:00:00Z,9860.167692388673
250,2019-10-08T00:00:00Z,9860.167692388673
251,2019-10-09T00:00:00Z,9860.167692388673
252,2019-10-10T00:00:00Z,9894.431490724017
253,2019-10-11T00:00:00Z,9892.216604918818
254,2019-10-13T00:00:00Z,9892.216604918818
255,2019-10-14T00:00:00Z,9918.000191624687
256,2019-10-15T00:00:00Z,9916.108539374973
257,2019-10-16T00:00:00Z,9916.108539374973
258,2019-10-17T00:00:00Z,9916.108539374973
259,2019-10-18T00:00:00Z,9916.108539374973
260,2019-10-20T00:00:00Z,9916.108539374973
261,2019-10-21T00:00:00Z,9916.108539374973
262,2019-10-22T00:00:00Z,9916.108539374973
263,2019-10-23T00:00:00Z,9876.892792042237
264,2019-10-24T00:00:00Z,9874.997768237676
265,2019-10-25T00:00:00Z,9860.602439205259
266,2019-10-27T00:00:00Z,9858.627429354774
267,2019-10-28T00:00:00Z,9879.540506796593
268,2019-10-29T00:00:00Z,9876.586981381477
269,2019-10-30T00:00:00Z,9876.586981381477
270,2019-10-31T00:00:00Z,9876.586981381477
271,2019-11-01T00:00:00Z,9876.586981381477
272,2019-11-03T00:00:00Z,9876.586981381477
273,2019-11-04T00:00:00Z,9876.586981381477
274,2019-11-05T00:00:00Z,9876.586981381477
275,2019-11-06T00:00:00Z,9876.586981381477
276,2019-11-07T00:00:00Z,9876.586981381477
277,2019-11-08T00:00:00Z,9876.586981381477
278,2019-11-10T00:00:00Z,9876.586981381477
279,2019-11-11T00:00:00Z,9886.904978667679
280,2019-11-12T00:00:00Z,9884.063944208747
281,2019-11-13T00:00:00Z,9884.063944208747
282,2019-11-14T00:00:00Z,9884.063944208747
283,2019-11-15T00:00:00Z,9884.063944208747
284,2019-11-17T00:00:00Z,9884.063944208747
285,2019-11-18T00:00:00Z,9884.063944208747
286,2019-11-19T00:00:00Z,9833.033539407146
287,2019-11-20T00:00:00Z,9871.663724215688
288,2019-11-21T00:00:00Z,9869.353917116467
289,2019-11-22T00:00:00Z,9869.353917116467
290,2019-11-24T00:00:00Z,9869.353917116467
291,2019-11-25T00:00:00Z,9869.353917116467
292,2019-11-26T00:00:00Z,9875.48992188769
293,2019-11-27T00:00:00Z,9872.468148393646
294,2019-11-28T00:00:00Z,9872.468148393646
295,2019-11-29T00:00:00Z,9872.468148393646
296,2019-12-01T00:00:00Z,9872.468148393646
297,2019-12-02T00:00:00Z,9875.578478517069
298,2019-12-03T00:00:00Z,9872.78251993647
299,2019-12-04T00:00:00Z,9919.453503273411
300,2019-12-05T00:00:00Z,9917.179489803322
301,2019-12-06T00:00:00Z,9917.179489803322
302,2019-12-08T00:00:00Z,9917.179489803322
303,2019-12-09T00:00:00Z,9917.179489803322
304,2019-12-10T00:00:00Z,9917.179489803322
305,2019-12-11T00:00:00Z,9917.179489803322
306,2019-12-12T00:00:00Z,9904.583694661427
307,2019-12-13T00:00:00Z,9898.764625144631
308,2019-12-16T00:00:00Z,9887.96177941553
309,2019-12-17T00:00:00Z,9885.422898470766
310,2019-12-18T00:00:00Z,9873.860611885535
311,2019-12-19T00:00:00Z,9870.376346956658
312,2019-12-20T00:00:00Z,9870.376346956658
313,2019-12-22T00:00:00Z,9870.376346956658
314,2019-12-23T00:00:00Z,9872.293140109095
315,2019-12-24T00:00:00Z,9868.208872394705
316,2019-12-25T00:00:00Z,9857.268200190354
317,2019-12-26T00:00:00Z,9852.486781176956
318,2019-12-27T00:00:00Z,9852.486781176956
319,2019-12-29T00:00:00Z,9850.893335758094
320,2019-12-30T00:00:00Z,9845.899821372503
321,2019-12-31T00:00:00Z,9820.514683762418
322,2020-01-01T00:00:00Z,9827.93246502129
323,2020-01-02T00:00:00Z,9814.046280229204
324,2020-01-03T00:00:00Z,9809.526676834625
325,2020-01-05T00:00:00Z,9799.697198637843
326,2020-01-06T00:00:00Z,9794.970393623471
327,2020-01-07T00:00:00Z,9860.035894919514
328,2020-01-08T00:00:00Z,9855.69007903411
329,2020-01-09T00:00:00Z,9855.69007903411
330,2020-01-10T00:00:00Z,9855.69007903411
331,2020-01-12T00:00:00Z,9855.69007903411
332,2020-01-13T00:00:00Z,9855.69007903411
333,2020-01-14T00:00:00Z,9855.69007903411
334,2020-01-15T00:00:00Z,9855.69007903411
335,2020-01-16T00:00:00Z,9855.69007903411
336,2020-01-17T00:00:00Z,9855.69007903411
337,2020-01-19T00:00:00Z,9855.69007903411
338,2020-01-20T00:00:00Z,9855.69007903411
339,2020-01-21T00:00:00Z,9861.91552605456
340,2020-01-22T00:00:00Z,9860.040579573926
341,2020-01-23T00:00:00Z,9867.235088012376
342,2020-01-24T00:00:00Z,9865.470797970747
343,2020-01-26T00:00:00Z,9865.470797970747
344,2020-01-27T00:00:00Z,9865.470797970747
345,2020-01-28T00:00:00Z,9865.470797970747
346,2020-01-29T00:00:00Z,9865.470797970747
347,2020-01-30T00:00:00Z,9857.24417043818
348,2020-01-31T00:00:00Z,9854.681895667036
349,2020-02-02T00:00:00Z,9849.74735053513
350,2020-02-03T00:00:00Z,9847.488818606276
351,2020-02-04T00:00:00Z,9838.788529182651
352,2020-02-05T00:00:00Z,9837.104164555554
353,2020-02-06T00:00:00Z,9837.104164555554
354,2020-02-07T00:00:00Z,9837.104164555554
355,2020-02-09T00:00:00Z,9837.104164555554
356,2020-02-10T00:00:00Z,9837.104164555554
357,2020-02-11T00:00:00Z,9837.104164555554
358,2020-02-12T00:00:00Z,9863.223616085099
359,2020-02-13T00:00:00Z,9861.492763115788
360,2020-02-14T00:00:00Z,9861.492763115788
361,2020-02-16T00:00:00Z,9861.492763115788
362,2020-02-17T00:00:00Z,9861.492763115788
363,2020-02-18T00:00:00Z,9861.492763115788
364,2020-02-19T00:00:00Z,9861.492763115788
365,2020-02-20T00:00:00Z,9861.492763115788
366,2020-02-21T00:00:00Z,9861.492763115788
367,2020-02-23T00:00:00Z,9861.492763115788
368,2020-02-24T00:00:00Z,9861.492763115788
369,2020-02-25T00:00:00Z,9861.492763115788
370,2020-02-26T00:00:00Z,9861.492763115788
371,2020-02-27T00:00:00Z,9811.067381215644
372,2020-02-28T00:00:00Z,9761.02498940947
373,2020-03-01T00:00:00Z,9764.653359462429
374,2020-03-02T00:00:00Z,9763.39606616714
375,2020-03-03T00:00:00Z,9763.39606616714
376,2020-03-04T00:00:00Z,9763.39606616714
377,2020-03-05T00:00:00Z,9763.39606616714
378,2020-03-06T00:00:00Z,9763.39606616714
379,2020-03-08T00:00:00Z,9763.39606616714
380,2020-03-09T00:00:00Z,9763.783777987765
381,2020-03-10T00:00:00Z,9762.514355315341
382,2020-03-11T00:00:00Z,9770.11343317874
383,2020-03-12T00:00:00Z,9769.391504079536
384,2020-03-13T00:00:00Z,9752.017640172033
385,2020-03-15T00:00:00Z,9757.234389058889
386,2020-03-16T00:00:00Z,9757.234389058889
387,2020-03-17T00:00:00Z,9757.234389058889
388,2020-03-18T00:00:00Z,9757.234389058889
389,2020-03-19T00:00:00Z,9738.523043232799
390,2020-03-20T00:00:00Z,9738.2287572499
391,2020-03-22T00:00:00Z,9742.874678409407
392,2020-03-23T00:00:00Z,9742.470342575683
393,2020-03-24T00:00:00Z,9743.485132016676
394,2020-03-25T00:00:00Z,9743.174648334627
395,2020-03-26T00:00:00Z,9752.476126186388
396,2020-03-27T00:00:00Z,9751.973371975404
397,2020-03-29T00:00:00Z,9751.573605866615
398,2020-03-30T00:00:00Z,9751.085405606347
399,2020-03-31T00:00:00Z,9752.538194499984
400,2020-04-01T00:00:00Z,9752.204673019298
401,2020-04-02T00:00:00Z,9752.204673019298
402,2020-04-03T00:00:00Z,9752.204673019298
403,2020-04-05T00:00:00Z,9752.204673019298
404,2020-04-06T00:00:00Z,9745.082744392812
405,2020-04-07T00:00:00Z,9744.449263921915
406,2020-04-08T00:00:00Z,9723.64108046488
407,2020-04-09T00:00:00Z,9722.636535427777
408,2020-04-12T00:00:00Z,9727.017830460885
409,2020-04-13T00:00:00Z,9726.400266495557
410,2020-04-14T00:00:00Z,9746.944695801634
411,2020-04-15T00:00:00Z,9746.357693159236
412,2020-04-16T00:00:00Z,9746.357693159236
413,2020-04-17T00:00:00Z,9727.293566529575
414,2020-04-19T00:00:00Z,9795.758876777456
415,2020-04-20T00:00:00Z,9795.758876777456
416,2020-04-21T00:00:00Z,9795.758876777456
417,2020-04-22T00:00:00Z,9791.612680853972
418,2020-04-23T00:00:00Z,9791.360418944483
419,2020-04-24T00:00:00Z,9792.483926466066
420,2020-04-26T00:00:00Z,9794.85282398257
421,2020-04-27T00:00:00Z,9827.975406085685
422,2020-04-28T00:00:00Z,9827.641972284657
423,2020-04-29T00:00:00Z,9806.848014576888
424,2020-04-30T00:00:00Z,9806.780038614075
425,2020-05-01T00:00:00Z,9806.780038614075
426,2020-05-03T00:00:00Z,9806.780038614075
427,2020-05-04T00:00:00Z,9786.623543619282
428,2020-05-05T00:00:00Z,9786.212793633402
429,2020-05-06T00:00:00Z,9799.814169318392
430,2020-05-07T00:00:00Z,9799.225840137
431,2020-05-08T00:00:00Z,9799.225840137
432,2020-05-10T00:00:00Z,9799.225840137
433,2020-05-11T00:00:00Z,9799.225840137
434,2020-05-12T00:00:00Z,9799.225840137
435,2020-05-13T00:00:00Z,9799.225840137
436,2020-05-14T00:00:00Z,9774.996815398978
437,2020-05-15T00:00:00Z,9774.081367102346
438,2020-05-17T00:00:00Z,9766.380268063649
439,2020-05-18T00:00:00Z,9765.613586974452
440,2020-05-19T00:00:00Z,9778.59607334666
441,2020-05-20T00:00:00Z,9777.738843600593
442,2020-05-21T00:00:00Z,9770.72250878815
443,2020-05-22T00:00:00Z,9769.787827796004
444,2020-05-24T00:00:00Z,9774.61686758534
445,2020-05-25T00:00:00Z,9773.440123906006
446,2020-05-26T00:00:00Z,9769.972667673414
447,2020-05-27T00:00:00Z,9768.44796621915
448,2020-05-28T00:00:00Z,9768.44796621915
449,2020-05-29T00:00:00Z,9768.44796621915
450,2020-05-31T00:00:00Z,9768.44796621915
451,2020-06-01T00:00:00Z,9764.375073724523
452,2020-06-02T00:00:00Z,9763.29804752553
453,2020-06-03T00:00:00Z,9763.29804752553
454,2020-06-04T00:00:00Z,9763.29804752553
455,2020-06-05T00:00:00Z,9763.29804752553
456,2020-06-07T00:00:00Z,9763.29804752553
457,2020-06-08T00:00:00Z,9790.37566236934
458,2020-06-09T00:00:00Z,9789.376223448598
459,2020-06-10T00:00:00Z,9789.376223448598
460,2020-06-11T00:00:00Z,9789.376223448598
461,2020-06-12T00:00:00Z,9800.649302147587
462,2020-06-14T00:00:00Z,9789.129125250216
463,2020-06-15T00:00:00Z,9812.721680141467
464,2020-06-16T00:00:00Z,9811.618493983866
465,2020-06-17T00:00:00Z,9811.618493983866
466,2020-06-18T00:00:00Z,9811.618493983866
467,2020-06-19T00:00:00Z,9811.618493983866
468,2020-06-21T00:00:00Z,9811.618493983866
469,2020-06-22T00:00:00Z,9811.618493983866
470,2020-06-23T00:00:00Z,9811.618493983866
471,2020-06-24T00:00:00Z,9811.618493983866
472,2020-06-25T00:00:00Z,9811.618493983866
473,2020-06-26T00:00:00Z,9811.618493983866
474,2020-06-28T00:00:00Z,9811.618493983866
475,2020-06-29T00:00:00Z,9811.618493983866
476,2020-06-30T00:00:00Z,9811.618493983866
477,2020-07-01T00:00:00Z,9811.881290536385
478,2020-07-02T00:00:00Z,9810.298661643183
479,2020-07-03T00:00:00Z,9810.298661643183
480,2020-07-05T00:00:00Z,9810.298661643183
481,2020-07-06T00:00:00Z,9810.298661643183
482,2020-07-07T00:00:00Z,9810.298661643183
483,2020-07-08T00:00:00Z,9810.298661643183
484,2020-07-09T00:00:00Z,9810.298661643183
485,2020-07-10T00:00:00Z,9830.666089030028
486,2020-07-12T00:00:00Z,9826.00826015133
487,2020-07-13T00:00:00Z,9826.00826015133
488,2020-07-14T00:00:00Z,9849.400814481583
489,2020-07-15T00:00:00Z,9847.281860715231
490,2020-07-16T00:00:00Z,9847.281860715231
491,2020-07-17T00:00:00Z,9847.281860715231
492,2020-07-19T00:00:00Z,9847.281860715231
493,2020-07-20T00:00:00Z,9847.281860715231
494,2020-07-21T00:00:00Z,9847.281860715231
495,2020-07-22T00:00:00Z,9847.281860715231
496,2020-07-23T00:00:00Z,9847.281860715231
497,2020-07-24T00:00:00Z,9847.281860715231
498,2020-07-26T00:00:00Z,9838.201488121003
499,2020-07-27T00:00:00Z,9836.0747778174
500,2020-07-28T00:00:00Z,9836.0747778174
501,2020-07-29T00:00:00Z,9836.0747778174
502,2020-07-30T00:00:00Z,9785.594953358024
503,2020-07-31T00:00:00Z,9787.53816704192
504,2020-08-02T00:00:00Z,9781.955963907762
505,2020-08-03T00:00:00Z,9794.861797733009
506,2020-08-04T00:00:00Z,9793.120404241488
507,2020-08-05T00:00:00Z,9793.120404241488
508,2020-08-06T00:00:00Z,9793.120404241488
509,2020-08-07T00:00:00Z,9803.362118151283
510,2020-08-09T00:00:00Z,9805.788458695026
511,2020-08-10T00:00:00Z,9805.788458695026
512,2020-08-11T00:00:00Z,9815.932474077741
513,2020-08-12T00:00:00Z,9813.763599282218
514,2020-08-13T00:00:00Z,9813.763599282218
515,2020-08-14T00:00:00Z,9813.763599282218
516,2020-08-16T00:00:00Z,9813.763599282218
517,2020-08-17T00:00:00Z,9813.763599282218
518,2020-08-18T00:00:00Z,9813.763599282218
519,2020-08-19T00:00:00Z,9813.763599282218
520,2020-08-20T00:00:00Z,9813.763599282218
521,2020-08-21T00:00:00Z,9813.763599282218
522,2020-08-23T00:00:00Z,9813.763599282218
523,2020-08-24T00:00:00Z,9813.763599282218
524,2020-08-25T00:00:00Z,9813.763599282218
525,2020-08-26T00:00:00Z,9813.763599282218
526,2020-08-27T00:00:00Z,9813.763599282218
527,2020-08-28T00:00:00Z,9813.763599282218
528,2020-08-30T00:00:00Z,9813.763599282218
529,2020-08-31T00:00:00Z,9813.763599282218
530,2020-09-01T00:00:00Z,9813.763599282218
531,2020-09-02T00:00:00Z,9813.763599282218
532,2020-09-03T00:00:00Z,9763.22842438391
533,2020-09-04T00:00:00Z,9713.0544727267
534,2020-09-06T00:00:00Z,9692.881125398253
535,2020-09-07T00:00:00Z,9691.020301855957
536,2020-09-08T00:00:00Z,9641.350668309651
537,2020-09-09T00:00:00Z,9592.158687557881
538,2020-09-10T00:00:00Z,9592.158687557881
539,2020-09-11T00:00:00Z,9592.158687557881
540,2020-09-13T00:00:00Z,9592.158687557881
541,2020-09-14T00:00:00Z,9592.158687557881
542,2020-09-15T00:00:00Z,9592.158687557881
543,2020-09-16T00:00:00Z,9592.158687557881
544,2020-09-17T00:00:00Z,9576.362473945275
545,2020-09-18T00:00:00Z,9575.168826959605
546,2020-09-20T00:00:00Z,9573.99006734898
547,2020-09-21T00:00:00Z,9572.393740985426
548,2020-09-22T00:00:00Z,9576.02041775396
549,2020-09-23T00:00:00Z,9574.382862568074
550,2020-09-24T00:00:00Z,9574.382862568074
551,2020-09-25T00:00:00Z,9574.382862568074
552,2020-09-27T00:00:00Z,9574.382862568074
553,2020-09-28T00:00:00Z,9574.382862568074
554,2020-09-29T00:00:00Z,9574.382862568074
555,2020-09-30T00:00:00Z,9574.382862568074
556,2020-10-01T00:00:00Z,9574.382862568074
557,2020-10-02T00:00:00Z,9540.823649442085
558,2020-10-04T00:00:00Z,9541.462337489062
559,2020-10-05T00:00:00Z,9584.469984479654
560,2020-10-06T00:00:00Z,9582.744736080445
561,2020-10-07T00:00:00Z,9585.742356501007
562,2020-10-08T00:00:00Z,9583.988195558011
563,2020-10-09T00:00:00Z,9596.96472432529
564,2020-10-11T00:00:00Z,9600.719525559865
565,2020-10-12T00:00:00Z,9613.458458997353
566,2020-10-13T00:00:00Z,9611.750321566398
567,2020-10-14T00:00:00Z,9611.750321566398
568,2020-10-15T00:00:00Z,9611.750321566398
569,2020-10-16T00:00:00Z,9611.750321566398
570,2020-10-18T00:00:00Z,9611.750321566398
571,2020-10-19T00:00:00Z,9611.750321566398
572,2020-10-20T00:00:00Z,9611.750321566398
573,2020-10-21T00:00:00Z,9611.750321566398
574,2020-10-22T00:00:00Z,9611.750321566398
575,2020-10-23T00:00:00Z,9611.750321566398
576,2020-10-25T00:00:00Z,9611.750321566398
577,2020-10-26T00:00:00Z,9611.750321566398
578,2020-10-27T00:00:00Z,9616.387723046091
579,2020-10-28T00:00:00Z,9614.632164903955
580,2020-10-29T00:00:00Z,9565.628731451912
581,2020-10-30T00:00:00Z,9554.359061611694
582,2020-11-01T00:00:00Z,9527.940038258106
583,2020-11-02T00:00:00Z,9596.754701015152
584,2020-11-03T00:00:00Z,9595.138590822837
585,2020-11-04T00:00:00Z,9595.138590822837
586,2020-11-05T00:00:00Z,9604.330967585578
587,2020-11-06T00:00:00Z,9603.03789434392
588,2020-11-08T00:00:00Z,9591.828498140083
589,2020-11-09T00:00:00Z,9590.329253066917
590,2020-11-10T00:00:00Z,9555.601298139152
591,2020-11-11T00:00:00Z,9554.272575800067
592,2020-11-12T00:00:00Z,9565.539786591176
593,2020-11-13T00:00:00Z,9564.353052276438
594,2020-11-15T00:00:00Z,9560.045804235559
595,2020-11-16T00:00:00Z,9558.812336043437
596,2020-11-17T00:00:00Z,9559.726262565275
597,2020-11-18T00:00:00Z,9558.384411577179
598,2020-11-19T00:00:00Z,9558.384411577179
599,2020-11-20T00:00:00Z,9558.384411577179
600,2020-11-22T00:00:00Z,9558.384411577179
601,2020-11-23T00:00:00Z,9540.563857416868
602,2020-11-24T00:00:00Z,9538.947034867677
603,2020-11-25T00:00:00Z,9558.614183197866
604,2020-11-26T00:00:00Z,9556.781559206978
605,2020-11-27T00:00:00Z,9556.781559206978
606,2020-11-29T00:00:00Z,9556.781559206978
607,2020-11-30T00:00:00Z,9556.781559206978
608,2020-12-01T00:00:00Z,9556.781559206978
609,2020-12-02T00:00:00Z,9573.28617623698
610,2020-12-03T00:00:00Z,9571.160261301551
611,2020-12-04T00:00:00Z,9578.687479467199
612,2020-12-06T00:00:00Z,9579.848693911057
613,2020-12-07T00:00:00Z,9579.848693911057
614,2020-12-08T00:00:00Z,9574.964180169321
615,2020-12-09T00:00:00Z,9572.747926906573
616,2020-12-10T00:00:00Z,9606.435773449668
617,2020-12-11T00:00:00Z,9604.262094929358
618,2020-12-13T00:00:00Z,9602.28731215225
619,2020-12-14T00:00:00Z,9600.31336283549
620,2020-12-15T00:00:00Z,9613.99635929127
621,2020-12-16T00:00:00Z,9611.385732111958
622,2020-12-17T00:00:00Z,9611.385732111958
623,2020-12-18T00:00:00Z,9611.385732111958
624,2020-12-20T00:00:00Z,9611.385732111958
625,2020-12-21T00:00:00Z,9611.385732111958
626,2020-12-22T00:00:00Z,9581.11230842704
627,2020-12-23T00:00:00Z,9578.62351201024
628,2020-12-24T00:00:00Z,9581.474945060572
629,2020-12-27T00:00:00Z,9570.19157939579
630,2020-12-28T00:00:00Z,9570.19157939579
631,2020-12-29T00:00:00Z,9570.19157939579
632,2020-12-30T00:00:00Z,9570.19157939579
633,2020-12-31T00:00:00Z,9570.19157939579
634,2021-01-03T00:00:00Z,9570.19157939579
635,2021-01-04T00:00:00Z,9570.19157939579
636,2021-01-05T00:00:00Z,9629.512309881435
637,2021-01-06T00:00:00Z,9627.194634078396
638,2021-01-07T00:00:00Z,9627.194634078396
639,2021-01-08T00:00:00Z,9627.194634078396
640,2021-01-10T00:00:00Z,9631.716456861162
641,2021-01-11T00:00:00Z,9629.792745198289
642,2021-01-12T00:00:00Z,9594.418839122922
643,2021-01-13T00:00:00Z,9591.933358206988
644,2021-01-14T00:00:00Z,9563.871861314648
645,2021-01-15T00:00:00Z,9561.504098857285
646,2021-01-17T00:00:00Z,9561.504098857285
647,2021-01-18T00:00:00Z,9561.504098857285
648,2021-01-19T00:00:00Z,9561.504098857285
649,2021-01-20T00:00:00Z,9561.504098857285
650,2021-01-21T00:00:00Z,9560.644640159713
651,2021-01-22T00:00:00Z,9558.288141949653
652,2021-01-24T00:00:00Z,9560.17003214231
653,2021-01-25T00:00:00Z,9557.257261855482
654,2021-01-26T00:00:00Z,9557.257261855482
655,2021-01-27T00:00:00Z,9557.257261855482
656,2021-01-28T00:00:00Z,9557.257261855482
657,2021-01-29T00:00:00Z,9552.59905533824
658,2021-01-31T00:00:00Z,9544.247105465183
659,2021-02-01T00:00:00Z,9591.023918442877
660,2021-02-02T00:00:00Z,9588.103536499042
661,2021-02-03T00:00:00Z,9588.103536499042
662,2021-02-04T00:00:00Z,9567.835353075208
663,2021-02-05T00:00:00Z,9565.13347491825
664,2021-02-07T00:00:00Z,9554.661836088151
665,2021-02-08T00:00:00Z,9551.951261746837
666,2021-02-09T00:00:00Z,9551.951261746837
667,2021-02-10T00:00:00Z,9551.951261746837
668,2021-02-11T00:00:00Z,9551.951261746837
669,2021-02-12T00:00:00Z,9551.951261746837
670,2021-02-14T00:00:00Z,9551.951261746837
671,2021-02-15T00:00:00Z,9551.951261746837
672,2021-02-16T00:00:00Z,9551.951261746837
673,2021-02-17T00:00:00Z,9551.951261746837
674,2021-02-18T00:00:00Z,9551.951261746837
675,2021-02-19T00:00:00Z,9551.951261746837
676,2021-02-21T00:00:00Z,9560.10879567783
677,2021-02-22T00:00:00Z,9557.33299680392
678,2021-02-23T00:00:00Z,9557.33299680392
679,2021-02-24T00:00:00Z,9508.268409795515
680,2021-02-25T00:00:00Z,9504.125759704988
681,2021-02-26T00:00:00Z,9502.055870025508
682,2021-02-28T00:00:00Z,9502.055870025508
683,2021-03-01T00:00:00Z,9502.055870025508
684,2021-03-02T00:00:00Z,9502.055870025508
685,2021-03-03T00:00:00Z,9522.618131846704
686,2021-03-04T00:00:00Z,9520.824507194962
687,2021-03-05T00:00:00Z,9490.066688087712
688,2021-03-07T00:00:00Z,9469.33966392873
689,2021-03-08T00:00:00Z,9500.810881240619
690,2021-03-09T00:00:00Z,9499.169707368825
691,2021-03-10T00:00:00Z,9488.20145958147
692,2021-03-11T00:00:00Z,9486.722735176683
693,2021-03-12T00:00:00Z,9489.858122019788
694,2021-03-14T00:00:00Z,9486.482182569975
695,2021-03-15T00:00:00Z,9494.380653702367
696,2021-03-16T00:00:00Z,9492.83502089229
697,2021-03-17T00:00:00Z,9495.576167312702
698,2021-03-18T00:00:00Z,9495.11221941448
699,2021-03-19T00:00:00Z,9495.11221941448
700,2021-03-21T00:00:00Z,9495.11221941448
701,2021-03-22T00:00:00Z,9495.11221941448
702,2021-03-23T00:00:00Z,9495.11221941448
703,2021-03-24T00:00:00Z,9495.11221941448
704,2021-03-25T00:00:00Z,9495.11221941448
705,2021-03-26T00:00:00Z,9495.11221941448
706,2021-03-28T00:00:00Z,9495.11221941448
707,2021-03-29T00:00:00Z,9475.382245161358
708,2021-03-30T00:00:00Z,9473.93612410319
709,2021-03-31T00:00:00Z,9482.894260937795
710,2021-04-01T00:00:00Z,9481.63821924215
711,2021-04-02T00:00:00Z,9481.63821924215
712,2021-04-04T00:00:00Z,9481.63821924215
713,2021-04-05T00:00:00Z,9481.63821924215
714,2021-04-06T00:00:00Z,9481.63821924215
715,2021-04-07T00:00:00Z,9486.166806297519
716,2021-04-08T00:00:00Z,9484.760880210244
717,2021-04-09T00:00:00Z,9484.760880210244
718,2021-04-11T00:00:00Z,9484.760880210244
719,2021-04-12T00:00:00Z,9484.760880210244
720,2021-04-13T00:00:00Z,9497.209821111719
721,2021-04-14T00:00:00Z,9495.011390003549
722,2021-04-15T00:00:00Z,9495.011390003549
723,2021-04-16T00:00:00Z,9495.011390003549
724,2021-04-18T00:00:00Z,9495.011390003549
725,2021-04-19T00:00:00Z,9495.011390003549
726,2021-04-20T00:00:00Z,9495.011390003549
727,2021-04-21T00:00:00Z,9495.011390003549
728,2021-04-22T00:00:00Z,9508.082680935337
729,2021-04-23T00:00:00Z,9505.315922431602
730,2021-04-25T00:00:00Z,9498.324860202776
731,2021-04-26T00:00:00Z,9496.030954904587
732,2021-04-27T00:00:00Z,9515.47446335148
733,2021-04-28T00:00:00Z,9512.916404786221
734,2021-04-29T00:00:00Z,9531.870860049301
735,2021-04-30T00:00:00Z,9528.922443159623
736,2021-05-02T00:00:00Z,9528.922443159623
737,2021-05-03T00:00:00Z,9547.85542676497
738,2021-05-04T00:00:00Z,9544.692392051802
739,2021-05-05T00:00:00Z,9544.692392051802
740,2021-05-06T00:00:00Z,9537.888299045744
741,2021-05-07T00:00:00Z,9535.795974071438
742,2021-05-09T00:00:00Z,9537.954640107348
743,2021-05-10T00:00:00Z,9535.440217863264
744,2021-05-11T00:00:00Z,9545.462732318561
745,2021-05-12T00:00:00Z,9542.927072358852
746,2021-05-13T00:00:00Z,9493.869098286437
747,2021-05-14T00:00:00Z,9524.221153883545
748,2021-05-16T00:00:00Z,9520.462750893106
749,2021-05-17T00:00:00Z,9535.136440406082
750,2021-05-18T00:00:00Z,9532.588348232846
751,2021-05-19T00:00:00Z,9483.743304969385
752,2021-05-20T00:00:00Z,9460.156707112044
753,2021-05-21T00:00:00Z,9457.935484065712
754,2021-05-23T00:00:00Z,9453.748989113807
755,2021-05-24T00:00:00Z,9451.738513227236
756,2021-05-25T00:00:00Z,9448.325855054716
757,2021-05-26T00:00:00Z,9446.422205263701
758,2021-05-27T00:00:00Z,9446.422205263701
759,2021-05-28T00:00:00Z,9446.422205263701
760,2021-05-30T00:00:00Z,9446.422205263701
761,2021-05-31T00:00:00Z,9446.422205263701
762,2021-06-01T00:00:00Z,9446.422205263701
763,2021-06-02T00:00:00Z,9446.422205263701
764,2021-06-03T00:00:00Z,9446.422205263701
765,2021-06-04T00:00:00Z,9446.422205263701
766,2021-06-06T00:00:00Z,9446.422205263701
767,2021-06-07T00:00:00Z,9446.422205263701
768,2021-06-08T00:00:00Z,9467.248551586299
769,2021-06-09T00:00:00Z,9464.354252549025
770,2021-06-10T00:00:00Z,9473.203446243018
771,2021-06-11T00:00:00Z,9470.078809499108
772,2021-06-13T00:00:00Z,9471.50352610821
773,2021-06-14T00:00:00Z,9468.32063397024
774,2021-06-15T00:00:00Z,9501.722067942377
775,2021-06-16T00:00:00Z,9498.09134408061
776,2021-06-17T00:00:00Z,9480.082010414415
777,2021-06-18T00:00:00Z,9476.896764102432
778,2021-06-20T00:00:00Z,9480.007117102477
779,2021-06-21T00:00:00Z,9476.581400916633
780,2021-06-22T00:00:00Z,9469.142044370463
781,2021-06-23T00:00:00Z,9467.046881250257
782,2021-06-24T00:00:00Z,9466.312299474423
783,2021-06-25T00:00:00Z,9463.67607951873
784,2021-06-27T00:00:00Z,9463.54579183692
785,2021-06-28T00:00:00Z,9461.04807550842
786,2021-06-29T00:00:00Z,9471.625555411169
787,2021-06-30T00:00:00Z,9468.489430225936
788,2021-07-01T00:00:00Z,9498.287505229284
789,2021-07-02T00:00:00Z,9495.37138029332
790,2021-07-04T00:00:00Z,9492.752044954364
791,2021-07-05T00:00:00Z,9490.134557748916
792,2021-07-06T00:00:00Z,9440.928630929482
793,2021-07-07T00:00:00Z,9392.31374841395
794,2021-07-08T00:00:00Z,9410.212388889826
795,2021-07-09T00:00:00Z,9407.743133637388
796,2021-07-12T00:00:00Z,9398.531379162014
797,2021-07-13T00:00:00Z,9395.56393350224
798,2021-07-14T00:00:00Z,9395.56393350224
799,2021-07-15T00:00:00Z,9395.56393350224
800,2021-07-16T00:00:00Z,9395.090291082002
801,2021-07-18T00:00:00Z,9382.084246902314
802,2021-07-19T00:00:00Z,9334.129967694087
803,2021-07-20T00:00:00Z,9334.129967694087
804,2021-07-21T00:00:00Z,9334.129967694087
805,2021-07-22T00:00:00Z,9349.909277653547
806,2021-07-23T00:00:00Z,9348.466254226281
807,2021-07-25T00:00:00Z,9348.466254226281
808,2021-07-26T00:00:00Z,9348.466254226281
809,2021-07-27T00:00:00Z,9348.466254226281
810,2021-07-28T00:00:00Z,9348.466254226281
811,2021-07-29T00:00:00Z,9348.466254226281
812,2021-07-30T00:00:00Z,9348.466254226281
813,2021-08-01T00:00:00Z,9348.371078289169
814,2021-08-02T00:00:00Z,9346.273927194634
815,2021-08-03T00:00:00Z,9346.273927194634
816,2021-08-04T00:00:00Z,9346.273927194634
817,2021-08-05T00:00:00Z,9360.403148672076
818,2021-08-06T00:00:00Z,9358.368259036117
819,2021-08-08T00:00:00Z,9353.31045382357
820,2021-08-09T00:00:00Z,9351.11040912618
821,2021-08-10T00:00:00Z,9351.11040912618
822,2021-08-11T00:00:00Z,9351.11040912618
823,2021-08-12T00:00:00Z,9351.11040912618
824,2021-08-13T00:00:00Z,9351.11040912618
825,2021-08-15T00:00:00Z,9351.11040912618
826,2021-08-16T00:00:00Z,9340.882808423217
827,2021-08-17T00:00:00Z,9338.75981176485
828,2021-08-18T00:00:00Z,9308.912482801064
829,2021-08-19T00:00:00Z,9307.180177674158
830,2021-08-20T00:00:00Z,9277.36100054683
831,2021-08-22T00:00:00Z,9276.91950520682
832,2021-08-23T00:00:00Z,9329.935345850152
833,2021-08-24T00:00:00Z,9328.011824097503
834,2021-08-25T00:00:00Z,9328.011824097503
835,2021-08-26T00:00:00Z,9328.694103396829
836,2021-08-27T00:00:00Z,9326.686663969143
837,2021-08-29T00:00:00Z,9328.425785543832
838,2021-08-30T00:00:00Z,9326.02507890976
839,2021-08-31T00:00:00Z,9334.85677379811
840,2021-09-01T00:00:00Z,9332.82297946371
841,2021-09-02T00:00:00Z,9332.82297946371
842,2021-09-03T00:00:00Z,9332.82297946371
843,2021-09-05T00:00:00Z,9332.82297946371
844,2021-09-06T00:00:00Z,9332.82297946371
845,2021-09-07T00:00:00Z,9332.82297946371
846,2021-09-08T00:00:00Z,9332.82297946371
847,2021-09-09T00:00:00Z,9332.82297946371
848,2021-09-10T00:00:00Z,9332.82297946371
849,2021-09-12T00:00:00Z,9332.82297946371
850,2021-09-13T00:00:00Z,9332.82297946371
851,2021-09-14T00:00:00Z,9332.82297946371
852,2021-09-15T00:00:00Z,9332.82297946371
853,2021-09-16T00:00:00Z,9332.82297946371
854,2021-09-17T00:00:00Z,9332.82297946371
855,2021-09-19T00:00:00Z,9332.82297946371
856,2021-09-20T00:00:00Z,9332.82297946371
857,2021-09-21T00:00:00Z,9332.82297946371
858,2021-09-22T00:00:00Z,9354.855424225012
859,2021-09-23T00:00:00Z,9352.21547938599
860,2021-09-24T00:00:00Z,9363.19510533259
861,2021-09-26T00:00:00Z,9371.031821220373
862,2021-09-27T00:00:00Z,9371.031821220373
863,2021-09-28T00:00:00Z,9371.031821220373
864,2021-09-29T00:00:00Z,9371.031821220373
865,2021-09-30T00:00:00Z,9379.761738325558
866,2021-10-01T00:00:00Z,9377.105568682124
867,2021-10-03T00:00:00Z,9370.844580525876
868,2021-10-04T00:00:00Z,9368.83726782416
869,2021-10-05T00:00:00Z,9392.27006143289
870,2021-10-06T00:00:00Z,9390.042714047948
871,2021-10-07T00:00:00Z,9390.042714047948
872,2021-10-08T00:00:00Z,9390.042714047948
873,2021-10-10T00:00:00Z,9390.042714047948
874,2021-10-11T00:00:00Z,9390.042714047948
875,2021-10-12T00:00:00Z,9386.550445539055
876,2021-10-13T00:00:00Z,9384.763935095998
877,2021-10-14T00:00:00Z,9395.605299715535
878,2021-10-15T00:00:00Z,9393.603504271478
879,2021-10-17T00:00:00Z,9393.603504271478
880,2021-10-18T00:00:00Z,9393.603504271478
881,2021-10-19T00:00:00Z,9393.603504271478
882,2021-10-20T00:00:00Z,9409.733168937955
883,2021-10-21T00:00:00Z,9406.827377740547
884,2021-10-22T00:00:00Z,9406.827377740547
885,2021-10-24T00:00:00Z,9408.712716045278
886,2021-10-25T00:00:00Z,9406.483399974142
887,2021-10-26T00:00:00Z,9411.247049332022
888,2021-10-27T00:00:00Z,9409.100675953006
889,2021-10-28T00:00:00Z,9415.393862683388
890,2021-10-29T00:00:00Z,9412.701381697247
891,2021-10-31T00:00:00Z,9407.024938298033
892,2021-11-01T00:00:00Z,9404.924849826775
893,2021-11-02T00:00:00Z,9387.931365859098
894,2021-11-03T00:00:00Z,9385.677678779999
895,2021-11-04T00:00:00Z,9374.920430865013
896,2021-11-05T00:00:00Z,9373.098348904561
897,2021-11-07T00:00:00Z,9376.715057605985
898,2021-11-08T00:00:00Z,9374.766470000599
899,2021-11-09T00:00:00Z,9411.22746137202
900,2021-11-10T00:00:00Z,9408.969155193385
901,2021-11-11T00:00:00Z,9408.969155193385
902,2021-11-12T00:00:00Z,9408.969155193385
903,2021-11-14T00:00:00Z,9408.969155193385
904,2021-11-15T00:00:00Z,9408.969155193385
905,2021-11-16T00:00:00Z,9408.969155193385
906,2021-11-17T00:00:00Z,9408.969155193385
907,2021-11-18T00:00:00Z,9408.969155193385
908,2021-11-19T00:00:00Z,9408.969155193385
909,2021-11-21T00:00:00Z,9408.969155193385
910,2021-11-22T00:00:00Z,9408.969155193385
911,2021-11-23T00:00:00Z,9408.969155193385
912,2021-11-24T00:00:00Z,9408.667194893613
913,2021-11-25T00:00:00Z,9406.880871449068
914,2021-11-26T00:00:00Z,9539.493294436157
915,2021-11-28T00:00:00Z,9520.17372014603
916,2021-11-29T00:00:00Z,9525.115101486914
917,2021-11-30T00:00:00Z,9523.599303443412
918,2021-12-01T00:00:00Z,9529.012336723938
919,2021-12-02T00:00:00Z,9527.91548024337
920,2021-12-03T00:00:00Z,9536.316091032239
921,2021-12-05T00:00:00Z,9528.990088611336
922,2021-12-06T00:00:00Z,9528.990088611336
923,2021-12-07T00:00:00Z,9510.028987836255
924,2021-12-08T00:00:00Z,9508.975295937797
925,2021-12-09T00:00:00Z,9524.7338471784
926,2021-12-10T00:00:00Z,9523.827176061208
927,2021-12-12T00:00:00Z,9519.064958612737
928,2021-12-13T00:00:00Z,9518.053878342182
929,2021-12-14T00:00:00Z,9526.290340866813
930,2021-12-15T00:00:00Z,9524.828778443587
931,2021-12-16T00:00:00Z,9524.828778443587
932,2021-12-17T00:00:00Z,9524.828778443587
933,2021-12-19T00:00:00Z,9524.828778443587
934,2021-12-20T00:00:00Z,9524.828778443587
935,2021-12-21T00:00:00Z,9524.828778443587
936,2021-12-22T00:00:00Z,9524.828778443587
937,2021-12-23T00:00:00Z,9524.828778443587
938,2021-12-26T00:00:00Z,9523.891179877428
939,2021-12-27T00:00:00Z,9522.088273630448
940,2021-12-28T00:00:00Z,9515.730061001905
941,2021-12-29T00:00:00Z,9513.961940397765
942,2021-12-30T00:00:00Z,9513.961940397765
943,2021-12-31T00:00:00Z,9513.961940397765
944,2022-01-02T00:00:00Z,9510.252492021
945,2022-01-03T00:00:00Z,9508.330467396652
946,2022-01-04T00:00:00Z,9508.330467396652
947,2022-01-05T00:00:00Z,9508.330467396652
948,2022-01-06T00:00:00Z,9508.330467396652
949,2022-01-07T00:00:00Z,9508.330467396652
950,2022-01-09T00:00:00Z,9508.330467396652
951,2022-01-10T00:00:00Z,9508.330467396652
952,2022-01-11T00:00:00Z,9508.330467396652
953,2022-01-12T00:00:00Z,9508.330467396652
954,2022-01-13T00:00:00Z,9508.330467396652
955,2022-01-14T00:00:00Z,9508.330467396652
956,2022-01-16T00:00:00Z,9508.330467396652
957,2022-01-17T00:00:00Z,9508.330467396652
958,2022-01-18T00:00:00Z,9508.330467396652
959,2022-01-19T00:00:00Z,9508.330467396652
960,2022-01-20T00:00:00Z,9508.330467396652
961,2022-01-21T00:00:00Z,9517.647705070412
962,2022-01-23T00:00:00Z,9517.61098706759
963,2022-01-24T00:00:00Z,9517.61098706759
964,2022-01-25T00:00:00Z,9517.61098706759
965,2022-01-26T00:00:00Z,9544.754747217283
966,2022-01-27T00:00:00Z,9542.665560663034
967,2022-01-28T00:00:00Z,9542.665560663034
968,2022-01-30T00:00:00Z,9542.665560663034
969,2022-01-31T00:00:00Z,9542.665560663034
970,2022-02-01T00:00:00Z,9542.665560663034
971,2022-02-02T00:00:00Z,9542.665560663034
972,2022-02-03T00:00:00Z,9542.665560663034
973,2022-02-04T00:00:00Z,9542.665560663034
974,2022-02-06T00:00:00Z,9542.665560663034
975,2022-02-07T00:00:00Z,9542.665560663034
976,2022-02-08T00:00:00Z,9542.665560663034
977,2022-02-09T00:00:00Z,9542.665560663034
978,2022-02-10T00:00:00Z,9542.665560663034
979,2022-02-11T00:00:00Z,9542.665560663034
980,2022-02-13T00:00:00Z,9542.665560663034
981,2022-02-14T00:00:00Z,9542.665560663034
982,2022-02-15T00:00:00Z,9542.665560663034
983,2022-02-16T00:00:00Z,9527.083248068344
984,2022-02-17T00:00:00Z,9525.361309538961
985,2022-02-18T00:00:00Z,9523.448804155363
986,2022-02-20T00:00:00Z,9519.340044174893
987,2022-02-21T00:00:00Z,9519.340044174893
988,2022-02-22T00:00:00Z,9519.340044174893
989,2022-02-23T00:00:00Z,9519.340044174893
990,2022-02-24T00:00:00Z,9519.340044174893
991,2022-02-25T00:00:00Z,9497.617757499966
992,2022-02-27T00:00:00Z,9518.793719730418
993,2022-02-28T00:00:00Z,9518.793719730418
994,2022-03-01T00:00:00Z,9470.436922112813
995,2022-03-02T00:00:00Z,9440.342417016065
996,2022-03-03T00:00:00Z,9439.165077785248
997,2022-03-04T00:00:00Z,9403.120248948726
998,2022-03-06T00:00:00Z,9367.997935401389
999,2022-03-07T00:00:00Z,9394.928498040746
1000,2022-03-08T00:00:00Z,9394.010481053034
1001,2022-03-09T00:00:00Z,9450.335718429971
1002,2022-03-10T00:00:00Z,9449.632699979971
1003,2022-03-11T00:00:00Z,9443.255346408398
1004,2022-03-13T00:00:00Z,9450.49895073471
1005,2022-03-14T00:00:00Z,9469.130097370653
1006,2022-03-15T00:00:00Z,9468.675491149857
1007,2022-03-16T00:00:00Z,9466.92600336372
1008,2022-03-17T00:00:00Z,9466.603970162356
1009,2022-03-18T00:00:00Z,9466.603970162356
1010,2022-03-20T00:00:00Z,9466.603970162356
1011,2022-03-21T00:00:00Z,9466.603970162356
1012,2022-03-22T00:00:00Z,9466.603970162356
1013,2022-03-23T00:00:00Z,9466.603970162356
1014,2022-03-24T00:00:00Z,9475.930666953751
1015,2022-03-25T00:00:00Z,9475.238950764307
1016,2022-03-27T00:00:00Z,9485.547733612639
1017,2022-03-28T00:00:00Z,9484.621400977328
1018,2022-03-29T00:00:00Z,9471.913054778337
1019,2022-03-30T00:00:00Z,9471.461136653408
1020,2022-03-31T00:00:00Z,9471.461136653408
1021,2022-04-01T00:00:00Z,9478.674574526958
1022,2022-04-03T00:00:00Z,9479.941496674603
1023,2022-04-04T00:00:00Z,9479.941496674603
1024,2022-04-05T00:00:00Z,9479.941496674603
1025,2022-04-06T00:00:00Z,9479.941496674603
1026,2022-04-07T00:00:00Z,9479.941496674603
1027,2022-04-08T00:00:00Z,9479.941496674603
1028,2022-04-10T00:00:00Z,9479.941496674603
1029,2022-04-11T00:00:00Z,9479.941496674603
1030,2022-04-12T00:00:00Z,9479.941496674603
1031,2022-04-13T00:00:00Z,9479.941496674603
1032,2022-04-14T00:00:00Z,9479.941496674603
1033,2022-04-17T00:00:00Z,9479.941496674603
1034,2022-04-18T00:00:00Z,9479.941496674603
1035,2022-04-19T00:00:00Z,9507.717971696773
1036,2022-04-20T00:00:00Z,9507.080923389352
1037,2022-04-21T00:00:00Z,9507.080923389352
1038,2022-04-22T00:00:00Z,9507.080923389352
1039,2022-04-24T00:00:00Z,9507.080923389352
1040,2022-04-25T00:00:00Z,9507.080923389352
1041,2022-04-26T00:00:00Z,9507.080923389352
1042,2022-04-27T00:00:00Z,9507.080923389352
1043,2022-04-28T00:00:00Z,9507.080923389352
1044,2022-04-29T00:00:00Z,9507.080923389352
1045,2022-05-01T00:00:00Z,9507.080923389352
1046,2022-05-02T00:00:00Z,9507.080923389352
1047,2022-05-03T00:00:00Z,9507.080923389352
1048,2022-05-04T00:00:00Z,9507.080923389352
1049,2022-05-05T00:00:00Z,9507.080923389352
1050,2022-05-06T00:00:00Z,9507.080923389352
1051,2022-05-08T00:00:00Z,9507.080923389352
1052,2022-05-09T00:00:00Z,9507.080923389352
1053,2022-05-10T00:00:00Z,9477.494772696626
1054,2022-05-11T00:00:00Z,9476.241827049453
1055,2022-05-12T00:00:00Z,9482.998595352363
1056,2022-05-13T00:00:00Z,9481.789330796099
1057,2022-05-15T00:00:00Z,9483.882908238167
1058,2022-05-16T00:00:00Z,9482.715981713085
1059,2022-05-17T00:00:00Z,9482.715981713085
1060,2022-05-18T00:00:00Z,9447.532500047946
1061,2022-05-19T00:00:00Z,9446.411507576608
1062,2022-05-20T00:00:00Z,9452.13296489649
1063,2022-05-22T00:00:00Z,9452.729780694519
1064,2022-05-23T00:00:00Z,9447.500074907606
1065,2022-05-24T00:00:00Z,9446.510927843163
1066,2022-05-25T00:00:00Z,9446.510927843163
1067,2022-05-26T00:00:00Z,9469.376022654216
1068,2022-05-27T00:00:00Z,9467.880433046323
1069,2022-05-29T00:00:00Z,9471.586355280511
1070,2022-05-30T00:00:00Z,9469.962298810307
1071,2022-05-31T00:00:00Z,9444.78714699635
1072,2022-06-01T00:00:00Z,9443.254340088128
1073,2022-06-02T00:00:00Z,9476.58693986741
1074,2022-06-03T00:00:00Z,9474.94377842353
1075,2022-06-05T00:00:00Z,9468.533920877077
1076,2022-06-06T00:00:00Z,9466.856288227384
1077,2022-06-07T00:00:00Z,9469.748171494199
1078,2022-06-08T00:00:00Z,9467.95183175798
1079,2022-06-09T00:00:00Z,9458.854115791382
1080,2022-06-10T00:00:00Z,9457.059634368115
1081,2022-06-12T00:00:00Z,9443.304027509566
1082,2022-06-13T00:00:00Z,9441.67335987811
1083,2022-06-14T00:00:00Z,9423.400706451044
1084,2022-06-15T00:00:00Z,9422.027593322362
1085,2022-06-16T00:00:00Z,9424.5404599528
1086,2022-06-17T00:00:00Z,9423.01531010079
1087,2022-06-19T00:00:00Z,9423.304789669113
1088,2022-06-20T00:00:00Z,9422.001187352565
1089,2022-06-21T00:00:00Z,9423.03848145074
1090,2022-06-22T00:00:00Z,9421.709451537581
1091,2022-06-23T00:00:00Z,9423.822433552054
1092,2022-06-24T00:00:00Z,9422.328346674494
1093,2022-06-26T00:00:00Z,9416.052475888044
1094,2022-06-27T00:00:00Z,9414.93646681589
1095,2022-06-28T00:00:00Z,9424.341851055357
1096,2022-06-29T00:00:00Z,9423.037523791298
1097,2022-06-30T00:00:00Z,9423.037523791298
1098,2022-07-01T00:00:00Z,9423.037523791298
1099,2022-07-03T00:00:00Z,9417.478007055232
1100,2022-07-04T00:00:00Z,9416.19060564348
1101,2022-07-05T00:00:00Z,9368.194960500372
1102,2022-07-06T00:00:00Z,9346.332477093185
1103,2022-07-07T00:00:00Z,9345.157862862368
1104,2022-07-08T00:00:00Z,9356.01365804445
1105,2022-07-10T00:00:00Z,9354.828160964385
1106,2022-07-11T00:00:00Z,9354.828160964385
1107,2022-07-12T00:00:00Z,9354.828160964385
1108,2022-07-13T00:00:00Z,9354.828160964385
1109,2022-07-14T00:00:00Z,9354.828160964385
1110,2022-07-15T00:00:00Z,9354.828160964385
1111,2022-07-17T00:00:00Z,9353.361928141576
1112,2022-07-18T00:00:00Z,9352.468663770695
1113,2022-07-19T00:00:00Z,9352.468663770695
1114,2022-07-20T00:00:00Z,9352.468663770695
1115,2022-07-21T00:00:00Z,9352.468663770695
1116,2022-07-22T00:00:00Z,9352.468663770695
1117,2022-07-24T00:00:00Z,9351.312231872422
1118,2022-07-25T00:00:00Z,9350.287072822166
1119,2022-07-26T00:00:00Z,9344.10388820246
1120,2022-07-27T00:00:00Z,9342.879367478474
1121,2022-07-28T00:00:00Z,9342.879367478474
1122,2022-07-29T00:00:00Z,9342.879367478474
1123,2022-07-31T00:00:00Z,9342.879367478474
1124,2022-08-01T00:00:00Z,9342.879367478474
1125,2022-08-02T00:00:00Z,9342.879367478474
1126,2022-08-03T00:00:00Z,9342.879367478474
1127,2022-08-04T00:00:00Z,9342.879367478474
1128,2022-08-05T00:00:00Z,9345.212992686507
1129,2022-08-07T00:00:00Z,9343.718788572656
1130,2022-08-08T00:00:00Z,9362.11224850404
1131,2022-08-09T00:00:00Z,9361.260592136106
1132,2022-08-10T00:00:00Z,9361.260592136106
1133,2022-08-11T00:00:00Z,9361.260592136106
1134,2022-08-12T00:00:00Z,9361.260592136106
1135,2022-08-14T00:00:00Z,9361.260592136106
1136,2022-08-15T00:00:00Z,9361.260592136106
1137,2022-08-16T00:00:00Z,9361.260592136106
1138,2022-08-17T00:00:00Z,9365.373365229387
1139,2022-08-18T00:00:00Z,9364.20219616294
1140,2022-08-19T00:00:00Z,9364.20219616294
1141,2022-08-21T00:00:00Z,9364.20219616294
1142,2022-08-22T00:00:00Z,9364.20219616294
1143,2022-08-23T00:00:00Z,9364.20219616294
1144,2022-08-24T00:00:00Z,9349.500891341779
1145,2022-08-25T00:00:00Z,9348.124003847612
1146,2022-08-26T00:00:00Z,9346.21247655872
1147,2022-08-28T00:00:00Z,9347.960056269207
1148,2022-08-29T00:00:00Z,9347.960056269207
1149,2022-08-30T00:00:00Z,9347.960056269207
1150,2022-08-31T00:00:00Z,9347.960056269207
1151,2022-09-01T00:00:00Z,9347.960056269207
1152,2022-09-02T00:00:00Z,9345.89899421815
1153,2022-09-04T00:00:00Z,9346.721222779279
1154,2022-09-05T00:00:00Z,9351.864803199203
1155,2022-09-06T00:00:00Z,9350.762689127218
1156,2022-09-07T00:00:00Z,9303.24288445572
1157,2022-09-08T00:00:00Z,9303.24288445572
1158,2022-09-09T00:00:00Z,9329.527072217948
1159,2022-09-11T00:00:00Z,9330.464232398626
1160,2022-09-12T00:00:00Z,9330.464232398626
1161,2022-09-13T00:00:00Z,9330.464232398626
1162,2022-09-14T00:00:00Z,9330.464232398626
1163,2022-09-15T00:00:00Z,9330.464232398626
1164,2022-09-16T00:00:00Z,9330.464232398626
1165,2022-09-18T00:00:00Z,9332.204249274031
1166,2022-09-19T00:00:00Z,9330.971468205196
1167,2022-09-20T00:00:00Z,9315.894535245501
1168,2022-09-21T00:00:00Z,9314.52563454932
1169,2022-09-22T00:00:00Z,9319.636310886992
1170,2022-09-23T00:00:00Z,9317.842328976061
1171,2022-09-25T00:00:00Z,9317.842328976061
1172,2022-09-26T00:00:00Z,9289.481529959234
1173,2022-09-27T00:00:00Z,9288.250490809005
1174,2022-09-28T00:00:00Z,9316.27152987512
1175,2022-09-29T00:00:00Z,9314.936780582213
1176,2022-09-30T00:00:00Z,9295.902203983855
1177,2022-10-02T00:00:00Z,9310.559688324705
1178,2022-10-03T00:00:00Z,9321.89810302302
1179,2022-10-04T00:00:00Z,9320.650739280383
1180,2022-10-05T00:00:00Z,9320.650739280383
1181,2022-10-06T00:00:00Z,9311.745951539622
1182,2022-10-07T00:00:00Z,9310.046138026266
1183,2022-10-09T00:00:00Z,9312.33866560431
1184,2022-10-10T00:00:00Z,9310.956846451072
1185,2022-10-11T00:00:00Z,9310.956846451072
1186,2022-10-12T00:00:00Z,9323.569385738783
1187,2022-10-13T00:00:00Z,9322.093703300197
1188,2022-10-14T00:00:00Z,9322.093703300197
1189,2022-10-16T00:00:00Z,9322.093703300197
1190,2022-10-17T00:00:00Z,9322.093703300197
1191,2022-10-18T00:00:00Z,9302.56178046205
1192,2022-10-19T00:00:00Z,9300.44412759464
1193,2022-10-20T00:00:00Z,9297.32748845727
1194,2022-10-21T00:00:00Z,9296.052121407543
1195,2022-10-23T00:00:00Z,9296.715673311915
1196,2022-10-24T00:00:00Z,9295.304737616323
1197,2022-10-25T00:00:00Z,9293.661064949812
1198,2022-10-26T00:00:00Z,9292.234281108593
1199,2022-10-27T00:00:00Z,9294.659597615439
1200,2022-10-28T00:00:00Z,9293.082669636755
1201,2022-10-30T00:00:00Z,9290.309419222795
1202,2022-10-31T00:00:00Z,9288.615073098454
1203,2022-11-01T00:00:00Z,9318.058553683524
1204,2022-11-02T00:00:00Z,9316.36255484163
1205,2022-11-03T00:00:00Z,9304.227159325264
1206,2022-11-04T00:00:00Z,9302.656490053574
1207,2022-11-06T00:00:00Z,9302.656490053574
1208,2022-11-07T00:00:00Z,9302.656490053574
1209,2022-11-08T00:00:00Z,9267.521521796369
1210,2022-11-09T00:00:00Z,9265.54333485272
1211,2022-11-10T00:00:00Z,9265.54333485272
1212,2022-11-11T00:00:00Z,9291.839988851574
1213,2022-11-13T00:00:00Z,9290.137432736146
1214,2022-11-14T00:00:00Z,9290.137432736146
1215,2022-11-15T00:00:00Z,9290.137432736146
1216,2022-11-16T00:00:00Z,9290.137432736146
1217,2022-11-17T00:00:00Z,9290.137432736146
1218,2022-11-18T00:00:00Z,9290.137432736146
1219,2022-11-20T00:00:00Z,9290.137432736146
1220,2022-11-21T00:00:00Z,9290.137432736146
1221,2022-11-22T00:00:00Z,9290.137432736146
1222,2022-11-23T00:00:00Z,9290.137432736146
1223,2022-11-24T00:00:00Z,9290.137432736146
1224,2022-11-25T00:00:00Z,9290.137432736146
1225,2022-11-27T00:00:00Z,9290.137432736146
1226,2022-11-28T00:00:00Z,9290.137432736146
1227,2022-11-29T00:00:00Z,9290.137432736146
1228,2022-11-30T00:00:00Z,9290.137432736146
1229,2022-12-01T00:00:00Z,9281.645040749429
1230,2022-12-02T00:00:00Z,9280.46717441645
1231,2022-12-04T00:00:00Z,9268.909355910557
1232,2022-12-05T00:00:00Z,9267.586994453277
1233,2022-12-06T00:00:00Z,9295.908127154848
1234,2022-12-07T00:00:00Z,9294.621177800782
1235,2022-12-08T00:00:00Z,9294.621177800782
1236,2022-12-09T00:00:00Z,9288.200001829211
1237,2022-12-11T00:00:00Z,9289.843221147095
1238,2022-12-12T00:00:00Z,9303.796561332952
1239,2022-12-13T00:00:00Z,9302.466633925102
1240,2022-12-14T00:00:00Z,9302.466633925102
1241,2022-12-15T00:00:00Z,9291.50173276708
1242,2022-12-16T00:00:00Z,9290.163112925857
1243,2022-12-18T00:00:00Z,9294.86243473219
1244,2022-12-19T00:00:00Z,9293.621475318907
1245,2022-12-20T00:00:00Z,9295.18488861136
1246,2022-12-21T00:00:00Z,9293.848723137406
1247,2022-12-22T00:00:00Z,9293.848723137406
1248,2022-12-23T00:00:00Z,9293.848723137406
1249,2022-12-26T00:00:00Z,9273.31656722986
1250,2022-12-27T00:00:00Z,9271.718818157342
1251,2022-12-28T00:00:00Z,9284.896126446803
1252,2022-12-29T00:00:00Z,9283.187871110375
1253,2022-12-30T00:00:00Z,9283.187871110375
1254,2023-01-02T00:00:00Z,9283.187871110375
1255,2023-01-03T00:00:00Z,9283.187871110375
1256,2023-01-04T00:00:00Z,9283.187871110375
1257,2023-01-05T00:00:00Z,9288.962203356014
1258,2023-01-06T00:00:00Z,9287.398746180894
1259,2023-01-08T00:00:00Z,9289.600885249503
1260,2023-01-09T00:00:00Z,9288.094154924036
1261,2023-01-10T00:00:00Z,9285.085050100579
1262,2023-01-11T00:00:00Z,9283.475337764437
1263,2023-01-12T00:00:00Z,9283.475337764437
1264,2023-01-13T00:00:00Z,9283.475337764437
1265,2023-01-15T00:00:00Z,9283.475337764437
1266,2023-01-16T00:00:00Z,9295.272883876845
1267,2023-01-17T00:00:00Z,9293.518203276537
1268,2023-01-18T00:00:00Z,9293.518203276537
1269,2023-01-19T00:00:00Z,9293.518203276537
1270,2023-01-20T00:00:00Z,9293.518203276537
1271,2023-01-22T00:00:00Z,9293.518203276537
1272,2023-01-23T00:00:00Z,9285.838606947946
1273,2023-01-24T00:00:00Z,9283.755990641928
1274,2023-01-25T00:00:00Z,9283.755990641928
1275,2023-01-26T00:00:00Z,9283.755990641928
1276,2023-01-27T00:00:00Z,9283.755990641928
1277,2023-01-29T00:00:00Z,9286.501080777594
1278,2023-01-30T00:00:00Z,9284.490975585266
1279,2023-01-31T00:00:00Z,9284.490975585266
1280,2023-02-01T00:00:00Z,9284.490975585266
1281,2023-02-02T00:00:00Z,9284.490975585266
1282,2023-02-03T00:00:00Z,9246.44707860163
1283,2023-02-05T00:00:00Z,9246.64408864349
1284,2023-02-06T00:00:00Z,9258.960176942534
1285,2023-02-07T00:00:00Z,9257.254261506987
1286,2023-02-08T00:00:00Z,9257.254261506987
1287,2023-02-09T00:00:00Z,9257.254261506987
1288,2023-02-10T00:00:00Z,9257.254261506987
1289,2023-02-12T00:00:00Z,9261.075628021721
1290,2023-02-13T00:00:00Z,9259.450947050505
1291,2023-02-14T00:00:00Z,9262.962575421983
1292,2023-02-15T00:00:00Z,9261.204837427029
1293,2023-02-16T00:00:00Z,9261.204837427029
1294,2023-02-17T00:00:00Z,9279.79163689272
1295,2023-02-19T00:00:00Z,9271.968319898868
1296,2023-02-20T00:00:00Z,9271.968319898868
1297,2023-02-21T00:00:00Z,9271.968319898868
1298,2023-02-22T00:00:00Z,9271.968319898868
1299,2023-02-23T00:00:00Z,9295.99200132149
1300,2023-02-24T00:00:00Z,9294.007327878813
1301,2023-02-26T00:00:00Z,9291.209111551278
1302,2023-02-27T00:00:00Z,9289.035316541507
1303,2023-02-28T00:00:00Z,9302.851069846167
1304,2023-03-01T00:00:00Z,9300.582733997982
1305,2023-03-02T00:00:00Z,9303.223696754809
1306,2023-03-03T00:00:00Z,9301.027176928525
1307,2023-03-05T00:00:00Z,9301.027176928525
1308,2023-03-06T00:00:00Z,9301.027176928525
1309,2023-03-07T00:00:00Z,9301.027176928525
1310,2023-03-08T00:00:00Z,9301.027176928525
1311,2023-03-09T00:00:00Z,9301.027176928525
1312,2023-03-10T00:00:00Z,9316.607110746672
1313,2023-03-12T00:00:00Z,9315.58974141664
1314,2023-03-13T00:00:00Z,9267.862865504687
1315,2023-03-14T00:00:00Z,9220.506105817785
1316,2023-03-15T00:00:00Z,9173.539554811623
1317,2023-03-16T00:00:00Z,9173.539554811623
1318,2023-03-17T00:00:00Z,9151.268614774955
1319,2023-03-19T00:00:00Z,9154.43155395201
1320,2023-03-20T00:00:00Z,9156.908085110053
1321,2023-03-21T00:00:00Z,9155.773655712559
1322,2023-03-22T00:00:00Z,9155.773655712559
1323,2023-03-23T00:00:00Z,9159.512310259302
1324,2023-03-24T00:00:00Z,9158.396817674278
1325,2023-03-26T00:00:00Z,9158.396817674278
1326,2023-03-27T00:00:00Z,9158.396817674278
1327,2023-03-28T00:00:00Z,9158.396817674278
1328,2023-03-29T00:00:00Z,9165.076941847292
1329,2023-03-30T00:00:00Z,9163.930185977275
1330,2023-03-31T00:00:00Z,9148.69378869925
1331,2023-04-02T00:00:00Z,9087.107227496488
1332,2023-04-03T00:00:00Z,9086.376948675024
1333,2023-04-04T00:00:00Z,9084.757816606696
1334,2023-04-05T00:00:00Z,9087.806837036336
1335,2023-04-06T00:00:00Z,9086.235880435474
1336,2023-04-09T00:00:00Z,9086.235880435474
1337,2023-04-10T00:00:00Z,9086.235880435474
1338,2023-04-11T00:00:00Z,9086.235880435474
1339,2023-04-12T00:00:00Z,9086.235880435474
1340,2023-04-13T00:00:00Z,9086.235880435474
1341,2023-04-14T00:00:00Z,9086.235880435474
1342,2023-04-16T00:00:00Z,9086.235880435474
1343,2023-04-17T00:00:00Z,9110.153142266508
1344,2023-04-18T00:00:00Z,9108.127994475979
1345,2023-04-19T00:00:00Z,9108.127994475979
1346,2023-04-20T00:00:00Z,9108.127994475979
1347,2023-04-21T00:00:00Z,9108.127994475979
1348,2023-04-23T00:00:00Z,9104.163431620542
1349,2023-04-24T00:00:00Z,9101.7008117773
1350,2023-04-25T00:00:00Z,9074.242251006297
1351,2023-04-26T00:00:00Z,9072.34808929346
1352,2023-04-27T00:00:00Z,9076.196595089186
1353,2023-04-28T00:00:00Z,9074.186070187761
1354,2023-04-30T00:00:00Z,9065.097574314119
1355,2023-05-01T00:00:00Z,9063.03888764277
1356,2023-05-02T00:00:00Z,9063.03888764277
1357,2023-05-03T00:00:00Z,9063.03888764277
1358,2023-05-04T00:00:00Z,9063.03888764277
1359,2023-05-05T00:00:00Z,9063.03888764277
1360,2023-05-07T00:00:00Z,9063.03888764277
1361,2023-05-08T00:00:00Z,9063.03888764277
1362,2023-05-09T00:00:00Z,9054.575548836414
1363,2023-05-10T00:00:00Z,9053.03579851925
1364,2023-05-11T00:00:00Z,9067.966203143518
1365,2023-05-12T00:00:00Z,9066.75050869293
1366,2023-05-14T00:00:00Z,9065.498656225285
1367,2023-05-15T00:00:00Z,9064.132235665971
1368,2023-05-16T00:00:00Z,9064.132235665971
1369,2023-05-17T00:00:00Z,9064.132235665971
1370,2023-05-18T00:00:00Z,9064.132235665971
1371,2023-05-19T00:00:00Z,9066.4321792948
1372,2023-05-21T00:00:00Z,9062.092525346434
1373,2023-05-22T00:00:00Z,9062.092525346434
1374,2023-05-23T00:00:00Z,9062.092525346434
1375,2023-05-24T00:00:00Z,9062.092525346434
1376,2023-05-25T00:00:00Z,9098.898353547791
1377,2023-05-26T00:00:00Z,9096.901931698656
1378,2023-05-28T00:00:00Z,9095.37922758031
1379,2023-05-29T00:00:00Z,9093.373965443558
1380,2023-05-30T00:00:00Z,9093.373965443558
1381,2023-05-31T00:00:00Z,9093.373965443558
1382,2023-06-01T00:00:00Z,9093.373965443558
1383,2023-06-02T00:00:00Z,9112.57864487281
1384,2023-06-04T00:00:00Z,9137.836601582794
1385,2023-06-05T00:00:00Z,9137.836601582794
1386,2023-06-06T00:00:00Z,9137.836601582794
1387,2023-06-07T00:00:00Z,9137.836601582794
1388,2023-06-08T00:00:00Z,9137.836601582794
1389,2023-06-09T00:00:00Z,9137.836601582794
1390,2023-06-11T00:00:00Z,9137.836601582794
1391,2023-06-12T00:00:00Z,9137.836601582794
1392,2023-06-13T00:00:00Z,9159.461594147077
1393,2023-06-14T00:00:00Z,9157.954575725567
1394,2023-06-15T00:00:00Z,9180.866731690146
1395,2023-06-16T00:00:00Z,9179.572273326949
1396,2023-06-18T00:00:00Z,9179.572273326949
1397,2023-06-19T00:00:00Z,9179.572273326949
1398,2023-06-20T00:00:00Z,9172.39062153321
1399,2023-06-21T00:00:00Z,9170.968971606924
1400,2023-06-22T00:00:00Z,9214.240170518102
1401,2023-06-23T00:00:00Z,9212.407488234205
1402,2023-06-25T00:00:00Z,9212.407488234205
1403,2023-06-26T00:00:00Z,9212.407488234205
1404,2023-06-27T00:00:00Z,9186.574642609723
1405,2023-06-28T00:00:00Z,9185.075311297418
1406,2023-06-29T00:00:00Z,9189.608103697414
1407,2023-06-30T00:00:00Z,9187.720153826998
1408,2023-07-02T00:00:00Z,9187.720153826998
1409,2023-07-03T00:00:00Z,9179.810192924126
1410,2023-07-04T00:00:00Z,9177.57714571347
1411,2023-07-05T00:00:00Z,9177.57714571347
1412,2023-07-06T00:00:00Z,9177.57714571347
1413,2023-07-07T00:00:00Z,9177.57714571347
1414,2023-07-09T00:00:00Z,9177.57714571347
1415,2023-07-10T00:00:00Z,9177.57714571347
1416,2023-07-11T00:00:00Z,9177.57714571347
1417,2023-07-12T00:00:00Z,9177.57714571347
1418,2023-07-13T00:00:00Z,9200.326116217735
1419,2023-07-14T00:00:00Z,9198.022001400996
1420,2023-07-16T00:00:00Z,9193.254519275884
1421,2023-07-17T00:00:00Z,9190.714717897734
1422,2023-07-18T00:00:00Z,9218.209101555634
1423,2023-07-19T00:00:00Z,9215.810887504127
1424,2023-07-20T00:00:00Z,9225.030227852998
1425,2023-07-21T00:00:00Z,9222.229475747732
1426,2023-07-23T00:00:00Z,9214.25290099216
1427,2023-07-24T00:00:00Z,9211.953885194745
1428,2023-07-25T00:00:00Z,9217.969950695127
1429,2023-07-26T00:00:00Z,9215.426547772066
1430,2023-07-27T00:00:00Z,9224.253853306645
1431,2023-07-28T00:00:00Z,9221.815656579314
1432,2023-07-30T00:00:00Z,9221.815656579314
1433,2023-07-31T00:00:00Z,9221.815656579314
1434,2023-08-01T00:00:00Z,9221.815656579314
1435,2023-08-02T00:00:00Z,9221.815656579314
1436,2023-08-03T00:00:00Z,9221.815656579314
1437,2023-08-04T00:00:00Z,9204.871863877668
1438,2023-08-06T00:00:00Z,9194.478712372915
1439,2023-08-07T00:00:00Z,9201.90370995037
1440,2023-08-08T00:00:00Z,9199.396994989711
1441,2023-08-09T00:00:00Z,9173.515213927329
1442,2023-08-10T00:00:00Z,9171.563321328584
1443,2023-08-11T00:00:00Z,9171.563321328584
1444,2023-08-13T00:00:00Z,9171.563321328584
1445,2023-08-14T00:00:00Z,9171.563321328584
1446,2023-08-15T00:00:00Z,9146.558796650801
1447,2023-08-16T00:00:00Z,9144.41890100096
1448,2023-08-17T00:00:00Z,9156.389423997076
1449,2023-08-18T00:00:00Z,9154.333941842746
1450,2023-08-20T00:00:00Z,9151.86282718625
1451,2023-08-21T00:00:00Z,9149.552398016944
1452,2023-08-22T00:00:00Z,9139.305199852148
1453,2023-08-23T00:00:00Z,9136.991288393127
1454,2023-08-24T00:00:00Z,9140.107091496237
1455,2023-08-25T00:00:00Z,9137.886549644609
1456,2023-08-27T00:00:00Z,9136.397999762765
1457,2023-08-28T00:00:00Z,9134.211039241161
1458,2023-08-29T00:00:00Z,9156.618276557816
1459,2023-08-30T00:00:00Z,9154.17549960566
1460,2023-08-31T00:00:00Z,9154.17549960566
1461,2023-09-01T00:00:00Z,9154.17549960566
1462,2023-09-03T00:00:00Z,9154.17549960566
1463,2023-09-04T00:00:00Z,9154.17549960566
1464,2023-09-05T00:00:00Z,9154.17549960566
1465,2023-09-06T00:00:00Z,9154.17549960566
1466,2023-09-07T00:00:00Z,9154.17549960566
1467,2023-09-08T00:00:00Z,9154.17549960566
1468,2023-09-10T00:00:00Z,9154.17549960566
1469,2023-09-11T00:00:00Z,9154.17549960566
1470,2023-09-12T00:00:00Z,9182.683523737944
1471,2023-09-13T00:00:00Z,9179.632023914308
1472,2023-09-14T00:00:00Z,9211.239212137873
1473,2023-09-15T00:00:00Z,9208.012497793246
1474,2023-09-17T00:00:00Z,9202.700810684226
1475,2023-09-18T00:00:00Z,9199.772265629083
1476,2023-09-19T00:00:00Z,9189.317235046577
1477,2023-09-20T00:00:00Z,9185.690997992542
1478,2023-09-21T00:00:00Z,9185.690997992542
1479,2023-09-22T00:00:00Z,9193.714716755827
1480,2023-09-24T00:00:00Z,9189.433274428167
1481,2023-09-25T00:00:00Z,9170.041056271744
1482,2023-09-26T00:00:00Z,9167.25550171245
1483,2023-09-27T00:00:00Z,9220.164719201435
1484,2023-09-28T00:00:00Z,9217.35437470038
1485,2023-09-29T00:00:00Z,9200.628354542378
1486,2023-10-01T00:00:00Z,9202.989791863425
1487,2023-10-02T00:00:00Z,9162.88432183284
1488,2023-10-03T00:00:00Z,9160.515717930813
1489,2023-10-04T00:00:00Z,9160.515717930813
1490,2023-10-05T00:00:00Z,9160.515717930813
1491,2023-10-06T00:00:00Z,9160.515717930813
1492,2023-10-08T00:00:00Z,9160.515717930813
1493,2023-10-09T00:00:00Z,9160.515717930813
1494,2023-10-10T00:00:00Z,9160.515717930813
1495,2023-10-11T00:00:00Z,9160.515717930813
1496,2023-10-12T00:00:00Z,9160.515717930813
1497,2023-10-13T00:00:00Z,9160.515717930813
1498,2023-10-15T00:00:00Z,9154.656563249056
1499,2023-10-16T00:00:00Z,9153.155142257932
1500,2023-10-17T00:00:00Z,9153.155142257932
1501,2023-10-18T00:00:00Z,9153.155142257932
1502,2023-10-19T00:00:00Z,9129.016529616274
1503,2023-10-20T00:00:00Z,9127.950312824816
1504,2023-10-22T00:00:00Z,9129.89103901105
1505,2023-10-23T00:00:00Z,9128.24603745216
1506,2023-10-24T00:00:00Z,9154.844195776597
1507,2023-10-25T00:00:00Z,9153.460126205398
1508,2023-10-26T00:00:00Z,9169.337818499567
1509,2023-10-27T00:00:00Z,9167.752499745233
1510,2023-10-29T00:00:00Z,9167.752499745233
1511,2023-10-30T00:00:00Z,9167.752499745233
1512,2023-10-31T00:00:00Z,9167.752499745233
1513,2023-11-01T00:00:00Z,9170.937863927596
1514,2023-11-02T00:00:00Z,9169.347119544715
1515,2023-11-03T00:00:00Z,9169.347119544715
1516,2023-11-05T00:00:00Z,9169.347119544715
1517,2023-11-06T00:00:00Z,9169.347119544715
1518,2023-11-07T00:00:00Z,9169.347119544715
1519,2023-11-08T00:00:00Z,9169.347119544715
1520,2023-11-09T00:00:00Z,9169.347119544715
1521,2023-11-10T00:00:00Z,9169.347119544715
1522,2023-11-12T00:00:00Z,9168.361569812607
1523,2023-11-13T00:00:00Z,9166.762834354035
1524,2023-11-14T00:00:00Z,9166.762834354035
1525,2023-11-15T00:00:00Z,9166.762834354035
1526,2023-11-16T00:00:00Z,9166.762834354035
1527,2023-11-17T00:00:00Z,9166.762834354035
1528,2023-11-19T00:00:00Z,9169.947106135925
1529,2023-11-20T00:00:00Z,9168.180768817978
1530,2023-11-21T00:00:00Z,9168.180768817978
1531,2023-11-22T00:00:00Z,9168.180768817978
1532,2023-11-23T00:00:00Z,9168.180768817978
1533,2023-11-24T00:00:00Z,9151.111206461961
1534,2023-11-26T00:00:00Z,9153.574963616304
1535,2023-11-27T00:00:00Z,9144.494738226933
1536,2023-11-28T00:00:00Z,9142.649630173986
1537,2023-11-29T00:00:00Z,9154.964652602968
1538,2023-11-30T00:00:00Z,9153.165609784315
1539,2023-12-01T00:00:00Z,9153.165609784315
1540,2023-12-03T00:00:00Z,9155.08283244312
1541,2023-12-04T00:00:00Z,9153.365602241145
1542,2023-12-05T00:00:00Z,9134.778669937468
1543,2023-12-06T00:00:00Z,9132.983714488792
1544,2023-12-07T00:00:00Z,9135.264173335694
1545,2023-12-08T00:00:00Z,9133.666567474647
1546,2023-12-10T00:00:00Z,9134.3414015902
1547,2023-12-11T00:00:00Z,9132.362523782233
1548,2023-12-12T00:00:00Z,9085.662383810664
1549,2023-12-13T00:00:00Z,9100.0290119072
1550,2023-12-14T00:00:00Z,9098.43809079804
1551,2023-12-15T00:00:00Z,9099.711242607882
1552,2023-12-17T00:00:00Z,9105.534197698722
1553,2023-12-18T00:00:00Z,9107.731816391104
1554,2023-12-19T00:00:00Z,9105.866308546834
1555,2023-12-20T00:00:00Z,9105.866308546834
1556,2023-12-21T00:00:00Z,9105.866308546834
1557,2023-12-22T00:00:00Z,9098.659028099657
1558,2023-12-25T00:00:00Z,9101.375787467361
1559,2023-12-26T00:00:00Z,9101.375787467361
1560,2023-12-27T00:00:00Z,9101.375787467361
1561,2023-12-28T00:00:00Z,9071.31685208976
1562,2023-12-29T00:00:00Z,9069.427772905585
1563,2024-01-01T00:00:00Z,9077.195364129713
1564,2024-01-02T00:00:00Z,9075.240743858389
1565,2024-01-03T00:00:00Z,9111.853173445377
1566,2024-01-04T00:00:00Z,9109.976747613335
1567,2024-01-05T00:00:00Z,9130.06880506256
1568,2024-01-07T00:00:00Z,9124.732333569713
1569,2024-01-08T00:00:00Z,9078.036174043353
1570,2024-01-09T00:00:00Z,9096.041807142476
1571,2024-01-10T00:00:00Z,9094.33418977231
1572,2024-01-11T00:00:00Z,9094.33418977231
1573,2024-01-12T00:00:00Z,9094.33418977231
1574,2024-01-14T00:00:00Z,9094.33418977231
1575,2024-01-15T00:00:00Z,9094.33418977231
1576,2024-01-16T00:00:00Z,9094.33418977231
1577,2024-01-17T00:00:00Z,9094.33418977231
1578,2024-01-18T00:00:00Z,9094.33418977231
1579,2024-01-19T00:00:00Z,9094.33418977231
1580,2024-01-21T00:00:00Z,9094.33418977231
1581,2024-01-22T00:00:00Z,9094.33418977231
1582,2024-01-23T00:00:00Z,9094.33418977231
1583,2024-01-24T00:00:00Z,9106.244220538554
1584,2024-01-25T00:00:00Z,9104.435464774291
1585,2024-01-26T00:00:00Z,9104.435464774291
1586,2024-01-28T00:00:00Z,9104.435464774291
1587,2024-01-29T00:00:00Z,9104.435464774291
1588,2024-01-30T00:00:00Z,9104.435464774291
1589,2024-01-31T00:00:00Z,9104.435464774291
1590,2024-02-01T00:00:00Z,9077.935847293551
1591,2024-02-02T00:00:00Z,9076.032723989076
1592,2024-02-04T00:00:00Z,9074.129184292162
1593,2024-02-05T00:00:00Z,9072.227314958116
1594,2024-02-06T00:00:00Z,9081.711490257738
1595,2024-02-07T00:00:00Z,9079.846351176157
1596,2024-02-08T00:00:00Z,9116.059353109114
1597,2024-02-09T00:00:00Z,9114.048565567273
1598,2024-02-11T00:00:00Z,9115.57938213828
1599,2024-02-12T00:00:00Z,9113.60887502667
1600,2024-02-13T00:00:00Z,9124.986768733661
1601,2024-02-14T00:00:00Z,9122.783092594065
1602,2024-02-15T00:00:00Z,9147.26854550629
1603,2024-02-16T00:00:00Z,9145.097200965001
1604,2024-02-18T00:00:00Z,9145.097200965001
1605,2024-02-19T00:00:00Z,9141.815266130361
1606,2024-02-20T00:00:00Z,9139.436719767293
1607,2024-02-21T00:00:00Z,9152.916411018465
1608,2024-02-22T00:00:00Z,9150.474700511251
1609,2024-02-23T00:00:00Z,9150.474700511251
1610,2024-02-25T00:00:00Z,9144.32154123951
1611,2024-02-26T00:00:00Z,9142.043428334171
1612,2024-02-27T00:00:00Z,9154.242538318786
1613,2024-02-28T00:00:00Z,9151.710024159604
1614,2024-02-29T00:00:00Z,9151.313905595927
1615,2024-03-01T00:00:00Z,9148.957426362527
1616,2024-03-03T00:00:00Z,9141.956954468262
1617,2024-03-04T00:00:00Z,9139.569275724436
1618,2024-03-05T00:00:00Z,9128.04567409909
1619,2024-03-06T00:00:00Z,9125.431187707823
1620,2024-03-07T00:00:00Z,9125.543329850367
1621,2024-03-08T00:00:00Z,9123.19185384022
1622,2024-03-10T00:00:00Z,9119.706937491925
1623,2024-03-11T00:00:00Z,9117.43396983652
1624,2024-03-12T00:00:00Z,9113.291941305519
1625,2024-03-13T00:00:00Z,9110.832219646023
1626,2024-03-14T00:00:00Z,9110.832219646023
1627,2024-03-15T00:00:00Z,9110.832219646023
1628,2024-03-17T00:00:00Z,9110.832219646023
1629,2024-03-18T00:00:00Z,9110.832219646023
1630,2024-03-19T00:00:00Z,9110.832219646023
1631,2024-03-20T00:00:00Z,9110.832219646023
1632,2024-03-21T00:00:00Z,9110.832219646023
1633,2024-03-22T00:00:00Z,9110.832219646023
1634,2024-03-24T00:00:00Z,9110.832219646023
1635,2024-03-25T00:00:00Z,9110.832219646023
1636,2024-03-26T00:00:00Z,9110.832219646023
1637,2024-03-27T00:00:00Z,9110.832219646023
1638,2024-03-28T00:00:00Z,9110.832219646023
1639,2024-03-29T00:00:00Z,9110.832219646023
1640,2024-03-31T00:00:00Z,9110.832219646023
1641,2024-04-01T00:00:00Z,9110.832219646023
1642,2024-04-02T00:00:00Z,9110.832219646023
1643,2024-04-03T00:00:00Z,9110.832219646023
1644,2024-04-04T00:00:00Z,9110.832219646023
1645,2024-04-05T00:00:00Z,9110.832219646023
1646,2024-04-07T00:00:00Z,9110.832219646023
1647,2024-04-08T00:00:00Z,9110.832219646023
1648,2024-04-09T00:00:00Z,9110.832219646023
1649,2024-04-10T00:00:00Z,9110.832219646023
1650,2024-04-11T00:00:00Z,9110.832219646023
1651,2024-04-12T00:00:00Z,9110.832219646023
1652,2024-04-14T00:00:00Z,9110.832219646023
1653,2024-04-15T00:00:00Z,9110.832219646023
1654,2024-04-16T00:00:00Z,9110.832219646023
1655,2024-04-17T00:00:00Z,9110.832219646023
1656,2024-04-18T00:00:00Z,9110.832219646023
1657,2024-04-19T00:00:00Z,9118.942036565351
1658,2024-04-21T00:00:00Z,9095.207305495625
1659,2024-04-22T00:00:00Z,9095.552972147067
1660,2024-04-23T00:00:00Z,9093.54858292624
1661,2024-04-24T00:00:00Z,9080.584691277556
1662,2024-04-25T00:00:00Z,9078.124620663275
1663,2024-04-26T00:00:00Z,9078.124620663275
1664,2024-04-28T00:00:00Z,9078.124620663275
1665,2024-04-29T00:00:00Z,9086.137183443476
1666,2024-04-30T00:00:00Z,9083.866644705204
1667,2024-05-01T00:00:00Z,9116.85287148665
1668,2024-05-02T00:00:00Z,9114.735724627993
1669,2024-05-03T00:00:00Z,9114.735724627993
1670,2024-05-05T00:00:00Z,9114.735724627993
1671,2024-05-06T00:00:00Z,9114.735724627993
1672,2024-05-07T00:00:00Z,9114.735724627993
1673,2024-05-08T00:00:00Z,9114.735724627993
1674,2024-05-09T00:00:00Z,9114.735724627993
1675,2024-05-10T00:00:00Z,9114.735724627993
1676,2024-05-12T00:00:00Z,9114.735724627993
1677,2024-05-13T00:00:00Z,9133.830911412882
1678,2024-05-14T00:00:00Z,9130.989481723227
1679,2024-05-15T00:00:00Z,9130.989481723227
1680,2024-05-16T00:00:00Z,9130.989481723227
1681,2024-05-17T00:00:00Z,9130.989481723227
1682,2024-05-19T00:00:00Z,9130.989481723227
1683,2024-05-20T00:00:00Z,9130.989481723227
1684,2024-05-21T00:00:00Z,9130.989481723227
1685,2024-05-22T00:00:00Z,9130.989481723227
1686,2024-05-23T00:00:00Z,9130.989481723227
1687,2024-05-24T00:00:00Z,9130.989481723227
1688,2024-05-26T00:00:00Z,9130.989481723227
1689,2024-05-27T00:00:00Z,9130.989481723227
1690,2024-05-28T00:00:00Z,9130.989481723227
1691,2024-05-29T00:00:00Z,9130.989481723227
1692,2024-05-30T00:00:00Z,9130.989481723227
1693,2024-05-31T00:00:00Z,9130.989481723227
1694,2024-06-02T00:00:00Z,9130.989481723227
1695,2024-06-03T00:00:00Z,9130.989481723227
1696,2024-06-04T00:00:00Z,9130.989481723227
1697,2024-06-05T00:00:00Z,9130.989481723227
1698,2024-06-06T00:00:00Z,9130.989481723227
1699,2024-06-07T00:00:00Z,9130.989481723227
1700,2024-06-09T00:00:00Z,9130.989481723227
1701,2024-06-10T00:00:00Z,9130.989481723227
1702,2024-06-11T00:00:00Z,9130.989481723227
1703,2024-06-12T00:00:00Z,9130.989481723227
1704,2024-06-13T00:00:00Z,9130.989481723227
1705,2024-06-14T00:00:00Z,9130.989481723227
1706,2024-06-16T00:00:00Z,9130.989481723227
1707,2024-06-17T00:00:00Z,9130.989481723227
1708,2024-06-18T00:00:00Z,9130.989481723227
1709,2024-06-19T00:00:00Z,9130.989481723227
1710,2024-06-20T00:00:00Z,9130.989481723227
1711,2024-06-21T00:00:00Z,9130.989481723227
1712,2024-06-23T00:00:00Z,9130.989481723227
1713,2024-06-24T00:00:00Z,9130.989481723227
1714,2024-06-25T00:00:00Z,9130.989481723227
1715,2024-06-26T00:00:00Z,9130.989481723227
1716,2024-06-27T00:00:00Z,9130.989481723227
1717,2024-06-28T00:00:00Z,9130.989481723227
1718,2024-06-30T00:00:00Z,9130.989481723227
1719,2024-07-01T00:00:00Z,9130.989481723227
1720,2024-07-02T00:00:00Z,9130.989481723227
1721,2024-07-03T00:00:00Z,9130.989481723227
1722,2024-07-04T00:00:00Z,9130.989481723227
1723,2024-07-05T00:00:00Z,9130.989481723227
1724,2024-07-07T00:00:00Z,9130.989481723227
1725,2024-07-08T00:00:00Z,9130.989481723227
1726,2024-07-09T00:00:00Z,9130.989481723227
1727,2024-07-10T00:00:00Z,9130.989481723227
1728,2024-07-11T00:00:00Z,9130.989481723227
1729,2024-07-12T00:00:00Z,9130.989481723227
1730,2024-07-14T00:00:00Z,9130.989481723227
1731,2024-07-15T00:00:00Z,9130.989481723227
1732,2024-07-16T00:00:00Z,9130.989481723227
1733,2024-07-17T00:00:00Z,9130.989481723227
1734,2024-07-18T00:00:00Z,9130.989481723227
1735,2024-07-19T00:00:00Z,9130.989481723227
1736,2024-07-21T00:00:00Z,9130.989481723227
1737,2024-07-22T00:00:00Z,9130.989481723227
1738,2024-07-23T00:00:00Z,9130.989481723227
1739,2024-07-24T00:00:00Z,9130.989481723227
1740,2024-07-25T00:00:00Z,9130.989481723227
1741,2024-07-26T00:00:00Z,9130.989481723227
1742,2024-07-28T00:00:00Z,9130.989481723227
1743,2024-07-29T00:00:00Z,9130.989481723227
1744,2024-07-30T00:00:00Z,9130.989481723227
1745,2024-07-31T00:00:00Z,9130.989481723227
1746,2024-08-01T00:00:00Z,9130.989481723227
1747,2024-08-02T00:00:00Z,9130.989481723227
1748,2024-08-04T00:00:00Z,9130.989481723227
1749,2024-08-05T00:00:00Z,9130.989481723227
1750,2024-08-06T00:00:00Z,9130.989481723227
1751,2024-08-07T00:00:00Z,9130.989481723227
1752,2024-08-08T00:00:00Z,9130.989481723227
1753,2024-08-09T00:00:00Z,9130.989481723227
1754,2024-08-11T00:00:00Z,9130.989481723227
1755,2024-08-12T00:00:00Z,9130.989481723227
1756,2024-08-13T00:00:00Z,9130.989481723227
1757,2024-08-14T00:00:00Z,9130.989481723227
1758,2024-08-15T00:00:00Z,9130.989481723227
1759,2024-08-16T00:00:00Z,9130.989481723227
1760,2024-08-18T00:00:00Z,9130.989481723227
1761,2024-08-19T00:00:00Z,9130.989481723227
1762,2024-08-20T00:00:00Z,9130.989481723227
1763,2024-08-21T00:00:00Z,9130.989481723227
1764,2024-08-22T00:00:00Z,9130.989481723227
1765,2024-08-23T00:00:00Z,9130.989481723227
1766,2024-08-25T00:00:00Z,9130.989481723227
1767,2024-08-26T00:00:00Z,9130.989481723227
1768,2024-08-27T00:00:00Z,9130.989481723227
1769,2024-08-28T00:00:00Z,9130.989481723227
1770,2024-08-29T00:00:00Z,9130.989481723227
1771,2024-08-30T00:00:00Z,9130.989481723227
1772,2024-09-01T00:00:00Z,9130.989481723227
1773,2024-09-02T00:00:00Z,9130.989481723227
1774,2024-09-03T00:00:00Z,9130.989481723227
1775,2024-09-04T00:00:00Z,9130.989481723227
1776,2024-09-05T00:00:00Z,9130.989481723227
1777,2024-09-06T00:00:00Z,9130.989481723227
1778,2024-09-08T00:00:00Z,9130.989481723227
1779,2024-09-09T00:00:00Z,9130.989481723227
1780,2024-09-10T00:00:00Z,9130.989481723227
1781,2024-09-11T00:00:00Z,9130.989481723227
1782,2024-09-12T00:00:00Z,9130.989481723227
1783,2024-09-13T00:00:00Z,9130.989481723227
1784,2024-09-15T00:00:00Z,9130.989481723227
1785,2024-09-16T00:00:00Z,9130.989481723227
1786,2024-09-17T00:00:00Z,9130.989481723227
1787,2024-09-18T00:00:00Z,9130.989481723227
1788,2024-09-19T00:00:00Z,9130.989481723227
1789,2024-09-20T00:00:00Z,9130.989481723227
1790,2024-09-22T00:00:00Z,9130.989481723227
1791,2024-09-23T00:00:00Z,9130.989481723227
1792,2024-09-24T00:00:00Z,9130.989481723227
1793,2024-09-25T00:00:00Z,9130.989481723227
1794,2024-09-26T00:00:00Z,9130.989481723227
1795,2024-09-27T00:00:00Z,9130.989481723227
1796,2024-09-29T00:00:00Z,9130.989481723227
1797,2024-09-30T00:00:00Z,9130.989481723227
1798,2024-10-01T00:00:00Z,9130.989481723227
1799,2024-10-02T00:00:00Z,9130.989481723227
1800,2024-10-03T00:00:00Z,9130.989481723227
1801,2024-10-04T00:00:00Z,9130.989481723227
1802,2024-10-06T00:00:00Z,9130.989481723227
1803,2024-10-07T00:00:00Z,9130.989481723227
1804,2024-10-08T00:00:00Z,9130.989481723227
1805,2024-10-09T00:00:00Z,9130.989481723227
1806,2024-10-10T00:00:00Z,9130.989481723227
1807,2024-10-11T00:00:00Z,9130.989481723227
1808,2024-10-13T00:00:00Z,9130.989481723227
1809,2024-10-14T00:00:00Z,9130.989481723227
1810,2024-10-15T00:00:00Z,9130.989481723227
1811,2024-10-16T00:00:00Z,9130.989481723227
1812,2024-10-17T00:00:00Z,9130.989481723227
1813,2024-10-18T00:00:00Z,9130.989481723227
1814,2024-10-20T00:00:00Z,9130.989481723227
1815,2024-10-21T00:00:00Z,9130.989481723227
1816,2024-10-22T00:00:00Z,9130.989481723227
1817,2024-10-23T00:00:00Z,9130.989481723227
1818,2024-10-24T00:00:00Z,9130.989481723227
1819,2024-10-25T00:00:00Z,9130.989481723227
1820,2024-10-27T00:00:00Z,9130.989481723227
1821,2024-10-28T00:00:00Z,9130.989481723227
1822,2024-10-29T00:00:00Z,9130.989481723227
1823,2024-10-30T00:00:00Z,9130.989481723227
1824,2024-10-31T00:00:00Z,9130.989481723227
1825,2024-11-01T00:00:00Z,9130.989481723227
1826,2024-11-03T00:00:00Z,9130.989481723227
1827,2024-11-04T00:00:00Z,9130.989481723227
1828,2024-11-05T00:00:00Z,9130.989481723227
1829,2024-11-06T00:00:00Z,9130.989481723227
1830,2024-11-07T00:00:00Z,9130.989481723227
1831,2024-11-08T00:00:00Z,9130.989481723227
1832,2024-11-10T00:00:00Z,9130.989481723227
1833,2024-11-11T00:00:00Z,9130.989481723227
1834,2024-11-12T00:00:00Z,9130.989481723227
1835,2024-11-13T00:00:00Z,9130.989481723227
1836,2024-11-14T00:00:00Z,9130.989481723227
1837,2024-11-15T00:00:00Z,9130.989481723227
1838,2024-11-17T00:00:00Z,9130.989481723227
1839,2024-11-18T00:00:00Z,9130.989481723227
1840,2024-11-19T00:00:00Z,9130.989481723227
1841,2024-11-20T00:00:00Z,9130.989481723227
1842,2024-11-21T00:00:00Z,9130.989481723227
1843,2024-11-22T00:00:00Z,9130.989481723227
1844,2024-11-24T00:00:00Z,9130.989481723227
1845,2024-11-25T00:00:00Z,9130.989481723227
1846,2024-11-26T00:00:00Z,9130.989481723227
1847,2024-11-27T00:00:00Z,9130.989481723227
1848,2024-11-28T00:00:00Z,9130.989481723227
1849,2024-11-29T00:00:00Z,9130.989481723227
1850,2024-12-01T00:00:00Z,9130.989481723227
1851,2024-12-02T00:00:00Z,9130.989481723227
1852,2024-12-03T00:00:00Z,9130.989481723227
1853,2024-12-04T00:00:00Z,9130.989481723227
1854,2024-12-05T00:00:00Z,9130.989481723227
1855,2024-12-06T00:00:00Z,9130.989481723227
1856,2024-12-08T00:00:00Z,9130.989481723227
1857,2024-12-09T00:00:00Z,9130.989481723227
1858,2024-12-10T00:00:00Z,9130.989481723227
1859,2024-12-11T00:00:00Z,9130.989481723227
1860,2024-12-12T00:00:00Z,9130.989481723227
1861,2024-12-13T00:00:00Z,9130.989481723227
1862,2024-12-15T00:00:00Z,9130.989481723227
1863,2024-12-16T00:00:00Z,9130.989481723227
1864,2024-12-17T00:00:00Z,9130.989481723227
1865,2024-12-18T00:00:00Z,9130.989481723227
1866,2024-12-19T00:00:00Z,9130.989481723227
1867,2024-12-20T00:00:00Z,9130.989481723227
1868,2024-12-22T00:00:00Z,9130.989481723227
1869,2024-12-23T00:00:00Z,9130.989481723227
1870,2024-12-24T00:00:00Z,9130.989481723227
1871,2024-12-25T00:00:00Z,9130.989481723227
1872,2024-12-26T00:00:00Z,9130.989481723227
1873,2024-12-27T00:00:00Z,9130.989481723227
1874,2024-12-29T00:00:00Z,9130.989481723227
1875,2024-12-30T00:00:00Z,9130.989481723227
1876,2024-12-31T00:00:00Z,9130.989481723227
1877,2025-01-01T00:00:00Z,9130.989481723227
1878,2025-01-02T00:00:00Z,9130.989481723227
1879,2025-01-03T00:00:00Z,9130.989481723227
1880,2025-01-05T00:00:00Z,9130.989481723227
1881,2025-01-06T00:00:00Z,9130.989481723227
1882,2025-01-07T00:00:00Z,9130.989481723227
1883,2025-01-08T00:00:00Z,9130.989481723227
1884,2025-01-09T00:00:00Z,9130.989481723227
1885,2025-01-10T00:00:00Z,9130.989481723227
1886,2025-01-12T00:00:00Z,9130.989481723227
1887,2025-01-13T00:00:00Z,9130.989481723227
1888,2025-01-14T00:00:00Z,9130.989481723227
1889,2025-01-15T00:00:00Z,9130.989481723227
1890,2025-01-16T00:00:00Z,9130.989481723227
1891,2025-01-17T00:00:00Z,9130.989481723227
1892,2025-01-19T00:00:00Z,9130.989481723227
1893,2025-01-20T00:00:00Z,9130.989481723227
1894,2025-01-21T00:00:00Z,9130.989481723227
1895,2025-01-22T00:00:00Z,9130.989481723227
1896,2025-01-23T00:00:00Z,9130.989481723227
1897,2025-01-24T00:00:00Z,9130.989481723227
1898,2025-01-26T00:00:00Z,9130.989481723227
1899,2025-01-27T00:00:00Z,9130.989481723227
1900,2025-01-28T00:00:00Z,9130.989481723227
1901,2025-01-29T00:00:00Z,9130.989481723227
1902,2025-01-30T00:00:00Z,9130.989481723227
1903,2025-01-31T00:00:00Z,9130.989481723227
1904,2025-02-02T00:00:00Z,9130.989481723227
1905,2025-02-03T00:00:00Z,9130.989481723227
1906,2025-02-04T00:00:00Z,9130.989481723227
1907,2025-02-05T00:00:00Z,9130.989481723227
1908,2025-02-06T00:00:00Z,9130.989481723227
1909,2025-02-07T00:00:00Z,9130.989481723227
1910,2025-02-09T00:00:00Z,9130.989481723227
1911,2025-02-10T00:00:00Z,9130.989481723227
1912,2025-02-11T00:00:00Z,9130.989481723227
1913,2025-02-12T00:00:00Z,9130.989481723227
1914,2025-02-13T00:00:00Z,9130.989481723227
1915,2025-02-14T00:00:00Z,9130.989481723227
1916,2025-02-16T00:00:00Z,9130.989481723227
1917,2025-02-17T00:00:00Z,9130.989481723227
1918,2025-02-18T00:00:00Z,9130.989481723227
1919,2025-02-19T00:00:00Z,9130.989481723227
1920,2025-02-20T00:00:00Z,9130.989481723227
1921,2025-02-21T00:00:00Z,9130.989481723227
1922,2025-02-23T00:00:00Z,9130.989481723227
1923,2025-02-24T00:00:00Z,9130.989481723227
1924,2025-02-25T00:00:00Z,9130.989481723227
1925,2025-02-26T00:00:00Z,9130.989481723227
1926,2025-02-27T00:00:00Z,9130.989481723227
1927,2025-02-28T00:00:00Z,9130.989481723227
1928,2025-03-02T00:00:00Z,9130.989481723227
1929,2025-03-03T00:00:00Z,9130.989481723227
1930,2025-03-04T00:00:00Z,9130.989481723227
1931,2025-03-05T00:00:00Z,9130.989481723227
1932,2025-03-06T00:00:00Z,9130.989481723227
1933,2025-03-07T00:00:00Z,9130.989481723227
1934,2025-03-09T00:00:00Z,9130.989481723227
1935,2025-03-10T00:00:00Z,9130.989481723227
1936,2025-03-11T00:00:00Z,9130.989481723227
1937,2025-03-12T00:00:00Z,9130.989481723227
1938,2025-03-13T00:00:00Z,9130.989481723227
1939,2025-03-14T00:00:00Z,9130.989481723227
1940,2025-03-16T00:00:00Z,9130.989481723227
1941,2025-03-17T00:00:00Z,9130.989481723227
1942,2025-03-18T00:00:00Z,9130.989481723227
1943,2025-03-19T00:00:00Z,9130.989481723227
1944,2025-03-20T00:00:00Z,9130.989481723227
1945,2025-03-21T00:00:00Z,9130.989481723227
1946,2025-03-23T00:00:00Z,9130.989481723227
1947,2025-03-24T00:00:00Z,9130.989481723227
1948,2025-03-25T00:00:00Z,9130.989481723227
1949,2025-03-26T00:00:00Z,9130.989481723227
1950,2025-03-27T00:00:00Z,9130.989481723227
1951,2025-03-28T00:00:00Z,9130.989481723227
1952,2025-03-30T00:00:00Z,9130.989481723227
1953,2025-03-31T00:00:00Z,9130.989481723227
1954,2025-04-01T00:00:00Z,9130.989481723227
1955,2025-04-02T00:00:00Z,9130.989481723227
1956,2025-04-03T00:00:00Z,9130.989481723227
1957,2025-04-04T00:00:00Z,9130.989481723227
1958,2025-04-06T00:00:00Z,9130.989481723227
1959,2025-04-07T00:00:00Z,9130.989481723227
1960,2025-04-08T00:00:00Z,9130.989481723227
1961,2025-04-09T00:00:00Z,9130.989481723227
1962,2025-04-10T00:00:00Z,9130.989481723227
1963,2025-04-11T00:00:00Z,9130.989481723227
1964,2025-04-13T00:00:00Z,9130.989481723227
1965,2025-04-14T00:00:00Z,9130.989481723227
1966,2025-04-15T00:00:00Z,9130.989481723227
1967,2025-04-16T00:00:00Z,9130.989481723227
1968,2025-04-17T00:00:00Z,9130.989481723227
1969,2025-04-18T00:00:00Z,9130.989481723227
1970,2025-04-20T00:00:00Z,9130.989481723227
1971,2025-04-21T00:00:00Z,9130.989481723227
1972,2025-04-22T00:00:00Z,9130.989481723227
1973,2025-04-23T00:00:00Z,9130.989481723227
1974,2025-04-24T00:00:00Z,9130.989481723227
1975,2025-04-25T00:00:00Z,9130.989481723227
1976,2025-04-27T00:00:00Z,9130.989481723227
1977,2025-04-28T00:00:00Z,9130.989481723227
1978,2025-04-29T00:00:00Z,9130.989481723227
1979,2025-04-30T00:00:00Z,9130.989481723227
1980,2025-05-01T00:00:00Z,9130.989481723227
1981,2025-05-02T00:00:00Z,9130.989481723227
1982,2025-05-04T00:00:00Z,9130.989481723227
1983,2025-05-05T00:00:00Z,9130.989481723227
1984,2025-05-06T00:00:00Z,9130.989481723227
1985,2025-05-07T00:00:00Z,9130.989481723227
1986,2025-05-08T00:00:00Z,9130.989481723227
1987,2025-05-09T00:00:00Z,9130.989481723227
1988,2025-05-11T00:00:00Z,9130.989481723227
1989,2025-05-12T00:00:00Z,9130.989481723227
1990,2025-05-13T00:00:00Z,9130.989481723227
1991,2025-05-14T00:00:00Z,9130.989481723227
1992,2025-05-15T00:00:00Z,9130.989481723227
1993,2025-05-16T00:00:00Z,9130.989481723227
1994,2025-05-18T00:00:00Z,9130.989481723227
1995,2025-05-19T00:00:00Z,9130.989481723227
1996,2025-05-20T00:00:00Z,9130.989481723227
1997,2025-05-21T00:00:00Z,9130.989481723227
1998,2025-05-22T00:00:00Z,9130.989481723227
1999,2025-05-23T00:00:00Z,9130.989481723227
2000,2025-05-25T00:00:00Z,9130.989481723227
2001,2025-05-26T00:00:00Z,9130.989481723227
2002,2025-05-27T00:00:00Z,9130.989481723227
2003,2025-05-28T00:00:00Z,9130.989481723227
2004,2025-05-29T00:00:00Z,9130.989481723227
2005,2025-05-30T00:00:00Z,9130.989481723227
2006,2025-06-01T00:00:00Z,9130.989481723227
2007,2025-06-02T00:00:00Z,9130.989481723227
2008,2025-06-03T00:00:00Z,9130.989481723227
2009,2025-06-04T00:00:00Z,9130.989481723227
2010,2025-06-05T00:00:00Z,9130.989481723227
2011,2025-06-06T00:00:00Z,9130.989481723227
2012,2025-06-08T00:00:00Z,9130.989481723227
2013,2025-06-09T00:00:00Z,9130.989481723227
2014,2025-06-10T00:00:00Z,9130.989481723227
2015,2025-06-11T00:00:00Z,9130.989481723227
2016,2025-06-12T00:00:00Z,9130.989481723227
2017,2025-06-13T00:00:00Z,9130.989481723227
2018,2025-06-15T00:00:00Z,9130.989481723227
2019,2025-06-16T00:00:00Z,9130.989481723227
2020,2025-06-17T00:00:00Z,9130.989481723227
2021,2025-06-18T00:00:00Z,9130.989481723227
2022,2025-06-19T00:00:00Z,9130.989481723227
2023,2025-06-20T00:00:00Z,9130.989481723227
2024,2025-06-22T00:00:00Z,9130.989481723227
2025,2025-06-23T00:00:00Z,9130.989481723227
2026,2025-06-24T00:00:00Z,9130.989481723227
2027,2025-06-25T00:00:00Z,9130.989481723227
2028,2025-06-26T00:00:00Z,9130.989481723227
2029,2025-06-27T00:00:00Z,9130.989481723227
2030,2025-06-29T00:00:00Z,9130.989481723227
2031,2025-06-30T00:00:00Z,9130.989481723227
2032,2025-07-01T00:00:00Z,9130.989481723227
2033,2025-07-02T00:00:00Z,9130.989481723227
2034,2025-07-03T00:00:00Z,9130.989481723227
2035,2025-07-04T00:00:00Z,9130.989481723227
2036,2025-07-06T00:00:00Z,9130.989481723227
2037,2025-07-07T00:00:00Z,9130.989481723227
2038,2025-07-08T00:00:00Z,9130.989481723227
2039,2025-07-09T00:00:00Z,9130.989481723227
2040,2025-07-10T00:00:00Z,9130.989481723227
2041,2025-07-11T00:00:00Z,9130.989481723227
2042,2025-07-13T00:00:00Z,9130.989481723227
2043,2025-07-14T00:00:00Z,9130.989481723227
2044,2025-07-15T00:00:00Z,9130.989481723227
2045,2025-07-16T00:00:00Z,9130.989481723227
2046,2025-07-17T00:00:00Z,9130.989481723227
2047,2025-07-18T00:00:00Z,9130.989481723227
2048,2025-07-20T00:00:00Z,9130.989481723227
2049,2025-07-21T00:00:00Z,9130.989481723227
2050,2025-07-22T00:00:00Z,9130.989481723227
2051,2025-07-23T00:00:00Z,9130.989481723227
2052,2025-07-24T00:00:00Z,9130.989481723227
2053,2025-07-25T00:00:00Z,9130.989481723227
2054,2025-07-27T00:00:00Z,9130.989481723227
2055,2025-07-28T00:00:00Z,9130.989481723227
2056,2025-07-29T00:00:00Z,9130.989481723227
2057,2025-07-30T00:00:00Z,9130.989481723227
2058,2025-07-31T00:00:00Z,9130.989481723227
2059,2025-08-01T00:00:00Z,9130.989481723227
2060,2025-08-03T00:00:00Z,9130.989481723227
2061,2025-08-04T00:00:00Z,9130.989481723227
2062,2025-08-05T00:00:00Z,9130.989481723227
2063,2025-08-06T00:00:00Z,9130.989481723227
2064,2025-08-07T00:00:00Z,9130.989481723227
2065,2025-08-08T00:00:00Z,9130.989481723227
2066,2025-08-10T00:00:00Z,9130.989481723227
2067,2025-08-11T00:00:00Z,9130.989481723227
2068,2025-08-12T00:00:00Z,9130.989481723227
2069,2025-08-13T00:00:00Z,9130.989481723227
2070,2025-08-14T00:00:00Z,9130.989481723227
2071,2025-08-15T00:00:00Z,9130.989481723227
2072,2025-08-17T00:00:00Z,9130.989481723227
2073,2025-08-18T00:00:00Z,9130.989481723227
2074,2025-08-19T00:00:00Z,9130.989481723227
2075,2025-08-20T00:00:00Z,9130.989481723227
2076,2025-08-21T00:00:00Z,9130.989481723227
2077,2025-08-22T00:00:00Z,9130.989481723227
2078,2025-08-24T00:00:00Z,9130.989481723227
2079,2025-08-25T00:00:00Z,9130.989481723227
2080,2025-08-26T00:00:00Z,9130.989481723227
2081,2025-08-27T00:00:00Z,9130.989481723227
2082,2025-08-28T00:00:00Z,9130.989481723227
2083,2025-08-29T00:00:00Z,9130.989481723227
2084,2025-08-31T00:00:00Z,9130.989481723227
2085,2025-09-01T00:00:00Z,9130.989481723227
2086,2025-09-02T00:00:00Z,9130.989481723227
2087,2025-09-03T00:00:00Z,9130.989481723227
2088,2025-09-04T00:00:00Z,9130.989481723227
2089,2025-09-05T00:00:00Z,9130.989481723227
2090,2025-09-07T00:00:00Z,9130.989481723227
2091,2025-09-08T00:00:00Z,9130.989481723227
2092,2025-09-09T00:00:00Z,9130.989481723227
2093,2025-09-10T00:00:00Z,9130.989481723227
2094,2025-09-11T00:00:00Z,9130.989481723227
2095,2025-09-12T00:00:00Z,9130.989481723227
2096,2025-09-14T00:00:00Z,9130.989481723227
2097,2025-09-15T00:00:00Z,9130.989481723227
2098,2025-09-16T00:00:00Z,9130.989481723227
2099,2025-09-17T00:00:00Z,9130.989481723227
2100,2025-09-18T00:00:00Z,9130.989481723227
2101,2025-09-19T00:00:00Z,9130.989481723227
2102,2025-09-21T00:00:00Z,9130.989481723227
2103,2025-09-22T00:00:00Z,9130.989481723227
2104,2025-09-23T00:00:00Z,9130.989481723227
2105,2025-09-24T00:00:00Z,9130.989481723227
2106,2025-09-25T00:00:00Z,9130.989481723227
2107,2025-09-26T00:00:00Z,9130.989481723227
2108,2025-09-28T00:00:00Z,9130.989481723227
2109,2025-09-29T00:00:00Z,9130.989481723227
2110,2025-09-30T00:00:00Z,9130.989481723227
2111,2025-10-01T00:00:00Z,9130.989481723227
2112,2025-10-02T00:00:00Z,9130.989481723227
2113,2025-10-03T00:00:00Z,9130.989481723227
2114,2025-10-05T00:00:00Z,9130.989481723227
2115,2025-10-06T00:00:00Z,9130.989481723227
2116,2025-10-07T00:00:00Z,9130.989481723227
2117,2025-10-08T00:00:00Z,9130.989481723227
2118,2025-10-09T00:00:00Z,9130.989481723227
2119,2025-10-10T00:00:00Z,9130.989481723227
2120,2025-10-12T00:00:00Z,9130.989481723227
2121,2025-10-13T00:00:00Z,9130.989481723227
2122,2025-10-14T00:00:00Z,9130.989481723227
2123,2025-10-15T00:00:00Z,9130.989481723227
2124,2025-10-16T00:00:00Z,9130.989481723227
2125,2025-10-17T00:00:00Z,9130.989481723227
2126,2025-10-19T00:00:00Z,9130.989481723227
2127,2025-10-20T00:00:00Z,9130.989481723227
2128,2025-10-21T00:00:00Z,9130.989481723227
2129,2025-10-22T00:00:00Z,9130.989481723227
2130,2025-10-23T00:00:00Z,9130.989481723227
2131,2025-10-24T00:00:00Z,9130.989481723227
2132,2025-10-26T00:00:00Z,9130.989481723227
2133,2025-10-27T00:00:00Z,9130.989481723227
2134,2025-10-28T00:00:00Z,9130.989481723227
2135,2025-10-29T00:00:00Z,9130.989481723227
2136,2025-10-30T00:00:00Z,9130.989481723227
2137,2025-10-31T00:00:00Z,9130.989481723227
2138,2025-11-02T00:00:00Z,9130.989481723227
2139,2025-11-03T00:00:00Z,9130.989481723227
2140,2025-11-04T00:00:00Z,9130.989481723227
2141,2025-11-05T00:00:00Z,9130.989481723227
2142,2025-11-06T00:00:00Z,9130.989481723227
2143,2025-11-07T00:00:00Z,9130.989481723227
2144,2025-11-09T00:00:00Z,9130.989481723227
2145,2025-11-10T00:00:00Z,9130.989481723227
2146,2025-11-11T00:00:00Z,9130.989481723227
2147,2025-11-12T00:00:00Z,9130.989481723227
2148,2025-11-13T00:00:00Z,9130.989481723227
2149,2025-11-14T00:00:00Z,9130.989481723227
2150,2025-11-16T00:00:00Z,9130.989481723227
2151,2025-11-17T00:00:00Z,9130.989481723227
2152,2025-11-18T00:00:00Z,9130.989481723227
2153,2025-11-19T00:00:00Z,9130.989481723227
2154,2025-11-20T00:00:00Z,9130.989481723227
2155,2025-11-21T00:00:00Z,9130.989481723227
2156,2025-11-23T00:00:00Z,9130.989481723227
2157,2025-11-24T00:00:00Z,9130.989481723227
2158,2025-11-25T00:00:00Z,9130.989481723227
2159,2025-11-26T00:00:00Z,9130.989481723227
2160,2025-11-27T00:00:00Z,9130.989481723227
2161,2025-11-28T00:00:00Z,9130.989481723227
2162,2025-11-30T00:00:00Z,9130.989481723227
2163,2025-12-01T00:00:00Z,9130.989481723227
2164,2025-12-02T00:00:00Z,9130.989481723227
2165,2025-12-03T00:00:00Z,9130.989481723227
2166,2025-12-04T00:00:00Z,9130.989481723227
2167,2025-12-05T00:00:00Z,9130.989481723227
2168,2025-12-07T00:00:00Z,9130.989481723227
2169,2025-12-08T00:00:00Z,9130.989481723227
2170,2025-12-09T00:00:00Z,9130.989481723227
2171,2025-12-10T00:00:00Z,9130.989481723227
2172,2025-12-11T00:00:00Z,9130.989481723227
2173,2025-12-12T00:00:00Z,9130.989481723227
2174,2025-12-14T00:00:00Z,9130.989481723227
2175,2025-12-15T00:00:00Z,9130.989481723227
2176,2025-12-16T00:00:00Z,9130.989481723227
2177,2025-12-17T00:00:00Z,9130.989481723227
2178,2025-12-18T00:00:00Z,9130.989481723227
2179,2025-12-19T00:00:00Z,9130.989481723227
2180,2025-12-21T00:00:00Z,9130.989481723227
2181,2025-12-22T00:00:00Z,9130.989481723227
2182,2025-12-23T00:00:00Z,9130.989481723227
2183,2025-12-24T00:00:00Z,9130.989481723227
2184,2025-12-25T00:00:00Z,9130.989481723227
2185,2025-12-26T00:00:00Z,9130.989481723227
2186,2025-12-28T00:00:00Z,9130.989481723227
2187,2025-12-29T00:00:00Z,9130.989481723227
2188,2025-12-30T00:00:00Z,9130.989481723227
2189,2025-12-31T00:00:00Z,9130.989481723227
2190,2026-01-01T00:00:00Z,9130.989481723227
2191,2026-01-02T00:00:00Z,9130.989481723227
2192,2026-01-04T00:00:00Z,9130.989481723227
2193,2026-01-05T00:00:00Z,9130.989481723227
2194,2026-01-06T00:00:00Z,9130.989481723227
2195,2026-01-07T00:00:00Z,9130.989481723227
2196,2026-01-08T00:00:00Z,9130.989481723227
2197,2026-01-09T00:00:00Z,9130.989481723227
2198,2026-01-11T00:00:00Z,9130.989481723227
2199,2026-01-12T00:00:00Z,9130.989481723227
2200,2026-01-13T00:00:00Z,9130.989481723227
2201,2026-01-14T00:00:00Z,9130.989481723227
2202,2026-01-15T00:00:00Z,9130.989481723227
2203,2026-01-16T00:00:00Z,9130.989481723227
2204,2026-01-18T00:00:00Z,9130.989481723227
2205,2026-01-19T00:00:00Z,9130.989481723227
2206,2026-01-20T00:00:00Z,9130.989481723227
2207,2026-01-21T00:00:00Z,9130.989481723227
2208,2026-01-22T00:00:00Z,9130.989481723227
2209,2026-01-23T00:00:00Z,9130.989481723227
2210,2026-01-25T00:00:00Z,9130.989481723227
2211,2026-01-26T00:00:00Z,9130.989481723227
2212,2026-01-27T00:00:00Z,9130.989481723227
2213,2026-01-28T00:00:00Z,9130.989481723227
2214,2026-01-29T00:00:00Z,9130.989481723227
2215,2026-01-30T00:00:00Z,9130.989481723227
2216,2026-02-01T00:00:00Z,9130.989481723227
2217,2026-02-02T00:00:00Z,9130.989481723227
2218,2026-02-03T00:00:00Z,9130.989481723227
2219,2026-02-04T00:00:00Z,9130.989481723227
2220,2026-02-05T00:00:00Z,9130.989481723227
2221,2026-02-06T00:00:00Z,9130.989481723227
2222,2026-02-08T00:00:00Z,9130.989481723227
2223,2026-02-09T00:00:00Z,9130.989481723227
2224,2026-02-10T00:00:00Z,9130.989481723227
2225,2026-02-11T00:00:00Z,9130.989481723227
2226,2026-02-12T00:00:00Z,9130.989481723227
2227,2026-02-13T00:00:00Z,9130.989481723227
2228,2026-02-15T00:00:00Z,9130.989481723227
2229,2026-02-16T00:00:00Z,9130.989481723227
2230,2026-02-17T00:00:00Z,9130.989481723227
2231,2026-02-18T00:00:00Z,9130.989481723227
2232,2026-02-19T00:00:00Z,9130.989481723227
2233,2026-02-20T00:00:00Z,9130.989481723227
2234,2026-02-22T00:00:00Z,9130.989481723227
2235,2026-02-23T00:00:00Z,9130.989481723227
2236,2026-02-24T00:00:00Z,9130.989481723227
2237,2026-02-25T00:00:00Z,9130.989481723227
2238,2026-02-26T00:00:00Z,9130.989481723227
2239,2026-02-27T00:00:00Z,9130.989481723227
2240,2026-03-01T00:00:00Z,9130.989481723227
2241,2026-03-02T00:00:00Z,9130.989481723227
2242,2026-03-03T00:00:00Z,9130.989481723227
2243,2026-03-04T00:00:00Z,9130.989481723227
2244,2026-03-05T00:00:00Z,9130.989481723227
2245,2026-03-06T00:00:00Z,9130.989481723227
2246,2026-03-08T00:00:00Z,9130.989481723227
2247,2026-03-09T00:00:00Z,9130.989481723227
2248,2026-03-10T00:00:00Z,9130.989481723227
2249,2026-03-11T00:00:00Z,9130.989481723227
2250,2026-03-12T00:00:00Z,9130.989481723227
2251,2026-03-13T00:00:00Z,9130.989481723227
2252,2026-03-15T00:00:00Z,9130.989481723227
2253,2026-03-16T00:00:00Z,9130.989481723227
2254,2026-03-17T00:00:00Z,9130.989481723227
2255,2026-03-18T00:00:00Z,9130.989481723227
2256,2026-03-19T00:00:00Z,9130.989481723227
2257,2026-03-20T00:00:00Z,9130.989481723227
2258,2026-03-22T00:00:00Z,9130.989481723227
2259,2026-03-23T00:00:00Z,9130.989481723227
2260,2026-03-24T00:00:00Z,9130.989481723227
2261,2026-03-25T00:00:00Z,9130.989481723227
2262,2026-03-26T00:00:00Z,9130.989481723227
2263,2026-03-27T00:00:00Z,9130.989481723227
2264,2026-03-29T00:00:00Z,9130.989481723227
2265,2026-03-30T00:00:00Z,9130.989481723227
2266,2026-03-31T00:00:00Z,9130.989481723227
2267,2026-04-01T00:00:00Z,9130.989481723227
2268,2026-04-02T00:00:00Z,9130.989481723227
2269,2026-04-03T00:00:00Z,9130.989481723227
2270,2026-04-05T00:00:00Z,9130.989481723227
2271,2026-04-06T00:00:00Z,9130.989481723227
2272,2026-04-07T00:00:00Z,9130.989481723227
2273,2026-04-08T00:00:00Z,9130.989481723227
2274,2026-04-09T00:00:00Z,9130.989481723227
2275,2026-04-10T00:00:00Z,9130.989481723227
2276,2026-04-12T00:00:00Z,9130.989481723227
2277,2026-04-13T00:00:00Z,9130.989481723227
2278,2026-04-14T00:00:00Z,9130.989481723227
2279,2026-04-15T00:00:00Z,9130.989481723227
2280,2026-04-16T00:00:00Z,9130.989481723227
2281,2026-04-17T00:00:00Z,9130.989481723227
2282,2026-04-19T00:00:00Z,9130.989481723227
2283,2026-04-20T00:00:00Z,9130.989481723227
2284,2026-04-21T00:00:00Z,9130.989481723227
2285,2026-04-22T00:00:00Z,9130.989481723227
2286,2026-04-23T00:00:00Z,9130.989481723227
2287,2026-04-24T00:00:00Z,9130.989481723227
2288,2026-04-26T00:00:00Z,9130.989481723227
2289,2026-04-27T00:00:00Z,9130.989481723227
2290,2026-04-28T00:00:00Z,9130.989481723227
2291,2026-04-29T00:00:00Z,9130.989481723227
2292,2026-04-30T00:00:00Z,9130.989481723227
2293,2026-05-01T00:00:00Z,9130.989481723227
2294,2026-05-03T00:00:00Z,9130.989481723227
2295,2026-05-04T00:00:00Z,9130.989481723227
2296,2026-05-05T00:00:00Z,9130.989481723227
2297,2026-05-06T00:00:00Z,9130.989481723227
2298,2026-05-07T00:00:00Z,9130.989481723227
2299,2026-05-08T00:00:00Z,9130.989481723227
2300,2026-05-10T00:00:00Z,9130.989481723227
2301,2026-05-11T00:00:00Z,9130.989481723227
2302,2026-05-12T00:00:00Z,9130.989481723227
2303,2026-05-13T00:00:00Z,9130.989481723227
2304,2026-05-14T00:00:00Z,9130.989481723227
2305,2026-05-15T00:00:00Z,9130.989481723227
2306,2026-05-17T00:00:00Z,9130.989481723227
2307,2026-05-18T00:00:00Z,9130.989481723227
2308,2026-05-19T00:00:00Z,9130.989481723227
2309,2026-05-20T00:00:00Z,9130.989481723227
2310,2026-05-21T00:00:00Z,9130.989481723227
2311,2026-05-22T00:00:00Z,9130.989481723227
2312,2026-05-24T00:00:00Z,9130.989481723227
2313,2026-05-25T00:00:00Z,9130.989481723227
2314,2026-05-26T00:00:00Z,9130.989481723227
2315,2026-05-27T00:00:00Z,9130.989481723227
2316,2026-05-28T00:00:00Z,9130.989481723227
2317,2026-05-29T00:00:00Z,9130.989481723227
2318,2026-05-31T00:00:00Z,9130.989481723227
2319,2026-06-01T00:00:00Z,9130.989481723227
2320,2026-06-02T00:00:00Z,9130.989481723227
2321,2026-06-03T00:00:00Z,9130.989481723227
2322,2026-06-04T00:00:00Z,9130.989481723227
2323,2026-06-05T00:00:00Z,9130.989481723227
2324,2026-06-07T00:00:00Z,9130.989481723227
2325,2026-06-08T00:00:00Z,9130.989481723227
2326,2026-06-09T00:00:00Z,9130.989481723227
2327,2026-06-10T00:00:00Z,9130.989481723227
2328,2026-06-11T00:00:00Z,9130.989481723227
2329,2026-06-12T00:00:00Z,9130.989481723227
2330,2026-06-14T00:00:00Z,9130.989481723227
2331,2026-06-15T00:00:00Z,9130.989481723227
2332,2026-06-16T00:00:00Z,9130.989481723227
2333,2026-06-17T00:00:00Z,9130.989481723227
2334,2026-06-18T00:00:00Z,9130.989481723227
2335,2026-06-19T00:00:00Z,9130.989481723227
2336,2026-06-21T00:00:00Z,9130.989481723227
2337,2026-06-22T00:00:00Z,9130.989481723227
2338,2026-06-23T00:00:00Z,9130.989481723227
2339,2026-06-24T00:00:00Z,9130.989481723227
2340,2026-06-25T00:00:00Z,9130.989481723227
2341,2026-06-26T00:00:00Z,9130.989481723227
2342,2026-06-28T00:00:00Z,9130.989481723227
2343,2026-06-29T00:00:00Z,9130.989481723227
2344,2026-06-30T00:00:00Z,9130.989481723227
2345,2026-07-01T00:00:00Z,9130.989481723227
2346,2026-07-02T00:00:00Z,9130.989481723227
2347,2026-07-03T00:00:00Z,9130.989481723227
2348,2026-07-05T00:00:00Z,9130.989481723227
2349,2026-07-06T00:00:00Z,9130.989481723227
2350,2026-07-07T00:00:00Z,9130.989481723227
2351,2026-07-08T00:00:00Z,9130.989481723227
2352,2026-07-09T00:00:00Z,9130.989481723227
2353,2026-07-10T00:00:00Z,9130.989481723227
2354,2026-07-12T00:00:00Z,9130.989481723227
2355,2026-07-13T00:00:00Z,9130.989481723227
2356,2026-07-14T00:00:00Z,9130.989481723227
2357,2026-07-15T00:00:00Z,9130.989481723227
2358,2026-07-16T00:00:00Z,9130.989481723227
2359,2026-07-17T00:00:00Z,9130.989481723227
2360,2026-07-19T00:00:00Z,9130.989481723227
2361,2026-07-20T00:00:00Z,9130.989481723227
2362,2026-07-21T00:00:00Z,9130.989481723227
2363,2026-07-22T00:00:00Z,9130.989481723227
2364,2026-07-23T00:00:00Z,9130.989481723227
2365,2026-07-24T00:00:00Z,9130.989481723227
2366,2026-07-26T00:00:00Z,9130.989481723227
2367,2026-07-27T00:00:00Z,9130.989481723227
2368,2026-07-28T00:00:00Z,9130.989481723227
2369,2026-07-29T00:00:00Z,9130.989481723227
2370,2026-07-30T00:00:00Z,9130.989481723227
2371,2026-07-31T00:00:00Z,9130.989481723227
2372,2026-08-02T00:00:00Z,9130.989481723227
2373,2026-08-03T00:00:00Z,9130.989481723227
2374,2026-08-04T00:00:00Z,9130.989481723227
2375,2026-08-05T00:00:00Z,9130.989481723227
2376,2026-08-06T00:00:00Z,9130.989481723227
2377,2026-08-07T00:00:00Z,9130.989481723227
2378,2026-08-09T00:00:00Z,9130.989481723227
2379,2026-08-10T00:00:00Z,9130.989481723227
2380,2026-08-11T00:00:00Z,9130.989481723227
2381,2026-08-12T00:00:00Z,9130.989481723227
2382,2026-08-13T00:00:00Z,9130.989481723227
2383,2026-08-14T00:00:00Z,9130.989481723227
2384,2026-08-16T00:00:00Z,9130.989481723227
2385,2026-08-17T00:00:00Z,9130.989481723227
2386,2026-08-18T00:00:00Z,9130.989481723227
2387,2026-08-19T00:00:00Z,9130.989481723227
2388,2026-08-20T00:00:00Z,9130.989481723227
2389,2026-08-21T00:00:00Z,9130.989481723227
2390,2026-08-23T00:00:00Z,9130.989481723227
2391,2026-08-24T00:00:00Z,9130.989481723227
2392,2026-08-25T00:00:00Z,9130.989481723227
2393,2026-08-26T00:00:00Z,9130.989481723227
2394,2026-08-27T00:00:00Z,9130.989481723227
2395,2026-08-28T00:00:00Z,9130.989481723227
