timestamp_utc,timestamp_unix,open,high,low,close,tick_volume,real_volume,spread
2018-12-12T00:00:00Z,1544572800,97.365,97.45,96.83,96.985,14621,0,45
2018-12-13T00:00:00Z,1544659200,97.04,97.265,96.835,97.035,15788,0,45
2018-12-14T00:00:00Z,1544745600,97.065,97.69,97.055,97.425,12668,0,45
2018-12-17T00:00:00Z,1545004800,96.91,96.91,96.48,96.58,12398,0,45
2018-12-18T00:00:00Z,1545091200,96.575,96.625,96.135,96.505,14109,0,45
2018-12-19T00:00:00Z,1545177600,96.355,96.52,95.975,96.49,17055,0,45
2018-12-20T00:00:00Z,1545264000,96.44,96.475,95.605,95.795,18720,0,45
2018-12-21T00:00:00Z,1545350400,95.86,96.535,95.7,96.51,16659,0,45
2018-12-24T00:00:00Z,1545609600,96.345,96.355,95.845,95.985,11446,0,45
2018-12-26T00:00:00Z,1545782400,96.075,96.625,95.995,96.53,10129,0,45
2018-12-27T00:00:00Z,1545868800,96.425,96.475,95.91,96.035,18291,0,45
2018-12-28T00:00:00Z,1545955200,96.065,96.065,95.72,95.88,11348,0,45
2018-12-31T00:00:00Z,1546214400,95.89,96.045,95.565,95.57,9916,0,45
2019-01-02T00:00:00Z,1546387200,95.56,96.535,95.355,96.345,13765,0,45
2019-01-03T00:00:00Z,1546473600,96.335,96.345,95.755,95.815,17588,0,45
2019-01-04T00:00:00Z,1546560000,95.75,96.18,95.59,95.74,14966,0,45
2019-01-07T00:00:00Z,1546819200,95.655,95.665,95.17,95.235,11973,0,45
2019-01-08T00:00:00Z,1546905600,95.265,95.595,95.255,95.475,12490,0,45
2019-01-09T00:00:00Z,1546992000,95.35,95.49,94.655,94.74,13863,0,45
2019-01-10T00:00:00Z,1547078400,94.69,95.19,94.61,95.11,13409,0,45
2019-01-11T00:00:00Z,1547164800,95.05,95.34,94.76,95.255,11712,0,45
2019-01-14T00:00:00Z,1547424000,95.235,95.3,95.055,95.17,10000,0,45
2019-01-15T00:00:00Z,1547510400,95.135,95.87,95.045,95.55,13957,0,45
2019-01-16T00:00:00Z,1547596800,95.53,95.77,95.46,95.715,11653,0,45
2019-01-17T00:00:00Z,1547683200,95.67,95.9,95.605,95.705,10422,0,45
2019-01-18T00:00:00Z,1547769600,95.695,96.025,95.64,95.995,9164,0,45
2019-01-21T00:00:00Z,1548028800,95.945,96.075,95.835,95.96,5145,0,45
2019-01-22T00:00:00Z,1548115200,95.975,96.125,95.845,95.955,7989,0,45
2019-01-23T00:00:00Z,1548201600,95.945,96.025,95.68,95.77,8378,0,45
2019-01-24T00:00:00Z,1548288000,95.72,96.35,95.695,96.215,12042,0,45
2019-01-25T00:00:00Z,1548374400,96.155,96.215,95.375,95.445,10432,0,45
2019-01-28T00:00:00Z,1548633600,95.405,95.575,95.29,95.415,7614,0,45
2019-01-29T00:00:00Z,1548720000,95.355,95.54,95.28,95.495,9839,0,45
2019-01-30T00:00:00Z,1548806400,95.485,95.67,94.92,95.095,10509,0,45
2019-01-31T00:00:00Z,1548892800,95.075,95.32,94.85,95.255,10716,0,45
2019-02-01T00:00:00Z,1548979200,95.24,95.37,95.09,95.305,9195,0,45
2019-02-04T00:00:00Z,1549238400,95.32,95.635,95.285,95.53,7574,0,45
2019-02-05T00:00:00Z,1549324800,95.555,95.84,95.515,95.81,7931,0,45
2019-02-06T00:00:00Z,1549411200,95.785,96.16,95.76,96.145,7394,0,45
2019-02-07T00:00:00Z,1549497600,96.14,96.435,96.13,96.335,8072,0,45
2019-02-08T00:00:00Z,1549584000,96.325,96.455,96.215,96.395,6771,0,45
2019-02-11T00:00:00Z,1549843200,96.405,96.895,96.385,96.84,6837,0,45
2019-02-12T00:00:00Z,1549929600,96.855,96.975,96.425,96.505,6797,0,45
2019-02-13T00:00:00Z,1550016000,96.49,96.975,96.415,96.97,9514,0,45
2019-02-14T00:00:00Z,1550102400,96.975,97.095,96.745,96.83,10082,0,45
2019-02-15T00:00:00Z,1550188800,96.845,97.185,96.64,96.715,9020,0,45
2019-02-18T00:00:00Z,1550448000,96.65,96.715,96.465,96.585,4557,0,45
2019-02-19T00:00:00Z,1550534400,96.65,96.905,96.23,96.33,8669,0,45
2019-02-20T00:00:00Z,1550620800,96.305,96.465,96.1,96.37,9303,0,45
2019-02-21T00:00:00Z,1550707200,96.33,96.515,96.19,96.47,10200,0,45
2019-02-22T00:00:00Z,1550793600,96.435,96.63,96.26,96.38,8053,0,45
2019-02-25T00:00:00Z,1551052800,96.29,96.45,96.155,96.28,7633,0,45
2019-02-26T00:00:00Z,1551139200,96.24,96.315,95.785,95.905,9233,0,45
2019-02-27T00:00:00Z,1551225600,95.9,96.05,95.735,96.01,8257,0,45
2019-02-28T00:00:00Z,1551312000,95.985,96.17,95.69,96.095,9771,0,45
2019-03-01T00:00:00Z,1551398400,96.14,96.455,95.945,96.355,8282,0,45
2019-03-04T00:00:00Z,1551657600,96.305,96.725,96.29,96.515,7242,0,45
2019-03-05T00:00:00Z,1551744000,96.575,96.925,96.56,96.74,8939,0,45
2019-03-06T00:00:00Z,1551830400,96.795,96.92,96.68,96.79,8077,0,45
2019-03-07T00:00:00Z,1551916800,96.755,97.64,96.74,97.54,10390,0,45
2019-03-08T00:00:00Z,1552003200,97.53,97.575,97.17,97.295,9661,0,45
2019-03-11T00:00:00Z,1552262400,97.335,97.39,97.09,97.105,8721,0,45
2019-03-12T00:00:00Z,1552348800,96.985,97.225,96.78,96.945,10662,0,45
2019-03-13T00:00:00Z,1552435200,96.955,96.96,96.315,96.395,8379,0,45
2019-03-14T00:00:00Z,1552521600,96.47,96.785,96.455,96.715,7885,0,45
2019-03-15T00:00:00Z,1552608000,96.7,96.76,96.45,96.505,6683,0,45
2019-03-18T00:00:00Z,1552867200,96.555,96.57,95.805,95.925,8973,0,45
2019-03-19T00:00:00Z,1552953600,95.95,95.95,95.71,95.83,7712,0,45
2019-03-20T00:00:00Z,1553040000,95.825,96.005,95.145,95.43,10319,0,45
2019-03-21T00:00:00Z,1553126400,95.33,96.09,95.27,95.81,10867,0,45
2019-03-22T00:00:00Z,1553212800,95.82,96.27,95.67,96.07,12509,0,45
2019-03-25T00:00:00Z,1553472000,96.14,96.165,95.87,95.99,9475,0,45
2019-03-26T00:00:00Z,1553558400,95.99,96.31,95.915,96.285,9514,0,45
2019-03-27T00:00:00Z,1553644800,96.235,96.465,96.165,96.45,11537,0,45
2019-03-28T00:00:00Z,1553731200,96.47,96.83,96.34,96.79,10337,0,45
2019-03-29T00:00:00Z,1553817600,96.75,96.885,96.54,96.79,10559,0,45
2019-04-01T00:00:00Z,1554076800,96.785,96.85,96.56,96.795,8002,0,45
2019-04-02T00:00:00Z,1554163200,96.88,97.075,96.805,96.83,8214,0,45
2019-04-03T00:00:00Z,1554249600,96.865,96.865,96.5,96.68,7974,0,45
2019-04-04T00:00:00Z,1554336000,96.59,96.925,96.585,96.9,5771,0,45
2019-04-05T00:00:00Z,1554422400,96.89,97.05,96.68,96.97,6399,0,45
2019-04-08T00:00:00Z,1554681600,96.96,96.975,96.55,96.635,5729,0,45
2019-04-09T00:00:00Z,1554768000,96.655,96.66,96.435,96.605,6087,0,45
2019-04-10T00:00:00Z,1554854400,96.59,96.82,96.43,96.5,7590,0,45
2019-04-11T00:00:00Z,1554940800,96.51,96.805,96.475,96.79,6159,0,45
2019-04-12T00:00:00Z,1555027200,96.77,96.795,96.34,96.535,6785,0,45
2019-04-15T00:00:00Z,1555286400,96.53,96.555,96.38,96.515,5830,0,45
2019-04-16T00:00:00Z,1555372800,96.51,96.705,96.47,96.7,8999,0,45
2019-04-17T00:00:00Z,1555459200,96.71,96.765,96.44,96.625,9567,0,45
2019-04-18T00:00:00Z,1555545600,96.655,97.14,96.595,97.105,9868,0,45
2019-04-22T00:00:00Z,1555891200,97.03,97.06,96.895,96.94,3593,0,45
2019-04-23T00:00:00Z,1555977600,96.94,97.44,96.93,97.22,7858,0,45
2019-04-24T00:00:00Z,1556064000,97.255,97.86,97.255,97.77,10855,0,45
2019-04-25T00:00:00Z,1556150400,97.79,98.03,97.69,97.87,10684,0,45
2019-04-26T00:00:00Z,1556236800,97.84,98.04,97.535,97.76,10762,0,45
2019-04-29T00:00:00Z,1556496000,97.75,97.82,97.525,97.555,8959,0,45
2019-04-30T00:00:00Z,1556582400,97.565,97.6,97.145,97.215,11902,0,45
2019-05-01T00:00:00Z,1556668800,97.22,97.435,96.845,97.35,11167,0,45
2019-05-02T00:00:00Z,1556755200,97.34,97.575,97.23,97.565,12226,0,45
2019-05-03T00:00:00Z,1556841600,97.575,97.845,97.16,97.175,12805,0,45
2019-05-06T00:00:00Z,1557100800,97.28,97.445,97.2,97.27,10320,0,45
2019-05-07T00:00:00Z,1557187200,97.265,97.49,97.115,97.285,13167,0,45
2019-05-08T00:00:00Z,1557273600,97.315,97.425,97.155,97.355,14424,0,45
2019-05-09T00:00:00Z,1557360000,97.34,97.465,96.985,97.255,15576,0,45
2019-05-10T00:00:00Z,1557446400,97.215,97.215,96.885,97.09,13284,0,45
2019-05-13T00:00:00Z,1557705600,97.065,97.15,96.785,97.14,11894,0,45
2019-05-14T00:00:00Z,1557792000,97.08,97.335,97.055,97.315,9879,0,45
2019-05-15T00:00:00Z,1557878400,97.33,97.49,97.215,97.36,10915,0,45
2019-05-16T00:00:00Z,1557964800,97.34,97.695,97.24,97.64,9928,0,45
2019-05-17T00:00:00Z,1558051200,97.64,97.84,97.565,97.83,11795,0,45
2019-05-20T00:00:00Z,1558310400,97.78,97.855,97.695,97.76,8403,0,45
2019-05-21T00:00:00Z,1558396800,97.76,97.955,97.625,97.84,10179,0,45
2019-05-22T00:00:00Z,1558483200,97.845,97.945,97.705,97.935,9056,0,45
2019-05-23T00:00:00Z,1558569600,97.925,98.23,97.64,97.7,12769,0,45
2019-05-24T00:00:00Z,1558656000,97.695,97.755,97.385,97.44,9836,0,45
2019-05-27T00:00:00Z,1558915200,97.445,97.645,97.395,97.6,4576,0,45
2019-05-28T00:00:00Z,1559001600,97.59,97.84,97.545,97.83,10069,0,45
2019-05-29T00:00:00Z,1559088000,97.785,98.075,97.725,98.04,11135,0,45
2019-05-30T00:00:00Z,1559174400,98.02,98.175,97.975,98.055,9709,0,45
2019-05-31T00:00:00Z,1559260800,98.04,98.05,97.605,97.65,13032,0,45
2019-06-03T00:00:00Z,1559520000,97.62,97.7,96.99,97.13,13810,0,45
2019-06-04T00:00:00Z,1559606400,97.12,97.245,96.89,97.03,13545,0,45
2019-06-05T00:00:00Z,1559692800,97.015,97.285,96.64,97.275,14988,0,45
2019-06-06T00:00:00Z,1559779200,97.235,97.365,96.7,96.955,14842,0,45
2019-06-07T00:00:00Z,1559865600,96.955,97.11,96.38,96.51,13376,0,45
2019-06-10T00:00:00Z,1560124800,96.645,96.87,96.6,96.715,10081,0,45
2019-06-11T00:00:00Z,1560211200,96.665,96.83,96.58,96.655,12450,0,45
2019-06-12T00:00:00Z,1560297600,96.655,96.97,96.52,96.945,14030,0,45
2019-06-13T00:00:00Z,1560384000,96.925,97.05,96.835,97.01,10316,0,45
2019-06-14T00:00:00Z,1560470400,96.99,97.56,96.915,97.495,13465,0,45
2019-06-17T00:00:00Z,1560729600,96.99,97.075,96.795,97.035,8033,0,45
2019-06-18T00:00:00Z,1560816000,96.99,97.24,96.86,97.13,14176,0,45
2019-06-19T00:00:00Z,1560902400,97.125,97.18,96.54,96.715,13410,0,45
2019-06-20T00:00:00Z,1560988800,96.64,96.64,96.04,96.13,17933,0,45
2019-06-21T00:00:00Z,1561075200,96.115,96.215,95.62,95.67,16424,0,45
2019-06-24T00:00:00Z,1561334400,95.59,95.695,95.44,95.48,11087,0,45
2019-06-25T00:00:00Z,1561420800,95.495,95.85,95.345,95.655,15296,0,45
2019-06-26T00:00:00Z,1561507200,95.68,95.83,95.54,95.705,13232,0,45
2019-06-27T00:00:00Z,1561593600,95.71,95.9,95.645,95.725,12230,0,45
2019-06-28T00:00:00Z,1561680000,95.705,95.82,95.54,95.705,13121,0,45
2019-07-01T00:00:00Z,1561939200,95.835,96.4,95.8,96.355,12378,0,45
2019-07-02T00:00:00Z,1562025600,96.36,96.425,96.13,96.29,11366,0,45
2019-07-03T00:00:00Z,1562112000,96.25,96.415,96.1,96.305,9881,0,45
2019-07-04T00:00:00Z,1562198400,96.275,96.37,96.21,96.32,5032,0,45
2019-07-05T00:00:00Z,1562284800,96.3,97.02,96.3,96.81,10858,0,45
2019-07-08T00:00:00Z,1562544000,96.82,96.995,96.745,96.95,8482,0,45
2019-07-09T00:00:00Z,1562630400,96.97,97.175,96.94,97.085,9270,0,45
2019-07-10T00:00:00Z,1562716800,97.135,97.14,96.64,96.655,10104,0,45
2019-07-11T00:00:00Z,1562803200,96.655,96.73,96.39,96.67,10146,0,45
2019-07-12T00:00:00Z,1562889600,96.68,96.695,96.385,96.4,12512,0,45
2019-07-15T00:00:00Z,1563148800,96.415,96.57,96.355,96.54,9078,0,45
2019-07-16T00:00:00Z,1563235200,96.535,97.06,96.515,97.01,10788,0,45
2019-07-17T00:00:00Z,1563321600,97.01,97.08,96.775,96.815,8275,0,45
2019-07-18T00:00:00Z,1563408000,96.835,96.91,96.675,96.8,8210,0,45
2019-07-19T00:00:00Z,1563494400,96.46,96.955,96.41,96.795,8897,0,45
2019-07-22T00:00:00Z,1563753600,96.815,96.96,96.78,96.95,8154,0,45
2019-07-23T00:00:00Z,1563840000,97.02,97.435,97.01,97.39,7812,0,45
2019-07-24T00:00:00Z,1563926400,97.4,97.505,97.235,97.39,7143,0,45
2019-07-25T00:00:00Z,1564012800,97.415,97.63,97.195,97.5,11002,0,45
2019-07-26T00:00:00Z,1564099200,97.52,97.805,97.48,97.7,7401,0,45
2019-07-29T00:00:00Z,1564358400,97.635,97.885,97.62,97.775,6329,0,45
2019-07-30T00:00:00Z,1564444800,97.815,97.935,97.745,97.8,8598,0,45
2019-07-31T00:00:00Z,1564531200,97.81,98.42,97.74,98.295,13465,0,45
2019-08-01T00:00:00Z,1564617600,98.64,98.67,98.015,98.125,15056,0,45
2019-08-02T00:00:00Z,1564704000,98.065,98.205,97.795,97.845,14969,0,45
2019-08-05T00:00:00Z,1564963200,97.685,97.8,97.165,97.27,15260,0,45
2019-08-06T00:00:00Z,1565049600,97.04,97.54,97.035,97.37,14323,0,45
2019-08-07T00:00:00Z,1565136000,97.305,97.515,97.09,97.42,16608,0,45
2019-08-08T00:00:00Z,1565222400,97.345,97.54,97.195,97.46,12074,0,45
2019-08-09T00:00:00Z,1565308800,97.38,97.445,97.155,97.345,10151,0,45
2019-08-12T00:00:00Z,1565568000,97.31,97.53,97.105,97.2,8922,0,45
2019-08-13T00:00:00Z,1565654400,97.27,97.665,97.105,97.655,12784,0,45
2019-08-14T00:00:00Z,1565740800,97.555,97.87,97.48,97.805,12283,0,45
2019-08-15T00:00:00Z,1565827200,97.8,98.07,97.655,97.975,13465,0,45
2019-08-16T00:00:00Z,1565913600,98.025,98.18,97.945,98.04,8567,0,45
2019-08-19T00:00:00Z,1566172800,98.07,98.24,97.985,98.23,6874,0,45
2019-08-20T00:00:00Z,1566259200,98.195,98.31,97.97,98.005,6697,0,45
2019-08-21T00:00:00Z,1566345600,98.065,98.185,97.98,98.16,7263,0,45
2019-08-22T00:00:00Z,1566432000,98.165,98.27,97.945,98.075,8361,0,45
2019-08-23T00:00:00Z,1566518400,98.12,98.37,97.45,97.525,11537,0,45
2019-08-26T00:00:00Z,1566777600,97.54,97.975,97.495,97.935,11395,0,45
2019-08-27T00:00:00Z,1566864000,97.875,97.935,97.745,97.9,8702,0,45
2019-08-28T00:00:00Z,1566950400,97.935,98.16,97.905,98.135,9081,0,45
2019-08-29T00:00:00Z,1567036800,98.1,98.465,98.075,98.37,8392,0,45
2019-08-30T00:00:00Z,1567123200,98.38,98.945,98.32,98.735,8607,0,45
2019-09-02T00:00:00Z,1567382400,98.765,99.065,98.735,98.925,4637,0,45
2019-09-03T00:00:00Z,1567468800,99.085,99.31,98.84,98.89,10720,0,45
2019-09-04T00:00:00Z,1567555200,98.87,98.895,98.315,98.33,9493,0,45
2019-09-05T00:00:00Z,1567641600,98.36,98.485,98.01,98.335,10218,0,45
2019-09-06T00:00:00Z,1567728000,98.38,98.46,98.12,98.355,9730,0,45
2019-09-09T00:00:00Z,1567987200,98.43,98.45,98.085,98.27,7573,0,45
2019-09-10T00:00:00Z,1568073600,98.335,98.42,98.21,98.315,7586,0,45
2019-09-11T00:00:00Z,1568160000,98.32,98.71,98.275,98.585,7523,0,45
2019-09-12T00:00:00Z,1568246400,98.62,99.08,98.145,98.335,12284,0,45
2019-09-13T00:00:00Z,1568332800,98.36,98.37,97.97,98.15,8170,0,45
2019-09-16T00:00:00Z,1568592000,97.71,98.25,97.71,98.16,6869,0,45
2019-09-17T00:00:00Z,1568678400,98.16,98.27,97.715,97.76,8467,0,45
2019-09-18T00:00:00Z,1568764800,97.795,98.245,97.785,98.11,9765,0,45
2019-09-19T00:00:00Z,1568851200,98.16,98.165,97.75,97.925,9584,0,45
2019-09-20T00:00:00Z,1568937600,97.875,98.23,97.705,98.06,8941,0,45
2019-09-23T00:00:00Z,1569196800,98.085,98.43,98.045,98.23,7935,0,45
2019-09-24T00:00:00Z,1569283200,98.24,98.3,97.855,97.905,9125,0,45
2019-09-25T00:00:00Z,1569369600,97.95,98.665,97.935,98.63,9327,0,45
2019-09-26T00:00:00Z,1569456000,98.575,98.885,98.43,98.82,9448,0,45
2019-09-27T00:00:00Z,1569542400,98.81,98.935,98.605,98.74,9230,0,45
2019-09-30T00:00:00Z,1569801600,98.74,99.09,98.685,99.015,8406,0,45
2019-10-01T00:00:00Z,1569888000,99.035,99.285,98.68,98.775,10270,0,45
2019-10-02T00:00:00Z,1569974400,98.76,99.055,98.595,98.675,9163,0,45
2019-10-03T00:00:00Z,1570060800,98.65,98.85,98.28,98.61,11038,0,45
2019-10-04T00:00:00Z,1570147200,98.535,98.67,98.325,98.485,9893,0,45
2019-10-07T00:00:00Z,1570406400,98.465,98.685,98.4,98.65,7971,0,45
2019-10-08T00:00:00Z,1570492800,98.655,98.935,98.52,98.805,9996,0,45
2019-10-09T00:00:00Z,1570579200,98.77,98.84,98.57,98.815,8158,0,45
2019-10-10T00:00:00Z,1570665600,98.725,98.775,98.3,98.395,12131,0,45
2019-10-11T00:00:00Z,1570752000,98.365,98.425,97.865,98.02,13830,0,45
2019-10-14T00:00:00Z,1571011200,98.1,98.24,98.06,98.165,7843,0,45
2019-10-15T00:00:00Z,1571097600,98.17,98.35,97.89,97.99,12087,0,45
2019-10-16T00:00:00Z,1571184000,98.02,98.125,97.585,97.715,12389,0,45
2019-10-17T00:00:00Z,1571270400,97.72,97.825,97.195,97.3,11988,0,45
2019-10-18T00:00:00Z,1571356800,97.315,97.37,96.895,96.9,8092,0,45
2019-10-21T00:00:00Z,1571616000,97.055,97.1,96.86,97.025,7194,0,45
2019-10-22T00:00:00Z,1571702400,97.015,97.29,96.965,97.24,10681,0,45
2019-10-23T00:00:00Z,1571788800,97.215,97.37,97.135,97.2,8341,0,45
2019-10-24T00:00:00Z,1571875200,97.2,97.53,97.035,97.405,10850,0,45
2019-10-25T00:00:00Z,1571961600,97.43,97.66,97.315,97.57,7583,0,45
2019-10-28T00:00:00Z,1572220800,97.575,97.645,97.425,97.485,7978,0,45
2019-10-29T00:00:00Z,1572307200,97.51,97.68,97.36,97.44,8787,0,45
2019-10-30T00:00:00Z,1572393600,97.45,97.785,97.21,97.235,10428,0,35
2019-10-31T00:00:00Z,1572480000,97.21,97.225,97.0,97.09,9510,0,35
2019-11-01T00:00:00Z,1572566400,97.085,97.25,96.945,96.995,7837,0,35
2019-11-04T00:00:00Z,1572825600,97.035,97.365,96.955,97.325,6400,0,35
2019-11-05T00:00:00Z,1572912000,97.34,97.81,97.26,97.735,9193,0,35
2019-11-06T00:00:00Z,1572998400,97.745,97.785,97.58,97.765,8255,0,35
2019-11-07T00:00:00Z,1573084800,97.755,98.06,97.635,97.95,11637,0,40
2019-11-08T00:00:00Z,1573171200,97.975,98.225,97.925,98.195,8844,0,40
2019-11-11T00:00:00Z,1573430400,98.19,98.21,97.95,98.03,7426,0,40
2019-11-12T00:00:00Z,1573516800,98.045,98.255,98.035,98.19,8301,0,40
2019-11-13T00:00:00Z,1573603200,98.155,98.285,98.12,98.17,8347,0,35
2019-11-14T00:00:00Z,1573689600,98.19,98.275,97.955,98.005,6501,0,35
2019-11-15T00:00:00Z,1573776000,97.995,98.09,97.815,97.835,5595,0,35
2019-11-18T00:00:00Z,1574035200,97.81,97.82,97.53,97.675,5494,0,35
2019-11-19T00:00:00Z,1574121600,97.69,97.755,97.615,97.7,5294,0,35
2019-11-20T00:00:00Z,1574208000,97.725,97.91,97.71,97.775,7186,0,35
2019-11-21T00:00:00Z,1574294400,97.74,97.93,97.605,97.87,6682,0,35
2019-11-22T00:00:00Z,1574380800,97.84,98.2,97.695,98.165,7002,0,35
2019-11-25T00:00:00Z,1574640000,98.15,98.28,98.065,98.195,5656,0,35
2019-11-26T00:00:00Z,1574726400,98.235,98.29,98.13,98.155,5575,0,35
2019-11-27T00:00:00Z,1574812800,98.19,98.35,98.185,98.31,5987,0,35
2019-11-28T00:00:00Z,1574899200,98.25,98.325,98.18,98.275,3406,0,35
2019-11-29T00:00:00Z,1574985600,98.255,98.475,98.135,98.165,5320,0,35
2019-12-02T00:00:00Z,1575244800,98.235,98.3,97.73,97.785,6877,0,35
2019-12-03T00:00:00Z,1575331200,97.845,97.865,97.565,97.655,7184,0,35
2019-12-04T00:00:00Z,1575417600,97.65,97.725,97.335,97.555,8110,0,35
2019-12-05T00:00:00Z,1575504000,97.515,97.54,97.295,97.345,5736,0,35
2019-12-06T00:00:00Z,1575590400,97.355,97.8,97.305,97.62,6383,0,35
2019-12-09T00:00:00Z,1575849600,97.645,97.68,97.51,97.6,4976,0,35
2019-12-10T00:00:00Z,1575936000,97.61,97.615,97.35,97.39,5925,0,35
2019-12-11T00:00:00Z,1576022400,97.47,97.56,96.995,97.025,7203,0,35
2019-12-12T00:00:00Z,1576108800,97.06,97.505,97.015,97.31,8948,0,35
2019-12-13T00:00:00Z,1576195200,96.8,97.215,96.675,97.195,10621,0,35
2019-12-16T00:00:00Z,1576454400,96.685,96.695,96.475,96.605,5844,0,35
2019-12-17T00:00:00Z,1576540800,96.695,96.815,96.565,96.73,8040,0,35
2019-12-18T00:00:00Z,1576627200,96.77,97.025,96.765,96.955,7020,0,35
2019-12-19T00:00:00Z,1576713600,96.965,97.04,96.79,96.97,7801,0,35
2019-12-20T00:00:00Z,1576800000,96.98,97.33,96.955,97.255,6531,0,35
2019-12-23T00:00:00Z,1577059200,97.26,97.39,97.155,97.24,6326,0,35
2019-12-24T00:00:00Z,1577145600,97.245,97.375,97.18,97.235,3950,0,35
2019-12-26T00:00:00Z,1577318400,97.22,97.275,97.055,97.145,3326,0,35
2019-12-27T00:00:00Z,1577404800,97.13,97.145,96.515,96.605,6597,0,35
2019-12-30T00:00:00Z,1577664000,96.56,96.565,96.24,96.415,7451,0,35
2019-12-31T00:00:00Z,1577750400,96.375,96.375,96.0,96.135,6602,0,35
2020-01-02T00:00:00Z,1577923200,96.13,96.54,96.08,96.465,7669,0,35
2020-01-03T00:00:00Z,1578009600,96.425,96.78,96.375,96.575,9189,0,35
2020-01-06T00:00:00Z,1578268800,96.52,96.565,96.21,96.29,7278,0,35
2020-01-07T00:00:00Z,1578355200,96.335,96.775,96.29,96.64,7977,0,35
2020-01-08T00:00:00Z,1578441600,96.53,97.025,96.505,97.015,10250,0,35
2020-01-09T00:00:00Z,1578528000,96.97,97.255,96.935,97.115,7020,0,35
2020-01-10T00:00:00Z,1578614400,97.12,97.285,96.985,97.055,6976,0,35
2020-01-13T00:00:00Z,1578873600,97.115,97.23,97.0,97.09,6064,0,35
2020-01-14T00:00:00Z,1578960000,97.085,97.285,97.025,97.105,8022,0,35
2020-01-15T00:00:00Z,1579046400,97.08,97.16,96.865,96.925,6704,0,35
2020-01-16T00:00:00Z,1579132800,96.92,97.095,96.805,97.04,6256,0,35
2020-01-17T00:00:00Z,1579219200,97.04,97.395,96.995,97.37,6642,0,35
2020-01-20T00:00:00Z,1579478400,97.37,97.465,97.315,97.405,3285,0,35
2020-01-21T00:00:00Z,1579564800,97.375,97.4,97.13,97.35,6899,0,35
2020-01-22T00:00:00Z,1579651200,97.375,97.44,97.18,97.235,6545,0,35
2020-01-23T00:00:00Z,1579737600,97.28,97.575,97.165,97.43,7747,0,35
2020-01-24T00:00:00Z,1579824000,97.485,97.72,97.435,97.665,7144,0,35
2020-01-27T00:00:00Z,1580083200,97.61,97.785,97.59,97.73,5601,0,35
2020-01-28T00:00:00Z,1580169600,97.725,97.955,97.7,97.755,5622,0,35
2020-01-29T00:00:00Z,1580256000,97.75,97.99,97.75,97.855,6309,0,35
2020-01-30T00:00:00Z,1580342400,97.835,97.895,97.605,97.67,7067,0,35
2020-01-31T00:00:00Z,1580428800,97.675,97.775,97.15,97.16,7651,0,35
2020-02-03T00:00:00Z,1580688000,97.29,97.73,97.255,97.635,7465,0,35
2020-02-04T00:00:00Z,1580774400,97.645,97.835,97.615,97.78,6916,0,35
2020-02-05T00:00:00Z,1580860800,97.785,98.165,97.74,98.105,7307,0,35
2020-02-06T00:00:00Z,1580947200,98.155,98.43,98.055,98.335,5960,0,35
2020-02-07T00:00:00Z,1581033600,98.32,98.58,98.285,98.57,7408,0,35
2020-02-10T00:00:00Z,1581292800,98.51,98.755,98.47,98.725,5633,0,35
2020-02-11T00:00:00Z,1581379200,98.74,98.835,98.565,98.62,6724,0,35
2020-02-12T00:00:00Z,1581465600,98.635,98.91,98.565,98.865,7230,0,35
2020-02-13T00:00:00Z,1581552000,98.875,98.985,98.73,98.985,7532,0,35
2020-02-14T00:00:00Z,1581638400,98.995,99.03,98.855,99.02,6373,0,35
2020-02-17T00:00:00Z,1581897600,99.0,99.08,98.915,99.045,3936,0,35
2020-02-18T00:00:00Z,1581984000,99.09,99.355,99.01,99.335,7905,0,35
2020-02-19T00:00:00Z,1582070400,99.3,99.605,99.255,99.48,7859,0,35
2020-02-20T00:00:00Z,1582156800,99.445,99.8,99.425,99.795,10016,0,35
2020-02-21T00:00:00Z,1582243200,99.75,99.775,99.125,99.24,9329,0,35
2020-02-24T00:00:00Z,1582502400,99.39,99.555,99.015,99.19,11437,0,35
2020-02-25T00:00:00Z,1582588800,99.25,99.3,98.785,98.895,12173,0,35
2020-02-26T00:00:00Z,1582675200,98.985,99.185,98.83,99.07,13557,0,35
2020-02-27T00:00:00Z,1582761600,98.955,98.98,98.275,98.355,16224,0,35
2020-02-28T00:00:00Z,1582848000,98.39,98.595,97.895,98.035,20534,0,35
2020-03-02T00:00:00Z,1583107200,97.81,97.98,97.115,97.52,22195,0,35
2020-03-03T00:00:00Z,1583193600,97.485,97.635,96.86,97.14,21809,0,35
2020-03-04T00:00:00Z,1583280000,97.105,97.545,97.055,97.32,15106,0,35
2020-03-05T00:00:00Z,1583366400,97.325,97.395,96.47,96.535,15281,0,35
2020-03-06T00:00:00Z,1583452800,96.62,96.63,95.665,96.04,26649,0,35
2020-03-09T00:00:00Z,1583712000,95.465,95.655,94.595,95.05,43415,0,35
2020-03-10T00:00:00Z,1583798400,95.38,96.56,95.165,96.49,38111,0,35
2020-03-11T00:00:00Z,1583884800,96.27,96.585,95.88,96.53,28427,0,35
2020-03-12T00:00:00Z,1583971200,96.6,98.31,96.045,97.415,37881,0,35
2020-03-13T00:00:00Z,1584057600,97.435,98.815,97.31,98.445,31634,0,35
2020-03-16T00:00:00Z,1584316800,98.01,98.67,97.56,98.08,37176,0,35
2020-03-17T00:00:00Z,1584403200,98.205,100.055,98.085,99.775,31626,0,35
2020-03-18T00:00:00Z,1584489600,99.645,102.025,99.365,101.23,37212,0,35
2020-03-19T00:00:00Z,1584576000,101.045,103.655,101.03,103.54,45722,0,35
2020-03-20T00:00:00Z,1584662400,103.75,103.805,101.885,103.16,38353,0,35
2020-03-23T00:00:00Z,1584921600,103.385,103.715,102.285,103.16,42779,0,35
2020-03-24T00:00:00Z,1585008000,102.78,102.895,101.535,101.89,33812,0,35
2020-03-25T00:00:00Z,1585094400,101.74,102.095,100.81,100.945,30947,0,35
2020-03-26T00:00:00Z,1585180800,100.845,101.055,99.33,99.52,30691,0,35
2020-03-27T00:00:00Z,1585267200,99.4,99.995,98.325,98.385,32748,0,35
2020-03-30T00:00:00Z,1585526400,98.405,99.425,98.38,99.09,26025,0,35
2020-03-31T00:00:00Z,1585612800,99.225,100.1,98.86,98.96,31215,0,35
2020-04-01T00:00:00Z,1585699200,99.055,99.89,98.93,99.53,23052,0,35
2020-04-02T00:00:00Z,1585785600,99.59,100.475,99.42,100.185,23296,0,35
2020-04-03T00:00:00Z,1585872000,100.255,100.955,100.22,100.725,19304,0,35
2020-04-06T00:00:00Z,1586131200,100.835,101.01,100.52,100.83,19868,0,35
2020-04-07T00:00:00Z,1586217600,100.78,100.81,99.705,99.955,19988,0,35
2020-04-08T00:00:00Z,1586304000,99.965,100.495,99.93,100.19,18069,0,35
2020-04-09T00:00:00Z,1586390400,100.16,100.33,99.3,99.505,18665,0,35
2020-04-13T00:00:00Z,1586736000,99.485,99.62,99.09,99.475,12031,0,35
2020-04-14T00:00:00Z,1586822400,99.35,99.42,98.795,98.845,15714,0,35
2020-04-15T00:00:00Z,1586908800,98.81,100.035,98.81,99.585,15699,0,35
2020-04-16T00:00:00Z,1586995200,99.66,100.37,99.615,100.11,18731,0,35
2020-04-17T00:00:00Z,1587081600,100.23,100.34,99.64,99.765,13592,0,35
2020-04-20T00:00:00Z,1587340800,99.9,100.165,99.73,100.035,14719,0,35
2020-04-21T00:00:00Z,1587427200,100.02,100.615,100.015,100.335,17919,0,35
2020-04-22T00:00:00Z,1587513600,100.3,100.605,99.975,100.455,14217,0,35
2020-04-23T00:00:00Z,1587600000,100.58,100.835,100.1,100.585,18979,0,35
2020-04-24T00:00:00Z,1587686400,100.59,100.96,100.23,100.245,15291,0,35
2020-04-27T00:00:00Z,1587945600,100.285,100.355,99.825,100.085,13728,0,35
2020-04-28T00:00:00Z,1588032000,100.125,100.27,99.47,100.03,14654,0,35
2020-04-29T00:00:00Z,1588118400,99.92,99.935,99.5,99.535,14639,0,35
2020-04-30T00:00:00Z,1588204800,99.54,99.775,98.81,99.03,19490,0,35
2020-05-01T00:00:00Z,1588291200,99.105,99.21,98.76,99.075,13825,0,35
2020-05-04T00:00:00Z,1588550400,99.285,99.64,99.28,99.57,12835,0,35
2020-05-05T00:00:00Z,1588636800,99.565,100.055,99.355,99.855,15022,0,35
2020-05-06T00:00:00Z,1588723200,99.82,100.245,99.775,100.18,14210,0,35
2020-05-07T00:00:00Z,1588809600,100.225,100.44,99.805,99.855,15857,0,35
2020-05-08T00:00:00Z,1588896000,99.825,99.955,99.44,99.75,11683,0,35
2020-05-11T00:00:00Z,1589155200,99.805,100.33,99.665,100.26,12762,0,35
2020-05-12T00:00:00Z,1589241600,100.24,100.495,99.665,100.015,14153,0,35
2020-05-13T00:00:00Z,1589328000,100.035,100.31,99.57,100.24,15460,0,35
2020-05-14T00:00:00Z,1589414400,100.21,100.585,100.185,100.31,13906,0,35
2020-05-15T00:00:00Z,1589500800,100.295,100.5,100.075,100.37,12924,0,35
2020-05-18T00:00:00Z,1589760000,100.405,100.495,99.575,99.605,12114,0,35
2020-05-19T00:00:00Z,1589846400,99.625,99.735,99.225,99.55,13048,0,35
2020-05-20T00:00:00Z,1589932800,99.545,99.545,98.985,99.15,11817,0,35
2020-05-21T00:00:00Z,1590019200,99.17,99.52,99.015,99.42,12173,0,35
2020-05-22T00:00:00Z,1590105600,99.41,99.885,99.38,99.78,10250,0,35
2020-05-25T00:00:00Z,1590364800,99.725,99.98,99.685,99.795,5023,0,35
2020-05-26T00:00:00Z,1590451200,99.72,99.775,98.875,98.975,11130,0,35
2020-05-27T00:00:00Z,1590537600,99.0,99.34,98.695,98.93,17276,0,35
2020-05-28T00:00:00Z,1590624000,98.89,99.08,98.32,98.45,15317,0,35
2020-05-29T00:00:00Z,1590710400,98.46,98.53,97.92,98.25,19155,0,35
2020-06-01T00:00:00Z,1590969600,98.205,98.22,97.755,97.805,14430,0,35
2020-06-02T00:00:00Z,1591056000,97.845,97.885,97.4,97.65,15669,0,35
2020-06-03T00:00:00Z,1591142400,97.545,97.595,97.14,97.275,18262,0,35
2020-06-04T00:00:00Z,1591228800,97.29,97.615,96.545,96.735,18888,0,35
2020-06-05T00:00:00Z,1591315200,96.73,97.03,96.42,96.91,18101,0,35
2020-06-08T00:00:00Z,1591574400,96.715,97.05,96.565,96.665,13932,0,35
2020-06-09T00:00:00Z,1591660800,96.6,97.05,96.2,96.36,16266,0,35
2020-06-10T00:00:00Z,1591747200,96.43,96.43,95.685,96.05,20008,0,35
2020-06-11T00:00:00Z,1591833600,96.135,96.805,95.925,96.74,21029,0,35
2020-06-12T00:00:00Z,1591920000,96.82,97.435,96.475,97.055,20538,0,35
2020-06-15T00:00:00Z,1592179200,97.165,97.36,96.53,96.595,21519,0,35
2020-06-16T00:00:00Z,1592265600,96.47,97.22,96.365,96.95,21029,0,35
2020-06-17T00:00:00Z,1592352000,96.935,97.335,96.745,97.03,16940,0,35
2020-06-18T00:00:00Z,1592438400,97.035,97.54,96.91,97.405,16930,0,35
2020-06-19T00:00:00Z,1592524800,97.38,97.685,97.095,97.615,14547,0,35
2020-06-22T00:00:00Z,1592784000,97.63,97.66,96.925,96.98,12875,0,35
2020-06-23T00:00:00Z,1592870400,96.815,97.19,96.305,96.625,16171,0,35
2020-06-24T00:00:00Z,1592956800,96.57,97.185,96.48,97.18,15353,0,35
2020-06-25T00:00:00Z,1593043200,97.195,97.57,97.115,97.33,14172,0,35
2020-06-26T00:00:00Z,1593129600,97.32,97.645,97.215,97.44,10550,0,35
2020-06-29T00:00:00Z,1593388800,97.435,97.595,97.065,97.415,11310,0,35
2020-06-30T00:00:00Z,1593475200,97.365,97.78,97.165,97.325,13124,0,35
2020-07-01T00:00:00Z,1593561600,97.34,97.6,96.97,97.105,11993,0,35
2020-07-02T00:00:00Z,1593648000,97.11,97.32,96.77,97.185,12039,0,35
2020-07-03T00:00:00Z,1593734400,97.195,97.33,97.12,97.14,7333,0,35
2020-07-06T00:00:00Z,1593993600,97.135,97.135,96.485,96.715,11169,0,35
2020-07-07T00:00:00Z,1594080000,96.68,97.085,96.535,96.89,12215,0,35
2020-07-08T00:00:00Z,1594166400,96.89,96.985,96.325,96.405,12606,0,35
2020-07-09T00:00:00Z,1594252800,96.37,96.76,96.16,96.735,14676,0,35
2020-07-10T00:00:00Z,1594339200,96.725,96.945,96.375,96.6,11821,0,35
2020-07-13T00:00:00Z,1594598400,96.56,96.62,96.19,96.49,12481,0,35
2020-07-14T00:00:00Z,1594684800,96.485,96.655,96.105,96.155,14055,0,35
2020-07-15T00:00:00Z,1594771200,96.075,96.195,95.7,95.975,12775,0,35
2020-07-16T00:00:00Z,1594857600,95.94,96.355,95.83,96.25,12655,0,35
2020-07-17T00:00:00Z,1594944000,96.215,96.275,95.83,95.94,9781,0,35
2020-07-20T00:00:00Z,1595203200,95.86,96.13,95.66,95.735,12845,0,35
2020-07-21T00:00:00Z,1595289600,95.66,95.85,94.965,95.095,14417,0,35
2020-07-22T00:00:00Z,1595376000,95.055,95.36,94.755,94.905,16069,0,35
2020-07-23T00:00:00Z,1595462400,94.94,95.13,94.525,94.71,14767,0,35
2020-07-24T00:00:00Z,1595548800,94.735,94.765,94.26,94.28,15843,0,35
2020-07-27T00:00:00Z,1595808000,94.29,94.295,93.405,93.59,15995,0,35
2020-07-28T00:00:00Z,1595894400,93.47,93.95,93.43,93.69,16643,0,35
2020-07-29T00:00:00Z,1595980800,93.7,93.75,93.1,93.21,15946,0,35
2020-07-30T00:00:00Z,1596067200,93.295,93.625,92.87,92.885,16895,0,35
2020-07-31T00:00:00Z,1596153600,92.735,93.505,92.5,93.41,21030,0,35
2020-08-03T00:00:00Z,1596412800,93.37,93.965,93.315,93.47,15817,0,35
2020-08-04T00:00:00Z,1596499200,93.495,93.795,93.195,93.215,14590,0,35
2020-08-05T00:00:00Z,1596585600,93.105,93.22,92.52,92.8,15025,0,35
2020-08-06T00:00:00Z,1596672000,92.755,93.065,92.46,92.755,18446,0,35
2020-08-07T00:00:00Z,1596758400,92.77,93.605,92.72,93.365,17914,0,35
2020-08-10T00:00:00Z,1597017600,93.395,93.67,93.255,93.575,11696,0,35
2020-08-11T00:00:00Z,1597104000,93.58,93.705,93.125,93.62,16488,0,35
2020-08-12T00:00:00Z,1597190400,93.64,93.87,93.195,93.385,16534,0,35
2020-08-13T00:00:00Z,1597276800,93.32,93.37,92.89,93.22,14739,0,35
2020-08-14T00:00:00Z,1597363200,93.205,93.39,92.98,93.065,12589,0,35
2020-08-17T00:00:00Z,1597622400,92.98,93.1,92.735,92.81,11034,0,35
2020-08-18T00:00:00Z,1597708800,92.78,92.79,92.09,92.28,13832,0,35
2020-08-19T00:00:00Z,1597795200,92.185,93.045,92.12,93.005,16119,0,35
2020-08-20T00:00:00Z,1597881600,92.965,93.225,92.69,92.735,17022,0,35
2020-08-21T00:00:00Z,1597968000,92.65,93.46,92.55,93.185,15018,0,35
2020-08-24T00:00:00Z,1598227200,93.18,93.32,92.81,93.285,11691,0,35
2020-08-25T00:00:00Z,1598313600,93.25,93.33,92.94,92.99,13470,0,35
2020-08-26T00:00:00Z,1598400000,92.98,93.35,92.82,92.88,12715,0,35
2020-08-27T00:00:00Z,1598486400,92.8,93.33,92.38,92.995,21072,0,35
2020-08-28T00:00:00Z,1598572800,93.0,93.085,92.165,92.27,19102,0,35
2020-08-31T00:00:00Z,1598832000,92.21,92.47,91.975,92.16,13772,0,35
2020-09-01T00:00:00Z,1598918400,92.155,92.385,91.72,92.305,17521,0,35
2020-09-02T00:00:00Z,1599004800,92.24,92.855,92.215,92.625,15660,0,35
2020-09-03T00:00:00Z,1599091200,92.67,93.065,92.67,92.75,17359,0,35
2020-09-04T00:00:00Z,1599177600,92.805,93.225,92.645,92.79,17255,0,35
2020-09-07T00:00:00Z,1599436800,92.855,93.075,92.795,93.025,7549,0,35
2020-09-08T00:00:00Z,1599523200,93.025,93.49,92.985,93.49,16748,0,35
2020-09-09T00:00:00Z,1599609600,93.52,93.65,93.11,93.235,14726,0,35
2020-09-10T00:00:00Z,1599696000,93.25,93.44,92.68,93.365,13639,0,35
2020-09-11T00:00:00Z,1599782400,93.34,93.36,93.07,93.225,9326,0,35
2020-09-14T00:00:00Z,1600041600,93.245,93.32,92.845,93.06,10240,0,35
2020-09-15T00:00:00Z,1600128000,93.035,93.165,92.775,93.095,11394,0,35
2020-09-16T00:00:00Z,1600214400,93.115,93.28,92.78,93.105,16122,0,35
2020-09-17T00:00:00Z,1600300800,93.175,93.61,92.86,92.9,17649,0,35
2020-09-18T00:00:00Z,1600387200,92.88,93.02,92.755,92.995,12654,0,35
2020-09-21T00:00:00Z,1600646400,92.96,93.8,92.735,93.54,15449,0,35
2020-09-22T00:00:00Z,1600732800,93.585,94.105,93.485,93.975,16637,0,35
2020-09-23T00:00:00Z,1600819200,94.005,94.48,93.955,94.41,15707,0,35
2020-09-24T00:00:00Z,1600905600,94.43,94.635,94.21,94.37,16972,0,35
2020-09-25T00:00:00Z,1600992000,94.33,94.78,94.205,94.605,14222,0,35
2020-09-28T00:00:00Z,1601251200,94.565,94.655,94.155,94.28,12920,0,35
2020-09-29T00:00:00Z,1601337600,94.17,94.33,93.84,93.905,12927,0,35
2020-09-30T00:00:00Z,1601424000,93.89,94.23,93.68,93.87,16908,0,35
2020-10-01T00:00:00Z,1601510400,93.85,93.96,93.55,93.765,16142,0,35
2020-10-02T00:00:00Z,1601596800,93.765,94.075,93.715,93.89,17178,0,35
2020-10-05T00:00:00Z,1601856000,93.855,93.89,93.395,93.475,10334,0,35
2020-10-06T00:00:00Z,1601942400,93.425,93.895,93.355,93.875,13854,0,35
2020-10-07T00:00:00Z,1602028800,93.85,93.955,93.585,93.65,11439,0,35
2020-10-08T00:00:00Z,1602115200,93.65,93.805,93.51,93.605,10191,0,35
2020-10-09T00:00:00Z,1602201600,93.555,93.6,92.99,92.99,10232,0,35
2020-10-12T00:00:00Z,1602460800,93.1,93.255,93.01,93.055,7975,0,35
2020-10-13T00:00:00Z,1602547200,93.04,93.59,93.035,93.505,10290,0,35
2020-10-14T00:00:00Z,1602633600,93.525,93.66,93.22,93.4,9727,0,35
2020-10-15T00:00:00Z,1602720000,93.4,93.905,93.35,93.795,11191,0,35
2020-10-16T00:00:00Z,1602806400,93.79,93.87,93.505,93.68,10390,0,35
2020-10-19T00:00:00Z,1603065600,93.68,93.755,93.18,93.385,9357,0,35
2020-10-20T00:00:00Z,1603152000,93.4,93.49,92.965,93.08,9543,0,35
2020-10-21T00:00:00Z,1603238400,93.035,93.035,92.44,92.615,11551,0,35
2020-10-22T00:00:00Z,1603324800,92.695,92.965,92.59,92.93,10115,0,35
2020-10-23T00:00:00Z,1603411200,92.945,93.11,92.625,92.7,9696,0,35
2020-10-26T00:00:00Z,1603670400,92.785,93.09,92.765,93.04,10206,0,35
2020-10-27T00:00:00Z,1603756800,93.045,93.11,92.76,93.01,8806,0,35
2020-10-28T00:00:00Z,1603843200,93.115,93.645,93.02,93.46,12299,0,35
2020-10-29T00:00:00Z,1603929600,93.43,94.12,93.335,93.935,13316,0,35
2020-10-30T00:00:00Z,1604016000,93.9,94.085,93.65,94.015,12961,0,35
2020-11-02T00:00:00Z,1604275200,94.12,94.29,93.975,94.045,10228,0,35
2020-11-03T00:00:00Z,1604361600,94.025,94.045,93.28,93.385,10103,0,35
2020-11-04T00:00:00Z,1604448000,93.645,94.305,93.225,93.425,28544,0,35
2020-11-05T00:00:00Z,1604534400,93.38,93.52,92.45,92.535,18433,0,35
2020-11-06T00:00:00Z,1604620800,92.735,92.805,92.15,92.235,16652,0,35
2020-11-09T00:00:00Z,1604880000,92.185,92.95,92.1,92.815,20945,0,35
2020-11-10T00:00:00Z,1604966400,92.785,92.95,92.565,92.69,18003,0,35
2020-11-11T00:00:00Z,1605052800,92.69,93.175,92.575,92.945,12405,0,35
2020-11-12T00:00:00Z,1605139200,92.955,93.11,92.735,92.94,11958,0,35
2020-11-13T00:00:00Z,1605225600,92.93,92.99,92.685,92.69,9010,0,35
2020-11-16T00:00:00Z,1605484800,92.64,92.83,92.425,92.515,11143,0,35
2020-11-17T00:00:00Z,1605571200,92.445,92.59,92.235,92.345,9208,0,35
2020-11-18T00:00:00Z,1605657600,92.425,92.49,92.175,92.375,10076,0,35
2020-11-19T00:00:00Z,1605744000,92.5,92.7,92.21,92.285,10520,0,35
2020-11-20T00:00:00Z,1605830400,92.29,92.41,92.17,92.37,9663,0,35
2020-11-23T00:00:00Z,1606089600,92.245,92.78,91.985,92.5,10532,0,35
2020-11-24T00:00:00Z,1606176000,92.49,92.535,92.085,92.11,10941,0,35
2020-11-25T00:00:00Z,1606262400,92.1,92.235,91.89,91.98,11565,0,35
2020-11-26T00:00:00Z,1606348800,91.915,92.145,91.81,91.99,6226,0,35
2020-11-27T00:00:00Z,1606435200,91.975,92.015,91.725,91.805,8055,0,35
2020-11-30T00:00:00Z,1606694400,91.67,92.015,91.475,91.995,11635,0,35
2020-12-01T00:00:00Z,1606780800,91.865,91.895,91.12,91.15,12114,0,35
2020-12-02T00:00:00Z,1606867200,91.18,91.48,90.965,90.98,12227,0,35
2020-12-03T00:00:00Z,1606953600,91.055,91.075,90.485,90.645,11487,0,35
2020-12-04T00:00:00Z,1607040000,90.64,90.85,90.45,90.78,13232,0,35
2020-12-07T00:00:00Z,1607299200,90.75,91.22,90.59,90.845,12364,0,35
2020-12-08T00:00:00Z,1607385600,90.88,91.005,90.725,90.94,12333,0,35
2020-12-09T00:00:00Z,1607472000,90.885,91.185,90.67,91.01,11357,0,35
2020-12-10T00:00:00Z,1607558400,91.035,91.14,90.64,90.76,12461,0,35
2020-12-11T00:00:00Z,1607644800,90.72,91.035,90.595,90.93,9003,0,35
2020-12-14T00:00:00Z,1607904000,90.8,90.82,90.325,90.65,10335,0,35
2020-12-15T00:00:00Z,1607990400,90.575,90.76,90.33,90.365,10531,0,25
2020-12-16T00:00:00Z,1608076800,90.42,90.615,90.025,90.125,12404,0,35
2020-12-17T00:00:00Z,1608163200,90.145,90.165,89.625,89.66,10584,0,35
2020-12-18T00:00:00Z,1608249600,89.79,90.04,89.735,89.81,9883,0,35
2020-12-21T00:00:00Z,1608508800,90.13,90.93,89.905,89.985,17672,0,35
2020-12-22T00:00:00Z,1608595200,90.065,90.605,89.935,90.51,12880,0,35
2020-12-23T00:00:00Z,1608681600,90.505,90.56,90.035,90.235,12831,0,35
2020-12-24T00:00:00Z,1608768000,90.15,90.29,90.055,90.23,6916,0,35
2020-12-28T00:00:00Z,1609113600,90.21,90.3,89.885,90.19,9398,0,35
2020-12-29T00:00:00Z,1609200000,90.145,90.145,89.765,89.905,9250,0,35
2020-12-30T00:00:00Z,1609286400,89.84,89.88,89.495,89.535,11025,0,35
2020-12-31T00:00:00Z,1609372800,89.485,89.94,89.46,89.875,10363,0,35
2021-01-04T00:00:00Z,1609718400,89.75,89.9,89.375,89.835,14341,0,35
2021-01-05T00:00:00Z,1609804800,89.81,89.825,89.37,89.43,13283,0,35
2021-01-06T00:00:00Z,1609891200,89.36,89.77,89.15,89.35,19092,0,35
2021-01-07T00:00:00Z,1609977600,89.31,89.945,89.305,89.775,14603,0,35
2021-01-08T00:00:00Z,1610064000,89.825,90.21,89.61,90.0,10594,0,35
2021-01-11T00:00:00Z,1610323200,90.245,90.705,90.235,90.51,13880,0,25
2021-01-12T00:00:00Z,1610409600,90.455,90.585,89.985,89.995,12884,0,35
2021-01-13T00:00:00Z,1610496000,89.965,90.42,89.875,90.29,11883,0,35
2021-01-14T00:00:00Z,1610582400,90.25,90.545,90.025,90.195,13515,0,35
2021-01-15T00:00:00Z,1610668800,90.195,90.77,90.175,90.76,12425,0,35
2021-01-18T00:00:00Z,1610928000,90.77,90.925,90.695,90.75,7686,0,25
2021-01-19T00:00:00Z,1611014400,90.66,90.73,90.365,90.45,9474,0,20
2021-01-20T00:00:00Z,1611100800,90.365,90.675,90.23,90.44,10425,0,20
2021-01-21T00:00:00Z,1611187200,90.37,90.385,90.015,90.05,11596,0,15
2021-01-22T00:00:00Z,1611273600,90.065,90.285,90.03,90.18,10130,0,35
2021-01-25T00:00:00Z,1611532800,90.185,90.49,90.055,90.325,10878,0,35
2021-01-26T00:00:00Z,1611619200,90.365,90.575,90.07,90.14,9418,0,35
2021-01-27T00:00:00Z,1611705600,90.135,90.86,90.115,90.565,14355,0,35
2021-01-28T00:00:00Z,1611792000,90.755,90.83,90.36,90.505,14775,0,35
2021-01-29T00:00:00Z,1611878400,90.615,90.745,90.32,90.515,15719,0,35
2021-02-01T00:00:00Z,1612137600,90.54,91.03,90.47,91.005,12749,0,35
2021-02-02T00:00:00Z,1612224000,90.955,91.265,90.78,91.005,12223,0,35
2021-02-03T00:00:00Z,1612310400,91.005,91.285,90.96,91.085,10075,0,35
2021-02-04T00:00:00Z,1612396800,91.095,91.565,91.065,91.53,10529,0,35
2021-02-05T00:00:00Z,1612483200,91.47,91.585,90.95,90.95,10075,0,35
2021-02-08T00:00:00Z,1612742400,91.085,91.21,90.865,90.925,7970,0,35
2021-02-09T00:00:00Z,1612828800,90.86,90.88,90.395,90.4,9677,0,35
2021-02-10T00:00:00Z,1612915200,90.445,90.5,90.22,90.39,10172,0,35
2021-02-11T00:00:00Z,1613001600,90.44,90.455,90.235,90.375,7316,0,35
2021-02-12T00:00:00Z,1613088000,90.4,90.72,90.35,90.405,7691,0,35
2021-02-15T00:00:00Z,1613347200,90.405,90.425,90.235,90.3,4998,0,35
2021-02-16T00:00:00Z,1613433600,90.275,90.615,90.085,90.57,9812,0,35
2021-02-17T00:00:00Z,1613520000,90.695,91.035,90.595,90.9,10978,0,35
2021-02-18T00:00:00Z,1613606400,90.835,90.975,90.52,90.53,9875,0,35
2021-02-19T00:00:00Z,1613692800,90.505,90.64,90.15,90.325,9843,0,35
2021-02-22T00:00:00Z,1613952000,90.26,90.56,89.965,90.06,10806,0,35
2021-02-23T00:00:00Z,1614038400,89.96,90.25,89.91,90.105,11386,0,35
2021-02-24T00:00:00Z,1614124800,90.075,90.415,89.945,90.01,13423,0,35
2021-02-25T00:00:00Z,1614211200,90.06,90.275,89.66,90.195,18169,0,35
2021-02-26T00:00:00Z,1614297600,90.32,90.96,90.115,90.925,21476,0,35
2021-03-01T00:00:00Z,1614556800,90.74,91.13,90.715,91.01,12846,0,35
2021-03-02T00:00:00Z,1614643200,91.06,91.39,90.715,90.765,13139,0,35
2021-03-03T00:00:00Z,1614729600,90.78,91.055,90.62,90.99,13064,0,35
2021-03-04T00:00:00Z,1614816000,90.995,91.675,90.96,91.61,17550,0,35
2021-03-05T00:00:00Z,1614902400,91.63,92.21,91.625,91.995,19323,0,35
2021-03-08T00:00:00Z,1615161600,91.88,92.425,91.865,92.4,14677,0,35
2021-03-09T00:00:00Z,1615248000,92.44,92.51,91.9,91.965,14014,0,35
2021-03-10T00:00:00Z,1615334400,92.02,92.235,91.76,91.765,13482,0,35
2021-03-11T00:00:00Z,1615420800,91.84,91.88,91.35,91.395,9787,0,35
2021-03-12T00:00:00Z,1615507200,91.415,91.955,91.385,91.615,9599,0,35
2021-03-15T00:00:00Z,1615766400,91.665,91.95,91.52,91.79,8763,0,35
2021-03-16T00:00:00Z,1615852800,91.805,92.03,91.65,91.85,9779,0,15
2021-03-17T00:00:00Z,1615939200,91.86,92.0,91.345,91.375,10983,0,35
2021-03-18T00:00:00Z,1616025600,91.35,91.91,91.275,91.82,13391,0,25
2021-03-19T00:00:00Z,1616112000,91.91,92.165,91.645,91.935,10816,0,35
2021-03-22T00:00:00Z,1616371200,92.085,92.155,91.685,91.795,9193,0,35
2021-03-23T00:00:00Z,1616457600,91.775,92.385,91.745,92.33,10507,0,35
2021-03-24T00:00:00Z,1616544000,92.39,92.605,92.335,92.59,9900,0,35
2021-03-25T00:00:00Z,1616630400,92.555,92.925,92.5,92.895,11069,0,35
2021-03-26T00:00:00Z,1616716800,92.795,92.88,92.635,92.7,8194,0,35
2021-03-29T00:00:00Z,1616976000,92.775,92.96,92.705,92.935,9282,0,35
2021-03-30T00:00:00Z,1617062400,92.89,93.36,92.875,93.28,9087,0,35
2021-03-31T00:00:00Z,1617148800,93.24,93.455,92.985,93.195,9827,0,35
2021-04-01T00:00:00Z,1617235200,93.205,93.345,92.875,92.89,9603,0,35
2021-04-02T00:00:00Z,1617321600,92.91,93.075,92.82,93.015,3114,0,35
2021-04-05T00:00:00Z,1617580800,92.955,93.115,92.54,92.575,5968,0,35
2021-04-06T00:00:00Z,1617667200,92.54,92.78,92.265,92.275,9148,0,35
2021-04-07T00:00:00Z,1617753600,92.29,92.5,92.135,92.4,10282,0,35
2021-04-08T00:00:00Z,1617840000,92.44,92.485,91.99,92.06,8592,0,35
2021-04-09T00:00:00Z,1617926400,92.02,92.415,92.015,92.155,8738,0,35
2021-04-12T00:00:00Z,1618185600,92.2,92.32,91.99,92.07,8058,0,35
2021-04-13T00:00:00Z,1618272000,92.07,92.34,91.77,91.815,10249,0,35
2021-04-14T00:00:00Z,1618358400,91.765,91.795,91.545,91.625,8852,0,35
2021-04-15T00:00:00Z,1618444800,91.565,91.73,91.475,91.675,8838,0,35
2021-04-16T00:00:00Z,1618531200,91.735,91.79,91.46,91.5,7726,0,35
2021-04-19T00:00:00Z,1618790400,91.6,91.725,91.005,91.045,9320,0,35
2021-04-20T00:00:00Z,1618876800,91.02,91.245,90.82,91.155,9733,0,35
2021-04-21T00:00:00Z,1618963200,91.18,91.405,91.045,91.075,8725,0,35
2021-04-22T00:00:00Z,1619049600,91.06,91.39,90.96,91.245,10699,0,35
2021-04-23T00:00:00Z,1619136000,91.21,91.225,90.765,90.78,7916,0,35
2021-04-26T00:00:00Z,1619395200,90.85,90.95,90.64,90.785,8472,0,35
2021-04-27T00:00:00Z,1619481600,90.84,91.025,90.77,90.825,8114,0,35
2021-04-28T00:00:00Z,1619568000,90.855,91.09,90.51,90.56,11110,0,35
2021-04-29T00:00:00Z,1619654400,90.445,90.755,90.38,90.615,9345,0,35
2021-04-30T00:00:00Z,1619740800,90.59,91.3,90.56,91.265,9893,0,35
2021-05-03T00:00:00Z,1620000000,91.215,91.365,90.83,90.92,8040,0,35
2021-05-04T00:00:00Z,1620086400,90.955,91.37,90.945,91.255,10371,0,35
2021-05-05T00:00:00Z,1620172800,91.245,91.415,91.145,91.22,8109,0,35
2021-05-06T00:00:00Z,1620259200,91.295,91.36,90.845,90.855,9168,0,35
2021-05-07T00:00:00Z,1620345600,90.865,90.935,90.155,90.19,11257,0,35
2021-05-10T00:00:00Z,1620604800,90.11,90.3,90.0,90.275,9898,0,35
2021-05-11T00:00:00Z,1620691200,90.195,90.32,89.935,90.14,11050,0,35
2021-05-12T00:00:00Z,1620777600,90.17,90.77,90.115,90.77,13745,0,35
2021-05-13T00:00:00Z,1620864000,90.68,90.885,90.56,90.705,12111,0,35
2021-05-14T00:00:00Z,1620950400,90.745,90.765,90.25,90.27,9848,0,35
2021-05-17T00:00:00Z,1621209600,90.27,90.4,90.11,90.185,9043,0,35
2021-05-18T00:00:00Z,1621296000,90.15,90.175,89.66,89.76,8986,0,35
2021-05-19T00:00:00Z,1621382400,89.765,90.26,89.66,90.155,13799,0,35
2021-05-20T00:00:00Z,1621468800,90.105,90.205,89.725,89.725,9308,0,35
2021-05-21T00:00:00Z,1621555200,89.725,90.135,89.615,89.99,9815,0,35
2021-05-24T00:00:00Z,1621814400,90.005,90.085,89.73,89.805,8629,0,35
2021-05-25T00:00:00Z,1621900800,89.825,89.845,89.5,89.635,9605,0,35
2021-05-26T00:00:00Z,1621987200,89.665,90.085,89.56,90.035,8884,0,35
2021-05-27T00:00:00Z,1622073600,90.075,90.16,89.875,89.98,9401,0,35
2021-05-28T00:00:00Z,1622160000,90.06,90.415,89.95,90.02,9020,0,35
2021-05-31T00:00:00Z,1622419200,90.055,90.1,89.785,89.8,4983,0,35
2021-06-01T00:00:00Z,1622505600,89.765,89.91,89.63,89.905,8488,0,35
2021-06-02T00:00:00Z,1622592000,89.875,90.22,89.835,89.88,7667,0,35
2021-06-03T00:00:00Z,1622678400,89.87,90.535,89.865,90.47,8858,0,35
2021-06-04T00:00:00Z,1622764800,90.475,90.605,89.995,90.105,8914,0,35
2021-06-07T00:00:00Z,1623024000,90.12,90.28,89.885,89.96,6733,0,35
2021-06-08T00:00:00Z,1623110400,89.96,90.155,89.935,90.11,7894,0,35
2021-06-09T00:00:00Z,1623196800,90.115,90.15,89.81,90.11,6070,0,35
2021-06-10T00:00:00Z,1623283200,90.12,90.305,89.965,90.025,8716,0,35
2021-06-11T00:00:00Z,1623369600,90.05,90.59,89.935,90.475,6560,0,35
2021-06-14T00:00:00Z,1623628800,90.46,90.555,90.355,90.47,7009,0,35
2021-06-15T00:00:00Z,1623715200,90.435,90.625,90.29,90.47,7545,0,35
2021-06-16T00:00:00Z,1623801600,90.48,91.365,90.39,91.355,11512,0,35
2021-06-17T00:00:00Z,1623888000,91.36,91.975,91.27,91.89,13006,0,35
2021-06-18T00:00:00Z,1623974400,91.845,92.38,91.785,92.305,13676,0,35
2021-06-21T00:00:00Z,1624233600,92.23,92.345,91.8,91.835,11691,0,35
2021-06-22T00:00:00Z,1624320000,91.875,92.115,91.625,91.705,9522,0,35
2021-06-23T00:00:00Z,1624406400,91.725,91.88,91.49,91.78,9448,0,35
2021-06-24T00:00:00Z,1624492800,91.77,91.89,91.63,91.79,8921,0,35
2021-06-25T00:00:00Z,1624579200,91.815,91.85,91.5,91.775,8196,0,35
2021-06-28T00:00:00Z,1624838400,91.735,91.99,91.67,91.87,8035,0,35
2021-06-29T00:00:00Z,1624924800,91.84,92.18,91.83,92.065,8366,0,35
2021-06-30T00:00:00Z,1625011200,92.04,92.425,91.98,92.335,9018,0,35
2021-07-01T00:00:00Z,1625097600,92.345,92.585,92.24,92.525,9565,0,35
2021-07-02T00:00:00Z,1625184000,92.545,92.74,92.155,92.225,10406,0,35
2021-07-05T00:00:00Z,1625443200,92.29,92.34,92.115,92.18,4897,0,35
2021-07-06T00:00:00Z,1625529600,92.225,92.64,91.975,92.515,10930,0,35
2021-07-07T00:00:00Z,1625616000,92.51,92.825,92.395,92.69,10826,0,35
2021-07-08T00:00:00Z,1625702400,92.69,92.775,92.22,92.345,13262,0,35
2021-07-09T00:00:00Z,1625788800,92.34,92.525,92.07,92.08,9487,0,35
2021-07-12T00:00:00Z,1626048000,92.125,92.4,92.055,92.215,8077,0,35
2021-07-13T00:00:00Z,1626134400,92.195,92.795,92.115,92.77,10206,0,35
2021-07-14T00:00:00Z,1626220800,92.785,92.815,92.33,92.345,9769,0,35
2021-07-15T00:00:00Z,1626307200,92.37,92.68,92.255,92.555,9722,0,35
2021-07-16T00:00:00Z,1626393600,92.555,92.745,92.515,92.7,8778,0,35
2021-07-19T00:00:00Z,1626652800,92.64,93.03,92.615,92.81,11927,0,35
2021-07-20T00:00:00Z,1626739200,92.86,93.165,92.79,92.96,11079,0,35
2021-07-21T00:00:00Z,1626825600,92.945,93.18,92.71,92.78,8363,0,35
2021-07-22T00:00:00Z,1626912000,92.785,92.915,92.49,92.83,10053,0,35
2021-07-23T00:00:00Z,1626998400,92.815,93.02,92.765,92.89,7111,0,35
2021-07-26T00:00:00Z,1627257600,92.88,92.955,92.52,92.62,7631,0,35
2021-07-27T00:00:00Z,1627344000,92.59,92.83,92.3,92.475,8322,0,35
2021-07-28T00:00:00Z,1627430400,92.445,92.765,92.22,92.255,10357,0,35
2021-07-29T00:00:00Z,1627516800,92.235,92.28,91.835,91.895,7435,0,35
2021-07-30T00:00:00Z,1627603200,91.86,92.195,91.76,92.075,8033,0,35
2021-08-02T00:00:00Z,1627862400,92.105,92.165,91.9,92.05,7401,0,35
2021-08-03T00:00:00Z,1627948800,92.03,92.14,91.88,92.055,6967,0,35
2021-08-04T00:00:00Z,1628035200,92.015,92.3,91.8,92.255,7168,0,35
2021-08-05T00:00:00Z,1628121600,92.265,92.345,92.105,92.255,7449,0,35
2021-08-06T00:00:00Z,1628208000,92.25,92.83,92.25,92.76,7765,0,35
2021-08-09T00:00:00Z,1628467200,92.86,92.975,92.705,92.965,7273,0,35
2021-08-10T00:00:00Z,1628553600,92.965,93.13,92.925,93.055,6322,0,35
2021-08-11T00:00:00Z,1628640000,93.055,93.18,92.78,92.885,7287,0,35
2021-08-12T00:00:00Z,1628726400,92.87,93.025,92.825,92.995,5704,0,35
2021-08-13T00:00:00Z,1628812800,92.96,92.99,92.45,92.5,5218,0,35
2021-08-16T00:00:00Z,1629072000,92.52,92.645,92.46,92.615,6135,0,35
2021-08-17T00:00:00Z,1629158400,92.6,93.16,92.595,93.13,8014,0,35
2021-08-18T00:00:00Z,1629244800,93.12,93.255,92.925,93.16,8410,0,35
2021-08-19T00:00:00Z,1629331200,93.21,93.585,93.2,93.565,9895,0,35
2021-08-20T00:00:00Z,1629417600,93.57,93.73,93.435,93.45,7736,0,35
2021-08-23T00:00:00Z,1629676800,93.475,93.48,92.945,92.97,6981,0,35
2021-08-24T00:00:00Z,1629763200,92.985,93.075,92.8,92.875,6474,0,35
2021-08-25T00:00:00Z,1629849600,92.905,93.125,92.805,92.815,7351,0,35
2021-08-26T00:00:00Z,1629936000,92.81,93.08,92.805,93.055,8147,0,35
2021-08-27T00:00:00Z,1630022400,93.05,93.18,92.615,92.67,9151,0,35
2021-08-30T00:00:00Z,1630281600,92.66,92.775,92.58,92.69,5748,0,35
2021-08-31T00:00:00Z,1630368000,92.69,92.74,92.38,92.635,8502,0,35
2021-09-01T00:00:00Z,1630454400,92.64,92.775,92.36,92.485,7758,0,35
2021-09-02T00:00:00Z,1630540800,92.49,92.525,92.19,92.195,5931,0,35
2021-09-03T00:00:00Z,1630627200,92.205,92.245,91.92,92.115,8465,0,35
2021-09-07T00:00:00Z,1630972800,92.17,92.555,92.085,92.525,7795,0,35
2021-09-08T00:00:00Z,1631059200,92.515,92.845,92.46,92.7,8104,0,35
2021-09-09T00:00:00Z,1631145600,92.695,92.75,92.36,92.495,7315,0,35
2021-09-10T00:00:00Z,1631232000,92.51,92.64,92.31,92.61,7087,0,35
2021-09-13T00:00:00Z,1631491200,92.645,92.665,92.58,92.585,461,0,35
2021-09-14T00:00:00Z,1631577600,92.595,92.65,92.275,92.625,7997,0,35
2021-09-15T00:00:00Z,1631664000,92.63,92.655,92.385,92.445,7703,0,35
2021-09-16T00:00:00Z,1631750400,92.42,92.93,92.415,92.83,7724,0,35
2021-09-17T00:00:00Z,1631836800,92.845,93.215,92.73,93.205,7838,0,35
2021-09-20T00:00:00Z,1632096000,93.195,93.425,93.155,93.21,7475,0,35
2021-09-21T00:00:00Z,1632182400,93.195,93.265,93.025,93.19,8119,0,35
2021-09-22T00:00:00Z,1632268800,93.19,93.495,92.95,93.455,11686,0,35
2021-09-23T00:00:00Z,1632355200,93.47,93.515,92.95,93.08,8978,0,35
2021-09-24T00:00:00Z,1632441600,93.075,93.4,93.025,93.25,7226,0,35
2021-09-27T00:00:00Z,1632700800,93.245,93.475,93.18,93.395,8631,0,35
2021-09-28T00:00:00Z,1632787200,93.385,93.805,93.345,93.725,12304,0,35
2021-09-29T00:00:00Z,1632873600,93.695,94.42,93.665,94.375,11383,0,35
2021-09-30T00:00:00Z,1632960000,94.33,94.505,94.105,94.255,12703,0,35
2021-10-01T00:00:00Z,1633046400,94.305,94.385,93.98,94.07,12142,0,35
2021-10-04T00:00:00Z,1633305600,93.945,94.095,93.66,93.8,9950,0,35
2021-10-05T00:00:00Z,1633392000,93.82,94.055,93.795,93.97,9113,0,35
2021-10-06T00:00:00Z,1633478400,93.965,94.43,93.965,94.215,11022,0,35
2021-10-07T00:00:00Z,1633564800,94.21,94.27,94.065,94.205,8276,0,35
2021-10-08T00:00:00Z,1633651200,94.165,94.33,93.915,94.095,10328,0,35
2021-10-11T00:00:00Z,1633910400,94.15,94.395,94.01,94.36,7840,0,35
2021-10-12T00:00:00Z,1633996800,94.355,94.55,94.215,94.51,9358,0,35
2021-10-13T00:00:00Z,1634083200,94.51,94.525,93.99,93.995,10290,0,35
2021-10-14T00:00:00Z,1634169600,93.995,94.075,93.74,93.965,7355,0,35
2021-10-15T00:00:00Z,1634256000,94.02,94.05,93.83,93.935,8199,0,35
2021-10-18T00:00:00Z,1634515200,93.955,94.16,93.85,93.94,8480,0,35
2021-10-19T00:00:00Z,1634601600,93.91,93.92,93.475,93.77,8259,0,35
2021-10-20T00:00:00Z,1634688000,93.775,93.86,93.505,93.58,8609,0,35
2021-10-21T00:00:00Z,1634774400,93.58,93.77,93.46,93.735,8581,0,35
2021-10-22T00:00:00Z,1634860800,93.71,93.765,93.5,93.57,9514,0,35
2021-10-25T00:00:00Z,1635120000,93.635,93.94,93.45,93.8,8576,0,35
2021-10-26T00:00:00Z,1635206400,93.81,94.0,93.67,93.935,8065,0,35
2021-10-27T00:00:00Z,1635292800,93.92,93.985,93.66,93.85,9844,0,35
2021-10-28T00:00:00Z,1635379200,93.865,93.955,93.245,93.32,12622,0,35
2021-10-29T00:00:00Z,1635465600,93.32,94.28,93.29,94.09,11229,0,35
2021-11-01T00:00:00Z,1635724800,94.17,94.295,93.835,93.845,8776,0,35
2021-11-02T00:00:00Z,1635811200,93.9,94.12,93.795,94.08,8832,0,35
2021-11-03T00:00:00Z,1635897600,94.08,94.195,93.785,93.85,11807,0,35
2021-11-04T00:00:00Z,1635984000,93.805,94.45,93.805,94.305,10352,0,35
2021-11-05T00:00:00Z,1636070400,94.295,94.625,94.16,94.19,11033,0,35
2021-11-08T00:00:00Z,1636329600,94.275,94.36,93.965,94.02,7695,0,35
2021-11-09T00:00:00Z,1636416000,94.065,94.135,93.85,93.935,10112,0,35
2021-11-10T00:00:00Z,1636502400,93.965,94.86,93.94,94.855,12972,0,35
2021-11-11T00:00:00Z,1636588800,94.765,95.18,94.765,95.15,8939,0,35
2021-11-12T00:00:00Z,1636675200,95.035,95.25,94.975,95.095,9236,0,35
2021-11-15T00:00:00Z,1636934400,95.09,95.575,94.95,95.5,9457,0,35
2021-11-16T00:00:00Z,1637020800,95.465,95.965,95.38,95.905,11244,0,35
2021-11-17T00:00:00Z,1637107200,95.89,96.25,95.705,95.78,11565,0,35
2021-11-18T00:00:00Z,1637193600,95.77,95.835,95.505,95.51,10347,0,35
2021-11-19T00:00:00Z,1637280000,95.57,96.225,95.565,96.055,13599,0,35
2021-11-22T00:00:00Z,1637539200,96.08,96.54,96.03,96.51,12884,0,35
2021-11-23T00:00:00Z,1637625600,96.45,96.595,96.295,96.475,13720,0,35
2021-11-24T00:00:00Z,1637712000,96.525,96.92,96.42,96.825,13622,0,35
2021-11-25T00:00:00Z,1637798400,96.735,96.785,96.64,96.745,5505,0,35
2021-11-26T00:00:00Z,1637884800,96.7,96.755,95.99,96.06,16634,0,35
2021-11-29T00:00:00Z,1638144000,96.21,96.43,96.125,96.155,12739,0,35
2021-11-30T00:00:00Z,1638230400,96.205,96.64,95.525,95.885,19019,0,30
2021-12-01T00:00:00Z,1638316800,95.93,96.125,95.645,96.025,14941,0,30
2021-12-02T00:00:00Z,1638403200,96.06,96.165,95.805,96.105,12344,0,30
2021-12-03T00:00:00Z,1638489600,96.115,96.43,95.92,96.155,14650,0,30
2021-12-06T00:00:00Z,1638748800,96.26,96.415,96.105,96.255,9556,0,35
2021-12-07T00:00:00Z,1638835200,96.285,96.575,96.15,96.28,9841,0,35
2021-12-08T00:00:00Z,1638921600,96.245,96.36,95.825,95.93,11484,0,35
2021-12-09T00:00:00Z,1639008000,95.96,96.325,95.95,96.21,7755,0,35
2021-12-10T00:00:00Z,1639094400,96.215,96.41,95.955,96.035,8771,0,35
2021-12-13T00:00:00Z,1639353600,96.08,96.405,96.045,96.305,7796,0,35
2021-12-14T00:00:00Z,1639440000,96.355,96.535,96.05,96.505,7870,0,35
2021-12-15T00:00:00Z,1639526400,96.46,96.87,96.235,96.275,11266,0,35
2021-12-16T00:00:00Z,1639612800,96.36,96.39,95.795,95.93,9922,0,35
2021-12-17T00:00:00Z,1639699200,95.955,96.64,95.825,96.625,9037,0,35
2021-12-20T00:00:00Z,1639958400,96.54,96.64,96.315,96.495,8924,0,35
2021-12-21T00:00:00Z,1640044800,96.48,96.61,96.315,96.43,8021,0,30
2021-12-22T00:00:00Z,1640131200,96.46,96.57,95.99,96.07,7386,0,35
2021-12-23T00:00:00Z,1640217600,96.015,96.25,95.955,96.015,6722,0,35
2021-12-27T00:00:00Z,1640563200,96.1,96.23,96.02,96.04,5157,0,35
2021-12-28T00:00:00Z,1640649600,96.02,96.255,95.97,96.15,5484,0,35
2021-12-29T00:00:00Z,1640736000,96.12,96.375,95.72,95.865,7133,0,35
2021-12-30T00:00:00Z,1640822400,95.85,96.21,95.845,95.955,6998,0,35
2021-12-31T00:00:00Z,1640908800,95.945,96.09,95.555,95.62,6930,0,35
2022-01-03T00:00:00Z,1641168000,95.745,96.315,95.705,96.205,8928,0,35
2022-01-04T00:00:00Z,1641254400,96.16,96.455,96.02,96.265,9204,0,35
2022-01-05T00:00:00Z,1641340800,96.32,96.32,95.865,96.155,9575,0,35
2022-01-06T00:00:00Z,1641427200,96.2,96.385,96.02,96.23,10910,0,35
2022-01-07T00:00:00Z,1641513600,96.24,96.255,95.685,95.715,9214,0,35
2022-01-10T00:00:00Z,1641772800,95.755,96.21,95.75,95.92,9573,0,35
2022-01-11T00:00:00Z,1641859200,95.89,96.06,95.555,95.58,9433,0,35
2022-01-12T00:00:00Z,1641945600,95.555,95.675,94.87,94.96,9761,0,35
2022-01-13T00:00:00Z,1642032000,94.97,94.995,94.625,94.835,10536,0,35
2022-01-14T00:00:00Z,1642118400,94.805,95.24,94.59,95.13,11080,0,35
2022-01-17T00:00:00Z,1642377600,95.195,95.32,95.01,95.215,6361,0,35
2022-01-18T00:00:00Z,1642464000,95.115,95.79,95.09,95.695,12101,0,35
2022-01-19T00:00:00Z,1642550400,95.695,95.76,95.45,95.57,10323,0,35
2022-01-20T00:00:00Z,1642636800,95.495,95.83,95.385,95.76,10549,0,35
2022-01-21T00:00:00Z,1642723200,95.78,95.82,95.465,95.625,10464,0,35
2022-01-24T00:00:00Z,1642982400,95.655,96.115,95.645,95.865,11874,0,35
2022-01-25T00:00:00Z,1643068800,95.91,96.24,95.875,95.955,10365,0,35
2022-01-26T00:00:00Z,1643155200,95.935,96.52,95.885,96.45,12516,0,35
2022-01-27T00:00:00Z,1643241600,96.52,97.28,96.515,97.22,12548,0,35
2022-01-28T00:00:00Z,1643328000,97.19,97.42,97.03,97.195,11783,0,35
2022-01-31T00:00:00Z,1643587200,97.235,97.24,96.49,96.615,11170,0,30
2022-02-01T00:00:00Z,1643673600,96.685,96.7,96.21,96.24,11292,0,35
2022-02-02T00:00:00Z,1643760000,96.24,96.28,95.775,95.965,9329,0,35
2022-02-03T00:00:00Z,1643846400,96.03,96.23,95.21,95.325,14530,0,35
2022-02-04T00:00:00Z,1643932800,95.27,95.68,95.125,95.415,13722,0,35
2022-02-07T00:00:00Z,1644192000,95.425,95.605,95.32,95.385,10984,0,35
2022-02-08T00:00:00Z,1644278400,95.4,95.73,95.37,95.58,9143,0,35
2022-02-09T00:00:00Z,1644364800,95.61,95.65,95.36,95.535,8518,0,35
2022-02-10T00:00:00Z,1644451200,95.575,95.99,95.145,95.65,15942,0,35
2022-02-11T00:00:00Z,1644537600,95.855,96.12,95.61,96.05,18151,0,35
2022-02-14T00:00:00Z,1644796800,95.93,96.415,95.915,96.25,15961,0,35
2022-02-15T00:00:00Z,1644883200,96.19,96.275,95.935,95.955,12380,0,35
2022-02-16T00:00:00Z,1644969600,95.975,96.035,95.645,95.805,11613,0,35
2022-02-17T00:00:00Z,1645056000,95.775,96.095,95.675,95.81,15706,0,35
2022-02-18T00:00:00Z,1645142400,95.825,96.15,95.705,96.08,10619,0,35
2022-02-21T00:00:00Z,1645401600,96.02,96.06,95.635,95.945,8290,0,35
2022-02-22T00:00:00Z,1645488000,96.08,96.235,95.815,96.055,14235,0,35
2022-02-23T00:00:00Z,1645574400,95.995,96.22,95.82,96.18,9992,0,35
2022-02-24T00:00:00Z,1645660800,96.335,97.72,96.26,97.065,27306,0,35
2022-02-25T00:00:00Z,1645747200,96.99,97.21,96.525,96.55,17306,0,35
2022-02-28T00:00:00Z,1646006400,97.11,97.38,96.59,96.67,19420,0,35
2022-03-01T00:00:00Z,1646092800,96.8,97.56,96.615,97.37,16899,0,35
2022-03-02T00:00:00Z,1646179200,97.365,97.825,97.275,97.35,18849,0,35
2022-03-03T00:00:00Z,1646265600,97.48,97.945,97.425,97.725,15098,0,35
2022-03-04T00:00:00Z,1646352000,98.06,98.93,97.82,98.48,19186,0,35
2022-03-07T00:00:00Z,1646611200,98.98,99.41,98.645,99.24,26946,0,35
2022-03-08T00:00:00Z,1646697600,99.225,99.315,98.685,99.105,25444,0,35
2022-03-09T00:00:00Z,1646784000,98.99,99.07,97.83,97.93,18041,0,35
2022-03-10T00:00:00Z,1646870400,98.095,98.58,97.685,98.51,15908,0,35
2022-03-11T00:00:00Z,1646956800,98.46,99.14,98.225,99.115,16817,0,35
2022-03-14T00:00:00Z,1647216000,98.965,99.28,98.685,99.09,16224,0,35
2022-03-15T00:00:00Z,1647302400,99.08,99.165,98.585,98.94,17214,0,35
2022-03-16T00:00:00Z,1647388800,98.865,99.08,98.275,98.325,20515,0,35
2022-03-17T00:00:00Z,1647475200,98.44,98.46,97.7,98.005,15339,0,35
2022-03-18T00:00:00Z,1647561600,97.95,98.615,97.83,98.19,13473,0,35
2022-03-21T00:00:00Z,1647820800,98.285,98.52,98.145,98.475,12632,0,35
2022-03-22T00:00:00Z,1647907200,98.475,98.945,98.295,98.465,15142,0,35
2022-03-23T00:00:00Z,1647993600,98.525,98.875,98.405,98.605,10538,0,35
2022-03-24T00:00:00Z,1648080000,98.61,98.945,98.585,98.785,11584,0,35
2022-03-25T00:00:00Z,1648166400,98.7,98.845,98.405,98.825,11793,0,35
2022-03-28T00:00:00Z,1648425600,98.865,99.355,98.835,99.08,15393,0,35
2022-03-29T00:00:00Z,1648512000,99.02,99.25,98.035,98.46,19221,0,35
2022-03-30T00:00:00Z,1648598400,98.455,98.475,97.715,97.88,15735,0,35
2022-03-31T00:00:00Z,1648684800,97.885,98.425,97.74,98.36,16005,0,35
2022-04-01T00:00:00Z,1648771200,98.325,98.74,98.32,98.52,13020,0,35
2022-04-04T00:00:00Z,1649030400,98.585,99.055,98.495,98.95,10128,0,35
2022-04-05T00:00:00Z,1649116800,98.94,99.485,98.805,99.44,11338,0,35
2022-04-06T00:00:00Z,1649203200,99.44,99.78,99.305,99.65,14646,0,35
2022-04-07T00:00:00Z,1649289600,99.65,99.83,99.42,99.74,12339,0,35
2022-04-08T00:00:00Z,1649376000,99.815,100.18,99.73,99.77,9999,0,35
2022-04-11T00:00:00Z,1649635200,99.78,100.03,99.595,99.95,10515,0,35
2022-04-12T00:00:00Z,1649721600,100.005,100.315,99.72,100.3,13529,0,35
2022-04-13T00:00:00Z,1649808000,100.305,100.5,99.785,99.865,12885,0,35
2022-04-14T00:00:00Z,1649894400,99.805,100.755,99.545,100.28,15796,0,35
2022-04-18T00:00:00Z,1650240000,100.485,100.83,100.465,100.785,9068,0,35
2022-04-19T00:00:00Z,1650326400,100.785,101.015,100.665,100.98,13905,0,35
2022-04-20T00:00:00Z,1650412800,100.955,101.025,100.2,100.315,16028,0,35
2022-04-21T00:00:00Z,1650499200,100.35,100.64,99.79,100.635,16527,0,35
2022-04-22T00:00:00Z,1650585600,100.635,101.325,100.47,101.1,15095,0,35
2022-04-25T00:00:00Z,1650844800,101.07,101.845,101.05,101.74,20776,0,35
2022-04-26T00:00:00Z,1650931200,101.69,102.35,101.51,102.335,16680,0,35
2022-04-27T00:00:00Z,1651017600,102.28,103.275,102.22,102.95,20055,0,35
2022-04-28T00:00:00Z,1651104000,102.985,103.93,102.98,103.675,23982,0,35
2022-04-29T00:00:00Z,1651190400,103.525,103.63,102.79,103.215,19952,0,35
2022-05-02T00:00:00Z,1651449600,103.28,103.755,103.1,103.615,16111,0,35
2022-05-03T00:00:00Z,1651536000,103.575,103.685,103.04,103.49,16525,0,35
2022-05-04T00:00:00Z,1651622400,103.445,103.65,102.46,102.505,19882,0,35
2022-05-05T00:00:00Z,1651708800,102.55,103.95,102.355,103.57,24554,0,35
2022-05-06T00:00:00Z,1651795200,103.735,104.08,103.215,103.665,25515,0,35
2022-05-09T00:00:00Z,1652054400,103.82,104.19,103.4,103.76,21513,0,35
2022-05-10T00:00:00Z,1652140800,103.72,103.99,103.51,103.92,21602,0,35
2022-05-11T00:00:00Z,1652227200,103.94,104.135,103.385,104.005,23703,0,35
2022-05-12T00:00:00Z,1652313600,104.035,104.94,103.895,104.775,25111,0,35
2022-05-13T00:00:00Z,1652400000,104.8,105.04,104.485,104.52,16764,0,35
2022-05-16T00:00:00Z,1652659200,104.605,104.68,104.135,104.215,15538,0,35
2022-05-17T00:00:00Z,1652745600,104.16,104.24,103.23,103.325,18633,0,35
2022-05-18T00:00:00Z,1652832000,103.335,103.945,103.215,103.935,15544,0,35
2022-05-19T00:00:00Z,1652918400,103.825,103.92,102.675,102.9,21344,0,35
2022-05-20T00:00:00Z,1653004800,103.125,103.275,102.785,103.035,15998,0,35
2022-05-23T00:00:00Z,1653264000,102.955,102.955,102.035,102.05,15783,0,35
2022-05-24T00:00:00Z,1653350400,102.135,102.315,101.64,101.745,17854,0,35
2022-05-25T00:00:00Z,1653436800,101.745,102.45,101.725,102.125,16652,0,35
2022-05-26T00:00:00Z,1653523200,102.075,102.275,101.745,101.75,14894,0,35
2022-05-27T00:00:00Z,1653609600,101.525,101.94,101.44,101.63,11679,0,35
2022-05-30T00:00:00Z,1653868800,101.695,101.705,101.285,101.32,9694,0,35
2022-05-31T00:00:00Z,1653955200,101.405,102.175,101.405,101.78,16965,0,35
2022-06-01T00:00:00Z,1654041600,101.76,102.73,101.755,102.55,15219,0,35
2022-06-02T00:00:00Z,1654128000,102.565,102.63,101.73,101.745,12463,0,35
2022-06-03T00:00:00Z,1654214400,101.665,102.225,101.64,102.175,11765,0,35
2022-06-06T00:00:00Z,1654473600,102.12,102.455,101.845,102.39,11674,0,35
2022-06-07T00:00:00Z,1654560000,102.46,102.83,102.24,102.32,15363,0,35
2022-06-08T00:00:00Z,1654646400,102.4,102.765,102.245,102.535,14999,0,35
2022-06-09T00:00:00Z,1654732800,102.555,103.35,102.13,103.28,16452,0,35
2022-06-10T00:00:00Z,1654819200,103.21,104.22,103.035,104.175,16991,0,35
2022-06-13T00:00:00Z,1655078400,104.28,105.13,104.245,105.03,21699,0,35
2022-06-14T00:00:00Z,1655164800,104.97,105.45,104.46,105.245,25141,0,35
2022-06-15T00:00:00Z,1655251200,105.085,105.54,104.41,104.59,32228,0,35
2022-06-16T00:00:00Z,1655337600,104.56,105.265,103.185,103.615,30069,0,35
2022-06-17T00:00:00Z,1655424000,103.86,104.865,103.755,104.435,23990,0,35
2022-06-20T00:00:00Z,1655683200,104.445,104.49,103.995,104.19,13843,0,35
2022-06-21T00:00:00Z,1655769600,104.205,104.295,103.705,104.17,17757,0,35
2022-06-22T00:00:00Z,1655856000,104.185,104.715,103.6,103.96,21117,0,35
2022-06-23T00:00:00Z,1655942400,103.99,104.525,103.825,104.15,24935,0,35
2022-06-24T00:00:00Z,1656028800,104.085,104.205,103.72,103.88,16997,0,35
2022-06-27T00:00:00Z,1656288000,103.79,103.975,103.4,103.69,17647,0,35
2022-06-28T00:00:00Z,1656374400,103.695,104.35,103.49,104.255,18729,0,35
2022-06-29T00:00:00Z,1656460800,104.23,104.875,104.12,104.84,20494,0,35
2022-06-30T00:00:00Z,1656547200,104.82,105.295,104.385,104.465,21284,0,35
2022-07-01T00:00:00Z,1656633600,104.565,105.415,104.535,104.855,20419,0,35
2022-07-04T00:00:00Z,1656892800,104.825,105.03,104.56,104.94,11835,0,35
2022-07-05T00:00:00Z,1656979200,104.895,106.565,104.81,106.295,22511,0,35
2022-07-06T00:00:00Z,1657065600,106.32,107.055,106.115,106.85,25649,0,35
2022-07-07T00:00:00Z,1657152000,106.855,107.035,106.505,106.88,20436,0,35
2022-07-08T00:00:00Z,1657238400,106.755,107.6,106.63,106.68,22385,0,35
2022-07-11T00:00:00Z,1657497600,106.86,108.06,106.86,108.0,20365,0,35
2022-07-12T00:00:00Z,1657584000,107.96,108.395,107.655,107.965,24243,0,35
2022-07-13T00:00:00Z,1657670400,108.02,108.405,107.255,107.815,28960,0,35
2022-07-14T00:00:00Z,1657756800,108.06,109.125,107.995,108.465,30344,0,35
2022-07-15T00:00:00Z,1657843200,108.3,108.565,107.745,107.815,21372,0,35
2022-07-18T00:00:00Z,1658102400,107.695,107.815,106.725,107.265,20294,0,35
2022-07-19T00:00:00Z,1658188800,107.27,107.475,106.235,106.54,23076,0,35
2022-07-20T00:00:00Z,1658275200,106.51,107.115,106.21,106.9,23473,0,35
2022-07-21T00:00:00Z,1658361600,106.94,107.23,106.285,106.435,27986,0,35
2022-07-22T00:00:00Z,1658448000,106.5,107.23,105.965,106.395,25870,0,35
2022-07-25T00:00:00Z,1658707200,106.565,106.74,106.045,106.32,21200,0,35
2022-07-26T00:00:00Z,1658793600,106.27,107.13,106.045,107.055,19729,0,35
2022-07-27T00:00:00Z,1658880000,106.985,107.28,106.11,106.3,22533,0,35
2022-07-28T00:00:00Z,1658966400,106.22,106.83,105.905,106.015,27966,0,35
2022-07-29T00:00:00Z,1659052800,106.06,106.52,105.395,105.69,27106,0,35
2022-08-01T00:00:00Z,1659312000,105.855,105.875,105.085,105.25,22746,0,35
2022-08-02T00:00:00Z,1659398400,105.205,106.18,104.9,106.16,28038,0,35
2022-08-03T00:00:00Z,1659484800,106.255,106.68,105.835,106.24,25652,0,35
2022-08-04T00:00:00Z,1659571200,106.36,106.395,105.525,105.61,21622,0,35
2022-08-05T00:00:00Z,1659657600,105.57,106.79,105.56,106.41,22569,0,35
2022-08-08T00:00:00Z,1659916800,106.505,106.655,105.95,106.26,16921,0,35
2022-08-09T00:00:00Z,1660003200,106.2,106.29,105.835,106.155,14560,0,35
2022-08-10T00:00:00Z,1660089600,106.22,106.275,104.495,105.085,20473,0,35
2022-08-11T00:00:00Z,1660176000,105.095,105.32,104.505,104.965,20432,0,35
2022-08-12T00:00:00Z,1660262400,105.005,105.745,104.95,105.525,18151,0,35
2022-08-15T00:00:00Z,1660521600,105.57,106.42,105.42,106.38,14464,0,35
2022-08-16T00:00:00Z,1660608000,106.355,106.82,106.19,106.345,16278,0,35
2022-08-17T00:00:00Z,1660694400,106.365,106.775,106.175,106.535,20215,0,35
2022-08-18T00:00:00Z,1660780800,106.545,107.48,106.41,107.405,18362,0,35
2022-08-19T00:00:00Z,1660867200,107.395,108.125,107.395,108.0,17003,0,35
2022-08-22T00:00:00Z,1661126400,108.065,109.005,108.005,108.885,17741,0,35
2022-08-23T00:00:00Z,1661212800,108.91,109.19,107.97,108.48,22053,0,35
2022-08-24T00:00:00Z,1661299200,108.475,109.035,108.275,108.55,20035,0,35
2022-08-25T00:00:00Z,1661385600,108.57,108.63,107.925,108.365,20216,0,35
2022-08-26T00:00:00Z,1661472000,108.415,108.805,107.475,108.74,23918,0,35
2022-08-29T00:00:00Z,1661731200,109.12,109.425,108.42,108.715,22489,0,35
2022-08-30T00:00:00Z,1661817600,108.61,109.065,108.215,108.775,25264,0,35
2022-08-31T00:00:00Z,1661904000,108.705,109.155,108.32,108.605,25947,0,35
2022-09-01T00:00:00Z,1661990400,108.825,109.96,108.715,109.62,25205,0,35
2022-09-02T00:00:00Z,1662076800,109.565,109.68,108.895,109.555,24357,0,35
2022-09-05T00:00:00Z,1662336000,109.995,110.24,109.68,109.785,16442,0,35
2022-09-06T00:00:00Z,1662422400,109.555,110.53,109.35,110.185,26456,0,35
2022-09-07T00:00:00Z,1662508800,110.315,110.765,109.495,109.525,26349,0,35
2022-09-08T00:00:00Z,1662595200,109.655,110.225,109.31,109.635,29202,0,35
2022-09-09T00:00:00Z,1662681600,109.505,109.53,108.335,108.935,25394,0,35
2022-09-12T00:00:00Z,1662940800,108.48,108.59,107.55,108.03,21720,0,35
2022-09-13T00:00:00Z,1663027200,107.945,109.605,107.425,109.605,22507,0,35
2022-09-14T00:00:00Z,1663113600,109.5,109.62,108.945,109.33,27427,0,35
2022-09-15T00:00:00Z,1663200000,109.31,109.635,109.13,109.42,21285,0,35
2022-09-16T00:00:00Z,1663286400,109.495,109.975,109.185,109.36,23476,0,35
2022-09-19T00:00:00Z,1663545600,109.285,109.885,109.215,109.305,17961,0,35
2022-09-20T00:00:00Z,1663632000,109.25,110.0,109.065,109.9,21086,0,35
2022-09-21T00:00:00Z,1663718400,109.885,111.335,109.84,111.1,29776,0,35
2022-09-22T00:00:00Z,1663804800,111.2,111.56,110.21,111.05,36501,0,35
2022-09-23T00:00:00Z,1663891200,110.97,112.98,110.825,112.795,33576,0,35
2022-09-26T00:00:00Z,1664150400,112.905,114.415,112.825,114.05,46555,0,35
2022-09-27T00:00:00Z,1664236800,113.835,114.405,113.245,114.09,35165,0,35
2022-09-28T00:00:00Z,1664323200,114.075,114.72,112.44,112.59,44520,0,35
2022-09-29T00:00:00Z,1664409600,112.95,113.7,111.955,111.955,39191,0,35
2022-09-30T00:00:00Z,1664496000,111.77,112.66,111.515,112.135,39790,0,35
2022-10-03T00:00:00Z,1664755200,112.195,112.51,111.385,111.535,32384,0,35
2022-10-04T00:00:00Z,1664841600,111.45,111.81,109.95,110.045,33063,0,35
2022-10-05T00:00:00Z,1664928000,110.065,111.635,109.965,111.085,30869,0,35
2022-10-06T00:00:00Z,1665014400,110.835,112.22,110.7,112.175,31269,0,35
2022-10-07T00:00:00Z,1665100800,112.17,112.76,111.85,112.605,29371,0,35
2022-10-10T00:00:00Z,1665360000,112.7,113.26,112.495,113.075,25316,0,35
2022-10-11T00:00:00Z,1665446400,112.985,113.45,112.275,113.17,33461,0,35
2022-10-12T00:00:00Z,1665532800,113.22,113.48,112.895,113.135,34802,0,35
2022-10-13T00:00:00Z,1665619200,113.145,113.825,112.005,112.335,37564,0,35
2022-10-14T00:00:00Z,1665705600,112.465,113.28,112.045,113.135,38009,0,35
2022-10-17T00:00:00Z,1665964800,112.915,113.09,111.78,111.925,28571,0,35
2022-10-18T00:00:00Z,1666051200,111.935,112.335,111.61,111.845,31814,0,35
2022-10-19T00:00:00Z,1666137600,111.8,112.975,111.755,112.815,29233,0,35
2022-10-20T00:00:00Z,1666224000,112.875,113.01,112.035,112.735,31547,0,30
2022-10-21T00:00:00Z,1666310400,112.835,113.815,111.595,111.8,43600,0,30
2022-10-24T00:00:00Z,1666569600,111.79,112.445,111.645,111.9,37323,0,30
2022-10-25T00:00:00Z,1666656000,111.765,112.04,110.615,110.73,29386,0,35
2022-10-26T00:00:00Z,1666742400,110.8,111.0,109.455,109.485,32031,0,35
2022-10-27T00:00:00Z,1666828800,109.39,110.46,109.35,110.415,34223,0,35
2022-10-28T00:00:00Z,1666915200,110.375,110.91,110.12,110.515,30731,0,35
2022-10-31T00:00:00Z,1667174400,110.675,111.52,110.57,111.44,22090,0,35
2022-11-01T00:00:00Z,1667260800,111.405,111.64,110.555,111.43,28101,0,35
2022-11-02T00:00:00Z,1667347200,111.345,112.005,110.25,111.98,30198,0,35
2022-11-03T00:00:00Z,1667433600,112.01,113.025,111.69,112.83,28988,0,35
2022-11-04T00:00:00Z,1667520000,112.825,112.86,110.59,110.66,34073,0,35
2022-11-07T00:00:00Z,1667779200,111.0,111.155,109.905,110.035,27871,0,35
2022-11-08T00:00:00Z,1667865600,109.955,110.475,109.225,109.525,25364,0,35
2022-11-09T00:00:00Z,1667952000,109.615,110.53,109.335,110.36,31013,0,35
2022-11-10T00:00:00Z,1668038400,110.195,110.87,107.86,107.865,35184,0,35
2022-11-11T00:00:00Z,1668124800,108.03,108.3,106.125,106.22,36256,0,35
2022-11-14T00:00:00Z,1668384000,106.51,107.135,106.31,106.695,30441,0,35
2022-11-15T00:00:00Z,1668470400,106.855,106.975,105.15,106.36,41956,0,35
2022-11-16T00:00:00Z,1668556800,106.455,106.65,105.7,106.09,34400,0,35
2022-11-17T00:00:00Z,1668643200,106.205,107.12,105.95,106.535,30269,0,35
2022-11-18T00:00:00Z,1668729600,106.47,106.885,106.21,106.835,25005,0,35
2022-11-21T00:00:00Z,1668988800,106.935,107.88,106.905,107.685,23955,0,35
2022-11-22T00:00:00Z,1669075200,107.56,107.64,106.995,107.045,20910,0,35
2022-11-23T00:00:00Z,1669161600,107.0,107.115,105.89,106.015,24834,0,35
2022-11-24T00:00:00Z,1669248000,105.83,105.975,105.53,105.74,17568,0,35
2022-11-25T00:00:00Z,1669334400,105.83,106.33,105.585,105.915,17712,0,35
2022-11-28T00:00:00Z,1669593600,106.12,106.675,105.24,106.595,25958,0,35
2022-11-29T00:00:00Z,1669680000,106.57,106.805,105.98,106.73,27136,0,35
2022-11-30T00:00:00Z,1669766400,106.61,107.13,105.69,105.9,30711,0,35
2022-12-01T00:00:00Z,1669852800,105.545,105.845,104.515,104.62,32410,0,35
2022-12-02T00:00:00Z,1669939200,104.78,105.55,104.31,104.425,29507,0,35
2022-12-05T00:00:00Z,1670198400,104.445,105.345,104.045,105.195,25412,0,35
2022-12-06T00:00:00Z,1670284800,105.05,105.565,104.83,105.49,24370,0,35
2022-12-07T00:00:00Z,1670371200,105.55,105.78,104.805,105.13,25909,0,35
2022-12-08T00:00:00Z,1670457600,105.21,105.395,104.665,104.77,21636,0,35
2022-12-09T00:00:00Z,1670544000,104.725,105.175,104.43,104.875,24296,0,35
2022-12-12T00:00:00Z,1670803200,104.78,104.875,104.3,104.605,19060,0,35
2022-12-13T00:00:00Z,1670889600,104.555,104.705,103.125,103.57,25649,0,35
2022-12-14T00:00:00Z,1670976000,103.555,103.825,103.045,103.195,28287,0,35
2022-12-15T00:00:00Z,1671062400,103.22,104.48,103.065,104.15,28221,0,35
2022-12-16T00:00:00Z,1671148800,104.045,104.44,103.8,104.435,23989,0,35
2022-12-19T00:00:00Z,1671408000,104.25,104.545,103.745,104.265,18536,0,35
2022-12-20T00:00:00Z,1671494400,104.365,104.4,103.385,103.58,31244,0,35
2022-12-21T00:00:00Z,1671580800,103.58,104.045,103.495,103.89,19932,0,35
2022-12-22T00:00:00Z,1671667200,103.765,104.275,103.415,104.04,19156,0,35
2022-12-23T00:00:00Z,1671753600,104.155,104.22,103.795,104.0,17756,0,35
2022-12-26T00:00:00Z,1672012800,103.955,103.955,103.955,103.955,3,0,125
2022-12-27T00:00:00Z,1672099200,103.79,104.09,103.57,103.875,13740,0,35
2022-12-28T00:00:00Z,1672185600,103.985,104.255,103.55,104.215,16596,0,35
2022-12-29T00:00:00Z,1672272000,104.045,104.2,103.52,103.7,15517,0,35
2022-12-30T00:00:00Z,1672358400,103.605,103.845,103.125,103.21,19127,0,35
2023-01-02T00:00:00Z,1672617600,103.145,103.145,103.145,103.145,2,0,150
2023-01-03T00:00:00Z,1672704000,103.445,104.625,103.215,104.425,25623,0,35
2023-01-04T00:00:00Z,1672790400,104.335,104.37,103.575,104.015,25184,0,35
2023-01-05T00:00:00Z,1672876800,103.78,105.04,103.76,104.885,23233,0,35
2023-01-06T00:00:00Z,1672963200,104.835,105.395,103.6,103.63,25509,0,35
2023-01-09T00:00:00Z,1673222400,103.495,103.565,102.66,102.91,21582,0,35
2023-01-10T00:00:00Z,1673308800,102.945,103.23,102.75,103.005,21835,0,35
2023-01-11T00:00:00Z,1673395200,102.935,103.21,102.83,102.955,17133,0,35
2023-01-12T00:00:00Z,1673481600,102.89,103.07,101.795,101.975,27119,0,35
2023-01-13T00:00:00Z,1673568000,101.975,102.38,101.705,101.885,22307,0,35
2023-01-16T00:00:00Z,1673827200,101.825,102.28,101.49,102.065,13850,0,35
2023-01-17T00:00:00Z,1673913600,102.03,102.305,101.66,102.115,22672,0,35
2023-01-18T00:00:00Z,1674000000,102.25,102.64,101.245,102.125,31357,0,35
2023-01-19T00:00:00Z,1674086400,102.175,102.245,101.74,101.81,21860,0,35
2023-01-20T00:00:00Z,1674172800,101.84,102.3,101.68,101.725,17991,0,35
2023-01-23T00:00:00Z,1674432000,101.5,102.02,101.325,101.77,18057,0,35
2023-01-24T00:00:00Z,1674518400,101.725,102.185,101.47,101.655,18152,0,35
2023-01-25T00:00:00Z,1674604800,101.69,101.875,101.31,101.395,17101,0,35
2023-01-26T00:00:00Z,1674691200,101.355,101.97,101.28,101.58,18526,0,35
2023-01-27T00:00:00Z,1674777600,101.485,101.975,101.475,101.695,15522,0,35
2023-01-30T00:00:00Z,1675036800,101.685,102.105,101.44,102.015,17148,0,35
2023-01-31T00:00:00Z,1675123200,101.97,102.435,101.805,101.905,17149,0,35
2023-02-01T00:00:00Z,1675209600,101.895,102.0,100.81,100.935,22177,0,35
2023-02-02T00:00:00Z,1675296000,100.695,101.73,100.66,101.55,24188,0,35
2023-02-03T00:00:00Z,1675382400,101.65,102.83,101.365,102.805,23129,0,35
2023-02-06T00:00:00Z,1675641600,103.015,103.63,102.88,103.47,17328,0,35
2023-02-07T00:00:00Z,1675728000,103.38,103.83,102.855,103.195,23151,0,35
2023-02-08T00:00:00Z,1675814400,103.135,103.37,102.865,103.315,16734,0,35
2023-02-09T00:00:00Z,1675900800,103.345,103.43,102.505,103.08,17024,0,35
2023-02-10T00:00:00Z,1675987200,103.105,103.565,102.775,103.455,19714,0,35
2023-02-13T00:00:00Z,1676246400,103.545,103.725,103.115,103.155,14620,0,35
2023-02-14T00:00:00Z,1676332800,103.075,103.42,102.375,103.14,25593,0,35
2023-02-15T00:00:00Z,1676419200,103.08,104.01,103.05,103.76,18840,0,35
2023-02-16T00:00:00Z,1676505600,103.77,104.15,103.445,103.94,20136,0,35
2023-02-17T00:00:00Z,1676592000,104.08,104.585,103.755,103.79,17491,0,35
2023-02-20T00:00:00Z,1676851200,103.955,104.0,103.66,103.77,8657,0,35
2023-02-21T00:00:00Z,1676937600,103.84,104.18,103.68,104.1,18882,0,35
2023-02-22T00:00:00Z,1677024000,103.99,104.52,103.925,104.45,18301,0,35
2023-02-23T00:00:00Z,1677110400,104.4,104.715,104.245,104.53,16524,0,35
2023-02-24T00:00:00Z,1677196800,104.4,105.25,104.355,105.18,19596,0,35
2023-02-27T00:00:00Z,1677456000,105.085,105.3,104.47,104.585,16249,0,35
2023-02-28T00:00:00Z,1677542400,104.585,104.93,104.34,104.915,17928,0,35
2023-03-01T00:00:00Z,1677628800,105.0,105.005,104.03,104.325,20391,0,35
2023-03-02T00:00:00Z,1677715200,104.415,105.135,104.4,104.93,18360,0,35
2023-03-03T00:00:00Z,1677801600,104.795,104.97,104.435,104.47,17455,0,35
2023-03-06T00:00:00Z,1678060800,104.565,104.645,104.11,104.225,15450,0,35
2023-03-07T00:00:00Z,1678147200,104.27,105.62,104.08,105.585,21534,0,35
2023-03-08T00:00:00Z,1678233600,105.585,105.855,105.315,105.645,18904,0,35
2023-03-09T00:00:00Z,1678320000,105.6,105.715,105.12,105.22,14095,0,35
2023-03-10T00:00:00Z,1678406400,105.09,105.345,104.01,104.595,28711,0,35
2023-03-13T00:00:00Z,1678665600,103.815,104.025,103.055,103.195,36961,0,35
2023-03-14T00:00:00Z,1678752000,103.235,103.6,103.065,103.235,28372,0,35
2023-03-15T00:00:00Z,1678838400,103.315,104.705,103.03,104.38,31010,0,35
2023-03-16T00:00:00Z,1678924800,104.3,104.385,103.875,104.09,27531,0,35
2023-03-17T00:00:00Z,1679011200,104.055,104.11,103.325,103.5,19102,0,35
2023-03-20T00:00:00Z,1679270400,103.435,103.615,102.89,102.895,18562,0,35
2023-03-21T00:00:00Z,1679356800,102.945,103.125,102.625,102.835,13310,0,35
2023-03-22T00:00:00Z,1679443200,102.805,102.895,101.655,102.17,17054,0,35
2023-03-23T00:00:00Z,1679529600,102.055,102.275,101.535,102.225,18001,0,30
2023-03-24T00:00:00Z,1679616000,102.235,103.0,102.145,102.75,16521,0,30
2023-03-27T00:00:00Z,1679875200,102.64,102.88,102.46,102.465,11858,0,30
2023-03-28T00:00:00Z,1679961600,102.38,102.41,102.02,102.05,11722,0,30
2023-03-29T00:00:00Z,1680048000,102.115,102.425,102.015,102.29,13182,0,30
2023-03-30T00:00:00Z,1680134400,102.285,102.44,101.73,101.83,12912,0,30
2023-03-31T00:00:00Z,1680220800,101.89,102.29,101.705,102.25,13600,0,30
2023-04-03T00:00:00Z,1680480000,102.59,102.73,101.6,101.725,14089,0,30
2023-04-04T00:00:00Z,1680566400,101.69,101.935,101.12,101.235,14579,0,30
2023-04-05T00:00:00Z,1680652800,101.205,101.665,101.07,101.555,14043,0,35
2023-04-06T00:00:00Z,1680739200,101.54,101.81,101.425,101.58,11327,0,35
2023-04-07T00:00:00Z,1680825600,101.615,101.97,101.55,101.71,2349,0,35
2023-04-10T00:00:00Z,1681084800,101.675,102.465,101.64,102.21,9230,0,35
2023-04-11T00:00:00Z,1681171200,102.13,102.175,101.675,101.805,10395,0,35
2023-04-12T00:00:00Z,1681257600,101.78,101.82,101.095,101.195,13236,0,35
2023-04-13T00:00:00Z,1681344000,101.155,101.275,100.505,100.665,11682,0,35
2023-04-14T00:00:00Z,1681430400,100.64,101.41,100.44,101.255,12994,0,35
2023-04-17T00:00:00Z,1681689600,101.35,101.91,101.21,101.78,10592,0,35
2023-04-18T00:00:00Z,1681776000,101.79,101.835,101.325,101.41,11098,0,35
2023-04-19T00:00:00Z,1681862400,101.415,101.92,101.345,101.63,12569,0,35
2023-04-20T00:00:00Z,1681948800,101.68,101.825,101.33,101.495,12105,0,35
2023-04-21T00:00:00Z,1682035200,101.485,101.835,101.35,101.425,12311,0,35
2023-04-24T00:00:00Z,1682294400,101.405,101.62,101.04,101.06,11450,0,35
2023-04-25T00:00:00Z,1682380800,100.96,101.66,100.915,101.57,13195,0,35
2023-04-26T00:00:00Z,1682467200,101.535,101.61,100.72,101.165,15376,0,35
2023-04-27T00:00:00Z,1682553600,101.13,101.545,100.975,101.21,14371,0,35
2023-04-28T00:00:00Z,1682640000,101.185,101.975,101.15,101.385,17508,0,35
2023-05-01T00:00:00Z,1682899200,101.47,101.945,101.37,101.86,9387,0,35
2023-05-02T00:00:00Z,1682985600,101.93,102.165,101.625,101.695,14668,0,35
2023-05-03T00:00:00Z,1683072000,101.62,101.68,100.82,101.025,16483,0,35
2023-05-04T00:00:00Z,1683158400,100.975,101.4,100.78,101.19,18385,0,35
2023-05-05T00:00:00Z,1683244800,101.105,101.545,100.885,101.025,13696,0,35
2023-05-08T00:00:00Z,1683504000,101.09,101.18,100.815,101.145,8420,0,35
2023-05-09T00:00:00Z,1683590400,101.2,101.62,101.14,101.41,9768,0,35
2023-05-10T00:00:00Z,1683676800,101.4,101.585,100.985,101.215,12177,0,35
2023-05-11T00:00:00Z,1683763200,101.205,101.955,101.095,101.88,12703,0,35
2023-05-12T00:00:00Z,1683849600,101.9,102.525,101.735,102.515,8923,0,35
2023-05-15T00:00:00Z,1684108800,102.5,102.565,102.175,102.25,8931,0,35
2023-05-16T00:00:00Z,1684195200,102.25,102.52,102.02,102.425,10876,0,35
2023-05-17T00:00:00Z,1684281600,102.42,102.94,102.36,102.705,11015,0,35
2023-05-18T00:00:00Z,1684368000,102.73,103.47,102.635,103.395,10620,0,35
2023-05-19T00:00:00Z,1684454400,103.355,103.47,102.85,103.04,13477,0,35
2023-05-22T00:00:00Z,1684713600,102.915,103.235,102.825,103.11,11580,0,35
2023-05-23T00:00:00Z,1684800000,103.13,103.53,103.035,103.42,12658,0,35
2023-05-24T00:00:00Z,1684886400,103.425,103.815,103.245,103.805,14243,0,35
2023-05-25T00:00:00Z,1684972800,103.76,104.23,103.76,104.15,12703,0,35
2023-05-26T00:00:00Z,1685059200,104.155,104.325,103.75,104.14,12846,0,35
2023-05-29T00:00:00Z,1685318400,104.185,104.21,103.95,104.17,5058,0,35
2023-05-30T00:00:00Z,1685404800,104.215,104.425,103.765,103.95,12679,0,35
2023-05-31T00:00:00Z,1685491200,103.975,104.595,103.915,104.135,15028,0,35
2023-06-01T00:00:00Z,1685577600,104.09,104.26,103.435,103.47,6596,0,30
2023-06-02T00:00:00Z,1685664000,103.465,104.01,103.3,103.97,12382,0,35
2023-06-05T00:00:00Z,1685923200,104.08,104.335,103.855,103.925,10835,0,35
2023-06-06T00:00:00Z,1686009600,103.925,104.3,103.735,104.08,10913,0,35
2023-06-07T00:00:00Z,1686096000,104.02,104.24,103.55,104.06,11110,0,35
2023-06-08T00:00:00Z,1686182400,103.99,104.03,103.25,103.27,11831,0,35
2023-06-09T00:00:00Z,1686268800,103.275,103.565,103.265,103.505,9705,0,35
2023-06-12T00:00:00Z,1686528000,103.1,103.32,102.83,103.18,9884,0,35
2023-06-13T00:00:00Z,1686614400,103.14,103.185,102.51,102.84,12355,0,35
2023-06-14T00:00:00Z,1686700800,102.855,102.955,102.22,102.565,13508,0,35
2023-06-15T00:00:00Z,1686787200,102.495,102.94,101.675,101.735,12630,0,35
2023-06-16T00:00:00Z,1686873600,101.735,101.995,101.57,101.845,13290,0,35
2023-06-19T00:00:00Z,1687132800,101.87,102.12,101.82,102.05,7074,0,30
2023-06-20T00:00:00Z,1687219200,102.06,102.355,101.905,102.095,11570,0,35
2023-06-21T00:00:00Z,1687305600,102.08,102.285,101.6,101.67,13511,0,35
2023-06-22T00:00:00Z,1687392000,101.67,102.065,101.485,101.99,12831,0,35
2023-06-23T00:00:00Z,1687478400,101.99,102.765,101.965,102.49,13608,0,35
2023-06-26T00:00:00Z,1687737600,102.385,102.46,102.235,102.385,10615,0,35
2023-06-27T00:00:00Z,1687824000,102.36,102.425,101.94,102.13,12552,0,35
2023-06-28T00:00:00Z,1687910400,102.135,102.78,102.1,102.635,12162,0,35
2023-06-29T00:00:00Z,1687996800,102.615,103.09,102.435,103.015,13000,0,35
2023-06-30T00:00:00Z,1688083200,103.005,103.215,102.41,102.56,13399,0,35
2023-07-03T00:00:00Z,1688342400,102.6,102.935,102.395,102.615,10317,0,35
2023-07-04T00:00:00Z,1688428800,102.615,102.745,102.53,102.73,6222,0,35
2023-07-05T00:00:00Z,1688515200,102.715,103.04,102.61,103.02,10522,0,35
2023-07-06T00:00:00Z,1688601600,103.005,103.26,102.59,102.765,15260,0,35
2023-07-07T00:00:00Z,1688688000,102.77,102.855,101.895,101.91,14566,0,35
2023-07-10T00:00:00Z,1688947200,101.95,102.225,101.595,101.595,11720,0,35
2023-07-11T00:00:00Z,1689033600,101.575,101.63,101.305,101.31,11675,0,35
2023-07-12T00:00:00Z,1689120000,101.255,101.27,100.16,100.23,15501,0,35
2023-07-13T00:00:00Z,1689206400,100.16,100.275,99.405,99.41,14112,0,35
2023-07-14T00:00:00Z,1689292800,99.44,99.69,99.245,99.615,13877,0,35
2023-07-17T00:00:00Z,1689552000,99.63,99.85,99.43,99.55,10889,0,35
2023-07-18T00:00:00Z,1689638400,99.56,99.77,99.2,99.615,15468,0,35
2023-07-19T00:00:00Z,1689724800,99.635,100.225,99.585,99.96,13882,0,35
2023-07-20T00:00:00Z,1689811200,99.96,100.67,99.725,100.525,14024,0,35
2023-07-21T00:00:00Z,1689897600,100.485,100.905,100.43,100.79,13302,0,35
2023-07-24T00:00:00Z,1690156800,100.815,101.14,100.605,101.09,14482,0,35
2023-07-25T00:00:00Z,1690243200,101.135,101.375,100.91,100.995,11314,0,30
2023-07-26T00:00:00Z,1690329600,101.045,101.17,100.58,100.76,16118,0,35
2023-07-27T00:00:00Z,1690416000,100.835,101.595,100.3,101.52,19775,0,35
2023-07-28T00:00:00Z,1690502400,101.455,101.81,101.08,101.445,21791,0,35
2023-07-31T00:00:00Z,1690761600,101.36,101.65,101.275,101.625,13440,0,35
2023-08-01T00:00:00Z,1690848000,101.645,102.205,101.605,101.98,11729,0,35
2023-08-02T00:00:00Z,1690934400,101.98,102.56,101.77,102.41,13900,0,35
2023-08-03T00:00:00Z,1691020800,102.39,102.635,102.155,102.275,15939,0,35
2023-08-04T00:00:00Z,1691107200,102.255,102.42,101.53,101.815,14945,0,35
2023-08-07T00:00:00Z,1691366400,101.855,102.175,101.76,101.86,9626,0,35
2023-08-08T00:00:00Z,1691452800,101.875,102.61,101.865,102.34,12806,0,35
2023-08-09T00:00:00Z,1691539200,102.335,102.39,102.105,102.325,10229,0,35
2023-08-10T00:00:00Z,1691625600,102.295,102.48,101.585,102.47,15772,0,35
2023-08-11T00:00:00Z,1691712000,102.47,102.745,102.245,102.715,12492,0,35
2023-08-14T00:00:00Z,1691971200,102.715,103.31,102.615,103.005,12589,0,35
2023-08-15T00:00:00Z,1692057600,102.985,103.145,102.66,103.065,15875,0,35
2023-08-16T00:00:00Z,1692144000,103.075,103.395,102.805,103.315,14062,0,35
2023-08-17T00:00:00Z,1692230400,103.355,103.475,102.925,103.305,14196,0,35
2023-08-18T00:00:00Z,1692316800,103.29,103.56,103.11,103.31,12947,0,35
2023-08-21T00:00:00Z,1692576000,103.28,103.395,103.025,103.215,11534,0,35
2023-08-22T00:00:00Z,1692662400,103.215,103.605,102.91,103.5,11547,0,35
2023-08-23T00:00:00Z,1692748800,103.485,103.885,103.195,103.265,14346,0,35
2023-08-24T00:00:00Z,1692835200,103.245,103.95,103.17,103.91,12376,0,35
2023-08-25T00:00:00Z,1692921600,104.0,104.365,103.655,104.125,14846,0,35
2023-08-28T00:00:00Z,1693180800,104.095,104.11,103.905,103.925,9779,0,35
2023-08-29T00:00:00Z,1693267200,103.87,104.275,103.285,103.375,14130,0,35
2023-08-30T00:00:00Z,1693353600,103.47,103.62,102.845,103.085,13921,0,35
2023-08-31T00:00:00Z,1693440000,103.055,103.67,102.935,103.565,14268,0,35
2023-09-01T00:00:00Z,1693526400,103.57,104.23,103.195,104.205,16017,0,35
2023-09-04T00:00:00Z,1693785600,104.18,104.205,103.96,104.03,6371,0,35
2023-09-05T00:00:00Z,1693872000,104.085,104.84,104.045,104.745,13235,0,35
2023-09-06T00:00:00Z,1693958400,104.69,104.985,104.53,104.785,12901,0,35
2023-09-07T00:00:00Z,1694044800,104.825,105.105,104.76,105.015,11973,0,35
2023-09-08T00:00:00Z,1694131200,105.0,105.055,104.61,105.01,11352,0,35
2023-09-11T00:00:00Z,1694390400,104.445,104.495,104.015,104.155,10897,0,35
2023-09-12T00:00:00Z,1694476800,104.175,104.53,104.025,104.18,9314,0,35
2023-09-13T00:00:00Z,1694563200,104.195,104.605,104.125,104.37,13258,0,35
2023-09-14T00:00:00Z,1694649600,104.365,105.08,104.185,104.97,14026,0,35
2023-09-15T00:00:00Z,1694736000,105.05,105.06,104.715,104.965,12132,0,35
2023-09-18T00:00:00Z,1694995200,104.905,105.005,104.66,104.72,8933,0,35
2023-09-19T00:00:00Z,1695081600,104.735,104.87,104.445,104.8,9976,0,35
2023-09-20T00:00:00Z,1695168000,104.775,105.1,104.325,105.015,13838,0,35
2023-09-21T00:00:00Z,1695254400,105.12,105.415,104.94,105.04,14660,0,35
2023-09-22T00:00:00Z,1695340800,105.055,105.44,104.98,105.26,12736,0,35
2023-09-25T00:00:00Z,1695600000,105.25,105.77,105.18,105.635,10075,0,35
2023-09-26T00:00:00Z,1695686400,105.63,105.945,105.54,105.87,11691,0,35
2023-09-27T00:00:00Z,1695772800,105.9,106.52,105.855,106.385,13242,0,35
2023-09-28T00:00:00Z,1695859200,106.37,106.455,105.715,105.83,15726,0,35
2023-09-29T00:00:00Z,1695945600,105.865,105.925,105.315,105.83,15930,0,35
2023-10-02T00:00:00Z,1696204800,105.925,106.72,105.73,106.715,14564,0,35
2023-10-03T00:00:00Z,1696291200,106.695,107.03,106.49,106.79,19108,0,35
2023-10-04T00:00:00Z,1696377600,106.785,106.95,106.225,106.51,17290,0,35
2023-10-05T00:00:00Z,1696464000,106.495,106.595,106.035,106.06,16051,0,35
2023-10-06T00:00:00Z,1696550400,106.06,106.69,105.66,105.82,18813,0,35
2023-10-09T00:00:00Z,1696809600,105.945,106.32,105.745,105.8,12799,0,35
2023-10-10T00:00:00Z,1696896000,105.67,105.975,105.39,105.5,16407,0,35
2023-10-11T00:00:00Z,1696982400,105.495,105.75,105.285,105.44,16405,0,35
2023-10-12T00:00:00Z,1697068800,105.41,106.355,105.275,106.33,14898,0,35
2023-10-13T00:00:00Z,1697155200,106.27,106.55,106.04,106.435,15016,0,35
2023-10-16T00:00:00Z,1697414400,106.315,106.37,105.96,105.97,12462,0,35
2023-10-17T00:00:00Z,1697500800,106.03,106.295,105.79,105.97,14729,0,35
2023-10-18T00:00:00Z,1697587200,105.995,106.42,105.79,106.35,13885,0,35
2023-10-19T00:00:00Z,1697673600,106.335,106.46,105.725,106.02,17821,0,35
2023-10-20T00:00:00Z,1697760000,106.005,106.215,105.87,105.96,13577,0,35
2023-10-23T00:00:00Z,1698019200,105.99,106.13,105.3,105.385,13116,0,35
2023-10-24T00:00:00Z,1698105600,105.385,106.12,105.14,106.055,14432,0,35
2023-10-25T00:00:00Z,1698192000,106.03,106.375,105.945,106.365,12827,0,35
2023-10-26T00:00:00Z,1698278400,106.37,106.75,106.34,106.425,15906,0,35
2023-10-27T00:00:00Z,1698364800,106.39,106.605,106.115,106.385,13563,0,35
2023-10-30T00:00:00Z,1698624000,106.415,106.515,105.86,105.93,12107,0,35
2023-10-31T00:00:00Z,1698710400,105.96,106.675,105.705,106.545,15723,0,35
2023-11-01T00:00:00Z,1698796800,106.545,106.965,106.43,106.475,16475,0,35
2023-11-02T00:00:00Z,1698883200,106.285,106.315,105.635,105.97,13721,0,35
2023-11-03T00:00:00Z,1698969600,106.03,106.06,104.762,104.892,13317,0,30
2023-11-06T00:00:00Z,1699228800,104.95,105.105,104.665,105.09,10551,0,30
2023-11-07T00:00:00Z,1699315200,105.14,105.595,105.13,105.34,12048,0,30
2023-11-08T00:00:00Z,1699401600,105.44,105.7,105.275,105.355,11857,0,35
2023-11-09T00:00:00Z,1699488000,105.415,105.815,105.225,105.745,13492,0,35
2023-11-10T00:00:00Z,1699574400,105.765,105.865,105.59,105.655,12111,0,35
2023-11-13T00:00:00Z,1699833600,105.67,105.805,105.43,105.525,10181,0,35
2023-11-14T00:00:00Z,1699920000,105.52,105.595,103.82,103.915,14735,0,35
2023-11-15T00:00:00Z,1700006400,104.02,104.355,103.805,104.25,14600,0,35
2023-11-16T00:00:00Z,1700092800,104.22,104.42,103.865,104.24,13655,0,35
2023-11-17T00:00:00Z,1700179200,104.21,104.415,103.665,103.665,13832,0,35
2023-11-20T00:00:00Z,1700438400,103.785,103.785,103.235,103.35,13233,0,35
2023-11-21T00:00:00Z,1700524800,103.275,103.58,103.05,103.47,14620,0,35
2023-11-22T00:00:00Z,1700611200,103.395,104.095,103.355,103.74,14432,0,35
2023-11-23T00:00:00Z,1700697600,103.705,103.765,103.42,103.65,7997,0,35
2023-11-24T00:00:00Z,1700784000,103.62,103.73,103.24,103.26,8208,0,35
2023-11-27T00:00:00Z,1701043200,103.42,103.42,103.075,103.1,11973,0,35
2023-11-28T00:00:00Z,1701129600,103.02,103.21,102.5,102.625,14999,0,35
2023-11-29T00:00:00Z,1701216000,102.395,102.915,102.365,102.755,16219,0,35
2023-11-30T00:00:00Z,1701302400,102.67,103.5,102.635,103.42,16783,0,35
2023-12-01T00:00:00Z,1701388800,103.255,103.65,103.03,103.11,16656,0,35
2023-12-04T00:00:00Z,1701648000,103.165,103.78,103.12,103.565,15040,0,35
2023-12-05T00:00:00Z,1701734400,103.485,104.025,103.48,103.88,15906,0,35
2023-12-06T00:00:00Z,1701820800,103.88,104.17,103.805,104.12,12923,0,35
2023-12-07T00:00:00Z,1701907200,104.07,104.15,103.2,103.59,17312,0,35
2023-12-08T00:00:00Z,1701993600,103.465,104.25,103.39,103.94,18660,0,35
2023-12-11T00:00:00Z,1702252800,103.575,103.865,103.56,103.675,10721,0,35
2023-12-12T00:00:00Z,1702339200,103.62,103.685,103.04,103.39,12933,0,35
2023-12-13T00:00:00Z,1702425600,103.405,103.62,102.345,102.535,15476,0,35
2023-12-14T00:00:00Z,1702512000,102.325,102.395,101.37,101.555,20545,0,35
2023-12-15T00:00:00Z,1702598400,101.66,102.25,101.44,102.195,16039,0,35
2023-12-18T00:00:00Z,1702857600,102.185,102.24,101.995,102.11,11556,0,35
2023-12-19T00:00:00Z,1702944000,102.085,102.245,101.665,101.72,12926,0,35
2023-12-20T00:00:00Z,1703030400,101.775,102.155,101.76,102.04,12827,0,35
2023-12-21T00:00:00Z,1703116800,101.985,102.08,101.36,101.375,14032,0,35
2023-12-22T00:00:00Z,1703203200,101.425,101.525,101.055,101.34,12422,0,35
2023-12-26T00:00:00Z,1703548800,101.265,101.395,101.075,101.09,6010,0,35
2023-12-27T00:00:00Z,1703635200,101.17,101.205,100.475,100.59,9519,0,35
2023-12-28T00:00:00Z,1703721600,100.54,100.965,100.295,100.91,11940,0,35
2023-12-29T00:00:00Z,1703808000,100.845,101.095,100.735,101.045,12138,0,35
2024-01-01T00:00:00Z,1704067200,100.865,100.865,100.865,100.865,2,0,225
2024-01-02T00:00:00Z,1704153600,101.06,101.92,101.01,101.905,14966,0,35
2024-01-03T00:00:00Z,1704240000,101.835,102.41,101.75,102.145,16882,0,35
2024-01-04T00:00:00Z,1704326400,102.15,102.23,101.845,102.12,14059,0,35
2024-01-05T00:00:00Z,1704412800,102.095,102.81,101.595,102.13,18529,0,35
2024-01-08T00:00:00Z,1704672000,102.085,102.325,101.77,101.995,12291,0,35
2024-01-09T00:00:00Z,1704758400,101.935,102.37,101.815,102.215,13338,0,35
2024-01-10T00:00:00Z,1704844800,102.23,102.345,102.045,102.06,10952,0,35
2024-01-11T00:00:00Z,1704931200,102.0,102.495,101.765,102.04,17796,0,35
2024-01-12T00:00:00Z,1705017600,102.02,102.3,101.8,102.16,14176,0,35
2024-01-15T00:00:00Z,1705276800,102.17,102.39,102.035,102.3,7320,0,35
2024-01-16T00:00:00Z,1705363200,102.545,103.155,102.475,103.08,16900,0,35
2024-01-17T00:00:00Z,1705449600,103.075,103.435,103.005,103.12,14993,0,35
2024-01-18T00:00:00Z,1705536000,103.045,103.39,102.9,103.17,14200,0,35
2024-01-19T00:00:00Z,1705622400,103.135,103.305,103.005,103.01,12125,0,35
2024-01-22T00:00:00Z,1705881600,102.97,103.14,102.885,103.12,9647,0,35
2024-01-23T00:00:00Z,1705968000,103.11,103.585,102.755,103.33,12623,0,35
2024-01-24T00:00:00Z,1706054400,103.285,103.325,102.535,103.03,14095,0,35
2024-01-25T00:00:00Z,1706140800,103.165,103.47,102.9,103.275,15390,0,35
2024-01-26T00:00:00Z,1706227200,103.32,103.52,102.91,103.25,11960,0,35
2024-01-29T00:00:00Z,1706486400,103.32,103.625,103.195,103.27,10709,0,35
2024-01-30T00:00:00Z,1706572800,103.205,103.42,103.095,103.2,11484,0,35
2024-01-31T00:00:00Z,1706659200,103.215,103.545,102.735,103.335,20628,0,35
2024-02-01T00:00:00Z,1706745600,103.375,103.64,102.825,102.87,17265,0,35
2024-02-02T00:00:00Z,1706832000,102.865,103.875,102.715,103.81,15701,0,35
2024-02-05T00:00:00Z,1707091200,103.96,104.45,103.82,104.3,12526,0,35
2024-02-06T00:00:00Z,1707177600,104.275,104.435,103.98,104.01,11856,0,35
2024-02-07T00:00:00Z,1707264000,103.97,104.01,103.785,103.895,11487,0,35
2024-02-08T00:00:00Z,1707350400,103.86,104.285,103.815,103.99,10369,0,35
2024-02-09T00:00:00Z,1707436800,104.03,104.12,103.805,103.935,10604,0,35
2024-02-12T00:00:00Z,1707696000,103.835,104.135,103.75,103.995,7696,0,35
2024-02-13T00:00:00Z,1707782400,104.0,104.835,103.37,104.745,12665,0,35
2024-02-14T00:00:00Z,1707868800,104.765,104.855,104.525,104.59,10897,0,35
2024-02-15T00:00:00Z,1707955200,104.52,104.61,104.065,104.15,10867,0,35
2024-02-16T00:00:00Z,1708041600,104.255,104.565,104.05,104.175,10499,0,35
2024-02-19T00:00:00Z,1708300800,104.045,104.26,104.02,104.125,5705,0,35
2024-02-20T00:00:00Z,1708387200,104.23,104.305,103.675,103.945,10307,0,35
2024-02-21T00:00:00Z,1708473600,103.955,104.11,103.83,103.875,10184,0,35
2024-02-22T00:00:00Z,1708560000,103.81,104.04,103.18,103.85,12266,0,35
2024-02-23T00:00:00Z,1708646400,103.85,103.96,103.675,103.87,9651,0,35
2024-02-26T00:00:00Z,1708905600,103.9,103.93,103.615,103.68,8204,0,35
2024-02-27T00:00:00Z,1708992000,103.71,103.835,103.52,103.72,8877,0,35
2024-02-28T00:00:00Z,1709078400,103.755,104.155,103.74,103.845,9966,0,35
2024-02-29T00:00:00Z,1709164800,103.855,104.125,103.575,104.055,13730,0,25
2024-03-01T00:00:00Z,1709251200,104.035,104.225,103.76,103.81,11794,0,35
2024-03-04T00:00:00Z,1709510400,103.745,103.895,103.66,103.77,9253,0,35
2024-03-05T00:00:00Z,1709596800,103.775,103.88,103.505,103.72,11163,0,35
2024-03-06T00:00:00Z,1709683200,103.78,103.83,103.135,103.3,12244,0,35
2024-03-07T00:00:00Z,1709769600,103.245,103.305,102.745,102.745,13579,0,35
2024-03-08T00:00:00Z,1709856000,102.685,102.845,102.275,102.69,14927,0,35
2024-03-11T00:00:00Z,1710115200,102.3,102.54,102.23,102.425,7593,0,35
2024-03-12T00:00:00Z,1710201600,102.365,102.76,102.295,102.5,10435,0,35
2024-03-13T00:00:00Z,1710288000,102.49,102.595,102.25,102.39,7510,0,35
2024-03-14T00:00:00Z,1710374400,102.35,103.01,102.335,102.97,10540,0,30
2024-03-15T00:00:00Z,1710460800,103.015,103.11,102.905,103.05,9730,0,35
2024-03-18T00:00:00Z,1710720000,103.08,103.27,102.95,103.21,8141,0,35
2024-03-19T00:00:00Z,1710806400,103.22,103.69,103.195,103.455,9570,0,35
2024-03-20T00:00:00Z,1710892800,103.505,103.79,103.015,103.03,11807,0,35
2024-03-21T00:00:00Z,1710979200,102.915,103.72,102.815,103.675,12631,0,35
2024-03-22T00:00:00Z,1711065600,103.66,104.185,103.585,104.1,9403,0,35
2024-03-25T00:00:00Z,1711324800,104.12,104.175,103.82,103.895,7324,0,35
2024-03-26T00:00:00Z,1711411200,103.905,104.015,103.69,103.985,7826,0,35
2024-03-27T00:00:00Z,1711497600,103.99,104.15,103.905,103.985,8409,0,35
2024-03-28T00:00:00Z,1711584000,104.125,104.435,104.01,104.255,9146,0,35
2024-03-29T00:00:00Z,1711670400,104.255,104.255,104.175,104.175,3,0,40
2024-04-01T00:00:00Z,1711929600,104.19,104.785,104.12,104.68,6252,0,35
2024-04-02T00:00:00Z,1712016000,104.74,104.825,104.405,104.5,8879,0,35
2024-04-03T00:00:00Z,1712102400,104.51,104.57,103.95,103.97,9390,0,35
2024-04-04T00:00:00Z,1712188800,103.955,104.015,103.66,103.975,9020,0,35
2024-04-05T00:00:00Z,1712275200,103.99,104.44,103.89,104.045,12619,0,35
2024-04-08T00:00:00Z,1712534400,104.145,104.195,103.84,103.88,9738,0,35
2024-04-09T00:00:00Z,1712620800,103.865,103.955,103.625,103.875,9180,0,35
2024-04-10T00:00:00Z,1712707200,103.865,105.065,103.775,104.965,15092,0,35
2024-04-11T00:00:00Z,1712793600,104.995,105.295,104.8,105.055,14793,0,35
2024-04-12T00:00:00Z,1712880000,105.065,105.885,105.005,105.795,14273,0,35
2024-04-15T00:00:00Z,1713139200,105.72,106.025,105.62,105.985,14612,0,35
2024-04-16T00:00:00Z,1713225600,106.0,106.305,105.85,106.165,17809,0,35
2024-04-17T00:00:00Z,1713312000,106.13,106.23,105.665,105.745,14304,0,35
2024-04-18T00:00:00Z,1713398400,105.78,105.995,105.555,105.975,13542,0,35
2024-04-19T00:00:00Z,1713484800,105.99,106.175,105.655,105.935,18771,0,35
2024-04-22T00:00:00Z,1713744000,105.91,106.215,105.8,105.94,10855,0,35
2024-04-23T00:00:00Z,1713830400,105.925,106.06,105.43,105.51,13237,0,35
2024-04-24T00:00:00Z,1713916800,105.515,105.775,105.41,105.64,11121,0,35
2024-04-25T00:00:00Z,1714003200,105.64,105.85,105.31,105.415,13684,0,35
2024-04-26T00:00:00Z,1714089600,105.455,106.04,105.255,105.935,14127,0,35
2024-04-29T00:00:00Z,1714348800,105.815,105.96,105.31,105.51,18924,0,35
2024-04-30T00:00:00Z,1714435200,105.555,106.2,105.52,106.19,15024,0,35
2024-05-01T00:00:00Z,1714521600,106.18,106.355,105.295,105.495,17381,0,35
2024-05-02T00:00:00Z,1714608000,105.605,105.765,105.155,105.245,15118,0,35
2024-05-03T00:00:00Z,1714694400,105.18,105.23,104.39,104.94,17200,0,35
2024-05-06T00:00:00Z,1714953600,105.055,105.06,104.725,104.935,8801,0,35
2024-05-07T00:00:00Z,1715040000,104.985,105.315,104.89,105.235,10581,0,35
2024-05-08T00:00:00Z,1715126400,105.31,105.515,105.26,105.385,8653,0,35
2024-05-09T00:00:00Z,1715212800,105.405,105.62,105.06,105.075,9869,0,35
2024-05-10T00:00:00Z,1715299200,105.07,105.265,104.985,105.165,9267,0,35
2024-05-13T00:00:00Z,1715558400,105.19,105.225,104.91,105.08,7889,0,35
2024-05-14T00:00:00Z,1715644800,105.07,105.36,104.815,104.865,9669,0,35
2024-05-15T00:00:00Z,1715731200,104.92,104.925,104.09,104.145,13131,0,35
2024-05-16T00:00:00Z,1715817600,104.09,104.485,103.945,104.38,10693,0,35
2024-05-17T00:00:00Z,1715904000,104.375,104.67,104.26,104.35,8191,0,35
2024-05-20T00:00:00Z,1716163200,104.36,104.52,104.27,104.5,7552,0,35
2024-05-21T00:00:00Z,1716249600,104.495,104.655,104.345,104.52,9466,0,35
2024-05-22T00:00:00Z,1716336000,104.51,104.865,104.43,104.83,10297,0,35
2024-05-23T00:00:00Z,1716422400,104.82,105.02,104.525,104.92,12166,0,35
2024-05-24T00:00:00Z,1716508800,104.965,105.03,104.535,104.635,8634,0,35
2024-05-27T00:00:00Z,1716768000,104.64,104.655,104.465,104.495,4733,0,35
2024-05-28T00:00:00Z,1716854400,104.47,104.545,104.235,104.525,9763,0,35
2024-05-29T00:00:00Z,1716940800,104.575,105.07,104.495,105.06,10645,0,35
2024-05-30T00:00:00Z,1717027200,105.075,105.115,104.555,104.68,11187,0,35
2024-05-31T00:00:00Z,1717113600,104.7,104.83,104.29,104.555,12192,0,35
2024-06-03T00:00:00Z,1717372800,104.52,104.7,103.975,103.98,11726,0,35
2024-06-04T00:00:00Z,1717459200,103.945,104.27,103.915,104.085,12939,0,35
2024-06-05T00:00:00Z,1717545600,104.095,104.39,104.035,104.24,11123,0,35
2024-06-06T00:00:00Z,1717632000,104.19,104.32,103.995,104.06,10774,0,35
2024-06-07T00:00:00Z,1717718400,104.07,104.9,103.61,104.895,13059,0,35
2024-06-10T00:00:00Z,1717977600,105.01,105.34,104.985,105.065,9469,0,35
2024-06-11T00:00:00Z,1718064000,105.09,105.415,105.05,105.225,9870,0,35
2024-06-12T00:00:00Z,1718150400,105.245,105.285,104.21,104.675,16297,0,35
2024-06-13T00:00:00Z,1718236800,104.67,105.26,104.61,105.185,10245,0,35
2024-06-14T00:00:00Z,1718323200,105.235,105.785,105.155,105.485,11861,0,35
2024-06-17T00:00:00Z,1718582400,105.16,105.265,104.915,104.92,9597,0,35
2024-06-18T00:00:00Z,1718668800,104.86,105.165,104.715,104.87,10689,0,35
2024-06-19T00:00:00Z,1718755200,104.875,104.94,104.765,104.845,5976,0,35
2024-06-20T00:00:00Z,1718841600,104.845,105.295,104.835,105.29,10163,0,35
2024-06-21T00:00:00Z,1718928000,105.27,105.54,105.16,105.465,10481,0,35
2024-06-24T00:00:00Z,1719187200,105.525,105.535,105.0,105.125,8360,0,35
2024-06-25T00:00:00Z,1719273600,105.135,105.415,105.01,105.26,7917,0,35
2024-06-26T00:00:00Z,1719360000,105.31,105.775,105.245,105.71,9364,0,35
2024-06-27T00:00:00Z,1719446400,105.72,105.745,105.355,105.58,9602,0,35
2024-06-28T00:00:00Z,1719532800,105.555,105.785,105.39,105.51,11456,0,35
2024-07-01T00:00:00Z,1719792000,105.395,105.64,105.085,105.48,11333,0,35
2024-07-02T00:00:00Z,1719878400,105.525,105.725,105.345,105.36,9421,0,35
2024-07-03T00:00:00Z,1719964800,105.335,105.465,104.695,105.0,9132,0,35
2024-07-04T00:00:00Z,1720051200,104.96,105.02,104.765,104.805,4914,0,35
2024-07-05T00:00:00Z,1720137600,104.835,104.835,104.475,104.525,10722,0,35
2024-07-08T00:00:00Z,1720396800,104.61,104.69,104.455,104.66,7972,0,35
2024-07-09T00:00:00Z,1720483200,104.625,104.875,104.605,104.79,9050,0,35
2024-07-10T00:00:00Z,1720569600,104.77,104.84,104.66,104.675,6915,0,35
2024-07-11T00:00:00Z,1720656000,104.65,104.68,103.755,104.135,14735,0,35
2024-07-12T00:00:00Z,1720742400,104.075,104.225,103.705,103.755,11851,0,35
2024-07-15T00:00:00Z,1721001600,103.955,103.99,103.68,103.935,9346,0,35
2024-07-16T00:00:00Z,1721088000,103.92,104.185,103.87,103.91,9186,0,35
2024-07-17T00:00:00Z,1721174400,103.88,103.97,103.32,103.415,11874,0,35
2024-07-18T00:00:00Z,1721260800,103.37,103.92,103.35,103.895,11312,0,35
2024-07-19T00:00:00Z,1721347200,103.86,104.12,103.85,104.045,9631,0,35
2024-07-22T00:00:00Z,1721606400,103.93,104.13,103.9,104.005,8838,0,35
2024-07-23T00:00:00Z,1721692800,104.005,104.245,103.91,104.155,8664,0,35
2024-07-24T00:00:00Z,1721779200,104.21,104.27,103.83,104.07,11237,0,35
2024-07-25T00:00:00Z,1721865600,104.115,104.19,103.81,104.14,15114,0,35
2024-07-26T00:00:00Z,1721952000,104.07,104.185,103.93,104.055,10465,0,35
2024-07-29T00:00:00Z,1722211200,104.11,104.495,103.865,104.32,8355,0,35
2024-07-30T00:00:00Z,1722297600,104.335,104.54,104.21,104.225,10328,0,35
2024-07-31T00:00:00Z,1722384000,104.195,104.285,103.605,103.81,18002,0,35
2024-08-01T00:00:00Z,1722470400,103.785,104.22,103.615,104.105,15638,0,35
2024-08-02T00:00:00Z,1722556800,104.155,104.205,102.89,102.98,18780,0,35
2024-08-05T00:00:00Z,1722816000,102.925,102.985,101.945,102.51,36363,0,35
2024-08-06T00:00:00Z,1722902400,102.66,102.995,102.475,102.675,20991,0,35
2024-08-07T00:00:00Z,1722988800,102.77,103.145,102.69,102.945,17499,0,35
2024-08-08T00:00:00Z,1723075200,102.895,103.34,102.715,103.005,15031,0,35
2024-08-09T00:00:00Z,1723161600,103.085,103.1,102.825,102.955,9257,0,35
2024-08-12T00:00:00Z,1723420800,103.03,103.11,102.89,102.93,8384,0,35
2024-08-13T00:00:00Z,1723507200,102.895,103.085,102.345,102.41,10089,0,35
2024-08-14T00:00:00Z,1723593600,102.4,102.52,102.08,102.415,11482,0,35
2024-08-15T00:00:00Z,1723680000,102.43,103.05,102.36,102.87,9735,0,35
2024-08-16T00:00:00Z,1723766400,102.86,102.865,102.21,102.225,8310,0,35
2024-08-19T00:00:00Z,1724025600,102.29,102.29,101.685,101.7,9608,0,35
2024-08-20T00:00:00Z,1724112000,101.695,101.845,101.205,101.205,9681,0,35
2024-08-21T00:00:00Z,1724198400,101.22,101.54,100.76,101.025,13208,0,35
2024-08-22T00:00:00Z,1724284800,100.98,101.49,100.935,101.375,11527,0,35
2024-08-23T00:00:00Z,1724371200,101.345,101.42,100.47,100.54,13606,0,35
2024-08-26T00:00:00Z,1724630400,100.55,100.8,100.41,100.75,11222,0,35
2024-08-27T00:00:00Z,1724716800,100.74,100.81,100.385,100.445,10239,0,35
2024-08-28T00:00:00Z,1724803200,100.505,101.06,100.485,100.95,11165,0,35
2024-08-29T00:00:00Z,1724889600,100.92,101.495,100.79,101.285,13075,0,35
2024-08-30T00:00:00Z,1724976000,101.285,101.7,101.15,101.645,11764,0,35
2024-09-02T00:00:00Z,1725235200,101.68,101.71,101.485,101.555,5873,0,35
2024-09-03T00:00:00Z,1725321600,101.59,101.84,101.44,101.675,12817,0,35
2024-09-04T00:00:00Z,1725408000,101.65,101.705,101.155,101.205,13115,0,35
2024-09-05T00:00:00Z,1725494400,101.205,101.315,100.895,101.01,13497,0,35
2024-09-06T00:00:00Z,1725580800,101.0,101.35,100.505,101.13,20263,0,35
2024-09-09T00:00:00Z,1725840000,101.165,101.65,101.12,101.59,11083,0,35
2024-09-10T00:00:00Z,1725926400,101.6,101.72,101.495,101.625,10162,0,35
2024-09-11T00:00:00Z,1726012800,101.585,101.785,101.22,101.695,15622,0,35
2024-09-12T00:00:00Z,1726099200,101.755,101.81,101.2,101.215,11648,0,35
2024-09-13T00:00:00Z,1726185600,101.15,101.175,100.835,101.075,10429,0,35
2024-09-16T00:00:00Z,1726444800,100.675,100.675,100.23,100.32,10512,0,35
2024-09-17T00:00:00Z,1726531200,100.37,100.67,100.225,100.655,12359,0,35
2024-09-18T00:00:00Z,1726617600,100.57,100.82,99.865,100.61,19727,0,35
2024-09-19T00:00:00Z,1726704000,100.72,101.16,100.205,100.335,19928,0,35
2024-09-20T00:00:00Z,1726790400,100.365,100.715,100.105,100.435,16180,0,35
2024-09-23T00:00:00Z,1727049600,100.475,100.925,100.425,100.635,14012,0,35
2024-09-24T00:00:00Z,1727136000,100.615,100.75,100.015,100.025,14398,0,35
2024-09-25T00:00:00Z,1727222400,99.92,100.685,99.9,100.625,12031,0,35
2024-09-26T00:00:00Z,1727308800,100.65,100.66,100.155,100.275,14330,0,35
2024-09-27T00:00:00Z,1727395200,100.32,100.595,99.85,100.13,16819,0,35
2024-09-30T00:00:00Z,1727654400,100.145,100.65,99.885,100.47,14853,0,35
2024-10-01T00:00:00Z,1727740800,100.48,101.12,100.415,100.925,16863,0,35
2024-10-02T00:00:00Z,1727827200,100.96,101.42,100.87,101.37,13863,0,35
2024-10-03T00:00:00Z,1727913600,101.395,101.845,101.39,101.705,17108,0,35
2024-10-04T00:00:00Z,1728000000,101.655,102.43,101.56,102.22,16414,0,35
2024-10-07T00:00:00Z,1728259200,102.275,102.36,102.105,102.24,14942,0,35
2024-10-08T00:00:00Z,1728345600,102.235,102.39,102.035,102.19,13359,0,35
2024-10-09T00:00:00Z,1728432000,102.245,102.685,102.2,102.65,12341,0,35
2024-10-10T00:00:00Z,1728518400,102.64,102.95,102.445,102.62,15769,0,35
2024-10-11T00:00:00Z,1728604800,102.655,102.765,102.535,102.695,8846,0,35
2024-10-14T00:00:00Z,1728864000,102.82,103.13,102.74,102.965,9113,0,35
2024-10-15T00:00:00Z,1728950400,102.96,103.125,102.805,102.99,10848,0,35
2024-10-16T00:00:00Z,1729036800,103.045,103.395,102.945,103.32,10439,0,35
2024-10-17T00:00:00Z,1729123200,103.34,103.675,103.235,103.58,11399,0,35
2024-10-18T00:00:00Z,1729209600,103.585,103.6,103.26,103.275,8784,0,35
2024-10-21T00:00:00Z,1729468800,103.28,103.825,103.225,103.795,7908,0,35
2024-10-22T00:00:00Z,1729555200,103.765,103.93,103.635,103.88,9278,0,35
2024-10-23T00:00:00Z,1729641600,103.92,104.39,103.91,104.25,9588,0,35
2024-10-24T00:00:00Z,1729728000,104.27,104.29,103.85,103.86,11094,0,35
2024-10-25T00:00:00Z,1729814400,103.89,104.185,103.78,104.18,9317,0,35
2024-10-28T00:00:00Z,1730073600,104.235,104.425,103.97,104.17,9506,0,35
2024-10-29T00:00:00Z,1730160000,104.12,104.5,104.07,104.12,12134,0,35
2024-10-30T00:00:00Z,1730246400,104.105,104.3,103.83,103.975,12646,0,35
2024-10-31T00:00:00Z,1730332800,103.975,104.095,103.69,103.79,13951,0,35
2024-11-01T00:00:00Z,1730419200,103.795,104.245,103.56,104.22,12611,0,35
2024-11-04T00:00:00Z,1730678400,103.78,103.81,103.475,103.785,10918,0,35
2024-11-05T00:00:00Z,1730764800,103.82,103.85,103.265,103.3,9429,0,35
2024-11-06T00:00:00Z,1730851200,104.175,105.33,103.94,105.03,34591,0,35
2024-11-07T00:00:00Z,1730937600,105.08,105.155,104.07,104.2,19158,0,35
2024-11-08T00:00:00Z,1731024000,104.315,105.09,104.22,104.825,15143,0,35
2024-11-11T00:00:00Z,1731283200,104.885,105.59,104.81,105.395,11070,0,35
2024-11-12T00:00:00Z,1731369600,105.395,106.08,105.38,105.84,14118,0,35
2024-11-13T00:00:00Z,1731456000,105.945,106.43,105.61,106.37,17312,0,35
2024-11-14T00:00:00Z,1731542400,106.405,106.97,106.28,106.78,18241,0,35
2024-11-15T00:00:00Z,1731628800,106.825,106.835,106.235,106.61,16983,0,35
2024-11-18T00:00:00Z,1731888000,106.5,106.73,106.045,106.13,13244,0,35
2024-11-19T00:00:00Z,1731974400,106.17,106.555,106.02,106.09,17568,0,35
2024-11-20T00:00:00Z,1732060800,106.08,106.845,106.055,106.575,13054,0,35
2024-11-21T00:00:00Z,1732147200,106.515,107.1,106.39,107.01,16779,0,35
2024-11-22T00:00:00Z,1732233600,106.97,108.055,106.865,107.425,20068,0,35
2024-11-25T00:00:00Z,1732492800,106.855,107.2,106.515,106.825,17511,0,35
2024-11-26T00:00:00Z,1732579200,107.37,107.45,106.445,106.82,20251,0,35
2024-11-27T00:00:00Z,1732665600,106.785,106.87,105.8,106.01,20558,0,35
2024-11-28T00:00:00Z,1732752000,106.18,106.38,106.065,106.12,9606,0,35
2024-11-29T00:00:00Z,1732838400,105.97,106.105,105.58,105.775,15585,0,35
2024-12-02T00:00:00Z,1733097600,106.105,106.705,106.085,106.375,19848,0,35
2024-12-03T00:00:00Z,1733184000,106.45,106.57,106.045,106.3,16938,0,30
2024-12-04T00:00:00Z,1733270400,106.43,106.69,106.045,106.33,19108,0,35
2024-12-05T00:00:00Z,1733356800,106.285,106.34,105.665,105.695,15639,0,35
2024-12-06T00:00:00Z,1733443200,105.775,106.125,105.385,105.94,17454,0,35
2024-12-09T00:00:00Z,1733702400,105.96,106.18,105.76,106.115,12660,0,35
2024-12-10T00:00:00Z,1733788800,106.17,106.605,106.0,106.38,13168,0,35
2024-12-11T00:00:00Z,1733875200,106.345,106.785,106.24,106.63,17858,0,35
2024-12-12T00:00:00Z,1733961600,106.515,107.015,106.335,106.995,16741,0,35
2024-12-13T00:00:00Z,1734048000,106.93,107.17,106.695,106.91,11068,0,35
2024-12-16T00:00:00Z,1734307200,106.54,106.855,106.43,106.54,11609,0,35
2024-12-17T00:00:00Z,1734393600,106.425,106.775,106.4,106.635,12567,0,35
2024-12-18T00:00:00Z,1734480000,106.61,107.98,106.5,107.98,17384,0,35
2024-12-19T00:00:00Z,1734566400,107.81,108.205,107.545,108.13,20535,0,35
2024-12-20T00:00:00Z,1734652800,108.19,108.27,107.285,107.55,17225,0,35
2024-12-23T00:00:00Z,1734912000,107.53,108.025,107.43,107.83,11008,0,35
2024-12-24T00:00:00Z,1734998400,107.89,108.045,107.795,107.98,6995,0,35
2024-12-26T00:00:00Z,1735171200,107.925,108.06,107.775,107.845,6780,0,35
2024-12-27T00:00:00Z,1735257600,107.89,107.98,107.64,107.78,9640,0,35
2024-12-30T00:00:00Z,1735516800,107.77,108.165,107.525,107.825,11317,0,35
2024-12-31T00:00:00Z,1735603200,107.835,108.365,107.645,108.26,11901,0,35
2025-01-02T00:00:00Z,1735776000,108.295,109.345,108.065,109.05,16868,0,35
2025-01-03T00:00:00Z,1735862400,108.97,109.035,108.725,108.755,11467,0,35
2025-01-06T00:00:00Z,1736121600,108.805,108.815,107.555,108.06,19902,0,35
2025-01-07T00:00:00Z,1736208000,108.145,108.52,107.67,108.515,16954,0,35
2025-01-08T00:00:00Z,1736294400,108.465,109.19,108.37,108.815,16878,0,35
2025-01-09T00:00:00Z,1736380800,108.87,109.205,108.77,108.985,11607,0,35
2025-01-10T00:00:00Z,1736467200,109.035,109.81,108.82,109.455,19820,0,35
2025-01-13T00:00:00Z,1736726400,109.48,110.0,109.415,109.465,16886,0,35
2025-01-14T00:00:00Z,1736812800,109.435,109.58,108.995,109.0,18096,0,30
2025-01-15T00:00:00Z,1736899200,109.06,109.22,108.4,108.935,16998,0,35
2025-01-16T00:00:00Z,1736985600,108.85,109.235,108.655,108.75,17645,0,35
2025-01-17T00:00:00Z,1737072000,108.76,109.25,108.66,109.235,15671,0,35
2025-01-20T00:00:00Z,1737331200,109.1,109.15,107.715,107.86,16587,0,35
2025-01-21T00:00:00Z,1737417600,108.43,108.61,107.71,107.745,19523,0,35
2025-01-22T00:00:00Z,1737504000,107.825,108.05,107.525,108.02,14109,0,35
2025-01-23T00:00:00Z,1737590400,108.01,108.345,107.71,107.93,15470,0,35
2025-01-24T00:00:00Z,1737676800,107.93,107.985,107.0,107.25,18780,0,35
2025-01-27T00:00:00Z,1737936000,107.365,107.605,106.755,107.125,18800,0,35
2025-01-28T00:00:00Z,1738022400,107.555,107.86,107.485,107.695,14708,0,35
2025-01-29T00:00:00Z,1738108800,107.71,108.105,107.55,107.76,17774,0,35
2025-01-30T00:00:00Z,1738195200,107.675,108.07,107.315,107.955,17287,0,35
2025-01-31T00:00:00Z,1738281600,108.01,108.38,107.595,108.34,21367,0,35
2025-02-03T00:00:00Z,1738540800,109.53,109.735,108.185,108.285,31106,0,35
2025-02-04T00:00:00Z,1738627200,108.55,108.885,107.745,107.815,18076,0,35
2025-02-05T00:00:00Z,1738713600,107.77,107.84,107.135,107.455,15989,0,35
2025-02-06T00:00:00Z,1738800000,107.475,107.955,107.385,107.54,14681,0,35
2025-02-07T00:00:00Z,1738886400,107.585,108.175,107.195,107.95,19966,0,35
2025-02-10T00:00:00Z,1739145600,108.155,108.29,107.955,108.185,11177,0,35
2025-02-11T00:00:00Z,1739232000,108.215,108.335,107.62,107.77,10935,0,35
2025-02-12T00:00:00Z,1739318400,107.875,108.4,107.485,107.87,18117,0,35
2025-02-13T00:00:00Z,1739404800,107.86,107.89,106.915,106.94,20513,0,35
2025-02-14T00:00:00Z,1739491200,106.96,107.055,106.425,106.655,13779,0,35
2025-02-17T00:00:00Z,1739750400,106.625,106.76,106.495,106.6,8060,0,35
2025-02-18T00:00:00Z,1739836800,106.715,106.99,106.695,106.92,10871,0,35
2025-02-19T00:00:00Z,1739923200,106.93,107.26,106.755,107.06,11454,0,35
2025-02-20T00:00:00Z,1740009600,106.96,107.04,106.215,106.23,13096,0,35
2025-02-21T00:00:00Z,1740096000,106.355,106.645,106.27,106.52,12847,0,35
2025-02-24T00:00:00Z,1740355200,106.155,106.65,106.01,106.57,13809,0,35
2025-02-25T00:00:00Z,1740441600,106.655,106.705,106.085,106.175,13132,0,35
2025-02-26T00:00:00Z,1740528000,106.125,106.555,106.05,106.4,14500,0,35
2025-02-27T00:00:00Z,1740614400,106.505,107.215,106.335,107.195,14890,0,30
2025-02-28T00:00:00Z,1740700800,107.12,107.58,107.105,107.49,16492,0,35
2025-03-03T00:00:00Z,1740960000,107.215,107.315,106.355,106.45,17493,0,35
2025-03-04T00:00:00Z,1741046400,106.445,106.58,105.455,105.49,23158,0,35
2025-03-05T00:00:00Z,1741132800,105.545,105.71,104.19,104.245,25360,0,35
2025-03-06T00:00:00Z,1741219200,104.285,104.345,103.705,104.155,24447,0,35
2025-03-07T00:00:00Z,1741305600,104.115,104.185,103.41,103.845,21576,0,35
2025-03-10T00:00:00Z,1741564800,103.66,104.015,103.515,103.865,17984,0,35
2025-03-11T00:00:00Z,1741651200,103.825,103.875,103.175,103.34,19211,0,35
2025-03-12T00:00:00Z,1741737600,103.4,103.745,103.235,103.545,16537,0,35
2025-03-13T00:00:00Z,1741824000,103.565,104.05,103.48,103.825,12758,0,35
2025-03-14T00:00:00Z,1741910400,103.81,104.1,103.525,103.685,13166,0,35
2025-03-17T00:00:00Z,1742169600,103.335,103.44,102.915,103.02,11288,0,35
2025-03-18T00:00:00Z,1742256000,103.075,103.29,102.82,102.865,11501,0,35
2025-03-19T00:00:00Z,1742342400,102.935,103.55,102.89,103.09,13871,0,35
2025-03-20T00:00:00Z,1742428800,103.02,103.765,102.97,103.43,13291,0,35
2025-03-21T00:00:00Z,1742515200,103.405,103.87,103.38,103.785,12151,0,35
2025-03-24T00:00:00Z,1742774400,103.685,104.11,103.475,103.955,12415,0,35
2025-03-25T00:00:00Z,1742860800,103.98,104.13,103.585,103.835,10931,0,35
2025-03-26T00:00:00Z,1742947200,103.86,104.27,103.825,104.195,12095,0,35
2025-03-27T00:00:00Z,1743033600,104.285,104.3,103.72,103.89,13712,0,35
2025-03-28T00:00:00Z,1743120000,103.915,104.14,103.54,103.645,12863,0,35
2025-03-31T00:00:00Z,1743379200,103.655,104.055,103.4,103.85,14439,0,30
2025-04-01T00:00:00Z,1743465600,103.825,104.045,103.685,103.88,14128,0,35
2025-04-02T00:00:00Z,1743552000,103.89,103.99,102.995,103.285,16209,0,35
2025-04-03T00:00:00Z,1743638400,102.88,103.065,100.96,101.64,35379,0,35
2025-04-04T00:00:00Z,1743724800,101.7,102.915,101.25,102.615,45452,0,35
2025-04-07T00:00:00Z,1743984000,102.325,103.29,101.92,103.215,48311,0,35
2025-04-08T00:00:00Z,1744070400,103.1,103.175,102.48,102.69,32852,0,35
2025-04-09T00:00:00Z,1744156800,102.525,103.035,101.56,102.7,52038,0,35
2025-04-10T00:00:00Z,1744243200,102.665,102.675,100.42,100.69,36488,0,35
2025-04-11T00:00:00Z,1744329600,100.255,100.41,98.785,99.54,53405,0,35
2025-04-14T00:00:00Z,1744588800,99.6,99.93,98.98,99.435,30000,0,35
2025-04-15T00:00:00Z,1744675200,99.57,100.01,99.205,99.885,22278,0,35
2025-04-16T00:00:00Z,1744761600,99.81,99.82,98.91,99.005,24830,0,35
2025-04-17T00:00:00Z,1744848000,99.055,99.51,99.0,99.16,21632,0,35
2025-04-18T00:00:00Z,1744934400,99.16,99.16,99.155,99.155,7,0,35
2025-04-21T00:00:00Z,1745193600,98.5,98.5,97.655,98.11,18632,0,35
2025-04-22T00:00:00Z,1745280000,98.135,98.74,97.765,98.715,22223,0,35
2025-04-23T00:00:00Z,1745366400,99.23,99.72,98.62,99.68,27408,0,35
2025-04-24T00:00:00Z,1745452800,99.59,99.635,98.985,99.055,17563,0,35
2025-04-25T00:00:00Z,1745539200,99.225,99.665,99.215,99.35,17472,0,35
2025-04-28T00:00:00Z,1745798400,99.48,99.6,98.65,98.67,15987,0,35
2025-04-29T00:00:00Z,1745884800,98.78,99.15,98.71,98.98,17130,0,35
2025-04-30T00:00:00Z,1745971200,98.96,99.495,98.92,99.415,18531,0,35
2025-05-01T00:00:00Z,1746057600,99.425,100.17,99.405,99.965,16146,0,35
2025-05-02T00:00:00Z,1746144000,99.91,100.125,99.175,99.83,20599,0,35
2025-05-05T00:00:00Z,1746403200,99.68,99.755,99.255,99.59,15297,0,35
2025-05-06T00:00:00Z,1746489600,99.615,99.905,98.96,99.045,16606,0,35
2025-05-07T00:00:00Z,1746576000,99.28,99.78,99.085,99.705,18960,0,35
2025-05-08T00:00:00Z,1746662400,99.72,100.585,99.425,100.455,19967,0,35
2025-05-09T00:00:00Z,1746748800,100.47,100.695,99.905,100.24,13929,0,35
2025-05-12T00:00:00Z,1747008000,100.39,101.795,100.335,101.6,24070,0,35
2025-05-13T00:00:00Z,1747094400,101.52,101.545,100.715,100.785,16372,0,35
2025-05-14T00:00:00Z,1747180800,100.775,100.96,100.085,100.895,20220,0,35
2025-05-15T00:00:00Z,1747267200,100.86,100.89,100.425,100.655,19488,0,35
2025-05-16T00:00:00Z,1747353600,100.615,101.1,100.36,100.82,20139,0,35
2025-05-19T00:00:00Z,1747612800,100.595,100.73,99.905,100.21,23806,0,35
2025-05-20T00:00:00Z,1747699200,100.295,100.43,99.855,99.86,21239,0,35
2025-05-21T00:00:00Z,1747785600,99.81,99.815,99.18,99.455,26852,0,35
2025-05-22T00:00:00Z,1747872000,99.47,100.0,99.315,99.82,26119,0,35
2025-05-23T00:00:00Z,1747958400,99.79,99.82,98.915,98.98,26018,0,35
2025-05-26T00:00:00Z,1748217600,98.925,98.99,98.575,98.86,15284,0,35
2025-05-27T00:00:00Z,1748304000,98.83,99.51,98.665,99.485,21063,0,35
2025-05-28T00:00:00Z,1748390400,99.41,99.855,99.33,99.79,21976,0,35
2025-05-29T00:00:00Z,1748476800,100.325,100.4,99.125,99.27,27618,0,35
2025-05-30T00:00:00Z,1748563200,99.155,99.585,99.045,99.36,26174,0,35
2025-06-02T00:00:00Z,1748822400,99.255,99.26,98.525,98.59,22349,0,35
2025-06-03T00:00:00Z,1748908800,98.505,99.255,98.505,99.19,20133,0,35
2025-06-04T00:00:00Z,1748995200,99.085,99.32,98.595,98.73,21533,0,35
2025-06-05T00:00:00Z,1749081600,98.735,98.88,98.28,98.68,23068,0,35
2025-06-06T00:00:00Z,1749168000,98.635,99.3,98.595,99.14,22417,0,35
2025-06-09T00:00:00Z,1749427200,99.05,99.175,98.76,98.965,15670,0,35
2025-06-10T00:00:00Z,1749513600,98.94,99.345,98.81,99.0,18134,0,35
2025-06-11T00:00:00Z,1749600000,98.935,99.18,98.475,98.595,21779,0,35
2025-06-12T00:00:00Z,1749686400,98.415,98.495,97.57,97.83,23551,0,35
2025-06-13T00:00:00Z,1749772800,97.68,98.565,97.585,98.08,31293,0,35
2025-06-16T00:00:00Z,1750032000,97.805,97.92,97.21,97.68,19122,0,35
2025-06-17T00:00:00Z,1750118400,97.76,98.425,97.535,98.38,21222,0,35
2025-06-18T00:00:00Z,1750204800,98.38,98.565,98.01,98.425,22972,0,35
2025-06-19T00:00:00Z,1750291200,98.465,98.735,98.305,98.33,16300,0,35
2025-06-20T00:00:00Z,1750377600,98.235,98.47,98.1,98.335,16842,0,35
2025-06-23T00:00:00Z,1750636800,98.45,99.0,97.925,97.95,24560,0,35
2025-06-24T00:00:00Z,1750723200,97.805,97.86,97.29,97.545,21359,0,35
2025-06-25T00:00:00Z,1750809600,97.51,97.785,97.215,97.27,16650,0,35
2025-06-26T00:00:00Z,1750896000,97.1,97.2,96.59,96.905,22506,0,35
2025-06-27T00:00:00Z,1750982400,96.96,97.105,96.595,96.86,20932,0,35
2025-06-30T00:00:00Z,1751241600,96.805,96.93,96.375,96.375,18214,0,35
2025-07-01T00:00:00Z,1751328000,96.355,96.565,95.98,96.27,18577,0,35
2025-07-02T00:00:00Z,1751414400,96.29,96.795,96.265,96.425,18039,0,35
2025-07-03T00:00:00Z,1751500800,96.375,97.045,96.33,96.755,16441,0,35
2025-07-04T00:00:00Z,1751587200,96.66,96.745,96.49,96.63,8601,0,35
2025-07-07T00:00:00Z,1751846400,96.61,97.305,96.535,97.19,15863,0,35
2025-07-08T00:00:00Z,1751932800,96.995,97.475,96.82,97.13,16173,0,35
2025-07-09T00:00:00Z,1752019200,97.175,97.39,97.09,97.13,14740,0,35
2025-07-10T00:00:00Z,1752105600,97.05,97.57,96.925,97.235,13191,0,35
2025-07-11T00:00:00Z,1752192000,97.23,97.63,97.225,97.525,16002,0,35
2025-07-14T00:00:00Z,1752451200,97.54,97.805,97.43,97.78,13481,0,35
2025-07-15T00:00:00Z,1752537600,97.78,98.37,97.29,98.3,15653,0,35
2025-07-16T00:00:00Z,1752624000,98.26,98.58,97.38,97.96,23783,0,35
2025-07-17T00:00:00Z,1752710400,98.03,98.65,98.03,98.34,15553,0,35
2025-07-18T00:00:00Z,1752796800,98.205,98.275,97.79,98.17,14490,0,35
2025-07-21T00:00:00Z,1753056000,98.105,98.22,97.405,97.55,14173,0,35
2025-07-22T00:00:00Z,1753142400,97.585,97.705,97.015,97.07,15228,0,35
2025-07-23T00:00:00Z,1753228800,97.18,97.32,96.895,96.915,18991,0,35
2025-07-24T00:00:00Z,1753315200,96.93,97.255,96.84,97.21,17211,0,35
2025-07-25T00:00:00Z,1753401600,97.175,97.645,97.17,97.405,15817,0,35
2025-07-28T00:00:00Z,1753660800,97.335,98.42,97.235,98.4,18615,0,35
2025-07-29T00:00:00Z,1753747200,98.36,98.885,98.325,98.665,19463,0,35
2025-07-30T00:00:00Z,1753833600,98.625,99.72,98.45,99.705,22204,0,35
2025-07-31T00:00:00Z,1753920000,99.52,99.87,99.29,99.815,19701,0,35
2025-08-01T00:00:00Z,1754006400,99.82,100.04,98.385,98.45,29257,0,30
2025-08-04T00:00:00Z,1754265600,98.435,98.775,98.375,98.515,20002,0,35
2025-08-05T00:00:00Z,1754352000,98.4,98.87,98.365,98.525,17787,0,35
2025-08-06T00:00:00Z,1754438400,98.52,98.62,97.91,97.995,15318,0,35
2025-08-07T00:00:00Z,1754524800,98.01,98.29,97.745,97.895,19720,0,35
2025-08-08T00:00:00Z,1754611200,97.77,98.17,97.765,98.075,14321,0,35
2025-08-11T00:00:00Z,1754870400,98.06,98.485,97.85,98.325,11637,0,35
2025-08-12T00:00:00Z,1754956800,98.32,98.45,97.7,97.885,20717,0,30
2025-08-13T00:00:00Z,1755043200,97.845,97.95,97.43,97.605,14263,0,35
2025-08-14T00:00:00Z,1755129600,97.54,98.155,97.455,98.03,17618,0,35
2025-08-15T00:00:00Z,1755216000,98.03,98.05,97.555,97.69,13367,0,35
2025-08-18T00:00:00Z,1755475200,97.68,98.025,97.65,97.985,12768,0,35
2025-08-19T00:00:00Z,1755561600,97.96,98.155,97.78,98.115,13576,0,35
2025-08-20T00:00:00Z,1755648000,98.155,98.295,97.925,98.09,15502,0,35
2025-08-21T00:00:00Z,1755734400,98.09,98.555,98.04,98.52,14628,0,35
2025-08-22T00:00:00Z,1755820800,98.495,98.71,97.415,97.585,17273,0,35
2025-08-25T00:00:00Z,1756080000,97.725,98.415,97.62,98.31,12039,0,35
2025-08-26T00:00:00Z,1756166400,98.365,98.44,97.955,98.115,17261,0,35
2025-08-27T00:00:00Z,1756252800,98.145,98.62,98.035,98.075,13733,0,35
2025-08-28T00:00:00Z,1756339200,98.025,98.13,97.64,97.765,14446,0,35
2025-08-29T00:00:00Z,1756425600,97.795,98.045,97.595,97.75,14821,0,35
2025-09-01T00:00:00Z,1756684800,97.75,97.785,97.445,97.585,9742,0,35
2025-09-02T00:00:00Z,1756771200,97.565,98.515,97.56,98.235,20599,0,35
2025-09-03T00:00:00Z,1756857600,98.32,98.56,97.935,98.075,17077,0,35
2025-09-04T00:00:00Z,1756944000,98.09,98.385,98.015,98.215,14882,0,35
2025-09-05T00:00:00Z,1757030400,98.17,98.205,97.3,97.67,19525,0,35
2025-09-08T00:00:00Z,1757289600,97.84,97.895,97.36,97.395,13349,0,35
2025-09-09T00:00:00Z,1757376000,97.355,97.765,97.2,97.71,16201,0,35
2025-09-10T00:00:00Z,1757462400,97.78,97.895,97.46,97.8,14868,0,35
2025-09-11T00:00:00Z,1757548800,97.78,98.155,97.445,97.51,16344,0,35
2025-09-12T00:00:00Z,1757635200,97.54,97.845,97.465,97.575,14001,0,35
2025-09-15T00:00:00Z,1757894400,97.23,97.29,96.85,96.94,11974,0,35
2025-09-16T00:00:00Z,1757980800,96.925,96.975,96.165,96.25,17251,0,35
2025-09-17T00:00:00Z,1758067200,96.23,96.665,95.825,96.62,20863,0,35
2025-09-18T00:00:00Z,1758153600,96.585,97.225,96.45,96.975,21353,0,35
2025-09-19T00:00:00Z,1758240000,96.96,97.42,96.89,97.275,17782,0,35
2025-09-22T00:00:00Z,1758499200,97.36,97.44,96.93,96.935,13237,0,35
2025-09-23T00:00:00Z,1758585600,96.95,97.07,96.815,96.84,15099,0,35
2025-09-24T00:00:00Z,1758672000,96.845,97.54,96.84,97.49,15507,0,35
2025-09-25T00:00:00Z,1758758400,97.45,98.25,97.375,98.105,18175,0,35
2025-09-26T00:00:00Z,1758844800,98.16,98.19,97.785,97.845,16325,0,35
2025-09-29T00:00:00Z,1759104000,97.775,97.78,97.435,97.595,14682,0,35
2025-09-30T00:00:00Z,1759190400,97.605,97.705,97.295,97.485,17230,0,35
2025-10-01T00:00:00Z,1759276800,97.515,97.545,97.115,97.4,22015,0,35
2025-10-02T00:00:00Z,1759363200,97.415,97.805,97.195,97.565,15977,0,35
2025-10-03T00:00:00Z,1759449600,97.515,97.635,97.27,97.39,13651,0,35
2025-10-06T00:00:00Z,1759708800,97.775,98.175,97.675,97.775,18425,0,35
2025-10-07T00:00:00Z,1759795200,97.815,98.35,97.815,98.285,14714,0,35
2025-10-08T00:00:00Z,1759881600,98.345,98.77,98.345,98.55,17442,0,35
2025-10-09T00:00:00Z,1759968000,98.575,99.29,98.42,99.135,21051,0,35
2025-10-10T00:00:00Z,1760054400,99.13,99.17,98.535,98.57,21373,0,35
2025-10-13T00:00:00Z,1760313600,98.785,99.08,98.57,98.985,15209,0,35
2025-10-14T00:00:00Z,1760400000,99.055,99.215,98.72,98.79,19490,0,35
2025-10-15T00:00:00Z,1760486400,98.805,98.815,98.37,98.39,16206,0,35
2025-10-16T00:00:00Z,1760572800,98.44,98.447,98.04,98.11,17738,0,30
2025-10-17T00:00:00Z,1760659200,98.005,98.31,97.785,98.29,21031,0,35
2025-10-20T00:00:00Z,1760918400,98.26,98.395,98.145,98.37,12552,0,30
2025-10-21T00:00:00Z,1761004800,98.365,98.745,98.265,98.73,15811,0,35
2025-10-22T00:00:00Z,1761091200,98.725,98.905,98.535,98.67,14168,0,35
2025-10-23T00:00:00Z,1761177600,98.705,98.915,98.69,98.705,10555,0,35
2025-10-24T00:00:00Z,1761264000,98.71,98.88,97.97,98.715,13358,0,35
2025-10-27T00:00:00Z,1761523200,98.695,98.775,98.49,98.585,10751,0,35
2025-10-28T00:00:00Z,1761609600,98.54,98.725,98.335,98.5,13216,0,35
2025-10-29T00:00:00Z,1761696000,98.435,99.15,98.4,98.935,18929,0,35
2025-10-30T00:00:00Z,1761782400,98.945,99.525,98.71,99.335,18157,0,35
2025-10-31T00:00:00Z,1761868800,99.265,99.655,99.22,99.54,12555,0,35
2025-11-03T00:00:00Z,1762128000,99.63,99.8,99.515,99.695,10531,0,35
2025-11-04T00:00:00Z,1762214400,99.78,100.085,99.565,100.035,11654,0,35
2025-11-05T00:00:00Z,1762300800,99.995,100.2,99.89,99.985,12277,0,35
2025-11-06T00:00:00Z,1762387200,99.915,99.92,99.51,99.54,11471,0,35
2025-11-07T00:00:00Z,1762473600,99.615,99.725,99.24,99.4,11980,0,35
2025-11-10T00:00:00Z,1762732800,99.52,99.585,99.3,99.475,10195,0,35
2025-11-11T00:00:00Z,1762819200,99.53,99.6,99.135,99.335,11649,0,35
2025-11-12T00:00:00Z,1762905600,99.37,99.57,99.27,99.34,11353,0,35
2025-11-13T00:00:00Z,1762992000,99.445,99.47,98.855,99.045,14506,0,35
2025-11-14T00:00:00Z,1763078400,99.09,99.28,98.86,99.145,15645,0,35
2025-11-17T00:00:00Z,1763337600,99.26,99.485,99.175,99.42,10640,0,35
2025-11-18T00:00:00Z,1763424000,99.45,99.55,99.285,99.475,11950,0,35
2025-11-19T00:00:00Z,1763510400,99.475,100.145,99.38,100.025,13607,0,35
2025-11-20T00:00:00Z,1763596800,100.025,100.325,99.93,100.13,15560,0,35
2025-11-21T00:00:00Z,1763683200,100.06,100.31,99.9,100.05,16112,0,35
2025-11-24T00:00:00Z,1763942400,100.175,100.2,99.925,100.11,11458,0,35
2025-11-25T00:00:00Z,1764028800,100.085,100.185,99.56,99.73,14432,0,35
2025-11-26T00:00:00Z,1764115200,99.735,99.875,99.465,99.485,15562,0,35
2025-11-27T00:00:00Z,1764201600,99.485,99.63,99.33,99.5,6977,0,35
2025-11-28T00:00:00Z,1764288000,99.515,99.76,99.305,99.405,8921,0,35
2025-12-01T00:00:00Z,1764547200,99.355,99.445,98.93,99.33,12703,0,35
2025-12-02T00:00:00Z,1764633600,99.38,99.495,99.24,99.25,9792,0,35
2025-12-03T00:00:00Z,1764720000,99.2,99.205,98.745,98.795,11470,0,35
2025-12-04T00:00:00Z,1764806400,98.795,99.03,98.705,99.005,11278,0,35
2025-12-05T00:00:00Z,1764892800,98.96,99.08,98.76,98.94,12376,0,35
2025-12-08T00:00:00Z,1765152000,98.875,99.185,98.755,99.06,11090,0,35
2025-12-09T00:00:00Z,1765238400,99.055,99.28,98.915,99.195,11500,0,35
2025-12-10T00:00:00Z,1765324800,99.18,99.225,98.55,98.61,15153,0,35
2025-12-11T00:00:00Z,1765411200,98.555,98.74,98.115,98.33,10960,0,35
2025-12-12T00:00:00Z,1765497600,98.32,98.515,98.275,98.36,11265,0,35
2025-12-15T00:00:00Z,1765756800,98.04,98.08,97.765,97.905,12039,0,35
2025-12-16T00:00:00Z,1765843200,97.915,97.965,97.49,97.845,15680,0,35
2025-12-17T00:00:00Z,1765929600,97.825,98.26,97.81,98.02,14480,0,35
2025-12-18T00:00:00Z,1766016000,97.98,98.195,97.805,98.08,15234,0,30
2025-12-19T00:00:00Z,1766102400,98.075,98.395,98.07,98.36,13466,0,35
2025-12-22T00:00:00Z,1766361600,98.285,98.295,97.835,97.91,10729,0,35
2025-12-23T00:00:00Z,1766448000,97.84,97.855,97.505,97.57,12949,0,35
2025-12-24T00:00:00Z,1766534400,97.515,97.675,97.405,97.625,8983,0,35
2025-12-25T00:00:00Z,1766620800,97.625,97.625,97.625,97.625,5,0,40
2025-12-26T00:00:00Z,1766707200,97.625,97.795,97.52,97.71,9562,0,35
2025-12-29T00:00:00Z,1766966400,97.645,97.855,97.59,97.68,14196,0,35
2025-12-30T00:00:00Z,1767052800,97.715,97.965,97.625,97.905,11921,0,35
2025-12-31T00:00:00Z,1767139200,97.915,98.2,97.875,97.965,12289,0,35
2026-01-01T00:00:00Z,1767225600,97.965,97.965,97.965,97.965,5,0,40
2026-01-02T00:00:00Z,1767312000,97.9,98.21,97.85,98.15,11965,0,35
2026-01-05T00:00:00Z,1767571200,98.29,98.58,97.95,98.02,16083,0,35
2026-01-06T00:00:00Z,1767657600,98.075,98.345,97.87,98.315,14944,0,30
2026-01-07T00:00:00Z,1767744000,98.295,98.47,98.21,98.46,13562,0,35
2026-01-08T00:00:00Z,1767830400,98.475,98.715,98.415,98.6,12697,0,35
2026-01-09T00:00:00Z,1767916800,98.65,99.005,98.625,98.885,16580,0,35
2026-01-12T00:00:00Z,1768176000,98.625,98.765,98.4,98.65,13304,0,35
2026-01-13T00:00:00Z,1768262400,98.645,98.982,98.587,98.937,14713,0,30
2026-01-14T00:00:00Z,1768348800,98.945,99.012,98.692,98.832,14283,0,30
2026-01-15T00:00:00Z,1768435200,98.885,99.277,98.862,99.137,13463,0,30
2026-01-16T00:00:00Z,1768521600,99.137,99.267,98.947,99.16,13555,0,30
2026-01-19T00:00:00Z,1768780800,98.875,99.062,98.792,98.827,9326,0,30
2026-01-20T00:00:00Z,1768867200,98.855,98.882,98.012,98.337,20016,0,30
2026-01-21T00:00:00Z,1768953600,98.34,98.657,98.162,98.557,19485,0,30
2026-01-22T00:00:00Z,1769040000,98.56,98.632,98.072,98.077,14245,0,30
2026-01-23T00:00:00Z,1769126400,98.13,98.272,97.215,97.255,19785,0,30
2026-01-26T00:00:00Z,1769385600,96.98,97.132,96.602,96.852,23414,0,30
2026-01-27T00:00:00Z,1769472000,96.885,97.087,95.352,95.582,28023,0,30
2026-01-28T00:00:00Z,1769558400,95.8,96.612,95.682,96.152,29816,0,30
2026-01-29T00:00:00Z,1769644800,96.005,96.507,95.837,96.012,28871,0,30
2026-01-30T00:00:00Z,1769731200,96.295,97.0,96.17,96.99,31885,0,30
2026-02-02T00:00:00Z,1769990400,96.935,97.587,96.887,97.447,28799,0,30
2026-02-03T00:00:00Z,1770076800,97.33,97.537,97.142,97.237,20184,0,30
2026-02-04T00:00:00Z,1770163200,97.29,97.587,97.157,97.497,19475,0,30
2026-02-05T00:00:00Z,1770249600,97.495,97.852,97.467,97.822,22558,0,30
2026-02-06T00:00:00Z,1770336000,97.77,97.807,97.417,97.53,15866,0,30
2026-02-09T00:00:00Z,1770595200,97.415,97.517,96.652,96.717,18510,0,30
2026-02-10T00:00:00Z,1770681600,96.81,96.852,96.467,96.727,17254,0,30
2026-02-11T00:00:00Z,1770768000,96.675,97.142,96.352,96.792,23480,0,30
2026-02-12T00:00:00Z,1770854400,96.755,96.967,96.627,96.797,21473,0,30
2026-02-13T00:00:00Z,1770940800,96.797,97.052,96.687,96.755,18399,0,30
2026-02-16T00:00:00Z,1771200000,96.855,97.007,96.792,96.967,8368,0,30
2026-02-17T00:00:00Z,1771286400,96.99,97.447,96.962,97.012,16989,0,30
2026-02-18T00:00:00Z,1771372800,97.045,97.642,97.045,97.622,13059,0,30
2026-02-19T00:00:00Z,1771459200,97.6,97.992,97.482,97.757,16811,0,30
2026-02-20T00:00:00Z,1771545600,97.775,97.997,97.497,97.705,23485,0,30
2026-02-23T00:00:00Z,1771804800,97.275,97.77,97.265,97.657,16131,0,30
2026-02-24T00:00:00Z,1771891200,97.65,97.912,97.65,97.807,15283,0,30
2026-02-25T00:00:00Z,1771977600,97.807,97.912,97.532,97.577,14647,0,30
2026-02-26T00:00:00Z,1772064000,97.495,97.927,97.417,97.717,19617,0,30
2026-02-27T00:00:00Z,1772150400,97.705,97.792,97.49,97.57,21190,0,30
2026-03-02T00:00:00Z,1772409600,97.87,98.707,97.702,98.492,33654,0,30
2026-03-03T00:00:00Z,1772496000,98.46,99.637,98.382,99.012,38600,0,30
2026-03-04T00:00:00Z,1772582400,99.125,99.282,98.657,98.752,23853,0,30
2026-03-05T00:00:00Z,1772668800,98.66,99.377,98.637,99.017,27025,0,30
2026-03-06T00:00:00Z,1772755200,98.982,99.402,98.805,98.83,26387,0,30
2026-03-09T00:00:00Z,1773014400,99.6,99.682,98.687,98.692,32873,0,30
2026-03-10T00:00:00Z,1773100800,98.745,98.942,98.457,98.907,23681,0,30
2026-03-11T00:00:00Z,1773187200,98.855,99.282,98.667,99.232,19927,0,30
2026-03-12T00:00:00Z,1773273600,99.395,99.747,99.237,99.737,13840,0,30
2026-03-13T00:00:00Z,1773360000,99.617,100.52,99.572,100.475,20516,0,30
2026-03-16T00:00:00Z,1773619200,99.915,100.192,99.392,99.547,16642,0,30
2026-03-17T00:00:00Z,1773705600,99.655,99.857,99.232,99.302,15337,0,30
2026-03-18T00:00:00Z,1773792000,99.347,100.082,99.202,100.057,18281,0,30
2026-03-19T00:00:00Z,1773878400,99.907,100.107,98.747,98.992,29545,0,30
2026-03-20T00:00:00Z,1773964800,99.077,99.592,99.042,99.302,22161,0,30
2026-03-23T00:00:00Z,1774224000,99.482,99.952,98.637,98.912,38905,0,30
2026-03-24T00:00:00Z,1774310400,99.102,99.427,98.827,99.007,29163,0,25
2026-03-25T00:00:00Z,1774396800,98.897,99.457,98.882,99.427,20313,0,30
2026-03-26T00:00:00Z,1774483200,99.467,99.822,99.372,99.702,16959,0,30
2026-03-27T00:00:00Z,1774569600,99.697,100.022,99.602,100.007,16821,0,30
2026-03-30T00:00:00Z,1774828800,100.002,100.432,99.872,100.347,15067,0,30
2026-03-31T00:00:00Z,1774915200,100.272,100.397,99.597,99.672,21518,0,30
2026-04-01T00:00:00Z,1775001600,99.532,99.692,99.082,99.372,20355,0,30
2026-04-02T00:00:00Z,1775088000,99.322,100.087,99.257,99.827,20343,0,30
2026-04-03T00:00:00Z,1775174400,99.827,100.002,99.757,99.962,1691,0,30
2026-04-06T00:00:00Z,1775433600,100.047,100.082,99.547,99.797,12533,0,30
2026-04-07T00:00:00Z,1775520000,99.862,99.982,99.382,99.442,18775,0,30
2026-04-08T00:00:00Z,1775606400,98.782,98.957,98.282,98.812,22846,0,30
2026-04-09T00:00:00Z,1775692800,98.887,98.942,98.392,98.587,13824,0,30
2026-04-10T00:00:00Z,1775779200,98.682,98.782,98.167,98.467,12643,0,30
2026-04-13T00:00:00Z,1776038400,98.802,98.852,98.137,98.177,12564,0,30
2026-04-14T00:00:00Z,1776124800,98.112,98.182,97.732,97.872,11310,0,30
2026-04-15T00:00:00Z,1776211200,97.872,98.062,97.777,97.852,11791,0,30
2026-04-16T00:00:00Z,1776297600,97.777,98.092,97.612,98.002,13337,0,30
2026-04-17T00:00:00Z,1776384000,98.032,98.087,97.407,98.017,14838,0,30
2026-04-20T00:00:00Z,1776643200,98.137,98.197,97.797,97.837,12706,0,30
2026-04-21T00:00:00Z,1776729600,97.882,98.387,97.857,98.172,15105,0,30
2026-04-22T00:00:00Z,1776816000,98.157,98.457,98.012,98.402,12356,0,30
2026-04-23T00:00:00Z,1776902400,98.372,98.762,98.342,98.637,15242,0,30
2026-04-24T00:00:00Z,1776988800,98.627,98.732,98.307,98.337,13198,0,30
2026-04-27T00:00:00Z,1777248000,98.367,98.367,98.017,98.302,10643,0,30
2026-04-28T00:00:00Z,1777334400,98.312,98.702,98.297,98.452,13428,0,30
2026-04-29T00:00:00Z,1777420800,98.432,98.897,98.427,98.802,14893,0,30
2026-04-30T00:00:00Z,1777507200,98.752,98.952,97.847,97.937,22280,0,30
2026-05-01T00:00:00Z,1777593600,97.997,98.087,97.552,98.052,14695,0,30
2026-05-04T00:00:00Z,1777852800,97.992,98.407,97.812,98.327,16889,0,30
2026-05-05T00:00:00Z,1777939200,98.362,98.432,98.157,98.352,12267,0,30
2026-05-06T00:00:00Z,1778025600,98.117,98.167,97.457,97.872,18095,0,30
2026-05-07T00:00:00Z,1778112000,97.887,98.152,97.662,98.142,14560,0,30
2026-05-08T00:00:00Z,1778198400,98.127,98.147,97.682,97.707,12984,0,30
2026-05-11T00:00:00Z,1778457600,97.857,98.017,97.707,97.802,9782,0,30
2026-05-12T00:00:00Z,1778544000,97.927,98.342,97.887,98.152,12679,0,30
2026-05-13T00:00:00Z,1778630400,98.177,98.497,98.132,98.362,9942,0,30
2026-05-14T00:00:00Z,1778716800,98.342,98.787,98.302,98.757,10274,0,30
2026-05-15T00:00:00Z,1778803200,98.897,99.227,98.867,99.182,15001,0,30
2026-05-18T00:00:00Z,1779062400,99.287,99.322,98.842,98.882,14789,0,30
2026-05-19T00:00:00Z,1779148800,98.987,99.362,98.922,99.237,14706,0,30
2026-05-20T00:00:00Z,1779235200,99.277,99.397,98.857,99.052,15032,0,30
2026-05-21T00:00:00Z,1779321600,99.042,99.452,98.992,99.142,16678,0,30
2026-05-22T00:00:00Z,1779408000,99.172,99.362,99.102,99.257,11344,0,30
2026-05-25T00:00:00Z,1779667200,98.972,99.037,98.832,98.902,5507,0,30
2026-05-26T00:00:00Z,1779753600,98.952,99.177,98.927,99.062,9129,0,30
2026-05-27T00:00:00Z,1779840000,99.012,99.192,98.872,99.147,10984,0,30
2026-05-28T00:00:00Z,1779926400,99.222,99.487,98.857,98.947,11908,0,30
2026-05-29T00:00:00Z,1780012800,98.947,99.127,98.682,98.877,11185,0,30
2026-06-01T00:00:00Z,1780272000,98.982,99.332,98.867,99.127,11583,0,30
2026-06-02T00:00:00Z,1780358400,99.142,99.282,98.987,99.157,9070,0,30
2026-06-03T00:00:00Z,1780444800,99.182,99.517,99.142,99.492,11523,0,30
2026-06-04T00:00:00Z,1780531200,99.427,99.502,99.132,99.402,9515,0,30
2026-06-05T00:00:00Z,1780617600,99.387,100.082,99.117,100.022,14127,0,30
2026-06-08T00:00:00Z,1780876800,99.977,100.182,99.787,99.982,15677,0,30
2026-06-09T00:00:00Z,1780963200,99.997,100.047,99.642,99.927,13827,0,30
2026-06-10T00:00:00Z,1781049600,99.937,100.027,99.682,100.017,16559,0,30
2026-06-11T00:00:00Z,1781136000,99.977,100.302,99.552,99.677,13249,0,30
2026-06-12T00:00:00Z,1781222400,99.767,99.892,99.617,99.777,16437,0,30
2026-06-15T00:00:00Z,1781481600,99.272,99.452,99.107,99.397,8489,0,30
2026-06-16T00:00:00Z,1781568000,99.377,99.537,99.182,99.292,9105,0,30
2026-06-17T00:00:00Z,1781654400,99.247,100.342,99.232,100.147,13687,0,30
2026-06-18T00:00:00Z,1781740800,100.052,100.682,99.962,100.602,14224,0,30
2026-06-19T00:00:00Z,1781827200,100.552,100.892,100.472,100.507,8899,0,30
2026-06-22T00:00:00Z,1782086400,100.587,100.832,100.532,100.752,13353,0,30
2026-06-23T00:00:00Z,1782172800,100.777,101.197,100.697,101.132,12336,0,30
2026-06-24T00:00:00Z,1782259200,101.172,101.552,101.152,101.327,13515,0,30
2026-06-25T00:00:00Z,1782345600,101.377,101.512,101.062,101.227,13503,0,30
2026-06-26T00:00:00Z,1782432000,101.257,101.342,100.822,101.127,13970,0,30
2026-06-29T00:00:00Z,1782691200,101.122,101.172,100.827,100.857,9723,0,30
2026-06-30T00:00:00Z,1782777600,100.947,101.187,100.797,100.927,12895,0,30
2026-07-01T00:00:00Z,1782864000,101.027,101.352,100.927,101.172,12444,0,30
2026-07-02T00:00:00Z,1782950400,101.177,101.177,100.302,100.622,16285,0,30
2026-07-03T00:00:00Z,1783036800,100.647,100.652,100.367,100.592,7747,0,30
2026-07-06T00:00:00Z,1783296000,100.612,100.892,100.587,100.622,9556,0,30
2026-07-07T00:00:00Z,1783382400,100.652,100.887,100.557,100.837,10883,0,30
2026-07-08T00:00:00Z,1783468800,100.882,101.042,100.692,100.832,14950,0,30
2026-07-09T00:00:00Z,1783555200,100.747,100.812,100.547,100.707,10641,0,30
2026-07-10T00:00:00Z,1783641600,100.602,100.782,100.362,100.752,12086,0,30
2026-07-13T00:00:00Z,1783900800,100.927,101.122,100.567,101.102,12694,0,30
2026-07-14T00:00:00Z,1783987200,101.062,101.067,100.237,100.712,14924,0,30
2026-07-15T00:00:00Z,1784073600,100.612,100.817,100.132,100.297,13171,0,30
2026-07-16T00:00:00Z,1784160000,100.257,100.622,100.222,100.512,10786,0,30
2026-07-17T00:00:00Z,1784246400,100.502,100.672,100.437,100.567,10108,0,30
2026-07-20T00:00:00Z,1784505600,100.587,100.837,100.452,100.782,8781,0,30
2026-07-21T00:00:00Z,1784592000,100.787,101.022,100.662,101.017,8319,0,30
2026-07-22T00:00:00Z,1784678400,100.972,101.017,100.817,100.922,8959,0,30
2026-07-23T00:00:00Z,1784764800,100.877,101.367,100.747,101.257,12030,0,30
2026-07-24T00:00:00Z,1784851200,101.207,101.347,101.067,101.287,9297,0,30
2026-07-27T00:00:00Z,1785110400,101.042,101.377,100.932,101.362,9931,0,30
2026-07-28T00:00:00Z,1785196800,101.322,101.477,101.087,101.262,8962,0,30
2026-07-29T00:00:00Z,1785283200,101.217,101.327,100.582,100.662,14169,0,30
2026-07-30T00:00:00Z,1785369600,100.727,100.907,99.687,99.812,17875,0,30
2026-07-31T00:00:00Z,1785456000,99.967,100.312,99.562,99.647,19952,0,30
2026-08-03T00:00:00Z,1785715200,99.462,99.882,99.397,99.827,11501,0,30
2026-08-04T00:00:00Z,1785801600,99.877,99.927,99.687,99.727,9898,0,30
2026-08-05T00:00:00Z,1785888000,99.717,99.762,99.477,99.542,10076,0,30
2026-08-06T00:00:00Z,1785974400,99.527,99.882,99.497,99.807,8497,0,30
2026-08-07T00:00:00Z,1786060800,99.857,99.862,99.262,99.467,10830,0,30
2026-08-10T00:00:00Z,1786320000,99.497,99.707,99.462,99.682,8844,0,30
2026-08-11T00:00:00Z,1786406400,99.642,99.782,99.607,99.682,8105,0,30
2026-08-12T00:00:00Z,1786492800,99.702,99.892,99.477,99.847,10538,0,30
2026-08-13T00:00:00Z,1786579200,99.817,99.972,99.672,99.832,9351,0,30
2026-08-14T00:00:00Z,1786665600,99.757,99.817,99.347,99.522,9223,0,30
2026-08-17T00:00:00Z,1786924800,99.407,99.532,99.172,99.462,8473,0,30
2026-08-18T00:00:00Z,1787011200,99.437,99.582,99.417,99.542,8167,0,30
2026-08-19T00:00:00Z,1787097600,99.547,99.582,98.657,98.677,13446,0,30
2026-08-20T00:00:00Z,1787184000,98.747,98.832,98.457,98.767,13221,0,30
2026-08-21T00:00:00Z,1787270400,98.742,98.822,98.467,98.752,11162,0,30
2026-08-24T00:00:00Z,1787529600,98.687,98.972,98.677,98.902,10978,0,30
2026-08-25T00:00:00Z,1787616000,98.877,99.032,98.777,98.822,8977,0,30
2026-08-26T00:00:00Z,1787702400,98.837,99.147,98.817,99.047,8228,0,30
2026-08-27T00:00:00Z,1787788800,99.042,99.187,98.997,99.062,8589,0,30
2026-08-28T00:00:00Z,1787875200,99.047,99.632,98.997,99.602,8610,0,30
