bar_index,timestamp_utc,equity
0,2018-12-12T00:00:00Z,10000.0
1,2018-12-13T00:00:00Z,10000.0
2,2018-12-14T00:00:00Z,10000.0
3,2018-12-17T00:00:00Z,10000.0
4,2018-12-18T00:00:00Z,10000.0
5,2018-12-19T00:00:00Z,10000.0
6,2018-12-20T00:00:00Z,10000.0
7,2018-12-21T00:00:00Z,10000.0
8,2018-12-24T00:00:00Z,10000.0
9,2018-12-26T00:00:00Z,10000.0
10,2018-12-27T00:00:00Z,10000.0
11,2018-12-28T00:00:00Z,10000.0
12,2018-12-31T00:00:00Z,10000.0
13,2019-01-01T00:00:00Z,10000.0
14,2019-01-02T00:00:00Z,10000.086541644325
15,2019-01-03T00:00:00Z,9998.922997348824
16,2019-01-04T00:00:00Z,9998.922997348824
17,2019-01-06T00:00:00Z,9998.922997348824
18,2019-01-07T00:00:00Z,9995.80647752712
19,2019-01-08T00:00:00Z,9994.83237851495
20,2019-01-09T00:00:00Z,9959.493834625338
21,2019-01-10T00:00:00Z,9957.886276761212
22,2019-01-11T00:00:00Z,9965.734528774405
23,2019-01-14T00:00:00Z,9962.046868956168
24,2019-01-15T00:00:00Z,9962.046868956168
25,2019-01-16T00:00:00Z,9953.420828198401
26,2019-01-17T00:00:00Z,9952.053569260825
27,2019-01-18T00:00:00Z,9952.053569260825
28,2019-01-20T00:00:00Z,9952.053569260825
29,2019-01-21T00:00:00Z,9933.820736289508
30,2019-01-22T00:00:00Z,9931.65381541521
31,2019-01-23T00:00:00Z,9931.65381541521
32,2019-01-24T00:00:00Z,9931.65381541521
33,2019-01-25T00:00:00Z,9931.65381541521
34,2019-01-27T00:00:00Z,9931.65381541521
35,2019-01-28T00:00:00Z,9957.87623319778
36,2019-01-29T00:00:00Z,9955.922303712034
37,2019-01-30T00:00:00Z,9955.922303712034
38,2019-01-31T00:00:00Z,9955.922303712034
39,2019-02-01T00:00:00Z,9955.922303712034
40,2019-02-03T00:00:00Z,9955.966082233155
41,2019-02-04T00:00:00Z,9953.685009078523
42,2019-02-05T00:00:00Z,9953.685009078523
43,2019-02-06T00:00:00Z,9953.685009078523
44,2019-02-07T00:00:00Z,9953.685009078523
45,2019-02-08T00:00:00Z,9953.685009078523
46,2019-02-10T00:00:00Z,9953.685009078523
47,2019-02-11T00:00:00Z,9953.603334372314
48,2019-02-12T00:00:00Z,9951.316143262833
49,2019-02-13T00:00:00Z,9951.316143262833
50,2019-02-14T00:00:00Z,9951.316143262833
51,2019-02-15T00:00:00Z,9951.316143262833
52,2019-02-17T00:00:00Z,9951.316143262833
53,2019-02-18T00:00:00Z,9950.160666682757
54,2019-02-19T00:00:00Z,9947.601921040548
55,2019-02-20T00:00:00Z,9947.601921040548
56,2019-02-21T00:00:00Z,9947.601921040548
57,2019-02-22T00:00:00Z,9947.601921040548
58,2019-02-24T00:00:00Z,9947.601921040548
59,2019-02-25T00:00:00Z,9947.601921040548
60,2019-02-26T00:00:00Z,9947.601921040548
61,2019-02-27T00:00:00Z,9947.601921040548
62,2019-02-28T00:00:00Z,9947.601921040548
63,2019-03-01T00:00:00Z,9947.601921040548
64,2019-03-03T00:00:00Z,9947.601921040548
65,2019-03-04T00:00:00Z,9947.601921040548
66,2019-03-05T00:00:00Z,9947.601921040548
67,2019-03-06T00:00:00Z,9947.601921040548
68,2019-03-07T00:00:00Z,9947.601921040548
69,2019-03-08T00:00:00Z,9947.601921040548
70,2019-03-10T00:00:00Z,9947.601921040548
71,2019-03-11T00:00:00Z,9947.601921040548
72,2019-03-12T00:00:00Z,9947.601921040548
73,2019-03-13T00:00:00Z,9947.601921040548
74,2019-03-14T00:00:00Z,9938.093580969358
75,2019-03-15T00:00:00Z,9935.438344121163
76,2019-03-17T00:00:00Z,9935.438344121163
77,2019-03-18T00:00:00Z,9902.941479562172
78,2019-03-19T00:00:00Z,9900.271508718582
79,2019-03-20T00:00:00Z,9900.271508718582
80,2019-03-21T00:00:00Z,9902.638535041135
81,2019-03-22T00:00:00Z,9899.006980829714
82,2019-03-24T00:00:00Z,9899.006980829714
83,2019-03-25T00:00:00Z,9884.352668376805
84,2019-03-26T00:00:00Z,9880.752686292673
85,2019-03-27T00:00:00Z,9880.752686292673
86,2019-03-28T00:00:00Z,9880.752686292673
87,2019-03-29T00:00:00Z,9880.752686292673
88,2019-03-31T00:00:00Z,9880.752686292673
89,2019-04-01T00:00:00Z,9834.104688486912
90,2019-04-02T00:00:00Z,9830.482411323972
91,2019-04-03T00:00:00Z,9830.237178640817
92,2019-04-04T00:00:00Z,9826.886235688908
93,2019-04-05T00:00:00Z,9826.886235688908
94,2019-04-07T00:00:00Z,9820.979230421894
95,2019-04-08T00:00:00Z,9817.429333619519
96,2019-04-09T00:00:00Z,9817.429333619519
97,2019-04-10T00:00:00Z,9817.429333619519
98,2019-04-11T00:00:00Z,9817.429333619519
99,2019-04-12T00:00:00Z,9817.429333619519
100,2019-04-14T00:00:00Z,9817.429333619519
101,2019-04-15T00:00:00Z,9818.816709365263
102,2019-04-16T00:00:00Z,9815.306029610514
103,2019-04-17T00:00:00Z,9815.306029610514
104,2019-04-18T00:00:00Z,9815.306029610514
105,2019-04-21T00:00:00Z,9815.306029610514
106,2019-04-22T00:00:00Z,9815.306029610514
107,2019-04-23T00:00:00Z,9815.306029610514
108,2019-04-24T00:00:00Z,9815.306029610514
109,2019-04-25T00:00:00Z,9815.306029610514
110,2019-04-26T00:00:00Z,9815.306029610514
111,2019-04-28T00:00:00Z,9815.306029610514
112,2019-04-29T00:00:00Z,9815.306029610514
113,2019-04-30T00:00:00Z,9815.306029610514
114,2019-05-01T00:00:00Z,9815.306029610514
115,2019-05-02T00:00:00Z,9815.306029610514
116,2019-05-03T00:00:00Z,9815.306029610514
117,2019-05-05T00:00:00Z,9815.306029610514
118,2019-05-06T00:00:00Z,9815.306029610514
119,2019-05-07T00:00:00Z,9815.306029610514
120,2019-05-08T00:00:00Z,9815.306029610514
121,2019-05-09T00:00:00Z,9815.306029610514
122,2019-05-10T00:00:00Z,9815.306029610514
123,2019-05-12T00:00:00Z,9815.306029610514
124,2019-05-13T00:00:00Z,9815.306029610514
125,2019-05-14T00:00:00Z,9815.306029610514
126,2019-05-15T00:00:00Z,9815.306029610514
127,2019-05-16T00:00:00Z,9815.306029610514
128,2019-05-17T00:00:00Z,9815.306029610514
129,2019-05-19T00:00:00Z,9815.306029610514
130,2019-05-20T00:00:00Z,9816.191906290896
131,2019-05-21T00:00:00Z,9813.960864797655
132,2019-05-22T00:00:00Z,9813.960864797655
133,2019-05-23T00:00:00Z,9813.960864797655
134,2019-05-24T00:00:00Z,9813.960864797655
135,2019-05-26T00:00:00Z,9813.960864797655
136,2019-05-27T00:00:00Z,9813.960864797655
137,2019-05-28T00:00:00Z,9813.960864797655
138,2019-05-29T00:00:00Z,9813.960864797655
139,2019-05-30T00:00:00Z,9813.960864797655
140,2019-05-31T00:00:00Z,9813.960864797655
141,2019-06-02T00:00:00Z,9813.960864797655
142,2019-06-03T00:00:00Z,9813.960864797655
143,2019-06-04T00:00:00Z,9813.960864797655
144,2019-06-05T00:00:00Z,9813.960864797655
145,2019-06-06T00:00:00Z,9813.960864797655
146,2019-06-07T00:00:00Z,9825.536849075941
147,2019-06-09T00:00:00Z,9830.7784086311
148,2019-06-10T00:00:00Z,9830.7784086311
149,2019-06-11T00:00:00Z,9830.7784086311
150,2019-06-12T00:00:00Z,9830.7784086311
151,2019-06-13T00:00:00Z,9830.7784086311
152,2019-06-14T00:00:00Z,9830.7784086311
153,2019-06-16T00:00:00Z,9830.7784086311
154,2019-06-17T00:00:00Z,9830.7784086311
155,2019-06-18T00:00:00Z,9830.7784086311
156,2019-06-19T00:00:00Z,9830.7784086311
157,2019-06-20T00:00:00Z,9830.7784086311
158,2019-06-21T00:00:00Z,9830.7784086311
159,2019-06-23T00:00:00Z,9828.887380336253
160,2019-06-24T00:00:00Z,9827.09343843718
161,2019-06-25T00:00:00Z,9827.09343843718
162,2019-06-26T00:00:00Z,9827.09343843718
163,2019-06-27T00:00:00Z,9827.09343843718
164,2019-06-28T00:00:00Z,9827.09343843718
165,2019-06-30T00:00:00Z,9827.09343843718
166,2019-07-01T00:00:00Z,9842.206386600714
167,2019-07-02T00:00:00Z,9839.71358837269
168,2019-07-03T00:00:00Z,9839.71358837269
169,2019-07-04T00:00:00Z,9839.71358837269
170,2019-07-05T00:00:00Z,9839.71358837269
171,2019-07-07T00:00:00Z,9839.71358837269
172,2019-07-08T00:00:00Z,9839.71358837269
173,2019-07-09T00:00:00Z,9839.71358837269
174,2019-07-10T00:00:00Z,9839.71358837269
175,2019-07-11T00:00:00Z,9838.108720163511
176,2019-07-12T00:00:00Z,9836.29174707307
177,2019-07-14T00:00:00Z,9837.191878383665
178,2019-07-15T00:00:00Z,9834.578225909778
179,2019-07-16T00:00:00Z,9834.578225909778
180,2019-07-17T00:00:00Z,9834.578225909778
181,2019-07-18T00:00:00Z,9834.578225909778
182,2019-07-19T00:00:00Z,9834.578225909778
183,2019-07-21T00:00:00Z,9834.578225909778
184,2019-07-22T00:00:00Z,9834.578225909778
185,2019-07-23T00:00:00Z,9834.578225909778
186,2019-07-24T00:00:00Z,9834.578225909778
187,2019-07-25T00:00:00Z,9834.578225909778
188,2019-07-26T00:00:00Z,9834.578225909778
189,2019-07-28T00:00:00Z,9834.578225909778
190,2019-07-29T00:00:00Z,9806.180601604365
191,2019-07-30T00:00:00Z,9804.067906724817
192,2019-07-31T00:00:00Z,9804.067906724817
193,2019-08-01T00:00:00Z,9804.067906724817
194,2019-08-02T00:00:00Z,9804.067906724817
195,2019-08-04T00:00:00Z,9804.067906724817
196,2019-08-05T00:00:00Z,9804.067906724817
197,2019-08-06T00:00:00Z,9804.067906724817
198,2019-08-07T00:00:00Z,9804.067906724817
199,2019-08-08T00:00:00Z,9804.067906724817
200,2019-08-09T00:00:00Z,9804.067906724817
201,2019-08-11T00:00:00Z,9804.067906724817
202,2019-08-12T00:00:00Z,9804.067906724817
203,2019-08-13T00:00:00Z,9804.067906724817
204,2019-08-14T00:00:00Z,9804.067906724817
205,2019-08-15T00:00:00Z,9804.067906724817
206,2019-08-16T00:00:00Z,9804.067906724817
207,2019-08-18T00:00:00Z,9804.067906724817
208,2019-08-19T00:00:00Z,9804.067906724817
209,2019-08-20T00:00:00Z,9804.067906724817
210,2019-08-21T00:00:00Z,9804.067906724817
211,2019-08-22T00:00:00Z,9804.067906724817
212,2019-08-23T00:00:00Z,9804.067906724817
213,2019-08-25T00:00:00Z,9804.067906724817
214,2019-08-26T00:00:00Z,9804.067906724817
215,2019-08-27T00:00:00Z,9804.067906724817
216,2019-08-28T00:00:00Z,9807.085593410926
217,2019-08-29T00:00:00Z,9805.42843375509
218,2019-08-30T00:00:00Z,9832.936212745784
219,2019-09-01T00:00:00Z,9834.210060256173
220,2019-09-02T00:00:00Z,9834.210060256173
221,2019-09-03T00:00:00Z,9834.210060256173
222,2019-09-04T00:00:00Z,9834.210060256173
223,2019-09-05T00:00:00Z,9834.210060256173
224,2019-09-06T00:00:00Z,9834.210060256173
225,2019-09-08T00:00:00Z,9834.210060256173
226,2019-09-09T00:00:00Z,9834.210060256173
227,2019-09-10T00:00:00Z,9836.806022080302
228,2019-09-11T00:00:00Z,9834.531455562183
229,2019-09-12T00:00:00Z,9834.531455562183
230,2019-09-13T00:00:00Z,9834.531455562183
231,2019-09-16T00:00:00Z,9834.531455562183
232,2019-09-17T00:00:00Z,9876.738483110646
233,2019-09-18T00:00:00Z,9874.754040359867
234,2019-09-19T00:00:00Z,9874.754040359867
235,2019-09-20T00:00:00Z,9874.754040359867
236,2019-09-22T00:00:00Z,9874.754040359867
237,2019-09-23T00:00:00Z,9874.754040359867
238,2019-09-24T00:00:00Z,9874.754040359867
239,2019-09-25T00:00:00Z,9874.754040359867
240,2019-09-26T00:00:00Z,9874.754040359867
241,2019-09-27T00:00:00Z,9874.754040359867
242,2019-09-29T00:00:00Z,9874.754040359867
243,2019-09-30T00:00:00Z,9874.754040359867
244,2019-10-01T00:00:00Z,9874.754040359867
245,2019-10-02T00:00:00Z,9874.754040359867
246,2019-10-03T00:00:00Z,9874.754040359867
247,2019-10-04T00:00:00Z,9874.754040359867
248,2019-10-06T00:00:00Z,9874.754040359867
249,2019-10-07T00:00:00Z,9874.754040359867
250,2019-10-08T00:00:00Z,9874.754040359867
251,2019-10-09T00:00:00Z,9874.754040359867
252,2019-10-10T00:00:00Z,9874.754040359867
253,2019-10-11T00:00:00Z,9893.131427938079
254,2019-10-13T00:00:00Z,9887.581296373171
255,2019-10-14T00:00:00Z,9913.352801370303
256,2019-10-15T00:00:00Z,9911.462035513618
257,2019-10-16T00:00:00Z,9911.462035513618
258,2019-10-17T00:00:00Z,9934.395399051116
259,2019-10-18T00:00:00Z,9932.49399027894
260,2019-10-20T00:00:00Z,9932.49399027894
261,2019-10-21T00:00:00Z,9932.49399027894
262,2019-10-22T00:00:00Z,9932.49399027894
263,2019-10-23T00:00:00Z,9932.49399027894
264,2019-10-24T00:00:00Z,9932.49399027894
265,2019-10-25T00:00:00Z,9932.49399027894
266,2019-10-27T00:00:00Z,9932.49399027894
267,2019-10-28T00:00:00Z,9932.49399027894
268,2019-10-29T00:00:00Z,9932.49399027894
269,2019-10-30T00:00:00Z,9932.49399027894
270,2019-10-31T00:00:00Z,9932.49399027894
271,2019-11-01T00:00:00Z,9932.49399027894
272,2019-11-03T00:00:00Z,9932.49399027894
273,2019-11-04T00:00:00Z,9932.49399027894
274,2019-11-05T00:00:00Z,9932.49399027894
275,2019-11-06T00:00:00Z,9932.49399027894
276,2019-11-07T00:00:00Z,9932.49399027894
277,2019-11-08T00:00:00Z,9932.49399027894
278,2019-11-10T00:00:00Z,9932.49399027894
279,2019-11-11T00:00:00Z,9942.87039320336
280,2019-11-12T00:00:00Z,9940.01327689965
281,2019-11-13T00:00:00Z,9940.01327689965
282,2019-11-14T00:00:00Z,9940.01327689965
283,2019-11-15T00:00:00Z,9940.01327689965
284,2019-11-17T00:00:00Z,9940.01327689965
285,2019-11-18T00:00:00Z,9940.01327689965
286,2019-11-19T00:00:00Z,9940.01327689965
287,2019-11-20T00:00:00Z,9940.01327689965
288,2019-11-21T00:00:00Z,9940.01327689965
289,2019-11-22T00:00:00Z,9940.01327689965
290,2019-11-24T00:00:00Z,9940.01327689965
291,2019-11-25T00:00:00Z,9940.01327689965
292,2019-11-26T00:00:00Z,9940.01327689965
293,2019-11-27T00:00:00Z,9940.01327689965
294,2019-11-28T00:00:00Z,9940.01327689965
295,2019-11-29T00:00:00Z,9940.01327689965
296,2019-12-01T00:00:00Z,9940.01327689965
297,2019-12-02T00:00:00Z,9940.01327689965
298,2019-12-03T00:00:00Z,9940.01327689965
299,2019-12-04T00:00:00Z,9940.01327689965
300,2019-12-05T00:00:00Z,9940.01327689965
301,2019-12-06T00:00:00Z,9940.01327689965
302,2019-12-08T00:00:00Z,9940.01327689965
303,2019-12-09T00:00:00Z,9940.01327689965
304,2019-12-10T00:00:00Z,9940.01327689965
305,2019-12-11T00:00:00Z,9940.01327689965
306,2019-12-12T00:00:00Z,9940.01327689965
307,2019-12-13T00:00:00Z,9953.38985680364
308,2019-12-16T00:00:00Z,9945.984899782823
309,2019-12-17T00:00:00Z,9945.984899782823
310,2019-12-18T00:00:00Z,9945.984899782823
311,2019-12-19T00:00:00Z,9945.984899782823
312,2019-12-20T00:00:00Z,9945.984899782823
313,2019-12-22T00:00:00Z,9945.984899782823
314,2019-12-23T00:00:00Z,9947.916375856279
315,2019-12-24T00:00:00Z,9943.80082204292
316,2019-12-25T00:00:00Z,9943.80082204292
317,2019-12-26T00:00:00Z,9960.315625936379
318,2019-12-27T00:00:00Z,9956.32305901911
319,2019-12-29T00:00:00Z,9956.32305901911
320,2019-12-30T00:00:00Z,9947.438362109182
321,2019-12-31T00:00:00Z,9941.87908105914
322,2020-01-01T00:00:00Z,9941.87908105914
323,2020-01-02T00:00:00Z,9941.87908105914
324,2020-01-03T00:00:00Z,9941.87908105914
325,2020-01-05T00:00:00Z,9941.87908105914
326,2020-01-06T00:00:00Z,9941.87908105914
327,2020-01-07T00:00:00Z,10007.920459464416
328,2020-01-08T00:00:00Z,10003.509463381226
329,2020-01-09T00:00:00Z,10003.509463381226
330,2020-01-10T00:00:00Z,10003.509463381226
331,2020-01-12T00:00:00Z,10002.255202087266
332,2020-01-13T00:00:00Z,10000.011206285364
333,2020-01-14T00:00:00Z,10000.011206285364
334,2020-01-15T00:00:00Z,10000.011206285364
335,2020-01-16T00:00:00Z,10007.213254429706
336,2020-01-17T00:00:00Z,10005.442984472038
337,2020-01-19T00:00:00Z,10005.442984472038
338,2020-01-20T00:00:00Z,10005.442984472038
339,2020-01-21T00:00:00Z,10005.442984472038
340,2020-01-22T00:00:00Z,10005.442984472038
341,2020-01-23T00:00:00Z,10005.442984472038
342,2020-01-24T00:00:00Z,10005.442984472038
343,2020-01-26T00:00:00Z,10005.442984472038
344,2020-01-27T00:00:00Z,10005.442984472038
345,2020-01-28T00:00:00Z,10005.442984472038
346,2020-01-29T00:00:00Z,10005.442984472038
347,2020-01-30T00:00:00Z,10005.442984472038
348,2020-01-31T00:00:00Z,10005.442984472038
349,2020-02-02T00:00:00Z,10005.442984472038
350,2020-02-03T00:00:00Z,10005.442984472038
351,2020-02-04T00:00:00Z,9996.603142012707
352,2020-02-05T00:00:00Z,9994.89176010084
353,2020-02-06T00:00:00Z,9997.32017869346
354,2020-02-07T00:00:00Z,9995.764847063538
355,2020-02-09T00:00:00Z,9995.764847063538
356,2020-02-10T00:00:00Z,9994.599018926894
357,2020-02-11T00:00:00Z,9993.042442760645
358,2020-02-12T00:00:00Z,10019.57594117137
359,2020-02-13T00:00:00Z,10017.817650632287
360,2020-02-14T00:00:00Z,10017.817650632287
361,2020-02-16T00:00:00Z,10017.817650632287
362,2020-02-17T00:00:00Z,10017.817650632287
363,2020-02-18T00:00:00Z,10017.817650632287
364,2020-02-19T00:00:00Z,10017.817650632287
365,2020-02-20T00:00:00Z,10017.817650632287
366,2020-02-21T00:00:00Z,10017.817650632287
367,2020-02-23T00:00:00Z,10017.817650632287
368,2020-02-24T00:00:00Z,10017.817650632287
369,2020-02-25T00:00:00Z,10017.817650632287
370,2020-02-26T00:00:00Z,10017.817650632287
371,2020-02-27T00:00:00Z,9966.592922999924
372,2020-02-28T00:00:00Z,9966.592922999924
373,2020-03-01T00:00:00Z,9970.297706803987
374,2020-03-02T00:00:00Z,9969.01393481564
375,2020-03-03T00:00:00Z,9950.343089497439
376,2020-03-04T00:00:00Z,9948.555080227607
377,2020-03-05T00:00:00Z,9948.555080227607
378,2020-03-06T00:00:00Z,9898.086414773577
379,2020-03-08T00:00:00Z,9848.131928089555
380,2020-03-09T00:00:00Z,9848.131928089555
381,2020-03-10T00:00:00Z,9848.131928089555
382,2020-03-11T00:00:00Z,9848.131928089555
383,2020-03-12T00:00:00Z,9829.2163423257
384,2020-03-13T00:00:00Z,9828.543036067043
385,2020-03-15T00:00:00Z,9828.543036067043
386,2020-03-16T00:00:00Z,9828.543036067043
387,2020-03-17T00:00:00Z,9828.543036067043
388,2020-03-18T00:00:00Z,9828.543036067043
389,2020-03-19T00:00:00Z,9828.543036067043
390,2020-03-20T00:00:00Z,9828.543036067043
391,2020-03-22T00:00:00Z,9828.543036067043
392,2020-03-23T00:00:00Z,9846.680596660904
393,2020-03-24T00:00:00Z,9846.250402195097
394,2020-03-25T00:00:00Z,9846.250402195097
395,2020-03-26T00:00:00Z,9846.250402195097
396,2020-03-27T00:00:00Z,9846.250402195097
397,2020-03-29T00:00:00Z,9846.250402195097
398,2020-03-30T00:00:00Z,9846.250402195097
399,2020-03-31T00:00:00Z,9846.250402195097
400,2020-04-01T00:00:00Z,9846.250402195097
401,2020-04-02T00:00:00Z,9880.5949268686
402,2020-04-03T00:00:00Z,9879.817911996877
403,2020-04-05T00:00:00Z,9886.747634157715
404,2020-04-06T00:00:00Z,9885.962592447633
405,2020-04-07T00:00:00Z,9885.962592447633
406,2020-04-08T00:00:00Z,9885.962592447633
407,2020-04-09T00:00:00Z,9885.962592447633
408,2020-04-12T00:00:00Z,9885.962592447633
409,2020-04-13T00:00:00Z,9885.962592447633
410,2020-04-14T00:00:00Z,9885.962592447633
411,2020-04-15T00:00:00Z,9885.962592447633
412,2020-04-16T00:00:00Z,9885.962592447633
413,2020-04-17T00:00:00Z,9885.962592447633
414,2020-04-19T00:00:00Z,9885.962592447633
415,2020-04-20T00:00:00Z,9856.228863634042
416,2020-04-21T00:00:00Z,9856.163877375344
417,2020-04-22T00:00:00Z,9856.163877375344
418,2020-04-23T00:00:00Z,9877.252528662659
419,2020-04-24T00:00:00Z,9876.901741897755
420,2020-04-26T00:00:00Z,9875.886500381901
421,2020-04-27T00:00:00Z,9875.511588984726
422,2020-04-28T00:00:00Z,9883.444285758087
423,2020-04-29T00:00:00Z,9883.090400853172
424,2020-04-30T00:00:00Z,9909.538582208383
425,2020-05-01T00:00:00Z,9909.282449732835
426,2020-05-03T00:00:00Z,9905.616021211732
427,2020-05-04T00:00:00Z,9905.449101288497
428,2020-05-05T00:00:00Z,9936.17195187169
429,2020-05-06T00:00:00Z,9935.572759767856
430,2020-05-07T00:00:00Z,9934.360361456362
431,2020-05-08T00:00:00Z,9933.828584322879
432,2020-05-10T00:00:00Z,9933.810947599362
433,2020-05-11T00:00:00Z,9933.174169071877
434,2020-05-12T00:00:00Z,9942.042184916863
435,2020-05-13T00:00:00Z,9941.546838784046
436,2020-05-14T00:00:00Z,9964.829240001392
437,2020-05-15T00:00:00Z,9964.386940816821
438,2020-05-17T00:00:00Z,9970.696593327066
439,2020-05-18T00:00:00Z,9969.915569873676
440,2020-05-19T00:00:00Z,9954.869359683638
441,2020-05-20T00:00:00Z,9953.99484949509
442,2020-05-21T00:00:00Z,9959.253913054532
443,2020-05-22T00:00:00Z,9958.303089491013
444,2020-05-24T00:00:00Z,9951.287932462035
445,2020-05-25T00:00:00Z,9950.411865904682
446,2020-05-26T00:00:00Z,9951.567529541815
447,2020-05-27T00:00:00Z,9950.737148383669
448,2020-05-28T00:00:00Z,9979.820826426743
449,2020-05-29T00:00:00Z,9978.734460000873
450,2020-05-31T00:00:00Z,9982.434305871724
451,2020-06-01T00:00:00Z,9981.39939131765
452,2020-06-02T00:00:00Z,10009.797410082141
453,2020-06-03T00:00:00Z,10008.274224867419
454,2020-06-04T00:00:00Z,10010.22510505415
455,2020-06-05T00:00:00Z,10009.070468997148
456,2020-06-07T00:00:00Z,10009.070468997148
457,2020-06-08T00:00:00Z,10009.070468997148
458,2020-06-09T00:00:00Z,10002.64841322768
459,2020-06-10T00:00:00Z,10001.266793593246
460,2020-06-11T00:00:00Z,9950.676947540222
461,2020-06-12T00:00:00Z,9962.135774106631
462,2020-06-14T00:00:00Z,9950.42577787524
463,2020-06-15T00:00:00Z,9974.407070118112
464,2020-06-16T00:00:00Z,9973.28570663011
465,2020-06-17T00:00:00Z,9967.92290956412
466,2020-06-18T00:00:00Z,9966.53269194286
467,2020-06-19T00:00:00Z,9969.339265406614
468,2020-06-21T00:00:00Z,9966.115364475647
469,2020-06-22T00:00:00Z,9982.015933120338
470,2020-06-23T00:00:00Z,9980.68937943441
471,2020-06-24T00:00:00Z,9946.43025184943
472,2020-06-25T00:00:00Z,9945.62326401974
473,2020-06-26T00:00:00Z,9932.79928287447
474,2020-06-28T00:00:00Z,9927.062524845105
475,2020-06-29T00:00:00Z,9954.103146926911
476,2020-06-30T00:00:00Z,9952.846301264242
477,2020-07-01T00:00:00Z,9952.846301264242
478,2020-07-02T00:00:00Z,9964.863352196442
479,2020-07-03T00:00:00Z,9963.14272647311
480,2020-07-05T00:00:00Z,9963.630659592107
481,2020-07-06T00:00:00Z,9962.130609489972
482,2020-07-07T00:00:00Z,9962.130609489972
483,2020-07-08T00:00:00Z,9972.214033391076
484,2020-07-09T00:00:00Z,9970.256145183504
485,2020-07-10T00:00:00Z,9990.955664644544
486,2020-07-12T00:00:00Z,9986.221889598262
487,2020-07-13T00:00:00Z,9969.653201170053
488,2020-07-14T00:00:00Z,9967.58399711519
489,2020-07-15T00:00:00Z,9978.526135817752
490,2020-07-16T00:00:00Z,9976.507377975
491,2020-07-17T00:00:00Z,9968.698502271303
492,2020-07-19T00:00:00Z,9972.332059958275
493,2020-07-20T00:00:00Z,9972.332059958275
494,2020-07-21T00:00:00Z,9994.445590936377
495,2020-07-22T00:00:00Z,9991.980321301933
496,2020-07-23T00:00:00Z,9991.980321301933
497,2020-07-24T00:00:00Z,9996.361440116565
498,2020-07-26T00:00:00Z,9994.448074478287
499,2020-07-27T00:00:00Z,9994.448074478287
500,2020-07-28T00:00:00Z,9994.448074478287
501,2020-07-29T00:00:00Z,9994.448074478287
502,2020-07-30T00:00:00Z,9994.448074478287
503,2020-07-31T00:00:00Z,9994.448074478287
504,2020-08-02T00:00:00Z,9994.448074478287
505,2020-08-03T00:00:00Z,9994.448074478287
506,2020-08-04T00:00:00Z,9994.448074478287
507,2020-08-05T00:00:00Z,9994.448074478287
508,2020-08-06T00:00:00Z,9994.448074478287
509,2020-08-07T00:00:00Z,9994.448074478287
510,2020-08-09T00:00:00Z,9994.448074478287
511,2020-08-10T00:00:00Z,9994.448074478287
512,2020-08-11T00:00:00Z,9994.448074478287
513,2020-08-12T00:00:00Z,9994.448074478287
514,2020-08-13T00:00:00Z,9994.448074478287
515,2020-08-14T00:00:00Z,9994.448074478287
516,2020-08-16T00:00:00Z,9994.448074478287
517,2020-08-17T00:00:00Z,9977.507656791604
518,2020-08-18T00:00:00Z,9975.36054565333
519,2020-08-19T00:00:00Z,9975.36054565333
520,2020-08-20T00:00:00Z,9975.36054565333
521,2020-08-21T00:00:00Z,9975.36054565333
522,2020-08-23T00:00:00Z,9975.36054565333
523,2020-08-24T00:00:00Z,9975.36054565333
524,2020-08-25T00:00:00Z,9975.36054565333
525,2020-08-26T00:00:00Z,9975.36054565333
526,2020-08-27T00:00:00Z,9975.36054565333
527,2020-08-28T00:00:00Z,9975.36054565333
528,2020-08-30T00:00:00Z,9975.36054565333
529,2020-08-31T00:00:00Z,9975.36054565333
530,2020-09-01T00:00:00Z,9975.36054565333
531,2020-09-02T00:00:00Z,9975.36054565333
532,2020-09-03T00:00:00Z,9975.36054565333
533,2020-09-04T00:00:00Z,9975.36054565333
534,2020-09-06T00:00:00Z,9975.36054565333
535,2020-09-07T00:00:00Z,9975.36054565333
536,2020-09-08T00:00:00Z,9975.36054565333
537,2020-09-09T00:00:00Z,9975.36054565333
538,2020-09-10T00:00:00Z,9975.36054565333
539,2020-09-11T00:00:00Z,9975.36054565333
540,2020-09-13T00:00:00Z,9975.36054565333
541,2020-09-14T00:00:00Z,9975.36054565333
542,2020-09-15T00:00:00Z,9975.36054565333
543,2020-09-16T00:00:00Z,10012.915619104047
544,2020-09-17T00:00:00Z,10010.947214673088
545,2020-09-18T00:00:00Z,10010.947214673088
546,2020-09-20T00:00:00Z,10010.947214673088
547,2020-09-21T00:00:00Z,10010.947214673088
548,2020-09-22T00:00:00Z,10010.947214673088
549,2020-09-23T00:00:00Z,10010.947214673088
550,2020-09-24T00:00:00Z,10010.947214673088
551,2020-09-25T00:00:00Z,10010.947214673088
552,2020-09-27T00:00:00Z,10010.947214673088
553,2020-09-28T00:00:00Z,10010.947214673088
554,2020-09-29T00:00:00Z,10010.947214673088
555,2020-09-30T00:00:00Z,10010.947214673088
556,2020-10-01T00:00:00Z,10010.947214673088
557,2020-10-02T00:00:00Z,10010.947214673088
558,2020-10-04T00:00:00Z,10013.434632289393
559,2020-10-05T00:00:00Z,10011.821041241754
560,2020-10-06T00:00:00Z,10024.161425430175
561,2020-10-07T00:00:00Z,10022.442439602266
562,2020-10-08T00:00:00Z,10022.442439602266
563,2020-10-09T00:00:00Z,10036.01262666658
564,2020-10-11T00:00:00Z,10039.939204879931
565,2020-10-12T00:00:00Z,10039.939204879931
566,2020-10-13T00:00:00Z,10039.939204879931
567,2020-10-14T00:00:00Z,10039.939204879931
568,2020-10-15T00:00:00Z,10039.939204879931
569,2020-10-16T00:00:00Z,10039.939204879931
570,2020-10-18T00:00:00Z,10039.939204879931
571,2020-10-19T00:00:00Z,10039.939204879931
572,2020-10-20T00:00:00Z,10039.939204879931
573,2020-10-21T00:00:00Z,10039.939204879931
574,2020-10-22T00:00:00Z,10039.939204879931
575,2020-10-23T00:00:00Z,10014.24429738638
576,2020-10-25T00:00:00Z,10011.312680749137
577,2020-10-26T00:00:00Z,10011.312680749137
578,2020-10-27T00:00:00Z,10011.312680749137
579,2020-10-28T00:00:00Z,9960.216996428091
580,2020-10-29T00:00:00Z,9960.216996428091
581,2020-10-30T00:00:00Z,9948.482445544092
582,2020-11-01T00:00:00Z,9920.97362068554
583,2020-11-02T00:00:00Z,9992.626932019122
584,2020-11-03T00:00:00Z,9990.944156254194
585,2020-11-04T00:00:00Z,10001.061951399613
586,2020-11-05T00:00:00Z,9999.624730711861
587,2020-11-06T00:00:00Z,9999.624730711861
588,2020-11-08T00:00:00Z,9999.624730711861
589,2020-11-09T00:00:00Z,9999.624730711861
590,2020-11-10T00:00:00Z,9999.624730711861
591,2020-11-11T00:00:00Z,10000.00229899849
592,2020-11-12T00:00:00Z,9998.54331841326
593,2020-11-13T00:00:00Z,9998.54331841326
594,2020-11-15T00:00:00Z,9998.54331841326
595,2020-11-16T00:00:00Z,9998.54331841326
596,2020-11-17T00:00:00Z,9998.54331841326
597,2020-11-18T00:00:00Z,9998.54331841326
598,2020-11-19T00:00:00Z,9998.54331841326
599,2020-11-20T00:00:00Z,9998.54331841326
600,2020-11-22T00:00:00Z,9998.54331841326
601,2020-11-23T00:00:00Z,10013.367800674107
602,2020-11-24T00:00:00Z,10011.192904401036
603,2020-11-25T00:00:00Z,10011.192904401036
604,2020-11-26T00:00:00Z,10011.192904401036
605,2020-11-27T00:00:00Z,10011.192904401036
606,2020-11-29T00:00:00Z,10011.192904401036
607,2020-11-30T00:00:00Z,10011.192904401036
608,2020-12-01T00:00:00Z,9978.891557475841
609,2020-12-02T00:00:00Z,9976.268066120456
610,2020-12-03T00:00:00Z,9976.268066120456
611,2020-12-04T00:00:00Z,9976.268066120456
612,2020-12-06T00:00:00Z,9976.268066120456
613,2020-12-07T00:00:00Z,9976.268066120456
614,2020-12-08T00:00:00Z,9976.268066120456
615,2020-12-09T00:00:00Z,9976.268066120456
616,2020-12-10T00:00:00Z,10011.375956796195
617,2020-12-11T00:00:00Z,10009.110651183451
618,2020-12-13T00:00:00Z,10007.052625368167
619,2020-12-14T00:00:00Z,10004.995468146095
620,2020-12-15T00:00:00Z,10019.255244088481
621,2020-12-16T00:00:00Z,10016.534571115539
622,2020-12-17T00:00:00Z,10029.276679610788
623,2020-12-18T00:00:00Z,10026.761444103518
624,2020-12-20T00:00:00Z,10026.761444103518
625,2020-12-21T00:00:00Z,10026.761444103518
626,2020-12-22T00:00:00Z,9995.179692434685
627,2020-12-23T00:00:00Z,9992.58333758537
628,2020-12-24T00:00:00Z,9995.558001152769
629,2020-12-27T00:00:00Z,9983.78700174013
630,2020-12-28T00:00:00Z,9978.795661450209
631,2020-12-29T00:00:00Z,9976.481509290285
632,2020-12-30T00:00:00Z,9981.684541923378
633,2020-12-31T00:00:00Z,9979.194250173286
634,2021-01-03T00:00:00Z,9979.194250173286
635,2021-01-04T00:00:00Z,9945.655476264177
636,2021-01-05T00:00:00Z,9943.049826739933
637,2021-01-06T00:00:00Z,9957.684996829797
638,2021-01-07T00:00:00Z,9955.27125634496
639,2021-01-08T00:00:00Z,9955.27125634496
640,2021-01-10T00:00:00Z,9959.947174313444
641,2021-01-11T00:00:00Z,9957.95790618801
642,2021-01-12T00:00:00Z,9957.95790618801
643,2021-01-13T00:00:00Z,9972.164438253332
644,2021-01-14T00:00:00Z,9969.664888185527
645,2021-01-15T00:00:00Z,9969.664888185527
646,2021-01-17T00:00:00Z,9969.664888185527
647,2021-01-18T00:00:00Z,9969.664888185527
648,2021-01-19T00:00:00Z,9969.664888185527
649,2021-01-20T00:00:00Z,9969.664888185527
650,2021-01-21T00:00:00Z,9969.664888185527
651,2021-01-22T00:00:00Z,9969.664888185527
652,2021-01-24T00:00:00Z,9971.627772574293
653,2021-01-25T00:00:00Z,9968.589640303671
654,2021-01-26T00:00:00Z,9968.589640303671
655,2021-01-27T00:00:00Z,9968.589640303671
656,2021-01-28T00:00:00Z,9968.589640303671
657,2021-01-29T00:00:00Z,9968.589640303671
658,2021-01-31T00:00:00Z,9968.589640303671
659,2021-02-01T00:00:00Z,9968.589640303671
660,2021-02-02T00:00:00Z,9968.589640303671
661,2021-02-03T00:00:00Z,9968.589640303671
662,2021-02-04T00:00:00Z,9968.589640303671
663,2021-02-05T00:00:00Z,9968.589640303671
664,2021-02-07T00:00:00Z,9968.589640303671
665,2021-02-08T00:00:00Z,9968.589640303671
666,2021-02-09T00:00:00Z,9968.589640303671
667,2021-02-10T00:00:00Z,9968.589640303671
668,2021-02-11T00:00:00Z,9968.589640303671
669,2021-02-12T00:00:00Z,9968.589640303671
670,2021-02-14T00:00:00Z,9968.589640303671
671,2021-02-15T00:00:00Z,9968.589640303671
672,2021-02-16T00:00:00Z,9968.589640303671
673,2021-02-17T00:00:00Z,9968.589640303671
674,2021-02-18T00:00:00Z,10021.505120522404
675,2021-02-19T00:00:00Z,10018.430949091862
676,2021-02-21T00:00:00Z,10018.430949091862
677,2021-02-22T00:00:00Z,10018.430949091862
678,2021-02-23T00:00:00Z,10018.430949091862
679,2021-02-24T00:00:00Z,10018.430949091862
680,2021-02-25T00:00:00Z,10018.430949091862
681,2021-02-26T00:00:00Z,10018.430949091862
682,2021-02-28T00:00:00Z,10018.430949091862
683,2021-03-01T00:00:00Z,10018.430949091862
684,2021-03-02T00:00:00Z,10000.960367349113
685,2021-03-03T00:00:00Z,9999.037080546006
686,2021-03-04T00:00:00Z,9999.037080546006
687,2021-03-05T00:00:00Z,9999.037080546006
688,2021-03-07T00:00:00Z,9999.037080546006
689,2021-03-08T00:00:00Z,9999.037080546006
690,2021-03-09T00:00:00Z,9999.037080546006
691,2021-03-10T00:00:00Z,9999.037080546006
692,2021-03-11T00:00:00Z,9999.037080546006
693,2021-03-12T00:00:00Z,9999.037080546006
694,2021-03-14T00:00:00Z,9999.037080546006
695,2021-03-15T00:00:00Z,9999.037080546006
696,2021-03-16T00:00:00Z,9999.037080546006
697,2021-03-17T00:00:00Z,9999.037080546006
698,2021-03-18T00:00:00Z,9999.037080546006
699,2021-03-19T00:00:00Z,9999.037080546006
700,2021-03-21T00:00:00Z,9999.037080546006
701,2021-03-22T00:00:00Z,9999.037080546006
702,2021-03-23T00:00:00Z,9999.037080546006
703,2021-03-24T00:00:00Z,9999.037080546006
704,2021-03-25T00:00:00Z,9999.037080546006
705,2021-03-26T00:00:00Z,9999.037080546006
706,2021-03-28T00:00:00Z,9998.411801519773
707,2021-03-29T00:00:00Z,9996.971505714835
708,2021-03-30T00:00:00Z,9996.971505714835
709,2021-03-31T00:00:00Z,9996.971505714835
710,2021-04-01T00:00:00Z,9996.971505714835
711,2021-04-02T00:00:00Z,9996.971505714835
712,2021-04-04T00:00:00Z,9996.971505714835
713,2021-04-05T00:00:00Z,9996.971505714835
714,2021-04-06T00:00:00Z,9996.971505714835
715,2021-04-07T00:00:00Z,10001.74622446141
716,2021-04-08T00:00:00Z,10000.263885364662
717,2021-04-09T00:00:00Z,10000.263885364662
718,2021-04-11T00:00:00Z,10000.263885364662
719,2021-04-12T00:00:00Z,10000.263885364662
720,2021-04-13T00:00:00Z,10000.263885364662
721,2021-04-14T00:00:00Z,10000.263885364662
722,2021-04-15T00:00:00Z,10000.263885364662
723,2021-04-16T00:00:00Z,10000.263885364662
724,2021-04-18T00:00:00Z,10000.263885364662
725,2021-04-19T00:00:00Z,10000.263885364662
726,2021-04-20T00:00:00Z,10000.263885364662
727,2021-04-21T00:00:00Z,10000.263885364662
728,2021-04-22T00:00:00Z,10000.263885364662
729,2021-04-23T00:00:00Z,10002.688140155293
730,2021-04-25T00:00:00Z,10001.784389511871
731,2021-04-26T00:00:00Z,10001.784389511871
732,2021-04-27T00:00:00Z,10001.784389511871
733,2021-04-28T00:00:00Z,10001.784389511871
734,2021-04-29T00:00:00Z,10001.784389511871
735,2021-04-30T00:00:00Z,10001.784389511871
736,2021-05-02T00:00:00Z,10001.784389511871
737,2021-05-03T00:00:00Z,10001.784389511871
738,2021-05-04T00:00:00Z,10001.784389511871
739,2021-05-05T00:00:00Z,10001.784389511871
740,2021-05-06T00:00:00Z,10001.784389511871
741,2021-05-07T00:00:00Z,10001.784389511871
742,2021-05-09T00:00:00Z,10001.784389511871
743,2021-05-10T00:00:00Z,10001.784389511871
744,2021-05-11T00:00:00Z,10001.784389511871
745,2021-05-12T00:00:00Z,10001.784389511871
746,2021-05-13T00:00:00Z,10001.784389511871
747,2021-05-14T00:00:00Z,10001.784389511871
748,2021-05-16T00:00:00Z,10001.784389511871
749,2021-05-17T00:00:00Z,10001.784389511871
750,2021-05-18T00:00:00Z,10001.784389511871
751,2021-05-19T00:00:00Z,10001.784389511871
752,2021-05-20T00:00:00Z,10001.784389511871
753,2021-05-21T00:00:00Z,10001.784389511871
754,2021-05-23T00:00:00Z,9997.357163303013
755,2021-05-24T00:00:00Z,9995.231081308515
756,2021-05-25T00:00:00Z,9995.231081308515
757,2021-05-26T00:00:00Z,9995.231081308515
758,2021-05-27T00:00:00Z,9995.231081308515
759,2021-05-28T00:00:00Z,9995.231081308515
760,2021-05-30T00:00:00Z,9995.231081308515
761,2021-05-31T00:00:00Z,9995.231081308515
762,2021-06-01T00:00:00Z,9995.231081308515
763,2021-06-02T00:00:00Z,9995.231081308515
764,2021-06-03T00:00:00Z,9995.231081308515
765,2021-06-04T00:00:00Z,9995.231081308515
766,2021-06-06T00:00:00Z,9995.231081308515
767,2021-06-07T00:00:00Z,9995.231081308515
768,2021-06-08T00:00:00Z,9995.231081308515
769,2021-06-09T00:00:00Z,9995.231081308515
770,2021-06-10T00:00:00Z,9995.231081308515
771,2021-06-11T00:00:00Z,9995.231081308515
772,2021-06-13T00:00:00Z,9995.231081308515
773,2021-06-14T00:00:00Z,9995.231081308515
774,2021-06-15T00:00:00Z,9995.231081308515
775,2021-06-16T00:00:00Z,9995.231081308515
776,2021-06-17T00:00:00Z,9995.231081308515
777,2021-06-18T00:00:00Z,9995.231081308515
778,2021-06-20T00:00:00Z,9998.511553572143
779,2021-06-21T00:00:00Z,9994.898469484722
780,2021-06-22T00:00:00Z,9994.898469484722
781,2021-06-23T00:00:00Z,9999.112920237782
782,2021-06-24T00:00:00Z,9996.282665113788
783,2021-06-25T00:00:00Z,9996.282665113788
784,2021-06-27T00:00:00Z,9996.282665113788
785,2021-06-28T00:00:00Z,9996.282665113788
786,2021-06-29T00:00:00Z,9996.282665113788
787,2021-06-30T00:00:00Z,9996.282665113788
788,2021-07-01T00:00:00Z,9996.282665113788
789,2021-07-02T00:00:00Z,9996.282665113788
790,2021-07-04T00:00:00Z,9996.282665113788
791,2021-07-05T00:00:00Z,9996.282665113788
792,2021-07-06T00:00:00Z,9996.282665113788
793,2021-07-07T00:00:00Z,9996.282665113788
794,2021-07-08T00:00:00Z,10015.33227038792
795,2021-07-09T00:00:00Z,10012.704230680469
796,2021-07-12T00:00:00Z,10002.900118079033
797,2021-07-13T00:00:00Z,9999.741852032665
798,2021-07-14T00:00:00Z,9999.741852032665
799,2021-07-15T00:00:00Z,9999.741852032665
800,2021-07-16T00:00:00Z,9999.741852032665
801,2021-07-18T00:00:00Z,9999.741852032665
802,2021-07-19T00:00:00Z,9999.741852032665
803,2021-07-20T00:00:00Z,9999.741852032665
804,2021-07-21T00:00:00Z,9999.741852032665
805,2021-07-22T00:00:00Z,10016.646376261908
806,2021-07-23T00:00:00Z,10015.100451595225
807,2021-07-25T00:00:00Z,10015.100451595225
808,2021-07-26T00:00:00Z,10016.72163020153
809,2021-07-27T00:00:00Z,10014.848669004125
810,2021-07-28T00:00:00Z,10014.848669004125
811,2021-07-29T00:00:00Z,10014.848669004125
812,2021-07-30T00:00:00Z,10014.848669004125
813,2021-08-01T00:00:00Z,10014.848669004125
814,2021-08-02T00:00:00Z,10014.848669004125
815,2021-08-03T00:00:00Z,10014.848669004125
816,2021-08-04T00:00:00Z,10014.848669004125
817,2021-08-05T00:00:00Z,10029.988607765785
818,2021-08-06T00:00:00Z,10027.80815468673
819,2021-08-08T00:00:00Z,10027.80815468673
820,2021-08-09T00:00:00Z,10027.80815468673
821,2021-08-10T00:00:00Z,10027.80815468673
822,2021-08-11T00:00:00Z,10027.80815468673
823,2021-08-12T00:00:00Z,10027.80815468673
824,2021-08-13T00:00:00Z,10027.80815468673
825,2021-08-15T00:00:00Z,10027.80815468673
826,2021-08-16T00:00:00Z,10027.80815468673
827,2021-08-17T00:00:00Z,10027.80815468673
828,2021-08-18T00:00:00Z,10027.80815468673
829,2021-08-19T00:00:00Z,10027.80815468673
830,2021-08-20T00:00:00Z,10027.80815468673
831,2021-08-22T00:00:00Z,10027.80815468673
832,2021-08-23T00:00:00Z,10085.11518196366
833,2021-08-24T00:00:00Z,10083.035967294816
834,2021-08-25T00:00:00Z,10083.035967294816
835,2021-08-26T00:00:00Z,10083.035967294816
836,2021-08-27T00:00:00Z,10083.035967294816
837,2021-08-29T00:00:00Z,10083.035967294816
838,2021-08-30T00:00:00Z,10083.035967294816
839,2021-08-31T00:00:00Z,10083.035967294816
840,2021-09-01T00:00:00Z,10083.035967294816
841,2021-09-02T00:00:00Z,10083.035967294816
842,2021-09-03T00:00:00Z,10083.035967294816
843,2021-09-05T00:00:00Z,10083.035967294816
844,2021-09-06T00:00:00Z,10083.035967294816
845,2021-09-07T00:00:00Z,10083.035967294816
846,2021-09-08T00:00:00Z,10083.035967294816
847,2021-09-09T00:00:00Z,10083.035967294816
848,2021-09-10T00:00:00Z,10083.035967294816
849,2021-09-12T00:00:00Z,10083.035967294816
850,2021-09-13T00:00:00Z,10083.035967294816
851,2021-09-14T00:00:00Z,10083.035967294816
852,2021-09-15T00:00:00Z,10083.035967294816
853,2021-09-16T00:00:00Z,10083.035967294816
854,2021-09-17T00:00:00Z,10083.035967294816
855,2021-09-19T00:00:00Z,10083.035967294816
856,2021-09-20T00:00:00Z,10083.035967294816
857,2021-09-21T00:00:00Z,10083.035967294816
858,2021-09-22T00:00:00Z,10083.035967294816
859,2021-09-23T00:00:00Z,10083.035967294816
860,2021-09-24T00:00:00Z,10094.873586260188
861,2021-09-26T00:00:00Z,10103.322695279985
862,2021-09-27T00:00:00Z,10087.721954541816
863,2021-09-28T00:00:00Z,10084.855090518035
864,2021-09-29T00:00:00Z,10084.855090518035
865,2021-09-30T00:00:00Z,10084.855090518035
866,2021-10-01T00:00:00Z,10084.855090518035
867,2021-10-03T00:00:00Z,10084.855090518035
868,2021-10-04T00:00:00Z,10084.855090518035
869,2021-10-05T00:00:00Z,10084.855090518035
870,2021-10-06T00:00:00Z,10084.855090518035
871,2021-10-07T00:00:00Z,10084.855090518035
872,2021-10-08T00:00:00Z,10084.855090518035
873,2021-10-10T00:00:00Z,10084.855090518035
874,2021-10-11T00:00:00Z,10084.855090518035
875,2021-10-12T00:00:00Z,10084.855090518035
876,2021-10-13T00:00:00Z,10084.855090518035
877,2021-10-14T00:00:00Z,10084.855090518035
878,2021-10-15T00:00:00Z,10084.855090518035
879,2021-10-17T00:00:00Z,10084.855090518035
880,2021-10-18T00:00:00Z,10084.855090518035
881,2021-10-19T00:00:00Z,10084.855090518035
882,2021-10-20T00:00:00Z,10084.855090518035
883,2021-10-21T00:00:00Z,10104.971371994243
884,2021-10-22T00:00:00Z,10102.047369456239
885,2021-10-24T00:00:00Z,10102.047369456239
886,2021-10-25T00:00:00Z,10102.047369456239
887,2021-10-26T00:00:00Z,10102.047369456239
888,2021-10-27T00:00:00Z,10102.047369456239
889,2021-10-28T00:00:00Z,10102.047369456239
890,2021-10-29T00:00:00Z,10102.047369456239
891,2021-10-31T00:00:00Z,10102.047369456239
892,2021-11-01T00:00:00Z,10102.047369456239
893,2021-11-02T00:00:00Z,10102.047369456239
894,2021-11-03T00:00:00Z,10102.047369456239
895,2021-11-04T00:00:00Z,10102.047369456239
896,2021-11-05T00:00:00Z,10119.877758700994
897,2021-11-07T00:00:00Z,10117.51092807771
898,2021-11-08T00:00:00Z,10117.51092807771
899,2021-11-09T00:00:00Z,10156.860652663318
900,2021-11-10T00:00:00Z,10154.423425291905
901,2021-11-11T00:00:00Z,10154.423425291905
902,2021-11-12T00:00:00Z,10154.423425291905
903,2021-11-14T00:00:00Z,10154.423425291905
904,2021-11-15T00:00:00Z,10154.423425291905
905,2021-11-16T00:00:00Z,10154.423425291905
906,2021-11-17T00:00:00Z,10154.423425291905
907,2021-11-18T00:00:00Z,10154.423425291905
908,2021-11-19T00:00:00Z,10154.423425291905
909,2021-11-21T00:00:00Z,10154.423425291905
910,2021-11-22T00:00:00Z,10165.653902151753
911,2021-11-23T00:00:00Z,10163.63796812388
912,2021-11-24T00:00:00Z,10163.63796812388
913,2021-11-25T00:00:00Z,10163.63796812388
914,2021-11-26T00:00:00Z,10163.63796812388
915,2021-11-28T00:00:00Z,10163.63796812388
916,2021-11-29T00:00:00Z,10163.63796812388
917,2021-11-30T00:00:00Z,10163.63796812388
918,2021-12-01T00:00:00Z,10163.63796812388
919,2021-12-02T00:00:00Z,10163.63796812388
920,2021-12-03T00:00:00Z,10163.63796812388
921,2021-12-05T00:00:00Z,10167.268778499782
922,2021-12-06T00:00:00Z,10166.250185598521
923,2021-12-07T00:00:00Z,10166.250185598521
924,2021-12-08T00:00:00Z,10166.250185598521
925,2021-12-09T00:00:00Z,10166.250185598521
926,2021-12-10T00:00:00Z,10166.250185598521
927,2021-12-12T00:00:00Z,10166.250185598521
928,2021-12-13T00:00:00Z,10166.250185598521
929,2021-12-14T00:00:00Z,10166.250185598521
930,2021-12-15T00:00:00Z,10166.250185598521
931,2021-12-16T00:00:00Z,10166.250185598521
932,2021-12-17T00:00:00Z,10166.250185598521
933,2021-12-19T00:00:00Z,10166.250185598521
934,2021-12-20T00:00:00Z,10166.250185598521
935,2021-12-21T00:00:00Z,10166.250185598521
936,2021-12-22T00:00:00Z,10166.250185598521
937,2021-12-23T00:00:00Z,10173.771025487202
938,2021-12-26T00:00:00Z,10167.13096058879
939,2021-12-27T00:00:00Z,10167.13096058879
940,2021-12-28T00:00:00Z,10167.13096058879
941,2021-12-29T00:00:00Z,10167.13096058879
942,2021-12-30T00:00:00Z,10167.13096058879
943,2021-12-31T00:00:00Z,10167.13096058879
944,2022-01-02T00:00:00Z,10167.13096058879
945,2022-01-03T00:00:00Z,10167.13096058879
946,2022-01-04T00:00:00Z,10167.13096058879
947,2022-01-05T00:00:00Z,10167.13096058879
948,2022-01-06T00:00:00Z,10167.13096058879
949,2022-01-07T00:00:00Z,10167.13096058879
950,2022-01-09T00:00:00Z,10167.13096058879
951,2022-01-10T00:00:00Z,10167.13096058879
952,2022-01-11T00:00:00Z,10167.13096058879
953,2022-01-12T00:00:00Z,10167.13096058879
954,2022-01-13T00:00:00Z,10167.13096058879
955,2022-01-14T00:00:00Z,10167.13096058879
956,2022-01-16T00:00:00Z,10167.13096058879
957,2022-01-17T00:00:00Z,10167.13096058879
958,2022-01-18T00:00:00Z,10167.13096058879
959,2022-01-19T00:00:00Z,10167.13096058879
960,2022-01-20T00:00:00Z,10179.91788253359
961,2022-01-21T00:00:00Z,10177.644544467741
962,2022-01-23T00:00:00Z,10177.644544467741
963,2022-01-24T00:00:00Z,10177.644544467741
964,2022-01-25T00:00:00Z,10177.644544467741
965,2022-01-26T00:00:00Z,10177.644544467741
966,2022-01-27T00:00:00Z,10177.644544467741
967,2022-01-28T00:00:00Z,10177.644544467741
968,2022-01-30T00:00:00Z,10177.644544467741
969,2022-01-31T00:00:00Z,10177.644544467741
970,2022-02-01T00:00:00Z,10177.644544467741
971,2022-02-02T00:00:00Z,10177.644544467741
972,2022-02-03T00:00:00Z,10177.644544467741
973,2022-02-04T00:00:00Z,10177.644544467741
974,2022-02-06T00:00:00Z,10177.644544467741
975,2022-02-07T00:00:00Z,10177.644544467741
976,2022-02-08T00:00:00Z,10177.644544467741
977,2022-02-09T00:00:00Z,10177.644544467741
978,2022-02-10T00:00:00Z,10177.644544467741
979,2022-02-11T00:00:00Z,10177.644544467741
980,2022-02-13T00:00:00Z,10177.644544467741
981,2022-02-14T00:00:00Z,10177.644544467741
982,2022-02-15T00:00:00Z,10177.644544467741
983,2022-02-16T00:00:00Z,10177.644544467741
984,2022-02-17T00:00:00Z,10177.644544467741
985,2022-02-18T00:00:00Z,10177.644544467741
986,2022-02-20T00:00:00Z,10179.263267993323
987,2022-02-21T00:00:00Z,10177.596634764806
988,2022-02-22T00:00:00Z,10177.596634764806
989,2022-02-23T00:00:00Z,10177.596634764806
990,2022-02-24T00:00:00Z,10177.596634764806
991,2022-02-25T00:00:00Z,10177.596634764806
992,2022-02-27T00:00:00Z,10191.212068263136
993,2022-02-28T00:00:00Z,10189.852167890556
994,2022-03-01T00:00:00Z,10189.852167890556
995,2022-03-02T00:00:00Z,10189.852167890556
996,2022-03-03T00:00:00Z,10189.852167890556
997,2022-03-04T00:00:00Z,10189.852167890556
998,2022-03-06T00:00:00Z,10189.852167890556
999,2022-03-07T00:00:00Z,10189.852167890556
1000,2022-03-08T00:00:00Z,10189.852167890556
1001,2022-03-09T00:00:00Z,10189.852167890556
1002,2022-03-10T00:00:00Z,10189.852167890556
1003,2022-03-11T00:00:00Z,10189.852167890556
1004,2022-03-13T00:00:00Z,10189.852167890556
1005,2022-03-14T00:00:00Z,10189.852167890556
1006,2022-03-15T00:00:00Z,10189.852167890556
1007,2022-03-16T00:00:00Z,10189.852167890556
1008,2022-03-17T00:00:00Z,10189.852167890556
1009,2022-03-18T00:00:00Z,10189.852167890556
1010,2022-03-20T00:00:00Z,10189.852167890556
1011,2022-03-21T00:00:00Z,10189.852167890556
1012,2022-03-22T00:00:00Z,10189.852167890556
1013,2022-03-23T00:00:00Z,10189.852167890556
1014,2022-03-24T00:00:00Z,10189.852167890556
1015,2022-03-25T00:00:00Z,10189.852167890556
1016,2022-03-27T00:00:00Z,10200.938429018242
1017,2022-03-28T00:00:00Z,10199.94223328522
1018,2022-03-29T00:00:00Z,10199.94223328522
1019,2022-03-30T00:00:00Z,10199.94223328522
1020,2022-03-31T00:00:00Z,10199.94223328522
1021,2022-04-01T00:00:00Z,10199.94223328522
1022,2022-04-03T00:00:00Z,10199.94223328522
1023,2022-04-04T00:00:00Z,10199.94223328522
1024,2022-04-05T00:00:00Z,10199.94223328522
1025,2022-04-06T00:00:00Z,10199.94223328522
1026,2022-04-07T00:00:00Z,10199.94223328522
1027,2022-04-08T00:00:00Z,10199.94223328522
1028,2022-04-10T00:00:00Z,10199.94223328522
1029,2022-04-11T00:00:00Z,10199.94223328522
1030,2022-04-12T00:00:00Z,10199.94223328522
1031,2022-04-13T00:00:00Z,10184.80888457232
1032,2022-04-14T00:00:00Z,10183.939422064737
1033,2022-04-17T00:00:00Z,10183.939422064737
1034,2022-04-18T00:00:00Z,10183.939422064737
1035,2022-04-19T00:00:00Z,10183.939422064737
1036,2022-04-20T00:00:00Z,10183.939422064737
1037,2022-04-21T00:00:00Z,10183.939422064737
1038,2022-04-22T00:00:00Z,10183.939422064737
1039,2022-04-24T00:00:00Z,10183.939422064737
1040,2022-04-25T00:00:00Z,10183.939422064737
1041,2022-04-26T00:00:00Z,10183.939422064737
1042,2022-04-27T00:00:00Z,10183.939422064737
1043,2022-04-28T00:00:00Z,10183.939422064737
1044,2022-04-29T00:00:00Z,10183.939422064737
1045,2022-05-01T00:00:00Z,10183.939422064737
1046,2022-05-02T00:00:00Z,10183.939422064737
1047,2022-05-03T00:00:00Z,10183.939422064737
1048,2022-05-04T00:00:00Z,10183.939422064737
1049,2022-05-05T00:00:00Z,10183.939422064737
1050,2022-05-06T00:00:00Z,10183.939422064737
1051,2022-05-08T00:00:00Z,10192.895544657298
1052,2022-05-09T00:00:00Z,10191.343420731986
1053,2022-05-10T00:00:00Z,10191.343420731986
1054,2022-05-11T00:00:00Z,10191.343420731986
1055,2022-05-12T00:00:00Z,10198.610072158368
1056,2022-05-13T00:00:00Z,10197.30955338686
1057,2022-05-15T00:00:00Z,10197.30955338686
1058,2022-05-16T00:00:00Z,10197.30955338686
1059,2022-05-17T00:00:00Z,10197.30955338686
1060,2022-05-18T00:00:00Z,10197.30955338686
1061,2022-05-19T00:00:00Z,10197.30955338686
1062,2022-05-20T00:00:00Z,10203.485811042006
1063,2022-05-22T00:00:00Z,10204.130067904412
1064,2022-05-23T00:00:00Z,10204.130067904412
1065,2022-05-24T00:00:00Z,10209.075593265301
1066,2022-05-25T00:00:00Z,10207.54356089354
1067,2022-05-26T00:00:00Z,10232.250720297747
1068,2022-05-27T00:00:00Z,10230.634642553443
1069,2022-05-29T00:00:00Z,10230.634642553443
1070,2022-05-30T00:00:00Z,10230.634642553443
1071,2022-05-31T00:00:00Z,10230.634642553443
1072,2022-06-01T00:00:00Z,10230.634642553443
1073,2022-06-02T00:00:00Z,10230.634642553443
1074,2022-06-03T00:00:00Z,10230.634642553443
1075,2022-06-05T00:00:00Z,10233.916302553162
1076,2022-06-06T00:00:00Z,10232.103612938501
1077,2022-06-07T00:00:00Z,10232.103612938501
1078,2022-06-08T00:00:00Z,10232.103612938501
1079,2022-06-09T00:00:00Z,10232.103612938501
1080,2022-06-10T00:00:00Z,10232.103612938501
1081,2022-06-12T00:00:00Z,10232.103612938501
1082,2022-06-13T00:00:00Z,10232.103612938501
1083,2022-06-14T00:00:00Z,10232.103612938501
1084,2022-06-15T00:00:00Z,10232.103612938501
1085,2022-06-16T00:00:00Z,10232.103612938501
1086,2022-06-17T00:00:00Z,10232.103612938501
1087,2022-06-19T00:00:00Z,10232.103612938501
1088,2022-06-20T00:00:00Z,10232.103612938501
1089,2022-06-21T00:00:00Z,10232.103612938501
1090,2022-06-22T00:00:00Z,10232.103612938501
1091,2022-06-23T00:00:00Z,10232.103612938501
1092,2022-06-24T00:00:00Z,10251.1108054874
1093,2022-06-26T00:00:00Z,10250.917965002895
1094,2022-06-27T00:00:00Z,10250.917965002895
1095,2022-06-28T00:00:00Z,10261.158482568564
1096,2022-06-29T00:00:00Z,10259.738340029047
1097,2022-06-30T00:00:00Z,10259.738340029047
1098,2022-07-01T00:00:00Z,10259.738340029047
1099,2022-07-03T00:00:00Z,10253.685176506664
1100,2022-07-04T00:00:00Z,10252.283462718535
1101,2022-07-05T00:00:00Z,10252.283462718535
1102,2022-07-06T00:00:00Z,10228.357788879068
1103,2022-07-07T00:00:00Z,10227.072324805737
1104,2022-07-08T00:00:00Z,10238.952595219534
1105,2022-07-10T00:00:00Z,10237.655221268598
1106,2022-07-11T00:00:00Z,10237.655221268598
1107,2022-07-12T00:00:00Z,10237.655221268598
1108,2022-07-13T00:00:00Z,10237.655221268598
1109,2022-07-14T00:00:00Z,10241.85565656772
1110,2022-07-15T00:00:00Z,10240.415773568724
1111,2022-07-17T00:00:00Z,10240.415773568724
1112,2022-07-18T00:00:00Z,10269.724655167583
1113,2022-07-19T00:00:00Z,10268.80360853871
1114,2022-07-20T00:00:00Z,10268.80360853871
1115,2022-07-21T00:00:00Z,10268.80360853871
1116,2022-07-22T00:00:00Z,10268.80360853871
1117,2022-07-24T00:00:00Z,10267.533871907995
1118,2022-07-25T00:00:00Z,10266.408269959136
1119,2022-07-26T00:00:00Z,10266.408269959136
1120,2022-07-27T00:00:00Z,10266.408269959136
1121,2022-07-28T00:00:00Z,10266.408269959136
1122,2022-07-29T00:00:00Z,10266.408269959136
1123,2022-07-31T00:00:00Z,10266.408269959136
1124,2022-08-01T00:00:00Z,10266.408269959136
1125,2022-08-02T00:00:00Z,10266.408269959136
1126,2022-08-03T00:00:00Z,10266.408269959136
1127,2022-08-04T00:00:00Z,10266.408269959136
1128,2022-08-05T00:00:00Z,10266.408269959136
1129,2022-08-07T00:00:00Z,10266.408269959136
1130,2022-08-08T00:00:00Z,10266.408269959136
1131,2022-08-09T00:00:00Z,10266.408269959136
1132,2022-08-10T00:00:00Z,10266.408269959136
1133,2022-08-11T00:00:00Z,10266.408269959136
1134,2022-08-12T00:00:00Z,10266.408269959136
1135,2022-08-14T00:00:00Z,10266.408269959136
1136,2022-08-15T00:00:00Z,10266.408269959136
1137,2022-08-16T00:00:00Z,10266.408269959136
1138,2022-08-17T00:00:00Z,10266.408269959136
1139,2022-08-18T00:00:00Z,10293.389674552911
1140,2022-08-19T00:00:00Z,10292.271695806145
1141,2022-08-21T00:00:00Z,10292.271695806145
1142,2022-08-22T00:00:00Z,10292.271695806145
1143,2022-08-23T00:00:00Z,10292.271695806145
1144,2022-08-24T00:00:00Z,10292.271695806145
1145,2022-08-25T00:00:00Z,10292.271695806145
1146,2022-08-26T00:00:00Z,10292.271695806145
1147,2022-08-28T00:00:00Z,10292.271695806145
1148,2022-08-29T00:00:00Z,10292.271695806145
1149,2022-08-30T00:00:00Z,10292.271695806145
1150,2022-08-31T00:00:00Z,10292.271695806145
1151,2022-09-01T00:00:00Z,10292.271695806145
1152,2022-09-02T00:00:00Z,10290.002429518772
1153,2022-09-04T00:00:00Z,10290.907717912845
1154,2022-09-05T00:00:00Z,10290.907717912845
1155,2022-09-06T00:00:00Z,10290.907717912845
1156,2022-09-07T00:00:00Z,10290.907717912845
1157,2022-09-08T00:00:00Z,10290.907717912845
1158,2022-09-09T00:00:00Z,10319.982327063737
1159,2022-09-11T00:00:00Z,10321.018979450013
1160,2022-09-12T00:00:00Z,10321.018979450013
1161,2022-09-13T00:00:00Z,10321.018979450013
1162,2022-09-14T00:00:00Z,10321.018979450013
1163,2022-09-15T00:00:00Z,10321.018979450013
1164,2022-09-16T00:00:00Z,10321.018979450013
1165,2022-09-18T00:00:00Z,10321.018979450013
1166,2022-09-19T00:00:00Z,10321.018979450013
1167,2022-09-20T00:00:00Z,10321.018979450013
1168,2022-09-21T00:00:00Z,10321.018979450013
1169,2022-09-22T00:00:00Z,10326.681896655726
1170,2022-09-23T00:00:00Z,10324.694063664765
1171,2022-09-25T00:00:00Z,10326.548204349308
1172,2022-09-26T00:00:00Z,10325.31040920144
1173,2022-09-27T00:00:00Z,10343.062001552777
1174,2022-09-28T00:00:00Z,10341.765416171012
1175,2022-09-29T00:00:00Z,10339.654242954372
1176,2022-09-30T00:00:00Z,10338.418099910581
1177,2022-10-02T00:00:00Z,10343.217235007136
1178,2022-10-03T00:00:00Z,10341.816179133393
1179,2022-10-04T00:00:00Z,10341.816179133393
1180,2022-10-05T00:00:00Z,10354.878313761246
1181,2022-10-06T00:00:00Z,10353.342520962598
1182,2022-10-07T00:00:00Z,10353.342520962598
1183,2022-10-09T00:00:00Z,10353.342520962598
1184,2022-10-10T00:00:00Z,10371.458060479687
1185,2022-10-11T00:00:00Z,10370.073482687247
1186,2022-10-12T00:00:00Z,10370.073482687247
1187,2022-10-13T00:00:00Z,10370.073482687247
1188,2022-10-14T00:00:00Z,10370.073482687247
1189,2022-10-16T00:00:00Z,10370.073482687247
1190,2022-10-17T00:00:00Z,10371.47368735812
1191,2022-10-18T00:00:00Z,10370.236887269193
1192,2022-10-19T00:00:00Z,10370.236887269193
1193,2022-10-20T00:00:00Z,10370.236887269193
1194,2022-10-21T00:00:00Z,10370.236887269193
1195,2022-10-23T00:00:00Z,10370.236887269193
1196,2022-10-24T00:00:00Z,10370.236887269193
1197,2022-10-25T00:00:00Z,10370.236887269193
1198,2022-10-26T00:00:00Z,10370.236887269193
1199,2022-10-27T00:00:00Z,10372.943567486429
1200,2022-10-28T00:00:00Z,10371.183698309822
1201,2022-10-30T00:00:00Z,10371.183698309822
1202,2022-10-31T00:00:00Z,10371.183698309822
1203,2022-11-01T00:00:00Z,10371.183698309822
1204,2022-11-02T00:00:00Z,10371.183698309822
1205,2022-11-03T00:00:00Z,10371.183698309822
1206,2022-11-04T00:00:00Z,10371.183698309822
1207,2022-11-06T00:00:00Z,10371.183698309822
1208,2022-11-07T00:00:00Z,10371.183698309822
1209,2022-11-08T00:00:00Z,10371.183698309822
1210,2022-11-09T00:00:00Z,10371.183698309822
1211,2022-11-10T00:00:00Z,10371.183698309822
1212,2022-11-11T00:00:00Z,10400.618284001857
1213,2022-11-13T00:00:00Z,10398.712564974745
1214,2022-11-14T00:00:00Z,10398.712564974745
1215,2022-11-15T00:00:00Z,10398.712564974745
1216,2022-11-16T00:00:00Z,10398.712564974745
1217,2022-11-17T00:00:00Z,10398.712564974745
1218,2022-11-18T00:00:00Z,10398.712564974745
1219,2022-11-20T00:00:00Z,10395.88692976458
1220,2022-11-21T00:00:00Z,10394.649205613743
1221,2022-11-22T00:00:00Z,10394.649205613743
1222,2022-11-23T00:00:00Z,10394.649205613743
1223,2022-11-24T00:00:00Z,10397.6447474325
1224,2022-11-25T00:00:00Z,10396.365194727086
1225,2022-11-27T00:00:00Z,10396.365194727086
1226,2022-11-28T00:00:00Z,10400.193198760884
1227,2022-11-29T00:00:00Z,10398.711039115828
1228,2022-11-30T00:00:00Z,10415.513316271335
1229,2022-12-01T00:00:00Z,10414.152965882655
1230,2022-12-02T00:00:00Z,10414.152965882655
1231,2022-12-04T00:00:00Z,10414.152965882655
1232,2022-12-05T00:00:00Z,10414.152965882655
1233,2022-12-06T00:00:00Z,10414.152965882655
1234,2022-12-07T00:00:00Z,10414.152965882655
1235,2022-12-08T00:00:00Z,10414.152965882655
1236,2022-12-09T00:00:00Z,10414.152965882655
1237,2022-12-11T00:00:00Z,10414.152965882655
1238,2022-12-12T00:00:00Z,10429.795018780784
1239,2022-12-13T00:00:00Z,10428.304135982316
1240,2022-12-14T00:00:00Z,10428.304135982316
1241,2022-12-15T00:00:00Z,10428.304135982316
1242,2022-12-16T00:00:00Z,10407.32883921838
1243,2022-12-18T00:00:00Z,10406.486364406666
1244,2022-12-19T00:00:00Z,10413.936243226468
1245,2022-12-20T00:00:00Z,10412.442804391627
1246,2022-12-21T00:00:00Z,10437.141321617299
1247,2022-12-22T00:00:00Z,10435.645718186845
1248,2022-12-23T00:00:00Z,10435.645718186845
1249,2022-12-26T00:00:00Z,10435.645718186845
1250,2022-12-27T00:00:00Z,10450.818197899844
1251,2022-12-28T00:00:00Z,10448.91497631836
1252,2022-12-29T00:00:00Z,10448.91497631836
1253,2022-12-30T00:00:00Z,10448.91497631836
1254,2023-01-02T00:00:00Z,10448.91497631836
1255,2023-01-03T00:00:00Z,10395.429988647038
1256,2023-01-04T00:00:00Z,10342.360426666237
1257,2023-01-05T00:00:00Z,10348.793585850008
1258,2023-01-06T00:00:00Z,10347.051744809922
1259,2023-01-08T00:00:00Z,10349.505138651934
1260,2023-01-09T00:00:00Z,10347.826496755622
1261,2023-01-10T00:00:00Z,10347.826496755622
1262,2023-01-11T00:00:00Z,10390.981906631161
1263,2023-01-12T00:00:00Z,10389.079699218015
1264,2023-01-13T00:00:00Z,10411.264909512956
1265,2023-01-15T00:00:00Z,10410.776163596158
1266,2023-01-16T00:00:00Z,10410.776163596158
1267,2023-01-17T00:00:00Z,10410.776163596158
1268,2023-01-18T00:00:00Z,10410.776163596158
1269,2023-01-19T00:00:00Z,10431.16449410996
1270,2023-01-20T00:00:00Z,10429.127723393696
1271,2023-01-22T00:00:00Z,10429.127723393696
1272,2023-01-23T00:00:00Z,10429.127723393696
1273,2023-01-24T00:00:00Z,10429.127723393696
1274,2023-01-25T00:00:00Z,10429.127723393696
1275,2023-01-26T00:00:00Z,10429.127723393696
1276,2023-01-27T00:00:00Z,10429.127723393696
1277,2023-01-29T00:00:00Z,10429.127723393696
1278,2023-01-30T00:00:00Z,10429.127723393696
1279,2023-01-31T00:00:00Z,10429.127723393696
1280,2023-02-01T00:00:00Z,10429.127723393696
1281,2023-02-02T00:00:00Z,10429.127723393696
1282,2023-02-03T00:00:00Z,10386.393591626935
1283,2023-02-05T00:00:00Z,10386.614890015262
1284,2023-02-06T00:00:00Z,10400.449364975824
1285,2023-02-07T00:00:00Z,10398.533136072227
1286,2023-02-08T00:00:00Z,10398.533136072227
1287,2023-02-09T00:00:00Z,10398.533136072227
1288,2023-02-10T00:00:00Z,10398.533136072227
1289,2023-02-12T00:00:00Z,10398.533136072227
1290,2023-02-13T00:00:00Z,10398.476395955531
1291,2023-02-14T00:00:00Z,10396.709613783862
1292,2023-02-15T00:00:00Z,10396.709613783862
1293,2023-02-16T00:00:00Z,10396.709613783862
1294,2023-02-17T00:00:00Z,10396.709613783862
1295,2023-02-19T00:00:00Z,10396.709613783862
1296,2023-02-20T00:00:00Z,10396.709613783862
1297,2023-02-21T00:00:00Z,10396.709613783862
1298,2023-02-22T00:00:00Z,10396.709613783862
1299,2023-02-23T00:00:00Z,10396.709613783862
1300,2023-02-24T00:00:00Z,10396.709613783862
1301,2023-02-26T00:00:00Z,10396.709613783862
1302,2023-02-27T00:00:00Z,10396.709613783862
1303,2023-02-28T00:00:00Z,10396.709613783862
1304,2023-03-01T00:00:00Z,10396.709613783862
1305,2023-03-02T00:00:00Z,10396.709613783862
1306,2023-03-03T00:00:00Z,10396.709613783862
1307,2023-03-05T00:00:00Z,10396.709613783862
1308,2023-03-06T00:00:00Z,10396.709613783862
1309,2023-03-07T00:00:00Z,10396.709613783862
1310,2023-03-08T00:00:00Z,10396.709613783862
1311,2023-03-09T00:00:00Z,10396.709613783862
1312,2023-03-10T00:00:00Z,10396.709613783862
1313,2023-03-12T00:00:00Z,10396.709613783862
1314,2023-03-13T00:00:00Z,10396.709613783862
1315,2023-03-14T00:00:00Z,10396.709613783862
1316,2023-03-15T00:00:00Z,10396.709613783862
1317,2023-03-16T00:00:00Z,10396.709613783862
1318,2023-03-17T00:00:00Z,10396.709613783862
1319,2023-03-19T00:00:00Z,10401.61554388378
1320,2023-03-20T00:00:00Z,10400.227997246557
1321,2023-03-21T00:00:00Z,10419.546802381365
1322,2023-03-22T00:00:00Z,10418.211290785744
1323,2023-03-23T00:00:00Z,10418.211290785744
1324,2023-03-24T00:00:00Z,10418.211290785744
1325,2023-03-26T00:00:00Z,10418.211290785744
1326,2023-03-27T00:00:00Z,10453.461413293735
1327,2023-03-28T00:00:00Z,10452.0950825525
1328,2023-03-29T00:00:00Z,10452.0950825525
1329,2023-03-30T00:00:00Z,10452.0950825525
1330,2023-03-31T00:00:00Z,10452.0950825525
1331,2023-04-02T00:00:00Z,10462.979674958811
1332,2023-04-03T00:00:00Z,10460.73162370739
1333,2023-04-04T00:00:00Z,10460.73162370739
1334,2023-04-05T00:00:00Z,10460.73162370739
1335,2023-04-06T00:00:00Z,10460.73162370739
1336,2023-04-09T00:00:00Z,10460.73162370739
1337,2023-04-10T00:00:00Z,10460.73162370739
1338,2023-04-11T00:00:00Z,10460.73162370739
1339,2023-04-12T00:00:00Z,10460.73162370739
1340,2023-04-13T00:00:00Z,10460.73162370739
1341,2023-04-14T00:00:00Z,10460.73162370739
1342,2023-04-16T00:00:00Z,10460.73162370739
1343,2023-04-17T00:00:00Z,10488.266904596048
1344,2023-04-18T00:00:00Z,10485.935408054045
1345,2023-04-19T00:00:00Z,10485.935408054045
1346,2023-04-20T00:00:00Z,10485.935408054045
1347,2023-04-21T00:00:00Z,10485.935408054045
1348,2023-04-23T00:00:00Z,10485.935408054045
1349,2023-04-24T00:00:00Z,10485.935408054045
1350,2023-04-25T00:00:00Z,10485.935408054045
1351,2023-04-26T00:00:00Z,10485.935408054045
1352,2023-04-27T00:00:00Z,10485.935408054045
1353,2023-04-28T00:00:00Z,10485.935408054045
1354,2023-04-30T00:00:00Z,10485.935408054045
1355,2023-05-01T00:00:00Z,10485.935408054045
1356,2023-05-02T00:00:00Z,10485.935408054045
1357,2023-05-03T00:00:00Z,10485.935408054045
1358,2023-05-04T00:00:00Z,10485.935408054045
1359,2023-05-05T00:00:00Z,10518.730612983318
1360,2023-05-07T00:00:00Z,10518.571827430906
1361,2023-05-08T00:00:00Z,10538.063570079992
1362,2023-05-09T00:00:00Z,10536.377244147945
1363,2023-05-10T00:00:00Z,10536.377244147945
1364,2023-05-11T00:00:00Z,10536.377244147945
1365,2023-05-12T00:00:00Z,10536.377244147945
1366,2023-05-14T00:00:00Z,10536.377244147945
1367,2023-05-15T00:00:00Z,10536.377244147945
1368,2023-05-16T00:00:00Z,10536.377244147945
1369,2023-05-17T00:00:00Z,10536.377244147945
1370,2023-05-18T00:00:00Z,10536.377244147945
1371,2023-05-19T00:00:00Z,10536.377244147945
1372,2023-05-21T00:00:00Z,10536.377244147945
1373,2023-05-22T00:00:00Z,10536.377244147945
1374,2023-05-23T00:00:00Z,10536.377244147945
1375,2023-05-24T00:00:00Z,10536.377244147945
1376,2023-05-25T00:00:00Z,10536.377244147945
1377,2023-05-26T00:00:00Z,10536.377244147945
1378,2023-05-28T00:00:00Z,10536.377244147945
1379,2023-05-29T00:00:00Z,10536.377244147945
1380,2023-05-30T00:00:00Z,10536.377244147945
1381,2023-05-31T00:00:00Z,10536.377244147945
1382,2023-06-01T00:00:00Z,10575.55646118307
1383,2023-06-02T00:00:00Z,10573.295096172273
1384,2023-06-04T00:00:00Z,10573.295096172273
1385,2023-06-05T00:00:00Z,10573.295096172273
1386,2023-06-06T00:00:00Z,10573.295096172273
1387,2023-06-07T00:00:00Z,10573.295096172273
1388,2023-06-08T00:00:00Z,10573.295096172273
1389,2023-06-09T00:00:00Z,10573.295096172273
1390,2023-06-11T00:00:00Z,10573.295096172273
1391,2023-06-12T00:00:00Z,10573.295096172273
1392,2023-06-13T00:00:00Z,10573.295096172273
1393,2023-06-14T00:00:00Z,10573.295096172273
1394,2023-06-15T00:00:00Z,10573.295096172273
1395,2023-06-16T00:00:00Z,10582.943078729253
1396,2023-06-18T00:00:00Z,10585.288272886151
1397,2023-06-19T00:00:00Z,10585.288272886151
1398,2023-06-20T00:00:00Z,10585.288272886151
1399,2023-06-21T00:00:00Z,10585.288272886151
1400,2023-06-22T00:00:00Z,10585.288272886151
1401,2023-06-23T00:00:00Z,10586.39641580265
1402,2023-06-25T00:00:00Z,10587.029305738917
1403,2023-06-26T00:00:00Z,10587.029305738917
1404,2023-06-27T00:00:00Z,10587.029305738917
1405,2023-06-28T00:00:00Z,10587.029305738917
1406,2023-06-29T00:00:00Z,10587.029305738917
1407,2023-06-30T00:00:00Z,10587.029305738917
1408,2023-07-02T00:00:00Z,10587.029305738917
1409,2023-07-03T00:00:00Z,10587.029305738917
1410,2023-07-04T00:00:00Z,10587.029305738917
1411,2023-07-05T00:00:00Z,10587.029305738917
1412,2023-07-06T00:00:00Z,10587.029305738917
1413,2023-07-07T00:00:00Z,10587.029305738917
1414,2023-07-09T00:00:00Z,10588.571500391814
1415,2023-07-10T00:00:00Z,10586.280815648412
1416,2023-07-11T00:00:00Z,10586.280815648412
1417,2023-07-12T00:00:00Z,10586.280815648412
1418,2023-07-13T00:00:00Z,10586.280815648412
1419,2023-07-14T00:00:00Z,10586.280815648412
1420,2023-07-16T00:00:00Z,10586.280815648412
1421,2023-07-17T00:00:00Z,10586.280815648412
1422,2023-07-18T00:00:00Z,10617.950090039978
1423,2023-07-19T00:00:00Z,10615.187718648356
1424,2023-07-20T00:00:00Z,10615.187718648356
1425,2023-07-21T00:00:00Z,10615.187718648356
1426,2023-07-23T00:00:00Z,10615.187718648356
1427,2023-07-24T00:00:00Z,10615.187718648356
1428,2023-07-25T00:00:00Z,10615.187718648356
1429,2023-07-26T00:00:00Z,10615.187718648356
1430,2023-07-27T00:00:00Z,10615.187718648356
1431,2023-07-28T00:00:00Z,10615.187718648356
1432,2023-07-30T00:00:00Z,10615.907281010132
1433,2023-07-31T00:00:00Z,10613.054240492798
1434,2023-08-01T00:00:00Z,10613.054240492798
1435,2023-08-02T00:00:00Z,10613.054240492798
1436,2023-08-03T00:00:00Z,10613.054240492798
1437,2023-08-04T00:00:00Z,10613.054240492798
1438,2023-08-06T00:00:00Z,10613.054240492798
1439,2023-08-07T00:00:00Z,10621.624808166092
1440,2023-08-08T00:00:00Z,10618.731343220968
1441,2023-08-09T00:00:00Z,10618.731343220968
1442,2023-08-10T00:00:00Z,10618.731343220968
1443,2023-08-11T00:00:00Z,10618.731343220968
1444,2023-08-13T00:00:00Z,10618.731343220968
1445,2023-08-14T00:00:00Z,10618.731343220968
1446,2023-08-15T00:00:00Z,10618.731343220968
1447,2023-08-16T00:00:00Z,10618.731343220968
1448,2023-08-17T00:00:00Z,10618.731343220968
1449,2023-08-18T00:00:00Z,10618.731343220968
1450,2023-08-20T00:00:00Z,10618.731343220968
1451,2023-08-21T00:00:00Z,10618.731343220968
1452,2023-08-22T00:00:00Z,10618.731343220968
1453,2023-08-23T00:00:00Z,10618.731343220968
1454,2023-08-24T00:00:00Z,10618.731343220968
1455,2023-08-25T00:00:00Z,10618.731343220968
1456,2023-08-27T00:00:00Z,10618.731343220968
1457,2023-08-28T00:00:00Z,10618.731343220968
1458,2023-08-29T00:00:00Z,10618.731343220968
1459,2023-08-30T00:00:00Z,10618.731343220968
1460,2023-08-31T00:00:00Z,10618.731343220968
1461,2023-09-01T00:00:00Z,10618.731343220968
1462,2023-09-03T00:00:00Z,10615.912713601976
1463,2023-09-04T00:00:00Z,10613.3036858307
1464,2023-09-05T00:00:00Z,10613.3036858307
1465,2023-09-06T00:00:00Z,10613.3036858307
1466,2023-09-07T00:00:00Z,10630.83771141397
1467,2023-09-08T00:00:00Z,10627.709708733504
1468,2023-09-10T00:00:00Z,10627.709708733504
1469,2023-09-11T00:00:00Z,10627.709708733504
1470,2023-09-12T00:00:00Z,10627.709708733504
1471,2023-09-13T00:00:00Z,10627.709708733504
1472,2023-09-14T00:00:00Z,10627.709708733504
1473,2023-09-15T00:00:00Z,10627.709708733504
1474,2023-09-17T00:00:00Z,10627.709708733504
1475,2023-09-18T00:00:00Z,10627.709708733504
1476,2023-09-19T00:00:00Z,10627.709708733504
1477,2023-09-20T00:00:00Z,10627.709708733504
1478,2023-09-21T00:00:00Z,10636.450071285757
1479,2023-09-22T00:00:00Z,10633.621810744304
1480,2023-09-24T00:00:00Z,10633.621810744304
1481,2023-09-25T00:00:00Z,10633.621810744304
1482,2023-09-26T00:00:00Z,10633.621810744304
1483,2023-09-27T00:00:00Z,10633.621810744304
1484,2023-09-28T00:00:00Z,10633.621810744304
1485,2023-09-29T00:00:00Z,10633.621810744304
1486,2023-10-01T00:00:00Z,10633.621810744304
1487,2023-10-02T00:00:00Z,10633.621810744304
1488,2023-10-03T00:00:00Z,10633.621810744304
1489,2023-10-04T00:00:00Z,10633.621810744304
1490,2023-10-05T00:00:00Z,10633.621810744304
1491,2023-10-06T00:00:00Z,10633.621810744304
1492,2023-10-08T00:00:00Z,10633.621810744304
1493,2023-10-09T00:00:00Z,10640.721253706339
1494,2023-10-10T00:00:00Z,10638.636641646683
1495,2023-10-11T00:00:00Z,10600.08602176542
1496,2023-10-12T00:00:00Z,10598.405466158505
1497,2023-10-13T00:00:00Z,10598.405466158505
1498,2023-10-15T00:00:00Z,10598.405466158505
1499,2023-10-16T00:00:00Z,10598.405466158505
1500,2023-10-17T00:00:00Z,10615.92228279736
1501,2023-10-18T00:00:00Z,10613.546419696573
1502,2023-10-19T00:00:00Z,10613.546419696573
1503,2023-10-20T00:00:00Z,10613.546419696573
1504,2023-10-22T00:00:00Z,10613.546419696573
1505,2023-10-23T00:00:00Z,10633.698092107434
1506,2023-10-24T00:00:00Z,10631.574371885901
1507,2023-10-25T00:00:00Z,10631.574371885901
1508,2023-10-26T00:00:00Z,10631.574371885901
1509,2023-10-27T00:00:00Z,10631.574371885901
1510,2023-10-29T00:00:00Z,10631.574371885901
1511,2023-10-30T00:00:00Z,10631.574371885901
1512,2023-10-31T00:00:00Z,10631.574371885901
1513,2023-11-01T00:00:00Z,10631.574371885901
1514,2023-11-02T00:00:00Z,10631.574371885901
1515,2023-11-03T00:00:00Z,10631.574371885901
1516,2023-11-05T00:00:00Z,10631.574371885901
1517,2023-11-06T00:00:00Z,10631.574371885901
1518,2023-11-07T00:00:00Z,10631.574371885901
1519,2023-11-08T00:00:00Z,10631.574371885901
1520,2023-11-09T00:00:00Z,10631.574371885901
1521,2023-11-10T00:00:00Z,10631.574371885901
1522,2023-11-12T00:00:00Z,10631.574371885901
1523,2023-11-13T00:00:00Z,10631.574371885901
1524,2023-11-14T00:00:00Z,10631.574371885901
1525,2023-11-15T00:00:00Z,10631.574371885901
1526,2023-11-16T00:00:00Z,10631.574371885901
1527,2023-11-17T00:00:00Z,10631.574371885901
1528,2023-11-19T00:00:00Z,10635.267477389034
1529,2023-11-20T00:00:00Z,10633.21888652867
1530,2023-11-21T00:00:00Z,10633.21888652867
1531,2023-11-22T00:00:00Z,10633.21888652867
1532,2023-11-23T00:00:00Z,10633.21888652867
1533,2023-11-24T00:00:00Z,10633.21888652867
1534,2023-11-26T00:00:00Z,10633.21888652867
1535,2023-11-27T00:00:00Z,10622.670873922889
1536,2023-11-28T00:00:00Z,10620.527510496659
1537,2023-11-29T00:00:00Z,10620.527510496659
1538,2023-11-30T00:00:00Z,10620.527510496659
1539,2023-12-01T00:00:00Z,10620.527510496659
1540,2023-12-03T00:00:00Z,10620.527510496659
1541,2023-12-04T00:00:00Z,10620.527510496659
1542,2023-12-05T00:00:00Z,10620.527510496659
1543,2023-12-06T00:00:00Z,10620.527510496659
1544,2023-12-07T00:00:00Z,10623.17940134386
1545,2023-12-08T00:00:00Z,10621.321583840992
1546,2023-12-10T00:00:00Z,10621.321583840992
1547,2023-12-11T00:00:00Z,10621.321583840992
1548,2023-12-12T00:00:00Z,10621.321583840992
1549,2023-12-13T00:00:00Z,10621.321583840992
1550,2023-12-14T00:00:00Z,10645.014669423601
1551,2023-12-15T00:00:00Z,10643.12118724608
1552,2023-12-17T00:00:00Z,10643.12118724608
1553,2023-12-18T00:00:00Z,10643.12118724608
1554,2023-12-19T00:00:00Z,10643.12118724608
1555,2023-12-20T00:00:00Z,10643.12118724608
1556,2023-12-21T00:00:00Z,10643.12118724608
1557,2023-12-22T00:00:00Z,10634.697171712512
1558,2023-12-25T00:00:00Z,10637.872575151056
1559,2023-12-26T00:00:00Z,10637.872575151056
1560,2023-12-27T00:00:00Z,10637.872575151056
1561,2023-12-28T00:00:00Z,10637.872575151056
1562,2023-12-29T00:00:00Z,10625.0658601548
1563,2024-01-01T00:00:00Z,10622.483911107705
1564,2024-01-02T00:00:00Z,10593.88714619766
1565,2024-01-03T00:00:00Z,10591.707057332374
1566,2024-01-04T00:00:00Z,10591.707057332374
1567,2024-01-05T00:00:00Z,10615.06707158675
1568,2024-01-07T00:00:00Z,10608.86262734524
1569,2024-01-08T00:00:00Z,10608.86262734524
1570,2024-01-09T00:00:00Z,10608.86262734524
1571,2024-01-10T00:00:00Z,10608.86262734524
1572,2024-01-11T00:00:00Z,10608.86262734524
1573,2024-01-12T00:00:00Z,10608.86262734524
1574,2024-01-14T00:00:00Z,10608.86262734524
1575,2024-01-15T00:00:00Z,10608.86262734524
1576,2024-01-16T00:00:00Z,10595.164720024599
1577,2024-01-17T00:00:00Z,10593.239853866513
1578,2024-01-18T00:00:00Z,10593.239853866513
1579,2024-01-19T00:00:00Z,10593.239853866513
1580,2024-01-21T00:00:00Z,10593.239853866513
1581,2024-01-22T00:00:00Z,10593.239853866513
1582,2024-01-23T00:00:00Z,10593.239853866513
1583,2024-01-24T00:00:00Z,10593.239853866513
1584,2024-01-25T00:00:00Z,10593.239853866513
1585,2024-01-26T00:00:00Z,10593.239853866513
1586,2024-01-28T00:00:00Z,10593.239853866513
1587,2024-01-29T00:00:00Z,10593.239853866513
1588,2024-01-30T00:00:00Z,10593.239853866513
1589,2024-01-31T00:00:00Z,10593.239853866513
1590,2024-02-01T00:00:00Z,10593.239853866513
1591,2024-02-02T00:00:00Z,10593.239853866513
1592,2024-02-04T00:00:00Z,10593.239853866513
1593,2024-02-05T00:00:00Z,10593.239853866513
1594,2024-02-06T00:00:00Z,10593.239853866513
1595,2024-02-07T00:00:00Z,10593.239853866513
1596,2024-02-08T00:00:00Z,10593.239853866513
1597,2024-02-09T00:00:00Z,10593.76558829473
1598,2024-02-11T00:00:00Z,10584.585583686314
1599,2024-02-12T00:00:00Z,10584.585583686314
1600,2024-02-13T00:00:00Z,10584.585583686314
1601,2024-02-14T00:00:00Z,10584.585583686314
1602,2024-02-15T00:00:00Z,10584.585583686314
1603,2024-02-16T00:00:00Z,10584.585583686314
1604,2024-02-18T00:00:00Z,10584.585583686314
1605,2024-02-19T00:00:00Z,10584.585583686314
1606,2024-02-20T00:00:00Z,10584.585583686314
1607,2024-02-21T00:00:00Z,10584.585583686314
1608,2024-02-22T00:00:00Z,10585.184114952086
1609,2024-02-23T00:00:00Z,10582.33884545235
1610,2024-02-25T00:00:00Z,10582.33884545235
1611,2024-02-26T00:00:00Z,10582.33884545235
1612,2024-02-27T00:00:00Z,10582.33884545235
1613,2024-02-28T00:00:00Z,10582.33884545235
1614,2024-02-29T00:00:00Z,10582.33884545235
1615,2024-03-01T00:00:00Z,10582.33884545235
1616,2024-03-03T00:00:00Z,10582.33884545235
1617,2024-03-04T00:00:00Z,10582.33884545235
1618,2024-03-05T00:00:00Z,10582.33884545235
1619,2024-03-06T00:00:00Z,10582.33884545235
1620,2024-03-07T00:00:00Z,10582.33884545235
1621,2024-03-08T00:00:00Z,10582.33884545235
1622,2024-03-10T00:00:00Z,10582.33884545235
1623,2024-03-11T00:00:00Z,10582.33884545235
1624,2024-03-12T00:00:00Z,10582.33884545235
1625,2024-03-13T00:00:00Z,10582.33884545235
1626,2024-03-14T00:00:00Z,10582.33884545235
1627,2024-03-15T00:00:00Z,10582.33884545235
1628,2024-03-17T00:00:00Z,10582.842861318633
1629,2024-03-18T00:00:00Z,10579.97897955575
1630,2024-03-19T00:00:00Z,10570.914212680365
1631,2024-03-20T00:00:00Z,10567.756767654035
1632,2024-03-21T00:00:00Z,10567.756767654035
1633,2024-03-22T00:00:00Z,10567.756767654035
1634,2024-03-24T00:00:00Z,10567.756767654035
1635,2024-03-25T00:00:00Z,10567.756767654035
1636,2024-03-26T00:00:00Z,10567.756767654035
1637,2024-03-27T00:00:00Z,10567.756767654035
1638,2024-03-28T00:00:00Z,10567.756767654035
1639,2024-03-29T00:00:00Z,10567.756767654035
1640,2024-03-31T00:00:00Z,10567.756767654035
1641,2024-04-01T00:00:00Z,10567.756767654035
1642,2024-04-02T00:00:00Z,10567.756767654035
1643,2024-04-03T00:00:00Z,10567.756767654035
1644,2024-04-04T00:00:00Z,10567.756767654035
1645,2024-04-05T00:00:00Z,10571.093607037255
1646,2024-04-07T00:00:00Z,10587.595099493325
1647,2024-04-08T00:00:00Z,10587.595099493325
1648,2024-04-09T00:00:00Z,10587.595099493325
1649,2024-04-10T00:00:00Z,10587.595099493325
1650,2024-04-11T00:00:00Z,10587.595099493325
1651,2024-04-12T00:00:00Z,10587.595099493325
1652,2024-04-14T00:00:00Z,10587.595099493325
1653,2024-04-15T00:00:00Z,10587.595099493325
1654,2024-04-16T00:00:00Z,10591.631492922304
1655,2024-04-17T00:00:00Z,10588.531423209133
1656,2024-04-18T00:00:00Z,10589.729916244572
1657,2024-04-19T00:00:00Z,10586.600768689626
1658,2024-04-21T00:00:00Z,10584.893918974692
1659,2024-04-22T00:00:00Z,10582.488873011402
1660,2024-04-23T00:00:00Z,10582.488873011402
1661,2024-04-24T00:00:00Z,10582.488873011402
1662,2024-04-25T00:00:00Z,10582.488873011402
1663,2024-04-26T00:00:00Z,10582.488873011402
1664,2024-04-28T00:00:00Z,10582.488873011402
1665,2024-04-29T00:00:00Z,10591.829222478824
1666,2024-04-30T00:00:00Z,10589.182425707735
1667,2024-05-01T00:00:00Z,10589.182425707735
1668,2024-05-02T00:00:00Z,10589.182425707735
1669,2024-05-03T00:00:00Z,10589.182425707735
1670,2024-05-05T00:00:00Z,10589.182425707735
1671,2024-05-06T00:00:00Z,10589.182425707735
1672,2024-05-07T00:00:00Z,10589.182425707735
1673,2024-05-08T00:00:00Z,10589.182425707735
1674,2024-05-09T00:00:00Z,10589.182425707735
1675,2024-05-10T00:00:00Z,10589.182425707735
1676,2024-05-12T00:00:00Z,10589.182425707735
1677,2024-05-13T00:00:00Z,10589.182425707735
1678,2024-05-14T00:00:00Z,10589.182425707735
1679,2024-05-15T00:00:00Z,10589.182425707735
1680,2024-05-16T00:00:00Z,10589.182425707735
1681,2024-05-17T00:00:00Z,10589.182425707735
1682,2024-05-19T00:00:00Z,10589.182425707735
1683,2024-05-20T00:00:00Z,10589.182425707735
1684,2024-05-21T00:00:00Z,10589.182425707735
1685,2024-05-22T00:00:00Z,10589.182425707735
1686,2024-05-23T00:00:00Z,10589.182425707735
1687,2024-05-24T00:00:00Z,10589.182425707735
1688,2024-05-26T00:00:00Z,10589.182425707735
1689,2024-05-27T00:00:00Z,10589.182425707735
1690,2024-05-28T00:00:00Z,10589.182425707735
1691,2024-05-29T00:00:00Z,10589.182425707735
1692,2024-05-30T00:00:00Z,10589.182425707735
1693,2024-05-31T00:00:00Z,10589.182425707735
1694,2024-06-02T00:00:00Z,10589.182425707735
1695,2024-06-03T00:00:00Z,10589.182425707735
1696,2024-06-04T00:00:00Z,10589.182425707735
1697,2024-06-05T00:00:00Z,10589.182425707735
1698,2024-06-06T00:00:00Z,10589.182425707735
1699,2024-06-07T00:00:00Z,10589.182425707735
1700,2024-06-09T00:00:00Z,10589.182425707735
1701,2024-06-10T00:00:00Z,10589.182425707735
1702,2024-06-11T00:00:00Z,10589.182425707735
1703,2024-06-12T00:00:00Z,10589.182425707735
1704,2024-06-13T00:00:00Z,10589.182425707735
1705,2024-06-14T00:00:00Z,10589.182425707735
1706,2024-06-16T00:00:00Z,10589.182425707735
1707,2024-06-17T00:00:00Z,10589.182425707735
1708,2024-06-18T00:00:00Z,10589.182425707735
1709,2024-06-19T00:00:00Z,10589.182425707735
1710,2024-06-20T00:00:00Z,10589.182425707735
1711,2024-06-21T00:00:00Z,10589.182425707735
1712,2024-06-23T00:00:00Z,10589.182425707735
1713,2024-06-24T00:00:00Z,10589.182425707735
1714,2024-06-25T00:00:00Z,10589.182425707735
1715,2024-06-26T00:00:00Z,10589.182425707735
1716,2024-06-27T00:00:00Z,10589.182425707735
1717,2024-06-28T00:00:00Z,10589.182425707735
1718,2024-06-30T00:00:00Z,10589.182425707735
1719,2024-07-01T00:00:00Z,10589.182425707735
1720,2024-07-02T00:00:00Z,10589.182425707735
1721,2024-07-03T00:00:00Z,10589.182425707735
1722,2024-07-04T00:00:00Z,10589.182425707735
1723,2024-07-05T00:00:00Z,10589.182425707735
1724,2024-07-07T00:00:00Z,10589.182425707735
1725,2024-07-08T00:00:00Z,10589.182425707735
1726,2024-07-09T00:00:00Z,10589.182425707735
1727,2024-07-10T00:00:00Z,10589.182425707735
1728,2024-07-11T00:00:00Z,10589.182425707735
1729,2024-07-12T00:00:00Z,10589.182425707735
1730,2024-07-14T00:00:00Z,10589.182425707735
1731,2024-07-15T00:00:00Z,10589.182425707735
1732,2024-07-16T00:00:00Z,10589.182425707735
1733,2024-07-17T00:00:00Z,10589.182425707735
1734,2024-07-18T00:00:00Z,10589.182425707735
1735,2024-07-19T00:00:00Z,10589.182425707735
1736,2024-07-21T00:00:00Z,10589.182425707735
1737,2024-07-22T00:00:00Z,10589.182425707735
1738,2024-07-23T00:00:00Z,10589.182425707735
1739,2024-07-24T00:00:00Z,10589.182425707735
1740,2024-07-25T00:00:00Z,10589.182425707735
1741,2024-07-26T00:00:00Z,10589.182425707735
1742,2024-07-28T00:00:00Z,10589.182425707735
1743,2024-07-29T00:00:00Z,10589.182425707735
1744,2024-07-30T00:00:00Z,10589.182425707735
1745,2024-07-31T00:00:00Z,10589.182425707735
1746,2024-08-01T00:00:00Z,10589.182425707735
1747,2024-08-02T00:00:00Z,10589.182425707735
1748,2024-08-04T00:00:00Z,10589.182425707735
1749,2024-08-05T00:00:00Z,10589.182425707735
1750,2024-08-06T00:00:00Z,10589.182425707735
1751,2024-08-07T00:00:00Z,10589.182425707735
1752,2024-08-08T00:00:00Z,10589.182425707735
1753,2024-08-09T00:00:00Z,10589.182425707735
1754,2024-08-11T00:00:00Z,10589.182425707735
1755,2024-08-12T00:00:00Z,10589.182425707735
1756,2024-08-13T00:00:00Z,10589.182425707735
1757,2024-08-14T00:00:00Z,10589.182425707735
1758,2024-08-15T00:00:00Z,10589.182425707735
1759,2024-08-16T00:00:00Z,10589.182425707735
1760,2024-08-18T00:00:00Z,10589.182425707735
1761,2024-08-19T00:00:00Z,10589.182425707735
1762,2024-08-20T00:00:00Z,10589.182425707735
1763,2024-08-21T00:00:00Z,10589.182425707735
1764,2024-08-22T00:00:00Z,10589.182425707735
1765,2024-08-23T00:00:00Z,10589.182425707735
1766,2024-08-25T00:00:00Z,10589.182425707735
1767,2024-08-26T00:00:00Z,10589.182425707735
1768,2024-08-27T00:00:00Z,10589.182425707735
1769,2024-08-28T00:00:00Z,10589.182425707735
1770,2024-08-29T00:00:00Z,10589.182425707735
1771,2024-08-30T00:00:00Z,10589.182425707735
1772,2024-09-01T00:00:00Z,10589.182425707735
1773,2024-09-02T00:00:00Z,10589.182425707735
1774,2024-09-03T00:00:00Z,10589.182425707735
1775,2024-09-04T00:00:00Z,10589.182425707735
1776,2024-09-05T00:00:00Z,10589.182425707735
1777,2024-09-06T00:00:00Z,10589.182425707735
1778,2024-09-08T00:00:00Z,10589.182425707735
1779,2024-09-09T00:00:00Z,10589.182425707735
1780,2024-09-10T00:00:00Z,10589.182425707735
1781,2024-09-11T00:00:00Z,10589.182425707735
1782,2024-09-12T00:00:00Z,10589.182425707735
1783,2024-09-13T00:00:00Z,10589.182425707735
1784,2024-09-15T00:00:00Z,10589.182425707735
1785,2024-09-16T00:00:00Z,10589.182425707735
1786,2024-09-17T00:00:00Z,10589.182425707735
1787,2024-09-18T00:00:00Z,10589.182425707735
1788,2024-09-19T00:00:00Z,10589.182425707735
1789,2024-09-20T00:00:00Z,10589.182425707735
1790,2024-09-22T00:00:00Z,10589.182425707735
1791,2024-09-23T00:00:00Z,10589.182425707735
1792,2024-09-24T00:00:00Z,10589.182425707735
1793,2024-09-25T00:00:00Z,10589.182425707735
1794,2024-09-26T00:00:00Z,10589.182425707735
1795,2024-09-27T00:00:00Z,10589.182425707735
1796,2024-09-29T00:00:00Z,10589.182425707735
1797,2024-09-30T00:00:00Z,10589.182425707735
1798,2024-10-01T00:00:00Z,10589.182425707735
1799,2024-10-02T00:00:00Z,10589.182425707735
1800,2024-10-03T00:00:00Z,10589.182425707735
1801,2024-10-04T00:00:00Z,10589.182425707735
1802,2024-10-06T00:00:00Z,10589.182425707735
1803,2024-10-07T00:00:00Z,10589.182425707735
1804,2024-10-08T00:00:00Z,10589.182425707735
1805,2024-10-09T00:00:00Z,10589.182425707735
1806,2024-10-10T00:00:00Z,10589.182425707735
1807,2024-10-11T00:00:00Z,10589.182425707735
1808,2024-10-13T00:00:00Z,10589.182425707735
1809,2024-10-14T00:00:00Z,10589.182425707735
1810,2024-10-15T00:00:00Z,10589.182425707735
1811,2024-10-16T00:00:00Z,10589.182425707735
1812,2024-10-17T00:00:00Z,10589.182425707735
1813,2024-10-18T00:00:00Z,10589.182425707735
1814,2024-10-20T00:00:00Z,10589.182425707735
1815,2024-10-21T00:00:00Z,10589.182425707735
1816,2024-10-22T00:00:00Z,10589.182425707735
1817,2024-10-23T00:00:00Z,10589.182425707735
1818,2024-10-24T00:00:00Z,10589.182425707735
1819,2024-10-25T00:00:00Z,10589.182425707735
1820,2024-10-27T00:00:00Z,10589.182425707735
1821,2024-10-28T00:00:00Z,10589.182425707735
1822,2024-10-29T00:00:00Z,10589.182425707735
1823,2024-10-30T00:00:00Z,10589.182425707735
1824,2024-10-31T00:00:00Z,10589.182425707735
1825,2024-11-01T00:00:00Z,10589.182425707735
1826,2024-11-03T00:00:00Z,10589.182425707735
1827,2024-11-04T00:00:00Z,10589.182425707735
1828,2024-11-05T00:00:00Z,10589.182425707735
1829,2024-11-06T00:00:00Z,10589.182425707735
1830,2024-11-07T00:00:00Z,10589.182425707735
1831,2024-11-08T00:00:00Z,10589.182425707735
1832,2024-11-10T00:00:00Z,10589.182425707735
1833,2024-11-11T00:00:00Z,10589.182425707735
1834,2024-11-12T00:00:00Z,10589.182425707735
1835,2024-11-13T00:00:00Z,10589.182425707735
1836,2024-11-14T00:00:00Z,10589.182425707735
1837,2024-11-15T00:00:00Z,10589.182425707735
1838,2024-11-17T00:00:00Z,10589.182425707735
1839,2024-11-18T00:00:00Z,10589.182425707735
1840,2024-11-19T00:00:00Z,10589.182425707735
1841,2024-11-20T00:00:00Z,10589.182425707735
1842,2024-11-21T00:00:00Z,10589.182425707735
1843,2024-11-22T00:00:00Z,10589.182425707735
1844,2024-11-24T00:00:00Z,10589.182425707735
1845,2024-11-25T00:00:00Z,10589.182425707735
1846,2024-11-26T00:00:00Z,10589.182425707735
1847,2024-11-27T00:00:00Z,10589.182425707735
1848,2024-11-28T00:00:00Z,10589.182425707735
1849,2024-11-29T00:00:00Z,10589.182425707735
1850,2024-12-01T00:00:00Z,10589.182425707735
1851,2024-12-02T00:00:00Z,10589.182425707735
1852,2024-12-03T00:00:00Z,10589.182425707735
1853,2024-12-04T00:00:00Z,10589.182425707735
1854,2024-12-05T00:00:00Z,10589.182425707735
1855,2024-12-06T00:00:00Z,10589.182425707735
1856,2024-12-08T00:00:00Z,10589.182425707735
1857,2024-12-09T00:00:00Z,10589.182425707735
1858,2024-12-10T00:00:00Z,10589.182425707735
1859,2024-12-11T00:00:00Z,10589.182425707735
1860,2024-12-12T00:00:00Z,10589.182425707735
1861,2024-12-13T00:00:00Z,10589.182425707735
1862,2024-12-15T00:00:00Z,10589.182425707735
1863,2024-12-16T00:00:00Z,10589.182425707735
1864,2024-12-17T00:00:00Z,10589.182425707735
1865,2024-12-18T00:00:00Z,10589.182425707735
1866,2024-12-19T00:00:00Z,10589.182425707735
1867,2024-12-20T00:00:00Z,10589.182425707735
1868,2024-12-22T00:00:00Z,10589.182425707735
1869,2024-12-23T00:00:00Z,10589.182425707735
1870,2024-12-24T00:00:00Z,10589.182425707735
1871,2024-12-25T00:00:00Z,10589.182425707735
1872,2024-12-26T00:00:00Z,10589.182425707735
1873,2024-12-27T00:00:00Z,10589.182425707735
1874,2024-12-29T00:00:00Z,10589.182425707735
1875,2024-12-30T00:00:00Z,10589.182425707735
1876,2024-12-31T00:00:00Z,10589.182425707735
1877,2025-01-01T00:00:00Z,10589.182425707735
1878,2025-01-02T00:00:00Z,10589.182425707735
1879,2025-01-03T00:00:00Z,10589.182425707735
1880,2025-01-05T00:00:00Z,10589.182425707735
1881,2025-01-06T00:00:00Z,10589.182425707735
1882,2025-01-07T00:00:00Z,10589.182425707735
1883,2025-01-08T00:00:00Z,10589.182425707735
1884,2025-01-09T00:00:00Z,10589.182425707735
1885,2025-01-10T00:00:00Z,10589.182425707735
1886,2025-01-12T00:00:00Z,10589.182425707735
1887,2025-01-13T00:00:00Z,10589.182425707735
1888,2025-01-14T00:00:00Z,10589.182425707735
1889,2025-01-15T00:00:00Z,10589.182425707735
1890,2025-01-16T00:00:00Z,10589.182425707735
1891,2025-01-17T00:00:00Z,10589.182425707735
1892,2025-01-19T00:00:00Z,10589.182425707735
1893,2025-01-20T00:00:00Z,10589.182425707735
1894,2025-01-21T00:00:00Z,10589.182425707735
1895,2025-01-22T00:00:00Z,10589.182425707735
1896,2025-01-23T00:00:00Z,10589.182425707735
1897,2025-01-24T00:00:00Z,10589.182425707735
1898,2025-01-26T00:00:00Z,10589.182425707735
1899,2025-01-27T00:00:00Z,10589.182425707735
1900,2025-01-28T00:00:00Z,10589.182425707735
1901,2025-01-29T00:00:00Z,10589.182425707735
1902,2025-01-30T00:00:00Z,10589.182425707735
1903,2025-01-31T00:00:00Z,10589.182425707735
1904,2025-02-02T00:00:00Z,10589.182425707735
1905,2025-02-03T00:00:00Z,10589.182425707735
1906,2025-02-04T00:00:00Z,10589.182425707735
1907,2025-02-05T00:00:00Z,10589.182425707735
1908,2025-02-06T00:00:00Z,10589.182425707735
1909,2025-02-07T00:00:00Z,10589.182425707735
1910,2025-02-09T00:00:00Z,10589.182425707735
1911,2025-02-10T00:00:00Z,10589.182425707735
1912,2025-02-11T00:00:00Z,10589.182425707735
1913,2025-02-12T00:00:00Z,10589.182425707735
1914,2025-02-13T00:00:00Z,10589.182425707735
1915,2025-02-14T00:00:00Z,10589.182425707735
1916,2025-02-16T00:00:00Z,10589.182425707735
1917,2025-02-17T00:00:00Z,10589.182425707735
1918,2025-02-18T00:00:00Z,10589.182425707735
1919,2025-02-19T00:00:00Z,10589.182425707735
1920,2025-02-20T00:00:00Z,10589.182425707735
1921,2025-02-21T00:00:00Z,10589.182425707735
1922,2025-02-23T00:00:00Z,10589.182425707735
1923,2025-02-24T00:00:00Z,10589.182425707735
1924,2025-02-25T00:00:00Z,10589.182425707735
1925,2025-02-26T00:00:00Z,10589.182425707735
1926,2025-02-27T00:00:00Z,10589.182425707735
1927,2025-02-28T00:00:00Z,10589.182425707735
1928,2025-03-02T00:00:00Z,10589.182425707735
1929,2025-03-03T00:00:00Z,10589.182425707735
1930,2025-03-04T00:00:00Z,10589.182425707735
1931,2025-03-05T00:00:00Z,10589.182425707735
1932,2025-03-06T00:00:00Z,10589.182425707735
1933,2025-03-07T00:00:00Z,10589.182425707735
1934,2025-03-09T00:00:00Z,10589.182425707735
1935,2025-03-10T00:00:00Z,10589.182425707735
1936,2025-03-11T00:00:00Z,10589.182425707735
1937,2025-03-12T00:00:00Z,10589.182425707735
1938,2025-03-13T00:00:00Z,10589.182425707735
1939,2025-03-14T00:00:00Z,10589.182425707735
1940,2025-03-16T00:00:00Z,10589.182425707735
1941,2025-03-17T00:00:00Z,10589.182425707735
1942,2025-03-18T00:00:00Z,10589.182425707735
1943,2025-03-19T00:00:00Z,10589.182425707735
1944,2025-03-20T00:00:00Z,10589.182425707735
1945,2025-03-21T00:00:00Z,10589.182425707735
1946,2025-03-23T00:00:00Z,10589.182425707735
1947,2025-03-24T00:00:00Z,10589.182425707735
1948,2025-03-25T00:00:00Z,10589.182425707735
1949,2025-03-26T00:00:00Z,10589.182425707735
1950,2025-03-27T00:00:00Z,10589.182425707735
1951,2025-03-28T00:00:00Z,10589.182425707735
1952,2025-03-30T00:00:00Z,10589.182425707735
1953,2025-03-31T00:00:00Z,10589.182425707735
1954,2025-04-01T00:00:00Z,10589.182425707735
1955,2025-04-02T00:00:00Z,10589.182425707735
1956,2025-04-03T00:00:00Z,10589.182425707735
1957,2025-04-04T00:00:00Z,10589.182425707735
1958,2025-04-06T00:00:00Z,10589.182425707735
1959,2025-04-07T00:00:00Z,10589.182425707735
1960,2025-04-08T00:00:00Z,10589.182425707735
1961,2025-04-09T00:00:00Z,10589.182425707735
1962,2025-04-10T00:00:00Z,10589.182425707735
1963,2025-04-11T00:00:00Z,10589.182425707735
1964,2025-04-13T00:00:00Z,10589.182425707735
1965,2025-04-14T00:00:00Z,10589.182425707735
1966,2025-04-15T00:00:00Z,10589.182425707735
1967,2025-04-16T00:00:00Z,10589.182425707735
1968,2025-04-17T00:00:00Z,10589.182425707735
1969,2025-04-18T00:00:00Z,10589.182425707735
1970,2025-04-20T00:00:00Z,10589.182425707735
1971,2025-04-21T00:00:00Z,10589.182425707735
1972,2025-04-22T00:00:00Z,10589.182425707735
1973,2025-04-23T00:00:00Z,10589.182425707735
1974,2025-04-24T00:00:00Z,10589.182425707735
1975,2025-04-25T00:00:00Z,10589.182425707735
1976,2025-04-27T00:00:00Z,10589.182425707735
1977,2025-04-28T00:00:00Z,10589.182425707735
1978,2025-04-29T00:00:00Z,10589.182425707735
1979,2025-04-30T00:00:00Z,10589.182425707735
1980,2025-05-01T00:00:00Z,10589.182425707735
1981,2025-05-02T00:00:00Z,10589.182425707735
1982,2025-05-04T00:00:00Z,10589.182425707735
1983,2025-05-05T00:00:00Z,10589.182425707735
1984,2025-05-06T00:00:00Z,10589.182425707735
1985,2025-05-07T00:00:00Z,10589.182425707735
1986,2025-05-08T00:00:00Z,10589.182425707735
1987,2025-05-09T00:00:00Z,10589.182425707735
1988,2025-05-11T00:00:00Z,10589.182425707735
1989,2025-05-12T00:00:00Z,10589.182425707735
1990,2025-05-13T00:00:00Z,10589.182425707735
1991,2025-05-14T00:00:00Z,10589.182425707735
1992,2025-05-15T00:00:00Z,10589.182425707735
1993,2025-05-16T00:00:00Z,10589.182425707735
1994,2025-05-18T00:00:00Z,10589.182425707735
1995,2025-05-19T00:00:00Z,10589.182425707735
1996,2025-05-20T00:00:00Z,10589.182425707735
1997,2025-05-21T00:00:00Z,10589.182425707735
1998,2025-05-22T00:00:00Z,10589.182425707735
1999,2025-05-23T00:00:00Z,10589.182425707735
2000,2025-05-25T00:00:00Z,10589.182425707735
2001,2025-05-26T00:00:00Z,10589.182425707735
2002,2025-05-27T00:00:00Z,10589.182425707735
2003,2025-05-28T00:00:00Z,10589.182425707735
2004,2025-05-29T00:00:00Z,10589.182425707735
2005,2025-05-30T00:00:00Z,10589.182425707735
2006,2025-06-01T00:00:00Z,10589.182425707735
2007,2025-06-02T00:00:00Z,10589.182425707735
2008,2025-06-03T00:00:00Z,10589.182425707735
2009,2025-06-04T00:00:00Z,10589.182425707735
2010,2025-06-05T00:00:00Z,10589.182425707735
2011,2025-06-06T00:00:00Z,10589.182425707735
2012,2025-06-08T00:00:00Z,10589.182425707735
2013,2025-06-09T00:00:00Z,10589.182425707735
2014,2025-06-10T00:00:00Z,10589.182425707735
2015,2025-06-11T00:00:00Z,10589.182425707735
2016,2025-06-12T00:00:00Z,10589.182425707735
2017,2025-06-13T00:00:00Z,10589.182425707735
2018,2025-06-15T00:00:00Z,10589.182425707735
2019,2025-06-16T00:00:00Z,10589.182425707735
2020,2025-06-17T00:00:00Z,10589.182425707735
2021,2025-06-18T00:00:00Z,10589.182425707735
2022,2025-06-19T00:00:00Z,10589.182425707735
2023,2025-06-20T00:00:00Z,10589.182425707735
2024,2025-06-22T00:00:00Z,10589.182425707735
2025,2025-06-23T00:00:00Z,10589.182425707735
2026,2025-06-24T00:00:00Z,10589.182425707735
2027,2025-06-25T00:00:00Z,10589.182425707735
2028,2025-06-26T00:00:00Z,10589.182425707735
2029,2025-06-27T00:00:00Z,10589.182425707735
2030,2025-06-29T00:00:00Z,10589.182425707735
2031,2025-06-30T00:00:00Z,10589.182425707735
2032,2025-07-01T00:00:00Z,10589.182425707735
2033,2025-07-02T00:00:00Z,10589.182425707735
2034,2025-07-03T00:00:00Z,10589.182425707735
2035,2025-07-04T00:00:00Z,10589.182425707735
2036,2025-07-06T00:00:00Z,10589.182425707735
2037,2025-07-07T00:00:00Z,10589.182425707735
2038,2025-07-08T00:00:00Z,10589.182425707735
2039,2025-07-09T00:00:00Z,10589.182425707735
2040,2025-07-10T00:00:00Z,10589.182425707735
2041,2025-07-11T00:00:00Z,10589.182425707735
2042,2025-07-13T00:00:00Z,10589.182425707735
2043,2025-07-14T00:00:00Z,10589.182425707735
2044,2025-07-15T00:00:00Z,10589.182425707735
2045,2025-07-16T00:00:00Z,10589.182425707735
2046,2025-07-17T00:00:00Z,10589.182425707735
2047,2025-07-18T00:00:00Z,10589.182425707735
2048,2025-07-20T00:00:00Z,10589.182425707735
2049,2025-07-21T00:00:00Z,10589.182425707735
2050,2025-07-22T00:00:00Z,10589.182425707735
2051,2025-07-23T00:00:00Z,10589.182425707735
2052,2025-07-24T00:00:00Z,10589.182425707735
2053,2025-07-25T00:00:00Z,10589.182425707735
2054,2025-07-27T00:00:00Z,10589.182425707735
2055,2025-07-28T00:00:00Z,10589.182425707735
2056,2025-07-29T00:00:00Z,10589.182425707735
2057,2025-07-30T00:00:00Z,10589.182425707735
2058,2025-07-31T00:00:00Z,10589.182425707735
2059,2025-08-01T00:00:00Z,10589.182425707735
2060,2025-08-03T00:00:00Z,10589.182425707735
2061,2025-08-04T00:00:00Z,10589.182425707735
2062,2025-08-05T00:00:00Z,10589.182425707735
2063,2025-08-06T00:00:00Z,10589.182425707735
2064,2025-08-07T00:00:00Z,10589.182425707735
2065,2025-08-08T00:00:00Z,10589.182425707735
2066,2025-08-10T00:00:00Z,10589.182425707735
2067,2025-08-11T00:00:00Z,10589.182425707735
2068,2025-08-12T00:00:00Z,10589.182425707735
2069,2025-08-13T00:00:00Z,10589.182425707735
2070,2025-08-14T00:00:00Z,10589.182425707735
2071,2025-08-15T00:00:00Z,10589.182425707735
2072,2025-08-17T00:00:00Z,10589.182425707735
2073,2025-08-18T00:00:00Z,10589.182425707735
2074,2025-08-19T00:00:00Z,10589.182425707735
2075,2025-08-20T00:00:00Z,10589.182425707735
2076,2025-08-21T00:00:00Z,10589.182425707735
2077,2025-08-22T00:00:00Z,10589.182425707735
2078,2025-08-24T00:00:00Z,10589.182425707735
2079,2025-08-25T00:00:00Z,10589.182425707735
2080,2025-08-26T00:00:00Z,10589.182425707735
2081,2025-08-27T00:00:00Z,10589.182425707735
2082,2025-08-28T00:00:00Z,10589.182425707735
2083,2025-08-29T00:00:00Z,10589.182425707735
2084,2025-08-31T00:00:00Z,10589.182425707735
2085,2025-09-01T00:00:00Z,10589.182425707735
2086,2025-09-02T00:00:00Z,10589.182425707735
2087,2025-09-03T00:00:00Z,10589.182425707735
2088,2025-09-04T00:00:00Z,10589.182425707735
2089,2025-09-05T00:00:00Z,10589.182425707735
2090,2025-09-07T00:00:00Z,10589.182425707735
2091,2025-09-08T00:00:00Z,10589.182425707735
2092,2025-09-09T00:00:00Z,10589.182425707735
2093,2025-09-10T00:00:00Z,10589.182425707735
2094,2025-09-11T00:00:00Z,10589.182425707735
2095,2025-09-12T00:00:00Z,10589.182425707735
2096,2025-09-14T00:00:00Z,10589.182425707735
2097,2025-09-15T00:00:00Z,10589.182425707735
2098,2025-09-16T00:00:00Z,10589.182425707735
2099,2025-09-17T00:00:00Z,10589.182425707735
2100,2025-09-18T00:00:00Z,10589.182425707735
2101,2025-09-19T00:00:00Z,10589.182425707735
2102,2025-09-21T00:00:00Z,10589.182425707735
2103,2025-09-22T00:00:00Z,10589.182425707735
2104,2025-09-23T00:00:00Z,10589.182425707735
2105,2025-09-24T00:00:00Z,10589.182425707735
2106,2025-09-25T00:00:00Z,10589.182425707735
2107,2025-09-26T00:00:00Z,10589.182425707735
2108,2025-09-28T00:00:00Z,10589.182425707735
2109,2025-09-29T00:00:00Z,10589.182425707735
2110,2025-09-30T00:00:00Z,10589.182425707735
2111,2025-10-01T00:00:00Z,10589.182425707735
2112,2025-10-02T00:00:00Z,10589.182425707735
2113,2025-10-03T00:00:00Z,10589.182425707735
2114,2025-10-05T00:00:00Z,10589.182425707735
2115,2025-10-06T00:00:00Z,10589.182425707735
2116,2025-10-07T00:00:00Z,10589.182425707735
2117,2025-10-08T00:00:00Z,10589.182425707735
2118,2025-10-09T00:00:00Z,10589.182425707735
2119,2025-10-10T00:00:00Z,10589.182425707735
2120,2025-10-12T00:00:00Z,10589.182425707735
2121,2025-10-13T00:00:00Z,10589.182425707735
2122,2025-10-14T00:00:00Z,10589.182425707735
2123,2025-10-15T00:00:00Z,10589.182425707735
2124,2025-10-16T00:00:00Z,10589.182425707735
2125,2025-10-17T00:00:00Z,10589.182425707735
2126,2025-10-19T00:00:00Z,10589.182425707735
2127,2025-10-20T00:00:00Z,10589.182425707735
2128,2025-10-21T00:00:00Z,10589.182425707735
2129,2025-10-22T00:00:00Z,10589.182425707735
2130,2025-10-23T00:00:00Z,10589.182425707735
2131,2025-10-24T00:00:00Z,10589.182425707735
2132,2025-10-26T00:00:00Z,10589.182425707735
2133,2025-10-27T00:00:00Z,10589.182425707735
2134,2025-10-28T00:00:00Z,10589.182425707735
2135,2025-10-29T00:00:00Z,10589.182425707735
2136,2025-10-30T00:00:00Z,10589.182425707735
2137,2025-10-31T00:00:00Z,10589.182425707735
2138,2025-11-02T00:00:00Z,10589.182425707735
2139,2025-11-03T00:00:00Z,10589.182425707735
2140,2025-11-04T00:00:00Z,10589.182425707735
2141,2025-11-05T00:00:00Z,10589.182425707735
2142,2025-11-06T00:00:00Z,10589.182425707735
2143,2025-11-07T00:00:00Z,10589.182425707735
2144,2025-11-09T00:00:00Z,10589.182425707735
2145,2025-11-10T00:00:00Z,10589.182425707735
2146,2025-11-11T00:00:00Z,10589.182425707735
2147,2025-11-12T00:00:00Z,10589.182425707735
2148,2025-11-13T00:00:00Z,10589.182425707735
2149,2025-11-14T00:00:00Z,10589.182425707735
2150,2025-11-16T00:00:00Z,10589.182425707735
2151,2025-11-17T00:00:00Z,10589.182425707735
2152,2025-11-18T00:00:00Z,10589.182425707735
2153,2025-11-19T00:00:00Z,10589.182425707735
2154,2025-11-20T00:00:00Z,10589.182425707735
2155,2025-11-21T00:00:00Z,10589.182425707735
2156,2025-11-23T00:00:00Z,10589.182425707735
2157,2025-11-24T00:00:00Z,10589.182425707735
2158,2025-11-25T00:00:00Z,10589.182425707735
2159,2025-11-26T00:00:00Z,10589.182425707735
2160,2025-11-27T00:00:00Z,10589.182425707735
2161,2025-11-28T00:00:00Z,10589.182425707735
2162,2025-11-30T00:00:00Z,10589.182425707735
2163,2025-12-01T00:00:00Z,10589.182425707735
2164,2025-12-02T00:00:00Z,10589.182425707735
2165,2025-12-03T00:00:00Z,10589.182425707735
2166,2025-12-04T00:00:00Z,10589.182425707735
2167,2025-12-05T00:00:00Z,10589.182425707735
2168,2025-12-07T00:00:00Z,10589.182425707735
2169,2025-12-08T00:00:00Z,10589.182425707735
2170,2025-12-09T00:00:00Z,10589.182425707735
2171,2025-12-10T00:00:00Z,10589.182425707735
2172,2025-12-11T00:00:00Z,10589.182425707735
2173,2025-12-12T00:00:00Z,10589.182425707735
2174,2025-12-14T00:00:00Z,10589.182425707735
2175,2025-12-15T00:00:00Z,10589.182425707735
2176,2025-12-16T00:00:00Z,10589.182425707735
2177,2025-12-17T00:00:00Z,10589.182425707735
2178,2025-12-18T00:00:00Z,10589.182425707735
2179,2025-12-19T00:00:00Z,10589.182425707735
2180,2025-12-21T00:00:00Z,10589.182425707735
2181,2025-12-22T00:00:00Z,10589.182425707735
2182,2025-12-23T00:00:00Z,10589.182425707735
2183,2025-12-24T00:00:00Z,10589.182425707735
2184,2025-12-25T00:00:00Z,10589.182425707735
2185,2025-12-26T00:00:00Z,10589.182425707735
2186,2025-12-28T00:00:00Z,10589.182425707735
2187,2025-12-29T00:00:00Z,10589.182425707735
2188,2025-12-30T00:00:00Z,10589.182425707735
2189,2025-12-31T00:00:00Z,10589.182425707735
2190,2026-01-01T00:00:00Z,10589.182425707735
2191,2026-01-02T00:00:00Z,10589.182425707735
2192,2026-01-04T00:00:00Z,10589.182425707735
2193,2026-01-05T00:00:00Z,10589.182425707735
2194,2026-01-06T00:00:00Z,10589.182425707735
2195,2026-01-07T00:00:00Z,10589.182425707735
2196,2026-01-08T00:00:00Z,10589.182425707735
2197,2026-01-09T00:00:00Z,10589.182425707735
2198,2026-01-11T00:00:00Z,10589.182425707735
2199,2026-01-12T00:00:00Z,10589.182425707735
2200,2026-01-13T00:00:00Z,10589.182425707735
2201,2026-01-14T00:00:00Z,10589.182425707735
2202,2026-01-15T00:00:00Z,10589.182425707735
2203,2026-01-16T00:00:00Z,10589.182425707735
2204,2026-01-18T00:00:00Z,10589.182425707735
2205,2026-01-19T00:00:00Z,10589.182425707735
2206,2026-01-20T00:00:00Z,10589.182425707735
2207,2026-01-21T00:00:00Z,10589.182425707735
2208,2026-01-22T00:00:00Z,10589.182425707735
2209,2026-01-23T00:00:00Z,10589.182425707735
2210,2026-01-25T00:00:00Z,10589.182425707735
2211,2026-01-26T00:00:00Z,10589.182425707735
2212,2026-01-27T00:00:00Z,10589.182425707735
2213,2026-01-28T00:00:00Z,10589.182425707735
2214,2026-01-29T00:00:00Z,10589.182425707735
2215,2026-01-30T00:00:00Z,10589.182425707735
2216,2026-02-01T00:00:00Z,10589.182425707735
2217,2026-02-02T00:00:00Z,10589.182425707735
2218,2026-02-03T00:00:00Z,10589.182425707735
2219,2026-02-04T00:00:00Z,10589.182425707735
2220,2026-02-05T00:00:00Z,10589.182425707735
2221,2026-02-06T00:00:00Z,10589.182425707735
2222,2026-02-08T00:00:00Z,10589.182425707735
2223,2026-02-09T00:00:00Z,10589.182425707735
2224,2026-02-10T00:00:00Z,10589.182425707735
2225,2026-02-11T00:00:00Z,10589.182425707735
2226,2026-02-12T00:00:00Z,10589.182425707735
2227,2026-02-13T00:00:00Z,10589.182425707735
2228,2026-02-15T00:00:00Z,10589.182425707735
2229,2026-02-16T00:00:00Z,10589.182425707735
2230,2026-02-17T00:00:00Z,10589.182425707735
2231,2026-02-18T00:00:00Z,10589.182425707735
2232,2026-02-19T00:00:00Z,10589.182425707735
2233,2026-02-20T00:00:00Z,10589.182425707735
2234,2026-02-22T00:00:00Z,10589.182425707735
2235,2026-02-23T00:00:00Z,10589.182425707735
2236,2026-02-24T00:00:00Z,10589.182425707735
2237,2026-02-25T00:00:00Z,10589.182425707735
2238,2026-02-26T00:00:00Z,10589.182425707735
2239,2026-02-27T00:00:00Z,10589.182425707735
2240,2026-03-01T00:00:00Z,10589.182425707735
2241,2026-03-02T00:00:00Z,10589.182425707735
2242,2026-03-03T00:00:00Z,10589.182425707735
2243,2026-03-04T00:00:00Z,10589.182425707735
2244,2026-03-05T00:00:00Z,10589.182425707735
2245,2026-03-06T00:00:00Z,10589.182425707735
2246,2026-03-08T00:00:00Z,10589.182425707735
2247,2026-03-09T00:00:00Z,10589.182425707735
2248,2026-03-10T00:00:00Z,10589.182425707735
2249,2026-03-11T00:00:00Z,10589.182425707735
2250,2026-03-12T00:00:00Z,10589.182425707735
2251,2026-03-13T00:00:00Z,10589.182425707735
2252,2026-03-15T00:00:00Z,10589.182425707735
2253,2026-03-16T00:00:00Z,10589.182425707735
2254,2026-03-17T00:00:00Z,10589.182425707735
2255,2026-03-18T00:00:00Z,10589.182425707735
2256,2026-03-19T00:00:00Z,10589.182425707735
2257,2026-03-20T00:00:00Z,10589.182425707735
2258,2026-03-22T00:00:00Z,10589.182425707735
2259,2026-03-23T00:00:00Z,10589.182425707735
2260,2026-03-24T00:00:00Z,10589.182425707735
2261,2026-03-25T00:00:00Z,10589.182425707735
2262,2026-03-26T00:00:00Z,10589.182425707735
2263,2026-03-27T00:00:00Z,10589.182425707735
2264,2026-03-29T00:00:00Z,10589.182425707735
2265,2026-03-30T00:00:00Z,10589.182425707735
2266,2026-03-31T00:00:00Z,10589.182425707735
2267,2026-04-01T00:00:00Z,10589.182425707735
2268,2026-04-02T00:00:00Z,10589.182425707735
2269,2026-04-03T00:00:00Z,10589.182425707735
2270,2026-04-05T00:00:00Z,10589.182425707735
2271,2026-04-06T00:00:00Z,10589.182425707735
2272,2026-04-07T00:00:00Z,10589.182425707735
2273,2026-04-08T00:00:00Z,10589.182425707735
2274,2026-04-09T00:00:00Z,10589.182425707735
2275,2026-04-10T00:00:00Z,10589.182425707735
2276,2026-04-12T00:00:00Z,10589.182425707735
2277,2026-04-13T00:00:00Z,10589.182425707735
2278,2026-04-14T00:00:00Z,10589.182425707735
2279,2026-04-15T00:00:00Z,10589.182425707735
2280,2026-04-16T00:00:00Z,10589.182425707735
2281,2026-04-17T00:00:00Z,10589.182425707735
2282,2026-04-19T00:00:00Z,10589.182425707735
2283,2026-04-20T00:00:00Z,10589.182425707735
2284,2026-04-21T00:00:00Z,10589.182425707735
2285,2026-04-22T00:00:00Z,10589.182425707735
2286,2026-04-23T00:00:00Z,10589.182425707735
2287,2026-04-24T00:00:00Z,10589.182425707735
2288,2026-04-26T00:00:00Z,10589.182425707735
2289,2026-04-27T00:00:00Z,10589.182425707735
2290,2026-04-28T00:00:00Z,10589.182425707735
2291,2026-04-29T00:00:00Z,10589.182425707735
2292,2026-04-30T00:00:00Z,10589.182425707735
2293,2026-05-01T00:00:00Z,10589.182425707735
2294,2026-05-03T00:00:00Z,10589.182425707735
2295,2026-05-04T00:00:00Z,10589.182425707735
2296,2026-05-05T00:00:00Z,10589.182425707735
2297,2026-05-06T00:00:00Z,10589.182425707735
2298,2026-05-07T00:00:00Z,10589.182425707735
2299,2026-05-08T00:00:00Z,10589.182425707735
2300,2026-05-10T00:00:00Z,10589.182425707735
2301,2026-05-11T00:00:00Z,10589.182425707735
2302,2026-05-12T00:00:00Z,10589.182425707735
2303,2026-05-13T00:00:00Z,10589.182425707735
2304,2026-05-14T00:00:00Z,10589.182425707735
2305,2026-05-15T00:00:00Z,10589.182425707735
2306,2026-05-17T00:00:00Z,10589.182425707735
2307,2026-05-18T00:00:00Z,10589.182425707735
2308,2026-05-19T00:00:00Z,10589.182425707735
2309,2026-05-20T00:00:00Z,10589.182425707735
2310,2026-05-21T00:00:00Z,10589.182425707735
2311,2026-05-22T00:00:00Z,10589.182425707735
2312,2026-05-24T00:00:00Z,10589.182425707735
2313,2026-05-25T00:00:00Z,10589.182425707735
2314,2026-05-26T00:00:00Z,10589.182425707735
2315,2026-05-27T00:00:00Z,10589.182425707735
2316,2026-05-28T00:00:00Z,10589.182425707735
2317,2026-05-29T00:00:00Z,10589.182425707735
2318,2026-05-31T00:00:00Z,10589.182425707735
2319,2026-06-01T00:00:00Z,10589.182425707735
2320,2026-06-02T00:00:00Z,10589.182425707735
2321,2026-06-03T00:00:00Z,10589.182425707735
2322,2026-06-04T00:00:00Z,10589.182425707735
2323,2026-06-05T00:00:00Z,10589.182425707735
2324,2026-06-07T00:00:00Z,10589.182425707735
2325,2026-06-08T00:00:00Z,10589.182425707735
2326,2026-06-09T00:00:00Z,10589.182425707735
2327,2026-06-10T00:00:00Z,10589.182425707735
2328,2026-06-11T00:00:00Z,10589.182425707735
2329,2026-06-12T00:00:00Z,10589.182425707735
2330,2026-06-14T00:00:00Z,10589.182425707735
2331,2026-06-15T00:00:00Z,10589.182425707735
2332,2026-06-16T00:00:00Z,10589.182425707735
2333,2026-06-17T00:00:00Z,10589.182425707735
2334,2026-06-18T00:00:00Z,10589.182425707735
2335,2026-06-19T00:00:00Z,10589.182425707735
2336,2026-06-21T00:00:00Z,10589.182425707735
2337,2026-06-22T00:00:00Z,10589.182425707735
2338,2026-06-23T00:00:00Z,10589.182425707735
2339,2026-06-24T00:00:00Z,10589.182425707735
2340,2026-06-25T00:00:00Z,10589.182425707735
2341,2026-06-26T00:00:00Z,10589.182425707735
2342,2026-06-28T00:00:00Z,10589.182425707735
2343,2026-06-29T00:00:00Z,10589.182425707735
2344,2026-06-30T00:00:00Z,10589.182425707735
2345,2026-07-01T00:00:00Z,10589.182425707735
2346,2026-07-02T00:00:00Z,10589.182425707735
2347,2026-07-03T00:00:00Z,10589.182425707735
2348,2026-07-05T00:00:00Z,10589.182425707735
2349,2026-07-06T00:00:00Z,10589.182425707735
2350,2026-07-07T00:00:00Z,10589.182425707735
2351,2026-07-08T00:00:00Z,10589.182425707735
2352,2026-07-09T00:00:00Z,10589.182425707735
2353,2026-07-10T00:00:00Z,10589.182425707735
2354,2026-07-12T00:00:00Z,10589.182425707735
2355,2026-07-13T00:00:00Z,10589.182425707735
2356,2026-07-14T00:00:00Z,10589.182425707735
2357,2026-07-15T00:00:00Z,10589.182425707735
2358,2026-07-16T00:00:00Z,10589.182425707735
2359,2026-07-17T00:00:00Z,10589.182425707735
2360,2026-07-19T00:00:00Z,10589.182425707735
2361,2026-07-20T00:00:00Z,10589.182425707735
2362,2026-07-21T00:00:00Z,10589.182425707735
2363,2026-07-22T00:00:00Z,10589.182425707735
2364,2026-07-23T00:00:00Z,10589.182425707735
2365,2026-07-24T00:00:00Z,10589.182425707735
2366,2026-07-26T00:00:00Z,10589.182425707735
2367,2026-07-27T00:00:00Z,10589.182425707735
2368,2026-07-28T00:00:00Z,10589.182425707735
2369,2026-07-29T00:00:00Z,10589.182425707735
2370,2026-07-30T00:00:00Z,10589.182425707735
2371,2026-07-31T00:00:00Z,10589.182425707735
2372,2026-08-02T00:00:00Z,10589.182425707735
2373,2026-08-03T00:00:00Z,10589.182425707735
2374,2026-08-04T00:00:00Z,10589.182425707735
2375,2026-08-05T00:00:00Z,10589.182425707735
2376,2026-08-06T00:00:00Z,10589.182425707735
2377,2026-08-07T00:00:00Z,10589.182425707735
2378,2026-08-09T00:00:00Z,10589.182425707735
2379,2026-08-10T00:00:00Z,10589.182425707735
2380,2026-08-11T00:00:00Z,10589.182425707735
2381,2026-08-12T00:00:00Z,10589.182425707735
2382,2026-08-13T00:00:00Z,10589.182425707735
2383,2026-08-14T00:00:00Z,10589.182425707735
2384,2026-08-16T00:00:00Z,10589.182425707735
2385,2026-08-17T00:00:00Z,10589.182425707735
2386,2026-08-18T00:00:00Z,10589.182425707735
2387,2026-08-19T00:00:00Z,10589.182425707735
2388,2026-08-20T00:00:00Z,10589.182425707735
2389,2026-08-21T00:00:00Z,10589.182425707735
2390,2026-08-23T00:00:00Z,10589.182425707735
2391,2026-08-24T00:00:00Z,10589.182425707735
2392,2026-08-25T00:00:00Z,10589.182425707735
2393,2026-08-26T00:00:00Z,10589.182425707735
2394,2026-08-27T00:00:00Z,10589.182425707735
2395,2026-08-28T00:00:00Z,10589.182425707735
