timestamp_utc,timestamp_unix,open,high,low,close,tick_volume,real_volume,spread
2018-12-12T00:00:00Z,1544572800,12.82,12.89,12.66,12.69,761,0,2
2018-12-13T00:00:00Z,1544659200,12.71,12.73,12.43,12.69,1171,0,2
2018-12-14T00:00:00Z,1544745600,12.76,12.77,12.58,12.68,993,0,2
2018-12-17T00:00:00Z,1545004800,12.65,12.78,12.46,12.54,836,0,2
2018-12-18T00:00:00Z,1545091200,12.46,12.46,12.32,12.36,920,0,2
2018-12-19T00:00:00Z,1545177600,12.34,12.85,12.27,12.54,1582,0,2
2018-12-20T00:00:00Z,1545264000,12.45,12.49,12.33,12.38,895,0,2
2018-12-21T00:00:00Z,1545350400,12.42,12.47,12.23,12.35,784,0,2
2018-12-24T00:00:00Z,1545609600,12.36,12.49,12.32,12.36,701,0,2
2018-12-26T00:00:00Z,1545782400,12.37,12.5,12.33,12.45,440,0,2
2018-12-27T00:00:00Z,1545868800,12.42,12.44,12.23,12.24,678,0,2
2018-12-28T00:00:00Z,1545955200,12.26,12.32,12.18,12.25,582,0,2
2018-12-31T00:00:00Z,1546214400,12.36,12.4,12.04,12.06,597,0,2
2019-01-02T00:00:00Z,1546387200,12.04,12.1,11.82,11.94,784,0,2
2019-01-03T00:00:00Z,1546473600,11.87,11.91,11.7,11.71,747,0,2
2019-01-04T00:00:00Z,1546560000,11.75,11.97,11.73,11.89,1205,0,2
2019-01-07T00:00:00Z,1546819200,11.93,12.55,11.93,12.52,1084,0,2
2019-01-08T00:00:00Z,1546905600,12.7,12.84,12.59,12.62,963,0,2
2019-01-09T00:00:00Z,1546992000,12.76,12.92,12.63,12.83,991,0,2
2019-01-10T00:00:00Z,1547078400,12.83,12.87,12.61,12.67,845,0,2
2019-01-11T00:00:00Z,1547164800,12.69,12.9,12.68,12.84,811,0,2
2019-01-14T00:00:00Z,1547424000,12.71,12.83,12.63,12.79,724,0,2
2019-01-15T00:00:00Z,1547510400,12.72,13.11,12.72,13.08,761,0,2
2019-01-16T00:00:00Z,1547596800,13.17,13.26,13.06,13.12,750,0,2
2019-01-17T00:00:00Z,1547683200,13.13,13.14,12.83,12.84,775,0,2
2019-01-18T00:00:00Z,1547769600,12.87,13.07,12.84,13.07,822,0,2
2019-01-22T00:00:00Z,1548115200,13.05,13.05,12.82,12.94,939,0,2
2019-01-23T00:00:00Z,1548201600,12.9,12.99,12.86,12.98,373,0,2
2019-01-24T00:00:00Z,1548288000,12.97,13.06,12.94,12.99,474,0,2
2019-01-25T00:00:00Z,1548374400,13.0,13.0,12.37,12.49,809,0,2
2019-01-28T00:00:00Z,1548633600,12.46,12.93,12.46,12.78,980,0,2
2019-01-29T00:00:00Z,1548720000,12.76,12.84,12.58,12.71,809,0,2
2019-01-30T00:00:00Z,1548806400,12.72,12.78,12.47,12.52,700,0,2
2019-01-31T00:00:00Z,1548892800,12.54,12.84,12.54,12.71,904,0,2
2019-02-01T00:00:00Z,1548979200,12.71,12.77,12.57,12.64,810,0,2
2019-02-04T00:00:00Z,1549238400,12.65,12.88,12.51,12.84,719,0,2
2019-02-05T00:00:00Z,1549324800,12.86,12.92,12.76,12.79,706,0,2
2019-02-06T00:00:00Z,1549411200,12.79,12.9,12.78,12.89,442,0,2
2019-02-07T00:00:00Z,1549497600,12.88,12.89,12.68,12.76,631,0,2
2019-02-08T00:00:00Z,1549584000,12.77,12.84,12.69,12.72,623,0,2
2019-02-11T00:00:00Z,1549843200,12.71,12.74,12.57,12.67,932,0,2
2019-02-12T00:00:00Z,1549929600,12.72,12.91,12.7,12.83,747,0,2
2019-02-13T00:00:00Z,1550016000,12.87,12.88,12.72,12.74,722,0,2
2019-02-14T00:00:00Z,1550102400,12.76,12.79,12.51,12.61,514,0,2
2019-02-15T00:00:00Z,1550188800,12.66,13.23,12.65,13.19,745,0,2
2019-02-18T00:00:00Z,1550448000,13.2,13.2,13.2,13.2,1,0,2
2019-02-19T00:00:00Z,1550534400,13.18,13.37,13.16,13.36,812,0,2
2019-02-20T00:00:00Z,1550620800,13.35,13.49,13.16,13.42,947,0,2
2019-02-21T00:00:00Z,1550707200,13.37,13.42,13.15,13.21,997,0,2
2019-02-22T00:00:00Z,1550793600,13.2,13.41,13.19,13.34,1062,0,2
2019-02-25T00:00:00Z,1551052800,13.33,13.33,12.95,13.01,786,0,2
2019-02-26T00:00:00Z,1551139200,13.02,13.09,12.8,12.86,677,0,2
2019-02-27T00:00:00Z,1551225600,12.87,12.98,12.8,12.95,820,0,2
2019-02-28T00:00:00Z,1551312000,12.94,12.96,12.66,12.8,627,0,2
2019-03-01T00:00:00Z,1551398400,12.84,12.86,12.61,12.62,767,0,2
2019-03-04T00:00:00Z,1551657600,12.64,12.73,12.35,12.37,700,0,2
2019-03-05T00:00:00Z,1551744000,12.4,12.56,12.38,12.43,628,0,2
2019-03-06T00:00:00Z,1551830400,12.45,12.46,12.15,12.16,506,0,2
2019-03-07T00:00:00Z,1551916800,12.18,12.25,12.08,12.16,658,0,2
2019-03-08T00:00:00Z,1552003200,12.17,12.24,12.11,12.17,676,0,2
2019-03-11T00:00:00Z,1552262400,12.21,12.46,12.19,12.28,544,0,2
2019-03-12T00:00:00Z,1552348800,12.27,12.45,12.17,12.37,631,0,2
2019-03-13T00:00:00Z,1552435200,12.34,12.38,12.24,12.36,352,0,2
2019-03-14T00:00:00Z,1552521600,12.33,12.66,12.27,12.4,738,0,2
2019-03-15T00:00:00Z,1552608000,12.43,12.58,12.26,12.56,801,0,2
2019-03-18T00:00:00Z,1552867200,12.65,12.87,12.56,12.84,971,0,2
2019-03-19T00:00:00Z,1552953600,12.78,12.82,12.64,12.77,605,0,2
2019-03-20T00:00:00Z,1553040000,12.76,12.79,12.68,12.75,601,0,2
2019-03-21T00:00:00Z,1553126400,12.73,12.74,12.45,12.51,593,0,2
2019-03-22T00:00:00Z,1553212800,12.5,12.69,12.43,12.59,925,0,2
2019-03-25T00:00:00Z,1553472000,12.55,12.61,12.33,12.49,1090,0,2
2019-03-26T00:00:00Z,1553558400,12.51,12.63,12.4,12.58,703,0,2
2019-03-27T00:00:00Z,1553644800,12.55,12.72,12.49,12.59,1097,0,2
2019-03-28T00:00:00Z,1553731200,12.52,12.6,12.47,12.53,641,0,2
2019-03-29T00:00:00Z,1553817600,12.56,12.64,12.49,12.5,667,0,2
2019-04-01T00:00:00Z,1554076800,12.45,12.68,12.29,12.66,852,0,2
2019-04-02T00:00:00Z,1554163200,12.65,12.76,12.57,12.66,571,0,2
2019-04-03T00:00:00Z,1554249600,12.62,12.69,12.38,12.45,669,0,2
2019-04-04T00:00:00Z,1554336000,12.42,12.79,12.4,12.7,556,0,2
2019-04-05T00:00:00Z,1554422400,12.73,12.83,12.68,12.75,399,0,2
2019-04-08T00:00:00Z,1554681600,12.74,12.76,12.49,12.58,586,0,2
2019-04-09T00:00:00Z,1554768000,12.54,12.79,12.51,12.77,606,0,2
2019-04-10T00:00:00Z,1554854400,12.78,12.82,12.7,12.79,413,0,2
2019-04-11T00:00:00Z,1554940800,12.77,12.8,12.65,12.68,462,0,2
2019-04-12T00:00:00Z,1555027200,12.69,12.76,12.61,12.73,375,0,2
2019-04-15T00:00:00Z,1555286400,12.72,12.78,12.64,12.66,374,0,2
2019-04-16T00:00:00Z,1555372800,12.64,12.64,12.43,12.5,924,0,2
2019-04-17T00:00:00Z,1555459200,12.53,12.63,12.31,12.33,829,0,2
2019-04-18T00:00:00Z,1555545600,12.34,12.78,12.33,12.77,1200,0,2
2019-04-22T00:00:00Z,1555891200,12.7,12.79,12.49,12.55,490,0,2
2019-04-23T00:00:00Z,1555977600,12.52,12.73,12.47,12.68,1396,0,2
2019-04-24T00:00:00Z,1556064000,12.67,12.71,12.52,12.67,1196,0,2
2019-04-25T00:00:00Z,1556150400,12.64,12.69,12.35,12.42,1253,0,2
2019-04-26T00:00:00Z,1556236800,12.4,12.44,12.18,12.28,1410,0,2
2019-04-29T00:00:00Z,1556496000,12.63,12.64,12.3,12.36,714,0,2
2019-04-30T00:00:00Z,1556582400,12.38,12.74,12.3,12.34,1115,0,2
2019-05-01T00:00:00Z,1556668800,12.37,12.37,12.1,12.22,728,0,2
2019-05-02T00:00:00Z,1556755200,12.23,12.32,12.15,12.22,681,0,2
2019-05-03T00:00:00Z,1556841600,12.23,12.24,11.97,11.98,653,0,2
2019-05-06T00:00:00Z,1557100800,11.96,12.0,11.84,11.89,526,0,2
2019-05-07T00:00:00Z,1557187200,11.91,12.05,11.85,11.98,1161,0,2
2019-05-08T00:00:00Z,1557273600,11.94,11.96,11.63,11.65,797,0,2
2019-05-09T00:00:00Z,1557360000,11.66,11.9,11.65,11.81,1298,0,2
2019-05-10T00:00:00Z,1557446400,11.8,12.11,11.71,11.73,1088,0,2
2019-05-13T00:00:00Z,1557705600,11.74,11.86,11.66,11.8,743,0,2
2019-05-14T00:00:00Z,1557792000,11.77,11.99,11.74,11.93,755,0,2
2019-05-15T00:00:00Z,1557878400,11.99,12.05,11.77,11.82,759,0,2
2019-05-16T00:00:00Z,1557964800,11.81,11.87,11.7,11.75,744,0,2
2019-05-17T00:00:00Z,1558051200,11.73,11.75,11.43,11.57,799,0,2
2019-05-20T00:00:00Z,1558310400,11.6,11.73,11.57,11.61,724,0,2
2019-05-21T00:00:00Z,1558396800,11.62,11.83,11.36,11.83,1373,0,2
2019-05-22T00:00:00Z,1558483200,11.85,11.94,11.58,11.63,1010,0,2
2019-05-23T00:00:00Z,1558569600,11.6,11.76,11.43,11.63,1001,0,2
2019-05-24T00:00:00Z,1558656000,11.62,11.76,11.56,11.69,902,0,2
2019-05-28T00:00:00Z,1559001600,11.74,11.81,11.62,11.79,1053,0,2
2019-05-29T00:00:00Z,1559088000,11.8,12.0,11.76,11.82,983,0,2
2019-05-30T00:00:00Z,1559174400,11.78,11.94,11.73,11.75,741,0,2
2019-05-31T00:00:00Z,1559260800,11.72,12.12,11.6,12.07,973,0,2
2019-06-03T00:00:00Z,1559520000,12.05,12.21,11.95,12.19,1206,0,2
2019-06-04T00:00:00Z,1559606400,12.15,12.44,12.07,12.44,727,0,2
2019-06-05T00:00:00Z,1559692800,12.41,12.52,12.15,12.2,1215,0,2
2019-06-06T00:00:00Z,1559779200,12.17,12.5,12.17,12.49,908,0,2
2019-06-07T00:00:00Z,1559865600,12.47,12.51,12.41,12.49,745,0,2
2019-06-10T00:00:00Z,1560124800,12.46,12.47,12.35,12.43,676,0,2
2019-06-11T00:00:00Z,1560211200,12.41,12.53,12.27,12.53,702,0,2
2019-06-12T00:00:00Z,1560297600,12.5,12.62,12.46,12.62,365,0,2
2019-06-13T00:00:00Z,1560384000,12.63,12.74,12.6,12.71,278,0,2
2019-06-14T00:00:00Z,1560470400,12.71,12.77,12.68,12.75,430,0,2
2019-06-17T00:00:00Z,1560729600,12.74,12.76,12.61,12.67,558,0,2
2019-06-18T00:00:00Z,1560816000,12.58,12.66,12.5,12.61,500,0,2
2019-06-19T00:00:00Z,1560902400,12.54,12.56,12.41,12.48,661,0,2
2019-06-20T00:00:00Z,1560988800,12.43,12.49,12.42,12.44,311,0,2
2019-06-21T00:00:00Z,1561075200,12.41,12.44,12.17,12.17,485,0,2
2019-06-24T00:00:00Z,1561334400,12.4,12.68,12.38,12.49,874,0,2
2019-06-25T00:00:00Z,1561420800,12.52,12.65,12.5,12.59,509,0,2
2019-06-26T00:00:00Z,1561507200,12.61,12.64,12.29,12.31,785,0,2
2019-06-27T00:00:00Z,1561593600,12.38,12.78,12.3,12.78,907,0,2
2019-06-28T00:00:00Z,1561680000,12.79,12.83,12.57,12.6,585,0,2
2019-07-01T00:00:00Z,1561939200,12.69,12.81,12.5,12.55,814,0,2
2019-07-02T00:00:00Z,1562025600,12.52,12.61,12.25,12.33,675,0,2
2019-07-03T00:00:00Z,1562112000,12.34,12.61,12.3,12.56,594,0,2
2019-07-05T00:00:00Z,1562284800,12.57,12.64,12.33,12.34,733,0,2
2019-07-08T00:00:00Z,1562544000,12.43,12.54,12.33,12.45,602,0,2
2019-07-09T00:00:00Z,1562630400,12.34,12.41,12.26,12.35,308,0,2
2019-07-10T00:00:00Z,1562716800,12.38,12.53,12.31,12.46,568,0,2
2019-07-12T00:00:00Z,1562889600,12.36,12.41,12.28,12.3,438,0,2
2019-07-15T00:00:00Z,1563148800,12.28,12.32,11.95,12.04,814,0,2
2019-07-16T00:00:00Z,1563235200,12.05,12.06,11.9,11.99,380,0,2
2019-07-17T00:00:00Z,1563321600,12.04,12.14,11.76,11.8,576,0,2
2019-07-19T00:00:00Z,1563494400,11.62,11.69,11.56,11.58,572,0,2
2019-07-22T00:00:00Z,1563753600,11.61,11.65,11.54,11.56,358,0,2
2019-07-23T00:00:00Z,1563840000,11.55,11.98,11.39,11.94,610,0,2
2019-07-24T00:00:00Z,1563926400,11.93,12.22,11.85,12.1,979,0,2
2019-07-25T00:00:00Z,1564012800,12.12,12.19,11.93,11.99,616,0,2
2019-07-26T00:00:00Z,1564099200,12.04,12.1,11.93,12.01,438,0,2
2019-07-29T00:00:00Z,1564358400,12.08,12.2,12.01,12.06,661,0,2
2019-07-30T00:00:00Z,1564444800,12.07,12.29,12.05,12.12,695,0,2
2019-07-31T00:00:00Z,1564531200,12.17,12.22,12.04,12.18,636,0,2
2019-08-01T00:00:00Z,1564617600,12.08,12.21,12.01,12.13,645,0,2
2019-08-02T00:00:00Z,1564704000,12.06,12.07,11.89,12.0,724,0,2
2019-08-05T00:00:00Z,1564963200,11.97,12.03,11.69,11.83,953,0,2
2019-08-06T00:00:00Z,1565049600,11.82,12.0,11.7,11.74,629,0,2
2019-08-07T00:00:00Z,1565136000,11.76,11.78,11.26,11.3,915,0,2
2019-08-08T00:00:00Z,1565222400,11.42,11.49,11.33,11.46,702,0,2
2019-08-09T00:00:00Z,1565308800,11.45,11.88,11.45,11.88,723,0,2
2019-08-12T00:00:00Z,1565568000,11.89,11.95,11.47,11.58,977,0,2
2019-08-13T00:00:00Z,1565654400,11.6,11.82,11.49,11.72,886,0,2
2019-08-14T00:00:00Z,1565740800,11.69,11.8,11.57,11.65,707,0,2
2019-08-15T00:00:00Z,1565827200,11.6,11.73,11.5,11.6,708,0,2
2019-08-16T00:00:00Z,1565913600,11.58,11.69,11.56,11.64,371,0,2
2019-08-19T00:00:00Z,1566172800,11.59,11.6,11.41,11.44,380,0,2
2019-08-20T00:00:00Z,1566259200,11.45,11.55,11.37,11.43,445,0,2
2019-08-21T00:00:00Z,1566345600,11.45,11.53,11.37,11.4,371,0,2
2019-08-22T00:00:00Z,1566432000,11.41,11.64,11.38,11.61,417,0,2
2019-08-23T00:00:00Z,1566518400,11.62,11.64,11.44,11.45,525,0,2
2019-08-26T00:00:00Z,1566777600,11.52,11.53,11.41,11.44,212,0,2
2019-08-27T00:00:00Z,1566864000,11.42,11.47,11.16,11.25,621,0,2
2019-08-28T00:00:00Z,1566950400,11.24,11.45,11.09,11.38,1004,0,2
2019-08-29T00:00:00Z,1567036800,11.39,11.44,11.15,11.2,579,0,2
2019-08-30T00:00:00Z,1567123200,11.21,11.29,11.05,11.13,617,0,2
2019-09-03T00:00:00Z,1567468800,11.23,11.4,11.07,11.18,968,0,2
2019-09-04T00:00:00Z,1567555200,11.14,11.26,11.0,11.02,755,0,2
2019-09-05T00:00:00Z,1567641600,11.06,11.11,10.86,10.99,746,0,2
2019-09-06T00:00:00Z,1567728000,11.0,11.06,10.91,11.01,558,0,2
2019-09-09T00:00:00Z,1567987200,11.02,11.09,10.9,10.9,704,0,2
2019-09-10T00:00:00Z,1568073600,10.88,11.06,10.85,10.86,674,0,2
2019-09-11T00:00:00Z,1568160000,10.89,10.91,10.73,10.81,599,0,2
2019-09-12T00:00:00Z,1568246400,10.8,10.82,10.68,10.73,603,0,2
2019-09-13T00:00:00Z,1568332800,10.72,10.97,10.72,10.91,844,0,2
2019-09-16T00:00:00Z,1568592000,11.05,11.33,11.03,11.1,912,0,2
2019-09-17T00:00:00Z,1568678400,11.1,11.22,10.91,10.97,1205,0,2
2019-09-18T00:00:00Z,1568764800,10.92,11.07,10.88,10.99,788,0,2
2019-09-19T00:00:00Z,1568851200,11.07,11.09,10.92,11.04,561,0,2
2019-09-20T00:00:00Z,1568937600,11.0,11.1,10.96,11.09,368,0,2
2019-09-23T00:00:00Z,1569196800,11.1,11.24,11.1,11.2,668,0,2
2019-09-24T00:00:00Z,1569283200,11.19,11.57,11.19,11.48,867,0,2
2019-09-25T00:00:00Z,1569369600,11.49,11.83,11.48,11.83,1106,0,2
2019-09-26T00:00:00Z,1569456000,11.84,11.86,11.55,11.62,1167,0,2
2019-09-27T00:00:00Z,1569542400,11.57,11.74,11.4,11.56,1024,0,2
2019-09-30T00:00:00Z,1569801600,11.56,11.96,11.53,11.62,949,0,2
2019-10-11T00:00:00Z,1570752000,12.25,12.45,12.22,12.39,342,0,2
2019-10-14T00:00:00Z,1571011200,12.45,12.58,12.43,12.51,376,0,2
2019-10-15T00:00:00Z,1571097600,12.52,12.61,12.35,12.57,475,0,2
2019-10-16T00:00:00Z,1571184000,12.53,12.53,12.28,12.35,434,0,2
2019-10-17T00:00:00Z,1571270400,12.34,12.45,12.22,12.22,341,0,2
2019-10-18T00:00:00Z,1571356800,12.22,12.33,12.19,12.31,438,0,2
2019-10-21T00:00:00Z,1571616000,12.34,12.38,12.2,12.28,379,0,2
2019-10-22T00:00:00Z,1571702400,12.27,12.28,12.1,12.18,415,0,2
2019-10-23T00:00:00Z,1571788800,12.11,12.24,12.05,12.18,574,0,2
2019-10-24T00:00:00Z,1571875200,12.17,12.32,12.17,12.28,327,0,2
2019-10-25T00:00:00Z,1571961600,12.26,12.38,12.23,12.32,518,0,2
2019-10-28T00:00:00Z,1572220800,12.36,12.58,12.35,12.51,334,0,2
2019-10-29T00:00:00Z,1572307200,12.52,12.54,12.28,12.33,580,0,2
2019-10-30T00:00:00Z,1572393600,12.32,12.42,12.24,12.4,332,0,2
2019-10-31T00:00:00Z,1572480000,12.41,12.5,12.3,12.42,279,0,3
2019-11-01T00:00:00Z,1572566400,12.43,12.5,12.33,12.44,345,0,3
2019-11-04T00:00:00Z,1572825600,12.46,12.55,12.43,12.5,298,0,3
2019-11-05T00:00:00Z,1572912000,12.49,12.72,12.48,12.69,386,0,3
2019-11-06T00:00:00Z,1572998400,12.68,12.69,12.53,12.54,483,0,3
2019-11-07T00:00:00Z,1573084800,12.51,12.51,12.34,12.34,463,0,3
2019-11-08T00:00:00Z,1573171200,12.34,12.59,12.27,12.53,409,0,3
2019-11-11T00:00:00Z,1573430400,12.54,12.65,12.46,12.56,423,0,3
2019-11-12T00:00:00Z,1573516800,12.58,12.62,12.5,12.6,350,0,3
2019-11-13T00:00:00Z,1573603200,12.6,12.9,12.56,12.81,369,0,3
2019-11-14T00:00:00Z,1573689600,12.8,12.87,12.76,12.77,382,0,3
2019-11-15T00:00:00Z,1573776000,12.78,12.83,12.67,12.71,265,0,3
2019-11-18T00:00:00Z,1574035200,12.66,12.78,12.59,12.74,387,0,3
2019-11-19T00:00:00Z,1574121600,12.67,12.74,12.65,12.67,263,0,3
2019-11-20T00:00:00Z,1574208000,12.68,12.79,12.66,12.73,282,0,3
2019-11-21T00:00:00Z,1574294400,12.7,12.74,12.56,12.62,249,0,3
2019-11-22T00:00:00Z,1574380800,12.61,12.86,12.61,12.8,338,0,3
2019-11-25T00:00:00Z,1574640000,12.76,12.84,12.73,12.8,264,0,3
2019-11-26T00:00:00Z,1574726400,12.78,12.86,12.64,12.74,421,0,3
2019-11-27T00:00:00Z,1574812800,12.72,12.81,12.71,12.76,236,0,3
2019-11-29T00:00:00Z,1574985600,12.77,12.99,12.77,12.93,248,0,3
2019-12-02T00:00:00Z,1575244800,12.92,12.94,12.72,12.73,394,0,3
2019-12-03T00:00:00Z,1575331200,12.74,12.9,12.74,12.87,331,0,3
2019-12-04T00:00:00Z,1575417600,12.88,13.08,12.87,13.01,279,0,3
2019-12-05T00:00:00Z,1575504000,13.04,13.15,13.0,13.04,356,0,3
2019-12-06T00:00:00Z,1575590400,13.08,13.19,13.08,13.18,223,0,3
2019-12-09T00:00:00Z,1575849600,13.2,13.4,13.18,13.31,426,0,3
2019-12-10T00:00:00Z,1575936000,13.35,13.45,13.3,13.43,359,0,3
2019-12-11T00:00:00Z,1576022400,13.45,13.49,13.28,13.34,315,0,3
2019-12-12T00:00:00Z,1576108800,13.36,13.53,13.32,13.47,281,0,3
2019-12-13T00:00:00Z,1576195200,13.51,13.65,13.49,13.54,419,0,3
2019-12-16T00:00:00Z,1576454400,13.4,13.56,13.21,13.27,696,0,3
2019-12-17T00:00:00Z,1576540800,13.3,13.39,13.22,13.26,366,0,3
2019-12-18T00:00:00Z,1576627200,13.25,13.48,13.25,13.41,508,0,3
2019-12-19T00:00:00Z,1576713600,13.39,13.6,13.38,13.53,332,0,3
2019-12-20T00:00:00Z,1576800000,13.54,13.57,13.46,13.53,521,0,3
2019-12-23T00:00:00Z,1577059200,13.52,13.55,13.4,13.46,222,0,3
2019-12-24T00:00:00Z,1577145600,13.47,13.47,13.35,13.36,225,0,3
2019-12-26T00:00:00Z,1577318400,13.35,13.51,13.35,13.42,300,0,3
2019-12-27T00:00:00Z,1577404800,13.41,13.58,13.41,13.51,378,0,3
2019-12-30T00:00:00Z,1577664000,13.52,13.57,13.44,13.52,342,0,3
2019-12-31T00:00:00Z,1577750400,13.53,13.54,13.38,13.42,371,0,3
2020-01-02T00:00:00Z,1577923200,13.47,13.47,13.09,13.14,283,0,3
2020-01-03T00:00:00Z,1578009600,13.21,13.38,13.19,13.3,473,0,3
2020-01-06T00:00:00Z,1578268800,13.41,13.74,13.35,13.7,461,0,3
2020-01-07T00:00:00Z,1578355200,13.72,13.77,13.53,13.58,614,0,3
2020-01-08T00:00:00Z,1578441600,13.64,13.72,13.4,13.47,668,0,3
2020-01-09T00:00:00Z,1578528000,13.46,13.74,13.39,13.65,601,0,3
2020-01-10T00:00:00Z,1578614400,13.66,14.1,13.63,14.07,719,0,3
2020-01-13T00:00:00Z,1578873600,14.06,14.22,13.98,14.13,863,0,3
2020-01-14T00:00:00Z,1578960000,14.14,14.52,14.11,14.29,1641,0,3
2020-01-15T00:00:00Z,1579046400,14.27,14.55,14.21,14.51,989,0,3
2020-01-16T00:00:00Z,1579132800,14.46,14.57,14.31,14.4,876,0,3
2020-01-17T00:00:00Z,1579219200,14.42,14.48,14.33,14.44,649,0,3
2020-01-21T00:00:00Z,1579564800,14.46,14.57,14.38,14.54,671,0,3
2020-01-22T00:00:00Z,1579651200,14.53,14.77,14.52,14.63,900,0,3
2020-01-23T00:00:00Z,1579737600,14.65,14.88,14.49,14.53,1057,0,3
2020-01-24T00:00:00Z,1579824000,14.58,14.67,14.24,14.35,960,0,3
2020-01-27T00:00:00Z,1580083200,14.29,14.31,14.09,14.19,1142,0,3
2020-01-28T00:00:00Z,1580169600,14.18,14.72,14.04,14.5,1443,0,3
2020-01-29T00:00:00Z,1580256000,14.56,14.85,14.4,14.45,1381,0,3
2020-01-30T00:00:00Z,1580342400,14.42,14.7,14.35,14.59,1386,0,3
2020-01-31T00:00:00Z,1580428800,14.65,14.79,14.51,14.52,1410,0,3
2020-02-03T00:00:00Z,1580688000,14.54,15.0,14.41,14.87,2254,0,3
2020-02-04T00:00:00Z,1580774400,14.97,15.1,14.63,14.65,1989,0,3
2020-02-05T00:00:00Z,1580860800,14.7,14.84,14.58,14.71,1379,0,3
2020-02-06T00:00:00Z,1580947200,14.77,14.78,14.53,14.76,1476,0,3
2020-02-07T00:00:00Z,1581033600,14.72,14.98,14.68,14.93,1455,0,3
2020-02-10T00:00:00Z,1581292800,14.95,15.08,14.91,15.02,964,0,3
2020-02-11T00:00:00Z,1581379200,15.03,15.44,14.98,15.34,1147,0,3
2020-02-12T00:00:00Z,1581465600,15.39,15.88,15.38,15.76,2402,0,3
2020-02-13T00:00:00Z,1581552000,15.69,15.83,15.11,15.17,2149,0,3
2020-02-14T00:00:00Z,1581638400,15.15,15.35,14.88,14.98,1743,0,3
2020-02-18T00:00:00Z,1581984000,15.08,15.31,15.05,15.3,1306,0,3
2020-02-19T00:00:00Z,1582070400,15.31,15.74,15.31,15.53,1383,0,3
2020-02-20T00:00:00Z,1582156800,15.61,15.64,15.35,15.4,1153,0,3
2020-02-21T00:00:00Z,1582243200,15.45,15.63,15.33,15.58,1004,0,3
2020-02-24T00:00:00Z,1582502400,15.06,15.07,14.7,14.72,1139,0,3
2020-02-25T00:00:00Z,1582588800,14.8,14.9,14.66,14.72,1130,0,3
2020-02-26T00:00:00Z,1582675200,14.69,14.69,14.39,14.55,933,0,3
2020-02-27T00:00:00Z,1582761600,14.45,14.47,14.01,14.2,943,0,3
2020-02-28T00:00:00Z,1582848000,13.99,14.17,13.85,14.17,1423,0,3
2020-03-02T00:00:00Z,1583107200,14.27,14.38,13.76,13.81,1364,0,3
2020-03-03T00:00:00Z,1583193600,13.83,13.88,13.61,13.78,1009,0,3
2020-03-04T00:00:00Z,1583280000,13.68,13.78,13.42,13.43,806,0,3
2020-03-05T00:00:00Z,1583366400,13.49,13.53,13.34,13.42,725,0,3
2020-03-06T00:00:00Z,1583452800,13.45,13.45,12.94,13.05,972,0,3
2020-03-09T00:00:00Z,1583712000,12.45,12.71,12.17,12.67,2111,0,3
2020-03-10T00:00:00Z,1583798400,12.85,12.85,12.37,12.6,1633,0,3
2020-03-11T00:00:00Z,1583884800,12.53,12.64,12.23,12.23,905,0,3
2020-03-12T00:00:00Z,1583971200,12.06,12.07,11.51,11.67,1104,0,3
2020-03-13T00:00:00Z,1584057600,11.78,12.08,11.65,11.68,1552,0,3
2020-03-16T00:00:00Z,1584316800,11.58,11.58,10.94,11.11,1377,0,3
2020-03-17T00:00:00Z,1584403200,11.1,11.13,10.84,10.86,908,0,3
2020-03-18T00:00:00Z,1584489600,10.76,10.96,10.63,10.76,876,0,3
2020-03-19T00:00:00Z,1584576000,10.73,10.84,10.43,10.64,1179,0,3
2020-03-20T00:00:00Z,1584662400,10.93,11.17,10.81,10.9,1860,0,3
2020-03-23T00:00:00Z,1584921600,10.77,11.13,10.72,11.05,1476,0,3
2020-03-24T00:00:00Z,1585008000,11.29,11.53,11.19,11.24,1000,0,3
2020-03-25T00:00:00Z,1585094400,11.38,11.66,11.3,11.46,1478,0,3
2020-03-26T00:00:00Z,1585180800,11.5,11.57,11.25,11.32,1221,0,3
2020-03-27T00:00:00Z,1585267200,11.28,11.4,11.05,11.11,1308,0,3
2020-03-30T00:00:00Z,1585526400,11.05,11.16,10.69,10.69,909,0,3
2020-03-31T00:00:00Z,1585612800,10.75,10.76,10.39,10.44,980,0,3
2020-04-01T00:00:00Z,1585699200,10.3,10.37,10.01,10.02,764,0,3
2020-04-02T00:00:00Z,1585785600,10.17,10.84,10.04,10.23,1654,0,3
2020-04-03T00:00:00Z,1585872000,10.48,10.61,10.24,10.33,1110,0,3
2020-04-06T00:00:00Z,1586131200,10.4,10.48,10.27,10.4,994,0,3
2020-04-07T00:00:00Z,1586217600,10.55,10.57,10.3,10.34,911,0,3
2020-04-08T00:00:00Z,1586304000,10.33,10.41,10.21,10.36,711,0,3
2020-04-09T00:00:00Z,1586390400,10.53,10.59,10.25,10.42,1380,0,3
2020-04-13T00:00:00Z,1586736000,10.52,10.55,10.11,10.14,671,0,3
2020-04-14T00:00:00Z,1586822400,10.15,10.23,9.98,10.05,715,0,3
2020-04-15T00:00:00Z,1586908800,9.99,10.18,9.95,10.16,592,0,3
2020-04-16T00:00:00Z,1586995200,10.21,10.27,10.09,10.17,706,0,3
2020-04-17T00:00:00Z,1587081600,10.19,10.45,10.17,10.36,905,0,3
2020-04-20T00:00:00Z,1587340800,10.26,10.27,10.02,10.07,620,0,3
2020-04-21T00:00:00Z,1587427200,9.91,9.92,9.54,9.81,1498,0,3
2020-04-22T00:00:00Z,1587513600,9.69,9.99,9.67,9.84,1158,0,3
2020-04-23T00:00:00Z,1587600000,9.97,9.98,9.73,9.88,759,0,3
2020-04-24T00:00:00Z,1587686400,9.81,9.82,9.59,9.68,806,0,3
2020-04-27T00:00:00Z,1587945600,9.73,9.76,9.33,9.34,779,0,3
2020-04-28T00:00:00Z,1588032000,9.2,9.61,9.2,9.6,960,0,3
2020-04-29T00:00:00Z,1588118400,9.65,10.02,9.64,9.96,845,0,3
2020-04-30T00:00:00Z,1588204800,10.22,10.42,10.03,10.42,984,0,3
2020-05-01T00:00:00Z,1588291200,10.32,10.99,10.25,10.79,1174,0,3
2020-05-04T00:00:00Z,1588550400,10.74,10.88,10.32,10.35,1201,0,3
2020-05-05T00:00:00Z,1588636800,10.49,10.85,10.36,10.69,1238,0,3
2020-05-06T00:00:00Z,1588723200,10.68,10.71,10.23,10.28,1128,0,3
2020-05-07T00:00:00Z,1588809600,10.38,10.53,10.27,10.29,1195,0,3
2020-05-11T00:00:00Z,1589155200,10.38,10.43,10.09,10.11,753,0,3
2020-05-12T00:00:00Z,1589241600,10.12,10.35,10.07,10.25,693,0,3
2020-05-13T00:00:00Z,1589328000,10.13,10.31,10.12,10.26,809,0,3
2020-05-14T00:00:00Z,1589414400,10.47,10.6,10.41,10.45,1081,0,3
2020-05-15T00:00:00Z,1589500800,10.62,10.66,10.28,10.38,1119,0,3
2020-05-18T00:00:00Z,1589760000,10.61,10.81,10.57,10.73,930,0,3
2020-05-19T00:00:00Z,1589846400,10.79,10.96,10.71,10.81,1029,0,3
2020-05-20T00:00:00Z,1589932800,10.93,11.28,10.87,11.17,1011,0,3
2020-05-21T00:00:00Z,1590019200,11.22,11.29,10.86,10.91,957,0,3
2020-05-22T00:00:00Z,1590105600,10.72,10.97,10.65,10.97,1073,0,3
2020-05-26T00:00:00Z,1590451200,11.1,11.16,10.87,11.07,1173,0,3
2020-05-27T00:00:00Z,1590537600,11.07,11.08,10.71,10.78,1092,0,3
2020-05-28T00:00:00Z,1590624000,10.6,10.86,10.54,10.84,1142,0,3
2020-05-29T00:00:00Z,1590710400,10.8,10.94,10.67,10.9,1208,0,3
2020-06-01T00:00:00Z,1590969600,11.07,11.1,10.81,10.99,1235,0,3
2020-06-02T00:00:00Z,1591056000,11.05,11.25,11.03,11.24,779,0,3
2020-06-03T00:00:00Z,1591142400,11.32,11.62,11.21,11.58,1102,0,3
2020-06-04T00:00:00Z,1591228800,11.53,11.72,11.43,11.68,1115,0,3
2020-06-05T00:00:00Z,1591315200,11.81,12.03,11.81,12.01,1337,0,3
2020-06-08T00:00:00Z,1591574400,12.12,12.25,11.88,11.89,1282,0,3
2020-06-09T00:00:00Z,1591660800,11.89,12.01,11.79,12.01,1305,0,3
2020-06-10T00:00:00Z,1591747200,11.96,12.23,11.92,12.22,1185,0,3
2020-06-11T00:00:00Z,1591833600,11.98,12.09,11.86,11.94,1342,0,3
2020-06-12T00:00:00Z,1591920000,11.81,12.07,11.8,11.87,1437,0,3
2020-06-15T00:00:00Z,1592179200,11.81,12.04,11.6,12.0,1196,0,3
2020-06-16T00:00:00Z,1592265600,12.05,12.23,12.0,12.13,1364,0,3
2020-06-17T00:00:00Z,1592352000,12.04,12.16,11.92,12.08,1336,0,3
2020-06-18T00:00:00Z,1592438400,12.05,12.12,11.8,11.86,1322,0,3
2020-06-19T00:00:00Z,1592524800,11.91,12.15,11.91,12.0,1248,0,3
2020-06-22T00:00:00Z,1592784000,12.06,12.09,11.81,11.89,1092,0,3
2020-06-23T00:00:00Z,1592870400,11.92,11.94,11.75,11.78,1051,0,3
2020-06-24T00:00:00Z,1592956800,11.77,12.04,11.64,11.76,1079,0,3
2020-06-25T00:00:00Z,1593043200,11.71,11.81,11.63,11.79,1091,0,3
2020-06-26T00:00:00Z,1593129600,11.77,11.85,11.44,11.51,1128,0,3
2020-06-29T00:00:00Z,1593388800,11.53,11.82,11.38,11.76,1263,0,3
2020-06-30T00:00:00Z,1593475200,11.8,12.08,11.79,11.92,1576,0,3
2020-07-01T00:00:00Z,1593561600,12.03,12.23,12.01,12.15,1441,0,3
2020-07-02T00:00:00Z,1593648000,12.15,12.23,12.01,12.22,1191,0,3
2020-07-06T00:00:00Z,1593993600,12.14,12.25,11.89,11.94,1076,0,3
2020-07-07T00:00:00Z,1594080000,11.84,12.21,11.77,12.11,1022,0,3
2020-07-08T00:00:00Z,1594166400,12.16,12.27,11.96,12.1,1289,0,3
2020-07-09T00:00:00Z,1594252800,12.1,12.13,11.81,11.85,1113,0,3
2020-07-10T00:00:00Z,1594339200,11.85,11.91,11.66,11.74,1281,0,3
2020-07-13T00:00:00Z,1594598400,11.69,11.74,11.52,11.53,965,0,3
2020-07-14T00:00:00Z,1594684800,11.45,11.54,11.26,11.34,1148,0,3
2020-07-15T00:00:00Z,1594771200,11.38,11.88,11.35,11.87,1271,0,3
2020-07-16T00:00:00Z,1594857600,11.87,11.93,11.67,11.73,1230,0,3
2020-07-17T00:00:00Z,1594944000,11.71,11.85,11.67,11.74,843,0,3
2020-07-20T00:00:00Z,1595203200,11.68,11.74,11.51,11.67,900,0,3
2020-07-21T00:00:00Z,1595289600,11.72,11.92,11.61,11.64,1033,0,3
2020-07-22T00:00:00Z,1595376000,11.67,11.86,11.63,11.83,867,0,3
2020-07-23T00:00:00Z,1595462400,11.86,11.86,11.72,11.73,740,0,3
2020-07-24T00:00:00Z,1595548800,11.64,11.71,11.47,11.48,883,0,3
2020-07-27T00:00:00Z,1595808000,11.53,12.16,11.51,12.16,1195,0,3
2020-07-28T00:00:00Z,1595894400,12.17,12.25,11.94,12.0,1198,0,3
2020-07-29T00:00:00Z,1595980800,12.04,12.07,11.83,12.01,983,0,3
2020-07-30T00:00:00Z,1596067200,11.9,12.17,11.88,12.12,1041,0,3
2020-07-31T00:00:00Z,1596153600,12.11,12.7,12.11,12.6,1258,0,3
2020-08-03T00:00:00Z,1596412800,12.64,12.78,12.38,12.68,1400,0,3
2020-08-04T00:00:00Z,1596499200,12.63,12.78,12.53,12.75,1166,0,3
2020-08-05T00:00:00Z,1596585600,12.8,12.94,12.48,12.52,1299,0,3
2020-08-06T00:00:00Z,1596672000,12.58,12.96,12.5,12.94,1120,0,3
2020-08-07T00:00:00Z,1596758400,12.95,12.98,12.64,12.64,1250,0,3
2020-08-10T00:00:00Z,1597017600,12.57,12.8,12.4,12.55,1156,0,3
2020-08-11T00:00:00Z,1597104000,12.53,12.8,12.42,12.72,1248,0,3
2020-08-12T00:00:00Z,1597190400,12.72,12.91,12.68,12.83,1055,0,3
2020-08-13T00:00:00Z,1597276800,12.83,13.12,12.83,13.07,827,0,3
2020-08-14T00:00:00Z,1597363200,13.09,13.26,13.05,13.09,1022,0,3
2020-08-17T00:00:00Z,1597622400,13.1,13.23,13.0,13.07,993,0,3
2020-08-18T00:00:00Z,1597708800,13.01,13.1,12.73,12.88,1182,0,3
2020-08-19T00:00:00Z,1597795200,12.93,13.24,12.88,13.22,936,0,3
2020-08-20T00:00:00Z,1597881600,13.21,13.22,12.96,12.98,1122,0,3
2020-08-21T00:00:00Z,1597968000,13.01,13.06,12.79,12.8,949,0,3
2020-08-24T00:00:00Z,1598227200,12.79,12.95,12.64,12.69,1182,0,3
2020-08-25T00:00:00Z,1598313600,12.66,12.84,12.59,12.73,1131,0,3
2020-08-26T00:00:00Z,1598400000,12.78,12.85,12.54,12.57,1021,0,3
2020-08-27T00:00:00Z,1598486400,12.58,12.8,12.49,12.75,1149,0,3
2020-08-28T00:00:00Z,1598572800,12.79,12.82,12.57,12.61,975,0,3
2020-08-31T00:00:00Z,1598832000,12.65,12.72,12.55,12.64,664,0,3
2020-09-01T00:00:00Z,1598918400,12.67,12.78,12.53,12.57,918,0,3
2020-09-02T00:00:00Z,1599004800,12.61,12.62,12.42,12.43,1094,0,3
2020-09-03T00:00:00Z,1599091200,12.4,12.43,11.89,12.07,1348,0,3
2020-09-04T00:00:00Z,1599177600,12.07,12.12,11.85,11.91,1390,0,3
2020-09-08T00:00:00Z,1599523200,11.97,12.06,11.77,12.06,1445,0,3
2020-09-09T00:00:00Z,1599609600,12.09,12.15,11.91,12.01,1282,0,3
2020-09-10T00:00:00Z,1599696000,11.99,12.02,11.84,11.97,1168,0,3
2020-09-11T00:00:00Z,1599782400,11.94,11.96,11.75,11.91,922,0,3
2020-09-14T00:00:00Z,1600041600,11.91,11.96,11.71,11.77,1016,0,3
2020-09-15T00:00:00Z,1600128000,11.77,12.08,11.73,12.07,1311,0,3
2020-09-16T00:00:00Z,1600214400,12.14,12.41,12.05,12.3,980,0,3
2020-09-17T00:00:00Z,1600300800,12.24,12.67,12.2,12.54,1409,0,3
2020-09-18T00:00:00Z,1600387200,12.62,12.77,12.49,12.73,1251,0,3
2020-09-21T00:00:00Z,1600646400,12.71,12.83,12.45,12.55,1690,0,3
2020-09-22T00:00:00Z,1600732800,12.53,12.94,12.53,12.89,1284,0,3
2020-09-23T00:00:00Z,1600819200,12.86,13.04,12.75,12.85,1296,0,3
2020-09-24T00:00:00Z,1600905600,12.78,12.91,12.7,12.86,1462,0,3
2020-09-25T00:00:00Z,1600992000,12.85,13.02,12.84,13.01,1028,0,3
2020-09-28T00:00:00Z,1601251200,13.54,13.64,13.01,13.05,1191,0,3
2020-09-29T00:00:00Z,1601337600,13.06,13.51,12.92,13.41,1585,0,3
2020-09-30T00:00:00Z,1601424000,13.37,13.52,13.21,13.48,1330,0,3
2020-10-01T00:00:00Z,1601510400,13.47,13.75,13.36,13.56,1437,0,3
2020-10-02T00:00:00Z,1601596800,13.49,13.66,13.3,13.55,1668,0,3
2020-10-05T00:00:00Z,1601856000,13.53,13.73,13.48,13.59,1096,0,3
2020-10-06T00:00:00Z,1601942400,13.6,13.88,13.55,13.84,1098,0,3
2020-10-07T00:00:00Z,1602028800,13.81,14.16,13.76,14.11,1280,0,3
2020-10-08T00:00:00Z,1602115200,14.09,14.22,14.07,14.14,1221,0,3
2020-10-09T00:00:00Z,1602201600,14.14,14.29,14.02,14.22,1149,0,3
2020-10-12T00:00:00Z,1602460800,14.27,14.54,13.77,13.81,1812,0,3
2020-10-13T00:00:00Z,1602547200,13.86,14.13,13.84,14.0,1458,0,3
2020-10-14T00:00:00Z,1602633600,13.99,14.23,13.92,14.23,1328,0,3
2020-10-15T00:00:00Z,1602720000,14.23,14.47,14.0,14.18,2153,0,3
2020-10-16T00:00:00Z,1602806400,14.17,14.44,14.13,14.43,1373,0,3
2020-10-19T00:00:00Z,1603065600,14.46,14.73,14.34,14.73,1287,0,3
2020-10-20T00:00:00Z,1603152000,14.69,14.72,14.49,14.5,1324,0,3
2020-10-21T00:00:00Z,1603238400,14.46,14.56,14.29,14.48,1474,0,3
2020-10-22T00:00:00Z,1603324800,14.48,14.92,14.46,14.77,1307,0,3
2020-10-23T00:00:00Z,1603411200,14.75,14.86,14.58,14.72,1170,0,3
2020-10-26T00:00:00Z,1603670400,14.64,14.83,14.36,14.83,1376,0,3
2020-10-27T00:00:00Z,1603756800,14.8,15.02,14.67,14.87,1335,0,3
2020-10-28T00:00:00Z,1603843200,14.73,14.92,14.61,14.8,1677,0,3
2020-10-29T00:00:00Z,1603929600,14.76,14.82,14.33,14.38,1976,0,3
2020-10-30T00:00:00Z,1604016000,14.31,14.4,13.93,14.39,2248,0,3
2020-11-02T00:00:00Z,1604275200,14.23,15.02,14.23,14.96,1607,0,3
2020-11-03T00:00:00Z,1604361600,14.99,15.21,14.65,14.71,1814,0,3
2020-11-04T00:00:00Z,1604448000,14.62,14.8,14.41,14.66,1980,0,3
2020-11-05T00:00:00Z,1604534400,14.7,14.81,14.42,14.43,1552,0,3
2020-11-06T00:00:00Z,1604620800,14.35,14.98,14.26,14.97,1471,0,3
2020-11-09T00:00:00Z,1604880000,14.98,15.03,14.57,14.86,1776,0,3
2020-11-10T00:00:00Z,1604966400,14.83,14.9,14.52,14.66,1757,0,3
2020-11-11T00:00:00Z,1605052800,14.62,14.66,14.41,14.54,1417,0,3
2020-11-12T00:00:00Z,1605139200,14.49,14.98,14.49,14.82,1670,0,3
2020-11-13T00:00:00Z,1605225600,14.8,15.06,14.77,14.91,1273,0,3
2020-11-16T00:00:00Z,1605484800,14.97,15.56,14.97,15.46,1559,0,3
2020-11-17T00:00:00Z,1605571200,15.4,15.64,15.21,15.3,1565,0,3
2020-11-18T00:00:00Z,1605657600,15.31,15.54,15.31,15.38,1136,0,3
2020-11-19T00:00:00Z,1605744000,15.42,15.5,15.21,15.28,1048,0,3
2020-11-20T00:00:00Z,1605830400,15.29,15.38,14.88,15.24,1200,0,3
2020-11-23T00:00:00Z,1606089600,15.33,15.47,15.07,15.09,1246,0,3
2020-11-24T00:00:00Z,1606176000,15.04,15.12,14.91,15.06,985,0,3
2020-11-25T00:00:00Z,1606262400,15.06,15.12,14.65,14.78,1090,0,3
2020-11-27T00:00:00Z,1606435200,14.85,15.16,14.75,14.82,1369,0,3
2020-11-30T00:00:00Z,1606694400,14.84,14.89,14.4,14.48,1214,0,3
2020-12-01T00:00:00Z,1606780800,14.5,14.83,14.39,14.55,1460,0,3
2020-12-02T00:00:00Z,1606867200,14.59,14.72,14.32,14.65,1492,0,3
2020-12-03T00:00:00Z,1606953600,14.64,14.87,14.57,14.69,1300,0,3
2020-12-04T00:00:00Z,1607040000,14.72,14.75,14.38,14.45,1235,0,3
2020-12-07T00:00:00Z,1607299200,14.39,14.64,14.29,14.45,1124,0,3
2020-12-08T00:00:00Z,1607385600,14.47,14.52,14.33,14.37,1028,0,3
2020-12-09T00:00:00Z,1607472000,14.41,14.97,14.4,14.9,1396,0,3
2020-12-10T00:00:00Z,1607558400,14.89,15.04,14.59,14.62,1370,0,3
2020-12-11T00:00:00Z,1607644800,14.69,14.69,14.36,14.38,1276,0,3
2020-12-14T00:00:00Z,1607904000,14.36,14.4,14.08,14.12,1188,0,3
2020-12-15T00:00:00Z,1607990400,14.13,14.29,14.08,14.2,1063,0,3
2020-12-16T00:00:00Z,1608076800,14.26,14.52,14.23,14.45,1332,0,3
2020-12-17T00:00:00Z,1608163200,14.49,14.7,14.44,14.67,1057,0,3
2020-12-18T00:00:00Z,1608249600,14.64,14.74,14.38,14.42,1072,0,3
2020-12-21T00:00:00Z,1608508800,14.36,14.61,14.27,14.55,1351,0,3
2020-12-22T00:00:00Z,1608595200,14.58,14.6,14.39,14.5,966,0,3
2020-12-23T00:00:00Z,1608681600,14.57,14.88,14.55,14.79,990,0,3
2020-12-24T00:00:00Z,1608768000,14.84,14.98,14.74,14.87,827,0,3
2020-12-28T00:00:00Z,1609113600,14.96,15.12,14.82,14.98,821,0,3
2020-12-29T00:00:00Z,1609200000,15.01,15.06,14.84,15.03,1039,0,3
2020-12-30T00:00:00Z,1609286400,15.08,15.43,14.96,15.28,1024,0,3
2020-12-31T00:00:00Z,1609372800,15.29,15.51,15.14,15.49,1425,0,3
2021-01-04T00:00:00Z,1609718400,15.61,16.11,15.55,15.73,2034,0,3
2021-01-05T00:00:00Z,1609804800,15.78,16.13,15.62,16.08,1919,0,3
2021-01-06T00:00:00Z,1609891200,16.16,16.3,16.0,16.28,1754,0,3
2021-01-07T00:00:00Z,1609977600,16.27,16.28,15.54,15.66,2030,0,3
2021-01-08T00:00:00Z,1610064000,15.73,15.79,15.55,15.55,985,0,3
2021-01-11T00:00:00Z,1610323200,15.58,15.73,15.39,15.72,1872,0,2
2021-01-12T00:00:00Z,1610409600,15.74,15.92,15.43,15.45,1487,0,3
2021-01-13T00:00:00Z,1610496000,15.56,15.96,15.5,15.86,1378,0,3
2021-01-14T00:00:00Z,1610582400,15.95,16.72,15.94,16.72,1533,0,3
2021-01-15T00:00:00Z,1610668800,16.6,16.69,16.26,16.42,1986,0,3
2021-01-19T00:00:00Z,1611014400,16.49,16.68,16.04,16.07,1485,0,1
2021-01-20T00:00:00Z,1611100800,16.06,16.53,16.01,16.25,1330,0,1
2021-01-21T00:00:00Z,1611187200,16.29,16.35,15.81,16.05,1559,0,1
2021-01-22T00:00:00Z,1611273600,15.94,16.01,15.72,15.81,1422,0,3
2021-01-25T00:00:00Z,1611532800,15.93,16.09,15.71,15.76,1417,0,3
2021-01-26T00:00:00Z,1611619200,15.71,15.84,15.63,15.76,1301,0,3
2021-01-27T00:00:00Z,1611705600,15.87,16.17,15.65,15.8,1451,0,3
2021-01-28T00:00:00Z,1611792000,15.75,15.98,15.56,15.61,1325,0,3
2021-01-29T00:00:00Z,1611878400,15.56,16.01,15.54,15.81,1413,0,3
2021-02-01T00:00:00Z,1612137600,15.91,16.26,15.88,16.15,1524,0,3
2021-02-02T00:00:00Z,1612224000,16.21,16.46,16.06,16.35,1691,0,3
2021-02-03T00:00:00Z,1612310400,16.34,16.36,15.95,16.01,1452,0,3
2021-02-04T00:00:00Z,1612396800,16.06,16.14,15.81,16.01,1442,0,3
2021-02-05T00:00:00Z,1612483200,16.11,16.5,16.06,16.42,1881,0,3
2021-02-08T00:00:00Z,1612742400,16.48,16.59,16.25,16.27,1334,0,3
2021-02-09T00:00:00Z,1612828800,16.31,16.56,16.2,16.5,1640,0,3
2021-02-10T00:00:00Z,1612915200,16.51,17.03,16.35,16.71,1944,0,3
2021-02-11T00:00:00Z,1613001600,16.73,16.8,16.49,16.5,1185,0,3
2021-02-12T00:00:00Z,1613088000,16.46,16.57,16.29,16.35,1105,0,3
2021-02-16T00:00:00Z,1613433600,16.52,16.75,16.47,16.74,1071,0,3
2021-02-17T00:00:00Z,1613520000,16.84,17.07,16.79,16.95,1198,0,3
2021-02-18T00:00:00Z,1613606400,17.0,17.52,16.98,17.45,1303,0,3
2021-02-19T00:00:00Z,1613692800,17.64,17.94,17.61,17.81,1563,0,3
2021-02-22T00:00:00Z,1613952000,16.93,17.48,16.7,17.38,1544,0,3
2021-02-23T00:00:00Z,1614038400,17.4,17.51,16.94,16.97,2182,0,3
2021-02-24T00:00:00Z,1614124800,16.91,17.21,16.89,17.19,1691,0,3
2021-02-25T00:00:00Z,1614211200,17.18,17.34,16.67,16.88,1817,0,3
2021-02-26T00:00:00Z,1614297600,16.76,16.76,16.4,16.5,1736,0,3
2021-03-01T00:00:00Z,1614556800,16.58,16.67,16.16,16.18,1374,0,3
2021-03-02T00:00:00Z,1614643200,16.17,16.47,16.01,16.44,1677,0,3
2021-03-03T00:00:00Z,1614729600,16.51,16.51,16.05,16.1,1474,0,3
2021-03-04T00:00:00Z,1614816000,16.11,16.39,15.95,16.19,1735,0,3
2021-03-05T00:00:00Z,1614902400,16.22,16.53,16.07,16.4,1377,0,3
2021-03-08T00:00:00Z,1615161600,16.47,16.52,16.14,16.15,1501,0,3
2021-03-09T00:00:00Z,1615248000,16.12,16.14,15.84,15.91,1500,0,3
2021-03-10T00:00:00Z,1615334400,15.93,16.11,15.9,15.98,1191,0,3
2021-03-11T00:00:00Z,1615420800,16.03,16.38,15.99,16.3,1377,0,3
2021-03-12T00:00:00Z,1615507200,16.26,16.27,16.07,16.14,972,0,3
2021-03-15T00:00:00Z,1615766400,16.17,16.26,15.9,16.13,984,0,3
2021-03-16T00:00:00Z,1615852800,16.14,16.53,16.06,16.24,1103,0,1
2021-03-17T00:00:00Z,1615939200,16.21,16.26,15.93,15.98,1095,0,3
2021-03-18T00:00:00Z,1616025600,16.03,16.08,15.8,15.82,939,0,2
2021-03-19T00:00:00Z,1616112000,15.84,15.87,15.54,15.76,1203,0,3
2021-03-22T00:00:00Z,1616371200,15.76,15.84,15.5,15.51,931,0,3
2021-03-23T00:00:00Z,1616457600,15.52,15.52,15.04,15.39,1661,0,3
2021-03-24T00:00:00Z,1616544000,15.35,15.66,15.27,15.58,1232,0,3
2021-03-25T00:00:00Z,1616630400,15.5,15.61,15.0,15.04,1401,0,3
2021-03-26T00:00:00Z,1616716800,15.11,15.28,15.08,15.15,1210,0,3
2021-03-29T00:00:00Z,1616976000,15.09,15.14,14.83,14.99,1218,0,3
2021-03-30T00:00:00Z,1617062400,15.01,15.12,14.87,14.96,1169,0,3
2021-03-31T00:00:00Z,1617148800,14.95,15.01,14.66,14.72,1571,0,3
2021-04-01T00:00:00Z,1617235200,14.72,14.92,14.67,14.69,1377,0,3
2021-04-05T00:00:00Z,1617580800,14.71,14.94,14.68,14.82,864,0,3
2021-04-06T00:00:00Z,1617667200,14.84,15.19,14.78,15.08,1537,0,3
2021-04-07T00:00:00Z,1617753600,15.14,15.31,14.98,15.12,1265,0,3
2021-04-08T00:00:00Z,1617840000,15.13,15.37,15.12,15.23,1138,0,3
2021-04-09T00:00:00Z,1617926400,15.22,15.7,15.22,15.49,1500,0,3
2021-04-12T00:00:00Z,1618185600,15.5,15.61,15.31,15.35,1123,0,3
2021-04-13T00:00:00Z,1618272000,15.36,15.62,15.35,15.44,1304,0,3
2021-04-14T00:00:00Z,1618358400,15.51,15.91,15.51,15.88,1466,0,3
2021-04-15T00:00:00Z,1618444800,15.97,16.4,15.86,16.33,1562,0,3
2021-04-16T00:00:00Z,1618531200,16.33,16.78,16.21,16.62,1284,0,3
2021-04-19T00:00:00Z,1618790400,16.61,16.71,16.24,16.29,1382,0,3
2021-04-20T00:00:00Z,1618876800,16.37,16.86,16.36,16.76,1600,0,3
2021-04-21T00:00:00Z,1618963200,16.65,16.97,16.6,16.88,1276,0,3
2021-04-22T00:00:00Z,1619049600,16.83,17.05,16.79,16.93,1322,0,3
2021-04-23T00:00:00Z,1619136000,16.91,17.06,16.82,16.92,1218,0,3
2021-04-26T00:00:00Z,1619395200,16.86,17.16,16.75,17.07,1377,0,3
2021-04-27T00:00:00Z,1619481600,17.1,17.77,17.04,17.71,1817,0,3
2021-04-28T00:00:00Z,1619568000,17.54,17.55,16.99,17.17,2032,0,3
2021-04-29T00:00:00Z,1619654400,17.24,17.37,16.48,16.93,1974,0,3
2021-04-30T00:00:00Z,1619740800,16.87,17.05,16.62,17.04,1750,0,3
2021-05-04T00:00:00Z,1620086400,16.78,17.26,16.75,17.1,1698,0,3
2021-05-05T00:00:00Z,1620172800,17.23,17.56,17.17,17.52,1815,0,3
2021-05-06T00:00:00Z,1620259200,17.58,17.87,17.32,17.57,1948,0,3
2021-05-07T00:00:00Z,1620345600,17.61,17.67,17.31,17.46,1711,0,3
2021-05-10T00:00:00Z,1620604800,17.35,17.73,17.27,17.47,1619,0,3
2021-05-11T00:00:00Z,1620691200,17.47,18.12,17.38,18.1,1774,0,3
2021-05-12T00:00:00Z,1620777600,18.17,18.23,17.76,17.87,1871,0,3
2021-05-13T00:00:00Z,1620864000,17.72,17.77,17.0,17.12,1925,0,3
2021-05-14T00:00:00Z,1620950400,17.22,17.43,16.91,16.94,1544,0,3
2021-05-17T00:00:00Z,1621209600,17.03,17.11,16.79,16.97,1450,0,3
2021-05-18T00:00:00Z,1621296000,17.03,17.34,16.95,17.17,1838,0,3
2021-05-19T00:00:00Z,1621382400,17.06,17.08,16.84,16.93,1525,0,3
2021-05-20T00:00:00Z,1621468800,16.96,17.11,16.88,16.96,1335,0,3
2021-05-21T00:00:00Z,1621555200,16.98,17.0,16.59,16.71,1487,0,3
2021-05-24T00:00:00Z,1621814400,16.63,16.9,16.53,16.79,1224,0,3
2021-05-25T00:00:00Z,1621900800,16.89,17.25,16.86,17.01,1568,0,3
2021-05-26T00:00:00Z,1621987200,17.09,17.11,16.62,16.81,1530,0,3
2021-05-27T00:00:00Z,1622073600,16.81,17.17,16.78,17.15,1388,0,3
2021-05-28T00:00:00Z,1622160000,17.23,17.67,17.22,17.35,1680,0,3
2021-06-01T00:00:00Z,1622505600,17.56,17.87,17.55,17.7,1773,0,3
2021-06-02T00:00:00Z,1622592000,17.7,17.91,17.48,17.66,1555,0,3
2021-06-03T00:00:00Z,1622678400,17.68,17.69,17.28,17.37,1486,0,3
2021-06-04T00:00:00Z,1622764800,17.44,17.8,17.43,17.69,1432,0,3
2021-06-07T00:00:00Z,1623024000,17.72,17.79,17.31,17.34,1441,0,3
2021-06-08T00:00:00Z,1623110400,17.31,17.74,17.3,17.7,1410,0,3
2021-06-09T00:00:00Z,1623196800,17.73,17.88,17.54,17.71,1636,0,3
2021-06-10T00:00:00Z,1623283200,17.67,17.82,17.57,17.65,1568,0,3
2021-06-11T00:00:00Z,1623369600,17.66,17.66,17.35,17.54,1466,0,3
2021-06-14T00:00:00Z,1623628800,17.47,17.48,16.92,17.27,1470,0,3
2021-06-15T00:00:00Z,1623715200,17.33,17.44,16.92,16.99,1519,0,3
2021-06-16T00:00:00Z,1623801600,16.96,17.29,16.95,17.02,1254,0,3
2021-06-17T00:00:00Z,1623888000,16.89,16.93,16.51,16.54,1520,0,3
2021-06-18T00:00:00Z,1623974400,16.61,16.76,16.32,16.32,1255,0,3
2021-06-21T00:00:00Z,1624233600,16.32,16.9,16.17,16.77,1372,0,3
2021-06-22T00:00:00Z,1624320000,16.73,16.74,16.29,16.44,1304,0,3
2021-06-23T00:00:00Z,1624406400,16.57,16.83,16.47,16.65,1445,0,3
2021-06-24T00:00:00Z,1624492800,16.62,16.97,16.49,16.97,1472,0,3
2021-06-25T00:00:00Z,1624579200,16.96,16.99,16.72,16.95,1400,0,3
2021-06-28T00:00:00Z,1624838400,17.36,17.62,17.15,17.61,1368,0,3
2021-06-29T00:00:00Z,1624924800,17.55,17.6,17.34,17.51,1354,0,3
2021-06-30T00:00:00Z,1625011200,17.55,17.91,17.45,17.88,1656,0,3
2021-07-01T00:00:00Z,1625097600,17.87,18.47,17.72,17.91,2224,0,3
2021-07-02T00:00:00Z,1625184000,17.95,18.32,17.93,18.18,1664,0,3
2021-07-06T00:00:00Z,1625529600,18.33,18.41,17.81,17.82,2021,0,3
2021-07-07T00:00:00Z,1625616000,17.95,18.09,17.44,17.73,1795,0,3
2021-07-08T00:00:00Z,1625702400,17.74,17.8,17.36,17.36,1700,0,3
2021-07-09T00:00:00Z,1625788800,17.35,17.44,17.15,17.21,1462,0,3
2021-07-12T00:00:00Z,1626048000,17.18,17.21,16.92,17.03,1446,0,3
2021-07-13T00:00:00Z,1626134400,17.17,17.17,16.72,17.11,1436,0,3
2021-07-14T00:00:00Z,1626220800,17.19,17.22,16.84,16.84,1404,0,3
2021-07-15T00:00:00Z,1626307200,16.87,17.35,16.82,17.3,1588,0,3
2021-07-16T00:00:00Z,1626393600,17.32,17.76,17.23,17.61,1768,0,3
2021-07-19T00:00:00Z,1626652800,17.71,17.76,17.04,17.14,1998,0,3
2021-07-20T00:00:00Z,1626739200,17.23,17.51,17.19,17.39,1763,0,3
2021-07-21T00:00:00Z,1626825600,17.4,17.67,17.25,17.67,1326,0,3
2021-07-22T00:00:00Z,1626912000,17.64,17.72,17.46,17.61,1618,0,3
2021-07-23T00:00:00Z,1626998400,17.65,18.26,17.64,18.11,1572,0,3
2021-07-26T00:00:00Z,1627257600,18.25,18.6,17.77,18.59,2043,0,3
2021-07-27T00:00:00Z,1627344000,18.52,18.71,18.26,18.36,1776,0,3
2021-07-28T00:00:00Z,1627430400,18.35,18.67,18.09,18.64,1707,0,3
2021-07-29T00:00:00Z,1627516800,18.68,18.8,18.22,18.3,1770,0,3
2021-07-30T00:00:00Z,1627603200,18.3,18.43,17.8,17.91,1854,0,3
2021-08-02T00:00:00Z,1627862400,17.93,18.13,17.89,17.93,1748,0,3
2021-08-03T00:00:00Z,1627948800,17.89,18.22,17.74,18.0,1866,0,3
2021-08-04T00:00:00Z,1628035200,18.03,18.17,17.89,17.91,1404,0,3
2021-08-05T00:00:00Z,1628121600,17.98,18.66,17.81,18.63,1631,0,3
2021-08-06T00:00:00Z,1628208000,18.53,18.9,18.51,18.63,1511,0,3
2021-08-09T00:00:00Z,1628467200,18.49,18.68,18.37,18.49,1742,0,3
2021-08-10T00:00:00Z,1628553600,18.58,19.61,18.58,19.58,2219,0,3
2021-08-11T00:00:00Z,1628640000,19.59,19.63,19.29,19.39,1979,0,3
2021-08-12T00:00:00Z,1628726400,19.45,19.62,19.32,19.55,1470,0,3
2021-08-13T00:00:00Z,1628812800,19.54,20.05,19.52,20.05,1794,0,3
2021-08-16T00:00:00Z,1629072000,19.96,20.15,19.89,20.01,1682,0,3
2021-08-17T00:00:00Z,1629158400,20.01,20.35,19.92,20.03,1737,0,3
2021-08-18T00:00:00Z,1629244800,20.03,20.29,19.97,20.21,1884,0,3
2021-08-19T00:00:00Z,1629331200,19.96,20.05,19.7,19.78,2081,0,3
2021-08-20T00:00:00Z,1629417600,19.83,19.97,19.49,19.49,1648,0,3
2021-08-23T00:00:00Z,1629676800,19.61,19.77,19.48,19.58,1400,0,3
2021-08-24T00:00:00Z,1629763200,19.61,19.86,19.5,19.58,1542,0,3
2021-08-25T00:00:00Z,1629849600,19.52,19.81,19.41,19.81,1601,0,3
2021-08-26T00:00:00Z,1629936000,19.79,19.85,19.48,19.67,1591,0,3
2021-08-27T00:00:00Z,1630022400,19.66,20.08,19.61,20.07,1660,0,3
2021-08-30T00:00:00Z,1630281600,20.06,20.28,20.0,20.23,1071,0,3
2021-08-31T00:00:00Z,1630368000,20.25,20.25,19.71,19.82,1836,0,3
2021-09-01T00:00:00Z,1630454400,19.95,20.01,19.6,19.67,1528,0,3
2021-09-02T00:00:00Z,1630540800,19.71,19.9,19.61,19.86,1585,0,3
2021-09-03T00:00:00Z,1630627200,19.88,19.89,19.54,19.58,1355,0,3
2021-09-07T00:00:00Z,1630972800,19.63,19.69,19.43,19.43,1312,0,3
2021-09-08T00:00:00Z,1631059200,19.46,19.74,19.44,19.48,1461,0,3
2021-09-09T00:00:00Z,1631145600,19.52,19.54,19.09,19.18,1795,0,3
2021-09-10T00:00:00Z,1631232000,19.18,19.21,18.72,18.83,1441,0,3
2021-09-14T00:00:00Z,1631577600,19.03,19.16,18.84,18.92,1676,0,3
2021-09-15T00:00:00Z,1631664000,18.95,19.63,18.95,19.57,1632,0,3
2021-09-16T00:00:00Z,1631750400,19.48,19.68,19.3,19.5,1286,0,3
2021-09-17T00:00:00Z,1631836800,19.49,19.57,19.02,19.15,1717,0,3
2021-09-20T00:00:00Z,1632096000,18.93,19.09,18.8,18.88,1500,0,3
2021-09-21T00:00:00Z,1632182400,18.97,19.2,18.8,18.98,1452,0,3
2021-09-22T00:00:00Z,1632268800,19.02,19.37,19.01,19.29,1258,0,3
2021-09-23T00:00:00Z,1632355200,19.37,19.53,19.28,19.49,1064,0,3
2021-09-24T00:00:00Z,1632441600,19.5,19.5,19.03,19.13,1157,0,3
2021-10-14T00:00:00Z,1634169600,19.6,19.7,19.55,19.57,187,0,3
2021-10-15T00:00:00Z,1634256000,19.59,19.95,19.57,19.79,1226,0,3
2021-10-18T00:00:00Z,1634515200,19.76,19.77,19.17,19.27,1522,0,3
2021-10-19T00:00:00Z,1634601600,19.39,19.42,18.81,18.9,1444,0,3
2021-10-20T00:00:00Z,1634688000,18.97,19.09,18.83,18.99,1234,0,3
2021-10-21T00:00:00Z,1634774400,18.98,19.17,18.86,18.96,1387,0,3
2021-10-22T00:00:00Z,1634860800,19.01,19.13,18.91,19.02,1109,0,3
2021-10-25T00:00:00Z,1635120000,19.18,19.42,18.97,19.37,998,0,3
2021-10-26T00:00:00Z,1635206400,19.35,19.67,19.31,19.6,1035,0,3
2021-10-27T00:00:00Z,1635292800,19.55,19.85,19.52,19.67,1220,0,3
2021-10-28T00:00:00Z,1635379200,19.65,19.82,19.49,19.6,1288,0,3
2021-10-29T00:00:00Z,1635465600,19.66,19.68,19.2,19.25,1216,0,3
2021-11-01T00:00:00Z,1635724800,19.26,19.52,19.17,19.35,1113,0,3
2021-11-02T00:00:00Z,1635811200,19.37,19.63,19.27,19.49,1189,0,3
2021-11-03T00:00:00Z,1635897600,19.48,19.48,19.31,19.37,1026,0,3
2021-11-04T00:00:00Z,1635984000,19.38,19.81,19.37,19.62,1129,0,3
2021-11-05T00:00:00Z,1636070400,19.62,19.96,19.55,19.95,1030,0,3
2021-11-08T00:00:00Z,1636329600,19.96,20.08,19.87,19.89,1122,0,3
2021-11-09T00:00:00Z,1636416000,19.93,20.08,19.79,19.87,1255,0,3
2021-11-10T00:00:00Z,1636502400,19.93,19.97,19.51,19.64,1327,0,3
2021-11-11T00:00:00Z,1636588800,19.61,20.12,19.61,20.1,1114,0,3
2021-11-12T00:00:00Z,1636675200,20.11,20.15,19.9,20.0,1263,0,3
2021-11-15T00:00:00Z,1636934400,20.01,20.1,19.67,19.71,1163,0,3
2021-11-16T00:00:00Z,1637020800,19.68,19.99,19.65,19.98,1132,0,3
2021-11-17T00:00:00Z,1637107200,19.95,20.49,19.95,20.46,1200,0,3
2021-11-18T00:00:00Z,1637193600,20.45,20.66,20.09,20.14,1506,0,3
2021-11-19T00:00:00Z,1637280000,20.14,20.27,19.88,19.99,1355,0,3
2021-11-22T00:00:00Z,1637539200,20.05,20.08,19.67,19.74,1172,0,3
2021-11-23T00:00:00Z,1637625600,19.71,20.13,19.58,19.98,1246,0,3
2021-11-24T00:00:00Z,1637712000,20.03,20.17,19.79,19.93,1248,0,3
2021-11-26T00:00:00Z,1637884800,19.66,19.69,19.14,19.37,1536,0,3
2021-11-29T00:00:00Z,1638144000,19.58,19.64,19.14,19.17,1287,0,3
2021-11-30T00:00:00Z,1638230400,19.09,19.17,18.54,18.54,1339,0,3
2021-12-01T00:00:00Z,1638316800,18.8,18.85,18.55,18.58,1438,0,3
2021-12-02T00:00:00Z,1638403200,18.67,18.76,18.45,18.63,1509,0,3
2021-12-03T00:00:00Z,1638489600,18.67,18.94,18.66,18.77,1150,0,3
2021-12-06T00:00:00Z,1638748800,18.88,19.23,18.76,19.14,1084,0,3
2021-12-07T00:00:00Z,1638835200,19.25,19.49,19.19,19.42,1040,0,3
2021-12-08T00:00:00Z,1638921600,19.37,19.88,19.35,19.79,950,0,3
2021-12-09T00:00:00Z,1639008000,19.79,19.85,19.52,19.68,1170,0,3
2021-12-10T00:00:00Z,1639094400,19.6,19.82,19.51,19.7,1093,0,3
2021-12-13T00:00:00Z,1639353600,19.74,19.83,19.57,19.64,1085,0,3
2021-12-14T00:00:00Z,1639440000,19.67,19.77,19.6,19.61,1070,0,3
2021-12-15T00:00:00Z,1639526400,19.54,19.56,19.16,19.25,1248,0,3
2021-12-16T00:00:00Z,1639612800,19.42,19.51,19.18,19.38,1119,0,3
2021-12-17T00:00:00Z,1639699200,19.29,19.37,19.0,19.11,1035,0,3
2021-12-20T00:00:00Z,1639958400,18.87,18.89,18.51,18.57,1298,0,3
2021-12-21T00:00:00Z,1640044800,18.66,18.75,18.56,18.73,1063,0,3
2021-12-22T00:00:00Z,1640131200,18.78,19.36,18.76,19.23,1260,0,3
2021-12-23T00:00:00Z,1640217600,19.25,19.36,19.1,19.22,1266,0,3
2021-12-27T00:00:00Z,1640563200,19.12,19.27,19.04,19.17,617,0,3
2021-12-28T00:00:00Z,1640649600,19.22,19.34,18.91,18.97,1004,0,3
2021-12-29T00:00:00Z,1640736000,19.0,19.16,18.82,19.05,1114,0,3
2021-12-30T00:00:00Z,1640822400,19.05,19.05,18.61,18.77,1090,0,3
2021-12-31T00:00:00Z,1640908800,18.75,18.96,18.73,18.79,1099,0,3
2022-01-03T00:00:00Z,1641168000,18.95,18.95,18.67,18.75,706,0,3
2022-01-04T00:00:00Z,1641254400,18.78,18.84,18.61,18.7,1180,0,3
2022-01-05T00:00:00Z,1641340800,18.75,18.75,18.31,18.33,1225,0,3
2022-01-06T00:00:00Z,1641427200,18.31,18.37,18.14,18.2,973,0,3
2022-01-07T00:00:00Z,1641513600,18.25,18.42,17.98,18.03,1235,0,3
2022-01-10T00:00:00Z,1641772800,18.08,18.19,17.59,17.87,1404,0,3
2022-01-11T00:00:00Z,1641859200,17.92,18.19,17.84,18.08,1259,0,3
2022-01-12T00:00:00Z,1641945600,18.16,18.45,18.14,18.31,1162,0,3
2022-01-13T00:00:00Z,1642032000,18.33,18.4,17.97,18.09,1253,0,3
2022-01-14T00:00:00Z,1642118400,18.11,18.35,18.02,18.3,1243,0,3
2022-01-17T00:00:00Z,1642377600,18.3,18.3,18.3,18.3,2,0,4
2022-01-18T00:00:00Z,1642464000,18.45,18.77,18.45,18.61,1452,0,3
2022-01-19T00:00:00Z,1642550400,18.71,19.13,18.71,19.07,1258,0,3
2022-01-20T00:00:00Z,1642636800,19.07,19.27,18.86,18.91,1335,0,3
2022-01-21T00:00:00Z,1642723200,18.73,19.07,18.67,18.88,1443,0,3
2022-01-24T00:00:00Z,1642982400,18.83,18.97,18.5,18.78,1365,0,3
2022-01-25T00:00:00Z,1643068800,18.86,18.93,18.61,18.74,1357,0,3
2022-01-26T00:00:00Z,1643155200,18.73,18.78,18.37,18.48,1201,0,3
2022-01-27T00:00:00Z,1643241600,18.42,18.5,18.3,18.39,994,0,3
2022-01-28T00:00:00Z,1643328000,18.45,18.48,18.08,18.22,1221,0,3
2022-01-31T00:00:00Z,1643587200,18.29,18.35,17.89,18.28,1457,0,3
2022-02-01T00:00:00Z,1643673600,18.28,18.54,18.17,18.46,1417,0,3
2022-02-02T00:00:00Z,1643760000,18.48,18.48,17.89,17.9,1529,0,3
2022-02-03T00:00:00Z,1643846400,17.92,18.1,17.76,17.97,1452,0,3
2022-02-04T00:00:00Z,1643932800,18.0,18.29,17.96,18.19,1460,0,3
2022-02-07T00:00:00Z,1644192000,18.17,18.28,17.96,18.03,1249,0,3
2022-02-08T00:00:00Z,1644278400,18.03,18.12,17.83,18.06,1196,0,3
2022-02-09T00:00:00Z,1644364800,18.09,18.66,18.01,18.42,1466,0,3
2022-02-10T00:00:00Z,1644451200,18.43,18.52,18.21,18.31,1459,0,3
2022-02-11T00:00:00Z,1644537600,18.26,18.32,18.06,18.27,1188,0,3
2022-02-14T00:00:00Z,1644796800,18.25,18.38,17.99,18.15,1153,0,3
2022-02-15T00:00:00Z,1644883200,18.23,18.23,17.95,18.12,1094,0,3
2022-02-16T00:00:00Z,1644969600,18.19,18.23,18.03,18.06,891,0,3
2022-02-17T00:00:00Z,1645056000,18.07,18.33,18.04,18.24,935,0,3
2022-02-18T00:00:00Z,1645142400,18.25,18.45,18.1,18.18,866,0,3
2022-02-22T00:00:00Z,1645488000,18.34,18.48,18.26,18.47,945,0,3
2022-02-23T00:00:00Z,1645574400,18.47,18.58,18.44,18.51,755,0,3
2022-02-24T00:00:00Z,1645660800,18.65,18.85,18.24,18.24,1820,0,3
2022-02-25T00:00:00Z,1645747200,18.31,18.36,17.94,18.02,1237,0,3
2022-02-28T00:00:00Z,1646006400,17.76,17.76,17.56,17.66,1057,0,3
2022-03-01T00:00:00Z,1646092800,17.7,18.41,17.69,18.24,1228,0,3
2022-03-02T00:00:00Z,1646179200,18.45,18.65,18.26,18.61,1417,0,3
2022-03-03T00:00:00Z,1646265600,18.67,18.96,18.44,18.91,1518,0,3
2022-03-04T00:00:00Z,1646352000,18.85,19.46,18.8,19.34,1526,0,3
2022-03-07T00:00:00Z,1646611200,19.58,19.87,19.2,19.21,2435,0,3
2022-03-08T00:00:00Z,1646697600,19.15,19.71,19.01,19.38,1983,0,3
2022-03-09T00:00:00Z,1646784000,19.47,19.6,18.89,19.0,2321,0,3
2022-03-10T00:00:00Z,1646870400,19.01,19.57,18.94,19.09,2159,0,3
2022-03-11T00:00:00Z,1646956800,19.09,19.26,18.86,19.21,1661,0,3
2022-03-14T00:00:00Z,1647216000,19.07,19.17,18.99,19.08,1217,0,3
2022-03-15T00:00:00Z,1647302400,18.81,18.86,18.56,18.74,1332,0,3
2022-03-16T00:00:00Z,1647388800,18.75,18.82,18.5,18.55,1213,0,3
2022-03-17T00:00:00Z,1647475200,18.62,18.95,18.54,18.69,1315,0,3
2022-03-18T00:00:00Z,1647561600,18.7,18.98,18.56,18.95,1143,0,3
2022-03-21T00:00:00Z,1647820800,19.05,19.32,19.01,19.25,1077,0,3
2022-03-22T00:00:00Z,1647907200,19.25,19.28,19.11,19.15,1069,0,3
2022-03-23T00:00:00Z,1647993600,19.15,19.35,19.03,19.22,1036,0,3
2022-03-24T00:00:00Z,1648080000,19.25,19.48,19.21,19.22,1163,0,3
2022-03-25T00:00:00Z,1648166400,19.26,19.63,19.2,19.63,986,0,3
2022-03-28T00:00:00Z,1648425600,19.46,19.62,19.35,19.54,1264,0,3
2022-03-29T00:00:00Z,1648512000,19.56,19.57,18.83,19.12,1923,0,3
2022-03-30T00:00:00Z,1648598400,19.29,19.57,19.19,19.47,1279,0,3
2022-03-31T00:00:00Z,1648684800,19.25,19.51,19.22,19.5,1320,0,3
2022-04-01T00:00:00Z,1648771200,19.44,19.5,19.24,19.35,1259,0,3
2022-04-04T00:00:00Z,1649030400,19.36,19.75,19.36,19.62,1030,0,3
2022-04-05T00:00:00Z,1649116800,19.65,19.79,19.53,19.62,1103,0,3
2022-04-06T00:00:00Z,1649203200,19.65,19.74,19.44,19.6,1210,0,3
2022-04-07T00:00:00Z,1649289600,19.63,20.02,19.58,19.86,1495,0,3
2022-04-08T00:00:00Z,1649376000,19.89,20.43,19.83,20.33,1573,0,3
2022-04-11T00:00:00Z,1649635200,20.28,20.36,20.04,20.28,1688,0,3
2022-04-12T00:00:00Z,1649721600,20.33,20.46,20.14,20.22,1615,0,3
2022-04-13T00:00:00Z,1649808000,20.16,20.49,20.01,20.1,1752,0,3
2022-04-14T00:00:00Z,1649894400,20.12,20.33,19.89,20.1,1521,0,3
2022-04-18T00:00:00Z,1650240000,20.09,20.26,19.97,20.25,1134,0,3
2022-04-19T00:00:00Z,1650326400,20.16,20.2,19.71,19.71,1412,0,3
2022-04-20T00:00:00Z,1650412800,19.75,19.84,19.6,19.65,1142,0,3
2022-04-21T00:00:00Z,1650499200,19.64,19.92,19.56,19.87,1158,0,3
2022-04-22T00:00:00Z,1650585600,19.77,19.78,19.2,19.21,1294,0,3
2022-04-25T00:00:00Z,1650844800,18.9,18.97,18.8,18.83,772,0,3
2022-04-26T00:00:00Z,1650931200,18.97,19.12,18.82,18.94,1498,0,3
2022-04-27T00:00:00Z,1651017600,18.89,19.24,18.72,18.88,1538,0,3
2022-04-28T00:00:00Z,1651104000,18.91,19.28,18.74,19.19,1608,0,3
2022-04-29T00:00:00Z,1651190400,19.22,19.38,19.1,19.14,1302,0,3
2022-05-02T00:00:00Z,1651449600,19.04,19.08,18.67,18.82,918,0,3
2022-05-03T00:00:00Z,1651536000,18.84,18.89,18.58,18.64,1191,0,3
2022-05-04T00:00:00Z,1651622400,18.72,18.89,18.53,18.58,1298,0,3
2022-05-05T00:00:00Z,1651708800,18.7,18.86,18.6,18.81,1240,0,3
2022-05-06T00:00:00Z,1651795200,18.8,19.19,18.56,19.13,1645,0,3
2022-05-09T00:00:00Z,1652054400,18.92,19.01,18.55,18.66,1265,0,3
2022-05-10T00:00:00Z,1652140800,18.63,18.75,18.5,18.53,1218,0,3
2022-05-11T00:00:00Z,1652227200,18.59,18.71,18.43,18.52,1142,0,3
2022-05-12T00:00:00Z,1652313600,18.45,18.69,18.29,18.59,1295,0,3
2022-05-13T00:00:00Z,1652400000,18.73,19.18,18.69,19.18,1063,0,3
2022-05-16T00:00:00Z,1652659200,19.37,19.66,19.29,19.66,1269,0,3
2022-05-17T00:00:00Z,1652745600,19.63,20.22,19.55,19.99,1511,0,3
2022-05-18T00:00:00Z,1652832000,19.92,20.11,19.73,19.84,1717,0,3
2022-05-19T00:00:00Z,1652918400,19.63,19.86,19.5,19.77,1501,0,3
2022-05-20T00:00:00Z,1653004800,19.82,20.07,19.73,19.95,1329,0,3
2022-05-23T00:00:00Z,1653264000,19.99,20.07,19.77,19.78,1034,0,3
2022-05-24T00:00:00Z,1653350400,19.66,19.97,19.44,19.75,1486,0,3
2022-05-25T00:00:00Z,1653436800,19.83,19.91,19.52,19.66,1293,0,3
2022-05-26T00:00:00Z,1653523200,19.37,19.6,19.26,19.52,1240,0,3
2022-05-27T00:00:00Z,1653609600,19.53,19.71,19.39,19.6,1140,0,3
2022-05-30T00:00:00Z,1653868800,19.62,19.62,19.62,19.62,1,0,4
2022-05-31T00:00:00Z,1653955200,19.83,19.9,19.32,19.39,1380,0,3
2022-06-01T00:00:00Z,1654041600,19.4,19.66,19.26,19.42,1476,0,3
2022-06-02T00:00:00Z,1654128000,19.36,19.57,19.22,19.32,1002,0,3
2022-06-03T00:00:00Z,1654214400,19.35,19.39,19.24,19.27,602,0,3
2022-06-06T00:00:00Z,1654473600,19.47,19.74,19.45,19.56,1395,0,3
2022-06-07T00:00:00Z,1654560000,19.3,19.39,18.94,18.96,1493,0,3
2022-06-08T00:00:00Z,1654646400,18.97,19.15,18.83,18.96,1388,0,3
2022-06-09T00:00:00Z,1654732800,18.97,19.43,18.81,19.3,1561,0,3
2022-06-10T00:00:00Z,1654819200,19.25,19.33,18.83,18.84,1217,0,3
2022-06-13T00:00:00Z,1655078400,18.78,18.79,18.6,18.7,1261,0,3
2022-06-14T00:00:00Z,1655164800,18.66,18.74,18.57,18.74,1059,0,3
2022-06-15T00:00:00Z,1655251200,18.69,18.71,18.36,18.4,1077,0,3
2022-06-16T00:00:00Z,1655337600,18.5,18.63,18.37,18.59,1126,0,3
2022-06-17T00:00:00Z,1655424000,18.74,18.94,18.56,18.58,1532,0,3
2022-06-21T00:00:00Z,1655769600,18.6,18.98,18.59,18.66,1280,0,3
2022-06-22T00:00:00Z,1655856000,18.52,18.56,18.41,18.43,1060,0,3
2022-06-23T00:00:00Z,1655942400,18.38,18.53,18.3,18.36,1322,0,3
2022-06-24T00:00:00Z,1656028800,18.33,18.42,18.22,18.36,1122,0,3
2022-06-27T00:00:00Z,1656288000,18.34,18.43,18.12,18.24,1220,0,3
2022-06-28T00:00:00Z,1656374400,18.36,18.57,18.32,18.47,1212,0,3
2022-06-29T00:00:00Z,1656460800,18.49,18.53,18.36,18.53,940,0,3
2022-06-30T00:00:00Z,1656547200,18.52,18.74,18.4,18.46,1378,0,3
2022-07-01T00:00:00Z,1656633600,18.38,18.52,18.05,18.05,1251,0,3
2022-07-05T00:00:00Z,1656979200,18.13,18.27,17.7,17.8,1385,0,3
2022-07-06T00:00:00Z,1657065600,17.89,18.01,17.73,17.97,1485,0,3
2022-07-07T00:00:00Z,1657152000,18.06,18.57,17.97,18.5,1516,0,3
2022-07-08T00:00:00Z,1657238400,18.48,19.12,18.44,19.04,1591,0,3
2022-07-11T00:00:00Z,1657497600,19.03,19.1,18.83,18.9,1529,0,3
2022-07-12T00:00:00Z,1657584000,18.8,18.88,18.59,18.7,1395,0,3
2022-07-13T00:00:00Z,1657670400,18.69,19.18,18.68,19.12,1361,0,3
2022-07-14T00:00:00Z,1657756800,19.12,19.17,18.81,18.97,1788,0,3
2022-07-15T00:00:00Z,1657843200,18.97,19.36,18.91,19.14,1294,0,3
2022-07-18T00:00:00Z,1658102400,19.26,19.58,19.23,19.38,1210,0,3
2022-07-19T00:00:00Z,1658188800,19.3,19.37,18.79,18.86,1655,0,3
2022-07-20T00:00:00Z,1658275200,18.83,18.92,18.63,18.67,1106,0,3
2022-07-21T00:00:00Z,1658361600,18.67,18.72,18.25,18.33,1284,0,3
2022-07-22T00:00:00Z,1658448000,18.32,18.33,17.86,17.88,1310,0,3
2022-07-25T00:00:00Z,1658707200,17.86,17.87,17.43,17.46,1318,0,3
2022-07-26T00:00:00Z,1658793600,17.63,17.8,17.33,17.44,1546,0,3
2022-07-27T00:00:00Z,1658880000,17.47,17.6,17.31,17.38,1513,0,3
2022-07-28T00:00:00Z,1658966400,17.52,17.95,17.49,17.72,1867,0,3
2022-07-29T00:00:00Z,1659052800,17.81,17.86,17.51,17.54,1270,0,3
2022-08-01T00:00:00Z,1659312000,17.56,17.62,17.19,17.62,1509,0,3
2022-08-02T00:00:00Z,1659398400,17.66,17.76,17.35,17.65,1399,0,3
2022-08-03T00:00:00Z,1659484800,17.63,18.01,17.49,17.77,1564,0,3
2022-08-04T00:00:00Z,1659571200,17.64,17.84,17.52,17.59,1404,0,3
2022-08-05T00:00:00Z,1659657600,17.63,17.96,17.57,17.95,1324,0,3
2022-08-08T00:00:00Z,1659916800,17.94,18.12,17.8,17.92,1412,0,3
2022-08-09T00:00:00Z,1660003200,17.91,18.06,17.76,17.96,1311,0,3
2022-08-10T00:00:00Z,1660089600,17.97,18.38,17.94,18.22,1394,0,3
2022-08-11T00:00:00Z,1660176000,18.27,18.48,18.17,18.48,1168,0,3
2022-08-12T00:00:00Z,1660262400,18.53,18.62,18.38,18.62,1086,0,3
2022-08-15T00:00:00Z,1660521600,18.54,18.68,18.42,18.55,1198,0,3
2022-08-16T00:00:00Z,1660608000,18.51,18.53,18.2,18.26,1262,0,3
2022-08-17T00:00:00Z,1660694400,18.29,18.4,18.13,18.23,1316,0,3
2022-08-18T00:00:00Z,1660780800,18.23,18.23,17.74,17.78,1166,0,3
2022-08-19T00:00:00Z,1660867200,17.77,18.17,17.6,18.04,1425,0,3
2022-08-22T00:00:00Z,1661126400,17.95,18.07,17.73,17.9,1249,0,3
2022-08-23T00:00:00Z,1661212800,17.99,18.01,17.79,17.91,1259,0,3
2022-08-24T00:00:00Z,1661299200,17.91,18.22,17.91,18.02,1334,0,3
2022-08-25T00:00:00Z,1661385600,18.1,18.18,17.71,17.89,1329,0,3
2022-08-26T00:00:00Z,1661472000,17.91,18.47,17.84,18.44,1512,0,3
2022-08-29T00:00:00Z,1661731200,18.4,18.48,18.19,18.4,992,0,3
2022-08-30T00:00:00Z,1661817600,18.45,18.5,18.05,18.12,1359,0,3
2022-08-31T00:00:00Z,1661904000,18.22,18.23,17.84,17.88,1368,0,3
2022-09-01T00:00:00Z,1661990400,17.8,18.05,17.74,17.99,1555,0,3
2022-09-02T00:00:00Z,1662076800,18.09,18.3,18.02,18.13,1474,0,3
2022-09-06T00:00:00Z,1662422400,18.17,18.26,17.92,17.97,1613,0,3
2022-09-07T00:00:00Z,1662508800,17.96,18.32,17.91,18.07,1663,0,3
2022-09-08T00:00:00Z,1662595200,18.06,18.22,17.84,17.9,1556,0,3
2022-09-09T00:00:00Z,1662681600,18.0,18.24,17.92,18.21,1611,0,3
2022-09-12T00:00:00Z,1662940800,18.25,18.5,18.12,18.36,1536,0,3
2022-09-13T00:00:00Z,1663027200,18.38,18.57,18.21,18.37,1792,0,3
2022-09-14T00:00:00Z,1663113600,18.4,18.53,18.23,18.28,1459,0,3
2022-09-15T00:00:00Z,1663200000,18.33,18.37,18.15,18.18,1478,0,3
2022-09-16T00:00:00Z,1663286400,18.17,18.17,17.86,17.91,1493,0,3
2022-09-19T00:00:00Z,1663545600,17.9,17.9,17.49,17.68,884,0,3
2022-09-20T00:00:00Z,1663632000,17.77,18.24,17.65,18.14,1642,0,3
2022-09-21T00:00:00Z,1663718400,18.25,18.33,18.07,18.21,1286,0,3
2022-09-22T00:00:00Z,1663804800,18.18,18.5,18.18,18.48,960,0,3
2022-09-23T00:00:00Z,1663891200,18.4,18.53,18.03,18.26,1468,0,3
2022-09-26T00:00:00Z,1664150400,17.63,17.91,17.52,17.59,1329,0,3
2022-09-27T00:00:00Z,1664236800,17.72,17.89,17.54,17.61,1245,0,3
2022-09-28T00:00:00Z,1664323200,17.56,17.8,17.42,17.7,1217,0,3
2022-09-29T00:00:00Z,1664409600,17.68,17.78,17.62,17.72,1159,0,3
2022-09-30T00:00:00Z,1664496000,17.78,17.87,17.59,17.65,1178,0,3
2022-10-03T00:00:00Z,1664755200,17.74,17.81,17.35,17.43,1004,0,3
2022-10-04T00:00:00Z,1664841600,17.52,17.97,17.4,17.88,1032,0,3
2022-10-05T00:00:00Z,1664928000,17.93,18.08,17.87,17.92,1099,0,3
2022-10-06T00:00:00Z,1665014400,17.96,18.48,17.96,18.38,1194,0,3
2022-10-07T00:00:00Z,1665100800,18.36,18.71,18.34,18.7,1233,0,3
2022-10-10T00:00:00Z,1665360000,18.66,18.76,18.52,18.62,1327,0,3
2022-10-11T00:00:00Z,1665446400,18.5,18.73,18.36,18.69,1349,0,3
2022-10-12T00:00:00Z,1665532800,18.7,18.92,18.56,18.66,1222,0,3
2022-10-13T00:00:00Z,1665619200,18.65,18.81,18.4,18.76,1261,0,3
2022-10-14T00:00:00Z,1665705600,18.81,18.88,18.74,18.8,1017,0,3
2022-10-17T00:00:00Z,1665964800,18.81,18.9,18.66,18.71,1052,0,3
2022-10-18T00:00:00Z,1666051200,18.73,18.73,18.52,18.68,1130,0,3
2022-10-19T00:00:00Z,1666137600,18.7,18.7,18.44,18.6,1111,0,3
2022-10-20T00:00:00Z,1666224000,18.61,18.64,18.35,18.39,1129,0,3
2022-10-21T00:00:00Z,1666310400,18.36,18.56,18.25,18.36,1222,0,3
2022-10-24T00:00:00Z,1666569600,18.26,18.35,18.09,18.1,1035,0,3
2022-10-25T00:00:00Z,1666656000,18.12,18.18,18.05,18.09,975,0,3
2022-10-26T00:00:00Z,1666742400,18.09,18.09,17.83,17.84,1042,0,3
2022-10-27T00:00:00Z,1666828800,17.85,17.91,17.68,17.7,921,0,3
2022-10-28T00:00:00Z,1666915200,17.71,17.72,17.54,17.6,857,0,3
2022-10-31T00:00:00Z,1667174400,17.67,17.98,17.66,17.97,1295,0,3
2022-11-01T00:00:00Z,1667260800,18.11,18.48,18.09,18.36,1272,0,3
2022-11-02T00:00:00Z,1667347200,18.42,18.47,18.14,18.46,1058,0,3
2022-11-03T00:00:00Z,1667433600,18.35,18.46,18.19,18.46,1029,0,3
2022-11-04T00:00:00Z,1667520000,18.5,18.8,18.5,18.67,1225,0,3
2022-11-07T00:00:00Z,1667779200,18.42,18.78,18.41,18.65,1571,0,3
2022-11-08T00:00:00Z,1667865600,18.68,19.01,18.57,19.0,1185,0,3
2022-11-09T00:00:00Z,1667952000,18.95,19.41,18.84,19.28,1670,0,3
2022-11-10T00:00:00Z,1668038400,19.29,19.41,19.09,19.38,1586,0,3
2022-11-11T00:00:00Z,1668124800,19.44,19.83,19.44,19.59,1315,0,3
2022-11-14T00:00:00Z,1668384000,19.57,19.96,19.49,19.8,1340,0,3
2022-11-15T00:00:00Z,1668470400,19.81,20.31,19.73,20.29,1561,0,3
2022-11-16T00:00:00Z,1668556800,20.28,20.46,20.21,20.24,1680,0,3
2022-11-17T00:00:00Z,1668643200,20.07,20.17,19.67,19.71,1668,0,3
2022-11-18T00:00:00Z,1668729600,19.59,20.32,19.58,20.06,1637,0,3
2022-11-21T00:00:00Z,1668988800,19.92,19.98,19.72,19.87,1426,0,3
2022-11-22T00:00:00Z,1669075200,19.91,20.05,19.67,19.72,1239,0,3
2022-11-23T00:00:00Z,1669161600,19.71,19.76,19.44,19.54,1177,0,3
2022-11-25T00:00:00Z,1669334400,19.72,19.8,19.29,19.29,1243,0,3
2022-11-28T00:00:00Z,1669593600,19.24,19.43,19.04,19.42,1466,0,3
2022-11-29T00:00:00Z,1669680000,19.52,19.76,19.05,19.49,1545,0,3
2022-11-30T00:00:00Z,1669766400,19.53,19.92,19.48,19.58,1363,0,3
2022-12-01T00:00:00Z,1669852800,19.68,19.71,19.4,19.62,1481,0,3
2022-12-02T00:00:00Z,1669939200,19.65,19.65,19.34,19.47,1300,0,3
2022-12-05T00:00:00Z,1670198400,19.52,19.92,19.51,19.55,1288,0,3
2022-12-06T00:00:00Z,1670284800,19.53,19.66,19.35,19.36,1214,0,3
2022-12-07T00:00:00Z,1670371200,19.42,19.52,19.26,19.47,1201,0,3
2022-12-08T00:00:00Z,1670457600,19.55,19.82,19.51,19.67,1299,0,3
2022-12-09T00:00:00Z,1670544000,19.72,19.85,19.55,19.6,1381,0,3
2022-12-12T00:00:00Z,1670803200,19.67,19.68,19.3,19.36,1251,0,3
2022-12-13T00:00:00Z,1670889600,19.41,19.81,19.3,19.69,1249,0,3
2022-12-14T00:00:00Z,1670976000,19.67,20.4,19.58,20.31,1599,0,3
2022-12-15T00:00:00Z,1671062400,20.21,20.71,19.85,19.9,2362,0,3
2022-12-16T00:00:00Z,1671148800,19.85,20.28,19.79,20.1,1550,0,3
2022-12-19T00:00:00Z,1671408000,20.07,20.41,20.01,20.18,1511,0,3
2022-12-20T00:00:00Z,1671494400,20.17,20.68,20.17,20.59,1635,0,3
2022-12-21T00:00:00Z,1671580800,20.64,20.97,20.59,20.74,1385,0,3
2022-12-22T00:00:00Z,1671667200,20.74,21.02,20.59,20.9,1322,0,3
2022-12-23T00:00:00Z,1671753600,20.95,21.16,20.8,20.96,1257,0,3
2022-12-26T00:00:00Z,1672012800,20.98,20.98,20.98,20.98,1,0,3
2022-12-27T00:00:00Z,1672099200,20.97,20.97,20.25,20.26,966,0,3
2022-12-28T00:00:00Z,1672185600,20.2,20.46,20.09,20.14,1497,0,3
2022-12-29T00:00:00Z,1672272000,20.18,20.42,20.12,20.3,1250,0,3
2022-12-30T00:00:00Z,1672358400,20.34,20.41,20.0,20.03,999,0,3
2023-01-03T00:00:00Z,1672704000,19.94,19.99,19.63,19.71,1243,0,3
2023-01-04T00:00:00Z,1672790400,19.69,19.69,19.5,19.53,1131,0,3
2023-01-05T00:00:00Z,1672876800,19.56,19.6,19.31,19.32,1083,0,3
2023-01-06T00:00:00Z,1672963200,19.33,19.36,18.93,18.95,1249,0,3
2023-01-09T00:00:00Z,1673222400,19.01,19.26,18.91,19.13,1295,0,3
2023-01-10T00:00:00Z,1673308800,19.13,19.81,19.12,19.59,1522,0,3
2023-01-11T00:00:00Z,1673395200,19.54,20.02,19.53,19.64,1758,0,3
2023-01-12T00:00:00Z,1673481600,19.63,19.79,19.44,19.59,1368,0,3
2023-01-13T00:00:00Z,1673568000,19.6,19.79,19.45,19.71,1329,0,3
2023-01-17T00:00:00Z,1673913600,19.84,20.17,19.66,20.09,1415,0,3
2023-01-18T00:00:00Z,1674000000,20.11,20.23,19.67,19.83,1498,0,3
2023-01-19T00:00:00Z,1674086400,19.78,19.97,19.57,19.69,1279,0,3
2023-01-20T00:00:00Z,1674172800,19.71,19.8,19.49,19.69,1185,0,3
2023-01-23T00:00:00Z,1674432000,19.63,19.9,19.58,19.67,1274,0,3
2023-01-24T00:00:00Z,1674518400,19.69,19.91,19.56,19.84,1422,0,3
2023-01-25T00:00:00Z,1674604800,19.86,20.14,19.72,20.06,1196,0,3
2023-01-26T00:00:00Z,1674691200,20.06,20.83,20.06,20.71,1889,0,3
2023-01-27T00:00:00Z,1674777600,20.73,21.01,20.54,21.0,1645,0,3
2023-01-30T00:00:00Z,1675036800,21.0,21.31,20.87,21.18,1795,0,3
2023-01-31T00:00:00Z,1675123200,21.2,21.77,21.16,21.77,1836,0,3
2023-02-01T00:00:00Z,1675209600,21.79,21.84,21.31,21.34,1677,0,3
2023-02-02T00:00:00Z,1675296000,21.3,21.75,21.3,21.66,1754,0,3
2023-02-03T00:00:00Z,1675382400,21.67,21.69,21.17,21.28,1523,0,3
2023-02-06T00:00:00Z,1675641600,21.23,21.35,20.57,20.64,1695,0,3
2023-02-07T00:00:00Z,1675728000,20.68,21.03,20.49,20.85,1825,0,3
2023-02-08T00:00:00Z,1675814400,20.84,21.27,20.64,21.16,1834,0,3
2023-02-09T00:00:00Z,1675900800,21.24,21.71,21.23,21.45,2245,0,3
2023-02-10T00:00:00Z,1675987200,21.48,21.87,21.25,21.52,1781,0,3
2023-02-13T00:00:00Z,1676246400,21.54,21.63,21.11,21.25,1521,0,3
2023-02-14T00:00:00Z,1676332800,21.24,21.58,21.18,21.49,1373,0,3
2023-02-15T00:00:00Z,1676419200,21.41,21.48,21.24,21.32,1204,0,3
2023-02-16T00:00:00Z,1676505600,21.39,21.62,21.26,21.45,1387,0,3
2023-02-17T00:00:00Z,1676592000,21.42,21.68,21.34,21.38,1277,0,3
2023-02-20T00:00:00Z,1676851200,21.39,21.39,21.39,21.39,3,0,4
2023-02-21T00:00:00Z,1676937600,21.41,21.69,21.3,21.34,1420,0,3
2023-02-22T00:00:00Z,1677024000,21.35,21.47,21.24,21.27,1070,0,3
2023-02-23T00:00:00Z,1677110400,21.35,21.68,21.27,21.62,1287,0,3
2023-02-24T00:00:00Z,1677196800,21.72,21.76,21.22,21.29,1784,0,3
2023-02-27T00:00:00Z,1677456000,19.7,20.35,19.63,20.24,1519,0,3
2023-02-28T00:00:00Z,1677542400,20.3,20.45,19.95,19.99,1518,0,3
2023-03-01T00:00:00Z,1677628800,20.07,20.62,20.03,20.54,1611,0,3
2023-03-02T00:00:00Z,1677715200,20.55,20.6,20.18,20.25,1393,0,3
2023-03-03T00:00:00Z,1677801600,20.33,21.02,20.31,20.9,1710,0,3
2023-03-06T00:00:00Z,1678060800,20.92,20.95,20.62,20.86,1460,0,3
2023-03-07T00:00:00Z,1678147200,20.87,21.23,20.8,21.01,1520,0,3
2023-03-08T00:00:00Z,1678233600,20.96,21.0,20.76,20.85,1384,0,3
2023-03-09T00:00:00Z,1678320000,20.83,21.31,20.7,21.12,1581,0,3
2023-03-10T00:00:00Z,1678406400,21.02,21.2,20.65,21.14,1656,0,3
2023-03-13T00:00:00Z,1678665600,21.21,21.25,20.69,20.84,1449,0,3
2023-03-14T00:00:00Z,1678752000,20.82,21.0,20.64,20.65,1349,0,3
2023-03-15T00:00:00Z,1678838400,20.54,20.68,20.38,20.51,1422,0,3
2023-03-16T00:00:00Z,1678924800,20.6,20.83,20.34,20.73,1483,0,3
2023-03-17T00:00:00Z,1679011200,20.8,20.92,20.52,20.66,1328,0,3
2023-03-20T00:00:00Z,1679270400,20.45,20.67,20.41,20.49,1301,0,3
2023-03-21T00:00:00Z,1679356800,20.58,20.9,20.48,20.78,1270,0,3
2023-03-22T00:00:00Z,1679443200,20.83,21.36,20.76,21.14,1545,0,3
2023-03-23T00:00:00Z,1679529600,21.13,21.31,20.8,20.95,1395,0,3
2023-03-24T00:00:00Z,1679616000,20.89,20.97,20.64,20.82,1427,0,3
2023-03-27T00:00:00Z,1679875200,20.88,21.13,20.73,20.97,1393,0,3
2023-03-28T00:00:00Z,1679961600,20.97,21.43,20.96,21.36,1279,0,3
2023-03-29T00:00:00Z,1680048000,21.37,21.4,21.04,21.25,1674,0,3
2023-03-30T00:00:00Z,1680134400,21.3,21.98,21.29,21.95,1936,0,3
2023-03-31T00:00:00Z,1680220800,21.94,22.35,21.77,22.3,2099,0,3
2023-04-03T00:00:00Z,1680480000,22.37,22.6,22.18,22.4,2002,0,3
2023-04-04T00:00:00Z,1680566400,22.22,22.58,22.21,22.46,1555,0,3
2023-04-05T00:00:00Z,1680652800,22.44,22.99,22.4,22.9,2248,0,3
2023-04-06T00:00:00Z,1680739200,23.01,23.66,22.7,23.59,2485,0,3
2023-04-10T00:00:00Z,1681084800,23.59,23.8,23.43,23.62,1712,0,3
2023-04-11T00:00:00Z,1681171200,23.67,24.43,23.61,24.37,3307,0,3
2023-04-12T00:00:00Z,1681257600,24.77,24.83,23.91,24.02,2787,0,3
2023-04-13T00:00:00Z,1681344000,24.03,24.68,23.89,23.93,2309,0,3
2023-04-14T00:00:00Z,1681430400,23.96,24.26,23.75,24.13,2238,0,3
2023-04-17T00:00:00Z,1681689600,24.35,24.46,24.1,24.42,1846,0,3
2023-04-18T00:00:00Z,1681776000,24.4,24.67,24.09,24.49,1558,0,3
2023-04-19T00:00:00Z,1681862400,24.42,24.88,24.29,24.32,2028,0,3
2023-04-20T00:00:00Z,1681948800,24.22,25.33,24.17,25.31,2050,0,3
2023-04-21T00:00:00Z,1682035200,25.47,25.48,24.66,24.9,2139,0,3
2023-04-24T00:00:00Z,1682294400,24.79,25.97,24.58,25.84,2341,0,3
2023-04-25T00:00:00Z,1682380800,25.85,26.84,25.57,26.7,2959,0,3
2023-04-26T00:00:00Z,1682467200,26.69,27.06,26.35,26.44,3036,0,3
2023-04-27T00:00:00Z,1682553600,26.39,27.4,26.25,27.0,3994,0,3
2023-04-28T00:00:00Z,1682640000,26.94,27.03,26.43,26.85,3031,0,3
2023-05-01T00:00:00Z,1682899200,26.32,26.46,25.46,25.51,1727,0,3
2023-05-02T00:00:00Z,1682985600,25.46,26.04,25.06,25.06,3099,0,3
2023-05-03T00:00:00Z,1683072000,25.02,25.41,24.87,25.11,2266,0,3
2023-05-04T00:00:00Z,1683158400,25.16,25.64,24.94,25.55,2195,0,3
2023-05-05T00:00:00Z,1683244800,25.66,26.43,25.58,26.4,2514,0,3
2023-05-08T00:00:00Z,1683504000,26.3,26.37,26.0,26.05,1377,0,3
2023-05-09T00:00:00Z,1683590400,26.01,26.42,25.91,26.17,2469,0,3
2023-05-10T00:00:00Z,1683676800,26.06,26.72,26.0,26.66,2112,0,3
2023-05-11T00:00:00Z,1683763200,26.6,26.72,25.98,26.06,2604,0,3
2023-05-12T00:00:00Z,1683849600,26.09,26.37,25.99,26.18,1912,0,3
2023-05-15T00:00:00Z,1684108800,26.28,26.4,25.82,26.23,1936,0,3
2023-05-16T00:00:00Z,1684195200,26.2,26.61,26.0,26.06,2016,0,3
2023-05-17T00:00:00Z,1684281600,26.04,26.12,25.79,25.86,1708,0,3
2023-05-18T00:00:00Z,1684368000,25.85,25.95,25.45,25.59,1533,0,3
2023-05-19T00:00:00Z,1684454400,25.59,26.07,25.58,25.76,1903,0,3
2023-05-22T00:00:00Z,1684713600,25.71,26.03,25.58,25.95,1608,0,3
2023-05-23T00:00:00Z,1684800000,25.97,26.2,25.76,25.8,1816,0,3
2023-05-24T00:00:00Z,1684886400,25.75,25.91,25.45,25.47,1750,0,3
2023-05-25T00:00:00Z,1684972800,25.39,25.42,24.6,24.9,2311,0,3
2023-05-26T00:00:00Z,1685059200,24.83,25.62,24.72,25.4,2399,0,3
2023-05-30T00:00:00Z,1685404800,25.37,25.81,25.18,25.32,2456,0,3
2023-05-31T00:00:00Z,1685491200,25.24,25.41,25.0,25.01,1994,0,3
2023-06-01T00:00:00Z,1685577600,25.07,25.38,24.73,24.89,1910,0,3
2023-06-02T00:00:00Z,1685664000,24.77,24.77,24.56,24.72,1511,0,3
2023-06-05T00:00:00Z,1685923200,24.83,25.06,24.31,24.4,2506,0,3
2023-06-06T00:00:00Z,1686009600,24.39,24.73,24.21,24.64,2841,0,3
2023-06-07T00:00:00Z,1686096000,24.68,24.87,24.38,24.48,2384,0,3
2023-06-08T00:00:00Z,1686182400,24.45,25.63,24.41,25.62,2837,0,3
2023-06-09T00:00:00Z,1686268800,25.59,26.13,25.41,25.92,3608,0,3
2023-06-12T00:00:00Z,1686528000,25.36,25.98,25.21,25.37,3553,0,3
2023-06-13T00:00:00Z,1686614400,25.43,25.61,25.02,25.12,3051,0,3
2023-06-14T00:00:00Z,1686700800,25.19,25.86,25.11,25.82,2469,0,3
2023-06-15T00:00:00Z,1686787200,25.82,26.39,25.59,26.02,2420,0,3
2023-06-16T00:00:00Z,1686873600,26.07,26.47,25.95,26.33,2413,0,3
2023-06-19T00:00:00Z,1687132800,26.31,26.31,26.31,26.31,8,0,3
2023-06-20T00:00:00Z,1687219200,26.16,26.46,25.91,26.18,2426,0,3
2023-06-21T00:00:00Z,1687305600,26.23,26.37,25.82,25.85,2289,0,3
2023-06-22T00:00:00Z,1687392000,25.82,25.82,24.89,25.0,2329,0,3
2023-06-23T00:00:00Z,1687478400,24.88,24.88,24.12,24.36,2216,0,3
2023-06-26T00:00:00Z,1687737600,24.51,24.72,23.66,23.68,2778,0,3
2023-06-27T00:00:00Z,1687824000,23.78,23.8,22.84,23.11,3049,0,3
2023-06-28T00:00:00Z,1687910400,23.19,23.24,22.44,22.59,2647,0,3
2023-06-29T00:00:00Z,1687996800,22.51,22.62,21.77,22.16,2228,0,3
2023-06-30T00:00:00Z,1688083200,22.26,23.01,22.22,22.7,2996,0,3
2023-07-03T00:00:00Z,1688342400,22.94,23.59,22.94,23.31,1640,0,3
2023-07-04T00:00:00Z,1688428800,23.29,23.29,23.29,23.29,2,0,5
2023-07-05T00:00:00Z,1688515200,23.44,23.7,23.04,23.46,3234,0,3
2023-07-06T00:00:00Z,1688601600,23.43,23.56,23.19,23.24,3064,0,3
2023-07-07T00:00:00Z,1688688000,23.12,23.81,23.09,23.5,2098,0,3
2023-07-10T00:00:00Z,1688947200,23.46,23.47,23.19,23.41,2228,0,3
2023-07-11T00:00:00Z,1689033600,23.48,23.69,23.15,23.51,2384,0,3
2023-07-12T00:00:00Z,1689120000,23.54,23.98,23.3,23.88,2322,0,3
2023-07-13T00:00:00Z,1689206400,23.89,24.23,23.75,24.04,2262,0,3
2023-07-14T00:00:00Z,1689292800,24.03,24.38,23.99,24.28,1953,0,3
2023-07-17T00:00:00Z,1689552000,24.35,24.36,23.62,23.74,2325,0,3
2023-07-18T00:00:00Z,1689638400,23.71,24.04,23.58,23.82,2206,0,3
2023-07-19T00:00:00Z,1689724800,23.86,24.35,23.69,24.23,2126,0,3
2023-07-20T00:00:00Z,1689811200,24.19,24.68,24.14,24.65,1749,0,3
2023-07-21T00:00:00Z,1689897600,24.56,25.07,24.33,25.04,2114,0,3
2023-07-24T00:00:00Z,1690156800,24.98,25.28,24.84,24.86,2549,0,3
2023-07-25T00:00:00Z,1690243200,24.8,24.87,24.53,24.7,2109,0,3
2023-07-26T00:00:00Z,1690329600,24.63,24.79,24.14,24.36,2232,0,3
2023-07-27T00:00:00Z,1690416000,24.41,24.56,24.01,24.4,2355,0,3
2023-07-28T00:00:00Z,1690502400,24.34,24.34,23.85,23.89,1947,0,3
2023-07-31T00:00:00Z,1690761600,23.94,24.17,23.83,24.11,2318,0,3
2023-08-01T00:00:00Z,1690848000,24.11,24.55,23.98,24.38,2618,0,3
2023-08-02T00:00:00Z,1690934400,24.3,24.58,24.09,24.21,2397,0,3
2023-08-03T00:00:00Z,1691020800,24.21,24.4,23.7,23.99,2488,0,3
2023-08-04T00:00:00Z,1691107200,24.04,24.05,23.56,23.67,2078,0,3
2023-08-07T00:00:00Z,1691366400,23.67,24.01,23.39,23.66,2354,0,3
2023-08-08T00:00:00Z,1691452800,23.65,23.67,23.28,23.46,2045,0,3
2023-08-09T00:00:00Z,1691539200,23.56,23.78,23.46,23.77,2199,0,3
2023-08-10T00:00:00Z,1691625600,23.83,24.17,23.65,23.89,2066,0,3
2023-08-11T00:00:00Z,1691712000,23.91,24.35,23.71,24.34,2138,0,3
2023-08-14T00:00:00Z,1691971200,24.3,24.39,23.92,24.01,2281,0,3
2023-08-15T00:00:00Z,1692057600,24.0,24.26,23.69,23.77,2087,0,3
2023-08-16T00:00:00Z,1692144000,23.65,24.28,23.62,24.2,2147,0,3
2023-08-17T00:00:00Z,1692230400,24.2,24.73,23.94,23.95,2576,0,3
2023-08-18T00:00:00Z,1692316800,23.96,23.96,23.66,23.8,1965,0,3
2023-08-21T00:00:00Z,1692576000,23.78,24.14,23.37,23.44,2486,0,3
2023-08-22T00:00:00Z,1692662400,23.47,23.69,23.3,23.36,2005,0,3
2023-08-23T00:00:00Z,1692748800,23.33,24.21,23.07,23.92,3631,0,3
2023-08-24T00:00:00Z,1692835200,23.88,24.35,23.62,24.27,3291,0,3
2023-08-25T00:00:00Z,1692921600,24.18,24.87,24.08,24.8,2642,0,3
2023-08-28T00:00:00Z,1693180800,24.87,25.62,24.78,25.6,2064,0,3
2023-08-29T00:00:00Z,1693267200,25.53,25.67,25.21,25.46,3236,0,3
2023-08-30T00:00:00Z,1693353600,25.41,25.88,25.22,25.24,3226,0,3
2023-08-31T00:00:00Z,1693440000,25.14,25.6,25.01,25.07,3357,0,3
2023-09-01T00:00:00Z,1693526400,25.09,25.83,25.04,25.81,3459,0,3
2023-09-04T00:00:00Z,1693785600,25.84,25.84,25.84,25.84,7,0,4
2023-09-05T00:00:00Z,1693872000,25.82,26.92,25.65,26.58,3819,0,3
2023-09-06T00:00:00Z,1693958400,26.63,26.87,25.98,26.18,3790,0,3
2023-09-07T00:00:00Z,1694044800,26.08,26.86,25.93,26.8,3405,0,3
2023-09-08T00:00:00Z,1694131200,26.91,27.08,26.1,26.39,3731,0,3
2023-09-11T00:00:00Z,1694390400,26.3,26.47,25.94,26.39,3212,0,3
2023-09-12T00:00:00Z,1694476800,26.31,27.23,26.07,26.73,3932,0,3
2023-09-13T00:00:00Z,1694563200,26.72,26.88,26.43,26.6,3230,0,3
2023-09-14T00:00:00Z,1694649600,26.68,27.12,26.59,26.85,2769,0,3
2023-09-15T00:00:00Z,1694736000,26.97,27.57,26.75,26.78,2948,0,3
2023-09-18T00:00:00Z,1694995200,26.83,27.25,26.44,27.1,2619,0,3
2023-09-19T00:00:00Z,1695081600,27.01,27.59,27.01,27.36,2411,0,3
2023-09-20T00:00:00Z,1695168000,27.27,27.3,26.64,26.8,2605,0,3
2023-09-21T00:00:00Z,1695254400,26.67,26.97,26.55,26.94,2734,0,3
2023-09-22T00:00:00Z,1695340800,26.77,27.26,26.69,27.0,2840,0,3
2023-09-25T00:00:00Z,1695600000,27.29,27.3,26.49,26.5,2855,0,3
2023-09-26T00:00:00Z,1695686400,26.53,26.72,26.17,26.18,2371,0,3
2023-09-27T00:00:00Z,1695772800,26.27,26.58,26.15,26.33,2552,0,3
2023-09-28T00:00:00Z,1695859200,26.37,27.05,26.19,26.97,3186,0,3
2023-09-29T00:00:00Z,1695945600,27.01,27.08,26.35,26.5,3129,0,3
2023-10-02T00:00:00Z,1696204800,26.48,26.77,26.24,26.32,2763,0,3
2023-10-03T00:00:00Z,1696291200,26.27,26.42,25.58,25.6,2860,0,3
2023-10-04T00:00:00Z,1696377600,25.64,26.24,25.31,25.94,3668,0,3
2023-10-05T00:00:00Z,1696464000,25.83,26.39,25.76,26.16,2920,0,3
2023-10-06T00:00:00Z,1696550400,26.23,26.81,26.12,26.76,2491,0,3
2023-10-09T00:00:00Z,1696809600,26.86,27.26,26.67,27.25,2546,0,3
2023-10-10T00:00:00Z,1696896000,27.15,27.22,26.77,27.08,2563,0,3
2023-10-11T00:00:00Z,1696982400,27.01,27.16,26.3,26.31,2550,0,3
2023-10-12T00:00:00Z,1697068800,26.33,26.73,26.23,26.36,2305,0,3
2023-10-13T00:00:00Z,1697155200,26.39,27.16,26.34,27.03,2374,0,3
2023-10-16T00:00:00Z,1697414400,27.06,27.08,26.79,26.98,2204,0,3
2023-10-17T00:00:00Z,1697500800,26.95,27.55,26.95,27.45,2309,0,3
2023-10-18T00:00:00Z,1697587200,27.57,27.64,27.16,27.47,2831,0,3
2023-10-19T00:00:00Z,1697673600,27.34,27.39,26.85,27.25,2689,0,3
2023-10-20T00:00:00Z,1697760000,27.13,27.18,26.79,26.82,2279,0,3
2023-10-23T00:00:00Z,1698019200,26.85,27.56,26.48,27.53,2397,0,3
2023-10-24T00:00:00Z,1698105600,27.53,27.73,27.31,27.57,2218,0,3
2023-10-25T00:00:00Z,1698192000,27.56,27.98,27.27,27.64,2685,0,3
2023-10-26T00:00:00Z,1698278400,27.62,27.77,26.99,27.01,2559,0,3
2023-10-27T00:00:00Z,1698364800,27.0,27.49,26.99,27.38,2391,0,3
2023-10-30T00:00:00Z,1698624000,27.5,27.5,26.64,26.69,2396,0,3
2023-10-31T00:00:00Z,1698710400,26.78,27.12,26.67,27.09,2360,0,3
2023-11-01T00:00:00Z,1698796800,27.17,27.67,27.12,27.56,2739,0,3
2023-11-02T00:00:00Z,1698883200,27.56,27.7,27.09,27.51,2450,0,3
2023-11-03T00:00:00Z,1698969600,27.51,27.81,27.32,27.8,1762,0,3
2023-11-06T00:00:00Z,1699228800,27.62,28.05,27.58,27.95,2077,0,3
2023-11-07T00:00:00Z,1699315200,27.95,28.13,27.51,27.52,2354,0,3
2023-11-08T00:00:00Z,1699401600,27.53,27.56,27.17,27.2,2354,0,3
2023-11-09T00:00:00Z,1699488000,27.25,27.9,27.19,27.75,2384,0,3
2023-11-10T00:00:00Z,1699574400,27.73,27.85,27.19,27.3,2367,0,3
2023-11-13T00:00:00Z,1699833600,27.26,27.73,27.15,27.69,2224,0,3
2023-11-14T00:00:00Z,1699920000,27.7,27.79,27.12,27.17,2158,0,3
2023-11-15T00:00:00Z,1700006400,27.17,27.35,27.01,27.18,1975,0,3
2023-11-16T00:00:00Z,1700092800,27.07,27.4,27.01,27.18,2142,0,3
2023-11-17T00:00:00Z,1700179200,27.18,27.3,26.99,27.19,1649,0,3
2023-11-20T00:00:00Z,1700438400,27.19,27.58,27.06,27.56,1745,0,3
2023-11-21T00:00:00Z,1700524800,27.6,27.76,27.47,27.71,1768,0,3
2023-11-22T00:00:00Z,1700611200,27.71,27.74,27.16,27.17,2252,0,3
2023-11-24T00:00:00Z,1700784000,27.27,27.36,26.8,26.89,2120,0,3
2023-11-27T00:00:00Z,1701043200,26.97,27.28,26.79,27.14,2240,0,3
2023-11-28T00:00:00Z,1701129600,27.17,27.23,26.79,26.93,2107,0,3
2023-11-29T00:00:00Z,1701216000,26.93,27.11,26.79,26.82,1796,0,3
2023-11-30T00:00:00Z,1701302400,26.83,26.83,25.89,25.96,2659,0,3
2023-12-01T00:00:00Z,1701388800,25.96,26.12,24.93,25.03,4204,0,3
2023-12-04T00:00:00Z,1701648000,25.02,25.96,24.58,25.81,4458,0,3
2023-12-05T00:00:00Z,1701734400,25.82,25.85,24.8,24.95,3644,0,3
2023-12-06T00:00:00Z,1701820800,24.95,24.95,22.93,23.15,4529,0,3
2023-12-07T00:00:00Z,1701907200,23.38,23.9,22.84,23.0,5592,0,3
2023-12-08T00:00:00Z,1701993600,23.09,23.58,23.09,23.33,3113,0,3
2023-12-11T00:00:00Z,1702252800,23.42,23.46,22.15,22.52,3182,0,3
2023-12-12T00:00:00Z,1702339200,22.42,22.64,21.47,22.5,4689,0,3
2023-12-13T00:00:00Z,1702425600,22.56,23.1,21.81,21.91,4130,0,3
2023-12-14T00:00:00Z,1702512000,21.96,22.26,21.15,22.23,5182,0,3
2023-12-15T00:00:00Z,1702598400,22.23,22.57,21.75,21.98,3866,0,3
2023-12-18T00:00:00Z,1702857600,21.88,21.89,21.24,21.37,3477,0,3
2023-12-19T00:00:00Z,1702944000,21.41,21.6,20.83,21.4,3459,0,3
2023-12-20T00:00:00Z,1703030400,21.4,21.65,20.81,20.86,2671,0,3
2023-12-21T00:00:00Z,1703116800,20.86,20.86,20.12,20.4,3321,0,3
2023-12-22T00:00:00Z,1703203200,20.39,21.06,20.22,20.57,3374,0,3
2023-12-26T00:00:00Z,1703548800,20.54,20.75,20.01,20.45,2391,0,3
2023-12-27T00:00:00Z,1703635200,20.44,20.91,20.14,20.65,2794,0,3
2023-12-28T00:00:00Z,1703721600,20.53,21.89,20.44,21.84,3458,0,3
2023-12-29T00:00:00Z,1703808000,21.79,21.86,20.31,20.47,4070,0,3
2024-01-02T00:00:00Z,1704153600,20.72,21.36,20.63,20.87,3046,0,3
2024-01-03T00:00:00Z,1704240000,20.87,21.38,20.71,20.84,3201,0,3
2024-01-04T00:00:00Z,1704326400,20.9,21.23,20.85,21.13,2668,0,3
2024-01-05T00:00:00Z,1704412800,21.11,21.19,20.59,21.12,2452,0,3
2024-01-08T00:00:00Z,1704672000,21.11,21.77,21.1,21.73,2360,0,3
2024-01-09T00:00:00Z,1704758400,21.76,21.94,21.53,21.56,2203,0,3
2024-01-10T00:00:00Z,1704844800,21.54,21.91,21.35,21.38,2115,0,3
2024-01-11T00:00:00Z,1704931200,21.39,21.9,21.31,21.83,2203,0,3
2024-01-12T00:00:00Z,1705017600,21.84,21.93,21.55,21.64,1864,0,3
2024-01-16T00:00:00Z,1705363200,21.86,22.62,21.85,22.57,2823,0,3
2024-01-17T00:00:00Z,1705449600,22.57,22.67,22.2,22.34,2643,0,3
2024-01-18T00:00:00Z,1705536000,22.35,23.15,22.28,23.14,2110,0,3
2024-01-19T00:00:00Z,1705622400,23.14,23.73,23.03,23.58,2900,0,3
2024-01-22T00:00:00Z,1705881600,23.51,23.72,23.42,23.44,2450,0,3
2024-01-23T00:00:00Z,1705968000,23.46,23.86,23.24,23.73,2235,0,3
2024-01-24T00:00:00Z,1706054400,23.73,24.52,23.44,24.47,2517,0,3
2024-01-25T00:00:00Z,1706140800,24.43,24.6,23.9,23.95,2764,0,3
2024-01-26T00:00:00Z,1706227200,23.93,24.29,23.63,23.82,2766,0,3
2024-01-29T00:00:00Z,1706486400,23.73,24.28,23.41,23.47,2623,0,3
2024-01-30T00:00:00Z,1706572800,23.41,23.98,23.28,23.98,2476,0,3
2024-01-31T00:00:00Z,1706659200,23.98,24.16,23.75,24.08,2487,0,3
2024-02-01T00:00:00Z,1706745600,24.13,24.21,23.44,23.49,2339,0,3
2024-02-02T00:00:00Z,1706832000,23.43,24.0,23.33,23.94,2424,0,3
2024-02-05T00:00:00Z,1707091200,23.93,23.97,23.41,23.51,2357,0,3
2024-02-06T00:00:00Z,1707177600,23.47,23.9,23.01,23.55,2732,0,3
2024-02-07T00:00:00Z,1707264000,23.69,24.4,23.63,23.78,2714,0,3
2024-02-08T00:00:00Z,1707350400,23.83,24.04,23.54,23.92,2302,0,3
2024-02-09T00:00:00Z,1707436800,24.0,24.4,23.85,23.97,2247,0,3
2024-02-12T00:00:00Z,1707696000,23.96,23.98,23.51,23.58,2206,0,3
2024-02-13T00:00:00Z,1707782400,23.55,23.62,23.22,23.26,2028,0,3
2024-02-14T00:00:00Z,1707868800,23.24,23.54,22.78,23.35,2044,0,3
2024-02-15T00:00:00Z,1707955200,23.35,23.35,22.75,22.79,2278,0,3
2024-02-16T00:00:00Z,1708041600,22.8,23.37,22.7,23.04,2119,0,3
2024-02-20T00:00:00Z,1708387200,22.96,22.98,22.46,22.79,1716,0,3
2024-02-21T00:00:00Z,1708473600,22.79,22.91,22.45,22.81,2010,0,3
2024-02-22T00:00:00Z,1708560000,22.71,22.93,22.1,22.81,2332,0,3
2024-02-23T00:00:00Z,1708646400,22.72,23.05,22.55,22.59,1834,0,3
2024-02-26T00:00:00Z,1708905600,21.77,22.47,21.61,22.14,2080,0,3
2024-02-27T00:00:00Z,1708992000,22.17,22.92,22.13,22.51,1799,0,3
2024-02-28T00:00:00Z,1709078400,22.55,22.85,22.54,22.63,2129,0,3
2024-02-29T00:00:00Z,1709164800,22.62,22.64,21.53,21.71,3356,0,3
2024-03-01T00:00:00Z,1709251200,21.78,21.86,20.95,20.99,3128,0,3
2024-03-04T00:00:00Z,1709510400,21.09,21.4,20.54,20.55,2909,0,3
2024-03-05T00:00:00Z,1709596800,20.68,21.13,20.52,20.84,2846,0,3
2024-03-06T00:00:00Z,1709683200,20.87,21.66,20.7,21.42,3257,0,3
2024-03-07T00:00:00Z,1709769600,21.42,21.45,20.85,21.28,3064,0,3
2024-03-08T00:00:00Z,1709856000,21.21,21.38,21.0,21.17,2552,0,3
2024-03-11T00:00:00Z,1710115200,21.16,21.98,21.12,21.95,2433,0,3
2024-03-12T00:00:00Z,1710201600,21.9,22.08,21.75,21.9,2242,0,3
2024-03-13T00:00:00Z,1710288000,21.9,22.16,21.35,21.99,2407,0,3
2024-03-14T00:00:00Z,1710374400,21.94,22.21,21.64,21.79,2604,0,3
2024-03-15T00:00:00Z,1710460800,21.73,22.13,21.71,22.12,1903,0,3
2024-03-18T00:00:00Z,1710720000,22.26,22.33,21.93,22.15,2254,0,3
2024-03-19T00:00:00Z,1710806400,22.15,22.16,21.46,21.53,2816,0,3
2024-03-20T00:00:00Z,1710892800,21.53,21.78,21.12,21.78,2317,0,3
2024-03-21T00:00:00Z,1710979200,21.89,22.17,21.81,22.0,1788,0,3
2024-03-22T00:00:00Z,1711065600,21.94,22.21,21.74,21.85,2007,0,3
2024-03-25T00:00:00Z,1711324800,21.78,22.1,21.71,21.95,1965,0,3
2024-03-26T00:00:00Z,1711411200,21.95,22.46,21.91,22.39,1640,0,3
2024-03-27T00:00:00Z,1711497600,22.39,22.39,21.75,22.18,2273,0,3
2024-03-28T00:00:00Z,1711584000,22.12,22.57,22.08,22.5,2022,0,3
2024-04-01T00:00:00Z,1711929600,22.61,22.89,22.52,22.63,1543,0,3
2024-04-02T00:00:00Z,1712016000,22.63,22.89,22.26,22.3,2769,0,3
2024-04-03T00:00:00Z,1712102400,22.3,22.62,22.03,22.19,2153,0,3
2024-04-04T00:00:00Z,1712188800,22.27,22.45,22.1,22.26,1787,0,3
2024-04-05T00:00:00Z,1712275200,22.33,22.47,21.79,21.91,2345,0,3
2024-04-08T00:00:00Z,1712534400,21.9,22.2,21.54,21.55,2328,0,3
2024-04-09T00:00:00Z,1712620800,21.53,21.69,21.37,21.46,2422,0,3
2024-04-10T00:00:00Z,1712707200,21.46,21.81,21.39,21.4,2161,0,3
2024-04-11T00:00:00Z,1712793600,21.4,21.55,20.8,20.81,2464,0,3
2024-04-12T00:00:00Z,1712880000,20.81,20.95,20.4,20.42,2413,0,3
2024-04-15T00:00:00Z,1713139200,20.48,20.58,19.99,20.0,2260,0,3
2024-04-16T00:00:00Z,1713225600,20.01,20.03,19.27,19.56,2678,0,3
2024-04-17T00:00:00Z,1713312000,19.52,19.59,19.16,19.26,2221,0,3
2024-04-18T00:00:00Z,1713398400,19.5,19.76,19.38,19.56,2184,0,3
2024-04-19T00:00:00Z,1713484800,19.56,19.83,19.44,19.78,1927,0,3
2024-04-22T00:00:00Z,1713744000,19.92,20.13,19.7,19.72,1928,0,3
2024-04-23T00:00:00Z,1713830400,19.78,19.97,19.72,19.86,1798,0,3
2024-04-24T00:00:00Z,1713916800,19.85,20.02,19.74,19.88,1467,0,3
2024-04-25T00:00:00Z,1714003200,19.82,19.9,19.22,19.44,2685,0,3
2024-04-26T00:00:00Z,1714089600,19.42,19.98,19.33,19.4,1969,0,3
2024-04-29T00:00:00Z,1714348800,19.08,19.8,19.08,19.74,2152,0,3
2024-04-30T00:00:00Z,1714435200,19.74,19.82,19.26,19.41,2209,0,3
2024-05-01T00:00:00Z,1714521600,19.42,19.44,19.08,19.19,1957,0,3
2024-05-02T00:00:00Z,1714608000,19.33,19.47,19.09,19.24,1819,0,3
2024-05-03T00:00:00Z,1714694400,19.26,19.5,19.17,19.28,1680,0,3
2024-05-06T00:00:00Z,1714953600,19.28,19.5,19.13,19.48,861,0,3
2024-05-07T00:00:00Z,1715040000,19.44,19.98,19.37,19.93,1571,0,3
2024-05-08T00:00:00Z,1715126400,19.93,19.93,19.5,19.61,2001,0,3
2024-05-09T00:00:00Z,1715212800,19.59,19.84,19.39,19.55,1591,0,3
2024-05-10T00:00:00Z,1715299200,19.5,19.58,19.24,19.25,1381,0,3
2024-05-13T00:00:00Z,1715558400,19.24,19.33,18.57,18.59,1914,0,3
2024-05-14T00:00:00Z,1715644800,18.59,18.93,18.3,18.86,2371,0,3
2024-05-15T00:00:00Z,1715731200,18.86,18.93,18.49,18.62,2250,0,3
2024-05-16T00:00:00Z,1715817600,18.6,18.61,17.95,18.29,2366,0,3
2024-05-17T00:00:00Z,1715904000,18.29,18.43,18.05,18.08,1677,0,3
2024-05-20T00:00:00Z,1716163200,18.08,18.76,18.04,18.66,2378,0,3
2024-05-21T00:00:00Z,1716249600,18.66,18.75,18.43,18.54,1706,0,3
2024-05-22T00:00:00Z,1716336000,18.54,18.58,18.19,18.19,1570,0,3
2024-05-23T00:00:00Z,1716422400,18.23,18.55,18.22,18.26,1491,0,3
2024-05-24T00:00:00Z,1716508800,18.26,18.46,18.02,18.41,1651,0,3
2024-05-28T00:00:00Z,1716854400,18.66,18.78,18.52,18.69,1460,0,3
2024-05-29T00:00:00Z,1716940800,18.65,18.71,18.21,18.32,1725,0,3
2024-05-30T00:00:00Z,1717027200,18.3,18.34,18.14,18.15,1363,0,3
2024-05-31T00:00:00Z,1717113600,18.15,18.44,18.02,18.3,1747,0,3
2024-06-03T00:00:00Z,1717372800,18.24,18.83,18.2,18.76,1960,0,3
2024-06-04T00:00:00Z,1717459200,18.69,18.88,18.6,18.85,1518,0,3
2024-06-05T00:00:00Z,1717545600,18.85,19.15,18.71,19.14,1446,0,3
2024-06-06T00:00:00Z,1717632000,19.15,19.31,19.07,19.24,1520,0,3
2024-06-07T00:00:00Z,1717718400,19.24,19.35,18.75,18.95,2005,0,3
2024-06-10T00:00:00Z,1717977600,18.96,19.28,18.59,18.6,2151,0,3
2024-06-11T00:00:00Z,1718064000,18.65,18.93,18.58,18.73,2094,0,3
2024-06-12T00:00:00Z,1718150400,18.73,19.17,18.72,19.09,1715,0,3
2024-06-13T00:00:00Z,1718236800,19.09,19.63,19.05,19.52,1474,0,3
2024-06-14T00:00:00Z,1718323200,19.49,19.58,19.25,19.36,1912,0,3
2024-06-17T00:00:00Z,1718582400,19.28,19.28,18.8,18.96,1646,0,3
2024-06-18T00:00:00Z,1718668800,18.96,19.17,18.81,18.87,1606,0,3
2024-06-19T00:00:00Z,1718755200,18.87,18.87,18.87,18.87,1,0,3
2024-06-20T00:00:00Z,1718841600,19.09,19.42,18.81,18.91,1913,0,3
2024-06-21T00:00:00Z,1718928000,18.91,19.03,18.8,18.97,1762,0,3
2024-06-24T00:00:00Z,1719187200,19.12,19.72,19.06,19.68,1651,0,3
2024-06-25T00:00:00Z,1719273600,19.68,19.73,19.21,19.51,2460,0,3
2024-06-26T00:00:00Z,1719360000,19.45,19.65,19.28,19.51,2104,0,3
2024-06-27T00:00:00Z,1719446400,19.48,20.32,19.47,20.21,2124,0,3
2024-06-28T00:00:00Z,1719532800,20.22,20.45,19.94,20.28,2614,0,3
2024-07-01T00:00:00Z,1719792000,20.23,20.4,20.05,20.16,2401,0,3
2024-07-02T00:00:00Z,1719878400,20.02,20.76,19.92,20.61,2468,0,3
2024-07-03T00:00:00Z,1719964800,20.56,20.72,20.44,20.49,2193,0,3
2024-07-04T00:00:00Z,1720051200,20.49,20.49,20.49,20.49,1,0,3
2024-07-05T00:00:00Z,1720137600,20.53,20.65,20.09,20.09,2310,0,3
2024-07-08T00:00:00Z,1720396800,20.09,20.35,19.82,20.19,2173,0,3
2024-07-09T00:00:00Z,1720483200,20.24,20.27,19.6,19.64,1914,0,3
2024-07-10T00:00:00Z,1720569600,19.64,20.1,19.51,19.77,2027,0,3
2024-07-11T00:00:00Z,1720656000,19.77,19.88,19.38,19.38,2166,0,3
2024-07-12T00:00:00Z,1720742400,19.42,19.51,19.17,19.21,1704,0,3
2024-07-15T00:00:00Z,1721001600,19.14,19.8,19.08,19.74,1847,0,3
2024-07-16T00:00:00Z,1721088000,19.74,19.84,19.52,19.59,1976,0,3
2024-07-17T00:00:00Z,1721174400,19.59,19.59,19.14,19.34,1488,0,3
2024-07-18T00:00:00Z,1721260800,19.34,19.36,18.8,18.97,1584,0,3
2024-07-19T00:00:00Z,1721347200,18.97,18.97,18.54,18.66,1567,0,3
2024-07-22T00:00:00Z,1721606400,18.67,18.72,18.24,18.3,1665,0,3
2024-07-23T00:00:00Z,1721692800,18.3,18.39,18.07,18.15,1397,0,3
2024-07-24T00:00:00Z,1721779200,18.15,18.29,17.84,17.93,1602,0,3
2024-07-25T00:00:00Z,1721865600,17.92,18.68,17.92,18.65,2269,0,3
2024-07-26T00:00:00Z,1721952000,18.7,18.72,18.31,18.45,1773,0,3
2024-07-29T00:00:00Z,1722211200,18.48,19.03,18.47,18.99,1625,0,3
2024-07-30T00:00:00Z,1722297600,19.02,19.12,18.8,19.12,1739,0,3
2024-07-31T00:00:00Z,1722384000,19.12,19.3,18.73,18.98,1721,0,3
2024-08-01T00:00:00Z,1722470400,18.98,19.19,18.38,18.57,2135,0,3
2024-08-02T00:00:00Z,1722556800,18.57,18.65,17.99,18.1,2029,0,3
2024-08-05T00:00:00Z,1722816000,18.04,18.33,17.64,18.02,2688,0,3
2024-08-06T00:00:00Z,1722902400,18.02,18.11,17.76,17.84,1909,0,3
2024-08-07T00:00:00Z,1722988800,17.89,18.24,17.79,18.08,1859,0,3
2024-08-08T00:00:00Z,1723075200,18.04,18.83,17.93,18.52,1955,0,3
2024-08-09T00:00:00Z,1723161600,18.5,18.83,18.3,18.48,2238,0,3
2024-08-12T00:00:00Z,1723420800,18.51,18.71,18.22,18.34,1670,0,3
2024-08-13T00:00:00Z,1723507200,18.34,18.68,18.29,18.33,1687,0,3
2024-08-14T00:00:00Z,1723593600,18.31,18.42,17.9,17.97,1382,0,3
2024-08-15T00:00:00Z,1723680000,17.98,18.07,17.8,17.83,1485,0,3
2024-08-16T00:00:00Z,1723766400,17.84,18.32,17.83,18.07,1696,0,3
2024-08-19T00:00:00Z,1724025600,18.0,18.1,17.91,18.0,1392,0,3
2024-08-20T00:00:00Z,1724112000,18.05,18.05,17.51,17.57,1821,0,3
2024-08-21T00:00:00Z,1724198400,17.56,17.72,17.51,17.69,1585,0,3
2024-08-22T00:00:00Z,1724284800,17.65,18.04,17.63,17.8,1660,0,3
2024-08-23T00:00:00Z,1724371200,17.81,18.41,17.81,18.38,2120,0,3
2024-08-26T00:00:00Z,1724630400,18.49,19.15,18.49,19.05,1584,0,3
2024-08-27T00:00:00Z,1724716800,19.05,19.64,18.79,19.64,2789,0,3
2024-08-28T00:00:00Z,1724803200,19.59,19.64,19.11,19.57,2689,0,3
2024-08-29T00:00:00Z,1724889600,19.57,19.95,19.46,19.83,2574,0,3
2024-08-30T00:00:00Z,1724976000,19.84,19.93,19.27,19.41,2703,0,3
2024-09-03T00:00:00Z,1725321600,19.1,19.74,19.01,19.37,2987,0,3
2024-09-04T00:00:00Z,1725408000,19.42,19.52,19.06,19.24,2555,0,3
2024-09-05T00:00:00Z,1725494400,19.24,19.54,19.14,19.25,2061,0,3
2024-09-06T00:00:00Z,1725580800,19.3,19.59,18.82,18.87,2711,0,3
2024-09-09T00:00:00Z,1725840000,18.95,19.01,18.59,18.8,2458,0,3
2024-09-10T00:00:00Z,1725926400,18.77,18.85,18.42,18.42,2167,0,3
2024-09-11T00:00:00Z,1726012800,18.47,18.95,18.42,18.72,2580,0,3
2024-09-12T00:00:00Z,1726099200,18.74,19.22,18.68,19.03,2299,0,3
2024-09-13T00:00:00Z,1726185600,19.04,19.4,18.91,18.92,2138,0,3
2024-09-16T00:00:00Z,1726444800,18.98,19.42,18.83,19.18,2088,0,3
2024-09-17T00:00:00Z,1726531200,19.19,20.14,19.05,19.99,2303,0,3
2024-09-18T00:00:00Z,1726617600,19.92,21.37,19.83,21.07,3883,0,3
2024-09-19T00:00:00Z,1726704000,21.07,22.06,20.95,22.05,3142,0,3
2024-09-20T00:00:00Z,1726790400,22.01,23.11,22.01,22.61,4549,0,3
2024-09-23T00:00:00Z,1727049600,22.41,23.15,22.27,22.53,3843,0,3
2024-09-24T00:00:00Z,1727136000,22.44,23.29,22.37,23.15,2562,0,3
2024-09-25T00:00:00Z,1727222400,23.05,23.51,22.87,23.5,2481,0,3
2024-09-26T00:00:00Z,1727308800,23.5,23.69,23.22,23.28,2643,0,3
2024-09-27T00:00:00Z,1727395200,23.28,23.28,22.5,22.79,2830,0,3
2024-09-30T00:00:00Z,1727654400,22.49,22.68,22.14,22.52,3523,0,3
2024-10-01T00:00:00Z,1727740800,22.46,23.04,22.28,22.98,3684,0,3
2024-10-02T00:00:00Z,1727827200,22.99,23.14,22.45,22.65,3293,0,3
2024-10-03T00:00:00Z,1727913600,22.58,23.32,22.38,23.21,3144,0,3
2024-10-04T00:00:00Z,1728000000,23.21,23.43,22.72,22.97,3399,0,3
2024-10-07T00:00:00Z,1728259200,22.97,23.1,22.31,22.45,3045,0,3
2024-10-08T00:00:00Z,1728345600,22.45,22.66,22.19,22.43,3014,0,3
2024-10-09T00:00:00Z,1728432000,22.47,22.51,21.77,22.03,3135,0,3
2024-10-10T00:00:00Z,1728518400,22.09,22.3,21.84,22.13,2725,0,3
2024-10-11T00:00:00Z,1728604800,22.13,22.66,21.9,22.23,2931,0,3
2024-10-14T00:00:00Z,1728864000,22.22,22.56,22.02,22.35,2636,0,3
2024-10-15T00:00:00Z,1728950400,22.22,22.85,22.17,22.84,2766,0,3
2024-10-16T00:00:00Z,1729036800,22.84,22.93,21.96,21.99,2941,0,3
2024-10-17T00:00:00Z,1729123200,21.99,22.3,21.7,22.17,2949,0,3
2024-10-18T00:00:00Z,1729209600,22.17,22.59,22.09,22.15,2754,0,3
2024-10-21T00:00:00Z,1729468800,22.19,22.33,21.62,21.84,2345,0,3
2024-10-22T00:00:00Z,1729555200,21.84,22.02,21.54,21.72,2711,0,3
2024-10-23T00:00:00Z,1729641600,22.01,22.41,21.84,22.34,2953,0,3
2024-10-24T00:00:00Z,1729728000,22.34,22.56,22.11,22.12,2477,0,3
2024-10-25T00:00:00Z,1729814400,22.19,22.31,21.9,22.11,2165,0,3
2024-10-28T00:00:00Z,1730073600,22.1,22.13,21.66,21.98,2310,0,3
2024-10-29T00:00:00Z,1730160000,22.01,22.21,21.88,22.1,1792,0,3
2024-10-30T00:00:00Z,1730246400,22.1,22.41,21.85,22.21,2044,0,3
2024-10-31T00:00:00Z,1730332800,22.14,22.8,22.1,22.79,2762,0,3
2024-11-01T00:00:00Z,1730419200,22.78,22.96,21.96,22.03,2754,0,3
2024-11-04T00:00:00Z,1730678400,22.09,22.2,21.58,21.89,2629,0,3
2024-11-05T00:00:00Z,1730764800,21.87,21.99,21.66,21.84,2025,0,3
2024-11-06T00:00:00Z,1730851200,21.69,22.08,21.59,22.04,2077,0,3
2024-11-07T00:00:00Z,1730937600,22.23,22.47,22.13,22.22,2121,0,3
2024-11-08T00:00:00Z,1731024000,22.22,22.31,21.73,21.76,2360,0,3
2024-11-11T00:00:00Z,1731283200,21.84,21.94,21.11,21.28,2817,0,3
2024-11-12T00:00:00Z,1731369600,21.28,21.6,21.18,21.35,2810,0,3
2024-11-13T00:00:00Z,1731456000,21.35,21.53,20.85,21.17,2662,0,3
2024-11-14T00:00:00Z,1731542400,21.2,21.8,20.85,21.61,2646,0,3
2024-11-15T00:00:00Z,1731628800,21.57,21.9,21.4,21.58,2244,0,3
2024-11-18T00:00:00Z,1731888000,21.67,22.3,21.65,22.2,2497,0,3
2024-11-19T00:00:00Z,1731974400,22.2,22.4,21.8,21.96,2727,0,3
2024-11-20T00:00:00Z,1732060800,21.96,22.05,21.48,21.64,1950,0,3
2024-11-21T00:00:00Z,1732147200,21.64,21.74,21.25,21.37,2094,0,3
2024-11-22T00:00:00Z,1732233600,21.37,21.59,21.25,21.37,1590,0,3
2024-11-25T00:00:00Z,1732492800,21.38,21.4,21.1,21.14,1789,0,3
2024-11-26T00:00:00Z,1732579200,21.14,21.75,21.11,21.63,2086,0,3
2024-11-27T00:00:00Z,1732665600,21.63,21.98,21.52,21.61,2109,0,3
2024-11-28T00:00:00Z,1732752000,21.61,21.61,21.61,21.61,1,0,4
2024-11-29T00:00:00Z,1732838400,21.59,21.63,21.0,21.06,2156,0,3
2024-12-02T00:00:00Z,1733097600,21.09,21.24,20.69,21.1,2076,0,3
2024-12-03T00:00:00Z,1733184000,21.1,21.57,21.08,21.34,1858,0,3
2024-12-04T00:00:00Z,1733270400,21.37,21.39,21.15,21.16,1449,0,3
2024-12-05T00:00:00Z,1733356800,21.11,21.24,20.81,21.24,1492,0,3
2024-12-06T00:00:00Z,1733443200,21.26,21.84,21.12,21.75,1820,0,3
2024-12-09T00:00:00Z,1733702400,21.78,21.87,21.34,21.48,1853,0,3
2024-12-10T00:00:00Z,1733788800,21.48,21.5,20.81,21.06,2380,0,3
2024-12-11T00:00:00Z,1733875200,21.06,21.34,20.8,21.31,1934,0,3
2024-12-12T00:00:00Z,1733961600,21.31,21.4,20.71,20.92,2207,0,3
2024-12-13T00:00:00Z,1734048000,20.89,20.95,20.56,20.71,1748,0,3
2024-12-16T00:00:00Z,1734307200,20.72,20.88,20.42,20.66,2047,0,3
2024-12-17T00:00:00Z,1734393600,20.71,20.71,19.75,19.8,2450,0,3
2024-12-18T00:00:00Z,1734480000,19.8,19.9,19.54,19.6,2175,0,3
2024-12-19T00:00:00Z,1734566400,19.6,19.66,19.25,19.41,1915,0,3
2024-12-20T00:00:00Z,1734652800,19.4,19.58,19.29,19.49,1536,0,3
2024-12-23T00:00:00Z,1734912000,19.59,19.77,19.4,19.5,1499,0,3
2024-12-24T00:00:00Z,1734998400,19.58,19.8,19.49,19.49,1486,0,3
2024-12-26T00:00:00Z,1735171200,19.49,19.5,19.16,19.25,926,0,3
2024-12-27T00:00:00Z,1735257600,19.23,19.44,19.17,19.35,1513,0,3
2024-12-30T00:00:00Z,1735516800,19.4,19.63,19.04,19.1,1753,0,3
2024-12-31T00:00:00Z,1735603200,19.17,19.33,19.03,19.28,1538,0,3
2025-01-02T00:00:00Z,1735776000,19.28,19.92,19.2,19.66,2178,0,3
2025-01-03T00:00:00Z,1735862400,19.64,19.74,19.41,19.62,1855,0,3
2025-01-06T00:00:00Z,1736121600,19.7,19.78,19.29,19.3,1574,0,3
2025-01-07T00:00:00Z,1736208000,19.32,19.66,19.29,19.49,2167,0,3
2025-01-08T00:00:00Z,1736294400,19.48,19.52,19.16,19.16,1585,0,3
2025-01-09T00:00:00Z,1736380800,19.23,19.23,18.83,19.11,1875,0,3
2025-01-10T00:00:00Z,1736467200,19.11,19.46,18.95,19.2,1905,0,3
2025-01-13T00:00:00Z,1736726400,19.15,19.17,18.73,18.84,2293,0,3
2025-01-14T00:00:00Z,1736812800,18.88,18.9,18.23,18.27,2407,0,3
2025-01-15T00:00:00Z,1736899200,18.25,18.4,17.91,18.01,2076,0,3
2025-01-16T00:00:00Z,1736985600,18.01,18.69,18.01,18.38,2573,0,3
2025-01-17T00:00:00Z,1737072000,18.41,18.43,18.01,18.18,1837,0,3
2025-01-20T00:00:00Z,1737331200,18.19,18.19,18.19,18.19,3,0,3
2025-01-21T00:00:00Z,1737417600,18.03,18.23,17.56,17.73,2365,0,3
2025-01-22T00:00:00Z,1737504000,17.77,18.26,17.73,18.16,2273,0,3
2025-01-23T00:00:00Z,1737590400,18.14,18.75,18.12,18.72,2034,0,3
2025-01-24T00:00:00Z,1737676800,18.72,19.13,18.65,19.04,2255,0,3
2025-01-27T00:00:00Z,1737936000,18.87,19.56,18.87,19.11,2334,0,3
2025-01-28T00:00:00Z,1738022400,19.11,19.38,18.99,19.25,2228,0,3
2025-01-29T00:00:00Z,1738108800,19.28,19.48,19.2,19.42,2082,0,3
2025-01-30T00:00:00Z,1738195200,19.46,19.54,19.19,19.45,1781,0,3
2025-01-31T00:00:00Z,1738281600,19.45,19.47,19.09,19.39,1989,0,3
2025-02-03T00:00:00Z,1738540800,19.39,19.51,18.96,19.21,2336,0,3
2025-02-04T00:00:00Z,1738627200,19.21,19.69,19.17,19.69,1829,0,3
2025-02-05T00:00:00Z,1738713600,19.71,19.76,19.55,19.72,1681,0,3
2025-02-06T00:00:00Z,1738800000,19.73,20.17,19.5,19.51,2343,0,3
2025-02-07T00:00:00Z,1738886400,19.52,19.75,19.29,19.31,2298,0,3
2025-02-10T00:00:00Z,1739145600,19.39,19.77,19.29,19.54,1838,0,3
2025-02-11T00:00:00Z,1739232000,19.54,19.92,19.51,19.89,2408,0,3
2025-02-12T00:00:00Z,1739318400,19.87,20.03,19.67,19.74,2408,0,3
2025-02-13T00:00:00Z,1739404800,19.74,20.23,19.74,20.12,1935,0,3
2025-02-14T00:00:00Z,1739491200,20.12,20.43,20.08,20.38,1705,0,3
2025-02-18T00:00:00Z,1739836800,20.5,20.7,20.46,20.48,1936,0,3
2025-02-19T00:00:00Z,1739923200,20.39,20.76,20.39,20.69,1655,0,3
2025-02-20T00:00:00Z,1740009600,20.62,21.06,20.62,21.05,1514,0,3
2025-02-21T00:00:00Z,1740096000,21.05,21.33,20.93,21.29,1315,0,3
2025-02-24T00:00:00Z,1740355200,19.87,19.95,19.51,19.51,2025,0,3
2025-02-25T00:00:00Z,1740441600,19.51,19.96,19.42,19.94,1765,0,3
2025-02-26T00:00:00Z,1740528000,19.88,19.95,19.5,19.57,2032,0,3
2025-02-27T00:00:00Z,1740614400,19.57,19.7,18.77,18.9,2700,0,3
2025-02-28T00:00:00Z,1740700800,18.9,18.94,18.41,18.48,2201,0,3
2025-03-03T00:00:00Z,1740960000,18.48,18.54,18.13,18.25,2109,0,3
2025-03-04T00:00:00Z,1741046400,18.2,18.26,17.93,18.13,1651,0,3
2025-03-05T00:00:00Z,1741132800,18.13,18.49,18.12,18.18,1752,0,3
2025-03-06T00:00:00Z,1741219200,18.18,18.28,17.83,18.22,1623,0,3
2025-03-07T00:00:00Z,1741305600,18.22,18.44,18.21,18.31,1603,0,3
2025-03-10T00:00:00Z,1741564800,18.46,18.98,18.32,18.81,1767,0,3
2025-03-11T00:00:00Z,1741651200,18.96,19.02,18.56,18.6,2377,0,3
2025-03-12T00:00:00Z,1741737600,18.73,19.1,18.67,18.84,1412,0,3
2025-03-13T00:00:00Z,1741824000,18.83,19.25,18.75,19.22,1455,0,3
2025-03-14T00:00:00Z,1741910400,19.15,19.3,18.76,19.19,1622,0,3
2025-03-17T00:00:00Z,1742169600,19.21,19.98,19.21,19.92,1949,0,3
2025-03-18T00:00:00Z,1742256000,19.92,20.07,19.74,19.91,2033,0,3
2025-03-19T00:00:00Z,1742342400,19.86,20.03,19.53,19.6,1739,0,3
2025-03-20T00:00:00Z,1742428800,19.6,20.04,19.55,19.96,1355,0,3
2025-03-21T00:00:00Z,1742515200,19.92,20.05,19.65,19.66,1724,0,3
2025-03-24T00:00:00Z,1742774400,19.68,19.69,19.22,19.27,1941,0,3
2025-03-25T00:00:00Z,1742860800,19.27,19.58,19.19,19.56,1495,0,3
2025-03-26T00:00:00Z,1742947200,19.6,19.62,19.21,19.34,1569,0,3
2025-03-27T00:00:00Z,1743033600,19.28,19.33,18.94,19.06,1526,0,3
2025-03-28T00:00:00Z,1743120000,19.06,19.19,18.9,18.99,1412,0,3
2025-03-31T00:00:00Z,1743379200,18.96,19.29,18.71,18.83,1797,0,3
2025-04-01T00:00:00Z,1743465600,18.88,19.38,18.83,19.37,1985,0,3
2025-04-02T00:00:00Z,1743552000,19.37,19.61,19.07,19.55,1763,0,3
2025-04-03T00:00:00Z,1743638400,19.33,19.52,18.94,19.05,2096,0,3
2025-04-04T00:00:00Z,1743724800,19.01,19.04,18.75,18.9,2354,0,3
2025-04-07T00:00:00Z,1743984000,18.8,19.04,18.61,18.66,2618,0,3
2025-04-08T00:00:00Z,1744070400,18.67,18.85,18.25,18.27,2290,0,3
2025-04-09T00:00:00Z,1744156800,18.27,18.33,17.86,17.86,2711,0,3
2025-04-10T00:00:00Z,1744243200,17.86,18.47,17.86,18.1,2386,0,3
2025-04-11T00:00:00Z,1744329600,18.1,18.29,17.9,17.98,2530,0,3
2025-04-14T00:00:00Z,1744588800,17.97,18.1,17.8,17.82,1735,0,3
2025-04-15T00:00:00Z,1744675200,17.82,17.89,17.5,17.53,1175,0,3
2025-04-16T00:00:00Z,1744761600,17.51,17.87,17.5,17.85,1328,0,3
2025-04-17T00:00:00Z,1744848000,17.87,17.97,17.8,17.88,1140,0,3
2025-04-18T00:00:00Z,1744934400,17.88,17.88,17.88,17.88,3,0,3
2025-04-21T00:00:00Z,1745193600,17.87,18.12,17.75,17.75,753,0,3
2025-04-22T00:00:00Z,1745280000,17.68,18.04,17.64,17.97,1575,0,3
2025-04-23T00:00:00Z,1745366400,17.94,18.08,17.81,17.95,1465,0,3
2025-04-24T00:00:00Z,1745452800,17.93,17.98,17.77,17.92,1481,0,3
2025-04-25T00:00:00Z,1745539200,17.92,18.18,17.87,18.15,1192,0,3
2025-04-28T00:00:00Z,1745798400,18.17,18.17,17.64,17.81,1621,0,3
2025-04-29T00:00:00Z,1745884800,17.83,17.93,17.44,17.56,1932,0,3
2025-04-30T00:00:00Z,1745971200,17.56,17.83,17.19,17.22,1839,0,3
2025-05-01T00:00:00Z,1746057600,17.24,17.35,17.07,17.15,1569,0,3
2025-05-02T00:00:00Z,1746144000,17.2,17.27,16.96,17.25,1644,0,3
2025-05-05T00:00:00Z,1746403200,17.29,17.52,17.21,17.43,1506,0,3
2025-05-06T00:00:00Z,1746489600,17.45,17.63,17.37,17.41,1660,0,3
2025-05-07T00:00:00Z,1746576000,17.3,17.37,17.06,17.13,1558,0,3
2025-05-08T00:00:00Z,1746662400,17.15,17.53,17.03,17.5,1781,0,3
2025-05-09T00:00:00Z,1746748800,17.5,17.88,17.43,17.8,1491,0,3
2025-05-12T00:00:00Z,1747008000,17.91,18.07,17.61,17.64,1800,0,3
2025-05-13T00:00:00Z,1747094400,17.64,18.27,17.6,18.18,1949,0,3
2025-05-14T00:00:00Z,1747180800,18.18,18.27,17.92,18.06,2069,0,3
2025-05-15T00:00:00Z,1747267200,17.99,17.99,17.56,17.67,2104,0,3
2025-05-16T00:00:00Z,1747353600,17.65,17.77,17.41,17.53,1566,0,3
2025-05-19T00:00:00Z,1747612800,17.51,17.68,17.4,17.46,1408,0,3
2025-05-20T00:00:00Z,1747699200,17.44,17.53,17.24,17.38,1332,0,3
2025-05-21T00:00:00Z,1747785600,17.39,17.76,17.34,17.71,1423,0,3
2025-05-22T00:00:00Z,1747872000,17.61,17.68,17.31,17.36,1632,0,3
2025-05-23T00:00:00Z,1747958400,17.36,17.36,17.2,17.3,1667,0,3
2025-05-26T00:00:00Z,1748217600,17.3,17.3,17.3,17.3,2,0,3
2025-05-27T00:00:00Z,1748304000,17.44,17.45,17.06,17.24,1333,0,3
2025-05-28T00:00:00Z,1748390400,17.26,17.26,16.84,16.88,1124,0,3
2025-05-29T00:00:00Z,1748476800,16.88,17.12,16.8,17.02,1484,0,3
2025-05-30T00:00:00Z,1748563200,17.0,17.22,16.99,17.09,1338,0,3
2025-06-02T00:00:00Z,1748822400,17.09,17.36,16.83,16.87,1570,0,3
2025-06-03T00:00:00Z,1748908800,16.87,16.95,16.65,16.93,1268,0,3
2025-06-04T00:00:00Z,1748995200,16.93,17.07,16.72,16.74,1651,0,3
2025-06-05T00:00:00Z,1749081600,16.74,16.75,16.45,16.62,1462,0,3
2025-06-06T00:00:00Z,1749168000,16.54,16.55,16.31,16.51,1437,0,3
2025-06-09T00:00:00Z,1749427200,16.47,16.73,16.41,16.7,1577,0,3
2025-06-10T00:00:00Z,1749513600,16.69,16.8,16.41,16.44,1418,0,3
2025-06-11T00:00:00Z,1749600000,16.38,16.58,16.32,16.43,1459,0,3
2025-06-12T00:00:00Z,1749686400,16.43,16.45,16.17,16.27,1735,0,3
2025-06-13T00:00:00Z,1749772800,16.41,16.45,16.06,16.07,1548,0,3
2025-06-16T00:00:00Z,1750032000,16.1,16.59,15.92,16.58,1399,0,3
2025-06-17T00:00:00Z,1750118400,16.43,16.48,15.97,15.99,1658,0,3
2025-06-18T00:00:00Z,1750204800,15.95,16.12,15.79,15.89,1647,0,3
2025-06-19T00:00:00Z,1750291200,15.89,15.9,15.89,15.9,4,0,4
2025-06-20T00:00:00Z,1750377600,16.14,16.27,15.98,16.05,1453,0,3
2025-06-23T00:00:00Z,1750636800,16.11,16.27,15.98,15.98,1202,0,3
2025-06-24T00:00:00Z,1750723200,15.94,16.16,15.7,15.73,1409,0,3
2025-06-25T00:00:00Z,1750809600,15.73,15.98,15.69,15.97,1262,0,3
2025-06-26T00:00:00Z,1750896000,15.92,15.95,15.54,15.58,1493,0,3
2025-06-27T00:00:00Z,1750982400,15.58,16.02,15.56,15.74,1453,0,3
2025-06-30T00:00:00Z,1751241600,16.64,16.71,16.14,16.16,1667,0,3
2025-07-01T00:00:00Z,1751328000,16.17,16.18,15.53,15.71,1988,0,3
2025-07-02T00:00:00Z,1751414400,15.71,15.95,15.43,15.53,1839,0,3
2025-07-03T00:00:00Z,1751500800,15.53,16.38,15.43,16.38,1924,0,3
2025-07-04T00:00:00Z,1751587200,16.38,16.38,16.36,16.36,4,0,3
2025-07-07T00:00:00Z,1751846400,16.31,16.44,16.06,16.23,2009,0,3
2025-07-08T00:00:00Z,1751932800,16.24,16.35,16.09,16.12,1609,0,3
2025-07-09T00:00:00Z,1752019200,16.11,16.6,16.07,16.55,1530,0,3
2025-07-10T00:00:00Z,1752105600,16.45,16.54,16.21,16.25,1881,0,3
2025-07-11T00:00:00Z,1752192000,16.29,16.58,16.19,16.56,1488,0,3
2025-07-14T00:00:00Z,1752451200,16.56,16.65,16.26,16.29,1582,0,3
2025-07-15T00:00:00Z,1752537600,16.29,16.59,16.25,16.55,1401,0,3
2025-07-16T00:00:00Z,1752624000,16.55,16.65,16.39,16.54,1168,0,3
2025-07-17T00:00:00Z,1752710400,16.53,16.86,16.53,16.74,1327,0,3
2025-07-18T00:00:00Z,1752796800,16.74,17.0,16.69,16.77,1223,0,3
2025-07-21T00:00:00Z,1753056000,16.81,16.85,16.34,16.36,1510,0,3
2025-07-22T00:00:00Z,1753142400,16.37,16.49,16.09,16.24,1371,0,3
2025-07-23T00:00:00Z,1753228800,16.26,16.32,16.02,16.25,1316,0,3
2025-07-24T00:00:00Z,1753315200,16.32,16.62,16.24,16.55,1372,0,3
2025-07-25T00:00:00Z,1753401600,16.59,16.61,16.22,16.26,1341,0,3
2025-07-28T00:00:00Z,1753660800,16.26,16.51,16.21,16.43,1385,0,3
2025-07-29T00:00:00Z,1753747200,16.43,16.73,16.36,16.54,1341,0,3
2025-07-30T00:00:00Z,1753833600,16.54,16.56,16.36,16.45,1301,0,3
2025-07-31T00:00:00Z,1753920000,16.45,16.6,16.27,16.34,1385,0,3
2025-08-01T00:00:00Z,1754006400,16.34,16.41,16.11,16.16,1326,0,3
2025-08-04T00:00:00Z,1754265600,16.17,16.45,16.16,16.24,1354,0,3
2025-08-05T00:00:00Z,1754352000,16.23,16.24,15.91,16.07,1408,0,3
2025-08-06T00:00:00Z,1754438400,16.07,16.15,15.99,16.03,1129,0,3
2025-08-07T00:00:00Z,1754524800,16.06,16.26,15.95,16.02,1352,0,3
2025-08-08T00:00:00Z,1754611200,16.01,16.33,16.01,16.27,1182,0,3
2025-08-11T00:00:00Z,1754870400,16.33,16.56,16.3,16.54,1387,0,3
2025-08-12T00:00:00Z,1754956800,16.55,17.03,16.52,16.93,1416,0,3
2025-08-13T00:00:00Z,1755043200,16.93,17.0,16.77,16.82,1664,0,3
2025-08-14T00:00:00Z,1755129600,16.82,16.82,16.5,16.57,1422,0,3
2025-08-15T00:00:00Z,1755216000,16.57,16.61,16.34,16.46,1357,0,3
2025-08-18T00:00:00Z,1755475200,16.44,16.48,16.19,16.23,1173,0,3
2025-08-19T00:00:00Z,1755561600,16.25,16.43,16.22,16.28,1151,0,3
2025-08-20T00:00:00Z,1755648000,16.28,16.67,16.28,16.57,1347,0,3
2025-08-21T00:00:00Z,1755734400,16.58,16.59,16.34,16.36,1086,0,3
2025-08-22T00:00:00Z,1755820800,16.31,16.49,16.26,16.43,1315,0,3
2025-08-25T00:00:00Z,1756080000,16.43,16.55,16.29,16.37,810,0,3
2025-08-26T00:00:00Z,1756166400,16.36,16.49,16.3,16.42,1201,0,3
2025-08-27T00:00:00Z,1756252800,16.42,16.51,16.34,16.45,1039,0,3
2025-08-28T00:00:00Z,1756339200,16.45,16.51,16.3,16.5,1196,0,3
2025-08-29T00:00:00Z,1756425600,16.48,16.49,16.32,16.32,1133,0,3
2025-09-01T00:00:00Z,1756684800,16.33,16.33,16.33,16.33,2,0,3
2025-09-02T00:00:00Z,1756771200,16.33,16.47,16.11,16.12,1430,0,3
2025-09-03T00:00:00Z,1756857600,16.14,16.21,16.0,16.04,1050,0,3
2025-09-04T00:00:00Z,1756944000,16.04,16.07,15.65,15.69,1244,0,3
2025-09-05T00:00:00Z,1757030400,15.67,15.7,15.5,15.56,1262,0,3
2025-09-08T00:00:00Z,1757289600,15.59,15.68,15.38,15.62,1307,0,3
2025-09-09T00:00:00Z,1757376000,15.62,15.9,15.6,15.85,1306,0,3
2025-09-10T00:00:00Z,1757462400,15.85,16.0,15.7,15.89,1338,0,3
2025-09-11T00:00:00Z,1757548800,15.89,15.97,15.71,15.78,1390,0,3
2025-09-12T00:00:00Z,1757635200,15.77,15.85,15.66,15.8,1159,0,3
2025-09-15T00:00:00Z,1757894400,15.83,16.11,15.78,15.96,1508,0,3
2025-09-16T00:00:00Z,1757980800,15.96,16.08,15.81,15.86,1250,0,3
2025-09-17T00:00:00Z,1758067200,15.83,15.9,15.49,15.5,1281,0,3
2025-09-18T00:00:00Z,1758153600,15.5,15.52,15.14,15.39,1258,0,3
2025-09-19T00:00:00Z,1758240000,15.38,15.63,15.3,15.49,1322,0,3
2025-09-22T00:00:00Z,1758499200,15.49,15.7,15.17,15.17,1346,0,3
2025-09-23T00:00:00Z,1758585600,15.18,15.68,15.09,15.66,1595,0,3
2025-09-24T00:00:00Z,1758672000,15.66,15.73,15.55,15.59,1123,0,3
2025-09-25T00:00:00Z,1758758400,15.59,15.77,15.43,15.76,1084,0,3
2025-09-26T00:00:00Z,1758844800,15.74,15.93,15.66,15.81,802,0,3
2025-09-29T00:00:00Z,1759104000,16.34,16.48,16.23,16.39,1151,0,3
2025-09-30T00:00:00Z,1759190400,16.38,16.67,16.29,16.58,1186,0,3
2025-10-01T00:00:00Z,1759276800,16.58,16.61,16.03,16.13,1301,0,3
2025-10-02T00:00:00Z,1759363200,16.15,16.52,16.14,16.4,1280,0,3
2025-10-03T00:00:00Z,1759449600,16.43,16.58,16.39,16.48,1107,0,3
2025-10-06T00:00:00Z,1759708800,16.49,16.81,16.49,16.77,1052,0,3
2025-10-07T00:00:00Z,1759795200,16.77,16.86,16.39,16.64,1506,0,3
2025-10-08T00:00:00Z,1759881600,16.63,16.72,16.25,16.29,1217,0,3
2025-10-09T00:00:00Z,1759968000,16.31,16.37,16.15,16.25,1155,0,3
2025-10-10T00:00:00Z,1760054400,16.26,16.33,15.96,16.1,1172,0,3
2025-10-13T00:00:00Z,1760313600,16.15,16.15,15.52,15.56,1361,0,3
2025-10-14T00:00:00Z,1760400000,15.54,15.92,15.35,15.86,1456,0,3
2025-10-15T00:00:00Z,1760486400,15.84,15.86,15.52,15.65,1426,0,3
2025-10-16T00:00:00Z,1760572800,15.69,15.85,15.57,15.83,1305,0,3
2025-10-17T00:00:00Z,1760659200,15.8,15.83,15.44,15.5,1298,0,3
2025-10-20T00:00:00Z,1760918400,15.51,15.76,15.5,15.72,1188,0,3
2025-10-21T00:00:00Z,1761004800,15.72,15.8,15.09,15.2,1386,0,3
2025-10-22T00:00:00Z,1761091200,15.21,15.41,15.02,15.11,1311,0,3
2025-10-23T00:00:00Z,1761177600,15.17,15.41,15.17,15.21,1248,0,3
2025-10-24T00:00:00Z,1761264000,15.22,15.25,14.92,14.95,1224,0,3
2025-10-27T00:00:00Z,1761523200,15.0,15.02,14.33,14.47,1265,0,3
2025-10-28T00:00:00Z,1761609600,14.5,14.57,14.26,14.38,1116,0,3
2025-10-29T00:00:00Z,1761696000,14.34,14.54,14.2,14.41,1101,0,3
2025-10-30T00:00:00Z,1761782400,14.31,14.4,14.07,14.24,1323,0,3
2025-10-31T00:00:00Z,1761868800,14.34,14.47,14.19,14.39,1191,0,3
2025-11-03T00:00:00Z,1762128000,14.45,14.71,14.35,14.66,1471,0,3
2025-11-04T00:00:00Z,1762214400,14.66,14.69,14.12,14.17,1609,0,3
2025-11-05T00:00:00Z,1762300800,14.2,14.3,14.04,14.1,1493,0,3
2025-11-06T00:00:00Z,1762387200,14.09,14.42,14.03,14.18,1435,0,3
2025-11-07T00:00:00Z,1762473600,14.18,14.35,14.05,14.11,1300,0,3
2025-11-10T00:00:00Z,1762732800,14.15,14.4,14.07,14.24,1603,0,3
2025-11-11T00:00:00Z,1762819200,14.21,14.44,14.16,14.26,1203,0,3
2025-11-12T00:00:00Z,1762905600,14.26,14.54,14.17,14.54,1203,0,3
2025-11-13T00:00:00Z,1762992000,14.54,14.75,14.35,14.42,1545,0,3
2025-11-14T00:00:00Z,1763078400,14.39,15.03,14.34,14.94,1615,0,3
2025-11-17T00:00:00Z,1763337600,14.79,14.9,14.63,14.77,1275,0,3
2025-11-18T00:00:00Z,1763424000,14.81,14.86,14.61,14.69,1388,0,3
2025-11-19T00:00:00Z,1763510400,14.63,15.03,14.61,14.65,1619,0,3
2025-11-20T00:00:00Z,1763596800,14.65,14.79,14.57,14.65,1236,0,3
2025-11-21T00:00:00Z,1763683200,14.65,14.81,14.55,14.76,1123,0,3
2025-11-24T00:00:00Z,1763942400,14.77,14.94,14.69,14.84,1259,0,3
2025-11-25T00:00:00Z,1764028800,14.81,14.94,14.79,14.89,1113,0,3
2025-11-26T00:00:00Z,1764115200,14.89,15.17,14.85,15.1,990,0,3
2025-11-27T00:00:00Z,1764201600,15.1,15.11,15.1,15.11,4,0,3
2025-11-28T00:00:00Z,1764288000,15.1,15.27,15.06,15.18,1016,0,3
2025-12-01T00:00:00Z,1764547200,15.16,15.18,14.72,14.74,1311,0,3
2025-12-02T00:00:00Z,1764633600,14.74,15.01,14.7,14.95,1259,0,3
2025-12-03T00:00:00Z,1764720000,14.93,15.08,14.85,14.91,1213,0,3
2025-12-04T00:00:00Z,1764806400,14.88,14.98,14.78,14.88,1052,0,3
2025-12-05T00:00:00Z,1764892800,14.82,15.0,14.72,14.81,1122,0,3
2025-12-08T00:00:00Z,1765152000,14.79,14.91,14.7,14.83,988,0,3
2025-12-09T00:00:00Z,1765238400,14.82,14.87,14.51,14.66,1307,0,3
2025-12-10T00:00:00Z,1765324800,14.66,15.0,14.64,14.89,1135,0,3
2025-12-11T00:00:00Z,1765411200,14.89,14.96,14.81,14.85,948,0,3
2025-12-12T00:00:00Z,1765497600,14.85,15.24,14.84,15.09,1037,0,3
2025-12-15T00:00:00Z,1765756800,15.05,15.11,14.77,14.91,1146,0,3
2025-12-16T00:00:00Z,1765843200,14.9,15.05,14.76,14.83,960,0,3
2025-12-17T00:00:00Z,1765929600,14.83,14.87,14.71,14.74,932,0,3
2025-12-18T00:00:00Z,1766016000,14.77,14.79,14.37,14.46,1013,0,3
2025-12-19T00:00:00Z,1766102400,14.46,14.84,14.44,14.84,975,0,3
2025-12-22T00:00:00Z,1766361600,14.85,15.07,14.82,15.0,943,0,3
2025-12-23T00:00:00Z,1766448000,14.97,15.22,14.96,15.16,953,0,3
2025-12-24T00:00:00Z,1766534400,15.15,15.32,15.14,15.27,871,0,3
2025-12-25T00:00:00Z,1766620800,15.27,15.28,15.27,15.28,4,0,3
2025-12-26T00:00:00Z,1766707200,15.28,15.28,15.13,15.15,602,0,3
2025-12-29T00:00:00Z,1766966400,15.15,15.32,15.1,15.23,1142,0,3
2025-12-30T00:00:00Z,1767052800,15.23,15.24,14.79,14.84,1248,0,3
2025-12-31T00:00:00Z,1767139200,14.83,15.2,14.8,14.94,1395,0,3
2026-01-01T00:00:00Z,1767225600,14.94,14.94,14.94,14.94,3,0,3
2026-01-02T00:00:00Z,1767312000,14.94,15.02,14.56,14.59,1393,0,3
2026-01-05T00:00:00Z,1767571200,14.6,14.83,14.59,14.71,1122,0,3
2026-01-06T00:00:00Z,1767657600,14.68,14.81,14.61,14.75,985,0,3
2026-01-07T00:00:00Z,1767744000,14.73,15.02,14.68,14.95,1019,0,3
2026-01-08T00:00:00Z,1767830400,14.89,15.06,14.89,14.94,1123,0,3
2026-01-09T00:00:00Z,1767916800,14.93,14.97,14.77,14.87,1193,0,3
2026-01-12T00:00:00Z,1768176000,14.85,14.92,14.7,14.82,1068,0,3
2026-01-13T00:00:00Z,1768262400,14.82,14.98,14.76,14.83,1240,0,3
2026-01-14T00:00:00Z,1768348800,14.86,14.96,14.62,14.63,1174,0,3
2026-01-15T00:00:00Z,1768435200,14.63,14.66,14.4,14.57,960,0,3
2026-01-16T00:00:00Z,1768521600,14.62,14.98,14.59,14.97,1081,0,3
2026-01-19T00:00:00Z,1768780800,14.98,14.98,14.98,14.98,2,0,3
2026-01-20T00:00:00Z,1768867200,14.98,14.98,14.69,14.71,1050,0,3
2026-01-21T00:00:00Z,1768953600,14.71,14.88,14.65,14.74,1003,0,3
2026-01-22T00:00:00Z,1769040000,14.7,14.96,14.7,14.94,912,0,3
2026-01-23T00:00:00Z,1769126400,14.93,14.96,14.71,14.72,895,0,3
2026-01-26T00:00:00Z,1769385600,14.75,14.85,14.66,14.76,1131,0,3
2026-01-27T00:00:00Z,1769472000,14.75,14.99,14.73,14.82,1009,0,3
2026-01-28T00:00:00Z,1769558400,14.8,14.85,14.66,14.71,1124,0,3
2026-01-29T00:00:00Z,1769644800,14.7,14.79,14.6,14.7,1134,0,3
2026-01-30T00:00:00Z,1769731200,14.68,14.69,14.14,14.25,1399,0,3
2026-02-02T00:00:00Z,1769990400,14.19,14.33,14.12,14.22,1331,0,3
2026-02-03T00:00:00Z,1770076800,14.22,14.68,14.2,14.62,1680,0,3
2026-02-04T00:00:00Z,1770163200,14.62,14.66,14.39,14.4,1431,0,3
2026-02-05T00:00:00Z,1770249600,14.4,14.4,14.18,14.25,1177,0,3
2026-02-06T00:00:00Z,1770336000,14.25,14.28,14.06,14.08,1049,0,3
2026-02-09T00:00:00Z,1770595200,14.17,14.51,14.14,14.31,1347,0,3
2026-02-10T00:00:00Z,1770681600,14.3,14.33,14.07,14.09,1302,0,3
2026-02-11T00:00:00Z,1770768000,14.09,14.11,13.81,13.84,1408,0,3
2026-02-12T00:00:00Z,1770854400,13.84,13.9,13.66,13.78,1368,0,3
2026-02-13T00:00:00Z,1770940800,13.8,13.85,13.72,13.84,1086,0,3
2026-02-16T00:00:00Z,1771200000,13.85,13.85,13.85,13.85,2,0,3
2026-02-17T00:00:00Z,1771286400,14.02,14.15,13.82,13.83,1287,0,3
2026-02-18T00:00:00Z,1771372800,13.84,14.17,13.84,14.15,954,0,3
2026-02-19T00:00:00Z,1771459200,14.1,14.21,13.98,14.07,817,0,3
2026-02-20T00:00:00Z,1771545600,14.0,14.44,13.96,14.28,1121,0,3
2026-02-23T00:00:00Z,1771804800,13.83,14.08,13.77,14.0,1148,0,3
2026-02-24T00:00:00Z,1771891200,14.0,14.11,13.91,13.97,1042,0,3
2026-02-25T00:00:00Z,1771977600,13.93,14.05,13.87,13.97,1003,0,3
2026-02-26T00:00:00Z,1772064000,13.96,14.17,13.92,13.93,1143,0,3
2026-02-27T00:00:00Z,1772150400,13.93,13.98,13.77,13.89,1152,0,3
2026-03-02T00:00:00Z,1772409600,14.16,14.27,13.87,13.89,1547,0,3
2026-03-03T00:00:00Z,1772496000,13.97,14.18,13.9,13.92,1368,0,3
2026-03-04T00:00:00Z,1772582400,13.93,14.06,13.69,13.69,1264,0,3
2026-03-05T00:00:00Z,1772668800,13.69,13.81,13.6,13.7,1230,0,3
2026-03-06T00:00:00Z,1772755200,13.74,14.15,13.67,14.07,1442,0,3
2026-03-09T00:00:00Z,1773014400,14.25,14.62,14.25,14.57,1663,0,3
2026-03-10T00:00:00Z,1773100800,14.57,14.57,14.16,14.33,1733,0,3
2026-03-11T00:00:00Z,1773187200,14.36,14.51,14.17,14.22,1526,0,3
2026-03-12T00:00:00Z,1773273600,14.22,14.47,14.11,14.42,1251,0,3
2026-03-13T00:00:00Z,1773360000,14.42,14.51,14.29,14.38,1208,0,3
2026-03-16T00:00:00Z,1773619200,14.4,14.42,14.14,14.17,1159,0,3
2026-03-17T00:00:00Z,1773705600,14.18,14.49,14.17,14.45,1250,0,3
2026-03-18T00:00:00Z,1773792000,14.4,14.82,14.34,14.79,1233,0,3
2026-03-19T00:00:00Z,1773878400,14.79,15.47,14.79,15.39,2049,0,3
2026-03-20T00:00:00Z,1773964800,15.39,15.71,15.29,15.62,1878,0,3
2026-03-23T00:00:00Z,1774224000,15.7,15.73,15.36,15.5,2411,0,3
2026-03-24T00:00:00Z,1774310400,15.48,15.89,15.39,15.88,1249,0,3
2026-03-25T00:00:00Z,1774396800,15.74,15.81,15.31,15.51,1963,0,3
2026-03-26T00:00:00Z,1774483200,15.51,15.96,15.51,15.82,1534,0,3
2026-03-27T00:00:00Z,1774569600,15.82,15.91,15.65,15.75,1548,0,3
2026-03-30T00:00:00Z,1774828800,15.77,16.08,15.51,15.53,1840,0,3
2026-03-31T00:00:00Z,1774915200,15.53,15.72,15.13,15.49,2388,0,3
2026-04-01T00:00:00Z,1775001600,15.4,15.4,15.04,15.25,2076,0,3
2026-04-02T00:00:00Z,1775088000,15.25,15.48,14.9,14.94,2048,0,3
2026-04-03T00:00:00Z,1775174400,14.95,14.95,14.95,14.95,1,0,3
2026-04-06T00:00:00Z,1775433600,14.91,15.13,14.83,14.97,1049,0,3
2026-04-07T00:00:00Z,1775520000,14.99,15.05,14.56,14.58,1695,0,3
2026-04-08T00:00:00Z,1775606400,14.24,14.49,14.18,14.23,2006,0,3
2026-04-09T00:00:00Z,1775692800,14.25,14.28,13.89,13.95,1431,0,3
2026-04-10T00:00:00Z,1775779200,13.97,14.04,13.7,13.75,1464,0,3
2026-04-13T00:00:00Z,1776038400,13.87,13.96,13.62,13.63,1519,0,3
2026-04-14T00:00:00Z,1776124800,13.61,13.93,13.55,13.91,1766,0,3
2026-04-15T00:00:00Z,1776211200,13.92,14.01,13.47,13.49,1197,0,3
2026-04-16T00:00:00Z,1776297600,13.59,13.75,13.54,13.66,1454,0,3
2026-04-17T00:00:00Z,1776384000,13.67,13.72,13.2,13.32,1455,0,3
2026-04-20T00:00:00Z,1776643200,13.44,13.52,13.24,13.44,1576,0,3
2026-04-21T00:00:00Z,1776729600,13.38,13.58,13.32,13.4,1450,0,3
2026-04-22T00:00:00Z,1776816000,13.4,13.64,13.33,13.56,1387,0,3
2026-04-23T00:00:00Z,1776902400,13.56,13.72,13.47,13.61,1111,0,3
2026-04-24T00:00:00Z,1776988800,13.59,13.95,13.59,13.9,1400,0,3
2026-04-27T00:00:00Z,1777248000,14.11,14.28,13.94,13.98,1487,0,3
2026-04-28T00:00:00Z,1777334400,13.98,14.28,13.98,14.23,1313,0,3
2026-04-29T00:00:00Z,1777420800,14.23,14.78,14.23,14.76,1417,0,3
2026-04-30T00:00:00Z,1777507200,14.76,14.83,14.5,14.59,1817,0,3
2026-05-01T00:00:00Z,1777593600,14.61,14.99,14.43,14.95,1743,0,3
2026-05-04T00:00:00Z,1777852800,14.96,15.31,14.84,15.3,1043,0,3
2026-05-05T00:00:00Z,1777939200,15.3,15.48,15.2,15.36,1695,0,3
2026-05-06T00:00:00Z,1778025600,15.3,15.33,14.46,14.81,2976,0,3
2026-05-07T00:00:00Z,1778112000,14.81,14.81,14.36,14.55,2087,0,3
2026-05-08T00:00:00Z,1778198400,14.55,14.73,14.45,14.68,1766,0,3
2026-05-11T00:00:00Z,1778457600,14.76,14.97,14.59,14.91,1508,0,3
2026-05-12T00:00:00Z,1778544000,14.98,15.2,14.8,14.97,2005,0,3
2026-05-13T00:00:00Z,1778630400,14.95,15.39,14.95,15.37,1532,0,3
2026-05-14T00:00:00Z,1778716800,15.37,15.4,14.91,14.98,1872,0,3
2026-05-15T00:00:00Z,1778803200,14.98,15.05,14.66,14.78,1608,0,3
2026-05-18T00:00:00Z,1779062400,14.8,14.9,14.56,14.71,1655,0,3
2026-05-19T00:00:00Z,1779148800,14.74,15.11,14.67,15.01,1536,0,3
2026-05-20T00:00:00Z,1779235200,15.04,15.13,14.66,14.74,1957,0,3
2026-05-21T00:00:00Z,1779321600,14.74,15.03,14.74,14.89,1604,0,3
2026-05-22T00:00:00Z,1779408000,14.82,14.89,14.58,14.67,1400,0,3
2026-05-26T00:00:00Z,1779753600,14.57,14.63,14.43,14.51,1279,0,3
2026-05-27T00:00:00Z,1779840000,14.45,14.47,14.12,14.12,1542,0,3
2026-05-28T00:00:00Z,1779926400,14.12,14.15,13.85,13.91,1360,0,3
2026-05-29T00:00:00Z,1780012800,13.93,14.33,13.89,14.06,1757,0,3
2026-06-01T00:00:00Z,1780272000,14.14,14.56,14.13,14.41,1904,0,3
2026-06-02T00:00:00Z,1780358400,14.35,14.45,14.24,14.37,1595,0,3
2026-06-03T00:00:00Z,1780444800,14.43,14.62,14.2,14.21,1566,0,3
2026-06-04T00:00:00Z,1780531200,14.18,14.43,14.13,14.27,1562,0,3
2026-06-05T00:00:00Z,1780617600,14.24,14.48,14.08,14.11,1728,0,3
2026-06-08T00:00:00Z,1780876800,14.24,14.34,14.1,14.14,1894,0,3
2026-06-09T00:00:00Z,1780963200,14.14,14.21,13.96,14.12,1544,0,3
2026-06-10T00:00:00Z,1781049600,14.12,14.12,13.85,13.9,1593,0,3
2026-06-11T00:00:00Z,1781136000,13.9,14.0,13.76,13.79,1783,0,3
2026-06-12T00:00:00Z,1781222400,13.76,13.95,13.67,13.7,1322,0,3
2026-06-15T00:00:00Z,1781481600,13.66,13.88,13.6,13.64,1495,0,3
2026-06-16T00:00:00Z,1781568000,13.64,13.83,13.55,13.78,1298,0,3
2026-06-17T00:00:00Z,1781654400,13.77,13.98,13.72,13.84,1361,0,3
2026-06-18T00:00:00Z,1781740800,13.83,13.95,13.55,13.59,1471,0,3
2026-06-19T00:00:00Z,1781827200,13.59,13.59,13.59,13.59,3,0,3
2026-06-22T00:00:00Z,1782086400,13.58,13.67,13.25,13.33,1171,0,3
2026-06-23T00:00:00Z,1782172800,13.3,13.48,13.26,13.39,1214,0,3
2026-06-24T00:00:00Z,1782259200,13.38,13.48,13.27,13.41,1430,0,3
2026-06-25T00:00:00Z,1782345600,13.35,13.58,13.25,13.55,1408,0,3
2026-06-26T00:00:00Z,1782432000,13.47,14.07,13.41,13.98,1588,0,3
2026-06-29T00:00:00Z,1782691200,14.55,14.88,14.46,14.78,1554,0,3
2026-06-30T00:00:00Z,1782777600,14.78,14.92,14.76,14.78,1249,0,3
2026-07-01T00:00:00Z,1782864000,14.78,15.23,14.78,14.95,1604,0,3
2026-07-02T00:00:00Z,1782950400,14.96,15.15,14.8,14.8,1317,0,3
2026-07-03T00:00:00Z,1783036800,14.8,14.8,14.8,14.8,1,0,3
2026-07-06T00:00:00Z,1783296000,14.78,15.22,14.69,15.15,1615,0,3
2026-07-07T00:00:00Z,1783382400,15.15,15.27,15.04,15.1,1532,0,3
2026-07-08T00:00:00Z,1783468800,15.15,15.37,15.07,15.1,1706,0,3
2026-07-09T00:00:00Z,1783555200,15.1,15.18,14.88,15.13,1438,0,3
2026-07-10T00:00:00Z,1783641600,15.13,15.13,14.7,14.85,1463,0,3
2026-07-13T00:00:00Z,1783900800,14.89,14.95,14.61,14.74,1772,0,3
2026-07-14T00:00:00Z,1783987200,14.76,14.98,14.65,14.9,1844,0,3
2026-07-15T00:00:00Z,1784073600,14.92,14.97,14.7,14.85,1467,0,3
2026-07-16T00:00:00Z,1784160000,14.85,14.85,14.35,14.4,1355,0,3
2026-07-17T00:00:00Z,1784246400,14.43,14.92,14.37,14.8,1308,0,3
2026-07-20T00:00:00Z,1784505600,14.88,14.9,14.72,14.8,1577,0,3
2026-07-21T00:00:00Z,1784592000,14.8,14.95,14.75,14.87,1287,0,3
2026-07-22T00:00:00Z,1784678400,14.86,14.92,14.66,14.74,1335,0,3
2026-07-23T00:00:00Z,1784764800,14.76,14.88,14.64,14.67,1295,0,3
2026-07-24T00:00:00Z,1784851200,14.67,14.77,14.53,14.76,1164,0,3
2026-07-27T00:00:00Z,1785110400,14.72,14.73,14.53,14.55,1257,0,3
2026-07-28T00:00:00Z,1785196800,14.55,14.67,14.49,14.54,1113,0,3
2026-07-29T00:00:00Z,1785283200,14.56,14.77,14.47,14.49,1380,0,3
2026-07-30T00:00:00Z,1785369600,14.48,14.61,14.36,14.43,1264,0,3
2026-07-31T00:00:00Z,1785456000,14.43,14.76,14.37,14.64,1331,0,3
2026-08-03T00:00:00Z,1785715200,14.65,15.04,14.62,14.98,1560,0,3
2026-08-04T00:00:00Z,1785801600,15.01,15.31,15.0,15.04,1577,0,3
2026-08-05T00:00:00Z,1785888000,15.04,15.26,15.04,15.15,1448,0,3
2026-08-06T00:00:00Z,1785974400,15.15,15.58,14.97,15.57,1753,0,3
2026-08-07T00:00:00Z,1786060800,15.52,16.47,15.52,16.47,2342,0,3
2026-08-10T00:00:00Z,1786320000,16.43,16.6,16.28,16.44,2362,0,3
2026-08-11T00:00:00Z,1786406400,16.46,16.73,16.36,16.71,2311,0,3
2026-08-12T00:00:00Z,1786492800,16.72,17.09,16.21,16.41,3540,0,3
2026-08-13T00:00:00Z,1786579200,16.29,16.82,16.26,16.75,2836,0,3
2026-08-14T00:00:00Z,1786665600,16.71,16.83,16.49,16.6,2259,0,3
2026-08-17T00:00:00Z,1786924800,16.55,16.93,16.46,16.89,2850,0,3
2026-08-18T00:00:00Z,1787011200,16.9,17.57,16.87,17.47,3826,0,3
2026-08-19T00:00:00Z,1787097600,17.47,17.64,17.29,17.54,3177,0,3
2026-08-20T00:00:00Z,1787184000,17.54,18.24,17.42,17.48,4494,0,3
2026-08-21T00:00:00Z,1787270400,17.5,17.87,17.15,17.6,4517,0,3
2026-08-24T00:00:00Z,1787529600,17.55,17.67,17.06,17.64,3578,0,3
2026-08-25T00:00:00Z,1787616000,17.61,17.73,17.11,17.26,3640,0,3
2026-08-26T00:00:00Z,1787702400,17.17,17.82,17.14,17.59,3406,0,3
2026-08-27T00:00:00Z,1787788800,17.63,18.2,17.55,18.2,3424,0,3
2026-08-28T00:00:00Z,1787875200,18.19,18.64,17.43,17.55,4519,0,3
