timestamp_utc,open,high,low,close,tick_volume,real_volume,spread
1999-06-13T00:00:00Z,1.2259,1.2259,1.2259,1.2259,1,0,240
1999-06-14T00:00:00Z,1.2317,1.2357,1.2281,1.2317,153,0,240
1999-06-15T00:00:00Z,1.2397,1.2397,1.2333,1.2358,90,0,240
1999-06-16T00:00:00Z,1.2367,1.2367,1.2254,1.2293,153,0,240
1999-06-17T00:00:00Z,1.2283,1.2394,1.2208,1.2382,274,0,240
1999-06-20T00:00:00Z,1.23,1.2406,1.2269,1.2386,189,0,240
1999-06-21T00:00:00Z,1.2255,1.2307,1.2255,1.2307,53,0,240
1999-06-22T00:00:00Z,1.2309,1.2328999999999999,1.2169,1.2181,193,0,240
1999-06-23T00:00:00Z,1.2183,1.2193,1.2163,1.2176,54,0,240
1999-06-24T00:00:00Z,1.2186,1.2226,1.2121,1.2222,175,0,240
1999-06-27T00:00:00Z,1.2272,1.2374,1.2272,1.2295,182,0,240
1999-06-28T00:00:00Z,1.2302,1.231,1.2175,1.2233,202,0,240
1999-06-29T00:00:00Z,1.2386,1.2437,1.218,1.2268,397,0,240
1999-06-30T00:00:00Z,1.2451,1.2535,1.2444,1.2481,153,0,240
1999-07-01T00:00:00Z,1.25,1.2508,1.2378,1.2451,212,0,240
1999-07-04T00:00:00Z,1.2529,1.2597,1.2516,1.258,112,0,240
1999-07-05T00:00:00Z,1.2582,1.2604,1.2570000000000001,1.2596,55,0,240
1999-07-06T00:00:00Z,1.2650000000000001,1.2650000000000001,1.2650000000000001,1.2650000000000001,1,0,240
1999-07-07T00:00:00Z,1.2694,1.2694,1.2694,1.2694,1,0,240
1999-07-08T00:00:00Z,1.2643,1.2694,1.2597,1.2621,173,0,240
1999-07-11T00:00:00Z,1.2623,1.2631000000000001,1.2579,1.2603,85,0,240
1999-07-12T00:00:00Z,1.2609,1.2626,1.2594,1.2612,62,0,240
1999-07-13T00:00:00Z,1.259,1.2675,1.259,1.2658,103,0,240
1999-07-14T00:00:00Z,1.2601,1.2633,1.2585,1.2633,65,0,240
1999-07-15T00:00:00Z,1.258,1.263,1.258,1.2615,66,0,240
1999-07-18T00:00:00Z,1.2593,1.2623,1.2556,1.2565,107,0,240
1999-07-19T00:00:00Z,1.2438,1.2623,1.2356,1.2356,453,0,240
1999-07-20T00:00:00Z,1.2354,1.2365,1.2248999999999999,1.2264,143,0,240
1999-07-21T00:00:00Z,1.2255,1.2309,1.2248,1.2302,76,0,240
1999-07-22T00:00:00Z,1.2218,1.2425,1.2218,1.2425,208,0,240
1999-07-25T00:00:00Z,1.2425,1.2425,1.2345,1.2345,81,0,240
1999-07-26T00:00:00Z,1.2288000000000001,1.2288000000000001,1.2288000000000001,1.2288000000000001,1,0,240
1999-07-27T00:00:00Z,1.2324,1.2324,1.2324,1.2324,1,0,240
1999-07-28T00:00:00Z,1.2328999999999999,1.2328999999999999,1.2328999999999999,1.2328999999999999,1,0,240
1999-07-29T00:00:00Z,1.232,1.232,1.232,1.232,1,0,240
1999-08-01T00:00:00Z,1.2319,1.2319,1.2319,1.2319,1,0,240
1999-08-02T00:00:00Z,1.2342,1.2342,1.2342,1.2342,1,0,240
1999-08-03T00:00:00Z,1.2247,1.2247,1.2247,1.2247,1,0,240
1999-08-04T00:00:00Z,1.2425,1.2425,1.2349999999999999,1.2349999999999999,76,0,240
1999-08-05T00:00:00Z,1.2338,1.2338,1.2338,1.2338,1,0,240
1999-08-08T00:00:00Z,1.2375,1.2375,1.2375,1.2375,1,0,240
1999-08-09T00:00:00Z,1.2347,1.2347,1.2347,1.2347,1,0,240
1999-08-10T00:00:00Z,1.2318,1.2318,1.2318,1.2318,1,0,240
1999-08-11T00:00:00Z,1.2299,1.2299,1.2299,1.2299,1,0,240
1999-08-12T00:00:00Z,1.2288999999999999,1.2288999999999999,1.2288999999999999,1.2288999999999999,1,0,240
1999-08-15T00:00:00Z,1.2291,1.2291,1.2291,1.2291,1,0,240
1999-08-16T00:00:00Z,1.2339,1.2339,1.2339,1.2339,1,0,240
1999-08-17T00:00:00Z,1.227,1.227,1.227,1.227,1,0,240
1999-08-18T00:00:00Z,1.2425,1.2425,1.2197,1.2197,229,0,240
1999-08-19T00:00:00Z,1.2018,1.2018,1.2018,1.2018,1,0,240
1999-08-22T00:00:00Z,1.2008,1.2008,1.2008,1.2008,1,0,240
1999-08-23T00:00:00Z,1.2107,1.2107,1.2107,1.2107,1,0,240
1999-08-24T00:00:00Z,1.2218,1.2218,1.2218,1.2218,1,0,240
1999-08-25T00:00:00Z,1.2425,1.2425,1.2327,1.2327,99,0,240
1999-08-26T00:00:00Z,1.2315,1.2315,1.2315,1.2315,1,0,240
1999-08-29T00:00:00Z,1.2334,1.2334,1.2334,1.2334,1,0,240
1999-08-30T00:00:00Z,1.2348,1.2348,1.2348,1.2348,1,0,240
1999-08-31T00:00:00Z,1.2388,1.2388,1.2388,1.2388,1,0,240
1999-09-01T00:00:00Z,1.2402,1.2402,1.2402,1.2402,1,0,240
1999-09-02T00:00:00Z,1.2466,1.2466,1.2466,1.2466,1,0,240
1999-09-05T00:00:00Z,1.2437,1.2437,1.2437,1.2437,1,0,240
1999-09-06T00:00:00Z,1.2425,1.2425,1.2359,1.2359,67,0,240
1999-09-07T00:00:00Z,1.2271,1.2271,1.2271,1.2271,1,0,240
1999-09-08T00:00:00Z,1.2424,1.2424,1.2356,1.2356,69,0,240
1999-09-09T00:00:00Z,1.2227999999999999,1.2227999999999999,1.2227999999999999,1.2227999999999999,1,0,240
1999-09-12T00:00:00Z,1.2244,1.2244,1.2244,1.2244,1,0,240
1999-09-13T00:00:00Z,1.234,1.234,1.234,1.234,1,0,240
1999-09-14T00:00:00Z,1.2373,1.2373,1.2373,1.2373,1,0,240
1999-09-15T00:00:00Z,1.2424,1.2424,1.2381,1.2381,44,0,240
1999-09-16T00:00:00Z,1.2341,1.2341,1.2341,1.2341,1,0,240
1999-09-19T00:00:00Z,1.2336,1.2343,1.2282,1.2321,108,0,240
1999-09-20T00:00:00Z,1.231,1.231,1.231,1.231,1,0,240
1999-09-21T00:00:00Z,1.2383,1.2383,1.2383,1.2383,1,0,240
1999-09-22T00:00:00Z,1.2424,1.2424,1.2424,1.2424,1,0,240
1999-09-23T00:00:00Z,1.2565,1.2565,1.2565,1.2565,1,0,240
1999-09-26T00:00:00Z,1.2652,1.2652,1.2652,1.2652,1,0,240
1999-09-27T00:00:00Z,1.2684,1.2684,1.2684,1.2684,1,0,240
1999-09-28T00:00:00Z,1.2724,1.2724,1.2724,1.2724,1,0,240
1999-09-29T00:00:00Z,1.2610000000000001,1.2610000000000001,1.2610000000000001,1.2610000000000001,1,0,240
1999-09-30T00:00:00Z,1.2671000000000001,1.2671000000000001,1.2671000000000001,1.2671000000000001,1,0,240
1999-10-03T00:00:00Z,1.2686,1.2686,1.2686,1.2686,1,0,240
1999-10-04T00:00:00Z,1.2631000000000001,1.2631000000000001,1.2631000000000001,1.2631000000000001,1,0,240
1999-10-05T00:00:00Z,1.2674,1.2674,1.2674,1.2674,1,0,240
1999-10-06T00:00:00Z,1.2681,1.2681,1.2681,1.2681,1,0,240
1999-10-07T00:00:00Z,1.2761,1.2761,1.2761,1.2761,1,0,240
1999-10-10T00:00:00Z,1.2688,1.2688,1.2688,1.2688,1,0,240
1999-10-11T00:00:00Z,1.2674,1.2674,1.2674,1.2674,1,0,240
1999-10-12T00:00:00Z,1.2692999999999999,1.2692999999999999,1.2692999999999999,1.2692999999999999,1,0,240
1999-10-13T00:00:00Z,1.2727,1.2727,1.2727,1.2727,1,0,240
1999-10-14T00:00:00Z,1.2707,1.2707,1.2707,1.2707,1,0,240
1999-10-17T00:00:00Z,1.2662,1.2662,1.2662,1.2662,1,0,240
1999-10-18T00:00:00Z,1.2683,1.2683,1.2683,1.2683,1,0,240
1999-10-19T00:00:00Z,1.2610000000000001,1.2610000000000001,1.2610000000000001,1.2610000000000001,1,0,240
1999-10-20T00:00:00Z,1.2624,1.2624,1.2624,1.2624,1,0,240
1999-10-21T00:00:00Z,1.2643,1.2643,1.2643,1.2643,1,0,240
1999-10-24T00:00:00Z,1.2602,1.2602,1.2602,1.2602,1,0,240
1999-10-25T00:00:00Z,1.2618,1.2618,1.2618,1.2618,1,0,240
1999-10-26T00:00:00Z,1.2671000000000001,1.2671000000000001,1.2671000000000001,1.2671000000000001,1,0,240
1999-10-27T00:00:00Z,1.2650000000000001,1.2650000000000001,1.2650000000000001,1.2650000000000001,1,0,240
1999-10-28T00:00:00Z,1.2561,1.2561,1.2561,1.2561,1,0,240
1999-10-31T00:00:00Z,1.2530999999999999,1.2530999999999999,1.2530999999999999,1.2530999999999999,1,0,240
1999-11-01T00:00:00Z,1.2558,1.2558,1.2558,1.2558,1,0,240
1999-11-02T00:00:00Z,1.2554,1.2554,1.2554,1.2554,1,0,240
1999-11-03T00:00:00Z,1.2494,1.2494,1.2494,1.2494,1,0,240
1999-11-04T00:00:00Z,1.2417,1.2417,1.2417,1.2417,1,0,240
1999-11-07T00:00:00Z,1.2486,1.2486,1.2486,1.2486,1,0,240
1999-11-08T00:00:00Z,1.2508,1.2508,1.2508,1.2508,1,0,240
1999-11-09T00:00:00Z,1.2524,1.2524,1.2518,1.2518,7,0,240
1999-11-10T00:00:00Z,1.2524,1.2524,1.2524,1.2524,1,0,240
1999-11-11T00:00:00Z,1.2524,1.2524,1.2513,1.2513,12,0,240
1999-11-14T00:00:00Z,1.2475,1.2475,1.2457,1.2457,19,0,240
1999-11-15T00:00:00Z,1.2475,1.2475,1.2377,1.2381,103,0,240
1999-11-16T00:00:00Z,1.2377,1.2403,1.2377,1.2403,27,0,240
1999-11-17T00:00:00Z,1.2445,1.2453,1.2445,1.2453,9,0,240
1999-11-18T00:00:00Z,1.2445,1.2468,1.2445,1.2468,24,0,240
1999-11-21T00:00:00Z,1.2445,1.2484,1.2445,1.2484,40,0,240
1999-11-22T00:00:00Z,1.2495,1.2495,1.2423,1.2423,73,0,240
1999-11-23T00:00:00Z,1.2423,1.2423,1.2418,1.2418,6,0,240
1999-11-24T00:00:00Z,1.2389999999999999,1.2389999999999999,1.2382,1.2382,9,0,240
1999-11-25T00:00:00Z,1.2389999999999999,1.2422,1.2389999999999999,1.2422,33,0,240
1999-11-28T00:00:00Z,1.2423,1.2442,1.2423,1.2442,20,0,240
1999-11-29T00:00:00Z,1.2423,1.2433,1.2423,1.2433,11,0,240
1999-11-30T00:00:00Z,1.2483,1.2483,1.2475,1.2475,9,0,240
1999-12-01T00:00:00Z,1.2483,1.2483,1.2458,1.2458,26,0,240
1999-12-02T00:00:00Z,1.2478,1.2483,1.2472,1.2472,17,0,240
1999-12-05T00:00:00Z,1.2548,1.2553,1.2546,1.2546,13,0,240
1999-12-06T00:00:00Z,1.2548,1.2553,1.2525,1.2525,34,0,240
1999-12-07T00:00:00Z,1.2548,1.2553,1.2517,1.2517,42,0,240
1999-12-08T00:00:00Z,1.2548,1.2559,1.2548,1.2559,12,0,240
1999-12-09T00:00:00Z,1.2623,1.2646,1.2623,1.2646,24,0,240
1999-12-12T00:00:00Z,1.2623,1.2749,1.2623,1.2749,127,0,240
1999-12-13T00:00:00Z,1.2623,1.2703,1.2623,1.2703,81,0,240
1999-12-14T00:00:00Z,1.2623,1.283,1.2623,1.283,208,0,240
1999-12-15T00:00:00Z,1.2825,1.283,1.2793,1.2793,43,0,240
1999-12-16T00:00:00Z,1.2739,1.2772000000000001,1.26,1.27,306,0,240
1999-12-19T00:00:00Z,1.2665,1.2753999999999999,1.2626,1.2627,219,0,240
1999-12-20T00:00:00Z,1.2652,1.267,1.2551,1.2563,150,0,240
1999-12-21T00:00:00Z,1.2525,1.2624,1.2462,1.2495,295,0,240
1999-12-22T00:00:00Z,1.2501,1.2527,1.24,1.2469000000000001,223,0,240
1999-12-23T00:00:00Z,1.249,1.2495,1.2485,1.2485,16,0,240
1999-12-26T00:00:00Z,1.2469999999999999,1.2518,1.2467,1.2488,85,0,240
1999-12-27T00:00:00Z,1.2465,1.251,1.2446,1.2487,107,0,240
1999-12-28T00:00:00Z,1.2398,1.25,1.234,1.2464,255,0,240
1999-12-29T00:00:00Z,1.2551999999999999,1.2567,1.2452,1.2517,196,0,240
1999-12-30T00:00:00Z,1.2469999999999999,1.251,1.2469999999999999,1.251,41,0,240
2000-01-02T00:00:00Z,1.2475,1.2475,1.2475,1.2475,1,0,240
2000-01-03T00:00:00Z,1.2535,1.2542,1.2535,1.2542,8,0,240
2000-01-04T00:00:00Z,1.2535,1.2583,1.2535,1.2583,49,0,240
2000-01-05T00:00:00Z,1.2648,1.2723,1.2647,1.2723,78,0,240
2000-01-06T00:00:00Z,1.2723,1.2723,1.271,1.271,14,0,240
2000-01-09T00:00:00Z,1.2723,1.2723,1.2723,1.2723,1,0,240
2000-01-10T00:00:00Z,1.2723,1.2723,1.2709,1.2709,15,0,240
2000-01-11T00:00:00Z,1.2723,1.2723,1.2707,1.2707,17,0,240
2000-01-12T00:00:00Z,1.2723,1.2727,1.2723,1.2727,5,0,240
2000-01-13T00:00:00Z,1.2723,1.2757,1.2723,1.2757,35,0,240
2000-01-16T00:00:00Z,1.2723,1.2761,1.2723,1.2761,39,0,240
2000-01-17T00:00:00Z,1.2723,1.2781,1.2723,1.2781,59,0,240
2000-01-18T00:00:00Z,1.2723,1.2797,1.2723,1.2797,75,0,240
2000-01-19T00:00:00Z,1.2723,1.28,1.2723,1.28,78,0,240
2000-01-20T00:00:00Z,1.2723,1.2814999999999999,1.2723,1.2814999999999999,93,0,240
2000-01-23T00:00:00Z,1.2718,1.2810000000000001,1.2718,1.2810000000000001,93,0,240
2000-01-24T00:00:00Z,1.2723,1.2811,1.2723,1.2811,89,0,240
2000-01-25T00:00:00Z,1.2893,1.2893,1.2893,1.2893,1,0,240
2000-01-26T00:00:00Z,1.2893,1.2893,1.2866,1.2866,28,0,240
2000-01-27T00:00:00Z,1.2893,1.3027,1.2893,1.3027,135,0,240
2000-01-30T00:00:00Z,1.2911000000000001,1.2911000000000001,1.2902,1.2902,10,0,240
2000-01-31T00:00:00Z,1.2911000000000001,1.3023,1.2806,1.2836,360,0,240
2000-02-01T00:00:00Z,1.2770000000000001,1.3006,1.2770000000000001,1.294,303,0,240
2000-02-02T00:00:00Z,1.2911000000000001,1.2911000000000001,1.2864,1.2864,48,0,240
2000-02-03T00:00:00Z,1.285,1.285,1.285,1.285,1,0,240
2000-02-06T00:00:00Z,1.2868,1.2868,1.2849,1.2849,20,0,240
2000-02-07T00:00:00Z,1.2803,1.2822,1.2803,1.2822,20,0,240
2000-02-08T00:00:00Z,1.2803,1.2833999999999999,1.2803,1.2833999999999999,32,0,240
2000-02-09T00:00:00Z,1.2803,1.2818,1.2803,1.2818,16,0,240
2000-02-10T00:00:00Z,1.2803,1.2803,1.2797,1.2797,7,0,240
2000-02-13T00:00:00Z,1.2803,1.2808,1.2803,1.2808,6,0,240
2000-02-14T00:00:00Z,1.2803,1.2894999999999999,1.2803,1.2879,109,0,240
2000-02-15T00:00:00Z,1.2894999999999999,1.2894999999999999,1.2882,1.2882,14,0,240
2000-02-16T00:00:00Z,1.2894999999999999,1.2894999999999999,1.2861,1.2861,35,0,240
2000-02-17T00:00:00Z,1.2894999999999999,1.2894999999999999,1.2871000000000001,1.2871000000000001,25,0,240
2000-02-20T00:00:00Z,1.2838,1.2838,1.283,1.283,9,0,240
2000-02-21T00:00:00Z,1.2838,1.2838,1.2809,1.2825,46,0,240
2000-02-22T00:00:00Z,1.2685,1.271,1.2685,1.271,26,0,240
2000-02-23T00:00:00Z,1.2685,1.2685,1.2675,1.2675,11,0,240
2000-02-24T00:00:00Z,1.2685,1.2685,1.267,1.267,16,0,240
2000-02-27T00:00:00Z,1.2685,1.2685,1.267,1.267,16,0,240
2000-02-28T00:00:00Z,1.2685,1.2685,1.2658,1.2658,28,0,240
2000-02-29T00:00:00Z,1.2685,1.2685,1.2685,1.2685,1,0,240
2000-03-01T00:00:00Z,1.2685,1.2685,1.2553,1.2553,133,0,240
2000-03-02T00:00:00Z,1.2685,1.2685,1.2548,1.2548,138,0,240
2000-03-05T00:00:00Z,1.2685,1.2685,1.2528000000000001,1.2528000000000001,158,0,240
2000-03-06T00:00:00Z,1.2685,1.2685,1.2574,1.2574,112,0,240
2000-03-07T00:00:00Z,1.2685,1.2685,1.2373,1.2447,387,0,240
2000-03-08T00:00:00Z,1.2373,1.2434,1.2373,1.2434,62,0,240
2000-03-09T00:00:00Z,1.2373,1.2412,1.2373,1.2412,40,0,240
2000-03-12T00:00:00Z,1.2373,1.2405,1.2373,1.2405,33,0,240
2000-03-13T00:00:00Z,1.2485,1.2524,1.2485,1.2524,40,0,240
2000-03-14T00:00:00Z,1.2485,1.2545,1.2485,1.2545,61,0,240
2000-03-15T00:00:00Z,1.2485,1.2505,1.2485,1.2505,21,0,240
2000-03-16T00:00:00Z,1.2485,1.2485,1.2485,1.2485,1,0,240
2000-03-19T00:00:00Z,1.2485,1.2501,1.2485,1.2501,17,0,240
2000-03-20T00:00:00Z,1.248,1.2485,1.2477,1.2477,14,0,240
2000-03-21T00:00:00Z,1.2457,1.2457,1.2455,1.2455,3,0,240
2000-03-22T00:00:00Z,1.2457,1.2457,1.2425,1.2425,33,0,240
2000-03-23T00:00:00Z,1.2457,1.2457,1.2428,1.2428,30,0,240
2000-03-26T00:00:00Z,1.2457,1.2457,1.2386,1.2386,72,0,240
2000-03-27T00:00:00Z,1.2452,1.2457,1.2333,1.2333,130,0,240
2000-03-28T00:00:00Z,1.218,1.259,1.218,1.2186,815,0,240
2000-03-29T00:00:00Z,1.221,1.223,1.221,1.223,21,0,240
2000-03-30T00:00:00Z,1.223,1.2237,1.2214,1.2214,31,0,240
2000-04-02T00:00:00Z,1.2237,1.2237,1.2222,1.2222,16,0,240
2000-04-03T00:00:00Z,1.2237,1.2237,1.2173,1.2173,65,0,240
2000-04-04T00:00:00Z,1.2237,1.2237,1.2147000000000001,1.2147000000000001,91,0,240
2000-04-05T00:00:00Z,1.2237,1.2237,1.2155,1.2155,83,0,240
2000-04-06T00:00:00Z,1.2237,1.2237,1.2141,1.2141,97,0,240
2000-04-09T00:00:00Z,1.2237,1.2237,1.2132,1.2132,106,0,240
2000-04-10T00:00:00Z,1.2237,1.2237,1.2082,1.2082,156,0,240
2000-04-11T00:00:00Z,1.2237,1.2237,1.2095,1.2095,143,0,240
2000-04-12T00:00:00Z,1.1978,1.1981,1.1978,1.1981,4,0,240
2000-04-13T00:00:00Z,1.1978,1.1989,1.1978,1.1989,12,0,240
2000-04-16T00:00:00Z,1.1978,1.2001,1.1978,1.2001,24,0,240
2000-04-17T00:00:00Z,1.1978,1.1997,1.1978,1.1997,20,0,240
2000-04-18T00:00:00Z,1.1978,1.1979,1.1978,1.1979,2,0,240
2000-04-19T00:00:00Z,1.1958,1.196,1.1958,1.196,3,0,240
2000-04-20T00:00:00Z,1.1958,1.1958,1.1958,1.1958,1,0,240
2000-04-23T00:00:00Z,1.1958,1.1958,1.1958,1.1958,1,0,240
2000-04-24T00:00:00Z,1.1958,1.1958,1.1958,1.1958,1,0,240
2000-04-25T00:00:00Z,1.1958,1.2015,1.1958,1.2015,58,0,240
2000-04-26T00:00:00Z,1.1958,1.2017,1.1958,1.2017,60,0,240
2000-04-27T00:00:00Z,1.1958,1.201,1.1958,1.201,53,0,240
2000-04-30T00:00:00Z,1.204,1.204,1.202,1.202,21,0,240
2000-05-01T00:00:00Z,1.204,1.204,1.204,1.204,1,0,240
2000-05-02T00:00:00Z,1.204,1.204,1.2037,1.2037,4,0,240
2000-05-03T00:00:00Z,1.2088,1.2088,1.2064,1.2064,25,0,240
2000-05-04T00:00:00Z,1.2088,1.2091,1.2088,1.2091,4,0,240
2000-05-07T00:00:00Z,1.2088,1.2088,1.2064,1.2064,25,0,240
2000-05-08T00:00:00Z,1.2088,1.2096,1.2088,1.2096,9,0,240
2000-05-09T00:00:00Z,1.2088,1.2118,1.2088,1.2118,31,0,240
2000-05-10T00:00:00Z,1.2088,1.2123,1.2088,1.2123,36,0,240
2000-05-11T00:00:00Z,1.2088,1.2106,1.2088,1.2106,19,0,240
2000-05-14T00:00:00Z,1.2088,1.209,1.2088,1.209,3,0,240
2000-05-15T00:00:00Z,1.2088,1.2134,1.2088,1.2134,47,0,240
2000-05-16T00:00:00Z,1.2211,1.2356,1.2186,1.2287,265,0,240
2000-05-17T00:00:00Z,1.2317,1.2625,1.2088,1.2464,928,0,240
2000-05-18T00:00:00Z,1.2551999999999999,1.2753,1.2088,1.2585,1298,0,240
2000-05-21T00:00:00Z,1.2088,1.2296,1.2088,1.2296,209,0,240
2000-05-22T00:00:00Z,1.2088,1.2583,1.2088,1.2501,578,0,240
2000-05-23T00:00:00Z,1.2473,1.2694,1.2326,1.2603,607,0,240
2000-05-24T00:00:00Z,1.2647,1.2651,1.2328000000000001,1.2542,542,0,240
2000-05-25T00:00:00Z,1.2535,1.2589000000000001,1.2452,1.2558,252,0,240
2000-05-28T00:00:00Z,1.2522,1.2599,1.2265,1.2497,644,0,240
2000-05-29T00:00:00Z,1.2443,1.2549000000000001,1.2443,1.2515,141,0,240
2000-05-30T00:00:00Z,1.2549000000000001,1.2570999999999999,1.2433,1.2504,232,0,240
2000-05-31T00:00:00Z,1.214,1.2624,1.2135,1.2551,568,0,240
2000-06-01T00:00:00Z,1.2523,1.2557,1.2464,1.2488,152,0,240
2000-06-04T00:00:00Z,1.2397,1.2585,1.2378,1.2408,404,0,240
2000-06-05T00:00:00Z,1.24,1.2473,1.2171,1.2404,601,0,240
2000-06-06T00:00:00Z,1.2507,1.2598,1.2339,1.2439,451,0,240
2000-06-07T00:00:00Z,1.249,1.278,1.2426,1.2559,640,0,240
2000-06-08T00:00:00Z,1.2425,1.2612999999999999,1.2319,1.2522,492,0,240
2000-06-11T00:00:00Z,1.26,1.2603,1.2532,1.2575,118,0,240
2000-06-12T00:00:00Z,1.2574,1.2623,1.2505,1.2559,222,0,240
2000-06-13T00:00:00Z,1.2561,1.2744,1.2553,1.2692,252,0,240
2000-06-14T00:00:00Z,1.2631000000000001,1.2832,1.2607,1.2793999999999999,288,0,240
2000-06-15T00:00:00Z,1.2785,1.2901,1.2739,1.2763,303,0,240
2000-06-18T00:00:00Z,1.2836,1.2836,1.2593,1.2639,290,0,240
2000-06-19T00:00:00Z,1.2741,1.279,1.2652,1.2691,227,0,240
2000-06-27T00:00:00Z,1.2804,1.2832,1.2707,1.2783,230,0,240
2000-06-28T00:00:00Z,1.2858,1.3103,1.2854999999999999,1.2889,466,0,240
2000-06-29T00:00:00Z,1.2808,1.2925,1.26,1.2778,621,0,240
2000-07-02T00:00:00Z,1.2757,1.2913000000000001,1.2685,1.2779,435,0,240
2000-07-03T00:00:00Z,1.2842,1.286,1.2758,1.2846,201,0,240
2000-07-04T00:00:00Z,1.3026,1.3026,1.2774,1.2832,311,0,240
2000-07-05T00:00:00Z,1.2795,1.2845,1.2771,1.2787,141,0,240
2000-07-06T00:00:00Z,1.2775,1.2941,1.2775,1.2803,305,0,240
2000-07-09T00:00:00Z,1.2818,1.2916,1.275,1.2837,314,0,240
2000-07-10T00:00:00Z,1.283,1.2843,1.2789,1.2793,72,0,240
2000-07-11T00:00:00Z,1.2808,1.285,1.2748,1.2805,202,0,240
2000-07-12T00:00:00Z,1.2811,1.287,1.2732,1.2768,234,0,240
2000-07-13T00:00:00Z,1.2671999999999999,1.2727,1.267,1.2688,99,0,240
2000-07-16T00:00:00Z,1.2713,1.2732999999999999,1.2638,1.2697,175,0,240
2000-07-17T00:00:00Z,1.2755,1.2801,1.2715,1.2718,136,0,240
2000-07-18T00:00:00Z,1.2699,1.2748,1.2675,1.2739,107,0,240
2000-07-19T00:00:00Z,1.2671000000000001,1.2705,1.2610999999999999,1.2638,156,0,240
2000-07-20T00:00:00Z,1.2599,1.263,1.2568,1.2607,117,0,240
2000-07-23T00:00:00Z,1.2705,1.2725,1.2677,1.2685,77,0,240
2000-07-24T00:00:00Z,1.2701,1.2732,1.2696,1.2705,69,0,240
2000-07-25T00:00:00Z,1.2746,1.2779,1.2696,1.2752,161,0,240
2000-07-26T00:00:00Z,1.2705,1.2771,1.2705,1.2771,67,0,240
2000-07-27T00:00:00Z,1.2705,1.2785,1.2705,1.2785,81,0,240
2000-07-30T00:00:00Z,1.2705,1.2811,1.2705,1.2806,112,0,240
2000-07-31T00:00:00Z,1.2788,1.2793999999999999,1.2705,1.2744,135,0,240
2000-08-01T00:00:00Z,1.2775,1.279,1.2705,1.2761,157,0,240
2000-08-02T00:00:00Z,1.2692999999999999,1.2793,1.2692999999999999,1.2793,101,0,240
2000-08-03T00:00:00Z,1.2717,1.2887,1.2717,1.2839,219,0,240
2000-08-06T00:00:00Z,1.2857,1.2906,1.2705,1.2883,377,0,240
2000-08-07T00:00:00Z,1.2896,1.2942,1.2705,1.2897,474,0,240
2000-08-08T00:00:00Z,1.2866,1.2894,1.2705,1.2873,372,0,240
2000-08-09T00:00:00Z,1.2835,1.2901,1.2705,1.2849,379,0,240
2000-08-10T00:00:00Z,1.2869,1.2902,1.2705,1.2894,370,0,240
2000-08-13T00:00:00Z,1.2924,1.2962,1.2705,1.2816,407,0,240
2000-08-14T00:00:00Z,1.2886,1.2922,1.2705,1.2833,382,0,240
2000-08-15T00:00:00Z,1.3006,1.3021,1.2705,1.287,497,0,240
2000-08-16T00:00:00Z,1.308,1.3091,1.2705,1.2881,574,0,240
2000-08-17T00:00:00Z,1.3143,1.3143,1.2705,1.2918,652,0,240
2000-08-20T00:00:00Z,1.3212,1.3212,1.2705,1.3037,840,0,240
2000-08-21T00:00:00Z,1.3012000000000001,1.3125,1.2705,1.3114,739,0,240
2000-08-22T00:00:00Z,1.3188,1.3235999999999999,1.2953999999999999,1.3153000000000001,530,0,240
2000-08-23T00:00:00Z,1.3348,1.3485,1.307,1.332,803,0,240
2000-08-24T00:00:00Z,1.3186,1.3197,1.3099,1.3131,142,0,240
2000-08-27T00:00:00Z,1.3194,1.3212,1.2929,1.3142,515,0,240
2000-08-28T00:00:00Z,1.3168,1.3263,1.3159,1.3251,126,0,240
2000-08-29T00:00:00Z,1.3314,1.3389,1.3261,1.3348,223,0,240
2000-08-30T00:00:00Z,1.3354,1.3385,1.3301,1.3321,136,0,240
2000-08-31T00:00:00Z,1.3481,1.3643,1.2705,1.3613,1745,0,240
2000-09-03T00:00:00Z,1.3538999999999999,1.3559999999999999,1.2705,1.3421,1593,0,240
2000-09-04T00:00:00Z,1.3413,1.3512,1.3404,1.3427,203,0,240
2000-09-05T00:00:00Z,1.3367,1.3404,1.3208,1.3279,305,0,240
2000-09-06T00:00:00Z,1.3265,1.3455,1.2985,1.3401,805,0,240
2000-09-07T00:00:00Z,1.3305,1.3393,1.2705,1.3322,1360,0,240
2000-09-10T00:00:00Z,1.2705,1.2942,1.2705,1.2942,238,0,240
2000-09-11T00:00:00Z,1.2705,1.2885,1.2705,1.2885,181,0,240
2000-09-12T00:00:00Z,1.2705,1.3171,1.2705,1.3138,500,0,240
2000-09-13T00:00:00Z,1.3182,1.3197999999999999,1.2706,1.3187,980,0,240
2000-09-14T00:00:00Z,1.3094000000000001,1.3142,1.2705,1.3096,873,0,240
2000-09-17T00:00:00Z,1.3063,1.3465,1.2533,1.3084,1844,0,240
2000-09-18T00:00:00Z,1.3458999999999999,1.3458999999999999,1.3112,1.3195000000000001,431,0,240
2000-09-19T00:00:00Z,1.2705,1.2933,1.2705,1.2933,229,0,240
2000-09-20T00:00:00Z,1.3201,1.3412,1.3197999999999999,1.3321,309,0,240
2000-09-21T00:00:00Z,1.3289,1.3362,1.3289,1.3362,74,0,240
2000-09-24T00:00:00Z,1.3066,1.3258,1.3037,1.3258,251,0,240
2000-09-25T00:00:00Z,1.326,1.3434,1.2705,1.3251,1450,0,240
2000-09-26T00:00:00Z,1.3327,1.3338,1.3216999999999999,1.3239,155,0,240
2000-09-27T00:00:00Z,1.323,1.3313,1.3141,1.3179,294,0,240
2000-09-28T00:00:00Z,1.3279,1.3443,1.3246,1.3287,387,0,240
2000-10-01T00:00:00Z,1.3305,1.341,1.3256000000000001,1.3315000000000001,299,0,240
2000-10-04T00:00:00Z,1.3287,1.3381,1.3237999999999999,1.3315000000000001,259,0,240
2000-10-05T00:00:00Z,1.3256000000000001,1.331,1.3211,1.328,175,0,240
2000-10-08T00:00:00Z,1.33,1.3378,1.2764,1.3242,1171,0,240
2000-10-09T00:00:00Z,1.3062,1.3317999999999999,1.3054000000000001,1.3185,406,0,240
2000-10-10T00:00:00Z,1.3154,1.3244,1.311,1.3174000000000001,249,0,240
2000-10-11T00:00:00Z,1.3181,1.3378,1.3082,1.3305,469,0,240
2000-10-12T00:00:00Z,1.3371,1.3371,1.3159,1.3268,322,0,240
2000-10-15T00:00:00Z,1.3248,1.3343,1.3141,1.3214000000000001,371,0,240
2000-10-16T00:00:00Z,1.3195000000000001,1.3312,1.3195000000000001,1.3212,218,0,240
2000-10-17T00:00:00Z,1.3212,1.3229,1.3143,1.3173,134,0,240
2000-10-18T00:00:00Z,1.321,1.3235000000000001,1.316,1.3173,114,0,240
2000-10-19T00:00:00Z,1.3189,1.323,1.3113000000000001,1.314,186,0,240
2000-10-22T00:00:00Z,1.3105,1.3202,1.31,1.3173,137,0,240
2000-10-23T00:00:00Z,1.3174000000000001,1.3231,1.3039,1.3073000000000001,284,0,240
2000-10-24T00:00:00Z,1.3063,1.3112,1.3019,1.3066,184,0,240
2000-10-25T00:00:00Z,1.3045,1.3045,1.2938,1.2941,111,0,240
2000-10-26T00:00:00Z,1.298,1.2988,1.2922,1.2953000000000001,106,0,240
2000-10-29T00:00:00Z,1.2969,1.3002,1.2953000000000001,1.2974999999999999,93,0,240
2000-10-30T00:00:00Z,1.3026,1.3079,1.2901,1.3019,350,0,240
2000-10-31T00:00:00Z,1.3161,1.3224,1.3142,1.3183,143,0,240
2000-11-01T00:00:00Z,1.3162,1.3312,1.3123,1.3197999999999999,343,0,240
2000-11-02T00:00:00Z,1.3085,1.3163,1.3064,1.3066,180,0,240
2000-11-05T00:00:00Z,1.3182,1.3186,1.3169,1.3169,22,0,240
2000-11-06T00:00:00Z,1.3273,1.3273,1.3211,1.3212,64,0,240
2000-11-07T00:00:00Z,1.3265,1.3283,1.3253,1.3258,54,0,240
2000-11-08T00:00:00Z,1.3274,1.3282,1.3144,1.322,223,0,240
2000-11-09T00:00:00Z,1.3219,1.3224,1.3145,1.3186,126,0,240
2000-11-12T00:00:00Z,1.3158,1.3193,1.3151,1.3193,50,0,240
2000-11-15T00:00:00Z,1.3051,1.3068,1.3021,1.3028,72,0,240
2000-11-16T00:00:00Z,1.2957,1.2987,1.2913999999999999,1.2942,132,0,240
2000-11-19T00:00:00Z,1.2952,1.2977,1.2908,1.2948,135,0,240
2000-11-20T00:00:00Z,1.3,1.3029,1.2968,1.2992,115,0,240
2000-11-21T00:00:00Z,1.2978,1.3022,1.289,1.3013,230,0,240
2000-11-22T00:00:00Z,1.3101,1.3112,1.3082,1.3083,43,0,240
2000-11-23T00:00:00Z,1.3035,1.3109,1.2933,1.3091,297,0,240
2000-11-26T00:00:00Z,1.3022,1.3287,1.2912,1.2959,688,0,240
2000-11-27T00:00:00Z,1.2952,1.2971,1.2839,1.2926,239,0,240
2000-12-04T00:00:00Z,1.2793,1.2831000000000001,1.276,1.2822,114,0,240
2000-12-05T00:00:00Z,1.285,1.2872,1.2743,1.2828,237,0,240
2000-12-06T00:00:00Z,1.2797,1.2822,1.2729,1.2795,185,0,240
2000-12-07T00:00:00Z,1.2785,1.2846,1.2785,1.2828,80,0,240
2000-12-10T00:00:00Z,1.2772000000000001,1.2872,1.2747,1.2824,199,0,240
2000-12-11T00:00:00Z,1.2854,1.2854,1.2777,1.279,91,0,240
2000-12-12T00:00:00Z,1.2803,1.2858,1.2795,1.2829,101,0,240
2000-12-13T00:00:00Z,1.2822,1.2871000000000001,1.2768,1.282,205,0,240
2000-12-14T00:00:00Z,1.2747,1.2785,1.2709,1.2753999999999999,146,0,240
2000-12-17T00:00:00Z,1.2752,1.2764,1.2694,1.2729,118,0,240
2000-12-18T00:00:00Z,1.2596,1.2643,1.2582,1.262,99,0,240
2000-12-19T00:00:00Z,1.2661,1.2706,1.2589000000000001,1.2602,176,0,240
2000-12-21T00:00:00Z,1.2599,1.2599,1.2599,1.2599,1,0,240
2000-12-24T00:00:00Z,1.2629000000000001,1.2629000000000001,1.2629000000000001,1.2629000000000001,1,0,240
2000-12-25T00:00:00Z,1.2634,1.2634,1.2634,1.2634,1,0,240
2000-12-27T00:00:00Z,1.2558,1.2599,1.2517,1.2583,140,0,240
2000-12-28T00:00:00Z,1.2587,1.2587,1.2443,1.2551999999999999,254,0,240
2000-12-31T00:00:00Z,1.2584,1.2584,1.2584,1.2584,1,0,230
2001-01-01T00:00:00Z,1.2796,1.2796,1.2551,1.2605,300,0,230
2001-01-02T00:00:00Z,1.2588,1.2651,1.2527,1.2610000000000001,227,0,230
2001-01-03T00:00:00Z,1.2683,1.2768,1.2605,1.2666,310,0,230
2001-01-04T00:00:00Z,1.271,1.2808,1.2533,1.2659,500,0,230
2001-01-07T00:00:00Z,1.2694,1.2848,1.2570000000000001,1.2577,440,0,230
2001-01-09T00:00:00Z,1.2562,1.2570999999999999,1.2422,1.2521,258,0,230
2001-01-10T00:00:00Z,1.2496,1.2496,1.2413,1.2437,108,0,230
2001-01-11T00:00:00Z,1.2409,1.2451,1.2402,1.2428,80,0,230
2001-01-14T00:00:00Z,1.2439,1.2439,1.2439,1.2439,1,0,230
2001-01-15T00:00:00Z,1.2492,1.2492,1.2492,1.2492,1,0,230
2001-01-16T00:00:00Z,1.2447,1.2447,1.2447,1.2447,1,0,230
2001-01-17T00:00:00Z,1.2432,1.2432,1.2432,1.2432,1,0,230
2001-01-18T00:00:00Z,1.2431,1.2494,1.2421,1.2448,130,0,230
2001-01-21T00:00:00Z,1.2429999999999999,1.2445,1.2389000000000001,1.2415,98,0,230
2001-01-22T00:00:00Z,1.2406,1.2438,1.238,1.2411,112,0,230
2001-01-23T00:00:00Z,1.2362,1.2412,1.2351,1.2398,87,0,230
2001-01-24T00:00:00Z,1.2407,1.2519,1.2391,1.2496,168,0,230
2001-01-25T00:00:00Z,1.2487,1.2570999999999999,1.2482,1.2538,128,0,230
2001-01-28T00:00:00Z,1.2456,1.2477,1.2405,1.2452,141,0,230
2001-01-29T00:00:00Z,1.2518,1.2530000000000001,1.2452,1.2493,132,0,230
2001-01-30T00:00:00Z,1.2409,1.2453,1.2399,1.2429999999999999,88,0,230
2001-01-31T00:00:00Z,1.2395,1.2413,1.2317,1.2367,165,0,230
2001-02-01T00:00:00Z,1.2343,1.237,1.2319,1.2351,95,0,230
2001-02-04T00:00:00Z,1.2361,1.2416,1.2336,1.2403,119,0,230
2001-02-05T00:00:00Z,1.2434,1.2462,1.2405,1.2411,92,0,230
2001-02-06T00:00:00Z,1.2383,1.2445,1.2328999999999999,1.2353,203,0,230
2001-02-07T00:00:00Z,1.2335,1.2364,1.2335,1.2364,30,0,230
2001-02-11T00:00:00Z,1.2371,1.2389000000000001,1.2296,1.2306,122,0,230
2001-02-12T00:00:00Z,1.2292,1.2318,1.2269,1.2302,89,0,230
2001-02-13T00:00:00Z,1.2299,1.2313,1.2237,1.2257,111,0,230
2001-02-14T00:00:00Z,1.2292,1.2376,1.2273,1.2356,143,0,230
2001-02-15T00:00:00Z,1.2302,1.2377,1.2277,1.2317,186,0,230
2001-02-18T00:00:00Z,1.2295,1.2313,1.2251,1.2304,116,0,230
2001-02-19T00:00:00Z,1.227,1.2327,1.2232,1.2276,185,0,230
2001-02-20T00:00:00Z,1.2197,1.2285,1.2181,1.2241,165,0,230
2001-02-21T00:00:00Z,1.2179,1.2239,1.2179,1.2232,68,0,230
2001-02-22T00:00:00Z,1.2185,1.2196,1.213,1.2166,114,0,230
2001-02-25T00:00:00Z,1.204,1.2105,1.204,1.2095,76,0,230
2001-02-26T00:00:00Z,1.2143,1.2165,1.211,1.2159,95,0,230
2001-02-27T00:00:00Z,1.2166,1.2233,1.2164,1.2229,76,0,230
2001-02-28T00:00:00Z,1.2203,1.2246,1.2187000000000001,1.2231,91,0,230
2001-03-01T00:00:00Z,1.2149,1.2184,1.2095,1.2142,172,0,230
2001-03-04T00:00:00Z,1.2141,1.2141,1.2039,1.2063,127,0,230
2001-03-05T00:00:00Z,1.201,1.2078,1.201,1.2055,92,0,230
2001-03-06T00:00:00Z,1.2011,1.2041,1.1939,1.2005,199,0,230
2001-03-07T00:00:00Z,1.2059,1.2167,1.2026,1.2112,230,0,230
2001-03-08T00:00:00Z,1.2098,1.2098,1.2031,1.2065,102,0,230
2001-03-11T00:00:00Z,1.2091,1.2171,1.2091,1.2144,108,0,230
2001-03-12T00:00:00Z,1.213,1.215,1.2036,1.209,189,0,230
2001-03-13T00:00:00Z,1.2071,1.208,1.1978,1.1978,112,0,230
2001-03-14T00:00:00Z,1.2013,1.2089,1.1954,1.1997,255,0,230
2001-03-15T00:00:00Z,1.2001,1.2043,1.1959,1.2,168,0,230
2001-03-18T00:00:00Z,1.1878,1.1922,1.1822,1.1903,176,0,230
2001-03-19T00:00:00Z,1.1926,1.1949,1.1885,1.1899,102,0,230
2001-03-20T00:00:00Z,1.1902,1.1996,1.1883,1.1982,147,0,230
2001-03-21T00:00:00Z,1.1907,1.1954,1.188,1.1923,133,0,230
2001-03-22T00:00:00Z,1.1881,1.1942,1.1829,1.1919,189,0,230
2001-03-25T00:00:00Z,1.1945999999999999,1.2114,1.1912,1.2081,270,0,230
2001-03-26T00:00:00Z,1.2096,1.2147999999999999,1.2078,1.2143,94,0,230
2001-03-27T00:00:00Z,1.2115,1.2152,1.2095,1.2121,109,0,230
2001-03-28T00:00:00Z,1.2008,1.203,1.1984,1.2008,93,0,230
2001-03-29T00:00:00Z,1.2119,1.2119,1.2119,1.2119,1,0,230
2001-04-01T00:00:00Z,1.2146,1.2146,1.2146,1.2146,1,0,230
2001-04-02T00:00:00Z,1.2034,1.2034,1.2034,1.2034,1,0,230
2001-04-03T00:00:00Z,1.2064,1.2064,1.2064,1.2064,1,0,230
2001-04-04T00:00:00Z,1.2046000000000001,1.2046000000000001,1.2046000000000001,1.2046000000000001,1,0,230
2001-04-08T00:00:00Z,1.2215,1.2215,1.2215,1.2215,1,0,230
2001-04-09T00:00:00Z,1.2317,1.2317,1.2317,1.2317,1,0,230
2001-04-10T00:00:00Z,1.2382,1.2382,1.2382,1.2382,1,0,230
2001-04-11T00:00:00Z,1.2457,1.2457,1.2457,1.2457,1,0,230
2001-04-12T00:00:00Z,1.2471,1.2471,1.2471,1.2471,1,0,230
2001-04-15T00:00:00Z,1.2439,1.2439,1.2439,1.2439,1,0,230
2001-04-16T00:00:00Z,1.2421,1.2457,1.2421,1.2444,50,0,230
2001-04-17T00:00:00Z,1.2442,1.2442,1.2442,1.2442,1,0,230
2001-04-18T00:00:00Z,1.2405,1.2405,1.2405,1.2405,1,0,230
2001-04-19T00:00:00Z,1.2523,1.2570000000000001,1.2493,1.2541,137,0,230
2001-04-22T00:00:00Z,1.2504,1.2511999999999999,1.2415,1.2415,106,0,230
2001-04-23T00:00:00Z,1.2303,1.2376,1.2303,1.2341,109,0,230
2001-04-24T00:00:00Z,1.2341,1.2341,1.2295,1.2305,57,0,230
2001-04-25T00:00:00Z,1.2311,1.2389000000000001,1.231,1.2346,124,0,230
2001-04-26T00:00:00Z,1.2365,1.2475,1.2365,1.2427,159,0,230
2001-04-29T00:00:00Z,1.2403,1.2403,1.2353,1.2376,74,0,230
2001-04-30T00:00:00Z,1.2441,1.2443,1.2378,1.2378,68,0,230
2001-05-01T00:00:00Z,1.2371,1.2371,1.2371,1.2371,1,0,230
2001-05-02T00:00:00Z,1.232,1.232,1.232,1.232,1,0,230
2001-05-03T00:00:00Z,1.2278,1.2278,1.2278,1.2278,1,0,230
2001-05-06T00:00:00Z,1.2314,1.2314,1.2314,1.2314,1,0,230
2001-05-07T00:00:00Z,1.2314,1.2314,1.2314,1.2314,1,0,230
2001-05-08T00:00:00Z,1.2312,1.2312,1.2312,1.2312,1,0,230
2001-05-09T00:00:00Z,1.2308,1.2308,1.2308,1.2308,1,0,230
2001-05-10T00:00:00Z,1.2342,1.2342,1.2342,1.2342,1,0,230
2001-05-13T00:00:00Z,1.2371,1.2371,1.2371,1.2371,1,0,230
2001-05-14T00:00:00Z,1.2426,1.2426,1.2426,1.2426,1,0,230
2001-05-15T00:00:00Z,1.2416,1.2416,1.2416,1.2416,1,0,230
2001-05-16T00:00:00Z,1.2412,1.2412,1.2412,1.2412,1,0,230
2001-05-17T00:00:00Z,1.2376,1.2376,1.2376,1.2376,1,0,230
2001-05-20T00:00:00Z,1.2358,1.2358,1.2358,1.2358,1,0,230
2001-05-21T00:00:00Z,1.2349,1.2349,1.2349,1.2349,1,0,230
2001-05-22T00:00:00Z,1.2317,1.2317,1.2317,1.2317,1,0,230
2001-05-23T00:00:00Z,1.2262,1.2262,1.2262,1.2262,1,0,230
2001-05-24T00:00:00Z,1.2302,1.2302,1.2302,1.2302,1,0,230
2001-05-27T00:00:00Z,1.2219,1.2219,1.2219,1.2219,1,0,230
2001-05-28T00:00:00Z,1.2265,1.2265,1.2265,1.2265,1,0,230
2001-05-29T00:00:00Z,1.2334,1.2334,1.2334,1.2334,1,0,230
2001-05-30T00:00:00Z,1.2322,1.2322,1.2322,1.2322,1,0,230
2001-05-31T00:00:00Z,1.2317,1.2349999999999999,1.2317,1.2349999999999999,34,0,230
2001-06-03T00:00:00Z,1.2365,1.2375,1.2365,1.2375,11,0,230
2001-06-04T00:00:00Z,1.2354,1.2354,1.2354,1.2354,1,0,230
2001-06-05T00:00:00Z,1.2389999999999999,1.2466,1.2375,1.2424,149,0,230
2001-06-06T00:00:00Z,1.2484,1.254,1.2459,1.2506,141,0,230
2001-06-07T00:00:00Z,1.2508,1.2522,1.2414,1.2489,198,0,230
2001-06-10T00:00:00Z,1.2528000000000001,1.2528000000000001,1.2489,1.2509000000000001,60,0,230
2001-06-11T00:00:00Z,1.2477,1.2518,1.2475,1.2504,60,0,230
2001-06-12T00:00:00Z,1.2537,1.2574,1.2494,1.2498,122,0,230
2001-06-13T00:00:00Z,1.2508,1.2617,1.2479,1.258,205,0,230
2001-06-14T00:00:00Z,1.26,1.2637,1.2556,1.2607,156,0,230
2001-06-17T00:00:00Z,1.263,1.2663,1.2601,1.2639,116,0,230
2001-06-18T00:00:00Z,1.2612999999999999,1.2621,1.2563,1.2567,71,0,230
2001-06-19T00:00:00Z,1.2558,1.2578,1.2522,1.2558,113,0,230
2001-06-20T00:00:00Z,1.2544,1.2588,1.2538,1.2551999999999999,93,0,230
2001-06-21T00:00:00Z,1.2518,1.2522,1.251,1.2515,22,0,230
2001-06-24T00:00:00Z,1.2518,1.2518,1.2518,1.2518,1,0,230
2001-06-25T00:00:00Z,1.2486,1.2486,1.2486,1.2486,1,0,230
2001-06-26T00:00:00Z,1.2478,1.2494,1.2453,1.2461,66,0,230
2001-06-27T00:00:00Z,1.2418,1.2459,1.2411,1.2454,61,0,230
2001-06-28T00:00:00Z,1.2412,1.2572999999999999,1.2412,1.2539,196,0,230
2001-07-01T00:00:00Z,1.2574,1.258,1.2537,1.2549000000000001,62,0,230
2001-07-02T00:00:00Z,1.2570000000000001,1.259,1.2553,1.2570000000000001,75,0,230
2001-07-03T00:00:00Z,1.2643,1.2703,1.2643,1.2689,75,0,230
2001-07-04T00:00:00Z,1.2702,1.2791000000000001,1.27,1.2728,157,0,230
2001-07-05T00:00:00Z,1.2731,1.2749,1.2689,1.2698,88,0,230
2001-07-08T00:00:00Z,1.2511,1.2558,1.25,1.2530000000000001,98,0,230
2001-07-09T00:00:00Z,1.2522,1.2564,1.2515,1.255,71,0,230
2001-07-10T00:00:00Z,1.2544,1.2572999999999999,1.2535,1.2548,73,0,230
2001-07-11T00:00:00Z,1.2513,1.2553,1.2434,1.2463,189,0,230
2001-07-12T00:00:00Z,1.2436,1.2468,1.2435,1.2447,56,0,230
2001-07-15T00:00:00Z,1.2530000000000001,1.2544,1.2476,1.2501,108,0,230
2001-07-16T00:00:00Z,1.2489,1.2501,1.2463,1.2467,55,0,230
2001-07-17T00:00:00Z,1.2513,1.2532,1.2473,1.2518,114,0,230
2001-07-18T00:00:00Z,1.2437,1.2468,1.2416,1.245,92,0,230
2001-07-19T00:00:00Z,1.2433,1.244,1.238,1.2415,103,0,230
2001-07-22T00:00:00Z,1.2393,1.2393,1.2393,1.2393,1,0,230
2001-07-23T00:00:00Z,1.242,1.2439,1.2395,1.2413,82,0,230
2001-07-24T00:00:00Z,1.2375,1.2375,1.2342,1.2362,54,0,230
2001-07-25T00:00:00Z,1.2335,1.2376,1.2304,1.2361,119,0,230
2001-07-26T00:00:00Z,1.2361,1.2371,1.2338,1.2344,50,0,230
2001-07-29T00:00:00Z,1.2281,1.23,1.2256,1.2279,87,0,230
2001-07-30T00:00:00Z,1.228,1.228,1.228,1.228,1,0,230
2001-07-31T00:00:00Z,1.2345,1.2378,1.2326,1.2375,75,0,230
2001-08-01T00:00:00Z,1.238,1.2424,1.2365,1.2386,113,0,230
2001-08-02T00:00:00Z,1.2389999999999999,1.2418,1.2276,1.2349999999999999,245,0,230
2001-08-05T00:00:00Z,1.2368999999999999,1.2406,1.2352,1.2367,107,0,230
2001-08-06T00:00:00Z,1.2301,1.2317,1.2254,1.2304,124,0,230
2001-08-07T00:00:00Z,1.2276,1.2303,1.2259,1.2285,80,0,230
2001-08-08T00:00:00Z,1.2235,1.2258,1.2107999999999999,1.2146,212,0,230
2001-08-09T00:00:00Z,1.2018,1.2131,1.2015,1.2107,144,0,230
2001-08-12T00:00:00Z,1.207,1.2155,1.207,1.2107,134,0,230
2001-08-13T00:00:00Z,1.2071,1.2128,1.2071,1.2095,91,0,230
2001-08-14T00:00:00Z,1.2128,1.2145,1.2086000000000001,1.2094,85,0,230
2001-08-15T00:00:00Z,1.2151,1.2191,1.2124,1.217,116,0,230
2001-08-16T00:00:00Z,1.2121,1.2171,1.2102,1.2143,117,0,230
2001-08-19T00:00:00Z,1.2206,1.2234,1.2124,1.2133,148,0,230
2001-08-20T00:00:00Z,1.2197,1.2225,1.2176,1.2197,99,0,230
2001-08-21T00:00:00Z,1.2184,1.2208,1.2081,1.2134,205,0,230
2001-08-22T00:00:00Z,1.213,1.2175,1.2115,1.2135,116,0,230
2001-08-23T00:00:00Z,1.2112,1.2134,1.2081,1.2089,84,0,230
2001-08-26T00:00:00Z,1.2082,1.2121,1.2069,1.2094,93,0,230
2001-08-27T00:00:00Z,1.2082,1.2089,1.204,1.2049,66,0,230
2001-08-28T00:00:00Z,1.2086000000000001,1.2086000000000001,1.1985999999999999,1.2032,147,0,230
2001-08-29T00:00:00Z,1.2017,1.2068,1.2017,1.2026,94,0,230
2001-08-30T00:00:00Z,1.2013,1.2105,1.2005,1.2064,150,0,230
2001-09-02T00:00:00Z,1.2037,1.2099,1.2032,1.2049,123,0,230
2001-09-03T00:00:00Z,1.2076,1.2095,1.2041,1.2055,88,0,230
2001-09-04T00:00:00Z,1.2045,1.2126000000000001,1.2038,1.2071,151,0,230
2001-09-05T00:00:00Z,1.2022,1.2068,1.1989,1.2028,153,0,230
2001-09-06T00:00:00Z,1.1972,1.2035,1.1963,1.2014,103,0,230
2001-09-09T00:00:00Z,1.1939,1.1954,1.188,1.1905000000000001,115,0,230
2001-09-10T00:00:00Z,1.1912,1.2093,1.1876,1.2076,271,0,230
2001-09-11T00:00:00Z,1.2057,1.2121,1.203,1.2057,183,0,230
2001-09-12T00:00:00Z,1.21,1.2189,1.2095,1.2152,137,0,230
2001-09-13T00:00:00Z,1.2147000000000001,1.2187000000000001,1.2119,1.215,134,0,230
2001-09-16T00:00:00Z,1.2181,1.2355,1.2181,1.2213,317,0,230
2001-09-17T00:00:00Z,1.2175,1.2206,1.2053,1.2133,265,0,230
2001-09-18T00:00:00Z,1.2096,1.2127,1.1958,1.1958,201,0,230
2001-09-19T00:00:00Z,1.1916,1.2017,1.1916,1.1985999999999999,133,0,230
2001-09-20T00:00:00Z,1.1983,1.2091,1.1967,1.2015,217,0,230
2001-09-23T00:00:00Z,1.2034,1.2216,1.202,1.2161,266,0,230
2001-09-24T00:00:00Z,1.2242,1.2252,1.2147999999999999,1.216,127,0,230
2001-09-25T00:00:00Z,1.2116,1.2168,1.2102,1.214,109,0,230
2001-09-26T00:00:00Z,1.2137,1.2151,1.2071,1.211,134,0,230
2001-09-27T00:00:00Z,1.2124,1.2182,1.2082,1.2138,187,0,230
2001-09-30T00:00:00Z,1.2198,1.2236,1.2119,1.2146,183,0,230
2001-10-01T00:00:00Z,1.2182,1.2247,1.215,1.2155,168,0,230
2001-10-02T00:00:00Z,1.2227999999999999,1.2286,1.2174,1.2189,186,0,230
2001-10-03T00:00:00Z,1.2176,1.2227000000000001,1.2158,1.2171,134,0,230
2001-10-04T00:00:00Z,1.2233,1.2233,1.2138,1.2196,154,0,230
2001-10-07T00:00:00Z,1.2233,1.2237,1.2152,1.2168,106,0,230
2001-10-08T00:00:00Z,1.2174,1.2201,1.2154,1.2159,80,0,230
2001-10-09T00:00:00Z,1.2127,1.2176,1.2099,1.2143,139,0,230
2001-10-10T00:00:00Z,1.215,1.2167,1.2104,1.2127,104,0,230
2001-10-11T00:00:00Z,1.2053,1.2126000000000001,1.2049,1.2075,133,0,230
2001-10-14T00:00:00Z,1.2181,1.2251,1.2138,1.2221,187,0,230
2001-10-15T00:00:00Z,1.2214,1.227,1.2196,1.2257,106,0,230
2001-10-16T00:00:00Z,1.2244,1.2263,1.2187000000000001,1.2202,111,0,230
2001-10-17T00:00:00Z,1.2218,1.2236,1.2165,1.2187999999999999,113,0,230
2001-10-18T00:00:00Z,1.2192,1.2241,1.2153,1.2187999999999999,173,0,230
2001-10-21T00:00:00Z,1.22,1.2226,1.2172,1.2187999999999999,97,0,230
2001-10-22T00:00:00Z,1.2166,1.2206,1.2154,1.2196,75,0,230
2001-10-23T00:00:00Z,1.2114,1.216,1.21,1.214,95,0,230
2001-10-24T00:00:00Z,1.2152,1.2204,1.2136,1.2199,90,0,230
2001-10-25T00:00:00Z,1.2219,1.223,1.2177,1.2189,77,0,230
2001-10-28T00:00:00Z,1.2175,1.225,1.2149,1.2173,201,0,230
2001-10-29T00:00:00Z,1.2185,1.2224,1.2171,1.2204,88,0,230
2001-10-30T00:00:00Z,1.2198,1.2235,1.2186,1.2198,99,0,230
2001-10-31T00:00:00Z,1.2231,1.2261,1.2214,1.2227999999999999,92,0,230
2001-11-01T00:00:00Z,1.2259,1.2314,1.2215,1.2244,184,0,230
2001-11-04T00:00:00Z,1.2232,1.2285,1.2199,1.2219,160,0,230
2001-11-05T00:00:00Z,1.2257,1.226,1.221,1.2221,65,0,230
2001-11-06T00:00:00Z,1.2221,1.2268,1.2209,1.2244,96,0,230
2001-11-07T00:00:00Z,1.2267000000000001,1.232,1.2253,1.2272,130,0,230
2001-11-08T00:00:00Z,1.2262,1.2291,1.2205,1.2258,169,0,230
2001-11-11T00:00:00Z,1.2268,1.2305,1.2252,1.2277,98,0,230
2001-11-12T00:00:00Z,1.2336,1.2362,1.2254,1.2265,146,0,230
2001-11-13T00:00:00Z,1.2306,1.2379,1.2306,1.2363,90,0,230
2001-11-14T00:00:00Z,1.2389999999999999,1.2407,1.2349999999999999,1.2381,106,0,230
2001-11-15T00:00:00Z,1.2415,1.2479,1.2386,1.2455,147,0,230
2001-11-18T00:00:00Z,1.2570000000000001,1.2575,1.2515,1.2539,90,0,230
2001-11-19T00:00:00Z,1.2493,1.2553,1.2493,1.2538,76,0,230
2001-11-20T00:00:00Z,1.2523,1.2581,1.2492,1.2570000000000001,132,0,230
2001-11-21T00:00:00Z,1.2596,1.2606,1.2549000000000001,1.2584,103,0,230
2001-11-22T00:00:00Z,1.2575,1.2621,1.2569,1.2605,75,0,230
2001-11-25T00:00:00Z,1.259,1.2609,1.2525,1.2568,147,0,230
2001-11-26T00:00:00Z,1.2568,1.2617,1.2530999999999999,1.2583,158,0,230
2001-11-27T00:00:00Z,1.2556,1.2585,1.2548,1.2574,57,0,230
2001-11-28T00:00:00Z,1.2591,1.2637,1.2576,1.2584,116,0,230
2001-11-29T00:00:00Z,1.2558,1.2596,1.2530000000000001,1.2559,132,0,230
2001-12-02T00:00:00Z,1.2535,1.2549000000000001,1.2468,1.2513,141,0,230
2001-12-03T00:00:00Z,1.2507,1.2543,1.2469000000000001,1.2479,121,0,230
2001-12-04T00:00:00Z,1.2465,1.2497,1.2448,1.2456,90,0,230
2001-12-05T00:00:00Z,1.245,1.2479,1.2426,1.2449,106,0,230
2001-12-06T00:00:00Z,1.2437,1.2459,1.2415,1.2441,85,0,230
2001-12-09T00:00:00Z,1.2431,1.2441,1.2368999999999999,1.2412,126,0,230
2001-12-10T00:00:00Z,1.2403,1.2422,1.2292,1.2371,229,0,230
2001-12-11T00:00:00Z,1.2376,1.2393,1.2321,1.2357,126,0,230
2001-12-12T00:00:00Z,1.2371,1.2405,1.2345,1.238,112,0,230
2001-12-13T00:00:00Z,1.2373,1.2429000000000001,1.2373,1.241,76,0,230
2001-12-16T00:00:00Z,1.2391,1.2432,1.2379,1.2393,105,0,230
2001-12-17T00:00:00Z,1.242,1.2439,1.2372,1.2415,130,0,230
2001-12-18T00:00:00Z,1.2335,1.2385,1.2331,1.2347,97,0,230
2001-12-19T00:00:00Z,1.2319,1.2347,1.2267000000000001,1.228,122,0,230
2001-12-20T00:00:00Z,1.2278,1.2344,1.2278,1.2304,107,0,230
2001-12-23T00:00:00Z,1.2195,1.2306,1.2195,1.2235,183,0,230
2001-12-24T00:00:00Z,1.2211,1.2281,1.2209,1.2264,92,0,230
2001-12-25T00:00:00Z,1.2274,1.2297,1.2239,1.225,93,0,230
2001-12-26T00:00:00Z,1.2227999999999999,1.2246,1.2206,1.2217,70,0,230
2001-12-27T00:00:00Z,1.2213,1.2283,1.2211,1.2232,126,0,230
2001-12-30T00:00:00Z,1.2312,1.2339,1.224,1.2288000000000001,175,0,230
2001-12-31T00:00:00Z,1.2241,1.2271,1.2205,1.2205,97,0,210
2002-01-01T00:00:00Z,1.2237,1.2308,1.2136,1.2221,329,0,210
2002-01-02T00:00:00Z,1.2186,1.2229,1.2122,1.2145,174,0,210
2002-01-03T00:00:00Z,1.2135,1.215,1.2046999999999999,1.207,142,0,210
2002-01-06T00:00:00Z,1.2124,1.2134,1.2078,1.2128,109,0,210
2002-01-07T00:00:00Z,1.2143,1.2187000000000001,1.2107999999999999,1.2136,152,0,210
2002-01-08T00:00:00Z,1.2134,1.222,1.2125,1.2206,119,0,210
2002-01-09T00:00:00Z,1.2216,1.2308,1.2216,1.2285,116,0,210
2002-01-10T00:00:00Z,1.2291,1.2291,1.2215,1.2262,124,0,210
2002-01-13T00:00:00Z,1.2254,1.2285,1.2242,1.2257,84,0,210
2002-01-14T00:00:00Z,1.2268,1.2274,1.2243,1.2259,54,0,210
2002-01-15T00:00:00Z,1.2259,1.2259,1.222,1.2234,54,0,210
2002-01-16T00:00:00Z,1.2236,1.2267000000000001,1.2198,1.2219,122,0,210
2002-01-17T00:00:00Z,1.2175,1.2212,1.2175,1.2196,54,0,210
2002-01-20T00:00:00Z,1.2142,1.2155,1.2103,1.2143,104,0,210
2002-01-21T00:00:00Z,1.2062,1.2121,1.204,1.2101,124,0,210
2002-01-22T00:00:00Z,1.2109,1.2146,1.209,1.2118,104,0,210
2002-01-23T00:00:00Z,1.213,1.2157,1.2123,1.2146,53,0,210
2002-01-24T00:00:00Z,1.2145,1.2175,1.2138,1.2155,65,0,210
2002-01-27T00:00:00Z,1.2133,1.2218,1.2133,1.2198,106,0,210
2002-01-28T00:00:00Z,1.2209,1.2215,1.2157,1.219,98,0,210
2002-01-29T00:00:00Z,1.2125,1.2242,1.2112,1.2225,161,0,210
2002-01-30T00:00:00Z,1.2164,1.2275,1.216,1.2216,179,0,210
2002-01-31T00:00:00Z,1.2205,1.2221,1.216,1.2167,85,0,210
2002-02-03T00:00:00Z,1.2214,1.2227999999999999,1.2169,1.219,95,0,210
2002-02-04T00:00:00Z,1.2223,1.224,1.2198,1.2211,73,0,210
2002-02-05T00:00:00Z,1.2236,1.2246,1.2181,1.2195,90,0,210
2002-02-06T00:00:00Z,1.2225,1.2238,1.2192,1.2218,86,0,210
2002-02-07T00:00:00Z,1.2198,1.2235,1.2147000000000001,1.222,155,0,210
2002-02-10T00:00:00Z,1.2213,1.2223,1.215,1.2193,127,0,210
2002-02-11T00:00:00Z,1.2207,1.2225,1.2187999999999999,1.2193,61,0,210
2002-02-12T00:00:00Z,1.2181,1.2212,1.2101,1.2176,218,0,210
2002-02-13T00:00:00Z,1.2204,1.226,1.2186,1.221,143,0,210
2002-02-14T00:00:00Z,1.223,1.2297,1.2184,1.2281,176,0,210
2002-02-17T00:00:00Z,1.2233,1.2274,1.2223,1.2253,83,0,210
2002-02-18T00:00:00Z,1.2252,1.2299,1.2252,1.228,67,0,210
2002-02-19T00:00:00Z,1.2301,1.2314,1.2285,1.23,58,0,210
2002-02-20T00:00:00Z,1.2321,1.2344,1.2309,1.2337,55,0,210
2002-02-21T00:00:00Z,1.2336,1.2349,1.2278,1.2292,99,0,210
2002-02-25T00:00:00Z,1.2314,1.2315,1.2286,1.2294,39,0,210
2002-02-26T00:00:00Z,1.2293,1.2306,1.2276,1.2277,45,0,210
2002-02-27T00:00:00Z,1.2299,1.2316,1.2279,1.2288999999999999,65,0,210
2002-02-28T00:00:00Z,1.2277,1.2301,1.2235,1.2253,109,0,210
2002-03-03T00:00:00Z,1.2218,1.2235,1.2187999999999999,1.2196,73,0,210
2002-03-04T00:00:00Z,1.2234,1.2242,1.2204,1.222,63,0,210
2002-03-05T00:00:00Z,1.2251,1.2251,1.2209,1.2222,56,0,210
2002-03-06T00:00:00Z,1.2187000000000001,1.2231,1.2149,1.2166,144,0,210
2002-03-07T00:00:00Z,1.2173,1.2218,1.216,1.2192,98,0,210
2002-03-10T00:00:00Z,1.2173,1.2182,1.2134,1.2169,93,0,210
2002-03-11T00:00:00Z,1.218,1.22,1.217,1.2179,60,0,210
2002-03-12T00:00:00Z,1.2112,1.2142,1.2104,1.2127,62,0,210
2002-03-13T00:00:00Z,1.2113,1.2147000000000001,1.2083,1.2136,106,0,210
2002-03-14T00:00:00Z,1.2138,1.2147000000000001,1.2093,1.2095,66,0,210
2002-03-17T00:00:00Z,1.2035,1.2075,1.2028,1.204,90,0,210
2002-03-18T00:00:00Z,1.2049,1.2055,1.2018,1.2028,54,0,210
2002-03-19T00:00:00Z,1.2086999999999999,1.2159,1.2056,1.2104,190,0,210
2002-03-20T00:00:00Z,1.2053,1.2062,1.203,1.2044,56,0,210
2002-03-21T00:00:00Z,1.2099,1.211,1.2046999999999999,1.2065,93,0,210
2002-03-24T00:00:00Z,1.2113,1.2135,1.2064,1.2113,143,0,210
2002-03-25T00:00:00Z,1.2112,1.2134,1.2058,1.2114,151,0,210
2002-03-26T00:00:00Z,1.211,1.2133,1.2059,1.213,129,0,210
2002-03-27T00:00:00Z,1.2125,1.2145,1.2049,1.2092,160,0,210
2002-03-28T00:00:00Z,1.2093,1.2125,1.2068,1.2112,96,0,210
2002-03-31T00:00:00Z,1.209,1.2137,1.205,1.2104,161,0,210
2002-04-01T00:00:00Z,1.2101,1.2123,1.2038,1.2111,161,0,210
2002-04-02T00:00:00Z,1.2109,1.2155,1.205,1.2095,197,0,210
2002-04-03T00:00:00Z,1.2084,1.2115,1.2038,1.2042,113,0,210
2002-04-04T00:00:00Z,1.2044,1.2136,1.2036,1.2109,136,0,210
2002-04-07T00:00:00Z,1.2121,1.2201,1.2095,1.2163,171,0,210
2002-04-08T00:00:00Z,1.2145,1.2187000000000001,1.2112,1.2127,133,0,210
2002-04-09T00:00:00Z,1.2129,1.2184,1.2102,1.2107999999999999,144,0,210
2002-04-10T00:00:00Z,1.2107999999999999,1.2125,1.2051,1.2086000000000001,127,0,210
2002-04-11T00:00:00Z,1.2088,1.2112,1.2045,1.2079,126,0,210
2002-04-14T00:00:00Z,1.2078,1.2129,1.204,1.2099,158,0,210
2002-04-15T00:00:00Z,1.2101,1.2125,1.2071,1.2094,102,0,210
2002-04-16T00:00:00Z,1.209,1.2118,1.2035,1.206,137,0,210
2002-04-17T00:00:00Z,1.2062,1.2129,1.205,1.2071,150,0,210
2002-04-18T00:00:00Z,1.2073,1.2095,1.2025000000000001,1.2055,123,0,210
2002-04-21T00:00:00Z,1.206,1.2121,1.2058,1.2079,108,0,210
2002-04-22T00:00:00Z,1.2085,1.2091,1.2042,1.2069,83,0,210
2002-04-23T00:00:00Z,1.207,1.2122,1.2058,1.2105,94,0,210
2002-04-24T00:00:00Z,1.2106,1.212,1.2057,1.2074,95,0,210
2002-04-25T00:00:00Z,1.2187999999999999,1.2202,1.2051,1.2059,174,0,210
2002-04-28T00:00:00Z,1.2055,1.2089,1.2018,1.204,128,0,210
2002-04-29T00:00:00Z,1.2037,1.2075,1.1992,1.2028,158,0,210
2002-04-30T00:00:00Z,1.2027,1.2068,1.1974,1.2021,183,0,210
2002-05-01T00:00:00Z,1.2022,1.2053,1.1894,1.2028,313,0,210
2002-05-02T00:00:00Z,1.2027,1.2081,1.1992,1.2018,170,0,210
2002-05-05T00:00:00Z,1.2044,1.206,1.1988,1.2041,142,0,210
2002-05-06T00:00:00Z,1.204,1.2081,1.2006000000000001,1.2012,123,0,210
2002-05-07T00:00:00Z,1.2013,1.2068,1.2,1.2046000000000001,104,0,210
2002-05-08T00:00:00Z,1.2045,1.2075,1.1991,1.2044,168,0,210
2002-05-09T00:00:00Z,1.2041,1.2046999999999999,1.2001,1.2023,75,0,210
2002-05-12T00:00:00Z,1.2021,1.2044,1.199,1.2005,93,0,210
2002-05-13T00:00:00Z,1.1995,1.2034,1.1942,1.1991,181,0,210
2002-05-14T00:00:00Z,1.1992,1.1997,1.1938,1.1951,78,0,210
2002-05-15T00:00:00Z,1.1952,1.1972,1.1894,1.1937,142,0,210
2002-05-16T00:00:00Z,1.1938,1.1939,1.1872,1.1899,96,0,210
2002-05-19T00:00:00Z,1.1918,1.193,1.1827,1.1905000000000001,194,0,210
2002-05-20T00:00:00Z,1.1893,1.1934,1.1852,1.1905999999999999,152,0,210
2002-05-21T00:00:00Z,1.1927,1.1932,1.1782,1.1799,173,0,210
2002-05-22T00:00:00Z,1.1797,1.1842,1.1717,1.1782,236,0,210
2002-05-23T00:00:00Z,1.1812,1.1891,1.1751,1.1796,265,0,210
2002-05-26T00:00:00Z,1.1816,1.1849,1.175,1.1783,166,0,210
2002-05-27T00:00:00Z,1.1784,1.1817,1.1748,1.1807,116,0,210
2002-05-28T00:00:00Z,1.1808,1.1853,1.1764000000000001,1.181,177,0,210
2002-05-29T00:00:00Z,1.1811,1.1901,1.1764000000000001,1.1867,219,0,210
2002-05-30T00:00:00Z,1.1865,1.1896,1.1733,1.1836,298,0,210
2002-06-02T00:00:00Z,1.1793,1.1818,1.1775,1.1784,78,0,210
2002-06-03T00:00:00Z,1.1743999999999999,1.1757,1.1649,1.1705,178,0,210
2002-06-04T00:00:00Z,1.1709,1.1777,1.1654,1.1771,185,0,210
2002-06-05T00:00:00Z,1.1712,1.1761,1.1681,1.1701,150,0,210
2002-06-06T00:00:00Z,1.1699,1.175,1.1648,1.1699,205,0,210
2002-06-09T00:00:00Z,1.1663999999999999,1.1738,1.1641,1.1676,183,0,210
2002-06-10T00:00:00Z,1.1675,1.1731,1.1599,1.1662,252,0,210
2002-06-11T00:00:00Z,1.1665,1.1666,1.1571,1.158,106,0,210
2002-06-12T00:00:00Z,1.1583,1.1647,1.1515,1.1598,250,0,210
2002-06-13T00:00:00Z,1.1609,1.1662,1.1403,1.1605,515,0,210
2002-06-16T00:00:00Z,1.158,1.1604,1.1525,1.154,119,0,210
2002-06-17T00:00:00Z,1.1545,1.1642000000000001,1.1515,1.1602000000000001,198,0,210
2002-06-18T00:00:00Z,1.16,1.1647,1.1529,1.1565,202,0,210
2002-06-19T00:00:00Z,1.155,1.1651,1.155,1.1623999999999999,129,0,210
2002-06-20T00:00:00Z,1.1615,1.1651,1.1471,1.1524,270,0,210
2002-06-23T00:00:00Z,1.1548,1.1661,1.1482999999999999,1.157,335,0,210
2002-06-24T00:00:00Z,1.1571,1.1691,1.1547,1.1559,277,0,210
2002-06-25T00:00:00Z,1.1556,1.1697,1.1495,1.1518,367,0,210
2002-06-26T00:00:00Z,1.151,1.1586,1.147,1.151,233,0,210
2002-06-27T00:00:00Z,1.1513,1.163,1.1428,1.1577,341,0,210
2002-06-30T00:00:00Z,1.1568,1.159,1.1511,1.1534,125,0,210
2002-07-01T00:00:00Z,1.153,1.1562000000000001,1.1503,1.1538,111,0,210
2002-07-02T00:00:00Z,1.1533,1.1533,1.1433,1.1434,102,0,210
2002-07-03T00:00:00Z,1.1463,1.1544,1.1457,1.1514,124,0,210
2002-07-04T00:00:00Z,1.1466,1.1534,1.1443,1.1463,180,0,210
2002-07-07T00:00:00Z,1.1461999999999999,1.1538,1.1461999999999999,1.1507,108,0,210
2002-07-08T00:00:00Z,1.1484,1.1543,1.1482,1.1543,64,0,210
2002-07-09T00:00:00Z,1.1555,1.1571,1.1515,1.157,98,0,210
2002-07-10T00:00:00Z,1.1593,1.1636,1.1529,1.153,152,0,210
2002-07-11T00:00:00Z,1.1519,1.1617,1.1508,1.1553,185,0,210
2002-07-14T00:00:00Z,1.1495,1.157,1.149,1.1538,118,0,210
2002-07-15T00:00:00Z,1.1522000000000001,1.1566,1.1482,1.1495,142,0,210
2002-07-16T00:00:00Z,1.1476,1.1501000000000001,1.1376,1.1443,218,0,210
2002-07-17T00:00:00Z,1.1469,1.1486,1.1423,1.1424,82,0,210
2002-07-18T00:00:00Z,1.147,1.1501000000000001,1.1385,1.1394,157,0,210
2002-07-21T00:00:00Z,1.1424,1.1469,1.1395,1.1400000000000001,125,0,210
2002-07-22T00:00:00Z,1.1388,1.1475,1.137,1.1423,176,0,210
2002-07-23T00:00:00Z,1.1418,1.161,1.1418,1.158,223,0,210
2002-07-24T00:00:00Z,1.1511,1.1627,1.1511,1.1604,140,0,210
2002-07-25T00:00:00Z,1.1539,1.1631,1.1539,1.162,104,0,210
2002-07-28T00:00:00Z,1.1545,1.1562999999999999,1.1545,1.1562999999999999,19,0,210
2002-07-29T00:00:00Z,1.1572,1.1596,1.1556,1.158,73,0,210
2002-07-30T00:00:00Z,1.1613,1.1663999999999999,1.1607,1.1627,101,0,210
2002-07-31T00:00:00Z,1.1688,1.1696,1.1623,1.1635,94,0,210
2002-08-01T00:00:00Z,1.1654,1.1696,1.1605,1.1625,154,0,210
2002-08-04T00:00:00Z,1.1615,1.164,1.1602000000000001,1.1604,66,0,210
2002-08-05T00:00:00Z,1.1531,1.1656,1.1521,1.1642000000000001,160,0,210
2002-08-06T00:00:00Z,1.1703999999999999,1.1797,1.1699,1.1795,106,0,210
2002-08-07T00:00:00Z,1.1771,1.1792,1.1711,1.1733,125,0,210
2002-08-08T00:00:00Z,1.1713,1.1773,1.1694,1.1711,157,0,210
2002-08-11T00:00:00Z,1.168,1.1695,1.1629,1.1637,90,0,210
2002-08-12T00:00:00Z,1.1652,1.1652,1.1616,1.1646,67,0,210
2002-08-13T00:00:00Z,1.1682,1.1766,1.1666,1.1686,197,0,210
2002-08-14T00:00:00Z,1.165,1.1695,1.1631,1.1635,114,0,210
2002-08-15T00:00:00Z,1.1663999999999999,1.168,1.1626,1.1651,96,0,210
2002-08-18T00:00:00Z,1.1666,1.168,1.1616,1.1651,114,0,210
2002-08-19T00:00:00Z,1.1636,1.1649,1.1601,1.1626,87,0,210
2002-08-20T00:00:00Z,1.1636,1.1654,1.1578,1.1591,108,0,210
2002-08-21T00:00:00Z,1.1602000000000001,1.166,1.1602000000000001,1.1638,81,0,210
2002-08-22T00:00:00Z,1.1611,1.1632,1.1561,1.1629,125,0,210
2002-08-25T00:00:00Z,1.1646,1.1654,1.1611,1.1638,79,0,210
2002-08-26T00:00:00Z,1.1612,1.1732,1.1581,1.1689,226,0,210
2002-08-27T00:00:00Z,1.1701,1.1757,1.1673,1.1724999999999999,145,0,210
2002-08-28T00:00:00Z,1.1735,1.18,1.1734,1.1758,110,0,210
2002-08-29T00:00:00Z,1.1742,1.1797,1.1741,1.1766,89,0,210
2002-09-01T00:00:00Z,1.1747,1.1772,1.1729,1.1757,77,0,210
2002-09-02T00:00:00Z,1.1719,1.1741,1.1696,1.17,72,0,210
2002-09-03T00:00:00Z,1.1713,1.1741,1.1676,1.1679,97,0,210
2002-09-04T00:00:00Z,1.1711,1.1728,1.1663000000000001,1.1668,88,0,210
2002-09-05T00:00:00Z,1.1648,1.1693,1.1627,1.1648,133,0,210
2002-09-08T00:00:00Z,1.1632,1.1661,1.1626,1.1653,50,0,210
2002-09-09T00:00:00Z,1.1668,1.1703000000000001,1.1654,1.1672,95,0,210
2002-09-10T00:00:00Z,1.1667,1.1701,1.1641,1.1643,97,0,210
2002-09-11T00:00:00Z,1.16,1.1667,1.1586,1.1612,151,0,210
2002-09-12T00:00:00Z,1.1602000000000001,1.1638,1.1585,1.1617,92,0,210
2002-09-15T00:00:00Z,1.1618,1.1663999999999999,1.1618,1.163,81,0,210
2002-09-16T00:00:00Z,1.1631,1.1682,1.1631,1.1652,82,0,210
2002-09-17T00:00:00Z,1.1692,1.1738,1.1639,1.1651,158,0,210
2002-09-18T00:00:00Z,1.1631,1.1661,1.1602000000000001,1.1647,103,0,210
2002-09-19T00:00:00Z,1.1607,1.1631,1.16,1.1616,54,0,210
2002-09-22T00:00:00Z,1.1589,1.1602000000000001,1.1582,1.1587,39,0,210
2002-09-23T00:00:00Z,1.1602000000000001,1.163,1.1562999999999999,1.1577,110,0,210
2002-09-24T00:00:00Z,1.1596,1.1611,1.1562999999999999,1.1581,82,0,210
2002-09-25T00:00:00Z,1.1568,1.1631,1.1527,1.1595,182,0,210
2002-09-26T00:00:00Z,1.1587,1.161,1.1561,1.1591,95,0,210
2002-09-29T00:00:00Z,1.1566,1.1605,1.1557,1.1562000000000001,93,0,210
2002-09-30T00:00:00Z,1.1544,1.1579,1.1542,1.1565,54,0,210
2002-10-01T00:00:00Z,1.1488,1.1511,1.1444,1.1489,134,0,210
2002-10-02T00:00:00Z,1.15,1.1508,1.1432,1.1452,105,0,210
2002-10-03T00:00:00Z,1.1451,1.147,1.1435,1.1457,65,0,210
2002-10-06T00:00:00Z,1.1391,1.1421000000000001,1.1384,1.1419,47,0,210
2002-10-07T00:00:00Z,1.1363,1.1363,1.1349,1.1353,19,0,210
2002-10-08T00:00:00Z,1.1368,1.1421000000000001,1.1364,1.1406,77,0,210
2002-10-09T00:00:00Z,1.1396,1.1463,1.138,1.1434,129,0,210
2002-10-10T00:00:00Z,1.1439,1.1448,1.1417,1.142,44,0,210
2002-10-13T00:00:00Z,1.1385,1.1425,1.1383,1.1399,71,0,210
2002-10-14T00:00:00Z,1.1423,1.1474,1.1400000000000001,1.145,122,0,210
2002-10-15T00:00:00Z,1.1415,1.144,1.1398,1.144,60,0,210
2002-10-16T00:00:00Z,1.1471,1.1471,1.1403,1.1426,92,0,210
2002-10-17T00:00:00Z,1.1428,1.1466,1.1401,1.1435,124,0,210
2002-10-20T00:00:00Z,1.1427,1.1473,1.1416,1.1454,88,0,210
2002-10-21T00:00:00Z,1.148,1.1504,1.1445,1.1455,94,0,210
2002-10-22T00:00:00Z,1.145,1.146,1.1421000000000001,1.1435,64,0,210
2002-10-23T00:00:00Z,1.142,1.1434,1.1399,1.1404,55,0,210
2002-10-24T00:00:00Z,1.1399,1.1421000000000001,1.1393,1.1412,44,0,210
2002-10-27T00:00:00Z,1.1373,1.1423,1.1373,1.1406,68,0,210
2002-10-28T00:00:00Z,1.1431,1.1441,1.1392,1.142,88,0,210
2002-10-29T00:00:00Z,1.1452,1.1459,1.1425,1.1443,60,0,210
2002-10-30T00:00:00Z,1.1438,1.1459,1.1435,1.1438,49,0,210
2002-10-31T00:00:00Z,1.1409,1.1445,1.1407,1.1412,74,0,210
2002-11-03T00:00:00Z,1.142,1.1446,1.1402,1.1402,71,0,210
2002-11-04T00:00:00Z,1.1313,1.1329,1.1301,1.1314,56,0,210
2002-11-05T00:00:00Z,1.1346,1.1365,1.1317,1.1337,88,0,210
2002-11-06T00:00:00Z,1.134,1.1373,1.1305,1.1323,120,0,210
2002-11-07T00:00:00Z,1.1313,1.1354,1.1299,1.1346,78,0,210
2002-11-10T00:00:00Z,1.1385,1.1423,1.1381999999999999,1.1408,60,0,210
2002-11-11T00:00:00Z,1.1377,1.1392,1.1349,1.1367,77,0,210
2002-11-12T00:00:00Z,1.1368,1.1381999999999999,1.1311,1.1322,97,0,210
2002-11-13T00:00:00Z,1.1269,1.1289,1.1255,1.1267,67,0,210
2002-11-14T00:00:00Z,1.1264,1.1285,1.1229,1.1275,102,0,210
2002-11-17T00:00:00Z,1.1263,1.131,1.1263,1.1287,71,0,210
2002-11-18T00:00:00Z,1.1319,1.1328,1.1301,1.1317,53,0,210
2002-11-19T00:00:00Z,1.1237,1.1277,1.1237,1.1274,44,0,210
2002-11-20T00:00:00Z,1.1283,1.1292,1.1178,1.1189,135,0,210
2002-11-21T00:00:00Z,1.1165,1.1171,1.1148,1.1166,46,0,210
2002-11-24T00:00:00Z,1.1206,1.1211,1.1206,1.1211,6,0,210
2002-11-26T00:00:00Z,1.1295,1.1305,1.1244,1.1247,75,0,210
2002-11-27T00:00:00Z,1.1278,1.1334,1.1264,1.1302,117,0,210
2002-11-28T00:00:00Z,1.1332,1.1339,1.1261,1.1261,86,0,210
2002-12-01T00:00:00Z,1.1255,1.1262,1.1224,1.1245,67,0,210
2002-12-02T00:00:00Z,1.1227,1.1227,1.1179999999999999,1.1213,81,0,210
2002-12-03T00:00:00Z,1.1221,1.1241,1.1202,1.1212,70,0,210
2002-12-04T00:00:00Z,1.1177,1.1212,1.116,1.1186,96,0,210
2002-12-05T00:00:00Z,1.1165,1.1199,1.1163,1.1191,47,0,210
2002-12-08T00:00:00Z,1.1199,1.1215,1.1185,1.1193,55,0,210
2002-12-09T00:00:00Z,1.1191,1.1191,1.117,1.1178,30,0,210
2002-12-10T00:00:00Z,1.1154,1.1182,1.1147,1.1161,64,0,210
2002-12-11T00:00:00Z,1.1151,1.1174,1.1147,1.1166,40,0,210
2002-12-12T00:00:00Z,1.1135,1.1138,1.1053,1.1082,118,0,210
2002-12-15T00:00:00Z,1.1009,1.1047,1.1006,1.1017,75,0,210
2002-12-16T00:00:00Z,1.1009,1.1033,1.095,1.0958,116,0,210
2002-12-17T00:00:00Z,1.0945,1.0977,1.093,1.0962,78,0,210
2002-12-18T00:00:00Z,1.0966,1.0997,1.0917,1.0939,134,0,210
2002-12-19T00:00:00Z,1.0941,1.0971,1.0912,1.0937000000000001,115,0,210
2002-12-22T00:00:00Z,1.0926,1.0972,1.0863,1.0886,179,0,210
2002-12-23T00:00:00Z,1.0897000000000001,1.0935,1.0869,1.0913,117,0,210
2002-12-24T00:00:00Z,1.0909,1.0913,1.088,1.0883,41,0,210
2002-12-25T00:00:00Z,1.0907,1.0913,1.0821,1.0872,150,0,210
2002-12-26T00:00:00Z,1.0878,1.0906,1.0813,1.0817,126,0,210
2002-12-29T00:00:00Z,1.0815,1.0815,1.0715,1.0727,113,0,210
2002-12-30T00:00:00Z,1.0748,1.0748,1.0669,1.0705,116,0,210
2002-12-31T00:00:00Z,1.0715,1.0738,1.0692,1.0718,90,0,190
2003-01-01T00:00:00Z,1.0684,1.0792,1.068,1.078,129,0,190
2003-01-02T00:00:00Z,1.0781,1.0802,1.0693,1.0741,179,0,190
2003-01-05T00:00:00Z,1.077,1.0846,1.0747,1.0811,158,0,190
2003-01-06T00:00:00Z,1.0813,1.0841,1.0746,1.0824,180,0,190
2003-01-07T00:00:00Z,1.0835,1.087,1.0784,1.0793,131,0,190
2003-01-08T00:00:00Z,1.0792,1.0882,1.0786,1.0828,157,0,190
2003-01-09T00:00:00Z,1.0825,1.088,1.0781,1.085,174,0,190
2003-01-12T00:00:00Z,1.0836,1.0864,1.0765,1.0796999999999999,160,0,190
2003-01-13T00:00:00Z,1.0807,1.0842,1.0742,1.0826,182,0,190
2003-01-14T00:00:00Z,1.083,1.0892,1.0814,1.0819,146,0,190
2003-01-15T00:00:00Z,1.0827,1.085,1.075,1.0754,128,0,190
2003-01-16T00:00:00Z,1.0758,1.0781,1.0702,1.0719,120,0,190
2003-01-19T00:00:00Z,1.0722,1.0738,1.0666,1.0684,107,0,190
2003-01-20T00:00:00Z,1.0685,1.0799,1.0684,1.0785,131,0,190
2003-01-21T00:00:00Z,1.0781,1.0836,1.0688,1.0823,255,0,190
2003-01-22T00:00:00Z,1.0831,1.087,1.0769,1.0785,157,0,190
2003-01-23T00:00:00Z,1.0784,1.0806,1.0714,1.0757,158,0,190
2003-01-26T00:00:00Z,1.079,1.0821,1.0719,1.0748,163,0,190
2003-01-27T00:00:00Z,1.0743,1.0808,1.0728,1.0783,121,0,190
2003-01-28T00:00:00Z,1.0788,1.0801,1.072,1.075,125,0,190
2003-01-29T00:00:00Z,1.0747,1.0802,1.0721,1.0771,139,0,190
2003-01-30T00:00:00Z,1.0781,1.079,1.0732,1.0769,105,0,190
2003-02-02T00:00:00Z,1.0773,1.0796999999999999,1.0728,1.0793,119,0,190
2003-02-03T00:00:00Z,1.0793,1.0805,1.0704,1.075,160,0,190
2003-02-04T00:00:00Z,1.0765,1.0799,1.0723,1.0752,140,0,190
2003-02-05T00:00:00Z,1.0753,1.0793,1.0731,1.0764,114,0,190
2003-02-06T00:00:00Z,1.0764,1.0789,1.0727,1.0735,96,0,190
2003-02-09T00:00:00Z,1.0741,1.077,1.071,1.0715,95,0,190
2003-02-10T00:00:00Z,1.0715,1.077,1.071,1.0725,111,0,190
2003-02-11T00:00:00Z,1.0735,1.0749,1.0703,1.0725,83,0,190
2003-02-12T00:00:00Z,1.0728,1.0784,1.0703,1.0738,153,0,190
2003-02-13T00:00:00Z,1.0747,1.0839,1.0695000000000001,1.0702,244,0,190
2003-02-16T00:00:00Z,1.0728,1.0755,1.069,1.073,129,0,190
2003-02-17T00:00:00Z,1.0734,1.0765,1.07,1.0713,110,0,190
2003-02-18T00:00:00Z,1.0714,1.0769,1.0693,1.0723,144,0,190
2003-02-19T00:00:00Z,1.0741,1.0779,1.0698,1.072,142,0,190
2003-02-20T00:00:00Z,1.0723,1.0737,1.0652,1.0692,140,0,190
2003-02-23T00:00:00Z,1.0695000000000001,1.0735,1.0625,1.0705,211,0,190
2003-02-24T00:00:00Z,1.073,1.0743,1.0694,1.0731,98,0,190
2003-02-25T00:00:00Z,1.0733,1.0772,1.068,1.0735999999999999,182,0,190
2003-02-26T00:00:00Z,1.0731,1.0782,1.0709,1.0781,97,0,190
2003-02-27T00:00:00Z,1.0786,1.0921,1.0734,1.0866,295,0,190
2003-03-02T00:00:00Z,1.0874,1.0985,1.0861,1.0932,191,0,190
2003-03-03T00:00:00Z,1.0931,1.0964,1.0873,1.0913,165,0,190
2003-03-04T00:00:00Z,1.0924,1.097,1.0847,1.0871,194,0,190
2003-03-05T00:00:00Z,1.0883,1.0905,1.0834,1.0867,127,0,190
2003-03-06T00:00:00Z,1.0873,1.0944,1.0834,1.0904,190,0,190
2003-03-09T00:00:00Z,1.0884,1.1017,1.0882,1.0989,166,0,190
2003-03-10T00:00:00Z,1.0991,1.0996,1.0868,1.0903,169,0,190
2003-03-11T00:00:00Z,1.0894,1.0946,1.0793,1.0854,267,0,190
2003-03-12T00:00:00Z,1.0862,1.091,1.081,1.0873,190,0,190
2003-03-13T00:00:00Z,1.0874,1.0893,1.0802,1.0845,154,0,190
2003-03-16T00:00:00Z,1.0865,1.0915,1.0769,1.0819,247,0,190
2003-03-17T00:00:00Z,1.0825,1.0852,1.0776,1.0828,150,0,190
2003-03-18T00:00:00Z,1.0822,1.0842,1.0716,1.0767,198,0,190
2003-03-19T00:00:00Z,1.0774,1.0789,1.0702,1.0718,119,0,190
2003-03-20T00:00:00Z,1.0727,1.0781,1.0704,1.074,142,0,190
2003-03-23T00:00:00Z,1.0708,1.0794,1.0708,1.0784,97,0,190
2003-03-24T00:00:00Z,1.0785,1.0877,1.075,1.0872,168,0,190
2003-03-25T00:00:00Z,1.0877,1.0953,1.084,1.0933,171,0,190
2003-03-26T00:00:00Z,1.0941,1.0977999999999999,1.0892,1.0915,147,0,190
2003-03-27T00:00:00Z,1.092,1.0944,1.0888,1.0904,97,0,190
2003-03-30T00:00:00Z,1.0895,1.0926,1.0852,1.089,144,0,190
2003-03-31T00:00:00Z,1.0891,1.0936,1.0843,1.0914,164,0,190
2003-04-01T00:00:00Z,1.092,1.0936,1.087,1.0909,122,0,190
2003-04-02T00:00:00Z,1.0916,1.0998,1.0861,1.0998,193,0,190
2003-04-03T00:00:00Z,1.1008,1.1155,1.096,1.1116,283,0,190
2003-04-06T00:00:00Z,1.1134,1.1182,1.1021,1.107,259,0,190
2003-04-07T00:00:00Z,1.1078999999999999,1.1094,1.099,1.1044,174,0,190
2003-04-08T00:00:00Z,1.1051,1.1083,1.1014,1.1041,129,0,190
2003-04-09T00:00:00Z,1.1049,1.1106,1.1038000000000001,1.1068,118,0,190
2003-04-10T00:00:00Z,1.1073,1.1126,1.1055,1.1083,133,0,190
2003-04-13T00:00:00Z,1.1086,1.1107,1.1016,1.1041,138,0,190
2003-04-14T00:00:00Z,1.1037,1.1134,1.0908,1.0966,382,0,190
2003-04-15T00:00:00Z,1.0976,1.1031,1.0958,1.0982,141,0,190
2003-04-16T00:00:00Z,1.099,1.1094,1.0974,1.1009,222,0,190
2003-04-17T00:00:00Z,1.1009,1.107,1.0989,1.1036,136,0,190
2003-04-20T00:00:00Z,1.1037,1.108,1.0993,1.1068,144,0,190
2003-04-21T00:00:00Z,1.1073,1.11,1.1034,1.1063,123,0,190
2003-04-22T00:00:00Z,1.1048,1.1162,1.1036,1.1137,164,0,190
2003-04-23T00:00:00Z,1.1142,1.1211,1.1127,1.115,161,0,190
2003-04-24T00:00:00Z,1.1152,1.1179999999999999,1.1092,1.1115,140,0,190
2003-04-27T00:00:00Z,1.1088,1.1156,1.1082,1.1129,108,0,190
2003-04-28T00:00:00Z,1.114,1.1167,1.11,1.1144,131,0,190
2003-04-29T00:00:00Z,1.1147,1.1207,1.1121,1.1158,162,0,190
2003-04-30T00:00:00Z,1.1154,1.1274,1.114,1.1211,212,0,190
2003-05-01T00:00:00Z,1.1212,1.1266,1.1176,1.1187,156,0,190
2003-05-04T00:00:00Z,1.1187,1.1236,1.1166,1.1176,130,0,190
2003-05-05T00:00:00Z,1.1188,1.1228,1.1158,1.1197,132,0,190
2003-05-06T00:00:00Z,1.1197,1.1263,1.1185,1.1251,103,0,190
2003-05-07T00:00:00Z,1.1255,1.1258,1.1138,1.1176,162,0,190
2003-05-08T00:00:00Z,1.1191,1.1224,1.1116,1.1186,212,0,190
2003-05-11T00:00:00Z,1.1168,1.1209,1.1153,1.1197,84,0,190
2003-05-12T00:00:00Z,1.12,1.1266,1.117,1.125,143,0,190
2003-05-13T00:00:00Z,1.1255,1.127,1.1213,1.1242,102,0,190
2003-05-14T00:00:00Z,1.1241,1.1283,1.1173,1.1219,199,0,190
2003-05-15T00:00:00Z,1.1219999999999999,1.1269,1.1151,1.1244,213,0,190
2003-05-18T00:00:00Z,1.1235,1.1259000000000001,1.1188,1.1211,119,0,190
2003-05-19T00:00:00Z,1.12,1.1269,1.1191,1.1208,149,0,190
2003-05-20T00:00:00Z,1.1209,1.129,1.1196,1.1278,120,0,190
2003-05-21T00:00:00Z,1.1280000000000001,1.1343,1.1229,1.1285,224,0,190
2003-05-22T00:00:00Z,1.1289,1.1322,1.1243,1.1293,155,0,190
2003-05-25T00:00:00Z,1.1271,1.1316,1.1232,1.1274,166,0,190
2003-05-26T00:00:00Z,1.1275,1.1307,1.1249,1.1271,113,0,190
2003-05-27T00:00:00Z,1.1269,1.1346,1.1248,1.1268,196,0,190
2003-05-28T00:00:00Z,1.1267,1.1323,1.1235,1.1264,174,0,190
2003-05-29T00:00:00Z,1.1280999999999999,1.1362,1.1253,1.1336,164,0,190
2003-06-01T00:00:00Z,1.1311,1.1356,1.1265,1.1342,152,0,190
2003-06-02T00:00:00Z,1.1345,1.1439,1.1297,1.1394,236,0,190
2003-06-03T00:00:00Z,1.1389,1.1481,1.1372,1.141,198,0,190
2003-06-04T00:00:00Z,1.1418,1.1544,1.137,1.1485,282,0,190
2003-06-05T00:00:00Z,1.1489,1.1583,1.137,1.1395,333,0,190
2003-06-08T00:00:00Z,1.1424,1.1495,1.138,1.1477,178,0,190
2003-06-09T00:00:00Z,1.148,1.1486,1.1386,1.1447,168,0,190
2003-06-10T00:00:00Z,1.1456,1.1506,1.1399,1.1471,200,0,190
2003-06-11T00:00:00Z,1.148,1.1524,1.1437,1.1493,162,0,190
2003-06-12T00:00:00Z,1.1489,1.1536,1.1453,1.1521,135,0,190
2003-06-15T00:00:00Z,1.1504,1.1506,1.1433,1.146,103,0,190
2003-06-16T00:00:00Z,1.1461000000000001,1.1507,1.143,1.145,144,0,190
2003-06-17T00:00:00Z,1.1457,1.153,1.1425,1.151,158,0,190
2003-06-18T00:00:00Z,1.1525,1.1525,1.1429,1.1504,172,0,190
2003-06-19T00:00:00Z,1.1516,1.1526,1.1386,1.1453,218,0,190
2003-06-22T00:00:00Z,1.1447,1.145,1.1296,1.1313,175,0,190
2003-06-23T00:00:00Z,1.1318,1.1409,1.1298,1.1312,217,0,190
2003-06-24T00:00:00Z,1.1323,1.1482,1.1303,1.1409,273,0,190
2003-06-25T00:00:00Z,1.1405,1.1492,1.1403,1.1461000000000001,123,0,190
2003-06-26T00:00:00Z,1.1478,1.1493,1.1407,1.1466,161,0,190
2003-06-29T00:00:00Z,1.1439,1.1482999999999999,1.138,1.1465,181,0,190
2003-06-30T00:00:00Z,1.1464,1.1493,1.1352,1.1399,218,0,190
2003-07-01T00:00:00Z,1.1393,1.1478,1.1355,1.1443,197,0,190
2003-07-02T00:00:00Z,1.1443,1.1489,1.1404,1.1428,156,0,190
2003-07-03T00:00:00Z,1.1427,1.1485,1.1404,1.148,110,0,190
2003-07-06T00:00:00Z,1.1421999999999999,1.1443,1.1268,1.1294,223,0,190
2003-07-07T00:00:00Z,1.1296,1.141,1.1112,1.1203,504,0,190
2003-07-08T00:00:00Z,1.1199,1.1231,1.1121,1.1178,200,0,190
2003-07-09T00:00:00Z,1.1178,1.127,1.1029,1.1175,480,0,190
2003-07-10T00:00:00Z,1.1174,1.1231,1.1108,1.1144,217,0,190
2003-07-13T00:00:00Z,1.1143,1.1202,1.1109,1.1197,133,0,190
2003-07-14T00:00:00Z,1.1199,1.1289,1.1166,1.1197,245,0,190
2003-07-15T00:00:00Z,1.1193,1.1263,1.1179999999999999,1.1235,125,0,190
2003-07-16T00:00:00Z,1.1237,1.1271,1.1179000000000001,1.1213,161,0,190
2003-07-17T00:00:00Z,1.1219,1.1403,1.1186,1.1248,406,0,190
2003-07-20T00:00:00Z,1.1278,1.1343,1.1276,1.1320999999999999,92,0,190
2003-07-21T00:00:00Z,1.1329,1.1353,1.1267,1.1308,152,0,190
2003-07-22T00:00:00Z,1.1308,1.1373,1.1256,1.1364,179,0,190
2003-07-23T00:00:00Z,1.1352,1.1368,1.1299,1.1344,131,0,190
2003-07-24T00:00:00Z,1.1341,1.1434,1.1246,1.1291,327,0,190
2003-07-27T00:00:00Z,1.1318,1.1326,1.126,1.1289,104,0,190
2003-07-28T00:00:00Z,1.1288,1.1325,1.1176,1.1280999999999999,292,0,190
2003-07-29T00:00:00Z,1.1283,1.1309,1.1163,1.1201,211,0,190
2003-07-30T00:00:00Z,1.1201,1.1239,1.1132,1.1157,171,0,190
2003-07-31T00:00:00Z,1.1143,1.1228,1.112,1.1145,215,0,190
2003-08-03T00:00:00Z,1.1158,1.1198,1.107,1.1165,250,0,190
2003-08-04T00:00:00Z,1.1173,1.1193,1.1077,1.112,180,0,190
2003-08-05T00:00:00Z,1.1122,1.1208,1.1087,1.1186,179,0,190
2003-08-06T00:00:00Z,1.1187,1.126,1.1139000000000001,1.1226,204,0,190
2003-08-07T00:00:00Z,1.1228,1.124,1.1128,1.1216,213,0,190
2003-08-10T00:00:00Z,1.1222,1.1235,1.1136,1.12,177,0,190
2003-08-11T00:00:00Z,1.1201,1.1236,1.1167,1.1186,124,0,190
2003-08-12T00:00:00Z,1.1179000000000001,1.1275,1.1137,1.1181,275,0,190
2003-08-13T00:00:00Z,1.1181,1.1224,1.1147,1.1178,152,0,190
2003-08-14T00:00:00Z,1.1182,1.12,1.1146,1.1183,108,0,190
2003-08-17T00:00:00Z,1.1184,1.1235,1.1164,1.1224,103,0,190
2003-08-18T00:00:00Z,1.1225,1.1284,1.1184,1.1223,199,0,190
2003-08-19T00:00:00Z,1.1223,1.1242,1.115,1.1213,175,0,190
2003-08-20T00:00:00Z,1.1216,1.1241,1.1122,1.1167,190,0,190
2003-08-21T00:00:00Z,1.1166,1.1205,1.1115,1.1142,157,0,190
2003-08-24T00:00:00Z,1.1153,1.1199,1.1131,1.1173,117,0,190
2003-08-25T00:00:00Z,1.1173,1.1257,1.1158,1.1219,153,0,190
2003-08-26T00:00:00Z,1.1218,1.1245,1.116,1.1228,161,0,190
2003-08-27T00:00:00Z,1.1226,1.1292,1.116,1.1171,210,0,190
2003-08-28T00:00:00Z,1.1172,1.1232,1.117,1.1198,99,0,190
2003-08-31T00:00:00Z,1.1217,1.1224,1.1153,1.1185,111,0,190
2003-09-01T00:00:00Z,1.1183,1.1302,1.117,1.1265,183,0,190
2003-09-02T00:00:00Z,1.1259000000000001,1.1309,1.1233,1.1244,138,0,190
2003-09-03T00:00:00Z,1.1243,1.1304,1.1204,1.1249,195,0,190
2003-09-04T00:00:00Z,1.1251,1.142,1.1207,1.1232,408,0,190
2003-09-07T00:00:00Z,1.1239,1.1318,1.1203,1.1247,223,0,190
2003-09-08T00:00:00Z,1.1249,1.1288,1.1223,1.1274,106,0,190
2003-09-09T00:00:00Z,1.1293,1.1314,1.124,1.1289,145,0,190
2003-09-10T00:00:00Z,1.1288,1.1341,1.1271,1.1316,113,0,190
2003-09-11T00:00:00Z,1.1316,1.1398,1.1272,1.1378,191,0,190
2003-09-14T00:00:00Z,1.1357,1.1391,1.1320999999999999,1.1333,117,0,190
2003-09-15T00:00:00Z,1.1333,1.1354,1.1303,1.1334,102,0,190
2003-09-16T00:00:00Z,1.1325,1.1467,1.1306,1.1392,256,0,190
2003-09-17T00:00:00Z,1.139,1.1429,1.1354,1.1394,147,0,190
2003-09-18T00:00:00Z,1.1394,1.1417,1.1346,1.1354,103,0,190
2003-09-21T00:00:00Z,1.1358,1.1453,1.1348,1.1377,192,0,190
2003-09-22T00:00:00Z,1.1376,1.1435,1.1348,1.1384,167,0,190
2003-09-23T00:00:00Z,1.141,1.142,1.1360999999999999,1.1388,97,0,190
2003-09-24T00:00:00Z,1.1407,1.1456,1.1362,1.1416,180,0,190
2003-09-25T00:00:00Z,1.141,1.1499,1.1354,1.1482,219,0,190
2003-09-28T00:00:00Z,1.1451,1.1487,1.1377,1.1407,177,0,190
2003-09-29T00:00:00Z,1.1409,1.1497,1.1374,1.1432,224,0,190
2003-09-30T00:00:00Z,1.1427,1.149,1.1388,1.1447,185,0,190
2003-10-01T00:00:00Z,1.1446,1.1466,1.1388,1.1442,153,0,190
2003-10-02T00:00:00Z,1.144,1.1499,1.1401,1.1457,180,0,190
2003-10-05T00:00:00Z,1.1435,1.1539,1.1398,1.1515,203,0,190
2003-10-06T00:00:00Z,1.1513,1.1574,1.1482999999999999,1.1541,155,0,190
2003-10-07T00:00:00Z,1.1543,1.1587,1.1498,1.1537,173,0,190
2003-10-08T00:00:00Z,1.154,1.1573,1.1481,1.1519,164,0,190
2003-10-09T00:00:00Z,1.1507,1.1559,1.1474,1.1539,139,0,190
2003-10-12T00:00:00Z,1.1526,1.1606,1.1507,1.1548,177,0,190
2003-10-13T00:00:00Z,1.1551,1.1587,1.151,1.1565,141,0,190
2003-10-14T00:00:00Z,1.1565,1.1627,1.1541,1.1578,160,0,190
2003-10-15T00:00:00Z,1.1598,1.1634,1.1489,1.1575,268,0,190
2003-10-16T00:00:00Z,1.1574,1.1634,1.1564,1.1602000000000001,113,0,190
2003-10-19T00:00:00Z,1.1618,1.166,1.1588,1.1613,140,0,190
2003-10-20T00:00:00Z,1.1616,1.1661,1.1564,1.1595,174,0,190
2003-10-21T00:00:00Z,1.1595,1.1659,1.1567,1.1627,153,0,190
2003-10-22T00:00:00Z,1.1652,1.1676,1.144,1.1494,315,0,190
2003-10-23T00:00:00Z,1.1494,1.1536,1.1449,1.1482999999999999,164,0,190
2003-10-26T00:00:00Z,1.1504,1.158,1.1491,1.1513,170,0,190
2003-10-27T00:00:00Z,1.1511,1.158,1.1494,1.152,164,0,190
2003-10-28T00:00:00Z,1.1518,1.1544,1.1467,1.1493,130,0,190
2003-10-29T00:00:00Z,1.1492,1.1568,1.1477,1.1541,134,0,190
2003-10-30T00:00:00Z,1.154,1.16,1.1495,1.1542,209,0,190
2003-11-02T00:00:00Z,1.1531,1.1566,1.1431,1.1494,234,0,190
2003-11-03T00:00:00Z,1.1493,1.1517,1.1449,1.1467,111,0,190
2003-11-04T00:00:00Z,1.1469,1.1585,1.1465,1.1513,197,0,190
2003-11-05T00:00:00Z,1.1516,1.1574,1.1479,1.1522000000000001,185,0,190
2003-11-06T00:00:00Z,1.152,1.1556,1.1474,1.1509,154,0,190
2003-11-09T00:00:00Z,1.1504,1.155,1.1484,1.1489,118,0,190
2003-11-10T00:00:00Z,1.1486,1.1547,1.1394,1.143,251,0,190
2003-11-11T00:00:00Z,1.1427,1.1475,1.1391,1.1444,152,0,190
2003-11-12T00:00:00Z,1.1444,1.146,1.1402,1.1432,105,0,190
2003-11-13T00:00:00Z,1.1433,1.1454,1.1387,1.1409,111,0,190
2003-11-16T00:00:00Z,1.1409,1.1415,1.1313,1.1367,163,0,190
2003-11-17T00:00:00Z,1.1369,1.1400000000000001,1.1337,1.1360000000000001,118,0,190
2003-11-18T00:00:00Z,1.1358,1.1446,1.1284,1.1317,284,0,190
2003-11-19T00:00:00Z,1.1320999999999999,1.1360000000000001,1.1191,1.1272,290,0,190
2003-11-20T00:00:00Z,1.1272,1.1322,1.1228,1.1261,178,0,190
2003-11-23T00:00:00Z,1.1280999999999999,1.1315,1.1176,1.1287,273,0,190
2003-11-24T00:00:00Z,1.1288,1.1349,1.1243,1.1283,208,0,190
2003-11-25T00:00:00Z,1.1277,1.1397,1.1252,1.1275,289,0,190
2003-11-26T00:00:00Z,1.1274,1.1353,1.1255,1.1286,185,0,190
2003-11-27T00:00:00Z,1.1286,1.1501000000000001,1.1239,1.1320000000000001,491,0,190
2003-11-30T00:00:00Z,1.1296,1.1404,1.1269,1.1305,262,0,190
2003-12-01T00:00:00Z,1.1309,1.1400000000000001,1.1279,1.1308,242,0,190
2003-12-02T00:00:00Z,1.1306,1.1499,1.1299,1.1412,295,0,190
2003-12-03T00:00:00Z,1.1409,1.1547,1.1349,1.1398,386,0,190
2003-12-04T00:00:00Z,1.1395,1.1481,1.1301,1.1426,330,0,190
2003-12-07T00:00:00Z,1.1436,1.1488,1.1399,1.1438,177,0,190
2003-12-08T00:00:00Z,1.1438,1.1481,1.1413,1.1423,122,0,190
2003-12-09T00:00:00Z,1.1424,1.1451,1.1384,1.1423,134,0,190
2003-12-10T00:00:00Z,1.1426,1.1442,1.1372,1.1432,135,0,190
2003-12-11T00:00:00Z,1.1433,1.148,1.1389,1.1469,147,0,190
2003-12-14T00:00:00Z,1.1459,1.1477,1.1406,1.1468,134,0,190
2003-12-15T00:00:00Z,1.1467,1.1498,1.1409,1.1423,135,0,190
2003-12-16T00:00:00Z,1.1423,1.1464,1.1401,1.1434,116,0,190
2003-12-17T00:00:00Z,1.1433,1.1517,1.1360999999999999,1.143,310,0,190
2003-12-18T00:00:00Z,1.1435,1.1469,1.1400000000000001,1.1418,122,0,190
2003-12-21T00:00:00Z,1.1456,1.1478,1.1387,1.1435,162,0,190
2003-12-22T00:00:00Z,1.1432,1.1491,1.1423,1.147,99,0,190
2003-12-23T00:00:00Z,1.1471,1.1519,1.1449,1.1465,135,0,190
2003-12-24T00:00:00Z,1.148,1.1517,1.1438,1.1463,142,0,190
2003-12-25T00:00:00Z,1.1468,1.158,1.1436,1.149,267,0,190
2003-12-28T00:00:00Z,1.1458,1.1475,1.1403,1.142,107,0,190
2003-12-29T00:00:00Z,1.1426,1.1466,1.1413,1.1445,88,0,190
2003-12-30T00:00:00Z,1.1447,1.1549,1.1408,1.1487,243,0,190
2003-12-31T00:00:00Z,1.1459,1.154,1.1418,1.1498,206,0,180
2004-01-01T00:00:00Z,1.1467,1.1533,1.1453,1.1507,121,0,180
2004-01-04T00:00:00Z,1.1498,1.1548,1.1417,1.1454,219,0,180
2004-01-05T00:00:00Z,1.1456,1.1484,1.1425,1.1459,116,0,180
2004-01-06T00:00:00Z,1.1461000000000001,1.1486,1.1421000000000001,1.1446,116,0,180
2004-01-07T00:00:00Z,1.1444,1.1484,1.1421000000000001,1.1446,125,0,180
2004-01-08T00:00:00Z,1.1446,1.1482999999999999,1.1362,1.139,187,0,180
2004-01-11T00:00:00Z,1.1393,1.1432,1.1377,1.1404,100,0,180
2004-01-12T00:00:00Z,1.1405,1.1447,1.1338,1.1404,218,0,180
2004-01-13T00:00:00Z,1.1407,1.143,1.1347,1.1385,145,0,180
2004-01-14T00:00:00Z,1.1384,1.1484,1.1320000000000001,1.1473,240,0,180
2004-01-15T00:00:00Z,1.1481,1.1525,1.1444,1.1477,159,0,180
2004-01-18T00:00:00Z,1.1501000000000001,1.1561,1.1464,1.151,186,0,180
2004-01-19T00:00:00Z,1.151,1.1565,1.1482,1.1521,156,0,180
2004-01-20T00:00:00Z,1.1522999999999999,1.156,1.1469,1.1511,171,0,180
2004-01-21T00:00:00Z,1.1509,1.1558,1.1469,1.1497,167,0,180
2004-01-22T00:00:00Z,1.1495,1.1522999999999999,1.145,1.1475,127,0,180
2004-01-25T00:00:00Z,1.1489,1.1508,1.1473,1.1495,65,0,180
2004-01-26T00:00:00Z,1.1498,1.1519,1.1408,1.1489,214,0,180
2004-01-27T00:00:00Z,1.1479,1.1537,1.1395,1.1407,213,0,180
2004-01-28T00:00:00Z,1.1396,1.1505,1.1343,1.1362,291,0,180
2004-01-29T00:00:00Z,1.1355,1.1436,1.1329,1.1338,198,0,180
2004-02-01T00:00:00Z,1.1341,1.1564,1.1212,1.1263,627,0,180
2004-02-02T00:00:00Z,1.1254,1.1299,1.1217,1.1241,152,0,180
2004-02-03T00:00:00Z,1.1243,1.1282,1.1131,1.1183,243,0,180
2004-02-04T00:00:00Z,1.1177,1.1299,1.1078999999999999,1.1099,363,0,180
2004-02-05T00:00:00Z,1.1092,1.1148,1.1085,1.1092,127,0,180
2004-02-08T00:00:00Z,1.1125,1.1204,1.1099,1.1154,182,0,180
2004-02-09T00:00:00Z,1.1154,1.1235,1.1136,1.117,183,0,180
2004-02-10T00:00:00Z,1.1176,1.1258,1.1166,1.1254,107,0,180
2004-02-11T00:00:00Z,1.1252,1.1315,1.1234,1.1298,117,0,180
2004-02-12T00:00:00Z,1.1298,1.1354,1.1226,1.1280000000000001,239,0,180
2004-02-15T00:00:00Z,1.1261,1.1275,1.1189,1.1219999999999999,132,0,180
2004-02-16T00:00:00Z,1.1219,1.1280000000000001,1.1183,1.1252,162,0,180
2004-02-17T00:00:00Z,1.1255,1.13,1.1241,1.1274,100,0,180
2004-02-18T00:00:00Z,1.1269,1.13,1.1251,1.1277,91,0,180
2004-02-19T00:00:00Z,1.1275,1.1355,1.1177,1.1276,356,0,180
2004-02-22T00:00:00Z,1.1292,1.1332,1.1264,1.1316,113,0,180
2004-02-23T00:00:00Z,1.1312,1.1348,1.1268,1.1292,141,0,180
2004-02-24T00:00:00Z,1.1293,1.1309,1.1202,1.1224,146,0,180
2004-02-25T00:00:00Z,1.1222,1.1247,1.1167,1.1231,152,0,180
2004-02-26T00:00:00Z,1.1229,1.1280000000000001,1.1208,1.1258,116,0,180
2004-02-29T00:00:00Z,1.1254,1.1271,1.117,1.1209,158,0,180
2004-03-01T00:00:00Z,1.1211,1.1231,1.1156,1.1221,141,0,180
2004-03-02T00:00:00Z,1.1219999999999999,1.1266,1.1145,1.1189,212,0,180
2004-03-03T00:00:00Z,1.1184,1.1269,1.1152,1.1251,168,0,180
2004-03-04T00:00:00Z,1.1247,1.1299,1.1196,1.1255,199,0,180
2004-03-07T00:00:00Z,1.1255,1.1274,1.1196,1.1208,110,0,180
2004-03-08T00:00:00Z,1.1205,1.1247,1.1162,1.1192,158,0,180
2004-03-09T00:00:00Z,1.1192,1.1395,1.1188,1.1329,278,0,180
2004-03-10T00:00:00Z,1.1329,1.1461000000000001,1.1289,1.1389,285,0,180
2004-03-11T00:00:00Z,1.1388,1.1465,1.1314,1.139,301,0,180
2004-03-14T00:00:00Z,1.1386,1.1459,1.1311,1.1408,275,0,180
2004-03-15T00:00:00Z,1.1414,1.1426,1.1358,1.1405,128,0,180
2004-03-16T00:00:00Z,1.1409,1.1434,1.1354,1.1384,136,0,180
2004-03-17T00:00:00Z,1.1383,1.1449,1.135,1.1385,197,0,180
2004-03-18T00:00:00Z,1.1383,1.1439,1.1383,1.1408,88,0,180
2004-03-21T00:00:00Z,1.1415,1.1486,1.134,1.1392,270,0,180
2004-03-22T00:00:00Z,1.1392,1.1419,1.1363,1.1383,104,0,180
2004-03-23T00:00:00Z,1.1387,1.1482,1.1384,1.143,154,0,180
2004-03-24T00:00:00Z,1.143,1.1469,1.1394,1.1432,149,0,180
2004-03-25T00:00:00Z,1.1432,1.1511,1.1429,1.1447,150,0,180
2004-03-28T00:00:00Z,1.1474,1.1551,1.1429,1.1484,235,0,180
2004-03-29T00:00:00Z,1.1484,1.1504,1.1428,1.1465,134,0,180
2004-03-30T00:00:00Z,1.1467,1.1496,1.1404,1.1469,183,0,180
2004-03-31T00:00:00Z,1.147,1.15,1.1447,1.1482,95,0,180
2004-04-01T00:00:00Z,1.149,1.1535,1.1455,1.1506,145,0,180
2004-04-04T00:00:00Z,1.1497,1.1628,1.1481,1.1582,210,0,180
2004-04-05T00:00:00Z,1.1582,1.1651,1.154,1.1617,188,0,180
2004-04-06T00:00:00Z,1.1625,1.1631,1.1565,1.1602999999999999,111,0,180
2004-04-07T00:00:00Z,1.1602999999999999,1.1617,1.154,1.1557,109,0,180
2004-04-08T00:00:00Z,1.1575,1.1607,1.1533,1.156,134,0,180
2004-04-11T00:00:00Z,1.156,1.1594,1.1533,1.1559,122,0,180
2004-04-12T00:00:00Z,1.1547,1.1607,1.1532,1.1558,140,0,180
2004-04-13T00:00:00Z,1.1553,1.1615,1.1522999999999999,1.1566,172,0,180
2004-04-14T00:00:00Z,1.1567,1.1657,1.1552,1.1599,179,0,180
2004-04-15T00:00:00Z,1.1604,1.1657,1.1568,1.1632,151,0,180
2004-04-18T00:00:00Z,1.1625,1.1657,1.1565,1.1585,145,0,180
2004-04-19T00:00:00Z,1.1583,1.1655,1.1565,1.1654,110,0,180
2004-04-20T00:00:00Z,1.1658,1.1792,1.1632,1.1763,216,0,180
2004-04-21T00:00:00Z,1.1743000000000001,1.1767,1.1658,1.1685,161,0,180
2004-04-22T00:00:00Z,1.169,1.1724,1.1611,1.1666,203,0,180
2004-04-25T00:00:00Z,1.1659,1.1688,1.1631,1.1653,109,0,180
2004-04-26T00:00:00Z,1.1655,1.1682,1.1632,1.1647,93,0,180
2004-04-27T00:00:00Z,1.1641,1.1687,1.159,1.159,144,0,180
2004-04-28T00:00:00Z,1.1605,1.164,1.1559,1.1577,135,0,180
2004-04-29T00:00:00Z,1.1569,1.1611,1.1502,1.1527,177,0,180
2004-05-02T00:00:00Z,1.1533,1.1545,1.1484,1.1512,102,0,180
2004-05-03T00:00:00Z,1.1531,1.1568,1.1499,1.1531,139,0,180
2004-05-04T00:00:00Z,1.1536,1.1562999999999999,1.1489,1.1522000000000001,135,0,180
2004-05-05T00:00:00Z,1.1507,1.1543,1.1439,1.1451,153,0,180
2004-05-06T00:00:00Z,1.1439,1.1503,1.1348,1.1379,251,0,180
2004-05-09T00:00:00Z,1.1381000000000001,1.1502,1.1344,1.1455,243,0,180
2004-05-10T00:00:00Z,1.1453,1.1528,1.1438,1.1501000000000001,133,0,180
2004-05-11T00:00:00Z,1.1506,1.1509,1.1384,1.1402,147,0,180
2004-05-12T00:00:00Z,1.1396,1.1499,1.1369,1.1481,176,0,180
2004-05-13T00:00:00Z,1.1476,1.1509,1.1408,1.144,167,0,180
2004-05-16T00:00:00Z,1.1429,1.151,1.1395,1.1476,184,0,180
2004-05-17T00:00:00Z,1.1473,1.1535,1.1381999999999999,1.1466,300,0,180
2004-05-18T00:00:00Z,1.1475,1.1504,1.1443,1.1458,106,0,180
2004-05-19T00:00:00Z,1.1457,1.15,1.1433,1.1457,135,0,180
2004-05-20T00:00:00Z,1.1459,1.1492,1.143,1.1477,107,0,180
2004-05-23T00:00:00Z,1.1463,1.1492,1.1439,1.147,100,0,180
2004-05-24T00:00:00Z,1.1469,1.1492,1.1427,1.1461000000000001,123,0,180
2004-05-25T00:00:00Z,1.1469,1.1486,1.1363,1.1389,167,0,180
2004-05-26T00:00:00Z,1.1389,1.141,1.1273,1.1301,187,0,180
2004-05-27T00:00:00Z,1.1301,1.1376,1.1293,1.1294,160,0,180
2004-05-30T00:00:00Z,1.1314,1.1359,1.1267,1.1316,183,0,180
2004-05-31T00:00:00Z,1.1302,1.1322,1.1228,1.1258,145,0,180
2004-06-01T00:00:00Z,1.1257,1.1275,1.1162,1.1191,161,0,180
2004-06-02T00:00:00Z,1.1202,1.1218,1.1085,1.1148,213,0,180
2004-06-03T00:00:00Z,1.1147,1.1206,1.1086,1.1188,200,0,180
2004-06-06T00:00:00Z,1.1189,1.1202,1.1144,1.1152,80,0,180
2004-06-07T00:00:00Z,1.1156,1.12,1.1133,1.1165,126,0,180
2004-06-08T00:00:00Z,1.1166,1.1219,1.1134,1.1164,169,0,180
2004-06-09T00:00:00Z,1.1163,1.1173,1.0969,1.1005,251,0,180
2004-06-10T00:00:00Z,1.1007,1.1043,1.0976,1.0993,121,0,180
2004-06-13T00:00:00Z,1.1021,1.1056,1.097,1.1009,161,0,180
2004-06-14T00:00:00Z,1.1006,1.1026,1.0924,1.0932,131,0,180
2004-06-15T00:00:00Z,1.0929,1.0985,1.091,1.0958,122,0,180
2004-06-16T00:00:00Z,1.0954,1.1001,1.0895,1.0967,200,0,180
2004-06-17T00:00:00Z,1.097,1.1023,1.0901,1.0986,229,0,180
2004-06-20T00:00:00Z,1.0989,1.104,1.0961,1.0985,155,0,180
2004-06-21T00:00:00Z,1.0981,1.1016,1.0926,1.0951,151,0,180
2004-06-22T00:00:00Z,1.095,1.1035,1.093,1.1019,142,0,180
2004-06-23T00:00:00Z,1.102,1.1068,1.0965,1.1021,206,0,180
2004-06-24T00:00:00Z,1.1026,1.1044,1.0953,1.1019,176,0,180
2004-06-27T00:00:00Z,1.1,1.1004,1.0902,1.0911,116,0,180
2004-06-28T00:00:00Z,1.0902,1.096,1.0899,1.0946,79,0,180
2004-06-29T00:00:00Z,1.0932,1.1012,1.0932,1.0991,102,0,180
2004-06-30T00:00:00Z,1.0992,1.1032,1.0944,1.1003,166,0,180
2004-07-01T00:00:00Z,1.1001,1.1047,1.0969,1.1016,142,0,180
2004-07-04T00:00:00Z,1.1066,1.1066,1.098,1.0996,103,0,180
2004-07-05T00:00:00Z,1.0998,1.1028,1.0953,1.0982,135,0,180
2004-07-06T00:00:00Z,1.0982,1.1023,1.0953,1.1015,108,0,180
2004-07-07T00:00:00Z,1.1016,1.1021,1.0961,1.0974,79,0,180
2004-07-08T00:00:00Z,1.0963,1.1037,1.0963,1.0993,119,0,180
2004-07-11T00:00:00Z,1.1005,1.1051,1.0991,1.1006,120,0,180
2004-07-12T00:00:00Z,1.1007,1.1051,1.0996,1.1035,83,0,180
2004-07-13T00:00:00Z,1.1027,1.1112,1.1005,1.1095,147,0,180
2004-07-14T00:00:00Z,1.1087,1.1144,1.1076,1.1107,117,0,180
2004-07-15T00:00:00Z,1.1113,1.1151,1.1073,1.1111,155,0,180
2004-07-18T00:00:00Z,1.1102,1.1175,1.1087,1.1165,114,0,180
2004-07-19T00:00:00Z,1.1167,1.1216,1.1103,1.1122,182,0,180
2004-07-20T00:00:00Z,1.1131,1.1201,1.1086,1.1164,198,0,180
2004-07-21T00:00:00Z,1.117,1.1196,1.1121,1.1135,116,0,180
2004-07-22T00:00:00Z,1.1139000000000001,1.1181,1.1106,1.1167,123,0,180
2004-07-25T00:00:00Z,1.1168,1.1178,1.1103,1.1155,138,0,180
2004-07-26T00:00:00Z,1.1143,1.1188,1.1122,1.1148,128,0,180
2004-07-27T00:00:00Z,1.119,1.119,1.1091,1.1127,136,0,180
2004-07-28T00:00:00Z,1.1124,1.1126,1.0998,1.1038000000000001,171,0,180
2004-07-29T00:00:00Z,1.1035,1.1072,1.1012,1.1033,119,0,180
2004-08-01T00:00:00Z,1.1037,1.1064,1.0964,1.099,154,0,180
2004-08-02T00:00:00Z,1.0994,1.1012,1.0918,1.0932,127,0,180
2004-08-03T00:00:00Z,1.0933,1.0955,1.0889,1.0911,111,0,180
2004-08-04T00:00:00Z,1.0917,1.0939,1.0895,1.0929,77,0,180
2004-08-05T00:00:00Z,1.093,1.0986,1.0872,1.094,219,0,180
2004-08-08T00:00:00Z,1.0939,1.0979,1.0905,1.0959,129,0,180
2004-08-09T00:00:00Z,1.0954,1.0969,1.0915,1.0935,90,0,180
2004-08-10T00:00:00Z,1.0925,1.0977,1.0884,1.0918,180,0,180
2004-08-11T00:00:00Z,1.0916,1.0929,1.0819,1.0854,159,0,180
2004-08-12T00:00:00Z,1.0851,1.087,1.0753,1.0759,143,0,180
2004-08-15T00:00:00Z,1.0772,1.0828,1.0761,1.0803,104,0,180
2004-08-16T00:00:00Z,1.08,1.082,1.0744,1.0779,132,0,180
2004-08-17T00:00:00Z,1.0779,1.0793,1.0744,1.0779,99,0,180
2004-08-18T00:00:00Z,1.0777,1.0844,1.0762,1.0788,154,0,180
2004-08-19T00:00:00Z,1.0802,1.0818,1.0746,1.077,113,0,180
2004-08-22T00:00:00Z,1.0764,1.0794,1.0735999999999999,1.0782,99,0,180
2004-08-23T00:00:00Z,1.0781,1.089,1.0747,1.0877,191,0,180
2004-08-24T00:00:00Z,1.0877,1.0906,1.0818,1.0862,162,0,180
2004-08-25T00:00:00Z,1.0863,1.088,1.0794,1.0801,111,0,180
2004-08-26T00:00:00Z,1.0801,1.082,1.0727,1.0759,145,0,180
2004-08-29T00:00:00Z,1.0737,1.0785,1.0714,1.0758,122,0,180
2004-08-30T00:00:00Z,1.0759,1.0778,1.0716,1.0745,111,0,180
2004-08-31T00:00:00Z,1.0745,1.0768,1.0681,1.0729,159,0,180
2004-09-01T00:00:00Z,1.0725,1.0758,1.0698,1.0753,93,0,180
2004-09-02T00:00:00Z,1.0752,1.0785,1.0641,1.0702,239,0,180
2004-09-05T00:00:00Z,1.0702,1.0702,1.0645,1.0662,75,0,180
2004-09-06T00:00:00Z,1.0661,1.074,1.0642,1.073,128,0,180
2004-09-07T00:00:00Z,1.0731,1.0757,1.0678,1.0724,152,0,180
2004-09-08T00:00:00Z,1.0726,1.0727,1.053,1.0549,218,0,180
2004-09-09T00:00:00Z,1.0548,1.0637,1.0532,1.0623,136,0,180
2004-09-12T00:00:00Z,1.0632,1.0635,1.0585,1.0599,68,0,180
2004-09-13T00:00:00Z,1.0601,1.0623,1.0574,1.0603,97,0,180
2004-09-14T00:00:00Z,1.0603,1.0613,1.0554,1.0586,102,0,180
2004-09-15T00:00:00Z,1.0586,1.0623,1.0566,1.0584,113,0,180
2004-09-16T00:00:00Z,1.0584,1.0598,1.0554,1.0569,74,0,180
2004-09-19T00:00:00Z,1.0571,1.0614,1.0566,1.0602,66,0,180
2004-09-20T00:00:00Z,1.0603,1.0628,1.0581,1.06,92,0,180
2004-09-21T00:00:00Z,1.0599,1.068,1.0591,1.0664,114,0,180
2004-09-22T00:00:00Z,1.0662,1.0728,1.065,1.0709,110,0,180
2004-09-23T00:00:00Z,1.0699,1.0721,1.0674,1.0689,85,0,180
2004-09-26T00:00:00Z,1.0697,1.0729,1.0665,1.0722,104,0,180
2004-09-27T00:00:00Z,1.0721,1.0745,1.0694,1.0723,101,0,180
2004-09-28T00:00:00Z,1.0722,1.0734,1.0675,1.0695999999999999,93,0,180
2004-09-29T00:00:00Z,1.0703,1.0746,1.0674,1.0737,111,0,180
2004-09-30T00:00:00Z,1.0737,1.0792,1.0692,1.0761,177,0,180
2004-10-03T00:00:00Z,1.0767,1.0795,1.0738,1.0779,103,0,180
2004-10-04T00:00:00Z,1.0779,1.0798,1.0719,1.0745,125,0,180
2004-10-05T00:00:00Z,1.0742,1.0766,1.0704,1.0719,102,0,180
2004-10-06T00:00:00Z,1.0721,1.0772,1.0698,1.0757,113,0,180
2004-10-07T00:00:00Z,1.076,1.0778,1.0718,1.0735,96,0,180
2004-10-10T00:00:00Z,1.076,1.0794,1.074,1.0757,106,0,180
2004-10-11T00:00:00Z,1.0754,1.0779,1.0731,1.0765,86,0,180
2004-10-12T00:00:00Z,1.0764,1.0786,1.0719,1.0727,98,0,180
2004-10-13T00:00:00Z,1.0728,1.0748,1.0681,1.0706,113,0,180
2004-10-14T00:00:00Z,1.0702,1.0711,1.062,1.065,131,0,180
2004-10-17T00:00:00Z,1.0664,1.0664,1.058,1.0594999999999999,100,0,180
2004-10-18T00:00:00Z,1.0591,1.0646,1.0575,1.0609,125,0,180
2004-10-19T00:00:00Z,1.0606,1.0653,1.0594999999999999,1.0638,85,0,180
2004-10-20T00:00:00Z,1.0641,1.0664,1.0623,1.0637,79,0,180
2004-10-21T00:00:00Z,1.064,1.0679,1.0619,1.0636,117,0,180
2004-10-24T00:00:00Z,1.064,1.0675,1.0618,1.0662,93,0,180
2004-10-25T00:00:00Z,1.0662,1.0715,1.066,1.0707,66,0,180
2004-10-26T00:00:00Z,1.0708,1.0859,1.0693,1.0839,202,0,180
2004-10-27T00:00:00Z,1.0843,1.0937000000000001,1.0822,1.0931,143,0,180
2004-10-28T00:00:00Z,1.0924,1.0954,1.0892,1.0952,97,0,180
2004-10-31T00:00:00Z,1.0949,1.0949,1.0891,1.0923,91,0,180
2004-11-01T00:00:00Z,1.0924,1.0929,1.0863,1.0902,111,0,180
2004-11-02T00:00:00Z,1.0903,1.0986,1.0884,1.0946,162,0,180
2004-11-03T00:00:00Z,1.0952,1.1012,1.0941,1.0966,129,0,180
2004-11-04T00:00:00Z,1.0974,1.1019,1.0937999999999999,1.0981,156,0,180
2004-11-07T00:00:00Z,1.0941,1.0992,1.0906,1.0959,155,0,180
2004-11-08T00:00:00Z,1.0957,1.1047,1.0919,1.1034,180,0,180
2004-11-09T00:00:00Z,1.1036,1.1143,1.1019,1.1094,191,0,180
2004-11-10T00:00:00Z,1.1093,1.1146,1.1065,1.1117,139,0,180
2004-11-11T00:00:00Z,1.1116,1.1117,1.1023,1.1089,162,0,180
2004-11-14T00:00:00Z,1.1081,1.1092,1.1005,1.1033,127,0,180
2004-11-15T00:00:00Z,1.1034,1.1051,1.1,1.1047,90,0,180
2004-11-16T00:00:00Z,1.1045,1.1067,1.1009,1.1046,116,0,180
2004-11-17T00:00:00Z,1.1044,1.1057,1.0982,1.1013,120,0,180
2004-11-18T00:00:00Z,1.1013,1.1071,1.0995,1.106,106,0,180
2004-11-21T00:00:00Z,1.1041,1.1057,1.1011,1.1023,75,0,180
2004-11-22T00:00:00Z,1.1025,1.1059,1.1007,1.1025,105,0,180
2004-11-23T00:00:00Z,1.1023,1.11,1.1011,1.1078000000000001,124,0,180
2004-11-24T00:00:00Z,1.1082,1.1084,1.1029,1.1057,86,0,180
2004-11-25T00:00:00Z,1.1055,1.1067,1.0986,1.1043,151,0,180
2004-11-28T00:00:00Z,1.1009,1.1037,1.0932,1.0937000000000001,139,0,180
2004-11-29T00:00:00Z,1.0936,1.0947,1.0777,1.0823,228,0,180
2004-11-30T00:00:00Z,1.0829,1.0835,1.0786,1.0816,86,0,180
2004-12-01T00:00:00Z,1.0822,1.0849,1.079,1.0817,114,0,180
2004-12-02T00:00:00Z,1.0819,1.0861,1.0775,1.0849,143,0,180
2004-12-05T00:00:00Z,1.0835,1.0835,1.0716,1.0748,152,0,180
2004-12-06T00:00:00Z,1.0749,1.0805,1.0728,1.0803,101,0,180
2004-12-07T00:00:00Z,1.0802,1.0815,1.0568,1.0571,264,0,180
2004-12-08T00:00:00Z,1.0578,1.0669,1.0568,1.0637,144,0,180
2004-12-09T00:00:00Z,1.0636,1.0699,1.0626,1.0675,108,0,180
2004-12-12T00:00:00Z,1.0626,1.0702,1.0626,1.068,99,0,180
2004-12-13T00:00:00Z,1.0681,1.0719,1.0653,1.0664,116,0,180
2004-12-14T00:00:00Z,1.0662,1.0674,1.062,1.0637,84,0,180
2004-12-15T00:00:00Z,1.0635,1.0679,1.0599,1.0679,117,0,180
2004-12-16T00:00:00Z,1.0655000000000001,1.0704,1.062,1.0691,133,0,180
2004-12-19T00:00:00Z,1.0695999999999999,1.0709,1.0632,1.0709,142,0,180
2004-12-20T00:00:00Z,1.0703,1.0798,1.0697,1.0763,143,0,180
2004-12-21T00:00:00Z,1.0765,1.0786,1.0711,1.0742,128,0,180
2004-12-22T00:00:00Z,1.0741,1.0766,1.0715,1.0753,91,0,180
2004-12-23T00:00:00Z,1.0755,1.0762,1.0704,1.0729,91,0,180
2004-12-26T00:00:00Z,1.0731,1.0795,1.071,1.0758,144,0,180
2004-12-27T00:00:00Z,1.0761,1.0824,1.0739,1.08,132,0,180
2004-12-28T00:00:00Z,1.0805,1.0903,1.078,1.0838,214,0,180
2004-12-29T00:00:00Z,1.0843,1.0872,1.0825,1.0854,84,0,180
2004-12-30T00:00:00Z,1.0858,1.0918,1.0802,1.0863,228,0,180
2005-01-02T00:00:00Z,1.0874,1.0922,1.0833,1.0901,152,0,150
2005-01-03T00:00:00Z,1.0901,1.0925,1.0844,1.0889,151,0,150
2005-01-04T00:00:00Z,1.0894,1.0958,1.0871,1.0936,133,0,150
2005-01-05T00:00:00Z,1.0941,1.0942,1.0882,1.0904,84,0,150
2005-01-06T00:00:00Z,1.0902,1.092,1.0845,1.09,149,0,150
2005-01-09T00:00:00Z,1.0891,1.0952,1.0883,1.0919,111,0,150
2005-01-10T00:00:00Z,1.0922,1.0945,1.0894,1.0924,101,0,150
2005-01-11T00:00:00Z,1.092,1.0933,1.0839,1.0852,121,0,150
2005-01-12T00:00:00Z,1.0857,1.0911,1.0833,1.0866,148,0,150
2005-01-13T00:00:00Z,1.0868,1.0888,1.0836999999999999,1.0854,89,0,150
2005-01-16T00:00:00Z,1.0855,1.0903,1.0835,1.0886,106,0,150
2005-01-17T00:00:00Z,1.0888,1.09,1.0836,1.0851,92,0,150
2005-01-18T00:00:00Z,1.0853,1.0861,1.0804,1.084,102,0,150
2005-01-19T00:00:00Z,1.0842,1.0848,1.0744,1.0747,114,0,150
2005-01-20T00:00:00Z,1.0749,1.0814,1.0708,1.0768,194,0,150
2005-01-23T00:00:00Z,1.0779,1.0802,1.0751,1.0782,100,0,150
2005-01-24T00:00:00Z,1.0783,1.0823,1.0754,1.0777,133,0,150
2005-01-25T00:00:00Z,1.0775,1.0845,1.0756000000000001,1.0823,131,0,150
2005-01-26T00:00:00Z,1.0823,1.0877,1.0804,1.0864,106,0,150
2005-01-27T00:00:00Z,1.0862,1.0899,1.083,1.0878,123,0,150
2005-01-30T00:00:00Z,1.0858,1.0926,1.0853,1.0918,87,0,150
2005-01-31T00:00:00Z,1.0919,1.0926,1.0838,1.0872,130,0,150
2005-02-01T00:00:00Z,1.0873,1.0911,1.0847,1.0898,104,0,150
2005-02-02T00:00:00Z,1.09,1.0902,1.0833,1.0857,96,0,150
2005-02-03T00:00:00Z,1.0858,1.0864,1.08,1.0845,116,0,150
2005-02-06T00:00:00Z,1.0845,1.0976,1.0796000000000001,1.0965,241,0,150
2005-02-07T00:00:00Z,1.0963,1.0985,1.0915,1.0953,131,0,150
2005-02-08T00:00:00Z,1.0961,1.0975,1.0928,1.0951,85,0,150
2005-02-09T00:00:00Z,1.0955,1.1052,1.0934,1.1005,187,0,150
2005-02-10T00:00:00Z,1.1009,1.1032,1.0972,1.1012,118,0,150
2005-02-13T00:00:00Z,1.1012,1.1042,1.0977,1.1031,112,0,150
2005-02-14T00:00:00Z,1.1032,1.1032,1.0964,1.1002,107,0,150
2005-02-15T00:00:00Z,1.1005,1.1013,1.0937000000000001,1.0994,142,0,150
2005-02-16T00:00:00Z,1.1005,1.1005,1.094,1.098,106,0,150
2005-02-17T00:00:00Z,1.0983,1.099,1.0868,1.0902,164,0,150
2005-02-20T00:00:00Z,1.091,1.0919,1.0845,1.0886,125,0,150
2005-02-21T00:00:00Z,1.0889,1.092,1.0852,1.0907,119,0,150
2005-02-22T00:00:00Z,1.0906,1.0925,1.0852,1.0895,136,0,150
2005-02-23T00:00:00Z,1.0895,1.0921,1.0863,1.0911,101,0,150
2005-02-24T00:00:00Z,1.0915,1.0915,1.0851,1.0893,107,0,150
2005-02-27T00:00:00Z,1.0903,1.0924,1.0862,1.0898,120,0,150
2005-02-28T00:00:00Z,1.0899,1.0911,1.0783,1.0824,182,0,150
2005-03-01T00:00:00Z,1.0823,1.0849,1.0748,1.0776,156,0,150
2005-03-02T00:00:00Z,1.0776,1.0792,1.0738,1.077,103,0,150
2005-03-03T00:00:00Z,1.077,1.0808,1.0747,1.079,103,0,150
2005-03-06T00:00:00Z,1.0772,1.0788,1.0744,1.078,81,0,150
2005-03-07T00:00:00Z,1.0778,1.0802,1.0754,1.0789,86,0,150
2005-03-08T00:00:00Z,1.079,1.0832,1.0697,1.0738,219,0,150
2005-03-09T00:00:00Z,1.0735999999999999,1.0761,1.0679,1.0721,150,0,150
2005-03-10T00:00:00Z,1.0722,1.0746,1.0695000000000001,1.0721,102,0,150
2005-03-13T00:00:00Z,1.0721,1.0725,1.0657,1.0673,89,0,150
2005-03-14T00:00:00Z,1.0695000000000001,1.07,1.0657,1.0678,70,0,150
2005-03-15T00:00:00Z,1.0678,1.069,1.0652,1.0668,67,0,150
2005-03-16T00:00:00Z,1.0666,1.0689,1.065,1.068,65,0,150
2005-03-17T00:00:00Z,1.0678,1.0711,1.0656,1.0676,109,0,150
2005-03-20T00:00:00Z,1.0684,1.0695000000000001,1.0644,1.0669,88,0,150
2005-03-21T00:00:00Z,1.0674,1.0725,1.0662,1.0706,95,0,150
2005-03-22T00:00:00Z,1.0702,1.0785,1.0677,1.0755,164,0,150
2005-03-23T00:00:00Z,1.0759,1.0843,1.0735,1.083,146,0,150
2005-03-24T00:00:00Z,1.0818,1.0845,1.0786,1.0804,105,0,150
2005-03-27T00:00:00Z,1.0813,1.0883,1.0807,1.0866,100,0,150
2005-03-28T00:00:00Z,1.0866,1.0908,1.0834,1.0859,142,0,150
2005-03-29T00:00:00Z,1.0865,1.0897000000000001,1.0846,1.0885,83,0,150
2005-03-30T00:00:00Z,1.0885,1.0902,1.0839,1.0859,101,0,150
2005-03-31T00:00:00Z,1.0861,1.0894,1.0833,1.0884,100,0,150
2005-04-03T00:00:00Z,1.0871,1.0893,1.0836,1.0849,93,0,150
2005-04-04T00:00:00Z,1.0838,1.0879,1.0824,1.0843,106,0,150
2005-04-05T00:00:00Z,1.084,1.0852,1.073,1.0739,144,0,150
2005-04-06T00:00:00Z,1.0742,1.0776,1.0723,1.0765,84,0,150
2005-04-07T00:00:00Z,1.0767,1.0794,1.0744,1.0776,92,0,150
2005-04-10T00:00:00Z,1.0772,1.0778,1.073,1.0752,77,0,150
2005-04-11T00:00:00Z,1.0752,1.0772,1.0725,1.075,93,0,150
2005-04-12T00:00:00Z,1.0745,1.0765,1.0727,1.0745,77,0,150
2005-04-13T00:00:00Z,1.0746,1.0755,1.0667,1.0675,106,0,150
2005-04-14T00:00:00Z,1.0678,1.0769,1.0669,1.0732,147,0,150
2005-04-17T00:00:00Z,1.0735999999999999,1.0754,1.0686,1.0694,95,0,150
2005-04-18T00:00:00Z,1.0691,1.0714,1.0643,1.0648,100,0,150
2005-04-19T00:00:00Z,1.0658,1.0681,1.0639,1.0658,85,0,150
2005-04-20T00:00:00Z,1.0652,1.0674,1.0638,1.066,65,0,150
2005-04-21T00:00:00Z,1.0664,1.0695000000000001,1.0643,1.0672,97,0,150
2005-04-24T00:00:00Z,1.0673,1.0719,1.065,1.0709,103,0,150
2005-04-25T00:00:00Z,1.0713,1.0764,1.0693,1.0745,111,0,150
2005-04-26T00:00:00Z,1.0749,1.0787,1.0735999999999999,1.0779,73,0,150
2005-04-27T00:00:00Z,1.078,1.078,1.068,1.0693,114,0,150
2005-04-28T00:00:00Z,1.0689,1.0709,1.0658,1.0682,96,0,150
2005-05-01T00:00:00Z,1.0686,1.0708,1.0662,1.0674,81,0,150
2005-05-02T00:00:00Z,1.0678,1.0691,1.0649,1.0655000000000001,62,0,150
2005-05-03T00:00:00Z,1.0655000000000001,1.0666,1.0619,1.0639,79,0,150
2005-05-04T00:00:00Z,1.0638,1.0652,1.0602,1.0613,76,0,150
2005-05-05T00:00:00Z,1.0614,1.0635,1.0573,1.0576,87,0,150
2005-05-08T00:00:00Z,1.0576,1.0596,1.0568,1.0582,51,0,150
2005-05-09T00:00:00Z,1.0582,1.0645,1.0572,1.0605,124,0,150
2005-05-10T00:00:00Z,1.0609,1.0636,1.0593,1.0614,82,0,150
2005-05-11T00:00:00Z,1.0615,1.0694,1.0562,1.0655000000000001,225,0,150
2005-05-12T00:00:00Z,1.0646,1.0707,1.0646,1.0699,70,0,150
2005-05-15T00:00:00Z,1.0699,1.0718,1.0677,1.0709,73,0,150
2005-05-16T00:00:00Z,1.0709,1.0712,1.0661,1.0689,83,0,150
2005-05-17T00:00:00Z,1.0688,1.0698,1.0652,1.0657,62,0,150
2005-05-18T00:00:00Z,1.0655000000000001,1.0679,1.0637,1.0658,82,0,150
2005-05-19T00:00:00Z,1.066,1.0705,1.0641,1.0663,126,0,150
2005-05-22T00:00:00Z,1.0664,1.0709,1.0659,1.0684,81,0,150
2005-05-23T00:00:00Z,1.0684,1.0708,1.0669,1.0694,69,0,150
2005-05-24T00:00:00Z,1.0691,1.0698,1.0657,1.0681,73,0,150
2005-05-25T00:00:00Z,1.0677,1.0703,1.0652,1.0691,89,0,150
2005-05-26T00:00:00Z,1.0691,1.0705,1.0651,1.0666,84,0,150
2005-05-29T00:00:00Z,1.0664,1.0703,1.0663,1.0681,64,0,150
2005-05-30T00:00:00Z,1.0684,1.0746,1.067,1.0723,114,0,150
2005-05-31T00:00:00Z,1.0726,1.0755,1.0697,1.0747,96,0,150
2005-06-01T00:00:00Z,1.0749,1.0779,1.0734,1.0766,74,0,150
2005-06-02T00:00:00Z,1.0766,1.0826,1.0741,1.0805,132,0,150
2005-06-05T00:00:00Z,1.0804,1.0821,1.0775,1.0793,82,0,150
2005-06-06T00:00:00Z,1.0792,1.0815,1.0735999999999999,1.0763,130,0,150
2005-06-07T00:00:00Z,1.0762,1.0771,1.0719,1.0756000000000001,99,0,150
2005-06-08T00:00:00Z,1.0758,1.0787,1.0715,1.0778,125,0,150
2005-06-09T00:00:00Z,1.0782,1.0808,1.0733,1.0786,147,0,150
2005-06-12T00:00:00Z,1.0785,1.0821,1.0758,1.0791,121,0,150
2005-06-13T00:00:00Z,1.0794,1.0814,1.0779,1.0791,68,0,150
2005-06-14T00:00:00Z,1.079,1.0807,1.076,1.0787,92,0,150
2005-06-15T00:00:00Z,1.0787,1.0818,1.0772,1.0814,66,0,150
2005-06-16T00:00:00Z,1.0815,1.0881,1.0811,1.0848,108,0,150
2005-06-19T00:00:00Z,1.0846,1.0863,1.0813,1.0854,93,0,150
2005-06-20T00:00:00Z,1.0852,1.0885,1.0823,1.088,97,0,150
2005-06-21T00:00:00Z,1.0874,1.0888,1.0852,1.0855,54,0,150
2005-06-22T00:00:00Z,1.0854,1.0941,1.0852,1.0924,109,0,150
2005-06-23T00:00:00Z,1.092,1.0955,1.0877,1.0908,145,0,150
2005-06-26T00:00:00Z,1.0906,1.0906,1.0835,1.0857,94,0,150
2005-06-27T00:00:00Z,1.0857,1.0932,1.0851,1.0888,132,0,150
2005-06-28T00:00:00Z,1.0883,1.0917,1.0862,1.089,104,0,150
2005-06-29T00:00:00Z,1.0886,1.0966,1.0869,1.0934,147,0,150
2005-06-30T00:00:00Z,1.0934,1.1033,1.093,1.0991,150,0,150
2005-07-03T00:00:00Z,1.0993,1.1062,1.0979,1.1024,136,0,150
2005-07-04T00:00:00Z,1.1025,1.107,1.0947,1.0962,184,0,150
2005-07-05T00:00:00Z,1.0961,1.1013,1.0946,1.0981,115,0,150
2005-07-06T00:00:00Z,1.0986,1.1047,1.0937999999999999,1.0985,218,0,150
2005-07-07T00:00:00Z,1.0986,1.1044,1.0973,1.1019,110,0,150
2005-07-10T00:00:00Z,1.1007,1.104,1.0986,1.1018,98,0,150
2005-07-11T00:00:00Z,1.1015,1.1049,1.0993,1.1038000000000001,90,0,150
2005-07-12T00:00:00Z,1.1037,1.1153,1.1019,1.1143,163,0,150
2005-07-13T00:00:00Z,1.1139000000000001,1.1149,1.1097,1.1134,100,0,150
2005-07-14T00:00:00Z,1.1138,1.1146,1.1076,1.1116,119,0,150
2005-07-17T00:00:00Z,1.1122,1.1138,1.1065,1.1121,146,0,150
2005-07-18T00:00:00Z,1.1123,1.1147,1.1098,1.113,92,0,150
2005-07-19T00:00:00Z,1.1129,1.1198,1.111,1.115,156,0,150
2005-07-20T00:00:00Z,1.1147,1.1181,1.1131,1.1158,90,0,150
2005-07-21T00:00:00Z,1.1159,1.1188,1.1127,1.1136,100,0,150
2005-07-24T00:00:00Z,1.1136,1.1174,1.1118,1.1141,108,0,150
2005-07-25T00:00:00Z,1.1141,1.1149,1.109,1.1114,92,0,150
2005-07-26T00:00:00Z,1.1104,1.1143,1.1082,1.1122,105,0,150
2005-07-27T00:00:00Z,1.1123,1.115,1.1096,1.1116,102,0,150
2005-07-28T00:00:00Z,1.1118999999999999,1.1144,1.1098,1.1117,91,0,150
2005-07-31T00:00:00Z,1.1118,1.1147,1.1096,1.1137,84,0,150
2005-08-01T00:00:00Z,1.1136,1.1145,1.1108,1.1136,75,0,150
2005-08-02T00:00:00Z,1.1134,1.1174,1.1118,1.1157,90,0,150
2005-08-03T00:00:00Z,1.1154,1.1197,1.1147,1.1179999999999999,75,0,150
2005-08-04T00:00:00Z,1.1182,1.1191,1.1115,1.1134,105,0,150
2005-08-07T00:00:00Z,1.1123,1.1147,1.1026,1.1038000000000001,158,0,150
2005-08-08T00:00:00Z,1.1031,1.1053,1.0983,1.0997,107,0,150
2005-08-09T00:00:00Z,1.0999,1.1021,1.0976,1.1006,84,0,150
2005-08-10T00:00:00Z,1.0998,1.1011,1.0951,1.0973,96,0,150
2005-08-11T00:00:00Z,1.0973,1.098,1.0902,1.0912,96,0,150
2005-08-14T00:00:00Z,1.0911,1.0937000000000001,1.0869,1.0896,122,0,150
2005-08-15T00:00:00Z,1.0892,1.0942,1.0869,1.0925,114,0,150
2005-08-16T00:00:00Z,1.0926,1.0934,1.0844,1.0854,109,0,150
2005-08-17T00:00:00Z,1.0857,1.0866,1.0814,1.0818,66,0,150
2005-08-18T00:00:00Z,1.0819,1.085,1.0778,1.0823,141,0,150
2005-08-21T00:00:00Z,1.0823,1.0871,1.082,1.0844,82,0,150
2005-08-22T00:00:00Z,1.0844,1.0857,1.0814,1.0818,61,0,150
2005-08-23T00:00:00Z,1.0821,1.0856,1.0804,1.0829,97,0,150
2005-08-24T00:00:00Z,1.0833,1.09,1.0821,1.0885,107,0,150
2005-08-25T00:00:00Z,1.0887,1.0896,1.0853,1.0878,78,0,150
2005-08-28T00:00:00Z,1.0868,1.0889,1.0832,1.0856,103,0,150
2005-08-29T00:00:00Z,1.0859,1.0891,1.0812,1.0858,158,0,150
2005-08-30T00:00:00Z,1.0859,1.088,1.0829,1.0848,92,0,150
2005-08-31T00:00:00Z,1.0848,1.0877,1.0796000000000001,1.0806,121,0,150
2005-09-01T00:00:00Z,1.0808,1.0866,1.0798,1.0829,116,0,150
2005-09-04T00:00:00Z,1.0829,1.0852,1.0801,1.0833,99,0,150
2005-09-05T00:00:00Z,1.0825,1.0852,1.0802,1.083,96,0,150
2005-09-06T00:00:00Z,1.0832,1.0906,1.0824,1.0881,116,0,150
2005-09-07T00:00:00Z,1.087,1.0967,1.087,1.0959,106,0,150
2005-09-08T00:00:00Z,1.0958,1.0968,1.0919,1.0953,94,0,150
2005-09-11T00:00:00Z,1.0937000000000001,1.0959,1.0921,1.094,74,0,150
2005-09-12T00:00:00Z,1.0943,1.0958,1.0921,1.0947,71,0,150
2005-09-13T00:00:00Z,1.0946,1.0955,1.0872,1.0881,102,0,150
2005-09-14T00:00:00Z,1.0884,1.0894,1.0861,1.0861,44,0,150
2005-09-15T00:00:00Z,1.0865,1.0909,1.0855,1.0893,81,0,150
2005-09-18T00:00:00Z,1.0869,1.0961,1.0865,1.0944,118,0,150
2005-09-19T00:00:00Z,1.0941,1.0985,1.0937999999999999,1.0983,53,0,150
2005-09-20T00:00:00Z,1.0991,1.104,1.0972,1.1036,92,0,150
2005-09-21T00:00:00Z,1.1041,1.1041,1.0976,1.1003,93,0,150
2005-09-22T00:00:00Z,1.1003,1.1047,1.0969,1.1006,154,0,150
2005-09-25T00:00:00Z,1.1042,1.1066,1.1008,1.1031,106,0,150
2005-09-26T00:00:00Z,1.1033,1.1117,1.1017,1.1112,122,0,150
2005-09-27T00:00:00Z,1.1107,1.1118999999999999,1.1038000000000001,1.1042,98,0,150
2005-09-28T00:00:00Z,1.1041,1.1054,1.0969,1.0999,129,0,150
2005-09-29T00:00:00Z,1.0998,1.1029,1.0977999999999999,1.1022,79,0,150
2005-10-02T00:00:00Z,1.1024,1.1041,1.0986,1.1037,98,0,150
2005-10-03T00:00:00Z,1.1035,1.1044,1.0962,1.0966,96,0,150
2005-10-04T00:00:00Z,1.0966,1.0966,1.0881,1.0909,114,0,150
2005-10-05T00:00:00Z,1.0906,1.0914,1.0838,1.0871,118,0,150
2005-10-06T00:00:00Z,1.0861,1.0896,1.0844,1.0877,89,0,150
2005-10-09T00:00:00Z,1.088,1.0896,1.0855,1.087,73,0,150
2005-10-10T00:00:00Z,1.0859,1.0885,1.0832,1.0874,92,0,150
2005-10-11T00:00:00Z,1.0875,1.0881,1.0809,1.0832,102,0,150
2005-10-12T00:00:00Z,1.0829,1.0854,1.0794,1.0834,116,0,150
2005-10-13T00:00:00Z,1.0833,1.0871,1.0786,1.0801,139,0,150
2005-10-16T00:00:00Z,1.0802,1.0826,1.075,1.0765,116,0,150
2005-10-17T00:00:00Z,1.0769,1.0774,1.0718,1.076,104,0,150
2005-10-18T00:00:00Z,1.0762,1.0765,1.0723,1.0737,60,0,150
2005-10-19T00:00:00Z,1.0739,1.0764,1.0725,1.0734,74,0,150
2005-10-20T00:00:00Z,1.0737,1.0741,1.0676,1.0699,93,0,150
2005-10-23T00:00:00Z,1.0701,1.0709,1.0653,1.0679,91,0,150
2005-10-24T00:00:00Z,1.068,1.0738,1.0652,1.0733,120,0,150
2005-10-25T00:00:00Z,1.0734,1.077,1.0697,1.0756000000000001,125,0,150
2005-10-26T00:00:00Z,1.0757,1.0765,1.0701,1.0708,80,0,150
2005-10-27T00:00:00Z,1.0708,1.0726,1.0648,1.0653,102,0,150
2005-10-30T00:00:00Z,1.0664,1.0694,1.0647,1.0686,73,0,150
2005-10-31T00:00:00Z,1.0686,1.0691,1.0648,1.0668,69,0,150
2005-11-01T00:00:00Z,1.067,1.0727,1.0636,1.0727,126,0,150
2005-11-02T00:00:00Z,1.0725,1.0753,1.0681,1.0733,137,0,150
2005-11-03T00:00:00Z,1.0738,1.0751,1.0698,1.0729,98,0,150
2005-11-06T00:00:00Z,1.0727,1.0811,1.0713,1.0784,140,0,150
2005-11-07T00:00:00Z,1.0785,1.0815,1.0747,1.075,102,0,150
2005-11-08T00:00:00Z,1.0749,1.0776,1.0718,1.0727,95,0,150
2005-11-09T00:00:00Z,1.0726,1.0732,1.0626,1.065,137,0,150
2005-11-10T00:00:00Z,1.0649,1.0677,1.0628,1.0662,86,0,150
2005-11-13T00:00:00Z,1.066,1.0717,1.066,1.0704,71,0,150
2005-11-14T00:00:00Z,1.071,1.0729,1.0651,1.0698,145,0,150
2005-11-15T00:00:00Z,1.0703,1.0709,1.0658,1.0681,81,0,150
2005-11-16T00:00:00Z,1.0682,1.0698,1.0657,1.0666,67,0,150
2005-11-17T00:00:00Z,1.0664,1.0693,1.0642,1.0669,98,0,150
2005-11-20T00:00:00Z,1.0676,1.0705,1.0647,1.0685,108,0,150
2005-11-21T00:00:00Z,1.0684,1.0705,1.0655000000000001,1.0661,78,0,150
2005-11-22T00:00:00Z,1.0658,1.0673,1.0625,1.0628,67,0,150
2005-11-23T00:00:00Z,1.0627,1.0647,1.0608,1.0625,77,0,150
2005-11-24T00:00:00Z,1.063,1.063,1.0542,1.0553,100,0,150
2005-11-27T00:00:00Z,1.0555,1.0568,1.0516,1.0526,76,0,150
2005-11-28T00:00:00Z,1.0525,1.0557,1.0518,1.0533,71,0,150
2005-11-29T00:00:00Z,1.0531,1.0539,1.0467,1.0498,112,0,150
2005-11-30T00:00:00Z,1.0499,1.0555,1.0478,1.0536,118,0,150
2005-12-01T00:00:00Z,1.0536,1.0543,1.0479,1.0497,90,0,150
2005-12-04T00:00:00Z,1.0485,1.0501,1.0432,1.0463,117,0,150
2005-12-05T00:00:00Z,1.0462,1.0523,1.0442,1.0498,127,0,150
2005-12-06T00:00:00Z,1.0498,1.0676,1.0491,1.0656,213,0,150
2005-12-07T00:00:00Z,1.0654,1.0724,1.0618,1.0686,181,0,150
2005-12-08T00:00:00Z,1.0684,1.0712,1.0659,1.0665,88,0,150
2005-12-11T00:00:00Z,1.0666,1.0674,1.0612,1.0624,83,0,150
2005-12-12T00:00:00Z,1.0624,1.0691,1.0622,1.0684,79,0,150
2005-12-13T00:00:00Z,1.0682,1.0711,1.0643,1.0673,128,0,150
2005-12-14T00:00:00Z,1.0675,1.0819,1.0659,1.079,206,0,150
2005-12-15T00:00:00Z,1.0787,1.085,1.074,1.0766,200,0,150
2005-12-18T00:00:00Z,1.0788,1.082,1.0733,1.0763,150,0,150
2005-12-19T00:00:00Z,1.0766,1.0793,1.0722,1.0779,130,0,150
2005-12-20T00:00:00Z,1.0779,1.0835,1.0745,1.0826,134,0,150
2005-12-21T00:00:00Z,1.0824,1.0894,1.0814,1.0867,118,0,150
2005-12-22T00:00:00Z,1.0869,1.0892,1.0801,1.081,124,0,150
2005-12-25T00:00:00Z,1.0821,1.0847,1.0789,1.0811,107,0,150
2005-12-26T00:00:00Z,1.0816,1.0841,1.0748,1.0782,153,0,150
2005-12-27T00:00:00Z,1.0785,1.0807,1.0674,1.071,192,0,150
2005-12-28T00:00:00Z,1.0714,1.075,1.0688,1.0738,101,0,150
2005-12-29T00:00:00Z,1.0741,1.0792,1.0694,1.0717,173,0,150
2006-01-01T00:00:00Z,1.0725,1.0789,1.0699,1.0755,151,0,140
2006-01-02T00:00:00Z,1.0761,1.084,1.0742,1.0817,141,0,140
2006-01-03T00:00:00Z,1.0819,1.088,1.0803,1.0864,110,0,140
2006-01-04T00:00:00Z,1.0862,1.092,1.0836999999999999,1.0877,152,0,140
2006-01-05T00:00:00Z,1.0875,1.0928,1.0873,1.0909,77,0,140
2006-01-08T00:00:00Z,1.09,1.0916,1.0836999999999999,1.0863,122,0,140
2006-01-09T00:00:00Z,1.0871,1.0872,1.0793,1.0811,99,0,140
2006-01-10T00:00:00Z,1.0813,1.0851,1.0786,1.0829,115,0,140
2006-01-11T00:00:00Z,1.083,1.0844,1.0771,1.0821,138,0,140
2006-01-12T00:00:00Z,1.0825,1.0836999999999999,1.0784,1.081,92,0,140
2006-01-15T00:00:00Z,1.0802,1.0849,1.0786,1.0844,85,0,140
2006-01-16T00:00:00Z,1.0849,1.091,1.0828,1.0891,123,0,140
2006-01-17T00:00:00Z,1.089,1.0921,1.0852,1.0899,130,0,140
2006-01-18T00:00:00Z,1.0896,1.1028,1.0872,1.1002,207,0,140
2006-01-19T00:00:00Z,1.0998,1.1037,1.0959,1.1012,143,0,140
2006-01-22T00:00:00Z,1.1017,1.1041,1.098,1.1008,114,0,140
2006-01-23T00:00:00Z,1.1006,1.1086,1.0999,1.1002,171,0,140
2006-01-24T00:00:00Z,1.1004,1.1034,1.0939,1.0947,134,0,140
2006-01-25T00:00:00Z,1.0951,1.1026,1.0946,1.0982,130,0,140
2006-01-26T00:00:00Z,1.0981,1.1109,1.0975,1.0999,251,0,140
2006-01-29T00:00:00Z,1.1005,1.1019,1.097,1.0987,81,0,140
2006-01-30T00:00:00Z,1.0992,1.1056,1.0973,1.1012,147,0,140
2006-01-31T00:00:00Z,1.1014,1.1029,1.0971,1.1007,110,0,140
2006-02-01T00:00:00Z,1.1005,1.1013,1.0908,1.0916,122,0,140
2006-02-02T00:00:00Z,1.0914,1.0928,1.0872,1.0887,86,0,140
2006-02-05T00:00:00Z,1.0901,1.0944,1.0884,1.0891,111,0,140
2006-02-06T00:00:00Z,1.0889,1.0911,1.086,1.0904,88,0,140
2006-02-07T00:00:00Z,1.0904,1.096,1.0873,1.0954,125,0,140
2006-02-08T00:00:00Z,1.0957,1.0964,1.0893,1.0902,88,0,140
2006-02-09T00:00:00Z,1.0902,1.0912,1.0867,1.0885,74,0,140
2006-02-12T00:00:00Z,1.0866,1.0932,1.0835,1.0925,136,0,140
2006-02-13T00:00:00Z,1.0931,1.0981,1.0916,1.0956,106,0,140
2006-02-14T00:00:00Z,1.0955,1.0968,1.0928,1.0965,71,0,140
2006-02-15T00:00:00Z,1.0966,1.1045,1.0943,1.1031,140,0,140
2006-02-16T00:00:00Z,1.1031,1.1106,1.1023,1.1063,135,0,140
2006-02-19T00:00:00Z,1.1067,1.1092,1.1039,1.1055,95,0,140
2006-02-20T00:00:00Z,1.1056,1.1192,1.1041,1.1153,206,0,140
2006-02-21T00:00:00Z,1.1151,1.1229,1.1148,1.1183,131,0,140
2006-02-22T00:00:00Z,1.1184,1.1212,1.1154,1.1169,102,0,140
2006-02-23T00:00:00Z,1.117,1.1191,1.1137,1.1155,94,0,140
2006-02-26T00:00:00Z,1.1146,1.1242,1.1146,1.1179999999999999,159,0,140
2006-02-27T00:00:00Z,1.1177,1.1228,1.116,1.1215,99,0,140
2006-02-28T00:00:00Z,1.1217,1.1224,1.1174,1.1206,90,0,140
2006-03-01T00:00:00Z,1.1209,1.1223,1.1188,1.1203,65,0,140
2006-03-02T00:00:00Z,1.1201,1.1218,1.1165,1.1197,103,0,140
2006-03-05T00:00:00Z,1.1188,1.1294,1.1177,1.1266,157,0,140
2006-03-06T00:00:00Z,1.1266,1.1360000000000001,1.1255,1.1305,172,0,140
2006-03-07T00:00:00Z,1.1307,1.1323,1.1251,1.1259000000000001,97,0,140
2006-03-08T00:00:00Z,1.1257,1.137,1.1251,1.1363,133,0,140
2006-03-09T00:00:00Z,1.1362,1.1447,1.1349,1.1413,146,0,140
2006-03-12T00:00:00Z,1.1416,1.1524,1.1374,1.152,197,0,140
2006-03-13T00:00:00Z,1.1517,1.1589,1.146,1.1477,219,0,140
2006-03-14T00:00:00Z,1.1479,1.1518,1.1413,1.1429,161,0,140
2006-03-15T00:00:00Z,1.1428,1.1558,1.1424,1.1525,172,0,140
2006-03-16T00:00:00Z,1.1527,1.1587,1.1451,1.1457,203,0,140
2006-03-19T00:00:00Z,1.1464,1.1567,1.1451,1.1529,168,0,140
2006-03-20T00:00:00Z,1.1532,1.1559,1.1482,1.15,123,0,140
2006-03-21T00:00:00Z,1.1496,1.1589,1.1461999999999999,1.1487,246,0,140
2006-03-22T00:00:00Z,1.1485,1.1507,1.1418,1.146,154,0,140
2006-03-23T00:00:00Z,1.1454,1.1662,1.1429,1.1651,270,0,140
2006-03-26T00:00:00Z,1.1651,1.1663999999999999,1.1594,1.1631,121,0,140
2006-03-27T00:00:00Z,1.1638,1.1736,1.1614,1.1677,206,0,140
2006-03-28T00:00:00Z,1.167,1.172,1.1655,1.1674,127,0,140
2006-03-29T00:00:00Z,1.1672,1.172,1.164,1.165,139,0,140
2006-03-30T00:00:00Z,1.1654,1.171,1.1606,1.1638,193,0,140
2006-04-02T00:00:00Z,1.1659,1.1747,1.1601,1.1747,205,0,140
2006-04-03T00:00:00Z,1.1751,1.1894,1.1734,1.1834,238,0,140
2006-04-04T00:00:00Z,1.1829,1.1853,1.1789,1.1818,118,0,140
2006-04-05T00:00:00Z,1.1814,1.1942,1.1809,1.1916,165,0,140
2006-04-06T00:00:00Z,1.1919,1.1952,1.1887,1.194,110,0,140
2006-04-09T00:00:00Z,1.1939,1.2006999999999999,1.1902,1.1955,195,0,140
2006-04-10T00:00:00Z,1.1953,1.2019,1.195,1.1998,94,0,140
2006-04-11T00:00:00Z,1.1998,1.2003,1.1863,1.1883,166,0,140
2006-04-12T00:00:00Z,1.1889,1.1889,1.1673,1.1758,302,0,140
2006-04-13T00:00:00Z,1.176,1.181,1.1746,1.178,109,0,140
2006-04-16T00:00:00Z,1.1795,1.1847,1.1768,1.1822,132,0,140
2006-04-17T00:00:00Z,1.182,1.1838,1.174,1.1782,159,0,140
2006-04-18T00:00:00Z,1.1781,1.1795,1.1697,1.1773,189,0,140
2006-04-19T00:00:00Z,1.1775,1.1799,1.1724,1.1776,150,0,140
2006-04-20T00:00:00Z,1.1773,1.1803,1.1697,1.1752,192,0,140
2006-04-23T00:00:00Z,1.1788,1.1876,1.1726,1.1864,225,0,140
2006-04-24T00:00:00Z,1.1859,1.1957,1.1815,1.1945000000000001,199,0,140
2006-04-25T00:00:00Z,1.1942,1.1945000000000001,1.1822,1.1896,201,0,140
2006-04-26T00:00:00Z,1.1901,1.1973,1.1891,1.1953,113,0,140
2006-04-27T00:00:00Z,1.1949,1.1967,1.1893,1.19,100,0,140
2006-04-30T00:00:00Z,1.1902,1.1951,1.1882,1.1935,106,0,140
2006-05-01T00:00:00Z,1.1933,1.1945999999999999,1.1881,1.1905000000000001,103,0,140
2006-05-02T00:00:00Z,1.1903,1.2055,1.1871,1.1999,273,0,140
2006-05-03T00:00:00Z,1.2,1.2043,1.1993,1.2038,63,0,140
2006-05-04T00:00:00Z,1.2036,1.2076,1.1974,1.2041,200,0,140
2006-05-07T00:00:00Z,1.2046000000000001,1.2182,1.2006000000000001,1.2147999999999999,251,0,140
2006-05-08T00:00:00Z,1.2144,1.2317,1.2129,1.2274,247,0,140
2006-05-09T00:00:00Z,1.2275,1.2428,1.2242,1.2375,273,0,140
2006-05-10T00:00:00Z,1.2371,1.2417,1.2222,1.2306,326,0,140
2006-05-11T00:00:00Z,1.231,1.2404,1.2235,1.2312,337,0,140
2006-05-14T00:00:00Z,1.2281,1.237,1.2244,1.227,242,0,140
2006-05-15T00:00:00Z,1.2279,1.2311,1.2221,1.2233,135,0,140
2006-05-16T00:00:00Z,1.2235,1.2311,1.2199,1.2207,197,0,140
2006-05-17T00:00:00Z,1.221,1.2311,1.216,1.2271,242,0,140
2006-05-18T00:00:00Z,1.2267000000000001,1.2301,1.2169,1.2229,227,0,140
2006-05-21T00:00:00Z,1.2209,1.2248,1.2101,1.2113,199,0,140
2006-05-22T00:00:00Z,1.2113,1.2135,1.2012,1.2032,166,0,140
2006-05-23T00:00:00Z,1.2045,1.2089,1.1847,1.189,330,0,140
2006-05-24T00:00:00Z,1.1894,1.1921,1.1801,1.1872,219,0,140
2006-05-25T00:00:00Z,1.1873,1.1991,1.1864,1.1944,184,0,140
2006-05-28T00:00:00Z,1.1947,1.1991,1.1915,1.1958,142,0,140
2006-05-29T00:00:00Z,1.1954,1.1976,1.189,1.1905000000000001,124,0,140
2006-05-30T00:00:00Z,1.1908,1.1934,1.1796,1.186,229,0,140
2006-05-31T00:00:00Z,1.186,1.1877,1.1806,1.1877,126,0,140
2006-06-01T00:00:00Z,1.1876,1.1974,1.1859,1.193,177,0,140
2006-06-04T00:00:00Z,1.1911,1.1919,1.1822,1.1849,133,0,140
2006-06-05T00:00:00Z,1.1861,1.1869,1.1782,1.1807,121,0,140
2006-06-06T00:00:00Z,1.1804999999999999,1.1886,1.1774,1.1831,199,0,140
2006-06-07T00:00:00Z,1.1818,1.1896,1.1771,1.1858,211,0,140
2006-06-08T00:00:00Z,1.1851,1.1883,1.1799,1.1804999999999999,123,0,140
2006-06-11T00:00:00Z,1.1797,1.1874,1.1797,1.1863,89,0,140
2006-06-12T00:00:00Z,1.1858,1.1947,1.1833,1.1885,202,0,140
2006-06-13T00:00:00Z,1.1883,1.191,1.1809,1.1846,166,0,140
2006-06-14T00:00:00Z,1.1844000000000001,1.1932,1.1826,1.1924,133,0,140
2006-06-15T00:00:00Z,1.192,1.1989,1.1892,1.1959,156,0,140
2006-06-18T00:00:00Z,1.1956,1.1982,1.1939,1.1945999999999999,77,0,140
2006-06-19T00:00:00Z,1.1943,1.1967,1.1871,1.1905999999999999,156,0,140
2006-06-20T00:00:00Z,1.1908,1.1939,1.1869,1.1916,133,0,140
2006-06-21T00:00:00Z,1.1918,1.2056,1.1905000000000001,1.2045,176,0,140
2006-06-22T00:00:00Z,1.2046000000000001,1.2097,1.1974,1.2038,239,0,140
2006-06-25T00:00:00Z,1.204,1.2122,1.2011,1.2107,156,0,140
2006-06-26T00:00:00Z,1.2111,1.2164,1.2075,1.2089,157,0,140
2006-06-27T00:00:00Z,1.209,1.2294,1.2089,1.2221,280,0,140
2006-06-28T00:00:00Z,1.2221,1.229,1.2184,1.2231,203,0,140
2006-06-29T00:00:00Z,1.2232,1.2258,1.2125,1.2212,247,0,140
2006-07-02T00:00:00Z,1.2236,1.2278,1.2179,1.2243,192,0,140
2006-07-03T00:00:00Z,1.2243,1.226,1.2192,1.2195,89,0,140
2006-07-04T00:00:00Z,1.2196,1.2276,1.2182,1.2269,116,0,140
2006-07-05T00:00:00Z,1.2266,1.2361,1.2254,1.2341,140,0,140
2006-07-06T00:00:00Z,1.2341,1.2358,1.2272,1.2296,128,0,140
2006-07-09T00:00:00Z,1.2303,1.2317,1.221,1.2225,137,0,140
2006-07-10T00:00:00Z,1.2225,1.2269,1.2186,1.2201,143,0,140
2006-07-11T00:00:00Z,1.2202,1.2262,1.2176,1.22,171,0,140
2006-07-12T00:00:00Z,1.2199,1.2247,1.2147999999999999,1.2193,193,0,140
2006-07-13T00:00:00Z,1.2194,1.2205,1.2111,1.2147999999999999,143,0,140
2006-07-16T00:00:00Z,1.2146,1.2147000000000001,1.2013,1.2031,154,0,140
2006-07-17T00:00:00Z,1.2028,1.2057,1.1911,1.195,215,0,140
2006-07-18T00:00:00Z,1.1944,1.2036,1.1937,1.2011,132,0,140
2006-07-19T00:00:00Z,1.2013,1.2106,1.199,1.2065,181,0,140
2006-07-20T00:00:00Z,1.2064,1.2089,1.2026,1.2065,126,0,140
2006-07-23T00:00:00Z,1.2053,1.2137,1.2046999999999999,1.2109,125,0,140
2006-07-24T00:00:00Z,1.2109,1.2119,1.2034,1.2091,153,0,140
2006-07-25T00:00:00Z,1.2091,1.2201,1.2035,1.218,244,0,140
2006-07-26T00:00:00Z,1.2179,1.2328000000000001,1.2178,1.2293,187,0,140
2006-07-27T00:00:00Z,1.2293,1.2435,1.228,1.2427,177,0,140
2006-07-30T00:00:00Z,1.2404,1.2439,1.2349,1.2388,165,0,140
2006-07-31T00:00:00Z,1.2388,1.2419,1.2316,1.2343,162,0,140
2006-08-01T00:00:00Z,1.2344,1.2452,1.2265,1.2283,314,0,140
2006-08-02T00:00:00Z,1.2286,1.2307,1.2248999999999999,1.2298,105,0,140
2006-08-03T00:00:00Z,1.2298,1.2322,1.2221,1.2247,152,0,140
2006-08-06T00:00:00Z,1.2227999999999999,1.2269,1.2192,1.2226,153,0,140
2006-08-07T00:00:00Z,1.2227000000000001,1.2238,1.2128,1.2159,153,0,140
2006-08-08T00:00:00Z,1.216,1.2187999999999999,1.2081,1.2155,210,0,140
2006-08-09T00:00:00Z,1.2154,1.2177,1.2082,1.2123,160,0,140
2006-08-10T00:00:00Z,1.2123,1.2153,1.206,1.2097,161,0,140
2006-08-13T00:00:00Z,1.2085,1.2135,1.2024,1.2085,223,0,140
2006-08-14T00:00:00Z,1.2085,1.2089,1.2033,1.2055,83,0,140
2006-08-15T00:00:00Z,1.2057,1.206,1.1943,1.1966,144,0,140
2006-08-16T00:00:00Z,1.1966,1.1993,1.1872,1.1911,188,0,140
2006-08-17T00:00:00Z,1.191,1.194,1.1834,1.1875,178,0,140
2006-08-20T00:00:00Z,1.1874,1.1933,1.1857,1.1921,106,0,140
2006-08-21T00:00:00Z,1.1921,1.1985999999999999,1.1879,1.1967,169,0,140
2006-08-22T00:00:00Z,1.1967,1.1973,1.1905000000000001,1.1924,94,0,140
2006-08-23T00:00:00Z,1.1923,1.2019,1.1914,1.2001,133,0,140
2006-08-24T00:00:00Z,1.2001,1.2018,1.187,1.1892,188,0,140
2006-08-27T00:00:00Z,1.1894,1.1914,1.1877,1.1896,73,0,140
2006-08-28T00:00:00Z,1.1897,1.1925,1.1836,1.1874,156,0,140
2006-08-29T00:00:00Z,1.1873,1.1878,1.1735,1.178,194,0,140
2006-08-30T00:00:00Z,1.178,1.1784,1.1612,1.1638,203,0,140
2006-08-31T00:00:00Z,1.1639,1.1724,1.1627,1.1706,128,0,140
2006-09-03T00:00:00Z,1.1686,1.1859,1.1669,1.1824,243,0,140
2006-09-04T00:00:00Z,1.1819,1.1962,1.1818,1.1949,159,0,140
2006-09-05T00:00:00Z,1.1948,1.1952,1.1793,1.1803,174,0,140
2006-09-06T00:00:00Z,1.1804000000000001,1.1853,1.1695,1.1751,264,0,140
2006-09-07T00:00:00Z,1.1751,1.1874,1.1736,1.1825,203,0,140
2006-09-10T00:00:00Z,1.1832,1.1864,1.1727,1.1749,192,0,140
2006-09-11T00:00:00Z,1.1746,1.1774,1.1694,1.1708,123,0,140
2006-09-12T00:00:00Z,1.171,1.173,1.1622,1.1644,151,0,140
2006-09-13T00:00:00Z,1.1645,1.1647,1.137,1.1411,321,0,140
2006-09-14T00:00:00Z,1.1412,1.1473,1.1319,1.1369,266,0,140
2006-09-17T00:00:00Z,1.1345,1.1381000000000001,1.13,1.1378,130,0,140
2006-09-18T00:00:00Z,1.1378,1.1425,1.135,1.1412,117,0,140
2006-09-19T00:00:00Z,1.1417,1.1493,1.1352,1.1379,245,0,140
2006-09-20T00:00:00Z,1.1378,1.148,1.1349,1.1454,187,0,140
2006-09-21T00:00:00Z,1.1451,1.1485,1.1326,1.1335,203,0,140
2006-09-24T00:00:00Z,1.133,1.1358,1.1224,1.124,179,0,140
2006-09-25T00:00:00Z,1.124,1.1435,1.1217,1.1427,250,0,140
2006-09-26T00:00:00Z,1.1427,1.1464,1.1352,1.1446,206,0,140
2006-09-27T00:00:00Z,1.1445,1.1456,1.1378,1.1386,98,0,140
2006-09-28T00:00:00Z,1.1385,1.1479,1.1353,1.1424,214,0,140
2006-10-01T00:00:00Z,1.1428,1.1477,1.1352,1.1358,181,0,140
2006-10-02T00:00:00Z,1.1351,1.1388,1.1265,1.1299,195,0,140
2006-10-03T00:00:00Z,1.13,1.1328,1.1226,1.1245,150,0,140
2006-10-04T00:00:00Z,1.1245,1.1267,1.1211,1.1236,104,0,140
2006-10-05T00:00:00Z,1.1241,1.1301,1.1217,1.1276,134,0,140
2006-10-08T00:00:00Z,1.1274,1.1368,1.1274,1.1329,134,0,140
2006-10-09T00:00:00Z,1.1329,1.1329,1.1254,1.1292,114,0,140
2006-10-10T00:00:00Z,1.1292,1.1313,1.1243,1.1251,100,0,140
2006-10-11T00:00:00Z,1.1246,1.1406,1.1246,1.1367,200,0,140
2006-10-12T00:00:00Z,1.1415,1.1439,1.1371,1.1425,18509,0,140
2006-10-14T00:00:00Z,1.1423,1.143,1.142,1.1421999999999999,251,0,140
2006-10-15T00:00:00Z,1.1425,1.1464,1.1417,1.1421000000000001,18075,0,140
2006-10-16T00:00:00Z,1.1421000000000001,1.1446,1.1320999999999999,1.138,22146,0,140
2006-10-17T00:00:00Z,1.1379,1.1389,1.1347,1.1372,15057,0,140
2006-10-18T00:00:00Z,1.1374,1.1414,1.134,1.1365,20398,0,140
2006-10-19T00:00:00Z,1.1364,1.1395,1.1338,1.1349,17717,0,140
2006-10-21T00:00:00Z,1.1345,1.1360000000000001,1.1339,1.1347,228,0,140
2006-10-22T00:00:00Z,1.1347,1.1435,1.1343,1.142,16837,0,140
2006-10-23T00:00:00Z,1.1419,1.1499,1.1402,1.1497,18014,0,140
2006-10-24T00:00:00Z,1.1495,1.1627,1.1452,1.1609,27167,0,140
2006-10-25T00:00:00Z,1.1611,1.1663999999999999,1.1582,1.1608,24767,0,140
2006-10-26T00:00:00Z,1.1608,1.1659,1.1584,1.1591,21599,0,140
2006-10-28T00:00:00Z,1.1591,1.1623999999999999,1.1591,1.1621,320,0,140
2006-10-29T00:00:00Z,1.1621,1.1646,1.1539,1.1549,17444,0,140
2006-10-30T00:00:00Z,1.1549,1.1579,1.1507,1.1539,19018,0,140
2006-10-31T00:00:00Z,1.1541,1.1574,1.1476,1.1524,23525,0,140
2006-11-01T00:00:00Z,1.1524,1.1529,1.1465,1.1479,16193,0,140
2006-11-02T00:00:00Z,1.1479,1.1518,1.1444,1.1494,18467,0,140
2006-11-04T00:00:00Z,1.1495,1.15,1.1488,1.1491,699,0,140
2006-11-05T00:00:00Z,1.1492,1.1562000000000001,1.1485,1.1522000000000001,26238,0,140
2006-11-06T00:00:00Z,1.1522000000000001,1.1568,1.1515,1.1538,18413,0,140
2006-11-07T00:00:00Z,1.154,1.1576,1.1478,1.1554,17559,0,140
2006-11-08T00:00:00Z,1.1553,1.1571,1.1505,1.1557,17111,0,140
2006-11-09T00:00:00Z,1.1557,1.1566,1.1507,1.1515,15106,0,140
2006-11-11T00:00:00Z,1.1525,1.1538,1.1517,1.153,691,0,140
2006-11-12T00:00:00Z,1.153,1.1571,1.1499,1.1567,24430,0,140
2006-11-13T00:00:00Z,1.1567,1.1622,1.1539,1.1558,22737,0,140
2006-11-14T00:00:00Z,1.1558,1.1613,1.154,1.1602000000000001,17599,0,140
2006-11-15T00:00:00Z,1.1602000000000001,1.1616,1.1516,1.1537,22615,0,140
2006-11-16T00:00:00Z,1.1537,1.1587,1.1521,1.1562000000000001,23965,0,140
2006-11-18T00:00:00Z,1.1567,1.1571,1.1555,1.1562000000000001,890,0,140
2006-11-19T00:00:00Z,1.1564,1.1571,1.1493,1.1501000000000001,20348,0,140
2006-11-20T00:00:00Z,1.1502,1.1534,1.1457,1.151,18152,0,140
2006-11-21T00:00:00Z,1.1509,1.1574,1.1504,1.1557,18054,0,140
2006-11-22T00:00:00Z,1.1556,1.1588,1.1527,1.1574,14361,0,140
2006-11-23T00:00:00Z,1.1574,1.1628,1.1524,1.1587,17226,0,140
2006-11-25T00:00:00Z,1.1614,1.1623999999999999,1.1602999999999999,1.1605,1598,0,140
2006-11-26T00:00:00Z,1.1606,1.1652,1.1568,1.1634,23343,0,140
2006-11-27T00:00:00Z,1.1634,1.1641,1.1494,1.153,21717,0,140
2006-11-28T00:00:00Z,1.153,1.1564,1.1524,1.1553,20518,0,140
2006-11-29T00:00:00Z,1.1552,1.1582,1.1511,1.1536,19307,0,140
2006-11-30T00:00:00Z,1.1535,1.1578,1.1453,1.1461999999999999,21504,0,140
2006-12-02T00:00:00Z,1.148,1.1497,1.148,1.1494,830,0,140
2006-12-03T00:00:00Z,1.1496,1.1498,1.1416,1.1442,27364,0,140
2006-12-04T00:00:00Z,1.1443,1.1484,1.1423,1.1446,21126,0,140
2006-12-05T00:00:00Z,1.1446,1.153,1.1419,1.1438,23346,0,140
2006-12-06T00:00:00Z,1.1439,1.1493,1.1419,1.1458,29109,0,140
2006-12-07T00:00:00Z,1.1458,1.1482999999999999,1.1379,1.1436,23880,0,140
2006-12-09T00:00:00Z,1.1442,1.1466,1.1441,1.1463,984,0,140
2006-12-10T00:00:00Z,1.1461000000000001,1.1463,1.1378,1.1402,29894,0,140
2006-12-11T00:00:00Z,1.1401,1.1417,1.1352,1.1373,19333,0,140
2006-12-12T00:00:00Z,1.1371,1.1421000000000001,1.1329,1.133,5452,0,140
2006-12-13T00:00:00Z,1.1331,1.1415,1.1316,1.137,6904,0,140
2006-12-14T00:00:00Z,1.137,1.1384,1.1311,1.1329,5880,0,140
2006-12-17T00:00:00Z,1.1323,1.1353,1.1280999999999999,1.1299,5440,0,140
2006-12-18T00:00:00Z,1.13,1.1313,1.1252,1.1264,5885,0,140
2006-12-19T00:00:00Z,1.1265,1.1334,1.121,1.1305,6996,0,140
2006-12-20T00:00:00Z,1.1303,1.1335,1.1244,1.125,5911,0,140
2006-12-21T00:00:00Z,1.1252,1.127,1.1162,1.1179999999999999,5054,0,140
2006-12-24T00:00:00Z,1.1205,1.1211,1.1198,1.1198,25,0,140
2006-12-25T00:00:00Z,1.1191,1.1195,1.1139000000000001,1.1159,1436,0,140
2006-12-26T00:00:00Z,1.116,1.1215,1.1132,1.1174,4287,0,140
2006-12-27T00:00:00Z,1.1173,1.1229,1.1159,1.1195,4872,0,140
2006-12-28T00:00:00Z,1.1197,1.1231,1.1152,1.1197,4180,0,140
2007-04-30T00:00:00Z,1.1196,1.1201,1.1191,1.1193,140,0,1
2007-05-01T00:00:00Z,1.1192,1.1209,1.1152,1.1166,6703,0,1
2007-05-02T00:00:00Z,1.1167,1.1191,1.1145,1.1173,8142,0,1
2007-05-03T00:00:00Z,1.1172,1.1201,1.114,1.1178,5180,0,1
2007-05-04T00:00:00Z,1.1179000000000001,1.1191,1.1122,1.1148,5622,0,1
2007-05-06T00:00:00Z,1.115,1.1167,1.1138,1.116,249,0,1
2007-05-07T00:00:00Z,1.1159,1.1194,1.1156,1.1186,5148,0,1
2007-05-08T00:00:00Z,1.1187,1.1259000000000001,1.1178,1.1251,6880,0,1
2007-05-09T00:00:00Z,1.125,1.1295,1.1237,1.129,6121,0,1
2007-05-10T00:00:00Z,1.1291,1.138,1.1274,1.1343,9663,0,1
2007-05-11T00:00:00Z,1.1342,1.1376,1.1311,1.1322,8574,0,1
2007-05-13T00:00:00Z,1.1333,1.1352,1.1289,1.1296,316,0,1
2007-05-14T00:00:00Z,1.1294,1.1312,1.1248,1.1284,6317,0,1
2007-05-15T00:00:00Z,1.1285,1.1311,1.1261,1.1292,7175,0,1
2007-05-16T00:00:00Z,1.129,1.1299,1.1224,1.1249,8049,0,1
2007-05-17T00:00:00Z,1.125,1.1278,1.1228,1.1273,7691,0,1
2007-05-18T00:00:00Z,1.1280000000000001,1.13,1.1256,1.1256,7542,0,1
2007-05-20T00:00:00Z,1.1257,1.1275,1.1254,1.1272,221,0,1
2007-05-21T00:00:00Z,1.1273,1.1282,1.1216,1.1239,7516,0,1
2007-05-22T00:00:00Z,1.1241,1.129,1.1235,1.1275,7099,0,1
2007-05-23T00:00:00Z,1.1278,1.1327,1.1265,1.1279,8225,0,1
2007-05-24T00:00:00Z,1.1280000000000001,1.1323,1.1268,1.1286,8083,0,1
2007-05-25T00:00:00Z,1.1285,1.1301,1.1259000000000001,1.1262,6892,0,1
2007-05-27T00:00:00Z,1.1271,1.1273,1.1254,1.1267,80,0,1
2007-05-28T00:00:00Z,1.1268,1.1283,1.1256,1.1265,2809,0,1
2007-05-29T00:00:00Z,1.1266,1.127,1.1228,1.1261,4916,0,1
2007-05-30T00:00:00Z,1.126,1.1280000000000001,1.1228,1.1251,7588,0,1
2007-05-31T00:00:00Z,1.125,1.1298,1.1214,1.1225,9047,0,1
2007-06-01T00:00:00Z,1.1225,1.124,1.1157,1.1175,15037,0,1
2007-06-03T00:00:00Z,1.117,1.1177,1.1163,1.1175,153,0,1
2007-06-04T00:00:00Z,1.117,1.1187,1.1147,1.1159,13837,0,1
2007-06-05T00:00:00Z,1.1157,1.1174,1.1107,1.1151,9122,0,1
2007-06-06T00:00:00Z,1.115,1.1232,1.1113,1.1161,10731,0,1
2007-06-07T00:00:00Z,1.1163,1.1219,1.1154,1.1186,11704,0,1
2007-06-08T00:00:00Z,1.1185,1.1203,1.1037,1.1059,13921,0,1
2007-06-10T00:00:00Z,1.1072,1.1082,1.1068,1.1074,202,0,1
2007-06-11T00:00:00Z,1.1072,1.1264,1.1048,1.1218,22511,0,1
2007-06-12T00:00:00Z,1.1219,1.1239,1.117,1.1213,8806,0,1
2007-06-13T00:00:00Z,1.1217,1.1232,1.1163,1.1214,11040,0,1
2007-06-14T00:00:00Z,1.1212,1.1218,1.1113,1.113,5557,0,1
2007-06-15T00:00:00Z,1.1133,1.1167,1.1107,1.1148,3522,0,1
2007-06-17T00:00:00Z,1.1183,1.1188,1.1175,1.1184,236,0,1
2007-06-18T00:00:00Z,1.1183,1.1191,1.1136,1.1167,6026,0,1
2007-06-19T00:00:00Z,1.1168,1.1176,1.1139000000000001,1.1154,6991,0,1
2007-06-20T00:00:00Z,1.1153,1.1163,1.1075,1.1112,8776,0,1
2007-06-21T00:00:00Z,1.1115,1.1116,1.1036,1.1089,7922,0,1
2007-06-22T00:00:00Z,1.1088,1.1131,1.1042,1.1082,7463,0,1
2007-06-24T00:00:00Z,1.1098,1.1098,1.1067,1.107,147,0,120
2007-06-25T00:00:00Z,1.1072,1.1089,1.1034,1.1064,7059,0,1
2007-06-26T00:00:00Z,1.1063,1.1074,1.1008,1.1032,8352,0,1
2007-06-27T00:00:00Z,1.1033,1.1061,1.0966,1.098,12901,0,1
2007-06-28T00:00:00Z,1.0982,1.1024,1.0972,1.0991,10254,0,1
2007-06-29T00:00:00Z,1.0992,1.1036,1.0965,1.0986,9356,0,120
2007-07-01T00:00:00Z,1.1002,1.101,1.0986,1.1,229,0,1
2007-07-02T00:00:00Z,1.0996,1.1015,1.0961,1.0974,8268,0,1
2007-07-03T00:00:00Z,1.0976,1.101,1.0914,1.0939,7569,0,1
2007-07-04T00:00:00Z,1.0937999999999999,1.098,1.0928,1.0966,4435,0,1
2007-07-05T00:00:00Z,1.0965,1.0974,1.0903,1.0937999999999999,6767,0,1
2007-07-06T00:00:00Z,1.0941,1.0985,1.0904,1.0965,6452,0,1
2007-07-08T00:00:00Z,1.096,1.096,1.095,1.0952,113,0,120
2007-07-09T00:00:00Z,1.0951,1.1032,1.095,1.1021,7259,0,1
2007-07-10T00:00:00Z,1.1018,1.1122,1.1015,1.1081,10416,0,1
2007-07-11T00:00:00Z,1.1082,1.1115,1.1011,1.1027,10251,0,1
2007-07-12T00:00:00Z,1.1026,1.1056,1.1002,1.1012,7971,0,1
2007-07-13T00:00:00Z,1.1013,1.1086,1.0995,1.106,8036,0,1
2007-07-15T00:00:00Z,1.1067,1.1067,1.1022,1.1028,360,0,120
2007-07-16T00:00:00Z,1.1029,1.107,1.0972,1.0989,8827,0,120
2007-07-17T00:00:00Z,1.0993,1.1055,1.0982,1.1045,14171,0,1
2007-07-18T00:00:00Z,1.1046,1.1086,1.1036,1.1053,8917,0,1
2007-07-19T00:00:00Z,1.1052,1.1115,1.1046,1.1082,7524,0,1
2007-07-20T00:00:00Z,1.1081,1.1093,1.1023,1.1035,7650,0,1
2007-07-22T00:00:00Z,1.1027,1.104,1.1004,1.1036,209,0,120
2007-07-23T00:00:00Z,1.1035,1.1054,1.0931,1.0943,6916,0,120
2007-07-24T00:00:00Z,1.0942,1.0964,1.0908,1.0954,9403,0,1
2007-07-25T00:00:00Z,1.0953,1.1058,1.0949,1.1034,12969,0,1
2007-07-26T00:00:00Z,1.1036,1.1179000000000001,1.1028,1.1146,14772,0,1
2007-07-27T00:00:00Z,1.1147,1.1195,1.1019,1.1124,23202,0,1
2007-07-29T00:00:00Z,1.1155,1.1209,1.1149,1.1157,680,0,1
2007-07-30T00:00:00Z,1.1156,1.1212,1.1118999999999999,1.1128,16691,0,1
2007-07-31T00:00:00Z,1.113,1.119,1.1104,1.1179999999999999,14667,0,1
2007-08-01T00:00:00Z,1.1179000000000001,1.1225,1.1142,1.1145,19155,0,1
2007-08-02T00:00:00Z,1.1146,1.1196,1.1141,1.116,13559,0,1
2007-08-03T00:00:00Z,1.1161,1.1251,1.1153,1.1235,11329,0,1
2007-08-05T00:00:00Z,1.1265,1.1278,1.1252,1.1272,337,0,1
2007-08-06T00:00:00Z,1.1271,1.1277,1.1198,1.1222,5552,0,1
2007-08-07T00:00:00Z,1.1223,1.1267,1.1199,1.1215,10463,0,1
2007-08-08T00:00:00Z,1.1223,1.1265,1.1186,1.1199,22797,0,1
2007-08-09T00:00:00Z,1.1198,1.1327,1.1196,1.1320999999999999,11985,0,1
2007-08-10T00:00:00Z,1.1322,1.1387,1.1298,1.1324,19692,0,1
2007-08-12T00:00:00Z,1.1328,1.1341,1.1324,1.133,238,0,1
2007-08-13T00:00:00Z,1.1332,1.1445,1.1322,1.1434,15729,0,1
2007-08-14T00:00:00Z,1.1436,1.1503,1.1403,1.149,14286,0,1
2007-08-15T00:00:00Z,1.1491,1.1604,1.1445,1.1595,21398,0,1
2007-08-16T00:00:00Z,1.1594,1.1763,1.1399,1.1439,37677,0,1
2007-08-17T00:00:00Z,1.144,1.166,1.1322,1.1434,34213,0,1
2007-08-19T00:00:00Z,1.1441,1.1488,1.1429,1.1479,403,0,120
2007-08-20T00:00:00Z,1.1477,1.1584,1.1431,1.1507,23627,0,1
2007-08-21T00:00:00Z,1.1508,1.1562000000000001,1.1438,1.1522999999999999,22915,0,1
2007-08-22T00:00:00Z,1.1526,1.1573,1.1425,1.1434,17994,0,1
2007-08-23T00:00:00Z,1.1433,1.1497,1.1402,1.1482999999999999,20407,0,1
2007-08-24T00:00:00Z,1.1478,1.1539,1.1435,1.1459,16182,0,1
2007-08-26T00:00:00Z,1.1441,1.1449,1.1411,1.1416,469,0,1
2007-08-27T00:00:00Z,1.1413,1.1582,1.1407,1.1559,11307,0,1
2007-08-28T00:00:00Z,1.156,1.1708,1.1536,1.167,20273,0,1
2007-08-29T00:00:00Z,1.1669,1.1722,1.1577,1.1609,22835,0,1
2007-08-30T00:00:00Z,1.161,1.1661,1.1576,1.1614,17986,0,1
2007-08-31T00:00:00Z,1.1616,1.1674,1.1561,1.166,17725,0,1
2007-09-02T00:00:00Z,1.1643,1.1666,1.1637,1.1638,326,0,120
2007-09-03T00:00:00Z,1.1637,1.1705,1.1629,1.168,9424,0,1
2007-09-04T00:00:00Z,1.1684,1.1865999999999999,1.1678,1.1847,16577,0,1
2007-09-05T00:00:00Z,1.1843,1.1992,1.1819,1.1951,18096,0,1
2007-09-06T00:00:00Z,1.1952,1.1999,1.1895,1.1966,15825,0,1
2007-09-07T00:00:00Z,1.1965,1.203,1.1928,1.1954,11101,0,1
2007-09-09T00:00:00Z,1.2002,1.2015,1.1993,1.1997,473,0,1
2007-09-10T00:00:00Z,1.1995,1.2008,1.1817,1.1863,14865,0,1
2007-09-11T00:00:00Z,1.1864,1.1912,1.1782,1.1793,15105,0,1
2007-09-12T00:00:00Z,1.179,1.185,1.1751,1.1843,13637,0,1
2007-09-13T00:00:00Z,1.1842,1.1875,1.1686,1.1783,15708,0,1
2007-09-14T00:00:00Z,1.1782,1.1824,1.1738,1.1803,14360,0,1
2007-09-16T00:00:00Z,1.1796,1.1803,1.1791,1.1799,96,0,1
2007-09-17T00:00:00Z,1.1797,1.1841,1.1766,1.1794,13201,0,1
2007-09-18T00:00:00Z,1.1793,1.1848,1.1696,1.1735,17755,0,1
2007-09-19T00:00:00Z,1.1734,1.1748,1.1615,1.1626,18146,0,1
2007-09-20T00:00:00Z,1.1623999999999999,1.1713,1.1589,1.167,15281,0,1
2007-09-21T00:00:00Z,1.1668,1.1689,1.1613,1.1644,13392,0,1
2007-09-23T00:00:00Z,1.166,1.166,1.1641,1.1641,197,0,1
2007-09-24T00:00:00Z,1.1643,1.1673,1.1591,1.163,9463,0,1
2007-09-25T00:00:00Z,1.1631,1.1784,1.161,1.1731,16561,0,1
2007-09-26T00:00:00Z,1.1732,1.178,1.1712,1.1757,11781,0,1
2007-09-27T00:00:00Z,1.1758,1.1766,1.1666,1.1672,13674,0,1
2007-09-28T00:00:00Z,1.1673,1.175,1.1623,1.171,14078,0,1
2007-09-30T00:00:00Z,1.1676,1.1698,1.1673,1.1689,223,0,1
2007-10-01T00:00:00Z,1.169,1.1701,1.1614,1.1666,13475,0,1
2007-10-02T00:00:00Z,1.1655,1.168,1.1602999999999999,1.1662,34981,0,1
2007-10-03T00:00:00Z,1.1663999999999999,1.1738,1.1641,1.172,16883,0,1
2007-10-04T00:00:00Z,1.1719,1.1777,1.1689,1.1756,15237,0,1
2007-10-05T00:00:00Z,1.1754,1.1815,1.1732,1.1786,12815,0,1
2007-10-07T00:00:00Z,1.1787,1.1794,1.1764999999999999,1.1784,322,0,1
2007-10-08T00:00:00Z,1.1782,1.1801,1.1703000000000001,1.1707,6492,0,1
2007-10-09T00:00:00Z,1.1709,1.1785,1.1699,1.1766,11600,0,1
2007-10-10T00:00:00Z,1.1768,1.1786,1.1743000000000001,1.1764000000000001,10391,0,1
2007-10-11T00:00:00Z,1.1763,1.1783,1.1652,1.1666,14205,0,1
2007-10-12T00:00:00Z,1.1665,1.17,1.1635,1.164,13364,0,1
2007-10-14T00:00:00Z,1.1707,1.1721,1.1684,1.1702,532,0,1
2007-10-15T00:00:00Z,1.1701,1.1813,1.1676,1.1779,13488,0,1
2007-10-16T00:00:00Z,1.1781,1.1945999999999999,1.1761,1.1893,21638,0,1
2007-10-17T00:00:00Z,1.1894,1.1925,1.1818,1.1862,22355,0,1
2007-10-18T00:00:00Z,1.1861,1.1925,1.1836,1.1882,15907,0,1
2007-10-19T00:00:00Z,1.1878,1.1973,1.1762,1.1903,32394,0,1
2007-10-21T00:00:00Z,1.1917,1.1932,1.1904,1.1927,609,0,1
2007-10-22T00:00:00Z,1.1926,1.1979,1.1831,1.186,20323,0,1
2007-10-23T00:00:00Z,1.1858,1.1888,1.1816,1.1865999999999999,16499,0,1
2007-10-24T00:00:00Z,1.1867,1.1978,1.1813,1.1945000000000001,20417,0,1
2007-10-25T00:00:00Z,1.1947,1.1985999999999999,1.1888,1.1925,16394,0,1
2007-10-26T00:00:00Z,1.1924,1.1989,1.189,1.198,14165,0,1
2007-10-28T00:00:00Z,1.1958,1.197,1.1953,1.196,358,0,1
2007-10-29T00:00:00Z,1.1961,1.2003,1.1945000000000001,1.1966,14234,0,1
2007-10-30T00:00:00Z,1.1967,1.204,1.1936,1.201,16670,0,1
2007-10-31T00:00:00Z,1.2008,1.2104,1.2002,1.2057,17802,0,1
2007-11-01T00:00:00Z,1.2058,1.2092,1.1987,1.2049,20993,0,1
2007-11-02T00:00:00Z,1.2046999999999999,1.2097,1.2003,1.2058,18548,0,1
2007-11-04T00:00:00Z,1.2025000000000001,1.2048,1.202,1.2036,456,0,1
2007-11-05T00:00:00Z,1.2034,1.2065,1.1923,1.1949,17090,0,1
2007-11-06T00:00:00Z,1.1945000000000001,1.1961,1.1873,1.1903,13270,0,1
2007-11-07T00:00:00Z,1.1905000000000001,1.2024,1.1877,1.2012,23318,0,1
2007-11-08T00:00:00Z,1.2015,1.2035,1.1878,1.1928,20997,0,1
2007-11-09T00:00:00Z,1.1927,1.1972,1.1865999999999999,1.1924,22574,0,1
2007-11-11T00:00:00Z,1.1925,1.1939,1.1902,1.1922,754,0,1
2007-11-12T00:00:00Z,1.1923,1.1929,1.1747,1.1764999999999999,25018,0,1
2007-11-13T00:00:00Z,1.178,1.1816,1.1734,1.1798,21349,0,1
2007-11-14T00:00:00Z,1.18,1.1842,1.1679,1.1768,21218,0,1
2007-11-15T00:00:00Z,1.177,1.1786,1.1712,1.1731,17959,0,1
2007-11-16T00:00:00Z,1.1728,1.1806,1.1685,1.1781,18755,0,1
2007-11-18T00:00:00Z,1.178,1.1816,1.1778,1.1808,441,0,120
2007-11-19T00:00:00Z,1.181,1.1825,1.1673,1.1723,15294,0,1
2007-11-20T00:00:00Z,1.1724,1.1729,1.1629,1.1671,21441,0,1
2007-11-21T00:00:00Z,1.1669,1.1672,1.153,1.1558,19960,0,1
2007-11-22T00:00:00Z,1.156,1.1615,1.1554,1.1584,10752,0,1
2007-11-23T00:00:00Z,1.1585,1.161,1.1535,1.1559,12031,0,1
2007-11-25T00:00:00Z,1.1564,1.1585,1.1541,1.1571,574,0,1
2007-11-26T00:00:00Z,1.1574,1.1654,1.1547,1.1581,17952,0,1
2007-11-27T00:00:00Z,1.1583,1.16,1.15,1.1549,19842,0,1
2007-11-28T00:00:00Z,1.1547,1.155,1.1424,1.1493,19495,0,1
2007-11-29T00:00:00Z,1.1494,1.1507,1.1403,1.1449,17878,0,1
2007-11-30T00:00:00Z,1.1448,1.1596,1.144,1.1566,15996,0,1
2007-12-02T00:00:00Z,1.1582,1.1585,1.1551,1.1557,450,0,1
2007-12-03T00:00:00Z,1.1555,1.1573,1.1482,1.1516,12535,0,1
2007-12-04T00:00:00Z,1.1514,1.1519,1.1413,1.1441,28849,0,1
2007-12-05T00:00:00Z,1.1443,1.1461000000000001,1.1249,1.1286,16680,0,1
2007-12-06T00:00:00Z,1.1284,1.1336,1.1255,1.1309,13126,0,1
2007-12-07T00:00:00Z,1.131,1.1315,1.1231,1.1272,11572,0,1
2007-12-09T00:00:00Z,1.1305,1.1313,1.1284,1.1303,345,0,1
2007-12-10T00:00:00Z,1.1302,1.1349,1.1284,1.1319,11239,0,1
2007-12-11T00:00:00Z,1.1320000000000001,1.1363,1.1251,1.1275,13136,0,1
2007-12-12T00:00:00Z,1.1272,1.1284,1.115,1.1246,17115,0,1
2007-12-13T00:00:00Z,1.1251,1.1258,1.1169,1.123,13736,0,1
2007-12-14T00:00:00Z,1.1231,1.1252,1.1148,1.1241,13597,0,1
2007-12-16T00:00:00Z,1.1223,1.1233,1.1215,1.1223,418,0,1
2007-12-17T00:00:00Z,1.1225,1.1393,1.1221,1.1392,15098,0,1
2007-12-18T00:00:00Z,1.1391,1.1417,1.1342,1.1399,12131,0,1
2007-12-19T00:00:00Z,1.1400000000000001,1.1427,1.133,1.1372,10849,0,1
2007-12-20T00:00:00Z,1.137,1.139,1.1244,1.1280999999999999,7251,0,1
2007-12-21T00:00:00Z,1.1279,1.1367,1.1261,1.1356,8178,0,1
2007-12-23T00:00:00Z,1.1360000000000001,1.1366,1.1326,1.1348,313,0,1
2007-12-24T00:00:00Z,1.1344,1.1394,1.133,1.1358,4561,0,1
2007-12-26T00:00:00Z,1.1376,1.1404,1.1329,1.137,2761,0,1
2007-12-27T00:00:00Z,1.1384,1.1407,1.1311,1.1345,8139,0,1
2007-12-28T00:00:00Z,1.1344,1.1354,1.1272,1.1286,3999,0,1
2007-12-30T00:00:00Z,1.1295,1.13,1.1289,1.1293,106,0,1
2007-12-31T00:00:00Z,1.1295,1.1428,1.129,1.1411,2314,0,1
2008-01-02T00:00:00Z,1.1394,1.1434,1.1354,1.1397,13508,0,1
2008-01-03T00:00:00Z,1.1398,1.1437,1.1327,1.1406,10336,0,1
2008-01-04T00:00:00Z,1.1404,1.1444,1.1346,1.1373,11954,0,1
2008-01-06T00:00:00Z,1.1363,1.138,1.1356,1.1360999999999999,302,0,1
2008-01-07T00:00:00Z,1.1363,1.1433,1.1322,1.1345,22871,0,1
2008-01-08T00:00:00Z,1.1347,1.1441,1.1343,1.1433,12835,0,1
2008-01-09T00:00:00Z,1.1435,1.1496,1.1395,1.1406,14878,0,1
2008-01-10T00:00:00Z,1.141,1.1433,1.1356,1.1378,13625,0,1
2008-01-11T00:00:00Z,1.1377,1.143,1.1345,1.1379,13158,0,1
2008-01-13T00:00:00Z,1.1377,1.1391,1.1373,1.1387,375,0,1
2008-01-14T00:00:00Z,1.1387,1.1429,1.1357,1.1381999999999999,10388,0,1
2008-01-15T00:00:00Z,1.1383,1.1398,1.1323,1.1352,16434,0,1
2008-01-16T00:00:00Z,1.1354,1.1458,1.1323,1.1431,23967,0,1
2008-01-17T00:00:00Z,1.1433,1.1493,1.1398,1.1435,21277,0,1
2008-01-18T00:00:00Z,1.1437,1.158,1.1425,1.156,22561,0,1
2008-01-20T00:00:00Z,1.1587,1.1597,1.1562999999999999,1.1566,398,0,1
2008-01-21T00:00:00Z,1.1586,1.1597,1.1501000000000001,1.1565,34690,0,1
2008-01-22T00:00:00Z,1.1566,1.1583,1.1335,1.1381999999999999,23627,0,1
2008-01-23T00:00:00Z,1.1383,1.1517,1.1334,1.1424,26224,0,1
2008-01-24T00:00:00Z,1.1425,1.144,1.1339,1.1391,17377,0,1
2008-01-25T00:00:00Z,1.139,1.1481,1.138,1.1446,17974,0,1
2008-01-27T00:00:00Z,1.1419,1.1439,1.1418,1.1431,268,0,1
2008-01-28T00:00:00Z,1.1435,1.1442,1.1368,1.1411,12743,0,1
2008-01-29T00:00:00Z,1.1414,1.1439,1.1377,1.1419,13079,0,1
2008-01-30T00:00:00Z,1.1417,1.1431,1.1354,1.1378,15536,0,1
2008-01-31T00:00:00Z,1.1379,1.1404,1.1333,1.1372,20361,0,1
2008-02-01T00:00:00Z,1.1371,1.1429,1.1344,1.1371,16150,0,1
2008-02-03T00:00:00Z,1.1398,1.1404,1.1371,1.1393,392,0,1
2008-02-04T00:00:00Z,1.1393,1.1469,1.1381000000000001,1.1443,11939,0,1
2008-02-05T00:00:00Z,1.1442,1.1496,1.1408,1.1455,16878,0,1
2008-02-06T00:00:00Z,1.1456,1.147,1.1351,1.1372,16912,0,1
2008-02-07T00:00:00Z,1.1369,1.1381000000000001,1.1271,1.137,19067,0,1
2008-02-08T00:00:00Z,1.1372,1.1392,1.1328,1.1352,12827,0,1
2008-02-10T00:00:00Z,1.1379,1.1387,1.1360999999999999,1.137,254,0,1
2008-02-11T00:00:00Z,1.1378,1.1471,1.1369,1.1469,28748,0,1
2008-02-12T00:00:00Z,1.1473,1.1482,1.1389,1.1443,9989,0,1
2008-02-13T00:00:00Z,1.1444,1.1456,1.139,1.1423,16937,0,1
2008-02-14T00:00:00Z,1.1421000000000001,1.1486,1.1408,1.1457,15638,0,1
2008-02-15T00:00:00Z,1.1459,1.1524,1.1458,1.1499,13471,0,1
2008-02-17T00:00:00Z,1.1479,1.149,1.1471,1.1488,346,0,1
2008-02-18T00:00:00Z,1.1491,1.1526,1.1454,1.1501000000000001,9327,0,1
2008-02-19T00:00:00Z,1.1498,1.1539,1.148,1.1526,15082,0,1
2008-02-20T00:00:00Z,1.1527,1.1531,1.1473,1.1508,16415,0,1
2008-02-21T00:00:00Z,1.1511,1.1514,1.1448,1.1477,26816,0,1
2008-02-22T00:00:00Z,1.1475,1.1478,1.1385,1.1419,13417,0,1
2008-02-24T00:00:00Z,1.1426,1.1436,1.1418,1.1428,213,0,120
2008-02-25T00:00:00Z,1.1427,1.145,1.1377,1.1395,4816,0,1
2008-02-26T00:00:00Z,1.1399,1.1478,1.1389,1.1427,13690,0,1
2008-02-27T00:00:00Z,1.1429,1.1553,1.1418,1.1542,16801,0,1
2008-02-28T00:00:00Z,1.1542,1.1648,1.1526,1.1611,17865,0,1
2008-02-29T00:00:00Z,1.1608,1.1687,1.1581,1.1646,18959,0,1
2008-03-02T00:00:00Z,1.1686,1.1724999999999999,1.1674,1.1705,490,0,1
2008-03-03T00:00:00Z,1.1707,1.1732,1.161,1.164,11622,0,1
2008-03-04T00:00:00Z,1.1639,1.1666,1.155,1.1582,21098,0,1
2008-03-05T00:00:00Z,1.1583,1.1678,1.1572,1.1627,20797,0,1
2008-03-06T00:00:00Z,1.1626,1.167,1.1606,1.1649,16648,0,1
2008-03-07T00:00:00Z,1.1653,1.1742,1.1641,1.1669,13558,0,1
2008-03-09T00:00:00Z,1.1699,1.1721,1.1688,1.1707,327,0,1
2008-03-10T00:00:00Z,1.1703000000000001,1.1726,1.1591,1.1606,26020,0,1
2008-03-11T00:00:00Z,1.1605,1.1622,1.1522000000000001,1.1572,15860,0,1
2008-03-12T00:00:00Z,1.1571,1.1614,1.1549,1.1595,14956,0,1
2008-03-13T00:00:00Z,1.1594,1.166,1.1524,1.1566,17615,0,1
2008-03-14T00:00:00Z,1.157,1.1573,1.1458,1.1522999999999999,13640,0,1
2008-03-16T00:00:00Z,1.1534,1.1568,1.1511,1.1551,940,0,1
2008-03-17T00:00:00Z,1.155,1.1554,1.1402,1.1488,22632,0,1
2008-03-18T00:00:00Z,1.1489,1.1505,1.1424,1.147,18742,0,1
2008-03-19T00:00:00Z,1.1471,1.1479,1.1395,1.1417,13723,0,1
2008-03-20T00:00:00Z,1.1418,1.1455,1.1337,1.1358,11574,0,1
2008-03-21T00:00:00Z,1.1360000000000001,1.1395,1.1345,1.1383,2868,0,1
2008-03-23T00:00:00Z,1.1385,1.1396,1.1379,1.1381000000000001,204,0,1
2008-03-24T00:00:00Z,1.138,1.1434,1.134,1.1344,9001,0,1
2008-03-25T00:00:00Z,1.1345,1.1397,1.1331,1.1364,15987,0,1
2008-03-26T00:00:00Z,1.1366,1.1451,1.1359,1.1431,18976,0,1
2008-03-27T00:00:00Z,1.143,1.1471,1.1396,1.1416,16108,0,1
2008-03-28T00:00:00Z,1.1414,1.1532,1.1405,1.15,15559,0,1
2008-03-30T00:00:00Z,1.1512,1.157,1.1512,1.1568,860,0,1
2008-03-31T00:00:00Z,1.1567,1.1643,1.1533,1.1633,18098,0,1
2008-04-01T00:00:00Z,1.1636,1.1646,1.151,1.1516,17288,0,1
2008-04-02T00:00:00Z,1.1519,1.1589,1.1503,1.1589,16820,0,1
2008-04-03T00:00:00Z,1.1588,1.1677,1.1581,1.1648,16995,0,1
2008-04-04T00:00:00Z,1.165,1.1711,1.1609,1.1685,14057,0,120
2008-04-06T00:00:00Z,1.1668,1.1692,1.1666,1.1689,288,0,1
2008-04-07T00:00:00Z,1.1686,1.1688,1.1596,1.1623,13648,0,1
2008-04-08T00:00:00Z,1.1623999999999999,1.1673,1.1616,1.1665,14710,0,1
2008-04-09T00:00:00Z,1.1663000000000001,1.1695,1.1623,1.1656,15425,0,1
2008-04-10T00:00:00Z,1.1657,1.1683,1.1629,1.1667,18656,0,1
2008-04-11T00:00:00Z,1.1666,1.1715,1.1648,1.1693,16146,0,1
2008-04-13T00:00:00Z,1.1723,1.176,1.1705,1.1728,484,0,1
2008-04-14T00:00:00Z,1.1726,1.1749,1.1655,1.1702,18682,0,1
2008-04-15T00:00:00Z,1.1701,1.1808,1.1692,1.1793,15794,0,1
2008-04-16T00:00:00Z,1.1792,1.1902,1.1783,1.1848,16483,0,1
2008-04-17T00:00:00Z,1.1849,1.1913,1.1831,1.1844999999999999,17199,0,1
2008-04-18T00:00:00Z,1.1843,1.1885,1.1772,1.1828,18383,0,1
2008-04-20T00:00:00Z,1.1798,1.181,1.1794,1.1802,247,0,1
2008-04-21T00:00:00Z,1.1803,1.1896,1.1791,1.1869,13302,0,1
2008-04-22T00:00:00Z,1.187,1.1892,1.1829,1.1853,14727,0,1
2008-04-23T00:00:00Z,1.1854,1.1943,1.1848,1.1926,17050,0,1
2008-04-24T00:00:00Z,1.1927,1.1949,1.1896,1.1925,16615,0,1
2008-04-25T00:00:00Z,1.1926,1.1978,1.1896,1.1932,17352,0,1
2008-04-27T00:00:00Z,1.1926,1.193,1.1915,1.1924,223,0,1
2008-04-28T00:00:00Z,1.1926,1.1985000000000001,1.1911,1.1981,10361,0,1
2008-04-29T00:00:00Z,1.1982,1.2069,1.1953,1.2048,16967,0,1
2008-04-30T00:00:00Z,1.2049,1.2069,1.1997,1.2059,16057,0,1
2008-05-01T00:00:00Z,1.206,1.2064,1.1982,1.1991,17184,0,1
2008-05-02T00:00:00Z,1.1992,1.2018,1.1909,1.1979,15267,0,1
2008-05-04T00:00:00Z,1.1971,1.1987,1.1969,1.1985000000000001,159,0,1
2008-05-05T00:00:00Z,1.1985999999999999,1.2063,1.1965,1.2049,10165,0,1
2008-05-06T00:00:00Z,1.2052,1.2056,1.1955,1.2006999999999999,27985,0,1
2008-05-07T00:00:00Z,1.2006000000000001,1.2127,1.1987,1.2106,14669,0,1
2008-05-08T00:00:00Z,1.2109,1.2237,1.2092,1.2209,22127,0,1
2008-05-09T00:00:00Z,1.221,1.2286,1.2149,1.2259,16579,0,1
2008-05-11T00:00:00Z,1.2256,1.2271,1.225,1.225,506,0,120
2008-05-12T00:00:00Z,1.2254,1.2294,1.2237,1.228,13990,0,1
2008-05-13T00:00:00Z,1.2278,1.2326,1.2244,1.2321,16738,0,1
2008-05-14T00:00:00Z,1.2298,1.234,1.2235,1.2308,32867,0,1
2008-05-15T00:00:00Z,1.2309,1.2406,1.2292,1.2316,19275,0,1
2008-05-16T00:00:00Z,1.2318,1.2376,1.2298,1.2338,16464,0,120
2008-05-18T00:00:00Z,1.2334,1.2365,1.2334,1.2351,481,0,1
2008-05-19T00:00:00Z,1.2352,1.2372,1.2275,1.2331,8930,0,1
2008-05-20T00:00:00Z,1.2332,1.2409,1.2323,1.2367,16406,0,1
2008-05-21T00:00:00Z,1.2368000000000001,1.2402,1.2326,1.237,14117,0,1
2008-05-22T00:00:00Z,1.2371,1.2411,1.2151,1.2173,14446,0,1
2008-05-23T00:00:00Z,1.2172,1.2248,1.2163,1.2215,12184,0,1
2008-05-25T00:00:00Z,1.221,1.2243,1.2198,1.2231,464,0,1
2008-05-26T00:00:00Z,1.223,1.2238,1.2176,1.2212,5744,0,1
2008-05-27T00:00:00Z,1.221,1.2212,1.2122,1.2144,13566,0,1
2008-05-28T00:00:00Z,1.2146,1.2267000000000001,1.2132,1.2241,14021,0,1
2008-05-29T00:00:00Z,1.2242,1.2296,1.222,1.2247,16910,0,1
2008-05-30T00:00:00Z,1.2248,1.225,1.2161,1.2201,14118,0,1
2008-06-01T00:00:00Z,1.219,1.2195,1.2177,1.2184,226,0,1
2008-06-02T00:00:00Z,1.2185,1.2204,1.2121,1.2156,13918,0,1
2008-06-03T00:00:00Z,1.2157,1.2209,1.2147999999999999,1.2184,16210,0,1
2008-06-04T00:00:00Z,1.2183,1.2434,1.2166,1.2428,18228,0,1
2008-06-05T00:00:00Z,1.2429000000000001,1.2517,1.242,1.2513,18120,0,1
2008-06-06T00:00:00Z,1.25,1.2558,1.2464,1.2536,20259,0,1
2008-06-08T00:00:00Z,1.2508,1.2526,1.2503,1.2518,270,0,1
2008-06-09T00:00:00Z,1.2517,1.2555,1.2468,1.2538,14597,0,1
2008-06-10T00:00:00Z,1.2537,1.2624,1.2506,1.2549000000000001,22853,0,1
2008-06-11T00:00:00Z,1.255,1.2572,1.2503,1.2538,15019,0,1
2008-06-12T00:00:00Z,1.2537,1.255,1.2423,1.2490999999999999,19462,0,1
2008-06-13T00:00:00Z,1.2493,1.2559,1.2481,1.252,14164,0,1
2008-06-15T00:00:00Z,1.2498,1.2509000000000001,1.2485,1.2497,293,0,1
2008-06-16T00:00:00Z,1.2499,1.2519,1.2471,1.249,11939,0,1
2008-06-17T00:00:00Z,1.2490999999999999,1.2517,1.2431,1.2481,14967,0,1
2008-06-18T00:00:00Z,1.2483,1.2490999999999999,1.2448,1.2463,13551,0,1
2008-06-19T00:00:00Z,1.2462,1.2502,1.2439,1.2478,11691,0,1
2008-06-20T00:00:00Z,1.2479,1.2534,1.246,1.252,10710,0,1
2008-06-22T00:00:00Z,1.2528000000000001,1.2532,1.252,1.2522,225,0,1
2008-06-23T00:00:00Z,1.2523,1.2574,1.2503,1.2551999999999999,11651,0,1
2008-06-24T00:00:00Z,1.2553,1.2626,1.2549000000000001,1.2597,12166,0,1
2008-06-25T00:00:00Z,1.2598,1.2664,1.2595,1.2658,12170,0,1
2008-06-26T00:00:00Z,1.2659,1.2690000000000001,1.263,1.2671000000000001,16006,0,1
2008-06-27T00:00:00Z,1.267,1.2688,1.2589000000000001,1.2624,16257,0,1
2008-06-29T00:00:00Z,1.2625,1.2626,1.2608,1.2622,341,0,1
2008-06-30T00:00:00Z,1.2621,1.2638,1.2555,1.2569,15454,0,1
2008-07-01T00:00:00Z,1.2568,1.2612,1.2530000000000001,1.2593,18373,0,1
2008-07-02T00:00:00Z,1.2594,1.2677,1.2576,1.266,16208,0,1
2008-07-03T00:00:00Z,1.2659,1.2709,1.2631999999999999,1.2692999999999999,13101,0,1
2008-07-04T00:00:00Z,1.2695,1.2722,1.2667,1.2684,8431,0,1
2008-07-06T00:00:00Z,1.268,1.2689,1.2673,1.2689,155,0,1
2008-07-07T00:00:00Z,1.2695,1.2711999999999999,1.2652,1.2681,29901,0,1
2008-07-08T00:00:00Z,1.268,1.2707,1.2642,1.2671000000000001,17138,0,1
2008-07-09T00:00:00Z,1.2671999999999999,1.2678,1.2572,1.2617,18998,0,1
2008-07-10T00:00:00Z,1.2616,1.271,1.2579,1.2664,15639,0,1
2008-07-11T00:00:00Z,1.2665,1.2721,1.2638,1.2685,14679,0,1
2008-07-13T00:00:00Z,1.2730000000000001,1.2775,1.2718,1.2745,689,0,1
2008-07-14T00:00:00Z,1.2746,1.2749,1.2684,1.2725,13225,0,1
2008-07-15T00:00:00Z,1.2726,1.2742,1.2657,1.2686,19472,0,1
2008-07-16T00:00:00Z,1.2685,1.2713,1.2603,1.2633,17972,0,1
2008-07-17T00:00:00Z,1.2631999999999999,1.2769,1.2628,1.2737,17295,0,1
2008-07-18T00:00:00Z,1.2732,1.2757,1.27,1.274,13041,0,1
2008-07-20T00:00:00Z,1.2766,1.2772999999999999,1.2753999999999999,1.2772000000000001,295,0,1
2008-07-21T00:00:00Z,1.2774,1.2846,1.2770000000000001,1.2826,15595,0,1
2008-07-22T00:00:00Z,1.2825,1.2839,1.276,1.2791000000000001,16452,0,1
2008-07-23T00:00:00Z,1.279,1.296,1.2779,1.2892000000000001,25048,0,1
2008-07-24T00:00:00Z,1.2893,1.2966,1.288,1.2891,23775,0,1
2008-07-25T00:00:00Z,1.289,1.2906,1.2824,1.2888,20428,0,1
2008-07-27T00:00:00Z,1.2842,1.2849,1.2828,1.2833999999999999,545,0,1
2008-07-28T00:00:00Z,1.2835,1.2879,1.2832,1.2846,13705,0,1
2008-07-29T00:00:00Z,1.2847,1.294,1.2826,1.2876,16995,0,1
2008-07-30T00:00:00Z,1.2875,1.2926,1.282,1.2848,20428,0,1
2008-07-31T00:00:00Z,1.2849,1.2901,1.2795,1.2852999999999999,20343,0,1
2008-08-01T00:00:00Z,1.2852000000000001,1.2906,1.2752,1.2771,22492,0,1
2008-08-03T00:00:00Z,1.2759,1.2781,1.2753999999999999,1.2772999999999999,283,0,1
2008-08-04T00:00:00Z,1.2774,1.2802,1.2717,1.2749,14604,0,1
2008-08-05T00:00:00Z,1.2755,1.2768,1.2588,1.2615,42749,0,1
2008-08-06T00:00:00Z,1.2614,1.2685,1.2609,1.2631000000000001,17712,0,1
2008-08-07T00:00:00Z,1.263,1.2708,1.2617,1.2684,18478,0,1
2008-08-08T00:00:00Z,1.2685,1.2793999999999999,1.2591999999999999,1.2612,27117,0,1
2008-08-10T00:00:00Z,1.2637,1.2649,1.2626,1.2626,427,0,1
2008-08-11T00:00:00Z,1.2627,1.2689,1.2583,1.2624,22353,0,1
2008-08-12T00:00:00Z,1.2625,1.2646,1.2508,1.2565,27882,0,1
2008-08-13T00:00:00Z,1.2567,1.2597,1.2411,1.244,32256,0,1
2008-08-14T00:00:00Z,1.2439,1.2492,1.24,1.2406,25776,0,1
2008-08-15T00:00:00Z,1.2407,1.241,1.2246,1.226,22121,0,1
2008-08-17T00:00:00Z,1.2293,1.2317,1.2287,1.2296,445,0,1
2008-08-18T00:00:00Z,1.2299,1.2322,1.2197,1.2225,20251,0,1
2008-08-19T00:00:00Z,1.2224,1.2276,1.2164,1.2214,21902,0,1
2008-08-20T00:00:00Z,1.2213,1.2269,1.2177,1.2227999999999999,14750,0,1
2008-08-21T00:00:00Z,1.2229,1.2248999999999999,1.2158,1.2206,21005,0,1
2008-08-22T00:00:00Z,1.2205,1.2269,1.2182,1.2219,9680,0,1
2008-08-24T00:00:00Z,1.2224,1.2237,1.2215,1.2234,367,0,1
2008-08-25T00:00:00Z,1.2238,1.2278,1.2202,1.2271,14251,0,1
2008-08-26T00:00:00Z,1.2273,1.2383,1.2248,1.2284,26684,0,1
2008-08-27T00:00:00Z,1.2285,1.2294,1.2211,1.2214,22264,0,1
2008-08-28T00:00:00Z,1.2215,1.2317,1.2207,1.2272,22142,0,1
2008-08-29T00:00:00Z,1.2271,1.2288999999999999,1.2219,1.2244,17448,0,1
2008-08-31T00:00:00Z,1.224,1.2251,1.2223,1.225,309,0,1
2008-09-01T00:00:00Z,1.2248,1.2285,1.2185,1.2238,16247,0,1
2008-09-02T00:00:00Z,1.2239,1.2303,1.2121,1.2189,28997,0,1
2008-09-03T00:00:00Z,1.219,1.2265,1.2154,1.2189,29278,0,1
2008-09-04T00:00:00Z,1.2187000000000001,1.2314,1.2154,1.2245,28611,0,1
2008-09-05T00:00:00Z,1.2244,1.2293,1.2092,1.2197,35917,0,1
2008-09-07T00:00:00Z,1.2201,1.2238,1.2154,1.2189,1821,0,1
2008-09-08T00:00:00Z,1.2187999999999999,1.2252,1.212,1.2157,31681,0,1
2008-09-09T00:00:00Z,1.2156,1.2181,1.1988,1.2029,37560,0,1
2008-09-10T00:00:00Z,1.2028,1.2242,1.2001,1.2215,36401,0,1
2008-09-11T00:00:00Z,1.2216,1.2343,1.2176,1.2305,36212,0,1
2008-09-12T00:00:00Z,1.2299,1.2342,1.226,1.2323,35726,0,1
2008-09-14T00:00:00Z,1.2266,1.2269,1.2243,1.2259,559,0,1
2008-09-15T00:00:00Z,1.2258,1.2324,1.2109,1.217,36517,0,1
2008-09-16T00:00:00Z,1.2172,1.2218,1.2008,1.2086999999999999,40154,0,1
2008-09-17T00:00:00Z,1.2089,1.2147000000000001,1.191,1.1958,38552,0,1
2008-09-18T00:00:00Z,1.1963,1.1984,1.1811,1.1899,37084,0,1
2008-09-19T00:00:00Z,1.1898,1.2132,1.1895,1.2111,34690,0,120
2008-09-21T00:00:00Z,1.2113,1.2169,1.2113,1.214,1086,0,1
2008-09-22T00:00:00Z,1.2139,1.2292,1.2044,1.2215,31608,0,1
2008-09-23T00:00:00Z,1.2217,1.227,1.2167,1.2248999999999999,27541,0,1
2008-09-24T00:00:00Z,1.2248,1.2285,1.2166,1.2211,27031,0,1
2008-09-25T00:00:00Z,1.2213,1.2275,1.2149,1.2186,27578,0,1
2008-09-26T00:00:00Z,1.2187000000000001,1.2217,1.2051,1.2107999999999999,28199,0,1
2008-09-28T00:00:00Z,1.2081,1.2136,1.2081,1.2104,409,0,1
2008-09-29T00:00:00Z,1.2103,1.2127,1.1905000000000001,1.1954,29819,0,1
2008-09-30T00:00:00Z,1.1953,1.1955,1.1775,1.1839,31695,0,1
2008-10-01T00:00:00Z,1.1837,1.191,1.168,1.1759,31908,0,1
2008-10-02T00:00:00Z,1.176,1.1791,1.1666,1.1758,31922,0,1
2008-10-03T00:00:00Z,1.1757,1.1776,1.1656,1.1686,34053,0,1
2008-10-05T00:00:00Z,1.1708,1.172,1.169,1.1711,789,0,1
2008-10-06T00:00:00Z,1.1712,1.1713,1.125,1.1415,53180,0,1
2008-10-07T00:00:00Z,1.1412,1.148,1.12,1.139,48567,0,1
2008-10-08T00:00:00Z,1.1388,1.143,1.0981,1.1104,60994,0,1
2008-10-09T00:00:00Z,1.11,1.1447,1.1095,1.135,50696,0,1
2008-10-10T00:00:00Z,1.1349,1.1373,1.0628,1.0812,57059,0,1
2008-10-12T00:00:00Z,1.1134,1.1174,1.1074,1.1139000000000001,1235,0,1
2008-10-13T00:00:00Z,1.1135,1.138,1.0987,1.1372,52866,0,1
2008-10-14T00:00:00Z,1.1371,1.1461000000000001,1.115,1.1286,63810,0,1
2008-10-15T00:00:00Z,1.1285,1.1346,1.0949,1.0981,57373,0,1
2008-10-16T00:00:00Z,1.098,1.1224,1.0869,1.1165,52754,0,1
2008-10-17T00:00:00Z,1.1164,1.1355,1.1047,1.124,33711,0,1
2008-10-19T00:00:00Z,1.1349,1.1371,1.131,1.1311,644,0,1
2008-10-20T00:00:00Z,1.1315,1.1421999999999999,1.1216,1.1305,34310,0,1
2008-10-21T00:00:00Z,1.1306,1.1322,1.1059,1.1122,36450,0,1
2008-10-22T00:00:00Z,1.1121,1.147,1.1089,1.1294,45820,0,1
2008-10-23T00:00:00Z,1.1296,1.1314,1.1164,1.1265,58822,0,1
2008-10-24T00:00:00Z,1.1266,1.1277,1.0924,1.1178,63615,0,1
2008-10-26T00:00:00Z,1.1063,1.1098,1.1016,1.1054,1318,0,1
2008-10-27T00:00:00Z,1.1053,1.1296,1.1022,1.1051,53230,0,1
2008-10-28T00:00:00Z,1.105,1.1414,1.103,1.1266,58905,0,1
2008-10-29T00:00:00Z,1.1265,1.1537,1.1122,1.1506,61295,0,1
2008-10-30T00:00:00Z,1.1508,1.1594,1.1326,1.1374,63020,0,1
2008-10-31T00:00:00Z,1.1375,1.1478,1.1256,1.1448,51069,0,1
2008-11-02T00:00:00Z,1.1407,1.143,1.139,1.1421000000000001,1131,0,1
2008-11-03T00:00:00Z,1.1421999999999999,1.1535,1.1348,1.142,40558,0,1
2008-11-04T00:00:00Z,1.1421999999999999,1.1586,1.1261,1.1491,38614,0,1
2008-11-05T00:00:00Z,1.1495,1.1545,1.1316,1.1352,39487,0,1
2008-11-06T00:00:00Z,1.1351,1.1465,1.1285,1.1376,38639,0,1
2008-11-07T00:00:00Z,1.1375,1.1475,1.1289,1.139,37548,0,1
2008-11-09T00:00:00Z,1.1511,1.1522999999999999,1.1461000000000001,1.1515,2514,0,1
2008-11-10T00:00:00Z,1.1512,1.1588,1.1429,1.1516,38030,0,1
2008-11-11T00:00:00Z,1.1515,1.152,1.1344,1.148,34978,0,1
2008-11-12T00:00:00Z,1.1482999999999999,1.1505,1.1349,1.1428,42021,0,1
2008-11-13T00:00:00Z,1.1426,1.1663999999999999,1.1398,1.1661,47636,0,1
2008-11-14T00:00:00Z,1.166,1.1808,1.1595,1.1702,43876,0,1
2008-11-16T00:00:00Z,1.1652,1.1665,1.1596,1.1615,2237,0,1
2008-11-17T00:00:00Z,1.1616,1.1811,1.1591,1.1741,39857,0,1
2008-11-18T00:00:00Z,1.1742,1.1868,1.1663999999999999,1.1763,34898,0,1
2008-11-19T00:00:00Z,1.1764999999999999,1.1862,1.1698,1.1768,33692,0,1
2008-11-20T00:00:00Z,1.1769,1.1811,1.1572,1.167,40482,0,1
2008-11-21T00:00:00Z,1.1672,1.1817,1.1601,1.1752,36449,0,1
2008-11-23T00:00:00Z,1.1804999999999999,1.1826,1.1762,1.1773,861,0,1
2008-11-24T00:00:00Z,1.1775,1.1929,1.173,1.1848,30543,0,1
2008-11-25T00:00:00Z,1.1851,1.1923,1.1767,1.1849,37655,0,1
2008-11-26T00:00:00Z,1.1851,1.1864,1.172,1.1794,28544,0,1
2008-11-27T00:00:00Z,1.1793,1.1916,1.1733,1.1874,18295,0,1
2008-11-28T00:00:00Z,1.1882,1.1925,1.1839,1.1911,27849,0,1
2008-11-30T00:00:00Z,1.1956,1.1971,1.1923,1.1937,841,0,1
2008-12-01T00:00:00Z,1.194,1.2085,1.186,1.2033,20522,0,1
2008-12-02T00:00:00Z,1.2034,1.2155,1.1977,1.2054,21273,0,1
2008-12-03T00:00:00Z,1.2055,1.2183,1.203,1.2121,20340,0,1
2008-12-04T00:00:00Z,1.2123,1.2157,1.1993,1.2054,21259,0,1
2008-12-05T00:00:00Z,1.2055,1.2134,1.203,1.2089,19307,0,1
2008-12-07T00:00:00Z,1.2055,1.2109,1.2024,1.2086000000000001,1075,0,1
2008-12-08T00:00:00Z,1.2086999999999999,1.2271,1.2078,1.2131,20770,0,1
2008-12-09T00:00:00Z,1.213,1.2183,1.2046000000000001,1.2119,19169,0,1
2008-12-10T00:00:00Z,1.2118,1.214,1.2003,1.2019,19259,0,1
2008-12-11T00:00:00Z,1.2017,1.2226,1.1985999999999999,1.2122,19857,0,1
2008-12-12T00:00:00Z,1.2119,1.2147999999999999,1.1947,1.2109,19669,0,1
2008-12-14T00:00:00Z,1.2146,1.2171,1.2094,1.2094,1490,0,1
2008-12-15T00:00:00Z,1.2093,1.214,1.1966,1.2033,25675,0,1
2008-12-16T00:00:00Z,1.2034,1.2072,1.1884000000000001,1.1975,22014,0,1
2008-12-17T00:00:00Z,1.1976,1.2016,1.1785,1.187,23897,0,1
2008-12-18T00:00:00Z,1.1868,1.1887,1.1642000000000001,1.1789,32388,0,1
2008-12-19T00:00:00Z,1.179,1.1899,1.1764000000000001,1.1814,31708,0,1
2008-12-21T00:00:00Z,1.1825,1.1852,1.1797,1.1803,1291,0,1
2008-12-22T00:00:00Z,1.1801,1.1947,1.1762,1.1898,21473,0,1
2008-12-23T00:00:00Z,1.1897,1.201,1.1867,1.1933,17418,0,1
2008-12-24T00:00:00Z,1.1934,1.1943,1.1807,1.1858,11987,0,1
2008-12-26T00:00:00Z,1.184,1.1907,1.1747,1.1828,5072,0,1
2008-12-28T00:00:00Z,1.1883,1.1892,1.18,1.1815,273,0,1
2008-12-29T00:00:00Z,1.1814,1.1903,1.1786,1.1843,13161,0,1
2008-12-30T00:00:00Z,1.1844999999999999,1.1964,1.1785,1.1874,13435,0,1
2008-12-31T00:00:00Z,1.1873,1.197,1.1858,1.1955,9210,0,1
2009-01-02T00:00:00Z,1.1988,1.2139,1.1967,1.2139,7637,0,120
2009-01-04T00:00:00Z,1.2122,1.2138,1.2086000000000001,1.2115,857,0,120
2009-01-05T00:00:00Z,1.2116,1.2195,1.2039,1.2139,22122,0,120
2009-01-06T00:00:00Z,1.2138,1.2194,1.2036,1.2073,23925,0,120
2009-01-07T00:00:00Z,1.2072,1.2137,1.1979,1.2065,22955,0,120
2009-01-08T00:00:00Z,1.2066,1.2091,1.1893,1.1973,26398,0,120
2009-01-09T00:00:00Z,1.1974,1.1982,1.1881,1.1885,31967,0,120
2009-01-11T00:00:00Z,1.1864,1.189,1.1864,1.188,585,0,120
2009-01-12T00:00:00Z,1.1881,1.189,1.1751,1.1873,35975,0,120
2009-01-13T00:00:00Z,1.1874,1.211,1.1861,1.2078,46567,0,120
2009-01-14T00:00:00Z,1.2077,1.2284,1.2059,1.2229,42808,0,120
2009-01-15T00:00:00Z,1.2227999999999999,1.2425,1.2181,1.2326,49326,0,120
2009-01-16T00:00:00Z,1.2325,1.2393,1.2254,1.2305,41417,0,120
2009-01-18T00:00:00Z,1.2296,1.233,1.2281,1.2313,950,0,120
2009-01-19T00:00:00Z,1.2312,1.2462,1.2273,1.2415,27217,0,120
2009-01-20T00:00:00Z,1.2414,1.2519,1.2375,1.2497,41854,0,120
2009-01-21T00:00:00Z,1.2494,1.2513,1.2367,1.2416,45638,0,120
2009-01-22T00:00:00Z,1.2415,1.2472,1.2363,1.2407,44526,0,120
2009-01-23T00:00:00Z,1.2406,1.2432,1.2295,1.2367,40939,0,120
2009-01-25T00:00:00Z,1.2363,1.2402,1.2363,1.2375,584,0,120
2009-01-26T00:00:00Z,1.2374,1.2551999999999999,1.2321,1.2497,92855,0,120
2009-01-27T00:00:00Z,1.2497,1.2577,1.2456,1.256,86569,0,200
2009-01-28T00:00:00Z,1.256,1.2735,1.2477,1.2722,90229,0,200
2009-01-29T00:00:00Z,1.2722,1.2795,1.2621,1.2652999999999999,64228,0,200
2009-01-30T00:00:00Z,1.2652999999999999,1.2713999999999999,1.2468,1.2504,88031,0,200
2009-02-01T00:00:00Z,1.2521,1.2534,1.2477,1.2489,4036,0,120
2009-02-02T00:00:00Z,1.249,1.2604,1.245,1.2527,72553,0,200
2009-02-03T00:00:00Z,1.2528000000000001,1.2709,1.2466,1.2697,80340,0,200
2009-02-04T00:00:00Z,1.2696,1.2723,1.2561,1.2597,66984,0,200
2009-02-05T00:00:00Z,1.2596,1.2742,1.2546,1.2619,53553,0,200
2009-02-06T00:00:00Z,1.2618,1.2735,1.2584,1.2688,46361,0,200
2009-02-08T00:00:00Z,1.2692999999999999,1.2724,1.2633,1.2651,3400,0,120
2009-02-09T00:00:00Z,1.2651,1.2739,1.2534,1.2615,46870,0,200
2009-02-10T00:00:00Z,1.2614,1.2615,1.2409,1.2505,52042,0,200
2009-02-11T00:00:00Z,1.2507,1.2533,1.2408,1.2437,40302,0,200
2009-02-12T00:00:00Z,1.2434,1.2565,1.2398,1.2557,45041,0,200
2009-02-13T00:00:00Z,1.2557,1.2575,1.2483,1.2556,34407,0,200
2009-02-15T00:00:00Z,1.2506,1.2548,1.249,1.2530999999999999,1502,0,120
2009-02-16T00:00:00Z,1.2532,1.2586,1.2489,1.2539,22151,0,200
2009-02-17T00:00:00Z,1.2538,1.2610000000000001,1.2478,1.2537,36278,0,200
2009-02-18T00:00:00Z,1.2538,1.2562,1.2466,1.25,35981,0,200
2009-02-19T00:00:00Z,1.2501,1.2706,1.2495,1.2658,31235,0,200
2009-02-20T00:00:00Z,1.2659,1.271,1.2525,1.2601,35061,0,200
2009-02-22T00:00:00Z,1.2649,1.2690000000000001,1.2628,1.2641,1514,0,120
2009-02-23T00:00:00Z,1.2643,1.2685,1.2574,1.2644,32927,0,200
2009-02-24T00:00:00Z,1.264,1.2691,1.2587,1.2686,32186,0,200
2009-02-25T00:00:00Z,1.2685,1.2723,1.2603,1.2703,32916,0,200
2009-02-26T00:00:00Z,1.2702,1.2804,1.268,1.274,28114,0,200
2009-02-27T00:00:00Z,1.2739,1.2797,1.2687,1.2752,33379,0,200
2009-03-01T00:00:00Z,1.2798,1.2817,1.2764,1.2791000000000001,2642,0,120
2009-03-02T00:00:00Z,1.2793999999999999,1.287,1.276,1.2769,34318,0,200
2009-03-03T00:00:00Z,1.2770000000000001,1.2931,1.2763,1.2899,35883,0,200
2009-03-04T00:00:00Z,1.29,1.2904,1.2749,1.2829,34954,0,200
2009-03-05T00:00:00Z,1.2831000000000001,1.2852999999999999,1.2742,1.2802,32549,0,200
2009-03-06T00:00:00Z,1.2801,1.2819,1.2673,1.2739,33245,0,200
2009-03-08T00:00:00Z,1.2731,1.2737,1.2703,1.2719,807,0,200
2009-03-09T00:00:00Z,1.2717,1.2856,1.2711999999999999,1.2818,30773,0,200
2009-03-10T00:00:00Z,1.2816,1.2883,1.2788,1.2814999999999999,35209,0,200
2009-03-11T00:00:00Z,1.2816,1.2869,1.2657,1.2677,35474,0,200
2009-03-12T00:00:00Z,1.2673,1.2707,1.2511,1.2565,39489,0,200
2009-03-13T00:00:00Z,1.2566,1.2617,1.2494,1.2530000000000001,30105,0,200
2009-03-15T00:00:00Z,1.2557,1.2570000000000001,1.2533,1.255,795,0,200
2009-03-16T00:00:00Z,1.2549000000000001,1.2565,1.2401,1.2452,28720,0,200
2009-03-17T00:00:00Z,1.2451,1.25,1.2404,1.2497,28916,0,200
2009-03-18T00:00:00Z,1.2496,1.2532,1.2402,1.2449,29831,0,200
2009-03-19T00:00:00Z,1.245,1.2492,1.2319,1.2347,39817,0,200
2009-03-20T00:00:00Z,1.2348,1.2363,1.22563,1.2287,38081,0,200
2009-03-22T00:00:00Z,1.2322,1.2352,1.2298499999999999,1.23152,1665,0,120
2009-03-23T00:00:00Z,1.23147,1.2343600000000001,1.22504,1.23179,36656,0,200
2009-03-24T00:00:00Z,1.23171,1.2402,1.22996,1.2397,40858,0,200
2009-03-25T00:00:00Z,1.23977,1.24779,1.2237,1.2273,44360,0,200
2009-03-26T00:00:00Z,1.22735,1.23006,1.20791,1.2137,47641,0,200
2009-03-27T00:00:00Z,1.21365,1.21902,1.20776,1.21362,44101,0,200
2009-03-29T00:00:00Z,1.2128,1.2191,1.2109,1.2149,1872,0,120
2009-03-30T00:00:00Z,1.21495,1.21865,1.20545,1.20782,40237,0,200
2009-03-31T00:00:00Z,1.20785,1.23605,1.20534,1.23368,48441,0,200
2009-04-01T00:00:00Z,1.23373,1.24292,1.22565,1.2315,53353,0,200
2009-04-02T00:00:00Z,1.23142,1.2398500000000001,1.2262,1.22719,49245,0,200
2009-04-03T00:00:00Z,1.22715,1.2288000000000001,1.21581,1.21883,42174,0,200
2009-04-05T00:00:00Z,1.21582,1.21662,1.2081,1.209,1796,0,200
2009-04-06T00:00:00Z,1.20875,1.21739,1.20215,1.2157,36451,0,200
2009-04-07T00:00:00Z,1.2158,1.23823,1.21285,1.23299,47939,0,200
2009-04-08T00:00:00Z,1.23291,1.23637,1.2227000000000001,1.2238,44355,0,200
2009-04-09T00:00:00Z,1.22375,1.23445,1.2180900000000001,1.2315,45610,0,200
2009-04-10T00:00:00Z,1.23155,1.23563,1.23022,1.2326,11206,0,200
2009-04-12T00:00:00Z,1.238,1.2392,1.228,1.2326,1540,0,120
2009-04-13T00:00:00Z,1.23259,1.24075,1.22982,1.23262,23079,0,200
2009-04-14T00:00:00Z,1.23285,1.24427,1.22977,1.23936,40751,0,200
2009-04-15T00:00:00Z,1.23921,1.25577,1.2366,1.25287,49289,0,200
2009-04-16T00:00:00Z,1.25279,1.26745,1.25245,1.25437,51391,0,200
2009-04-17T00:00:00Z,1.25435,1.27498,1.2517,1.27091,38244,0,200
2009-04-19T00:00:00Z,1.271,1.2721,1.26587,1.26706,2343,0,120
2009-04-20T00:00:00Z,1.26739,1.26941,1.2551999999999999,1.2617,41345,0,200
2009-04-21T00:00:00Z,1.26162,1.2662499999999999,1.25594,1.2631000000000001,49555,0,200
2009-04-22T00:00:00Z,1.2631700000000001,1.27352,1.26062,1.2703,58414,0,200
2009-04-23T00:00:00Z,1.27014,1.27494,1.26453,1.26977,59598,0,200
2009-04-24T00:00:00Z,1.26997,1.27183,1.2589000000000001,1.26043,52948,0,200
2009-04-26T00:00:00Z,1.2671000000000001,1.272,1.2643,1.2677,4599,0,120
2009-04-27T00:00:00Z,1.26765,1.2687300000000001,1.24648,1.25244,56897,0,200
2009-04-28T00:00:00Z,1.2524600000000001,1.26761,1.2511999999999999,1.26261,61030,0,200
2009-04-29T00:00:00Z,1.2628300000000001,1.28352,1.25568,1.28307,53915,0,200
2009-04-30T00:00:00Z,1.28318,1.29315,1.27735,1.2843,31797,0,200
2009-05-01T00:00:00Z,1.2846,1.29121,1.27753,1.27978,41845,0,200
2009-05-03T00:00:00Z,1.2801,1.2826,1.2765,1.27948,3431,0,120
2009-05-04T00:00:00Z,1.27945,1.28821,1.27636,1.28168,48114,0,200
2009-05-05T00:00:00Z,1.28156,1.2864900000000001,1.27342,1.27631,63428,0,200
2009-05-06T00:00:00Z,1.27626,1.28452,1.27108,1.27344,102292,0,200
2009-05-07T00:00:00Z,1.27371,1.28346,1.26793,1.27023,115798,0,200
2009-05-08T00:00:00Z,1.27027,1.27751,1.2662200000000001,1.27161,93294,0,200
2009-05-10T00:00:00Z,1.2749,1.2767,1.26799,1.2681499999999999,3326,0,120
2009-05-11T00:00:00Z,1.2683200000000001,1.26994,1.25468,1.2642,87044,0,200
2009-05-12T00:00:00Z,1.2641499999999999,1.26741,1.2580200000000001,1.26459,108265,0,200
2009-05-13T00:00:00Z,1.26465,1.27743,1.26009,1.27082,115238,0,200
2009-05-14T00:00:00Z,1.27089,1.27915,1.26494,1.27901,95504,0,200
2009-05-15T00:00:00Z,1.27905,1.2841,1.2756,1.27881,70960,0,200
2009-05-17T00:00:00Z,1.2779,1.282,1.27584,1.2806,1792,0,120
2009-05-18T00:00:00Z,1.2809599999999999,1.28821,1.27374,1.28226,61919,0,200
2009-05-19T00:00:00Z,1.28233,1.28829,1.27797,1.28662,72327,0,200
2009-05-20T00:00:00Z,1.2866900000000001,1.28724,1.27206,1.2778399999999999,75030,0,200
2009-05-21T00:00:00Z,1.2779,1.27834,1.26777,1.2686,86296,0,200
2009-05-22T00:00:00Z,1.26862,1.2698800000000001,1.25904,1.26087,77887,0,200
2009-05-24T00:00:00Z,1.2676,1.2711000000000001,1.26566,1.2671999999999999,1462,0,120
2009-05-25T00:00:00Z,1.26712,1.26883,1.25625,1.25858,30442,0,200
2009-05-26T00:00:00Z,1.2585600000000001,1.2662,1.2545899999999999,1.26403,93858,0,200
2009-05-27T00:00:00Z,1.26404,1.26883,1.25818,1.26152,96963,0,200
2009-05-28T00:00:00Z,1.26153,1.27173,1.2488299999999999,1.25689,103424,0,200
2009-05-29T00:00:00Z,1.2569,1.25962,1.24722,1.2502499999999999,86742,0,200
2009-05-31T00:00:00Z,1.2534,1.2547,1.24884,1.2502900000000001,2570,0,120
2009-06-01T00:00:00Z,1.2503,1.25417,1.2377799999999999,1.2481200000000001,92069,0,200
2009-06-02T00:00:00Z,1.24819,1.25224,1.2450700000000001,1.25012,95974,0,200
2009-06-03T00:00:00Z,1.25018,1.26932,1.24859,1.26219,113481,0,200
2009-06-04T00:00:00Z,1.26224,1.2726199999999999,1.25905,1.26454,103368,0,200
2009-06-05T00:00:00Z,1.26458,1.26782,1.26016,1.26513,83377,0,200
2009-06-07T00:00:00Z,1.2683,1.2718,1.2667,1.26706,1758,0,120
2009-06-08T00:00:00Z,1.26703,1.27443,1.26529,1.26946,88842,0,200
2009-06-09T00:00:00Z,1.26952,1.28195,1.2689,1.27749,98777,0,200
2009-06-10T00:00:00Z,1.27756,1.28345,1.26369,1.2655699999999999,94980,0,200
2009-06-11T00:00:00Z,1.26556,1.2746,1.2641,1.26943,104236,0,200
2009-06-12T00:00:00Z,1.26944,1.27101,1.26119,1.2619099999999999,76827,0,200
2009-06-14T00:00:00Z,1.2664,1.2673,1.2635100000000001,1.26421,2276,0,120
2009-06-15T00:00:00Z,1.26425,1.26933,1.25556,1.25905,83946,0,200
2009-06-16T00:00:00Z,1.25902,1.26333,1.25388,1.25865,100666,0,200
2009-06-17T00:00:00Z,1.25875,1.26102,1.24926,1.25403,106041,0,200
2009-06-18T00:00:00Z,1.25406,1.25794,1.24689,1.24927,71989,0,200
2009-06-19T00:00:00Z,1.24922,1.25948,1.24802,1.25319,52418,0,200
2009-06-21T00:00:00Z,1.2509000000000001,1.25136,1.24775,1.24808,1316,0,200
2009-06-22T00:00:00Z,1.24809,1.25482,1.24613,1.24989,84124,0,200
2009-06-23T00:00:00Z,1.24996,1.2506300000000001,1.23838,1.24207,105152,0,200
2009-06-24T00:00:00Z,1.24211,1.2472,1.23771,1.24674,89130,0,200
2009-06-25T00:00:00Z,1.24678,1.25115,1.23975,1.25039,72987,0,200
2009-06-26T00:00:00Z,1.25033,1.25268,1.24447,1.24999,72554,0,200
2009-06-28T00:00:00Z,1.24807,1.24941,1.24511,1.24511,766,0,200
2009-06-29T00:00:00Z,1.24526,1.24688,1.23763,1.2408299999999999,65933,0,200
2009-06-30T00:00:00Z,1.2408,1.25035,1.23797,1.24695,82586,0,200
2009-07-01T00:00:00Z,1.24705,1.26359,1.24528,1.26057,70116,0,200
2009-07-02T00:00:00Z,1.26056,1.26794,1.25663,1.26294,81877,0,200
2009-07-03T00:00:00Z,1.26288,1.2674400000000001,1.25729,1.26375,45969,0,200
2009-07-05T00:00:00Z,1.26322,1.2640500000000001,1.26142,1.26326,810,0,200
2009-07-06T00:00:00Z,1.26328,1.26627,1.24897,1.25034,75507,0,200
2009-07-07T00:00:00Z,1.25031,1.2576399999999999,1.24918,1.25416,73448,0,200
2009-07-08T00:00:00Z,1.25413,1.2543,1.23909,1.24031,93124,0,200
2009-07-09T00:00:00Z,1.24034,1.24574,1.23696,1.23823,80131,0,200
2009-07-10T00:00:00Z,1.23822,1.24362,1.2334,1.23947,77240,0,200
2009-07-12T00:00:00Z,1.23986,1.2426,1.23938,1.2396,1193,0,200
2009-07-13T00:00:00Z,1.23959,1.24533,1.23379,1.23488,80939,0,200
2009-07-14T00:00:00Z,1.2348,1.2434,1.23361,1.23943,58252,0,200
2009-07-15T00:00:00Z,1.2394,1.24657,1.23287,1.23575,69895,0,200
2009-07-16T00:00:00Z,1.23569,1.24895,1.2336,1.2407,83360,0,200
2009-07-17T00:00:00Z,1.24068,1.24623,1.23866,1.24307,69528,0,200
2009-07-19T00:00:00Z,1.24224,1.24346,1.24187,1.24271,813,0,200
2009-07-20T00:00:00Z,1.2427,1.2451699999999999,1.23668,1.23769,75399,0,200
2009-07-21T00:00:00Z,1.23761,1.24541,1.23668,1.24167,76954,0,200
2009-07-22T00:00:00Z,1.2417,1.24494,1.23448,1.23645,78163,0,200
2009-07-23T00:00:00Z,1.23636,1.24407,1.23573,1.24145,68484,0,200
2009-07-24T00:00:00Z,1.24147,1.24558,1.24044,1.24463,56738,0,200
2009-07-26T00:00:00Z,1.2445,1.2474,1.2435,1.24539,2353,0,120
2009-07-27T00:00:00Z,1.2454,1.254,1.2447,1.25305,73523,0,200
2009-07-28T00:00:00Z,1.25302,1.25808,1.25125,1.25605,80451,0,200
2009-07-29T00:00:00Z,1.2561,1.25818,1.2401,1.256,90256,0,200
2009-07-30T00:00:00Z,1.25601,1.26689,1.25394,1.2638,80343,0,200
2009-07-31T00:00:00Z,1.26385,1.26502,1.2589000000000001,1.26169,70693,0,200
2009-08-02T00:00:00Z,1.2644,1.2657,1.2591,1.26318,3305,0,120
2009-08-03T00:00:00Z,1.2631700000000001,1.26453,1.2577099999999999,1.2589299999999999,73768,0,200
2009-08-04T00:00:00Z,1.259,1.26563,1.24997,1.25004,84010,0,200
2009-08-05T00:00:00Z,1.25003,1.25396,1.24333,1.25058,69894,0,200
2009-08-06T00:00:00Z,1.25057,1.25752,1.24876,1.25165,71586,0,200
2009-08-07T00:00:00Z,1.25182,1.25254,1.23659,1.24366,63021,0,200
2009-08-09T00:00:00Z,1.24481,1.24588,1.24289,1.24408,755,0,200
2009-08-10T00:00:00Z,1.24407,1.24714,1.23475,1.23605,59681,0,200
2009-08-11T00:00:00Z,1.23598,1.24607,1.23421,1.2397,72582,0,200
2009-08-12T00:00:00Z,1.23969,1.24237,1.23445,1.2405599999999999,85274,0,200
2009-08-13T00:00:00Z,1.24057,1.24503,1.2359499999999999,1.23858,74906,0,200
2009-08-14T00:00:00Z,1.23862,1.24167,1.2239200000000001,1.22633,76753,0,200
2009-08-16T00:00:00Z,1.2276,1.2302,1.22681,1.2286,2708,0,120
2009-08-17T00:00:00Z,1.22872,1.23241,1.22352,1.22802,88262,0,200
2009-08-18T00:00:00Z,1.22805,1.23009,1.21948,1.22398,74435,0,200
2009-08-19T00:00:00Z,1.22399,1.2295099999999999,1.2221,1.22766,85338,0,200
2009-08-20T00:00:00Z,1.22763,1.23216,1.22477,1.22671,64994,0,200
2009-08-21T00:00:00Z,1.22675,1.22825,1.21826,1.22169,59661,0,200
2009-08-23T00:00:00Z,1.2219,1.2236,1.2196799999999999,1.22178,2532,0,120
2009-08-24T00:00:00Z,1.22173,1.22735,1.21971,1.22116,57675,0,200
2009-08-25T00:00:00Z,1.22115,1.22216,1.21732,1.21815,55611,0,200
2009-08-26T00:00:00Z,1.21808,1.21875,1.21214,1.21313,60159,0,200
2009-08-27T00:00:00Z,1.21307,1.22434,1.21123,1.22008,61738,0,200
2009-08-28T00:00:00Z,1.22013,1.23061,1.21881,1.22783,55391,0,200
2009-08-30T00:00:00Z,1.2288999999999999,1.2305,1.2276,1.22857,2775,0,120
2009-08-31T00:00:00Z,1.22852,1.2315,1.2253,1.2264,55338,0,200
2009-09-01T00:00:00Z,1.2264,1.2297,1.2204,1.2225,67742,0,200
2009-09-02T00:00:00Z,1.2225,1.2406,1.2205,1.237,65718,0,200
2009-09-03T00:00:00Z,1.237,1.2393,1.2321,1.2354,59874,0,200
2009-09-04T00:00:00Z,1.2355,1.238,1.2294,1.2361,53939,0,200
2009-09-06T00:00:00Z,1.2358,1.2378,1.2345,1.2356,2325,0,120
2009-09-07T00:00:00Z,1.2355,1.2377,1.2313,1.2346,31370,0,200
2009-09-08T00:00:00Z,1.2347,1.2416,1.2325,1.2381,52998,0,200
2009-09-09T00:00:00Z,1.2381,1.2468,1.233,1.2347,37220,0,200
2009-09-10T00:00:00Z,1.2348,1.2373,1.2252,1.2256,19572,0,200
2009-09-11T00:00:00Z,1.2257,1.2281,1.2197,1.2197,18406,0,200
2009-09-13T00:00:00Z,1.2216,1.2241,1.2195,1.2234,1494,0,120
2009-09-14T00:00:00Z,1.2233,1.2299,1.2221,1.229,17546,0,200
2009-09-15T00:00:00Z,1.2288999999999999,1.2297,1.2233,1.2244,16731,0,200
2009-09-16T00:00:00Z,1.2246,1.2271,1.2205,1.224,16827,0,200
2009-09-17T00:00:00Z,1.2237,1.2281,1.222,1.2259,15857,0,200
2009-09-18T00:00:00Z,1.226,1.2275,1.2214,1.2224,14341,0,200
2009-09-20T00:00:00Z,1.2222,1.2241,1.2203,1.224,1425,0,120
2009-09-21T00:00:00Z,1.2241,1.225,1.2178,1.2182,14402,0,200
2009-09-22T00:00:00Z,1.2181,1.2185,1.205,1.2054,17506,0,200
2009-09-23T00:00:00Z,1.2053,1.2096,1.2011,1.2074,18822,0,200
2009-09-24T00:00:00Z,1.2073,1.2111,1.2032,1.2075,18180,0,200
2009-09-25T00:00:00Z,1.2076,1.2117,1.2049,1.2063,21091,0,200
2009-09-27T00:00:00Z,1.2081,1.2096,1.1997,1.2051,3336,0,120
2009-09-28T00:00:00Z,1.205,1.2187999999999999,1.1987,1.2165,18258,0,200
2009-09-29T00:00:00Z,1.2164,1.2204,1.2116,1.2183,18338,0,200
2009-09-30T00:00:00Z,1.2184,1.2235,1.2169,1.221,19443,0,200
2009-10-01T00:00:00Z,1.2209,1.2233,1.2107,1.2169,20011,0,200
2009-10-02T00:00:00Z,1.217,1.2226,1.2043,1.2078,18023,0,200
2009-10-04T00:00:00Z,1.2075,1.2137,1.2063,1.2099,1687,0,120
2009-10-05T00:00:00Z,1.21,1.2162,1.199,1.2006000000000001,15930,0,200
2009-10-06T00:00:00Z,1.2006000000000001,1.2149,1.1925,1.2088,34568,0,200
2009-10-07T00:00:00Z,1.2086999999999999,1.2145,1.2078,1.2086000000000001,16934,0,200
2009-10-08T00:00:00Z,1.2086999999999999,1.2234,1.2057,1.2209,17064,0,200
2009-10-09T00:00:00Z,1.2208,1.2339,1.2187000000000001,1.2301,16290,0,200
2009-10-11T00:00:00Z,1.2308,1.2333,1.2291,1.2328000000000001,1687,0,120
2009-10-12T00:00:00Z,1.2328999999999999,1.2422,1.2288000000000001,1.2291,13761,0,200
2009-10-13T00:00:00Z,1.2292,1.2353,1.2257,1.2273,16193,0,200
2009-10-14T00:00:00Z,1.2274,1.2387,1.2267000000000001,1.2311,15545,0,200
2009-10-15T00:00:00Z,1.2312,1.2391,1.2286,1.2351,15862,0,200
2009-10-16T00:00:00Z,1.2349999999999999,1.2417,1.2325,1.2366,16481,0,200
2009-10-18T00:00:00Z,1.2388,1.2389999999999999,1.2335,1.2355,2134,0,120
2009-10-19T00:00:00Z,1.2356,1.237,1.2255,1.2266,15679,0,200
2009-10-20T00:00:00Z,1.2267000000000001,1.2352,1.2266,1.2326,15624,0,200
2009-10-21T00:00:00Z,1.2325,1.2349999999999999,1.2194,1.2223,17486,0,200
2009-10-22T00:00:00Z,1.2229,1.2302,1.2197,1.2221,36840,0,120
2009-10-23T00:00:00Z,1.2222,1.2273,1.2206,1.2217,14977,0,200
2009-10-25T00:00:00Z,1.2206,1.2226,1.2187000000000001,1.2222,1174,0,120
2009-10-26T00:00:00Z,1.2223,1.2292,1.2206,1.2274,14510,0,200
2009-10-27T00:00:00Z,1.2275,1.2326,1.224,1.2319,16500,0,200
2009-10-28T00:00:00Z,1.2318,1.248,1.2277,1.248,21567,0,200
2009-10-29T00:00:00Z,1.2479,1.25388,1.242,1.25218,20311,0,200
2009-10-30T00:00:00Z,1.25228,1.25451,1.24725,1.25165,66103,0,200
2009-11-01T00:00:00Z,1.2535,1.2578,1.2507,1.25582,6513,0,120
2009-11-02T00:00:00Z,1.25572,1.2594,1.24977,1.25593,68011,0,100
2009-11-03T00:00:00Z,1.2558799999999999,1.25689,1.24795,1.24987,71721,0,100
2009-11-04T00:00:00Z,1.24986,1.25812,1.24606,1.25743,64418,0,100
2009-11-05T00:00:00Z,1.2573400000000001,1.26404,1.2564,1.26055,60454,0,100
2009-11-06T00:00:00Z,1.26054,1.26702,1.25967,1.26644,54379,0,100
2009-11-08T00:00:00Z,1.2553,1.2576,1.2515,1.25512,3365,0,120
2009-11-09T00:00:00Z,1.25508,1.25877,1.24853,1.24914,54436,0,100
2009-11-10T00:00:00Z,1.25,1.2551,1.2493,1.25433,83576,0,100
2009-11-11T00:00:00Z,1.25438,1.25805,1.25146,1.25577,64255,0,100
2009-11-12T00:00:00Z,1.2554,1.26394,1.255,1.25973,94908,0,100
2009-11-13T00:00:00Z,1.2597,1.26305,1.2525,1.25387,54776,0,100
2009-11-15T00:00:00Z,1.2563,1.25757,1.25586,1.25606,2163,0,120
2009-11-16T00:00:00Z,1.2560799999999999,1.25929,1.2486,1.24978,58504,0,100
2009-11-17T00:00:00Z,1.24966,1.2515399999999999,1.24304,1.24694,68610,0,100
2009-11-18T00:00:00Z,1.24692,1.24834,1.24357,1.24458,54732,0,100
2009-11-19T00:00:00Z,1.24454,1.25873,1.24443,1.25701,70069,0,100
2009-11-20T00:00:00Z,1.25705,1.2638,1.25647,1.26212,68149,0,100
2009-11-22T00:00:00Z,1.2634,1.2650000000000001,1.2612999999999999,1.2628300000000001,3763,0,120
2009-11-23T00:00:00Z,1.26285,1.26729,1.258,1.2610700000000001,62284,0,100
2009-11-24T00:00:00Z,1.26106,1.2695699999999999,1.26009,1.26828,64496,0,100
2009-11-25T00:00:00Z,1.26827,1.27523,1.26617,1.2714699999999999,53130,0,100
2009-11-26T00:00:00Z,1.2714400000000001,1.278,1.27047,1.27427,55452,0,100
2009-11-27T00:00:00Z,1.27417,1.28138,1.26791,1.27348,66146,0,100
2009-11-29T00:00:00Z,1.278,1.2786,1.2748,1.2760099999999999,4654,0,120
2009-11-30T00:00:00Z,1.27595,1.2805,1.27098,1.27725,67683,0,115
2009-12-01T00:00:00Z,1.27724,1.2800099999999999,1.26618,1.27245,60508,0,100
2009-12-02T00:00:00Z,1.27253,1.28091,1.27165,1.27984,53573,0,100
2009-12-03T00:00:00Z,1.27985,1.28365,1.27583,1.2784900000000001,55747,0,100
2009-12-04T00:00:00Z,1.27841,1.27959,1.27362,1.27553,56021,0,100
2009-12-06T00:00:00Z,1.2747,1.2778,1.2745,1.275,3156,0,120
2009-12-07T00:00:00Z,1.27492,1.2809,1.27229,1.27843,75493,0,100
2009-12-08T00:00:00Z,1.2786,1.28038,1.27565,1.27753,84337,0,100
2009-12-09T00:00:00Z,1.27744,1.27943,1.25681,1.25873,71253,0,100
2009-12-10T00:00:00Z,1.25887,1.26436,1.25314,1.2574,59545,0,120
2009-12-11T00:00:00Z,1.25736,1.26154,1.2553,1.25735,47536,0,100
2009-12-13T00:00:00Z,1.2558,1.2579,1.2527,1.25573,2821,0,120
2009-12-14T00:00:00Z,1.2558,1.26006,1.25089,1.25809,52493,0,100
2009-12-15T00:00:00Z,1.25808,1.25871,1.25288,1.25472,50281,0,100
2009-12-16T00:00:00Z,1.25467,1.25552,1.24588,1.24862,57980,0,100
2009-12-17T00:00:00Z,1.24866,1.25302,1.24409,1.24655,60356,0,100
2009-12-18T00:00:00Z,1.2465600000000001,1.25349,1.24617,1.2494399999999999,53921,0,100
2009-12-20T00:00:00Z,1.2517,1.2518,1.249,1.25018,2047,0,120
2009-12-21T00:00:00Z,1.25019,1.25209,1.24494,1.24845,48917,0,100
2009-12-22T00:00:00Z,1.24846,1.25394,1.24551,1.25304,48181,0,100
2009-12-23T00:00:00Z,1.2530299999999999,1.25362,1.24669,1.2475,40251,0,100
2009-12-24T00:00:00Z,1.24754,1.2528000000000001,1.2472699999999999,1.2515399999999999,23026,0,100
2009-12-27T00:00:00Z,1.2523,1.2525,1.2501,1.25064,1154,0,120
2009-12-28T00:00:00Z,1.2505,1.25329,1.24872,1.25113,29824,0,150
2009-12-29T00:00:00Z,1.25114,1.25467,1.24132,1.24539,40825,0,100
2009-12-30T00:00:00Z,1.24538,1.24754,1.23479,1.23536,37719,0,100
2009-12-31T00:00:00Z,1.23537,1.2397,1.23122,1.23557,31853,0,115
2010-01-03T00:00:00Z,1.2401,1.2405,1.2379,1.2389999999999999,2140,0,120
2010-01-04T00:00:00Z,1.23884,1.2461,1.23851,1.24172,50582,0,100
2010-01-05T00:00:00Z,1.2417,1.24513,1.23946,1.2418,55714,0,100
2010-01-06T00:00:00Z,1.24177,1.25031,1.24152,1.24565,52096,0,100
2010-01-07T00:00:00Z,1.24569,1.25268,1.24414,1.25175,54576,0,100
2010-01-08T00:00:00Z,1.2517800000000001,1.2554,1.24919,1.2537099999999999,40367,0,100
2010-01-10T00:00:00Z,1.2544,1.25687,1.2532,1.25614,3325,0,120
2010-01-11T00:00:00Z,1.25613,1.25901,1.25076,1.25175,49223,0,100
2010-01-12T00:00:00Z,1.25171,1.25329,1.24338,1.2462,56020,0,100
2010-01-13T00:00:00Z,1.24614,1.24887,1.24417,1.24747,52773,0,100
2010-01-14T00:00:00Z,1.24746,1.25506,1.24453,1.25393,51722,0,100
2010-01-15T00:00:00Z,1.25392,1.25601,1.24789,1.24936,46289,0,100
2010-01-17T00:00:00Z,1.2538,1.2543,1.2514,1.25287,1858,0,120
2010-01-18T00:00:00Z,1.25269,1.2545600000000001,1.24903,1.25079,36534,0,100
2010-01-19T00:00:00Z,1.2508,1.2582,1.24728,1.2568,55611,0,100
2010-01-20T00:00:00Z,1.2567300000000001,1.26726,1.25512,1.26185,65240,0,100
2010-01-21T00:00:00Z,1.26178,1.26825,1.26053,1.26674,69988,0,100
2010-01-22T00:00:00Z,1.26665,1.27182,1.2636,1.26788,61308,0,100
2010-01-24T00:00:00Z,1.2675,1.26824,1.2646,1.26672,2895,0,120
2010-01-25T00:00:00Z,1.26674,1.27023,1.26331,1.26626,54509,0,100
2010-01-26T00:00:00Z,1.26628,1.27275,1.2641,1.2707600000000001,67093,0,100
2010-01-27T00:00:00Z,1.27074,1.27559,1.26455,1.26779,69513,0,100
2010-01-28T00:00:00Z,1.2678,1.27084,1.26508,1.26664,69244,0,100
2010-01-29T00:00:00Z,1.26665,1.26726,1.2575,1.25955,67779,0,100
2010-01-31T00:00:00Z,1.2551999999999999,1.25902,1.2541,1.25876,3313,0,120
2010-02-01T00:00:00Z,1.25867,1.2600500000000001,1.25451,1.25702,57676,0,100
2010-02-02T00:00:00Z,1.25698,1.25922,1.24088,1.24285,59087,0,100
2010-02-03T00:00:00Z,1.24284,1.2635,1.2427,1.26163,57717,0,100
2010-02-04T00:00:00Z,1.2616399999999999,1.26593,1.25549,1.26044,65587,0,100
2010-02-05T00:00:00Z,1.26041,1.2619799999999999,1.25302,1.25843,70266,0,100
2010-02-07T00:00:00Z,1.2591999999999999,1.2619,1.258,1.2597,3376,0,120
2010-02-08T00:00:00Z,1.25967,1.26609,1.2564600000000001,1.26383,60521,0,100
2010-02-09T00:00:00Z,1.26384,1.26531,1.2595,1.2612999999999999,69146,0,100
2010-02-10T00:00:00Z,1.26129,1.26343,1.25997,1.2621,61124,0,100
2010-02-11T00:00:00Z,1.26213,1.27613,1.26067,1.27482,64786,0,100
2010-02-12T00:00:00Z,1.27481,1.2754699999999999,1.27036,1.27145,60702,0,100
2010-02-14T00:00:00Z,1.2753999999999999,1.2758,1.2728,1.2738,1478,0,120
2010-02-15T00:00:00Z,1.27379,1.27528,1.27069,1.27399,34826,0,100
2010-02-16T00:00:00Z,1.27402,1.27751,1.2681,1.27489,58586,0,100
2010-02-17T00:00:00Z,1.27491,1.2785,1.2741,1.27804,56982,0,100
2010-02-18T00:00:00Z,1.27805,1.28301,1.2748300000000001,1.27829,65537,0,100
2010-02-19T00:00:00Z,1.27828,1.28708,1.27806,1.28389,62500,0,100
2010-02-21T00:00:00Z,1.2846,1.2858100000000001,1.2833999999999999,1.28559,3018,0,120
2010-02-22T00:00:00Z,1.28558,1.28558,1.2807,1.2825199999999999,51279,0,100
2010-02-23T00:00:00Z,1.28248,1.28742,1.28046,1.28388,61532,0,100
2010-02-24T00:00:00Z,1.28393,1.29096,1.2836400000000001,1.28768,62921,0,100
2010-02-25T00:00:00Z,1.2876699999999999,1.2919399999999999,1.28143,1.28299,66827,0,100
2010-02-26T00:00:00Z,1.28305,1.28345,1.27548,1.28136,58585,0,100
2010-02-28T00:00:00Z,1.2810000000000001,1.28407,1.2797,1.28328,2550,0,120
2010-03-01T00:00:00Z,1.28332,1.28911,1.28237,1.2852999999999999,56456,0,100
2010-03-02T00:00:00Z,1.28537,1.2993999999999999,1.28388,1.29696,62417,0,100
2010-03-03T00:00:00Z,1.29699,1.30955,1.29452,1.30404,58967,0,100
2010-03-04T00:00:00Z,1.30407,1.31208,1.30323,1.31014,60712,0,100
2010-03-05T00:00:00Z,1.31005,1.31071,1.30048,1.30126,47376,0,100
2010-03-07T00:00:00Z,1.3038,1.304,1.2977,1.30008,1424,0,63
2010-03-08T00:00:00Z,1.30014,1.30206,1.29586,1.29753,50449,0,63
2010-03-09T00:00:00Z,1.29748,1.30321,1.29658,1.30044,56249,0,100
2010-03-10T00:00:00Z,1.30047,1.30392,1.2922500000000001,1.30389,54315,0,100
2010-03-11T00:00:00Z,1.30385,1.3094999999999999,1.3007,1.30788,53357,0,100
2010-03-12T00:00:00Z,1.3079,1.3084,1.30283,1.30315,50864,0,100
2010-03-14T00:00:00Z,1.3035,1.30444,1.3025,1.30319,1761,0,120
2010-03-15T00:00:00Z,1.30312,1.30438,1.29764,1.29884,60120,0,120
2010-03-16T00:00:00Z,1.2987600000000001,1.30124,1.28739,1.28931,61918,0,100
2010-03-17T00:00:00Z,1.2892700000000001,1.29376,1.28667,1.29227,59985,0,100
2010-03-18T00:00:00Z,1.29223,1.29338,1.2851,1.2871000000000001,56873,0,100
2010-03-19T00:00:00Z,1.28698,1.2941,1.28628,1.29206,54725,0,100
2010-03-21T00:00:00Z,1.2934999999999999,1.2944,1.2916,1.29277,1934,0,120
2010-03-22T00:00:00Z,1.29287,1.30015,1.29066,1.29767,60301,0,100
2010-03-23T00:00:00Z,1.29765,1.30356,1.2949899999999999,1.30119,57189,0,100
2010-03-24T00:00:00Z,1.30121,1.30316,1.28997,1.2950599999999999,60709,0,100
2010-03-25T00:00:00Z,1.29507,1.29579,1.28535,1.28843,58523,0,100
2010-03-26T00:00:00Z,1.28837,1.2892700000000001,1.2812700000000001,1.28361,62126,0,100
2010-03-28T00:00:00Z,1.2821,1.2849,1.2812000000000001,1.28324,1749,0,120
2010-03-29T00:00:00Z,1.28325,1.29301,1.28253,1.2913999999999999,54739,0,100
2010-03-30T00:00:00Z,1.29143,1.29483,1.29033,1.29301,53965,0,100
2010-03-31T00:00:00Z,1.29302,1.29624,1.28728,1.29414,64652,0,100
2010-04-01T00:00:00Z,1.2941500000000001,1.30304,1.29196,1.2999,53456,0,100
2010-04-02T00:00:00Z,1.29989,1.3028,1.2986,1.30035,15750,0,100
2010-04-04T00:00:00Z,1.3007,1.302,1.2985,1.30128,1090,0,120
2010-04-05T00:00:00Z,1.30142,1.31104,1.301,1.30678,24460,0,100
2010-04-06T00:00:00Z,1.30679,1.3229199999999999,1.30416,1.31344,59415,0,100
2010-04-07T00:00:00Z,1.3134299999999999,1.31869,1.30694,1.31007,54145,0,100
2010-04-08T00:00:00Z,1.31005,1.31715,1.30864,1.31176,52358,0,100
2010-04-09T00:00:00Z,1.31175,1.31247,1.30117,1.30158,50744,0,100
2010-04-11T00:00:00Z,1.3041,1.3054000000000001,1.3012000000000001,1.30253,2172,0,120
2010-04-12T00:00:00Z,1.3025,1.30456,1.29788,1.29809,54921,0,100
2010-04-13T00:00:00Z,1.2981,1.30831,1.29414,1.30762,53906,0,100
2010-04-14T00:00:00Z,1.30758,1.31201,1.30624,1.30697,54290,0,100
2010-04-15T00:00:00Z,1.3069600000000001,1.31247,1.30563,1.31094,53513,0,100
2010-04-16T00:00:00Z,1.31095,1.31137,1.30198,1.3035,62208,0,100
2010-04-18T00:00:00Z,1.3013,1.3022,1.2995999999999999,1.30188,2618,0,120
2010-04-19T00:00:00Z,1.3019,1.3038699999999999,1.2937,1.30341,66411,0,100
2010-04-20T00:00:00Z,1.30343,1.31138,1.30085,1.3072599999999999,59367,0,100
2010-04-21T00:00:00Z,1.30728,1.31086,1.3035,1.30584,57878,0,100
2010-04-22T00:00:00Z,1.30585,1.30654,1.30112,1.30337,63204,0,100
2010-04-23T00:00:00Z,1.30335,1.30449,1.2903,1.29238,63358,0,100
2010-04-25T00:00:00Z,1.2905,1.2913999999999999,1.2894,1.29051,1495,0,120
2010-04-26T00:00:00Z,1.29053,1.29245,1.27996,1.2822200000000001,57943,0,100
2010-04-27T00:00:00Z,1.2821799999999999,1.28952,1.2801,1.28528,69509,0,100
2010-04-28T00:00:00Z,1.2852999999999999,1.29078,1.27943,1.28637,80031,0,100
2010-04-29T00:00:00Z,1.28635,1.2898100000000001,1.28006,1.28323,61034,0,100
2010-04-30T00:00:00Z,1.28322,1.28397,1.26813,1.27062,59823,0,100
2010-05-02T00:00:00Z,1.2683,1.2699,1.2637,1.2680799999999999,2629,0,120
2010-05-03T00:00:00Z,1.26806,1.2713999999999999,1.26397,1.26707,48853,0,100
2010-05-04T00:00:00Z,1.26703,1.26847,1.25919,1.2618800000000001,68773,0,100
2010-05-05T00:00:00Z,1.26193,1.26698,1.24811,1.24844,75151,0,63
2010-05-06T00:00:00Z,1.2484899999999999,1.25356,1.23987,1.24192,97314,0,100
2010-05-07T00:00:00Z,1.24193,1.2545899999999999,1.2392,1.2415,98430,0,100
2010-05-09T00:00:00Z,1.2486,1.2504,1.2441,1.24706,5581,0,120
2010-05-10T00:00:00Z,1.2471,1.25382,1.24265,1.2503600000000001,80520,0,100
2010-05-11T00:00:00Z,1.25018,1.252,1.24425,1.24668,78623,0,100
2010-05-12T00:00:00Z,1.2467,1.2527300000000001,1.24462,1.2500200000000001,78872,0,100
2010-05-13T00:00:00Z,1.25001,1.25678,1.24839,1.25618,73730,0,100
2010-05-14T00:00:00Z,1.25619,1.2579,1.24594,1.25213,73355,0,100
2010-05-16T00:00:00Z,1.2513,1.25377,1.25,1.25349,1496,0,120
2010-05-17T00:00:00Z,1.25347,1.25908,1.24338,1.25433,45426,0,100
2010-05-18T00:00:00Z,1.25443,1.2578,1.24348,1.24945,89880,0,100
2010-05-19T00:00:00Z,1.24964,1.25803,1.2427,1.2431,152874,0,100
2010-05-20T00:00:00Z,1.2431,1.24387,1.21214,1.2165300000000001,110665,0,100
2010-05-21T00:00:00Z,1.21652,1.23753,1.2153100000000001,1.22488,73905,0,100
2010-05-23T00:00:00Z,1.2293,1.2307,1.2231,1.22503,4062,0,120
2010-05-24T00:00:00Z,1.22502,1.23546,1.21871,1.22862,74595,0,100
2010-05-25T00:00:00Z,1.2286299999999999,1.2398,1.22152,1.23563,70313,0,100
2010-05-26T00:00:00Z,1.23565,1.24754,1.23135,1.23425,66895,0,100
2010-05-27T00:00:00Z,1.2343,1.2501,1.23384,1.24349,73831,0,100
2010-05-28T00:00:00Z,1.2435100000000001,1.2507,1.24179,1.24683,68064,0,50
2010-05-30T00:00:00Z,1.2463,1.2478,1.2445,1.24648,2915,0,120
2010-05-31T00:00:00Z,1.24649,1.24838,1.23886,1.24067,41244,0,100
2010-06-01T00:00:00Z,1.24039,1.24166,1.22848,1.22996,91332,0,100
2010-06-02T00:00:00Z,1.22998,1.23639,1.2278,1.23628,75279,0,100
2010-06-03T00:00:00Z,1.23627,1.23763,1.23018,1.23228,68121,0,100
2010-06-04T00:00:00Z,1.2322899999999999,1.23538,1.2252,1.22598,66924,0,100
2010-06-06T00:00:00Z,1.2253,1.2272,1.2222,1.22383,4596,0,120
2010-06-07T00:00:00Z,1.22381,1.23747,1.22036,1.23109,84541,0,100
2010-06-08T00:00:00Z,1.23112,1.2406,1.22881,1.23788,85958,0,100
2010-06-09T00:00:00Z,1.23791,1.24284,1.22884,1.22935,78426,0,69
2010-06-10T00:00:00Z,1.22933,1.23928,1.22933,1.23827,83210,0,100
2010-06-11T00:00:00Z,1.23826,1.2411,1.22726,1.23115,85837,0,100
2010-06-13T00:00:00Z,1.2331,1.2351,1.2312,1.23342,2375,0,120
2010-06-14T00:00:00Z,1.2334100000000001,1.23827,1.23157,1.23429,58888,0,100
2010-06-15T00:00:00Z,1.23435,1.2392,1.23145,1.2365599999999999,68947,0,100
2010-06-16T00:00:00Z,1.23657,1.2444600000000001,1.23502,1.23642,61665,0,64
2010-06-17T00:00:00Z,1.23637,1.2368999999999999,1.22836,1.2312400000000001,59753,0,100
2010-06-18T00:00:00Z,1.2312,1.23516,1.22991,1.23275,48884,0,100
2010-06-20T00:00:00Z,1.2344,1.2378,1.2334,1.23592,3972,0,120
2010-06-21T00:00:00Z,1.23586,1.24096,1.23331,1.23625,64982,0,100
2010-06-22T00:00:00Z,1.23623,1.24134,1.23487,1.23637,60579,0,100
2010-06-23T00:00:00Z,1.2364600000000001,1.23779,1.22183,1.22665,50141,0,64
2010-06-24T00:00:00Z,1.22666,1.23258,1.21984,1.22279,70177,0,100
2010-06-25T00:00:00Z,1.22276,1.22954,1.22038,1.22322,56486,0,100
2010-06-27T00:00:00Z,1.2203,1.2256,1.2201,1.22417,1900,0,120
2010-06-28T00:00:00Z,1.22412,1.23394,1.2227999999999999,1.23249,54047,0,68
2010-06-29T00:00:00Z,1.2325,1.2337799999999999,1.22293,1.22692,63512,0,100
2010-06-30T00:00:00Z,1.22718,1.23621,1.22448,1.22662,74347,0,74
2010-07-01T00:00:00Z,1.22664,1.2281900000000001,1.2186,1.22384,76033,0,20
2010-07-02T00:00:00Z,1.22381,1.2255,1.21322,1.22093,64271,0,43
2010-07-04T00:00:00Z,1.22,1.2233,1.2196,1.22212,1747,0,120
2010-07-05T00:00:00Z,1.22216,1.22482,1.21603,1.21793,35745,0,100
2010-07-06T00:00:00Z,1.21788,1.22938,1.21611,1.22786,70394,0,100
2010-07-07T00:00:00Z,1.22784,1.22982,1.22202,1.22637,66960,0,70
2010-07-08T00:00:00Z,1.22639,1.2404600000000001,1.22578,1.23658,66588,0,43
2010-07-09T00:00:00Z,1.23657,1.23801,1.23156,1.23281,52619,0,27
2010-07-11T00:00:00Z,1.2332,1.2356,1.232,1.23211,1913,0,120
2010-07-12T00:00:00Z,1.23213,1.23665,1.22823,1.22981,51365,0,44
2010-07-13T00:00:00Z,1.2303,1.2317,1.22306,1.23018,55227,0,100
2010-07-14T00:00:00Z,1.23019,1.23058,1.2184,1.2207,58799,0,100
2010-07-15T00:00:00Z,1.22069,1.22249,1.20902,1.21851,72774,0,100
2010-07-16T00:00:00Z,1.21849,1.22674,1.21474,1.22153,63822,0,100
2010-07-18T00:00:00Z,1.2214,1.2254,1.21978,1.22108,2916,0,120
2010-07-19T00:00:00Z,1.2209,1.23202,1.2201,1.22944,60028,0,100
2010-07-20T00:00:00Z,1.22939,1.2343,1.2282899999999999,1.23056,67818,0,100
2010-07-21T00:00:00Z,1.23058,1.23236,1.22693,1.23111,62168,0,100
2010-07-22T00:00:00Z,1.23108,1.2338,1.22688,1.2313399999999999,68005,0,100
2010-07-23T00:00:00Z,1.23133,1.23428,1.22621,1.23026,62744,0,100
2010-07-25T00:00:00Z,1.2314,1.2321,1.22879,1.23,2084,0,120
2010-07-26T00:00:00Z,1.22998,1.23203,1.226,1.22891,57173,0,100
2010-07-27T00:00:00Z,1.22886,1.23118,1.22559,1.2300200000000001,55243,0,100
2010-07-28T00:00:00Z,1.23003,1.236,1.21984,1.23424,66437,0,100
2010-07-29T00:00:00Z,1.23416,1.24572,1.23368,1.24358,61649,0,100
2010-07-30T00:00:00Z,1.24353,1.2500200000000001,1.24116,1.24457,58580,0,100
2010-08-01T00:00:00Z,1.2458,1.2479,1.2433,1.245,1020,0,120
2010-08-02T00:00:00Z,1.2451,1.24856,1.2415,1.24436,67813,0,100
2010-08-03T00:00:00Z,1.24434,1.24593,1.23955,1.2434,54555,0,100
2010-08-04T00:00:00Z,1.24343,1.2552400000000001,1.24054,1.25487,56355,0,100
2010-08-05T00:00:00Z,1.2549000000000001,1.25892,1.25114,1.25297,55465,0,100
2010-08-06T00:00:00Z,1.25295,1.2592400000000001,1.25045,1.25096,51321,0,100
2010-08-08T00:00:00Z,1.2521,1.2551,1.25,1.25111,1800,0,120
2010-08-09T00:00:00Z,1.25108,1.26021,1.2508,1.25555,47492,0,100
2010-08-10T00:00:00Z,1.2555,1.26452,1.2551700000000001,1.26197,65428,0,100
2010-08-11T00:00:00Z,1.2619500000000001,1.2634400000000001,1.25184,1.25534,70468,0,100
2010-08-12T00:00:00Z,1.25531,1.26443,1.25373,1.25653,70094,0,100
2010-08-13T00:00:00Z,1.2564899999999999,1.26606,1.2554,1.26376,59123,0,100
2010-08-15T00:00:00Z,1.2615,1.26602,1.2593,1.2652999999999999,2203,0,120
2010-08-16T00:00:00Z,1.26528,1.27103,1.26089,1.27097,62257,0,100
2010-08-17T00:00:00Z,1.27093,1.27211,1.26718,1.27036,62780,0,100
2010-08-18T00:00:00Z,1.27033,1.2711299999999999,1.25274,1.25818,60322,0,100
2010-08-19T00:00:00Z,1.25814,1.26673,1.25501,1.26101,65441,0,100
2010-08-20T00:00:00Z,1.26099,1.2659,1.25824,1.26388,62346,0,100
2010-08-22T00:00:00Z,1.2564,1.2585,1.2557,1.2569,2848,0,120
2010-08-23T00:00:00Z,1.25692,1.26485,1.25623,1.26063,55926,0,100
2010-08-24T00:00:00Z,1.26062,1.26255,1.25175,1.25529,67404,0,100
2010-08-25T00:00:00Z,1.25534,1.2652700000000001,1.25427,1.26003,70417,0,100
2010-08-26T00:00:00Z,1.26007,1.26411,1.25602,1.25882,64367,0,100
2010-08-27T00:00:00Z,1.2588300000000001,1.26445,1.2556,1.26355,58423,0,100
2010-08-29T00:00:00Z,1.2631000000000001,1.2667,1.2625,1.26436,2885,0,120
2010-08-30T00:00:00Z,1.26438,1.26765,1.2585,1.26579,52097,0,100
2010-08-31T00:00:00Z,1.26576,1.27675,1.26562,1.27505,68707,0,100
2010-09-01T00:00:00Z,1.27497,1.2826,1.27353,1.2769599999999999,58298,0,100
2010-09-02T00:00:00Z,1.27694,1.27864,1.26742,1.27321,49052,0,100
2010-09-03T00:00:00Z,1.27322,1.27365,1.2677100000000001,1.27157,41822,0,100
2010-09-05T00:00:00Z,1.2730000000000001,1.2742,1.2706,1.27188,2240,0,120
2010-09-06T00:00:00Z,1.27192,1.27246,1.26409,1.26654,33137,0,100
2010-09-07T00:00:00Z,1.26655,1.26811,1.26077,1.26753,52196,0,100
2010-09-08T00:00:00Z,1.2675,1.27475,1.26633,1.27024,60601,0,100
2010-09-09T00:00:00Z,1.2702499999999999,1.2775699999999999,1.2689,1.27231,58813,0,100
2010-09-10T00:00:00Z,1.2723200000000001,1.27487,1.26821,1.27044,50278,0,100
2010-09-12T00:00:00Z,1.2706,1.2743,1.2691,1.2735,2772,0,120
2010-09-13T00:00:00Z,1.27345,1.27939,1.27011,1.27821,52760,0,100
2010-09-14T00:00:00Z,1.2781799999999999,1.28225,1.2751299999999999,1.28091,62042,0,100
2010-09-15T00:00:00Z,1.28085,1.29119,1.27708,1.28962,64575,0,100
2010-09-16T00:00:00Z,1.28965,1.29582,1.28743,1.29104,61195,0,100
2010-09-17T00:00:00Z,1.29112,1.29497,1.28823,1.28873,57217,0,100
2010-09-19T00:00:00Z,1.29,1.2917,1.2883,1.2893,1110,0,120
2010-09-20T00:00:00Z,1.2892000000000001,1.30044,1.2875,1.29684,41045,0,100
2010-09-21T00:00:00Z,1.2968199999999999,1.30153,1.29494,1.30087,63040,0,100
2010-09-22T00:00:00Z,1.30091,1.30198,1.2904,1.30173,47600,0,100
2010-09-23T00:00:00Z,1.30178,1.30772,1.29873,1.302,68677,0,100
2010-09-24T00:00:00Z,1.3001,1.3074,1.29926,1.30551,45614,0,100
2010-09-26T00:00:00Z,1.3058,1.306,1.3021,1.30467,2023,0,120
2010-09-27T00:00:00Z,1.30466,1.3091,1.30309,1.3069,56550,0,100
2010-09-28T00:00:00Z,1.30693,1.30926,1.30526,1.30776,60034,0,100
2010-09-29T00:00:00Z,1.30772,1.31704,1.30705,1.3155999999999999,52516,0,100
2010-09-30T00:00:00Z,1.31562,1.31734,1.30895,1.31422,70251,0,100
2010-10-01T00:00:00Z,1.31423,1.31654,1.30407,1.30582,57459,0,100
2010-10-03T00:00:00Z,1.3061,1.3074,1.30501,1.3051300000000001,2347,0,120
2010-10-04T00:00:00Z,1.30528,1.30944,1.30222,1.30765,58774,0,100
2010-10-05T00:00:00Z,1.30768,1.31083,1.2891,1.29735,69177,0,100
2010-10-06T00:00:00Z,1.29733,1.2999800000000001,1.2943799999999999,1.29802,60370,0,100
2010-10-07T00:00:00Z,1.29801,1.31196,1.29401,1.3078400000000001,64627,0,100
2010-10-08T00:00:00Z,1.30785,1.31097,1.30393,1.3058,54324,0,100
2010-10-10T00:00:00Z,1.3073000000000001,1.3091,1.3058,1.3064,1276,0,120
2010-10-11T00:00:00Z,1.3065,1.30982,1.3032,1.3082500000000001,26033,0,100
2010-10-12T00:00:00Z,1.30827,1.30893,1.3013,1.30281,67165,0,100
2010-10-13T00:00:00Z,1.30282,1.3078400000000001,1.2974,1.30773,59829,0,100
2010-10-14T00:00:00Z,1.30775,1.3113299999999999,1.30381,1.30736,57783,0,100
2010-10-15T00:00:00Z,1.30737,1.31369,1.3057,1.30925,50595,0,100
2010-10-17T00:00:00Z,1.3121,1.3127,1.3083,1.3109600000000001,2534,0,120
2010-10-18T00:00:00Z,1.31097,1.31127,1.30527,1.30881,62377,0,100
2010-10-19T00:00:00Z,1.30884,1.31137,1.29678,1.30212,80946,0,100
2010-10-20T00:00:00Z,1.30214,1.30917,1.29907,1.30869,75992,0,100
2010-10-21T00:00:00Z,1.30866,1.3134299999999999,1.30697,1.31022,73847,0,100
2010-10-22T00:00:00Z,1.31023,1.31477,1.308,1.31471,57483,0,100
2010-10-24T00:00:00Z,1.3161,1.3174000000000001,1.31416,1.31546,2642,0,120
2010-10-25T00:00:00Z,1.31541,1.32144,1.31405,1.31658,67058,0,100
2010-10-26T00:00:00Z,1.3165499999999999,1.31739,1.31189,1.31626,69959,0,100
2010-10-27T00:00:00Z,1.31623,1.31734,1.29969,1.30188,77819,0,100
2010-10-28T00:00:00Z,1.30187,1.30495,1.29559,1.29728,68169,0,100
2010-10-29T00:00:00Z,1.2973,1.29762,1.2797,1.28228,63509,0,100
2010-10-31T00:00:00Z,1.2859,1.288,1.28457,1.28692,3069,0,120
2010-11-01T00:00:00Z,1.28693,1.29258,1.28377,1.28795,65098,0,100
2010-11-02T00:00:00Z,1.28787,1.30643,1.2877399999999999,1.29449,72743,0,100
2010-11-03T00:00:00Z,1.2945,1.2950300000000001,1.27338,1.2755,74460,0,100
2010-11-04T00:00:00Z,1.27556,1.28142,1.27129,1.2770299999999999,73805,0,100
2010-11-05T00:00:00Z,1.27706,1.28173,1.27215,1.27572,68835,0,100
2010-11-07T00:00:00Z,1.2784,1.283,1.2777,1.28153,2922,0,120
2010-11-08T00:00:00Z,1.2815400000000001,1.2859,1.27918,1.28423,73255,0,100
2010-11-09T00:00:00Z,1.28426,1.29451,1.28176,1.29311,84459,0,100
2010-11-10T00:00:00Z,1.29309,1.29523,1.28038,1.28414,83591,0,43
2010-11-11T00:00:00Z,1.28412,1.28702,1.27545,1.28063,73740,0,100
2010-11-12T00:00:00Z,1.28046,1.28116,1.2711700000000001,1.27231,83864,0,100
2010-11-14T00:00:00Z,1.2732,1.2756,1.2723,1.27472,1986,0,120
2010-11-15T00:00:00Z,1.27471,1.27935,1.27193,1.27236,76822,0,100
2010-11-16T00:00:00Z,1.27248,1.27645,1.26822,1.26944,83721,0,100
2010-11-17T00:00:00Z,1.26943,1.27521,1.26882,1.27152,74319,0,100
2010-11-18T00:00:00Z,1.2715,1.2745,1.26926,1.2699099999999999,67269,0,100
2010-11-19T00:00:00Z,1.26986,1.27134,1.26342,1.26543,58989,0,100
2010-11-21T00:00:00Z,1.2661,1.2683,1.2647,1.26733,2551,0,120
2010-11-22T00:00:00Z,1.26736,1.28445,1.26655,1.27859,72461,0,100
2010-11-23T00:00:00Z,1.27856,1.28194,1.27319,1.28074,83099,0,100
2010-11-24T00:00:00Z,1.28072,1.2919399999999999,1.28055,1.29152,76564,0,100
2010-11-25T00:00:00Z,1.29148,1.29433,1.28124,1.28346,52573,0,100
2010-11-26T00:00:00Z,1.28345,1.2870300000000001,1.27987,1.28531,65802,0,100
2010-11-28T00:00:00Z,1.2865,1.2871000000000001,1.2846,1.28511,3425,0,120
2010-11-29T00:00:00Z,1.28508,1.29115,1.28365,1.28969,74141,0,100
2010-11-30T00:00:00Z,1.2897,1.29315,1.28724,1.29279,86057,0,100
2010-12-01T00:00:00Z,1.29278,1.29327,1.28575,1.29044,83385,0,100
2010-12-02T00:00:00Z,1.29038,1.29405,1.28167,1.29087,77658,0,100
2010-12-03T00:00:00Z,1.29092,1.29829,1.28945,1.2953999999999999,68982,0,100
2010-12-05T00:00:00Z,1.296,1.2974,1.29474,1.29522,2834,0,120
2010-12-06T00:00:00Z,1.29524,1.30057,1.29218,1.29761,65593,0,100
2010-12-07T00:00:00Z,1.2976,1.30264,1.29563,1.29821,76375,0,100
2010-12-08T00:00:00Z,1.29822,1.31353,1.29767,1.30952,79316,0,100
2010-12-09T00:00:00Z,1.30953,1.3208,1.30782,1.3131,77909,0,100
2010-12-10T00:00:00Z,1.31311,1.31773,1.3121399999999999,1.31629,56543,0,30
2010-12-12T00:00:00Z,1.3178,1.3178,1.31545,1.3158699999999999,1376,0,120
2010-12-13T00:00:00Z,1.3159,1.32623,1.31366,1.32286,58860,0,100
2010-12-14T00:00:00Z,1.32285,1.3281800000000001,1.32123,1.32749,60425,0,72
2010-12-15T00:00:00Z,1.32748,1.33501,1.3231600000000001,1.33237,68989,0,10
2010-12-16T00:00:00Z,1.33239,1.34266,1.33215,1.33547,62968,0,28
2010-12-17T00:00:00Z,1.3354599999999999,1.34096,1.33366,1.3407499999999999,59711,0,100
2010-12-19T00:00:00Z,1.3428,1.3429,1.3392,1.34198,2208,0,120
2010-12-20T00:00:00Z,1.34199,1.3428200000000001,1.33532,1.33975,65413,0,60
2010-12-21T00:00:00Z,1.33976,1.34183,1.33133,1.34087,66786,0,60
2010-12-22T00:00:00Z,1.3409200000000001,1.35086,1.33864,1.34415,62425,0,60
2010-12-23T00:00:00Z,1.34414,1.34886,1.33992,1.3403,53941,0,60
2010-12-24T00:00:00Z,1.34029,1.34355,1.3378700000000001,1.33972,21409,0,60
2010-12-26T00:00:00Z,1.339,1.3418999999999999,1.3378999999999999,1.33874,2126,0,120
2010-12-27T00:00:00Z,1.33872,1.3431600000000001,1.33624,1.33928,45332,0,60
2010-12-28T00:00:00Z,1.33933,1.34216,1.32652,1.33636,50115,0,65
2010-12-29T00:00:00Z,1.3363399999999999,1.3363800000000001,1.32252,1.32568,46382,0,60
2010-12-30T00:00:00Z,1.32566,1.32595,1.31371,1.31543,49155,0,60
2010-12-31T00:00:00Z,1.31541,1.31821,1.3057699999999999,1.30979,32207,0,60
2011-01-02T00:00:00Z,1.3135,1.3155000000000001,1.31119,1.3112300000000001,2223,0,120
2011-01-03T00:00:00Z,1.31118,1.31659,1.31021,1.31321,45098,0,65
2011-01-04T00:00:00Z,1.31323,1.31627,1.30774,1.3106900000000001,65385,0,60
2011-01-05T00:00:00Z,1.31073,1.32038,1.30664,1.31744,71035,0,60
2011-01-06T00:00:00Z,1.31746,1.31795,1.3112,1.31296,62633,0,60
2011-01-07T00:00:00Z,1.313,1.31301,1.30698,1.30954,66386,0,60
2011-01-09T00:00:00Z,1.3086,1.3103,1.30644,1.30987,1709,0,120
2011-01-10T00:00:00Z,1.30992,1.31044,1.3005200000000001,1.30232,64080,0,60
2011-01-11T00:00:00Z,1.30233,1.30243,1.29169,1.29283,77438,0,60
2011-01-12T00:00:00Z,1.29284,1.30864,1.29284,1.30523,71930,0,60
2011-01-13T00:00:00Z,1.30523,1.30712,1.29172,1.29224,71222,0,60
2011-01-14T00:00:00Z,1.29219,1.29878,1.28442,1.28976,66852,0,60
2011-01-16T00:00:00Z,1.289,1.2903,1.2871299999999999,1.2875,1984,0,120
2011-01-17T00:00:00Z,1.28754,1.28817,1.28314,1.28494,53010,0,49
2011-01-18T00:00:00Z,1.2849599999999999,1.29575,1.28294,1.2918,77701,0,60
2011-01-19T00:00:00Z,1.29181,1.30339,1.29031,1.30215,83339,0,45
2011-01-20T00:00:00Z,1.30214,1.3069,1.29474,1.3042099999999999,93065,0,60
2011-01-21T00:00:00Z,1.3042,1.30754,1.30017,1.30315,77879,0,60
2011-01-23T00:00:00Z,1.3028,1.3042,1.3021,1.30309,2035,0,120
2011-01-24T00:00:00Z,1.30313,1.30894,1.29919,1.30438,70108,0,60
2011-01-25T00:00:00Z,1.30439,1.30463,1.29511,1.29571,84973,0,60
2011-01-26T00:00:00Z,1.2957,1.30115,1.28972,1.29112,73899,0,10
2011-01-27T00:00:00Z,1.2911299999999999,1.29149,1.28024,1.28087,81875,0,23
2011-01-28T00:00:00Z,1.28085,1.28712,1.27711,1.28373,74957,0,24
2011-01-30T00:00:00Z,1.2843,1.2859,1.2818,1.28209,4074,0,120
2011-01-31T00:00:00Z,1.28208,1.2917,1.28178,1.28959,76314,0,60
2011-02-01T00:00:00Z,1.28961,1.29986,1.2883200000000001,1.29156,83348,0,60
2011-02-02T00:00:00Z,1.29157,1.30652,1.2885,1.30585,70048,0,60
2011-02-03T00:00:00Z,1.30584,1.31332,1.30315,1.31211,72536,0,60
2011-02-04T00:00:00Z,1.31213,1.3205200000000001,1.31076,1.3155700000000001,46050,0,60
2011-02-06T00:00:00Z,1.3165,1.3174000000000001,1.31412,1.31413,1563,0,120
2011-02-07T00:00:00Z,1.31412,1.32007,1.30973,1.31076,44961,0,60
2011-02-08T00:00:00Z,1.31075,1.31415,1.30412,1.30776,42711,0,60
2011-02-09T00:00:00Z,1.30775,1.3143,1.30606,1.30926,45352,0,60
2011-02-10T00:00:00Z,1.30927,1.31658,1.3054999999999999,1.31394,64832,0,60
2011-02-11T00:00:00Z,1.3137400000000001,1.32044,1.31078,1.3164500000000001,45271,0,60
2011-02-13T00:00:00Z,1.3197,1.3229,1.3197,1.32135,2773,0,120
2011-02-14T00:00:00Z,1.32138,1.32798,1.32131,1.32528,59837,0,60
2011-02-15T00:00:00Z,1.32527,1.3302800000000001,1.32297,1.32496,61118,0,60
2011-02-16T00:00:00Z,1.32495,1.3291,1.32155,1.32705,65818,0,60
2011-02-17T00:00:00Z,1.32706,1.33381,1.32706,1.33277,52126,0,60
2011-02-18T00:00:00Z,1.33278,1.33278,1.3256000000000001,1.33096,52340,0,60
2011-02-20T00:00:00Z,1.3281,1.3298,1.32629,1.32778,2057,0,120
2011-02-21T00:00:00Z,1.32776,1.32907,1.3183,1.32122,48226,0,60
2011-02-22T00:00:00Z,1.3212,1.34245,1.32116,1.3364500000000001,89375,0,60
2011-02-23T00:00:00Z,1.33646,1.34644,1.33433,1.34476,80633,0,60
2011-02-24T00:00:00Z,1.34477,1.34982,1.34335,1.34464,83220,0,62
2011-02-25T00:00:00Z,1.34467,1.35497,1.34462,1.35297,66103,0,60
2011-02-27T00:00:00Z,1.3521,1.3527,1.34811,1.34818,3270,0,120
2011-02-28T00:00:00Z,1.34819,1.3547,1.3465,1.35229,71276,0,60
2011-03-01T00:00:00Z,1.35227,1.35709,1.34942,1.35529,74555,0,60
2011-03-02T00:00:00Z,1.35531,1.3692,1.3550900000000001,1.36691,70070,0,60
2011-03-03T00:00:00Z,1.36693,1.37059,1.36045,1.36812,69426,0,60
2011-03-04T00:00:00Z,1.36813,1.37637,1.3664,1.37192,57078,0,34
2011-03-06T00:00:00Z,1.3759000000000001,1.3771,1.37435,1.37491,2243,0,120
2011-03-07T00:00:00Z,1.37492,1.37918,1.37029,1.37174,64985,0,60
2011-03-08T00:00:00Z,1.37173,1.3725100000000001,1.3612600000000001,1.3622,70279,0,60
2011-03-09T00:00:00Z,1.36233,1.3765100000000001,1.35805,1.37047,72567,0,60
2011-03-10T00:00:00Z,1.37048,1.37141,1.35897,1.36277,81321,0,60
2011-03-11T00:00:00Z,1.3626800000000001,1.36531,1.3547500000000001,1.36405,74967,0,60
2011-03-13T00:00:00Z,1.3652,1.3723,1.3627,1.36465,4869,0,120
2011-03-14T00:00:00Z,1.36464,1.36758,1.36114,1.36415,69514,0,60
2011-03-15T00:00:00Z,1.36416,1.36511,1.3498299999999999,1.3562699999999999,102842,0,60
2011-03-16T00:00:00Z,1.35626,1.36706,1.34351,1.35599,101387,0,60
2011-03-17T00:00:00Z,1.3559700000000001,1.37178,1.35393,1.36163,92704,0,60
2011-03-18T00:00:00Z,1.36164,1.36631,1.35731,1.36166,70897,0,60
2011-03-20T00:00:00Z,1.363,1.3645,1.36025,1.36161,2955,0,120
2011-03-21T00:00:00Z,1.36163,1.37158,1.3602,1.36652,65234,0,60
2011-03-22T00:00:00Z,1.36651,1.36724,1.35894,1.36342,64276,0,60
2011-03-23T00:00:00Z,1.3634,1.36805,1.36013,1.3614600000000001,68569,0,60
2011-03-24T00:00:00Z,1.36145,1.36399,1.35527,1.35738,68531,0,60
2011-03-25T00:00:00Z,1.35741,1.36233,1.35646,1.36062,58795,0,60
2011-03-27T00:00:00Z,1.3589,1.3645,1.3586,1.36303,3401,0,120
2011-03-28T00:00:00Z,1.36299,1.3727,1.36129,1.36274,61381,0,60
2011-03-29T00:00:00Z,1.36272,1.36569,1.35622,1.35978,62416,0,60
2011-03-30T00:00:00Z,1.35977,1.3612600000000001,1.3517000000000001,1.35342,64339,0,60
2011-03-31T00:00:00Z,1.35339,1.35985,1.35251,1.35712,65137,0,60
2011-04-01T00:00:00Z,1.35713,1.36007,1.3508499999999999,1.3513600000000001,60509,0,60
2011-04-03T00:00:00Z,1.3531,1.3534,1.3506,1.35176,2830,0,120
2011-04-04T00:00:00Z,1.35175,1.35282,1.3471899999999999,1.34881,53522,0,60
2011-04-05T00:00:00Z,1.3488,1.34907,1.33949,1.34371,57038,0,60
2011-04-06T00:00:00Z,1.34366,1.3447200000000001,1.33688,1.34117,60369,0,60
2011-04-07T00:00:00Z,1.34116,1.3502100000000001,1.3360699999999999,1.34439,63682,0,60
2011-04-08T00:00:00Z,1.34443,1.35168,1.3433,1.3485800000000001,57309,0,60
2011-04-10T00:00:00Z,1.3483,1.3518,1.3477999999999999,1.35068,2653,0,120
2011-04-11T00:00:00Z,1.35069,1.35164,1.34121,1.34145,51152,0,60
2011-04-12T00:00:00Z,1.34147,1.34205,1.33066,1.3308200000000001,73043,0,60
2011-04-13T00:00:00Z,1.3307,1.33319,1.32571,1.3317999999999999,64845,0,60
2011-04-14T00:00:00Z,1.33178,1.33236,1.32402,1.32691,69764,0,60
2011-04-15T00:00:00Z,1.3268900000000001,1.32833,1.31952,1.3207499999999999,57556,0,60
2011-04-17T00:00:00Z,1.3201,1.3287,1.31886,1.3244,3875,0,120
2011-04-18T00:00:00Z,1.3243800000000001,1.33738,1.32413,1.33273,67832,0,60
2011-04-19T00:00:00Z,1.3327499999999999,1.3358400000000001,1.32968,1.3338700000000001,63199,0,60
2011-04-20T00:00:00Z,1.33386,1.34374,1.3289900000000001,1.34047,64195,0,60
2011-04-21T00:00:00Z,1.34051,1.3446799999999999,1.33813,1.34032,59262,0,60
2011-04-22T00:00:00Z,1.34033,1.34105,1.33615,1.33658,14060,0,60
2011-04-24T00:00:00Z,1.3396,1.3415,1.3385,1.33941,1971,0,120
2011-04-25T00:00:00Z,1.33938,1.34105,1.33773,1.33959,43221,0,60
2011-04-26T00:00:00Z,1.33958,1.34027,1.3345500000000001,1.336,61176,0,60
2011-04-27T00:00:00Z,1.33596,1.35617,1.33259,1.35205,68531,0,60
2011-04-28T00:00:00Z,1.3520400000000001,1.3639299999999999,1.35183,1.35976,69436,10152318000,25
2011-04-29T00:00:00Z,1.35978,1.36142,1.35162,1.35351,51679,0,60
2011-05-01T00:00:00Z,1.3538999999999999,1.3604,1.3536000000000001,1.35518,4925,0,120
2011-05-02T00:00:00Z,1.35519,1.35955,1.35364,1.35816,61828,0,60
2011-05-03T00:00:00Z,1.35812,1.36098,1.35232,1.35724,74636,0,60
2011-05-04T00:00:00Z,1.35725,1.37005,1.35339,1.35439,79608,0,60
2011-05-05T00:00:00Z,1.35435,1.36025,1.34449,1.34612,85103,0,60
2011-05-06T00:00:00Z,1.34611,1.3593199999999999,1.3437999999999999,1.35244,87114,0,60
2011-05-08T00:00:00Z,1.3551,1.3578999999999999,1.35288,1.35561,3807,0,120
2011-05-09T00:00:00Z,1.3556300000000001,1.36313,1.35293,1.3612199999999999,73011,0,60
2011-05-10T00:00:00Z,1.36121,1.36502,1.35557,1.3632900000000001,69681,0,60
2011-05-11T00:00:00Z,1.36331,1.36785,1.35289,1.353,63122,0,60
2011-05-12T00:00:00Z,1.35303,1.35459,1.33545,1.3412899999999999,66917,0,60
2011-05-13T00:00:00Z,1.34131,1.34973,1.33899,1.34179,45768,0,60
2011-05-15T00:00:00Z,1.3469,1.3469,1.34046,1.3428499999999999,3764,0,120
2011-05-16T00:00:00Z,1.34286,1.3585099999999999,1.34182,1.35438,56753,0,60
2011-05-17T00:00:00Z,1.35439,1.35779,1.35096,1.35179,54048,0,32
2011-05-18T00:00:00Z,1.35196,1.35447,1.3426,1.34605,33305,0,20
2011-05-19T00:00:00Z,1.34596,1.351,1.34324,1.34771,32480,0,20
2011-05-20T00:00:00Z,1.34772,1.34828,1.337,1.3388,28905,0,21
2011-05-22T00:00:00Z,1.3402,1.3408,1.3369,1.33936,2075,0,68
2011-05-23T00:00:00Z,1.3397000000000001,1.34001,1.3268,1.32958,35970,0,20
2011-05-24T00:00:00Z,1.3298,1.33061,1.31786,1.32341,32426,0,20
2011-05-25T00:00:00Z,1.3235299999999999,1.3252,1.31547,1.31956,51039,0,35
2011-05-26T00:00:00Z,1.31964,1.32001,1.30596,1.3127900000000001,60951,0,34
2011-05-27T00:00:00Z,1.31274,1.31486,1.30429,1.30429,67523,0,34
2011-05-29T00:00:00Z,1.3102,1.3104,1.3012000000000001,1.30724,3015,0,120
2011-05-30T00:00:00Z,1.3072599999999999,1.3090600000000001,1.3008899999999999,1.30689,36376,0,60
2011-05-31T00:00:00Z,1.30686,1.30853,1.29173,1.2935400000000001,66091,0,60
2011-06-01T00:00:00Z,1.29356,1.30786,1.29343,1.3026900000000001,75919,0,60
2011-06-02T00:00:00Z,1.30268,1.3091,1.29779,1.30862,70887,0,60
2011-06-03T00:00:00Z,1.3086,1.31724,1.3054700000000001,1.31244,44937,0,60
2011-06-05T00:00:00Z,1.3145,1.3161,1.31262,1.31458,2035,0,120
2011-06-06T00:00:00Z,1.31454,1.31811,1.31274,1.31637,49745,0,60
2011-06-07T00:00:00Z,1.31626,1.31638,1.3002099999999999,1.3039399999999999,46905,0,60
2011-06-08T00:00:00Z,1.3039,1.30667,1.29093,1.29275,50125,0,60
2011-06-09T00:00:00Z,1.29274,1.29561,1.28063,1.28632,44702,0,60
2011-06-10T00:00:00Z,1.28637,1.28837,1.27993,1.2814,37294,0,60
2011-06-12T00:00:00Z,1.2835,1.2843,1.28146,1.28325,2726,0,120
2011-06-13T00:00:00Z,1.28327,1.3021,1.2818800000000001,1.29764,54495,0,60
2011-06-14T00:00:00Z,1.29744,1.30674,1.29631,1.30524,51868,0,60
2011-06-15T00:00:00Z,1.3052000000000001,1.31504,1.30398,1.31054,58885,0,60
2011-06-16T00:00:00Z,1.31055,1.31628,1.30844,1.30984,76717,0,60
2011-06-17T00:00:00Z,1.30983,1.31413,1.3042099999999999,1.3048199999999999,65750,0,60
2011-06-19T00:00:00Z,1.3087,1.3089,1.30471,1.30652,3519,0,120
2011-06-20T00:00:00Z,1.3066200000000001,1.3087900000000001,1.30172,1.3062,62502,0,60
2011-06-21T00:00:00Z,1.30602,1.30945,1.29834,1.30346,61946,0,60
2011-06-22T00:00:00Z,1.30347,1.3039,1.2941799999999999,1.29453,61360,0,60
2011-06-23T00:00:00Z,1.2946,1.29589,1.28937,1.29227,65094,0,60
2011-06-24T00:00:00Z,1.29215,1.29877,1.28749,1.289,57963,0,60
2011-06-26T00:00:00Z,1.2965,1.3041,1.2962,1.30109,4198,0,120
2011-06-27T00:00:00Z,1.30106,1.30386,1.29328,1.29672,62561,0,60
2011-06-28T00:00:00Z,1.29673,1.30422,1.29549,1.29849,58310,0,60
2011-06-29T00:00:00Z,1.29846,1.3005900000000001,1.29,1.2928,53576,0,60
2011-06-30T00:00:00Z,1.2913999999999999,1.29674,1.28922,1.2929300000000001,76335,0,60
2011-07-01T00:00:00Z,1.29291,1.30187,1.2923200000000001,1.30093,49698,0,60
2011-07-03T00:00:00Z,1.3007,1.302,1.2987,1.3002,2658,0,120
2011-07-04T00:00:00Z,1.30019,1.30063,1.28882,1.2901799999999999,42211,0,60
2011-07-05T00:00:00Z,1.29017,1.29648,1.28622,1.29263,57100,0,60
2011-07-06T00:00:00Z,1.29265,1.29575,1.29007,1.2917100000000001,54664,0,60
2011-07-07T00:00:00Z,1.29169,1.3001800000000001,1.2905,1.2936,51120,0,60
2011-07-08T00:00:00Z,1.29359,1.29543,1.28095,1.28253,53666,0,60
2011-07-10T00:00:00Z,1.2819,1.2848,1.2817,1.2837100000000001,2842,0,120
2011-07-11T00:00:00Z,1.2837,1.28816,1.28007,1.28689,65699,0,60
2011-07-12T00:00:00Z,1.28694,1.30005,1.28597,1.29404,83371,0,60
2011-07-13T00:00:00Z,1.2941099999999999,1.29488,1.26728,1.26804,74031,0,60
2011-07-14T00:00:00Z,1.26806,1.2761,1.26704,1.27265,69035,0,60
2011-07-15T00:00:00Z,1.27216,1.27543,1.2555399999999999,1.25708,46914,0,60
2011-07-17T00:00:00Z,1.2563,1.26112,1.2534,1.25557,2324,0,51
2011-07-18T00:00:00Z,1.25555,1.25914,1.25304,1.25701,35651,0,34
2011-07-19T00:00:00Z,1.25693,1.26067,1.2478799999999999,1.2528000000000001,47679,0,34
2011-07-20T00:00:00Z,1.25243,1.25827,1.25112,1.25254,44772,0,32
2011-07-21T00:00:00Z,1.25251,1.25728,1.24834,1.25437,51826,0,29
2011-07-22T00:00:00Z,1.25439,1.26021,1.25189,1.25317,39895,0,40
2011-07-24T00:00:00Z,1.2529,1.2563,1.25145,1.25306,2843,0,120
2011-07-25T00:00:00Z,1.25259,1.2579799999999999,1.24898,1.25725,38851,0,60
2011-07-26T00:00:00Z,1.25727,1.25835,1.25034,1.25436,44172,0,60
2011-07-27T00:00:00Z,1.25438,1.2686,1.25376,1.2659500000000001,50618,9116250000,20
2011-07-28T00:00:00Z,1.2659500000000001,1.2688,1.26118,1.26181,55980,29256250000,33
2011-07-29T00:00:00Z,1.26175,1.26609,1.24821,1.24889,52566,0,41
2011-07-31T00:00:00Z,1.2515,1.2523,1.2472699999999999,1.24839,4138,0,120
2011-08-01T00:00:00Z,1.24829,1.25579,1.24739,1.25088,48466,0,60
2011-08-02T00:00:00Z,1.25087,1.2552400000000001,1.24165,1.24491,60694,0,31
2011-08-03T00:00:00Z,1.24488,1.24961,1.23721,1.24162,64036,0,60
2011-08-04T00:00:00Z,1.24161,1.25745,1.23982,1.25648,84402,31635840000,24
2011-08-05T00:00:00Z,1.2566,1.25929,1.23636,1.23683,89694,0,43
2011-08-07T00:00:00Z,1.237,1.245,1.23525,1.23765,7910,0,120
2011-08-08T00:00:00Z,1.2377,1.25171,1.23725,1.23958,103521,0,60
2011-08-09T00:00:00Z,1.23956,1.24828,1.23257,1.2359499999999999,116596,0,60
2011-08-10T00:00:00Z,1.23601,1.2616100000000001,1.23098,1.25091,101813,0,35
2011-08-11T00:00:00Z,1.2509299999999999,1.25864,1.23898,1.24576,107924,0,37
2011-08-12T00:00:00Z,1.2469000000000001,1.2530000000000001,1.23986,1.24281,172522,0,28
2011-08-14T00:00:00Z,1.2447,1.2455,1.24068,1.24274,5643,0,120
2011-08-15T00:00:00Z,1.24273,1.26488,1.24053,1.25744,66701,0,60
2011-08-16T00:00:00Z,1.2574100000000001,1.2622,1.24938,1.25526,79069,0,60
2011-08-17T00:00:00Z,1.25528,1.26104,1.2519,1.26014,71709,0,45
2011-08-18T00:00:00Z,1.26037,1.26627,1.25226,1.26016,80800,0,60
2011-08-19T00:00:00Z,1.26017,1.2725,1.25705,1.26943,85208,0,45
2011-08-21T00:00:00Z,1.2685,1.2699,1.2661,1.26675,5126,0,120
2011-08-22T00:00:00Z,1.26674,1.27332,1.26026,1.2625,73851,0,60
2011-08-23T00:00:00Z,1.2625199999999999,1.26528,1.25602,1.2606600000000001,70751,0,60
2011-08-24T00:00:00Z,1.2606899999999999,1.26647,1.25998,1.26131,68044,0,31
2011-08-25T00:00:00Z,1.2612999999999999,1.2635399999999999,1.25518,1.25928,72440,0,60
2011-08-26T00:00:00Z,1.2591700000000001,1.26359,1.25513,1.2563900000000001,66175,0,60
2011-08-28T00:00:00Z,1.2575,1.2597,1.25609,1.2578,5198,0,120
2011-08-29T00:00:00Z,1.25779,1.26113,1.25417,1.25701,54715,14452950000,38
2011-08-30T00:00:00Z,1.25685,1.25685,1.24826,1.25372,60850,61902400000,23
2011-08-31T00:00:00Z,1.25383,1.2542200000000001,1.24813,1.25343,62252,55184350000,20
2011-09-01T00:00:00Z,1.25345,1.26356,1.25195,1.25788,72645,0,60
2011-09-02T00:00:00Z,1.25787,1.25915,1.2515399999999999,1.25345,75009,0,60
2011-09-04T00:00:00Z,1.2553,1.2589000000000001,1.2547,1.25725,7188,0,120
2011-09-05T00:00:00Z,1.2572,1.2697,1.2533,1.26795,66175,0,60
2011-09-06T00:00:00Z,1.26798,1.2787,1.26429,1.27465,88339,0,60
2011-09-07T00:00:00Z,1.27462,1.2830300000000001,1.27343,1.27564,72451,0,35
2011-09-08T00:00:00Z,1.27566,1.27714,1.26735,1.26804,75107,0,60
2011-09-09T00:00:00Z,1.26801,1.27355,1.26583,1.2720500000000001,74567,0,60
2011-09-11T00:00:00Z,1.2696,1.2745,1.2673,1.27229,7178,0,120
2011-09-12T00:00:00Z,1.27234,1.27335,1.25234,1.25454,98983,0,60
2011-09-13T00:00:00Z,1.25455,1.25882,1.24886,1.25262,85361,0,42
2011-09-14T00:00:00Z,1.25268,1.25494,1.24169,1.25332,100190,0,60
2011-09-15T00:00:00Z,1.25333,1.25564,1.24652,1.2530999999999999,86304,0,55
2011-09-16T00:00:00Z,1.25309,1.25438,1.24334,1.24803,69569,0,60
2011-09-18T00:00:00Z,1.2490999999999999,1.2505,1.2427,1.2475100000000001,5095,0,120
2011-09-19T00:00:00Z,1.24753,1.24817,1.23531,1.24008,80577,0,60
2011-09-20T00:00:00Z,1.24004,1.24827,1.23845,1.24555,83650,0,60
2011-09-21T00:00:00Z,1.24557,1.2569,1.24411,1.25662,84123,0,34
2011-09-22T00:00:00Z,1.25661,1.26,1.24521,1.24565,110257,0,18
2011-09-23T00:00:00Z,1.24562,1.26052,1.24535,1.2573400000000001,106425,0,60
2011-09-25T00:00:00Z,1.2627,1.267,1.262,1.26628,6137,0,120
2011-09-26T00:00:00Z,1.2662900000000001,1.26651,1.25508,1.25941,111466,0,60
2011-09-27T00:00:00Z,1.25943,1.26129,1.25132,1.25675,88838,0,60
2011-09-28T00:00:00Z,1.25682,1.26214,1.25369,1.25756,89557,0,37
2011-09-29T00:00:00Z,1.25755,1.27026,1.25475,1.26861,95257,0,30
2011-09-30T00:00:00Z,1.26862,1.27713,1.26633,1.26755,89919,0,38
2011-10-02T00:00:00Z,1.2679,1.27,1.26578,1.26741,4747,0,120
2011-10-03T00:00:00Z,1.26742,1.27097,1.26306,1.26463,103108,0,60
2011-10-04T00:00:00Z,1.26456,1.26572,1.25233,1.2567,120457,0,41
2011-10-05T00:00:00Z,1.25665,1.2628300000000001,1.25145,1.25824,99735,0,20
2011-10-06T00:00:00Z,1.25823,1.26602,1.25672,1.26443,86936,0,52
2011-10-07T00:00:00Z,1.26444,1.27092,1.26218,1.26676,77858,0,25
2011-10-09T00:00:00Z,1.2692,1.271,1.2673,1.26821,3713,0,120
2011-10-10T00:00:00Z,1.2682,1.27481,1.26608,1.27227,79914,0,29
2011-10-11T00:00:00Z,1.27229,1.27655,1.27065,1.27435,77793,0,111
2011-10-12T00:00:00Z,1.27437,1.27695,1.26953,1.27532,81708,0,120
2011-10-13T00:00:00Z,1.27534,1.28449,1.27454,1.28122,90060,0,60
2011-10-14T00:00:00Z,1.28121,1.286,1.27972,1.28238,70484,0,63
2011-10-16T00:00:00Z,1.2862,1.2868,1.2824,1.28439,4789,0,120
2011-10-17T00:00:00Z,1.28449,1.28605,1.28022,1.28183,84962,0,60
2011-10-18T00:00:00Z,1.28182,1.2922,1.28095,1.28991,87296,0,60
2011-10-19T00:00:00Z,1.28992,1.29278,1.28803,1.2891599999999999,80068,0,60
2011-10-20T00:00:00Z,1.28915,1.29104,1.28235,1.2882,91811,0,60
2011-10-21T00:00:00Z,1.28819,1.2915,1.28633,1.29021,73934,0,60
2011-10-23T00:00:00Z,1.2882,1.289,1.2858,1.28689,5006,0,120
2011-10-24T00:00:00Z,1.28693,1.30131,1.28638,1.2987,80098,0,60
2011-10-25T00:00:00Z,1.29873,1.31202,1.2967,1.3072300000000001,86088,0,60
2011-10-26T00:00:00Z,1.30722,1.30923,1.29573,1.29917,93687,0,46
2011-10-27T00:00:00Z,1.29922,1.3079100000000001,1.29759,1.30038,94935,0,60
2011-10-28T00:00:00Z,1.3004,1.30643,1.2985,1.30139,75020,0,60
2011-10-30T00:00:00Z,1.3044,1.3046,1.2978,1.30236,3202,0,120
2011-10-31T00:00:00Z,1.30239,1.30647,1.29531,1.30399,92148,0,60
2011-11-01T00:00:00Z,1.30397,1.30462,1.29287,1.29801,97422,0,60
2011-11-02T00:00:00Z,1.29798,1.31326,1.29669,1.30942,92997,0,60
2011-11-03T00:00:00Z,1.3094000000000001,1.3134700000000001,1.30263,1.30895,101262,0,60
2011-11-04T00:00:00Z,1.30896,1.31108,1.30438,1.3054999999999999,86434,0,60
2011-11-06T00:00:00Z,1.3042,1.3075,1.30401,1.30477,3570,0,120
2011-11-07T00:00:00Z,1.3047900000000001,1.30511,1.2971,1.30186,86866,0,60
2011-11-08T00:00:00Z,1.30185,1.30215,1.29457,1.30034,78618,0,60
2011-11-09T00:00:00Z,1.30035,1.30286,1.29576,1.29828,89927,0,60
2011-11-10T00:00:00Z,1.2983,1.30673,1.2968899999999999,1.30449,88615,0,60
2011-11-11T00:00:00Z,1.3045,1.31029,1.30263,1.30656,65427,0,60
2011-11-13T00:00:00Z,1.3053,1.307,1.30402,1.30566,2404,0,120
2011-11-14T00:00:00Z,1.3057,1.31219,1.3045499999999999,1.31101,88871,0,60
2011-11-15T00:00:00Z,1.3109600000000001,1.32218,1.31033,1.31769,94804,0,30
2011-11-16T00:00:00Z,1.31768,1.32132,1.3136999999999999,1.31574,96689,0,37
2011-11-17T00:00:00Z,1.31577,1.32053,1.3134299999999999,1.31471,98117,0,60
2011-11-18T00:00:00Z,1.3147,1.3268,1.31344,1.32117,84672,0,10
2011-11-20T00:00:00Z,1.3216999999999999,1.3229,1.3188,1.32144,4953,0,120
2011-11-21T00:00:00Z,1.32146,1.32217,1.31289,1.31307,94408,0,32
2011-11-22T00:00:00Z,1.31311,1.3201,1.31263,1.31415,89745,0,33
2011-11-23T00:00:00Z,1.31414,1.3151,1.30629,1.31071,86700,0,26
2011-11-24T00:00:00Z,1.3107199999999999,1.31237,1.3073299999999999,1.3077,70192,0,30
2011-11-25T00:00:00Z,1.30771,1.3131599999999999,1.30503,1.30961,63176,0,26
2011-11-27T00:00:00Z,1.307,1.3109,1.3058,1.3094000000000001,4838,0,120
2011-11-28T00:00:00Z,1.30935,1.31793,1.3063500000000001,1.31116,78029,0,33
2011-11-29T00:00:00Z,1.31117,1.31663,1.30935,1.31139,80285,0,60
2011-11-30T00:00:00Z,1.31141,1.32318,1.31009,1.3152300000000001,82440,0,11
2011-12-01T00:00:00Z,1.31525,1.31703,1.30971,1.3101,78441,0,40
2011-12-02T00:00:00Z,1.31009,1.31723,1.30623,1.31281,66066,0,31
2011-12-04T00:00:00Z,1.3124,1.3155000000000001,1.31151,1.31177,3530,0,120
2011-12-05T00:00:00Z,1.31178,1.31816,1.31053,1.31368,79660,0,30
2011-12-06T00:00:00Z,1.3136999999999999,1.31547,1.30883,1.31212,80443,0,32
2011-12-07T00:00:00Z,1.3121,1.3225,1.31159,1.31625,76975,0,19
2011-12-08T00:00:00Z,1.31627,1.31784,1.31165,1.31612,86657,0,31
2011-12-09T00:00:00Z,1.31619,1.31863,1.31335,1.31515,80408,0,40
2011-12-11T00:00:00Z,1.31685,1.3189199999999999,1.31528,1.31596,3797,0,120
2011-12-12T00:00:00Z,1.31593,1.3213,1.31412,1.31732,78776,0,60
2011-12-13T00:00:00Z,1.31729,1.32352,1.31671,1.31998,79474,0,40
2011-12-14T00:00:00Z,1.31997,1.32741,1.31658,1.32028,79725,0,62
2011-12-15T00:00:00Z,1.3203,1.32356,1.31277,1.31346,82830,0,60
2011-12-16T00:00:00Z,1.31349,1.31532,1.30652,1.3090899999999999,71636,0,60
2011-12-18T00:00:00Z,1.30651,1.30859,1.3057400000000001,1.30768,2363,0,12
2011-12-19T00:00:00Z,1.30768,1.31097,1.30545,1.31061,43070,0,10
2011-12-20T00:00:00Z,1.31055,1.31256,1.30572,1.31165,46597,0,10
2011-12-21T00:00:00Z,1.31165,1.31471,1.3045900000000001,1.30982,68074,0,10
2011-12-22T00:00:00Z,1.30981,1.31217,1.30613,1.30777,63371,0,60
2011-12-23T00:00:00Z,1.30776,1.3128,1.30674,1.30856,43472,0,200
2011-12-26T00:00:00Z,1.31237,1.3134700000000001,1.3103,1.31085,10340,0,102
2011-12-27T00:00:00Z,1.31084,1.31745,1.30948,1.3131,39048,0,60
2011-12-28T00:00:00Z,1.31311,1.31387,1.30869,1.31167,57069,0,60
2011-12-29T00:00:00Z,1.31166,1.31362,1.30903,1.3122099999999999,56666,0,154
2011-12-30T00:00:00Z,1.3122,1.31529,1.3100800000000001,1.31109,49467,0,120
2012-01-01T00:00:00Z,1.31259,1.31338,1.31169,1.31199,501,0,300
2012-01-02T00:00:00Z,1.31226,1.31567,1.30801,1.31151,22749,0,88
2012-01-03T00:00:00Z,1.3115,1.3144,1.3094299999999999,1.31094,60086,0,60
2012-01-04T00:00:00Z,1.31095,1.31564,1.3088,1.31327,60412,0,200
2012-01-05T00:00:00Z,1.31328,1.3142800000000001,1.30975,1.31132,72385,0,60
2012-01-06T00:00:00Z,1.31131,1.31243,1.3075700000000001,1.30862,58778,0,200
2012-01-08T00:00:00Z,1.30899,1.30915,1.30589,1.30685,5439,0,200
2012-01-09T00:00:00Z,1.30684,1.30692,1.29772,1.29878,72522,0,60
2012-01-10T00:00:00Z,1.2987600000000001,1.30202,1.29508,1.2951,67286,0,60
2012-01-11T00:00:00Z,1.29512,1.29695,1.29097,1.29128,61986,0,200
2012-01-12T00:00:00Z,1.29125,1.3018100000000001,1.29093,1.30071,63136,0,60
2012-01-13T00:00:00Z,1.30068,1.30502,1.29699,1.29795,60332,0,35
2012-01-15T00:00:00Z,1.29831,1.299,1.29452,1.295,4378,0,200
2012-01-16T00:00:00Z,1.29498,1.30108,1.29319,1.29814,49033,0,60
2012-01-17T00:00:00Z,1.29816,1.30258,1.2945,1.2953000000000001,62674,0,23
2012-01-18T00:00:00Z,1.29531,1.29706,1.28659,1.29521,77509,0,60
2012-01-19T00:00:00Z,1.2952,1.30042,1.29154,1.29593,67501,0,60
2012-01-20T00:00:00Z,1.29592,1.30026,1.29551,1.2987,57551,0,60
2012-01-22T00:00:00Z,1.29816,1.30081,1.2978399999999999,1.29935,3686,0,200
2012-01-23T00:00:00Z,1.29936,1.30069,1.2961,1.29641,64490,0,15
2012-01-24T00:00:00Z,1.29642,1.29765,1.28911,1.29038,58943,0,10
2012-01-25T00:00:00Z,1.2904200000000001,1.3020100000000001,1.2889599999999999,1.29457,70807,0,60
2012-01-26T00:00:00Z,1.2946,1.29866,1.29093,1.29147,65574,0,30
2012-01-27T00:00:00Z,1.29149,1.29335,1.2894700000000001,1.29068,62400,0,200
2012-01-29T00:00:00Z,1.29148,1.29251,1.2904499999999999,1.29061,3660,0,200
2012-01-30T00:00:00Z,1.2906,1.2938399999999999,1.2873999999999999,1.2907,70327,0,60
2012-01-31T00:00:00Z,1.29071,1.29195,1.28284,1.28454,65239,0,16
2012-02-01T00:00:00Z,1.28454,1.2888600000000001,1.28261,1.28461,71206,0,60
2012-02-02T00:00:00Z,1.28458,1.28663,1.28168,1.28519,64314,0,10
2012-02-03T00:00:00Z,1.2852299999999999,1.28829,1.28338,1.28659,58777,0,10
2012-02-05T00:00:00Z,1.28905,1.29046,1.28681,1.2882799999999999,3351,0,200
2012-02-06T00:00:00Z,1.28829,1.29096,1.28383,1.28464,62531,0,60
2012-02-07T00:00:00Z,1.28461,1.29599,1.28221,1.29153,69266,0,60
2012-02-08T00:00:00Z,1.29152,1.29368,1.28769,1.29243,69596,0,60
2012-02-09T00:00:00Z,1.29242,1.2934700000000001,1.28904,1.29095,70510,0,30
2012-02-10T00:00:00Z,1.29097,1.29104,1.28632,1.28958,68171,0,33
2012-02-12T00:00:00Z,1.2891599999999999,1.29093,1.28722,1.28905,5489,0,200
2012-02-13T00:00:00Z,1.28906,1.28942,1.28419,1.28546,75799,0,60
2012-02-14T00:00:00Z,1.28545,1.28722,1.27862,1.27948,75180,0,200
2012-02-15T00:00:00Z,1.2795,1.2829,1.2782499999999999,1.28204,77145,0,200
2012-02-16T00:00:00Z,1.28206,1.29283,1.28178,1.28513,88281,0,60
2012-02-17T00:00:00Z,1.28514,1.2885,1.28203,1.28483,69266,0,60
2012-02-19T00:00:00Z,1.28229,1.2831000000000001,1.28046,1.28152,5762,0,200
2012-02-20T00:00:00Z,1.2814999999999999,1.28335,1.2782200000000001,1.27919,59186,0,10
2012-02-21T00:00:00Z,1.2792,1.2800500000000001,1.2757,1.2763200000000001,73635,0,11
2012-02-22T00:00:00Z,1.27633,1.28389,1.27529,1.28178,72378,0,60
2012-02-23T00:00:00Z,1.28177,1.28407,1.27951,1.27972,62249,0,26
2012-02-24T00:00:00Z,1.2797100000000001,1.28126,1.2774,1.278,53564,0,200
2012-02-26T00:00:00Z,1.27856,1.2801,1.27748,1.2784,3761,0,200
2012-02-27T00:00:00Z,1.27839,1.2817,1.27706,1.27864,63610,0,60
2012-02-28T00:00:00Z,1.27865,1.28586,1.27855,1.28373,63066,0,60
2012-02-29T00:00:00Z,1.2837399999999999,1.28548,1.27936,1.28488,71410,0,60
2012-03-01T00:00:00Z,1.28487,1.28933,1.28368,1.28743,64425,0,60
2012-03-02T00:00:00Z,1.28741,1.29525,1.28589,1.2935400000000001,56028,0,60
2012-03-04T00:00:00Z,1.29251,1.29396,1.29155,1.29207,2725,0,200
2012-03-05T00:00:00Z,1.29206,1.29943,1.29169,1.2978,62269,0,60
2012-03-06T00:00:00Z,1.29779,1.30525,1.29609,1.29725,68538,0,60
2012-03-07T00:00:00Z,1.29726,1.29946,1.28827,1.2959800000000001,68710,0,60
2012-03-08T00:00:00Z,1.29596,1.29702,1.28665,1.2907899999999999,65283,0,60
2012-03-09T00:00:00Z,1.2908,1.29123,1.2843200000000001,1.28606,57682,0,60
2012-03-11T00:00:00Z,1.2891599999999999,1.28987,1.2882,1.2887,2133,0,38
2012-03-12T00:00:00Z,1.28869,1.28875,1.28179,1.2831299999999999,58355,0,60
2012-03-13T00:00:00Z,1.28312,1.28315,1.27854,1.28125,57410,0,200
2012-03-14T00:00:00Z,1.28124,1.29295,1.2805900000000001,1.29077,65556,0,60
2012-03-15T00:00:00Z,1.29074,1.29202,1.28251,1.28289,67502,0,60
2012-03-16T00:00:00Z,1.2829,1.28681,1.27996,1.28267,52617,0,60
2012-03-18T00:00:00Z,1.28196,1.28443,1.2810000000000001,1.2816,3102,0,200
2012-03-19T00:00:00Z,1.28159,1.28558,1.28003,1.28262,55147,0,60
2012-03-20T00:00:00Z,1.28258,1.28667,1.2791000000000001,1.28098,61314,0,200
2012-03-21T00:00:00Z,1.28097,1.28768,1.27918,1.28525,63882,0,60
2012-03-22T00:00:00Z,1.28526,1.28566,1.27881,1.28136,70921,0,60
2012-03-23T00:00:00Z,1.28137,1.2819,1.27646,1.27729,54842,0,27
2012-03-25T00:00:00Z,1.27942,1.28145,1.2784,1.2800500000000001,3425,0,200
2012-03-26T00:00:00Z,1.28014,1.28241,1.27786,1.2783,58559,0,60
2012-03-27T00:00:00Z,1.27829,1.27926,1.27243,1.2730000000000001,51652,0,12
2012-03-28T00:00:00Z,1.27301,1.27382,1.26818,1.26901,62340,0,60
2012-03-29T00:00:00Z,1.26902,1.26992,1.26589,1.26847,63875,0,200
2012-03-30T00:00:00Z,1.26846,1.26899,1.25879,1.25941,57009,0,60
2012-04-01T00:00:00Z,1.26785,1.26852,1.26514,1.26754,4906,0,200
2012-04-02T00:00:00Z,1.26753,1.26935,1.2619099999999999,1.26216,58599,0,60
2012-04-03T00:00:00Z,1.26218,1.26788,1.25733,1.2602,69918,0,60
2012-04-04T00:00:00Z,1.26019,1.26237,1.25681,1.25918,70210,0,10
2012-04-05T00:00:00Z,1.25914,1.26396,1.25713,1.2616800000000001,63068,0,60
2012-04-06T00:00:00Z,1.26167,1.2625600000000001,1.25495,1.25624,33417,0,60
2012-04-08T00:00:00Z,1.25834,1.25834,1.2557800000000001,1.25638,2654,0,200
2012-04-09T00:00:00Z,1.2563900000000001,1.25894,1.2527300000000001,1.25412,40206,0,60
2012-04-10T00:00:00Z,1.25411,1.2622900000000001,1.25354,1.25518,68807,0,60
2012-04-11T00:00:00Z,1.25519,1.2598099999999999,1.25498,1.25695,63614,0,60
2012-04-12T00:00:00Z,1.25696,1.26637,1.25688,1.25875,67446,0,60
2012-04-13T00:00:00Z,1.25874,1.25971,1.2511,1.25934,64882,0,60
2012-04-15T00:00:00Z,1.25658,1.25918,1.25651,1.25757,4335,0,200
2012-04-16T00:00:00Z,1.25758,1.26586,1.25686,1.2623,66493,0,60
2012-04-17T00:00:00Z,1.26231,1.26806,1.26163,1.26467,60674,0,60
2012-04-18T00:00:00Z,1.26471,1.26905,1.2641,1.26799,62282,0,60
2012-04-19T00:00:00Z,1.26797,1.2698,1.26563,1.26848,67056,0,60
2012-04-20T00:00:00Z,1.26846,1.27165,1.26627,1.2662900000000001,56062,0,60
2012-04-22T00:00:00Z,1.26825,1.26908,1.26675,1.26736,2151,0,200
2012-04-23T00:00:00Z,1.26735,1.27038,1.26464,1.26785,57700,0,60
2012-04-24T00:00:00Z,1.26787,1.26931,1.26115,1.26851,64370,0,60
2012-04-25T00:00:00Z,1.26848,1.27349,1.26749,1.26978,61705,0,60
2012-04-26T00:00:00Z,1.26979,1.2766899999999999,1.26785,1.27437,61371,0,60
2012-04-27T00:00:00Z,1.27438,1.2779,1.2705600000000001,1.27203,59550,0,60
2012-04-29T00:00:00Z,1.272,1.2721,1.26886,1.26952,3542,0,200
2012-04-30T00:00:00Z,1.2695400000000001,1.27468,1.26829,1.27234,52619,0,60
2012-05-01T00:00:00Z,1.27233,1.27451,1.26505,1.26668,49641,0,60
2012-05-02T00:00:00Z,1.26666,1.28153,1.26664,1.27751,59927,0,60
2012-05-03T00:00:00Z,1.27749,1.28272,1.27506,1.28144,61480,0,60
2012-05-04T00:00:00Z,1.28143,1.28476,1.27752,1.27877,57162,0,60
2012-05-06T00:00:00Z,1.2792,1.28037,1.27636,1.27793,7565,0,200
2012-05-07T00:00:00Z,1.2779099999999999,1.2830599999999999,1.2760099999999999,1.2806600000000001,58617,0,60
2012-05-08T00:00:00Z,1.2807,1.28514,1.28037,1.28251,65177,0,60
2012-05-09T00:00:00Z,1.2825,1.28501,1.27948,1.28072,70506,0,60
2012-05-10T00:00:00Z,1.28073,1.28539,1.27916,1.2821,71957,0,60
2012-05-11T00:00:00Z,1.28209,1.28334,1.27637,1.27911,64730,0,60
2012-05-13T00:00:00Z,1.27909,1.28318,1.27909,1.28236,5090,0,200
2012-05-14T00:00:00Z,1.28237,1.28414,1.27901,1.28259,56071,0,60
2012-05-15T00:00:00Z,1.28261,1.2918,1.28114,1.29099,61346,0,60
2012-05-16T00:00:00Z,1.29098,1.29851,1.29061,1.29578,67694,0,60
2012-05-17T00:00:00Z,1.2958,1.29961,1.2925900000000001,1.29309,66016,0,60
2012-05-18T00:00:00Z,1.29294,1.30443,1.29107,1.29969,73899,0,60
2012-05-20T00:00:00Z,1.2983500000000001,1.3009,1.29675,1.29913,3654,0,200
2012-05-21T00:00:00Z,1.29912,1.30083,1.2919800000000001,1.29224,68886,0,60
2012-05-22T00:00:00Z,1.2922500000000001,1.3007,1.29097,1.29718,71339,0,60
2012-05-23T00:00:00Z,1.29717,1.30362,1.29606,1.29681,80000,0,60
2012-05-24T00:00:00Z,1.2968,1.2990300000000001,1.29332,1.29443,79610,0,60
2012-05-25T00:00:00Z,1.2944200000000001,1.29532,1.29087,1.29233,67911,0,21
2012-05-27T00:00:00Z,1.29221,1.29376,1.29093,1.2929300000000001,4842,0,200
2012-05-28T00:00:00Z,1.29291,1.29547,1.29055,1.2926,52549,0,60
2012-05-29T00:00:00Z,1.2925900000000001,1.29548,1.28911,1.29159,73986,0,60
2012-05-30T00:00:00Z,1.29161,1.2917399999999999,1.2855699999999999,1.2893,72772,0,36
2012-05-31T00:00:00Z,1.28932,1.29218,1.28571,1.29037,76143,0,60
2012-06-01T00:00:00Z,1.29036,1.29039,1.28228,1.2843,79466,0,60
2012-06-03T00:00:00Z,1.28572,1.2873700000000001,1.28225,1.28343,4933,0,200
2012-06-04T00:00:00Z,1.2834400000000001,1.28561,1.28111,1.28482,67336,0,60
2012-06-05T00:00:00Z,1.28484,1.29178,1.28196,1.28653,75196,0,60
2012-06-06T00:00:00Z,1.2865199999999999,1.29439,1.28596,1.28639,80022,0,60
2012-06-07T00:00:00Z,1.28634,1.29173,1.28266,1.28852,76968,0,60
2012-06-08T00:00:00Z,1.28851,1.29216,1.28434,1.28629,73612,0,60
2012-06-10T00:00:00Z,1.28506,1.28575,1.28381,1.28449,4880,0,200
2012-06-11T00:00:00Z,1.2845,1.28668,1.28104,1.28341,68740,0,60
2012-06-12T00:00:00Z,1.2833999999999999,1.28412,1.27688,1.27923,72831,0,60
2012-06-13T00:00:00Z,1.27924,1.28471,1.2781500000000001,1.28049,71803,0,60
2012-06-14T00:00:00Z,1.2805,1.28165,1.27652,1.27885,69999,0,60
2012-06-15T00:00:00Z,1.2788300000000001,1.28052,1.27464,1.27684,62210,0,60
2012-06-17T00:00:00Z,1.27689,1.27925,1.27492,1.27568,5789,0,43
2012-06-18T00:00:00Z,1.2757,1.27839,1.27299,1.27505,70889,0,60
2012-06-19T00:00:00Z,1.27506,1.27994,1.2745199999999999,1.2777,69053,0,60
2012-06-20T00:00:00Z,1.27773,1.28179,1.27198,1.27276,73307,0,32
2012-06-21T00:00:00Z,1.27274,1.27586,1.27039,1.27406,78170,0,60
2012-06-22T00:00:00Z,1.27405,1.27656,1.27067,1.27165,63986,0,60
2012-06-24T00:00:00Z,1.27167,1.27389,1.27121,1.2716,3782,0,51
2012-06-25T00:00:00Z,1.27161,1.27435,1.26879,1.2705,62233,0,60
2012-06-26T00:00:00Z,1.27051,1.27229,1.2671000000000001,1.2718099999999999,64950,0,60
2012-06-27T00:00:00Z,1.27183,1.2767,1.27105,1.27166,59312,0,60
2012-06-28T00:00:00Z,1.2716,1.2757100000000001,1.27042,1.2745600000000001,69180,0,60
2012-06-29T00:00:00Z,1.27457,1.27941,1.27326,1.27707,75019,0,60
2012-07-01T00:00:00Z,1.28051,1.28112,1.27621,1.2785,3652,0,200
2012-07-02T00:00:00Z,1.27848,1.27855,1.27348,1.27503,60820,0,60
2012-07-03T00:00:00Z,1.27502,1.28023,1.27322,1.2781799999999999,57971,0,60
2012-07-04T00:00:00Z,1.27817,1.27961,1.27613,1.2769,49016,0,60
2012-07-05T00:00:00Z,1.27692,1.28091,1.27562,1.2784900000000001,61477,0,25
2012-07-06T00:00:00Z,1.2785,1.28085,1.27722,1.2782499999999999,59089,0,60
2012-07-08T00:00:00Z,1.2782499999999999,1.27957,1.27752,1.27864,3301,0,50
2012-07-09T00:00:00Z,1.27863,1.28177,1.27772,1.28078,56086,0,60
2012-07-10T00:00:00Z,1.28079,1.2836699999999999,1.27923,1.28187,60224,0,60
2012-07-11T00:00:00Z,1.28185,1.28881,1.28141,1.28836,61537,0,60
2012-07-12T00:00:00Z,1.2883499999999999,1.28979,1.28116,1.2822200000000001,66088,0,34
2012-07-13T00:00:00Z,1.28223,1.2865199999999999,1.28133,1.28342,57039,0,60
2012-07-15T00:00:00Z,1.28395,1.28541,1.28238,1.2827600000000001,3321,0,200
2012-07-16T00:00:00Z,1.28275,1.28549,1.2825,1.28481,49012,0,60
2012-07-17T00:00:00Z,1.28483,1.2971300000000001,1.2838,1.29117,61371,0,60
2012-07-18T00:00:00Z,1.29114,1.29882,1.29032,1.29395,61729,0,60
2012-07-19T00:00:00Z,1.29396,1.2987,1.2934,1.29683,63781,0,60
2012-07-20T00:00:00Z,1.2968199999999999,1.29911,1.2955,1.29676,61432,0,37
2012-07-22T00:00:00Z,1.29803,1.29863,1.29627,1.29766,3779,0,200
2012-07-23T00:00:00Z,1.29765,1.3026499999999999,1.29641,1.3012000000000001,68354,0,60
2012-07-24T00:00:00Z,1.30121,1.30488,1.29923,1.30433,70074,0,60
2012-07-25T00:00:00Z,1.30434,1.30762,1.30188,1.30285,73734,0,60
2012-07-26T00:00:00Z,1.30284,1.30512,1.2945,1.2984,71873,0,60
2012-07-27T00:00:00Z,1.29841,1.29943,1.29097,1.29342,67582,0,60
2012-07-29T00:00:00Z,1.29249,1.29439,1.29148,1.29299,3542,0,67
2012-07-30T00:00:00Z,1.293,1.29851,1.293,1.29694,55749,0,60
2012-07-31T00:00:00Z,1.29696,1.30026,1.29557,1.29613,58139,0,60
2012-08-01T00:00:00Z,1.29614,1.29616,1.2917,1.29334,62931,0,20
2012-08-02T00:00:00Z,1.29336,1.29616,1.28978,1.2915,69557,0,60
2012-08-03T00:00:00Z,1.29151,1.29269,1.28715,1.28934,60716,0,28
2012-08-05T00:00:00Z,1.2903,1.2913999999999999,1.2898800000000001,1.29016,3334,0,47
2012-08-06T00:00:00Z,1.2901799999999999,1.2913299999999999,1.28688,1.28718,50404,0,60
2012-08-07T00:00:00Z,1.28717,1.29406,1.28563,1.29312,53146,0,60
2012-08-08T00:00:00Z,1.29314,1.30106,1.29166,1.3002500000000001,56801,0,60
2012-08-09T00:00:00Z,1.30024,1.30411,1.29687,1.3026,56803,0,60
2012-08-10T00:00:00Z,1.30258,1.30264,1.29749,1.2995,52754,0,60
2012-08-12T00:00:00Z,1.29851,1.30063,1.29633,1.2987600000000001,2778,0,19
2012-08-13T00:00:00Z,1.29875,1.30149,1.2962099999999999,1.2972299999999999,43179,0,60
2012-08-14T00:00:00Z,1.29726,1.30263,1.29586,1.30222,51137,0,60
2012-08-15T00:00:00Z,1.30221,1.30264,1.29938,1.2997,48963,0,60
2012-08-16T00:00:00Z,1.29968,1.30013,1.29448,1.29542,50494,0,60
2012-08-17T00:00:00Z,1.29541,1.29586,1.28816,1.28917,48061,0,60
2012-08-19T00:00:00Z,1.2907,1.29211,1.28869,1.29152,3062,0,35
2012-08-20T00:00:00Z,1.29149,1.29253,1.2895400000000001,1.28996,44467,0,60
2012-08-21T00:00:00Z,1.28993,1.2931599999999999,1.28948,1.29112,45944,0,60
2012-08-22T00:00:00Z,1.29114,1.29281,1.2872,1.28968,58192,0,60
2012-08-23T00:00:00Z,1.28969,1.28995,1.28196,1.28326,57902,0,16
2012-08-24T00:00:00Z,1.28325,1.2843,1.2811,1.28139,52717,0,60
2012-08-26T00:00:00Z,1.28315,1.28393,1.28051,1.28269,2957,0,10
2012-08-27T00:00:00Z,1.28268,1.28352,1.2801,1.28098,38364,0,60
2012-08-28T00:00:00Z,1.28099,1.29056,1.28014,1.28806,46261,0,60
2012-08-29T00:00:00Z,1.28805,1.29215,1.2869,1.28987,41653,0,60
2012-08-30T00:00:00Z,1.28985,1.29138,1.28596,1.28818,43820,0,60
2012-08-31T00:00:00Z,1.2882,1.28925,1.28285,1.28293,49159,0,60
2012-09-02T00:00:00Z,1.2846,1.28562,1.2837399999999999,1.2849599999999999,3409,0,32
2012-09-03T00:00:00Z,1.28495,1.28566,1.28048,1.28196,37960,0,60
2012-09-04T00:00:00Z,1.28195,1.29159,1.28153,1.28536,51231,0,60
2012-09-05T00:00:00Z,1.28532,1.28599,1.28002,1.2811,54926,0,60
2012-09-06T00:00:00Z,1.28109,1.28575,1.27819,1.28269,54760,0,17
2012-09-07T00:00:00Z,1.28268,1.28784,1.27736,1.27749,52856,0,60
2012-09-09T00:00:00Z,1.2775,1.27983,1.2775,1.27782,3143,0,54
2012-09-10T00:00:00Z,1.2778100000000001,1.2787899999999999,1.27457,1.2757399999999999,43517,0,60
2012-09-11T00:00:00Z,1.27575,1.2778100000000001,1.27339,1.27462,53382,0,60
2012-09-12T00:00:00Z,1.2746,1.27802,1.27279,1.27358,59967,0,60
2012-09-13T00:00:00Z,1.27356,1.2754400000000001,1.26612,1.2678,59107,0,60
2012-09-14T00:00:00Z,1.26779,1.27375,1.26567,1.27183,60024,0,60
2012-09-16T00:00:00Z,1.27165,1.27184,1.26978,1.27008,2688,0,32
2012-09-17T00:00:00Z,1.27007,1.27204,1.2643,1.26567,48614,0,60
2012-09-18T00:00:00Z,1.2656399999999999,1.26736,1.25973,1.26123,53526,0,60
2012-09-19T00:00:00Z,1.26122,1.26881,1.25984,1.2610299999999999,51538,0,60
2012-09-20T00:00:00Z,1.26106,1.26349,1.25714,1.2574,56647,0,60
2012-09-21T00:00:00Z,1.25739,1.26289,1.25693,1.2604199999999999,50979,0,60
2012-09-23T00:00:00Z,1.2583199999999999,1.2616399999999999,1.2579500000000001,1.2598500000000001,2913,0,42
2012-09-24T00:00:00Z,1.25987,1.26931,1.25962,1.26731,48248,0,60
2012-09-25T00:00:00Z,1.26732,1.26794,1.26089,1.26421,53005,0,60
2012-09-26T00:00:00Z,1.2642,1.26427,1.2553,1.25677,53975,0,60
2012-09-27T00:00:00Z,1.25678,1.26033,1.2544,1.2561499999999999,57825,0,60
2012-09-28T00:00:00Z,1.25616,1.25648,1.24909,1.2494,54218,0,60
2012-09-30T00:00:00Z,1.24981,1.2507,1.24874,1.24996,3809,0,60
2012-10-01T00:00:00Z,1.2499500000000001,1.25198,1.24767,1.25003,49888,0,60
2012-10-02T00:00:00Z,1.25004,1.25193,1.2368999999999999,1.24084,56045,0,60
2012-10-03T00:00:00Z,1.2408299999999999,1.24676,1.23925,1.24498,54708,0,60
2012-10-04T00:00:00Z,1.24499,1.2502499999999999,1.24171,1.24553,54062,0,60
2012-10-05T00:00:00Z,1.24562,1.24704,1.2402,1.24445,47862,0,60
2012-10-07T00:00:00Z,1.2425,1.24389,1.2417,1.2422,2752,0,30
2012-10-08T00:00:00Z,1.24219,1.24674,1.24018,1.24431,46561,0,60
2012-10-09T00:00:00Z,1.2443,1.24823,1.24184,1.24799,48803,0,60
2012-10-10T00:00:00Z,1.24798,1.2542499999999999,1.2474,1.2502,52482,0,60
2012-10-11T00:00:00Z,1.25021,1.25693,1.2499500000000001,1.2545899999999999,46967,0,24
2012-10-12T00:00:00Z,1.25458,1.25572,1.24852,1.2518500000000001,44105,0,60
2012-10-14T00:00:00Z,1.2536100000000001,1.25541,1.25184,1.25473,3324,0,26
2012-10-15T00:00:00Z,1.25471,1.25674,1.25055,1.25583,46511,0,60
2012-10-16T00:00:00Z,1.2558500000000001,1.26457,1.25501,1.26117,46402,0,60
2012-10-17T00:00:00Z,1.2612,1.26331,1.2591,1.2622499999999999,49936,0,60
2012-10-18T00:00:00Z,1.26228,1.2662900000000001,1.26143,1.2647599999999999,49069,0,60
2012-10-19T00:00:00Z,1.26478,1.26627,1.2626,1.26531,40501,0,60
2012-10-21T00:00:00Z,1.26485,1.26575,1.2612999999999999,1.26382,2657,0,23
2012-10-22T00:00:00Z,1.2638,1.26419,1.2604199999999999,1.26236,41776,0,60
2012-10-23T00:00:00Z,1.26237,1.2649599999999999,1.25955,1.26377,48959,0,60
2012-10-24T00:00:00Z,1.26375,1.2696,1.25984,1.26026,51590,0,60
2012-10-25T00:00:00Z,1.26025,1.26593,1.2576800000000001,1.26263,48496,0,60
2012-10-26T00:00:00Z,1.26262,1.2636,1.2582900000000001,1.2601200000000001,38302,0,20
2012-10-28T00:00:00Z,1.2597,1.26096,1.2588,1.26088,1714,0,19
2012-10-29T00:00:00Z,1.26092,1.26328,1.2595,1.26099,21521,0,8
2012-10-30T00:00:00Z,1.26101,1.26433,1.25931,1.26091,22171,0,21
2012-10-31T00:00:00Z,1.26078,1.26411,1.25989,1.2607300000000001,53180,0,17
2012-11-01T00:00:00Z,1.26074,1.26207,1.25505,1.25698,71856,0,60
2012-11-02T00:00:00Z,1.25699,1.25782,1.25157,1.25182,66699,0,10
2012-11-04T00:00:00Z,1.25325,1.2542,1.2525,1.25351,2383,0,40
2012-11-05T00:00:00Z,1.25353,1.25746,1.25236,1.25497,67709,0,60
2012-11-06T00:00:00Z,1.25498,1.2619099999999999,1.25464,1.2596,71703,0,10
2012-11-07T00:00:00Z,1.25961,1.27166,1.25876,1.26862,90789,0,60
2012-11-08T00:00:00Z,1.26864,1.2781500000000001,1.26695,1.27795,78906,0,60
2012-11-09T00:00:00Z,1.27794,1.27795,1.27298,1.27408,75936,0,60
2012-11-11T00:00:00Z,1.27475,1.27567,1.27371,1.27463,3508,0,43
2012-11-12T00:00:00Z,1.27462,1.2782200000000001,1.2732999999999999,1.27386,58447,0,60
2012-11-13T00:00:00Z,1.27387,1.27844,1.27108,1.27833,74724,0,10
2012-11-14T00:00:00Z,1.27832,1.28291,1.27707,1.27794,80435,0,60
2012-11-15T00:00:00Z,1.27795,1.27902,1.27109,1.27454,80687,0,60
2012-11-16T00:00:00Z,1.27455,1.2772299999999999,1.27142,1.27156,74774,0,60
2012-11-18T00:00:00Z,1.272,1.27374,1.27011,1.27288,3727,0,18
2012-11-19T00:00:00Z,1.27289,1.27492,1.2685,1.26993,64747,0,22
2012-11-20T00:00:00Z,1.26994,1.2732299999999999,1.26939,1.27081,68098,0,60
2012-11-21T00:00:00Z,1.2708,1.27432,1.2703,1.2716,74199,0,15
2012-11-22T00:00:00Z,1.27161,1.27466,1.27133,1.2714699999999999,51811,0,60
2012-11-23T00:00:00Z,1.27146,1.27351,1.26745,1.26867,58474,0,60
2012-11-25T00:00:00Z,1.26977,1.27002,1.26789,1.26829,2801,0,19
2012-11-26T00:00:00Z,1.2683,1.2731,1.2677800000000001,1.27224,67530,0,28
2012-11-27T00:00:00Z,1.27226,1.27464,1.27159,1.27191,72460,0,15
2012-11-28T00:00:00Z,1.27192,1.27333,1.26981,1.27019,76156,0,60
2012-11-29T00:00:00Z,1.2702,1.27024,1.2655,1.26668,53744,0,18
2012-11-30T00:00:00Z,1.26669,1.27247,1.26545,1.26975,72768,0,15
2012-12-02T00:00:00Z,1.2696399999999999,1.27278,1.2696399999999999,1.27176,3758,0,17
2012-12-03T00:00:00Z,1.27175,1.272,1.26769,1.26905,65616,0,60
2012-12-04T00:00:00Z,1.26906,1.27149,1.2674699999999999,1.26967,67368,0,15
2012-12-05T00:00:00Z,1.26966,1.27003,1.25918,1.25953,48483,0,10
2012-12-06T00:00:00Z,1.2595399999999999,1.26268,1.25762,1.25892,67192,0,10
2012-12-07T00:00:00Z,1.2589000000000001,1.25966,1.25714,1.25898,54327,0,42
2012-12-09T00:00:00Z,1.25941,1.25994,1.25668,1.25712,3309,0,12
2012-12-10T00:00:00Z,1.25714,1.2585899999999999,1.25525,1.25638,51821,0,18
2012-12-11T00:00:00Z,1.2563900000000001,1.25644,1.25099,1.25462,56688,0,21
2012-12-12T00:00:00Z,1.25465,1.25531,1.2498,1.25084,59101,0,21
2012-12-13T00:00:00Z,1.25085,1.2509299999999999,1.24683,1.24808,56530,0,25
2012-12-14T00:00:00Z,1.24811,1.2527300000000001,1.24721,1.24792,56718,0,28
2012-12-16T00:00:00Z,1.24658,1.24763,1.24496,1.24749,5390,0,15
2012-12-17T00:00:00Z,1.2475,1.2500499999999999,1.24503,1.2482,55598,0,25
2012-12-18T00:00:00Z,1.24821,1.25258,1.24754,1.25126,57876,0,12
2012-12-19T00:00:00Z,1.25128,1.25687,1.25052,1.25392,65321,0,60
2012-12-20T00:00:00Z,1.25394,1.25836,1.25281,1.25603,61910,0,10
2012-12-21T00:00:00Z,1.25601,1.26662,1.25593,1.26253,62583,0,20
2012-12-23T00:00:00Z,1.2619,1.26278,1.26033,1.26234,3619,0,10
2012-12-24T00:00:00Z,1.2623199999999999,1.26674,1.2591,1.26071,34275,0,10
2012-12-26T00:00:00Z,1.25965,1.2697,1.25553,1.26414,59772,0,60
2012-12-27T00:00:00Z,1.26413,1.2683,1.2608,1.2622200000000001,62071,0,25
2012-12-28T00:00:00Z,1.26221,1.26845,1.26181,1.26423,49897,0,44
2012-12-30T00:00:00Z,1.26248,1.26411,1.26128,1.2619,3099,0,66
2012-12-31T00:00:00Z,1.2619799999999999,1.26297,1.2558500000000001,1.25633,39004,0,50
2013-01-01T00:00:00Z,1.25562,1.2570999999999999,1.25383,1.25629,2055,0,50
2013-01-02T00:00:00Z,1.25627,1.26372,1.24694,1.2582900000000001,76710,0,37
2013-01-03T00:00:00Z,1.25828,1.2647599999999999,1.2576399999999999,1.2641,64962,0,60
2013-01-04T00:00:00Z,1.26409,1.26767,1.25857,1.25899,68267,0,42
2013-01-06T00:00:00Z,1.26065,1.26325,1.2605,1.26156,3989,0,77
2013-01-07T00:00:00Z,1.26158,1.26353,1.2533400000000001,1.2548,62849,0,60
2013-01-08T00:00:00Z,1.25479,1.25696,1.25171,1.25441,67196,0,57
2013-01-09T00:00:00Z,1.25439,1.25631,1.25009,1.25167,72883,0,42
2013-01-10T00:00:00Z,1.25168,1.25629,1.25051,1.2530299999999999,77918,0,60
2013-01-11T00:00:00Z,1.25302,1.2597800000000001,1.25298,1.25898,71324,0,29
2013-01-13T00:00:00Z,1.25672,1.25879,1.2561200000000001,1.25858,3310,0,38
2013-01-14T00:00:00Z,1.25857,1.25926,1.25125,1.25392,67252,0,35
2013-01-15T00:00:00Z,1.25369,1.25938,1.25129,1.2548,76212,0,20
2013-01-16T00:00:00Z,1.25481,1.25837,1.2537099999999999,1.25635,73949,0,37
2013-01-17T00:00:00Z,1.25637,1.2626,1.25014,1.25921,77121,0,29
2013-01-18T00:00:00Z,1.2582900000000001,1.25974,1.25327,1.25327,67762,0,21
2013-01-20T00:00:00Z,1.25555,1.25616,1.25386,1.25565,2799,0,44
2013-01-21T00:00:00Z,1.25564,1.25925,1.25479,1.25753,45925,0,26
2013-01-22T00:00:00Z,1.25732,1.25819,1.25237,1.25511,70880,0,32
2013-01-23T00:00:00Z,1.25508,1.25509,1.24931,1.24975,68304,0,29
2013-01-24T00:00:00Z,1.24952,1.25089,1.2456,1.24831,73537,0,20
2013-01-25T00:00:00Z,1.24832,1.25004,1.24209,1.24409,65995,0,36
2013-01-27T00:00:00Z,1.24608,1.24632,1.2447300000000001,1.24522,3525,0,36
2013-01-28T00:00:00Z,1.24521,1.2543199999999999,1.24432,1.24901,68459,0,31
2013-01-29T00:00:00Z,1.24878,1.25082,1.24634,1.24794,67355,0,60
2013-01-30T00:00:00Z,1.24792,1.2548,1.24355,1.24566,74804,0,36
2013-01-31T00:00:00Z,1.24565,1.24657,1.2396,1.24169,76469,0,30
2013-02-01T00:00:00Z,1.24104,1.24164,1.22862,1.23037,72752,0,20
2013-02-03T00:00:00Z,1.22835,1.2328999999999999,1.22785,1.23159,4240,0,31
2013-02-04T00:00:00Z,1.2315800000000001,1.23842,1.23038,1.2379,71055,0,36
2013-02-05T00:00:00Z,1.23759,1.23989,1.22771,1.22776,77597,0,39
2013-02-06T00:00:00Z,1.22775,1.2315800000000001,1.22155,1.23034,76659,0,37
2013-02-07T00:00:00Z,1.23032,1.23872,1.22912,1.23283,78461,0,37
2013-02-08T00:00:00Z,1.23282,1.23616,1.22966,1.2336,69002,0,20
2013-02-10T00:00:00Z,1.23245,1.23562,1.2312400000000001,1.23483,6071,0,42
2013-02-11T00:00:00Z,1.23387,1.2361,1.22559,1.22699,61480,0,23
2013-02-12T00:00:00Z,1.227,1.22982,1.22265,1.2291,70646,0,37
2013-02-13T00:00:00Z,1.22911,1.23086,1.22352,1.22397,66398,0,44
2013-02-14T00:00:00Z,1.22334,1.22446,1.21383,1.21574,73166,0,20
2013-02-15T00:00:00Z,1.21572,1.22018,1.21526,1.21811,57301,0,20
2013-02-17T00:00:00Z,1.2176,1.21906,1.21618,1.21713,4326,0,20
2013-02-18T00:00:00Z,1.21706,1.22216,1.21676,1.2194,50495,0,21
2013-02-19T00:00:00Z,1.2194099999999999,1.22702,1.21883,1.22217,57321,0,30
2013-02-20T00:00:00Z,1.22216,1.23467,1.22141,1.22739,71038,0,52
2013-02-21T00:00:00Z,1.22738,1.23297,1.22591,1.23225,68608,0,21
2013-02-22T00:00:00Z,1.23226,1.23423,1.22831,1.2305,55994,0,20
2013-02-24T00:00:00Z,1.231,1.23145,1.22869,1.23011,4066,0,60
2013-02-25T00:00:00Z,1.23015,1.23344,1.22556,1.23225,72255,0,52
2013-02-26T00:00:00Z,1.2322899999999999,1.24236,1.23026,1.23822,79452,0,33
2013-02-27T00:00:00Z,1.2382,1.24024,1.23326,1.2377799999999999,80332,0,40
2013-02-28T00:00:00Z,1.23776,1.23899,1.2323,1.23878,70995,0,34
2013-03-01T00:00:00Z,1.23879,1.23908,1.23353,1.23572,64561,0,24
2013-03-03T00:00:00Z,1.2385,1.2388,1.23672,1.23745,2622,0,24
2013-03-04T00:00:00Z,1.23725,1.23777,1.23048,1.23234,11664,0,20
2013-03-05T00:00:00Z,1.23235,1.238,1.23054,1.23313,12384,0,20
2013-03-06T00:00:00Z,1.23309,1.23701,1.23121,1.23645,20981,0,5
2013-03-07T00:00:00Z,1.2364600000000001,1.24181,1.2353,1.23991,28276,0,4
2013-03-08T00:00:00Z,1.23991,1.24845,1.2385,1.24511,24459,0,5
2013-03-10T00:00:00Z,1.2441200000000001,1.24511,1.24314,1.24455,4345,0,7
2013-03-11T00:00:00Z,1.24457,1.24785,1.24058,1.24472,23077,0,5
2013-03-12T00:00:00Z,1.24472,1.2527300000000001,1.24419,1.25201,28769,0,3
2013-03-13T00:00:00Z,1.25198,1.26038,1.24593,1.25845,35820,0,5
2013-03-14T00:00:00Z,1.25842,1.26817,1.25842,1.2636,39420,0,5
2013-03-15T00:00:00Z,1.26361,1.26547,1.25738,1.25752,27645,0,6
2013-03-17T00:00:00Z,1.2563,1.25989,1.25504,1.25842,8038,0,18
2013-03-18T00:00:00Z,1.25846,1.26211,1.2564600000000001,1.25799,34011,0,5
2013-03-19T00:00:00Z,1.2579799999999999,1.26082,1.2558500000000001,1.25796,38291,0,5
2013-03-20T00:00:00Z,1.2579500000000001,1.26397,1.2530000000000001,1.25595,39458,0,5
2013-03-21T00:00:00Z,1.25599,1.2570299999999999,1.2502499999999999,1.25433,40147,0,3
2013-03-22T00:00:00Z,1.2543199999999999,1.25516,1.24913,1.24931,26712,0,6
2013-03-24T00:00:00Z,1.25099,1.25225,1.24947,1.2504,5870,0,16
2013-03-25T00:00:00Z,1.2504,1.25442,1.25004,1.25296,35623,0,2
2013-03-26T00:00:00Z,1.25295,1.25534,1.24775,1.24841,32596,0,4
2013-03-27T00:00:00Z,1.24841,1.25012,1.24661,1.24762,29269,0,1
2013-03-28T00:00:00Z,1.24764,1.24858,1.24294,1.2436099999999999,31100,0,5
2013-03-29T00:00:00Z,1.24357,1.24641,1.2422900000000001,1.24427,16657,0,8
2013-03-31T00:00:00Z,1.24487,1.24536,1.24254,1.24449,2592,0,19
2013-04-01T00:00:00Z,1.24449,1.24603,1.24289,1.24461,17990,0,6
2013-04-02T00:00:00Z,1.24458,1.24655,1.23958,1.24159,28137,0,6
2013-04-03T00:00:00Z,1.24159,1.2448,1.24106,1.24175,27999,0,6
2013-04-04T00:00:00Z,1.24175,1.2460499999999999,1.23765,1.23878,33484,0,5
2013-04-05T00:00:00Z,1.23879,1.24136,1.23068,1.23115,32067,0,2
2013-04-07T00:00:00Z,1.23043,1.23366,1.23039,1.23264,3927,0,12
2013-04-08T00:00:00Z,1.23266,1.23414,1.22854,1.23018,29914,0,5
2013-04-09T00:00:00Z,1.2302,1.23523,1.22729,1.23098,33770,0,4
2013-04-10T00:00:00Z,1.2309700000000001,1.23261,1.22656,1.2281900000000001,33826,0,11
2013-04-11T00:00:00Z,1.2282,1.2293,1.2181899999999999,1.22202,33536,0,9
2013-04-12T00:00:00Z,1.22201,1.22659,1.22095,1.22276,28058,0,11
2013-04-14T00:00:00Z,1.22467,1.2265,1.2227999999999999,1.22515,4270,0,29
2013-04-15T00:00:00Z,1.22515,1.23101,1.22422,1.22536,50567,0,9
2013-04-16T00:00:00Z,1.22537,1.22647,1.22031,1.22215,46476,0,10
2013-04-17T00:00:00Z,1.22204,1.22482,1.21757,1.22014,43070,0,10
2013-04-18T00:00:00Z,1.22014,1.22486,1.2175,1.22362,43488,0,11
2013-04-19T00:00:00Z,1.22361,1.22426,1.21939,1.22012,36291,0,10
2013-04-21T00:00:00Z,1.2232,1.2234,1.2207,1.22223,3041,0,21
2013-04-22T00:00:00Z,1.22223,1.2229700000000001,1.21617,1.21802,31618,0,6
2013-04-23T00:00:00Z,1.21803,1.22328,1.21368,1.21747,37124,0,6
2013-04-24T00:00:00Z,1.21747,1.21959,1.21076,1.21251,35604,0,6
2013-04-25T00:00:00Z,1.21249,1.21324,1.20681,1.20953,31028,0,5
2013-04-26T00:00:00Z,1.20956,1.21291,1.20508,1.21209,32548,0,6
2013-04-28T00:00:00Z,1.21186,1.21186,1.20851,1.21038,3983,0,23
2013-04-29T00:00:00Z,1.21038,1.21221,1.20741,1.21049,31225,0,10
2013-04-30T00:00:00Z,1.21048,1.2113,1.20606,1.21059,32374,0,6
2013-05-01T00:00:00Z,1.21062,1.2129,1.20703,1.20837,33756,0,5
2013-05-02T00:00:00Z,1.20838,1.20989,1.20137,1.20681,35557,0,4
2013-05-03T00:00:00Z,1.20681,1.20927,1.20257,1.20759,28144,0,4
2013-05-05T00:00:00Z,1.20467,1.20716,1.20467,1.20688,3557,0,9
2013-05-06T00:00:00Z,1.20688,1.20716,1.20111,1.20349,25011,0,6
2013-05-07T00:00:00Z,1.2035,1.20682,1.1955,1.20437,34943,0,1
2013-05-08T00:00:00Z,1.20449,1.21669,1.20215,1.2043,37220,0,4
2013-05-09T00:00:00Z,1.20434,1.21186,1.2001,1.20021,40339,0,6
2013-05-10T00:00:00Z,1.20031,1.20831,1.19898,1.2056,46312,0,4
2013-05-12T00:00:00Z,1.2066,1.2078,1.2046999999999999,1.2067,2709,0,5
2013-05-13T00:00:00Z,1.2067,1.20886,1.20163,1.20727,41793,0,1
2013-05-14T00:00:00Z,1.20731,1.20789,1.20187,1.20535,43874,0,1
2013-05-15T00:00:00Z,1.20535,1.20698,1.19953,1.19973,43757,0,1
2013-05-16T00:00:00Z,1.1997200000000001,1.2052100000000001,1.19613,1.20206,48238,0,1
2013-05-17T00:00:00Z,1.2021,1.20741,1.2001,1.2055,41064,0,1
2013-05-19T00:00:00Z,1.20515,1.2055,1.2029,1.20386,6159,0,14
2013-05-20T00:00:00Z,1.20371,1.20598,1.19875,1.20006,43072,0,4
2013-05-21T00:00:00Z,1.19998,1.20262,1.1973799999999999,1.20052,50671,0,5
2013-05-22T00:00:00Z,1.20057,1.20265,1.19648,1.2015,57826,0,4
2013-05-23T00:00:00Z,1.2015,1.20256,1.19446,1.1982,76077,0,7
2013-05-24T00:00:00Z,1.1982,1.19874,1.18953,1.1897199999999999,61061,0,7
2013-05-26T00:00:00Z,1.18942,1.19118,1.18838,1.19082,7549,0,10
2013-05-27T00:00:00Z,1.1908,1.19381,1.18976,1.19061,42833,0,7
2013-05-28T00:00:00Z,1.19061,1.19425,1.18708,1.1886,66580,0,7
2013-05-29T00:00:00Z,1.1886,1.19055,1.18176,1.18955,74157,0,7
2013-05-30T00:00:00Z,1.18952,1.19852,1.185,1.1948,75319,0,7
2013-05-31T00:00:00Z,1.19477,1.20636,1.19076,1.20185,70440,0,7
2013-06-02T00:00:00Z,1.20366,1.20732,1.20234,1.2062,6703,0,8
2013-06-03T00:00:00Z,1.20624,1.21007,1.20373,1.20482,67242,0,7
2013-06-04T00:00:00Z,1.20483,1.20794,1.20097,1.20318,69278,0,7
2013-06-05T00:00:00Z,1.20318,1.20333,1.1938,1.19523,76376,0,7
2013-06-06T00:00:00Z,1.19522,1.19824,1.1909,1.19677,88583,0,52
2013-06-07T00:00:00Z,1.19683,1.20536,1.18958,1.20194,86101,0,52
2013-06-09T00:00:00Z,1.20065,1.2018,1.19925,1.19986,5469,0,112
2013-06-10T00:00:00Z,1.19987,1.20224,1.19467,1.19716,65913,0,52
2013-06-11T00:00:00Z,1.19717,1.20298,1.19291,1.19762,88746,0,52
2013-06-12T00:00:00Z,1.19761,1.20103,1.1852800000000001,1.19081,83616,0,52
2013-06-13T00:00:00Z,1.19083,1.19919,1.1878199999999999,1.18985,93487,0,7
2013-06-14T00:00:00Z,1.18996,1.1927,1.18628,1.18642,65820,0,7
2013-06-16T00:00:00Z,1.1869,1.18888,1.1854,1.18846,7045,0,7
2013-06-17T00:00:00Z,1.18846,1.19552,1.18711,1.1939,53569,0,7
2013-06-18T00:00:00Z,1.1938900000000001,1.1955,1.18244,1.18669,65755,0,7
2013-06-19T00:00:00Z,1.18669,1.1887,1.1747,1.18007,65304,0,7
2013-06-20T00:00:00Z,1.18007,1.18992,1.17481,1.18497,88521,0,7
2013-06-21T00:00:00Z,1.18485,1.19311,1.18386,1.18778,75897,0,7
2013-06-23T00:00:00Z,1.1894,1.1909,1.18629,1.18927,8026,0,13
2013-06-24T00:00:00Z,1.1893,1.19692,1.1853799999999999,1.19312,86107,0,7
2013-06-25T00:00:00Z,1.19312,1.19815,1.1913,1.19673,73033,0,7
2013-06-26T00:00:00Z,1.19672,1.19852,1.18811,1.19162,71199,0,7
2013-06-27T00:00:00Z,1.19161,1.19493,1.18668,1.19005,75138,0,52
2013-06-28T00:00:00Z,1.19004,1.19042,1.17835,1.17882,77313,0,52
2013-06-30T00:00:00Z,1.1807,1.18195,1.17849,1.1797900000000001,5899,0,22
2013-07-01T00:00:00Z,1.1797900000000001,1.18341,1.17915,1.18096,60942,0,7
2013-07-02T00:00:00Z,1.18095,1.18252,1.17628,1.17914,65083,0,7
2013-07-03T00:00:00Z,1.17912,1.18115,1.1651,1.16937,71940,0,7
2013-07-04T00:00:00Z,1.16938,1.17235,1.16535,1.1691,62939,0,7
2013-07-05T00:00:00Z,1.1691,1.17881,1.16556,1.17462,55185,0,7
2013-07-07T00:00:00Z,1.17395,1.17485,1.1728399999999999,1.17384,5752,0,10
2013-07-08T00:00:00Z,1.1738,1.17464,1.16764,1.1705,49133,0,7
2013-07-09T00:00:00Z,1.1705,1.1716,1.16491,1.16975,57985,0,7
2013-07-10T00:00:00Z,1.16975,1.1746699999999999,1.16572,1.16779,68276,0,7
2013-07-11T00:00:00Z,1.16773,1.17499,1.1638600000000001,1.16859,76172,0,7
2013-07-12T00:00:00Z,1.16859,1.1698,1.15846,1.16302,52014,0,7
2013-07-14T00:00:00Z,1.16395,1.16424,1.16184,1.16317,4907,0,7
2013-07-15T00:00:00Z,1.16317,1.16949,1.16254,1.16583,54493,0,7
2013-07-16T00:00:00Z,1.16584,1.17375,1.16489,1.17209,58290,0,7
2013-07-17T00:00:00Z,1.17206,1.1734,1.1655,1.16764,62453,0,7
2013-07-18T00:00:00Z,1.16783,1.16861,1.15939,1.1616,51015,0,1
2013-07-19T00:00:00Z,1.1616,1.16199,1.15417,1.15547,46810,0,1
2013-07-21T00:00:00Z,1.16038,1.16225,1.15686,1.16131,6103,0,1
2013-07-22T00:00:00Z,1.1614,1.16399,1.15905,1.16013,48731,0,1
2013-07-23T00:00:00Z,1.16009,1.16268,1.15712,1.16064,53901,0,1
2013-07-24T00:00:00Z,1.16064,1.16415,1.1467,1.14719,65175,0,1
2013-07-25T00:00:00Z,1.14723,1.14845,1.13953,1.14583,64119,0,1
2013-07-26T00:00:00Z,1.14583,1.1494,1.14348,1.1442700000000001,50257,0,1
2013-07-28T00:00:00Z,1.1454,1.14727,1.14463,1.14642,4489,0,14
2013-07-29T00:00:00Z,1.14642,1.14805,1.1430500000000001,1.14529,48694,0,1
2013-07-30T00:00:00Z,1.14524,1.14678,1.13292,1.13427,58183,0,1
2013-07-31T00:00:00Z,1.13424,1.13553,1.1199,1.12502,66941,0,1
2013-08-01T00:00:00Z,1.12507,1.13557,1.12385,1.13155,60503,0,1
2013-08-02T00:00:00Z,1.1315,1.13949,1.12624,1.13395,54280,0,1
2013-08-04T00:00:00Z,1.14965,1.14965,1.14395,1.1485,4362,0,9
2013-08-05T00:00:00Z,1.1485,1.14855,1.13543,1.13645,53817,0,1
2013-08-06T00:00:00Z,1.13643,1.14505,1.13475,1.13655,57276,0,1
2013-08-07T00:00:00Z,1.1366,1.13787,1.12659,1.12986,57180,0,1
2013-08-08T00:00:00Z,1.1298,1.1408,1.1288,1.13736,60175,0,1
2013-08-09T00:00:00Z,1.1373199999999999,1.14452,1.13689,1.14435,47215,0,1
2013-08-11T00:00:00Z,1.14256,1.14435,1.1415,1.144,4842,0,10
2013-08-12T00:00:00Z,1.144,1.14607,1.14044,1.14355,45532,0,1
2013-08-13T00:00:00Z,1.14355,1.14508,1.13882,1.13884,54283,0,1
2013-08-14T00:00:00Z,1.13887,1.14191,1.1345,1.13503,51112,0,1
2013-08-15T00:00:00Z,1.13499,1.13908,1.13043,1.1315,63623,0,1
2013-08-16T00:00:00Z,1.1315,1.13765,1.12755,1.13265,55722,0,1
2013-08-18T00:00:00Z,1.1326,1.13325,1.13032,1.1313,5840,0,4
2013-08-19T00:00:00Z,1.1313,1.1357,1.12646,1.13095,52193,0,1
2013-08-20T00:00:00Z,1.13095,1.14056,1.1295,1.13858,61897,0,1
2013-08-21T00:00:00Z,1.1385,1.14605,1.1357,1.14237,64870,0,1
2013-08-22T00:00:00Z,1.14238,1.15443,1.14129,1.15,60579,0,1
2013-08-23T00:00:00Z,1.15,1.15902,1.14937,1.15512,50827,0,1
2013-08-25T00:00:00Z,1.15531,1.1586,1.15433,1.15685,5831,0,7
2013-08-26T00:00:00Z,1.15685,1.15785,1.14823,1.14887,40454,0,1
2013-08-27T00:00:00Z,1.14887,1.15365,1.14555,1.15261,54464,0,1
2013-08-28T00:00:00Z,1.1526,1.15324,1.14443,1.1447,58848,0,1
2013-08-29T00:00:00Z,1.14471,1.15138,1.14352,1.14974,49588,0,1
2013-08-30T00:00:00Z,1.14974,1.15275,1.14813,1.15004,42886,0,1
2013-09-01T00:00:00Z,1.15038,1.15324,1.14887,1.1501000000000001,4751,0,3
2013-09-02T00:00:00Z,1.15015,1.15442,1.1476,1.1512,42942,0,1
2013-09-03T00:00:00Z,1.15125,1.16308,1.14881,1.16036,50469,0,1
2013-09-04T00:00:00Z,1.16036,1.1659,1.15825,1.1608,48310,0,1
2013-09-05T00:00:00Z,1.16075,1.16275,1.15451,1.15676,43670,0,1
2013-09-06T00:00:00Z,1.15673,1.15735,1.1466,1.1466,37977,0,1
2013-09-08T00:00:00Z,1.14879,1.15174,1.14767,1.15115,4954,0,1
2013-09-09T00:00:00Z,1.15115,1.15305,1.1479,1.15125,37111,0,1
2013-09-10T00:00:00Z,1.15126,1.15506,1.1509,1.15505,44455,0,1
2013-09-11T00:00:00Z,1.15505,1.1558,1.14658,1.14665,42515,0,1
2013-09-12T00:00:00Z,1.14665,1.14787,1.13361,1.13928,48241,0,1
2013-09-13T00:00:00Z,1.13921,1.14056,1.13361,1.13582,39502,0,1
2013-09-15T00:00:00Z,1.13535,1.14146,1.13418,1.13827,8043,0,10
2013-09-16T00:00:00Z,1.13825,1.14327,1.13725,1.13968,43026,0,1
2013-09-17T00:00:00Z,1.1397,1.14033,1.1347,1.1357599999999999,39050,0,1
2013-09-18T00:00:00Z,1.13554,1.14007,1.13388,1.13425,45151,0,1
2013-09-19T00:00:00Z,1.13425,1.1346,1.12542,1.12546,50975,0,1
2013-09-20T00:00:00Z,1.12543,1.12869,1.12121,1.12184,38082,0,1
2013-09-22T00:00:00Z,1.11972,1.12404,1.11969,1.12293,3592,0,21
2013-09-23T00:00:00Z,1.12293,1.12858,1.12265,1.12604,33970,0,3
2013-09-24T00:00:00Z,1.12604,1.13863,1.12584,1.13791,34843,0,1
2013-09-25T00:00:00Z,1.13791,1.13974,1.13437,1.13604,36508,0,2
2013-09-26T00:00:00Z,1.13607,1.13652,1.12744,1.12919,36083,0,1
2013-09-27T00:00:00Z,1.12921,1.1307800000000001,1.12336,1.12341,35674,0,3
2013-09-29T00:00:00Z,1.12445,1.12669,1.12409,1.12537,4759,0,3
2013-09-30T00:00:00Z,1.12537,1.12819,1.12054,1.12378,38111,0,1
2013-10-01T00:00:00Z,1.12376,1.13774,1.12214,1.13546,44781,0,1
2013-10-02T00:00:00Z,1.1353900000000001,1.1426,1.1257,1.12909,44936,0,1
2013-10-03T00:00:00Z,1.12914,1.13422,1.12674,1.13269,42217,0,1
2013-10-04T00:00:00Z,1.13269,1.13784,1.13216,1.13384,32531,0,1
2013-10-06T00:00:00Z,1.13263,1.13573,1.13235,1.1353,3633,0,7
2013-10-07T00:00:00Z,1.13522,1.13708,1.13249,1.13595,34185,0,1
2013-10-08T00:00:00Z,1.13595,1.13954,1.13499,1.13506,37552,0,1
2013-10-09T00:00:00Z,1.13506,1.13986,1.13506,1.13865,37575,0,2
2013-10-10T00:00:00Z,1.13865,1.14406,1.1353900000000001,1.14169,40368,0,1
2013-10-11T00:00:00Z,1.14169,1.14319,1.13474,1.13624,34353,0,1
2013-10-13T00:00:00Z,1.13273,1.13486,1.13263,1.13429,3803,0,9
2013-10-14T00:00:00Z,1.13429,1.13764,1.12987,1.13708,32573,0,1
2013-10-15T00:00:00Z,1.13714,1.13889,1.13415,1.13421,37489,0,1
2013-10-16T00:00:00Z,1.13421,1.13626,1.13099,1.13342,37956,0,1
2013-10-17T00:00:00Z,1.13343,1.13771,1.13071,1.13725,42701,0,1
2013-10-18T00:00:00Z,1.13725,1.13972,1.13494,1.1375899999999999,31798,0,1
2013-10-20T00:00:00Z,1.13675,1.13879,1.1359,1.13769,3468,0,1
2013-10-21T00:00:00Z,1.13764,1.14431,1.13623,1.14175,29263,0,1
2013-10-22T00:00:00Z,1.14178,1.14434,1.13858,1.13994,32592,0,1
2013-10-23T00:00:00Z,1.13994,1.15021,1.13927,1.14354,49586,0,1
2013-10-24T00:00:00Z,1.14359,1.15384,1.14329,1.15346,45198,0,1
2013-10-25T00:00:00Z,1.15341,1.15754,1.15277,1.15629,37222,0,1
2013-10-27T00:00:00Z,1.15525,1.15764,1.15515,1.15707,2277,0,5
2013-10-28T00:00:00Z,1.15707,1.1580300000000001,1.14906,1.15005,35885,0,1
2013-10-29T00:00:00Z,1.15002,1.15278,1.1461000000000001,1.1482999999999999,43483,0,1
2013-10-30T00:00:00Z,1.1482999999999999,1.15229,1.14491,1.14722,42642,0,1
2013-10-31T00:00:00Z,1.14721,1.1516899999999999,1.14345,1.1452499999999999,47357,0,1
2013-11-01T00:00:00Z,1.1452499999999999,1.14821,1.14042,1.14124,35709,0,1
2013-11-03T00:00:00Z,1.14345,1.14528,1.1433,1.14528,2302,0,1
2013-11-04T00:00:00Z,1.14526,1.14866,1.14339,1.14676,25369,0,1
2013-11-05T00:00:00Z,1.14674,1.14914,1.13472,1.13583,43832,0,1
2013-11-06T00:00:00Z,1.13586,1.13758,1.13248,1.1373199999999999,34255,0,1
2013-11-07T00:00:00Z,1.13733,1.13787,1.13113,1.13655,49604,0,1
2013-11-08T00:00:00Z,1.13672,1.13827,1.131,1.13564,43443,0,1
2013-11-10T00:00:00Z,1.13452,1.13659,1.13425,1.1363,3390,0,2
2013-11-11T00:00:00Z,1.1363,1.13677,1.1318,1.1338300000000001,31656,0,1
2013-11-12T00:00:00Z,1.13379,1.13649,1.12988,1.13259,43452,0,1
2013-11-13T00:00:00Z,1.13259,1.13329,1.12731,1.12944,40800,0,2
2013-11-14T00:00:00Z,1.12945,1.12945,1.12183,1.12507,41502,0,1
2013-11-15T00:00:00Z,1.12507,1.12801,1.12256,1.12262,30403,0,1
2013-11-17T00:00:00Z,1.1218,1.12366,1.12114,1.12249,2276,0,2
2013-11-18T00:00:00Z,1.12247,1.12694,1.11955,1.12624,37439,0,1
2013-11-19T00:00:00Z,1.12634,1.13057,1.12405,1.1271200000000001,40061,0,1
2013-11-20T00:00:00Z,1.12715,1.13114,1.12544,1.1283400000000001,44909,0,1
2013-11-21T00:00:00Z,1.12837,1.1301700000000001,1.11995,1.12191,49889,0,1
2013-11-22T00:00:00Z,1.12191,1.12664,1.11695,1.11796,37387,0,1
2013-11-24T00:00:00Z,1.11898,1.12104,1.11789,1.1185100000000001,3293,0,1
2013-11-25T00:00:00Z,1.11845,1.11928,1.11246,1.11614,28854,0,1
2013-11-26T00:00:00Z,1.11616,1.11681,1.11167,1.11322,30503,0,1
2013-11-27T00:00:00Z,1.11322,1.11784,1.11144,1.11424,33662,0,1
2013-11-28T00:00:00Z,1.11393,1.1215,1.1125099999999999,1.11891,32284,0,1
2013-11-29T00:00:00Z,1.11899,1.12256,1.11606,1.11979,32819,0,1
2013-12-01T00:00:00Z,1.11717,1.11852,1.11568,1.1172,3073,0,2
2013-12-02T00:00:00Z,1.11725,1.1189,1.11048,1.11256,36998,0,1
2013-12-03T00:00:00Z,1.11259,1.11361,1.10514,1.1083,39234,0,1
2013-12-04T00:00:00Z,1.10835,1.10929,1.10005,1.10008,45176,0,1
2013-12-05T00:00:00Z,1.10008,1.10559,1.09927,1.10289,39937,0,1
2013-12-06T00:00:00Z,1.10289,1.10697,1.09646,1.09859,38073,0,1
2013-12-08T00:00:00Z,1.10005,1.10073,1.09775,1.0983,2805,0,1
2013-12-09T00:00:00Z,1.09835,1.10064,1.09499,1.0977999999999999,35757,0,1
2013-12-10T00:00:00Z,1.0977999999999999,1.10325,1.0966,1.10056,35095,0,1
2013-12-11T00:00:00Z,1.10055,1.10481,1.09281,1.09317,39142,0,4
2013-12-12T00:00:00Z,1.09324,1.09664,1.08161,1.08564,45161,0,1
2013-12-13T00:00:00Z,1.08564,1.08809,1.08257,1.08321,33142,0,4
2013-12-15T00:00:00Z,1.0834,1.0836,1.08215,1.08325,1672,0,4
2013-12-16T00:00:00Z,1.08324,1.08527,1.07998,1.08174,31413,0,2
2013-12-17T00:00:00Z,1.08173,1.08199,1.07466,1.07749,34493,0,1
2013-12-18T00:00:00Z,1.07742,1.08154,1.0729,1.07756,39228,0,1
2013-12-19T00:00:00Z,1.07756,1.08481,1.07664,1.08128,35602,0,1
2013-12-20T00:00:00Z,1.08128,1.08983,1.08028,1.08706,33414,0,1
2013-12-22T00:00:00Z,1.0861,1.0876,1.0855,1.08639,1478,0,4
2013-12-23T00:00:00Z,1.08654,1.09089,1.08602,1.08954,25355,0,1
2013-12-24T00:00:00Z,1.08954,1.09143,1.0883099999999999,1.0892,17029,0,10
2013-12-25T00:00:00Z,1.08962,1.09011,1.08833,1.08982,268,0,240
2013-12-26T00:00:00Z,1.08988,1.09096,1.0867,1.08887,21791,0,1
2013-12-27T00:00:00Z,1.08887,1.09131,1.08544,1.08742,25318,0,1
2013-12-29T00:00:00Z,1.08511,1.08664,1.08421,1.08601,2243,0,7
2013-12-30T00:00:00Z,1.08578,1.0889,1.08347,1.08549,28658,0,1
2013-12-31T00:00:00Z,1.08549,1.08769,1.08308,1.08314,19644,0,7
2014-01-01T00:00:00Z,1.08302,1.08474,1.0802,1.08335,3096,0,20
2014-01-02T00:00:00Z,1.08333,1.08956,1.08269,1.08779,46507,0,1
2014-01-03T00:00:00Z,1.08777,1.09048,1.08009,1.08059,41742,0,1
2014-01-05T00:00:00Z,1.08164,1.08463,1.08164,1.08439,4093,0,3
2014-01-06T00:00:00Z,1.08433,1.08599,1.07962,1.08175,38584,0,1
2014-01-07T00:00:00Z,1.08177,1.08266,1.0754,1.07687,41290,0,2
2014-01-08T00:00:00Z,1.07681,1.07867,1.07506,1.07584,42551,0,2
2014-01-09T00:00:00Z,1.07589,1.07962,1.07349,1.07885,39473,0,1
2014-01-10T00:00:00Z,1.07881,1.08477,1.07776,1.08279,38203,0,1
2014-01-12T00:00:00Z,1.08415,1.0854,1.0822,1.08525,1992,0,4
2014-01-13T00:00:00Z,1.08525,1.0861399999999999,1.07945,1.08011,44463,0,1
2014-01-14T00:00:00Z,1.08014,1.08022,1.06718,1.07089,43270,0,1
2014-01-15T00:00:00Z,1.07091,1.07139,1.06405,1.06861,41383,0,1
2014-01-16T00:00:00Z,1.06864,1.06898,1.05416,1.05648,44955,0,1
2014-01-17T00:00:00Z,1.05651,1.06462,1.05589,1.06194,35001,0,1
2014-01-19T00:00:00Z,1.06225,1.06356,1.06079,1.06294,2093,0,1
2014-01-20T00:00:00Z,1.06296,1.07042,1.05724,1.0588899999999999,30986,0,1
2014-01-21T00:00:00Z,1.0588899999999999,1.06024,1.05631,1.059,36087,0,2
2014-01-22T00:00:00Z,1.05895,1.06718,1.05709,1.06481,39267,0,2
2014-01-23T00:00:00Z,1.06484,1.06703,1.05294,1.05702,48643,0,1
2014-01-24T00:00:00Z,1.05702,1.05871,1.04913,1.05634,47109,0,2
2014-01-26T00:00:00Z,1.05605,1.05748,1.05442,1.05603,3595,0,1
2014-01-27T00:00:00Z,1.05604,1.06282,1.05532,1.06171,41936,0,2
2014-01-28T00:00:00Z,1.06175,1.06532,1.05931,1.06279,41479,0,2
2014-01-29T00:00:00Z,1.06265,1.06717,1.05597,1.06543,44787,0,1
2014-01-30T00:00:00Z,1.06544,1.0793,1.06407,1.0752,45578,0,1
2014-01-31T00:00:00Z,1.07515,1.08295,1.07267,1.08183,40478,0,1
2014-02-02T00:00:00Z,1.08135,1.08239,1.07912,1.08039,4014,0,1
2014-02-03T00:00:00Z,1.08044,1.0876,1.07729,1.08356,42779,0,2
2014-02-04T00:00:00Z,1.08356,1.09463,1.08118,1.08347,50637,0,1
2014-02-05T00:00:00Z,1.08347,1.0872,1.08189,1.08511,50484,0,1
2014-02-06T00:00:00Z,1.08535,1.09041,1.08289,1.08516,48095,0,1
2014-02-07T00:00:00Z,1.08512,1.08856,1.07908,1.07939,44382,0,1
2014-02-09T00:00:00Z,1.07926,1.08132,1.0789,1.0801,2286,0,12
2014-02-10T00:00:00Z,1.08013,1.08268,1.07814,1.08175,28426,0,4
2014-02-11T00:00:00Z,1.08177,1.08722,1.08122,1.08526,37493,0,1
2014-02-12T00:00:00Z,1.08526,1.0860400000000001,1.08215,1.08448,34561,0,1
2014-02-13T00:00:00Z,1.08448,1.08465,1.07354,1.07621,37922,0,1
2014-02-14T00:00:00Z,1.07622,1.07979,1.0756000000000001,1.0785,32214,0,1
2014-02-16T00:00:00Z,1.08247,1.08268,1.07988,1.0811,2977,0,7
2014-02-17T00:00:00Z,1.0811,1.0818699999999999,1.07832,1.08051,27862,0,1
2014-02-18T00:00:00Z,1.08047,1.08845,1.07874,1.08672,39744,0,1
2014-02-19T00:00:00Z,1.0867,1.08899,1.08339,1.08685,39184,0,1
2014-02-20T00:00:00Z,1.08684,1.08849,1.0813,1.08479,41196,0,2
2014-02-21T00:00:00Z,1.08484,1.08539,1.08153,1.08323,30977,0,4
2014-02-23T00:00:00Z,1.08316,1.08459,1.08234,1.0843099999999999,2893,0,9
2014-02-24T00:00:00Z,1.08433,1.08573,1.08158,1.0844,37557,0,2
2014-02-25T00:00:00Z,1.0844,1.08494,1.08049,1.08178,34474,0,3
2014-02-26T00:00:00Z,1.08176,1.0822,1.07717,1.07852,37532,0,6
2014-02-27T00:00:00Z,1.07858,1.0790899999999999,1.06699,1.07096,43122,0,3
2014-02-28T00:00:00Z,1.07092,1.07092,1.06279,1.06364,38518,0,1
2014-03-02T00:00:00Z,1.06358,1.06564,1.06256,1.06461,4083,0,2
2014-03-03T00:00:00Z,1.06466,1.06823,1.06421,1.06714,34698,0,1
2014-03-04T00:00:00Z,1.06714,1.072,1.06561,1.06719,34882,0,4
2014-03-05T00:00:00Z,1.06714,1.07153,1.06553,1.06692,37326,0,5
2014-03-06T00:00:00Z,1.06692,1.0746,1.06663,1.07426,43847,0,1
2014-03-07T00:00:00Z,1.07426,1.07589,1.06919,1.06949,42232,0,3
2014-03-09T00:00:00Z,1.06805,1.06936,1.06774,1.06874,3446,0,7
2014-03-10T00:00:00Z,1.06876,1.07029,1.06385,1.06517,52052,0,3
2014-03-11T00:00:00Z,1.06515,1.06621,1.05835,1.05989,56206,0,2
2014-03-12T00:00:00Z,1.05989,1.06459,1.05372,1.05558,67996,0,1
2014-03-13T00:00:00Z,1.05559,1.06146,1.05511,1.05735,82088,0,1
2014-03-14T00:00:00Z,1.05735,1.05846,1.05451,1.05731,59412,0,2
2014-03-16T00:00:00Z,1.05674,1.0576699999999999,1.05611,1.0576699999999999,2790,0,6
2014-03-17T00:00:00Z,1.0576699999999999,1.06152,1.05596,1.06101,52808,0,4
2014-03-18T00:00:00Z,1.06101,1.06188,1.05684,1.05859,66129,0,2
2014-03-19T00:00:00Z,1.05864,1.06009,1.05413,1.05794,69316,0,1
2014-03-20T00:00:00Z,1.05791,1.06007,1.05584,1.05922,61750,0,3
2014-03-21T00:00:00Z,1.05922,1.06478,1.05919,1.0631599999999999,45146,0,4
2014-03-23T00:00:00Z,1.06417,1.06604,1.06397,1.06467,2945,0,6
2014-03-24T00:00:00Z,1.06455,1.0688900000000001,1.06044,1.06801,56659,0,1
2014-03-25T00:00:00Z,1.06789,1.07158,1.06679,1.0687,49818,0,2
2014-03-26T00:00:00Z,1.0687,1.07389,1.06578,1.07184,62389,0,1
2014-03-27T00:00:00Z,1.07183,1.0729,1.06418,1.06941,57775,0,3
2014-03-28T00:00:00Z,1.06941,1.06984,1.06449,1.06749,45880,0,1
2014-03-30T00:00:00Z,1.06495,1.06839,1.06476,1.06771,4201,0,4
2014-03-31T00:00:00Z,1.06771,1.06955,1.06505,1.06829,50221,0,1
2014-04-01T00:00:00Z,1.06829,1.07254,1.06441,1.07227,50674,0,1
2014-04-02T00:00:00Z,1.07224,1.08079,1.07128,1.0784799999999999,51578,0,2
2014-04-03T00:00:00Z,1.07846,1.0834,1.07612,1.08004,54786,0,1
2014-04-04T00:00:00Z,1.08004,1.08329,1.07898,1.08031,51911,0,1
2014-04-06T00:00:00Z,1.08145,1.08164,1.07735,1.08069,2668,0,6
2014-04-07T00:00:00Z,1.08069,1.08079,1.07618,1.07637,38741,0,1
2014-04-08T00:00:00Z,1.07638,1.0798,1.07449,1.079,52244,0,1
2014-04-09T00:00:00Z,1.079,1.08189,1.07579,1.07593,49201,0,1
2014-04-10T00:00:00Z,1.07591,1.08615,1.07349,1.0855,44022,0,1
2014-04-11T00:00:00Z,1.0855,1.08628,1.08014,1.0805,38337,0,1
2014-04-13T00:00:00Z,1.08076,1.08148,1.07942,1.08049,2395,0,4
2014-04-14T00:00:00Z,1.08046,1.08743,1.08031,1.08411,32730,0,1
2014-04-15T00:00:00Z,1.08414,1.08725,1.08133,1.08474,39109,0,1
2014-04-16T00:00:00Z,1.0847,1.09109,1.08409,1.08588,42929,0,1
2014-04-17T00:00:00Z,1.08591,1.0894,1.08396,1.08817,31048,0,2
2014-04-18T00:00:00Z,1.08816,1.08893,1.08573,1.08637,15936,0,1
2014-04-20T00:00:00Z,1.08818,1.08856,1.08455,1.08632,3203,0,12
2014-04-21T00:00:00Z,1.08632,1.09099,1.08612,1.08877,18596,0,3
2014-04-22T00:00:00Z,1.08877,1.0911,1.08687,1.08738,30222,0,1
2014-04-23T00:00:00Z,1.08738,1.08858,1.07677,1.07867,37410,0,1
2014-04-24T00:00:00Z,1.07869,1.08284,1.07613,1.08237,31440,0,1
2014-04-25T00:00:00Z,1.08237,1.08314,1.07943,1.08019,26170,0,5
2014-04-27T00:00:00Z,1.08008,1.0812,1.07963,1.08016,1325,0,7
2014-04-28T00:00:00Z,1.08015,1.08722,1.08008,1.08353,34458,0,2
2014-04-29T00:00:00Z,1.08357,1.08616,1.0823,1.083,35380,0,6
2014-04-30T00:00:00Z,1.083,1.08556,1.07679,1.07774,38596,0,4
2014-05-01T00:00:00Z,1.07774,1.07919,1.07304,1.07391,29680,0,6
2014-05-02T00:00:00Z,1.07392,1.07638,1.0682,1.06969,44160,0,1
2014-05-04T00:00:00Z,1.0698,1.07144,1.0698,1.07115,2119,0,12
2014-05-05T00:00:00Z,1.07114,1.07265,1.06751,1.06864,24515,0,4
2014-05-06T00:00:00Z,1.06869,1.07466,1.06478,1.07416,43989,0,1
2014-05-07T00:00:00Z,1.07424,1.07883,1.07236,1.07812,52681,0,1
2014-05-08T00:00:00Z,1.07812,1.08706,1.07733,1.08328,53463,0,1
2014-05-09T00:00:00Z,1.08325,1.08714,1.08169,1.08639,31692,0,1
2014-05-11T00:00:00Z,1.08468,1.08592,1.08442,1.08509,2158,0,8
2014-05-12T00:00:00Z,1.08509,1.08744,1.08423,1.0855299999999999,28188,0,1
2014-05-13T00:00:00Z,1.0856,1.08596,1.08158,1.0842,33480,0,2
2014-05-14T00:00:00Z,1.08423,1.08776,1.08125,1.0823,31046,0,1
2014-05-15T00:00:00Z,1.08231,1.08307,1.07944,1.08158,31559,0,1
2014-05-16T00:00:00Z,1.0816,1.08514,1.08101,1.0843,32557,0,6
2014-05-18T00:00:00Z,1.08502,1.08502,1.08306,1.08399,2375,0,33
2014-05-19T00:00:00Z,1.084,1.08444,1.08014,1.08043,31322,0,15
2014-05-20T00:00:00Z,1.08041,1.08176,1.07759,1.07805,39763,0,16
2014-05-21T00:00:00Z,1.07806,1.07912,1.07458,1.07797,38291,0,2
2014-05-22T00:00:00Z,1.07796,1.08074,1.07627,1.07699,34751,0,1
2014-05-23T00:00:00Z,1.07696,1.08121,1.07645,1.07868,35892,0,1
2014-05-25T00:00:00Z,1.0801,1.08141,1.07932,1.08068,3763,0,32
2014-05-26T00:00:00Z,1.08067,1.08271,1.07951,1.08085,35835,0,5
2014-05-27T00:00:00Z,1.08084,1.0838700000000001,1.07937,1.0805,40198,0,7
2014-05-28T00:00:00Z,1.08051,1.08852,1.0805,1.08679,44133,0,12
2014-05-29T00:00:00Z,1.08678,1.09807,1.08617,1.09494,46159,0,8
2014-05-30T00:00:00Z,1.09494,1.09762,1.0945,1.09453,39691,0,12
2014-06-01T00:00:00Z,1.09562,1.0965799999999999,1.0942,1.09568,3116,0,27
2014-06-02T00:00:00Z,1.09569,1.0967,1.09143,1.09449,32351,0,6
2014-06-03T00:00:00Z,1.09454,1.09937,1.09255,1.09774,35467,0,1
2014-06-04T00:00:00Z,1.09774,1.10345,1.09704,1.10114,36542,0,1
2014-06-05T00:00:00Z,1.10117,1.10261,1.09729,1.09913,37808,0,2
2014-06-06T00:00:00Z,1.09908,1.09976,1.09379,1.09743,32668,0,2
2014-06-08T00:00:00Z,1.0979700000000001,1.0985800000000001,1.09672,1.09819,1467,0,12
2014-06-09T00:00:00Z,1.09819,1.10224,1.0969,1.10063,25390,0,7
2014-06-10T00:00:00Z,1.10061,1.10124,1.09853,1.09894,32001,0,1
2014-06-11T00:00:00Z,1.0989,1.09999,1.08898,1.08931,38524,0,1
2014-06-12T00:00:00Z,1.08932,1.09009,1.08214,1.08554,42808,0,3
2014-06-13T00:00:00Z,1.08549,1.08732,1.08363,1.08412,32590,0,6
2014-06-15T00:00:00Z,1.0825,1.08459,1.0825,1.08382,2541,0,11
2014-06-16T00:00:00Z,1.08385,1.08449,1.08101,1.08279,29330,0,3
2014-06-17T00:00:00Z,1.08281,1.08347,1.07759,1.07857,30243,0,1
2014-06-18T00:00:00Z,1.07858,1.07869,1.07469,1.07758,32802,0,1
2014-06-19T00:00:00Z,1.07761,1.08113,1.07761,1.0789900000000001,34407,0,3
2014-06-20T00:00:00Z,1.07895,1.08122,1.0777,1.07924,24906,0,6
2014-06-22T00:00:00Z,1.07631,1.07824,1.07631,1.07801,2486,0,14
2014-06-23T00:00:00Z,1.07795,1.08174,1.07774,1.08134,25983,0,5
2014-06-24T00:00:00Z,1.08134,1.08239,1.07865,1.07979,30989,0,3
2014-06-25T00:00:00Z,1.07974,1.08056,1.07459,1.07674,30488,0,3
2014-06-26T00:00:00Z,1.07674,1.07704,1.07076,1.07156,31070,0,4
2014-06-27T00:00:00Z,1.07156,1.07574,1.07123,1.07359,25012,0,7
2014-06-29T00:00:00Z,1.07235,1.07399,1.07167,1.07336,2768,0,3
2014-06-30T00:00:00Z,1.07335,1.07804,1.07261,1.07607,30781,0,7
2014-07-01T00:00:00Z,1.07606,1.08263,1.07393,1.08232,37211,0,28
2014-07-02T00:00:00Z,1.08233,1.0834,1.07545,1.0761,34151,0,27
2014-07-03T00:00:00Z,1.07611,1.07635,1.06514,1.068,38544,0,3
2014-07-04T00:00:00Z,1.068,1.07158,1.06781,1.07057,27212,0,3
2014-07-06T00:00:00Z,1.06896,1.07131,1.06896,1.0708,2951,0,3
2014-07-07T00:00:00Z,1.0708,1.07341,1.06857,1.07112,28911,0,3
2014-07-08T00:00:00Z,1.07111,1.07144,1.06729,1.0702099999999999,32400,0,3
2014-07-09T00:00:00Z,1.0702099999999999,1.07076,1.06588,1.06673,33418,0,3
2014-07-10T00:00:00Z,1.06674,1.06944,1.0621,1.0652,35631,0,3
2014-07-11T00:00:00Z,1.06521,1.06719,1.06419,1.0646,40427,0,3
2014-07-13T00:00:00Z,1.06362,1.06494,1.06345,1.06463,2820,0,4
2014-07-14T00:00:00Z,1.06463,1.06738,1.06439,1.06647,44414,0,4
2014-07-15T00:00:00Z,1.06645,1.07411,1.06418,1.07362,57646,0,2
2014-07-16T00:00:00Z,1.07362,1.0757,1.07206,1.07462,45395,0,1
2014-07-17T00:00:00Z,1.07462,1.07989,1.0742099999999999,1.07862,49120,0,6
2014-07-18T00:00:00Z,1.07864,1.08243,1.07772,1.08002,41501,0,6
2014-07-20T00:00:00Z,1.07849,1.08093,1.07768,1.07991,3334,0,32
2014-07-21T00:00:00Z,1.08005,1.08009,1.07722,1.07835,36634,0,10
2014-07-22T00:00:00Z,1.07835,1.08531,1.07805,1.08293,57426,0,1
2014-07-23T00:00:00Z,1.08297,1.09677,1.08226,1.0967,68186,0,5
2014-07-24T00:00:00Z,1.0967,1.10153,1.09549,1.09832,67477,0,5
2014-07-25T00:00:00Z,1.09832,1.10137,1.09566,1.09566,58395,0,6
2014-07-27T00:00:00Z,1.09782,1.09878,1.09747,1.09868,3489,0,20
2014-07-28T00:00:00Z,1.09868,1.10106,1.09838,1.10045,53598,0,6
2014-07-29T00:00:00Z,1.10043,1.10474,1.09846,1.10247,67468,0,6
2014-07-30T00:00:00Z,1.10248,1.10308,1.09724,1.09869,57621,0,1
2014-07-31T00:00:00Z,1.09867,1.09887,1.09292,1.09345,49626,0,5
2014-08-01T00:00:00Z,1.09346,1.09641,1.0916,1.09425,48428,0,6
2014-08-03T00:00:00Z,1.09377,1.09414,1.09224,1.09381,3064,0,20
2014-08-04T00:00:00Z,1.09379,1.09634,1.09288,1.09447,26100,0,18
2014-08-05T00:00:00Z,1.09447,1.10353,1.09375,1.10265,45881,0,18
2014-08-06T00:00:00Z,1.10265,1.10525,1.10126,1.10328,42191,0,18
2014-08-07T00:00:00Z,1.10328,1.10477,1.09256,1.09564,45180,0,18
2014-08-08T00:00:00Z,1.09561,1.09665,1.0932,1.09656,39532,0,18
2014-08-10T00:00:00Z,1.09436,1.0965799999999999,1.09436,1.09636,2541,0,18
2014-08-11T00:00:00Z,1.09631,1.09653,1.09406,1.09573,23280,0,18
2014-08-12T00:00:00Z,1.09576,1.10087,1.09443,1.09888,32099,0,18
2014-08-13T00:00:00Z,1.09886,1.10253,1.09642,1.09689,39404,0,18
2014-08-14T00:00:00Z,1.09689,1.09846,1.09439,1.09767,31277,0,18
2014-08-15T00:00:00Z,1.09767,1.09984,1.09565,1.09823,29685,0,18
2014-08-17T00:00:00Z,1.09694,1.09869,1.09625,1.09865,2554,0,18
2014-08-18T00:00:00Z,1.09865,1.10164,1.09622,1.10114,24688,0,18
2014-08-19T00:00:00Z,1.10109,1.10773,1.10103,1.10329,42147,0,18
2014-08-20T00:00:00Z,1.10328,1.10985,1.10199,1.1089,55349,0,18
2014-08-21T00:00:00Z,1.1089,1.11013,1.10531,1.10765,43771,0,18
2014-08-22T00:00:00Z,1.1076,1.10925,1.10551,1.10817,43770,0,15
2014-08-24T00:00:00Z,1.10801,1.11635,1.1073,1.11325,8194,0,18
2014-08-25T00:00:00Z,1.11325,1.11689,1.11184,1.11525,37757,0,18
2014-08-26T00:00:00Z,1.1152,1.11859,1.11314,1.11664,46651,0,18
2014-08-27T00:00:00Z,1.11664,1.11776,1.11295,1.11514,51642,0,18
2014-08-28T00:00:00Z,1.11514,1.11769,1.11314,1.11696,53964,0,3
2014-08-29T00:00:00Z,1.11697,1.11906,1.11428,1.11577,33023,0,3
2014-08-31T00:00:00Z,1.11602,1.11744,1.11523,1.11622,3861,0,18
2014-09-01T00:00:00Z,1.11622,1.1169,1.11277,1.11317,36467,0,18
2014-09-02T00:00:00Z,1.11317,1.11804,1.11201,1.11575,63031,0,18
2014-09-03T00:00:00Z,1.11575,1.1236,1.11551,1.12239,63460,0,1
2014-09-04T00:00:00Z,1.12246,1.12715,1.12162,1.12629,70403,0,1
2014-09-05T00:00:00Z,1.1262699999999999,1.12953,1.12511,1.12518,63806,0,1
2014-09-07T00:00:00Z,1.1264,1.12751,1.12547,1.12715,3289,0,1
2014-09-08T00:00:00Z,1.12715,1.12723,1.12039,1.12119,66506,0,1
2014-09-09T00:00:00Z,1.12119,1.12264,1.11545,1.11594,81192,0,1
2014-09-10T00:00:00Z,1.11594,1.11743,1.10897,1.11687,75680,0,1
2014-09-11T00:00:00Z,1.11684,1.12263,1.11076,1.11088,49303,0,1
2014-09-12T00:00:00Z,1.11084,1.11245,1.10625,1.10883,69576,0,1
2014-09-14T00:00:00Z,1.1051,1.10687,1.1050200000000001,1.10642,3676,0,1
2014-09-15T00:00:00Z,1.10645,1.10788,1.1036,1.10408,53942,0,1
2014-09-16T00:00:00Z,1.10408,1.10954,1.10214,1.10809,69198,0,1
2014-09-17T00:00:00Z,1.10807,1.11017,1.10539,1.10595,78319,0,1
2014-09-18T00:00:00Z,1.10595,1.10682,1.09998,1.1014599999999999,70090,0,1
2014-09-19T00:00:00Z,1.1014599999999999,1.10294,1.09752,1.09752,72570,0,1
2014-09-21T00:00:00Z,1.09552,1.09706,1.09448,1.09698,9217,0,1
2014-09-22T00:00:00Z,1.09706,1.09804,1.09182,1.09432,113732,0,1
2014-09-23T00:00:00Z,1.09432,1.0990199999999999,1.09315,1.09662,55500,0,1
2014-09-24T00:00:00Z,1.09659,1.101,1.09569,1.09954,56987,0,1
2014-09-25T00:00:00Z,1.09958,1.11054,1.0979700000000001,1.10798,91404,0,1
2014-09-26T00:00:00Z,1.10798,1.11485,1.10648,1.11361,69468,0,1
2014-09-28T00:00:00Z,1.1114600000000001,1.11361,1.10966,1.11291,3979,0,2
2014-09-29T00:00:00Z,1.11291,1.12816,1.11022,1.12131,84782,0,1
2014-09-30T00:00:00Z,1.12135,1.12606,1.11894,1.11938,86783,0,1
2014-10-01T00:00:00Z,1.11953,1.12455,1.1127,1.12375,93673,0,1
2014-10-02T00:00:00Z,1.12375,1.12455,1.11179,1.11426,94838,0,1
2014-10-03T00:00:00Z,1.11426,1.11915,1.11248,1.11646,74373,0,1
2014-10-05T00:00:00Z,1.11651,1.12158,1.11569,1.12044,5054,0,1
2014-10-06T00:00:00Z,1.12045,1.12281,1.11586,1.1181,68208,0,1
2014-10-07T00:00:00Z,1.11811,1.12608,1.11811,1.12535,97615,0,1
2014-10-08T00:00:00Z,1.12537,1.12795,1.11691,1.11922,93174,0,1
2014-10-09T00:00:00Z,1.11924,1.1194,1.11317,1.11515,97111,0,1
2014-10-10T00:00:00Z,1.11516,1.11666,1.11084,1.1112,79598,0,1
2014-10-12T00:00:00Z,1.11039,1.11161,1.10642,1.10819,7450,0,1
2014-10-13T00:00:00Z,1.10817,1.11361,1.10645,1.11096,75260,0,1
2014-10-14T00:00:00Z,1.1109499999999999,1.11431,1.10966,1.11177,59900,0,1
2014-10-15T00:00:00Z,1.11177,1.11494,1.0982,1.1037,84768,0,1
2014-10-16T00:00:00Z,1.10373,1.10883,1.09929,1.10374,95671,0,1
2014-10-17T00:00:00Z,1.1038000000000001,1.10626,1.10033,1.10389,56788,0,1
2014-10-19T00:00:00Z,1.10444,1.10574,1.10328,1.10436,5255,0,16
2014-10-20T00:00:00Z,1.10434,1.1054,1.10095,1.10157,54859,0,16
2014-10-21T00:00:00Z,1.10157,1.10501,1.09837,1.10095,74392,0,16
2014-10-22T00:00:00Z,1.10095,1.11488,1.09729,1.1137,61396,0,16
2014-10-23T00:00:00Z,1.1137,1.12242,1.11332,1.11875,65005,0,16
2014-10-24T00:00:00Z,1.11877,1.12187,1.11594,1.11962,61233,0,11
2014-10-26T00:00:00Z,1.12073,1.1215,1.1192,1.12125,5194,0,11
2014-10-27T00:00:00Z,1.12124,1.12264,1.11338,1.11562,49506,0,11
2014-10-28T00:00:00Z,1.11562,1.11991,1.1151,1.11816,48404,0,1
2014-10-29T00:00:00Z,1.11816,1.12965,1.11639,1.12677,66528,0,20
2014-10-30T00:00:00Z,1.12681,1.12789,1.12345,1.12592,74696,0,15
2014-10-31T00:00:00Z,1.12591,1.13026,1.11964,1.1284,77288,0,20
2014-11-02T00:00:00Z,1.12604,1.12659,1.12454,1.12531,5147,0,20
2014-11-03T00:00:00Z,1.1253,1.12836,1.1214,1.12364,68602,0,20
2014-11-04T00:00:00Z,1.12364,1.12743,1.1160700000000001,1.11793,73434,0,20
2014-11-05T00:00:00Z,1.11795,1.1185100000000001,1.10913,1.11227,83203,0,16
2014-11-06T00:00:00Z,1.11225,1.11599,1.11098,1.11285,80705,0,2
2014-11-07T00:00:00Z,1.11288,1.11748,1.11185,1.1138,78501,0,16
2014-11-09T00:00:00Z,1.11181,1.11365,1.11126,1.11331,3861,0,16
2014-11-10T00:00:00Z,1.11331,1.11501,1.1091199999999999,1.11196,51092,0,16
2014-11-11T00:00:00Z,1.11194,1.11602,1.11087,1.11254,69012,0,7
2014-11-12T00:00:00Z,1.11254,1.1129,1.10543,1.10761,74908,0,16
2014-11-13T00:00:00Z,1.10761,1.10844,1.10434,1.10619,61320,0,1
2014-11-14T00:00:00Z,1.10619,1.10827,1.10333,1.10579,55257,0,1
2014-11-16T00:00:00Z,1.10311,1.10418,1.10234,1.10326,5577,0,3
2014-11-17T00:00:00Z,1.10309,1.10419,1.09803,1.0985800000000001,68327,0,1
2014-11-18T00:00:00Z,1.09857,1.10186,1.09355,1.10161,66746,0,1
2014-11-19T00:00:00Z,1.10161,1.10224,1.0942,1.09737,65716,0,2
2014-11-20T00:00:00Z,1.0973,1.09868,1.09363,1.09669,63293,0,3
2014-11-21T00:00:00Z,1.09669,1.10163,1.09433,1.0996,53575,0,5
2014-11-23T00:00:00Z,1.09991,1.10071,1.0987,1.09958,4509,876500000,79
2014-11-24T00:00:00Z,1.09964,1.10114,1.09504,1.0952,55068,18647500000,3
2014-11-25T00:00:00Z,1.0952,1.09866,1.09099,1.09261,55471,178500000,5
2014-11-26T00:00:00Z,1.09259,1.09337,1.08196,1.0841,53288,78500000,9
2014-11-27T00:00:00Z,1.08419,1.08841,1.08274,1.08469,47928,0,3
2014-11-28T00:00:00Z,1.08474,1.08761,1.08207,1.08442,41543,0,20
2014-11-30T00:00:00Z,1.08274,1.08532,1.0812599999999999,1.08407,4978,0,20
2014-12-01T00:00:00Z,1.0841,1.08576,1.07629,1.0791,49804,0,20
2014-12-02T00:00:00Z,1.07912,1.08452,1.07715,1.0834,51141,0,3
2014-12-03T00:00:00Z,1.08338,1.08589,1.07773,1.08278,62966,0,3
2014-12-04T00:00:00Z,1.08275,1.0856,1.07565,1.07725,63770,0,3
2014-12-05T00:00:00Z,1.07725,1.08053,1.07615,1.07791,55597,0,3
2014-12-07T00:00:00Z,1.07808,1.08159,1.07738,1.0796999999999999,4876,1285500000,3
2014-12-08T00:00:00Z,1.07975,1.08681,1.0792,1.08299,65279,43650899000,1
2014-12-09T00:00:00Z,1.0831,1.08471,1.0764,1.08052,76503,61058370000,1
2014-12-10T00:00:00Z,1.08052,1.08122,1.06214,1.06633,70137,50435000000,1
2014-12-11T00:00:00Z,1.06628,1.0695999999999999,1.05364,1.05764,67731,53050500000,1
2014-12-12T00:00:00Z,1.05766,1.06248,1.05757,1.05841,58387,38942500000,1
2014-12-14T00:00:00Z,1.05949,1.06097,1.05635,1.06044,5731,1464000000,4
2014-12-15T00:00:00Z,1.06051,1.0649,1.05643,1.06033,66907,46154500000,2
2014-12-16T00:00:00Z,1.06041,1.06456,1.05189,1.05614,75074,64831500000,1
2014-12-17T00:00:00Z,1.05616,1.05996,1.04769,1.05637,71818,58314500000,1
2014-12-18T00:00:00Z,1.05629,1.05823,1.04898,1.0512299999999999,66832,56755350000,1
2014-12-19T00:00:00Z,1.05133,1.05209,1.04549,1.04549,57823,48895500000,1
2014-12-21T00:00:00Z,1.05115,1.05199,1.04986,1.05111,5810,2200150000,18
2014-12-22T00:00:00Z,1.05111,1.05573,1.04838,1.05126,123953,62674200000,18
2014-12-23T00:00:00Z,1.0513,1.05205,1.04747,1.0513,118265,61964900000,22
2014-12-24T00:00:00Z,1.0513,1.05212,1.04859,1.04918,81397,59211350000,14
2014-12-26T00:00:00Z,1.04826,1.04962,1.04456,1.04506,77188,41051850000,19
2014-12-28T00:00:00Z,1.04695,1.04746,1.04627,1.04691,6662,2154250000,3
2014-12-29T00:00:00Z,1.04691,1.04791,1.04303,1.0449,115778,63382750000,17
2014-12-30T00:00:00Z,1.04492,1.04559,1.04207,1.04471,114869,73375050000,10
2014-12-31T00:00:00Z,1.04471,1.04878,1.044,1.04702,90830,51571550000,10
2015-01-01T00:00:00Z,1.04741,1.04947,1.04705,1.04906,1066,0,240
2015-01-02T00:00:00Z,1.0491,1.05326,1.04618,1.04889,73943,0,52
2015-01-04T00:00:00Z,1.04995,1.05353,1.04825,1.05238,7244,0,97
2015-01-05T00:00:00Z,1.05237,1.05676,1.04959,1.05126,77540,0,52
2015-01-06T00:00:00Z,1.05124,1.05393,1.03889,1.04126,92336,0,52
2015-01-07T00:00:00Z,1.04125,1.04307,1.03513,1.03795,84554,0,52
2015-01-08T00:00:00Z,1.03797,1.04229,1.03703,1.03902,75951,0,52
2015-01-09T00:00:00Z,1.03901,1.04871,1.03717,1.04441,78118,0,52
2015-01-11T00:00:00Z,1.04571,1.0477,1.04437,1.04563,4645,0,97
2015-01-12T00:00:00Z,1.04561,1.05155,1.04533,1.0482,79402,0,52
2015-01-13T00:00:00Z,1.04824,1.05667,1.04732,1.05481,84891,0,52
2015-01-14T00:00:00Z,1.0548,1.05649,1.04557,1.05582,98849,0,52
2015-01-15T00:00:00Z,1.05579,1.06348,1.04636,1.04795,110844,0,52
2015-01-16T00:00:00Z,1.04797,1.05796,1.04767,1.0534,81329,0,52
2015-01-18T00:00:00Z,1.05573,1.05789,1.05438,1.05608,2666,0,45
2015-01-19T00:00:00Z,1.05614,1.05718,1.05167,1.05432,48485,0,9
2015-01-20T00:00:00Z,1.05419,1.07076,1.05318,1.06813,56041,0,23
2015-01-21T00:00:00Z,1.06816,1.07283,1.0663,1.06865,69551,0,26
2015-01-22T00:00:00Z,1.06864,1.07547,1.06753,1.06917,71935,0,28
2015-01-23T00:00:00Z,1.06919,1.06954,1.05788,1.05962,67622,0,37
2015-01-25T00:00:00Z,1.0587,1.06325,1.05752,1.06289,4419,0,97
2015-01-26T00:00:00Z,1.06292,1.07057,1.05865,1.06556,57761,0,39
2015-01-27T00:00:00Z,1.06557,1.0691,1.06259,1.06298,57512,959500000,3
2015-01-28T00:00:00Z,1.06298,1.07938,1.06212,1.07687,57812,0,1
2015-01-29T00:00:00Z,1.07676,1.07815,1.066,1.06689,69083,28000000,28
2015-01-30T00:00:00Z,1.0669,1.07371,1.06566,1.06846,59502,0,36
2015-02-01T00:00:00Z,1.06847,1.0719,1.06753,1.07081,5412,0,26
2015-02-02T00:00:00Z,1.07086,1.07381,1.06617,1.06776,49837,0,1
2015-02-03T00:00:00Z,1.06769,1.07054,1.05381,1.05787,67425,0,1
2015-02-04T00:00:00Z,1.05795,1.06119,1.05043,1.05261,92604,0,1
2015-02-05T00:00:00Z,1.05254,1.05849,1.05183,1.05296,98382,0,11
2015-02-06T00:00:00Z,1.05296,1.06126,1.04889,1.0583,80526,0,9
2015-02-08T00:00:00Z,1.05481,1.05749,1.0541,1.05614,4558,0,63
2015-02-09T00:00:00Z,1.05614,1.05726,1.05037,1.05351,70131,0,9
2015-02-10T00:00:00Z,1.05358,1.05423,1.04829,1.04912,90385,0,9
2015-02-11T00:00:00Z,1.04907,1.04989,1.04326,1.04738,72919,0,9
2015-02-12T00:00:00Z,1.0473,1.04813,1.03853,1.04173,98077,0,10
2015-02-13T00:00:00Z,1.04173,1.04524,1.03354,1.03873,72847,0,9
2015-02-15T00:00:00Z,1.03854,1.03907,1.03737,1.03829,3614,0,40
2015-02-16T00:00:00Z,1.03834,1.0386,1.0332,1.03624,80298,0,9
2015-02-17T00:00:00Z,1.03619,1.03935,1.03388,1.03626,91651,0,9
2015-02-18T00:00:00Z,1.03626,1.03859,1.03263,1.03561,86673,0,9
2015-02-19T00:00:00Z,1.03558,1.03656,1.02994,1.03595,76356,0,9
2015-02-20T00:00:00Z,1.03598,1.04284,1.03556,1.04169,67367,0,9
2015-02-22T00:00:00Z,1.04168,1.04241,1.04059,1.04162,4917,0,39
2015-02-23T00:00:00Z,1.0417,1.04291,1.03499,1.03689,65011,0,9
2015-02-24T00:00:00Z,1.03687,1.04742,1.03525,1.04495,75748,0,9
2015-02-25T00:00:00Z,1.04496,1.04752,1.04064,1.04091,75319,0,9
2015-02-26T00:00:00Z,1.04091,1.04225,1.03385,1.03587,74349,0,9
2015-02-27T00:00:00Z,1.03581,1.03599,1.03155,1.03204,67288,0,9
2015-03-01T00:00:00Z,1.03227,1.03371,1.03079,1.03342,4509,0,41
2015-03-02T00:00:00Z,1.03352,1.03487,1.0312,1.03332,62259,0,9
2015-03-03T00:00:00Z,1.0333,1.03975,1.03229,1.03485,70406,0,9
2015-03-04T00:00:00Z,1.0348600000000001,1.03535,1.02818,1.03026,69389,0,9
2015-03-05T00:00:00Z,1.0303,1.0415,1.02831,1.03919,72898,0,9
2015-03-06T00:00:00Z,1.0392,1.05002,1.03885,1.04736,71067,0,9
2015-03-08T00:00:00Z,1.04557,1.04857,1.04531,1.0476,4412,0,34
2015-03-09T00:00:00Z,1.04761,1.04992,1.04515,1.04658,57733,0,9
2015-03-10T00:00:00Z,1.04652,1.0520100000000001,1.04549,1.04781,85984,0,9
2015-03-11T00:00:00Z,1.04778,1.05295,1.03924,1.04019,82886,0,12
2015-03-12T00:00:00Z,1.0402,1.0437400000000001,1.03551,1.04116,76746,0,9
2015-03-13T00:00:00Z,1.04109,1.04528,1.03925,1.04071,71111,0,9
2015-03-15T00:00:00Z,1.0406,1.04134,1.03884,1.03999,4116,0,21
2015-03-16T00:00:00Z,1.03995,1.04095,1.03498,1.03611,68244,0,8
2015-03-17T00:00:00Z,1.03612,1.04286,1.0325,1.04257,69136,0,2
2015-03-18T00:00:00Z,1.04257,1.04397,1.03448,1.0366,74012,0,1
2015-03-19T00:00:00Z,1.03664,1.03781,1.03029,1.03111,84279,0,8
2015-03-20T00:00:00Z,1.03111,1.03308,1.02558,1.0264,70644,0,22
2015-03-22T00:00:00Z,1.02691,1.02828,1.02521,1.02767,5825,0,13
2015-03-23T00:00:00Z,1.02768,1.03062,1.02183,1.02849,75288,0,9
2015-03-24T00:00:00Z,1.02846,1.03323,1.02585,1.03061,79390,0,52
2015-03-25T00:00:00Z,1.03057,1.03289,1.0265,1.03149,62755,0,31
2015-03-26T00:00:00Z,1.03151,1.03399,1.02764,1.03112,74727,0,19
2015-03-27T00:00:00Z,1.03112,1.03232,1.02262,1.02309,73480,0,20
2015-03-29T00:00:00Z,1.02302,1.02451,1.02239,1.02344,3550,0,50
2015-03-30T00:00:00Z,1.0234,1.02621,1.01553,1.02086,75477,0,19
2015-03-31T00:00:00Z,1.0208,1.02155,1.01572,1.0187,63401,0,38
2015-04-01T00:00:00Z,1.01875,1.02575,1.01833,1.01905,64071,0,31
2015-04-02T00:00:00Z,1.01902,1.02229,1.00893,1.00965,62712,0,19
2015-04-03T00:00:00Z,1.00958,1.0151,1.00224,1.00224,32721,0,30
2015-04-05T00:00:00Z,1.00574,1.00659,1.00224,1.00505,2233,0,56
2015-04-06T00:00:00Z,1.00505,1.00842,1.00198,1.0069,29429,0,14
2015-04-07T00:00:00Z,1.0069,1.02178,1.0063,1.01781,67752,0,6
2015-04-08T00:00:00Z,1.01781,1.02039,1.01465,1.01765,74254,0,7
2015-04-09T00:00:00Z,1.01765,1.02079,1.01559,1.01692,70987,0,6
2015-04-10T00:00:00Z,1.01691,1.01959,1.01534,1.01832,64133,0,8
2015-04-12T00:00:00Z,1.01892,1.01954,1.01647,1.01867,2016,0,50
2015-04-13T00:00:00Z,1.01867,1.0201,1.01486,1.01767,72427,0,7
2015-04-14T00:00:00Z,1.01764,1.01985,1.01182,1.01358,76027,0,8
2015-04-15T00:00:00Z,1.01358,1.01456,1.00767,1.01111,78789,0,6
2015-04-16T00:00:00Z,1.01103,1.02203,1.01022,1.01692,104706,0,22
2015-04-17T00:00:00Z,1.0169,1.01784,1.01076,1.0125,84670,0,7
2015-04-19T00:00:00Z,1.01533,1.0156,1.01139,1.01354,4566,0,15
2015-04-20T00:00:00Z,1.01357,1.01554,1.00707,1.00808,76568,0,7
2015-04-21T00:00:00Z,1.00806,1.00855,1.00369,1.0055,105562,0,9
2015-04-22T00:00:00Z,1.0054400000000001,1.0135,1.00501,1.01269,119040,0,10
2015-04-23T00:00:00Z,1.01268,1.0263,1.01205,1.02366,140829,0,9
2015-04-24T00:00:00Z,1.02366,1.03092,1.0235,1.02871,124490,0,9
2015-04-26T00:00:00Z,1.02958,1.03009,1.02723,1.02811,3417,0,10
2015-04-27T00:00:00Z,1.02811,1.03037,1.02477,1.02742,104563,0,9
2015-04-28T00:00:00Z,1.02742,1.03936,1.02609,1.03735,129979,0,9
2015-04-29T00:00:00Z,1.03737,1.05116,1.03467,1.05072,148433,0,9
2015-04-30T00:00:00Z,1.05072,1.05188,1.03371,1.03861,153565,0,9
2015-05-01T00:00:00Z,1.03866,1.04114,1.03664,1.04004,104051,0,9
2015-05-03T00:00:00Z,1.03955,1.041,1.0389,1.04041,3867,0,25
2015-05-04T00:00:00Z,1.04039,1.04226,1.03794,1.03979,54664,0,9
2015-05-05T00:00:00Z,1.03978,1.05276,1.03519,1.04949,18530,0,10
2015-05-06T00:00:00Z,1.0495700000000001,1.06839,1.04914,1.06269,37509,0,8
2015-05-07T00:00:00Z,1.0627,1.06534,1.0577,1.06137,18359,0,9
2015-05-08T00:00:00Z,1.0613,1.06531,1.05618,1.0589,19295,0,27
2015-05-10T00:00:00Z,1.06064,1.068,1.06064,1.06549,5038,0,38
2015-05-11T00:00:00Z,1.06543,1.07567,1.06406,1.07472,45557,0,18
2015-05-12T00:00:00Z,1.07469,1.08875,1.07409,1.0779,104163,0,27
2015-05-13T00:00:00Z,1.07794,1.0848,1.07489,1.08127,85023,0,13
2015-05-14T00:00:00Z,1.0812599999999999,1.08137,1.07336,1.07753,101659,0,20
2015-05-15T00:00:00Z,1.0775,1.07966,1.0735999999999999,1.07601,75124,0,21
2015-05-17T00:00:00Z,1.07821,1.07962,1.0777,1.0792,2699,0,44
2015-05-18T00:00:00Z,1.0792,1.08357,1.07629,1.08011,42578,0,14
2015-05-19T00:00:00Z,1.08012,1.08469,1.07418,1.07748,98747,0,45
2015-05-20T00:00:00Z,1.07748,1.07981,1.07408,1.07802,105290,0,45
2015-05-21T00:00:00Z,1.07798,1.08008,1.07345,1.07413,99003,0,25
2015-05-22T00:00:00Z,1.0742,1.07464,1.06873,1.07064,87907,0,49
2015-05-24T00:00:00Z,1.06863,1.07057,1.06795,1.06825,3808,0,86
2015-05-25T00:00:00Z,1.06828,1.07222,1.06792,1.06998,73084,0,42
2015-05-26T00:00:00Z,1.06998,1.07162,1.06713,1.06931,96426,0,13
2015-05-27T00:00:00Z,1.06931,1.07019,1.06264,1.06359,93683,0,46
2015-05-28T00:00:00Z,1.06354,1.06868,1.05733,1.06702,113628,0,46
2015-05-29T00:00:00Z,1.067,1.07825,1.0641,1.07606,100646,0,47
2015-05-31T00:00:00Z,1.0765,1.07856,1.07496,1.07745,4110,0,54
2015-06-01T00:00:00Z,1.0775,1.07912,1.06962,1.07076,109969,0,26
2015-06-02T00:00:00Z,1.07088,1.0835,1.07035,1.08195,165854,0,13
2015-06-03T00:00:00Z,1.08198,1.09121,1.08188,1.08746,91146,0,9
2015-06-04T00:00:00Z,1.08748,1.08784,1.07631,1.07815,37817,0,9
2015-06-05T00:00:00Z,1.07815,1.08527,1.07701,1.08008,124818,0,18
2015-06-07T00:00:00Z,1.08064,1.08172,1.08028,1.0809,7456,0,61
2015-06-08T00:00:00Z,1.0809,1.08259,1.07583,1.07828,112431,0,19
2015-06-09T00:00:00Z,1.0783,1.08196,1.07381,1.07583,131212,0,16
2015-06-10T00:00:00Z,1.07585,1.1022,1.07101,1.09426,157085,0,12
2015-06-11T00:00:00Z,1.0943,1.10781,1.09412,1.10504,134578,0,8
2015-06-12T00:00:00Z,1.10503,1.10916,1.10274,1.10557,48591,0,27
2015-06-14T00:00:00Z,1.10788,1.10846,1.10532,1.10701,3802,0,94
2015-06-15T00:00:00Z,1.10692,1.11119,1.10453,1.10853,76934,0,43
2015-06-16T00:00:00Z,1.10858,1.11151,1.10642,1.10933,102885,0,14
2015-06-17T00:00:00Z,1.10933,1.11136,1.10638,1.10934,136098,0,23
2015-06-18T00:00:00Z,1.10932,1.12841,1.10875,1.12565,152820,0,13
2015-06-19T00:00:00Z,1.12562,1.12668,1.12171,1.12453,107259,0,9
2015-06-21T00:00:00Z,1.12377,1.12578,1.12361,1.12387,4442,0,62
2015-06-22T00:00:00Z,1.12388,1.12946,1.12376,1.12591,113078,0,14
2015-06-23T00:00:00Z,1.12587,1.12976,1.12228,1.12838,122117,0,13
2015-06-24T00:00:00Z,1.12838,1.12971,1.11605,1.11887,121657,0,8
2015-06-25T00:00:00Z,1.11889,1.12605,1.11634,1.12479,121345,0,15
2015-06-26T00:00:00Z,1.12477,1.12522,1.11634,1.11899,109385,0,14
2015-06-28T00:00:00Z,1.11479,1.11903,1.113,1.11599,9263,0,38
2015-06-29T00:00:00Z,1.11599,1.12333,1.11497,1.12202,142391,0,11
2015-06-30T00:00:00Z,1.12202,1.13899,1.12097,1.13695,152071,0,12
2015-07-01T00:00:00Z,1.13697,1.13802,1.1322,1.13535,117210,0,8
2015-07-02T00:00:00Z,1.13537,1.1428099999999999,1.13344,1.13534,115632,0,5
2015-07-03T00:00:00Z,1.13534,1.13681,1.12084,1.12236,77233,0,5
2015-07-05T00:00:00Z,1.12026,1.12335,1.11804,1.12074,5279,0,71
2015-07-06T00:00:00Z,1.12062,1.1238299999999999,1.11796,1.12325,77282,0,20
2015-07-07T00:00:00Z,1.12325,1.12493,1.1146,1.11824,107344,0,16
2015-07-08T00:00:00Z,1.11824,1.12005,1.1019700000000001,1.10386,115406,0,16
2015-07-09T00:00:00Z,1.10394,1.11155,1.10192,1.10451,92360,0,18
2015-07-10T00:00:00Z,1.10442,1.10923,1.10147,1.10649,79492,0,16
2015-07-12T00:00:00Z,1.10642,1.10797,1.10448,1.10677,3661,0,90
2015-07-13T00:00:00Z,1.10609,1.10868,1.10389,1.10578,100696,0,15
2015-07-14T00:00:00Z,1.10577,1.11336,1.10522,1.11011,96815,0,16
2015-07-15T00:00:00Z,1.11011,1.11928,1.1093,1.11825,105241,0,18
2015-07-16T00:00:00Z,1.1183,1.13766,1.11623,1.1366,103839,0,15
2015-07-17T00:00:00Z,1.13657,1.13731,1.12685,1.12948,78643,0,13
2015-07-19T00:00:00Z,1.13004,1.1323,1.12945,1.1302,5655,0,77
2015-07-20T00:00:00Z,1.13021,1.13136,1.11838,1.12285,105785,0,5
2015-07-21T00:00:00Z,1.12282,1.12344,1.1125,1.12021,120874,0,5
2015-07-22T00:00:00Z,1.12023,1.123,1.1103399999999999,1.11195,125532,0,5
2015-07-23T00:00:00Z,1.112,1.1156,1.10634,1.11328,131473,61316136500,5
2015-07-24T00:00:00Z,1.11344,1.11401,1.10418,1.10706,118068,76299986000,11
2015-07-26T00:00:00Z,1.10618,1.10696,1.10511,1.10645,4637,0,3
2015-07-27T00:00:00Z,1.1067,1.10732,1.09965,1.10005,126804,87667150000,6
2015-07-28T00:00:00Z,1.10005,1.10125,1.0891,1.09297,132471,92103001000,15
2015-07-29T00:00:00Z,1.09297,1.09774,1.09036,1.09656,140709,102009192500,22
2015-07-30T00:00:00Z,1.0965,1.10679,1.09537,1.10229,113802,72473831000,15
2015-07-31T00:00:00Z,1.10245,1.11098,1.10168,1.10592,120394,82452774000,1
2015-08-02T00:00:00Z,1.10674,1.10916,1.1053,1.10642,4886,1089900000,55
2015-08-03T00:00:00Z,1.10642,1.11187,1.10083,1.10798,119860,96289377000,3
2015-08-04T00:00:00Z,1.10799,1.1306,1.10655,1.12671,146634,107560627500,4
2015-08-05T00:00:00Z,1.12671,1.13154,1.12368,1.12823,131812,96442244000,38
2015-08-06T00:00:00Z,1.12821,1.12967,1.11901,1.12029,118487,91392777500,17
2015-08-07T00:00:00Z,1.1203,1.12886,1.1171,1.1196,120600,89310147000,19
2015-08-09T00:00:00Z,1.11911,1.12141,1.11902,1.12067,4139,697200000,33
2015-08-10T00:00:00Z,1.12088,1.12222,1.11715,1.12042,90692,68911261000,18
2015-08-11T00:00:00Z,1.1206,1.12184,1.11315,1.11639,123245,91936287000,28
2015-08-12T00:00:00Z,1.11645,1.11849,1.10951,1.11486,134245,98594084500,38
2015-08-13T00:00:00Z,1.11493,1.12169,1.11202,1.1203400000000001,109009,80023642500,25
2015-08-14T00:00:00Z,1.12033,1.13009,1.11964,1.12756,103452,78125812002,31
2015-08-16T00:00:00Z,1.12789,1.12802,1.12476,1.12697,2227,267650000,54
2015-08-17T00:00:00Z,1.12721,1.12831,1.12016,1.12145,99107,78391400000,26
2015-08-18T00:00:00Z,1.12145,1.12176,1.11073,1.11206,132153,106158873180,38
2015-08-19T00:00:00Z,1.11208,1.11769,1.11061,1.113,159127,121926746500,37
2015-08-20T00:00:00Z,1.11293,1.11497,1.10403,1.10635,146050,113978621000,29
2015-08-21T00:00:00Z,1.10635,1.10877,1.09157,1.09276,157278,126746449500,39
2015-08-23T00:00:00Z,1.09464,1.09718,1.0917,1.0947,15243,513800000,57
2015-08-24T00:00:00Z,1.0947,1.15283,1.09186,1.10637,190705,87453395999,23
2015-08-25T00:00:00Z,1.10637,1.11221,1.09876,1.10029,163510,115644209000,40
2015-08-26T00:00:00Z,1.1002,1.10659,1.09434,1.10448,167515,107571212500,35
2015-08-27T00:00:00Z,1.10448,1.11001,1.10025,1.10616,156343,111159133500,51
2015-08-28T00:00:00Z,1.10618,1.1097,1.1048499999999999,1.10807,130468,97336744000,40
2015-08-30T00:00:00Z,1.10525,1.10873,1.10451,1.10744,9849,272900000,77
2015-08-31T00:00:00Z,1.1071,1.12607,1.10371,1.12044,120920,95283566000,36
2015-09-01T00:00:00Z,1.12047,1.12088,1.10565,1.10648,138434,105598836000,15
2015-09-02T00:00:00Z,1.10654,1.10958,1.10149,1.10737,127494,106319813157,42
2015-09-03T00:00:00Z,1.10733,1.10805,1.09493,1.09732,124164,106303601000,30
2015-09-04T00:00:00Z,1.09734,1.10251,1.09409,1.09952,120488,98771687500,25
2015-09-06T00:00:00Z,1.09819,1.10217,1.09709,1.09825,11726,2356200000,16
2015-09-07T00:00:00Z,1.09835,1.10857,1.09791,1.1047,124216,96089618000,40
2015-09-08T00:00:00Z,1.10432,1.11283,1.10421,1.10679,109625,96449376000,17
2015-09-09T00:00:00Z,1.10686,1.11203,1.09336,1.10957,119067,99285966000,25
2015-09-10T00:00:00Z,1.1097299999999999,1.12628,1.10782,1.12311,142512,116859817568,24
2015-09-11T00:00:00Z,1.12315,1.12335,1.11751,1.12209,93220,82026747500,16
2015-09-13T00:00:00Z,1.12105,1.12277,1.11976,1.12012,7942,848250000,26
2015-09-14T00:00:00Z,1.12012,1.13092,1.11849,1.12669,94324,85819761900,16
2015-09-15T00:00:00Z,1.12681,1.13051,1.12123,1.12317,98672,82055770864,16
2015-09-16T00:00:00Z,1.12318,1.13294,1.12042,1.12781,99122,86646105000,26
2015-09-17T00:00:00Z,1.12785,1.1345,1.12545,1.12705,123843,103755000658,17
2015-09-18T00:00:00Z,1.1271,1.1326,1.12106,1.12257,118576,99467367500,26
2015-09-20T00:00:00Z,1.1227800000000001,1.12606,1.12234,1.12397,9278,1042350000,17
2015-09-21T00:00:00Z,1.12397,1.13104,1.12258,1.12763,108528,87631880000,35
2015-09-22T00:00:00Z,1.1276,1.13069,1.12281,1.12572,96097,84445000000,22
2015-09-23T00:00:00Z,1.1259000000000001,1.12635,1.11416,1.1165,104926,90026126246,27
2015-09-24T00:00:00Z,1.1165,1.11679,1.10074,1.10444,123327,105111978584,27
2015-09-25T00:00:00Z,1.10449,1.11037,1.09962,1.0998,100835,86664420000,16
2015-09-27T00:00:00Z,1.10339,1.10396,1.09917,1.10165,10345,813500000,40
2015-09-28T00:00:00Z,1.10165,1.10522,1.09715,1.104,108112,89707102000,26
2015-09-29T00:00:00Z,1.10406,1.10575,1.09648,1.10081,115576,94866537000,33
2015-09-30T00:00:00Z,1.10078,1.10305,1.09427,1.09593,113654,89141635411,25
2015-10-01T00:00:00Z,1.09588,1.10349,1.09503,1.09926,115044,87364177500,27
2015-10-02T00:00:00Z,1.09926,1.10058,1.09086,1.09369,106363,88746199000,22
2015-10-04T00:00:00Z,1.09159,1.09482,1.09137,1.09229,13326,1892750000,25
2015-10-05T00:00:00Z,1.09229,1.09498,1.08657,1.0918,128811,124372339000,16
2015-10-06T00:00:00Z,1.0918,1.09845,1.08864,1.09359,123701,102067250000,16
2015-10-07T00:00:00Z,1.09358,1.09478,1.086,1.08836,127369,103456111500,16
2015-10-08T00:00:00Z,1.08842,1.09049,1.08458,1.08845,120384,99316526500,16
2015-10-09T00:00:00Z,1.08851,1.09547,1.08678,1.09399,119132,97576371000,23
2015-10-11T00:00:00Z,1.09467,1.09605,1.09414,1.09536,10794,543850000,29
2015-10-12T00:00:00Z,1.09535,1.09669,1.0915,1.0963,100818,84885400000,21
2015-10-13T00:00:00Z,1.09624,1.09824,1.08452,1.08627,119354,101516416000,26
2015-10-14T00:00:00Z,1.08644,1.08751,1.07186,1.07387,130011,113087352000,51
2015-10-15T00:00:00Z,1.07389,1.0775,1.06359,1.06808,137207,118358228000,51
2015-10-16T00:00:00Z,1.06814,1.07387,1.06561,1.06571,120634,101347816000,51
2015-10-18T00:00:00Z,1.06638,1.06786,1.06499,1.06624,10867,3690850000,52
2015-10-19T00:00:00Z,1.06623,1.07216,1.06568,1.06714,97896,76321593872,51
2015-10-20T00:00:00Z,1.06714,1.07646,1.06398,1.07562,93263,73162751000,51
2015-10-21T00:00:00Z,1.0756000000000001,1.07998,1.07102,1.07392,102111,85072281000,51
2015-10-22T00:00:00Z,1.07389,1.07398,1.05954,1.06275,103618,87688347500,51
2015-10-23T00:00:00Z,1.06259,1.07132,1.05704,1.06776,104905,86571903500,51
2015-10-25T00:00:00Z,1.06871,1.06978,1.0669,1.0688,15892,3781500000,51
2015-10-26T00:00:00Z,1.0688900000000001,1.07319,1.06606,1.06791,92231,83959100000,51
2015-10-27T00:00:00Z,1.06791,1.07047,1.06068,1.06219,93329,68468803000,51
2015-10-28T00:00:00Z,1.0622,1.07091,1.05249,1.06203,113078,77692344000,16
2015-10-29T00:00:00Z,1.06196,1.06854,1.05534,1.05717,102196,72268668500,16
2015-10-30T00:00:00Z,1.05717,1.0577,1.04945,1.05218,100934,72250900000,51
2015-11-01T00:00:00Z,1.05586,1.05683,1.05217,1.0543,21967,4728450000,51
2015-11-02T00:00:00Z,1.05425,1.0611,1.05176,1.05885,103941,86477351000,51
2015-11-03T00:00:00Z,1.05885,1.07949,1.0528,1.07871,121588,98590645000,51
2015-11-04T00:00:00Z,1.07871,1.08801,1.0779,1.08286,117040,85613246000,51
2015-11-05T00:00:00Z,1.08285,1.08499,1.07794,1.08053,110020,81116789000,51
2015-11-06T00:00:00Z,1.08053,1.08469,1.07819,1.07837,115967,83588848000,51
2015-11-08T00:00:00Z,1.0762,1.07821,1.07547,1.0769,7026,1963500000,54
2015-11-09T00:00:00Z,1.077,1.07984,1.07415,1.07803,102913,72657452000,47
2015-11-10T00:00:00Z,1.07803,1.08219,1.07251,1.07508,98567,70043253000,51
2015-11-11T00:00:00Z,1.07508,1.07775,1.07278,1.07682,107321,88958196000,51
2015-11-12T00:00:00Z,1.07677,1.09163,1.07597,1.08835,133201,98701168720,51
2015-11-13T00:00:00Z,1.08835,1.09476,1.08805,1.08863,98536,75650378000,51
2015-11-15T00:00:00Z,1.08689,1.08974,1.08573,1.0888,17481,1439250000,68
2015-11-16T00:00:00Z,1.08875,1.09639,1.08588,1.09212,99017,66178936000,51
2015-11-17T00:00:00Z,1.09209,1.10285,1.09203,1.09712,111107,73026847000,51
2015-11-18T00:00:00Z,1.0971899999999999,1.10115,1.09332,1.09733,112181,69754065701,34
2015-11-19T00:00:00Z,1.09737,1.10167,1.0935,1.09508,127372,86876967000,51
2015-11-20T00:00:00Z,1.09512,1.10365,1.09105,1.10183,119233,84624294000,51
2015-11-22T00:00:00Z,1.10163,1.10467,1.10031,1.10154,7098,644250000,51
2015-11-23T00:00:00Z,1.10156,1.10632,1.09988,1.10447,127446,102393940000,51
2015-11-24T00:00:00Z,1.10447,1.10844,1.10137,1.10757,123807,86302566000,51
2015-11-25T00:00:00Z,1.10769,1.10792,1.10118,1.10226,128571,87408705000,51
2015-11-26T00:00:00Z,1.10227,1.10393,1.09525,1.09966,114147,88110905500,51
2015-11-27T00:00:00Z,1.0997,1.10288,1.09742,1.09989,101025,77015857000,51
2015-11-29T00:00:00Z,1.09991,1.10178,1.09964,1.10072,7416,431400000,51
2015-11-30T00:00:00Z,1.10074,1.10203,1.09605,1.0968,110838,81208850000,51
2015-12-01T00:00:00Z,1.0968,1.09891,1.09216,1.09723,135802,93030275000,51
2015-12-02T00:00:00Z,1.09714,1.10271,1.09616,1.09901,149457,103043165000,51
2015-12-03T00:00:00Z,1.09906,1.10479,1.09643,1.09845,158403,123678290500,51
2015-12-04T00:00:00Z,1.09853,1.09881,1.08641,1.08661,147374,119698169000,51
2015-12-06T00:00:00Z,1.08843,1.09061,1.08761,1.08966,9778,1515050000,51
2015-12-07T00:00:00Z,1.08964,1.09576,1.08872,1.09345,120228,103181684000,51
2015-12-08T00:00:00Z,1.09342,1.09467,1.08377,1.08459,118849,97023667500,51
2015-12-09T00:00:00Z,1.08459,1.09266,1.07022,1.07253,140015,119403311735,51
2015-12-10T00:00:00Z,1.07247,1.08407,1.07239,1.07739,121851,95235965500,51
2015-12-11T00:00:00Z,1.07739,1.07821,1.06803,1.06803,93750,60350430000,51
2015-12-13T00:00:00Z,1.07097,1.07199,1.06579,1.0702,5535,1683000000,56
2015-12-14T00:00:00Z,1.0702,1.07427,1.06607,1.0713,100110,65691889000,51
2015-12-15T00:00:00Z,1.07127,1.07174,1.0609,1.06244,107680,67064390000,51
2015-12-16T00:00:00Z,1.06244,1.06933,1.06165,1.06569,109565,69124624000,51
2015-12-17T00:00:00Z,1.0657,1.06815,1.05814,1.06369,106120,72165590000,34
2015-12-18T00:00:00Z,1.06369,1.0677,1.06138,1.06366,93724,71682950000,51
2015-12-20T00:00:00Z,1.0647,1.06546,1.06369,1.06528,4127,1060850000,51
2015-12-21T00:00:00Z,1.06528,1.06558,1.05924,1.06123,67252,47519598000,51
2015-12-22T00:00:00Z,1.06119,1.06342,1.05804,1.06085,72422,48741110000,51
2015-12-23T00:00:00Z,1.06094,1.06759,1.06033,1.06483,77967,50490355000,51
2015-12-24T00:00:00Z,1.06483,1.06788,1.06232,1.0627,41231,28973050000,51
2015-12-27T00:00:00Z,1.06313,1.06487,1.06276,1.06366,5027,1375800000,100
2015-12-28T00:00:00Z,1.06376,1.06456,1.05756,1.05808,45646,29684699000,42
2015-12-29T00:00:00Z,1.05806,1.06205,1.05647,1.06133,57897,39559610500,51
2015-12-30T00:00:00Z,1.06133,1.06642,1.06066,1.0639,62938,43917350000,34
2015-12-31T00:00:00Z,1.06391,1.0688,1.06153,1.06556,53266,37128000000,34
2016-01-03T00:00:00Z,1.06627,1.06797,1.06528,1.06718,2631,435050000,67
2016-01-04T00:00:00Z,1.06713,1.07069,1.06183,1.06334,101361,68980196000,51
2016-01-05T00:00:00Z,1.06339,1.07157,1.06325,1.06808,94499,62221673359,34
2016-01-06T00:00:00Z,1.06808,1.07263,1.06224,1.06413,122262,76862051560,18
2016-01-07T00:00:00Z,1.06422,1.06628,1.05359,1.05857,131869,90335580000,34
2016-01-08T00:00:00Z,1.05867,1.06608,1.05718,1.0617,118155,83149591000,51
2016-01-10T00:00:00Z,1.06177,1.06455,1.05987,1.06413,1794,0,240
2016-01-11T00:00:00Z,1.06338,1.06977,1.06236,1.06547,129665,78359691000,34
2016-01-12T00:00:00Z,1.06545,1.07172,1.06212,1.06779,120115,91665974884,34
2016-01-13T00:00:00Z,1.06779,1.07173,1.06512,1.06888,111369,82907215000,34
2016-01-14T00:00:00Z,1.06884,1.0796999999999999,1.06782,1.07878,133310,103411324000,18
2016-01-15T00:00:00Z,1.07877,1.08071,1.06054,1.06085,130390,96517259000,51
2016-01-17T00:00:00Z,1.06506,1.0662,1.063,1.06442,4921,1515500000,51
2016-01-18T00:00:00Z,1.06442,1.06932,1.06258,1.06261,129122,104657909000,51
2016-01-19T00:00:00Z,1.06261,1.08072,1.06245,1.07958,143301,101998520000,51
2016-01-20T00:00:00Z,1.07964,1.08386,1.07192,1.07424,160239,117717175564,51
2016-01-21T00:00:00Z,1.07419,1.07749,1.06836,1.07227,160399,113407461853,34
2016-01-22T00:00:00Z,1.07227,1.08339,1.07077,1.07825,123133,91752370739,51
2016-01-24T00:00:00Z,1.07788,1.08251,1.07767,1.08068,11655,1063800000,34
2016-01-25T00:00:00Z,1.08072,1.08269,1.07348,1.0759,119784,91343892935,34
2016-01-26T00:00:00Z,1.07589,1.08112,1.07503,1.07728,124483,95756318003,34
2016-01-27T00:00:00Z,1.07728,1.09326,1.07473,1.09173,153568,118594846210,16
2016-01-28T00:00:00Z,1.09173,1.09661,1.08975,1.09383,140507,102105176804,37
2016-01-29T00:00:00Z,1.09377,1.09717,1.08968,1.0918,155006,118289835919,51
2016-01-31T00:00:00Z,1.08928,1.0931899999999999,1.08917,1.09226,11799,1630961505,51
2016-02-01T00:00:00Z,1.09223,1.09427,1.0838,1.08662,121562,86125330365,51
2016-02-02T00:00:00Z,1.0866,1.09036,1.07678,1.07693,131499,98641377034,51
2016-02-03T00:00:00Z,1.07701,1.07927,1.06477,1.07444,146208,111792701565,36
2016-02-04T00:00:00Z,1.07443,1.07863,1.06874,1.07025,146251,132532950626,17
2016-02-05T00:00:00Z,1.07038,1.07437,1.06467,1.06485,119667,104260940000,51
2016-02-07T00:00:00Z,1.06664,1.06926,1.06638,1.06854,3386,594800000,51
2016-02-08T00:00:00Z,1.06854,1.07158,1.06607,1.06977,128206,99574350000,51
2016-02-09T00:00:00Z,1.06977,1.07114,1.0587,1.06552,151908,118393508000,51
2016-02-10T00:00:00Z,1.06558,1.06857,1.0598,1.0625,149879,112706088000,51
2016-02-11T00:00:00Z,1.06256,1.06605,1.05646,1.05771,172448,118330430000,51
2016-02-12T00:00:00Z,1.0578400000000001,1.07354,1.05721,1.06829,129893,89057077000,51
2016-02-14T00:00:00Z,1.07183,1.07349,1.07117,1.07228,4152,999100000,51
2016-02-15T00:00:00Z,1.07231,1.07625,1.07074,1.07446,139473,96212949000,51
2016-02-16T00:00:00Z,1.07446,1.08709,1.07304,1.08088,141481,101654786000,51
2016-02-17T00:00:00Z,1.0809,1.08321,1.07731,1.0813,134919,89033498000,51
2016-02-18T00:00:00Z,1.0812599999999999,1.08253,1.07404,1.07686,128681,80883445000,51
2016-02-19T00:00:00Z,1.07684,1.07795,1.07204,1.07736,111203,74983200000,35
2016-02-21T00:00:00Z,1.07517,1.07773,1.07412,1.07603,4883,1596885000,51
2016-02-22T00:00:00Z,1.07598,1.0796000000000001,1.07469,1.07855,115140,70664016000,51
2016-02-23T00:00:00Z,1.07853,1.08461,1.07682,1.08302,126798,90951550000,51
2016-02-24T00:00:00Z,1.08302,1.0872,1.07946,1.08011,135561,101011840000,51
2016-02-25T00:00:00Z,1.0802,1.08076,1.07352,1.07396,133184,95428650000,51
2016-02-26T00:00:00Z,1.07392,1.07644,1.06688,1.07347,121214,82466898000,51
2016-02-28T00:00:00Z,1.07995,1.08159,1.07864,1.08022,5382,1318400000,51
2016-02-29T00:00:00Z,1.08017,1.08551,1.07891,1.08104,135442,91337754000,51
2016-03-01T00:00:00Z,1.081,1.08504,1.07616,1.08076,139788,90653638000,41
2016-03-02T00:00:00Z,1.08076,1.0971899999999999,1.07956,1.09231,156870,135249271500,51
2016-03-03T00:00:00Z,1.09231,1.09576,1.09004,1.0931,145376,110491434000,34
2016-03-04T00:00:00Z,1.09311,1.09525,1.08913,1.08965,134169,88649870000,51
2016-03-06T00:00:00Z,1.09009,1.09156,1.08877,1.09054,4870,704450000,52
2016-03-07T00:00:00Z,1.09066,1.10252,1.08961,1.09935,116358,82035625000,51
2016-03-08T00:00:00Z,1.09926,1.10361,1.09542,1.10235,126451,89226334500,51
2016-03-09T00:00:00Z,1.10233,1.12637,1.0991,1.12577,140085,91996097000,51
2016-03-10T00:00:00Z,1.12577,1.12825,1.11478,1.11761,161369,102278381000,51
2016-03-11T00:00:00Z,1.11756,1.12419,1.11414,1.1201,118890,72359149000,51
2016-03-13T00:00:00Z,1.1207,1.12275,1.12015,1.12131,6528,1648500000,51
2016-03-14T00:00:00Z,1.12131,1.12671,1.11891,1.12626,132099,83239811000,51
2016-03-15T00:00:00Z,1.12626,1.13138,1.12102,1.1287,124762,76478439000,34
2016-03-16T00:00:00Z,1.1287099999999999,1.13158,1.11573,1.11934,124794,78070784000,34
2016-03-17T00:00:00Z,1.11932,1.12576,1.1144,1.11888,156112,88613604000,51
2016-03-18T00:00:00Z,1.11887,1.1219999999999999,1.1155599999999999,1.1179000000000001,118844,74756271000,51
2016-03-20T00:00:00Z,1.1185100000000001,1.12105,1.11803,1.11883,5993,1254500000,56
2016-03-21T00:00:00Z,1.11883,1.12406,1.11854,1.11925,125077,79772509000,51
2016-03-22T00:00:00Z,1.11925,1.12963,1.11871,1.1283,126376,74456128000,51
2016-03-23T00:00:00Z,1.12836,1.13314,1.121,1.12125,113168,64142932000,51
2016-03-24T00:00:00Z,1.12125,1.12391,1.11818,1.12292,104246,63317346000,51
2016-03-25T00:00:00Z,1.12296,1.12475,1.11986,1.12016,55095,40065272000,51
2016-03-27T00:00:00Z,1.12354,1.12479,1.12094,1.12318,3014,666450000,72
2016-03-28T00:00:00Z,1.12318,1.12503,1.11997,1.12054,63534,46203923000,51
2016-03-29T00:00:00Z,1.12051,1.12165,1.11042,1.11096,131768,102734647000,51
2016-03-30T00:00:00Z,1.11098,1.11416,1.10436,1.10885,156389,114293992000,51
2016-03-31T00:00:00Z,1.10884,1.11046,1.10619,1.10799,135731,85938444000,51
2016-04-01T00:00:00Z,1.10802,1.11394,1.10725,1.11108,122445,92536705000,34
2016-04-03T00:00:00Z,1.11238,1.11377,1.11077,1.113,2262,393500000,58
2016-04-04T00:00:00Z,1.11311,1.11369,1.1076,1.11284,110234,73662125000,51
2016-04-05T00:00:00Z,1.11287,1.11995,1.10674,1.10777,135682,104596745000,34
2016-04-06T00:00:00Z,1.10779,1.11398,1.10761,1.11395,125561,82920118000,51
2016-04-07T00:00:00Z,1.11394,1.11626,1.10639,1.10705,141646,98098807000,51
2016-04-08T00:00:00Z,1.10703,1.11285,1.10669,1.10723,111997,79805364000,51
2016-04-10T00:00:00Z,1.10698,1.11004,1.10683,1.10784,2397,261899000,55
2016-04-11T00:00:00Z,1.10784,1.11033,1.10491,1.10778,117658,74583021000,51
2016-04-12T00:00:00Z,1.10778,1.11226,1.10505,1.10971,124955,86280814000,51
2016-04-13T00:00:00Z,1.10971,1.11025,1.10321,1.10567,131558,94127194000,36
2016-04-14T00:00:00Z,1.10565,1.12372,1.10565,1.12303,127686,86823869000,51
2016-04-15T00:00:00Z,1.12302,1.1232199999999999,1.1124,1.11493,112115,84239033000,51
2016-04-17T00:00:00Z,1.10898,1.11362,1.10763,1.1120700000000001,2263,902500000,51
2016-04-18T00:00:00Z,1.1120700000000001,1.11837,1.10616,1.11346,131679,87838827000,51
2016-04-19T00:00:00Z,1.11346,1.11466,1.10699,1.10836,112518,72549928002,51
2016-04-20T00:00:00Z,1.10831,1.1188,1.10745,1.1166,125401,71885525000,51
2016-04-21T00:00:00Z,1.11653,1.12339,1.1161699999999999,1.11887,129056,86226410040,51
2016-04-22T00:00:00Z,1.11886,1.1264,1.11881,1.12421,111128,71590494000,51
2016-04-24T00:00:00Z,1.12317,1.12451,1.1215600000000001,1.12404,3530,742650000,34
2016-04-25T00:00:00Z,1.12396,1.12694,1.12074,1.12443,83002,56677999000,34
2016-04-26T00:00:00Z,1.12455,1.1249,1.11968,1.1225,96053,62384838000,51
2016-04-27T00:00:00Z,1.12246,1.12496,1.09445,1.09813,124614,84398883000,34
2016-04-28T00:00:00Z,1.09795,1.0995,1.09218,1.09548,117587,73761497000,51
2016-04-29T00:00:00Z,1.09548,1.09924,1.08767,1.08919,103630,77028291000,51
2016-05-01T00:00:00Z,1.0882,1.08947,1.08683,1.08902,2655,473200000,76
2016-05-02T00:00:00Z,1.08889,1.09244,1.08416,1.09158,97874,74228269000,51
2016-05-03T00:00:00Z,1.09159,1.09471,1.07873,1.08133,133455,95901204000,34
2016-05-04T00:00:00Z,1.08129,1.08891,1.0802100000000001,1.08332,136302,94801810000,51
2016-05-05T00:00:00Z,1.08334,1.08725,1.08255,1.08424,106228,76430799000,51
2016-05-06T00:00:00Z,1.08424,1.08554,1.07337,1.07603,116136,80829072000,51
2016-05-08T00:00:00Z,1.07537,1.07842,1.07529,1.07804,2088,357550000,48
2016-05-09T00:00:00Z,1.07807,1.08205,1.07485,1.08079,96321,66457608000,51
2016-05-10T00:00:00Z,1.0808,1.09189,1.07928,1.08416,111371,83419230000,51
2016-05-11T00:00:00Z,1.08414,1.08651,1.07955,1.08147,105932,93162219000,51
2016-05-12T00:00:00Z,1.0814300000000001,1.08164,1.07222,1.07327,104039,100540810000,34
2016-05-13T00:00:00Z,1.07334,1.07429,1.06997,1.07213,109842,102972794000,51
2016-05-15T00:00:00Z,1.07134,1.07473,1.07085,1.07209,2631,615150000,93
2016-05-16T00:00:00Z,1.0719400000000001,1.07807,1.07172,1.07429,86706,81064700000,51
2016-05-17T00:00:00Z,1.07429,1.08048,1.0729,1.07529,109049,101233863000,51
2016-05-18T00:00:00Z,1.07527,1.07685,1.07101,1.0719400000000001,121592,97654278000,51
2016-05-19T00:00:00Z,1.07193,1.07281,1.06499,1.07131,117501,85237806000,51
2016-05-20T00:00:00Z,1.07131,1.07209,1.06617,1.06643,81278,60796600000,51
2016-05-22T00:00:00Z,1.06591,1.06772,1.06482,1.0672,1895,644200000,73
2016-05-23T00:00:00Z,1.06699,1.06834,1.06177,1.06798,91913,71525332000,51
2016-05-24T00:00:00Z,1.06799,1.07318,1.06292,1.06626,101947,73904432000,51
2016-05-25T00:00:00Z,1.06618,1.07056,1.06267,1.06933,103570,83175126000,51
2016-05-26T00:00:00Z,1.06944,1.07457,1.06617,1.07096,96615,75823272000,51
2016-05-27T00:00:00Z,1.07096,1.07335,1.06926,1.07245,79601,61122999000,34
2016-05-29T00:00:00Z,1.07211,1.07264,1.07087,1.07178,2073,234700000,54
2016-05-30T00:00:00Z,1.07179,1.07365,1.06992,1.07302,61935,46200132000,51
2016-05-31T00:00:00Z,1.07303,1.0774,1.06732,1.06869,107559,98464696000,38
2016-06-01T00:00:00Z,1.06867,1.07372,1.06243,1.06344,122321,110641731000,34
2016-06-02T00:00:00Z,1.06344,1.06381,1.05858,1.06074,109897,102839503000,51
2016-06-03T00:00:00Z,1.06085,1.06221,1.05243,1.05847,115862,104989656698,51
2016-06-05T00:00:00Z,1.05942,1.06017,1.05773,1.05962,3648,1049900000,69
2016-06-06T00:00:00Z,1.05966,1.06447,1.05605,1.06433,104216,98635434000,51
2016-06-07T00:00:00Z,1.06435,1.07369,1.06398,1.06908,102937,91227677000,51
2016-06-08T00:00:00Z,1.06913,1.07153,1.05232,1.05552,110765,101742927000,34
2016-06-09T00:00:00Z,1.05547,1.05722,1.04066,1.04572,115942,104828912000,16
2016-06-10T00:00:00Z,1.04578,1.04748,1.04122,1.04489,101018,93963085000,51
2016-06-12T00:00:00Z,1.04404,1.04603,1.04389,1.04544,3040,542235000,68
2016-06-13T00:00:00Z,1.04554,1.0491,1.04458,1.04652,108382,93434341000,35
2016-06-14T00:00:00Z,1.04649,1.05276,1.04588,1.05215,111432,102563632000,34
2016-06-15T00:00:00Z,1.05215,1.05453,1.04863,1.05143,118039,109757975000,51
2016-06-16T00:00:00Z,1.0514000000000001,1.05237,1.04147,1.04429,135084,120423148000,51
2016-06-17T00:00:00Z,1.04424,1.04908,1.04387,1.04548,107583,100905387000,36
2016-06-19T00:00:00Z,1.05019,1.05036,1.04683,1.04971,3412,725300000,92
2016-06-20T00:00:00Z,1.0497,1.05044,1.04531,1.04848,93252,86906733000,51
2016-06-21T00:00:00Z,1.04846,1.05144,1.04458,1.0461,89930,78890181000,34
2016-06-22T00:00:00Z,1.04602,1.04811,1.044,1.04745,86972,87783928000,51
2016-06-23T00:00:00Z,1.04745,1.05178,1.04334,1.05124,102234,93903930000,51
2016-06-24T00:00:00Z,1.05122,1.05287,1.04192,1.04493,178000,151314386819,51
2016-06-26T00:00:00Z,1.04761,1.04939,1.04534,1.04863,4692,864850000,95
2016-06-27T00:00:00Z,1.04841,1.05076,1.04457,1.04854,138665,116703917000,51
2016-06-28T00:00:00Z,1.04851,1.04971,1.04477,1.04672,99037,85512189000,51
2016-06-29T00:00:00Z,1.04687,1.04791,1.043,1.04657,103212,94507519000,51
2016-06-30T00:00:00Z,1.04672,1.04973,1.0422,1.04349,120382,99742305000,51
2016-07-01T00:00:00Z,1.04349,1.0465,1.04121,1.04493,84993,72787152000,51
2016-07-03T00:00:00Z,1.03859,1.04086,1.03744,1.03877,4241,1860900000,73
2016-07-04T00:00:00Z,1.03891,1.04607,1.03778,1.04185,73715,63211830000,51
2016-07-05T00:00:00Z,1.04185,1.04601,1.0405,1.04274,102749,83180189000,51
2016-07-06T00:00:00Z,1.0428,1.05453,1.04239,1.05412,129812,111968822000,51
2016-07-07T00:00:00Z,1.05423,1.0548,1.0336,1.03559,123036,105619515000,51
2016-07-08T00:00:00Z,1.03563,1.03767,1.03098,1.03446,102147,80419318000,51
2016-07-10T00:00:00Z,1.03563,1.0373,1.03461,1.03664,2320,787700000,60
2016-07-11T00:00:00Z,1.0369,1.04383,1.03493,1.0432,93459,74298514000,51
2016-07-12T00:00:00Z,1.04319,1.04693,1.04095,1.0441,112122,98275567000,51
2016-07-13T00:00:00Z,1.04399,1.04831,1.04216,1.04491,110757,100893492000,51
2016-07-14T00:00:00Z,1.04495,1.06259,1.04333,1.05983,118507,105138703000,51
2016-07-15T00:00:00Z,1.06009,1.06992,1.06002,1.06416,106906,97408135000,51
2016-07-17T00:00:00Z,1.06172,1.0735999999999999,1.06134,1.06294,3958,843350000,65
2016-07-18T00:00:00Z,1.06294,1.0752,1.06185,1.07413,85805,79036771000,34
2016-07-19T00:00:00Z,1.07415,1.0769,1.06261,1.06358,97465,89482224000,47
2016-07-20T00:00:00Z,1.06341,1.07295,1.06082,1.07204,84723,80452527000,39
2016-07-21T00:00:00Z,1.072,1.07525,1.06945,1.07022,103552,92760767000,51
2016-07-22T00:00:00Z,1.07038,1.07248,1.06543,1.06565,85450,73061424000,51
2016-07-24T00:00:00Z,1.06604,1.06698,1.06486,1.06616,1636,175650000,98
2016-07-25T00:00:00Z,1.06623,1.07246,1.06532,1.06729,80239,70560237000,51
2016-07-26T00:00:00Z,1.06729,1.06958,1.06221,1.06251,92020,76626165000,34
2016-07-27T00:00:00Z,1.0626,1.07219,1.05702,1.05877,116474,106950678000,51
2016-07-28T00:00:00Z,1.05877,1.06332,1.0566,1.05992,88879,73978464000,51
2016-07-29T00:00:00Z,1.05992,1.06238,1.05169,1.05335,100433,82833727810,34
2016-07-31T00:00:00Z,1.05208,1.05526,1.05208,1.05402,3618,93498000,116
2016-08-01T00:00:00Z,1.05408,1.05547,1.04895,1.05083,78463,68070389000,37
2016-08-02T00:00:00Z,1.05083,1.05378,1.04365,1.05032,106780,95119003709,51
2016-08-03T00:00:00Z,1.05035,1.06167,1.05031,1.0604,96676,91217292000,51
2016-08-04T00:00:00Z,1.06042,1.06333,1.05864,1.06304,99089,92432894000,51
2016-08-05T00:00:00Z,1.06304,1.06771,1.0602,1.06641,91648,79691261000,51
2016-08-07T00:00:00Z,1.06709,1.06902,1.06482,1.06783,4477,307450000,55
2016-08-08T00:00:00Z,1.068,1.07414,1.06734,1.07023,76290,69987863000,34
2016-08-09T00:00:00Z,1.07023,1.0741,1.06799,1.06963,77887,71420342000,34
2016-08-10T00:00:00Z,1.06961,1.07118,1.05312,1.0601,97978,80166678000,34
2016-08-11T00:00:00Z,1.05997,1.06849,1.05489,1.06757,90085,78542905000,51
2016-08-12T00:00:00Z,1.0676,1.06976,1.06154,1.06215,88793,86657247000,51
2016-08-14T00:00:00Z,1.06323,1.06484,1.06277,1.0641,1971,238200000,75
2016-08-15T00:00:00Z,1.0641,1.0671599999999999,1.06233,1.06325,72122,65775779000,51
2016-08-16T00:00:00Z,1.06327,1.0651,1.0551,1.05651,111791,100771527000,51
2016-08-17T00:00:00Z,1.05662,1.05789,1.05061,1.05522,105979,104087010000,51
2016-08-18T00:00:00Z,1.05521,1.0576,1.05121,1.05415,107649,106962229000,34
2016-08-19T00:00:00Z,1.05415,1.05491,1.04731,1.04793,87407,81596647000,51
2016-08-21T00:00:00Z,1.04693,1.05024,1.04459,1.04857,2807,522800000,104
2016-08-22T00:00:00Z,1.04857,1.05249,1.04097,1.04629,94353,87116699000,34
2016-08-23T00:00:00Z,1.04637,1.04869,1.04156,1.04389,91954,84602623000,51
2016-08-24T00:00:00Z,1.04389,1.04662,1.03978,1.04131,96850,84094182000,47
2016-08-25T00:00:00Z,1.04136,1.04335,1.03907,1.04321,77449,63078748000,51
2016-08-26T00:00:00Z,1.04325,1.04648,1.04111,1.04363,107435,87879627000,51
2016-08-28T00:00:00Z,1.04399,1.04565,1.0432,1.04526,2713,425447000,70
2016-08-29T00:00:00Z,1.04519,1.04553,1.04183,1.04376,89385,72936738000,51
2016-08-30T00:00:00Z,1.04382,1.04513,1.03846,1.03978,86611,72115032000,51
2016-08-31T00:00:00Z,1.03977,1.04018,1.03476,1.03667,97270,68050276000,51
2016-09-01T00:00:00Z,1.03666,1.03984,1.03435,1.03472,102533,77410610000,51
2016-09-02T00:00:00Z,1.03474,1.03844,1.03317,1.03598,108796,81199323000,50
2016-09-04T00:00:00Z,1.03879,1.03944,1.03653,1.03838,4642,2707090000,73
2016-09-05T00:00:00Z,1.03838,1.0387,1.03524,1.03798,78095,61030867000,51
2016-09-06T00:00:00Z,1.03794,1.04321,1.03428,1.03633,105044,85274001000,51
2016-09-07T00:00:00Z,1.0364,1.03705,1.02612,1.02965,101902,64904690000,48
2016-09-08T00:00:00Z,1.02966,1.03678,1.02702,1.03204,110576,88112141000,51
2016-09-09T00:00:00Z,1.03206,1.03456,1.02723,1.02723,103336,80539789000,34
2016-09-11T00:00:00Z,1.02812,1.03008,1.02775,1.02877,2770,212250000,48
2016-09-12T00:00:00Z,1.02884,1.03016,1.02651,1.02879,109088,83775829000,41
2016-09-13T00:00:00Z,1.02874,1.03083,1.0253,1.02898,117979,96749394000,51
2016-09-14T00:00:00Z,1.02898,1.03132,1.02342,1.02431,109390,100477644000,51
2016-09-15T00:00:00Z,1.02427,1.02918,1.02347,1.02589,131014,86883004000,51
2016-09-16T00:00:00Z,1.02582,1.03097,1.02501,1.03028,105944,78561540131,51
2016-09-18T00:00:00Z,1.02857,1.03143,1.02811,1.03028,2436,69400000,68
2016-09-19T00:00:00Z,1.03022,1.03371,1.02978,1.03185,81319,63427545000,51
2016-09-20T00:00:00Z,1.03183,1.03288,1.02651,1.03193,91062,101860660000,48
2016-09-21T00:00:00Z,1.03191,1.04007,1.03084,1.03922,125270,118541273000,34
2016-09-22T00:00:00Z,1.03929,1.04632,1.03666,1.04473,98315,84714104000,34
2016-09-23T00:00:00Z,1.04474,1.05408,1.04474,1.04974,103594,91564575000,34
2016-09-25T00:00:00Z,1.04962,1.0537,1.04956,1.05321,2809,656350000,34
2016-09-26T00:00:00Z,1.05325,1.0538,1.04833,1.04985,85942,89447540148,34
2016-09-27T00:00:00Z,1.04996,1.05199,1.0467,1.05002,111525,83600402000,47
2016-09-28T00:00:00Z,1.05007,1.05832,1.04931,1.05663,113133,103708950998,37
2016-09-29T00:00:00Z,1.05662,1.05809,1.05111,1.05191,133202,108688046000,39
2016-09-30T00:00:00Z,1.05191,1.05369,1.04695,1.0509,120806,97666590000,43
2016-10-02T00:00:00Z,1.05176,1.05356,1.04962,1.0508,4533,1687750000,65
2016-10-03T00:00:00Z,1.05082,1.05663,1.05055,1.05456,85986,71447030000,40
2016-10-04T00:00:00Z,1.05475,1.05884,1.05063,1.05868,117437,90947884000,51
2016-10-05T00:00:00Z,1.05872,1.06321,1.05756,1.06161,112578,90985033000,40
2016-10-06T00:00:00Z,1.0616,1.0633,1.05711,1.0578,97486,83612300000,34
2016-10-07T00:00:00Z,1.05781,1.06356,1.05722,1.05825,131050,102997525000,43
2016-10-09T00:00:00Z,1.05722,1.0613,1.05722,1.06016,5567,1316750000,51
2016-10-10T00:00:00Z,1.06041,1.06765,1.05862,1.06481,75974,65500556000,51
2016-10-11T00:00:00Z,1.06484,1.0698,1.06484,1.0679,116194,96333901000,51
2016-10-12T00:00:00Z,1.0679400000000001,1.07389,1.06694,1.07296,112373,103607293196,51
2016-10-13T00:00:00Z,1.07292,1.07324,1.06557,1.06688,96500,85809882166,42
2016-10-14T00:00:00Z,1.06682,1.07619,1.06526,1.07375,98607,94320306042,51
2016-10-16T00:00:00Z,1.07275,1.07469,1.07073,1.07348,5104,632188188,75
2016-10-17T00:00:00Z,1.07351,1.07493,1.06186,1.06396,90190,80844416638,51
2016-10-18T00:00:00Z,1.06396,1.06893,1.06218,1.06591,92710,77629002110,51
2016-10-19T00:00:00Z,1.06592,1.06841,1.06225,1.06725,94537,86237296087,51
2016-10-20T00:00:00Z,1.06741,1.06924,1.05885,1.06032,97130,83663929916,51
2016-10-21T00:00:00Z,1.06037,1.06621,1.05984,1.05998,81641,65766974498,47
2016-10-23T00:00:00Z,1.06096,1.06298,1.06054,1.06197,3619,815375000,89
2016-10-24T00:00:00Z,1.06194,1.0672,1.06147,1.0672,72613,58447885752,46
2016-10-25T00:00:00Z,1.06725,1.06997,1.06393,1.06669,91671,77533117837,51
2016-10-26T00:00:00Z,1.06678,1.07538,1.06384,1.06898,106123,65696489238,51
2016-10-27T00:00:00Z,1.06901,1.06972,1.06434,1.06559,119050,111755239596,36
2016-10-28T00:00:00Z,1.06559,1.06613,1.05804,1.05804,132761,119352388868,51
2016-10-30T00:00:00Z,1.0597,1.06173,1.05925,1.05992,7795,4653153037,48
2016-10-31T00:00:00Z,1.05993,1.06495,1.05981,1.06395,94750,85349103489,42
2016-11-01T00:00:00Z,1.06405,1.07015,1.05913,1.06174,122985,100788008989,34
2016-11-02T00:00:00Z,1.06174,1.06186,1.04819,1.05017,127692,109996656819,34
2016-11-03T00:00:00Z,1.05017,1.05291,1.04632,1.04758,114238,103905198378,34
2016-11-04T00:00:00Z,1.0476,1.05119,1.04654,1.04681,116991,109675515715,40
2016-11-06T00:00:00Z,1.04483,1.04824,1.04473,1.04621,7081,1534549000,54
2016-11-07T00:00:00Z,1.04624,1.05384,1.04624,1.05065,111281,90476764129,34
2016-11-08T00:00:00Z,1.05068,1.05235,1.04706,1.0511,108337,98963052330,51
2016-11-09T00:00:00Z,1.05102,1.05295,1.03614,1.04859,237684,210709834065,34
2016-11-10T00:00:00Z,1.0486,1.06443,1.04771,1.05478,176956,137848212971,34
2016-11-11T00:00:00Z,1.05476,1.06037,1.05034,1.05606,189587,165619463909,34
2016-11-13T00:00:00Z,1.05621,1.0630600000000001,1.05557,1.05884,8757,3225200000,78
2016-11-14T00:00:00Z,1.05879,1.06558,1.05841,1.06231,150114,109631651749,34
2016-11-15T00:00:00Z,1.06228,1.06522,1.05965,1.06388,146431,120522725400,34
2016-11-16T00:00:00Z,1.06389,1.06532,1.05478,1.05735,144358,115260255401,34
2016-11-17T00:00:00Z,1.05744,1.05778,1.05167,1.05424,135047,109783293529,51
2016-11-18T00:00:00Z,1.05434,1.05499,1.04402,1.04402,149684,130020203326,46
2016-11-20T00:00:00Z,1.04759,1.04858,1.04419,1.04689,7398,1357100000,51
2016-11-21T00:00:00Z,1.04689,1.0477,1.04104,1.04155,135323,115284408841,51
2016-11-22T00:00:00Z,1.04152,1.04902,1.0413000000000001,1.04789,126408,99314131807,51
2016-11-23T00:00:00Z,1.04797,1.05591,1.04675,1.05374,118032,92607666836,51
2016-11-24T00:00:00Z,1.05373,1.05938,1.0525,1.05696,104756,86134000972,51
2016-11-25T00:00:00Z,1.05696,1.06088,1.05351,1.05436,129062,108199248157,51
2016-11-27T00:00:00Z,1.05463,1.05736,1.05447,1.05634,4614,632700000,57
2016-11-28T00:00:00Z,1.05627,1.05919,1.05315,1.05726,132194,106102447721,51
2016-11-29T00:00:00Z,1.05725,1.0584,1.04774,1.04966,127561,112237046425,35
2016-11-30T00:00:00Z,1.04964,1.04967,1.04019,1.0421,140060,117388428933,34
2016-12-01T00:00:00Z,1.04212,1.04881,1.04148,1.04587,122448,94162655995,50
2016-12-02T00:00:00Z,1.04585,1.04713,1.04212,1.04335,106977,93331339041,34
2016-12-04T00:00:00Z,1.0423,1.05023,1.04139,1.04484,12704,2717600000,62
2016-12-05T00:00:00Z,1.04496,1.05151,1.04233,1.04603,133744,107274180051,34
2016-12-06T00:00:00Z,1.04607,1.04891,1.04139,1.04744,101786,76399542811,42
2016-12-07T00:00:00Z,1.04748,1.04937,1.04168,1.0422,85111,64868983598,34
2016-12-08T00:00:00Z,1.04222,1.04292,1.03745,1.03832,120561,80519554232,51
2016-12-09T00:00:00Z,1.03831,1.0441,1.03797,1.04147,94133,78116719240,34
2016-12-11T00:00:00Z,1.04197,1.04567,1.04188,1.04431,5927,1025644000,51
2016-12-12T00:00:00Z,1.04438,1.04601,1.0403,1.04129,107884,78563261965,40
2016-12-13T00:00:00Z,1.0413000000000001,1.04241,1.03813,1.04041,117297,88853112883,51
2016-12-14T00:00:00Z,1.04044,1.04195,1.03724,1.04103,141997,105122952382,51
2016-12-15T00:00:00Z,1.041,1.04705,1.04021,1.04513,192206,125528040573,34
2016-12-16T00:00:00Z,1.04509,1.04925,1.04366,1.04695,149555,95331042043,44
2016-12-18T00:00:00Z,1.04433,1.04703,1.04413,1.04479,7119,1155400000,61
2016-12-19T00:00:00Z,1.04477,1.04716,1.04366,1.04595,129870,97301794683,51
2016-12-20T00:00:00Z,1.04592,1.04992,1.0454,1.04838,116230,85579416686,51
2016-12-21T00:00:00Z,1.04839,1.0501,1.04495,1.04619,106958,78783837455,51
2016-12-22T00:00:00Z,1.04621,1.04982,1.04325,1.04458,111599,85008474886,51
2016-12-23T00:00:00Z,1.04451,1.04612,1.0404,1.04065,82874,60552066080,51
2016-12-26T00:00:00Z,1.0416,1.04434,1.02869,1.04118,14748,8919850000,34
2016-12-27T00:00:00Z,1.04109,1.044,1.04109,1.04185,63696,51686451784,34
2016-12-28T00:00:00Z,1.04182,1.0433,1.0349,1.03639,88018,63807105249,34
2016-12-29T00:00:00Z,1.03639,1.03988,1.03518,1.03664,105200,79450798017,51
2016-12-30T00:00:00Z,1.03665,1.03973,1.03613,1.03613,129121,100519268975,51
2017-01-01T00:00:00Z,1.03775,1.03817,1.0358,1.03696,476,399600000,243
2017-01-02T00:00:00Z,1.03688,1.03975,1.03175,1.03836,72649,60265828828,51
2017-01-03T00:00:00Z,1.03836,1.04602,1.03529,1.04356,121140,94841091814,45
2017-01-04T00:00:00Z,1.0435699999999999,1.04851,1.04317,1.04431,146746,114623813065,51
2017-01-05T00:00:00Z,1.04429,1.0476,1.0421,1.04521,182574,139555716894,51
2017-01-06T00:00:00Z,1.04521,1.0489,1.04226,1.04598,138099,104611866452,48
2017-01-08T00:00:00Z,1.04616,1.04825,1.04588,1.04728,1595,954192368,36
2017-01-09T00:00:00Z,1.04726,1.05156,1.04699,1.04834,125311,113561134660,51
2017-01-10T00:00:00Z,1.04837,1.05476,1.04619,1.05351,144707,108053319924,51
2017-01-11T00:00:00Z,1.05353,1.05692,1.0526,1.05393,173326,109423295995,51
2017-01-12T00:00:00Z,1.05394,1.05562,1.0501800000000001,1.05291,176483,134288218788,51
2017-01-13T00:00:00Z,1.05291,1.05425,1.04958,1.04985,154036,107036444455,51
2017-01-15T00:00:00Z,1.05107,1.0528,1.04931,1.05035,8630,3544551954,51
2017-01-16T00:00:00Z,1.05037,1.0542,1.04954,1.05191,105360,88829039773,51
2017-01-17T00:00:00Z,1.05196,1.05248,1.04725,1.04769,172457,99699139288,51
2017-01-18T00:00:00Z,1.04772,1.05344,1.04623,1.05314,135743,102514218942,44
2017-01-19T00:00:00Z,1.05314,1.05413,1.05,1.05224,172240,133369033487,50
2017-01-20T00:00:00Z,1.05224,1.05522,1.04911,1.05171,176511,145781360180,51
2017-01-22T00:00:00Z,1.05249,1.0545,1.05174,1.05351,4290,1180152872,63
2017-01-23T00:00:00Z,1.05352,1.05376,1.04533,1.04642,152722,139389967690,34
2017-01-24T00:00:00Z,1.04666,1.04899,1.0438,1.0452,123839,94685146982,46
2017-01-25T00:00:00Z,1.0452,1.04671,1.03564,1.03738,156333,116447248135,46
2017-01-26T00:00:00Z,1.03738,1.04236,1.03668,1.03898,142877,106883467107,51
2017-01-27T00:00:00Z,1.03906,1.0405,1.03667,1.03789,140587,110816571070,51
2017-01-29T00:00:00Z,1.03805,1.03918,1.03709,1.03904,6011,2501583497,84
2017-01-30T00:00:00Z,1.03911,1.04148,1.03569,1.03708,126580,110340816702,34
2017-01-31T00:00:00Z,1.03703,1.03896,1.03234,1.03791,151067,117644109979,42
2017-02-01T00:00:00Z,1.03791,1.04459,1.03768,1.04446,136180,109229687167,51
2017-02-02T00:00:00Z,1.0445,1.05161,1.04283,1.05069,144173,113380335798,51
2017-02-03T00:00:00Z,1.05074,1.05273,1.04704,1.04704,134106,110184406021,51
2017-02-05T00:00:00Z,1.04906,1.05048,1.04769,1.04986,3458,573800000,59
2017-02-06T00:00:00Z,1.04982,1.05005,1.04489,1.04569,122982,111870229909,34
2017-02-07T00:00:00Z,1.04569,1.04594,1.03764,1.04464,133714,102891993883,41
2017-02-08T00:00:00Z,1.04472,1.05417,1.04257,1.05393,137590,112333087176,38
2017-02-09T00:00:00Z,1.05401,1.06287,1.05277,1.06107,127643,94764194124,34
2017-02-10T00:00:00Z,1.06105,1.06726,1.05927,1.06365,128122,103491932227,51
2017-02-12T00:00:00Z,1.06463,1.06641,1.06336,1.06398,4285,849656990,56
2017-02-13T00:00:00Z,1.06408,1.06765,1.06294,1.06437,111090,92860443805,36
2017-02-14T00:00:00Z,1.06441,1.07041,1.06341,1.06971,137494,99316057380,41
2017-02-15T00:00:00Z,1.06972,1.07051,1.06665,1.06866,136253,103860528799,35
2017-02-16T00:00:00Z,1.06859,1.06932,1.06326,1.06616,150585,120852738349,36
2017-02-17T00:00:00Z,1.06613,1.07069,1.06469,1.06487,123248,105852739898,42
2017-02-19T00:00:00Z,1.06468,1.06782,1.06374,1.06713,3378,263750000,55
2017-02-20T00:00:00Z,1.06715,1.07006,1.06692,1.06943,85051,70459065600,51
2017-02-21T00:00:00Z,1.06942,1.07355,1.06928,1.07158,108720,86096725436,47
2017-02-22T00:00:00Z,1.07165,1.07467,1.07002,1.07118,113002,93497876811,51
2017-02-23T00:00:00Z,1.07118,1.07195,1.06462,1.06623,120967,98045687555,51
2017-02-24T00:00:00Z,1.06623,1.0686,1.06096,1.06338,106807,85853990266,41
2017-02-26T00:00:00Z,1.06551,1.0666,1.06512,1.06587,4415,679800000,58
2017-02-27T00:00:00Z,1.06589,1.06894,1.06435,1.0673300000000001,104770,87265348460,36
2017-02-28T00:00:00Z,1.0674,1.06961,1.06148,1.06502,113019,90515189808,51
2017-03-01T00:00:00Z,1.06506,1.07638,1.06451,1.07445,154641,118769458487,51
2017-03-02T00:00:00Z,1.07445,1.07634,1.06961,1.07218,127319,101907584470,34
2017-03-03T00:00:00Z,1.07217,1.07935,1.07109,1.07589,131189,115802858471,44
2017-03-05T00:00:00Z,1.07931,1.0801,1.07825,1.07889,4661,1106692511,70
2017-03-06T00:00:00Z,1.07893,1.08421,1.07766,1.08366,109167,77821250168,34
2017-03-07T00:00:00Z,1.08366,1.09139,1.0835,1.09017,116084,77354251681,46
2017-03-08T00:00:00Z,1.09013,1.09241,1.0873,1.08885,131717,79299866206,34
2017-03-09T00:00:00Z,1.08885,1.0905,1.08577,1.08709,140762,90258836063,35
2017-03-10T00:00:00Z,1.08707,1.0898,1.08588,1.08948,132113,82612220585,51
2017-03-12T00:00:00Z,1.08798,1.08913,1.08753,1.08822,4666,1653271000,52
2017-03-13T00:00:00Z,1.08822,1.09468,1.08784,1.09362,117890,81965938111,51
2017-03-14T00:00:00Z,1.0936,1.09412,1.09055,1.09173,118380,82128355464,51
2017-03-15T00:00:00Z,1.09172,1.09965,1.08887,1.09786,147388,96680698152,51
2017-03-16T00:00:00Z,1.09781,1.10169,1.09283,1.09861,146503,109546565390,51
2017-03-17T00:00:00Z,1.09861,1.10005,1.09524,1.09742,107163,76944193906,51
2017-03-19T00:00:00Z,1.0965,1.09744,1.096,1.097,2354,1766608671,34
2017-03-20T00:00:00Z,1.09701,1.09776,1.09465,1.096,105437,78529093407,34
2017-03-21T00:00:00Z,1.096,1.09691,1.09007,1.0902,132514,88062788834,36
2017-03-22T00:00:00Z,1.0902,1.09077,1.08557,1.0884,137911,92766485633,51
2017-03-23T00:00:00Z,1.08844,1.08937,1.08212,1.08561,124786,88757182701,34
2017-03-24T00:00:00Z,1.08561,1.08858,1.08216,1.08216,111213,78460670797,49
2017-03-26T00:00:00Z,1.08516,1.08572,1.08255,1.08439,5526,1175250000,56
2017-03-27T00:00:00Z,1.08427,1.08465,1.07904,1.08064,111141,87352146004,48
2017-03-28T00:00:00Z,1.08064,1.08948,1.0802,1.0878700000000001,106101,77866056558,51
2017-03-29T00:00:00Z,1.08791,1.09223,1.08788,1.08923,99365,75601582553,51
2017-03-30T00:00:00Z,1.08924,1.09424,1.08915,1.09206,100908,68816814834,34
2017-03-31T00:00:00Z,1.09207,1.09637,1.0863,1.0863,102204,72242520431,39
2017-04-02T00:00:00Z,1.0889199999999999,1.0901399999999999,1.0869,1.089,3651,525200000,107
2017-04-03T00:00:00Z,1.08894,1.09023,1.08312,1.08369,86485,59566985899,34
2017-04-04T00:00:00Z,1.08373,1.08763,1.08085,1.08451,96457,67925268109,51
2017-04-05T00:00:00Z,1.08451,1.08974,1.08383,1.08551,102763,72037836541,34
2017-04-06T00:00:00Z,1.08549,1.08595,1.0806,1.08182,105993,66792027169,38
2017-04-07T00:00:00Z,1.08184,1.0823,1.07596,1.07955,119219,78395781612,37
2017-04-09T00:00:00Z,1.07971,1.0816,1.07928,1.08041,4145,121200000,70
2017-04-10T00:00:00Z,1.08044,1.08318,1.07613,1.07719,95248,69189965381,47
2017-04-11T00:00:00Z,1.07719,1.08164,1.07618,1.07739,106436,78437560847,34
2017-04-12T00:00:00Z,1.07739,1.08252,1.07674,1.07801,118207,80851279143,51
2017-04-13T00:00:00Z,1.07807,1.08447,1.07691,1.08015,113480,81611795597,34
2017-04-14T00:00:00Z,1.08017,1.08409,1.07993,1.08033,63595,46793699752,51
2017-04-16T00:00:00Z,1.0817,1.08251,1.07806,1.08132,3764,630250000,79
2017-04-17T00:00:00Z,1.08131,1.08325,1.0785,1.08229,69627,50114332856,51
2017-04-18T00:00:00Z,1.08225,1.08306,1.0718,1.07328,108208,75884461074,51
2017-04-19T00:00:00Z,1.07332,1.07365,1.06744,1.07009,97606,69265814374,51
2017-04-20T00:00:00Z,1.07006,1.0748199999999999,1.06399,1.07319,100106,71268751980,51
2017-04-21T00:00:00Z,1.07323,1.07681,1.07012,1.07029,82050,56610408515,51
2017-04-23T00:00:00Z,1.07557,1.07603,1.07124,1.07501,5975,331760000,74
2017-04-24T00:00:00Z,1.07501,1.07876,1.07226,1.07837,94320,64726148574,51
2017-04-25T00:00:00Z,1.0784,1.08511,1.0773,1.08414,94904,66693344813,34
2017-04-26T00:00:00Z,1.08414,1.08715,1.08201,1.08392,120091,85319927301,51
2017-04-27T00:00:00Z,1.0838700000000001,1.08735,1.08173,1.08539,106202,73463607572,51
2017-04-28T00:00:00Z,1.08538,1.0913,1.08362,1.08919,97200,63982633912,38
2017-04-30T00:00:00Z,1.08722,1.0906,1.08654,1.08929,4673,515450000,73
2017-05-01T00:00:00Z,1.08929,1.09329,1.08778,1.08888,69353,56334756045,51
2017-05-02T00:00:00Z,1.08888,1.09103,1.0847,1.08618,85570,59342458756,51
2017-05-03T00:00:00Z,1.08615,1.08632,1.07724,1.07802,101852,77951912271,40
2017-05-04T00:00:00Z,1.07803,1.07996,1.07566,1.07835,106972,79501508269,34
2017-05-05T00:00:00Z,1.07834,1.07876,1.06996,1.0701100000000001,105817,77481317996,43
2017-05-07T00:00:00Z,1.07103,1.07435,1.07103,1.07308,3867,549567383,39
2017-05-08T00:00:00Z,1.07307,1.07453,1.06656,1.06853,97864,72641671752,51
2017-05-09T00:00:00Z,1.06852,1.06883,1.06357,1.0643,108688,81833056189,51
2017-05-10T00:00:00Z,1.06419,1.07525,1.06078,1.0738,107846,76925516737,51
2017-05-11T00:00:00Z,1.07386,1.0781,1.07272,1.07759,108642,80742787303,51
2017-05-12T00:00:00Z,1.07752,1.08039,1.07507,1.07507,95355,73080150502,47
2017-05-14T00:00:00Z,1.07671,1.07784,1.07485,1.07741,6941,1742700000,82
2017-05-15T00:00:00Z,1.07752,1.07846,1.07485,1.07691,92515,68352896429,51
2017-05-16T00:00:00Z,1.07689,1.07974,1.07428,1.07815,99778,71529144417,51
2017-05-17T00:00:00Z,1.07811,1.07854,1.06901,1.0707200000000001,120451,88355018803,51
2017-05-18T00:00:00Z,1.07065,1.07704,1.0689899999999999,1.0748199999999999,143329,104808537816,51
2017-05-19T00:00:00Z,1.0748199999999999,1.08184,1.07445,1.07584,102364,75158013112,34
2017-05-21T00:00:00Z,1.07472,1.07625,1.07241,1.07555,3792,1072900000,61
2017-05-22T00:00:00Z,1.0756000000000001,1.07615,1.06779,1.06843,89568,65998026591,51
2017-05-23T00:00:00Z,1.0684,1.06911,1.06426,1.06597,102088,73080249327,51
2017-05-24T00:00:00Z,1.066,1.06646,1.06216,1.0645,100210,65826768773,51
2017-05-25T00:00:00Z,1.0645,1.06644,1.05869,1.062,97925,67210380935,51
2017-05-26T00:00:00Z,1.06203,1.06245,1.05225,1.05317,103630,74026111938,51
2017-05-28T00:00:00Z,1.05369,1.05567,1.05239,1.05389,3244,200350000,51
2017-05-29T00:00:00Z,1.05396,1.05692,1.04877,1.05411,59383,38842693149,51
2017-05-30T00:00:00Z,1.05411,1.05579,1.05056,1.05124,91871,59706263958,51
2017-05-31T00:00:00Z,1.05121,1.05364,1.0463,1.04876,104712,71636977073,51
2017-06-01T00:00:00Z,1.04877,1.05126,1.04293,1.04402,103327,73630565782,51
2017-06-02T00:00:00Z,1.044,1.04513,1.03884,1.03967,94174,62063850895,50
2017-06-04T00:00:00Z,1.04026,1.0417,1.03958,1.04092,5088,0,82
2017-06-05T00:00:00Z,1.04084,1.0488,1.03948,1.04841,73793,0,51
2017-06-06T00:00:00Z,1.04841,1.05031,1.04163,1.04517,106382,0,34
2017-06-07T00:00:00Z,1.04518,1.05139,1.04325,1.04872,100766,0,51
2017-06-08T00:00:00Z,1.04872,1.04948,1.04384,1.04642,99920,0,51
2017-06-09T00:00:00Z,1.04644,1.04706,1.04269,1.0431300000000001,89128,0,50
2017-06-11T00:00:00Z,1.04398,1.0449,1.04306,1.04445,2721,0,119
2017-06-12T00:00:00Z,1.04447,1.0496,1.0437,1.04791,85150,0,51
2017-06-13T00:00:00Z,1.0479,1.04804,1.04261,1.04407,80887,0,51
2017-06-14T00:00:00Z,1.04407,1.0468,1.04038,1.04488,119660,0,51
2017-06-15T00:00:00Z,1.04489,1.05486,1.04399,1.0513,117516,0,51
2017-06-16T00:00:00Z,1.0513,1.05362,1.04889,1.04889,90029,0,48
2017-06-18T00:00:00Z,1.04931,1.05099,1.04853,1.0504,3482,0,110
2017-06-19T00:00:00Z,1.05053,1.05115,1.04443,1.05053,85883,0,51
2017-06-20T00:00:00Z,1.05049,1.05189,1.04543,1.0467,85699,0,51
2017-06-21T00:00:00Z,1.04668,1.04784,1.0376,1.04241,88459,0,34
2017-06-22T00:00:00Z,1.04247,1.04346,1.03678,1.0376,81491,0,51
2017-06-23T00:00:00Z,1.03768,1.04031,1.03647,1.03696,69129,0,42
2017-06-25T00:00:00Z,1.03756,1.03921,1.03756,1.03883,3392,0,59
2017-06-26T00:00:00Z,1.03882,1.04222,1.03816,1.04081,75726,0,51
2017-06-27T00:00:00Z,1.04081,1.04356,1.0373,1.0435,89960,0,39
2017-06-28T00:00:00Z,1.0435,1.04652,1.0419,1.04494,105262,0,51
2017-06-29T00:00:00Z,1.04493,1.05329,1.04393,1.0523,98559,0,51
2017-06-30T00:00:00Z,1.05232,1.05325,1.0467,1.04783,99597,0,51
2017-07-02T00:00:00Z,1.04752,1.049,1.04622,1.04801,3626,0,72
2017-07-03T00:00:00Z,1.04796,1.05125,1.04562,1.04944,82555,0,51
2017-07-04T00:00:00Z,1.04936,1.05497,1.04107,1.04373,82652,0,51
2017-07-05T00:00:00Z,1.04372,1.04764,1.04222,1.04307,88643,0,41
2017-07-06T00:00:00Z,1.04307,1.04692,1.04021,1.0418,83627,0,34
2017-07-07T00:00:00Z,1.04176,1.04604,1.0394,1.04245,85739,0,51
2017-07-09T00:00:00Z,1.04379,1.04512,1.04098,1.04413,3515,0,62
2017-07-10T00:00:00Z,1.04416,1.04661,1.04298,1.04582,68162,0,51
2017-07-11T00:00:00Z,1.04582,1.05727,1.04549,1.05685,81485,0,51
2017-07-12T00:00:00Z,1.05687,1.05934,1.0552,1.05746,90466,0,51
2017-07-13T00:00:00Z,1.0575,1.05925,1.04911,1.05562,88763,0,51
2017-07-14T00:00:00Z,1.05578,1.06645,1.05542,1.06447,89401,0,51
2017-07-16T00:00:00Z,1.06483,1.06571,1.06282,1.06427,3911,0,67
2017-07-17T00:00:00Z,1.06429,1.06739,1.0629,1.06436,106015,0,51
2017-07-18T00:00:00Z,1.06436,1.07979,1.06364,1.07709,132788,0,35
2017-07-19T00:00:00Z,1.07689,1.08141,1.07429,1.08059,102968,0,51
2017-07-20T00:00:00Z,1.08061,1.08429,1.07319,1.07458,128544,0,51
2017-07-21T00:00:00Z,1.07458,1.07522,1.06065,1.06065,114658,0,51
2017-07-23T00:00:00Z,1.06109,1.06409,1.06049,1.06197,3986,0,51
2017-07-24T00:00:00Z,1.06193,1.07014,1.06074,1.06541,110720,0,51
2017-07-25T00:00:00Z,1.06537,1.07112,1.06429,1.06926,118745,0,51
2017-07-26T00:00:00Z,1.06927,1.07001,1.06219,1.06477,144480,0,51
2017-07-27T00:00:00Z,1.06475,1.0679,1.062,1.06357,143904,0,51
2017-07-28T00:00:00Z,1.06361,1.06675,1.06119,1.06253,125528,0,46
2017-07-30T00:00:00Z,1.06242,1.06406,1.06091,1.0636,3490,0,92
2017-07-31T00:00:00Z,1.0636,1.06595,1.05881,1.0648900000000001,107401,0,51
2017-08-01T00:00:00Z,1.0648900000000001,1.06962,1.06462,1.0664,118674,0,51
2017-08-02T00:00:00Z,1.06639,1.07309,1.06613,1.07176,108399,0,51
2017-08-03T00:00:00Z,1.07178,1.07447,1.06721,1.06886,109094,0,35
2017-08-04T00:00:00Z,1.06876,1.07262,1.06661,1.06884,111647,0,47
2017-08-06T00:00:00Z,1.06861,1.07105,1.06849,1.07029,5450,0,51
2017-08-07T00:00:00Z,1.07029,1.07554,1.06933,1.07453,89392,0,51
2017-08-08T00:00:00Z,1.07454,1.08026,1.07454,1.07929,98309,0,34
2017-08-09T00:00:00Z,1.07929,1.07945,1.07068,1.07233,112753,0,34
2017-08-10T00:00:00Z,1.07233,1.08593,1.07086,1.08271,112984,0,34
2017-08-11T00:00:00Z,1.08271,1.0829,1.07719,1.07749,105167,0,51
2017-08-13T00:00:00Z,1.07918,1.08044,1.07628,1.07795,3521,0,72
2017-08-14T00:00:00Z,1.07797,1.08183,1.07639,1.07712,81920,0,51
2017-08-15T00:00:00Z,1.07714,1.08111,1.07445,1.08008,84709,0,51
2017-08-16T00:00:00Z,1.08011,1.08655,1.0799,1.08407,98612,0,51
2017-08-17T00:00:00Z,1.08405,1.08763,1.08169,1.08217,114229,0,51
2017-08-18T00:00:00Z,1.08219,1.08462,1.08003,1.08243,112151,0,45
2017-08-20T00:00:00Z,1.08311,1.0849199999999999,1.08291,1.08341,1884,0,91
2017-08-21T00:00:00Z,1.08341,1.0849,1.08194,1.08283,80084,0,51
2017-08-22T00:00:00Z,1.0828,1.08705,1.08271,1.08636,90791,0,51
2017-08-23T00:00:00Z,1.08636,1.09572,1.08592,1.0942,103907,0,51
2017-08-24T00:00:00Z,1.09422,1.09654,1.09214,1.0959,113069,0,51
2017-08-25T00:00:00Z,1.09592,1.09702,1.09369,1.09465,123103,0,51
2017-08-27T00:00:00Z,1.09353,1.09631,1.09303,1.09533,4208,0,56
2017-08-28T00:00:00Z,1.09533,1.0981,1.09435,1.09529,82985,0,41
2017-08-29T00:00:00Z,1.09529,1.09791,1.09251,1.09582,132696,0,45
2017-08-30T00:00:00Z,1.09581,1.10149,1.09479,1.09696,114356,0,51
2017-08-31T00:00:00Z,1.09695,1.10775,1.09653,1.10684,130791,0,51
2017-09-01T00:00:00Z,1.10686,1.11392,1.10521,1.11291,120741,0,51
2017-09-03T00:00:00Z,1.11044,1.11178,1.10966,1.11067,6276,0,51
2017-09-04T00:00:00Z,1.11067,1.11174,1.1072,1.10915,85539,0,51
2017-09-05T00:00:00Z,1.10909,1.11279,1.10246,1.10394,127960,0,51
2017-09-06T00:00:00Z,1.10385,1.1118999999999999,1.10224,1.1113,127108,0,51
2017-09-07T00:00:00Z,1.11126,1.1142,1.1067,1.11242,129189,0,51
2017-09-08T00:00:00Z,1.11246,1.1128,1.10548,1.1077,150349,0,34
2017-09-10T00:00:00Z,1.10823,1.11206,1.10786,1.10922,4365,0,51
2017-09-11T00:00:00Z,1.10922,1.11326,1.10405,1.10524,119107,0,34
2017-09-12T00:00:00Z,1.10524,1.11056,1.09778,1.10067,126078,880350000,1
2017-09-13T00:00:00Z,1.10067,1.10454,1.09954,1.1026799999999999,105115,0,1
2017-09-14T00:00:00Z,1.10265,1.10904,1.0991900000000001,1.10663,115364,0,1
2017-09-15T00:00:00Z,1.10663,1.1078000000000001,1.09528,1.09704,103052,0,1
2017-09-17T00:00:00Z,1.0977,1.09844,1.09561,1.0967,4633,0,27
2017-09-18T00:00:00Z,1.09676,1.09829,1.09373,1.09638,95447,0,1
2017-09-19T00:00:00Z,1.09637,1.09856,1.09335,1.09456,107028,0,1
2017-09-20T00:00:00Z,1.09452,1.09773,1.08895,1.09202,120095,0,1
2017-09-21T00:00:00Z,1.09208,1.09335,1.08242,1.08486,115243,0,1
2017-09-22T00:00:00Z,1.08485,1.0896,1.08343,1.08436,103579,0,1
2017-09-24T00:00:00Z,1.08817,1.09233,1.08517,1.08531,3959,0,23
2017-09-25T00:00:00Z,1.08542,1.09721,1.08532,1.09368,107963,0,1
2017-09-26T00:00:00Z,1.09373,1.09783,1.09081,1.09358,117694,0,1
2017-09-27T00:00:00Z,1.09355,1.09538,1.08676,1.08985,133954,0,1
2017-09-28T00:00:00Z,1.08981,1.09029,1.08417,1.08595,107900,0,1
2017-09-29T00:00:00Z,1.08579,1.08799,1.08303,1.08603,70096,0,1
2017-10-01T00:00:00Z,1.08688,1.08804,1.08523,1.08591,2062,0,53
2017-10-02T00:00:00Z,1.08601,1.08906,1.08527,1.08837,77402,0,1
2017-10-03T00:00:00Z,1.08839,1.09511,1.08754,1.09487,79781,0,1
2017-10-04T00:00:00Z,1.09482,1.09789,1.09194,1.09707,78003,0,1
2017-10-05T00:00:00Z,1.09707,1.09934,1.09222,1.09505,69387,0,1
2017-10-06T00:00:00Z,1.09505,1.09721,1.091,1.09442,84075,0,1
2017-10-08T00:00:00Z,1.09905,1.10108,1.09875,1.10029,3420,0,19
2017-10-09T00:00:00Z,1.1003,1.10127,1.09458,1.09826,57625,0,1
2017-10-10T00:00:00Z,1.09834,1.10221,1.09744,1.10003,87286,0,1
2017-10-11T00:00:00Z,1.10007,1.10238,1.0982,1.09859,79821,0,1
2017-10-12T00:00:00Z,1.09864,1.10123,1.09579,1.09679,90738,0,1
2017-10-13T00:00:00Z,1.09674,1.10043,1.0954,1.09541,91835,0,1
2017-10-15T00:00:00Z,1.09833,1.09982,1.09701,1.09825,2883,0,60
2017-10-16T00:00:00Z,1.09832,1.10008,1.08732,1.09207,84946,0,1
2017-10-17T00:00:00Z,1.0919699999999999,1.09583,1.09064,1.09384,95059,0,1
2017-10-18T00:00:00Z,1.09386,1.09921,1.09301,1.09624,87018,0,1
2017-10-19T00:00:00Z,1.09624,1.12247,1.095,1.1207799999999999,120432,0,1
2017-10-20T00:00:00Z,1.1207799999999999,1.12533,1.11986,1.12215,102897,0,1
2017-10-22T00:00:00Z,1.12442,1.12514,1.12379,1.12457,4029,0,8
2017-10-23T00:00:00Z,1.12453,1.12575,1.11877,1.11916,67389,0,1
2017-10-24T00:00:00Z,1.11914,1.12898,1.11659,1.12674,88183,0,1
2017-10-25T00:00:00Z,1.12676,1.1269,1.11738,1.1181,111495,0,1
2017-10-26T00:00:00Z,1.11806,1.12382,1.11698,1.12037,106011,0,1
2017-10-27T00:00:00Z,1.12035,1.12079,1.11412,1.11568,111969,0,1
2017-10-29T00:00:00Z,1.11497,1.11849,1.11318,1.11698,2922,0,45
2017-10-30T00:00:00Z,1.11695,1.12299,1.11638,1.11836,84009,0,1
2017-10-31T00:00:00Z,1.11832,1.12231,1.11068,1.11185,93933,0,1
2017-11-01T00:00:00Z,1.11183,1.11499,1.10761,1.114,99768,0,1
2017-11-02T00:00:00Z,1.11402,1.11705,1.11178,1.11571,98910,0,1
2017-11-03T00:00:00Z,1.11573,1.11594,1.1043,1.10713,79448,0,1
2017-11-05T00:00:00Z,1.10633,1.10749,1.10516,1.10698,3908,0,1
2017-11-06T00:00:00Z,1.10698,1.11265,1.10527,1.10721,84228,0,1
2017-11-07T00:00:00Z,1.10719,1.10956,1.10545,1.10669,90277,0,1
2017-11-08T00:00:00Z,1.10669,1.10968,1.10094,1.10208,88590,0,1
2017-11-09T00:00:00Z,1.10211,1.10772,1.10152,1.10696,104671,0,1
2017-11-10T00:00:00Z,1.10698,1.10947,1.10306,1.10306,84884,0,1
2017-11-12T00:00:00Z,1.10371,1.10586,1.10287,1.1048499999999999,4571,0,12
2017-11-13T00:00:00Z,1.10486,1.10753,1.10336,1.10378,66092,0,1
2017-11-14T00:00:00Z,1.1038000000000001,1.11398,1.1036299999999999,1.11018,85391,0,1
2017-11-15T00:00:00Z,1.1102,1.11026,1.09889,1.10362,94166,0,1
2017-11-16T00:00:00Z,1.1036,1.10978,1.10184,1.10705,75254,0,1
2017-11-17T00:00:00Z,1.10703,1.11299,1.1043,1.1094,83587,0,1
2017-11-19T00:00:00Z,1.1108,1.11147,1.10896,1.11061,8069,0,9
2017-11-20T00:00:00Z,1.11056,1.11166,1.1057,1.10817,84949,0,1
2017-11-21T00:00:00Z,1.10819,1.11161,1.10653,1.10956,87520,0,1
2017-11-22T00:00:00Z,1.10966,1.10987,1.10537,1.10722,93343,0,1
2017-11-23T00:00:00Z,1.10716,1.10835,1.10508,1.10703,73458,0,1
2017-11-24T00:00:00Z,1.10702,1.10893,1.10461,1.1064,77607,0,1
2017-11-26T00:00:00Z,1.10591,1.10812,1.1057,1.10706,4527,0,10
2017-11-27T00:00:00Z,1.10709,1.1088,1.0976,1.09842,81125,0,1
2017-11-28T00:00:00Z,1.0984,1.10179,1.09607,1.10179,103741,0,1
2017-11-29T00:00:00Z,1.10177,1.10345,1.09481,1.09937,105691,0,1
2017-11-30T00:00:00Z,1.09935,1.10943,1.09869,1.10794,126535,0,1
2017-12-01T00:00:00Z,1.10792,1.10926,1.10321,1.10432,137073,0,1
2017-12-03T00:00:00Z,1.10533,1.10727,1.10506,1.10632,4910,0,11
2017-12-04T00:00:00Z,1.1063,1.11046,1.10535,1.10784,117801,0,1
2017-12-05T00:00:00Z,1.10783,1.11135,1.10487,1.10588,124736,0,1
2017-12-06T00:00:00Z,1.10585,1.10901,1.09657,1.10009,117228,0,1
2017-12-07T00:00:00Z,1.10009,1.10166,1.09576,1.09998,110378,0,1
2017-12-08T00:00:00Z,1.09996,1.10043,1.09511,1.09662,101376,0,1
2017-12-10T00:00:00Z,1.09668,1.09833,1.09532,1.09791,3323,0,18
2017-12-11T00:00:00Z,1.09788,1.09847,1.08639,1.08935,99696,0,1
2017-12-12T00:00:00Z,1.08935,1.09137,1.08598,1.08933,90391,0,1
2017-12-13T00:00:00Z,1.08931,1.09118,1.08589,1.08742,94342,0,1
2017-12-14T00:00:00Z,1.08744,1.09847,1.08653,1.09704,111404,0,1
2017-12-15T00:00:00Z,1.09705,1.09777,1.09096,1.09292,98862,0,1
2017-12-17T00:00:00Z,1.09152,1.09314,1.0915,1.09284,3841,0,23
2017-12-18T00:00:00Z,1.09273,1.09636,1.09089,1.09595,78872,0,4
2017-12-19T00:00:00Z,1.09598,1.09942,1.09259,1.09742,80954,0,4
2017-12-20T00:00:00Z,1.09735,1.10113,1.09232,1.09429,88469,0,4
2017-12-21T00:00:00Z,1.09429,1.09925,1.09288,1.09723,80154,0,4
2017-12-22T00:00:00Z,1.09715,1.10158,1.09704,1.09838,62166,0,4
2017-12-25T00:00:00Z,1.09833,1.09933,1.09798,1.09895,836,0,240
2017-12-26T00:00:00Z,1.09897,1.10033,1.09646,1.09838,34173,0,4
2017-12-27T00:00:00Z,1.0983,1.10073,1.09776,1.09974,57018,0,4
2017-12-28T00:00:00Z,1.09974,1.10101,1.0984099999999999,1.10005,50162,0,4
2017-12-29T00:00:00Z,1.10005,1.10151,1.09566,1.09895,66545,0,4
2018-01-01T00:00:00Z,1.09878,1.10237,1.09581,1.10058,3873,0,50
2018-01-02T00:00:00Z,1.09997,1.10246,1.09907,1.10218,77063,0,4
2018-01-03T00:00:00Z,1.10202,1.10525,1.10101,1.10398,99316,0,4
2018-01-04T00:00:00Z,1.104,1.10501,1.09787,1.0988,97502,0,4
2018-01-05T00:00:00Z,1.09873,1.09928,1.09366,1.09665,101096,0,4
2018-01-07T00:00:00Z,1.09691,1.09774,1.09568,1.0973,5164,0,15
2018-01-08T00:00:00Z,1.09729,1.09778,1.0911,1.09328,81273,0,2
2018-01-09T00:00:00Z,1.09331,1.09596,1.08881,1.09318,112164,0,1
2018-01-10T00:00:00Z,1.09316,1.0946,1.08693,1.0889,146348,0,1
2018-01-11T00:00:00Z,1.0889,1.09547,1.08539,1.08603,139968,0,1
2018-01-12T00:00:00Z,1.086,1.09146,1.08359,1.09089,143396,0,1
2018-01-14T00:00:00Z,1.0925799999999999,1.09281,1.0903,1.09207,3161,0,29
2018-01-15T00:00:00Z,1.09198,1.09412,1.08972,1.09131,108469,0,1
2018-01-16T00:00:00Z,1.09131,1.0955300000000001,1.0902,1.09539,125637,0,1
2018-01-17T00:00:00Z,1.09531,1.10021,1.09393,1.09542,160200,0,1
2018-01-18T00:00:00Z,1.09543,1.09849,1.09218,1.09563,142263,0,1
2018-01-19T00:00:00Z,1.09561,1.10011,1.09527,1.09727,132434,0,1
2018-01-21T00:00:00Z,1.0981,1.09926,1.09716,1.09837,4337,0,33
2018-01-22T00:00:00Z,1.09838,1.09867,1.09347,1.09369,103361,0,1
2018-01-23T00:00:00Z,1.09372,1.09449,1.08561,1.08757,128502,0,2
2018-01-24T00:00:00Z,1.08755,1.09964,1.0849,1.09893,145342,0,2
2018-01-25T00:00:00Z,1.0989,1.09943,1.09335,1.09748,195773,0,1
2018-01-26T00:00:00Z,1.09748,1.10387,1.09621,1.10182,148291,0,1
2018-01-28T00:00:00Z,1.10289,1.10377,1.10156,1.10287,3247,0,11
2018-01-29T00:00:00Z,1.10288,1.1072,1.10173,1.10519,129835,0,1
2018-01-30T00:00:00Z,1.10521,1.10586,1.10093,1.10293,142457,0,2
2018-01-31T00:00:00Z,1.10292,1.10391,1.0919699999999999,1.09333,158354,0,1
2018-02-01T00:00:00Z,1.09336,1.09421,1.08489,1.08646,154176,0,1
2018-02-02T00:00:00Z,1.08646,1.08767,1.08322,1.08499,157351,0,1
2018-02-04T00:00:00Z,1.08505,1.08588,1.08377,1.08521,5212,0,9
2018-02-05T00:00:00Z,1.08512,1.08807,1.08232,1.08237,166194,0,1
2018-02-06T00:00:00Z,1.08235,1.08446,1.07443,1.07617,221761,0,1
2018-02-07T00:00:00Z,1.07618,1.08477,1.07472,1.08135,134774,0,1
2018-02-08T00:00:00Z,1.08134,1.08936,1.07563,1.07674,173194,0,1
2018-02-09T00:00:00Z,1.07671,1.08075,1.07461,1.07684,136471,0,1
2018-02-11T00:00:00Z,1.07822,1.07916,1.07737,1.0778699999999999,3543,0,11
2018-02-12T00:00:00Z,1.0778699999999999,1.08318,1.07689,1.08263,79776,0,1
2018-02-13T00:00:00Z,1.08261,1.08395,1.07608,1.07972,99472,0,1
2018-02-14T00:00:00Z,1.0798,1.08076,1.07145,1.07504,164572,0,1
2018-02-15T00:00:00Z,1.07506,1.07696,1.07042,1.0742099999999999,134170,0,1
2018-02-16T00:00:00Z,1.07422,1.0758,1.06987,1.07002,111523,0,1
2018-02-18T00:00:00Z,1.07139,1.07163,1.07,1.07141,2097,0,13
2018-02-19T00:00:00Z,1.07141,1.07444,1.07016,1.07321,70474,0,1
2018-02-20T00:00:00Z,1.0732,1.07699,1.0712,1.07279,118958,0,2
2018-02-21T00:00:00Z,1.07278,1.07538,1.06591,1.06687,129949,0,1
2018-02-22T00:00:00Z,1.06684,1.06983,1.06537,1.06771,119328,0,1
2018-02-23T00:00:00Z,1.06771,1.07545,1.06762,1.07399,100677,0,1
2018-02-25T00:00:00Z,1.07473,1.07681,1.07353,1.07569,4869,0,12
2018-02-26T00:00:00Z,1.07567,1.07702,1.07149,1.0757,97579,0,1
2018-02-27T00:00:00Z,1.07568,1.07852,1.07567,1.07688,119522,0,1
2018-02-28T00:00:00Z,1.07685,1.08261,1.07533,1.07682,122250,0,2
2018-03-01T00:00:00Z,1.07682,1.07757,1.06811,1.06902,158102,0,1
2018-03-02T00:00:00Z,1.06898,1.07348,1.06602,1.07159,164060,0,1
2018-03-04T00:00:00Z,1.07174,1.07263,1.06975,1.07228,5360,0,9
2018-03-05T00:00:00Z,1.07233,1.07471,1.07049,1.07443,116162,0,1
2018-03-06T00:00:00Z,1.07446,1.07656,1.07042,1.07128,142235,0,1
2018-03-07T00:00:00Z,1.07129,1.07448,1.06645,1.07405,145721,0,1
2018-03-08T00:00:00Z,1.07407,1.07582,1.0712,1.07186,104983,0,1
2018-03-09T00:00:00Z,1.07183,1.0775,1.07039,1.0775,123238,0,1
2018-03-11T00:00:00Z,1.07638,1.07686,1.07465,1.07644,2733,0,8
2018-03-12T00:00:00Z,1.07647,1.08017,1.07404,1.07854,65700,0,1
2018-03-13T00:00:00Z,1.07854,1.07937,1.07047,1.07236,132401,0,1
2018-03-14T00:00:00Z,1.07236,1.07824,1.07057,1.07675,127274,0,1
2018-03-15T00:00:00Z,1.07675,1.07772,1.07071,1.07112,132853,0,1
2018-03-16T00:00:00Z,1.07113,1.07602,1.06763,1.06872,122180,0,1
2018-03-18T00:00:00Z,1.06865,1.06892,1.0674,1.06826,2839,0,9
2018-03-19T00:00:00Z,1.06826,1.06919,1.06354,1.06483,135594,0,1
2018-03-20T00:00:00Z,1.06477,1.07147,1.06389,1.07069,123060,0,1
2018-03-21T00:00:00Z,1.07069,1.07555,1.07055,1.07465,133063,0,1
2018-03-22T00:00:00Z,1.07469,1.07617,1.06549,1.06597,131292,0,1
2018-03-23T00:00:00Z,1.06598,1.06902,1.06231,1.06338,116150,0,1
2018-03-25T00:00:00Z,1.06444,1.06474,1.06213,1.06444,3381,0,19
2018-03-26T00:00:00Z,1.06454,1.06525,1.05849,1.06168,99702,0,1
2018-03-27T00:00:00Z,1.06168,1.06268,1.05421,1.0566,104498,0,1
2018-03-28T00:00:00Z,1.05657,1.06364,1.05601,1.06291,121496,0,1
2018-03-29T00:00:00Z,1.06293,1.06689,1.06046,1.06148,83776,0,1
2018-03-30T00:00:00Z,1.06144,1.0647,1.05931,1.06138,96426,0,1
2018-04-01T00:00:00Z,1.06104,1.06231,1.06069,1.06116,1419,0,165
2018-04-02T00:00:00Z,1.06137,1.06378,1.05993,1.06172,59669,0,2
2018-04-03T00:00:00Z,1.06179,1.06564,1.05682,1.05896,91312,0,1
2018-04-04T00:00:00Z,1.05896,1.0596,1.0526,1.05537,64106,0,1
2018-04-05T00:00:00Z,1.05537,1.0576,1.05029,1.05648,53090,0,1
2018-04-06T00:00:00Z,1.05646,1.06079,1.05384,1.05619,74377,0,1
2018-04-08T00:00:00Z,1.05504,1.05569,1.05369,1.05459,2541,0,30
2018-04-09T00:00:00Z,1.05462,1.05615,1.05042,1.05327,58198,0,1
2018-04-10T00:00:00Z,1.05321,1.05576,1.05133,1.05394,67329,0,1
2018-04-11T00:00:00Z,1.05403,1.05554,1.05111,1.05443,61105,0,1
2018-04-12T00:00:00Z,1.05444,1.05492,1.04885,1.05166,57711,0,1
2018-04-13T00:00:00Z,1.05159,1.05829,1.05081,1.05561,49006,0,1
2018-04-15T00:00:00Z,1.0546,1.0578400000000001,1.0546,1.05605,2334,0,23
2018-04-16T00:00:00Z,1.05605,1.05921,1.05508,1.05655,46749,0,1
2018-04-17T00:00:00Z,1.05655,1.06014,1.05512,1.05869,50900,0,1
2018-04-18T00:00:00Z,1.05865,1.06449,1.05755,1.06375,51223,0,1
2018-04-19T00:00:00Z,1.06371,1.06725,1.06053,1.0628,74376,0,1
2018-04-20T00:00:00Z,1.0628,1.06617,1.06195,1.06366,63566,0,1
2018-04-22T00:00:00Z,1.06275,1.06397,1.0617,1.06274,3105,0,28
2018-04-23T00:00:00Z,1.06275,1.06615,1.062,1.06278,59020,0,2
2018-04-24T00:00:00Z,1.06283,1.06963,1.06237,1.06848,79091,0,1
2018-04-25T00:00:00Z,1.06848,1.0714,1.06689,1.07058,63529,0,1
2018-04-26T00:00:00Z,1.07058,1.07287,1.06835,1.06966,75105,0,1
2018-04-27T00:00:00Z,1.06966,1.07179,1.06798,1.06987,59418,0,1
2018-04-29T00:00:00Z,1.06924,1.07015,1.06894,1.06936,1878,0,20
2018-04-30T00:00:00Z,1.06941,1.07147,1.06819,1.07031,59632,0,1
2018-05-01T00:00:00Z,1.07031,1.07205,1.06814,1.06863,61881,0,1
2018-05-02T00:00:00Z,1.06863,1.0725500000000001,1.06496,1.0708199999999999,85361,0,1
2018-05-03T00:00:00Z,1.07085,1.07308,1.0674,1.06935,88554,0,1
2018-05-04T00:00:00Z,1.06935,1.07554,1.06869,1.07392,60914,0,1
2018-05-06T00:00:00Z,1.07378,1.07431,1.07149,1.07399,2226,0,19
2018-05-07T00:00:00Z,1.074,1.074,1.06888,1.0707200000000001,53410,0,1
2018-05-08T00:00:00Z,1.07073,1.0713,1.06781,1.06893,72206,0,1
2018-05-09T00:00:00Z,1.06893,1.0758,1.06577,1.07477,73713,0,1
2018-05-10T00:00:00Z,1.07477,1.08239,1.07414,1.08122,98759,0,1
2018-05-11T00:00:00Z,1.08122,1.08427,1.07946,1.08244,67275,0,1
2018-05-13T00:00:00Z,1.0838700000000001,1.08434,1.08097,1.08331,3680,0,18
2018-05-14T00:00:00Z,1.08334,1.08949,1.08307,1.08809,59018,0,1
2018-05-15T00:00:00Z,1.08807,1.09004,1.08526,1.08847,85688,0,1
2018-05-16T00:00:00Z,1.08847,1.09004,1.08507,1.08886,86365,0,1
2018-05-17T00:00:00Z,1.08891,1.09394,1.0872,1.09179,70093,0,1
2018-05-18T00:00:00Z,1.09183,1.09275,1.08496,1.0858,68842,0,1
2018-05-20T00:00:00Z,1.0867,1.08899,1.08542,1.08582,5309,0,13
2018-05-21T00:00:00Z,1.08582,1.09276,1.08547,1.09124,67157,0,1
2018-05-22T00:00:00Z,1.09123,1.09463,1.08959,1.09173,71999,0,1
2018-05-23T00:00:00Z,1.09172,1.09425,1.0909200000000001,1.09194,102502,0,1
2018-05-24T00:00:00Z,1.09194,1.09402,1.09116,1.09303,85798,0,1
2018-05-25T00:00:00Z,1.09302,1.09616,1.09055,1.09116,70025,0,1
2018-05-27T00:00:00Z,1.09162,1.09271,1.0898,1.09131,3670,0,36
2018-05-28T00:00:00Z,1.09132,1.09229,1.08603,1.08716,55420,0,1
2018-05-29T00:00:00Z,1.08716,1.08896,1.08453,1.08786,89144,0,1
2018-05-30T00:00:00Z,1.08786,1.08821,1.08044,1.0847,90161,0,1
2018-05-31T00:00:00Z,1.0847,1.08565,1.07766,1.08116,90144,0,1
2018-06-01T00:00:00Z,1.08116,1.08378,1.07761,1.08329,74918,0,1
2018-06-03T00:00:00Z,1.08282,1.0842,1.08183,1.08346,2345,0,22
2018-06-04T00:00:00Z,1.08346,1.08877,1.08306,1.08812,65475,0,1
2018-06-05T00:00:00Z,1.08812,1.08864,1.08294,1.08389,68847,0,1
2018-06-06T00:00:00Z,1.08389,1.0902,1.0835,1.08985,61536,0,1
2018-06-07T00:00:00Z,1.08985,1.09007,1.0811,1.08455,60602,0,1
2018-06-08T00:00:00Z,1.08459,1.08542,1.07779,1.08059,54369,0,1
2018-06-10T00:00:00Z,1.07967,1.08154,1.07881,1.0806,2985,0,36
2018-06-11T00:00:00Z,1.0806,1.08396,1.07948,1.08295,38617,0,1
2018-06-12T00:00:00Z,1.08297,1.08421,1.0805,1.08091,52747,0,1
2018-06-13T00:00:00Z,1.08091,1.08142,1.0756000000000001,1.0788,62084,0,1
2018-06-14T00:00:00Z,1.0788,1.07913,1.0701,1.07229,67318,0,1
2018-06-15T00:00:00Z,1.07229,1.07591,1.07113,1.07183,56908,0,1
2018-06-17T00:00:00Z,1.07192,1.07305,1.07176,1.07258,3702,0,36
2018-06-18T00:00:00Z,1.0726,1.07478,1.06761,1.0703,39444,0,1
2018-06-19T00:00:00Z,1.07035,1.07083,1.06576,1.06894,67796,0,1
2018-06-20T00:00:00Z,1.06894,1.07476,1.06855,1.07319,60203,0,1
2018-06-21T00:00:00Z,1.07319,1.0777,1.07152,1.07347,87294,0,1
2018-06-22T00:00:00Z,1.07347,1.07795,1.07099,1.07643,62450,0,1
2018-06-24T00:00:00Z,1.07559,1.07598,1.07462,1.07575,3938,0,48
2018-06-25T00:00:00Z,1.07579,1.07688,1.07301,1.07651,57590,0,1
2018-06-26T00:00:00Z,1.07642,1.07942,1.07385,1.07813,64706,0,1
2018-06-27T00:00:00Z,1.07813,1.08555,1.07765,1.07893,81508,0,1
2018-06-28T00:00:00Z,1.07903,1.08876,1.0782,1.08759,75776,0,1
2018-06-29T00:00:00Z,1.08759,1.09345,1.08696,1.09345,80712,0,1
2018-07-01T00:00:00Z,1.08961,1.0922,1.08877,1.09046,4326,0,62
2018-07-02T00:00:00Z,1.09054,1.09513,1.08897,1.09267,61230,0,1
2018-07-03T00:00:00Z,1.09267,1.0991900000000001,1.09185,1.09252,66242,0,1
2018-07-04T00:00:00Z,1.09252,1.09556,1.0901399999999999,1.09084,53987,0,1
2018-07-05T00:00:00Z,1.09084,1.09259,1.0871,1.08808,58386,0,1
2018-07-06T00:00:00Z,1.08807,1.0886,1.08513,1.08612,58436,0,1
2018-07-08T00:00:00Z,1.08646,1.08777,1.0856,1.08649,4477,0,63
2018-07-09T00:00:00Z,1.08655,1.09344,1.08631,1.09125,49896,0,1
2018-07-10T00:00:00Z,1.09122,1.0928,1.08816,1.08995,50165,0,1
2018-07-11T00:00:00Z,1.08999,1.09094,1.08682,1.09054,76490,0,1
2018-07-12T00:00:00Z,1.09054,1.09409,1.08975,1.09296,57416,0,1
2018-07-13T00:00:00Z,1.09296,1.09713,1.09266,1.09667,58383,0,1
2018-07-15T00:00:00Z,1.0963,1.09705,1.09554,1.09636,2281,0,57
2018-07-16T00:00:00Z,1.09637,1.09745,1.09372,1.0949,49908,0,1
2018-07-17T00:00:00Z,1.0949,1.09704,1.08603,1.08921,67682,0,1
2018-07-18T00:00:00Z,1.08921,1.09036,1.08622,1.08844,62694,0,1
2018-07-19T00:00:00Z,1.08844,1.09443,1.08839,1.09002,113010,0,1
2018-07-20T00:00:00Z,1.09002,1.09205,1.08845,1.08922,116273,0,1
2018-07-22T00:00:00Z,1.09088,1.09176,1.08917,1.09101,3235,0,45
2018-07-23T00:00:00Z,1.09101,1.09113,1.08633,1.08764,65676,0,21
2018-07-24T00:00:00Z,1.08765,1.0915,1.08594,1.09005,69014,0,18
2018-07-25T00:00:00Z,1.09005,1.0934,1.0872600000000001,1.08887,75745,0,40
2018-07-26T00:00:00Z,1.08887,1.08984,1.08649,1.08747,66909,0,20
2018-07-27T00:00:00Z,1.08749,1.09089,1.08707,1.08906,55380,0,29
2018-07-29T00:00:00Z,1.08917,1.08931,1.08837,1.0889199999999999,1596,0,48
2018-07-30T00:00:00Z,1.08889,1.08912,1.08392,1.08531,44022,0,19
2018-07-31T00:00:00Z,1.08531,1.09213,1.0842,1.08954,73481,0,20
2018-08-01T00:00:00Z,1.08954,1.09122,1.08838,1.08978,64929,0,17
2018-08-02T00:00:00Z,1.08978,1.09279,1.0883,1.09193,56046,0,17
2018-08-03T00:00:00Z,1.09207,1.09686,1.09165,1.09622,68913,0,40
2018-08-05T00:00:00Z,1.09572,1.09716,1.09489,1.09652,1877,0,43
2018-08-06T00:00:00Z,1.09652,1.09772,1.09537,1.09726,47187,0,19
2018-08-07T00:00:00Z,1.09727,1.10324,1.09685,1.10127,54222,0,40
2018-08-08T00:00:00Z,1.10125,1.10952,1.09778,1.1086,62866,0,25
2018-08-09T00:00:00Z,1.1086,1.11734,1.1067,1.11462,80515,0,34
2018-08-10T00:00:00Z,1.11466,1.11734,1.10476,1.10914,107472,0,17
2018-08-12T00:00:00Z,1.10583,1.10833,1.10513,1.10676,3798,0,44
2018-08-13T00:00:00Z,1.10676,1.10775,1.1031900000000001,1.10544,95005,0,40
2018-08-14T00:00:00Z,1.10544,1.10565,1.09843,1.10134,85489,0,27
2018-08-15T00:00:00Z,1.10134,1.10353,1.09901,1.1020699999999999,96161,0,27
2018-08-16T00:00:00Z,1.1020699999999999,1.10464,1.09891,1.10203,98367,0,32
2018-08-17T00:00:00Z,1.10203,1.10376,1.09976,1.10213,76567,0,18
2018-08-19T00:00:00Z,1.10156,1.10321,1.10115,1.1026799999999999,3598,0,41
2018-08-20T00:00:00Z,1.10269,1.10556,1.10166,1.1044,67902,0,23
2018-08-21T00:00:00Z,1.1044,1.10542,1.09926,1.0996299999999999,81898,0,18
2018-08-22T00:00:00Z,1.0996299999999999,1.09999,1.09384,1.09749,82373,0,40
2018-08-23T00:00:00Z,1.0976,1.09788,1.08941,1.09242,78073,0,17
2018-08-24T00:00:00Z,1.09239,1.09844,1.09065,1.09451,83681,0,26
2018-08-26T00:00:00Z,1.09542,1.09613,1.09476,1.09586,4358,0,42
2018-08-27T00:00:00Z,1.09586,1.09754,1.09411,1.09624,69619,0,23
2018-08-28T00:00:00Z,1.09622,1.09767,1.09116,1.09381,79217,0,22
2018-08-29T00:00:00Z,1.09381,1.09452,1.08702,1.08813,90040,0,19
2018-08-30T00:00:00Z,1.08821,1.09598,1.08803,1.0912,88062,0,30
2018-08-31T00:00:00Z,1.09119,1.09317,1.0852,1.08538,93503,0,13
2018-09-02T00:00:00Z,1.08572,1.08818,1.08347,1.08616,3196,0,41
2018-09-03T00:00:00Z,1.08616,1.0931,1.08566,1.09263,59065,0,25
2018-09-04T00:00:00Z,1.09263,1.09746,1.08968,1.09483,81874,0,19
2018-09-05T00:00:00Z,1.09483,1.10186,1.08984,1.09144,79020,0,20
2018-09-06T00:00:00Z,1.09155,1.09298,1.08808,1.09152,79966,0,40
2018-09-07T00:00:00Z,1.09173,1.09271,1.08619,1.08687,86945,0,40
2018-09-09T00:00:00Z,1.08654,1.08878,1.08647,1.08699,3297,0,60
2018-09-10T00:00:00Z,1.08698,1.0906,1.08684,1.09007,59844,0,23
2018-09-11T00:00:00Z,1.09008,1.09167,1.08758,1.09094,62228,0,31
2018-09-12T00:00:00Z,1.09094,1.09416,1.08914,1.0928,67810,0,21
2018-09-13T00:00:00Z,1.09284,1.09783,1.09227,1.09348,68482,0,21
2018-09-14T00:00:00Z,1.09348,1.0944099999999999,1.09125,1.09207,63114,0,29
2018-09-16T00:00:00Z,1.09143,1.09269,1.09094,1.09149,2803,0,40
2018-09-17T00:00:00Z,1.09149,1.09272,1.08949,1.08963,55514,0,20
2018-09-18T00:00:00Z,1.08963,1.09642,1.08756,1.09617,93263,0,40
2018-09-19T00:00:00Z,1.09625,1.10011,1.09568,1.09922,74634,0,19
2018-09-20T00:00:00Z,1.09922,1.09972,1.08904,1.09008,73518,0,40
2018-09-21T00:00:00Z,1.09016,1.09134,1.08821,1.08972,68827,0,25
2018-09-23T00:00:00Z,1.08847,1.08949,1.08793,1.08906,3260,0,48
2018-09-24T00:00:00Z,1.08906,1.09287,1.08801,1.09255,60470,0,27
2018-09-25T00:00:00Z,1.09255,1.09286,1.08883,1.09084,64641,0,30
2018-09-26T00:00:00Z,1.09084,1.0925,1.08566,1.08899,72799,0,29
2018-09-27T00:00:00Z,1.08901,1.09172,1.0873599999999999,1.08995,73571,0,21
2018-09-28T00:00:00Z,1.08993,1.09265,1.08851,1.09,58688,0,16
2018-09-30T00:00:00Z,1.09001,1.09182,1.0894,1.09067,3002,0,56
2018-10-01T00:00:00Z,1.09068,1.09481,1.08982,1.09464,58955,0,22
2018-10-02T00:00:00Z,1.09474,1.09501,1.08883,1.09121,65793,0,39
2018-10-03T00:00:00Z,1.09121,1.09288,1.08879,1.09032,73443,0,40
2018-10-04T00:00:00Z,1.09032,1.09314,1.0889199999999999,1.09215,74254,0,32
2018-10-05T00:00:00Z,1.09217,1.09507,1.09025,1.09501,71053,0,40
2018-10-07T00:00:00Z,1.09534,1.09595,1.09404,1.0946,3501,0,46
2018-10-08T00:00:00Z,1.09464,1.0974,1.09334,1.09711,63459,0,36
2018-10-09T00:00:00Z,1.09711,1.09918,1.09542,1.09654,68683,0,29
2018-10-10T00:00:00Z,1.0965799999999999,1.09882,1.09111,1.09183,74021,0,24
2018-10-11T00:00:00Z,1.09183,1.0949200000000001,1.08935,1.09029,120024,0,18
2018-10-12T00:00:00Z,1.09029,1.09516,1.09022,1.09263,80750,0,31
2018-10-14T00:00:00Z,1.09306,1.09406,1.09247,1.09362,3870,0,61
2018-10-15T00:00:00Z,1.09364,1.09388,1.08171,1.08247,79738,0,21
2018-10-16T00:00:00Z,1.0825,1.0865,1.08135,1.0844,76045,0,39
2018-10-17T00:00:00Z,1.0845,1.08576,1.0820400000000001,1.08536,85078,0,40
2018-10-18T00:00:00Z,1.08544,1.08984,1.08349,1.0855299999999999,93252,0,23
2018-10-19T00:00:00Z,1.08559,1.08719,1.07966,1.07989,93300,0,40
2018-10-21T00:00:00Z,1.07636,1.07904,1.07602,1.07872,3951,0,43
2018-10-22T00:00:00Z,1.07872,1.08192,1.07659,1.08006,82518,0,17
2018-10-23T00:00:00Z,1.08006,1.08141,1.0774,1.08109,104779,0,14
2018-10-24T00:00:00Z,1.08111,1.08412,1.08016,1.0823,101513,0,40
2018-10-25T00:00:00Z,1.08236,1.08685,1.08212,1.08446,106138,0,27
2018-10-26T00:00:00Z,1.08448,1.08778,1.08275,1.08583,125408,0,31
2018-10-28T00:00:00Z,1.08635,1.08809,1.08596,1.08757,3887,0,41
2018-10-29T00:00:00Z,1.08757,1.08809,1.08054,1.08185,85765,0,39
2018-10-30T00:00:00Z,1.08185,1.08449,1.08124,1.08252,90176,0,22
2018-10-31T00:00:00Z,1.08253,1.08568,1.0796999999999999,1.0849,90470,0,23
2018-11-01T00:00:00Z,1.0849,1.08759,1.08163,1.08396,104248,0,24
2018-11-02T00:00:00Z,1.08396,1.08579,1.08075,1.08233,110288,0,35
2018-11-04T00:00:00Z,1.08292,1.08352,1.08084,1.08238,4651,0,37
2018-11-05T00:00:00Z,1.08244,1.08348,1.08009,1.08181,81066,0,40
2018-11-06T00:00:00Z,1.08181,1.08491,1.07334,1.0738,88224,0,20
2018-11-07T00:00:00Z,1.07379,1.07635,1.06795,1.07199,121588,0,40
2018-11-08T00:00:00Z,1.07202,1.07565,1.07093,1.07395,99686,0,27
2018-11-09T00:00:00Z,1.07406,1.07647,1.07144,1.07148,98703,0,40
2018-11-11T00:00:00Z,1.07259,1.07391,1.07195,1.07272,4903,0,48
2018-11-12T00:00:00Z,1.07272,1.07386,1.0675,1.06866,89913,0,24
2018-11-13T00:00:00Z,1.06866,1.0697,1.06593,1.06676,108764,0,25
2018-11-14T00:00:00Z,1.06676,1.06896,1.06108,1.06427,117347,0,19
2018-11-15T00:00:00Z,1.0642800000000001,1.07107,1.0634,1.06513,124474,0,40
2018-11-16T00:00:00Z,1.06513,1.06724,1.06341,1.06524,85061,0,40
2018-11-18T00:00:00Z,1.06434,1.06636,1.06379,1.06502,5181,0,40
2018-11-19T00:00:00Z,1.06502,1.06941,1.06462,1.066,64565,0,24
2018-11-20T00:00:00Z,1.066,1.06671,1.05871,1.06162,90287,0,19
2018-11-21T00:00:00Z,1.06161,1.06469,1.05986,1.06329,77771,0,24
2018-11-22T00:00:00Z,1.06327,1.06603,1.06289,1.06439,56921,0,19
2018-11-23T00:00:00Z,1.06438,1.06762,1.0618,1.06579,62678,0,4
2018-11-25T00:00:00Z,1.0694,1.0697,1.0674,1.06888,3869,0,57
2018-11-26T00:00:00Z,1.06888,1.06908,1.06452,1.06566,63116,0,37
2018-11-27T00:00:00Z,1.06565,1.06898,1.06224,1.06363,82476,0,24
2018-11-28T00:00:00Z,1.06362,1.06544,1.06243,1.06365,80464,0,26
2018-11-29T00:00:00Z,1.06365,1.06819,1.06274,1.06648,89490,0,19
2018-11-30T00:00:00Z,1.06649,1.06702,1.0616,1.06247,80351,0,25
2018-12-02T00:00:00Z,1.06612,1.06681,1.06548,1.06605,5525,0,40
2018-12-03T00:00:00Z,1.06605,1.06703,1.06073,1.06199,73595,0,26
2018-12-04T00:00:00Z,1.06201,1.06218,1.0574,1.0584500000000001,99763,0,38
2018-12-05T00:00:00Z,1.0584500000000001,1.05941,1.05137,1.05392,70971,0,13
2018-12-06T00:00:00Z,1.05384,1.05418,1.04729,1.05081,119086,0,40
2018-12-07T00:00:00Z,1.05081,1.05246,1.04807,1.04895,91056,0,21
2018-12-09T00:00:00Z,1.04641,1.04929,1.04511,1.04809,5453,0,46
2018-12-10T00:00:00Z,1.04809,1.04976,1.04319,1.04693,91550,0,25
2018-12-11T00:00:00Z,1.04693,1.04953,1.04491,1.04752,87847,0,30
2018-12-12T00:00:00Z,1.04748,1.05533,1.0469,1.05264,87426,0,25
2018-12-13T00:00:00Z,1.0526200000000001,1.05482,1.0518,1.05313,76174,0,40
2018-12-14T00:00:00Z,1.0531,1.05856,1.05241,1.05579,72417,0,17
2018-12-16T00:00:00Z,1.05509,1.05682,1.05488,1.05636,4485,0,240
2018-12-17T00:00:00Z,1.05549,1.05733,1.05329,1.05435,71477,0,23
2018-12-18T00:00:00Z,1.05444,1.05502,1.04552,1.04825,82294,0,27
2018-12-19T00:00:00Z,1.04828,1.05118,1.04422,1.04967,64076,0,40
2018-12-20T00:00:00Z,1.04968,1.05531,1.04839,1.05015,69837,0,42
2018-12-21T00:00:00Z,1.05016,1.05361,1.04775,1.04937,60537,0,42
2018-12-23T00:00:00Z,1.04609,1.04996,1.04603,1.04935,2391,0,240
2018-12-24T00:00:00Z,1.04768,1.04997,1.04639,1.04865,42879,0,42
2018-12-25T00:00:00Z,1.04507,1.04776,1.04488,1.04641,4126,0,104
2018-12-26T00:00:00Z,1.04639,1.05081,1.04533,1.04968,32020,0,42
2018-12-27T00:00:00Z,1.04963,1.05157,1.04631,1.04928,65070,0,42
2018-12-28T00:00:00Z,1.04921,1.05244,1.04879,1.04938,52343,0,42
2018-12-30T00:00:00Z,1.0486,1.05052,1.04827,1.05011,2721,0,240
2018-12-31T00:00:00Z,1.04924,1.05251,1.04852,1.04887,50959,0,42
2019-01-01T00:00:00Z,1.04881,1.04981,1.04771,1.04979,5475,0,46
2019-01-02T00:00:00Z,1.0498,1.0508,1.01381,1.04291,76592,0,42
2019-01-03T00:00:00Z,1.04299,1.05064,1.04292,1.0474,80076,0,42
2019-01-04T00:00:00Z,1.04739,1.05662,1.04646,1.05641,67938,0,42
2019-01-06T00:00:00Z,1.05466,1.05741,1.05405,1.05631,6561,0,42
2019-01-07T00:00:00Z,1.05629,1.05836,1.05397,1.0577,56557,0,42
2019-01-08T00:00:00Z,1.05771,1.06371,1.05618,1.06241,63422,0,42
2019-01-09T00:00:00Z,1.0624,1.06284,1.05483,1.05649,62228,0,42
2019-01-10T00:00:00Z,1.0565,1.0599,1.0544,1.059,60622,0,42
2019-01-11T00:00:00Z,1.05901,1.06054,1.05416,1.05513,55465,0,42
2019-01-13T00:00:00Z,1.05586,1.05656,1.05531,1.0559,5034,0,46
2019-01-14T00:00:00Z,1.05589,1.05727,1.05373,1.05446,49068,0,42
2019-01-15T00:00:00Z,1.05451,1.05688,1.05343,1.05638,56393,0,42
2019-01-16T00:00:00Z,1.05639,1.0608,1.05459,1.05869,48134,0,42
2019-01-17T00:00:00Z,1.05868,1.06484,1.05763,1.06286,51370,0,42
2019-01-18T00:00:00Z,1.06282,1.06507,1.06143,1.06251,43819,0,42
2019-01-20T00:00:00Z,1.06214,1.06296,1.06173,1.06262,3262,0,42
2019-01-21T00:00:00Z,1.0626,1.06686,1.06219,1.06383,44322,0,42
2019-01-22T00:00:00Z,1.0639,1.06441,1.05414,1.05471,49543,0,42
2019-01-23T00:00:00Z,1.05476,1.0548,1.05006,1.05197,49754,0,42
2019-01-24T00:00:00Z,1.05195,1.05405,1.04644,1.04861,55574,0,42
2019-01-25T00:00:00Z,1.0486,1.05002,1.04735,1.04969,52018,0,42
2019-01-27T00:00:00Z,1.05008,1.05088,1.04934,1.04956,4959,0,42
2019-01-28T00:00:00Z,1.0495700000000001,1.05035,1.04725,1.04856,44760,0,42
2019-01-29T00:00:00Z,1.04854,1.04911,1.04487,1.04872,52534,0,42
2019-01-30T00:00:00Z,1.04873,1.05328,1.04764,1.05169,60419,0,42
2019-01-31T00:00:00Z,1.05167,1.05317,1.04874,1.05161,59361,0,42
2019-02-01T00:00:00Z,1.05162,1.05172,1.04695,1.0512299999999999,51687,0,42
2019-02-03T00:00:00Z,1.05053,1.05092,1.04996,1.05061,3942,0,42
2019-02-04T00:00:00Z,1.0506,1.05089,1.04815,1.04875,47539,0,42
2019-02-05T00:00:00Z,1.04874,1.05284,1.04546,1.04935,47292,0,42
2019-02-06T00:00:00Z,1.04936,1.05093,1.03975,1.04983,56277,0,42
2019-02-07T00:00:00Z,1.04984,1.05344,1.0483,1.05158,52928,0,42
2019-02-08T00:00:00Z,1.0516,1.05251,1.0469,1.05031,46415,0,42
2019-02-10T00:00:00Z,1.05063,1.0512299999999999,1.04936,1.05019,5050,0,42
2019-02-11T00:00:00Z,1.05016,1.05058,1.04809,1.0482,47205,0,42
2019-02-12T00:00:00Z,1.04818,1.0544,1.04817,1.05381,48823,0,42
2019-02-13T00:00:00Z,1.05386,1.05406,1.03953,1.04157,50474,0,42
2019-02-14T00:00:00Z,1.04156,1.04283,1.03675,1.0396,53520,0,42
2019-02-15T00:00:00Z,1.03962,1.04061,1.0368,1.03983,43571,0,42
2019-02-17T00:00:00Z,1.0404,1.04118,1.04014,1.04063,4892,0,42
2019-02-18T00:00:00Z,1.04064,1.04176,1.03792,1.04001,40246,0,42
2019-02-19T00:00:00Z,1.04,1.04282,1.03939,1.04202,48055,0,42
2019-02-20T00:00:00Z,1.042,1.04522,1.03982,1.04517,49974,0,42
2019-02-21T00:00:00Z,1.04518,1.04881,1.03953,1.04316,60286,0,42
2019-02-22T00:00:00Z,1.0432,1.04879,1.04089,1.04127,52310,0,42
2019-02-24T00:00:00Z,1.03934,1.04253,1.03919,1.0423,6578,0,42
2019-02-25T00:00:00Z,1.04231,1.04241,1.03907,1.04149,51114,0,42
2019-02-26T00:00:00Z,1.04152,1.04356,1.03879,1.04281,49515,0,42
2019-02-27T00:00:00Z,1.0428,1.04377,1.04097,1.04308,57702,0,42
2019-02-28T00:00:00Z,1.04321,1.0459,1.04102,1.04109,54919,0,42
2019-03-01T00:00:00Z,1.04111,1.04233,1.03932,1.0413000000000001,46109,0,42
2019-03-03T00:00:00Z,1.0405,1.04154,1.03942,1.04054,7546,0,42
2019-03-04T00:00:00Z,1.04057,1.04214,1.03812,1.03911,46794,0,42
2019-03-05T00:00:00Z,1.03913,1.04353,1.03813,1.04201,45636,0,42
2019-03-06T00:00:00Z,1.042,1.04258,1.03571,1.03856,46495,0,42
2019-03-07T00:00:00Z,1.03858,1.03961,1.03682,1.03804,44886,0,42
2019-03-08T00:00:00Z,1.03805,1.03849,1.03413,1.03503,43982,0,42
2019-03-10T00:00:00Z,1.03465,1.03502,1.03398,1.03434,3798,0,42
2019-03-11T00:00:00Z,1.03433,1.03575,1.03302,1.0346,39605,0,42
2019-03-12T00:00:00Z,1.03458,1.03476,1.02926,1.03046,40496,0,42
2019-03-13T00:00:00Z,1.03045,1.0348,1.03012,1.03325,39481,0,42
2019-03-14T00:00:00Z,1.03324,1.03585,1.0319,1.03373,44129,0,42
2019-03-15T00:00:00Z,1.03376,1.03554,1.03345,1.03474,34911,0,42
2019-03-17T00:00:00Z,1.03458,1.03494,1.03419,1.0349,3708,0,42
2019-03-18T00:00:00Z,1.0348600000000001,1.03721,1.03388,1.03697,38062,0,42
2019-03-19T00:00:00Z,1.03696,1.03726,1.0335,1.0340799999999999,41968,0,42
2019-03-20T00:00:00Z,1.03406,1.03657,1.02978,1.03095,48825,0,42
2019-03-21T00:00:00Z,1.03093,1.03435,1.03028,1.03248,56948,0,42
2019-03-22T00:00:00Z,1.03247,1.03279,1.02883,1.02923,54196,0,42
2019-03-24T00:00:00Z,1.0288,1.02965,1.02822,1.02947,2989,0,42
2019-03-25T00:00:00Z,1.02949,1.03135,1.02741,1.02931,49547,0,42
2019-03-26T00:00:00Z,1.0293,1.03369,1.02838,1.03298,48537,0,42
2019-03-27T00:00:00Z,1.03297,1.04508,1.03041,1.04198,56019,0,42
2019-03-28T00:00:00Z,1.04247,1.04468,1.04003,1.04414,54898,0,42
2019-03-29T00:00:00Z,1.04413,1.04499,1.04004,1.04269,44469,0,42
2019-03-31T00:00:00Z,1.04288,1.04377,1.04201,1.04218,6731,0,42
2019-04-01T00:00:00Z,1.04216,1.04818,1.04205,1.04688,43601,0,42
2019-04-02T00:00:00Z,1.0469,1.04938,1.04318,1.04522,47659,0,42
2019-04-03T00:00:00Z,1.04523,1.04966,1.04476,1.04823,45657,0,42
2019-04-04T00:00:00Z,1.04822,1.05386,1.04738,1.052,40771,0,42
2019-04-05T00:00:00Z,1.0520100000000001,1.05733,1.05178,1.05515,36717,0,42
2019-04-07T00:00:00Z,1.05444,1.0556,1.05402,1.05472,5531,0,42
2019-04-08T00:00:00Z,1.05471,1.05712,1.05314,1.0566,41025,0,42
2019-04-09T00:00:00Z,1.05661,1.05949,1.05511,1.05555,41772,0,42
2019-04-10T00:00:00Z,1.05556,1.06046,1.05409,1.05874,49096,0,42
2019-04-11T00:00:00Z,1.05871,1.06097,1.0579,1.05898,44965,0,42
2019-04-12T00:00:00Z,1.05899,1.06233,1.05791,1.06054,44515,0,42
2019-04-14T00:00:00Z,1.06133,1.06134,1.0592,1.05943,6425,0,42
2019-04-15T00:00:00Z,1.05942,1.06206,1.05803,1.05994,39979,0,42
2019-04-16T00:00:00Z,1.05993,1.07297,1.05698,1.06772,46990,0,42
2019-04-17T00:00:00Z,1.06771,1.07051,1.06561,1.06643,47416,0,42
2019-04-18T00:00:00Z,1.06642,1.07132,1.0661,1.06858,43407,0,42
2019-04-19T00:00:00Z,1.06856,1.06991,1.06824,1.06878,22985,0,42
2019-04-21T00:00:00Z,1.06905,1.06987,1.0687,1.06898,4301,0,42
2019-04-22T00:00:00Z,1.069,1.0697,1.06728,1.06753,24805,0,42
2019-04-23T00:00:00Z,1.06748,1.06836,1.06623,1.06638,36848,0,42
2019-04-24T00:00:00Z,1.06641,1.06691,1.06158,1.06329,46508,0,42
2019-04-25T00:00:00Z,1.06328,1.06411,1.05651,1.05785,40089,0,42
2019-04-26T00:00:00Z,1.0578400000000001,1.05824,1.05575,1.05716,39410,0,42
2019-04-28T00:00:00Z,1.05612,1.05763,1.05592,1.05635,3933,0,42
2019-04-29T00:00:00Z,1.05638,1.05873,1.05542,1.05752,29986,0,42
2019-04-30T00:00:00Z,1.05755,1.06137,1.05438,1.05956,42597,0,42
2019-05-01T00:00:00Z,1.05957,1.06064,1.05731,1.05815,35343,0,42
2019-05-02T00:00:00Z,1.05814,1.05942,1.05707,1.05711,39253,0,42
2019-05-03T00:00:00Z,1.05715,1.0578,1.05497,1.0569,36498,0,42
2019-05-05T00:00:00Z,1.05361,1.05631,1.05337,1.05534,12634,0,42
2019-05-06T00:00:00Z,1.05537,1.05922,1.0542,1.05804,43937,0,42
2019-05-07T00:00:00Z,1.05805,1.06417,1.0577,1.06233,47012,0,42
2019-05-08T00:00:00Z,1.06234,1.07232,1.06147,1.06179,46844,0,42
2019-05-09T00:00:00Z,1.06178,1.0621,1.0585,1.06076,48266,0,42
2019-05-10T00:00:00Z,1.06078,1.06158,1.05948,1.06043,50356,0,42
2019-05-12T00:00:00Z,1.05984,1.06062,1.05848,1.05961,6636,0,42
2019-05-13T00:00:00Z,1.05963,1.06051,1.05627,1.05639,43745,0,42
2019-05-14T00:00:00Z,1.0564,1.05696,1.05443,1.05569,39468,0,42
2019-05-15T00:00:00Z,1.0557,1.05666,1.05401,1.05525,43994,0,42
2019-05-16T00:00:00Z,1.05524,1.05614,1.05197,1.05451,41664,0,42
2019-05-17T00:00:00Z,1.0545,1.05498,1.05213,1.05371,40158,0,42
2019-05-19T00:00:00Z,1.05685,1.0575,1.05554,1.05716,7018,0,42
2019-05-20T00:00:00Z,1.05719,1.05923,1.05655,1.05816,40834,0,42
2019-05-21T00:00:00Z,1.05818,1.05852,1.05547,1.05775,41700,0,42
2019-05-22T00:00:00Z,1.05773,1.05966,1.0572300000000001,1.05871,38645,0,42
2019-05-23T00:00:00Z,1.0587,1.05943,1.05684,1.05758,45610,0,42
2019-05-24T00:00:00Z,1.0576,1.05847,1.05506,1.05722,39348,0,42
2019-05-26T00:00:00Z,1.05755,1.05772,1.05656,1.05693,5350,0,42
2019-05-27T00:00:00Z,1.05698,1.05791,1.0562,1.05689,30428,0,42
2019-05-28T00:00:00Z,1.05687,1.05859,1.05552,1.05795,42308,0,42
2019-05-29T00:00:00Z,1.05796,1.06281,1.05709,1.06181,43870,0,42
2019-05-30T00:00:00Z,1.06185,1.06297,1.06089,1.06156,39473,0,42
2019-05-31T00:00:00Z,1.06155,1.0629,1.05986,1.06057,50758,0,42
2019-06-02T00:00:00Z,1.06144,1.06239,1.0602,1.06034,7447,0,42
2019-06-03T00:00:00Z,1.06033,1.06147,1.0568,1.05732,53313,0,42
2019-06-04T00:00:00Z,1.05733,1.06061,1.05688,1.05759,58282,0,42
2019-06-05T00:00:00Z,1.0576,1.05762,1.04979,1.05162,56809,0,42
2019-06-06T00:00:00Z,1.05163,1.05402,1.05082,1.05362,56161,0,42
2019-06-07T00:00:00Z,1.05357,1.0543,1.04997,1.05031,46548,0,42
2019-06-09T00:00:00Z,1.05134,1.05216,1.0506199999999999,1.05086,5757,0,42
2019-06-10T00:00:00Z,1.05085,1.05341,1.04973,1.05279,47914,0,42
2019-06-11T00:00:00Z,1.05285,1.05786,1.05233,1.05708,52655,0,42
2019-06-12T00:00:00Z,1.05709,1.05795,1.05349,1.05357,52805,0,42
2019-06-13T00:00:00Z,1.05358,1.0542,1.05041,1.05364,48784,0,42
2019-06-14T00:00:00Z,1.05362,1.05872,1.05335,1.05869,42529,0,42
2019-06-16T00:00:00Z,1.05722,1.05873,1.05612,1.05834,6073,0,42
2019-06-17T00:00:00Z,1.05833,1.05841,1.05363,1.05448,37420,0,42
2019-06-18T00:00:00Z,1.05447,1.05492,1.05051,1.05261,48285,0,42
2019-06-19T00:00:00Z,1.0526200000000001,1.0535,1.04936,1.05039,50421,0,42
2019-06-20T00:00:00Z,1.05041,1.05235,1.04775,1.05138,58420,0,42
2019-06-21T00:00:00Z,1.05136,1.05358,1.04964,1.05131,51941,0,42
2019-06-23T00:00:00Z,1.05083,1.05266,1.0508,1.05261,6599,0,42
2019-06-24T00:00:00Z,1.05259,1.05484,1.05071,1.05145,43896,0,42
2019-06-25T00:00:00Z,1.05149,1.05161,1.04606,1.04916,56896,0,42
2019-06-26T00:00:00Z,1.04915,1.05303,1.04401,1.0456,49929,0,42
2019-06-27T00:00:00Z,1.04561,1.04761,1.04428,1.04504,48195,0,42
2019-06-28T00:00:00Z,1.04505,1.04659,1.04349,1.04497,40348,0,42
2019-06-30T00:00:00Z,1.04466,1.04633,1.04446,1.04452,8590,0,42
2019-07-01T00:00:00Z,1.04451,1.04486,1.04255,1.04381,47606,0,42
2019-07-02T00:00:00Z,1.04382,1.04989,1.0429,1.04718,45950,0,42
2019-07-03T00:00:00Z,1.04717,1.04961,1.04573,1.048,44309,0,42
2019-07-04T00:00:00Z,1.04798,1.05105,1.04789,1.04969,27610,0,42
2019-07-05T00:00:00Z,1.04968,1.05428,1.04944,1.05343,38124,0,42
2019-07-07T00:00:00Z,1.05219,1.05367,1.05208,1.05275,3611,0,42
2019-07-08T00:00:00Z,1.05278,1.05287,1.05071,1.05195,35698,0,42
2019-07-09T00:00:00Z,1.05196,1.0520100000000001,1.04771,1.04899,38708,0,42
2019-07-10T00:00:00Z,1.049,1.05335,1.04582,1.04709,45456,0,42
2019-07-11T00:00:00Z,1.04712,1.04723,1.04434,1.04638,46373,0,42
2019-07-12T00:00:00Z,1.0464,1.04907,1.04587,1.04852,40261,0,42
2019-07-14T00:00:00Z,1.04846,1.04931,1.04799,1.04814,4613,0,42
2019-07-15T00:00:00Z,1.04815,1.04849,1.04447,1.04686,37788,0,42
2019-07-16T00:00:00Z,1.04687,1.04822,1.04419,1.04666,43717,0,42
2019-07-17T00:00:00Z,1.04667,1.04669,1.04054,1.04093,42263,0,42
2019-07-18T00:00:00Z,1.04094,1.04442,1.03995,1.0428,49831,0,42
2019-07-19T00:00:00Z,1.0428,1.04298,1.03994,1.04171,43125,0,42
2019-07-21T00:00:00Z,1.03998,1.04213,1.03998,1.04166,3768,0,42
2019-07-22T00:00:00Z,1.04165,1.0434,1.03842,1.04291,36646,0,42
2019-07-23T00:00:00Z,1.04294,1.04531,1.04186,1.04424,36980,0,42
2019-07-24T00:00:00Z,1.04427,1.04429,1.03933,1.04123,35159,0,42
2019-07-25T00:00:00Z,1.04124,1.0437400000000001,1.03967,1.04362,43111,0,42
2019-07-26T00:00:00Z,1.04363,1.04386,1.04103,1.04116,32452,0,42
2019-07-28T00:00:00Z,1.0407,1.04143,1.04019,1.04046,2980,0,42
2019-07-29T00:00:00Z,1.04045,1.04335,1.04023,1.0404,28169,0,42
2019-07-30T00:00:00Z,1.04041,1.04163,1.0387,1.0388,35054,0,42
2019-07-31T00:00:00Z,1.0388,1.04553,1.03846,1.04464,49307,0,42
2019-08-01T00:00:00Z,1.04465,1.04528,1.03602,1.03782,63139,0,42
2019-08-02T00:00:00Z,1.03782,1.04181,1.03763,1.04012,53463,0,42
2019-08-04T00:00:00Z,1.04005,1.04151,1.03931,1.04112,5760,0,42
2019-08-05T00:00:00Z,1.04112,1.04267,1.0262,1.03112,59793,0,42
2019-08-06T00:00:00Z,1.0311,1.03932,1.03103,1.03524,45041,0,42
2019-08-07T00:00:00Z,1.03522,1.04946,1.03358,1.04759,55891,0,42
2019-08-08T00:00:00Z,1.04761,1.05196,1.04586,1.0500099999999999,44276,0,42
2019-08-09T00:00:00Z,1.0500099999999999,1.05083,1.04804,1.04933,35383,0,42
2019-08-11T00:00:00Z,1.04851,1.0495,1.04766,1.04874,5120,0,42
2019-08-12T00:00:00Z,1.04875,1.0513,1.04521,1.0476,41621,0,42
2019-08-13T00:00:00Z,1.04763,1.05429,1.04709,1.05177,51335,0,42
2019-08-14T00:00:00Z,1.05177,1.05261,1.04766,1.04877,53209,0,42
2019-08-15T00:00:00Z,1.04881,1.05347,1.04835,1.05235,56100,0,42
2019-08-16T00:00:00Z,1.05236,1.05551,1.05219,1.05462,43489,0,42
2019-08-18T00:00:00Z,1.05362,1.05595,1.0518,1.05579,6680,0,42
2019-08-19T00:00:00Z,1.05579,1.05675,1.0538,1.05466,37273,0,42
2019-08-20T00:00:00Z,1.05466,1.0581,1.05404,1.05671,39509,0,42
2019-08-21T00:00:00Z,1.05671,1.06,1.05662,1.05916,33844,0,42
2019-08-22T00:00:00Z,1.05915,1.06147,1.05667,1.05714,40553,0,42
2019-08-23T00:00:00Z,1.05715,1.05984,1.05463,1.0557,43685,0,42
2019-08-25T00:00:00Z,1.05408,1.05572,1.0538,1.05418,14261,0,42
2019-08-26T00:00:00Z,1.05419,1.06115,1.053,1.06,56195,0,42
2019-08-27T00:00:00Z,1.06,1.06202,1.0592,1.06123,42004,0,42
2019-08-28T00:00:00Z,1.06121,1.06479,1.0602800000000001,1.06343,44346,0,42
2019-08-29T00:00:00Z,1.06345,1.0669,1.06267,1.06614,46522,0,42
2019-08-30T00:00:00Z,1.06615,1.06916,1.06537,1.06759,39581,0,42
2019-09-01T00:00:00Z,1.06599,1.06827,1.06577,1.06746,12218,0,42
2019-09-02T00:00:00Z,1.06746,1.06845,1.06383,1.06448,34191,0,42
2019-09-03T00:00:00Z,1.06449,1.07074,1.06435,1.06697,44936,0,42
2019-09-04T00:00:00Z,1.06696,1.07047,1.0668,1.0692,41711,0,42
2019-09-05T00:00:00Z,1.06921,1.07064,1.0663,1.06902,44984,0,42
2019-09-06T00:00:00Z,1.06896,1.06945,1.06309,1.06548,40813,0,42
2019-09-08T00:00:00Z,1.06471,1.06624,1.06454,1.06518,7939,0,42
2019-09-09T00:00:00Z,1.06517,1.06919,1.06302,1.06766,35467,0,42
2019-09-10T00:00:00Z,1.06768,1.06932,1.0643,1.06897,36808,0,42
2019-09-11T00:00:00Z,1.06897,1.07049,1.06797,1.07043,34335,0,42
2019-09-12T00:00:00Z,1.07041,1.07234,1.06749,1.07189,42314,0,42
2019-09-13T00:00:00Z,1.07189,1.07948,1.07167,1.07908,29055,0,42
2019-09-15T00:00:00Z,1.07623,1.07917,1.07555,1.0771,7938,0,42
2019-09-16T00:00:00Z,1.0771,1.08272,1.07581,1.08181,35291,0,42
2019-09-17T00:00:00Z,1.08181,1.08262,1.07867,1.07923,38621,0,42
2019-09-18T00:00:00Z,1.07922,1.08137,1.07812,1.07979,38998,0,42
2019-09-19T00:00:00Z,1.07979,1.08109,1.07469,1.07895,42118,0,42
2019-09-20T00:00:00Z,1.07895,1.08382,1.07767,1.08018,36358,0,42
2019-09-22T00:00:00Z,1.07972,1.08077,1.07911,1.07995,6685,0,42
2019-09-23T00:00:00Z,1.07994,1.0818,1.07537,1.07558,34628,0,42
2019-09-24T00:00:00Z,1.07558,1.07915,1.07378,1.07611,40343,0,42
2019-09-25T00:00:00Z,1.07611,1.07678,1.07013,1.07656,40965,0,42
2019-09-26T00:00:00Z,1.07658,1.07692,1.07053,1.07217,40476,0,42
2019-09-27T00:00:00Z,1.07217,1.07537,1.07178,1.07453,39165,0,42
2019-09-29T00:00:00Z,1.07403,1.07574,1.07385,1.07522,5694,0,42
2019-09-30T00:00:00Z,1.07518,1.07963,1.07501,1.07789,38475,0,42
2019-10-01T00:00:00Z,1.07789,1.08029,1.07254,1.07423,48873,0,42
2019-10-02T00:00:00Z,1.07427,1.07491,1.06871,1.07029,43412,0,42
2019-10-03T00:00:00Z,1.07029,1.0724,1.06739,1.06981,41769,0,42
2019-10-04T00:00:00Z,1.06984,1.07226,1.06735,1.07168,37455,0,42
2019-10-06T00:00:00Z,1.07065,1.07177,1.06988,1.07065,9486,0,42
2019-10-07T00:00:00Z,1.07067,1.07192,1.0683,1.06993,38962,0,42
2019-10-08T00:00:00Z,1.06994,1.07019,1.06636,1.06829,38447,0,42
2019-10-09T00:00:00Z,1.06829,1.0697,1.06654,1.06857,40098,0,42
2019-10-10T00:00:00Z,1.06857,1.0704,1.06675,1.06893,45703,0,42
2019-10-11T00:00:00Z,1.06893,1.07315,1.0688900000000001,1.07195,45000,0,42
2019-10-13T00:00:00Z,1.07109,1.07391,1.07109,1.07391,6218,0,42
2019-10-14T00:00:00Z,1.07391,1.07615,1.07256,1.07457,39992,0,42
2019-10-15T00:00:00Z,1.07457,1.07789,1.06847,1.07258,43629,0,42
2019-10-16T00:00:00Z,1.07258,1.07758,1.07139,1.07446,43018,0,42
2019-10-17T00:00:00Z,1.07446,1.07916,1.07306,1.07389,43970,0,42
2019-10-18T00:00:00Z,1.07389,1.07491,1.07147,1.07312,32191,0,42
2019-10-20T00:00:00Z,1.0733,1.07441,1.07183,1.0725500000000001,8784,0,42
2019-10-21T00:00:00Z,1.07258,1.07464,1.07095,1.07132,35538,0,42
2019-10-22T00:00:00Z,1.07132,1.07136,1.06806,1.06981,37222,0,42
2019-10-23T00:00:00Z,1.06985,1.07035,1.06599,1.06666,33924,0,42
2019-10-24T00:00:00Z,1.06666,1.06934,1.06633,1.06861,37766,0,42
2019-10-25T00:00:00Z,1.06862,1.07415,1.0684,1.07406,29048,0,42
2019-10-27T00:00:00Z,1.07274,1.07401,1.0708,1.07292,5462,0,42
2019-10-28T00:00:00Z,1.07294,1.07847,1.07286,1.07624,28930,0,42
2019-10-29T00:00:00Z,1.07624,1.0803,1.07422,1.07926,34348,0,42
2019-10-30T00:00:00Z,1.07926,1.08229,1.07539,1.07629,45257,0,35
2019-10-31T00:00:00Z,1.07628,1.07858,1.0734,1.07451,45252,0,35
2019-11-01T00:00:00Z,1.0745,1.07553,1.07142,1.07545,35923,0,35
2019-11-03T00:00:00Z,1.07453,1.0749900000000001,1.0737700000000001,1.07449,3522,0,35
2019-11-04T00:00:00Z,1.07451,1.07681,1.07064,1.07595,34599,0,35
2019-11-05T00:00:00Z,1.07597,1.08165,1.07454,1.08097,43535,0,35
2019-11-06T00:00:00Z,1.08097,1.0826500000000001,1.07966,1.08023,34212,0,35
2019-11-07T00:00:00Z,1.08026,1.0864,1.08024,1.08209,43099,0,35
2019-11-08T00:00:00Z,1.08211,1.08485,1.08029,1.08355,34346,0,35
2019-11-10T00:00:00Z,1.08161,1.08365,1.08139,1.083,2615,0,35
2019-11-11T00:00:00Z,1.08298,1.08302,1.07585,1.0761,26378,0,35
2019-11-12T00:00:00Z,1.07614,1.08198,1.07561,1.07957,38508,0,35
2019-11-13T00:00:00Z,1.07958,1.07962,1.06499,1.06609,39127,0,35
2019-11-14T00:00:00Z,1.06608,1.06653,1.06044,1.0635,42189,0,35
2019-11-15T00:00:00Z,1.0635,1.06536,1.06235,1.06505,34409,0,35
2019-11-17T00:00:00Z,1.06276,1.0648900000000001,1.06276,1.06464,3196,0,35
2019-11-18T00:00:00Z,1.06464,1.06555,1.06169,1.06382,33214,0,35
2019-11-19T00:00:00Z,1.06383,1.06441,1.06083,1.06094,29727,0,35
2019-11-20T00:00:00Z,1.06094,1.0623,1.05893,1.06044,32305,0,35
2019-11-21T00:00:00Z,1.06044,1.06114,1.05788,1.05973,35969,0,35
2019-11-22T00:00:00Z,1.05972,1.06031,1.05716,1.05939,30652,0,35
2019-11-24T00:00:00Z,1.05899,1.0599,1.05835,1.05953,3070,0,35
2019-11-25T00:00:00Z,1.05954,1.05957,1.05422,1.05632,31553,0,35
2019-11-26T00:00:00Z,1.05632,1.05869,1.05505,1.05593,33277,0,35
2019-11-27T00:00:00Z,1.05593,1.05681,1.05394,1.05521,29619,0,35
2019-11-28T00:00:00Z,1.05444,1.05537,1.0522,1.05408,23607,0,35
2019-11-29T00:00:00Z,1.05414,1.05496,1.0522,1.05243,27108,0,35
2019-12-01T00:00:00Z,1.05145,1.05243,1.05116,1.05169,4285,0,35
2019-12-02T00:00:00Z,1.05168,1.05168,1.04715,1.04916,36657,0,35
2019-12-03T00:00:00Z,1.04916,1.05168,1.04782,1.0507,37380,0,35
2019-12-04T00:00:00Z,1.0507,1.0507,1.0452,1.04578,37165,0,35
2019-12-05T00:00:00Z,1.04578,1.04726,1.04232,1.04404,31947,0,35
2019-12-06T00:00:00Z,1.04405,1.04479,1.0405,1.04151,31570,0,35
2019-12-08T00:00:00Z,1.04156,1.0423499999999999,1.04085,1.04212,3111,0,35
2019-12-09T00:00:00Z,1.04213,1.043,1.04043,1.04221,28173,0,35
2019-12-10T00:00:00Z,1.04223,1.04226,1.03964,1.04072,35346,0,35
2019-12-11T00:00:00Z,1.04073,1.04548,1.03874,1.04382,36703,0,35
2019-12-12T00:00:00Z,1.04382,1.04859,1.04332,1.0462,46029,0,35
2019-12-13T00:00:00Z,1.0462,1.04735,1.04186,1.04289,50414,0,35
2019-12-15T00:00:00Z,1.0416,1.04314,1.04111,1.04276,7431,0,35
2019-12-16T00:00:00Z,1.04276,1.04425,1.04104,1.0426,33603,0,35
2019-12-17T00:00:00Z,1.04218,1.04304,1.04002,1.04284,37581,0,35
2019-12-18T00:00:00Z,1.04286,1.04394,1.03658,1.04115,33191,0,35
2019-12-19T00:00:00Z,1.04111,1.04507,1.04108,1.04206,33967,0,35
2019-12-20T00:00:00Z,1.04205,1.04625,1.04203,1.04488,30126,0,35
2019-12-22T00:00:00Z,1.04464,1.04528,1.04427,1.04494,4023,0,35
2019-12-23T00:00:00Z,1.04495,1.04642,1.04216,1.04387,33466,0,35
2019-12-24T00:00:00Z,1.04391,1.04489,1.0413000000000001,1.04249,29615,0,35
2019-12-25T00:00:00Z,1.04215,1.04287,1.04171,1.04221,1763,0,35
2019-12-26T00:00:00Z,1.04221,1.04246,1.04015,1.04082,15244,0,35
2019-12-27T00:00:00Z,1.04083,1.0421,1.03989,1.04176,33199,0,35
2019-12-29T00:00:00Z,1.04136,1.04216,1.04048,1.04135,3945,0,35
2019-12-30T00:00:00Z,1.04134,1.0417399999999999,1.03909,1.03969,35973,0,35
2019-12-31T00:00:00Z,1.03969,1.0429599999999999,1.0392,1.04211,29518,0,35
2020-01-01T00:00:00Z,1.04249,1.04282,1.04034,1.04178,3432,0,35
2020-01-02T00:00:00Z,1.04178,1.04476,1.04106,1.04238,35947,0,35
2020-01-03T00:00:00Z,1.04238,1.0445,1.04137,1.04232,37513,0,35
2020-01-05T00:00:00Z,1.04158,1.04338,1.04142,1.04334,7154,0,35
2020-01-06T00:00:00Z,1.04333,1.04394,1.03901,1.04012,38319,0,35
2020-01-07T00:00:00Z,1.04011,1.04087,1.03311,1.03431,39483,0,35
2020-01-08T00:00:00Z,1.03433,1.03598,1.03144,1.03309,50498,0,35
2020-01-09T00:00:00Z,1.03309,1.03844,1.03255,1.03715,34226,0,35
2020-01-10T00:00:00Z,1.03715,1.04064,1.03705,1.03979,33398,0,35
2020-01-12T00:00:00Z,1.03787,1.04021,1.03771,1.03945,3566,0,35
2020-01-13T00:00:00Z,1.03943,1.04223,1.03942,1.041,35316,0,35
2020-01-14T00:00:00Z,1.041,1.04449,1.0398,1.04344,35871,0,35
2020-01-15T00:00:00Z,1.04345,1.04575,1.04114,1.04339,33507,0,35
2020-01-16T00:00:00Z,1.04339,1.04348,1.0382,1.03922,34952,0,35
2020-01-17T00:00:00Z,1.03921,1.04146,1.03718,1.03934,30555,0,35
2020-01-19T00:00:00Z,1.03804,1.04019,1.03804,1.03956,4254,0,35
2020-01-20T00:00:00Z,1.03956,1.04069,1.03845,1.04054,23405,0,35
2020-01-21T00:00:00Z,1.04053,1.04069,1.03677,1.03807,36727,0,35
2020-01-22T00:00:00Z,1.03809,1.03833,1.03629,1.03723,33160,0,35
2020-01-23T00:00:00Z,1.03723,1.0429,1.03348,1.03459,39705,0,35
2020-01-24T00:00:00Z,1.03461,1.03509,1.03173,1.03257,32207,0,35
2020-01-26T00:00:00Z,1.03398,1.03492,1.03252,1.03455,8610,0,35
2020-01-27T00:00:00Z,1.03454,1.03554,1.03067,1.03299,38927,0,35
2020-01-28T00:00:00Z,1.03299,1.03492,1.03193,1.03416,37266,0,35
2020-01-29T00:00:00Z,1.03416,1.03684,1.03294,1.03443,34315,0,35
2020-01-30T00:00:00Z,1.03442,1.03555,1.03289,1.03413,39928,0,35
2020-01-31T00:00:00Z,1.03411,1.03648,1.03394,1.03426,38622,0,35
2020-02-02T00:00:00Z,1.03314,1.03661,1.03309,1.03616,5730,0,35
2020-02-03T00:00:00Z,1.03612,1.0371,1.03407,1.03543,39416,0,35
2020-02-04T00:00:00Z,1.03541,1.04104,1.03494,1.03672,39259,0,35
2020-02-05T00:00:00Z,1.03672,1.04417,1.03672,1.04154,38035,0,35
2020-02-06T00:00:00Z,1.04154,1.04459,1.0407,1.04187,34214,0,35
2020-02-07T00:00:00Z,1.04187,1.04339,1.03925,1.04255,35023,0,35
2020-02-09T00:00:00Z,1.04115,1.04287,1.04108,1.04237,6615,0,35
2020-02-10T00:00:00Z,1.04237,1.04755,1.04212,1.04705,36002,0,35
2020-02-11T00:00:00Z,1.04705,1.05037,1.04684,1.04869,32631,0,35
2020-02-12T00:00:00Z,1.04869,1.04886,1.03967,1.04134,35655,0,35
2020-02-13T00:00:00Z,1.04134,1.04453,1.04086,1.04298,35041,0,35
2020-02-14T00:00:00Z,1.04304,1.04536,1.04285,1.04327,24835,0,35
2020-02-16T00:00:00Z,1.04207,1.04383,1.04192,1.04328,3634,0,35
2020-02-17T00:00:00Z,1.04328,1.04648,1.0419,1.04212,22260,0,35
2020-02-18T00:00:00Z,1.04214,1.04754,1.04134,1.0468,33350,0,35
2020-02-19T00:00:00Z,1.0468,1.04779,1.04446,1.04557,33366,0,35
2020-02-20T00:00:00Z,1.04554,1.04673,1.04277,1.04393,45155,0,35
2020-02-21T00:00:00Z,1.04394,1.04654,1.04272,1.0429599999999999,38982,0,35
2020-02-23T00:00:00Z,1.04304,1.0451,1.04284,1.04475,7412,0,35
2020-02-24T00:00:00Z,1.04475,1.04585,1.04069,1.04215,46895,0,35
2020-02-25T00:00:00Z,1.04216,1.04493,1.04111,1.04475,47449,0,35
2020-02-26T00:00:00Z,1.04475,1.04549,1.03965,1.04109,47951,0,35
2020-02-27T00:00:00Z,1.04108,1.0432,1.03846,1.04258,57011,0,35
2020-02-28T00:00:00Z,1.0426,1.04617,1.03879,1.04149,77673,0,35
2020-03-01T00:00:00Z,1.04292,1.04688,1.04229,1.04568,6152,0,35
2020-03-02T00:00:00Z,1.04568,1.04841,1.0421,1.0449,63353,0,35
2020-03-03T00:00:00Z,1.0449,1.05089,1.04069,1.04976,62465,0,35
2020-03-04T00:00:00Z,1.04976,1.05308,1.04886,1.0519,45280,0,35
2020-03-05T00:00:00Z,1.05191,1.05278,1.04635,1.04782,41623,0,35
2020-03-06T00:00:00Z,1.04782,1.0482,1.04228,1.04481,54726,0,35
2020-03-08T00:00:00Z,1.04583,1.04726,1.04363,1.04504,6671,0,35
2020-03-09T00:00:00Z,1.04504,1.05094,1.0362,1.0409,76947,0,35
2020-03-10T00:00:00Z,1.04093,1.04287,1.03281,1.03666,68511,0,35
2020-03-11T00:00:00Z,1.03662,1.03718,1.0302,1.03389,58594,0,35
2020-03-12T00:00:00Z,1.0339,1.03444,1.02053,1.02598,84399,0,35
2020-03-13T00:00:00Z,1.02597,1.02836,1.01554,1.01807,81584,0,35
2020-03-15T00:00:00Z,1.03118,1.03189,1.01737,1.02054,12012,0,45
2020-03-16T00:00:00Z,1.02036,1.02291,1.00196,1.00973,84343,0,35
2020-03-17T00:00:00Z,1.0097,1.01247,1.00323,1.00713,73932,0,35
2020-03-18T00:00:00Z,1.00718,1.01575,0.99926,1.01342,90628,0,35
2020-03-19T00:00:00Z,1.01318,1.0187599999999999,1.00139,1.01006,90963,0,35
2020-03-20T00:00:00Z,1.01005,1.02199,1.00935,1.01637,64557,0,35
2020-03-22T00:00:00Z,1.02291,1.02529,1.01715,1.0222,12236,0,35
2020-03-23T00:00:00Z,1.02228,1.0243,1.01349,1.02338,107434,0,35
2020-03-24T00:00:00Z,1.02342,1.02679,1.0186,1.02468,86699,0,35
2020-03-25T00:00:00Z,1.02467,1.02995,1.01608,1.01646,86844,0,35
2020-03-26T00:00:00Z,1.01635,1.02204,1.01195,1.01689,78008,0,35
2020-03-27T00:00:00Z,1.01699,1.02484,1.01575,1.01987,76118,0,35
2020-03-29T00:00:00Z,1.01809,1.02066,1.01712,1.02025,9641,0,41
2020-03-30T00:00:00Z,1.02026,1.02773,1.01788,1.02556,79863,0,35
2020-03-31T00:00:00Z,1.02556,1.03337,1.01983,1.03138,81136,0,35
2020-04-01T00:00:00Z,1.03138,1.03484,1.02424,1.02589,64478,0,35
2020-04-02T00:00:00Z,1.02591,1.0268,1.02051,1.02513,64595,0,35
2020-04-03T00:00:00Z,1.02513,1.02735,1.02239,1.02261,58161,0,35
2020-04-05T00:00:00Z,1.02232,1.02503,1.02107,1.02376,5809,0,35
2020-04-06T00:00:00Z,1.02376,1.02837,1.02221,1.02836,57852,0,35
2020-04-07T00:00:00Z,1.0284,1.03502,1.02553,1.03184,61448,0,35
2020-04-08T00:00:00Z,1.03183,1.03747,1.02858,1.03615,57627,0,35
2020-04-09T00:00:00Z,1.03615,1.04383,1.03423,1.04225,54001,0,35
2020-04-10T00:00:00Z,1.04222,1.04615,1.04043,1.04119,13698,0,35
2020-04-12T00:00:00Z,1.04156,1.04346,1.04092,1.04248,3493,0,35
2020-04-13T00:00:00Z,1.04248,1.04892,1.04206,1.04885,40426,0,35
2020-04-14T00:00:00Z,1.04887,1.05662,1.04781,1.05456,53251,0,35
2020-04-15T00:00:00Z,1.05456,1.05703,1.05117,1.05203,54837,0,35
2020-04-16T00:00:00Z,1.0520100000000001,1.06215,1.05199,1.05982,60408,0,35
2020-04-17T00:00:00Z,1.0599,1.06114,1.05287,1.05451,53321,0,35
2020-04-19T00:00:00Z,1.05163,1.05462,1.04927,1.05362,3146,0,35
2020-04-20T00:00:00Z,1.05362,1.05541,1.04801,1.04949,48965,0,35
2020-04-21T00:00:00Z,1.04954,1.05555,1.04829,1.05514,60480,0,35
2020-04-22T00:00:00Z,1.05516,1.06378,1.0543,1.06297,52266,0,35
2020-04-23T00:00:00Z,1.06303,1.06395,1.05834,1.06171,54701,0,35
2020-04-24T00:00:00Z,1.0617,1.06323,1.0597,1.06221,34282,0,35
2020-04-26T00:00:00Z,1.05998,1.0625,1.05901,1.06223,2449,0,35
2020-04-27T00:00:00Z,1.06223,1.07099,1.06201,1.07036,44993,0,35
2020-04-28T00:00:00Z,1.07036,1.075,1.06962,1.06992,49302,0,35
2020-04-29T00:00:00Z,1.06992,1.07207,1.06691,1.06734,52397,0,35
2020-04-30T00:00:00Z,1.06734,1.06936,1.06022,1.06115,62580,0,35
2020-05-01T00:00:00Z,1.06125,1.06308,1.0582799999999999,1.05888,47540,0,35
2020-05-03T00:00:00Z,1.05728,1.06004,1.05702,1.0599,4698,0,35
2020-05-04T00:00:00Z,1.0599,1.06434,1.05854,1.06196,54134,0,35
2020-05-05T00:00:00Z,1.06195,1.0657,1.06112,1.06274,53612,0,35
2020-05-06T00:00:00Z,1.06278,1.06637,1.06145,1.06366,54859,0,35
2020-05-07T00:00:00Z,1.06364,1.06981,1.06331,1.06656,54831,0,35
2020-05-08T00:00:00Z,1.06667,1.06867,1.06308,1.064,43640,0,35
2020-05-10T00:00:00Z,1.06131,1.06444,1.06131,1.06403,3500,0,35
2020-05-11T00:00:00Z,1.06403,1.06858,1.06395,1.06686,50201,0,35
2020-05-12T00:00:00Z,1.06684,1.0679400000000001,1.06153,1.06352,56582,0,35
2020-05-13T00:00:00Z,1.06352,1.07789,1.06135,1.07598,66844,0,35
2020-05-14T00:00:00Z,1.07603,1.07758,1.07411,1.0760399999999999,62073,0,35
2020-05-15T00:00:00Z,1.07606,1.08242,1.07516,1.08115,49830,0,35
2020-05-17T00:00:00Z,1.07925,1.0825,1.07925,1.08237,3588,0,35
2020-05-18T00:00:00Z,1.08237,1.08291,1.07747,1.07996,47107,0,35
2020-05-19T00:00:00Z,1.07997,1.0826,1.07396,1.07454,52374,0,35
2020-05-20T00:00:00Z,1.07455,1.07502,1.07123,1.07214,48388,0,35
2020-05-21T00:00:00Z,1.0722,1.07492,1.07016,1.07235,52354,0,35
2020-05-22T00:00:00Z,1.07234,1.07319,1.06671,1.07201,44947,0,35
2020-05-24T00:00:00Z,1.07067,1.07286,1.07019,1.07218,2533,0,35
2020-05-25T00:00:00Z,1.07215,1.0735,1.06972,1.0723,27420,0,35
2020-05-26T00:00:00Z,1.07222,1.07384,1.06923,1.07224,49102,0,35
2020-05-27T00:00:00Z,1.07224,1.07379,1.06699,1.06999,63305,0,35
2020-05-28T00:00:00Z,1.06999,1.07134,1.06657,1.07013,60843,0,35
2020-05-29T00:00:00Z,1.07012,1.07524,1.06927,1.07387,65023,0,35
2020-05-31T00:00:00Z,1.07402,1.0754,1.07341,1.07424,2741,0,35
2020-06-01T00:00:00Z,1.07424,1.08151,1.07382,1.07991,56089,0,35
2020-06-02T00:00:00Z,1.0799,1.08792,1.07896,1.08297,61176,0,35
2020-06-03T00:00:00Z,1.08298,1.08589,1.07559,1.07754,64923,0,35
2020-06-04T00:00:00Z,1.07759,1.07891,1.07209,1.07364,61768,0,35
2020-06-05T00:00:00Z,1.07368,1.07691,1.06972,1.07062,58556,0,35
2020-06-07T00:00:00Z,1.06942,1.07176,1.06921,1.07127,3033,0,35
2020-06-08T00:00:00Z,1.07128,1.07168,1.06793,1.0694,49840,0,35
2020-06-09T00:00:00Z,1.06942,1.07008,1.06362,1.06791,59152,0,35
2020-06-10T00:00:00Z,1.06784,1.07267,1.06652,1.07015,62007,0,35
2020-06-11T00:00:00Z,1.07015,1.07038,1.06343,1.06487,77738,0,35
2020-06-12T00:00:00Z,1.06485,1.06802,1.06288,1.06509,84319,0,35
2020-06-14T00:00:00Z,1.06059,1.0641,1.05897,1.06345,3807,0,35
2020-06-15T00:00:00Z,1.06345,1.07094,1.05805,1.0709,81056,0,35
2020-06-16T00:00:00Z,1.07096,1.07272,1.06529,1.06722,74114,0,35
2020-06-17T00:00:00Z,1.0672,1.06937,1.06333,1.0667,61608,0,35
2020-06-18T00:00:00Z,1.06674,1.06847,1.06329,1.06645,58842,0,35
2020-06-19T00:00:00Z,1.06648,1.07064,1.06618,1.06651,59323,0,35
2020-06-21T00:00:00Z,1.06535,1.06731,1.06471,1.06568,3558,0,35
2020-06-22T00:00:00Z,1.06568,1.06823,1.06288,1.06695,45340,0,35
2020-06-23T00:00:00Z,1.06695,1.06943,1.06519,1.06798,57426,0,35
2020-06-24T00:00:00Z,1.06798,1.07551,1.06753,1.07067,55226,0,35
2020-06-25T00:00:00Z,1.07066,1.07167,1.06735,1.07099,57074,0,35
2020-06-26T00:00:00Z,1.07099,1.07157,1.06713,1.06818,44935,0,35
2020-06-28T00:00:00Z,1.06854,1.06954,1.06812,1.06881,2662,0,35
2020-06-29T00:00:00Z,1.06881,1.07024,1.06705,1.06892,48279,0,35
2020-06-30T00:00:00Z,1.06894,1.07165,1.06781,1.06952,52643,0,35
2020-07-01T00:00:00Z,1.06953,1.07033,1.06512,1.06664,49869,0,35
2020-07-02T00:00:00Z,1.06665,1.06723,1.06048,1.06297,50772,0,35
2020-07-03T00:00:00Z,1.06297,1.06683,1.0613,1.06152,31602,0,35
2020-07-05T00:00:00Z,1.06127,1.06292,1.06121,1.06263,1779,0,35
2020-07-06T00:00:00Z,1.06263,1.06609,1.0615,1.06338,42926,0,35
2020-07-07T00:00:00Z,1.06337,1.06339,1.05973,1.0599,44346,0,35
2020-07-08T00:00:00Z,1.05995,1.06265,1.05873,1.06258,44347,0,35
2020-07-09T00:00:00Z,1.06258,1.0627,1.05856,1.0594,49409,0,35
2020-07-10T00:00:00Z,1.0594,1.05989,1.05648,1.05701,44977,0,35
2020-07-12T00:00:00Z,1.0564,1.05781,1.05635,1.05724,2385,0,35
2020-07-13T00:00:00Z,1.05724,1.06223,1.0567,1.06123,47591,0,35
2020-07-14T00:00:00Z,1.06124,1.06852,1.06124,1.06769,59101,0,35
2020-07-15T00:00:00Z,1.06768,1.06911,1.06474,1.066,49161,0,35
2020-07-16T00:00:00Z,1.06599,1.06778,1.06501,1.06647,47246,0,35
2020-07-17T00:00:00Z,1.06647,1.06785,1.06607,1.067,34319,0,35
2020-07-19T00:00:00Z,1.06443,1.06746,1.06443,1.06712,1906,0,35
2020-07-20T00:00:00Z,1.06712,1.06753,1.06545,1.06702,34895,0,35
2020-07-21T00:00:00Z,1.06701,1.0753,1.06663,1.0737,54094,0,35
2020-07-22T00:00:00Z,1.0737,1.0745,1.07061,1.07207,51923,0,35
2020-07-23T00:00:00Z,1.07208,1.07262,1.06873,1.0699,59345,0,35
2020-07-24T00:00:00Z,1.0699,1.07125,1.06718,1.06942,52307,0,35
2020-07-26T00:00:00Z,1.06728,1.06957,1.06728,1.06812,3666,0,35
2020-07-27T00:00:00Z,1.06809,1.07048,1.06703,1.07019,49761,0,35
2020-07-28T00:00:00Z,1.0702,1.07577,1.06958,1.07476,51322,0,35
2020-07-29T00:00:00Z,1.07478,1.07921,1.07473,1.07761,50472,0,35
2020-07-30T00:00:00Z,1.07762,1.07994,1.0731600000000001,1.07549,50302,0,35
2020-07-31T00:00:00Z,1.07551,1.07831,1.07437,1.07744,58412,0,35
2020-08-02T00:00:00Z,1.07436,1.07708,1.07436,1.07679,4326,0,35
2020-08-03T00:00:00Z,1.07679,1.07846,1.07163,1.07583,49395,0,35
2020-08-04T00:00:00Z,1.0758,1.08271,1.07486,1.07986,50577,0,35
2020-08-05T00:00:00Z,1.07986,1.08602,1.07945,1.08282,50010,0,35
2020-08-06T00:00:00Z,1.08281,1.08513,1.08058,1.08196,56358,0,35
2020-08-07T00:00:00Z,1.08195,1.08532,1.07972,1.08475,54174,0,35
2020-08-09T00:00:00Z,1.08219,1.0848,1.0815,1.08423,3347,0,35
2020-08-10T00:00:00Z,1.08423,1.0872600000000001,1.08322,1.08522,42352,0,35
2020-08-11T00:00:00Z,1.08525,1.0895,1.08322,1.08759,53568,0,35
2020-08-12T00:00:00Z,1.08759,1.09205,1.08483,1.08918,54563,0,35
2020-08-13T00:00:00Z,1.08918,1.09199,1.0883,1.09188,46028,0,35
2020-08-14T00:00:00Z,1.0919,1.09626,1.09171,1.09604,36894,0,35
2020-08-16T00:00:00Z,1.0942,1.0994,1.09357,1.09908,2707,0,35
2020-08-17T00:00:00Z,1.09907,1.1027,1.09768,1.10084,41052,0,35
2020-08-18T00:00:00Z,1.10084,1.10422,1.09584,1.09751,50588,0,35
2020-08-19T00:00:00Z,1.09751,1.09785,1.09282,1.0952,55041,0,35
2020-08-20T00:00:00Z,1.09521,1.10321,1.09321,1.10122,56801,0,35
2020-08-21T00:00:00Z,1.10122,1.1031,1.09392,1.09415,50631,0,35
2020-08-23T00:00:00Z,1.09281,1.09604,1.09274,1.09521,2311,0,35
2020-08-24T00:00:00Z,1.09521,1.1001400000000001,1.09465,1.09831,43892,0,35
2020-08-25T00:00:00Z,1.0983,1.09989,1.09586,1.09853,46741,0,35
2020-08-26T00:00:00Z,1.09854,1.09959,1.09192,1.09234,47243,0,35
2020-08-27T00:00:00Z,1.09234,1.09424,1.0897000000000001,1.09394,58816,0,35
2020-08-28T00:00:00Z,1.09394,1.09565,1.09019,1.09274,55172,0,35
2020-08-30T00:00:00Z,1.09275,1.09377,1.09174,1.09272,3064,0,35
2020-08-31T00:00:00Z,1.09273,1.09575,1.09087,1.09559,49897,0,35
2020-09-01T00:00:00Z,1.09558,1.09586,1.08868,1.08986,60917,0,35
2020-09-02T00:00:00Z,1.08985,1.09104,1.08183,1.08315,52343,0,35
2020-09-03T00:00:00Z,1.0831,1.08584,1.08138,1.08421,57590,0,35
2020-09-04T00:00:00Z,1.08425,1.08548,1.0823,1.08395,57439,0,35
2020-09-06T00:00:00Z,1.08262,1.08491,1.08192,1.08468,3851,0,35
2020-09-07T00:00:00Z,1.08466,1.08807,1.08455,1.08797,32337,0,35
2020-09-08T00:00:00Z,1.08797,1.09178,1.08702,1.0903100000000001,58070,0,35
2020-09-09T00:00:00Z,1.0903,1.09124,1.08789,1.08911,49989,0,35
2020-09-10T00:00:00Z,1.0891,1.09345,1.0875,1.09238,56964,0,35
2020-09-11T00:00:00Z,1.09239,1.09296,1.09034,1.09211,42548,0,35
2020-09-13T00:00:00Z,1.09154,1.09253,1.08882,1.08894,2489,0,35
2020-09-14T00:00:00Z,1.0889,1.0894,1.08562,1.0873,39583,0,35
2020-09-15T00:00:00Z,1.0873,1.09094,1.0858,1.08721,38345,0,35
2020-09-16T00:00:00Z,1.08721,1.08809,1.08312,1.08512,48068,0,35
2020-09-17T00:00:00Z,1.08511,1.08857,1.08087,1.08112,57035,0,35
2020-09-18T00:00:00Z,1.0811,1.0819,1.07648,1.0785,44319,0,35
2020-09-20T00:00:00Z,1.07819,1.07916,1.07762,1.0791,2562,0,35
2020-09-21T00:00:00Z,1.0791,1.08456,1.07831,1.08453,52685,0,35
2020-09-22T00:00:00Z,1.08453,1.08491,1.07942,1.08159,52991,0,35
2020-09-23T00:00:00Z,1.0816,1.08203,1.07486,1.07963,55045,0,35
2020-09-24T00:00:00Z,1.07963,1.08018,1.07524,1.07723,55662,0,35
2020-09-25T00:00:00Z,1.07722,1.07767,1.07162,1.07363,46442,0,35
2020-09-27T00:00:00Z,1.07351,1.07478,1.0727,1.07464,1792,0,35
2020-09-28T00:00:00Z,1.07464,1.08034,1.07444,1.0802100000000001,41055,0,35
2020-09-29T00:00:00Z,1.08022,1.08284,1.07818,1.08231,42831,0,35
2020-09-30T00:00:00Z,1.08231,1.08484,1.07859,1.08192,52192,0,35
2020-10-01T00:00:00Z,1.08192,1.08463,1.07951,1.07955,47723,0,35
2020-10-02T00:00:00Z,1.07955,1.08039,1.07697,1.07943,53132,0,35
2020-10-04T00:00:00Z,1.07717,1.08062,1.07642,1.08041,2246,0,35
2020-10-05T00:00:00Z,1.08041,1.08206,1.07902,1.08097,40615,0,35
2020-10-06T00:00:00Z,1.08098,1.08297,1.07557,1.07869,51503,0,35
2020-10-07T00:00:00Z,1.07868,1.08624,1.0784,1.0855,41971,0,35
2020-10-08T00:00:00Z,1.08549,1.08935,1.08449,1.08882,38557,0,35
2020-10-09T00:00:00Z,1.08882,1.08882,1.08479,1.08509,33489,0,35
2020-10-11T00:00:00Z,1.08539,1.08605,1.08391,1.08403,1979,0,35
2020-10-12T00:00:00Z,1.08403,1.08579,1.08231,1.08412,32894,0,35
2020-10-13T00:00:00Z,1.08411,1.08412,1.07553,1.07647,42822,0,35
2020-10-14T00:00:00Z,1.07647,1.07873,1.07203,1.07266,44257,0,35
2020-10-15T00:00:00Z,1.07267,1.0758,1.07008,1.07405,47018,0,35
2020-10-16T00:00:00Z,1.07407,1.07432,1.07096,1.07122,38339,0,35
2020-10-18T00:00:00Z,1.07055,1.07214,1.0704,1.07178,1914,0,35
2020-10-19T00:00:00Z,1.07178,1.07292,1.0681,1.06985,39149,0,35
2020-10-20T00:00:00Z,1.06985,1.07244,1.06906,1.07123,42317,0,35
2020-10-21T00:00:00Z,1.07123,1.07186,1.06743,1.06915,46491,0,35
2020-10-22T00:00:00Z,1.06915,1.07025,1.06436,1.06801,42847,0,35
2020-10-23T00:00:00Z,1.06799,1.06821,1.06525,1.06677,37748,0,35
2020-10-25T00:00:00Z,1.06502,1.06724,1.06445,1.06687,3196,0,35
2020-10-26T00:00:00Z,1.06687,1.06717,1.06362,1.0659399999999999,44477,0,35
2020-10-27T00:00:00Z,1.0659399999999999,1.06682,1.06088,1.06296,40130,0,35
2020-10-28T00:00:00Z,1.06296,1.0658,1.06014,1.06095,53234,0,35
2020-10-29T00:00:00Z,1.06095,1.0631,1.05964,1.06148,54397,0,35
2020-10-30T00:00:00Z,1.06148,1.06329,1.05937,1.06261,54129,0,35
2020-11-01T00:00:00Z,1.06281,1.06326,1.06124,1.06199,2512,0,35
2020-11-02T00:00:00Z,1.06199,1.06406,1.06006,1.06341,49841,0,35
2020-11-03T00:00:00Z,1.06342,1.07052,1.06033,1.0695000000000001,46857,0,35
2020-11-04T00:00:00Z,1.0695000000000001,1.07374,1.06494,1.07162,78175,0,35
2020-11-05T00:00:00Z,1.07161,1.07574,1.06868,1.07349,59506,0,35
2020-11-06T00:00:00Z,1.07351,1.07452,1.06933,1.07197,52003,0,35
2020-11-08T00:00:00Z,1.07178,1.07231,1.07102,1.07185,2319,0,35
2020-11-09T00:00:00Z,1.07185,1.07284,1.06598,1.06656,68285,0,35
2020-11-10T00:00:00Z,1.06653,1.06743,1.06399,1.06638,58094,0,35
2020-11-11T00:00:00Z,1.06638,1.06844,1.05503,1.05519,46534,0,35
2020-11-12T00:00:00Z,1.05519,1.0589,1.05452,1.05853,48483,0,35
2020-11-13T00:00:00Z,1.05853,1.06291,1.0578,1.06134,37239,0,35
2020-11-15T00:00:00Z,1.06067,1.06219,1.06032,1.06095,2688,0,35
2020-11-16T00:00:00Z,1.06095,1.06245,1.05863,1.05966,52407,0,35
2020-11-17T00:00:00Z,1.05966,1.06265,1.05821,1.05869,46944,0,35
2020-11-18T00:00:00Z,1.05867,1.05877,1.05426,1.05449,49904,0,35
2020-11-19T00:00:00Z,1.05449,1.05669,1.05171,1.0524,50876,0,35
2020-11-20T00:00:00Z,1.0524,1.05372,1.05099,1.0537,50536,0,35
2020-11-22T00:00:00Z,1.0538,1.05381,1.05254,1.05279,2379,0,35
2020-11-23T00:00:00Z,1.05279,1.0545,1.05132,1.05258,42880,0,35
2020-11-24T00:00:00Z,1.05258,1.05569,1.04716,1.05547,47601,0,35
2020-11-25T00:00:00Z,1.05546,1.05613,1.04882,1.05137,42396,0,35
2020-11-26T00:00:00Z,1.05137,1.05233,1.04963,1.05042,30505,0,35
2020-11-27T00:00:00Z,1.05041,1.05192,1.04923,1.05028,36235,0,35
2020-11-29T00:00:00Z,1.05041,1.05197,1.0493999999999999,1.05185,1475,0,35
2020-11-30T00:00:00Z,1.05189,1.0520100000000001,1.0459,1.04828,48729,0,35
2020-12-01T00:00:00Z,1.04828,1.0483,1.04165,1.04384,42051,0,35
2020-12-02T00:00:00Z,1.04384,1.04965,1.04226,1.04849,46171,0,35
2020-12-03T00:00:00Z,1.04849,1.05212,1.04743,1.05154,39978,0,35
2020-12-04T00:00:00Z,1.05154,1.05674,1.05094,1.05477,42398,0,35
2020-12-06T00:00:00Z,1.05508,1.05552,1.05427,1.0552,1628,0,35
2020-12-07T00:00:00Z,1.05521,1.05579,1.05151,1.05345,42290,0,35
2020-12-08T00:00:00Z,1.05344,1.05607,1.05119,1.0523,42183,0,35
2020-12-09T00:00:00Z,1.0523,1.0596700000000001,1.05197,1.05944,46694,0,35
2020-12-10T00:00:00Z,1.05942,1.06407,1.0592,1.06059,49478,0,35
2020-12-11T00:00:00Z,1.0606,1.0655000000000001,1.0606,1.06281,43000,0,35
2020-12-13T00:00:00Z,1.06295,1.06458,1.06292,1.06349,1667,0,35
2020-12-14T00:00:00Z,1.06349,1.06538,1.06208,1.06353,43085,0,35
2020-12-15T00:00:00Z,1.06353,1.06675,1.06129,1.06619,42668,0,35
2020-12-16T00:00:00Z,1.0662,1.06901,1.06261,1.06471,42803,0,35
2020-12-17T00:00:00Z,1.06471,1.06691,1.06246,1.0653299999999999,38085,0,35
2020-12-18T00:00:00Z,1.06539,1.06924,1.06393,1.06703,38664,0,35
2020-12-20T00:00:00Z,1.06617,1.0684,1.06602,1.06783,1650,0,35
2020-12-21T00:00:00Z,1.0678,1.07004,1.06505,1.06746,60745,0,35
2020-12-22T00:00:00Z,1.06746,1.07132,1.06713,1.07046,48515,0,35
2020-12-23T00:00:00Z,1.07054,1.07108,1.06685,1.0678,43488,0,35
2020-12-24T00:00:00Z,1.0678,1.07119,1.06745,1.06836,29609,0,35
2020-12-27T00:00:00Z,1.06773,1.06975,1.06676,1.06939,1819,0,35
2020-12-28T00:00:00Z,1.06938,1.06939,1.06615,1.06747,38935,0,35
2020-12-29T00:00:00Z,1.06746,1.06784,1.06274,1.06427,39070,0,35
2020-12-30T00:00:00Z,1.06422,1.06738,1.06293,1.06548,39806,0,35
2020-12-31T00:00:00Z,1.06548,1.072,1.06482,1.07127,36892,0,35
2021-01-03T00:00:00Z,1.07013,1.07169,1.06978,1.07145,2675,0,35
2021-01-04T00:00:00Z,1.07145,1.07197,1.06684,1.06829,56369,0,35
2021-01-05T00:00:00Z,1.06829,1.07178,1.06691,1.06993,57990,0,35
2021-01-06T00:00:00Z,1.06991,1.07055,1.06793,1.06986,75200,0,35
2021-01-07T00:00:00Z,1.06985,1.07024,1.06713,1.06909,55975,0,35
2021-01-08T00:00:00Z,1.06909,1.07333,1.06861,1.07254,64970,0,35
2021-01-10T00:00:00Z,1.07199,1.07407,1.0713300000000001,1.07204,2572,0,35
2021-01-11T00:00:00Z,1.07203,1.07457,1.07037,1.07424,57155,0,35
2021-01-12T00:00:00Z,1.0742,1.07751,1.07323,1.07553,54215,0,35
2021-01-13T00:00:00Z,1.07555,1.07822,1.07351,1.07722,51481,0,35
2021-01-14T00:00:00Z,1.07722,1.07942,1.0760399999999999,1.07724,52380,0,35
2021-01-15T00:00:00Z,1.07723,1.08036,1.07651,1.08018,55750,0,35
2021-01-17T00:00:00Z,1.07903,1.08008,1.07882,1.07931,1957,0,35
2021-01-18T00:00:00Z,1.07931,1.0808,1.07824,1.07991,40605,0,35
2021-01-19T00:00:00Z,1.07991,1.08409,1.07931,1.08178,49143,0,35
2021-01-20T00:00:00Z,1.08178,1.08379,1.07875,1.07922,49409,0,35
2021-01-21T00:00:00Z,1.07922,1.07996,1.07505,1.07549,47092,0,35
2021-01-22T00:00:00Z,1.07549,1.07675,1.07332,1.07424,48273,0,35
2021-01-24T00:00:00Z,1.07471,1.0751,1.07393,1.07414,1793,0,35
2021-01-25T00:00:00Z,1.07414,1.07468,1.06983,1.07145,53742,0,35
2021-01-26T00:00:00Z,1.07146,1.07212,1.06803,1.07101,45964,0,35
2021-01-27T00:00:00Z,1.07102,1.0714299999999999,1.06805,1.07085,63562,0,35
2021-01-28T00:00:00Z,1.07083,1.07114,1.06711,1.0691,63294,0,35
2021-01-29T00:00:00Z,1.06914,1.07016,1.06317,1.06392,67080,0,35
2021-01-31T00:00:00Z,1.06372,1.06437,1.0631,1.06358,2869,0,35
2021-02-01T00:00:00Z,1.06359,1.06613,1.06221,1.06534,59608,0,35
2021-02-02T00:00:00Z,1.06534,1.06761,1.05613,1.05728,55488,0,35
2021-02-03T00:00:00Z,1.05728,1.05942,1.05394,1.05721,49977,0,35
2021-02-04T00:00:00Z,1.05721,1.0624,1.0565,1.06155,47072,0,35
2021-02-05T00:00:00Z,1.06153,1.0659,1.06114,1.06574,43808,0,35
2021-02-07T00:00:00Z,1.06623,1.0667,1.06462,1.06467,2208,0,35
2021-02-08T00:00:00Z,1.06467,1.06723,1.06444,1.06648,40924,0,35
2021-02-09T00:00:00Z,1.06648,1.06893,1.06514,1.06874,45281,0,35
2021-02-10T00:00:00Z,1.06873,1.07258,1.06868,1.06995,49288,0,35
2021-02-11T00:00:00Z,1.06996,1.07288,1.06993,1.07185,37616,0,35
2021-02-12T00:00:00Z,1.07185,1.07576,1.07178,1.07476,35374,0,35
2021-02-14T00:00:00Z,1.07647,1.07647,1.07506,1.07534,1662,0,35
2021-02-15T00:00:00Z,1.07535,1.07684,1.07371,1.0763,29812,0,35
2021-02-16T00:00:00Z,1.07631,1.07676,1.07177,1.07601,49612,0,35
2021-02-17T00:00:00Z,1.07601,1.07939,1.07601,1.07844,52604,0,35
2021-02-18T00:00:00Z,1.07842,1.07946,1.0753,1.07607,49776,0,35
2021-02-19T00:00:00Z,1.07607,1.07925,1.07562,1.07821,47515,0,35
2021-02-21T00:00:00Z,1.07908,1.0790899999999999,1.0776,1.07846,1971,0,35
2021-02-22T00:00:00Z,1.07846,1.08152,1.07632,1.07996,51904,0,35
2021-02-23T00:00:00Z,1.07996,1.08259,1.07711,1.07743,49977,0,35
2021-02-24T00:00:00Z,1.07743,1.082,1.06861,1.0716,57641,0,35
2021-02-25T00:00:00Z,1.07161,1.07392,1.06693,1.06784,70027,0,35
2021-02-26T00:00:00Z,1.06784,1.07153,1.06382,1.06485,76777,0,35
2021-02-28T00:00:00Z,1.06528,1.06709,1.06466,1.06618,2684,0,35
2021-03-01T00:00:00Z,1.06618,1.07038,1.06426,1.06844,58066,0,35
2021-03-02T00:00:00Z,1.06843,1.07694,1.06746,1.07284,62258,0,35
2021-03-03T00:00:00Z,1.07284,1.0755,1.07193,1.07258,56791,0,35
2021-03-04T00:00:00Z,1.07258,1.07526,1.07182,1.07468,72844,0,35
2021-03-05T00:00:00Z,1.07468,1.07659,1.07188,1.07223,70271,0,35
2021-03-07T00:00:00Z,1.07245,1.07399,1.072,1.07378,2601,0,35
2021-03-08T00:00:00Z,1.0737700000000001,1.07638,1.07193,1.07328,66128,0,35
2021-03-09T00:00:00Z,1.07328,1.07696,1.07264,1.07463,58895,0,35
2021-03-10T00:00:00Z,1.07463,1.076,1.07417,1.07453,53103,0,35
2021-03-11T00:00:00Z,1.07455,1.07831,1.07382,1.07735,46080,0,35
2021-03-12T00:00:00Z,1.07735,1.08174,1.07725,1.08079,48289,0,35
2021-03-14T00:00:00Z,1.07879,1.08097,1.07879,1.07985,2463,0,35
2021-03-15T00:00:00Z,1.07985,1.07991,1.0741,1.07568,44057,0,35
2021-03-16T00:00:00Z,1.07569,1.07759,1.07464,1.07673,44622,0,35
2021-03-17T00:00:00Z,1.07673,1.0784799999999999,1.0747,1.07737,47804,0,35
2021-03-18T00:00:00Z,1.0774,1.08393,1.07727,1.08164,60442,0,35
2021-03-19T00:00:00Z,1.08164,1.08251,1.07892,1.08079,52983,0,35
2021-03-21T00:00:00Z,1.07895,1.08047,1.07895,1.07965,2386,0,35
2021-03-22T00:00:00Z,1.07966,1.08629,1.07809,1.0858,43528,0,35
2021-03-23T00:00:00Z,1.0858,1.09362,1.08512,1.08768,50223,0,35
2021-03-24T00:00:00Z,1.08767,1.09295,1.08722,1.08914,45067,0,35
2021-03-25T00:00:00Z,1.08914,1.09072,1.08791,1.08989,46299,0,35
2021-03-26T00:00:00Z,1.08987,1.09285,1.08901,1.09145,40601,0,35
2021-03-28T00:00:00Z,1.09041,1.09236,1.09011,1.09191,2457,0,35
2021-03-29T00:00:00Z,1.0919,1.09453,1.08893,1.08971,37054,0,35
2021-03-30T00:00:00Z,1.08971,1.09042,1.08671,1.08809,38284,0,35
2021-03-31T00:00:00Z,1.08809,1.09006,1.08624,1.0874,36504,0,35
2021-04-01T00:00:00Z,1.0874,1.08824,1.08352,1.08444,37768,0,35
2021-04-02T00:00:00Z,1.08449,1.08508,1.0804,1.08154,15063,0,35
2021-04-04T00:00:00Z,1.0804,1.08422,1.0804,1.08366,2775,0,35
2021-04-05T00:00:00Z,1.08367,1.08433,1.08131,1.08353,26257,0,35
2021-04-06T00:00:00Z,1.08355,1.0874,1.08273,1.08529,35333,0,35
2021-04-07T00:00:00Z,1.08529,1.08649,1.0835,1.08554,39123,0,35
2021-04-08T00:00:00Z,1.08554,1.08637,1.08286,1.08424,34782,0,35
2021-04-09T00:00:00Z,1.08427,1.08472,1.08176,1.08283,33294,0,35
2021-04-11T00:00:00Z,1.08153,1.0842,1.08124,1.08294,2301,0,35
2021-04-12T00:00:00Z,1.08293,1.08466,1.08131,1.08447,33833,0,35
2021-04-13T00:00:00Z,1.08457,1.0853,1.08164,1.08295,37238,0,35
2021-04-14T00:00:00Z,1.08294,1.08402,1.07949,1.08186,38776,0,35
2021-04-15T00:00:00Z,1.08193,1.08241,1.07908,1.08015,39663,0,35
2021-04-16T00:00:00Z,1.08015,1.08408,1.07954,1.08233,36369,0,35
2021-04-18T00:00:00Z,1.0838,1.0838,1.0822,1.08226,2015,0,35
2021-04-19T00:00:00Z,1.08224,1.08322,1.07913,1.07987,42947,0,35
2021-04-20T00:00:00Z,1.07987,1.0822,1.07487,1.07765,44184,0,35
2021-04-21T00:00:00Z,1.07765,1.07775,1.07394,1.0763,39915,0,35
2021-04-22T00:00:00Z,1.0763,1.07903,1.07442,1.07675,44126,0,35
2021-04-23T00:00:00Z,1.07675,1.0782,1.0759,1.07654,33751,0,35
2021-04-25T00:00:00Z,1.07515,1.07719,1.07508,1.07652,1844,0,35
2021-04-26T00:00:00Z,1.07652,1.08007,1.07628,1.0783800000000001,40758,0,35
2021-04-27T00:00:00Z,1.07837,1.07923,1.07641,1.07819,34530,0,35
2021-04-28T00:00:00Z,1.07818,1.07877,1.07132,1.07297,40812,0,35
2021-04-29T00:00:00Z,1.07297,1.07414,1.07031,1.07306,41305,0,35
2021-04-30T00:00:00Z,1.07306,1.07727,1.07218,1.07711,39283,0,35
2021-05-02T00:00:00Z,1.07483,1.07681,1.07403,1.07671,1739,0,35
2021-05-03T00:00:00Z,1.07669,1.07882,1.07502,1.07792,37583,0,35
2021-05-04T00:00:00Z,1.07792,1.0820400000000001,1.07518,1.07688,50390,0,35
2021-05-05T00:00:00Z,1.07688,1.07853,1.07266,1.07363,37910,0,35
2021-05-06T00:00:00Z,1.07364,1.07662,1.07166,1.0766,44064,0,35
2021-05-07T00:00:00Z,1.0766,1.07886,1.07398,1.077,40669,0,35
2021-05-09T00:00:00Z,1.07638,1.07806,1.0759,1.07703,2079,0,35
2021-05-10T00:00:00Z,1.07703,1.08122,1.07675,1.0782,43304,0,35
2021-05-11T00:00:00Z,1.0782,1.07941,1.07679,1.07912,50741,0,35
2021-05-12T00:00:00Z,1.07911,1.08035,1.0768,1.07922,53634,0,35
2021-05-13T00:00:00Z,1.07922,1.07931,1.07476,1.0754299999999999,48589,0,35
2021-05-14T00:00:00Z,1.07546,1.07698,1.07195,1.07277,34383,0,35
2021-05-16T00:00:00Z,1.07204,1.07398,1.07185,1.07371,1469,0,35
2021-05-17T00:00:00Z,1.07371,1.07779,1.07214,1.07678,39603,0,35
2021-05-18T00:00:00Z,1.07678,1.07736,1.07366,1.0759,37985,0,35
2021-05-19T00:00:00Z,1.0759,1.07904,1.07508,1.07789,55095,0,35
2021-05-20T00:00:00Z,1.07789,1.08004,1.07719,1.07954,41788,0,35
2021-05-21T00:00:00Z,1.07952,1.08067,1.07706,1.07906,41267,0,35
2021-05-23T00:00:00Z,1.07451,1.0783,1.07451,1.07706,1973,0,35
2021-05-24T00:00:00Z,1.07706,1.07889,1.0735999999999999,1.07425,32261,0,35
2021-05-25T00:00:00Z,1.07426,1.07474,1.07001,1.07271,37507,0,35
2021-05-26T00:00:00Z,1.07266,1.07304,1.06138,1.06338,40494,0,35
2021-05-27T00:00:00Z,1.06337,1.06356,1.05989,1.06288,36903,0,35
2021-05-28T00:00:00Z,1.06288,1.06547,1.06195,1.0633,35070,0,35
2021-05-30T00:00:00Z,1.06056,1.06455,1.06056,1.06421,1335,0,35
2021-05-31T00:00:00Z,1.06421,1.06588,1.06152,1.06401,24887,0,35
2021-06-01T00:00:00Z,1.06401,1.0701,1.06348,1.06927,34672,0,35
2021-06-02T00:00:00Z,1.06928,1.07165,1.06778,1.07055,31069,0,35
2021-06-03T00:00:00Z,1.07055,1.07321,1.0701,1.072,35238,0,35
2021-06-04T00:00:00Z,1.072,1.0756000000000001,1.07043,1.07366,31920,0,35
2021-06-06T00:00:00Z,1.07187,1.07413,1.07152,1.0737,1174,0,35
2021-06-07T00:00:00Z,1.07373,1.07469,1.07161,1.07342,26932,0,35
2021-06-08T00:00:00Z,1.07345,1.07611,1.07188,1.07602,29304,0,35
2021-06-09T00:00:00Z,1.076,1.07773,1.07423,1.07762,24100,0,35
2021-06-10T00:00:00Z,1.07762,1.07806,1.07574,1.07747,30990,0,35
2021-06-11T00:00:00Z,1.07747,1.08102,1.07702,1.08053,27389,0,35
2021-06-13T00:00:00Z,1.07964,1.08052,1.07943,1.07962,1061,0,35
2021-06-14T00:00:00Z,1.07962,1.0807,1.07808,1.07949,25378,0,35
2021-06-15T00:00:00Z,1.07949,1.08018,1.07695,1.07905,31833,0,35
2021-06-16T00:00:00Z,1.07904,1.08027,1.07625,1.07685,41632,0,35
2021-06-17T00:00:00Z,1.07688,1.08016,1.07429,1.0771600000000001,50339,0,35
2021-06-18T00:00:00Z,1.07712,1.0811,1.07654,1.07898,46567,0,35
2021-06-20T00:00:00Z,1.07668,1.07981,1.07644,1.07945,2628,0,35
2021-06-21T00:00:00Z,1.07945,1.07985,1.07547,1.07846,45919,0,35
2021-06-22T00:00:00Z,1.07846,1.0786,1.07426,1.07644,37879,0,35
2021-06-23T00:00:00Z,1.07649,1.07763,1.07392,1.07488,34747,0,35
2021-06-24T00:00:00Z,1.07488,1.07517,1.07246,1.0734,36541,0,35
2021-06-25T00:00:00Z,1.07342,1.07467,1.07228,1.07394,30751,0,35
2021-06-27T00:00:00Z,1.07239,1.07428,1.0712,1.07424,1853,0,35
2021-06-28T00:00:00Z,1.07424,1.07494,1.07217,1.07358,29894,0,35
2021-06-29T00:00:00Z,1.07359,1.07644,1.07278,1.07487,35590,0,35
2021-06-30T00:00:00Z,1.07487,1.0759,1.07144,1.07152,36882,0,35
2021-07-01T00:00:00Z,1.07152,1.07235,1.07004,1.07199,34054,0,35
2021-07-02T00:00:00Z,1.07199,1.0726,1.06958,1.07023,33161,0,35
2021-07-04T00:00:00Z,1.06992,1.07046,1.06976,1.07002,1591,0,35
2021-07-05T00:00:00Z,1.07004,1.07294,1.06788,1.06923,29644,0,35
2021-07-06T00:00:00Z,1.0692,1.07216,1.06618,1.06797,43705,0,35
2021-07-07T00:00:00Z,1.06796,1.06894,1.06553,1.06695,39792,0,35
2021-07-08T00:00:00Z,1.06695,1.07047,1.06563,1.06959,53312,0,35
2021-07-09T00:00:00Z,1.06961,1.0714299999999999,1.06854,1.06985,40558,0,35
2021-07-11T00:00:00Z,1.06707,1.07012,1.06707,1.06902,2628,0,35
2021-07-12T00:00:00Z,1.06901,1.07228,1.06867,1.07028,37930,0,35
2021-07-13T00:00:00Z,1.07028,1.07381,1.06945,1.07135,41597,0,35
2021-07-14T00:00:00Z,1.07135,1.07156,1.06169,1.06277,48412,0,35
2021-07-15T00:00:00Z,1.06277,1.06587,1.05785,1.05861,48241,0,35
2021-07-16T00:00:00Z,1.05861,1.06104,1.0555,1.05614,40034,0,35
2021-07-18T00:00:00Z,1.05639,1.05703,1.05548,1.05621,2466,0,35
2021-07-19T00:00:00Z,1.05623,1.05894,1.05512,1.0589,57023,0,35
2021-07-20T00:00:00Z,1.05891,1.0613,1.05695,1.05988,48513,0,35
2021-07-21T00:00:00Z,1.05988,1.06016,1.05426,1.05623,41748,0,35
2021-07-22T00:00:00Z,1.05623,1.05983,1.05552,1.05717,45764,0,35
2021-07-23T00:00:00Z,1.05717,1.0584500000000001,1.05446,1.05503,31833,0,35
2021-07-25T00:00:00Z,1.05392,1.05593,1.0537,1.05499,1588,0,35
2021-07-26T00:00:00Z,1.05499,1.05582,1.05387,1.0546,39833,0,35
2021-07-27T00:00:00Z,1.05461,1.05965,1.05395,1.05774,44751,0,35
2021-07-28T00:00:00Z,1.05775,1.06059,1.05662,1.05979,50093,0,35
2021-07-29T00:00:00Z,1.05979,1.06025,1.05375,1.05484,35918,0,35
2021-07-30T00:00:00Z,1.05484,1.05571,1.05171,1.05298,38724,0,35
2021-08-01T00:00:00Z,1.05122,1.0536,1.05075,1.05261,2260,0,35
2021-08-02T00:00:00Z,1.05261,1.05668,1.0524499999999999,1.05338,39987,0,35
2021-08-03T00:00:00Z,1.05338,1.05633,1.04929,1.04975,41038,0,35
2021-08-04T00:00:00Z,1.04975,1.05022,1.04663,1.04794,34698,0,35
2021-08-05T00:00:00Z,1.04795,1.05032,1.04738,1.05023,32255,0,35
2021-08-06T00:00:00Z,1.05023,1.05024,1.04714,1.04866,30632,0,35
2021-08-08T00:00:00Z,1.04756,1.05013,1.04752,1.04905,3525,0,35
2021-08-09T00:00:00Z,1.04905,1.04929,1.04701,1.04822,34458,0,35
2021-08-10T00:00:00Z,1.04822,1.05099,1.04728,1.04813,29168,0,35
2021-08-11T00:00:00Z,1.04804,1.04855,1.04548,1.04665,30718,0,35
2021-08-12T00:00:00Z,1.04665,1.04863,1.04546,1.04793,27630,0,35
2021-08-13T00:00:00Z,1.04793,1.04877,1.04652,1.04684,21381,0,35
2021-08-15T00:00:00Z,1.04529,1.04681,1.04529,1.0462,1980,0,35
2021-08-16T00:00:00Z,1.0462,1.04631,1.04224,1.0441,28624,0,35
2021-08-17T00:00:00Z,1.04409,1.05393,1.04185,1.04721,45397,0,35
2021-08-18T00:00:00Z,1.04721,1.05401,1.04502,1.05177,45558,0,35
2021-08-19T00:00:00Z,1.05177,1.05355,1.04194,1.04777,52870,0,35
2021-08-20T00:00:00Z,1.04776,1.04784,1.04293,1.04415,36687,0,35
2021-08-22T00:00:00Z,1.04354,1.04545,1.0418,1.04496,2067,0,35
2021-08-23T00:00:00Z,1.04496,1.04707,1.04436,1.04558,31966,0,35
2021-08-24T00:00:00Z,1.04558,1.047,1.04081,1.04471,31584,0,35
2021-08-25T00:00:00Z,1.04471,1.04574,1.04212,1.04355,37098,0,35
2021-08-26T00:00:00Z,1.04355,1.04422,1.04059,1.0422,36593,0,35
2021-08-27T00:00:00Z,1.04219,1.0441799999999999,1.0408,1.04244,35952,0,35
2021-08-29T00:00:00Z,1.04239,1.04358,1.04096,1.04319,1741,0,35
2021-08-30T00:00:00Z,1.04319,1.04379,1.04114,1.0417,26398,0,35
2021-08-31T00:00:00Z,1.0417,1.0418,1.03471,1.03768,42514,0,35
2021-09-01T00:00:00Z,1.03766,1.04334,1.03747,1.04248,35866,0,35
2021-09-02T00:00:00Z,1.04248,1.04341,1.03954,1.04052,33866,0,35
2021-09-03T00:00:00Z,1.04049,1.0444,1.03987,1.04164,36485,0,35
2021-09-05T00:00:00Z,1.03982,1.04185,1.03982,1.04085,1654,0,35
2021-09-06T00:00:00Z,1.04085,1.04273,1.03983,1.04194,33134,0,35
2021-09-07T00:00:00Z,1.04194,1.04521,1.03797,1.04061,40114,0,35
2021-09-08T00:00:00Z,1.04061,1.04084,1.0365,1.03695,44777,0,35
2021-09-09T00:00:00Z,1.03695,1.03792,1.03535,1.03701,44415,0,35
2021-09-10T00:00:00Z,1.03701,1.03805,1.03305,1.03371,40220,0,35
2021-09-12T00:00:00Z,1.03172,1.03502,1.03172,1.03492,1324,0,35
2021-09-13T00:00:00Z,1.03492,1.03654,1.03284,1.03531,39906,0,35
2021-09-14T00:00:00Z,1.03531,1.03604,1.02951,1.03123,45931,0,35
2021-09-15T00:00:00Z,1.03123,1.03253,1.02817,1.02928,39761,0,35
2021-09-16T00:00:00Z,1.02937,1.03149,1.02782,1.03116,44357,0,35
2021-09-17T00:00:00Z,1.03117,1.03461,1.03047,1.03249,40895,0,35
2021-09-19T00:00:00Z,1.03191,1.03343,1.03165,1.03268,1448,0,35
2021-09-20T00:00:00Z,1.03266,1.03569,1.0288,1.0344,47663,0,35
2021-09-21T00:00:00Z,1.0344,1.03573,1.03047,1.03294,44378,0,35
2021-09-22T00:00:00Z,1.03293,1.03513,1.03075,1.03447,47687,0,35
2021-09-23T00:00:00Z,1.03447,1.03525,1.02993,1.03275,46015,0,35
2021-09-24T00:00:00Z,1.03276,1.03553,1.03131,1.03521,40836,0,35
2021-09-26T00:00:00Z,1.0335,1.0357,1.03155,1.03541,1741,0,35
2021-09-27T00:00:00Z,1.03541,1.03916,1.03529,1.03886,43216,0,35
2021-09-28T00:00:00Z,1.03885,1.04299,1.03748,1.04076,58620,0,35
2021-09-29T00:00:00Z,1.04076,1.04638,1.04069,1.04457,54777,0,35
2021-09-30T00:00:00Z,1.04457,1.04849,1.04454,1.0481,56221,0,35
2021-10-01T00:00:00Z,1.04813,1.04905,1.04486,1.04632,45768,0,35
2021-10-03T00:00:00Z,1.04613,1.04803,1.04531,1.04792,2457,0,35
2021-10-04T00:00:00Z,1.04792,1.04844,1.04367,1.04701,44153,0,35
2021-10-05T00:00:00Z,1.04699,1.04762,1.04327,1.0476,39241,0,35
2021-10-06T00:00:00Z,1.04762,1.0529,1.04406,1.05273,48335,0,35
2021-10-07T00:00:00Z,1.05272,1.05524,1.05182,1.0545,35763,0,35
2021-10-08T00:00:00Z,1.0545,1.05537,1.05247,1.05468,37196,0,35
2021-10-10T00:00:00Z,1.05509,1.05594,1.05372,1.05379,2222,0,35
2021-10-11T00:00:00Z,1.05379,1.05933,1.05336,1.0583,34671,0,35
2021-10-12T00:00:00Z,1.05829,1.06103,1.0578,1.05908,36193,0,35
2021-10-13T00:00:00Z,1.05902,1.06037,1.05636,1.05887,39904,0,35
2021-10-14T00:00:00Z,1.05887,1.05963,1.05322,1.05366,38573,0,35
2021-10-15T00:00:00Z,1.05368,1.05386,1.04839,1.04855,38691,0,35
2021-10-17T00:00:00Z,1.04752,1.04872,1.04517,1.04793,5135,0,35
2021-10-18T00:00:00Z,1.04792,1.04844,1.04514,1.0456,44710,0,35
2021-10-19T00:00:00Z,1.04561,1.04677,1.04232,1.04457,43468,0,35
2021-10-20T00:00:00Z,1.04457,1.04562,1.04229,1.04388,43651,0,35
2021-10-21T00:00:00Z,1.04388,1.04631,1.04133,1.04289,46644,0,35
2021-10-22T00:00:00Z,1.04289,1.04944,1.04153,1.0443500000000001,48835,0,35
2021-10-24T00:00:00Z,1.04325,1.04453,1.0429599999999999,1.04444,1874,0,35
2021-10-25T00:00:00Z,1.04444,1.04903,1.04346,1.04536,42704,0,35
2021-10-26T00:00:00Z,1.04538,1.04833,1.04478,1.04801,43656,0,35
2021-10-27T00:00:00Z,1.04801,1.05169,1.04649,1.04692,49922,0,35
2021-10-28T00:00:00Z,1.04692,1.04832,1.0454,1.04666,52593,0,35
2021-10-29T00:00:00Z,1.04666,1.05264,1.04666,1.04934,47056,0,35
2021-10-31T00:00:00Z,1.04828,1.04942,1.0472,1.04752,2413,0,35
2021-11-01T00:00:00Z,1.04752,1.04828,1.0443,1.04748,40556,0,35
2021-11-02T00:00:00Z,1.04748,1.0483,1.04042,1.04344,44517,0,35
2021-11-03T00:00:00Z,1.04344,1.04466,1.03797,1.04072,48730,0,35
2021-11-04T00:00:00Z,1.04072,1.04236,1.03929,1.04199,45296,0,35
2021-11-05T00:00:00Z,1.04199,1.04324,1.03868,1.03944,44714,0,35
2021-11-07T00:00:00Z,1.03874,1.04088,1.03874,1.04023,2135,0,35
2021-11-08T00:00:00Z,1.04023,1.04047,1.0334,1.03506,38951,0,35
2021-11-09T00:00:00Z,1.03506,1.03787,1.03289,1.03523,46591,0,35
2021-11-10T00:00:00Z,1.03523,1.03896,1.03417,1.03775,53258,0,35
2021-11-11T00:00:00Z,1.03778,1.04001,1.03551,1.0384,44069,0,35
2021-11-12T00:00:00Z,1.0384,1.04101,1.03778,1.04097,36466,0,35
2021-11-14T00:00:00Z,1.0402,1.04189,1.03912,1.04097,1597,0,35
2021-11-15T00:00:00Z,1.04097,1.04359,1.03872,1.04278,37695,0,35
2021-11-16T00:00:00Z,1.04278,1.04553,1.04222,1.04437,46090,0,35
2021-11-17T00:00:00Z,1.04437,1.04456,1.03714,1.03772,47290,0,35
2021-11-18T00:00:00Z,1.03772,1.03778,1.03134,1.03326,44397,0,35
2021-11-19T00:00:00Z,1.03324,1.03602,1.03265,1.03392,46567,0,35
2021-11-21T00:00:00Z,1.0323,1.03483,1.03223,1.03434,1338,0,35
2021-11-22T00:00:00Z,1.03434,1.03999,1.03368,1.03994,51210,0,35
2021-11-23T00:00:00Z,1.03994,1.04298,1.03835,1.03867,56460,0,35
2021-11-24T00:00:00Z,1.03865,1.04826,1.03836,1.04746,54455,0,35
2021-11-25T00:00:00Z,1.04745,1.05008,1.045,1.04799,33799,0,35
2021-11-26T00:00:00Z,1.04797,1.04843,1.04225,1.04225,67521,0,35
2021-11-28T00:00:00Z,1.044,1.04646,1.04217,1.0463,2749,0,35
2021-11-29T00:00:00Z,1.0463,1.04958,1.04439,1.04606,59781,0,35
2021-11-30T00:00:00Z,1.04606,1.0482,1.04217,1.04394,80622,0,35
2021-12-01T00:00:00Z,1.04393,1.0456,1.04215,1.04302,74990,0,35
2021-12-02T00:00:00Z,1.04302,1.04371,1.03969,1.04033,69694,0,35
2021-12-03T00:00:00Z,1.04033,1.04193,1.03662,1.03742,62023,0,35
2021-12-05T00:00:00Z,1.03529,1.03865,1.03521,1.03849,3012,0,35
2021-12-06T00:00:00Z,1.03849,1.04494,1.03761,1.04433,52198,0,35
2021-12-07T00:00:00Z,1.04433,1.05004,1.04393,1.04943,48104,0,35
2021-12-08T00:00:00Z,1.04944,1.05353,1.04902,1.05286,52910,0,35
2021-12-09T00:00:00Z,1.05286,1.05356,1.0506,1.05158,46401,0,35
2021-12-10T00:00:00Z,1.05157,1.0562,1.05017,1.05495,44127,0,35
2021-12-12T00:00:00Z,1.05325,1.05488,1.05168,1.05433,1800,0,35
2021-12-13T00:00:00Z,1.05435,1.05641,1.05234,1.05612,37680,0,35
2021-12-14T00:00:00Z,1.0561,1.05613,1.05211,1.05465,42369,0,35
2021-12-15T00:00:00Z,1.0547,1.0596,1.05435,1.05725,51181,0,35
2021-12-16T00:00:00Z,1.05725,1.05954,1.05479,1.05573,57028,0,35
2021-12-17T00:00:00Z,1.05571,1.05897,1.05552,1.0578,53446,0,35
2021-12-19T00:00:00Z,1.05661,1.05859,1.05642,1.05714,2537,0,35
2021-12-20T00:00:00Z,1.05714,1.06003,1.05561,1.0590600000000001,53493,0,35
2021-12-21T00:00:00Z,1.0590600000000001,1.05951,1.05474,1.05635,42135,0,35
2021-12-22T00:00:00Z,1.05635,1.05993,1.0557,1.05972,39199,0,35
2021-12-23T00:00:00Z,1.05972,1.06263,1.05779,1.06096,36052,0,35
2021-12-24T00:00:00Z,1.06096,1.06266,1.05505,1.05698,46725,0,35
2021-12-26T00:00:00Z,1.05701,1.06193,1.05638,1.06088,1451,0,35
2021-12-27T00:00:00Z,1.06088,1.06325,1.05986,1.06148,28928,0,35
2021-12-28T00:00:00Z,1.06148,1.06421,1.06061,1.06267,29290,0,35
2021-12-29T00:00:00Z,1.06267,1.06423,1.06033,1.06119,36290,0,35
2021-12-30T00:00:00Z,1.06119,1.06423,1.05957,1.06139,33881,0,35
2021-12-31T00:00:00Z,1.06139,1.06308,1.0603,1.06187,34483,0,35
2022-01-02T00:00:00Z,1.06069,1.06274,1.05916,1.06243,1395,0,35
2022-01-03T00:00:00Z,1.06243,1.06256,1.05797,1.05978,37199,0,35
2022-01-04T00:00:00Z,1.05978,1.06378,1.05847,1.06237,40674,0,35
2022-01-05T00:00:00Z,1.06237,1.0649,1.06136,1.0629,44402,0,35
2022-01-06T00:00:00Z,1.06287,1.06302,1.0596700000000001,1.06258,50903,0,35
2022-01-07T00:00:00Z,1.06258,1.06319,1.05825,1.05953,40727,0,35
2022-01-09T00:00:00Z,1.05777,1.06061,1.05684,1.05936,3225,0,35
2022-01-10T00:00:00Z,1.05931,1.06309,1.05923,1.06107,48887,0,35
2022-01-11T00:00:00Z,1.06107,1.06308,1.06009,1.06274,48803,0,35
2022-01-12T00:00:00Z,1.06272,1.06476,1.06193,1.06348,45854,0,35
2022-01-13T00:00:00Z,1.06345,1.06354,1.0598,1.06107,48270,0,35
2022-01-14T00:00:00Z,1.06107,1.06147,1.0584,1.05918,52735,0,35
2022-01-16T00:00:00Z,1.05993,1.0601,1.05805,1.05989,2047,0,35
2022-01-17T00:00:00Z,1.05989,1.06129,1.05721,1.06093,36775,0,35
2022-01-18T00:00:00Z,1.06093,1.06231,1.05908,1.06136,56849,0,35
2022-01-19T00:00:00Z,1.06133,1.06429,1.05834,1.0642,56414,0,35
2022-01-20T00:00:00Z,1.0642,1.07027,1.06376,1.06895,55155,0,35
2022-01-21T00:00:00Z,1.06895,1.07125,1.0675,1.0683,63815,0,35
2022-01-23T00:00:00Z,1.06784,1.0698,1.06748,1.06914,2522,0,35
2022-01-24T00:00:00Z,1.06914,1.07014,1.06333,1.067,70007,0,35
2022-01-25T00:00:00Z,1.06702,1.07105,1.06675,1.06985,68630,0,35
2022-01-26T00:00:00Z,1.06981,1.07258,1.06789,1.06898,63513,0,35
2022-01-27T00:00:00Z,1.06896,1.07193,1.06766,1.0684,76504,0,35
2022-01-28T00:00:00Z,1.0684,1.0705,1.06557,1.0683799999999999,70940,0,35
2022-01-30T00:00:00Z,1.06738,1.0686,1.06516,1.0678,2515,0,35
2022-01-31T00:00:00Z,1.06779,1.07511,1.06757,1.07449,56258,0,35
2022-02-01T00:00:00Z,1.07451,1.07558,1.06982,1.07474,57283,0,35
2022-02-02T00:00:00Z,1.07473,1.07694,1.07307,1.07686,49791,0,35
2022-02-03T00:00:00Z,1.07686,1.07686,1.07039,1.07134,61854,0,35
2022-02-04T00:00:00Z,1.07134,1.07165,1.06787,1.06958,61085,0,35
2022-02-06T00:00:00Z,1.06942,1.07079,1.06649,1.06947,1834,0,35
2022-02-07T00:00:00Z,1.06947,1.07432,1.06932,1.07371,55938,0,35
2022-02-08T00:00:00Z,1.07371,1.07529,1.07153,1.07444,50574,0,35
2022-02-09T00:00:00Z,1.07444,1.07654,1.0729,1.07446,45358,0,35
2022-02-10T00:00:00Z,1.07446,1.07689,1.07156,1.07426,66442,0,35
2022-02-11T00:00:00Z,1.07426,1.07491,1.07128,1.07302,74566,0,35
2022-02-13T00:00:00Z,1.07279,1.07561,1.07208,1.07481,2858,0,35
2022-02-14T00:00:00Z,1.07481,1.07797,1.07373,1.07761,72168,0,35
2022-02-15T00:00:00Z,1.07761,1.0789,1.07306,1.07651,62490,0,35
2022-02-16T00:00:00Z,1.07651,1.0795,1.07533,1.07657,58619,0,35
2022-02-17T00:00:00Z,1.07653,1.07711,1.07268,1.07427,68492,0,35
2022-02-18T00:00:00Z,1.07427,1.07434,1.07095,1.07138,59580,0,35
2022-02-20T00:00:00Z,1.07098,1.07217,1.07047,1.07202,1961,0,35
2022-02-21T00:00:00Z,1.07202,1.07416,1.07085,1.07284,54083,0,35
2022-02-22T00:00:00Z,1.0728,1.07374,1.06987,1.07185,71703,0,35
2022-02-23T00:00:00Z,1.07185,1.0732,1.0667200000000001,1.06741,59140,0,35
2022-02-24T00:00:00Z,1.06741,1.07236,1.06646,1.07041,98435,0,35
2022-02-25T00:00:00Z,1.07041,1.07347,1.0676,1.07163,74821,0,35
2022-02-27T00:00:00Z,1.07326,1.07416,1.071,1.07357,4964,0,35
2022-02-28T00:00:00Z,1.07362,1.0748,1.07065,1.07263,76489,0,35
2022-03-01T00:00:00Z,1.07263,1.07495,1.0719,1.07287,68643,0,35
2022-03-02T00:00:00Z,1.07287,1.07545,1.07173,1.0752,71837,0,35
2022-03-03T00:00:00Z,1.0752,1.07943,1.07507,1.07721,62110,0,35
2022-03-04T00:00:00Z,1.07721,1.07905,1.07311,1.07457,71401,0,35
2022-03-06T00:00:00Z,1.07506,1.07593,1.07355,1.07555,3647,0,35
2022-03-07T00:00:00Z,1.07554,1.07661,1.07088,1.07185,86450,0,35
2022-03-08T00:00:00Z,1.07185,1.07311,1.06445,1.06805,85820,0,35
2022-03-09T00:00:00Z,1.06805,1.07163,1.06701,1.06993,67026,0,35
2022-03-10T00:00:00Z,1.06994,1.07275,1.0691,1.0714,63910,0,35
2022-03-11T00:00:00Z,1.07141,1.07293,1.0684,1.07099,61231,0,35
2022-03-13T00:00:00Z,1.06943,1.07169,1.06909,1.07094,2635,0,35
2022-03-14T00:00:00Z,1.07092,1.07103,1.0647,1.06656,63591,0,35
2022-03-15T00:00:00Z,1.06656,1.0673,1.06196,1.06351,64864,0,35
2022-03-16T00:00:00Z,1.06351,1.06742,1.0631,1.06697,66644,0,35
2022-03-17T00:00:00Z,1.06696,1.07206,1.06656,1.07088,59399,0,35
2022-03-18T00:00:00Z,1.07088,1.07397,1.07067,1.07296,51721,0,35
2022-03-20T00:00:00Z,1.07197,1.07432,1.07176,1.07402,2786,0,35
2022-03-21T00:00:00Z,1.07402,1.07516,1.07046,1.07497,49973,0,35
2022-03-22T00:00:00Z,1.07498,1.07531,1.06925,1.07152,51494,0,35
2022-03-23T00:00:00Z,1.07152,1.07626,1.07047,1.07486,53635,0,35
2022-03-24T00:00:00Z,1.07486,1.08047,1.07408,1.07828,56943,0,35
2022-03-25T00:00:00Z,1.07828,1.08077,1.07735,1.0795,54841,0,35
2022-03-27T00:00:00Z,1.07928,1.08077,1.07574,1.08042,2499,0,35
2022-03-28T00:00:00Z,1.08042,1.08732,1.07973,1.08556,59120,0,35
2022-03-29T00:00:00Z,1.08556,1.08835,1.08108,1.08225,62687,0,35
2022-03-30T00:00:00Z,1.08224,1.08245,1.07536,1.07612,59007,0,35
2022-03-31T00:00:00Z,1.07612,1.0812,1.07563,1.08076,61528,0,35
2022-04-01T00:00:00Z,1.08076,1.08589,1.0791,1.08314,53700,0,35
2022-04-03T00:00:00Z,1.07978,1.08392,1.07963,1.08364,1954,0,35
2022-04-04T00:00:00Z,1.08367,1.08602,1.08066,1.08584,48245,0,35
2022-04-05T00:00:00Z,1.08583,1.09237,1.08464,1.09168,55512,0,35
2022-04-06T00:00:00Z,1.09169,1.09207,1.08468,1.08578,63610,0,35
2022-04-07T00:00:00Z,1.08578,1.08659,1.08328,1.08615,56800,0,35
2022-04-08T00:00:00Z,1.08615,1.09013,1.08566,1.08933,52539,0,35
2022-04-10T00:00:00Z,1.08722,1.09016,1.08694,1.08958,2616,0,35
2022-04-11T00:00:00Z,1.08958,1.09051,1.08328,1.08737,54988,0,35
2022-04-12T00:00:00Z,1.08737,1.08872,1.08592,1.08702,62577,0,35
2022-04-13T00:00:00Z,1.08702,1.09731,1.08289,1.0955,63301,0,35
2022-04-14T00:00:00Z,1.09548,1.09662,1.08648,1.09255,56528,0,35
2022-04-15T00:00:00Z,1.09255,1.09359,1.08969,1.09268,41156,0,35
2022-04-17T00:00:00Z,1.08888,1.09388,1.08861,1.09388,2388,0,35
2022-04-18T00:00:00Z,1.09388,1.0949200000000001,1.08993,1.09227,49031,0,35
2022-04-19T00:00:00Z,1.09227,1.09674,1.09169,1.09587,63410,0,35
2022-04-20T00:00:00Z,1.09587,1.09973,1.09346,1.09741,61945,0,35
2022-04-21T00:00:00Z,1.09741,1.09782,1.09382,1.09482,65269,0,35
2022-04-22T00:00:00Z,1.09482,1.09677,1.09046,1.09157,68727,0,35
2022-04-24T00:00:00Z,1.0925799999999999,1.09286,1.0904,1.09194,3214,0,35
2022-04-25T00:00:00Z,1.09194,1.09195,1.08231,1.0845,83408,0,35
2022-04-26T00:00:00Z,1.0845,1.08821,1.08383,1.08617,76887,0,35
2022-04-27T00:00:00Z,1.08618,1.09154,1.08535,1.08878,80485,0,35
2022-04-28T00:00:00Z,1.08878,1.09611,1.08844,1.09472,84854,0,35
2022-04-29T00:00:00Z,1.09469,1.09766,1.09283,1.09321,73775,0,35
2022-05-01T00:00:00Z,1.09206,1.09437,1.09189,1.09417,5388,0,35
2022-05-02T00:00:00Z,1.09416,1.09747,1.09286,1.09415,68750,0,35
2022-05-03T00:00:00Z,1.09415,1.10635,1.09395,1.10376,75196,0,35
2022-05-04T00:00:00Z,1.10375,1.11089,1.10196,1.10708,75723,0,35
2022-05-05T00:00:00Z,1.10708,1.10925,1.10388,1.10709,84522,0,35
2022-05-06T00:00:00Z,1.10709,1.10733,1.10166,1.10358,86097,0,35
2022-05-08T00:00:00Z,1.10222,1.10379,1.10066,1.10272,4440,0,35
2022-05-09T00:00:00Z,1.1026799999999999,1.10514,1.09786,1.10019,94519,0,35
2022-05-10T00:00:00Z,1.10017,1.10377,1.09832,1.10248,95587,0,35
2022-05-11T00:00:00Z,1.10248,1.10611,1.10008,1.10208,90900,0,35
2022-05-12T00:00:00Z,1.10208,1.10528,1.0981,1.0998,104123,0,35
2022-05-13T00:00:00Z,1.09977,1.10576,1.09942,1.10303,73989,0,35
2022-05-15T00:00:00Z,1.10121,1.10536,1.10121,1.1042399999999999,3724,0,35
2022-05-16T00:00:00Z,1.1042399999999999,1.10659,1.10135,1.10468,83713,0,35
2022-05-17T00:00:00Z,1.10468,1.1078999999999999,1.10112,1.10524,80892,0,35
2022-05-18T00:00:00Z,1.10524,1.10662,1.10202,1.10568,75536,0,35
2022-05-19T00:00:00Z,1.10569,1.10687,1.09889,1.10339,96469,0,35
2022-05-20T00:00:00Z,1.10339,1.10356,1.09817,1.09882,81421,0,35
2022-05-22T00:00:00Z,1.0998,1.1007500000000001,1.09832,1.09974,3403,0,30
2022-05-23T00:00:00Z,1.09974,1.10016,1.09716,1.09931,71629,0,35
2022-05-24T00:00:00Z,1.09934,1.10148,1.09761,1.1013600000000001,77455,0,35
2022-05-25T00:00:00Z,1.10137,1.10265,1.09201,1.09393,78509,0,35
2022-05-26T00:00:00Z,1.09397,1.09669,1.09335,1.09512,67392,0,35
2022-05-27T00:00:00Z,1.09512,1.0965,1.09324,1.09505,55709,0,35
2022-05-29T00:00:00Z,1.09327,1.09657,1.09308,1.09566,2695,0,35
2022-05-30T00:00:00Z,1.09566,1.0984099999999999,1.0945,1.09714,49300,0,35
2022-05-31T00:00:00Z,1.09713,1.10354,1.09702,1.10168,72989,0,35
2022-06-01T00:00:00Z,1.1017,1.10763,1.10105,1.10672,71029,0,35
2022-06-02T00:00:00Z,1.10672,1.10784,1.10513,1.10747,58401,0,35
2022-06-03T00:00:00Z,1.10748,1.10944,1.10606,1.10683,52968,0,35
2022-06-05T00:00:00Z,1.10509,1.10779,1.10508,1.10653,2796,0,35
2022-06-06T00:00:00Z,1.10653,1.10898,1.10549,1.10825,55484,0,35
2022-06-07T00:00:00Z,1.10825,1.1161,1.10765,1.11417,69741,0,35
2022-06-08T00:00:00Z,1.11417,1.11671,1.11385,1.11526,64476,0,35
2022-06-09T00:00:00Z,1.11526,1.11527,1.11036,1.11145,69906,0,35
2022-06-10T00:00:00Z,1.11145,1.11149,1.10743,1.1078999999999999,69729,0,35
2022-06-12T00:00:00Z,1.10819,1.10932,1.10661,1.10761,4710,0,35
2022-06-13T00:00:00Z,1.10761,1.10968,1.10396,1.10627,85674,0,35
2022-06-14T00:00:00Z,1.10626,1.10961,1.10226,1.10627,92996,0,35
2022-06-15T00:00:00Z,1.10627,1.11671,1.10594,1.11532,93494,0,35
2022-06-16T00:00:00Z,1.11534,1.11604,1.1034,1.10706,96735,0,35
2022-06-17T00:00:00Z,1.10706,1.10875,1.09777,1.09786,86200,0,35
2022-06-19T00:00:00Z,1.09701,1.09936,1.09596,1.09887,4665,0,35
2022-06-20T00:00:00Z,1.09887,1.10055,1.09439,1.09976,65919,0,35
2022-06-21T00:00:00Z,1.09976,1.10217,1.09644,1.10209,76625,0,35
2022-06-22T00:00:00Z,1.10208,1.10499,1.09947,1.10099,82615,0,35
2022-06-23T00:00:00Z,1.10099,1.10291,1.09686,1.0982,82162,0,35
2022-06-24T00:00:00Z,1.09822,1.09969,1.09514,1.0991,71438,0,35
2022-06-26T00:00:00Z,1.09848,1.09996,1.09786,1.09969,3945,0,35
2022-06-27T00:00:00Z,1.09971,1.10011,1.09583,1.09972,75920,0,35
2022-06-28T00:00:00Z,1.09972,1.10788,1.09853,1.10689,81160,0,35
2022-06-29T00:00:00Z,1.10689,1.10752,1.10269,1.10513,83507,0,35
2022-06-30T00:00:00Z,1.10513,1.10893,1.10459,1.10537,87890,0,35
2022-07-01T00:00:00Z,1.10538,1.10594,1.09584,1.0977,86147,0,35
2022-07-03T00:00:00Z,1.09732,1.09847,1.09692,1.09756,3715,0,35
2022-07-04T00:00:00Z,1.09756,1.10646,1.09608,1.10565,59608,0,35
2022-07-05T00:00:00Z,1.10565,1.10768,1.09873,1.10172,87399,0,35
2022-07-06T00:00:00Z,1.10172,1.10425,1.10046,1.10275,90890,0,35
2022-07-07T00:00:00Z,1.10274,1.10831,1.10144,1.10817,74765,0,35
2022-07-08T00:00:00Z,1.10816,1.10931,1.10528,1.10683,76959,0,35
2022-07-10T00:00:00Z,1.10577,1.10754,1.10464,1.10659,4497,0,35
2022-07-11T00:00:00Z,1.10658,1.10691,1.09932,1.10137,77650,0,35
2022-07-12T00:00:00Z,1.10139,1.10332,1.09926,1.10184,83409,0,35
2022-07-13T00:00:00Z,1.10184,1.10643,1.10082,1.1020699999999999,89526,0,35
2022-07-14T00:00:00Z,1.1020699999999999,1.10681,1.09847,1.10183,93096,0,35
2022-07-15T00:00:00Z,1.10182,1.10389,1.09732,1.10286,77957,0,35
2022-07-17T00:00:00Z,1.10126,1.10473,1.10044,1.10067,3896,0,35
2022-07-18T00:00:00Z,1.10067,1.10815,1.09908,1.10661,70383,0,35
2022-07-19T00:00:00Z,1.10661,1.10979,1.10571,1.10618,70973,0,35
2022-07-20T00:00:00Z,1.10618,1.10694,1.10201,1.10622,80191,0,35
2022-07-21T00:00:00Z,1.10623,1.11038,1.10612,1.10857,82420,0,35
2022-07-22T00:00:00Z,1.10855,1.1109,1.10586,1.10734,78525,0,35
2022-07-24T00:00:00Z,1.10504,1.10854,1.10383,1.10749,3625,0,35
2022-07-25T00:00:00Z,1.10749,1.11108,1.10666,1.11053,68819,0,35
2022-07-26T00:00:00Z,1.11061,1.11419,1.11015,1.11295,63279,0,35
2022-07-27T00:00:00Z,1.11295,1.11768,1.10925,1.11724,69554,0,35
2022-07-28T00:00:00Z,1.11724,1.1178,1.10946,1.1117,75318,0,35
2022-07-29T00:00:00Z,1.1117,1.11335,1.10901,1.11074,71388,0,35
2022-07-31T00:00:00Z,1.11061,1.1115,1.10925,1.11021,3876,0,35
2022-08-01T00:00:00Z,1.11021,1.11253,1.10569,1.1091199999999999,65126,0,35
2022-08-02T00:00:00Z,1.10908,1.11068,1.10064,1.10757,81162,0,35
2022-08-03T00:00:00Z,1.10759,1.1102400000000001,1.10586,1.10679,71475,0,35
2022-08-04T00:00:00Z,1.10682,1.10736,1.10374,1.10518,65716,0,35
2022-08-05T00:00:00Z,1.10519,1.10783,1.103,1.10715,61579,0,35
2022-08-07T00:00:00Z,1.10327,1.10706,1.10327,1.10622,3329,0,35
2022-08-08T00:00:00Z,1.10618,1.1125,1.10616,1.1109,56771,0,35
2022-08-09T00:00:00Z,1.11091,1.11216,1.10516,1.10633,54180,0,35
2022-08-10T00:00:00Z,1.10633,1.11122,1.10086,1.10547,64818,0,35
2022-08-11T00:00:00Z,1.1054599999999999,1.10654,1.10272,1.10374,64815,0,35
2022-08-12T00:00:00Z,1.10374,1.10434,1.10044,1.10306,57058,0,35
2022-08-14T00:00:00Z,1.10171,1.10385,1.10134,1.10333,2237,0,35
2022-08-15T00:00:00Z,1.10333,1.10592,1.1011,1.10322,56911,0,35
2022-08-16T00:00:00Z,1.10322,1.10805,1.10194,1.10672,61201,0,35
2022-08-17T00:00:00Z,1.10672,1.10683,1.09884,1.1042,75511,0,35
2022-08-18T00:00:00Z,1.1042,1.10734,1.10192,1.10689,70509,0,35
2022-08-19T00:00:00Z,1.10689,1.11453,1.1058,1.11366,62962,0,35
2022-08-21T00:00:00Z,1.10913,1.11369,1.10913,1.11366,4252,0,35
2022-08-22T00:00:00Z,1.11365,1.11502,1.11159,1.11351,66187,0,35
2022-08-23T00:00:00Z,1.11351,1.11562,1.11041,1.11504,75415,0,35
2022-08-24T00:00:00Z,1.11503,1.1172900000000001,1.11284,1.11722,64953,0,35
2022-08-25T00:00:00Z,1.11722,1.12167,1.11718,1.11996,68521,0,35
2022-08-26T00:00:00Z,1.11996,1.12534,1.11992,1.12294,68891,0,35
2022-08-28T00:00:00Z,1.12249,1.12372,1.1215600000000001,1.12367,4657,0,35
2022-08-29T00:00:00Z,1.12368,1.12396,1.1204,1.12163,71448,0,35
2022-08-30T00:00:00Z,1.12162,1.12481,1.1166800000000001,1.11809,73302,0,35
2022-08-31T00:00:00Z,1.11809,1.12191,1.11368,1.11723,75571,0,35
2022-09-01T00:00:00Z,1.11723,1.12079,1.11537,1.11672,77775,0,35
2022-09-02T00:00:00Z,1.11674,1.12065,1.11302,1.11354,71745,0,35
2022-09-04T00:00:00Z,1.11422,1.11588,1.11159,1.11564,5162,0,35
2022-09-05T00:00:00Z,1.11564,1.11601,1.11298,1.11566,58674,0,35
2022-09-06T00:00:00Z,1.11566,1.11645,1.11257,1.11515,79551,0,35
2022-09-07T00:00:00Z,1.11515,1.11791,1.11305,1.11357,81208,0,35
2022-09-08T00:00:00Z,1.11358,1.11537,1.11133,1.11427,79854,0,35
2022-09-09T00:00:00Z,1.11427,1.12123,1.11398,1.12066,68717,0,35
2022-09-11T00:00:00Z,1.12246,1.12259,1.11815,1.11989,3941,0,35
2022-09-12T00:00:00Z,1.11989,1.12274,1.11807,1.12148,64082,0,35
2022-09-13T00:00:00Z,1.12149,1.12562,1.1194,1.12299,70417,0,35
2022-09-14T00:00:00Z,1.12299,1.12375,1.12035,1.12198,75452,0,35
2022-09-15T00:00:00Z,1.12205,1.12563,1.12029,1.12245,66178,0,35
2022-09-16T00:00:00Z,1.12245,1.12531,1.11982,1.12114,64827,0,35
2022-09-18T00:00:00Z,1.11972,1.1232,1.11929,1.1217,4297,0,35
2022-09-19T00:00:00Z,1.12168,1.12934,1.12146,1.12855,60874,0,35
2022-09-20T00:00:00Z,1.12855,1.13629,1.12854,1.13389,68159,0,35
2022-09-21T00:00:00Z,1.13389,1.13498,1.12852,1.13401,81539,0,35
2022-09-22T00:00:00Z,1.13401,1.1368800000000001,1.13158,1.13634,89649,0,35
2022-09-23T00:00:00Z,1.13633,1.13711,1.13283,1.13643,81533,0,35
2022-09-25T00:00:00Z,1.1334,1.13755,1.13306,1.13755,5354,0,35
2022-09-26T00:00:00Z,1.13755,1.14606,1.13319,1.14228,106691,0,35
2022-09-27T00:00:00Z,1.14228,1.14327,1.13672,1.1427,96928,0,35
2022-09-28T00:00:00Z,1.1427,1.1488800000000001,1.13601,1.13764,112814,0,35
2022-09-29T00:00:00Z,1.13764,1.14118,1.13049,1.13344,105052,0,35
2022-09-30T00:00:00Z,1.13344,1.14386,1.13284,1.14338,99888,0,35
2022-10-02T00:00:00Z,1.14165,1.14415,1.14165,1.14212,5943,0,35
2022-10-03T00:00:00Z,1.14213,1.14308,1.13606,1.13669,91602,0,35
2022-10-04T00:00:00Z,1.1367,1.14181,1.13058,1.13517,94509,0,35
2022-10-05T00:00:00Z,1.13518,1.13594,1.12399,1.12724,83839,0,35
2022-10-06T00:00:00Z,1.12724,1.13476,1.12442,1.1329500000000001,89249,0,35
2022-10-07T00:00:00Z,1.13304,1.13683,1.13153,1.1347,85521,0,35
2022-10-09T00:00:00Z,1.13354,1.13561,1.13352,1.13423,5710,0,35
2022-10-10T00:00:00Z,1.13423,1.13437,1.12673,1.12955,82448,0,35
2022-10-11T00:00:00Z,1.12955,1.1307800000000001,1.1195,1.12203,99360,0,35
2022-10-12T00:00:00Z,1.12202,1.12309,1.11337,1.11856,93256,0,35
2022-10-13T00:00:00Z,1.11856,1.12045,1.11508,1.11687,90110,0,35
2022-10-14T00:00:00Z,1.11687,1.11877,1.11497,1.11578,98911,0,35
2022-10-16T00:00:00Z,1.11474,1.11673,1.11349,1.11576,4810,0,35
2022-10-17T00:00:00Z,1.11576,1.11883,1.11238,1.11308,86094,0,34
2022-10-18T00:00:00Z,1.11309,1.11343,1.10698,1.10903,92654,0,35
2022-10-19T00:00:00Z,1.109,1.10954,1.10218,1.1062,86638,0,35
2022-10-20T00:00:00Z,1.1062,1.10865,1.10374,1.10672,90952,0,35
2022-10-21T00:00:00Z,1.10672,1.10996,1.10522,1.10774,95566,0,35
2022-10-23T00:00:00Z,1.10621,1.1076,1.10394,1.10522,11996,0,35
2022-10-24T00:00:00Z,1.10526,1.10999,1.10205,1.10919,105822,0,35
2022-10-25T00:00:00Z,1.10919,1.1120700000000001,1.1064,1.11177,84869,0,35
2022-10-26T00:00:00Z,1.11176,1.11742,1.11039,1.11186,96574,0,35
2022-10-27T00:00:00Z,1.11187,1.11293,1.10418,1.10681,98855,0,35
2022-10-28T00:00:00Z,1.10681,1.10788,1.1012,1.10243,83269,0,35
2022-10-30T00:00:00Z,1.10253,1.10376,1.10088,1.10329,6359,0,35
2022-10-31T00:00:00Z,1.10329,1.1055,1.09788,1.10027,77212,0,35
2022-11-01T00:00:00Z,1.10027,1.10177,1.0921,1.0937000000000001,88615,0,35
2022-11-02T00:00:00Z,1.09372,1.09531,1.08858,1.09022,89432,0,35
2022-11-03T00:00:00Z,1.09022,1.09346,1.08769,1.08998,85191,0,35
2022-11-04T00:00:00Z,1.09003,1.09594,1.08873,1.09129,88992,0,35
2022-11-06T00:00:00Z,1.0903,1.09425,1.08715,1.09235,4436,0,35
2022-11-07T00:00:00Z,1.09235,1.0936,1.08903,1.08995,85211,0,35
2022-11-08T00:00:00Z,1.08993,1.09259,1.08805,1.09149,77498,0,35
2022-11-09T00:00:00Z,1.09149,1.09689,1.08978,1.09245,89022,0,35
2022-11-10T00:00:00Z,1.09245,1.09893,1.09154,1.09777,94972,0,35
2022-11-11T00:00:00Z,1.09777,1.10436,1.09485,1.0959699999999999,91376,0,35
2022-11-13T00:00:00Z,1.09744,1.09993,1.09381,1.09695,4551,0,35
2022-11-14T00:00:00Z,1.09696,1.10037,1.09543,1.09885,85497,0,35
2022-11-15T00:00:00Z,1.09885,1.09989,1.09466,1.09792,99632,0,35
2022-11-16T00:00:00Z,1.09792,1.09909,1.09234,1.09572,88921,0,35
2022-11-17T00:00:00Z,1.09572,1.09795,1.09002,1.0913,86353,0,35
2022-11-18T00:00:00Z,1.09128,1.09132,1.08329,1.08425,72487,0,35
2022-11-20T00:00:00Z,1.08016,1.08493,1.08016,1.0839,3740,0,35
2022-11-21T00:00:00Z,1.0839,1.08519,1.08095,1.08344,78587,0,35
2022-11-22T00:00:00Z,1.08344,1.08353,1.07798,1.08,68758,0,35
2022-11-23T00:00:00Z,1.08,1.08258,1.0745,1.07859,81570,0,35
2022-11-24T00:00:00Z,1.07859,1.081,1.07537,1.08073,60890,0,35
2022-11-25T00:00:00Z,1.08073,1.08198,1.07753,1.07764,63169,0,35
2022-11-27T00:00:00Z,1.07956,1.08121,1.07853,1.07953,2663,0,35
2022-11-28T00:00:00Z,1.07953,1.08019,1.07509,1.07906,75624,0,35
2022-11-29T00:00:00Z,1.07906,1.08171,1.07713,1.07842,83384,0,35
2022-11-30T00:00:00Z,1.07842,1.07951,1.07405,1.07679,85691,0,35
2022-12-01T00:00:00Z,1.07679,1.07859,1.06702,1.06924,88882,0,35
2022-12-02T00:00:00Z,1.06925,1.06934,1.05962,1.0596700000000001,75377,0,35
2022-12-04T00:00:00Z,1.06198,1.06375,1.06048,1.06374,3471,0,35
2022-12-05T00:00:00Z,1.06374,1.06566,1.05855,1.06058,73021,0,35
2022-12-06T00:00:00Z,1.06058,1.06575,1.05608,1.05902,72760,0,35
2022-12-07T00:00:00Z,1.05902,1.06072,1.05306,1.05856,77078,0,35
2022-12-08T00:00:00Z,1.05856,1.06241,1.05615,1.0624,69823,0,35
2022-12-09T00:00:00Z,1.06241,1.06241,1.05804,1.05908,67556,0,35
2022-12-11T00:00:00Z,1.0576,1.06086,1.05748,1.06038,2139,0,35
2022-12-12T00:00:00Z,1.06038,1.06127,1.05636,1.05696,65495,0,35
2022-12-13T00:00:00Z,1.05697,1.06117,1.0556,1.06013,84023,0,35
2022-12-14T00:00:00Z,1.06012,1.06631,1.05884,1.06247,78686,0,35
2022-12-15T00:00:00Z,1.06247,1.06348,1.05419,1.05705,79991,0,35
2022-12-16T00:00:00Z,1.05705,1.0570599999999999,1.04695,1.04815,71362,0,35
2022-12-18T00:00:00Z,1.04882,1.05058,1.04881,1.04952,2246,0,35
2022-12-19T00:00:00Z,1.04952,1.05591,1.04872,1.05394,66736,0,35
2022-12-20T00:00:00Z,1.05394,1.05644,1.0495,1.05419,88918,0,35
2022-12-21T00:00:00Z,1.05419,1.06762,1.05374,1.06757,74988,0,35
2022-12-22T00:00:00Z,1.06757,1.07171,1.06572,1.06797,70720,0,35
2022-12-23T00:00:00Z,1.06793,1.0688900000000001,1.06341,1.06793,72194,0,35
2022-12-25T00:00:00Z,1.06612,1.06846,1.06586,1.06635,998,0,311
2022-12-26T00:00:00Z,1.06635,1.07281,1.06288,1.0693,13338,0,35
2022-12-27T00:00:00Z,1.0693,1.07422,1.06584,1.07247,63256,0,35
2022-12-28T00:00:00Z,1.07247,1.07643,1.06603,1.06782,70454,0,35
2022-12-29T00:00:00Z,1.06782,1.06821,1.06227,1.06614,57287,0,35
2022-12-30T00:00:00Z,1.06614,1.07541,1.06598,1.07317,67664,0,35
2023-01-01T00:00:00Z,1.07215,1.07273,1.07075,1.07132,262,0,380
2023-01-02T00:00:00Z,1.07132,1.07885,1.07005,1.0759,15565,0,35
2023-01-03T00:00:00Z,1.07592,1.07943,1.07241,1.07658,86847,0,35
2023-01-04T00:00:00Z,1.07657,1.08772,1.07626,1.08647,83516,0,35
2023-01-05T00:00:00Z,1.08647,1.08723,1.07957,1.08436,83036,0,35
2023-01-06T00:00:00Z,1.08438,1.08637,1.08189,1.08313,82958,0,35
2023-01-08T00:00:00Z,1.08415,1.08454,1.08189,1.08402,3054,0,35
2023-01-09T00:00:00Z,1.08403,1.08646,1.08182,1.08472,75790,0,35
2023-01-10T00:00:00Z,1.08472,1.08558,1.07879,1.08175,72289,0,35
2023-01-11T00:00:00Z,1.08175,1.08731,1.081,1.08504,66955,0,35
2023-01-12T00:00:00Z,1.08503,1.09139,1.08446,1.09066,79001,0,35
2023-01-13T00:00:00Z,1.09066,1.09345,1.08956,1.09243,70803,0,35
2023-01-15T00:00:00Z,1.09079,1.09323,1.09004,1.09231,2322,0,35
2023-01-16T00:00:00Z,1.09229,1.09365,1.08712,1.0901399999999999,63358,0,35
2023-01-17T00:00:00Z,1.0901399999999999,1.09159,1.08481,1.08624,78126,0,35
2023-01-18T00:00:00Z,1.08625,1.08703,1.07514,1.0773,89344,0,35
2023-01-19T00:00:00Z,1.07723,1.0817,1.07359,1.08075,76768,0,35
2023-01-20T00:00:00Z,1.08075,1.08104,1.07622,1.07661,65163,0,35
2023-01-22T00:00:00Z,1.07611,1.07774,1.07569,1.07619,2273,0,35
2023-01-23T00:00:00Z,1.07619,1.0852,1.07547,1.0829,67505,0,35
2023-01-24T00:00:00Z,1.0829,1.08598,1.08013,1.08537,65869,0,35
2023-01-25T00:00:00Z,1.08537,1.0966,1.08537,1.09644,72413,0,35
2023-01-26T00:00:00Z,1.09644,1.0984,1.09396,1.09599,65621,0,35
2023-01-27T00:00:00Z,1.096,1.09679,1.09417,1.0945,60046,0,35
2023-01-29T00:00:00Z,1.09372,1.0952,1.0934,1.09472,2583,0,35
2023-01-30T00:00:00Z,1.09472,1.09555,1.0896,1.09098,66516,0,35
2023-01-31T00:00:00Z,1.09098,1.09682,1.08798,1.0952,69210,0,35
2023-02-01T00:00:00Z,1.0952,1.09923,1.0950199999999999,1.09691,71119,0,35
2023-02-02T00:00:00Z,1.09691,1.0972,1.09032,1.09227,78444,0,35
2023-02-03T00:00:00Z,1.09227,1.09506,1.08826,1.09411,69737,0,35
2023-02-05T00:00:00Z,1.09191,1.09499,1.09064,1.09359,4361,0,35
2023-02-06T00:00:00Z,1.09361,1.09742,1.09114,1.09185,65048,0,35
2023-02-07T00:00:00Z,1.09184,1.10167,1.09046,1.10152,76141,0,35
2023-02-08T00:00:00Z,1.10152,1.10293,1.09676,1.09716,63994,0,35
2023-02-09T00:00:00Z,1.09716,1.09813,1.09497,1.09661,60610,0,35
2023-02-10T00:00:00Z,1.0966,1.09825,1.09496,1.09643,62540,0,35
2023-02-12T00:00:00Z,1.09461,1.0963,1.09461,1.09512,2011,0,35
2023-02-13T00:00:00Z,1.09512,1.09649,1.09269,1.09552,57630,0,35
2023-02-14T00:00:00Z,1.09552,1.10294,1.09363,1.1028,77572,0,35
2023-02-15T00:00:00Z,1.10279,1.10305,1.09682,1.09985,73630,0,35
2023-02-16T00:00:00Z,1.09983,1.10167,1.09616,1.09873,72140,0,35
2023-02-17T00:00:00Z,1.09869,1.10191,1.09842,1.1016,66524,0,35
2023-02-19T00:00:00Z,1.1007,1.10177,1.10032,1.10148,1928,0,35
2023-02-20T00:00:00Z,1.10145,1.10859,1.10107,1.10406,47109,0,35
2023-02-21T00:00:00Z,1.10406,1.108,1.10115,1.10385,73129,0,35
2023-02-22T00:00:00Z,1.1038000000000001,1.10392,1.09231,1.09435,70118,0,35
2023-02-23T00:00:00Z,1.09435,1.09599,1.09109,1.09264,67875,0,35
2023-02-24T00:00:00Z,1.09265,1.09385,1.0903100000000001,1.09066,66094,0,35
2023-02-26T00:00:00Z,1.08979,1.09269,1.08964,1.09223,2335,0,35
2023-02-27T00:00:00Z,1.09224,1.09356,1.09073,1.0934,61559,0,35
2023-02-28T00:00:00Z,1.09339,1.09469,1.08673,1.08773,61516,0,35
2023-03-01T00:00:00Z,1.08773,1.08825,1.0793,1.08069,73711,0,35
2023-03-02T00:00:00Z,1.08069,1.08324,1.07905,1.08222,64788,0,35
2023-03-03T00:00:00Z,1.08222,1.08864,1.08191,1.08765,58807,0,35
2023-03-05T00:00:00Z,1.08514,1.088,1.08375,1.08766,2663,0,35
2023-03-06T00:00:00Z,1.08766,1.08912,1.08448,1.08594,55217,0,35
2023-03-07T00:00:00Z,1.08593,1.08677,1.07411,1.07818,70213,0,35
2023-03-08T00:00:00Z,1.07813,1.08095,1.07616,1.07837,58784,0,35
2023-03-09T00:00:00Z,1.07837,1.08106,1.07707,1.07985,56176,0,35
2023-03-10T00:00:00Z,1.07984,1.08042,1.0723,1.07287,82990,0,35
2023-03-12T00:00:00Z,1.07483,1.07711,1.07242,1.07672,7758,0,35
2023-03-13T00:00:00Z,1.07669,1.07833,1.06957,1.07086,95189,0,35
2023-03-14T00:00:00Z,1.07088,1.07355,1.06888,1.07336,83807,0,35
2023-03-15T00:00:00Z,1.07336,1.07664,1.06691,1.07384,92990,0,35
2023-03-16T00:00:00Z,1.07384,1.07977,1.07185,1.07388,83791,0,35
2023-03-17T00:00:00Z,1.07388,1.07607,1.0682,1.06869,63863,0,35
2023-03-19T00:00:00Z,1.0671599999999999,1.07047,1.06578,1.07005,6177,0,35
2023-03-20T00:00:00Z,1.07005,1.07593,1.06735,1.07591,72354,0,35
2023-03-21T00:00:00Z,1.07591,1.07953,1.07355,1.07828,60887,0,35
2023-03-22T00:00:00Z,1.07827,1.08033,1.07239,1.07485,63422,0,35
2023-03-23T00:00:00Z,1.07485,1.07557,1.06719,1.06947,67145,0,35
2023-03-24T00:00:00Z,1.06947,1.07291,1.06799,1.0709,59704,0,35
2023-03-26T00:00:00Z,1.07051,1.0726,1.07045,1.07142,4047,0,35
2023-03-27T00:00:00Z,1.07142,1.07446,1.07067,1.07345,51364,0,35
2023-03-28T00:00:00Z,1.07345,1.07444,1.07074,1.07228,47792,0,35
2023-03-29T00:00:00Z,1.07227,1.07468,1.06846,1.07434,49207,0,35
2023-03-30T00:00:00Z,1.07434,1.07616,1.07017,1.07103,45155,0,35
2023-03-31T00:00:00Z,1.07103,1.07119,1.06703,1.06861,46116,0,35
2023-04-02T00:00:00Z,1.06661,1.07071,1.06661,1.06966,5291,0,35
2023-04-03T00:00:00Z,1.06967,1.07901,1.06915,1.07707,54227,0,35
2023-04-04T00:00:00Z,1.07706,1.0778,1.06866,1.0701,53086,0,35
2023-04-05T00:00:00Z,1.07007,1.07144,1.05867,1.06296,55711,0,35
2023-04-06T00:00:00Z,1.06296,1.06866,1.06257,1.0686,46217,0,35
2023-04-07T00:00:00Z,1.06859,1.07015,1.06269,1.0630600000000001,33736,0,35
2023-04-09T00:00:00Z,1.06368,1.06698,1.06351,1.06678,3983,0,35
2023-04-10T00:00:00Z,1.06678,1.06905,1.06462,1.06753,41098,0,35
2023-04-11T00:00:00Z,1.06751,1.07552,1.06723,1.07396,46032,0,35
2023-04-12T00:00:00Z,1.07396,1.07781,1.07391,1.07686,50444,0,35
2023-04-13T00:00:00Z,1.07684,1.08107,1.0744,1.07616,47987,0,35
2023-04-14T00:00:00Z,1.07616,1.08114,1.07338,1.08041,47381,0,35
2023-04-16T00:00:00Z,1.07868,1.08113,1.0784799999999999,1.08108,2497,0,35
2023-04-17T00:00:00Z,1.08108,1.08485,1.08017,1.08348,46992,0,35
2023-04-18T00:00:00Z,1.08348,1.08691,1.08073,1.0836999999999999,46414,0,35
2023-04-19T00:00:00Z,1.08369,1.08841,1.0802100000000001,1.08796,47475,0,35
2023-04-20T00:00:00Z,1.08796,1.09225,1.08648,1.09117,46344,0,35
2023-04-21T00:00:00Z,1.09118,1.09292,1.08861,1.09008,43007,0,35
2023-04-23T00:00:00Z,1.08837,1.09061,1.08837,1.08932,2176,0,35
2023-04-24T00:00:00Z,1.08934,1.08993,1.08414,1.08539,41190,0,35
2023-04-25T00:00:00Z,1.08534,1.08544,1.07774,1.07946,48388,0,35
2023-04-26T00:00:00Z,1.07946,1.08005,1.07617,1.07957,55339,0,35
2023-04-27T00:00:00Z,1.07957,1.07964,1.07503,1.07871,56448,0,35
2023-04-28T00:00:00Z,1.07871,1.07905,1.06814,1.06944,53777,0,35
2023-04-30T00:00:00Z,1.06926,1.07148,1.06793,1.071,3464,0,35
2023-05-01T00:00:00Z,1.071,1.07641,1.07084,1.07425,44698,0,35
2023-05-02T00:00:00Z,1.07425,1.08329,1.07065,1.07149,61936,0,35
2023-05-03T00:00:00Z,1.07149,1.07169,1.06773,1.06959,59372,0,35
2023-05-04T00:00:00Z,1.06959,1.07139,1.06218,1.06435,66158,0,35
2023-05-05T00:00:00Z,1.06435,1.07285,1.06334,1.07271,50519,0,35
2023-05-07T00:00:00Z,1.07146,1.07303,1.07088,1.07104,2593,0,35
2023-05-08T00:00:00Z,1.07104,1.07368,1.06729,1.06989,40495,0,35
2023-05-09T00:00:00Z,1.06989,1.07077,1.06603,1.06745,43747,0,35
2023-05-10T00:00:00Z,1.06745,1.06852,1.06221,1.06429,50779,0,35
2023-05-11T00:00:00Z,1.06429,1.06461,1.06021,1.06439,54266,0,35
2023-05-12T00:00:00Z,1.06439,1.07406,1.06423,1.07204,44734,0,35
2023-05-14T00:00:00Z,1.07224,1.07333,1.07152,1.07272,4345,0,35
2023-05-15T00:00:00Z,1.07273,1.07634,1.07175,1.07321,44831,0,35
2023-05-16T00:00:00Z,1.07321,1.07342,1.06679,1.06742,51968,0,35
2023-05-17T00:00:00Z,1.06742,1.06779,1.06151,1.06559,54134,0,35
2023-05-18T00:00:00Z,1.06559,1.06616,1.06062,1.06258,55964,0,35
2023-05-19T00:00:00Z,1.06258,1.06368,1.05768,1.05804,56701,0,35
2023-05-21T00:00:00Z,1.05908,1.06107,1.05808,1.05964,3241,0,35
2023-05-22T00:00:00Z,1.05963,1.05996,1.05506,1.05758,60904,0,35
2023-05-23T00:00:00Z,1.05757,1.06062,1.05669,1.05817,58819,0,35
2023-05-24T00:00:00Z,1.05818,1.07282,1.05661,1.07179,70127,0,35
2023-05-25T00:00:00Z,1.0718,1.0754299999999999,1.07066,1.07335,61772,0,35
2023-05-26T00:00:00Z,1.07336,1.0785,1.07056,1.07671,54494,0,35
2023-05-28T00:00:00Z,1.07646,1.07884,1.0762,1.07733,3372,0,35
2023-05-29T00:00:00Z,1.07733,1.08057,1.07667,1.07991,33459,0,35
2023-05-30T00:00:00Z,1.07994,1.08235,1.07676,1.07785,56516,0,35
2023-05-31T00:00:00Z,1.07785,1.08272,1.07759,1.08005,66113,0,35
2023-06-01T00:00:00Z,1.08005,1.08451,1.07988,1.08451,61795,0,35
2023-06-02T00:00:00Z,1.08456,1.0907499999999999,1.08332,1.08927,54009,0,35
2023-06-04T00:00:00Z,1.08755,1.09039,1.08637,1.08905,3329,0,35
2023-06-05T00:00:00Z,1.08906,1.09117,1.08845,1.08915,53353,0,35
2023-06-06T00:00:00Z,1.08915,1.09906,1.08822,1.09884,55621,0,35
2023-06-07T00:00:00Z,1.09884,1.10306,1.09673,1.10193,59793,0,35
2023-06-08T00:00:00Z,1.10192,1.1026,1.09827,1.10139,56764,0,35
2023-06-09T00:00:00Z,1.10141,1.10193,1.0973600000000001,1.09913,50619,0,35
2023-06-11T00:00:00Z,1.09856,1.10068,1.09693,1.10013,4711,0,35
2023-06-12T00:00:00Z,1.1001400000000001,1.10389,1.10012,1.1018,85427,0,35
2023-06-13T00:00:00Z,1.10179,1.10475,1.09802,1.0989,104045,0,35
2023-06-14T00:00:00Z,1.09889,1.10135,1.09195,1.09647,106461,0,35
2023-06-15T00:00:00Z,1.09648,1.10446,1.09525,1.1033,103100,0,35
2023-06-16T00:00:00Z,1.1033,1.10492,1.09997,1.09999,99392,0,35
2023-06-18T00:00:00Z,1.1027,1.1042,1.10097,1.10287,7610,0,35
2023-06-19T00:00:00Z,1.10287,1.10512,1.10067,1.10443,83666,0,35
2023-06-20T00:00:00Z,1.10442,1.10492,1.09711,1.10087,116129,0,35
2023-06-21T00:00:00Z,1.10087,1.10153,1.09104,1.0953,123400,0,35
2023-06-22T00:00:00Z,1.0953,1.0955,1.09039,1.09334,114910,0,35
2023-06-23T00:00:00Z,1.09334,1.09354,1.08617,1.0864,118332,0,35
2023-06-25T00:00:00Z,1.08574,1.08734,1.08439,1.08648,6202,0,35
2023-06-26T00:00:00Z,1.08649,1.0871,1.08098,1.08279,110709,0,35
2023-06-27T00:00:00Z,1.08278,1.08728,1.08101,1.08511,119339,0,35
2023-06-28T00:00:00Z,1.08512,1.09072,1.07968,1.08634,114962,0,35
2023-06-29T00:00:00Z,1.08633,1.09224,1.08456,1.09088,117897,0,35
2023-06-30T00:00:00Z,1.09089,1.09119,1.0832600000000001,1.08337,110405,0,35
2023-07-02T00:00:00Z,1.0842,1.08596,1.08363,1.08585,3684,0,35
2023-07-03T00:00:00Z,1.08585,1.08608,1.08141,1.084,104573,0,35
2023-07-04T00:00:00Z,1.08399,1.08538,1.07595,1.07982,85708,0,35
2023-07-05T00:00:00Z,1.07983,1.08011,1.07223,1.07721,102128,0,35
2023-07-06T00:00:00Z,1.07719,1.07798,1.07305,1.07559,113179,0,35
2023-07-07T00:00:00Z,1.07559,1.07767,1.07164,1.07679,107169,0,35
2023-07-09T00:00:00Z,1.07456,1.07823,1.07344,1.07753,5292,0,35
2023-07-10T00:00:00Z,1.07754,1.07865,1.07137,1.07575,102914,0,35
2023-07-11T00:00:00Z,1.07575,1.08006,1.07432,1.07968,110122,0,35
2023-07-12T00:00:00Z,1.07971,1.08307,1.0743800000000001,1.07722,121955,0,35
2023-07-13T00:00:00Z,1.07722,1.07985,1.07523,1.07755,114166,0,35
2023-07-14T00:00:00Z,1.07755,1.07835,1.07247,1.07259,107341,0,35
2023-07-16T00:00:00Z,1.07253,1.07417,1.07181,1.07408,5298,0,35
2023-07-17T00:00:00Z,1.07408,1.07809,1.07233,1.0772,98538,0,35
2023-07-18T00:00:00Z,1.07719,1.08587,1.07609,1.08226,122836,0,35
2023-07-19T00:00:00Z,1.08224,1.08833,1.07858,1.08102,122819,0,35
2023-07-20T00:00:00Z,1.08103,1.08991,1.08103,1.08773,120568,0,35
2023-07-21T00:00:00Z,1.08772,1.09138,1.08713,1.0906,110265,0,35
2023-07-23T00:00:00Z,1.0886,1.09109,1.08814,1.09036,5672,0,35
2023-07-24T00:00:00Z,1.09036,1.0924800000000001,1.08267,1.08578,120570,0,35
2023-07-25T00:00:00Z,1.08579,1.09187,1.08571,1.09186,111766,0,35
2023-07-26T00:00:00Z,1.09185,1.09199,1.08478,1.08828,128343,0,35
2023-07-27T00:00:00Z,1.08828,1.08974,1.08067,1.08447,134238,0,35
2023-07-28T00:00:00Z,1.08448,1.08539,1.07844,1.07897,136646,0,35
2023-07-30T00:00:00Z,1.07938,1.0814300000000001,1.07745,1.08115,6531,0,35
2023-07-31T00:00:00Z,1.08115,1.08324,1.07785,1.08247,116284,0,35
2023-08-01T00:00:00Z,1.08247,1.08278,1.07156,1.07767,121319,0,35
2023-08-02T00:00:00Z,1.07765,1.08015,1.07157,1.0747,123272,0,35
2023-08-03T00:00:00Z,1.07468,1.07898,1.07247,1.07854,127993,0,35
2023-08-04T00:00:00Z,1.07855,1.07958,1.0754,1.07567,118302,0,35
2023-08-06T00:00:00Z,1.07747,1.07804,1.07583,1.0776,6771,0,35
2023-08-07T00:00:00Z,1.0776,1.07868,1.07497,1.0761,109402,0,35
2023-08-08T00:00:00Z,1.0761,1.07922,1.07528,1.07836,120730,0,35
2023-08-09T00:00:00Z,1.07835,1.08077,1.0763,1.07805,113223,0,35
2023-08-10T00:00:00Z,1.07809,1.08348,1.077,1.08305,122229,0,35
2023-08-11T00:00:00Z,1.08304,1.0869,1.08273,1.08428,115317,0,35
2023-08-13T00:00:00Z,1.0826500000000001,1.08539,1.0826500000000001,1.08531,7013,0,35
2023-08-14T00:00:00Z,1.08531,1.08651,1.08198,1.0859,122137,0,35
2023-08-15T00:00:00Z,1.08591,1.08766,1.08153,1.08386,132298,0,35
2023-08-16T00:00:00Z,1.0838700000000001,1.08478,1.0789900000000001,1.08114,130696,0,35
2023-08-17T00:00:00Z,1.08114,1.08219,1.07774,1.08093,132628,0,35
2023-08-18T00:00:00Z,1.08092,1.08172,1.07867,1.07991,119018,0,35
2023-08-20T00:00:00Z,1.07806,1.08216,1.07803,1.0821,5593,0,35
2023-08-21T00:00:00Z,1.08212,1.08406,1.07919,1.08146,115169,0,35
2023-08-22T00:00:00Z,1.08146,1.08243,1.07845,1.08139,116725,0,35
2023-08-23T00:00:00Z,1.08139,1.08478,1.08058,1.08462,119508,0,35
2023-08-24T00:00:00Z,1.08464,1.08606,1.08141,1.08318,116460,0,35
2023-08-25T00:00:00Z,1.08319,1.08706,1.0827,1.08288,114232,0,35
2023-08-27T00:00:00Z,1.08358,1.08547,1.08333,1.08546,5490,0,35
2023-08-28T00:00:00Z,1.08546,1.08835,1.08505,1.08795,107995,0,35
2023-08-29T00:00:00Z,1.08794,1.08888,1.08282,1.08516,119534,0,35
2023-08-30T00:00:00Z,1.08517,1.08876,1.08363,1.08804,121489,0,35
2023-08-31T00:00:00Z,1.08804,1.08955,1.08433,1.08562,113820,0,35
2023-09-01T00:00:00Z,1.08562,1.08671,1.08299,1.08412,111411,0,35
2023-09-03T00:00:00Z,1.08278,1.08599,1.0826,1.08558,5813,0,35
2023-09-04T00:00:00Z,1.08559,1.08816,1.0851,1.08762,78066,0,35
2023-09-05T00:00:00Z,1.08762,1.08767,1.08238,1.08329,117480,0,35
2023-09-06T00:00:00Z,1.08329,1.0872600000000001,1.08315,1.08687,116995,0,35
2023-09-07T00:00:00Z,1.08686,1.08742,1.08368,1.08481,114091,0,35
2023-09-08T00:00:00Z,1.0848200000000001,1.08485,1.08133,1.08311,99945,0,35
2023-09-10T00:00:00Z,1.083,1.0846,1.0809,1.084,7450,0,35
2023-09-11T00:00:00Z,1.084,1.08799,1.0828,1.0867499999999999,112192,0,35
2023-09-12T00:00:00Z,1.08676,1.08867,1.08561,1.08768,104688,0,35
2023-09-13T00:00:00Z,1.08768,1.08775,1.08277,1.08449,122984,0,35
2023-09-14T00:00:00Z,1.0845,1.08975,1.08323,1.08923,121068,0,35
2023-09-15T00:00:00Z,1.08924,1.09166,1.08864,1.08939,113225,0,35
2023-09-17T00:00:00Z,1.08954,1.09076,1.08743,1.09042,4666,0,35
2023-09-18T00:00:00Z,1.09042,1.09052,1.0868,1.08751,96129,0,35
2023-09-19T00:00:00Z,1.08751,1.08936,1.08534,1.08629,102813,0,35
2023-09-20T00:00:00Z,1.08629,1.08907,1.08253,1.08626,123959,0,35
2023-09-21T00:00:00Z,1.08626,1.08666,1.07993,1.08049,120155,0,35
2023-09-22T00:00:00Z,1.08048,1.08266,1.07867,1.08011,107625,0,35
2023-09-24T00:00:00Z,1.07835,1.08123,1.07835,1.08119,8905,0,35
2023-09-25T00:00:00Z,1.0812,1.08146,1.0735,1.07615,107179,0,35
2023-09-26T00:00:00Z,1.07615,1.07659,1.07416,1.07481,123169,0,35
2023-09-27T00:00:00Z,1.0748199999999999,1.07706,1.06921,1.07305,123470,0,35
2023-09-28T00:00:00Z,1.07305,1.07809,1.07164,1.07742,122858,0,35
2023-09-29T00:00:00Z,1.07742,1.07742,1.071,1.07114,124478,0,35
2023-10-01T00:00:00Z,1.07118,1.07363,1.07042,1.07347,7272,0,35
2023-10-02T00:00:00Z,1.07349,1.07429,1.0674,1.07074,122722,0,35
2023-10-03T00:00:00Z,1.07074,1.07214,1.06503,1.06675,131459,0,35
2023-10-04T00:00:00Z,1.06673,1.07216,1.06478,1.06918,89323,0,4
2023-10-05T00:00:00Z,1.06919,1.07172,1.06629,1.06735,59868,0,35
2023-10-06T00:00:00Z,1.0673300000000001,1.06917,1.06511,1.06577,58914,0,35
2023-10-08T00:00:00Z,1.06508,1.06635,1.06386,1.06633,5655,0,35
2023-10-09T00:00:00Z,1.06631,1.06645,1.06227,1.06453,52642,0,35
2023-10-10T00:00:00Z,1.06453,1.06678,1.0629,1.06453,60126,0,35
2023-10-11T00:00:00Z,1.06454,1.06651,1.06313,1.0661100000000001,58136,0,35
2023-10-12T00:00:00Z,1.0661100000000001,1.0691,1.06328,1.06665,55334,0,35
2023-10-13T00:00:00Z,1.06663,1.06996,1.0662,1.06962,55935,0,35
2023-10-15T00:00:00Z,1.06382,1.06916,1.06382,1.06831,3770,0,35
2023-10-16T00:00:00Z,1.06832,1.07413,1.06664,1.07385,52672,0,35
2023-10-17T00:00:00Z,1.07384,1.07993,1.07383,1.07927,60376,0,35
2023-10-18T00:00:00Z,1.0793,1.08237,1.07867,1.08178,64990,0,35
2023-10-19T00:00:00Z,1.08178,1.08429,1.07923,1.08264,71034,0,35
2023-10-20T00:00:00Z,1.08264,1.08447,1.08195,1.08267,52782,0,35
2023-10-22T00:00:00Z,1.08302,1.0842,1.08015,1.08416,3034,0,35
2023-10-23T00:00:00Z,1.08416,1.0846,1.08145,1.0828,49583,0,35
2023-10-24T00:00:00Z,1.0828,1.0887,1.08276,1.08765,54373,0,35
2023-10-25T00:00:00Z,1.08766,1.09134,1.08528,1.08649,63053,0,35
2023-10-26T00:00:00Z,1.08649,1.08745,1.08466,1.08655,63507,0,35
2023-10-27T00:00:00Z,1.08654,1.09057,1.08605,1.08864,51315,0,35
2023-10-29T00:00:00Z,1.09007,1.09133,1.089,1.09117,2924,0,35
2023-10-30T00:00:00Z,1.09118,1.09284,1.08837,1.09039,50528,0,35
2023-10-31T00:00:00Z,1.09038,1.09295,1.08473,1.09108,58015,0,35
2023-11-01T00:00:00Z,1.09108,1.09423,1.08699,1.09222,66188,0,35
2023-11-02T00:00:00Z,1.09221,1.09333,1.08994,1.09011,54923,0,35
2023-11-03T00:00:00Z,1.09013,1.09187,1.08491,1.08535,54479,0,35
2023-11-05T00:00:00Z,1.0852,1.08741,1.08509,1.08662,1732,0,35
2023-11-06T00:00:00Z,1.0866,1.08895,1.08538,1.08829,45904,0,35
2023-11-07T00:00:00Z,1.08829,1.08986,1.08195,1.08336,47210,0,35
2023-11-08T00:00:00Z,1.08336,1.08617,1.08098,1.08359,48148,0,35
2023-11-09T00:00:00Z,1.0836,1.08417,1.07807,1.08014,52992,0,35
2023-11-10T00:00:00Z,1.08014,1.08015,1.07774,1.07859,47047,0,35
2023-11-12T00:00:00Z,1.0782,1.07998,1.07782,1.07962,1974,0,35
2023-11-13T00:00:00Z,1.07963,1.08489,1.07863,1.08432,36277,0,35
2023-11-14T00:00:00Z,1.08432,1.08676,1.08154,1.08219,49231,0,6
2023-11-15T00:00:00Z,1.08219,1.08234,1.0772,1.07997,52159,0,5
2023-11-16T00:00:00Z,1.07996,1.08449,1.07992,1.08441,56075,0,35
2023-11-17T00:00:00Z,1.08443,1.08807,1.0838700000000001,1.08709,47771,0,35
2023-11-19T00:00:00Z,1.08458,1.0873,1.08458,1.08595,2449,0,35
2023-11-20T00:00:00Z,1.08597,1.08859,1.0843099999999999,1.0860400000000001,53108,0,35
2023-11-21T00:00:00Z,1.0860400000000001,1.0868,1.08129,1.08308,59456,0,35
2023-11-22T00:00:00Z,1.0830899999999999,1.08753,1.08278,1.08645,54194,0,35
2023-11-23T00:00:00Z,1.08646,1.08649,1.08273,1.08448,37542,0,35
2023-11-24T00:00:00Z,1.08447,1.08495,1.08051,1.08051,38597,0,35
2023-11-26T00:00:00Z,1.08229,1.08288,1.08152,1.08282,1248,0,35
2023-11-27T00:00:00Z,1.08274,1.08528,1.08173,1.08346,49093,0,35
2023-11-28T00:00:00Z,1.08347,1.08597,1.08232,1.0829,56376,0,35
2023-11-29T00:00:00Z,1.08291,1.08324,1.07216,1.07509,60527,0,4
2023-11-30T00:00:00Z,1.0751,1.07654,1.07206,1.07286,62329,0,35
2023-12-01T00:00:00Z,1.07289,1.07603,1.07007,1.07474,56242,0,35
2023-12-03T00:00:00Z,1.07525,1.07598,1.07411,1.07496,4201,0,35
2023-12-04T00:00:00Z,1.07497,1.07659,1.07187,1.07318,60843,0,35
2023-12-05T00:00:00Z,1.07318,1.07398,1.06708,1.06852,60598,0,35
2023-12-06T00:00:00Z,1.06855,1.06951,1.06516,1.06681,54435,0,35
2023-12-07T00:00:00Z,1.06682,1.07068,1.06613,1.07018,62708,0,35
2023-12-08T00:00:00Z,1.0702099999999999,1.07507,1.06978,1.07397,66468,0,35
2023-12-10T00:00:00Z,1.07388,1.07449,1.07267,1.07425,2423,0,35
2023-12-11T00:00:00Z,1.07425,1.07425,1.07087,1.07209,57570,0,35
2023-12-12T00:00:00Z,1.07209,1.07272,1.06778,1.06954,55846,0,35
2023-12-13T00:00:00Z,1.06954,1.07942,1.06939,1.0764,56431,0,35
2023-12-14T00:00:00Z,1.07639,1.08148,1.07459,1.07835,70857,0,35
2023-12-15T00:00:00Z,1.07835,1.08162,1.07771,1.07836,55218,0,35
2023-12-17T00:00:00Z,1.07892,1.08042,1.07592,1.07862,2975,0,35
2023-12-18T00:00:00Z,1.07862,1.07973,1.07576,1.07861,50233,0,35
2023-12-19T00:00:00Z,1.07862,1.08032,1.07646,1.07844,60774,0,35
2023-12-20T00:00:00Z,1.07843,1.07986,1.07526,1.07761,63657,0,35
2023-12-21T00:00:00Z,1.07762,1.08167,1.07696,1.07962,65776,0,35
2023-12-22T00:00:00Z,1.07965,1.08119,1.07831,1.07929,57942,0,35
2023-12-25T00:00:00Z,1.07893,1.08033,1.0767,1.07922,1264,0,35
2023-12-26T00:00:00Z,1.07922,1.07922,1.07708,1.07795,37349,0,35
2023-12-27T00:00:00Z,1.07796,1.08105,1.07775,1.07941,50512,0,35
2023-12-28T00:00:00Z,1.07941,1.07972,1.07728,1.07741,58905,0,35
2023-12-29T00:00:00Z,1.07741,1.07853,1.07503,1.07723,56468,0,35
2024-01-01T00:00:00Z,1.07717,1.07831,1.0763,1.07822,1474,0,35
2024-01-02T00:00:00Z,1.07822,1.08308,1.078,1.0822,67450,0,35
2024-01-03T00:00:00Z,1.08224,1.08266,1.0757,1.07709,75038,0,35
2024-01-04T00:00:00Z,1.07712,1.07867,1.07502,1.07611,69016,0,35
2024-01-05T00:00:00Z,1.0761,1.07636,1.07321,1.07436,73752,0,35
2024-01-07T00:00:00Z,1.07528,1.07578,1.07433,1.07474,1926,0,35
2024-01-08T00:00:00Z,1.07472,1.07579,1.07132,1.0745,65816,0,35
2024-01-09T00:00:00Z,1.07449,1.0757,1.06979,1.07141,65127,0,35
2024-01-10T00:00:00Z,1.07142,1.07706,1.07117,1.07583,61196,0,35
2024-01-11T00:00:00Z,1.07583,1.07636,1.07068,1.07293,72472,0,35
2024-01-12T00:00:00Z,1.07292,1.0737700000000001,1.07027,1.07104,64856,0,35
2024-01-14T00:00:00Z,1.0697,1.07375,1.0697,1.07328,3172,0,35
2024-01-15T00:00:00Z,1.07324,1.0761,1.07256,1.0742099999999999,46495,0,35
2024-01-16T00:00:00Z,1.0742099999999999,1.0749900000000001,1.07121,1.07284,76481,0,35
2024-01-17T00:00:00Z,1.07286,1.07344,1.06977,1.07152,75822,0,35
2024-01-18T00:00:00Z,1.07153,1.0754,1.0688900000000001,1.07535,68151,0,35
2024-01-19T00:00:00Z,1.07535,1.07927,1.07512,1.07823,56860,0,35
2024-01-21T00:00:00Z,1.07757,1.07896,1.07689,1.07789,2430,0,35
2024-01-22T00:00:00Z,1.07789,1.08242,1.07661,1.08167,64084,0,35
2024-01-23T00:00:00Z,1.08166,1.08316,1.07724,1.07907,66738,0,35
2024-01-24T00:00:00Z,1.07908,1.07945,1.07507,1.07632,67236,0,35
2024-01-25T00:00:00Z,1.07633,1.07803,1.07495,1.07745,67886,0,35
2024-01-26T00:00:00Z,1.07747,1.08022,1.07736,1.07943,54287,0,35
2024-01-28T00:00:00Z,1.07857,1.08003,1.07762,1.0796999999999999,2667,0,35
2024-01-29T00:00:00Z,1.07971,1.08101,1.0756000000000001,1.07812,54935,0,35
2024-01-30T00:00:00Z,1.07813,1.0786,1.07446,1.07537,62835,0,35
2024-01-31T00:00:00Z,1.07536,1.07572,1.07218,1.07346,80884,0,35
2024-02-01T00:00:00Z,1.07347,1.07411,1.06903,1.06979,78057,0,35
2024-02-02T00:00:00Z,1.06978,1.07393,1.06969,1.07386,60523,0,35
2024-02-04T00:00:00Z,1.07292,1.07403,1.07157,1.07279,3746,0,35
2024-02-05T00:00:00Z,1.07277,1.07354,1.06993,1.07048,65526,0,35
2024-02-06T00:00:00Z,1.07048,1.07358,1.06887,1.07013,67085,0,35
2024-02-07T00:00:00Z,1.0701100000000001,1.07118,1.06613,1.06719,63317,0,35
2024-02-08T00:00:00Z,1.06719,1.06732,1.06285,1.06295,56062,0,35
2024-02-09T00:00:00Z,1.06296,1.06383,1.05843,1.06049,55506,0,35
2024-02-11T00:00:00Z,1.05947,1.063,1.05927,1.0611,2851,0,35
2024-02-12T00:00:00Z,1.0611,1.06571,1.06085,1.06534,50780,0,35
2024-02-13T00:00:00Z,1.06536,1.0692,1.06419,1.06521,64509,0,35
2024-02-14T00:00:00Z,1.06522,1.06711,1.0637,1.06706,61110,0,35
2024-02-15T00:00:00Z,1.06707,1.0685,1.06461,1.06772,60514,0,35
2024-02-16T00:00:00Z,1.06773,1.07016,1.06558,1.06581,56474,0,35
2024-02-18T00:00:00Z,1.06551,1.06647,1.06524,1.06538,2129,0,35
2024-02-19T00:00:00Z,1.06542,1.06648,1.06267,1.06302,37664,0,35
2024-02-20T00:00:00Z,1.06303,1.0647,1.06095,1.06242,52619,0,35
2024-02-21T00:00:00Z,1.06241,1.06256,1.05936,1.06017,65986,0,35
2024-02-22T00:00:00Z,1.06017,1.0609,1.05686,1.0587,63291,0,35
2024-02-23T00:00:00Z,1.0587,1.06043,1.05772,1.05894,51326,0,35
2024-02-25T00:00:00Z,1.05771,1.06126,1.05758,1.06103,1828,0,35
2024-02-26T00:00:00Z,1.061,1.0632,1.05829,1.06026,46368,0,35
2024-02-27T00:00:00Z,1.06026,1.06288,1.05992,1.06051,55562,0,35
2024-02-28T00:00:00Z,1.06052,1.06847,1.05985,1.06506,63861,0,35
2024-02-29T00:00:00Z,1.06511,1.06937,1.06509,1.06768,85964,0,29
2024-03-01T00:00:00Z,1.06769,1.06975,1.0666,1.06819,82484,0,35
2024-03-03T00:00:00Z,1.06787,1.06939,1.06766,1.06935,3756,0,35
2024-03-04T00:00:00Z,1.06935,1.06985,1.06703,1.06737,73147,0,35
2024-03-05T00:00:00Z,1.06738,1.06928,1.06628,1.06827,87368,0,35
2024-03-06T00:00:00Z,1.06826,1.07172,1.06807,1.0713300000000001,94044,0,35
2024-03-07T00:00:00Z,1.07131,1.07283,1.07001,1.07152,90194,0,35
2024-03-08T00:00:00Z,1.07152,1.07453,1.07108,1.07197,87642,0,35
2024-03-10T00:00:00Z,1.07107,1.07281,1.07096,1.07191,4162,0,35
2024-03-11T00:00:00Z,1.07189,1.07218,1.06984,1.07188,61066,0,35
2024-03-12T00:00:00Z,1.07189,1.07452,1.07117,1.07434,81357,0,35
2024-03-13T00:00:00Z,1.07435,1.07571,1.0721,1.07496,69931,0,35
2024-03-14T00:00:00Z,1.07496,1.0752,1.0716,1.07414,74728,0,29
2024-03-15T00:00:00Z,1.07412,1.07865,1.07406,1.07804,65564,0,35
2024-03-17T00:00:00Z,1.07613,1.07823,1.07613,1.07715,3402,0,35
2024-03-18T00:00:00Z,1.07714,1.0785,1.07611,1.07791,51217,0,35
2024-03-19T00:00:00Z,1.07793,1.0795,1.07607,1.07888,79629,0,35
2024-03-20T00:00:00Z,1.07888,1.08557,1.07876,1.08339,84615,0,35
2024-03-21T00:00:00Z,1.08339,1.08759,1.08293,1.08671,88995,0,35
2024-03-22T00:00:00Z,1.08671,1.08731,1.08379,1.08685,69587,0,35
2024-03-24T00:00:00Z,1.08497,1.0879,1.08345,1.08759,3969,0,35
2024-03-25T00:00:00Z,1.08759,1.0895,1.08686,1.08944,41007,0,35
2024-03-26T00:00:00Z,1.08944,1.09006,1.08678,1.08824,43076,0,35
2024-03-27T00:00:00Z,1.08824,1.08864,1.08609,1.08845,44902,0,35
2024-03-28T00:00:00Z,1.08845,1.09124,1.08798,1.09052,49335,0,35
2024-03-29T00:00:00Z,1.09052,1.09138,1.08669,1.08887,23956,0,35
2024-03-31T00:00:00Z,1.08818,1.0913599999999999,1.08771,1.09127,4743,0,35
2024-04-01T00:00:00Z,1.09128,1.09162,1.08929,1.08992,38172,0,35
2024-04-02T00:00:00Z,1.08992,1.0925799999999999,1.08983,1.09112,40261,0,35
2024-04-03T00:00:00Z,1.09112,1.09356,1.09016,1.0919699999999999,44633,0,35
2024-04-04T00:00:00Z,1.09198,1.09538,1.09111,1.09293,44654,0,35
2024-04-05T00:00:00Z,1.09294,1.09477,1.0916,1.094,54767,0,35
2024-04-07T00:00:00Z,1.09313,1.09426,1.09195,1.09407,4015,0,35
2024-04-08T00:00:00Z,1.09407,1.09497,1.09207,1.0944099999999999,49642,0,35
2024-04-09T00:00:00Z,1.0944099999999999,1.09458,1.09229,1.0927,47953,0,35
2024-04-10T00:00:00Z,1.0927,1.09418,1.08737,1.08899,72149,0,35
2024-04-11T00:00:00Z,1.08899,1.09079,1.08833,1.08968,59233,0,35
2024-04-12T00:00:00Z,1.08969,1.0904,1.08755,1.08833,60344,0,35
2024-04-14T00:00:00Z,1.08727,1.08939,1.0872,1.08908,5632,0,35
2024-04-15T00:00:00Z,1.08908,1.09189,1.08903,1.09119,65953,0,35
2024-04-16T00:00:00Z,1.09119,1.09183,1.08615,1.08822,80154,0,35
2024-04-17T00:00:00Z,1.08822,1.08902,1.08593,1.08868,68774,0,35
2024-04-18T00:00:00Z,1.08868,1.08927,1.08653,1.08818,57701,0,35
2024-04-19T00:00:00Z,1.08818,1.0904,1.08547,1.0897000000000001,79963,0,35
2024-04-21T00:00:00Z,1.08836,1.09005,1.0881,1.08894,4577,0,35
2024-04-22T00:00:00Z,1.08894,1.09047,1.08778,1.08942,49487,0,35
2024-04-23T00:00:00Z,1.08942,1.09359,1.08925,1.09293,53180,0,35
2024-04-24T00:00:00Z,1.09293,1.09824,1.09232,1.09444,53166,0,35
2024-04-25T00:00:00Z,1.09444,1.09617,1.09396,1.09465,59233,0,35
2024-04-26T00:00:00Z,1.09465,1.09974,1.09375,1.09967,51237,0,35
2024-04-28T00:00:00Z,1.09565,1.09973,1.09511,1.09966,2695,0,35
2024-04-29T00:00:00Z,1.09966,1.10107,1.0963,1.09867,60224,0,35
2024-04-30T00:00:00Z,1.09868,1.10169,1.09673,1.10144,59405,0,35
2024-05-01T00:00:00Z,1.10144,1.10147,1.09814,1.10119,63214,0,35
2024-05-02T00:00:00Z,1.10119,1.10259,1.09942,1.10148,66985,0,35
2024-05-03T00:00:00Z,1.10148,1.10216,1.09703,1.09951,65004,0,35
2024-05-05T00:00:00Z,1.098,1.10062,1.09732,1.10001,3307,0,35
2024-05-06T00:00:00Z,1.10001,1.10261,1.0998,1.10208,39288,0,35
2024-05-07T00:00:00Z,1.10208,1.10292,1.09724,1.0986,50622,0,35
2024-05-08T00:00:00Z,1.0985800000000001,1.09872,1.09504,1.09543,42125,0,35
2024-05-09T00:00:00Z,1.09542,1.09776,1.09495,1.09623,45755,0,35
2024-05-10T00:00:00Z,1.09623,1.09891,1.09606,1.09694,43930,0,35
2024-05-12T00:00:00Z,1.09588,1.09777,1.09568,1.0967,3103,0,35
2024-05-13T00:00:00Z,1.0967,1.09957,1.09573,1.09747,42304,0,35
2024-05-14T00:00:00Z,1.09747,1.09872,1.09563,1.09611,42844,0,35
2024-05-15T00:00:00Z,1.09611,1.09754,1.09071,1.09297,52978,0,35
2024-05-16T00:00:00Z,1.09297,1.09387,1.08983,1.09096,46889,0,35
2024-05-17T00:00:00Z,1.09096,1.09214,1.08903,1.09115,37495,0,35
2024-05-19T00:00:00Z,1.09013,1.09211,1.09013,1.09183,2654,0,35
2024-05-20T00:00:00Z,1.09187,1.09426,1.09083,1.09232,46544,0,35
2024-05-21T00:00:00Z,1.09232,1.09421,1.09078,1.09399,51986,0,35
2024-05-22T00:00:00Z,1.09399,1.09404,1.08455,1.08491,61204,0,35
2024-05-23T00:00:00Z,1.08491,1.08506,1.08212,1.08262,62601,0,35
2024-05-24T00:00:00Z,1.08263,1.08349,1.08171,1.08268,43641,0,35
2024-05-26T00:00:00Z,1.08211,1.08317,1.08113,1.08185,3002,0,35
2024-05-27T00:00:00Z,1.08185,1.08291,1.08129,1.08185,28113,0,35
2024-05-28T00:00:00Z,1.08185,1.08316,1.08042,1.08249,49804,0,35
2024-05-29T00:00:00Z,1.08249,1.08469,1.08056,1.08178,55085,0,35
2024-05-30T00:00:00Z,1.08178,1.08489,1.08123,1.08395,53978,0,35
2024-05-31T00:00:00Z,1.08395,1.08469,1.08159,1.08284,69727,0,35
2024-06-02T00:00:00Z,1.08407,1.08407,1.08202,1.08238,4735,0,35
2024-06-03T00:00:00Z,1.08238,1.08246,1.07952,1.08013,68404,0,35
2024-06-04T00:00:00Z,1.08013,1.08085,1.0754299999999999,1.07614,80032,0,35
2024-06-05T00:00:00Z,1.07614,1.0772599999999999,1.0728,1.07394,70325,0,35
2024-06-06T00:00:00Z,1.07395,1.07623,1.07383,1.0762,61142,0,35
2024-06-07T00:00:00Z,1.0762,1.07818,1.07338,1.07813,71576,0,35
2024-06-09T00:00:00Z,1.07562,1.07823,1.07533,1.0778699999999999,3241,0,35
2024-06-10T00:00:00Z,1.0778699999999999,1.07956,1.07752,1.07797,52151,0,35
2024-06-11T00:00:00Z,1.07797,1.07823,1.07473,1.07505,56693,0,35
2024-06-12T00:00:00Z,1.07506,1.07814,1.07477,1.07694,75919,0,35
2024-06-13T00:00:00Z,1.07694,1.07813,1.07506,1.07648,63438,0,35
2024-06-14T00:00:00Z,1.07648,1.07871,1.076,1.07692,69989,0,35
2024-06-16T00:00:00Z,1.07544,1.07784,1.07512,1.07741,2984,0,35
2024-06-17T00:00:00Z,1.07741,1.07976,1.07676,1.07855,52404,0,35
2024-06-18T00:00:00Z,1.07855,1.08468,1.07803,1.08468,60633,0,35
2024-06-19T00:00:00Z,1.08468,1.08837,1.08446,1.0872,35088,0,35
2024-06-20T00:00:00Z,1.0872,1.08903,1.08634,1.08778,56739,0,35
2024-06-21T00:00:00Z,1.08778,1.0886,1.08473,1.0852,54527,0,35
2024-06-23T00:00:00Z,1.08465,1.08599,1.08463,1.08559,3269,0,35
2024-06-24T00:00:00Z,1.08559,1.0872600000000001,1.0844,1.08719,54089,0,35
2024-06-25T00:00:00Z,1.08719,1.08852,1.08532,1.08601,52324,0,35
2024-06-26T00:00:00Z,1.086,1.0942,1.08506,1.09279,65104,0,35
2024-06-27T00:00:00Z,1.09279,1.0948,1.09052,1.09285,57553,0,35
2024-06-28T00:00:00Z,1.09285,1.09624,1.09159,1.09477,68646,0,35
2024-06-30T00:00:00Z,1.09395,1.09568,1.09353,1.09416,3865,0,35
2024-07-01T00:00:00Z,1.09416,1.09732,1.09268,1.09716,63414,0,35
2024-07-02T00:00:00Z,1.09716,1.0987,1.09596,1.09634,63484,0,35
2024-07-03T00:00:00Z,1.09634,1.0993,1.09616,1.0988,58339,0,35
2024-07-04T00:00:00Z,1.0988,1.09995,1.09802,1.09991,34279,0,35
2024-07-05T00:00:00Z,1.09991,1.10092,1.09766,1.09809,60425,0,35
2024-07-07T00:00:00Z,1.0965799999999999,1.09854,1.0965799999999999,1.0984099999999999,4183,0,35
2024-07-08T00:00:00Z,1.0984099999999999,1.09969,1.09782,1.09965,52251,0,35
2024-07-09T00:00:00Z,1.09966,1.10168,1.09885,1.1001400000000001,53029,0,35
2024-07-10T00:00:00Z,1.1001400000000001,1.11017,1.09897,1.10894,58518,0,35
2024-07-11T00:00:00Z,1.10894,1.11134,1.10702,1.11051,77848,0,35
2024-07-12T00:00:00Z,1.1105,1.11163,1.10749,1.10859,69675,0,35
2024-07-14T00:00:00Z,1.10748,1.11079,1.10748,1.11061,6487,0,35
2024-07-15T00:00:00Z,1.11061,1.11351,1.10935,1.11281,63598,0,35
2024-07-16T00:00:00Z,1.11281,1.11469,1.10864,1.10875,69290,0,35
2024-07-17T00:00:00Z,1.10875,1.11046,1.10559,1.10682,80981,0,35
2024-07-18T00:00:00Z,1.10682,1.11016,1.10595,1.10925,80217,0,35
2024-07-19T00:00:00Z,1.10926,1.11269,1.10876,1.11232,71243,0,35
2024-07-21T00:00:00Z,1.11065,1.11255,1.11035,1.11142,7182,0,35
2024-07-22T00:00:00Z,1.11142,1.1126,1.10957,1.11062,71045,0,35
2024-07-23T00:00:00Z,1.11062,1.11229,1.10853,1.11072,65448,0,35
2024-07-24T00:00:00Z,1.11072,1.11355,1.10828,1.10918,80944,0,35
2024-07-25T00:00:00Z,1.10918,1.11123,1.10353,1.11039,104368,0,35
2024-07-26T00:00:00Z,1.11039,1.11345,1.11038,1.11163,66674,0,35
2024-07-28T00:00:00Z,1.11045,1.11335,1.11045,1.11271,5074,0,35
2024-07-29T00:00:00Z,1.1127,1.11473,1.112,1.11459,62206,0,35
2024-07-30T00:00:00Z,1.11459,1.11469,1.10647,1.10779,72971,0,35
2024-07-31T00:00:00Z,1.10779,1.10797,1.0965799999999999,1.1001,104252,0,35
2024-08-01T00:00:00Z,1.1001,1.10028,1.09036,1.09375,97059,0,35
2024-08-02T00:00:00Z,1.09375,1.09552,1.0912,1.09274,109706,0,35
2024-08-04T00:00:00Z,1.09099,1.09499,1.09099,1.09252,10409,0,35
2024-08-05T00:00:00Z,1.09252,1.09575,1.08418,1.09487,192497,0,35
2024-08-06T00:00:00Z,1.09486,1.10065,1.08805,1.09037,152390,0,35
2024-08-07T00:00:00Z,1.09035,1.092,1.08679,1.08815,128806,0,35
2024-08-08T00:00:00Z,1.08814,1.09748,1.08659,1.0973,113231,0,35
2024-08-09T00:00:00Z,1.09731,1.09762,1.09251,1.09535,82643,0,35
2024-08-11T00:00:00Z,1.09415,1.09648,1.09415,1.0959,5369,0,35
2024-08-12T00:00:00Z,1.0959,1.09604,1.09297,1.09321,73211,0,35
2024-08-13T00:00:00Z,1.09321,1.09393,1.09008,1.09179,79599,0,35
2024-08-14T00:00:00Z,1.09179,1.10396,1.09064,1.09976,74852,0,35
2024-08-15T00:00:00Z,1.09976,1.10551,1.09679,1.10547,47311,0,35
2024-08-16T00:00:00Z,1.10547,1.10553,1.09894,1.1014599999999999,36577,0,35
2024-08-18T00:00:00Z,1.10027,1.10256,1.09937,1.10148,2506,0,35
2024-08-19T00:00:00Z,1.10148,1.10318,1.09819,1.10059,41787,0,35
2024-08-20T00:00:00Z,1.10059,1.10083,1.09474,1.09569,43370,0,35
2024-08-21T00:00:00Z,1.09569,1.09819,1.09354,1.09517,41747,0,35
2024-08-22T00:00:00Z,1.09518,1.09613,1.09095,1.09187,43239,0,35
2024-08-23T00:00:00Z,1.09186,1.09332,1.08957,1.08965,45312,0,35
2024-08-25T00:00:00Z,1.08962,1.09089,1.08959,1.09036,3324,0,35
2024-08-26T00:00:00Z,1.09035,1.09205,1.08944,1.09138,41970,0,35
2024-08-27T00:00:00Z,1.09135,1.09178,1.08542,1.08707,40249,0,35
2024-08-28T00:00:00Z,1.08707,1.09085,1.08447,1.0856,46447,0,35
2024-08-29T00:00:00Z,1.08564,1.08715,1.07964,1.08491,50026,0,35
2024-08-30T00:00:00Z,1.0849,1.08797,1.08191,1.08206,42563,0,35
2024-09-01T00:00:00Z,1.08243,1.0839,1.08009,1.08331,1419,0,35
2024-09-02T00:00:00Z,1.08328,1.0903,1.08321,1.0893,20792,0,35
2024-09-03T00:00:00Z,1.08929,1.09038,1.0830899999999999,1.08501,54822,0,35
2024-09-04T00:00:00Z,1.08501,1.0864,1.0832,1.08547,52401,0,35
2024-09-05T00:00:00Z,1.08547,1.08741,1.08182,1.08288,48377,0,35
2024-09-06T00:00:00Z,1.08287,1.08438,1.07954,1.07977,61891,0,35
2024-09-08T00:00:00Z,1.07891,1.08099,1.07659,1.08091,2653,0,35
2024-09-09T00:00:00Z,1.0809,1.08561,1.07993,1.08382,47306,0,35
2024-09-10T00:00:00Z,1.08383,1.0845,1.07995,1.08173,45929,0,35
2024-09-11T00:00:00Z,1.08171,1.08838,1.0816,1.08825,70780,0,35
2024-09-12T00:00:00Z,1.08825,1.08923,1.08569,1.08692,60508,0,35
2024-09-13T00:00:00Z,1.08692,1.08935,1.08513,1.08829,53069,0,35
2024-09-15T00:00:00Z,1.08724,1.0892,1.08655,1.08917,2359,0,35
2024-09-16T00:00:00Z,1.08917,1.09022,1.08695,1.08959,47062,0,35
2024-09-17T00:00:00Z,1.08959,1.0926,1.08922,1.0916,60089,0,35
2024-09-18T00:00:00Z,1.09161,1.09186,1.08652,1.0894,62412,0,35
2024-09-19T00:00:00Z,1.08938,1.09433,1.0889199999999999,1.09168,72566,0,35
2024-09-20T00:00:00Z,1.09168,1.09336,1.09052,1.09076,71564,0,35
2024-09-22T00:00:00Z,1.08956,1.09196,1.08956,1.09194,2179,0,35
2024-09-23T00:00:00Z,1.09194,1.0942,1.08923,1.09018,57194,0,35
2024-09-24T00:00:00Z,1.09018,1.09424,1.08613,1.08699,67159,0,35
2024-09-25T00:00:00Z,1.08696,1.09012,1.08483,1.08989,63945,0,35
2024-09-26T00:00:00Z,1.08988,1.09307,1.08579,1.08859,73360,0,35
2024-09-27T00:00:00Z,1.08859,1.09223,1.08761,1.08784,68445,0,35
2024-09-29T00:00:00Z,1.08779,1.08979,1.08753,1.08948,3037,0,35
2024-09-30T00:00:00Z,1.08949,1.09055,1.08678,1.08972,71690,0,35
2024-10-01T00:00:00Z,1.08972,1.09607,1.08927,1.0949,81451,0,35
2024-10-02T00:00:00Z,1.0949,1.09995,1.0934,1.0998,71919,0,35
2024-10-03T00:00:00Z,1.0998,1.10234,1.09862,1.10175,78932,0,35
2024-10-04T00:00:00Z,1.10175,1.10477,1.10108,1.10229,63838,0,35
2024-10-06T00:00:00Z,1.10109,1.10431,1.10109,1.10358,3629,0,35
2024-10-07T00:00:00Z,1.10358,1.10534,1.10175,1.10221,70274,0,35
2024-10-08T00:00:00Z,1.10219,1.10221,1.0959,1.09911,73531,0,35
2024-10-09T00:00:00Z,1.09911,1.10892,1.09777,1.10661,64787,0,35
2024-10-10T00:00:00Z,1.10661,1.10734,1.10421,1.10569,76142,0,35
2024-10-11T00:00:00Z,1.10569,1.10633,1.10327,1.10376,45231,0,35
2024-10-13T00:00:00Z,1.1039,1.10545,1.10238,1.10488,4282,0,35
2024-10-14T00:00:00Z,1.10489,1.1063,1.10125,1.10408,48714,0,35
2024-10-15T00:00:00Z,1.10407,1.10582,1.09927,1.10323,63053,0,35
2024-10-16T00:00:00Z,1.10326,1.10474,1.09827,1.09991,54034,0,35
2024-10-17T00:00:00Z,1.09991,1.10587,1.0995,1.10531,59367,0,35
2024-10-18T00:00:00Z,1.10532,1.10751,1.10373,1.1039,49074,0,35
2024-10-20T00:00:00Z,1.10304,1.10535,1.10304,1.10477,2235,0,35
2024-10-21T00:00:00Z,1.10477,1.10565,1.10188,1.10457,55082,0,35
2024-10-22T00:00:00Z,1.10458,1.10595,1.10296,1.10543,57910,0,35
2024-10-23T00:00:00Z,1.10544,1.10642,1.1017,1.10457,49453,0,35
2024-10-24T00:00:00Z,1.10457,1.10553,1.10165,1.1042,50863,0,35
2024-10-25T00:00:00Z,1.1042,1.10557,1.1038000000000001,1.10405,42234,0,35
2024-10-27T00:00:00Z,1.10487,1.10562,1.10387,1.1043,3248,0,35
2024-10-28T00:00:00Z,1.1043,1.10532,1.099,1.0991,51775,0,35
2024-10-29T00:00:00Z,1.0991,1.10052,1.09759,1.09848,50499,0,35
2024-10-30T00:00:00Z,1.09848,1.10082,1.0963,1.10054,58474,0,35
2024-10-31T00:00:00Z,1.10053,1.10164,1.09836,1.10129,59819,0,35
2024-11-01T00:00:00Z,1.10129,1.10251,1.09785,1.09889,56300,0,35
2024-11-03T00:00:00Z,1.09976,1.10189,1.09976,1.10084,3447,0,35
2024-11-04T00:00:00Z,1.1008499999999999,1.10259,1.09767,1.10208,67594,0,35
2024-11-05T00:00:00Z,1.10208,1.10721,1.10199,1.1036299999999999,52736,0,35
2024-11-06T00:00:00Z,1.1036299999999999,1.10681,1.1,1.10571,122484,0,35
2024-11-07T00:00:00Z,1.10567,1.10898,1.10486,1.1083,71123,0,35
2024-11-08T00:00:00Z,1.1083,1.10838,1.1020699999999999,1.10219,69724,0,35
2024-11-10T00:00:00Z,1.10484,1.10484,1.10153,1.1037,2301,0,35
2024-11-11T00:00:00Z,1.1037,1.10484,1.1015,1.10189,51020,0,35
2024-11-12T00:00:00Z,1.10189,1.103,1.09953,1.1023,65667,0,35
2024-11-13T00:00:00Z,1.1023,1.10418,1.09968,1.10362,67328,0,35
2024-11-14T00:00:00Z,1.10362,1.10476,1.10023,1.10342,81145,0,35
2024-11-15T00:00:00Z,1.10343,1.10395,1.09986,1.1008499999999999,67754,0,35
2024-11-17T00:00:00Z,1.0998,1.1025,1.09975,1.10233,1894,0,35
2024-11-18T00:00:00Z,1.10233,1.1052,1.10163,1.10432,58744,0,35
2024-11-19T00:00:00Z,1.10432,1.1058,1.10269,1.105,67515,0,35
2024-11-20T00:00:00Z,1.105,1.10734,1.10431,1.10728,50109,0,35
2024-11-21T00:00:00Z,1.10728,1.1114,1.10686,1.11129,72180,0,35
2024-11-22T00:00:00Z,1.11128,1.11789,1.11105,1.1136,68418,0,35
2024-11-24T00:00:00Z,1.11473,1.11634,1.11364,1.11553,4006,0,35
2024-11-25T00:00:00Z,1.11553,1.11679,1.11038,1.11218,65905,0,35
2024-11-26T00:00:00Z,1.11218,1.11278,1.10766,1.10917,72799,0,35
2024-11-27T00:00:00Z,1.10917,1.11031,1.09915,1.10234,74418,0,35
2024-11-28T00:00:00Z,1.10234,1.10442,1.10043,1.10349,44060,0,35
2024-11-29T00:00:00Z,1.10348,1.10376,1.09837,1.09842,67468,0,35
2024-12-01T00:00:00Z,1.10051,1.10134,1.10002,1.10073,2437,0,35
2024-12-02T00:00:00Z,1.10078,1.10265,1.09796,1.10022,62466,0,35
2024-12-03T00:00:00Z,1.10021,1.10295,1.10016,1.1024,63094,0,29
2024-12-04T00:00:00Z,1.1024,1.10266,1.09723,1.0979,68853,0,35
2024-12-05T00:00:00Z,1.0979,1.09851,1.0937999999999999,1.09636,49393,0,35
2024-12-06T00:00:00Z,1.09636,1.09835,1.09404,1.09429,62946,0,35
2024-12-08T00:00:00Z,1.0936,1.09679,1.0936,1.0959699999999999,2040,0,35
2024-12-09T00:00:00Z,1.09595,1.10086,1.09551,1.09873,55322,0,35
2024-12-10T00:00:00Z,1.09873,1.10004,1.09507,1.09882,51497,0,35
2024-12-11T00:00:00Z,1.09882,1.10202,1.09808,1.10161,64401,0,35
2024-12-12T00:00:00Z,1.1016,1.10589,1.10016,1.10404,63164,0,35
2024-12-13T00:00:00Z,1.10404,1.1057,1.10224,1.10229,56195,0,35
2024-12-15T00:00:00Z,1.10161,1.1038000000000001,1.10161,1.10337,2093,0,35
2024-12-16T00:00:00Z,1.10338,1.10413,1.09934,1.10081,46911,0,35
2024-12-17T00:00:00Z,1.10083,1.10273,1.09896,1.1007,51325,0,35
2024-12-18T00:00:00Z,1.10069,1.10689,1.09937,1.10462,57907,0,35
2024-12-19T00:00:00Z,1.10462,1.10803,1.10297,1.10733,68768,0,35
2024-12-20T00:00:00Z,1.10733,1.10832,1.10417,1.10427,64136,0,35
2024-12-22T00:00:00Z,1.10406,1.10844,1.10328,1.10641,2251,0,35
2024-12-23T00:00:00Z,1.10642,1.10719,1.10397,1.10569,54308,0,35
2024-12-24T00:00:00Z,1.10569,1.10601,1.10253,1.10292,34824,0,35
2024-12-25T00:00:00Z,1.10217,1.1055,1.10142,1.10467,3078,0,35
2024-12-26T00:00:00Z,1.10467,1.10626,1.1037,1.10619,38806,0,35
2024-12-27T00:00:00Z,1.10619,1.10682,1.10156,1.10177,44603,0,35
2024-12-29T00:00:00Z,1.10206,1.10494,1.10157,1.10374,2100,0,35
2024-12-30T00:00:00Z,1.10374,1.10432,1.10068,1.10257,48309,0,35
2024-12-31T00:00:00Z,1.10257,1.10658,1.10226,1.10532,44822,0,35
2025-01-01T00:00:00Z,1.1035,1.10632,1.10324,1.10626,2318,0,35
2025-01-02T00:00:00Z,1.10627,1.10916,1.10548,1.10855,58124,0,35
2025-01-03T00:00:00Z,1.10854,1.10991,1.1056,1.10586,48620,0,35
2025-01-05T00:00:00Z,1.1048,1.10767,1.1048,1.10735,1658,0,35
2025-01-06T00:00:00Z,1.10735,1.10873,1.1045,1.10638,61068,0,35
2025-01-07T00:00:00Z,1.10639,1.10717,1.1033,1.10638,50656,0,35
2025-01-08T00:00:00Z,1.10638,1.1084100000000001,1.10389,1.10796,58567,0,35
2025-01-09T00:00:00Z,1.10795,1.10852,1.10605,1.10652,40658,0,35
2025-01-10T00:00:00Z,1.10655,1.10886,1.10415,1.10443,54406,0,35
2025-01-12T00:00:00Z,1.1048499999999999,1.1066799999999999,1.10451,1.10592,2368,0,35
2025-01-13T00:00:00Z,1.10592,1.10829,1.10373,1.10505,56841,0,35
2025-01-14T00:00:00Z,1.10505,1.10591,1.10193,1.10487,63664,0,35
2025-01-15T00:00:00Z,1.10487,1.1092,1.10274,1.10774,75741,0,35
2025-01-16T00:00:00Z,1.10774,1.11012,1.10585,1.10723,75318,0,35
2025-01-17T00:00:00Z,1.10723,1.11002,1.1064,1.10833,70592,0,35
2025-01-19T00:00:00Z,1.10781,1.10941,1.10777,1.10867,3036,0,35
2025-01-20T00:00:00Z,1.10868,1.10883,1.10439,1.10532,83379,0,35
2025-01-21T00:00:00Z,1.10532,1.1068500000000001,1.10361,1.10608,99621,0,35
2025-01-22T00:00:00Z,1.10611,1.10842,1.106,1.10762,74978,0,35
2025-01-23T00:00:00Z,1.10762,1.10801,1.10612,1.10691,79902,0,35
2025-01-24T00:00:00Z,1.10691,1.10755,1.10478,1.10531,80214,0,35
2025-01-26T00:00:00Z,1.10535,1.10615,1.10466,1.1051,3978,0,35
2025-01-27T00:00:00Z,1.1051,1.10691,1.10428,1.10484,89083,0,35
2025-01-28T00:00:00Z,1.10484,1.10635,1.10249,1.10358,74581,0,35
2025-01-29T00:00:00Z,1.10358,1.10374,1.09996,1.10111,86180,0,35
2025-01-30T00:00:00Z,1.10111,1.10326,1.10053,1.10259,58595,0,35
2025-01-31T00:00:00Z,1.10259,1.10337,1.10026,1.10036,58184,0,35
2025-02-02T00:00:00Z,1.10059,1.10365,1.10051,1.10263,6881,0,35
2025-02-03T00:00:00Z,1.10266,1.10627,1.1018,1.10468,93390,0,35
2025-02-04T00:00:00Z,1.10468,1.10775,1.10442,1.10652,64392,0,35
2025-02-05T00:00:00Z,1.10653,1.10672,1.10373,1.10467,53783,0,35
2025-02-06T00:00:00Z,1.10467,1.10763,1.10234,1.10688,50899,0,35
2025-02-07T00:00:00Z,1.10688,1.10904,1.10598,1.10637,55476,0,35
2025-02-09T00:00:00Z,1.10581,1.10836,1.10423,1.10835,4237,0,35
2025-02-10T00:00:00Z,1.10835,1.11348,1.10798,1.11271,47060,0,35
2025-02-11T00:00:00Z,1.11272,1.11342,1.1113,1.11276,45968,0,35
2025-02-12T00:00:00Z,1.11273,1.11416,1.11083,1.11342,52815,0,35
2025-02-13T00:00:00Z,1.11342,1.11374,1.1112,1.11206,61436,0,35
2025-02-14T00:00:00Z,1.1120700000000001,1.11231,1.1068,1.10688,48243,0,35
2025-02-16T00:00:00Z,1.10776,1.11,1.10776,1.10863,3163,0,35
2025-02-17T00:00:00Z,1.10863,1.11018,1.10579,1.10877,33075,0,35
2025-02-18T00:00:00Z,1.10877,1.11435,1.10856,1.11346,41578,0,35
2025-02-19T00:00:00Z,1.11346,1.1173,1.11019,1.1121,41788,0,35
2025-02-20T00:00:00Z,1.1121,1.11342,1.10813,1.1105,58241,0,35
2025-02-21T00:00:00Z,1.1105,1.11073,1.10621,1.10631,45333,0,35
2025-02-23T00:00:00Z,1.1058,1.10822,1.1058,1.10758,2707,0,35
2025-02-24T00:00:00Z,1.10758,1.10832,1.10623,1.10682,55150,0,35
2025-02-25T00:00:00Z,1.10681,1.10901,1.10644,1.10826,51138,0,35
2025-02-26T00:00:00Z,1.10826,1.10873,1.10506,1.10705,62517,0,35
2025-02-27T00:00:00Z,1.10706,1.10854,1.10433,1.1074,60873,0,35
2025-02-28T00:00:00Z,1.1074,1.10985,1.10643,1.10793,55032,0,35
2025-03-02T00:00:00Z,1.10835,1.11001,1.10835,1.10977,2487,0,35
2025-03-03T00:00:00Z,1.10977,1.11055,1.10663,1.10737,59344,0,30
2025-03-04T00:00:00Z,1.10737,1.10799,1.10428,1.10715,76694,0,30
2025-03-05T00:00:00Z,1.10715,1.10791,1.10459,1.10615,92917,0,30
2025-03-06T00:00:00Z,1.10615,1.10663,1.10305,1.10373,104758,0,30
2025-03-07T00:00:00Z,1.10376,1.1053,1.09943,1.10351,103387,0,30
2025-03-09T00:00:00Z,1.10267,1.10481,1.10237,1.10399,6683,0,30
2025-03-10T00:00:00Z,1.10398,1.10483,1.10044,1.10259,101088,0,30
2025-03-11T00:00:00Z,1.10262,1.10357,1.09966,1.10206,113676,0,30
2025-03-12T00:00:00Z,1.10206,1.10327,1.10048,1.10285,96588,0,30
2025-03-13T00:00:00Z,1.10286,1.1035,1.10103,1.10224,94558,0,30
2025-03-14T00:00:00Z,1.10224,1.10273,1.09954,1.1001,85749,0,30
2025-03-16T00:00:00Z,1.09998,1.101,1.09883,1.09965,4982,0,30
2025-03-17T00:00:00Z,1.09965,1.10056,1.09549,1.0957,74983,0,30
2025-03-18T00:00:00Z,1.0957,1.0962,1.09277,1.09327,60053,0,30
2025-03-19T00:00:00Z,1.09327,1.09473,1.09026,1.09329,73955,0,30
2025-03-20T00:00:00Z,1.09329,1.09611,1.09126,1.09385,86153,0,30
2025-03-21T00:00:00Z,1.09386,1.09443,1.09116,1.09331,67013,0,30
2025-03-23T00:00:00Z,1.09222,1.09487,1.09216,1.09458,4770,0,30
2025-03-24T00:00:00Z,1.09458,1.09873,1.09428,1.09764,62863,0,30
2025-03-25T00:00:00Z,1.09764,1.10021,1.09761,1.09999,60373,0,30
2025-03-26T00:00:00Z,1.09999,1.10021,1.09729,1.0993,73660,0,30
2025-03-27T00:00:00Z,1.09931,1.09988,1.09693,1.0985,69023,0,30
2025-03-28T00:00:00Z,1.09851,1.10116,1.098,1.09907,61878,0,30
2025-03-30T00:00:00Z,1.09888,1.10126,1.09888,1.1008,8083,0,30
2025-03-31T00:00:00Z,1.10079,1.10232,1.09867,1.10058,86931,0,24
2025-04-01T00:00:00Z,1.10058,1.10302,1.09943,1.10074,90780,0,30
2025-04-02T00:00:00Z,1.1007500000000001,1.10102,1.0907,1.09369,102880,0,30
2025-04-03T00:00:00Z,1.09367,1.09516,1.08974,1.09282,154477,0,30
2025-04-04T00:00:00Z,1.09282,1.09335,1.07734,1.07884,210897,0,30
2025-04-06T00:00:00Z,1.0753,1.08051,1.07009,1.0804,29032,0,30
2025-04-07T00:00:00Z,1.08038,1.0867499999999999,1.07568,1.0830899999999999,272707,0,30
2025-04-08T00:00:00Z,1.08308,1.08313,1.07343,1.07941,224120,0,30
2025-04-09T00:00:00Z,1.07941,1.09078,1.07635,1.08801,271859,0,30
2025-04-10T00:00:00Z,1.08801,1.08871,1.08115,1.08269,237234,0,30
2025-04-11T00:00:00Z,1.08268,1.083,1.06933,1.07816,225455,0,30
2025-04-13T00:00:00Z,1.08223,1.08236,1.07658,1.07968,18462,0,30
2025-04-14T00:00:00Z,1.07967,1.07974,1.07399,1.07725,182198,0,30
2025-04-15T00:00:00Z,1.07725,1.07749,1.07227,1.07508,151335,0,30
2025-04-16T00:00:00Z,1.07508,1.07907,1.07192,1.07286,162113,0,30
2025-04-17T00:00:00Z,1.07286,1.07596,1.06796,1.07006,135905,0,30
2025-04-18T00:00:00Z,1.07006,1.07583,1.06895,1.07285,300731,0,30
2025-04-20T00:00:00Z,1.07319,1.07336,1.06979,1.07204,14603,0,30
2025-04-21T00:00:00Z,1.07204,1.07256,1.06766,1.07007,114814,0,30
2025-04-22T00:00:00Z,1.07006,1.07048,1.06504,1.06974,136777,0,30
2025-04-23T00:00:00Z,1.06973,1.07249,1.06771,1.06931,147143,0,30
2025-04-24T00:00:00Z,1.06931,1.06976,1.06624,1.06875,113026,0,30
2025-04-25T00:00:00Z,1.06875,1.07345,1.0686,1.07241,101716,0,30
2025-04-27T00:00:00Z,1.07164,1.07361,1.07137,1.07266,7363,0,30
2025-04-28T00:00:00Z,1.07266,1.07672,1.07156,1.07643,103695,0,30
2025-04-29T00:00:00Z,1.07643,1.07831,1.07331,1.0754299999999999,105162,0,30
2025-04-30T00:00:00Z,1.0754299999999999,1.08097,1.07533,1.07982,118498,0,30
2025-05-01T00:00:00Z,1.07982,1.08099,1.0768,1.07987,98585,0,30
2025-05-02T00:00:00Z,1.07987,1.08459,1.07976,1.08397,113601,0,30
2025-05-04T00:00:00Z,1.08184,1.08489,1.08184,1.08297,8295,0,30
2025-05-05T00:00:00Z,1.08297,1.08525,1.08111,1.08372,100752,0,30
2025-05-06T00:00:00Z,1.08372,1.08477,1.07798,1.08152,109075,0,30
2025-05-07T00:00:00Z,1.08153,1.08274,1.07884,1.0826500000000001,115579,0,30
2025-05-08T00:00:00Z,1.0826500000000001,1.08448,1.08037,1.08348,115568,0,30
2025-05-09T00:00:00Z,1.08348,1.08698,1.08327,1.08354,88522,0,30
2025-05-11T00:00:00Z,1.08353,1.08578,1.08284,1.0845,11491,0,30
2025-05-12T00:00:00Z,1.08451,1.08975,1.08319,1.08714,124898,0,30
2025-05-13T00:00:00Z,1.08714,1.09043,1.0867499999999999,1.09018,104396,0,30
2025-05-14T00:00:00Z,1.09018,1.09105,1.0867,1.08985,113767,0,30
2025-05-15T00:00:00Z,1.08985,1.09207,1.08765,1.0904,105371,0,30
2025-05-16T00:00:00Z,1.0904,1.09123,1.08622,1.08865,83271,0,30
2025-05-18T00:00:00Z,1.0867499999999999,1.0895299999999999,1.08657,1.08866,7592,0,30
2025-05-19T00:00:00Z,1.08867,1.09072,1.08701,1.08855,97416,0,30
2025-05-20T00:00:00Z,1.08855,1.0891,1.08266,1.08388,103700,0,30
2025-05-21T00:00:00Z,1.08388,1.08662,1.08158,1.08401,111722,0,30
2025-05-22T00:00:00Z,1.084,1.08819,1.08376,1.08657,115345,0,30
2025-05-23T00:00:00Z,1.08659,1.08827,1.08175,1.08511,100884,0,30
2025-05-25T00:00:00Z,1.08339,1.08554,1.08324,1.085,8973,0,30
2025-05-26T00:00:00Z,1.08501,1.0855,1.0790899999999999,1.08092,74020,0,30
2025-05-27T00:00:00Z,1.08092,1.0841,1.08047,1.08385,91578,0,30
2025-05-28T00:00:00Z,1.08385,1.08496,1.07617,1.07821,101660,0,30
2025-05-29T00:00:00Z,1.07821,1.0823,1.07506,1.07808,96952,0,30
2025-05-30T00:00:00Z,1.07811,1.07871,1.07595,1.07836,107093,0,30
2025-06-01T00:00:00Z,1.07853,1.07902,1.07701,1.0784799999999999,8847,0,30
2025-06-02T00:00:00Z,1.0784799999999999,1.07862,1.07429,1.07433,102452,0,30
2025-06-03T00:00:00Z,1.07434,1.0782,1.07252,1.07632,87223,0,30
2025-06-04T00:00:00Z,1.07632,1.07849,1.07509,1.07683,88700,0,30
2025-06-05T00:00:00Z,1.07683,1.07822,1.07494,1.07743,94726,0,30
2025-06-06T00:00:00Z,1.07743,1.07958,1.0749900000000001,1.07898,75098,0,30
2025-06-08T00:00:00Z,1.07671,1.07932,1.07671,1.079,5197,0,30
2025-06-09T00:00:00Z,1.079,1.08014,1.07667,1.07711,61463,0,30
2025-06-10T00:00:00Z,1.07711,1.07955,1.07596,1.07732,76785,0,30
2025-06-11T00:00:00Z,1.07732,1.08033,1.07674,1.07821,77722,0,30
2025-06-12T00:00:00Z,1.07821,1.0787,1.07547,1.07602,83344,0,30
2025-06-13T00:00:00Z,1.07603,1.07907,1.07442,1.07793,106228,0,30
2025-06-15T00:00:00Z,1.0776,1.07946,1.07619,1.07873,17913,0,30
2025-06-16T00:00:00Z,1.07873,1.07931,1.07514,1.07591,96532,0,30
2025-06-17T00:00:00Z,1.07591,1.07783,1.07524,1.07664,93864,0,30
2025-06-18T00:00:00Z,1.07664,1.07961,1.07613,1.07919,92682,0,30
2025-06-19T00:00:00Z,1.07919,1.08346,1.07854,1.08077,70217,0,30
2025-06-20T00:00:00Z,1.08076,1.08318,1.07984,1.08049,75557,0,30
2025-06-22T00:00:00Z,1.08037,1.08263,1.07915,1.0811,12128,0,30
2025-06-23T00:00:00Z,1.08109,1.08398,1.07951,1.08051,125353,0,30
2025-06-24T00:00:00Z,1.08053,1.0812,1.07859,1.0804,99534,0,30
2025-06-25T00:00:00Z,1.0804,1.08041,1.07685,1.07713,82226,0,30
2025-06-26T00:00:00Z,1.07713,1.08102,1.07685,1.08033,95334,0,30
2025-06-27T00:00:00Z,1.08033,1.08054,1.07717,1.0776,85958,0,30
2025-06-29T00:00:00Z,1.07881,1.07946,1.07686,1.07734,6041,0,30
2025-06-30T00:00:00Z,1.07733,1.07994,1.0760399999999999,1.07949,84763,0,30
2025-07-01T00:00:00Z,1.07949,1.07966,1.07647,1.07856,78868,0,30
2025-07-02T00:00:00Z,1.07856,1.08201,1.07747,1.08088,80767,0,30
2025-07-03T00:00:00Z,1.08088,1.08443,1.08004,1.08175,78643,0,30
2025-07-04T00:00:00Z,1.08175,1.08264,1.08061,1.08061,91533,0,30
2025-07-06T00:00:00Z,1.08137,1.08276,1.08034,1.08256,4180,0,30
2025-07-07T00:00:00Z,1.08256,1.08435,1.08146,1.08289,87028,0,30
2025-07-08T00:00:00Z,1.08289,1.08899,1.08244,1.08851,86948,0,30
2025-07-09T00:00:00Z,1.08849,1.09036,1.0866500000000001,1.08938,78810,0,30
2025-07-10T00:00:00Z,1.08938,1.09235,1.08901,1.09132,64870,0,30
2025-07-11T00:00:00Z,1.09132,1.09522,1.09065,1.09407,85623,0,30
2025-07-13T00:00:00Z,1.09152,1.09526,1.09152,1.09471,6677,0,30
2025-07-14T00:00:00Z,1.09471,1.09718,1.09407,1.09588,67561,0,30
2025-07-15T00:00:00Z,1.09587,1.09624,1.09369,1.09462,77149,0,30
2025-07-16T00:00:00Z,1.09463,1.09883,1.09408,1.09717,86555,0,30
2025-07-17T00:00:00Z,1.09717,1.09777,1.09204,1.09314,78608,0,30
2025-07-18T00:00:00Z,1.09314,1.09328,1.0909,1.09114,74447,0,30
2025-07-20T00:00:00Z,1.09082,1.09461,1.09019,1.09402,9645,0,30
2025-07-21T00:00:00Z,1.09402,1.09488,1.09173,1.09344,82141,0,30
2025-07-22T00:00:00Z,1.09344,1.09566,1.09135,1.09236,95568,0,30
2025-07-23T00:00:00Z,1.09236,1.09297,1.09021,1.09151,107206,0,30
2025-07-24T00:00:00Z,1.09151,1.09373,1.0911,1.09245,99772,0,30
2025-07-25T00:00:00Z,1.09245,1.09318,1.09089,1.09099,93804,0,30
2025-07-27T00:00:00Z,1.09256,1.09283,1.09141,1.09162,6695,0,30
2025-07-28T00:00:00Z,1.09162,1.09256,1.09066,1.09191,108503,0,30
2025-07-29T00:00:00Z,1.09191,1.09382,1.0914,1.09369,103747,0,30
2025-07-30T00:00:00Z,1.0937000000000001,1.0937000000000001,1.09052,1.0909,127703,0,30
2025-07-31T00:00:00Z,1.09094,1.09226,1.08974,1.09167,122538,0,30
2025-08-01T00:00:00Z,1.09168,1.09638,1.09131,1.09242,129424,0,30
2025-08-03T00:00:00Z,1.0923,1.09443,1.09223,1.09365,8220,0,30
2025-08-04T00:00:00Z,1.09365,1.09657,1.09355,1.09414,111085,0,30
2025-08-05T00:00:00Z,1.09414,1.09801,1.09361,1.09531,102616,0,30
2025-08-06T00:00:00Z,1.0953,1.09671,1.09505,1.09635,102712,0,30
2025-08-07T00:00:00Z,1.09637,1.09684,1.09291,1.09306,125228,0,30
2025-08-08T00:00:00Z,1.09304,1.09644,1.09273,1.09504,90269,0,30
2025-08-10T00:00:00Z,1.09379,1.0959699999999999,1.09351,1.09557,4570,0,30
2025-08-11T00:00:00Z,1.09555,1.09772,1.09504,1.0965799999999999,93962,0,30
2025-08-12T00:00:00Z,1.09656,1.09817,1.09478,1.0959,105593,0,24
2025-08-13T00:00:00Z,1.09591,1.09664,1.09385,1.09533,82951,0,30
2025-08-14T00:00:00Z,1.09533,1.0982,1.09454,1.09729,97822,0,30
2025-08-15T00:00:00Z,1.09729,1.09939,1.09679,1.09805,73392,0,30
2025-08-17T00:00:00Z,1.09835,1.09893,1.098,1.09831,2728,0,30
2025-08-18T00:00:00Z,1.09831,1.0989,1.09569,1.09631,70954,0,30
2025-08-19T00:00:00Z,1.09631,1.09633,1.0932,1.0942,82410,0,30
2025-08-20T00:00:00Z,1.0942,1.10673,1.0937999999999999,1.10413,91704,0,30
2025-08-21T00:00:00Z,1.10413,1.10486,1.10181,1.10367,90410,0,30
2025-08-22T00:00:00Z,1.10365,1.10673,1.10334,1.10558,84465,0,30
2025-08-24T00:00:00Z,1.10444,1.1066799999999999,1.10444,1.1056,4303,0,30
2025-08-25T00:00:00Z,1.1056,1.10833,1.1046,1.10807,76714,0,30
2025-08-26T00:00:00Z,1.10807,1.11044,1.10681,1.10884,86649,0,30
2025-08-27T00:00:00Z,1.10883,1.11137,1.10831,1.11107,76486,0,30
2025-08-28T00:00:00Z,1.11107,1.11226,1.10914,1.10994,83284,0,30
2025-08-29T00:00:00Z,1.10994,1.11029,1.10838,1.10879,75339,0,30
2025-08-31T00:00:00Z,1.10935,1.11006,1.10874,1.10959,3823,0,30
2025-09-01T00:00:00Z,1.10959,1.11111,1.10702,1.11029,68521,0,30
2025-09-02T00:00:00Z,1.11029,1.1121,1.10931,1.11206,99535,0,30
2025-09-03T00:00:00Z,1.11206,1.115,1.11179,1.11278,82463,0,30
2025-09-04T00:00:00Z,1.11274,1.11553,1.11151,1.11462,75845,0,30
2025-09-05T00:00:00Z,1.11463,1.11476,1.11016,1.11116,66462,0,30
2025-09-07T00:00:00Z,1.11075,1.11309,1.11075,1.11308,5021,0,30
2025-09-08T00:00:00Z,1.11308,1.1132,1.1087,1.10968,78032,0,30
2025-09-09T00:00:00Z,1.10968,1.11143,1.10913,1.11105,85066,0,30
2025-09-10T00:00:00Z,1.11105,1.11371,1.11067,1.11363,88320,0,30
2025-09-11T00:00:00Z,1.11363,1.11548,1.11286,1.115,92844,0,30
2025-09-12T00:00:00Z,1.11501,1.11689,1.11458,1.11565,79060,0,30
2025-09-14T00:00:00Z,1.11405,1.11686,1.11405,1.11658,5693,0,30
2025-09-15T00:00:00Z,1.11658,1.11799,1.11468,1.11795,75334,0,30
2025-09-16T00:00:00Z,1.11795,1.11899,1.11436,1.11674,89930,0,30
2025-09-17T00:00:00Z,1.11674,1.12146,1.11316,1.12086,94727,0,30
2025-09-18T00:00:00Z,1.12086,1.1278,1.12022,1.12335,107168,0,30
2025-09-19T00:00:00Z,1.12335,1.12598,1.12285,1.12454,89730,0,30
2025-09-21T00:00:00Z,1.12342,1.12647,1.12197,1.12601,4282,0,30
2025-09-22T00:00:00Z,1.12601,1.12657,1.1233,1.12465,80671,0,30
2025-09-23T00:00:00Z,1.12465,1.12782,1.12391,1.12654,84464,0,30
2025-09-24T00:00:00Z,1.12654,1.13391,1.1259000000000001,1.1323699999999999,84481,0,30
2025-09-25T00:00:00Z,1.13236,1.13455,1.1315,1.13441,96665,0,30
2025-09-26T00:00:00Z,1.13441,1.13482,1.13257,1.13305,84245,0,30
2025-09-28T00:00:00Z,1.13305,1.13435,1.13155,1.13392,3785,0,30
2025-09-29T00:00:00Z,1.13392,1.13848,1.13363,1.13792,79879,0,30
2025-09-30T00:00:00Z,1.13792,1.14168,1.13574,1.14054,97309,0,30
2025-10-01T00:00:00Z,1.14054,1.14075,1.13509,1.13632,95491,0,30
2025-10-02T00:00:00Z,1.13633,1.13696,1.13232,1.1338,82416,0,30
2025-10-03T00:00:00Z,1.1338,1.13428,1.13151,1.13157,77044,0,30
2025-10-05T00:00:00Z,1.13118,1.13293,1.13086,1.13208,8820,0,30
2025-10-06T00:00:00Z,1.13206,1.13445,1.13145,1.1327,88927,0,30
2025-10-07T00:00:00Z,1.13265,1.13551,1.13258,1.13489,79828,0,30
2025-10-08T00:00:00Z,1.13489,1.14443,1.13403,1.13832,91041,0,30
2025-10-09T00:00:00Z,1.13832,1.14276,1.13654,1.14044,95691,0,30
2025-10-10T00:00:00Z,1.14044,1.14178,1.1302,1.13041,100267,0,30
2025-10-12T00:00:00Z,1.13169,1.1354,1.13019,1.13471,11931,0,30
2025-10-13T00:00:00Z,1.13472,1.13908,1.13461,1.1389,88537,0,30
2025-10-14T00:00:00Z,1.1389,1.13938,1.13151,1.13618,111739,0,30
2025-10-15T00:00:00Z,1.13617,1.13918,1.13602,1.13852,94950,0,30
2025-10-16T00:00:00Z,1.13851,1.13918,1.12853,1.13182,106446,0,24
2025-10-17T00:00:00Z,1.13182,1.13432,1.1276,1.13346,109609,0,30
2025-10-19T00:00:00Z,1.13178,1.13573,1.13048,1.13427,5920,0,30
2025-10-20T00:00:00Z,1.13427,1.13468,1.13181,1.13439,72797,0,24
2025-10-21T00:00:00Z,1.13439,1.13543,1.12941,1.13034,91871,0,30
2025-10-22T00:00:00Z,1.13033,1.13116,1.12857,1.13096,96987,0,30
2025-10-23T00:00:00Z,1.13096,1.1332200000000001,1.1305,1.13189,75676,0,30
2025-10-24T00:00:00Z,1.13189,1.1331,1.12981,1.13284,79134,0,30
2025-10-26T00:00:00Z,1.13059,1.1348799999999999,1.12997,1.13426,7810,0,30
2025-10-27T00:00:00Z,1.13428,1.13803,1.13315,1.13557,74440,0,30
2025-10-28T00:00:00Z,1.13556,1.13943,1.13427,1.13855,73895,0,30
2025-10-29T00:00:00Z,1.13855,1.1427100000000001,1.13753,1.14097,103568,0,30
2025-10-30T00:00:00Z,1.14097,1.14189,1.1384,1.14168,101690,0,30
2025-10-31T00:00:00Z,1.14168,1.14406,1.14163,1.14283,49794,0,30
2025-11-02T00:00:00Z,1.14212,1.14407,1.14168,1.14379,2820,0,30
2025-11-03T00:00:00Z,1.1438,1.14594,1.14237,1.14565,51835,0,30
2025-11-04T00:00:00Z,1.14565,1.15109,1.14485,1.14926,86344,0,30
2025-11-05T00:00:00Z,1.14926,1.15014,1.14655,1.14866,82479,0,30
2025-11-06T00:00:00Z,1.14866,1.15116,1.14813,1.14982,85237,0,30
2025-11-07T00:00:00Z,1.14982,1.1565699999999999,1.14947,1.15351,92766,0,30
2025-11-09T00:00:00Z,1.15292,1.15563,1.15263,1.15553,5869,0,30
2025-11-10T00:00:00Z,1.15553,1.1589,1.1549,1.15785,77545,0,30
2025-11-11T00:00:00Z,1.15785,1.15842,1.15249,1.15414,81479,0,30
2025-11-12T00:00:00Z,1.15414,1.15687,1.1518,1.15432,88565,0,30
2025-11-13T00:00:00Z,1.15432,1.16352,1.15082,1.15512,113487,0,30
2025-11-14T00:00:00Z,1.15512,1.15547,1.14584,1.1504699999999999,112210,0,30
2025-11-16T00:00:00Z,1.14945,1.15099,1.14941,1.15092,3389,0,30
2025-11-17T00:00:00Z,1.15092,1.15219,1.14656,1.14815,88422,0,30
2025-11-18T00:00:00Z,1.14814,1.15035,1.14527,1.15004,114172,0,30
2025-11-19T00:00:00Z,1.15004,1.15644,1.14993,1.1558,111588,0,30
2025-11-20T00:00:00Z,1.1558,1.15711,1.15062,1.15346,122989,0,30
2025-11-21T00:00:00Z,1.15346,1.1543700000000001,1.14933,1.15001,125453,0,30
2025-11-23T00:00:00Z,1.14955,1.15187,1.14955,1.15121,3666,0,30
2025-11-24T00:00:00Z,1.15121,1.15341,1.14912,1.15189,87960,0,30
2025-11-25T00:00:00Z,1.1519,1.15313,1.14942,1.15017,101436,0,30
2025-11-26T00:00:00Z,1.15017,1.15262,1.14057,1.14341,109091,0,30
2025-11-27T00:00:00Z,1.1434199999999999,1.14347,1.1393,1.14065,65614,0,30
2025-11-28T00:00:00Z,1.14065,1.14347,1.14054,1.14147,225637,0,30
2025-11-30T00:00:00Z,1.14174,1.14253,1.1408800000000001,1.14197,5162,0,30
2025-12-01T00:00:00Z,1.14197,1.14292,1.14052,1.1424400000000001,99218,0,30
2025-12-02T00:00:00Z,1.1424400000000001,1.14579,1.14207,1.1448800000000001,82564,0,30
2025-12-03T00:00:00Z,1.1448800000000001,1.14679,1.14203,1.1437599999999999,82788,0,30
2025-12-04T00:00:00Z,1.14377,1.14749,1.1437599999999999,1.14702,86849,0,30
2025-12-05T00:00:00Z,1.14701,1.15,1.14626,1.14957,80924,0,30
2025-12-07T00:00:00Z,1.14636,1.14974,1.14636,1.14881,8142,0,30
2025-12-08T00:00:00Z,1.14881,1.1491,1.14518,1.14719,81828,0,30
2025-12-09T00:00:00Z,1.14719,1.14941,1.14358,1.14878,86995,0,30
2025-12-10T00:00:00Z,1.14878,1.15156,1.14719,1.14729,94179,0,30
2025-12-11T00:00:00Z,1.1473,1.14764,1.14394,1.14665,92537,0,30
2025-12-12T00:00:00Z,1.14665,1.14773,1.14568,1.14588,88654,0,30
2025-12-14T00:00:00Z,1.14476,1.14642,1.14324,1.14565,4526,0,30
2025-12-15T00:00:00Z,1.14565,1.15184,1.14467,1.14777,86302,0,30
2025-12-16T00:00:00Z,1.14777,1.14992,1.14499,1.14659,96203,0,30
2025-12-17T00:00:00Z,1.14659,1.14713,1.14186,1.14399,93269,0,30
2025-12-18T00:00:00Z,1.14399,1.14686,1.1436600000000001,1.14509,94182,0,24
2025-12-19T00:00:00Z,1.14509,1.15075,1.14453,1.1480299999999999,80669,0,30
2025-12-21T00:00:00Z,1.14788,1.15024,1.14774,1.14856,5957,0,30
2025-12-22T00:00:00Z,1.14855,1.1495199999999999,1.14697,1.14853,69426,0,30
2025-12-23T00:00:00Z,1.1485400000000001,1.14876,1.14584,1.1469,80811,0,30
2025-12-24T00:00:00Z,1.1469,1.15022,1.14603,1.14695,69058,0,30
2025-12-25T00:00:00Z,1.14695,1.14935,1.14545,1.14883,7816,0,30
2025-12-26T00:00:00Z,1.14882,1.15211,1.14876,1.15117,90419,0,30
2025-12-28T00:00:00Z,1.14861,1.15237,1.14796,1.15235,4664,0,30
2025-12-29T00:00:00Z,1.15234,1.15478,1.15087,1.15262,85032,0,30
2025-12-30T00:00:00Z,1.15262,1.1565699999999999,1.15232,1.15622,65122,0,30
2025-12-31T00:00:00Z,1.15623,1.16044,1.15617,1.15941,85599,0,30
2026-01-01T00:00:00Z,1.15834,1.15999,1.15637,1.1598,3206,0,30
2026-01-02T00:00:00Z,1.1598,1.16292,1.1584,1.16009,81300,0,30
2026-01-04T00:00:00Z,1.15761,1.16238,1.15761,1.16124,6335,0,30
2026-01-05T00:00:00Z,1.16124,1.16148,1.15916,1.16014,98265,0,30
2026-01-06T00:00:00Z,1.16014,1.16566,1.15785,1.16485,86896,0,24
2026-01-07T00:00:00Z,1.16485,1.16917,1.16191,1.16414,86863,0,30
2026-01-08T00:00:00Z,1.16414,1.16559,1.16257,1.16489,65028,0,30
2026-01-09T00:00:00Z,1.1649,1.16733,1.16452,1.16581,53929,0,30
2026-01-11T00:00:00Z,1.1644700000000001,1.1672,1.1644700000000001,1.16686,2081,0,30
2026-01-12T00:00:00Z,1.16689,1.16708,1.1609,1.16183,52522,0,30
2026-01-13T00:00:00Z,1.16182,1.1648100000000001,1.16071,1.16443,54741,0,24
2026-01-14T00:00:00Z,1.16449,1.16606,1.16007,1.16338,57904,0,24
2026-01-15T00:00:00Z,1.16338,1.16777,1.16315,1.16656,51996,0,24
2026-01-16T00:00:00Z,1.16656,1.16657,1.16101,1.16166,54963,0,24
2026-01-18T00:00:00Z,1.16088,1.16189,1.16012,1.16017,6451,0,24
2026-01-19T00:00:00Z,1.16017,1.1610800000000001,1.15649,1.15811,66738,0,24
2026-01-20T00:00:00Z,1.15811,1.15885,1.15242,1.1551,103267,0,24
2026-01-21T00:00:00Z,1.15509,1.15775,1.15343,1.15687,98043,0,24
2026-01-22T00:00:00Z,1.15687,1.16242,1.15269,1.15591,86994,0,24
2026-01-23T00:00:00Z,1.15591,1.16135,1.15576,1.15912,96844,0,24
2026-01-25T00:00:00Z,1.16162,1.16185,1.15766,1.1596899999999999,8354,0,24
2026-01-26T00:00:00Z,1.15968,1.16093,1.15623,1.15795,97388,0,24
2026-01-27T00:00:00Z,1.15795,1.16072,1.15768,1.16035,104907,0,24
2026-01-28T00:00:00Z,1.16035,1.1633,1.15852,1.16062,125919,0,24
2026-01-29T00:00:00Z,1.16062,1.16455,1.15636,1.15981,137246,0,24
2026-01-30T00:00:00Z,1.15982,1.16063,1.15444,1.15648,161407,0,24
2026-02-01T00:00:00Z,1.15499,1.15611,1.15361,1.1555,10752,0,29
2026-02-02T00:00:00Z,1.1555,1.15923,1.15266,1.15712,167362,0,24
2026-02-03T00:00:00Z,1.15712,1.16466,1.1566,1.16233,135254,0,24
2026-02-04T00:00:00Z,1.16233,1.16678,1.1615199999999999,1.1661299999999999,124948,0,24
2026-02-05T00:00:00Z,1.16612,1.1663999999999999,1.16168,1.16451,144648,0,24
2026-02-06T00:00:00Z,1.16451,1.16629,1.16253,1.16582,117341,0,24
2026-02-08T00:00:00Z,1.16409,1.1669100000000001,1.16349,1.16625,6591,0,24
2026-02-09T00:00:00Z,1.16625,1.17222,1.16553,1.17031,103090,0,24
2026-02-10T00:00:00Z,1.17031,1.17199,1.1688399999999999,1.17092,83831,0,24
2026-02-11T00:00:00Z,1.17092,1.17883,1.17061,1.17787,103619,0,24
2026-02-12T00:00:00Z,1.17787,1.17957,1.17119,1.175,106523,0,24
2026-02-13T00:00:00Z,1.17496,1.17545,1.1698,1.17055,106219,0,24
2026-02-15T00:00:00Z,1.17018,1.17199,1.16957,1.17194,3550,0,30
2026-02-16T00:00:00Z,1.172,1.17508,1.17147,1.17244,53438,0,24
2026-02-17T00:00:00Z,1.17242,1.17269,1.16787,1.1709,102676,0,24
2026-02-18T00:00:00Z,1.1709,1.18106,1.17043,1.18036,82659,0,24
2026-02-19T00:00:00Z,1.18035,1.18301,1.17995,1.18169,90689,0,24
2026-02-20T00:00:00Z,1.18169,1.18577,1.18071,1.1854,104750,0,24
2026-02-22T00:00:00Z,1.1823299999999999,1.18549,1.18213,1.18443,6395,0,30
2026-02-23T00:00:00Z,1.18443,1.18513,1.1810100000000001,1.1844999999999999,97372,0,24
2026-02-24T00:00:00Z,1.1844999999999999,1.18554,1.18188,1.18344,86970,0,24
2026-02-25T00:00:00Z,1.18344,1.18908,1.18295,1.18656,86845,0,24
2026-02-26T00:00:00Z,1.18656,1.18906,1.18465,1.18762,134574,0,24
2026-02-27T00:00:00Z,1.18762,1.18986,1.1859,1.18647,138173,0,24
2026-03-01T00:00:00Z,1.1832799999999999,1.18597,1.18108,1.1844000000000001,18174,0,28
2026-03-02T00:00:00Z,1.1844000000000001,1.1954500000000001,1.18438,1.19427,217144,0,24
2026-03-03T00:00:00Z,1.19427,1.19795,1.18864,1.19533,213241,0,24
2026-03-04T00:00:00Z,1.19533,1.19543,1.18626,1.19163,122728,0,24
2026-03-05T00:00:00Z,1.19163,1.19231,1.1859,1.18875,117592,0,24
2026-03-06T00:00:00Z,1.18875,1.19343,1.18831,1.19053,111920,0,24
2026-03-08T00:00:00Z,1.19017,1.19293,1.18915,1.19083,14713,0,24
2026-03-09T00:00:00Z,1.1908,1.19302,1.18697,1.19249,139933,0,24
2026-03-10T00:00:00Z,1.19249,1.2019,1.1918199999999999,1.20163,120192,0,24
2026-03-11T00:00:00Z,1.20164,1.2106,1.20101,1.2092100000000001,111237,0,24
2026-03-12T00:00:00Z,1.2092100000000001,1.21085,1.2059199999999999,1.20884,100200,0,24
2026-03-13T00:00:00Z,1.20884,1.21195,1.20652,1.20865,101846,0,24
2026-03-15T00:00:00Z,1.20611,1.20976,1.2061,1.20853,7585,0,24
2026-03-16T00:00:00Z,1.20852,1.20917,1.20535,1.20729,82829,0,24
2026-03-17T00:00:00Z,1.20729,1.21481,1.20602,1.21342,82335,0,24
2026-03-18T00:00:00Z,1.21344,1.21435,1.21045,1.21295,84334,0,24
2026-03-19T00:00:00Z,1.21295,1.21326,1.20545,1.20668,110833,0,24
2026-03-20T00:00:00Z,1.20668,1.20678,1.20322,1.20446,91094,0,24
2026-03-22T00:00:00Z,1.20084,1.20414,1.20084,1.20178,6968,0,24
2026-03-23T00:00:00Z,1.2018,1.20532,1.19451,1.1970399999999999,134021,0,24
2026-03-24T00:00:00Z,1.19705,1.19896,1.19326,1.19843,118827,0,24
2026-03-25T00:00:00Z,1.19844,1.2,1.19556,1.1957,95942,0,24
2026-03-26T00:00:00Z,1.19564,1.20005,1.19419,1.19539,83877,0,24
2026-03-27T00:00:00Z,1.19539,1.1973,1.19353,1.19666,85391,0,24
2026-03-29T00:00:00Z,1.19367,1.19653,1.1930399999999999,1.19604,6605,0,24
2026-03-30T00:00:00Z,1.19607,1.20028,1.19465,1.19735,86561,0,24
2026-03-31T00:00:00Z,1.19735,1.20236,1.19714,1.20231,104826,0,24
2026-04-01T00:00:00Z,1.20227,1.20529,1.20188,1.20413,93004,0,24
2026-04-02T00:00:00Z,1.20413,1.20912,1.20257,1.20874,90449,0,24
2026-04-03T00:00:00Z,1.20874,1.21181,1.20627,1.20959,35326,0,24
2026-04-05T00:00:00Z,1.20827,1.21178,1.20813,1.21081,5402,0,24
2026-04-06T00:00:00Z,1.21081,1.21195,1.20901,1.21041,71321,0,24
2026-04-07T00:00:00Z,1.21041,1.21961,1.21021,1.21815,94895,0,24
2026-04-08T00:00:00Z,1.2180900000000001,1.21975,1.20678,1.20835,102194,0,24
2026-04-09T00:00:00Z,1.20835,1.2095799999999999,1.20463,1.20915,76610,0,24
2026-04-10T00:00:00Z,1.20915,1.21144,1.20793,1.21017,54222,0,24
2026-04-12T00:00:00Z,1.2057,1.21022,1.20498,1.20945,5743,0,24
2026-04-13T00:00:00Z,1.20945,1.20991,1.20755,1.20904,58867,0,24
2026-04-14T00:00:00Z,1.20904,1.20904,1.20415,1.20767,64868,0,24
2026-04-15T00:00:00Z,1.20767,1.21379,1.20719,1.21374,63569,0,24
2026-04-16T00:00:00Z,1.21373,1.21836,1.21301,1.2162600000000001,66877,0,24
2026-04-17T00:00:00Z,1.2162600000000001,1.21911,1.21591,1.21817,68878,0,24
2026-04-19T00:00:00Z,1.21469,1.21825,1.21469,1.2163,6172,0,24
2026-04-20T00:00:00Z,1.2163,1.21935,1.21366,1.21467,66708,0,24
2026-04-21T00:00:00Z,1.21467,1.21475,1.21087,1.21336,77440,0,24
2026-04-22T00:00:00Z,1.21337,1.21343,1.21047,1.2120199999999999,63649,0,24
2026-04-23T00:00:00Z,1.21201,1.21828,1.2117,1.21798,82683,0,24
2026-04-24T00:00:00Z,1.21797,1.21857,1.21506,1.21571,66642,0,24
2026-04-26T00:00:00Z,1.21397,1.2171,1.21394,1.21669,3861,0,24
2026-04-27T00:00:00Z,1.21668,1.21769,1.21369,1.2162,62741,0,24
2026-04-28T00:00:00Z,1.2162,1.22081,1.2155,1.22056,71666,0,24
2026-04-29T00:00:00Z,1.22056,1.22335,1.21733,1.22057,81135,0,24
2026-04-30T00:00:00Z,1.22057,1.2224599999999999,1.21715,1.21908,91928,0,24
2026-05-01T00:00:00Z,1.2190699999999999,1.22125,1.21888,1.22047,61519,0,24
2026-05-03T00:00:00Z,1.2214800000000001,1.22155,1.21841,1.22079,3136,0,24
2026-05-04T00:00:00Z,1.2208,1.22131,1.21725,1.22058,75925,0,24
2026-05-05T00:00:00Z,1.22058,1.2219,1.21537,1.22047,67894,0,24
2026-05-06T00:00:00Z,1.22047,1.2206,1.21283,1.21519,84531,0,24
2026-05-07T00:00:00Z,1.21519,1.21677,1.21113,1.21378,74551,0,24
2026-05-08T00:00:00Z,1.21377,1.21593,1.21262,1.21477,61751,0,24
2026-05-10T00:00:00Z,1.21475,1.21611,1.2119,1.21581,4211,0,24
2026-05-11T00:00:00Z,1.21583,1.21769,1.21401,1.2147000000000001,63679,0,24
2026-05-12T00:00:00Z,1.21468,1.21701,1.2134,1.21594,80175,0,24
2026-05-13T00:00:00Z,1.21594,1.22387,1.21412,1.22299,72690,0,24
2026-05-14T00:00:00Z,1.22299,1.22343,1.21909,1.22207,66285,0,24
2026-05-15T00:00:00Z,1.22207,1.22464,1.22108,1.22345,83645,0,24
2026-05-17T00:00:00Z,1.22176,1.22473,1.22161,1.22237,4771,0,24
2026-05-18T00:00:00Z,1.2223600000000001,1.22281,1.21841,1.22071,98282,0,24
2026-05-19T00:00:00Z,1.22072,1.22101,1.21589,1.2179,92058,0,24
2026-05-20T00:00:00Z,1.21788,1.21986,1.21695,1.21841,90821,0,24
2026-05-21T00:00:00Z,1.21842,1.21918,1.21345,1.21596,86069,0,24
2026-05-22T00:00:00Z,1.21596,1.21861,1.21501,1.21783,67622,0,24
2026-05-24T00:00:00Z,1.2157499999999999,1.2190699999999999,1.2157499999999999,1.21863,4306,0,24
2026-05-25T00:00:00Z,1.21865,1.2229700000000001,1.21835,1.22283,35964,0,24
2026-05-26T00:00:00Z,1.22283,1.22838,1.22274,1.22737,61130,0,24
2026-05-27T00:00:00Z,1.2274,1.22807,1.20795,1.21058,78418,0,24
2026-05-28T00:00:00Z,1.21058,1.21155,1.20447,1.2048,70955,0,24
2026-05-29T00:00:00Z,1.2048,1.20518,1.19867,1.19867,72993,0,24
2026-05-31T00:00:00Z,1.1991100000000001,1.20112,1.1973,1.20044,3648,0,24
2026-06-01T00:00:00Z,1.20045,1.20717,1.20045,1.20701,79862,0,24
2026-06-02T00:00:00Z,1.207,1.21219,1.2062599999999999,1.2113,66806,0,24
2026-06-03T00:00:00Z,1.2113,1.21655,1.20929,1.21507,74326,0,24
2026-06-04T00:00:00Z,1.21507,1.21588,1.21334,1.21484,72611,0,24
2026-06-05T00:00:00Z,1.21484,1.21618,1.2135799999999999,1.2139199999999999,86943,0,24
2026-06-07T00:00:00Z,1.21351,1.21587,1.21339,1.21509,6962,0,24
2026-06-08T00:00:00Z,1.21508,1.21637,1.21051,1.21293,93247,0,24
2026-06-09T00:00:00Z,1.21295,1.21349,1.20596,1.20914,114897,0,24
2026-06-10T00:00:00Z,1.20915,1.20926,1.20466,1.20709,119153,0,24
2026-06-11T00:00:00Z,1.2071,1.21051,1.20509,1.20833,108877,0,24
2026-06-12T00:00:00Z,1.20828,1.20983,1.2068699999999999,1.20717,112833,0,24
2026-06-14T00:00:00Z,1.20636,1.2093,1.20636,1.20835,6305,0,24
2026-06-15T00:00:00Z,1.2083599999999999,1.21476,1.20821,1.21353,76175,0,24
2026-06-16T00:00:00Z,1.21354,1.21645,1.2109,1.21167,72078,0,24
2026-06-17T00:00:00Z,1.21167,1.2172,1.21127,1.21538,79393,0,24
2026-06-18T00:00:00Z,1.2154099999999999,1.21939,1.21342,1.2185,90444,0,24
2026-06-19T00:00:00Z,1.21851,1.22292,1.21722,1.22045,66659,0,24
2026-06-21T00:00:00Z,1.22131,1.22268,1.2194,1.2211400000000001,4231,0,24
2026-06-22T00:00:00Z,1.2211400000000001,1.22571,1.22089,1.22467,81881,0,24
2026-06-23T00:00:00Z,1.22467,1.22558,1.21619,1.22081,92822,0,24
2026-06-24T00:00:00Z,1.2208,1.22335,1.2197,1.22222,95250,0,24
2026-06-25T00:00:00Z,1.22225,1.2242899999999999,1.2202,1.22281,100620,0,24
2026-06-26T00:00:00Z,1.22281,1.2232,1.2199,1.22217,91395,0,24
2026-06-28T00:00:00Z,1.2206,1.22267,1.21861,1.22262,3114,0,24
2026-06-29T00:00:00Z,1.22262,1.22274,1.21669,1.21788,75113,0,24
2026-06-30T00:00:00Z,1.21789,1.21892,1.21556,1.21798,79058,0,24
2026-07-01T00:00:00Z,1.21796,1.21802,1.21384,1.21411,77101,0,24
2026-07-02T00:00:00Z,1.2140900000000001,1.21591,1.213,1.21487,98110,0,24
2026-07-03T00:00:00Z,1.21488,1.21571,1.21312,1.21423,56710,0,24
2026-07-05T00:00:00Z,1.2140900000000001,1.21679,1.21353,1.21654,3721,0,24
2026-07-06T00:00:00Z,1.21655,1.22069,1.21613,1.21991,71130,0,24
2026-07-07T00:00:00Z,1.21988,1.22119,1.2182,1.21947,73857,0,24
2026-07-08T00:00:00Z,1.21947,1.22011,1.21295,1.21354,98668,0,24
2026-07-09T00:00:00Z,1.21355,1.2136,1.2041,1.20497,69298,0,24
2026-07-10T00:00:00Z,1.20497,1.20639,1.20135,1.20552,78867,0,24
2026-07-12T00:00:00Z,1.20532,1.20685,1.20368,1.20551,5168,0,24
2026-07-13T00:00:00Z,1.20552,1.20605,1.19979,1.20038,94009,0,24
2026-07-14T00:00:00Z,1.20038,1.20108,1.19412,1.20008,105446,0,24
2026-07-15T00:00:00Z,1.20005,1.20227,1.19496,1.19836,91756,0,24
2026-07-16T00:00:00Z,1.19834,1.1987,1.19467,1.19814,85397,0,24
2026-07-17T00:00:00Z,1.19814,1.19827,1.19385,1.19411,85302,0,24
2026-07-19T00:00:00Z,1.19396,1.19585,1.19385,1.19505,5412,0,24
2026-07-20T00:00:00Z,1.19503,1.19893,1.19359,1.19612,78219,0,24
2026-07-21T00:00:00Z,1.19611,1.20284,1.1934,1.20161,82349,0,24
2026-07-22T00:00:00Z,1.20159,1.20294,1.20014,1.2021600000000001,72646,0,24
2026-07-23T00:00:00Z,1.20215,1.20864,1.20125,1.20666,93178,0,24
2026-07-24T00:00:00Z,1.20666,1.20843,1.2049,1.20567,81587,0,24
2026-07-26T00:00:00Z,1.20559,1.20663,1.20459,1.20625,4818,0,24
2026-07-27T00:00:00Z,1.2062599999999999,1.21087,1.20492,1.21086,83899,0,24
2026-07-28T00:00:00Z,1.21085,1.2120199999999999,1.204,1.20628,82348,0,24
2026-07-29T00:00:00Z,1.20627,1.20635,1.19783,1.1993,94427,0,24
2026-07-30T00:00:00Z,1.19931,1.2003300000000001,1.19362,1.19564,96908,0,24
2026-07-31T00:00:00Z,1.19563,1.19838,1.19198,1.19231,89960,0,24
2026-08-02T00:00:00Z,1.19349,1.19468,1.19185,1.19456,6937,0,24
2026-08-03T00:00:00Z,1.19456,1.19604,1.19029,1.19273,72703,0,24
2026-08-04T00:00:00Z,1.19273,1.19997,1.19258,1.19922,77553,0,24
2026-08-05T00:00:00Z,1.1992,1.20178,1.1972,1.19868,84049,0,24
2026-08-06T00:00:00Z,1.19868,1.19987,1.19541,1.19859,72896,0,24
2026-08-07T00:00:00Z,1.19862,1.20006,1.1971,1.19795,69514,0,24
2026-08-09T00:00:00Z,1.19775,1.19983,1.19708,1.19956,2939,0,24
2026-08-10T00:00:00Z,1.19957,1.20063,1.19705,1.19827,63740,0,24
2026-08-11T00:00:00Z,1.19831,1.20167,1.1945000000000001,1.20138,71603,0,24
2026-08-12T00:00:00Z,1.20133,1.20651,1.20127,1.20525,74772,0,24
2026-08-13T00:00:00Z,1.20523,1.21015,1.20461,1.20669,68291,0,24
2026-08-14T00:00:00Z,1.20666,1.20666,1.2008,1.20242,56897,0,24
2026-08-16T00:00:00Z,1.20103,1.20306,1.20041,1.20278,2501,0,24
2026-08-17T00:00:00Z,1.2027700000000001,1.20428,1.19998,1.20356,74417,0,24
2026-08-18T00:00:00Z,1.20356,1.209,1.20315,1.20568,68924,0,24
2026-08-19T00:00:00Z,1.20567,1.2071,1.1989,1.19997,91908,0,24
2026-08-20T00:00:00Z,1.19998,1.20007,1.1938,1.1957200000000001,93584,0,24
2026-08-21T00:00:00Z,1.19574,1.19993,1.19479,1.19804,78438,0,24
2026-08-23T00:00:00Z,1.19764,1.20092,1.19725,1.1998,4011,0,24
2026-08-24T00:00:00Z,1.1998,1.20149,1.19817,1.19916,85366,0,24
2026-08-25T00:00:00Z,1.19916,1.201,1.1975500000000001,1.19895,73902,0,24
2026-08-26T00:00:00Z,1.19893,1.20784,1.198,1.2074,77605,0,24
2026-08-27T00:00:00Z,1.20741,1.20956,1.20597,1.20831,76171,0,24
2026-08-28T00:00:00Z,1.20831,1.21196,1.20718,1.2103,74100,0,24
2026-08-30T00:00:00Z,1.20893,1.21116,1.20849,1.20935,3809,0,24
2026-08-31T00:00:00Z,1.20934,1.21327,1.20888,1.21088,75476,0,24
2026-09-01T00:00:00Z,1.21087,1.21372,1.2095,1.2124,90178,0,24
2026-09-02T00:00:00Z,1.21241,1.22851,1.211,1.22408,99517,0,24
2026-09-03T00:00:00Z,1.22408,1.22611,1.22129,1.22356,100087,0,24
2026-09-04T00:00:00Z,1.22359,1.22615,1.22149,1.22447,80597,0,24
