timestamp_utc,open,high,low,close,tick_volume,real_volume,spread
2018-12-12T00:00:00Z,5650.0,5687.0,5637.0,5638.0,6193,0,3
2018-12-13T00:00:00Z,5639.0,5680.0,5625.0,5636.0,10675,0,3
2018-12-14T00:00:00Z,5636.0,5649.0,5577.0,5583.0,11158,0,3
2018-12-17T00:00:00Z,5522.0,5616.0,5517.0,5548.0,14824,0,3
2018-12-18T00:00:00Z,5545.0,5563.0,5483.0,5496.0,11109,0,3
2018-12-19T00:00:00Z,5494.0,5594.0,5477.0,5482.0,7876,0,3
2018-12-20T00:00:00Z,5482.0,5526.0,5404.0,5454.0,15298,0,3
2018-12-21T00:00:00Z,5453.0,5475.0,5352.0,5362.0,14336,0,3
2018-12-24T00:00:00Z,5344.0,5428.0,5335.0,5404.0,2740,0,3
2018-12-27T00:00:00Z,5491.0,5559.0,5459.0,5546.0,14414,0,0
2018-12-28T00:00:00Z,5546.0,5627.0,5539.0,5626.0,11447,0,3
2018-12-31T00:00:00Z,5623.0,5646.0,5559.0,5559.0,1598,0,3
2019-01-01T00:00:00Z,5562.0,5594.0,5560.0,5585.0,708,0,0
2019-01-02T00:00:00Z,5586.0,5593.0,5459.0,5584.0,10176,0,0
2019-01-03T00:00:00Z,5585.0,5591.0,5512.0,5512.0,9818,0,3
2019-01-04T00:00:00Z,5512.0,5642.0,5509.0,5624.0,7377,0,3
2019-01-06T00:00:00Z,5622.0,5644.0,5617.0,5641.0,842,0,3
2019-01-07T00:00:00Z,5642.0,5662.0,5596.0,5610.0,7769,0,3
2019-01-08T00:00:00Z,5611.0,5697.0,5611.0,5688.0,8572,0,3
2019-01-09T00:00:00Z,5687.0,5750.0,5686.0,5731.0,7353,0,3
2019-01-10T00:00:00Z,5732.0,5751.0,5698.0,5742.0,7755,0,3
2019-01-11T00:00:00Z,5743.0,5753.0,5705.0,5740.0,5001,0,3
2019-01-14T00:00:00Z,5729.0,5738.0,5698.0,5717.0,4871,0,3
2019-01-15T00:00:00Z,5718.0,5769.0,5717.0,5764.0,6030,0,3
2019-01-16T00:00:00Z,5763.0,5797.0,5750.0,5783.0,5391,0,3
2019-01-17T00:00:00Z,5783.0,5824.0,5766.0,5811.0,5004,0,3
2019-01-18T00:00:00Z,5811.0,5868.0,5811.0,5864.0,3854,0,3
2019-01-20T00:00:00Z,5857.0,5857.0,5843.0,5846.0,470,0,3
2019-01-21T00:00:00Z,5845.0,5848.0,5813.0,5823.0,2725,0,3
2019-01-22T00:00:00Z,5823.0,5827.0,5767.0,5788.0,4223,0,3
2019-01-23T00:00:00Z,5787.0,5814.0,5764.0,5783.0,4686,0,3
2019-01-24T00:00:00Z,5783.0,5835.0,5778.0,5823.0,4711,0,3
2019-01-25T00:00:00Z,5824.0,5858.0,5823.0,5845.0,3308,0,3
2019-01-28T00:00:00Z,5837.0,5849.0,5807.0,5818.0,2516,0,3
2019-01-29T00:00:00Z,5819.0,5849.0,5800.0,5842.0,3708,0,3
2019-01-30T00:00:00Z,5841.0,5857.0,5805.0,5852.0,3960,0,3
2019-01-31T00:00:00Z,5851.0,5852.0,5787.0,5816.0,4576,0,3
2019-02-01T00:00:00Z,5817.0,5828.0,5791.0,5815.0,3611,0,3
2019-02-03T00:00:00Z,5808.0,5812.0,5782.0,5804.0,484,0,3
2019-02-04T00:00:00Z,5805.0,5924.0,5805.0,5923.0,4059,0,3
2019-02-05T00:00:00Z,5922.0,5980.0,5921.0,5935.0,5239,0,3
2019-02-06T00:00:00Z,5934.0,6016.0,5934.0,6016.0,4377,0,3
2019-02-07T00:00:00Z,6015.0,6047.0,5991.0,6010.0,5830,0,3
2019-02-08T00:00:00Z,6009.0,6036.0,5974.0,6004.0,5123,0,3
2019-02-10T00:00:00Z,5993.0,6025.0,5993.0,5993.0,405,0,3
2019-02-11T00:00:00Z,5993.0,6027.0,5966.0,6012.0,4687,0,3
2019-02-12T00:00:00Z,6012.0,6053.0,6010.0,6036.0,4252,0,3
2019-02-13T00:00:00Z,6035.0,6049.0,6000.0,6038.0,5410,0,3
2019-02-14T00:00:00Z,6038.0,6048.0,5989.0,6013.0,6688,0,3
2019-02-15T00:00:00Z,6014.0,6065.0,5999.0,6061.0,5207,0,3
2019-02-17T00:00:00Z,6060.0,6070.0,6052.0,6063.0,631,0,3
2019-02-18T00:00:00Z,6062.0,6063.0,6037.0,6058.0,2708,0,3
2019-02-19T00:00:00Z,6059.0,6088.0,6053.0,6074.0,3990,0,3
2019-02-20T00:00:00Z,6073.0,6079.0,6033.0,6068.0,4538,0,2
2019-02-21T00:00:00Z,6069.0,6113.0,6036.0,6109.0,5762,0,3
2019-02-22T00:00:00Z,6110.0,6145.0,6107.0,6135.0,3613,0,3
2019-02-24T00:00:00Z,6146.0,6163.0,6135.0,6147.0,544,0,3
2019-02-25T00:00:00Z,6148.0,6153.0,6110.0,6118.0,4371,0,3
2019-02-26T00:00:00Z,6117.0,6139.0,6072.0,6111.0,4426,0,3
2019-02-27T00:00:00Z,6112.0,6146.0,6109.0,6135.0,4072,0,3
2019-02-28T00:00:00Z,6134.0,6180.0,6111.0,6170.0,4639,0,3
2019-03-01T00:00:00Z,6170.0,6205.0,6169.0,6204.0,3476,0,3
2019-03-03T00:00:00Z,6208.0,6220.0,6199.0,6212.0,538,0,3
2019-03-04T00:00:00Z,6212.0,6223.0,6152.0,6178.0,4840,0,3
2019-03-05T00:00:00Z,6179.0,6207.0,6157.0,6191.0,4268,0,3
2019-03-06T00:00:00Z,6190.0,6275.0,6188.0,6251.0,4643,0,3
2019-03-07T00:00:00Z,6252.0,6285.0,6225.0,6240.0,5653,0,3
2019-03-08T00:00:00Z,6239.0,6241.0,6161.0,6184.0,5005,0,3
2019-03-10T00:00:00Z,6165.0,6185.0,6139.0,6177.0,416,0,3
2019-03-11T00:00:00Z,6178.0,6225.0,6139.0,6205.0,5316,0,3
2019-03-12T00:00:00Z,6204.0,6211.0,6142.0,6150.0,4886,0,3
2019-03-13T00:00:00Z,6149.0,6200.0,6127.0,6176.0,3934,0,3
2019-03-14T00:00:00Z,6175.0,6213.0,6152.0,6180.0,4398,0,3
2019-03-15T00:00:00Z,6179.0,6200.0,6165.0,6198.0,3499,0,3
2019-03-17T00:00:00Z,6193.0,6199.0,6180.0,6194.0,543,0,3
2019-03-18T00:00:00Z,6194.0,6204.0,6164.0,6167.0,5122,0,3
2019-03-19T00:00:00Z,6166.0,6214.0,6148.0,6163.0,5516,0,3
2019-03-20T00:00:00Z,6161.0,6175.0,6135.0,6143.0,4315,0,3
2019-03-21T00:00:00Z,6144.0,6196.0,6120.0,6188.0,5032,0,3
2019-03-22T00:00:00Z,6189.0,6218.0,6125.0,6130.0,6168,0,3
2019-03-24T00:00:00Z,6134.0,6138.0,6112.0,6112.0,384,0,3
2019-03-25T00:00:00Z,6113.0,6124.0,6087.0,6110.0,5938,0,3
2019-03-26T00:00:00Z,6109.0,6135.0,6089.0,6097.0,4365,0,3
2019-03-27T00:00:00Z,6098.0,6129.0,6085.0,6114.0,4967,0,3
2019-03-28T00:00:00Z,6115.0,6195.0,6100.0,6187.0,4873,0,3
2019-03-29T00:00:00Z,6188.0,6201.0,6156.0,6190.0,3760,0,3
2019-03-31T00:00:00Z,6210.0,6216.0,6194.0,6216.0,486,0,3
2019-04-01T00:00:00Z,6215.0,6252.0,6192.0,6251.0,3868,0,3
2019-04-02T00:00:00Z,6250.0,6268.0,6221.0,6256.0,3946,0,3
2019-04-03T00:00:00Z,6255.0,6277.0,6235.0,6238.0,4106,0,3
2019-04-04T00:00:00Z,6237.0,6240.0,6178.0,6178.0,4279,0,3
2019-04-05T00:00:00Z,6177.0,6196.0,6151.0,6195.0,3213,0,3
2019-04-07T00:00:00Z,6191.0,6195.0,6186.0,6190.0,89,0,3
2019-04-08T00:00:00Z,6189.0,6219.0,6180.0,6215.0,2946,0,3
2019-04-09T00:00:00Z,6214.0,6216.0,6170.0,6184.0,3426,0,3
2019-04-10T00:00:00Z,6184.0,6219.0,6181.0,6189.0,3698,0,3
2019-04-11T00:00:00Z,6188.0,6213.0,6162.0,6206.0,3644,0,3
2019-04-12T00:00:00Z,6206.0,6247.0,6204.0,6236.0,2961,0,3
2019-04-14T00:00:00Z,6235.0,6239.0,6231.0,6235.0,105,0,3
2019-04-15T00:00:00Z,6236.0,6240.0,6212.0,6215.0,2490,0,3
2019-04-16T00:00:00Z,6215.0,6280.0,6213.0,6250.0,2984,0,2
2019-04-17T00:00:00Z,6249.0,6300.0,6229.0,6285.0,5138,0,3
2019-04-18T00:00:00Z,6283.0,6287.0,6227.0,6268.0,3595,0,3
2019-04-23T00:00:00Z,6262.0,6342.0,6254.0,6340.0,4735,0,3
2019-04-24T00:00:00Z,6337.0,6381.0,6331.0,6370.0,5029,0,3
2019-04-25T00:00:00Z,6364.0,6374.0,6354.0,6367.0,2982,0,3
2019-04-26T00:00:00Z,6368.0,6373.0,6343.0,6368.0,5136,0,3
2019-04-28T00:00:00Z,6365.0,6367.0,6353.0,6356.0,143,0,3
2019-04-29T00:00:00Z,6355.0,6358.0,6323.0,6325.0,4959,0,3
2019-04-30T00:00:00Z,6324.0,6335.0,6292.0,6330.0,4842,0,3
2019-05-01T00:00:00Z,6328.0,6356.0,6309.0,6318.0,5478,0,3
2019-05-02T00:00:00Z,6319.0,6342.0,6299.0,6317.0,7387,0,3
2019-05-03T00:00:00Z,6318.0,6352.0,6304.0,6351.0,4565,0,3
2019-05-05T00:00:00Z,6301.0,6306.0,6250.0,6259.0,360,0,3
2019-05-06T00:00:00Z,6258.0,6296.0,6221.0,6287.0,7635,0,3
2019-05-07T00:00:00Z,6288.0,6317.0,6209.0,6218.0,10438,0,3
2019-05-08T00:00:00Z,6219.0,6255.0,6214.0,6232.0,9237,0,3
2019-05-09T00:00:00Z,6233.0,6277.0,6220.0,6257.0,11192,0,3
2019-05-10T00:00:00Z,6258.0,6328.0,6257.0,6322.0,13691,0,3
2019-05-12T00:00:00Z,6295.0,6298.0,6266.0,6278.0,279,0,3
2019-05-13T00:00:00Z,6280.0,6296.0,6221.0,6226.0,10797,0,3
2019-05-14T00:00:00Z,6224.0,6265.0,6197.0,6252.0,7933,0,3
2019-05-15T00:00:00Z,6251.0,6306.0,6234.0,6299.0,8382,0,3
2019-05-16T00:00:00Z,6298.0,6407.0,6279.0,6398.0,7907,0,3
2019-05-17T00:00:00Z,6397.0,6409.0,6344.0,6368.0,8849,0,3
2019-05-19T00:00:00Z,6455.0,6456.0,6437.0,6453.0,302,0,3
2019-05-20T00:00:00Z,6455.0,6486.0,6426.0,6456.0,11371,0,3
2019-05-21T00:00:00Z,6455.0,6509.0,6447.0,6504.0,7657,0,3
2019-05-22T00:00:00Z,6502.0,6521.0,6481.0,6497.0,6556,0,3
2019-05-23T00:00:00Z,6496.0,6510.0,6445.0,6461.0,9271,0,3
2019-05-24T00:00:00Z,6463.0,6486.0,6442.0,6457.0,6820,0,3
2019-05-26T00:00:00Z,6470.0,6471.0,6456.0,6461.0,105,0,3
2019-05-27T00:00:00Z,6458.0,6472.0,6451.0,6470.0,3760,0,3
2019-05-28T00:00:00Z,6469.0,6497.0,6430.0,6437.0,7097,0,3
2019-05-29T00:00:00Z,6438.0,6442.0,6387.0,6397.0,9162,0,3
2019-05-30T00:00:00Z,6396.0,6413.0,6365.0,6369.0,7008,0,3
2019-05-31T00:00:00Z,6372.0,6402.0,6361.0,6375.0,8883,0,3
2019-06-02T00:00:00Z,6367.0,6367.0,6350.0,6360.0,196,0,3
2019-06-03T00:00:00Z,6361.0,6367.0,6302.0,6330.0,9509,0,3
2019-06-04T00:00:00Z,6329.0,6398.0,6315.0,6396.0,6887,0,3
2019-06-05T00:00:00Z,6395.0,6398.0,6350.0,6376.0,7317,0,3
2019-06-06T00:00:00Z,6377.0,6428.0,6375.0,6420.0,6270,0,3
2019-06-07T00:00:00Z,6421.0,6488.0,6404.0,6485.0,5659,0,3
2019-06-10T00:00:00Z,6492.0,6521.0,6484.0,6489.0,4504,0,3
2019-06-11T00:00:00Z,6489.0,6586.0,6484.0,6560.0,6067,0,3
2019-06-12T00:00:00Z,6560.0,6593.0,6537.0,6561.0,5474,0,3
2019-06-13T00:00:00Z,6561.0,6574.0,6537.0,6554.0,6894,0,3
2019-06-14T00:00:00Z,6554.0,6562.0,6529.0,6556.0,6413,0,3
2019-06-17T00:00:00Z,6474.0,6487.0,6456.0,6462.0,6533,0,3
2019-06-18T00:00:00Z,6462.0,6554.0,6462.0,6550.0,6662,0,3
2019-06-19T00:00:00Z,6550.0,6596.0,6546.0,6594.0,7000,0,3
2019-06-20T00:00:00Z,6595.0,6633.0,6569.0,6608.0,7451,0,3
2019-06-21T00:00:00Z,6610.0,6620.0,6563.0,6573.0,6126,0,3
2019-06-24T00:00:00Z,6571.0,6597.0,6543.0,6573.0,4512,0,3
2019-06-25T00:00:00Z,6575.0,6608.0,6552.0,6559.0,6184,0,3
2019-06-26T00:00:00Z,6558.0,6594.0,6555.0,6555.0,5084,0,3
2019-06-27T00:00:00Z,6559.0,6607.0,6541.0,6591.0,5689,0,3
2019-06-28T00:00:00Z,6591.0,6599.0,6549.0,6567.0,4197,0,3
2019-07-01T00:00:00Z,6609.0,6610.0,6575.0,6605.0,5301,0,3
2019-07-02T00:00:00Z,6606.0,6627.0,6575.0,6591.0,5065,0,3
2019-07-03T00:00:00Z,6590.0,6655.0,6578.0,6654.0,3848,0,3
2019-07-04T00:00:00Z,6654.0,6671.0,6649.0,6669.0,2481,0,3
2019-07-05T00:00:00Z,6671.0,6709.0,6650.0,6680.0,4706,0,3
2019-07-08T00:00:00Z,6675.0,6676.0,6594.0,6598.0,4430,0,3
2019-07-09T00:00:00Z,6597.0,6633.0,6576.0,6628.0,4715,0,3
2019-07-10T00:00:00Z,6629.0,6656.0,6618.0,6621.0,5425,0,3
2019-07-11T00:00:00Z,6621.0,6666.0,6618.0,6635.0,4691,0,3
2019-07-12T00:00:00Z,6635.0,6652.0,6599.0,6606.0,3838,0,3
2019-07-15T00:00:00Z,6591.0,6616.0,6571.0,6590.0,4674,0,3
2019-07-16T00:00:00Z,6589.0,6598.0,6558.0,6565.0,4449,0,3
2019-07-17T00:00:00Z,6562.0,6624.0,6557.0,6599.0,4357,0,3
2019-07-18T00:00:00Z,6601.0,6602.0,6563.0,6587.0,4091,0,2
2019-07-19T00:00:00Z,6586.0,6644.0,6583.0,6624.0,3526,0,3
2019-07-22T00:00:00Z,6627.0,6647.0,6609.0,6637.0,3925,0,3
2019-07-23T00:00:00Z,6638.0,6701.0,6633.0,6697.0,2653,0,3
2019-07-24T00:00:00Z,6698.0,6732.0,6687.0,6727.0,2802,0,3
2019-07-25T00:00:00Z,6727.0,6769.0,6712.0,6731.0,4115,0,2
2019-07-26T00:00:00Z,6731.0,6754.0,6713.0,6752.0,2682,0,3
2019-07-29T00:00:00Z,6747.0,6804.0,6737.0,6797.0,2198,0,3
2019-07-30T00:00:00Z,6797.0,6812.0,6746.0,6759.0,2798,0,2
2019-07-31T00:00:00Z,6758.0,6773.0,6698.0,6712.0,4629,0,3
2019-08-01T00:00:00Z,6713.0,6775.0,6700.0,6703.0,7000,0,3
2019-08-02T00:00:00Z,6704.0,6740.0,6678.0,6697.0,8108,0,3
2019-08-05T00:00:00Z,6691.0,6697.0,6379.0,6393.0,9406,0,3
2019-08-06T00:00:00Z,6392.0,6445.0,6364.0,6388.0,11003,0,2
2019-08-07T00:00:00Z,6389.0,6476.0,6365.0,6410.0,9083,0,2
2019-08-08T00:00:00Z,6411.0,6526.0,6387.0,6522.0,6904,0,2
2019-08-09T00:00:00Z,6521.0,6527.0,6473.0,6499.0,7045,0,2
2019-08-12T00:00:00Z,6488.0,6536.0,6468.0,6491.0,6521,0,2
2019-08-13T00:00:00Z,6492.0,6554.0,6461.0,6545.0,8644,0,3
2019-08-14T00:00:00Z,6546.0,6552.0,6397.0,6432.0,9213,0,2
2019-08-15T00:00:00Z,6432.0,6435.0,6302.0,6347.0,14217,0,2
2019-08-16T00:00:00Z,6345.0,6397.0,6333.0,6393.0,5964,0,3
2019-08-19T00:00:00Z,6409.0,6445.0,6394.0,6433.0,3858,0,3
2019-08-20T00:00:00Z,6435.0,6501.0,6427.0,6452.0,4648,0,3
2019-08-21T00:00:00Z,6453.0,6483.0,6417.0,6480.0,3914,0,2
2019-08-22T00:00:00Z,6479.0,6483.0,6428.0,6450.0,4952,0,3
2019-08-23T00:00:00Z,6449.0,6487.0,6373.0,6379.0,8922,0,2
2019-08-26T00:00:00Z,6370.0,6441.0,6369.0,6409.0,9044,0,3
2019-08-27T00:00:00Z,6407.0,6450.0,6395.0,6424.0,6232,0,3
2019-08-28T00:00:00Z,6426.0,6475.0,6421.0,6474.0,6344,0,2
2019-08-29T00:00:00Z,6475.0,6535.0,6437.0,6527.0,5196,0,3
2019-08-30T00:00:00Z,6528.0,6593.0,6517.0,6577.0,4266,0,3
2019-09-02T00:00:00Z,6550.0,6576.0,6526.0,6532.0,3333,0,2
2019-09-03T00:00:00Z,6533.0,6567.0,6485.0,6493.0,6362,0,3
2019-09-04T00:00:00Z,6493.0,6563.0,6477.0,6555.0,4107,0,3
2019-09-05T00:00:00Z,6556.0,6629.0,6552.0,6627.0,4500,0,2
2019-09-06T00:00:00Z,6628.0,6649.0,6614.0,6630.0,3684,0,2
2019-09-09T00:00:00Z,6625.0,6654.0,6620.0,6634.0,3051,0,3
2019-09-10T00:00:00Z,6633.0,6636.0,6591.0,6626.0,4083,0,3
2019-09-11T00:00:00Z,6625.0,6685.0,6614.0,6673.0,3154,0,2
2019-09-12T00:00:00Z,6674.0,6687.0,6632.0,6671.0,4884,0,3
2019-09-13T00:00:00Z,6670.0,6686.0,6653.0,6665.0,3024,0,2
2019-09-16T00:00:00Z,6653.0,6668.0,6636.0,6637.0,2333,0,3
2019-09-17T00:00:00Z,6638.0,6690.0,6631.0,6681.0,3763,0,2
2019-09-18T00:00:00Z,6682.0,6703.0,6644.0,6700.0,3273,0,3
2019-09-19T00:00:00Z,6701.0,6741.0,6684.0,6733.0,4477,0,3
2019-09-20T00:00:00Z,6732.0,6763.0,6704.0,6720.0,4057,0,3
2019-09-23T00:00:00Z,6741.0,6756.0,6692.0,6731.0,3849,0,3
2019-09-24T00:00:00Z,6732.0,6749.0,6650.0,6674.0,5044,0,3
2019-09-25T00:00:00Z,6675.0,6710.0,6656.0,6703.0,5267,0,3
2019-09-26T00:00:00Z,6704.0,6706.0,6645.0,6678.0,4916,0,3
2019-09-27T00:00:00Z,6677.0,6724.0,6662.0,6680.0,5243,0,3
2019-09-30T00:00:00Z,6688.0,6718.0,6658.0,6670.0,4179,0,3
2019-10-01T00:00:00Z,6672.0,6733.0,6642.0,6661.0,5703,0,3
2019-10-02T00:00:00Z,6660.0,6660.0,6469.0,6488.0,7231,0,3
2019-10-03T00:00:00Z,6487.0,6497.0,6410.0,6480.0,8277,0,3
2019-10-04T00:00:00Z,6479.0,6540.0,6461.0,6539.0,6009,0,3
2019-10-07T00:00:00Z,6524.0,6585.0,6509.0,6557.0,5023,0,2
2019-10-08T00:00:00Z,6556.0,6578.0,6501.0,6502.0,7217,0,2
2019-10-09T00:00:00Z,6503.0,6566.0,6500.0,6533.0,5753,0,3
2019-10-10T00:00:00Z,6534.0,6583.0,6502.0,6583.0,8720,0,3
2019-10-11T00:00:00Z,6582.0,6646.0,6564.0,6612.0,6093,0,3
2019-10-14T00:00:00Z,6641.0,6647.0,6567.0,6624.0,3932,0,2
2019-10-15T00:00:00Z,6623.0,6699.0,6612.0,6681.0,4150,0,2
2019-10-16T00:00:00Z,6681.0,6731.0,6672.0,6699.0,4748,0,3
2019-10-17T00:00:00Z,6698.0,6715.0,6632.0,6644.0,5130,0,2
2019-10-18T00:00:00Z,6644.0,6646.0,6589.0,6598.0,3961,0,2
2019-10-21T00:00:00Z,6606.0,6638.0,6597.0,6619.0,3385,0,3
2019-10-22T00:00:00Z,6620.0,6662.0,6620.0,6626.0,4055,0,2
2019-10-23T00:00:00Z,6626.0,6686.0,6606.0,6686.0,5021,0,3
2019-10-24T00:00:00Z,6684.0,6715.0,6665.0,6708.0,4960,0,3
2019-10-25T00:00:00Z,6707.0,6744.0,6701.0,6739.0,3836,0,3
2019-10-28T00:00:00Z,6736.0,6747.0,6706.0,6726.0,3999,0,3
2019-10-29T00:00:00Z,6725.0,6731.0,6686.0,6693.0,3876,0,3
2019-10-30T00:00:00Z,6694.0,6694.0,6647.0,6656.0,4698,0,3
2019-10-31T00:00:00Z,6655.0,6658.0,6600.0,6614.0,4928,0,3
2019-11-01T00:00:00Z,6615.0,6670.0,6611.0,6670.0,3062,0,2
2019-11-04T00:00:00Z,6660.0,6698.0,6640.0,6682.0,2975,0,2
2019-11-05T00:00:00Z,6681.0,6688.0,6652.0,6676.0,3889,0,3
2019-11-06T00:00:00Z,6675.0,6682.0,6621.0,6664.0,3958,0,2
2019-11-07T00:00:00Z,6664.0,6738.0,6664.0,6716.0,5638,0,3
2019-11-08T00:00:00Z,6715.0,6728.0,6678.0,6727.0,4896,0,3
2019-11-11T00:00:00Z,6747.0,6777.0,6725.0,6737.0,3594,0,3
2019-11-12T00:00:00Z,6737.0,6782.0,6728.0,6742.0,4735,0,3
2019-11-13T00:00:00Z,6741.0,6742.0,6681.0,6709.0,5816,0,3
2019-11-14T00:00:00Z,6710.0,6770.0,6697.0,6762.0,6302,0,2
2019-11-15T00:00:00Z,6761.0,6804.0,6758.0,6797.0,4378,0,2
2019-11-18T00:00:00Z,6767.0,6790.0,6751.0,6767.0,4949,0,3
2019-11-19T00:00:00Z,6766.0,6837.0,6750.0,6750.0,4641,0,2
2019-11-20T00:00:00Z,6749.0,6754.0,6691.0,6697.0,4991,0,2
2019-11-21T00:00:00Z,6696.0,6712.0,6636.0,6709.0,5879,0,3
2019-11-22T00:00:00Z,6710.0,6734.0,6704.0,6727.0,3809,0,3
2019-11-25T00:00:00Z,6754.0,6776.0,6730.0,6771.0,2601,0,2
2019-11-26T00:00:00Z,6771.0,6813.0,6760.0,6812.0,3293,0,3
2019-11-27T00:00:00Z,6813.0,6880.0,6813.0,6873.0,2586,0,3
2019-11-28T00:00:00Z,6872.0,6900.0,6863.0,6896.0,1938,0,3
2019-11-29T00:00:00Z,6895.0,6896.0,6843.0,6856.0,2726,0,2
2019-12-02T00:00:00Z,6869.0,6895.0,6735.0,6737.0,5539,0,3
2019-12-03T00:00:00Z,6738.0,6750.0,6582.0,6612.0,7314,0,3
2019-12-04T00:00:00Z,6611.0,6672.0,6587.0,6659.0,6718,0,2
2019-12-05T00:00:00Z,6660.0,6718.0,6651.0,6694.0,4771,0,3
2019-12-06T00:00:00Z,6693.0,6748.0,6688.0,6738.0,3861,0,2
2019-12-09T00:00:00Z,6737.0,6752.0,6706.0,6731.0,3044,0,3
2019-12-10T00:00:00Z,6732.0,6736.0,6672.0,6715.0,5150,0,3
2019-12-11T00:00:00Z,6723.0,6763.0,6713.0,6717.0,4297,0,2
2019-12-12T00:00:00Z,6740.0,6744.0,6677.0,6719.0,6253,0,2
2019-12-13T00:00:00Z,6742.0,6787.0,6728.0,6782.0,7277,0,3
2019-12-16T00:00:00Z,6737.0,6821.0,6737.0,6790.0,2046,0,2
2019-12-17T00:00:00Z,6791.0,6816.0,6754.0,6768.0,3585,0,2
2019-12-18T00:00:00Z,6768.0,6800.0,6765.0,6798.0,2563,0,2
2019-12-19T00:00:00Z,6797.0,6808.0,6733.0,6757.0,4455,0,3
2019-12-20T00:00:00Z,6756.0,6759.0,6722.0,6731.0,4044,0,3
2019-12-23T00:00:00Z,6721.0,6733.0,6700.0,6713.0,3520,0,3
2019-12-24T00:00:00Z,6714.0,6723.0,6701.0,6711.0,807,0,3
2019-12-26T00:00:00Z,6721.0,6725.0,6720.0,6721.0,41,0,3
2019-12-27T00:00:00Z,6720.0,6752.0,6706.0,6717.0,2952,0,3
2019-12-30T00:00:00Z,6713.0,6744.0,6656.0,6657.0,4481,0,3
2019-12-31T00:00:00Z,6656.0,6658.0,6599.0,6601.0,1464,0,3
2020-01-02T00:00:00Z,6708.0,6708.0,6698.0,6701.0,89,0,3
2020-01-03T00:00:00Z,6702.0,6725.0,6623.0,6650.0,6162,0,3
2020-01-06T00:00:00Z,6621.0,6728.0,6617.0,6728.0,4913,0,2
2020-01-07T00:00:00Z,6728.0,6805.0,6715.0,6723.0,5178,0,3
2020-01-08T00:00:00Z,6722.0,6832.0,6685.0,6823.0,7485,0,3
2020-01-09T00:00:00Z,6824.0,6862.0,6791.0,6860.0,3597,0,3
2020-01-10T00:00:00Z,6861.0,6873.0,6801.0,6810.0,3593,0,3
2020-01-13T00:00:00Z,6830.0,6883.0,6822.0,6883.0,3277,0,3
2020-01-14T00:00:00Z,6884.0,6924.0,6881.0,6914.0,6076,0,3
2020-01-15T00:00:00Z,6914.0,6977.0,6913.0,6976.0,4945,0,3
2020-01-16T00:00:00Z,6975.0,7023.0,6965.0,7022.0,3689,0,3
2020-01-17T00:00:00Z,7023.0,7042.0,6999.0,7042.0,3130,0,3
2020-01-20T00:00:00Z,7024.0,7033.0,6997.0,6998.0,2223,0,2
2020-01-21T00:00:00Z,6999.0,7036.0,6978.0,7021.0,4386,0,3
2020-01-22T00:00:00Z,7022.0,7085.0,7022.0,7043.0,3983,0,3
2020-01-23T00:00:00Z,7044.0,7060.0,6988.0,7056.0,5688,0,3
2020-01-24T00:00:00Z,7055.0,7059.0,6984.0,7000.0,5459,0,3
2020-01-27T00:00:00Z,6954.0,6974.0,6900.0,6915.0,5300,0,3
2020-01-28T00:00:00Z,6915.0,6982.0,6911.0,6963.0,5968,0,2
2020-01-29T00:00:00Z,6964.0,6983.0,6949.0,6964.0,4901,0,2
2020-01-30T00:00:00Z,6963.0,6977.0,6916.0,6975.0,8738,0,2
2020-01-31T00:00:00Z,6974.0,6981.0,6820.0,6839.0,8967,0,3
2020-02-03T00:00:00Z,6853.0,6879.0,6828.0,6857.0,7719,0,2
2020-02-04T00:00:00Z,6858.0,6941.0,6857.0,6927.0,5458,0,3
2020-02-05T00:00:00Z,6926.0,6967.0,6893.0,6960.0,7148,0,3
2020-02-06T00:00:00Z,6961.0,6996.0,6945.0,6960.0,5508,0,2
2020-02-07T00:00:00Z,6961.0,6996.0,6933.0,6960.0,6416,0,3
2020-02-10T00:00:00Z,6917.0,6989.0,6916.0,6983.0,5226,0,3
2020-02-11T00:00:00Z,6983.0,7019.0,6969.0,7013.0,3932,0,3
2020-02-12T00:00:00Z,7012.0,7064.0,7002.0,7047.0,3284,0,3
2020-02-13T00:00:00Z,7047.0,7054.0,6983.0,7037.0,5905,0,3
2020-02-14T00:00:00Z,7037.0,7072.0,7029.0,7048.0,3647,0,2
2020-02-17T00:00:00Z,7047.0,7071.0,7033.0,7044.0,2022,0,3
2020-02-18T00:00:00Z,7043.0,7072.0,7026.0,7072.0,4754,0,2
2020-02-19T00:00:00Z,7073.0,7119.0,7049.0,7118.0,3216,0,3
2020-02-20T00:00:00Z,7117.0,7146.0,7074.0,7087.0,7060,0,3
2020-02-21T00:00:00Z,7086.0,7105.0,7019.0,7042.0,7778,0,3
2020-02-24T00:00:00Z,6974.0,6980.0,6743.0,6791.0,12777,0,3
2020-02-25T00:00:00Z,6790.0,6858.0,6640.0,6704.0,18590,0,3
2020-02-26T00:00:00Z,6704.0,6720.0,6573.0,6645.0,21743,0,2
2020-02-27T00:00:00Z,6646.0,6666.0,6422.0,6422.0,24011,0,3
2020-02-28T00:00:00Z,6423.0,6475.0,6208.0,6309.0,28753,0,3
2020-03-02T00:00:00Z,6233.0,6478.0,6194.0,6477.0,27339,0,3
2020-03-03T00:00:00Z,6478.0,6493.0,6218.0,6331.0,24406,0,3
2020-03-04T00:00:00Z,6331.0,6439.0,6280.0,6430.0,18751,0,3
2020-03-05T00:00:00Z,6431.0,6435.0,6245.0,6269.0,17181,0,3
2020-03-06T00:00:00Z,6268.0,6303.0,6035.0,6110.0,21348,0,3
2020-03-08T00:00:00Z,5887.0,5918.0,5887.0,5902.0,230,0,3
2020-03-09T00:00:00Z,5901.0,5906.0,5344.0,5704.0,21144,0,3
2020-03-10T00:00:00Z,5705.0,6033.0,5683.0,5834.0,29178,0,2
2020-03-11T00:00:00Z,5835.0,5884.0,5494.0,5564.0,22828,0,3
2020-03-12T00:00:00Z,5564.0,5628.0,4809.0,5019.0,25539,0,3
2020-03-13T00:00:00Z,5018.0,5672.0,4866.0,5649.0,25513,0,3
2020-03-15T00:00:00Z,5215.0,5305.0,5210.0,5211.0,314,0,3
2020-03-16T00:00:00Z,5211.0,5296.0,4749.0,5036.0,14777,0,3
2020-03-17T00:00:00Z,5036.0,5319.0,4974.0,5073.0,16237,0,3
2020-03-18T00:00:00Z,5073.0,5148.0,4712.0,4955.0,19162,0,3
2020-03-19T00:00:00Z,4956.0,5048.0,4710.0,4890.0,20360,0,2
2020-03-20T00:00:00Z,4889.0,5001.0,4694.0,4694.0,17908,0,2
2020-03-22T00:00:00Z,4513.0,4538.0,4499.0,4507.0,190,0,3
2020-03-23T00:00:00Z,4507.0,4780.0,4386.0,4645.0,22330,0,2
2020-03-24T00:00:00Z,4649.0,5002.0,4589.0,4948.0,18018,0,3
2020-03-25T00:00:00Z,4946.0,5244.0,4780.0,5052.0,16397,0,2
2020-03-26T00:00:00Z,5054.0,5323.0,5001.0,5217.0,15821,0,3
2020-03-27T00:00:00Z,5220.0,5221.0,4779.0,4830.0,15002,0,3
2020-03-29T00:00:00Z,4875.0,4897.0,4861.0,4863.0,157,0,3
2020-03-30T00:00:00Z,4862.0,5312.0,4850.0,5302.0,18942,0,3
2020-03-31T00:00:00Z,5305.0,5365.0,4989.0,5162.0,20637,0,2
2020-04-01T00:00:00Z,5163.0,5279.0,5034.0,5123.0,19221,0,3
2020-04-02T00:00:00Z,5123.0,5274.0,5071.0,5179.0,18706,0,3
2020-04-03T00:00:00Z,5179.0,5194.0,5008.0,5070.0,14798,0,2
2020-04-05T00:00:00Z,5138.0,5147.0,5103.0,5121.0,244,0,3
2020-04-06T00:00:00Z,5118.0,5442.0,5096.0,5379.0,17375,0,3
2020-04-07T00:00:00Z,5375.0,5429.0,5130.0,5136.0,23247,0,3
2020-04-08T00:00:00Z,5139.0,5324.0,5108.0,5290.0,19774,0,3
2020-04-09T00:00:00Z,5290.0,5446.0,5232.0,5442.0,12620,0,3
2020-04-13T00:00:00Z,5394.0,5394.0,5330.0,5369.0,354,0,3
2020-04-14T00:00:00Z,5369.0,5516.0,5345.0,5500.0,13628,0,3
2020-04-15T00:00:00Z,5501.0,5530.0,5286.0,5300.0,15928,0,3
2020-04-16T00:00:00Z,5301.0,5432.0,5301.0,5426.0,14133,0,3
2020-04-17T00:00:00Z,5449.0,5480.0,5391.0,5466.0,5833,0,3
2020-04-20T00:00:00Z,5323.0,5327.0,5305.0,5313.0,168,0,3
2020-04-21T00:00:00Z,5311.0,5338.0,5069.0,5118.0,19015,0,3
2020-04-22T00:00:00Z,5119.0,5314.0,5084.0,5262.0,14798,0,3
2020-04-23T00:00:00Z,5262.0,5276.0,5167.0,5191.0,14422,0,3
2020-04-24T00:00:00Z,5191.0,5314.0,5189.0,5293.0,9485,0,3
2020-04-27T00:00:00Z,5310.0,5312.0,5290.0,5296.0,147,0,3
2020-04-28T00:00:00Z,5297.0,5377.0,5260.0,5325.0,10402,0,3
2020-04-29T00:00:00Z,5324.0,5467.0,5300.0,5463.0,10673,0,3
2020-04-30T00:00:00Z,5463.0,5546.0,5391.0,5407.0,13939,0,3
2020-05-01T00:00:00Z,5408.0,5411.0,5188.0,5231.0,10652,0,3
2020-05-04T00:00:00Z,5327.0,5343.0,5323.0,5341.0,135,0,3
2020-05-05T00:00:00Z,5338.0,5433.0,5336.0,5396.0,11230,0,3
2020-05-06T00:00:00Z,5397.0,5424.0,5334.0,5367.0,11489,0,3
2020-05-07T00:00:00Z,5370.0,5407.0,5340.0,5399.0,10187,0,3
2020-05-08T00:00:00Z,5397.0,5428.0,5365.0,5400.0,6892,0,3
2020-05-10T00:00:00Z,5417.0,5431.0,5415.0,5428.0,97,0,3
2020-05-11T00:00:00Z,5429.0,5488.0,5418.0,5441.0,9331,0,3
2020-05-12T00:00:00Z,5440.0,5444.0,5294.0,5307.0,10631,0,3
2020-05-13T00:00:00Z,5308.0,5441.0,5294.0,5354.0,14136,0,3
2020-05-14T00:00:00Z,5354.0,5385.0,5250.0,5365.0,16580,0,3
2020-05-15T00:00:00Z,5366.0,5445.0,5343.0,5434.0,13391,0,3
2020-05-17T00:00:00Z,5457.0,5477.0,5452.0,5467.0,190,0,3
2020-05-18T00:00:00Z,5469.0,5616.0,5446.0,5609.0,10398,0,3
2020-05-19T00:00:00Z,5608.0,5610.0,5483.0,5490.0,13631,0,3
2020-05-20T00:00:00Z,5490.0,5636.0,5490.0,5629.0,9865,0,3
2020-05-21T00:00:00Z,5628.0,5630.0,5522.0,5553.0,11493,0,3
2020-05-22T00:00:00Z,5553.0,5579.0,5475.0,5573.0,9829,0,3
2020-05-24T00:00:00Z,5577.0,5591.0,5571.0,5580.0,147,0,3
2020-05-25T00:00:00Z,5580.0,5679.0,5567.0,5654.0,6013,0,3
2020-05-26T00:00:00Z,5655.0,5811.0,5640.0,5742.0,9715,0,3
2020-05-27T00:00:00Z,5742.0,5860.0,5708.0,5853.0,14275,0,3
2020-05-28T00:00:00Z,5853.0,5926.0,5807.0,5818.0,14566,0,3
2020-05-29T00:00:00Z,5817.0,5823.0,5642.0,5721.0,15342,0,3
2020-05-31T00:00:00Z,5676.0,5697.0,5672.0,5697.0,298,0,3
2020-06-01T00:00:00Z,5697.0,5846.0,5686.0,5814.0,12805,0,3
2020-06-02T00:00:00Z,5814.0,5891.0,5795.0,5883.0,11349,0,3
2020-06-03T00:00:00Z,5882.0,6017.0,5870.0,6015.0,10595,0,3
2020-06-04T00:00:00Z,6016.0,6041.0,5940.0,5988.0,12869,0,3
2020-06-05T00:00:00Z,5988.0,6145.0,5958.0,6092.0,11797,0,3
2020-06-08T00:00:00Z,6086.0,6160.0,6085.0,6158.0,6461,0,3
2020-06-09T00:00:00Z,6158.0,6197.0,6071.0,6097.0,11974,0,3
2020-06-10T00:00:00Z,6098.0,6181.0,6031.0,6045.0,13694,0,3
2020-06-11T00:00:00Z,6044.0,6088.0,5757.0,5797.0,18585,0,3
2020-06-12T00:00:00Z,5797.0,5887.0,5754.0,5841.0,22729,0,3
2020-06-14T00:00:00Z,5750.0,5775.0,5745.0,5775.0,228,0,3
2020-06-15T00:00:00Z,5775.0,5875.0,5659.0,5864.0,17300,0,3
2020-06-16T00:00:00Z,5863.0,5974.0,5825.0,5956.0,11266,0,3
2020-06-17T00:00:00Z,5956.0,5976.0,5881.0,5924.0,13792,0,3
2020-06-18T00:00:00Z,5924.0,5957.0,5839.0,5951.0,16725,0,1
2020-06-19T00:00:00Z,5952.0,5963.0,5844.0,5848.0,13104,0,3
2020-06-21T00:00:00Z,5849.0,5862.0,5839.0,5844.0,238,0,3
2020-06-22T00:00:00Z,5844.0,5953.0,5831.0,5945.0,11865,0,3
2020-06-23T00:00:00Z,5945.0,5974.0,5830.0,5923.0,13819,0,3
2020-06-24T00:00:00Z,5922.0,5949.0,5807.0,5812.0,14038,0,3
2020-06-25T00:00:00Z,5811.0,5873.0,5719.0,5823.0,16734,0,3
2020-06-26T00:00:00Z,5823.0,5870.0,5749.0,5750.0,12269,0,3
2020-06-28T00:00:00Z,5764.0,5774.0,5762.0,5763.0,164,0,3
2020-06-29T00:00:00Z,5764.0,5896.0,5735.0,5888.0,14344,0,3
2020-06-30T00:00:00Z,5890.0,5921.0,5847.0,5863.0,12887,0,3
2020-07-01T00:00:00Z,5864.0,5961.0,5857.0,5924.0,10613,0,3
2020-07-02T00:00:00Z,5925.0,6081.0,5909.0,6035.0,10667,0,3
2020-07-03T00:00:00Z,6036.0,6071.0,5967.0,5999.0,6724,0,3
2020-07-05T00:00:00Z,6000.0,6026.0,5999.0,6014.0,183,0,3
2020-07-06T00:00:00Z,6016.0,6048.0,5970.0,6026.0,10330,0,3
2020-07-07T00:00:00Z,6026.0,6047.0,5949.0,5963.0,11103,0,3
2020-07-08T00:00:00Z,5963.0,5989.0,5876.0,5932.0,11351,0,3
2020-07-09T00:00:00Z,5933.0,5965.0,5855.0,5908.0,11033,0,3
2020-07-10T00:00:00Z,5908.0,5970.0,5865.0,5967.0,10148,0,3
2020-07-12T00:00:00Z,5980.0,5984.0,5971.0,5973.0,174,0,3
2020-07-13T00:00:00Z,5972.0,5975.0,5872.0,5900.0,11088,0,3
2020-07-14T00:00:00Z,5900.0,5978.0,5884.0,5974.0,13214,0,3
2020-07-15T00:00:00Z,5974.0,6074.0,5963.0,6058.0,11799,0,3
2020-07-16T00:00:00Z,6058.0,6058.0,5956.0,5997.0,11642,0,3
2020-07-17T00:00:00Z,5998.0,6017.0,5967.0,6003.0,6690,0,3
2020-07-19T00:00:00Z,6018.0,6018.0,6008.0,6008.0,106,0,3
2020-07-20T00:00:00Z,6008.0,6021.0,5949.0,6007.0,8565,0,3
2020-07-21T00:00:00Z,6007.0,6143.0,6006.0,6089.0,8873,0,3
2020-07-22T00:00:00Z,6089.0,6095.0,5993.0,6029.0,9519,0,3
2020-07-23T00:00:00Z,6029.0,6082.0,5990.0,6009.0,11433,0,3
2020-07-24T00:00:00Z,6010.0,6018.0,5957.0,5969.0,10463,0,3
2020-07-26T00:00:00Z,5980.0,5980.0,5962.0,5966.0,134,0,3
2020-07-27T00:00:00Z,5967.0,6044.0,5962.0,6036.0,8535,0,3
2020-07-28T00:00:00Z,6037.0,6081.0,5955.0,5989.0,8758,0,3
2020-07-29T00:00:00Z,5989.0,6032.0,5963.0,6012.0,7920,0,3
2020-07-30T00:00:00Z,6011.0,6031.0,5907.0,5986.0,10944,0,3
2020-07-31T00:00:00Z,5986.0,5986.0,5816.0,5876.0,13444,0,3
2020-08-02T00:00:00Z,5849.0,5857.0,5830.0,5853.0,285,0,3
2020-08-03T00:00:00Z,5853.0,5987.0,5814.0,5981.0,9836,0,3
2020-08-04T00:00:00Z,5981.0,6021.0,5950.0,5964.0,9167,0,3
2020-08-05T00:00:00Z,5963.0,6001.0,5921.0,5995.0,8449,0,3
2020-08-06T00:00:00Z,5995.0,6025.0,5954.0,5978.0,9157,0,3
2020-08-07T00:00:00Z,5978.0,6015.0,5941.0,6013.0,9151,0,3
2020-08-09T00:00:00Z,6001.0,6021.0,5997.0,5999.0,176,0,3
2020-08-10T00:00:00Z,5999.0,6090.0,5998.0,6068.0,7438,0,3
2020-08-11T00:00:00Z,6069.0,6151.0,6064.0,6097.0,9816,0,3
2020-08-12T00:00:00Z,6097.0,6153.0,6059.0,6129.0,9823,0,3
2020-08-13T00:00:00Z,6129.0,6130.0,6021.0,6058.0,9892,0,3
2020-08-14T00:00:00Z,6058.0,6096.0,6012.0,6030.0,8189,0,3
2020-08-16T00:00:00Z,6041.0,6041.0,6013.0,6023.0,248,0,3
2020-08-17T00:00:00Z,6023.0,6060.0,6004.0,6042.0,6804,0,3
2020-08-18T00:00:00Z,6043.0,6096.0,6027.0,6091.0,7319,0,3
2020-08-19T00:00:00Z,6091.0,6152.0,6064.0,6075.0,7846,0,3
2020-08-20T00:00:00Z,6075.0,6098.0,6049.0,6096.0,7868,0,3
2020-08-21T00:00:00Z,6096.0,6120.0,6012.0,6056.0,8099,0,3
2020-08-23T00:00:00Z,6069.0,6075.0,6042.0,6052.0,164,0,3
2020-08-24T00:00:00Z,6053.0,6161.0,6040.0,6154.0,7034,0,3
2020-08-25T00:00:00Z,6155.0,6166.0,6072.0,6090.0,7195,0,3
2020-08-26T00:00:00Z,6091.0,6103.0,6046.0,6096.0,6673,0,3
2020-08-27T00:00:00Z,6097.0,6130.0,6044.0,6063.0,9200,0,3
2020-08-28T00:00:00Z,6063.0,6070.0,5966.0,6001.0,10401,0,3
2020-08-30T00:00:00Z,6020.0,6038.0,6019.0,6036.0,178,0,3
2020-08-31T00:00:00Z,6037.0,6071.0,5951.0,5966.0,8041,0,3
2020-09-01T00:00:00Z,5965.0,5978.0,5884.0,5978.0,11174,0,3
2020-09-02T00:00:00Z,5979.0,6119.0,5977.0,6111.0,9378,0,3
2020-09-03T00:00:00Z,6111.0,6125.0,5947.0,5968.0,14782,0,3
2020-09-04T00:00:00Z,5969.0,5972.0,5807.0,5872.0,17873,0,3
2020-09-06T00:00:00Z,5878.0,5895.0,5867.0,5873.0,286,0,3
2020-09-07T00:00:00Z,5874.0,5976.0,5856.0,5975.0,10906,0,3
2020-09-08T00:00:00Z,5975.0,6021.0,5860.0,5869.0,16938,0,3
2020-09-09T00:00:00Z,5869.0,5963.0,5841.0,5959.0,14245,0,3
2020-09-10T00:00:00Z,5960.0,5964.0,5815.0,5854.0,16356,0,3
2020-09-11T00:00:00Z,5853.0,5876.0,5811.0,5845.0,13041,0,3
2020-09-13T00:00:00Z,5871.0,5891.0,5862.0,5884.0,226,0,3
2020-09-14T00:00:00Z,5885.0,5908.0,5865.0,5905.0,7994,0,3
2020-09-15T00:00:00Z,5905.0,5940.0,5869.0,5927.0,6942,0,3
2020-09-16T00:00:00Z,5927.0,5967.0,5917.0,5942.0,7107,0,3
2020-09-17T00:00:00Z,5942.0,5942.0,5837.0,5882.0,13325,0,3
2020-09-18T00:00:00Z,5884.0,5906.0,5800.0,5834.0,9687,0,3
2020-09-20T00:00:00Z,5830.0,5840.0,5825.0,5836.0,179,0,3
2020-09-21T00:00:00Z,5835.0,5854.0,5703.0,5762.0,16454,0,3
2020-09-22T00:00:00Z,5762.0,5846.0,5745.0,5839.0,12524,0,3
2020-09-23T00:00:00Z,5839.0,5945.0,5825.0,5825.0,13324,0,3
2020-09-24T00:00:00Z,5825.0,5897.0,5807.0,5896.0,14933,0,3
2020-09-25T00:00:00Z,5896.0,5962.0,5851.0,5952.0,12426,0,3
2020-09-27T00:00:00Z,5964.0,5968.0,5944.0,5951.0,204,0,3
2020-09-28T00:00:00Z,5952.0,5992.0,5925.0,5977.0,9308,0,3
2020-09-29T00:00:00Z,5978.0,5984.0,5869.0,5881.0,10054,0,3
2020-09-30T00:00:00Z,5880.0,5896.0,5788.0,5836.0,15423,0,3
2020-10-01T00:00:00Z,5837.0,5903.0,5818.0,5829.0,12069,0,3
2020-10-02T00:00:00Z,5828.0,5860.0,5762.0,5851.0,14730,0,3
2020-10-04T00:00:00Z,5888.0,5894.0,5887.0,5887.0,92,0,3
2020-10-05T00:00:00Z,5887.0,5957.0,5882.0,5907.0,7476,0,3
2020-10-06T00:00:00Z,5907.0,5993.0,5895.0,5953.0,9854,0,2
2020-10-07T00:00:00Z,5953.0,6081.0,5944.0,6073.0,8756,0,3
2020-10-08T00:00:00Z,6074.0,6112.0,6051.0,6091.0,7724,0,2
2020-10-09T00:00:00Z,6091.0,6116.0,6074.0,6089.0,5026,0,3
2020-10-11T00:00:00Z,6094.0,6098.0,6091.0,6092.0,68,0,3
2020-10-12T00:00:00Z,6092.0,6175.0,6079.0,6171.0,5661,0,3
2020-10-13T00:00:00Z,6172.0,6204.0,6131.0,6171.0,7930,0,3
2020-10-14T00:00:00Z,6171.0,6195.0,6143.0,6191.0,6988,0,2
2020-10-15T00:00:00Z,6191.0,6220.0,6138.0,6181.0,8738,0,3
2020-10-16T00:00:00Z,6180.0,6212.0,6150.0,6201.0,6266,0,2
2020-10-18T00:00:00Z,6211.0,6212.0,6198.0,6200.0,86,0,3
2020-10-19T00:00:00Z,6201.0,6239.0,6162.0,6219.0,7216,0,2
2020-10-20T00:00:00Z,6218.0,6226.0,6144.0,6183.0,9209,0,3
2020-10-21T00:00:00Z,6183.0,6194.0,6085.0,6098.0,9373,0,3
2020-10-22T00:00:00Z,6098.0,6181.0,6091.0,6151.0,8389,0,2
2020-10-23T00:00:00Z,6151.0,6182.0,6119.0,6176.0,6299,0,2
2020-10-25T00:00:00Z,6182.0,6185.0,6177.0,6179.0,98,0,3
2020-10-26T00:00:00Z,6180.0,6191.0,6060.0,6062.0,8783,0,3
2020-10-27T00:00:00Z,6061.0,6079.0,6009.0,6025.0,9204,0,3
2020-10-28T00:00:00Z,6024.0,6060.0,5938.0,5938.0,13129,0,2
2020-10-29T00:00:00Z,5938.0,5986.0,5895.0,5949.0,13802,0,3
2020-10-30T00:00:00Z,5948.0,5967.0,5846.0,5939.0,13632,0,2
2020-11-01T00:00:00Z,5894.0,5910.0,5893.0,5905.0,145,0,3
2020-11-02T00:00:00Z,5906.0,6013.0,5900.0,6006.0,12460,0,2
2020-11-03T00:00:00Z,6005.0,6076.0,6004.0,6045.0,9880,0,3
2020-11-04T00:00:00Z,6045.0,6116.0,5967.0,6081.0,24950,0,3
2020-11-05T00:00:00Z,6081.0,6183.0,6076.0,6167.0,12770,0,3
2020-11-06T00:00:00Z,6167.0,6226.0,6141.0,6197.0,10897,0,3
2020-11-08T00:00:00Z,6210.0,6283.0,6191.0,6270.0,930,0,3
2020-11-09T00:00:00Z,6269.0,6539.0,6262.0,6380.0,23429,0,3
2020-11-10T00:00:00Z,6382.0,6425.0,6318.0,6411.0,20245,0,3
2020-11-11T00:00:00Z,6410.0,6485.0,6394.0,6441.0,12176,0,3
2020-11-12T00:00:00Z,6441.0,6461.0,6377.0,6403.0,12183,0,3
2020-11-13T00:00:00Z,6403.0,6455.0,6372.0,6441.0,8470,0,3
2020-11-15T00:00:00Z,6448.0,6495.0,6448.0,6480.0,836,0,3
2020-11-16T00:00:00Z,6479.0,6526.0,6439.0,6517.0,10314,0,3
2020-11-17T00:00:00Z,6517.0,6535.0,6467.0,6532.0,8089,0,3
2020-11-18T00:00:00Z,6532.0,6569.0,6489.0,6498.0,7822,0,3
2020-11-19T00:00:00Z,6499.0,6567.0,6494.0,6545.0,8525,0,3
2020-11-20T00:00:00Z,6544.0,6581.0,6529.0,6568.0,6094,0,3
2020-11-22T00:00:00Z,6559.0,6577.0,6546.0,6575.0,785,0,3
2020-11-23T00:00:00Z,6575.0,6633.0,6555.0,6630.0,8147,0,3
2020-11-24T00:00:00Z,6629.0,6709.0,6621.0,6694.0,6723,0,3
2020-11-25T00:00:00Z,6693.0,6700.0,6648.0,6674.0,7266,0,3
2020-11-26T00:00:00Z,6673.0,6686.0,6610.0,6619.0,5210,0,3
2020-11-27T00:00:00Z,6619.0,6643.0,6588.0,6638.0,4824,0,3
2020-11-29T00:00:00Z,6628.0,6642.0,6615.0,6618.0,635,0,3
2020-11-30T00:00:00Z,6618.0,6618.0,6502.0,6550.0,10048,0,3
2020-12-01T00:00:00Z,6550.0,6637.0,6549.0,6597.0,7890,0,3
2020-12-02T00:00:00Z,6597.0,6625.0,6557.0,6621.0,7648,0,3
2020-12-03T00:00:00Z,6621.0,6641.0,6599.0,6626.0,6258,0,3
2020-12-04T00:00:00Z,6626.0,6680.0,6624.0,6675.0,4940,0,3
2020-12-06T00:00:00Z,6670.0,6714.0,6667.0,6685.0,646,0,3
2020-12-07T00:00:00Z,6685.0,6686.0,6637.0,6680.0,6904,0,3
2020-12-08T00:00:00Z,6680.0,6727.0,6661.0,6721.0,5819,0,3
2020-12-09T00:00:00Z,6720.0,6745.0,6671.0,6696.0,8239,0,3
2020-12-10T00:00:00Z,6696.0,6701.0,6638.0,6656.0,7911,0,3
2020-12-11T00:00:00Z,6656.0,6671.0,6581.0,6628.0,7235,0,3
2020-12-13T00:00:00Z,6569.0,6598.0,6551.0,6589.0,752,0,3
2020-12-14T00:00:00Z,6590.0,6625.0,6556.0,6557.0,7429,0,3
2020-12-15T00:00:00Z,6557.0,6641.0,6551.0,6637.0,6306,0,2
2020-12-16T00:00:00Z,6638.0,6656.0,6606.0,6655.0,6683,0,3
2020-12-17T00:00:00Z,6656.0,6706.0,6633.0,6655.0,5677,0,3
2020-12-18T00:00:00Z,6655.0,6657.0,6588.0,6599.0,5801,0,3
2020-12-20T00:00:00Z,6604.0,6607.0,6565.0,6600.0,1032,0,3
2020-12-21T00:00:00Z,6600.0,6608.0,6494.0,6571.0,14796,0,3
2020-12-22T00:00:00Z,6570.0,6586.0,6500.0,6582.0,9017,0,3
2020-12-23T00:00:00Z,6582.0,6629.0,6550.0,6604.0,6340,0,3
2020-12-24T00:00:00Z,6604.0,6625.0,6575.0,6592.0,1224,0,3
2020-12-28T00:00:00Z,6641.0,6653.0,6634.0,6637.0,491,0,3
2020-12-29T00:00:00Z,6637.0,6653.0,6576.0,6578.0,6601,0,3
2020-12-30T00:00:00Z,6578.0,6629.0,6564.0,6605.0,5748,0,3
2020-12-31T00:00:00Z,6605.0,6613.0,6514.0,6535.0,1609,0,3
2021-01-03T00:00:00Z,6564.0,6583.0,6538.0,6570.0,1079,0,3
2021-01-04T00:00:00Z,6570.0,6621.0,6554.0,6604.0,3216,0,3
2021-01-05T00:00:00Z,6604.0,6617.0,6571.0,6583.0,11110,0,3
2021-01-06T00:00:00Z,6582.0,6679.0,6502.0,6625.0,14393,0,3
2021-01-07T00:00:00Z,6625.0,6689.0,6614.0,6668.0,7189,0,3
2021-01-08T00:00:00Z,6677.0,6701.0,6652.0,6700.0,2907,0,3
2021-01-10T00:00:00Z,6694.0,6694.0,6667.0,6680.0,777,0,3
2021-01-11T00:00:00Z,6680.0,6683.0,6606.0,6642.0,8511,0,2
2021-01-12T00:00:00Z,6642.0,6670.0,6578.0,6597.0,8630,0,3
2021-01-13T00:00:00Z,6596.0,6628.0,6589.0,6603.0,6408,0,3
2021-01-14T00:00:00Z,6603.0,6678.0,6602.0,6667.0,6218,0,3
2021-01-15T00:00:00Z,6668.0,6688.0,6599.0,6624.0,7363,0,3
2021-01-17T00:00:00Z,6611.0,6632.0,6588.0,6599.0,871,0,3
2021-01-18T00:00:00Z,6599.0,6662.0,6582.0,6662.0,5167,0,1
2021-01-19T00:00:00Z,6663.0,6722.0,6657.0,6717.0,5484,0,1
2021-01-20T00:00:00Z,6716.0,6769.0,6696.0,6753.0,5693,0,1
2021-01-21T00:00:00Z,6754.0,6774.0,6736.0,6741.0,4944,0,1
2021-01-22T00:00:00Z,6741.0,6753.0,6699.0,6747.0,5116,0,3
2021-01-24T00:00:00Z,6739.0,6762.0,6733.0,6747.0,528,0,3
2021-01-25T00:00:00Z,6748.0,6771.0,6695.0,6768.0,8652,0,3
2021-01-26T00:00:00Z,6733.0,6772.0,6725.0,6726.0,4330,0,3
2021-01-27T00:00:00Z,6727.0,6731.0,6551.0,6551.0,12963,0,3
2021-01-28T00:00:00Z,6551.0,6685.0,6527.0,6643.0,14133,0,3
2021-01-29T00:00:00Z,6643.0,6647.0,6474.0,6509.0,14363,0,2
2021-01-31T00:00:00Z,6515.0,6516.0,6445.0,6456.0,1552,0,3
2021-02-01T00:00:00Z,6455.0,6675.0,6454.0,6656.0,12163,0,3
2021-02-02T00:00:00Z,6655.0,6762.0,6632.0,6756.0,8247,0,3
2021-02-03T00:00:00Z,6756.0,6792.0,6728.0,6735.0,7695,0,3
2021-02-04T00:00:00Z,6736.0,6780.0,6694.0,6767.0,5470,0,3
2021-02-05T00:00:00Z,6767.0,6803.0,6746.0,6777.0,3984,0,3
2021-02-07T00:00:00Z,6771.0,6807.0,6752.0,6804.0,596,0,3
2021-02-08T00:00:00Z,6804.0,6834.0,6779.0,6803.0,5441,0,3
2021-02-09T00:00:00Z,6803.0,6806.0,6734.0,6765.0,5376,0,3
2021-02-10T00:00:00Z,6765.0,6804.0,6736.0,6798.0,6701,0,3
2021-02-11T00:00:00Z,6797.0,6800.0,6757.0,6781.0,5439,0,3
2021-02-12T00:00:00Z,6782.0,6782.0,6726.0,6777.0,4274,0,3
2021-02-14T00:00:00Z,6767.0,6798.0,6755.0,6792.0,668,0,3
2021-02-15T00:00:00Z,6791.0,6852.0,6790.0,6815.0,4219,0,3
2021-02-16T00:00:00Z,6816.0,6860.0,6816.0,6832.0,6825,0,3
2021-02-17T00:00:00Z,6831.0,6840.0,6775.0,6829.0,8411,0,3
2021-02-18T00:00:00Z,6829.0,6845.0,6783.0,6791.0,7131,0,3
2021-02-19T00:00:00Z,6791.0,6793.0,6704.0,6718.0,5958,0,3
2021-02-21T00:00:00Z,6716.0,6753.0,6710.0,6730.0,1152,0,3
2021-02-22T00:00:00Z,6731.0,6754.0,6678.0,6723.0,9316,0,3
2021-02-23T00:00:00Z,6723.0,6789.0,6708.0,6765.0,11552,0,3
2021-02-24T00:00:00Z,6764.0,6801.0,6703.0,6795.0,10363,0,3
2021-02-25T00:00:00Z,6794.0,6806.0,6624.0,6624.0,11798,0,3
2021-02-26T00:00:00Z,6624.0,6701.0,6606.0,6662.0,15433,0,3
2021-02-28T00:00:00Z,6682.0,6713.0,6661.0,6707.0,1095,0,3
2021-03-01T00:00:00Z,6707.0,6829.0,6707.0,6812.0,8635,0,3
2021-03-02T00:00:00Z,6813.0,6813.0,6708.0,6772.0,11077,0,3
2021-03-03T00:00:00Z,6773.0,6794.0,6705.0,6710.0,10212,0,3
2021-03-04T00:00:00Z,6711.0,6800.0,6674.0,6679.0,15186,0,3
2021-03-05T00:00:00Z,6678.0,6807.0,6651.0,6797.0,13805,0,3
2021-03-07T00:00:00Z,6796.0,6834.0,6795.0,6830.0,1019,0,3
2021-03-08T00:00:00Z,6829.0,6832.0,6727.0,6780.0,14601,0,3
2021-03-09T00:00:00Z,6780.0,6813.0,6744.0,6790.0,10272,0,3
2021-03-10T00:00:00Z,6788.0,6790.0,6692.0,6694.0,10369,0,3
2021-03-11T00:00:00Z,6693.0,6781.0,6644.0,6777.0,6714,0,3
2021-03-12T00:00:00Z,6778.0,6782.0,6722.0,6766.0,5899,0,3
2021-03-14T00:00:00Z,6740.0,6749.0,6699.0,6701.0,728,0,3
2021-03-15T00:00:00Z,6701.0,6778.0,6697.0,6753.0,5512,0,1
2021-03-16T00:00:00Z,6754.0,6833.0,6753.0,6767.0,4838,0,2
2021-03-17T00:00:00Z,6766.0,6782.0,6729.0,6763.0,7318,0,3
2021-03-18T00:00:00Z,6763.0,6771.0,6635.0,6639.0,7902,0,2
2021-03-19T00:00:00Z,6639.0,6708.0,6639.0,6661.0,7454,0,3
2021-03-21T00:00:00Z,6651.0,6704.0,6645.0,6699.0,688,0,3
2021-03-22T00:00:00Z,6699.0,6753.0,6681.0,6744.0,6116,0,3
2021-03-23T00:00:00Z,6745.0,6757.0,6701.0,6736.0,7111,0,3
2021-03-24T00:00:00Z,6737.0,6775.0,6729.0,6753.0,6419,0,3
2021-03-25T00:00:00Z,6752.0,6808.0,6713.0,6791.0,8603,0,3
2021-03-26T00:00:00Z,6791.0,6840.0,6776.0,6840.0,3776,0,3
2021-03-28T00:00:00Z,6828.0,6846.0,6811.0,6811.0,627,0,3
2021-03-29T00:00:00Z,6812.0,6814.0,6753.0,6795.0,6926,0,3
2021-03-30T00:00:00Z,6795.0,6800.0,6698.0,6777.0,6020,0,3
2021-03-31T00:00:00Z,6777.0,6836.0,6744.0,6758.0,5511,0,3
2021-04-01T00:00:00Z,6757.0,6828.0,6757.0,6822.0,2233,0,3
2021-04-02T00:00:00Z,6822.0,6822.0,6822.0,6822.0,2,0,5
2021-04-05T00:00:00Z,6822.0,6917.0,6822.0,6888.0,210,0,3
2021-04-06T00:00:00Z,6890.0,6901.0,6839.0,6876.0,4790,0,3
2021-04-07T00:00:00Z,6874.0,6952.0,6861.0,6949.0,4674,0,2
2021-04-08T00:00:00Z,6950.0,6987.0,6922.0,6956.0,3650,0,3
2021-04-09T00:00:00Z,6956.0,6979.0,6933.0,6973.0,3358,0,2
2021-04-11T00:00:00Z,6976.0,6976.0,6947.0,6957.0,153,0,3
2021-04-12T00:00:00Z,6957.0,6966.0,6928.0,6957.0,4642,0,3
2021-04-13T00:00:00Z,6958.0,6972.0,6927.0,6966.0,4778,0,3
2021-04-14T00:00:00Z,6967.0,6997.0,6942.0,6974.0,4632,0,3
2021-04-15T00:00:00Z,6974.0,7066.0,6956.0,7050.0,4398,0,3
2021-04-16T00:00:00Z,7050.0,7071.0,6999.0,7071.0,4363,0,3
2021-04-18T00:00:00Z,7058.0,7062.0,7050.0,7057.0,89,0,3
2021-04-19T00:00:00Z,7058.0,7067.0,7003.0,7013.0,5770,0,3
2021-04-20T00:00:00Z,7014.0,7020.0,6897.0,6913.0,6473,0,3
2021-04-21T00:00:00Z,6913.0,7006.0,6871.0,6987.0,6001,0,3
2021-04-22T00:00:00Z,6986.0,7045.0,6961.0,7005.0,6137,0,2
2021-04-23T00:00:00Z,7006.0,7051.0,7002.0,7034.0,4220,0,2
2021-04-25T00:00:00Z,7024.0,7040.0,7020.0,7038.0,77,0,3
2021-04-26T00:00:00Z,7037.0,7046.0,7004.0,7031.0,4310,0,2
2021-04-27T00:00:00Z,7031.0,7035.0,6976.0,7005.0,4890,0,2
2021-04-28T00:00:00Z,7005.0,7072.0,7002.0,7066.0,4889,0,3
2021-04-29T00:00:00Z,7064.0,7075.0,7019.0,7028.0,4482,0,2
2021-04-30T00:00:00Z,7028.0,7034.0,6979.0,6987.0,5040,0,2
2021-05-02T00:00:00Z,7013.0,7014.0,7001.0,7008.0,123,0,3
2021-05-03T00:00:00Z,7008.0,7038.0,6985.0,7022.0,4280,0,3
2021-05-04T00:00:00Z,7022.0,7063.0,6982.0,7022.0,6855,0,3
2021-05-05T00:00:00Z,7022.0,7098.0,7015.0,7089.0,5508,0,3
2021-05-06T00:00:00Z,7089.0,7095.0,7009.0,7040.0,6389,0,3
2021-05-07T00:00:00Z,7041.0,7076.0,7021.0,7058.0,4507,0,2
2021-05-09T00:00:00Z,7042.0,7076.0,7042.0,7068.0,119,0,3
2021-05-10T00:00:00Z,7068.0,7150.0,7065.0,7115.0,4952,0,3
2021-05-11T00:00:00Z,7115.0,7124.0,6969.0,7040.0,9959,0,2
2021-05-12T00:00:00Z,7040.0,7070.0,6978.0,6996.0,11432,0,3
2021-05-13T00:00:00Z,6996.0,7038.0,6896.0,7033.0,9955,0,3
2021-05-14T00:00:00Z,7033.0,7054.0,6997.0,7050.0,4798,0,2
2021-05-16T00:00:00Z,7048.0,7057.0,7046.0,7047.0,111,0,3
2021-05-17T00:00:00Z,7047.0,7063.0,6991.0,7047.0,7011,0,2
2021-05-18T00:00:00Z,7048.0,7081.0,6967.0,6973.0,5774,0,2
2021-05-19T00:00:00Z,6974.0,6980.0,6834.0,6912.0,11556,0,2
2021-05-20T00:00:00Z,6915.0,7060.0,6914.0,7056.0,7088,0,3
2021-05-21T00:00:00Z,7057.0,7059.0,6997.0,7020.0,5529,0,2
2021-05-23T00:00:00Z,7017.0,7030.0,7017.0,7018.0,108,0,3
2021-05-24T00:00:00Z,7019.0,7075.0,7014.0,7073.0,4183,0,3
2021-05-25T00:00:00Z,7072.0,7117.0,7064.0,7101.0,4362,0,2
2021-05-26T00:00:00Z,7101.0,7137.0,7064.0,7105.0,4279,0,3
2021-05-27T00:00:00Z,7106.0,7159.0,7080.0,7151.0,4760,0,3
2021-05-28T00:00:00Z,7152.0,7205.0,7150.0,7182.0,3753,0,2
2021-05-30T00:00:00Z,7204.0,7204.0,7177.0,7198.0,153,0,2
2021-05-31T00:00:00Z,7198.0,7208.0,7125.0,7151.0,3178,0,3
2021-06-01T00:00:00Z,7151.0,7198.0,7113.0,7167.0,5141,0,2
2021-06-02T00:00:00Z,7167.0,7239.0,7144.0,7232.0,4424,0,3
2021-06-03T00:00:00Z,7233.0,7283.0,7218.0,7249.0,5890,0,2
2021-06-04T00:00:00Z,7250.0,7310.0,7243.0,7304.0,3927,0,3
2021-06-06T00:00:00Z,7299.0,7316.0,7292.0,7309.0,173,0,3
2021-06-07T00:00:00Z,7309.0,7313.0,7264.0,7284.0,4477,0,3
2021-06-08T00:00:00Z,7284.0,7328.0,7268.0,7308.0,4665,0,3
2021-06-09T00:00:00Z,7308.0,7338.0,7257.0,7270.0,4796,0,2
2021-06-10T00:00:00Z,7270.0,7329.0,7269.0,7304.0,5000,0,3
2021-06-11T00:00:00Z,7305.0,7357.0,7274.0,7357.0,3877,0,3
2021-06-14T00:00:00Z,7253.0,7275.0,7205.0,7254.0,1532,0,3
2021-06-15T00:00:00Z,7254.0,7303.0,7253.0,7284.0,3399,0,3
2021-06-16T00:00:00Z,7285.0,7319.0,7271.0,7277.0,4306,0,3
2021-06-17T00:00:00Z,7277.0,7314.0,7242.0,7288.0,6358,0,2
2021-06-18T00:00:00Z,7287.0,7309.0,7186.0,7198.0,6912,0,3
2021-06-20T00:00:00Z,7180.0,7180.0,7165.0,7171.0,194,0,3
2021-06-21T00:00:00Z,7171.0,7254.0,7111.0,7224.0,8025,0,3
2021-06-22T00:00:00Z,7225.0,7271.0,7217.0,7238.0,5319,0,2
2021-06-23T00:00:00Z,7239.0,7239.0,7159.0,7168.0,4688,0,3
2021-06-24T00:00:00Z,7167.0,7240.0,7161.0,7235.0,3687,0,2
2021-06-25T00:00:00Z,7236.0,7241.0,7193.0,7217.0,3278,0,3
2021-06-27T00:00:00Z,7218.0,7228.0,7204.0,7215.0,143,0,3
2021-06-28T00:00:00Z,7216.0,7226.0,7172.0,7183.0,4657,0,3
2021-06-29T00:00:00Z,7183.0,7269.0,7152.0,7262.0,4723,0,3
2021-06-30T00:00:00Z,7261.0,7288.0,7174.0,7231.0,6188,0,2
2021-07-01T00:00:00Z,7231.0,7234.0,7149.0,7203.0,5501,0,2
2021-07-02T00:00:00Z,7202.0,7246.0,7188.0,7235.0,4182,0,2
2021-07-04T00:00:00Z,7231.0,7251.0,7231.0,7251.0,112,0,3
2021-07-05T00:00:00Z,7250.0,7256.0,7216.0,7239.0,3609,0,3
2021-07-06T00:00:00Z,7238.0,7260.0,7129.0,7164.0,6175,0,2
2021-07-07T00:00:00Z,7164.0,7269.0,7157.0,7266.0,6428,0,3
2021-07-08T00:00:00Z,7266.0,7295.0,7155.0,7187.0,11247,0,3
2021-07-09T00:00:00Z,7188.0,7267.0,7131.0,7261.0,6290,0,2
2021-07-11T00:00:00Z,7227.0,7270.0,7227.0,7269.0,102,0,3
2021-07-12T00:00:00Z,7268.0,7287.0,7226.0,7284.0,6064,0,3
2021-07-13T00:00:00Z,7284.0,7296.0,7237.0,7254.0,5749,0,2
2021-07-14T00:00:00Z,7254.0,7302.0,7245.0,7281.0,6456,0,2
2021-07-15T00:00:00Z,7280.0,7280.0,7218.0,7228.0,7507,0,3
2021-07-16T00:00:00Z,7228.0,7277.0,7219.0,7232.0,6069,0,2
2021-07-18T00:00:00Z,7215.0,7218.0,7189.0,7190.0,119,0,3
2021-07-19T00:00:00Z,7190.0,7201.0,7090.0,7117.0,13807,0,2
2021-07-20T00:00:00Z,7117.0,7229.0,7112.0,7228.0,9232,0,2
2021-07-21T00:00:00Z,7228.0,7300.0,7201.0,7278.0,6883,0,3
2021-07-22T00:00:00Z,7276.0,7308.0,7258.0,7272.0,4786,0,2
2021-07-23T00:00:00Z,7272.0,7340.0,7262.0,7333.0,3597,0,2
2021-07-25T00:00:00Z,7332.0,7337.0,7323.0,7324.0,79,0,3
2021-07-26T00:00:00Z,7323.0,7333.0,7287.0,7329.0,5228,0,2
2021-07-27T00:00:00Z,7329.0,7355.0,7293.0,7318.0,7673,0,3
2021-07-28T00:00:00Z,7318.0,7340.0,7273.0,7310.0,7026,0,2
2021-07-29T00:00:00Z,7309.0,7372.0,7289.0,7329.0,4887,0,3
2021-07-30T00:00:00Z,7328.0,7342.0,7290.0,7332.0,5395,0,3
2021-08-01T00:00:00Z,7359.0,7365.0,7341.0,7344.0,119,0,3
2021-08-02T00:00:00Z,7345.0,7414.0,7340.0,7366.0,5948,0,3
2021-08-03T00:00:00Z,7366.0,7398.0,7354.0,7379.0,6203,0,3
2021-08-04T00:00:00Z,7379.0,7417.0,7373.0,7401.0,5298,0,3
2021-08-05T00:00:00Z,7400.0,7431.0,7394.0,7408.0,3655,0,3
2021-08-06T00:00:00Z,7408.0,7475.0,7400.0,7475.0,3416,0,2
2021-08-08T00:00:00Z,7447.0,7454.0,7442.0,7452.0,117,0,3
2021-08-09T00:00:00Z,7452.0,7470.0,7434.0,7468.0,3645,0,3
2021-08-10T00:00:00Z,7468.0,7492.0,7436.0,7486.0,3303,0,3
2021-08-11T00:00:00Z,7486.0,7520.0,7480.0,7519.0,4465,0,3
2021-08-12T00:00:00Z,7520.0,7533.0,7488.0,7518.0,3333,0,3
2021-08-13T00:00:00Z,7520.0,7558.0,7519.0,7535.0,2881,0,2
2021-08-15T00:00:00Z,7528.0,7535.0,7523.0,7532.0,86,0,3
2021-08-16T00:00:00Z,7532.0,7535.0,7471.0,7515.0,4971,0,3
2021-08-17T00:00:00Z,7516.0,7517.0,7367.0,7400.0,7230,0,3
2021-08-18T00:00:00Z,7400.0,7463.0,7360.0,7360.0,6429,0,3
2021-08-19T00:00:00Z,7361.0,7424.0,7333.0,7404.0,10303,0,3
2021-08-20T00:00:00Z,7404.0,7440.0,7357.0,7425.0,7099,0,3
2021-08-22T00:00:00Z,7421.0,7431.0,7416.0,7420.0,72,0,3
2021-08-23T00:00:00Z,7419.0,7448.0,7389.0,7441.0,4831,0,3
2021-08-24T00:00:00Z,7442.0,7464.0,7410.0,7463.0,4425,0,3
2021-08-25T00:00:00Z,7464.0,7479.0,7441.0,7460.0,3771,0,3
2021-08-26T00:00:00Z,7460.0,7460.0,7406.0,7410.0,5903,0,2
2021-08-27T00:00:00Z,7410.0,7451.0,7399.0,7440.0,4024,0,2
2021-08-29T00:00:00Z,7459.0,7462.0,7452.0,7461.0,87,0,3
2021-08-30T00:00:00Z,7463.0,7473.0,7411.0,7463.0,3718,0,3
2021-08-31T00:00:00Z,7462.0,7493.0,7429.0,7438.0,5725,0,2
2021-09-01T00:00:00Z,7438.0,7480.0,7401.0,7469.0,5292,0,3
2021-09-02T00:00:00Z,7469.0,7490.0,7411.0,7479.0,4544,0,3
2021-09-03T00:00:00Z,7479.0,7515.0,7462.0,7478.0,5243,0,2
2021-09-05T00:00:00Z,7459.0,7481.0,7459.0,7473.0,98,0,3
2021-09-06T00:00:00Z,7473.0,7540.0,7429.0,7522.0,4105,0,3
2021-09-07T00:00:00Z,7521.0,7533.0,7468.0,7475.0,6163,0,3
2021-09-08T00:00:00Z,7473.0,7516.0,7462.0,7469.0,8225,0,2
2021-09-09T00:00:00Z,7469.0,7476.0,7339.0,7396.0,7333,0,3
2021-09-10T00:00:00Z,7396.0,7430.0,7362.0,7364.0,6311,0,2
2021-09-12T00:00:00Z,7334.0,7359.0,7334.0,7357.0,116,0,3
2021-09-13T00:00:00Z,7358.0,7423.0,7316.0,7405.0,6173,0,3
2021-09-14T00:00:00Z,7403.0,7410.0,7349.0,7385.0,5968,0,3
2021-09-15T00:00:00Z,7384.0,7424.0,7344.0,7409.0,5430,0,2
2021-09-16T00:00:00Z,7408.0,7460.0,7394.0,7404.0,6110,0,2
2021-09-17T00:00:00Z,7404.0,7406.0,7290.0,7323.0,7450,0,2
2021-09-19T00:00:00Z,7309.0,7309.0,7280.0,7298.0,155,0,3
2021-09-20T00:00:00Z,7298.0,7303.0,7068.0,7162.0,14536,0,2
2021-09-21T00:00:00Z,7160.0,7284.0,7153.0,7213.0,10576,0,3
2021-09-22T00:00:00Z,7213.0,7320.0,7205.0,7314.0,8490,0,2
2021-09-23T00:00:00Z,7314.0,7363.0,7312.0,7349.0,5765,0,3
2021-09-24T00:00:00Z,7349.0,7358.0,7269.0,7299.0,5747,0,2
2021-09-26T00:00:00Z,7287.0,7321.0,7287.0,7312.0,152,0,3
2021-09-27T00:00:00Z,7311.0,7389.0,7300.0,7315.0,6676,0,3
2021-09-28T00:00:00Z,7315.0,7322.0,7133.0,7167.0,10494,0,3
2021-09-29T00:00:00Z,7168.0,7224.0,7111.0,7203.0,10267,0,3
2021-09-30T00:00:00Z,7203.0,7305.0,7167.0,7187.0,9838,0,2
2021-10-01T00:00:00Z,7187.0,7197.0,7107.0,7171.0,12245,0,3
2021-10-03T00:00:00Z,7139.0,7275.0,7139.0,7246.0,1170,0,3
2021-10-04T00:00:00Z,7244.0,7259.0,7146.0,7233.0,13873,0,3
2021-10-05T00:00:00Z,7233.0,7266.0,7168.0,7225.0,10857,0,3
2021-10-06T00:00:00Z,7224.0,7233.0,7106.0,7199.0,13352,0,3
2021-10-07T00:00:00Z,7198.0,7289.0,7198.0,7253.0,7456,0,3
2021-10-08T00:00:00Z,7254.0,7298.0,7231.0,7272.0,6793,0,3
2021-10-10T00:00:00Z,7261.0,7262.0,7212.0,7221.0,1070,0,3
2021-10-11T00:00:00Z,7221.0,7294.0,7215.0,7293.0,8628,0,3
2021-10-12T00:00:00Z,7292.0,7300.0,7215.0,7245.0,10267,0,3
2021-10-13T00:00:00Z,7246.0,7301.0,7220.0,7289.0,8296,0,3
2021-10-14T00:00:00Z,7290.0,7352.0,7287.0,7322.0,5180,0,3
2021-10-15T00:00:00Z,7322.0,7364.0,7292.0,7360.0,4576,0,3
2021-10-17T00:00:00Z,7361.0,7364.0,7321.0,7325.0,860,0,3
2021-10-18T00:00:00Z,7327.0,7373.0,7307.0,7371.0,6214,0,3
2021-10-19T00:00:00Z,7371.0,7411.0,7338.0,7408.0,5376,0,3
2021-10-20T00:00:00Z,7408.0,7421.0,7373.0,7379.0,5871,0,3
2021-10-21T00:00:00Z,7379.0,7419.0,7343.0,7373.0,5435,0,3
2021-10-22T00:00:00Z,7374.0,7417.0,7367.0,7412.0,5369,0,3
2021-10-24T00:00:00Z,7402.0,7435.0,7384.0,7390.0,745,0,3
2021-10-25T00:00:00Z,7390.0,7454.0,7390.0,7428.0,5164,0,3
2021-10-26T00:00:00Z,7429.0,7448.0,7408.0,7438.0,5395,0,3
2021-10-27T00:00:00Z,7438.0,7440.0,7375.0,7398.0,5506,0,2
2021-10-28T00:00:00Z,7398.0,7419.0,7375.0,7387.0,5429,0,3
2021-10-29T00:00:00Z,7387.0,7390.0,7274.0,7347.0,5467,0,3
2021-10-31T00:00:00Z,7362.0,7365.0,7293.0,7324.0,1235,0,3
2021-11-01T00:00:00Z,7324.0,7369.0,7317.0,7320.0,6850,0,3
2021-11-02T00:00:00Z,7320.0,7379.0,7280.0,7364.0,5359,0,3
2021-11-03T00:00:00Z,7364.0,7406.0,7354.0,7377.0,5396,0,3
2021-11-04T00:00:00Z,7377.0,7450.0,7372.0,7449.0,4357,0,3
2021-11-05T00:00:00Z,7450.0,7471.0,7425.0,7460.0,3869,0,3
2021-11-07T00:00:00Z,7460.0,7467.0,7433.0,7447.0,730,0,3
2021-11-08T00:00:00Z,7446.0,7464.0,7422.0,7450.0,4661,0,3
2021-11-09T00:00:00Z,7451.0,7459.0,7412.0,7428.0,5679,0,3
2021-11-10T00:00:00Z,7429.0,7450.0,7359.0,7369.0,6150,0,3
2021-11-11T00:00:00Z,7368.0,7420.0,7312.0,7419.0,5367,0,3
2021-11-12T00:00:00Z,7419.0,7453.0,7417.0,7436.0,3656,0,3
2021-11-14T00:00:00Z,7434.0,7465.0,7434.0,7455.0,493,0,3
2021-11-15T00:00:00Z,7456.0,7474.0,7421.0,7424.0,4494,0,3
2021-11-16T00:00:00Z,7424.0,7446.0,7384.0,7410.0,5121,0,2
2021-11-17T00:00:00Z,7410.0,7416.0,7335.0,7363.0,5315,0,3
2021-11-18T00:00:00Z,7362.0,7397.0,7342.0,7381.0,4138,0,3
2021-11-19T00:00:00Z,7381.0,7403.0,7331.0,7350.0,5919,0,3
2021-11-21T00:00:00Z,7362.0,7364.0,7329.0,7339.0,654,0,3
2021-11-22T00:00:00Z,7338.0,7387.0,7329.0,7370.0,6157,0,3
2021-11-23T00:00:00Z,7370.0,7416.0,7356.0,7393.0,8850,0,3
2021-11-24T00:00:00Z,7390.0,7420.0,7352.0,7385.0,7807,0,3
2021-11-25T00:00:00Z,7385.0,7411.0,7354.0,7358.0,3086,0,3
2021-11-26T00:00:00Z,7358.0,7375.0,7149.0,7168.0,14440,0,3
2021-11-28T00:00:00Z,7186.0,7238.0,7180.0,7220.0,1766,0,3
2021-11-29T00:00:00Z,7220.0,7313.0,7203.0,7301.0,13164,0,3
2021-11-30T00:00:00Z,7301.0,7332.0,7163.0,7231.0,18228,0,3
2021-12-01T00:00:00Z,7232.0,7288.0,7129.0,7185.0,13592,0,3
2021-12-02T00:00:00Z,7184.0,7289.0,7174.0,7236.0,16393,0,3
2021-12-03T00:00:00Z,7235.0,7299.0,7197.0,7255.0,12243,0,3
2021-12-05T00:00:00Z,7247.0,7257.0,7210.0,7238.0,1169,0,3
2021-12-06T00:00:00Z,7238.0,7327.0,7206.0,7290.0,11910,0,3
2021-12-07T00:00:00Z,7290.0,7396.0,7268.0,7362.0,8146,0,3
2021-12-08T00:00:00Z,7360.0,7446.0,7352.0,7399.0,7939,0,3
2021-12-09T00:00:00Z,7398.0,7419.0,7349.0,7360.0,5905,0,3
2021-12-10T00:00:00Z,7360.0,7384.0,7338.0,7365.0,5226,0,3
2021-12-12T00:00:00Z,7273.0,7299.0,7270.0,7296.0,538,0,3
2021-12-13T00:00:00Z,7296.0,7322.0,7232.0,7255.0,5654,0,3
2021-12-14T00:00:00Z,7256.0,7295.0,7213.0,7247.0,7390,0,3
2021-12-15T00:00:00Z,7246.0,7261.0,7182.0,7223.0,8576,0,3
2021-12-16T00:00:00Z,7224.0,7246.0,7178.0,7240.0,9042,0,3
2021-12-17T00:00:00Z,7240.0,7256.0,7176.0,7176.0,8395,0,3
2021-12-19T00:00:00Z,7178.0,7203.0,7171.0,7180.0,948,0,3
2021-12-20T00:00:00Z,7180.0,7222.0,7143.0,7205.0,13005,0,3
2021-12-21T00:00:00Z,7206.0,7278.0,7203.0,7255.0,7682,0,3
2021-12-22T00:00:00Z,7254.0,7312.0,7232.0,7301.0,5940,0,3
2021-12-23T00:00:00Z,7301.0,7348.0,7277.0,7330.0,3949,0,3
2021-12-24T00:00:00Z,7331.0,7342.0,7313.0,7323.0,998,0,3
2021-12-29T00:00:00Z,7403.0,7443.0,7389.0,7430.0,5757,0,3
2021-12-30T00:00:00Z,7430.0,7457.0,7402.0,7406.0,3910,0,3
2021-12-31T00:00:00Z,7406.0,7408.0,7327.0,7346.0,1599,0,3
2022-01-03T00:00:00Z,7404.0,7428.0,7379.0,7423.0,635,0,3
2022-01-04T00:00:00Z,7423.0,7560.0,7418.0,7493.0,6787,0,3
2022-01-05T00:00:00Z,7493.0,7498.0,7397.0,7413.0,7653,0,3
2022-01-06T00:00:00Z,7413.0,7417.0,7259.0,7358.0,9998,0,3
2022-01-07T00:00:00Z,7359.0,7394.0,7349.0,7359.0,1568,0,3
2022-01-10T00:00:00Z,7304.0,7336.0,7303.0,7320.0,632,0,3
2022-01-11T00:00:00Z,7319.0,7373.0,7278.0,7362.0,9632,0,3
2022-01-12T00:00:00Z,7361.0,7375.0,7324.0,7374.0,8165,0,3
2022-01-13T00:00:00Z,7375.0,7389.0,7317.0,7334.0,8157,0,3
2022-01-14T00:00:00Z,7334.0,7338.0,7286.0,7306.0,1895,0,3
2022-01-17T00:00:00Z,7340.0,7344.0,7315.0,7341.0,592,0,3
2022-01-18T00:00:00Z,7341.0,7348.0,7229.0,7239.0,11504,0,3
2022-01-19T00:00:00Z,7239.0,7285.0,7192.0,7197.0,12897,0,3
2022-01-20T00:00:00Z,7199.0,7258.0,7128.0,7157.0,11356,0,3
2022-01-21T00:00:00Z,7158.0,7164.0,7072.0,7074.0,3009,0,3
2022-01-24T00:00:00Z,6949.0,6999.0,6931.0,6958.0,1445,0,3
2022-01-25T00:00:00Z,6957.0,6958.0,6807.0,6923.0,25341,0,3
2022-01-26T00:00:00Z,6914.0,6985.0,6846.0,6916.0,16495,0,3
2022-01-27T00:00:00Z,6915.0,6917.0,6656.0,6761.0,26258,0,3
2022-01-28T00:00:00Z,6762.0,6909.0,6737.0,6892.0,5235,0,3
2022-01-31T00:00:00Z,6887.0,6911.0,6842.0,6909.0,1158,0,3
2022-02-01T00:00:00Z,6909.0,6977.0,6877.0,6974.0,13415,0,3
2022-02-02T00:00:00Z,6974.0,7010.0,6944.0,6953.0,10219,0,3
2022-02-03T00:00:00Z,6954.0,7011.0,6898.0,6986.0,12288,0,3
2022-02-04T00:00:00Z,6986.0,7001.0,6945.0,6968.0,2018,0,3
2022-02-07T00:00:00Z,7008.0,7069.0,6996.0,7067.0,798,0,3
2022-02-08T00:00:00Z,7067.0,7143.0,7049.0,7114.0,11651,0,3
2022-02-09T00:00:00Z,7114.0,7242.0,7084.0,7213.0,9336,0,3
2022-02-10T00:00:00Z,7213.0,7217.0,7118.0,7137.0,13561,0,3
2022-02-11T00:00:00Z,7139.0,7158.0,7061.0,7075.0,11361,0,3
2022-02-13T00:00:00Z,7065.0,7150.0,7065.0,7141.0,1365,0,3
2022-02-14T00:00:00Z,7142.0,7167.0,7037.0,7108.0,21747,0,3
2022-02-15T00:00:00Z,7111.0,7191.0,7086.0,7138.0,13839,0,3
2022-02-16T00:00:00Z,7138.0,7254.0,7133.0,7231.0,11696,0,3
2022-02-17T00:00:00Z,7232.0,7269.0,7121.0,7150.0,13754,0,3
2022-02-18T00:00:00Z,7149.0,7174.0,7083.0,7089.0,11822,0,3
2022-02-20T00:00:00Z,7084.0,7098.0,7066.0,7067.0,1410,0,3
2022-02-21T00:00:00Z,7067.0,7173.0,7031.0,7068.0,14813,0,3
2022-02-22T00:00:00Z,7069.0,7146.0,7022.0,7097.0,22879,0,3
2022-02-23T00:00:00Z,7098.0,7130.0,7014.0,7031.0,16122,0,3
2022-02-24T00:00:00Z,7029.0,7038.0,6893.0,6977.0,35351,0,3
2022-02-25T00:00:00Z,6977.0,7115.0,6913.0,7112.0,18845,0,3
2022-02-27T00:00:00Z,7071.0,7078.0,6965.0,6965.0,2047,0,3
2022-02-28T00:00:00Z,6965.0,7105.0,6943.0,7098.0,20266,0,3
2022-03-01T00:00:00Z,7098.0,7127.0,6956.0,7048.0,19704,0,3
2022-03-02T00:00:00Z,7048.0,7170.0,7045.0,7157.0,20082,0,3
2022-03-03T00:00:00Z,7158.0,7173.0,7046.0,7096.0,15469,0,3
2022-03-04T00:00:00Z,7095.0,7127.0,6996.0,7123.0,19465,0,3
2022-03-06T00:00:00Z,7098.0,7124.0,7056.0,7068.0,1581,0,3
2022-03-07T00:00:00Z,7067.0,7076.0,6970.0,7009.0,24576,0,3
2022-03-08T00:00:00Z,7010.0,7049.0,6899.0,7007.0,23495,0,3
2022-03-09T00:00:00Z,7007.0,7099.0,7007.0,7094.0,19204,0,3
2022-03-10T00:00:00Z,7095.0,7160.0,7064.0,7110.0,18373,0,3
2022-03-11T00:00:00Z,7110.0,7180.0,7040.0,7076.0,15497,0,3
2022-03-13T00:00:00Z,7047.0,7115.0,7044.0,7091.0,946,0,3
2022-03-14T00:00:00Z,7090.0,7133.0,7024.0,7056.0,12768,0,3
2022-03-15T00:00:00Z,7057.0,7115.0,6997.0,7092.0,9695,0,3
2022-03-16T00:00:00Z,7091.0,7260.0,7090.0,7260.0,12333,0,3
2022-03-17T00:00:00Z,7260.0,7260.0,7191.0,7226.0,9830,0,3
2022-03-18T00:00:00Z,7227.0,7325.0,7213.0,7320.0,9330,0,3
2022-03-20T00:00:00Z,7303.0,7315.0,7295.0,7297.0,647,0,3
2022-03-21T00:00:00Z,7297.0,7335.0,7227.0,7319.0,9657,0,3
2022-03-22T00:00:00Z,7318.0,7353.0,7301.0,7341.0,6912,0,3
2022-03-23T00:00:00Z,7341.0,7358.0,7291.0,7328.0,7683,0,3
2022-03-24T00:00:00Z,7329.0,7387.0,7322.0,7371.0,8233,0,3
2022-03-25T00:00:00Z,7373.0,7415.0,7354.0,7412.0,6393,0,3
2022-03-27T00:00:00Z,7404.0,7405.0,7380.0,7383.0,617,0,3
2022-03-28T00:00:00Z,7383.0,7433.0,7369.0,7423.0,7937,0,3
2022-03-29T00:00:00Z,7423.0,7508.0,7423.0,7486.0,8929,0,3
2022-03-30T00:00:00Z,7486.0,7525.0,7473.0,7510.0,7812,0,3
2022-03-31T00:00:00Z,7511.0,7524.0,7431.0,7449.0,7750,0,2
2022-04-01T00:00:00Z,7449.0,7492.0,7443.0,7492.0,6543,0,3
2022-04-03T00:00:00Z,7466.0,7492.0,7466.0,7492.0,144,0,3
2022-04-04T00:00:00Z,7490.0,7532.0,7462.0,7507.0,5594,0,3
2022-04-05T00:00:00Z,7507.0,7541.0,7420.0,7439.0,7094,0,3
2022-04-06T00:00:00Z,7439.0,7463.0,7386.0,7422.0,9756,0,2
2022-04-07T00:00:00Z,7421.0,7471.0,7397.0,7453.0,8688,0,3
2022-04-08T00:00:00Z,7452.0,7501.0,7426.0,7473.0,6392,0,3
2022-04-10T00:00:00Z,7475.0,7475.0,7461.0,7461.0,76,0,3
2022-04-11T00:00:00Z,7460.0,7492.0,7417.0,7432.0,8162,0,2
2022-04-12T00:00:00Z,7432.0,7476.0,7396.0,7432.0,9009,0,3
2022-04-13T00:00:00Z,7432.0,7479.0,7426.0,7466.0,6699,0,2
2022-04-14T00:00:00Z,7467.0,7522.0,7467.0,7505.0,3279,0,2
2022-04-18T00:00:00Z,7503.0,7508.0,7494.0,7502.0,158,0,3
2022-04-19T00:00:00Z,7502.0,7594.0,7493.0,7578.0,7465,0,2
2022-04-20T00:00:00Z,7579.0,7593.0,7525.0,7579.0,7582,0,3
2022-04-21T00:00:00Z,7579.0,7592.0,7464.0,7470.0,5819,0,2
2022-04-22T00:00:00Z,7468.0,7477.0,7328.0,7338.0,9816,0,2
2022-04-25T00:00:00Z,7318.0,7318.0,7188.0,7291.0,11546,0,3
2022-04-26T00:00:00Z,7290.0,7313.0,7176.0,7205.0,11906,0,3
2022-04-27T00:00:00Z,7205.0,7293.0,7197.0,7283.0,17003,0,3
2022-04-28T00:00:00Z,7284.0,7406.0,7275.0,7366.0,10896,0,2
2022-04-29T00:00:00Z,7367.0,7409.0,7299.0,7305.0,9752,0,3
2022-05-01T00:00:00Z,7297.0,7315.0,7291.0,7311.0,186,0,3
2022-05-02T00:00:00Z,7312.0,7336.0,7242.0,7289.0,17292,0,3
2022-05-03T00:00:00Z,7289.0,7339.0,7261.0,7336.0,13219,0,3
2022-05-04T00:00:00Z,7336.0,7341.0,7211.0,7336.0,10677,0,2
2022-05-05T00:00:00Z,7335.0,7339.0,7168.0,7214.0,13875,0,3
2022-05-06T00:00:00Z,7213.0,7222.0,7066.0,7130.0,17177,0,3
2022-05-08T00:00:00Z,7097.0,7127.0,7077.0,7122.0,212,0,3
2022-05-09T00:00:00Z,7123.0,7136.0,6982.0,7006.0,18156,0,3
2022-05-10T00:00:00Z,7005.0,7080.0,6912.0,7017.0,21469,0,2
2022-05-11T00:00:00Z,7018.0,7091.0,6974.0,7009.0,18139,0,2
2022-05-12T00:00:00Z,7008.0,7015.0,6867.0,6975.0,21485,0,2
2022-05-13T00:00:00Z,6975.0,7112.0,6967.0,7108.0,10305,0,3
2022-05-15T00:00:00Z,7136.0,7139.0,7123.0,7125.0,131,0,3
2022-05-16T00:00:00Z,7126.0,7145.0,7064.0,7112.0,12535,0,3
2022-05-17T00:00:00Z,7111.0,7179.0,7085.0,7169.0,9788,0,2
2022-05-18T00:00:00Z,7168.0,7190.0,7016.0,7034.0,9579,0,3
2022-05-19T00:00:00Z,7034.0,7085.0,6987.0,7069.0,17162,0,3
2022-05-20T00:00:00Z,7069.0,7172.0,7063.0,7130.0,10859,0,3
2022-05-22T00:00:00Z,7106.0,7185.0,7106.0,7184.0,132,0,3
2022-05-23T00:00:00Z,7184.0,7192.0,7109.0,7154.0,11989,0,2
2022-05-24T00:00:00Z,7153.0,7164.0,7083.0,7146.0,11867,0,1
2022-05-25T00:00:00Z,7146.0,7186.0,7111.0,7155.0,11478,0,2
2022-05-26T00:00:00Z,7155.0,7198.0,7101.0,7196.0,8421,0,2
2022-05-27T00:00:00Z,7196.0,7266.0,7156.0,7262.0,6278,0,3
2022-05-29T00:00:00Z,7274.0,7284.0,7270.0,7270.0,101,0,3
2022-05-30T00:00:00Z,7270.0,7299.0,7237.0,7281.0,4070,0,3
2022-05-31T00:00:00Z,7280.0,7287.0,7172.0,7227.0,10419,0,2
2022-06-01T00:00:00Z,7227.0,7242.0,7154.0,7167.0,9962,0,2
2022-06-02T00:00:00Z,7167.0,7257.0,7145.0,7252.0,8486,0,2
2022-06-03T00:00:00Z,7252.0,7253.0,7185.0,7205.0,7385,0,2
2022-06-05T00:00:00Z,7184.0,7211.0,7184.0,7204.0,121,0,3
2022-06-06T00:00:00Z,7203.0,7239.0,7191.0,7201.0,7414,0,3
2022-06-07T00:00:00Z,7202.0,7203.0,7076.0,7143.0,8420,0,3
2022-06-08T00:00:00Z,7143.0,7165.0,7068.0,7085.0,8154,0,3
2022-06-09T00:00:00Z,7085.0,7086.0,6945.0,6946.0,8951,0,2
2022-06-10T00:00:00Z,6948.0,6970.0,6746.0,6812.0,12123,0,2
2022-06-13T00:00:00Z,6661.0,6661.0,6493.0,6515.0,10297,0,3
2022-06-14T00:00:00Z,6514.0,6589.0,6453.0,6544.0,11798,0,2
2022-06-15T00:00:00Z,6543.0,6585.0,6430.0,6564.0,13145,0,3
2022-06-16T00:00:00Z,6564.0,6570.0,6307.0,6344.0,15246,0,2
2022-06-17T00:00:00Z,6344.0,6395.0,6297.0,6327.0,13024,0,2
2022-06-19T00:00:00Z,6349.0,6391.0,6332.0,6381.0,185,0,3
2022-06-20T00:00:00Z,6382.0,6397.0,6296.0,6382.0,7251,0,3
2022-06-21T00:00:00Z,6382.0,6469.0,6357.0,6456.0,8228,0,3
2022-06-22T00:00:00Z,6457.0,6461.0,6360.0,6398.0,10715,0,3
2022-06-23T00:00:00Z,6398.0,6454.0,6375.0,6407.0,11618,0,2
2022-06-24T00:00:00Z,6407.0,6574.0,6391.0,6574.0,6818,0,2
2022-06-26T00:00:00Z,6554.0,6560.0,6548.0,6549.0,87,0,3
2022-06-27T00:00:00Z,6549.0,6632.0,6544.0,6595.0,9613,0,2
2022-06-28T00:00:00Z,6595.0,6697.0,6587.0,6597.0,9714,0,2
2022-06-29T00:00:00Z,6597.0,6631.0,6568.0,6593.0,10964,0,2
2022-06-30T00:00:00Z,6593.0,6593.0,6386.0,6503.0,13132,0,3
2022-07-01T00:00:00Z,6506.0,6548.0,6427.0,6548.0,12286,0,3
2022-07-03T00:00:00Z,6524.0,6534.0,6519.0,6528.0,119,0,3
2022-07-04T00:00:00Z,6529.0,6573.0,6503.0,6554.0,4748,0,2
2022-07-05T00:00:00Z,6555.0,6562.0,6409.0,6472.0,11969,0,2
2022-07-06T00:00:00Z,6474.0,6555.0,6474.0,6531.0,11460,0,2
2022-07-07T00:00:00Z,6530.0,6613.0,6492.0,6601.0,7240,0,3
2022-07-08T00:00:00Z,6602.0,6615.0,6556.0,6593.0,8993,0,3
2022-07-10T00:00:00Z,6575.0,6601.0,6575.0,6584.0,94,0,3
2022-07-11T00:00:00Z,6585.0,6586.0,6481.0,6534.0,8846,0,3
2022-07-12T00:00:00Z,6534.0,6549.0,6485.0,6499.0,8728,0,2
2022-07-13T00:00:00Z,6498.0,6550.0,6450.0,6486.0,11749,0,2
2022-07-14T00:00:00Z,6486.0,6558.0,6425.0,6491.0,11121,0,2
2022-07-15T00:00:00Z,6490.0,6555.0,6430.0,6555.0,7655,0,3
2022-07-17T00:00:00Z,6561.0,6564.0,6551.0,6563.0,92,0,3
2022-07-18T00:00:00Z,6562.0,6621.0,6510.0,6577.0,6791,0,3
2022-07-19T00:00:00Z,6576.0,6650.0,6525.0,6638.0,7479,0,2
2022-07-20T00:00:00Z,6638.0,6675.0,6612.0,6660.0,9190,0,2
2022-07-21T00:00:00Z,6661.0,6699.0,6633.0,6679.0,9614,0,3
2022-07-22T00:00:00Z,6678.0,6727.0,6654.0,6678.0,7627,0,2
2022-07-24T00:00:00Z,6673.0,6674.0,6665.0,6674.0,81,0,3
2022-07-25T00:00:00Z,6674.0,6720.0,6669.0,6696.0,7331,0,3
2022-07-26T00:00:00Z,6696.0,6719.0,6658.0,6684.0,6529,0,2
2022-07-27T00:00:00Z,6684.0,6789.0,6674.0,6784.0,7379,0,3
2022-07-28T00:00:00Z,6784.0,6855.0,6737.0,6845.0,7692,0,2
2022-07-29T00:00:00Z,6845.0,6914.0,6838.0,6914.0,6689,0,2
2022-07-31T00:00:00Z,6883.0,6891.0,6868.0,6871.0,146,0,3
2022-08-01T00:00:00Z,6871.0,6921.0,6850.0,6864.0,7415,0,2
2022-08-02T00:00:00Z,6864.0,6936.0,6846.0,6883.0,9027,0,3
2022-08-03T00:00:00Z,6881.0,6922.0,6816.0,6909.0,7196,0,3
2022-08-04T00:00:00Z,6908.0,6922.0,6869.0,6887.0,6773,0,3
2022-08-05T00:00:00Z,6888.0,6916.0,6867.0,6899.0,6282,0,3
2022-08-07T00:00:00Z,6883.0,6895.0,6883.0,6891.0,87,0,3
2022-08-08T00:00:00Z,6890.0,6947.0,6883.0,6907.0,5969,0,3
2022-08-09T00:00:00Z,6907.0,6935.0,6880.0,6900.0,6398,0,3
2022-08-10T00:00:00Z,6901.0,6978.0,6875.0,6973.0,6241,0,2
2022-08-11T00:00:00Z,6973.0,6980.0,6935.0,6943.0,6591,0,3
2022-08-12T00:00:00Z,6943.0,6976.0,6910.0,6976.0,4961,0,3
2022-08-14T00:00:00Z,6956.0,6964.0,6948.0,6951.0,96,0,3
2022-08-15T00:00:00Z,6952.0,7007.0,6945.0,7003.0,4581,0,2
2022-08-16T00:00:00Z,7002.0,7035.0,6990.0,7022.0,5811,0,2
2022-08-17T00:00:00Z,7021.0,7041.0,6994.0,7024.0,6789,0,2
2022-08-18T00:00:00Z,7025.0,7050.0,6990.0,7049.0,5876,0,3
2022-08-19T00:00:00Z,7049.0,7051.0,6978.0,6994.0,5944,0,3
2022-08-21T00:00:00Z,6981.0,6982.0,6965.0,6970.0,126,0,3
2022-08-22T00:00:00Z,6970.0,6980.0,6892.0,6914.0,6459,0,2
2022-08-23T00:00:00Z,6915.0,6929.0,6851.0,6886.0,7391,0,2
2022-08-24T00:00:00Z,6885.0,6946.0,6882.0,6942.0,5918,0,3
2022-08-25T00:00:00Z,6942.0,6988.0,6920.0,6985.0,5157,0,2
2022-08-26T00:00:00Z,6985.0,7047.0,6920.0,6930.0,8394,0,2
2022-08-28T00:00:00Z,6861.0,6884.0,6861.0,6876.0,168,0,3
2022-08-29T00:00:00Z,6879.0,6917.0,6849.0,6911.0,9323,0,3
2022-08-30T00:00:00Z,6912.0,6950.0,6842.0,6858.0,8565,0,3
2022-08-31T00:00:00Z,6860.0,6915.0,6796.0,6797.0,9897,0,2
2022-09-01T00:00:00Z,6797.0,6844.0,6759.0,6811.0,10604,0,3
2022-09-02T00:00:00Z,6811.0,6867.0,6771.0,6787.0,10018,0,3
2022-09-04T00:00:00Z,6789.0,6821.0,6789.0,6821.0,141,0,3
2022-09-05T00:00:00Z,6821.0,6852.0,6791.0,6842.0,5244,0,3
2022-09-06T00:00:00Z,6842.0,6868.0,6765.0,6772.0,10751,0,2
2022-09-07T00:00:00Z,6772.0,6782.0,6698.0,6738.0,9834,0,2
2022-09-08T00:00:00Z,6737.0,6862.0,6730.0,6844.0,10414,0,3
2022-09-09T00:00:00Z,6844.0,6965.0,6830.0,6963.0,7428,0,3
2022-09-11T00:00:00Z,6977.0,6987.0,6967.0,6972.0,147,0,3
2022-09-12T00:00:00Z,6974.0,7024.0,6942.0,7007.0,7559,0,3
2022-09-13T00:00:00Z,7007.0,7036.0,6843.0,6845.0,10535,0,3
2022-09-14T00:00:00Z,6847.0,6857.0,6795.0,6847.0,10821,0,3
2022-09-15T00:00:00Z,6847.0,6873.0,6770.0,6782.0,8245,0,2
2022-09-16T00:00:00Z,6783.0,6796.0,6704.0,6732.0,8919,0,3
2022-09-18T00:00:00Z,6719.0,6740.0,6719.0,6734.0,98,0,3
2022-09-19T00:00:00Z,6733.0,6789.0,6676.0,6787.0,7070,0,2
2022-09-20T00:00:00Z,6786.0,6828.0,6707.0,6743.0,8207,0,2
2022-09-21T00:00:00Z,6742.0,6752.0,6658.0,6659.0,11189,0,3
2022-09-23T00:00:00Z,6654.0,6658.0,6446.0,6476.0,11966,0,3
2022-09-25T00:00:00Z,6461.0,6477.0,6461.0,6475.0,119,0,3
2022-09-26T00:00:00Z,6474.0,6540.0,6434.0,6494.0,15827,0,3
2022-09-27T00:00:00Z,6494.0,6528.0,6425.0,6461.0,14164,0,3
2022-09-28T00:00:00Z,6463.0,6580.0,6411.0,6558.0,18657,0,2
2022-09-29T00:00:00Z,6558.0,6597.0,6490.0,6532.0,15930,0,2
2022-09-30T00:00:00Z,6533.0,6558.0,6458.0,6483.0,17052,0,3
2022-10-02T00:00:00Z,6479.0,6501.0,6446.0,6448.0,781,0,3
2022-10-03T00:00:00Z,6448.0,6595.0,6406.0,6589.0,14645,0,3
2022-10-04T00:00:00Z,6589.0,6813.0,6583.0,6807.0,12852,0,3
2022-10-05T00:00:00Z,6807.0,6816.0,6750.0,6799.0,13303,0,3
2022-10-06T00:00:00Z,6799.0,6822.0,6745.0,6766.0,14044,0,3
2022-10-07T00:00:00Z,6766.0,6786.0,6678.0,6704.0,10917,0,3
2022-10-09T00:00:00Z,6662.0,6679.0,6649.0,6672.0,976,0,3
2022-10-10T00:00:00Z,6674.0,6705.0,6639.0,6687.0,13778,0,3
2022-10-11T00:00:00Z,6687.0,6697.0,6601.0,6646.0,16988,0,3
2022-10-12T00:00:00Z,6646.0,6680.0,6605.0,6660.0,16791,0,3
2022-10-13T00:00:00Z,6659.0,6765.0,6543.0,6751.0,18183,0,3
2022-10-14T00:00:00Z,6750.0,6788.0,6655.0,6655.0,18422,0,3
2022-10-16T00:00:00Z,6675.0,6675.0,6648.0,6659.0,637,0,3
2022-10-17T00:00:00Z,6659.0,6761.0,6635.0,6747.0,12674,0,3
2022-10-18T00:00:00Z,6746.0,6805.0,6711.0,6784.0,14614,0,3
2022-10-19T00:00:00Z,6783.0,6817.0,6705.0,6730.0,13749,0,3
2022-10-20T00:00:00Z,6730.0,6764.0,6661.0,6672.0,15685,0,3
2022-10-21T00:00:00Z,6673.0,6766.0,6634.0,6756.0,15365,0,3
2022-10-23T00:00:00Z,6788.0,6817.0,6784.0,6786.0,939,0,3
2022-10-24T00:00:00Z,6786.0,6821.0,6727.0,6815.0,15652,0,3
2022-10-25T00:00:00Z,6815.0,6849.0,6761.0,6833.0,9301,0,3
2022-10-26T00:00:00Z,6833.0,6864.0,6788.0,6832.0,10368,0,3
2022-10-27T00:00:00Z,6832.0,6867.0,6790.0,6799.0,11522,0,3
2022-10-28T00:00:00Z,6800.0,6869.0,6761.0,6868.0,9399,0,3
2022-10-30T00:00:00Z,6857.0,6863.0,6840.0,6847.0,501,0,3
2022-10-31T00:00:00Z,6847.0,6886.0,6813.0,6870.0,8289,0,3
2022-11-01T00:00:00Z,6870.0,7019.0,6850.0,6989.0,9291,0,3
2022-11-02T00:00:00Z,6990.0,6999.0,6818.0,6820.0,11742,0,3
2022-11-03T00:00:00Z,6820.0,6861.0,6786.0,6823.0,10254,0,3
2022-11-04T00:00:00Z,6823.0,6989.0,6822.0,6972.0,12083,0,3
2022-11-06T00:00:00Z,6949.0,6954.0,6910.0,6911.0,662,0,3
2022-11-07T00:00:00Z,6911.0,6977.0,6904.0,6955.0,8626,0,3
2022-11-08T00:00:00Z,6955.0,7013.0,6943.0,7005.0,6101,0,3
2022-11-09T00:00:00Z,7004.0,7012.0,6946.0,6956.0,8702,0,3
2022-11-10T00:00:00Z,6955.0,7169.0,6951.0,7157.0,9181,0,3
2022-11-11T00:00:00Z,7157.0,7208.0,7122.0,7207.0,8874,0,3
2022-11-13T00:00:00Z,7175.0,7175.0,7167.0,7172.0,58,0,3
2022-11-14T00:00:00Z,7172.0,7174.0,7132.0,7144.0,7204,0,3
2022-11-15T00:00:00Z,7144.0,7206.0,7112.0,7139.0,10258,0,3
2022-11-16T00:00:00Z,7139.0,7157.0,7106.0,7144.0,8636,0,3
2022-11-17T00:00:00Z,7143.0,7174.0,7110.0,7158.0,7315,0,3
2022-11-18T00:00:00Z,7159.0,7201.0,7150.0,7180.0,6424,0,3
2022-11-20T00:00:00Z,7171.0,7172.0,7166.0,7169.0,48,0,3
2022-11-21T00:00:00Z,7169.0,7188.0,7144.0,7187.0,5305,0,3
2022-11-22T00:00:00Z,7187.0,7254.0,7178.0,7254.0,4886,0,3
2022-11-23T00:00:00Z,7254.0,7267.0,7227.0,7266.0,5052,0,3
2022-11-24T00:00:00Z,7265.0,7277.0,7246.0,7259.0,2288,0,3
2022-11-25T00:00:00Z,7259.0,7279.0,7253.0,7264.0,2996,0,3
2022-11-27T00:00:00Z,7229.0,7239.0,7229.0,7234.0,41,0,3
2022-11-28T00:00:00Z,7234.0,7283.0,7218.0,7219.0,5643,0,3
2022-11-29T00:00:00Z,7219.0,7270.0,7211.0,7233.0,5584,0,3
2022-11-30T00:00:00Z,7233.0,7383.0,7229.0,7378.0,6935,0,3
2022-12-01T00:00:00Z,7378.0,7382.0,7329.0,7331.0,6381,0,3
2022-12-02T00:00:00Z,7331.0,7345.0,7269.0,7341.0,6139,0,3
2022-12-04T00:00:00Z,7338.0,7339.0,7330.0,7333.0,63,0,3
2022-12-05T00:00:00Z,7333.0,7358.0,7279.0,7307.0,5623,0,3
2022-12-06T00:00:00Z,7308.0,7329.0,7234.0,7247.0,6573,0,3
2022-12-07T00:00:00Z,7247.0,7266.0,7208.0,7215.0,7529,0,3
2022-12-08T00:00:00Z,7215.0,7218.0,7171.0,7206.0,5984,0,3
2022-12-09T00:00:00Z,7204.0,7230.0,7184.0,7212.0,6329,0,3
2022-12-11T00:00:00Z,7109.0,7115.0,7107.0,7114.0,64,0,3
2022-12-12T00:00:00Z,7115.0,7167.0,7106.0,7155.0,3534,0,3
2022-12-13T00:00:00Z,7155.0,7257.0,7142.0,7168.0,7878,0,3
2022-12-14T00:00:00Z,7168.0,7207.0,7127.0,7171.0,7072,0,3
2022-12-15T00:00:00Z,7170.0,7192.0,7065.0,7091.0,8259,0,3
2022-12-16T00:00:00Z,7091.0,7134.0,7034.0,7058.0,8105,0,3
2022-12-18T00:00:00Z,7086.0,7086.0,7080.0,7081.0,41,0,3
2022-12-19T00:00:00Z,7081.0,7111.0,7040.0,7048.0,5271,0,3
2022-12-20T00:00:00Z,7047.0,7064.0,6962.0,7064.0,8338,0,3
2022-12-21T00:00:00Z,7065.0,7123.0,7053.0,7103.0,5168,0,3
2022-12-22T00:00:00Z,7103.0,7113.0,6984.0,7029.0,5467,0,3
2022-12-23T00:00:00Z,7029.0,7052.0,7004.0,7045.0,1477,0,3
2022-12-26T00:00:00Z,7045.0,7045.0,7045.0,7045.0,1,0,7
2022-12-27T00:00:00Z,7042.0,7043.0,7035.0,7038.0,44,0,3
2022-12-28T00:00:00Z,7038.0,7048.0,6979.0,6981.0,5454,0,3
2022-12-29T00:00:00Z,6980.0,7029.0,6942.0,7011.0,4110,0,3
2022-12-30T00:00:00Z,7013.0,7019.0,6982.0,6989.0,1706,0,3
2023-01-02T00:00:00Z,6937.0,6947.0,6934.0,6943.0,120,0,3
2023-01-03T00:00:00Z,6943.0,6969.0,6848.0,6956.0,7950,0,3
2023-01-04T00:00:00Z,6955.0,7038.0,6954.0,7033.0,7709,0,3
2023-01-05T00:00:00Z,7034.0,7035.0,6997.0,7025.0,7474,0,3
2023-01-06T00:00:00Z,7025.0,7115.0,7024.0,7113.0,6422,0,3
2023-01-08T00:00:00Z,7109.0,7109.0,7099.0,7104.0,52,0,3
2023-01-09T00:00:00Z,7104.0,7135.0,7079.0,7081.0,5107,0,3
2023-01-10T00:00:00Z,7081.0,7126.0,7065.0,7126.0,5595,0,3
2023-01-11T00:00:00Z,7126.0,7203.0,7114.0,7201.0,4473,0,3
2023-01-12T00:00:00Z,7201.0,7283.0,7201.0,7282.0,7855,0,3
2023-01-13T00:00:00Z,7282.0,7306.0,7248.0,7299.0,5441,0,3
2023-01-15T00:00:00Z,7307.0,7316.0,7307.0,7315.0,51,0,3
2023-01-16T00:00:00Z,7315.0,7341.0,7309.0,7320.0,3014,0,3
2023-01-17T00:00:00Z,7321.0,7374.0,7315.0,7331.0,5022,0,3
2023-01-18T00:00:00Z,7331.0,7369.0,7316.0,7324.0,6652,0,3
2023-01-19T00:00:00Z,7323.0,7396.0,7321.0,7372.0,6586,0,3
2023-01-20T00:00:00Z,7373.0,7411.0,7364.0,7407.0,5131,0,3
2023-01-22T00:00:00Z,7393.0,7395.0,7387.0,7389.0,62,0,3
2023-01-23T00:00:00Z,7389.0,7425.0,7373.0,7404.0,4635,0,3
2023-01-24T00:00:00Z,7404.0,7438.0,7389.0,7431.0,4901,0,3
2023-01-25T00:00:00Z,7433.0,7439.0,7378.0,7428.0,5532,0,3
2023-01-26T00:00:00Z,7442.0,7461.0,7422.0,7431.0,4097,0,3
2023-01-27T00:00:00Z,7431.0,7460.0,7420.0,7452.0,4743,0,3
2023-01-29T00:00:00Z,7419.0,7430.0,7419.0,7428.0,59,0,3
2023-01-30T00:00:00Z,7428.0,7449.0,7400.0,7443.0,5955,0,3
2023-01-31T00:00:00Z,7444.0,7476.0,7394.0,7472.0,5945,0,3
2023-02-01T00:00:00Z,7472.0,7483.0,7396.0,7480.0,6353,0,3
2023-02-02T00:00:00Z,7480.0,7493.0,7440.0,7455.0,7282,0,3
2023-02-03T00:00:00Z,7455.0,7528.0,7453.0,7499.0,8372,0,3
2023-02-05T00:00:00Z,7493.0,7501.0,7492.0,7496.0,75,0,3
2023-02-06T00:00:00Z,7496.0,7496.0,7445.0,7473.0,6241,0,3
2023-02-07T00:00:00Z,7474.0,7485.0,7390.0,7455.0,7879,0,3
2023-02-08T00:00:00Z,7455.0,7463.0,7413.0,7430.0,6099,0,3
2023-02-09T00:00:00Z,7429.0,7462.0,7371.0,7371.0,6274,0,3
2023-02-10T00:00:00Z,7372.0,7375.0,7327.0,7355.0,7069,0,3
2023-02-12T00:00:00Z,7336.0,7342.0,7335.0,7341.0,34,0,3
2023-02-13T00:00:00Z,7341.0,7395.0,7330.0,7392.0,4763,0,3
2023-02-14T00:00:00Z,7391.0,7397.0,7311.0,7314.0,9157,0,3
2023-02-15T00:00:00Z,7313.0,7320.0,7259.0,7312.0,6697,0,3
2023-02-16T00:00:00Z,7313.0,7349.0,7292.0,7297.0,6499,0,3
2023-02-17T00:00:00Z,7297.0,7304.0,7244.0,7274.0,6249,0,3
2023-02-19T00:00:00Z,7268.0,7276.0,7268.0,7271.0,41,0,3
2023-02-20T00:00:00Z,7272.0,7284.0,7223.0,7226.0,2474,0,3
2023-02-21T00:00:00Z,7226.0,7268.0,7208.0,7213.0,6839,0,3
2023-02-22T00:00:00Z,7213.0,7260.0,7206.0,7233.0,7075,0,3
2023-02-23T00:00:00Z,7233.0,7244.0,7184.0,7231.0,5830,0,3
2023-02-24T00:00:00Z,7231.0,7254.0,7164.0,7195.0,7008,0,3
2023-02-26T00:00:00Z,7190.0,7192.0,7179.0,7179.0,40,0,3
2023-02-27T00:00:00Z,7178.0,7221.0,7136.0,7218.0,5801,0,3
2023-02-28T00:00:00Z,7218.0,7220.0,7162.0,7166.0,5345,0,3
2023-03-01T00:00:00Z,7166.0,7233.0,7161.0,7231.0,6964,0,3
2023-03-02T00:00:00Z,7230.0,7235.0,7166.0,7227.0,6869,0,3
2023-03-03T00:00:00Z,7226.0,7297.0,7220.0,7296.0,4694,0,3
2023-03-05T00:00:00Z,7282.0,7284.0,7279.0,7280.0,51,0,3
2023-03-06T00:00:00Z,7280.0,7302.0,7267.0,7272.0,4519,0,3
2023-03-07T00:00:00Z,7270.0,7335.0,7260.0,7277.0,6215,0,3
2023-03-08T00:00:00Z,7278.0,7317.0,7258.0,7311.0,6272,0,3
2023-03-09T00:00:00Z,7311.0,7333.0,7194.0,7203.0,5913,0,3
2023-03-10T00:00:00Z,7205.0,7208.0,7100.0,7130.0,12321,0,3
2023-03-12T00:00:00Z,7129.0,7138.0,7108.0,7108.0,295,0,3
2023-03-13T00:00:00Z,7109.0,7174.0,6956.0,7000.0,18316,0,3
2023-03-14T00:00:00Z,7002.0,7092.0,6977.0,7089.0,9757,0,3
2023-03-15T00:00:00Z,7089.0,7100.0,6916.0,6945.0,15723,0,3
2023-03-16T00:00:00Z,6944.0,7011.0,6887.0,7002.0,15406,0,3
2023-03-17T00:00:00Z,7002.0,7032.0,6915.0,6919.0,11399,0,3
2023-03-19T00:00:00Z,6973.0,6973.0,6963.0,6965.0,82,0,3
2023-03-20T00:00:00Z,6966.0,7002.0,6851.0,6991.0,14262,0,3
2023-03-21T00:00:00Z,6991.0,7057.0,6978.0,7042.0,7178,0,3
2023-03-22T00:00:00Z,7042.0,7063.0,6984.0,6987.0,7651,0,3
2023-03-23T00:00:00Z,6985.0,7025.0,6933.0,6959.0,8435,0,3
2023-03-24T00:00:00Z,6960.0,6992.0,6906.0,6976.0,9617,0,3
2023-03-26T00:00:00Z,7003.0,7006.0,7001.0,7003.0,40,0,3
2023-03-27T00:00:00Z,7003.0,7065.0,6958.0,7062.0,6328,0,3
2023-03-28T00:00:00Z,7062.0,7070.0,7011.0,7042.0,5615,0,3
2023-03-29T00:00:00Z,7041.0,7134.0,7037.0,7132.0,4416,0,3
2023-03-30T00:00:00Z,7132.0,7198.0,7127.0,7197.0,4311,0,3
2023-03-31T00:00:00Z,7196.0,7241.0,7182.0,7233.0,4035,0,3
2023-04-02T00:00:00Z,7220.0,7235.0,7215.0,7232.0,126,0,3
2023-04-03T00:00:00Z,7234.0,7269.0,7217.0,7247.0,5038,0,3
2023-04-04T00:00:00Z,7247.0,7292.0,7234.0,7248.0,4872,0,3
2023-04-05T00:00:00Z,7248.0,7281.0,7230.0,7260.0,5667,0,3
2023-04-06T00:00:00Z,7260.0,7268.0,7216.0,7247.0,2725,0,3
2023-04-10T00:00:00Z,7297.0,7303.0,7286.0,7288.0,153,0,3
2023-04-11T00:00:00Z,7289.0,7377.0,7289.0,7374.0,4256,0,3
2023-04-12T00:00:00Z,7376.0,7403.0,7342.0,7344.0,5611,0,3
2023-04-13T00:00:00Z,7343.0,7364.0,7326.0,7351.0,4722,0,3
2023-04-14T00:00:00Z,7350.0,7400.0,7326.0,7380.0,5196,0,3
2023-04-16T00:00:00Z,7388.0,7411.0,7388.0,7397.0,90,0,3
2023-04-17T00:00:00Z,7397.0,7406.0,7347.0,7367.0,4015,0,3
2023-04-18T00:00:00Z,7367.0,7380.0,7352.0,7366.0,3890,0,3
2023-04-19T00:00:00Z,7366.0,7388.0,7344.0,7372.0,3543,0,3
2023-04-20T00:00:00Z,7373.0,7394.0,7327.0,7329.0,4649,0,3
2023-04-21T00:00:00Z,7328.0,7357.0,7317.0,7335.0,4776,0,3
2023-04-23T00:00:00Z,7327.0,7332.0,7323.0,7327.0,77,0,3
2023-04-24T00:00:00Z,7327.0,7358.0,7317.0,7355.0,3293,0,3
2023-04-25T00:00:00Z,7330.0,7356.0,7302.0,7308.0,3358,0,3
2023-04-26T00:00:00Z,7309.0,7334.0,7289.0,7306.0,6227,0,3
2023-04-27T00:00:00Z,7306.0,7346.0,7277.0,7336.0,4390,0,3
2023-04-28T00:00:00Z,7335.0,7370.0,7284.0,7369.0,5745,0,3
2023-04-30T00:00:00Z,7353.0,7359.0,7350.0,7353.0,94,0,3
2023-05-01T00:00:00Z,7353.0,7376.0,7314.0,7315.0,3233,0,3
2023-05-02T00:00:00Z,7314.0,7334.0,7185.0,7213.0,7069,0,3
2023-05-03T00:00:00Z,7213.0,7217.0,7127.0,7139.0,8855,0,3
2023-05-04T00:00:00Z,7140.0,7200.0,7135.0,7175.0,9160,0,3
2023-05-05T00:00:00Z,7176.0,7297.0,7164.0,7290.0,5532,0,3
2023-05-07T00:00:00Z,7276.0,7294.0,7276.0,7291.0,136,0,3
2023-05-08T00:00:00Z,7292.0,7292.0,7248.0,7261.0,4012,0,3
2023-05-09T00:00:00Z,7260.0,7262.0,7226.0,7239.0,3981,0,3
2023-05-10T00:00:00Z,7237.0,7281.0,7207.0,7257.0,6289,0,3
2023-05-11T00:00:00Z,7257.0,7270.0,7201.0,7245.0,5750,0,3
2023-05-12T00:00:00Z,7245.0,7288.0,7241.0,7276.0,5132,0,3
2023-05-14T00:00:00Z,7273.0,7277.0,7265.0,7274.0,97,0,3
2023-05-15T00:00:00Z,7272.0,7301.0,7254.0,7291.0,4033,0,3
2023-05-16T00:00:00Z,7290.0,7290.0,7206.0,7212.0,4574,0,3
2023-05-17T00:00:00Z,7213.0,7264.0,7176.0,7264.0,4507,0,3
2023-05-18T00:00:00Z,7264.0,7278.0,7236.0,7273.0,4809,0,3
2023-05-19T00:00:00Z,7274.0,7313.0,7273.0,7300.0,5006,0,3
2023-05-21T00:00:00Z,7284.0,7297.0,7282.0,7296.0,98,0,3
2023-05-22T00:00:00Z,7297.0,7302.0,7265.0,7295.0,4415,0,3
2023-05-23T00:00:00Z,7295.0,7305.0,7238.0,7245.0,5462,0,3
2023-05-24T00:00:00Z,7245.0,7254.0,7172.0,7183.0,5650,0,3
2023-05-25T00:00:00Z,7183.0,7189.0,7120.0,7134.0,6450,0,3
2023-05-26T00:00:00Z,7134.0,7246.0,7134.0,7242.0,5056,0,3
2023-05-28T00:00:00Z,7250.0,7258.0,7249.0,7255.0,103,0,3
2023-05-29T00:00:00Z,7254.0,7269.0,7215.0,7223.0,2109,0,3
2023-05-30T00:00:00Z,7224.0,7239.0,7168.0,7186.0,5421,0,3
2023-05-31T00:00:00Z,7186.0,7189.0,7063.0,7100.0,5744,0,3
2023-06-01T00:00:00Z,7100.0,7173.0,7091.0,7166.0,3231,0,3
2023-06-02T00:00:00Z,7166.0,7243.0,7134.0,7233.0,5230,0,3
2023-06-04T00:00:00Z,7219.0,7252.0,7219.0,7240.0,239,0,3
2023-06-05T00:00:00Z,7240.0,7245.0,7177.0,7183.0,5541,0,3
2023-06-06T00:00:00Z,7184.0,7192.0,7126.0,7160.0,6049,0,3
2023-06-07T00:00:00Z,7160.0,7174.0,7111.0,7116.0,5328,0,3
2023-06-08T00:00:00Z,7116.0,7138.0,7088.0,7108.0,5671,0,3
2023-06-09T00:00:00Z,7108.0,7133.0,7093.0,7096.0,6457,0,3
2023-06-12T00:00:00Z,7071.0,7105.0,7048.0,7078.0,2488,0,3
2023-06-13T00:00:00Z,7078.0,7152.0,7063.0,7140.0,6757,0,3
2023-06-14T00:00:00Z,7140.0,7166.0,7111.0,7150.0,6506,0,3
2023-06-15T00:00:00Z,7150.0,7174.0,7124.0,7163.0,6583,0,3
2023-06-16T00:00:00Z,7165.0,7269.0,7163.0,7224.0,6616,0,3
2023-06-18T00:00:00Z,7219.0,7244.0,7219.0,7234.0,162,0,3
2023-06-19T00:00:00Z,7234.0,7295.0,7229.0,7279.0,3907,0,3
2023-06-20T00:00:00Z,7279.0,7350.0,7271.0,7315.0,6269,0,3
2023-06-21T00:00:00Z,7315.0,7318.0,7251.0,7262.0,6303,0,3
2023-06-22T00:00:00Z,7262.0,7270.0,7107.0,7134.0,7466,0,3
2023-06-23T00:00:00Z,7134.0,7148.0,7015.0,7046.0,8445,0,3
2023-06-25T00:00:00Z,7055.0,7060.0,7030.0,7042.0,190,0,3
2023-06-26T00:00:00Z,7042.0,7068.0,7008.0,7062.0,8591,0,3
2023-06-27T00:00:00Z,7063.0,7108.0,7045.0,7095.0,6570,0,3
2023-06-28T00:00:00Z,7097.0,7173.0,7090.0,7161.0,7041,0,3
2023-06-29T00:00:00Z,7161.0,7193.0,7140.0,7163.0,6222,0,3
2023-06-30T00:00:00Z,7163.0,7202.0,7126.0,7191.0,5606,0,3
2023-07-02T00:00:00Z,7195.0,7202.0,7178.0,7182.0,137,0,3
2023-07-03T00:00:00Z,7182.0,7221.0,7162.0,7214.0,4455,0,3
2023-07-04T00:00:00Z,7215.0,7252.0,7196.0,7225.0,3729,0,3
2023-07-05T00:00:00Z,7226.0,7245.0,7160.0,7170.0,4986,0,3
2023-07-06T00:00:00Z,7168.0,7168.0,7005.0,7021.0,7539,0,3
2023-07-07T00:00:00Z,7020.0,7041.0,6965.0,7022.0,7443,0,3
2023-07-09T00:00:00Z,7011.0,7024.0,7003.0,7024.0,132,0,3
2023-07-10T00:00:00Z,7024.0,7038.0,6949.0,7013.0,7098,0,3
2023-07-11T00:00:00Z,7014.0,7103.0,7010.0,7099.0,5691,0,3
2023-07-12T00:00:00Z,7099.0,7170.0,7082.0,7161.0,6605,0,3
2023-07-13T00:00:00Z,7161.0,7248.0,7161.0,7234.0,5327,0,3
2023-07-14T00:00:00Z,7234.0,7292.0,7219.0,7260.0,5686,0,3
2023-07-16T00:00:00Z,7247.0,7255.0,7242.0,7255.0,89,0,3
2023-07-17T00:00:00Z,7255.0,7264.0,7233.0,7236.0,4169,0,3
2023-07-18T00:00:00Z,7236.0,7291.0,7214.0,7285.0,4375,0,3
2023-07-19T00:00:00Z,7285.0,7295.0,7263.0,7286.0,5307,0,3
2023-07-20T00:00:00Z,7286.0,7336.0,7265.0,7267.0,6525,0,3
2023-07-21T00:00:00Z,7267.0,7306.0,7239.0,7302.0,5023,0,3
2023-07-23T00:00:00Z,7292.0,7293.0,7277.0,7282.0,147,0,3
2023-07-24T00:00:00Z,7283.0,7307.0,7257.0,7292.0,5774,0,3
2023-07-25T00:00:00Z,7293.0,7316.0,7266.0,7312.0,4610,0,3
2023-07-26T00:00:00Z,7312.0,7372.0,7286.0,7359.0,6770,0,3
2023-07-27T00:00:00Z,7359.0,7442.0,7351.0,7369.0,7324,0,2
2023-07-28T00:00:00Z,7370.0,7400.0,7304.0,7375.0,8704,0,3
2023-07-30T00:00:00Z,7382.0,7384.0,7365.0,7365.0,164,0,3
2023-07-31T00:00:00Z,7365.0,7384.0,7318.0,7383.0,5853,0,3
2023-08-01T00:00:00Z,7383.0,7421.0,7347.0,7350.0,5832,0,3
2023-08-02T00:00:00Z,7351.0,7362.0,7232.0,7250.0,7955,0,3
2023-08-03T00:00:00Z,7249.0,7267.0,7197.0,7240.0,9076,0,3
2023-08-04T00:00:00Z,7240.0,7302.0,7221.0,7256.0,8622,0,3
2023-08-06T00:00:00Z,7261.0,7265.0,7239.0,7244.0,177,0,3
2023-08-07T00:00:00Z,7245.0,7280.0,7229.0,7268.0,5863,0,3
2023-08-08T00:00:00Z,7268.0,7283.0,7209.0,7237.0,6739,0,3
2023-08-09T00:00:00Z,7237.0,7293.0,7234.0,7286.0,5710,0,3
2023-08-10T00:00:00Z,7286.0,7331.0,7258.0,7277.0,8280,0,3
2023-08-11T00:00:00Z,7277.0,7300.0,7240.0,7242.0,7609,0,3
2023-08-13T00:00:00Z,7253.0,7256.0,7231.0,7239.0,174,0,3
2023-08-14T00:00:00Z,7239.0,7267.0,7192.0,7219.0,7956,0,3
2023-08-15T00:00:00Z,7220.0,7265.0,7160.0,7169.0,8537,0,3
2023-08-16T00:00:00Z,7169.0,7175.0,7091.0,7097.0,8278,0,3
2023-08-17T00:00:00Z,7096.0,7126.0,7046.0,7073.0,9392,0,3
2023-08-18T00:00:00Z,7073.0,7112.0,7025.0,7075.0,8169,0,3
2023-08-20T00:00:00Z,7074.0,7084.0,7069.0,7082.0,134,0,3
2023-08-21T00:00:00Z,7082.0,7095.0,7050.0,7053.0,7152,0,3
2023-08-22T00:00:00Z,7053.0,7103.0,7036.0,7056.0,6245,0,3
2023-08-23T00:00:00Z,7056.0,7124.0,7055.0,7124.0,5955,0,3
2023-08-24T00:00:00Z,7124.0,7144.0,7038.0,7048.0,7432,0,2
2023-08-25T00:00:00Z,7047.0,7106.0,7039.0,7090.0,8684,0,3
2023-08-27T00:00:00Z,7084.0,7107.0,7080.0,7107.0,115,0,3
2023-08-28T00:00:00Z,7107.0,7143.0,7090.0,7124.0,5960,0,3
2023-08-29T00:00:00Z,7124.0,7209.0,7116.0,7207.0,5910,0,3
2023-08-30T00:00:00Z,7207.0,7278.0,7205.0,7260.0,6946,0,3
2023-08-31T00:00:00Z,7260.0,7283.0,7226.0,7248.0,5666,0,3
2023-09-01T00:00:00Z,7249.0,7273.0,7235.0,7272.0,6597,0,3
2023-09-03T00:00:00Z,7266.0,7287.0,7263.0,7287.0,140,0,3
2023-09-04T00:00:00Z,7288.0,7320.0,7267.0,7270.0,4280,0,3
2023-09-05T00:00:00Z,7270.0,7307.0,7245.0,7274.0,6572,0,3
2023-09-06T00:00:00Z,7274.0,7280.0,7174.0,7201.0,6279,0,3
2023-09-07T00:00:00Z,7201.0,7207.0,7143.0,7170.0,6477,0,2
2023-09-08T00:00:00Z,7170.0,7177.0,7105.0,7146.0,6321,0,3
2023-09-10T00:00:00Z,7147.0,7209.0,7147.0,7201.0,88,0,5
2023-09-11T00:00:00Z,7201.0,7260.0,7176.0,7245.0,4210,0,3
2023-09-12T00:00:00Z,7244.0,7256.0,7199.0,7231.0,4433,0,3
2023-09-13T00:00:00Z,7232.0,7239.0,7163.0,7200.0,6767,0,3
2023-09-14T00:00:00Z,7200.0,7335.0,7182.0,7328.0,5908,0,3
2023-09-15T00:00:00Z,7329.0,7368.0,7290.0,7292.0,6005,0,3
2023-09-17T00:00:00Z,7295.0,7302.0,7292.0,7300.0,97,0,3
2023-09-18T00:00:00Z,7300.0,7312.0,7237.0,7255.0,4086,0,3
2023-09-19T00:00:00Z,7255.0,7266.0,7216.0,7219.0,4137,0,3
2023-09-20T00:00:00Z,7219.0,7246.0,7164.0,7169.0,4933,0,3
2023-09-21T00:00:00Z,7169.0,7183.0,6969.0,6997.0,8594,0,4
2023-09-22T00:00:00Z,6997.0,7113.0,6991.0,7082.0,7691,0,4
2023-09-24T00:00:00Z,7089.0,7090.0,7081.0,7085.0,101,0,4
2023-09-25T00:00:00Z,7085.0,7126.0,7057.0,7097.0,7180,0,4
2023-09-26T00:00:00Z,7097.0,7098.0,7028.0,7041.0,7918,0,4
2023-09-27T00:00:00Z,7041.0,7083.0,7021.0,7051.0,7989,0,4
2023-09-28T00:00:00Z,7051.0,7103.0,7021.0,7093.0,10098,0,4
2023-09-29T00:00:00Z,7093.0,7110.0,7040.0,7046.0,8499,0,4
2023-10-02T00:00:00Z,7079.0,7081.0,6948.0,6959.0,10722,0,4
2023-10-03T00:00:00Z,6959.0,7000.0,6915.0,6936.0,13287,0,4
2023-10-04T00:00:00Z,6936.0,6948.0,6883.0,6936.0,14123,0,4
2023-10-05T00:00:00Z,6937.0,6969.0,6908.0,6963.0,10742,0,4
2023-10-06T00:00:00Z,6963.0,7048.0,6945.0,7035.0,10780,0,4
2023-10-08T00:00:00Z,6986.0,7025.0,6986.0,7023.0,807,0,4
2023-10-09T00:00:00Z,7022.0,7058.0,6973.0,7058.0,8020,0,4
2023-10-10T00:00:00Z,7057.0,7122.0,7050.0,7099.0,9215,0,4
2023-10-11T00:00:00Z,7099.0,7146.0,7090.0,7135.0,9642,0,4
2023-10-12T00:00:00Z,7134.0,7143.0,7037.0,7069.0,9485,0,4
2023-10-13T00:00:00Z,7069.0,7099.0,7028.0,7040.0,9260,0,4
2023-10-15T00:00:00Z,7050.0,7062.0,7044.0,7060.0,435,0,4
2023-10-16T00:00:00Z,7060.0,7115.0,7016.0,7113.0,8151,0,4
2023-10-17T00:00:00Z,7113.0,7120.0,7040.0,7075.0,9590,0,4
2023-10-18T00:00:00Z,7075.0,7108.0,6980.0,6987.0,11320,0,4
2023-10-19T00:00:00Z,6987.0,7015.0,6897.0,6922.0,14617,0,4
2023-10-20T00:00:00Z,6922.0,6929.0,6839.0,6845.0,11204,0,4
2023-10-22T00:00:00Z,6860.0,6872.0,6846.0,6871.0,748,0,4
2023-10-23T00:00:00Z,6871.0,6889.0,6805.0,6883.0,9542,0,4
2023-10-24T00:00:00Z,6883.0,6907.0,6844.0,6887.0,11385,0,4
2023-10-25T00:00:00Z,6887.0,6896.0,6804.0,6825.0,10730,0,4
2023-10-26T00:00:00Z,6825.0,6856.0,6785.0,6840.0,12956,0,4
2023-10-27T00:00:00Z,6839.0,6857.0,6744.0,6771.0,10875,0,4
2023-10-29T00:00:00Z,6780.0,6792.0,6755.0,6766.0,846,0,4
2023-10-30T00:00:00Z,6766.0,6827.0,6765.0,6817.0,9104,0,4
2023-10-31T00:00:00Z,6817.0,6823.0,6772.0,6811.0,10668,0,4
2023-11-01T00:00:00Z,6811.0,6928.0,6799.0,6927.0,10938,0,4
2023-11-02T00:00:00Z,6927.0,6994.0,6894.0,6965.0,7645,0,4
2023-11-03T00:00:00Z,6965.0,7013.0,6963.0,6996.0,7024,0,4
2023-11-05T00:00:00Z,6999.0,7011.0,6993.0,7004.0,584,0,4
2023-11-06T00:00:00Z,7004.0,7016.0,6974.0,6989.0,6361,0,3
2023-11-07T00:00:00Z,6990.0,7001.0,6953.0,6998.0,7363,0,3
2023-11-08T00:00:00Z,6997.0,7049.0,6981.0,7041.0,6907,0,4
2023-11-09T00:00:00Z,7041.0,7063.0,6984.0,6989.0,7944,0,4
2023-11-10T00:00:00Z,6990.0,7019.0,6959.0,7011.0,6992,0,4
2023-11-12T00:00:00Z,7017.0,7017.0,6970.0,6975.0,723,0,4
2023-11-13T00:00:00Z,6975.0,7033.0,6949.0,7018.0,7174,0,4
2023-11-14T00:00:00Z,7018.0,7171.0,7005.0,7128.0,8371,0,4
2023-11-15T00:00:00Z,7128.0,7157.0,7110.0,7120.0,7930,0,4
2023-11-16T00:00:00Z,7120.0,7130.0,7060.0,7075.0,7808,0,4
2023-11-17T00:00:00Z,7075.0,7106.0,7061.0,7103.0,5458,0,4
2023-11-19T00:00:00Z,7096.0,7099.0,7072.0,7087.0,503,0,4
2023-11-20T00:00:00Z,7087.0,7113.0,7066.0,7105.0,5404,0,4
2023-11-21T00:00:00Z,7105.0,7112.0,7082.0,7111.0,5504,0,4
2023-11-22T00:00:00Z,7110.0,7115.0,7054.0,7054.0,6439,0,4
2023-11-23T00:00:00Z,7054.0,7081.0,7048.0,7080.0,4378,0,4
2023-11-24T00:00:00Z,7080.0,7087.0,7057.0,7082.0,3817,0,4
2023-11-26T00:00:00Z,7071.0,7076.0,7064.0,7065.0,392,0,4
2023-11-27T00:00:00Z,7064.0,7070.0,7000.0,7069.0,4809,0,4
2023-11-28T00:00:00Z,7070.0,7070.0,7018.0,7061.0,4863,0,4
2023-11-29T00:00:00Z,7061.0,7088.0,7046.0,7047.0,5418,0,4
2023-11-30T00:00:00Z,7047.0,7104.0,7040.0,7058.0,6016,0,4
2023-12-01T00:00:00Z,7058.0,7155.0,7055.0,7155.0,5197,0,4
2023-12-03T00:00:00Z,7149.0,7178.0,7143.0,7164.0,641,0,4
2023-12-04T00:00:00Z,7165.0,7187.0,7065.0,7083.0,5427,0,4
2023-12-05T00:00:00Z,7083.0,7131.0,7054.0,7129.0,6336,0,4
2023-12-06T00:00:00Z,7130.0,7216.0,7129.0,7181.0,5982,0,4
2023-12-07T00:00:00Z,7181.0,7194.0,7145.0,7157.0,5693,0,4
2023-12-08T00:00:00Z,7158.0,7223.0,7156.0,7221.0,5380,0,1
2023-12-10T00:00:00Z,7131.0,7220.0,7131.0,7201.0,435,0,1
2023-12-11T00:00:00Z,7200.0,7214.0,7174.0,7200.0,3752,0,1
2023-12-12T00:00:00Z,7201.0,7239.0,7191.0,7238.0,4329,0,1
2023-12-13T00:00:00Z,7238.0,7357.0,7216.0,7347.0,4288,0,1
2023-12-14T00:00:00Z,7346.0,7434.0,7345.0,7406.0,6313,0,1
2023-12-15T00:00:00Z,7405.0,7447.0,7373.0,7375.0,4184,0,1
2023-12-17T00:00:00Z,7385.0,7412.0,7379.0,7411.0,456,0,1
2023-12-18T00:00:00Z,7411.0,7448.0,7391.0,7436.0,4515,0,1
2023-12-19T00:00:00Z,7436.0,7529.0,7433.0,7521.0,4597,0,1
2023-12-20T00:00:00Z,7521.0,7553.0,7470.0,7496.0,4889,0,1
2023-12-21T00:00:00Z,7497.0,7521.0,7475.0,7499.0,6180,0,1
2023-12-22T00:00:00Z,7499.0,7504.0,7477.0,7483.0,1245,0,1
2023-12-26T00:00:00Z,7520.0,7578.0,7515.0,7542.0,816,0,1
2023-12-27T00:00:00Z,7543.0,7593.0,7532.0,7575.0,4828,0,1
2023-12-28T00:00:00Z,7575.0,7610.0,7572.0,7580.0,4727,0,1
2023-12-29T00:00:00Z,7580.0,7591.0,7566.0,7582.0,1202,0,1
2024-01-01T00:00:00Z,7567.0,7605.0,7566.0,7597.0,453,0,1
2024-01-02T00:00:00Z,7602.0,7611.0,7533.0,7543.0,4923,0,1
2024-01-03T00:00:00Z,7543.0,7546.0,7454.0,7475.0,7848,0,1
2024-01-04T00:00:00Z,7475.0,7513.0,7463.0,7480.0,6885,0,1
2024-01-05T00:00:00Z,7480.0,7505.0,7417.0,7460.0,7279,0,1
2024-01-07T00:00:00Z,7458.0,7469.0,7441.0,7469.0,384,0,1
2024-01-08T00:00:00Z,7469.0,7514.0,7406.0,7513.0,6826,0,1
2024-01-09T00:00:00Z,7513.0,7520.0,7462.0,7472.0,6352,0,1
2024-01-10T00:00:00Z,7472.0,7493.0,7436.0,7469.0,6429,0,1
2024-01-11T00:00:00Z,7469.0,7495.0,7408.0,7463.0,8405,0,1
2024-01-12T00:00:00Z,7464.0,7504.0,7445.0,7468.0,8058,0,1
2024-01-14T00:00:00Z,7458.0,7467.0,7449.0,7463.0,442,0,1
2024-01-15T00:00:00Z,7464.0,7478.0,7398.0,7404.0,5093,0,1
2024-01-16T00:00:00Z,7404.0,7415.0,7363.0,7377.0,9454,0,1
2024-01-17T00:00:00Z,7376.0,7387.0,7286.0,7315.0,8874,0,1
2024-01-18T00:00:00Z,7315.0,7414.0,7298.0,7413.0,7959,0,1
2024-01-19T00:00:00Z,7412.0,7418.0,7365.0,7413.0,7099,0,1
2024-01-21T00:00:00Z,7404.0,7431.0,7388.0,7420.0,594,0,1
2024-01-22T00:00:00Z,7420.0,7476.0,7417.0,7476.0,6775,0,1
2024-01-23T00:00:00Z,7476.0,7525.0,7466.0,7487.0,6742,0,1
2024-01-24T00:00:00Z,7487.0,7551.0,7462.0,7503.0,7125,0,1
2024-01-25T00:00:00Z,7503.0,7536.0,7486.0,7530.0,7282,0,1
2024-01-26T00:00:00Z,7527.0,7565.0,7508.0,7554.0,4704,0,1
2024-01-28T00:00:00Z,7542.0,7546.0,7516.0,7527.0,744,0,1
2024-01-29T00:00:00Z,7527.0,7589.0,7517.0,7585.0,5192,0,1
2024-01-30T00:00:00Z,7586.0,7596.0,7534.0,7537.0,5740,0,1
2024-01-31T00:00:00Z,7537.0,7649.0,7537.0,7563.0,8835,0,1
2024-02-01T00:00:00Z,7564.0,7616.0,7522.0,7607.0,8111,0,1
2024-02-02T00:00:00Z,7608.0,7664.0,7581.0,7606.0,8076,0,1
2024-02-04T00:00:00Z,7618.0,7618.0,7565.0,7567.0,947,0,1
2024-02-05T00:00:00Z,7568.0,7594.0,7487.0,7500.0,7440,0,1
2024-02-06T00:00:00Z,7499.0,7595.0,7499.0,7588.0,7035,0,1
2024-02-07T00:00:00Z,7588.0,7608.0,7543.0,7575.0,6455,0,1
2024-02-08T00:00:00Z,7576.0,7613.0,7572.0,7594.0,5503,0,1
2024-02-09T00:00:00Z,7594.0,7606.0,7550.0,7588.0,4628,0,1
2024-02-11T00:00:00Z,7587.0,7591.0,7553.0,7566.0,599,0,1
2024-02-12T00:00:00Z,7566.0,7604.0,7554.0,7568.0,4958,0,1
2024-02-13T00:00:00Z,7569.0,7571.0,7425.0,7448.0,8296,0,1
2024-02-14T00:00:00Z,7449.0,7565.0,7440.0,7559.0,6968,0,1
2024-02-15T00:00:00Z,7560.0,7643.0,7535.0,7613.0,6432,0,1
2024-02-16T00:00:00Z,7613.0,7631.0,7580.0,7611.0,5976,0,1
2024-02-18T00:00:00Z,7599.0,7620.0,7596.0,7617.0,602,0,1
2024-02-19T00:00:00Z,7617.0,7628.0,7579.0,7604.0,3605,0,1
2024-02-20T00:00:00Z,7605.0,7618.0,7560.0,7585.0,6482,0,1
2024-02-21T00:00:00Z,7585.0,7592.0,7527.0,7556.0,7148,0,1
2024-02-22T00:00:00Z,7556.0,7623.0,7540.0,7607.0,6673,0,1
2024-02-23T00:00:00Z,7607.0,7620.0,7571.0,7611.0,4793,0,1
2024-02-25T00:00:00Z,7607.0,7646.0,7607.0,7631.0,703,0,1
2024-02-26T00:00:00Z,7632.0,7640.0,7575.0,7575.0,4738,0,1
2024-02-27T00:00:00Z,7575.0,7656.0,7568.0,7618.0,5475,0,1
2024-02-28T00:00:00Z,7619.0,7636.0,7589.0,7605.0,6007,0,1
2024-02-29T00:00:00Z,7605.0,7711.0,7604.0,7676.0,7709,0,1
2024-03-01T00:00:00Z,7676.0,7728.0,7667.0,7726.0,6278,0,1
2024-03-03T00:00:00Z,7719.0,7730.0,7713.0,7724.0,576,0,1
2024-03-04T00:00:00Z,7724.0,7741.0,7682.0,7689.0,5475,0,1
2024-03-05T00:00:00Z,7689.0,7732.0,7673.0,7692.0,6642,0,1
2024-03-06T00:00:00Z,7692.0,7773.0,7672.0,7755.0,7594,0,1
2024-03-07T00:00:00Z,7756.0,7826.0,7738.0,7816.0,7807,0,1
2024-03-08T00:00:00Z,7816.0,7866.0,7803.0,7824.0,7923,0,1
2024-03-10T00:00:00Z,7863.0,7863.0,7788.0,7816.0,992,0,1
2024-03-11T00:00:00Z,7815.0,7818.0,7700.0,7786.0,6294,0,1
2024-03-12T00:00:00Z,7785.0,7799.0,7727.0,7782.0,6484,0,1
2024-03-13T00:00:00Z,7783.0,7815.0,7757.0,7782.0,4759,0,1
2024-03-14T00:00:00Z,7781.0,7792.0,7663.0,7672.0,5941,0,1
2024-03-15T00:00:00Z,7671.0,7743.0,7644.0,7707.0,5127,0,1
2024-03-17T00:00:00Z,7715.0,7718.0,7695.0,7708.0,630,0,1
2024-03-18T00:00:00Z,7707.0,7750.0,7700.0,7727.0,4458,0,1
2024-03-19T00:00:00Z,7727.0,7795.0,7721.0,7774.0,7079,0,1
2024-03-20T00:00:00Z,7774.0,7834.0,7745.0,7815.0,6747,0,1
2024-03-21T00:00:00Z,7815.0,7845.0,7774.0,7817.0,7045,0,1
2024-03-22T00:00:00Z,7817.0,7855.0,7790.0,7836.0,5319,0,1
2024-03-24T00:00:00Z,7827.0,7887.0,7826.0,7885.0,1005,0,1
2024-03-25T00:00:00Z,7885.0,7901.0,7828.0,7844.0,6147,0,1
2024-03-26T00:00:00Z,7844.0,7868.0,7810.0,7836.0,5652,0,1
2024-03-27T00:00:00Z,7837.0,7942.0,7830.0,7931.0,5843,0,1
2024-03-28T00:00:00Z,7932.0,7971.0,7923.0,7951.0,3607,0,1
2024-03-29T00:00:00Z,7951.0,7951.0,7951.0,7951.0,2,0,2
2024-04-01T00:00:00Z,7932.0,7955.0,7898.0,7954.0,1303,0,1
2024-04-02T00:00:00Z,7954.0,7965.0,7879.0,7883.0,7679,0,1
2024-04-03T00:00:00Z,7882.0,7883.0,7812.0,7869.0,8432,0,1
2024-04-04T00:00:00Z,7870.0,7899.0,7787.0,7814.0,7632,0,1
2024-04-05T00:00:00Z,7814.0,7870.0,7780.0,7850.0,9047,0,1
2024-04-07T00:00:00Z,7851.0,7851.0,7839.0,7842.0,198,0,1
2024-04-08T00:00:00Z,7842.0,7872.0,7812.0,7866.0,7364,0,1
2024-04-09T00:00:00Z,7866.0,7897.0,7832.0,7888.0,8081,0,1
2024-04-10T00:00:00Z,7888.0,7916.0,7797.0,7803.0,12331,0,1
2024-04-11T00:00:00Z,7803.0,7855.0,7770.0,7816.0,11956,0,1
2024-04-12T00:00:00Z,7816.0,7860.0,7758.0,7771.0,11358,0,1
2024-04-14T00:00:00Z,7781.0,7786.0,7761.0,7775.0,239,0,1
2024-04-15T00:00:00Z,7775.0,7820.0,7707.0,7712.0,12494,0,1
2024-04-16T00:00:00Z,7712.0,7722.0,7581.0,7640.0,16453,0,1
2024-04-17T00:00:00Z,7640.0,7700.0,7622.0,7665.0,13098,0,1
2024-04-18T00:00:00Z,7665.0,7685.0,7597.0,7610.0,12451,0,1
2024-04-19T00:00:00Z,7610.0,7657.0,7513.0,7628.0,19310,0,1
2024-04-21T00:00:00Z,7634.0,7657.0,7627.0,7655.0,199,0,1
2024-04-22T00:00:00Z,7655.0,7715.0,7649.0,7701.0,10416,0,1
2024-04-23T00:00:00Z,7701.0,7744.0,7684.0,7739.0,8777,0,1
2024-04-24T00:00:00Z,7739.0,7747.0,7629.0,7642.0,9076,0,1
2024-04-25T00:00:00Z,7631.0,7632.0,7529.0,7599.0,7113,0,1
2024-04-26T00:00:00Z,7599.0,7626.0,7577.0,7617.0,9120,0,1
2024-04-28T00:00:00Z,7627.0,7652.0,7625.0,7650.0,164,0,1
2024-04-29T00:00:00Z,7651.0,7672.0,7626.0,7660.0,7918,0,1
2024-04-30T00:00:00Z,7660.0,7696.0,7578.0,7595.0,9604,0,1
2024-05-01T00:00:00Z,7595.0,7630.0,7538.0,7589.0,11887,0,1
2024-05-02T00:00:00Z,7589.0,7642.0,7569.0,7632.0,10652,0,1
2024-05-03T00:00:00Z,7632.0,7681.0,7620.0,7667.0,10112,0,1
2024-05-05T00:00:00Z,7674.0,7682.0,7669.0,7678.0,105,0,1
2024-05-06T00:00:00Z,7678.0,7750.0,7656.0,7744.0,5463,0,1
2024-05-07T00:00:00Z,7744.0,7834.0,7724.0,7832.0,7202,0,1
2024-05-08T00:00:00Z,7832.0,7838.0,7789.0,7810.0,6722,0,1
2024-05-09T00:00:00Z,7810.0,7812.0,7727.0,7769.0,6874,0,1
2024-05-10T00:00:00Z,7769.0,7808.0,7761.0,7767.0,5994,0,1
2024-05-12T00:00:00Z,7769.0,7769.0,7760.0,7764.0,73,0,1
2024-05-13T00:00:00Z,7764.0,7803.0,7760.0,7776.0,5373,0,1
2024-05-14T00:00:00Z,7775.0,7812.0,7751.0,7808.0,6909,0,1
2024-05-15T00:00:00Z,7808.0,7865.0,7780.0,7864.0,7164,0,1
2024-05-16T00:00:00Z,7864.0,7936.0,7862.0,7880.0,7332,0,1
2024-05-17T00:00:00Z,7880.0,7887.0,7837.0,7875.0,6251,0,1
2024-05-19T00:00:00Z,7882.0,7894.0,7882.0,7883.0,149,0,1
2024-05-20T00:00:00Z,7883.0,7906.0,7869.0,7885.0,5561,0,1
2024-05-21T00:00:00Z,7885.0,7909.0,7856.0,7900.0,5879,0,1
2024-05-22T00:00:00Z,7900.0,7911.0,7784.0,7806.0,7484,0,1
2024-05-23T00:00:00Z,7806.0,7855.0,7739.0,7750.0,9234,0,1
2024-05-24T00:00:00Z,7750.0,7799.0,7739.0,7794.0,6764,0,1
2024-05-26T00:00:00Z,7786.0,7799.0,7783.0,7794.0,126,0,1
2024-05-27T00:00:00Z,7794.0,7836.0,7791.0,7823.0,3660,0,1
2024-05-28T00:00:00Z,7823.0,7834.0,7720.0,7730.0,7719,0,1
2024-05-29T00:00:00Z,7730.0,7737.0,7613.0,7625.0,8736,0,1
2024-05-30T00:00:00Z,7625.0,7720.0,7617.0,7697.0,7604,0,1
2024-05-31T00:00:00Z,7697.0,7768.0,7676.0,7766.0,9268,0,1
2024-06-02T00:00:00Z,7741.0,7790.0,7741.0,7784.0,195,0,1
2024-06-03T00:00:00Z,7784.0,7800.0,7735.0,7765.0,9914,0,1
2024-06-04T00:00:00Z,7765.0,7789.0,7711.0,7762.0,8652,0,1
2024-06-05T00:00:00Z,7762.0,7838.0,7759.0,7833.0,7786,0,1
2024-06-06T00:00:00Z,7833.0,7869.0,7819.0,7858.0,7053,0,1
2024-06-07T00:00:00Z,7859.0,7886.0,7821.0,7834.0,9257,0,1
2024-06-10T00:00:00Z,7837.0,7837.0,7780.0,7803.0,4922,0,1
2024-06-11T00:00:00Z,7803.0,7804.0,7683.0,7734.0,8865,0,1
2024-06-12T00:00:00Z,7734.0,7800.0,7711.0,7790.0,8049,0,1
2024-06-13T00:00:00Z,7790.0,7795.0,7708.0,7752.0,6843,0,1
2024-06-14T00:00:00Z,7752.0,7758.0,7673.0,7714.0,8339,0,1
2024-06-16T00:00:00Z,7700.0,7709.0,7689.0,7709.0,74,0,1
2024-06-17T00:00:00Z,7709.0,7738.0,7670.0,7733.0,4612,0,1
2024-06-18T00:00:00Z,7733.0,7779.0,7733.0,7769.0,5562,0,1
2024-06-19T00:00:00Z,7769.0,7780.0,7734.0,7755.0,3596,0,1
2024-06-20T00:00:00Z,7755.0,7784.0,7740.0,7782.0,7746,0,1
2024-06-21T00:00:00Z,7782.0,7795.0,7742.0,7765.0,8356,0,1
2024-06-23T00:00:00Z,7770.0,7775.0,7766.0,7773.0,109,0,1
2024-06-24T00:00:00Z,7773.0,7800.0,7716.0,7776.0,7998,0,1
2024-06-25T00:00:00Z,7776.0,7833.0,7763.0,7783.0,7296,0,1
2024-06-26T00:00:00Z,7783.0,7786.0,7669.0,7675.0,7622,0,1
2024-06-27T00:00:00Z,7675.0,7783.0,7641.0,7782.0,7584,0,1
2024-06-28T00:00:00Z,7782.0,7812.0,7709.0,7739.0,8747,0,1
2024-06-30T00:00:00Z,7734.0,7734.0,7707.0,7708.0,203,0,1
2024-07-01T00:00:00Z,7708.0,7768.0,7698.0,7731.0,7725,0,1
2024-07-02T00:00:00Z,7731.0,7740.0,7659.0,7720.0,7575,0,1
2024-07-03T00:00:00Z,7720.0,7812.0,7710.0,7806.0,5959,0,1
2024-07-04T00:00:00Z,7806.0,7831.0,7798.0,7801.0,3680,0,1
2024-07-05T00:00:00Z,7801.0,7821.0,7769.0,7798.0,6685,0,1
2024-07-07T00:00:00Z,7793.0,7796.0,7787.0,7793.0,104,0,1
2024-07-08T00:00:00Z,7794.0,7806.0,7743.0,7790.0,5634,0,1
2024-07-09T00:00:00Z,7790.0,7818.0,7751.0,7769.0,5924,0,1
2024-07-10T00:00:00Z,7769.0,7887.0,7761.0,7885.0,5697,0,1
2024-07-11T00:00:00Z,7885.0,7917.0,7858.0,7909.0,8499,0,1
2024-07-12T00:00:00Z,7909.0,8023.0,7909.0,7984.0,7866,0,1
2024-07-14T00:00:00Z,7997.0,8005.0,7987.0,8004.0,125,0,1
2024-07-15T00:00:00Z,8004.0,8033.0,7981.0,8006.0,7101,0,1
2024-07-16T00:00:00Z,8006.0,8049.0,7963.0,8033.0,6855,0,1
2024-07-17T00:00:00Z,8033.0,8068.0,7978.0,8025.0,8732,0,1
2024-07-18T00:00:00Z,8025.0,8051.0,7902.0,7917.0,10126,0,1
2024-07-19T00:00:00Z,7917.0,7947.0,7862.0,7874.0,10555,0,1
2024-07-21T00:00:00Z,7891.0,7900.0,7885.0,7888.0,128,0,1
2024-07-22T00:00:00Z,7888.0,7958.0,7870.0,7944.0,8258,0,1
2024-07-23T00:00:00Z,7944.0,7979.0,7915.0,7915.0,7499,0,1
2024-07-24T00:00:00Z,7915.0,7943.0,7841.0,7854.0,8633,0,1
2024-07-25T00:00:00Z,7854.0,7918.0,7794.0,7880.0,14248,0,1
2024-07-26T00:00:00Z,7880.0,7943.0,7870.0,7936.0,10402,0,1
2024-07-28T00:00:00Z,7949.0,7965.0,7944.0,7944.0,166,0,1
2024-07-29T00:00:00Z,7944.0,7964.0,7871.0,7875.0,9240,0,1
2024-07-30T00:00:00Z,7875.0,7962.0,7859.0,7948.0,10636,0,1
2024-07-31T00:00:00Z,7948.0,8120.0,7944.0,8108.0,12032,0,1
2024-08-01T00:00:00Z,8108.0,8114.0,7887.0,7909.0,13776,0,1
2024-08-02T00:00:00Z,7909.0,7923.0,7697.0,7769.0,18091,0,1
2024-08-04T00:00:00Z,7691.0,7737.0,7691.0,7737.0,307,0,1
2024-08-05T00:00:00Z,7738.0,7738.0,7470.0,7582.0,27264,0,1
2024-08-06T00:00:00Z,7582.0,7665.0,7550.0,7590.0,21397,0,1
2024-08-07T00:00:00Z,7590.0,7720.0,7573.0,7602.0,18985,0,1
2024-08-08T00:00:00Z,7601.0,7726.0,7585.0,7719.0,15227,0,1
2024-08-09T00:00:00Z,7719.0,7791.0,7667.0,7779.0,12084,0,1
2024-08-11T00:00:00Z,7786.0,7795.0,7782.0,7787.0,154,0,1
2024-08-12T00:00:00Z,7786.0,7788.0,7725.0,7762.0,9070,0,1
2024-08-13T00:00:00Z,7762.0,7843.0,7737.0,7830.0,8364,0,1
2024-08-14T00:00:00Z,7830.0,7861.0,7791.0,7826.0,9469,0,1
2024-08-15T00:00:00Z,7826.0,7906.0,7799.0,7905.0,8787,0,1
2024-08-16T00:00:00Z,7905.0,7929.0,7876.0,7900.0,7251,0,1
2024-08-18T00:00:00Z,7913.0,7915.0,7899.0,7902.0,148,0,1
2024-08-19T00:00:00Z,7902.0,7982.0,7900.0,7971.0,7144,0,1
2024-08-20T00:00:00Z,7971.0,7976.0,7893.0,7918.0,7161,0,1
2024-08-21T00:00:00Z,7918.0,8014.0,7911.0,7989.0,8852,0,1
2024-08-22T00:00:00Z,7989.0,8007.0,7940.0,7956.0,8716,0,1
2024-08-23T00:00:00Z,7956.0,8042.0,7948.0,8025.0,8857,0,1
2024-08-25T00:00:00Z,8010.0,8023.0,8009.0,8019.0,113,0,1
2024-08-26T00:00:00Z,8019.0,8070.0,8011.0,8050.0,7118,0,1
2024-08-27T00:00:00Z,8050.0,8068.0,7978.0,7997.0,6716,0,1
2024-08-28T00:00:00Z,7997.0,8035.0,7968.0,7984.0,8836,0,1
2024-08-29T00:00:00Z,7984.0,8069.0,7977.0,8046.0,10499,0,1
2024-08-30T00:00:00Z,8046.0,8059.0,7990.0,8032.0,7892,0,1
2024-09-01T00:00:00Z,8038.0,8038.0,8017.0,8018.0,146,0,1
2024-09-02T00:00:00Z,8018.0,8078.0,8004.0,8053.0,5251,0,1
2024-09-03T00:00:00Z,8053.0,8077.0,7947.0,7964.0,9276,0,1
2024-09-04T00:00:00Z,7964.0,7979.0,7901.0,7936.0,12970,0,1
2024-09-05T00:00:00Z,7936.0,7995.0,7923.0,7959.0,10850,0,1
2024-09-06T00:00:00Z,7959.0,8009.0,7866.0,7871.0,13513,0,1
2024-09-08T00:00:00Z,7873.0,7886.0,7872.0,7883.0,220,0,1
2024-09-09T00:00:00Z,7883.0,8045.0,7878.0,8027.0,11376,0,1
2024-09-10T00:00:00Z,8027.0,8037.0,7953.0,8000.0,10374,0,1
2024-09-11T00:00:00Z,8000.0,8042.0,7922.0,8028.0,13024,0,1
2024-09-12T00:00:00Z,8028.0,8136.0,8024.0,8123.0,11502,0,1
2024-09-13T00:00:00Z,8123.0,8150.0,8091.0,8116.0,8738,0,1
2024-09-15T00:00:00Z,8177.0,8194.0,8175.0,8191.0,147,0,1
2024-09-16T00:00:00Z,8191.0,8230.0,8167.0,8207.0,6412,0,1
2024-09-17T00:00:00Z,8207.0,8238.0,8160.0,8175.0,7672,0,1
2024-09-18T00:00:00Z,8175.0,8222.0,8139.0,8212.0,11115,0,1
2024-09-19T00:00:00Z,8213.0,8309.0,8182.0,8279.0,12655,0,1
2024-09-20T00:00:00Z,8279.0,8298.0,8184.0,8186.0,10337,0,1
2024-09-22T00:00:00Z,8206.0,8208.0,8185.0,8193.0,189,0,1
2024-09-23T00:00:00Z,8193.0,8227.0,8171.0,8208.0,9191,0,1
2024-09-24T00:00:00Z,8208.0,8242.0,8160.0,8228.0,9662,0,1
2024-09-25T00:00:00Z,8228.0,8239.0,8161.0,8215.0,9070,0,1
2024-09-26T00:00:00Z,8215.0,8288.0,8215.0,8269.0,9444,0,1
2024-09-27T00:00:00Z,8269.0,8292.0,8242.0,8272.0,9233,0,1
2024-09-29T00:00:00Z,8291.0,8302.0,8286.0,8298.0,167,0,1
2024-09-30T00:00:00Z,8298.0,8333.0,8234.0,8286.0,10535,0,1
2024-10-01T00:00:00Z,8286.0,8293.0,8214.0,8223.0,12449,0,1
2024-10-02T00:00:00Z,8223.0,8274.0,8217.0,8263.0,11923,0,1
2024-10-03T00:00:00Z,8263.0,8264.0,8185.0,8196.0,10480,0,1
2024-10-04T00:00:00Z,8196.0,8231.0,8149.0,8219.0,11441,0,1
2024-10-06T00:00:00Z,8219.0,8222.0,8181.0,8195.0,1051,0,1
2024-10-07T00:00:00Z,8195.0,8262.0,8188.0,8250.0,10717,0,1
2024-10-08T00:00:00Z,8250.0,8265.0,8191.0,8250.0,11486,0,1
2024-10-09T00:00:00Z,8249.0,8279.0,8198.0,8261.0,9109,0,1
2024-10-10T00:00:00Z,8261.0,8283.0,8202.0,8241.0,9916,0,1
2024-10-11T00:00:00Z,8240.0,8302.0,8221.0,8288.0,7442,0,1
2024-10-13T00:00:00Z,8282.0,8299.0,8263.0,8266.0,715,0,1
2024-10-14T00:00:00Z,8266.0,8345.0,8263.0,8339.0,7481,0,1
2024-10-15T00:00:00Z,8339.0,8369.0,8301.0,8321.0,9538,0,1
2024-10-16T00:00:00Z,8321.0,8410.0,8312.0,8396.0,9378,0,1
2024-10-17T00:00:00Z,8396.0,8422.0,8342.0,8347.0,9158,0,1
2024-10-18T00:00:00Z,8347.0,8370.0,8292.0,8363.0,7315,0,1
2024-10-20T00:00:00Z,8362.0,8385.0,8359.0,8372.0,1106,0,1
2024-10-21T00:00:00Z,8372.0,8392.0,8283.0,8284.0,8819,0,1
2024-10-22T00:00:00Z,8284.0,8284.0,8199.0,8258.0,10187,0,1
2024-10-23T00:00:00Z,8258.0,8263.0,8201.0,8226.0,8853,0,1
2024-10-24T00:00:00Z,8226.0,8276.0,8213.0,8265.0,8992,0,1
2024-10-25T00:00:00Z,8265.0,8275.0,8222.0,8236.0,6964,0,1
2024-10-27T00:00:00Z,8267.0,8267.0,8224.0,8228.0,928,0,1
2024-10-28T00:00:00Z,8228.0,8294.0,8214.0,8279.0,8969,0,1
2024-10-29T00:00:00Z,8279.0,8303.0,8237.0,8245.0,9166,0,1
2024-10-30T00:00:00Z,8245.0,8262.0,8157.0,8184.0,10947,0,1
2024-10-31T00:00:00Z,8184.0,8188.0,8084.0,8089.0,11431,0,1
2024-11-01T00:00:00Z,8089.0,8235.0,8075.0,8173.0,9997,0,1
2024-11-03T00:00:00Z,8154.0,8182.0,8145.0,8153.0,1008,0,1
2024-11-04T00:00:00Z,8153.0,8207.0,8135.0,8138.0,8653,0,1
2024-11-05T00:00:00Z,8138.0,8224.0,8126.0,8206.0,8577,0,1
2024-11-06T00:00:00Z,8206.0,8315.0,8146.0,8196.0,17974,0,1
2024-11-07T00:00:00Z,8196.0,8338.0,8166.0,8333.0,12041,0,1
2024-11-08T00:00:00Z,8333.0,8342.0,8263.0,8285.0,9296,0,1
2024-11-10T00:00:00Z,8285.0,8301.0,8267.0,8293.0,734,0,1
2024-11-11T00:00:00Z,8293.0,8328.0,8263.0,8277.0,7697,0,1
2024-11-12T00:00:00Z,8277.0,8290.0,8176.0,8194.0,11214,0,1
2024-11-13T00:00:00Z,8195.0,8266.0,8170.0,8258.0,11595,0,1
2024-11-14T00:00:00Z,8258.0,8339.0,8234.0,8291.0,11282,0,1
2024-11-15T00:00:00Z,8290.0,8333.0,8268.0,8275.0,11436,0,1
2024-11-17T00:00:00Z,8286.0,8293.0,8265.0,8292.0,623,0,1
2024-11-18T00:00:00Z,8293.0,8375.0,8287.0,8375.0,9456,0,1
2024-11-19T00:00:00Z,8375.0,8480.0,8312.0,8378.0,13532,0,1
2024-11-20T00:00:00Z,8378.0,8390.0,8322.0,8376.0,10656,0,1
2024-11-21T00:00:00Z,8376.0,8436.0,8306.0,8408.0,13999,0,1
2024-11-22T00:00:00Z,8408.0,8468.0,8396.0,8461.0,11578,0,1
2024-11-24T00:00:00Z,8472.0,8504.0,8461.0,8468.0,960,0,1
2024-11-25T00:00:00Z,8468.0,8496.0,8420.0,8423.0,10506,0,1
2024-11-26T00:00:00Z,8423.0,8454.0,8378.0,8424.0,11054,0,1
2024-11-27T00:00:00Z,8424.0,8477.0,8414.0,8473.0,10391,0,1
2024-11-28T00:00:00Z,8473.0,8501.0,8426.0,8427.0,5246,0,1
2024-11-29T00:00:00Z,8426.0,8495.0,8408.0,8486.0,7111,0,1
2024-12-01T00:00:00Z,8483.0,8489.0,8461.0,8481.0,745,0,1
2024-12-02T00:00:00Z,8482.0,8545.0,8450.0,8530.0,9821,0,1
2024-12-03T00:00:00Z,8530.0,8538.0,8468.0,8475.0,9086,0,1
2024-12-04T00:00:00Z,8475.0,8522.0,8445.0,8495.0,8586,0,1
2024-12-05T00:00:00Z,8495.0,8514.0,8449.0,8463.0,7861,0,1
2024-12-06T00:00:00Z,8463.0,8472.0,8352.0,8417.0,8129,0,1
2024-12-08T00:00:00Z,8423.0,8423.0,8390.0,8392.0,869,0,1
2024-12-09T00:00:00Z,8392.0,8485.0,8385.0,8423.0,9408,0,1
2024-12-10T00:00:00Z,8423.0,8428.0,8375.0,8385.0,8469,0,1
2024-12-11T00:00:00Z,8384.0,8422.0,8356.0,8395.0,7653,0,1
2024-12-12T00:00:00Z,8395.0,8397.0,8256.0,8291.0,8198,0,1
2024-12-13T00:00:00Z,8291.0,8325.0,8256.0,8265.0,6375,0,1
2024-12-15T00:00:00Z,8268.0,8301.0,8265.0,8288.0,547,0,1
2024-12-16T00:00:00Z,8288.0,8303.0,8230.0,8296.0,4909,0,1
2024-12-17T00:00:00Z,8296.0,8346.0,8296.0,8340.0,5531,0,1
2024-12-18T00:00:00Z,8340.0,8362.0,8128.0,8130.0,8335,0,1
2024-12-19T00:00:00Z,8130.0,8179.0,8091.0,8092.0,12498,0,1
2024-12-20T00:00:00Z,8092.0,8144.0,7994.0,8133.0,13169,0,1
2024-12-22T00:00:00Z,8066.0,8129.0,8065.0,8119.0,998,0,1
2024-12-23T00:00:00Z,8119.0,8215.0,8101.0,8198.0,11770,0,1
2024-12-24T00:00:00Z,8198.0,8229.0,8191.0,8217.0,1417,0,1
2024-12-25T00:00:00Z,8217.0,8217.0,8217.0,8217.0,1,0,1
2024-12-26T00:00:00Z,8217.0,8279.0,8203.0,8277.0,898,0,1
2024-12-27T00:00:00Z,8277.0,8281.0,8200.0,8232.0,9074,0,1
2024-12-29T00:00:00Z,8230.0,8250.0,8213.0,8227.0,838,0,1
2024-12-30T00:00:00Z,8227.0,8238.0,8144.0,8187.0,10907,0,1
2024-12-31T00:00:00Z,8187.0,8192.0,8145.0,8146.0,1394,0,1
2025-01-01T00:00:00Z,8142.0,8174.0,8135.0,8160.0,1004,0,1
2025-01-02T00:00:00Z,8160.0,8235.0,8135.0,8198.0,14675,0,1
2025-01-03T00:00:00Z,8198.0,8271.0,8190.0,8265.0,9075,0,1
2025-01-05T00:00:00Z,8260.0,8284.0,8252.0,8275.0,891,0,1
2025-01-06T00:00:00Z,8275.0,8316.0,8233.0,8283.0,11395,0,1
2025-01-07T00:00:00Z,8283.0,8330.0,8236.0,8272.0,10845,0,1
2025-01-08T00:00:00Z,8273.0,8361.0,8258.0,8279.0,14350,0,1
2025-01-09T00:00:00Z,8279.0,8353.0,8272.0,8309.0,7758,0,1
2025-01-10T00:00:00Z,8309.0,8309.0,8204.0,8236.0,14375,0,1
2025-01-12T00:00:00Z,8209.0,8209.0,8171.0,8204.0,1479,0,1
2025-01-13T00:00:00Z,8204.0,8234.0,8137.0,8217.0,12690,0,1
2025-01-14T00:00:00Z,8217.0,8238.0,8168.0,8231.0,10889,0,1
2025-01-15T00:00:00Z,8231.0,8335.0,8191.0,8321.0,9480,0,1
2025-01-16T00:00:00Z,8321.0,8330.0,8280.0,8303.0,10267,0,1
2025-01-17T00:00:00Z,8303.0,8340.0,8279.0,8325.0,7429,0,1
2025-01-19T00:00:00Z,8318.0,8322.0,8301.0,8318.0,703,0,1
2025-01-20T00:00:00Z,8318.0,8409.0,8302.0,8407.0,7451,0,1
2025-01-21T00:00:00Z,8407.0,8434.0,8329.0,8423.0,11440,0,1
2025-01-22T00:00:00Z,8423.0,8438.0,8359.0,8361.0,7131,0,1
2025-01-23T00:00:00Z,8361.0,8392.0,8337.0,8380.0,7396,0,1
2025-01-24T00:00:00Z,8380.0,8407.0,8369.0,8384.0,6661,0,1
2025-01-27T00:00:00Z,8302.0,8391.0,8271.0,8391.0,9664,0,1
2025-01-28T00:00:00Z,8391.0,8415.0,8359.0,8406.0,10205,0,1
2025-01-29T00:00:00Z,8406.0,8458.0,8387.0,8439.0,9742,0,1
2025-01-30T00:00:00Z,8439.0,8529.0,8438.0,8525.0,8652,0,1
2025-01-31T00:00:00Z,8525.0,8537.0,8414.0,8433.0,9340,0,1
2025-02-02T00:00:00Z,8408.0,8408.0,8306.0,8334.0,2574,0,1
2025-02-03T00:00:00Z,8334.0,8432.0,8312.0,8401.0,18801,0,1
2025-02-04T00:00:00Z,8401.0,8415.0,8319.0,8387.0,11346,0,1
2025-02-05T00:00:00Z,8387.0,8457.0,8368.0,8454.0,8893,0,1
2025-02-06T00:00:00Z,8454.0,8493.0,8441.0,8468.0,7624,0,1
2025-02-07T00:00:00Z,8468.0,8493.0,8403.0,8411.0,10611,0,1
2025-02-09T00:00:00Z,8398.0,8439.0,8387.0,8435.0,1177,0,1
2025-02-10T00:00:00Z,8435.0,8474.0,8426.0,8462.0,7102,0,1
2025-02-11T00:00:00Z,8462.0,8468.0,8393.0,8430.0,8311,0,1
2025-02-12T00:00:00Z,8430.0,8526.0,8428.0,8503.0,10444,0,1
2025-02-13T00:00:00Z,8503.0,8579.0,8475.0,8568.0,11661,0,1
2025-02-14T00:00:00Z,8568.0,8569.0,8459.0,8466.0,8121,0,1
2025-02-16T00:00:00Z,8466.0,8476.0,8437.0,8451.0,1048,0,1
2025-02-17T00:00:00Z,8451.0,8514.0,8432.0,8467.0,5900,0,1
2025-02-18T00:00:00Z,8467.0,8470.0,8350.0,8374.0,9593,0,1
2025-02-19T00:00:00Z,8374.0,8425.0,8281.0,8305.0,9892,0,1
2025-02-20T00:00:00Z,8305.0,8329.0,8251.0,8292.0,9927,0,1
2025-02-21T00:00:00Z,8292.0,8306.0,8192.0,8203.0,9289,0,1
2025-02-23T00:00:00Z,8199.0,8208.0,8169.0,8205.0,1085,0,1
2025-02-24T00:00:00Z,8205.0,8289.0,8196.0,8207.0,12418,0,1
2025-02-25T00:00:00Z,8207.0,8238.0,8159.0,8196.0,12722,0,1
2025-02-26T00:00:00Z,8196.0,8271.0,8188.0,8264.0,11083,0,1
2025-02-27T00:00:00Z,8264.0,8277.0,8145.0,8170.0,13773,0,1
2025-02-28T00:00:00Z,8170.0,8196.0,8101.0,8139.0,15027,0,1
2025-03-02T00:00:00Z,8166.0,8209.0,8163.0,8179.0,1110,0,1
2025-03-03T00:00:00Z,8179.0,8252.0,8121.0,8130.0,16577,0,1
2025-03-04T00:00:00Z,8130.0,8177.0,8033.0,8125.0,20893,0,1
2025-03-05T00:00:00Z,8125.0,8137.0,8062.0,8104.0,19538,0,1
2025-03-06T00:00:00Z,8104.0,8117.0,7999.0,7999.0,16604,0,1
2025-03-07T00:00:00Z,7999.0,8012.0,7925.0,7997.0,17694,0,1
2025-03-09T00:00:00Z,7950.0,7986.0,7948.0,7975.0,1283,0,1
2025-03-10T00:00:00Z,7975.0,7987.0,7836.0,7865.0,19560,0,1
2025-03-11T00:00:00Z,7865.0,7917.0,7766.0,7793.0,25300,0,1
2025-03-12T00:00:00Z,7793.0,7849.0,7735.0,7811.0,19477,0,1
2025-03-13T00:00:00Z,7811.0,7824.0,7728.0,7772.0,14076,0,1
2025-03-14T00:00:00Z,7772.0,7867.0,7764.0,7866.0,11736,0,1
2025-03-16T00:00:00Z,7892.0,7906.0,7870.0,7894.0,822,0,1
2025-03-17T00:00:00Z,7894.0,7974.0,7881.0,7967.0,8273,0,1
2025-03-18T00:00:00Z,7967.0,7968.0,7852.0,7874.0,10688,0,1
2025-03-19T00:00:00Z,7874.0,7967.0,7861.0,7947.0,10193,0,1
2025-03-20T00:00:00Z,7947.0,8011.0,7921.0,7986.0,12114,0,1
2025-03-21T00:00:00Z,7986.0,8013.0,7909.0,7949.0,11906,0,1
2025-03-23T00:00:00Z,7971.0,7974.0,7949.0,7972.0,875,0,1
2025-03-24T00:00:00Z,7972.0,8039.0,7959.0,8038.0,9013,0,1
2025-03-25T00:00:00Z,8039.0,8054.0,7981.0,8039.0,8842,0,1
2025-03-26T00:00:00Z,8039.0,8069.0,7979.0,8001.0,10507,0,1
2025-03-27T00:00:00Z,8001.0,8026.0,7971.0,8005.0,11940,0,1
2025-03-28T00:00:00Z,8005.0,8043.0,7925.0,7929.0,11883,0,1
2025-03-30T00:00:00Z,7901.0,7924.0,7901.0,7917.0,1148,0,1
2025-03-31T00:00:00Z,7917.0,7962.0,7846.0,7943.0,15795,0,1
2025-04-01T00:00:00Z,7943.0,8020.0,7906.0,7998.0,15810,0,1
2025-04-02T00:00:00Z,7998.0,8022.0,7799.0,7827.0,15521,0,1
2025-04-03T00:00:00Z,7827.0,7909.0,7741.0,7774.0,26852,0,1
2025-04-04T00:00:00Z,7774.0,7794.0,7309.0,7387.0,37669,0,1
2025-04-06T00:00:00Z,7260.0,7260.0,7172.0,7231.0,565,0,1
2025-04-07T00:00:00Z,7236.0,7498.0,7194.0,7418.0,55919,0,1
2025-04-08T00:00:00Z,7417.0,7663.0,7338.0,7380.0,41465,0,1
2025-04-09T00:00:00Z,7380.0,7900.0,7348.0,7877.0,45482,0,1
2025-04-10T00:00:00Z,7878.0,7893.0,7495.0,7571.0,40049,0,1
2025-04-11T00:00:00Z,7571.0,7695.0,7545.0,7676.0,36842,0,1
2025-04-13T00:00:00Z,7701.0,7718.0,7693.0,7717.0,230,0,1
2025-04-14T00:00:00Z,7716.0,7826.0,7712.0,7783.0,20945,0,1
2025-04-15T00:00:00Z,7783.0,7822.0,7752.0,7772.0,16279,0,1
2025-04-16T00:00:00Z,7772.0,7846.0,7744.0,7776.0,17928,0,1
2025-04-17T00:00:00Z,7776.0,7841.0,7765.0,7803.0,9033,0,1
2025-04-18T00:00:00Z,7803.0,7803.0,7803.0,7803.0,5,0,11
2025-04-21T00:00:00Z,7803.0,7803.0,7726.0,7754.0,290,0,1
2025-04-22T00:00:00Z,7754.0,7988.0,7753.0,7974.0,15643,0,1
2025-04-23T00:00:00Z,7974.0,7986.0,7913.0,7955.0,18734,0,1
2025-04-24T00:00:00Z,7955.0,8092.0,7953.0,8076.0,13079,0,1
2025-04-25T00:00:00Z,8076.0,8099.0,8032.0,8074.0,9368,0,1
2025-04-27T00:00:00Z,8057.0,8060.0,8047.0,8059.0,138,0,1
2025-04-28T00:00:00Z,8059.0,8068.0,7979.0,8031.0,11039,0,1
2025-04-29T00:00:00Z,8030.0,8122.0,8021.0,8111.0,10648,0,1
2025-04-30T00:00:00Z,8111.0,8147.0,8050.0,8127.0,13890,0,1
2025-05-01T00:00:00Z,8128.0,8168.0,8116.0,8138.0,10947,0,1
2025-05-02T00:00:00Z,8138.0,8277.0,8128.0,8274.0,12352,0,1
2025-05-04T00:00:00Z,8252.0,8253.0,8242.0,8245.0,128,0,1
2025-05-05T00:00:00Z,8245.0,8248.0,8138.0,8154.0,8508,0,1
2025-05-06T00:00:00Z,8154.0,8184.0,8123.0,8175.0,9766,0,1
2025-05-07T00:00:00Z,8175.0,8207.0,8152.0,8184.0,11372,0,1
2025-05-08T00:00:00Z,8184.0,8253.0,8171.0,8201.0,10969,0,1
2025-05-09T00:00:00Z,8201.0,8283.0,8197.0,8268.0,8600,0,1
2025-05-11T00:00:00Z,8311.0,8328.0,8302.0,8302.0,129,0,1
2025-05-12T00:00:00Z,8302.0,8362.0,8251.0,8338.0,10789,0,1
2025-05-13T00:00:00Z,8338.0,8342.0,8275.0,8307.0,7801,0,1
2025-05-14T00:00:00Z,8307.0,8320.0,8252.0,8284.0,7377,0,1
2025-05-15T00:00:00Z,8284.0,8419.0,8278.0,8403.0,7987,0,1
2025-05-16T00:00:00Z,8403.0,8423.0,8346.0,8359.0,6382,0,1
2025-05-18T00:00:00Z,8349.0,8356.0,8340.0,8353.0,101,0,1
2025-05-19T00:00:00Z,8354.0,8394.0,8288.0,8383.0,7218,0,1
2025-05-20T00:00:00Z,8383.0,8432.0,8347.0,8432.0,7721,0,1
2025-05-21T00:00:00Z,8432.0,8450.0,8322.0,8329.0,10855,0,1
2025-05-22T00:00:00Z,8330.0,8404.0,8324.0,8384.0,10635,0,1
2025-05-23T00:00:00Z,8384.0,8410.0,8273.0,8345.0,14366,0,1
2025-05-25T00:00:00Z,8398.0,8399.0,8381.0,8386.0,148,0,1
2025-05-26T00:00:00Z,8386.0,8421.0,8367.0,8400.0,3822,0,1
2025-05-27T00:00:00Z,8400.0,8487.0,8379.0,8469.0,7054,0,1
2025-05-28T00:00:00Z,8469.0,8476.0,8403.0,8456.0,8430,0,1
2025-05-29T00:00:00Z,8456.0,8461.0,8363.0,8384.0,11821,0,1
2025-05-30T00:00:00Z,8384.0,8478.0,8384.0,8458.0,12313,0,1
2025-06-01T00:00:00Z,8445.0,8451.0,8435.0,8444.0,110,0,1
2025-06-02T00:00:00Z,8444.0,8510.0,8408.0,8482.0,10634,0,1
2025-06-03T00:00:00Z,8482.0,8514.0,8456.0,8512.0,8770,0,1
2025-06-04T00:00:00Z,8512.0,8575.0,8511.0,8566.0,8709,0,1
2025-06-05T00:00:00Z,8566.0,8587.0,8528.0,8559.0,10973,0,1
2025-06-06T00:00:00Z,8559.0,8577.0,8526.0,8557.0,8332,0,1
2025-06-09T00:00:00Z,8554.0,8583.0,8529.0,8553.0,4435,0,1
2025-06-10T00:00:00Z,8553.0,8640.0,8537.0,8632.0,8177,0,1
2025-06-11T00:00:00Z,8632.0,8650.0,8598.0,8623.0,10587,0,1
2025-06-12T00:00:00Z,8623.0,8628.0,8551.0,8597.0,8900,0,1
2025-06-13T00:00:00Z,8597.0,8598.0,8526.0,8543.0,17247,0,1
2025-06-15T00:00:00Z,8529.0,8553.0,8528.0,8552.0,184,0,1
2025-06-16T00:00:00Z,8550.0,8590.0,8520.0,8527.0,8540,0,1
2025-06-17T00:00:00Z,8527.0,8559.0,8491.0,8509.0,9688,0,1
2025-06-18T00:00:00Z,8509.0,8540.0,8484.0,8515.0,11107,0,1
2025-06-19T00:00:00Z,8515.0,8524.0,8471.0,8512.0,6352,0,1
2025-06-20T00:00:00Z,8512.0,8515.0,8447.0,8469.0,11471,0,1
2025-06-22T00:00:00Z,8451.0,8467.0,8451.0,8463.0,142,0,1
2025-06-23T00:00:00Z,8463.0,8544.0,8400.0,8530.0,12063,0,1
2025-06-24T00:00:00Z,8529.0,8558.0,8500.0,8542.0,7665,0,1
2025-06-25T00:00:00Z,8542.0,8557.0,8489.0,8519.0,6907,0,1
2025-06-26T00:00:00Z,8519.0,8592.0,8512.0,8582.0,5520,0,1
2025-06-27T00:00:00Z,8581.0,8596.0,8496.0,8522.0,7514,0,1
2025-06-29T00:00:00Z,8532.0,8536.0,8525.0,8525.0,151,0,1
2025-06-30T00:00:00Z,8525.0,8566.0,8515.0,8549.0,6113,0,1
2025-07-01T00:00:00Z,8549.0,8567.0,8528.0,8563.0,7087,0,1
2025-07-02T00:00:00Z,8563.0,8602.0,8527.0,8600.0,9071,0,1
2025-07-03T00:00:00Z,8600.0,8618.0,8527.0,8597.0,5954,0,1
2025-07-04T00:00:00Z,8597.0,8602.0,8562.0,8584.0,4693,0,1
2025-07-06T00:00:00Z,8595.0,8600.0,8590.0,8591.0,108,0,1
2025-07-07T00:00:00Z,8592.0,8602.0,8522.0,8545.0,8877,0,1
2025-07-08T00:00:00Z,8544.0,8594.0,8532.0,8557.0,9339,0,1
2025-07-09T00:00:00Z,8557.0,8580.0,8511.0,8565.0,6886,0,1
2025-07-10T00:00:00Z,8565.0,8616.0,8557.0,8602.0,5909,0,1
2025-07-11T00:00:00Z,8602.0,8605.0,8516.0,8547.0,8176,0,1
2025-07-13T00:00:00Z,8530.0,8543.0,8530.0,8543.0,114,0,1
2025-07-14T00:00:00Z,8543.0,8607.0,8533.0,8599.0,6215,0,1
2025-07-15T00:00:00Z,8599.0,8619.0,8539.0,8544.0,9139,0,1
2025-07-16T00:00:00Z,8544.0,8592.0,8515.0,8577.0,10324,0,1
2025-07-17T00:00:00Z,8577.0,8664.0,8566.0,8654.0,7275,0,1
2025-07-18T00:00:00Z,8654.0,8751.0,8650.0,8686.0,8137,0,1
2025-07-20T00:00:00Z,8690.0,8701.0,8683.0,8697.0,97,0,1
2025-07-21T00:00:00Z,8697.0,8697.0,8615.0,8661.0,6774,0,1
2025-07-22T00:00:00Z,8661.0,8696.0,8619.0,8685.0,6961,0,1
2025-07-23T00:00:00Z,8685.0,8730.0,8665.0,8729.0,8361,0,1
2025-07-24T00:00:00Z,8729.0,8729.0,8625.0,8646.0,8169,0,1
2025-07-25T00:00:00Z,8647.0,8648.0,8586.0,8640.0,6460,0,1
2025-07-27T00:00:00Z,8644.0,8659.0,8644.0,8647.0,128,0,1
2025-07-28T00:00:00Z,8647.0,8670.0,8591.0,8615.0,7965,0,1
2025-07-29T00:00:00Z,8615.0,8692.0,8606.0,8656.0,7091,0,1
2025-07-30T00:00:00Z,8656.0,8736.0,8644.0,8675.0,9094,0,1
2025-07-31T00:00:00Z,8675.0,8712.0,8629.0,8638.0,10909,0,1
2025-08-01T00:00:00Z,8638.0,8642.0,8542.0,8588.0,16424,0,1
2025-08-03T00:00:00Z,8577.0,8595.0,8576.0,8594.0,162,0,1
2025-08-04T00:00:00Z,8594.0,8704.0,8586.0,8694.0,7797,0,1
2025-08-05T00:00:00Z,8694.0,8754.0,8681.0,8732.0,8484,0,1
2025-08-06T00:00:00Z,8732.0,8811.0,8731.0,8796.0,9383,0,1
2025-08-07T00:00:00Z,8796.0,8816.0,8731.0,8755.0,10812,0,1
2025-08-08T00:00:00Z,8755.0,8781.0,8742.0,8768.0,6682,0,1
2025-08-10T00:00:00Z,8768.0,8775.0,8761.0,8770.0,98,0,1
2025-08-11T00:00:00Z,8769.0,8803.0,8763.0,8776.0,5957,0,1
2025-08-12T00:00:00Z,8775.0,8860.0,8775.0,8849.0,7336,0,1
2025-08-13T00:00:00Z,8849.0,8849.0,8763.0,8814.0,6307,0,1
2025-08-14T00:00:00Z,8814.0,8860.0,8809.0,8820.0,7128,0,1
2025-08-15T00:00:00Z,8820.0,8897.0,8814.0,8845.0,6889,0,1
2025-08-17T00:00:00Z,8853.0,8855.0,8845.0,8854.0,108,0,1
2025-08-18T00:00:00Z,8854.0,8908.0,8852.0,8874.0,7164,0,1
2025-08-19T00:00:00Z,8874.0,8890.0,8833.0,8860.0,7404,0,1
2025-08-20T00:00:00Z,8860.0,8935.0,8836.0,8930.0,9908,0,1
2025-08-21T00:00:00Z,8930.0,8988.0,8917.0,8987.0,9167,0,1
2025-08-22T00:00:00Z,8987.0,9015.0,8917.0,9009.0,9279,0,1
2025-08-24T00:00:00Z,9014.0,9014.0,8997.0,9006.0,126,0,1
2025-08-25T00:00:00Z,9006.0,9018.0,8913.0,8935.0,6998,0,1
2025-08-26T00:00:00Z,8935.0,8948.0,8865.0,8933.0,7694,0,1
2025-08-27T00:00:00Z,8933.0,8949.0,8892.0,8943.0,6796,0,1
2025-08-28T00:00:00Z,8942.0,8959.0,8917.0,8936.0,8085,0,1
2025-08-29T00:00:00Z,8936.0,8961.0,8892.0,8910.0,7961,0,1
2025-08-31T00:00:00Z,8921.0,8927.0,8911.0,8925.0,95,0,1
2025-09-01T00:00:00Z,8925.0,8936.0,8874.0,8879.0,5554,0,1
2025-09-02T00:00:00Z,8879.0,8905.0,8786.0,8844.0,11457,0,1
2025-09-03T00:00:00Z,8844.0,8848.0,8704.0,8768.0,9259,0,1
2025-09-04T00:00:00Z,8767.0,8876.0,8766.0,8863.0,7562,0,1
2025-09-05T00:00:00Z,8863.0,8880.0,8806.0,8843.0,11087,0,1
2025-09-07T00:00:00Z,8853.0,8861.0,8850.0,8854.0,112,0,1
2025-09-08T00:00:00Z,8854.0,8862.0,8808.0,8833.0,8288,0,1
2025-09-09T00:00:00Z,8833.0,8833.0,8779.0,8794.0,8555,0,1
2025-09-10T00:00:00Z,8794.0,8848.0,8788.0,8812.0,7533,0,1
2025-09-11T00:00:00Z,8812.0,8859.0,8780.0,8845.0,6409,0,1
2025-09-12T00:00:00Z,8845.0,8888.0,8801.0,8801.0,5880,0,1
2025-09-14T00:00:00Z,8848.0,8860.0,8818.0,8859.0,198,0,1
2025-09-15T00:00:00Z,8858.0,8939.0,8815.0,8930.0,8080,0,1
2025-09-16T00:00:00Z,8929.0,8937.0,8865.0,8896.0,6899,0,1
2025-09-17T00:00:00Z,8896.0,8900.0,8793.0,8839.0,7140,0,1
2025-09-18T00:00:00Z,8839.0,8861.0,8776.0,8845.0,9337,0,1
2025-09-19T00:00:00Z,8845.0,8872.0,8800.0,8861.0,7958,0,1
2025-09-21T00:00:00Z,8853.0,8857.0,8847.0,8852.0,95,0,1
2025-09-22T00:00:00Z,8852.0,8894.0,8829.0,8870.0,6720,0,1
2025-09-23T00:00:00Z,8869.0,8923.0,8845.0,8854.0,8452,0,1
2025-09-24T00:00:00Z,8854.0,8856.0,8756.0,8777.0,8607,0,1
2025-09-25T00:00:00Z,8777.0,8833.0,8753.0,8808.0,10769,0,1
2025-09-26T00:00:00Z,8808.0,8851.0,8780.0,8840.0,9577,0,1
2025-09-28T00:00:00Z,8845.0,8856.0,8837.0,8849.0,117,0,1
2025-09-29T00:00:00Z,8849.0,8914.0,8836.0,8907.0,8082,0,1
2025-09-30T00:00:00Z,8906.0,8928.0,8839.0,8872.0,9171,0,1
2025-10-01T00:00:00Z,8872.0,8940.0,8839.0,8931.0,9308,0,1
2025-10-02T00:00:00Z,8931.0,8998.0,8917.0,8967.0,8582,0,1
2025-10-03T00:00:00Z,8967.0,9079.0,8958.0,9048.0,7220,0,1
2025-10-05T00:00:00Z,9055.0,9062.0,9041.0,9043.0,730,0,1
2025-10-06T00:00:00Z,9043.0,9044.0,8986.0,8991.0,7816,0,1
2025-10-07T00:00:00Z,8991.0,9023.0,8954.0,8954.0,9690,0,1
2025-10-08T00:00:00Z,8954.0,9032.0,8944.0,8988.0,7641,0,1
2025-10-09T00:00:00Z,8988.0,9020.0,8946.0,8971.0,9205,0,1
2025-10-10T00:00:00Z,8973.0,9007.0,8884.0,8898.0,18901,0,1
2025-10-12T00:00:00Z,8943.0,8955.0,8905.0,8918.0,1301,0,1
2025-10-13T00:00:00Z,8917.0,8944.0,8862.0,8869.0,13355,0,1
2025-10-14T00:00:00Z,8869.0,9017.0,8862.0,9001.0,17534,0,1
2025-10-15T00:00:00Z,9001.0,9059.0,8970.0,9035.0,14105,0,1
2025-10-16T00:00:00Z,9035.0,9137.0,9028.0,9056.0,18009,0,1
2025-10-17T00:00:00Z,9056.0,9069.0,8949.0,9005.0,18001,0,1
2025-10-19T00:00:00Z,9010.0,9019.0,8992.0,8997.0,1029,0,1
2025-10-20T00:00:00Z,8997.0,9105.0,8980.0,9092.0,8106,0,1
2025-10-21T00:00:00Z,9092.0,9134.0,9021.0,9022.0,8587,0,1
2025-10-22T00:00:00Z,9021.0,9050.0,8966.0,9011.0,11952,0,1
2025-10-23T00:00:00Z,9010.0,9070.0,9003.0,9055.0,8447,0,1
2025-10-24T00:00:00Z,9055.0,9067.0,9021.0,9054.0,6880,0,1
2025-10-26T00:00:00Z,9086.0,9097.0,9068.0,9086.0,942,0,1
2025-10-27T00:00:00Z,9086.0,9101.0,9025.0,9036.0,6415,0,1
2025-10-28T00:00:00Z,9036.0,9054.0,9009.0,9015.0,7074,0,1
2025-10-29T00:00:00Z,9015.0,9022.0,8875.0,8905.0,12123,0,1
2025-10-30T00:00:00Z,8905.0,8954.0,8881.0,8950.0,12823,0,1
2025-10-31T00:00:00Z,8950.0,8950.0,8853.0,8884.0,9147,0,1
2025-11-02T00:00:00Z,8879.0,8879.0,8842.0,8843.0,914,0,1
2025-11-03T00:00:00Z,8843.0,8905.0,8838.0,8871.0,8163,0,1
2025-11-04T00:00:00Z,8871.0,8871.0,8770.0,8799.0,10822,0,1
2025-11-05T00:00:00Z,8799.0,8885.0,8741.0,8873.0,12019,0,1
2025-11-06T00:00:00Z,8873.0,8873.0,8817.0,8836.0,12067,0,1
2025-11-07T00:00:00Z,8836.0,8848.0,8726.0,8791.0,14064,0,1
2025-11-09T00:00:00Z,8806.0,8817.0,8792.0,8797.0,1083,0,1
2025-11-10T00:00:00Z,8797.0,8894.0,8791.0,8883.0,9599,0,1
2025-11-11T00:00:00Z,8883.0,8887.0,8827.0,8853.0,10051,0,1
2025-11-12T00:00:00Z,8853.0,8863.0,8800.0,8809.0,8690,0,1
2025-11-13T00:00:00Z,8809.0,8813.0,8629.0,8639.0,14373,0,1
2025-11-14T00:00:00Z,8641.0,8666.0,8586.0,8636.0,13940,0,1
2025-11-16T00:00:00Z,8632.0,8656.0,8616.0,8646.0,961,0,1
2025-11-17T00:00:00Z,8646.0,8679.0,8575.0,8593.0,12457,0,1
2025-11-18T00:00:00Z,8593.0,8599.0,8466.0,8511.0,20853,0,1
2025-11-19T00:00:00Z,8511.0,8559.0,8459.0,8557.0,15887,0,1
2025-11-20T00:00:00Z,8557.0,8588.0,8400.0,8452.0,19572,0,1
2025-11-21T00:00:00Z,8452.0,8540.0,8422.0,8523.0,21763,0,1
2025-11-23T00:00:00Z,8526.0,8542.0,8502.0,8536.0,968,0,1
2025-11-24T00:00:00Z,8536.0,8589.0,8502.0,8549.0,11258,0,1
2025-11-25T00:00:00Z,8549.0,8661.0,8522.0,8648.0,11092,0,1
2025-11-26T00:00:00Z,8648.0,8664.0,8591.0,8660.0,8714,0,1
2025-11-27T00:00:00Z,8660.0,8666.0,8595.0,8633.0,5547,0,1
2025-11-28T00:00:00Z,8633.0,8647.0,8602.0,8635.0,3869,0,1
2025-11-30T00:00:00Z,8628.0,8637.0,8606.0,8628.0,800,0,1
2025-12-01T00:00:00Z,8628.0,8636.0,8560.0,8592.0,8788,0,1
2025-12-02T00:00:00Z,8592.0,8621.0,8574.0,8621.0,7617,0,1
2025-12-03T00:00:00Z,8621.0,8637.0,8585.0,8610.0,7990,0,1
2025-12-04T00:00:00Z,8610.0,8645.0,8573.0,8622.0,7596,0,1
2025-12-05T00:00:00Z,8622.0,8652.0,8604.0,8621.0,6122,0,1
2025-12-07T00:00:00Z,8625.0,8636.0,8574.0,8628.0,769,0,1
2025-12-08T00:00:00Z,8628.0,8646.0,8595.0,8614.0,6174,0,1
2025-12-09T00:00:00Z,8614.0,8635.0,8575.0,8597.0,7032,0,1
2025-12-10T00:00:00Z,8597.0,8668.0,8563.0,8659.0,8657,0,1
2025-12-11T00:00:00Z,8659.0,8694.0,8579.0,8677.0,9087,0,1
2025-12-12T00:00:00Z,8677.0,8727.0,8625.0,8655.0,8489,0,1
2025-12-14T00:00:00Z,8643.0,8651.0,8628.0,8636.0,1607,0,1
2025-12-15T00:00:00Z,8636.0,8671.0,8568.0,8626.0,14036,0,1
2025-12-16T00:00:00Z,8626.0,8647.0,8546.0,8557.0,9886,0,1
2025-12-17T00:00:00Z,8557.0,8599.0,8524.0,8543.0,6931,0,1
2025-12-18T00:00:00Z,8543.0,8652.0,8531.0,8632.0,10319,0,1
2025-12-19T00:00:00Z,8632.0,8674.0,8591.0,8667.0,6640,0,1
2025-12-21T00:00:00Z,8644.0,8666.0,8635.0,8662.0,875,0,1
2025-12-22T00:00:00Z,8662.0,8716.0,8652.0,8714.0,7245,0,1
2025-12-23T00:00:00Z,8714.0,8792.0,8713.0,8737.0,6440,0,1
2025-12-24T00:00:00Z,8737.0,8750.0,8721.0,8750.0,1347,0,1
2025-12-25T00:00:00Z,8750.0,8750.0,8750.0,8750.0,4,0,48
2025-12-26T00:00:00Z,8750.0,8750.0,8750.0,8750.0,4,0,48
2025-12-28T00:00:00Z,8747.0,8763.0,8738.0,8738.0,649,0,1
2025-12-29T00:00:00Z,8738.0,8745.0,8693.0,8733.0,6714,0,1
2025-12-30T00:00:00Z,8733.0,8743.0,8685.0,8695.0,5292,0,1
2025-12-31T00:00:00Z,8695.0,8706.0,8665.0,8674.0,1539,0,1
2026-01-01T00:00:00Z,8674.0,8700.0,8660.0,8687.0,709,0,1
2026-01-02T00:00:00Z,8687.0,8728.0,8657.0,8700.0,9623,0,1
2026-01-04T00:00:00Z,8711.0,8738.0,8693.0,8716.0,826,0,1
2026-01-05T00:00:00Z,8716.0,8754.0,8686.0,8698.0,7292,0,1
2026-01-06T00:00:00Z,8698.0,8708.0,8650.0,8695.0,7763,0,1
2026-01-07T00:00:00Z,8695.0,8724.0,8651.0,8676.0,7876,0,1
2026-01-08T00:00:00Z,8676.0,8737.0,8673.0,8702.0,7942,0,1
2026-01-09T00:00:00Z,8702.0,8726.0,8679.0,8719.0,6146,0,1
2026-01-11T00:00:00Z,8706.0,8763.0,8698.0,8758.0,847,0,1
2026-01-12T00:00:00Z,8758.0,8796.0,8710.0,8789.0,6560,0,1
2026-01-13T00:00:00Z,8789.0,8831.0,8765.0,8779.0,7671,0,1
2026-01-14T00:00:00Z,8779.0,8837.0,8749.0,8813.0,8080,0,1
2026-01-15T00:00:00Z,8813.0,8845.0,8800.0,8841.0,6924,0,1
2026-01-16T00:00:00Z,8841.0,8885.0,8836.0,8876.0,5821,0,1
2026-01-18T00:00:00Z,8860.0,8870.0,8839.0,8858.0,952,0,1
2026-01-19T00:00:00Z,8859.0,8862.0,8792.0,8810.0,6285,0,1
2026-01-20T00:00:00Z,8810.0,8812.0,8723.0,8740.0,12431,0,1
2026-01-21T00:00:00Z,8740.0,8814.0,8698.0,8803.0,12155,0,1
2026-01-22T00:00:00Z,8803.0,8831.0,8784.0,8802.0,8281,0,1
2026-01-23T00:00:00Z,8802.0,8845.0,8794.0,8829.0,6603,0,1
2026-01-26T00:00:00Z,8818.0,8931.0,8818.0,8923.0,4892,0,1
2026-01-27T00:00:00Z,8923.0,8946.0,8886.0,8914.0,6102,0,1
2026-01-28T00:00:00Z,8914.0,8921.0,8838.0,8851.0,9084,0,1
2026-01-29T00:00:00Z,8851.0,8937.0,8816.0,8928.0,12911,0,1
2026-01-30T00:00:00Z,8928.0,8929.0,8740.0,8781.0,16155,0,1
2026-02-01T00:00:00Z,8756.0,8800.0,8756.0,8792.0,1372,0,1
2026-02-02T00:00:00Z,8792.0,8856.0,8679.0,8848.0,15795,0,1
2026-02-03T00:00:00Z,8848.0,8856.0,8727.0,8802.0,13942,0,1
2026-02-04T00:00:00Z,8802.0,8919.0,8790.0,8865.0,15369,0,1
2026-02-05T00:00:00Z,8865.0,8875.0,8690.0,8706.0,20098,0,1
2026-02-06T00:00:00Z,8706.0,8737.0,8628.0,8734.0,15277,0,1
2026-02-08T00:00:00Z,8740.0,8803.0,8734.0,8761.0,1161,0,1
2026-02-09T00:00:00Z,8761.0,8870.0,8758.0,8848.0,9582,0,1
2026-02-10T00:00:00Z,8848.0,8875.0,8813.0,8873.0,9147,0,1
2026-02-11T00:00:00Z,8873.0,9002.0,8873.0,8994.0,11920,0,1
2026-02-12T00:00:00Z,8994.0,9047.0,8875.0,8900.0,13477,0,1
2026-02-13T00:00:00Z,8900.0,8909.0,8822.0,8881.0,15056,0,1
2026-02-15T00:00:00Z,8888.0,8894.0,8855.0,8875.0,855,0,1
2026-02-16T00:00:00Z,8875.0,8922.0,8854.0,8909.0,6944,0,1
2026-02-17T00:00:00Z,8909.0,8960.0,8872.0,8936.0,16082,0,1
2026-02-18T00:00:00Z,8936.0,9047.0,8931.0,9032.0,9511,0,1
2026-02-19T00:00:00Z,9032.0,9069.0,8972.0,9011.0,12404,0,1
2026-02-20T00:00:00Z,9011.0,9042.0,8975.0,9027.0,11980,0,1
2026-02-22T00:00:00Z,9041.0,9062.0,8999.0,9009.0,962,0,1
2026-02-23T00:00:00Z,9009.0,9028.0,8959.0,8991.0,12141,0,1
2026-02-24T00:00:00Z,8991.0,9064.0,8941.0,9054.0,9428,0,1
2026-02-25T00:00:00Z,9054.0,9160.0,9025.0,9124.0,8200,0,1
2026-02-26T00:00:00Z,9124.0,9154.0,9106.0,9135.0,12010,0,1
2026-02-27T00:00:00Z,9135.0,9186.0,9120.0,9138.0,12974,0,1
2026-03-01T00:00:00Z,9069.0,9138.0,9060.0,9127.0,2470,0,1
2026-03-02T00:00:00Z,9127.0,9164.0,9075.0,9114.0,20065,0,1
2026-03-03T00:00:00Z,9114.0,9115.0,8814.0,8882.0,28242,0,1
2026-03-04T00:00:00Z,8882.0,8965.0,8842.0,8939.0,20859,0,1
2026-03-05T00:00:00Z,8939.0,8945.0,8747.0,8825.0,21113,0,1
2026-03-06T00:00:00Z,8825.0,8846.0,8645.0,8719.0,22788,0,1
2026-03-08T00:00:00Z,8602.0,8611.0,8540.0,8555.0,2236,0,1
2026-03-09T00:00:00Z,8555.0,8792.0,8447.0,8717.0,34735,0,1
2026-03-10T00:00:00Z,8717.0,8795.0,8651.0,8713.0,22995,0,1
2026-03-11T00:00:00Z,8713.0,8760.0,8623.0,8627.0,20326,0,1
2026-03-12T00:00:00Z,8627.0,8695.0,8564.0,8604.0,22442,0,1
2026-03-13T00:00:00Z,8604.0,8665.0,8506.0,8549.0,20914,0,1
2026-03-15T00:00:00Z,8603.0,8647.0,8595.0,8630.0,2569,0,1
2026-03-16T00:00:00Z,8630.0,8711.0,8559.0,8669.0,23382,0,1
2026-03-17T00:00:00Z,8669.0,8720.0,8609.0,8655.0,9970,0,1
2026-03-18T00:00:00Z,8655.0,8711.0,8527.0,8549.0,10862,0,3
2026-03-19T00:00:00Z,8549.0,8568.0,8418.0,8518.0,27301,0,3
2026-03-20T00:00:00Z,8518.0,8541.0,8303.0,8341.0,24852,0,3
2026-03-22T00:00:00Z,8339.0,8349.0,8313.0,8344.0,1781,0,3
2026-03-23T00:00:00Z,8344.0,8656.0,8329.0,8486.0,41352,0,3
2026-03-24T00:00:00Z,8485.0,8549.0,8407.0,8546.0,30777,0,3
2026-03-25T00:00:00Z,8546.0,8644.0,8540.0,8582.0,25963,0,3
2026-03-26T00:00:00Z,8582.0,8599.0,8466.0,8546.0,21312,0,3
2026-03-27T00:00:00Z,8547.0,8565.0,8429.0,8489.0,20763,0,3
2026-03-29T00:00:00Z,8446.0,8494.0,8424.0,8438.0,1981,0,3
2026-03-30T00:00:00Z,8438.0,8578.0,8417.0,8488.0,21330,0,3
2026-03-31T00:00:00Z,8488.0,8667.0,8448.0,8663.0,27955,0,3
2026-04-01T00:00:00Z,8663.0,8754.0,8636.0,8745.0,18380,0,3
2026-04-02T00:00:00Z,8745.0,8756.0,8591.0,8613.0,12805,0,3
2026-04-03T00:00:00Z,8613.0,8613.0,8613.0,8613.0,2,0,3
2026-04-06T00:00:00Z,8690.0,8727.0,8675.0,8715.0,256,0,3
2026-04-07T00:00:00Z,8715.0,9024.0,8701.0,9013.0,24611,0,3
2026-04-08T00:00:00Z,9012.0,9034.0,8928.0,8937.0,22253,0,3
2026-04-09T00:00:00Z,8937.0,9029.0,8929.0,8958.0,15309,0,3
2026-04-10T00:00:00Z,8958.0,9091.0,8933.0,9054.0,12829,0,3
2026-04-12T00:00:00Z,8935.0,8950.0,8933.0,8945.0,204,0,3
2026-04-13T00:00:00Z,8945.0,9077.0,8921.0,9053.0,13117,0,3
2026-04-14T00:00:00Z,9053.0,9057.0,8977.0,9042.0,10624,0,3
2026-04-15T00:00:00Z,9042.0,9043.0,8999.0,9032.0,10199,0,3
2026-04-16T00:00:00Z,9030.0,9039.0,8933.0,8962.0,10659,0,3
2026-04-17T00:00:00Z,8962.0,9081.0,8925.0,9055.0,13280,0,3
2026-04-19T00:00:00Z,8978.0,8987.0,8958.0,8960.0,191,0,3
2026-04-20T00:00:00Z,8960.0,9022.0,8922.0,8999.0,13227,0,3
2026-04-21T00:00:00Z,8999.0,9005.0,8869.0,8924.0,16365,0,3
2026-04-22T00:00:00Z,8924.0,8926.0,8807.0,8832.0,14177,0,3
2026-04-23T00:00:00Z,8831.0,8873.0,8763.0,8821.0,21016,0,3
2026-04-24T00:00:00Z,8820.0,8850.0,8756.0,8779.0,17608,0,3
2026-04-26T00:00:00Z,8774.0,8775.0,8757.0,8758.0,108,0,3
2026-04-27T00:00:00Z,8758.0,8795.0,8712.0,8731.0,11352,0,3
2026-04-28T00:00:00Z,8731.0,8750.0,8675.0,8695.0,14368,0,3
2026-04-29T00:00:00Z,8695.0,8727.0,8612.0,8650.0,16108,0,3
2026-04-30T00:00:00Z,8650.0,8804.0,8643.0,8770.0,15845,0,3
2026-05-01T00:00:00Z,8770.0,8778.0,8721.0,8725.0,8905,0,3
2026-05-03T00:00:00Z,8729.0,8739.0,8728.0,8735.0,68,0,3
2026-05-04T00:00:00Z,8735.0,8751.0,8613.0,8654.0,16013,0,3
2026-05-05T00:00:00Z,8654.0,8756.0,8630.0,8746.0,11078,0,3
2026-05-06T00:00:00Z,8746.0,8923.0,8727.0,8880.0,14353,0,3
2026-05-07T00:00:00Z,8880.0,8921.0,8741.0,8800.0,14317,0,3
2026-05-08T00:00:00Z,8800.0,8827.0,8722.0,8738.0,12021,0,3
2026-05-10T00:00:00Z,8709.0,8720.0,8687.0,8718.0,160,0,3
2026-05-11T00:00:00Z,8717.0,8782.0,8669.0,8738.0,9775,0,3
2026-05-12T00:00:00Z,8738.0,8738.0,8622.0,8657.0,13074,0,3
2026-05-13T00:00:00Z,8657.0,8682.0,8587.0,8638.0,10616,0,3
2026-05-14T00:00:00Z,8638.0,8744.0,8626.0,8689.0,9742,0,3
2026-05-15T00:00:00Z,8689.0,8718.0,8602.0,8615.0,17167,0,3
2026-05-17T00:00:00Z,8608.0,8620.0,8608.0,8614.0,186,0,3
2026-05-18T00:00:00Z,8614.0,8631.0,8520.0,8602.0,21759,0,3
2026-05-19T00:00:00Z,8602.0,8678.0,8591.0,8607.0,17714,0,3
2026-05-20T00:00:00Z,8607.0,8658.0,8511.0,8650.0,19061,0,3
2026-05-21T00:00:00Z,8650.0,8695.0,8604.0,8686.0,17198,0,3
2026-05-22T00:00:00Z,8686.0,8700.0,8626.0,8628.0,11358,0,3
2026-05-24T00:00:00Z,8691.0,8691.0,8671.0,8680.0,169,0,3
2026-05-25T00:00:00Z,8681.0,8742.0,8664.0,8708.0,5347,0,3
2026-05-26T00:00:00Z,8708.0,8711.0,8650.0,8679.0,9488,0,3
2026-05-27T00:00:00Z,8678.0,8760.0,8649.0,8682.0,10394,0,3
2026-05-28T00:00:00Z,8682.0,8705.0,8581.0,8677.0,11857,0,3
2026-05-29T00:00:00Z,8677.0,8783.0,8668.0,8738.0,9285,0,3
2026-05-31T00:00:00Z,8736.0,8736.0,8724.0,8725.0,142,0,3
2026-06-01T00:00:00Z,8726.0,8782.0,8678.0,8713.0,11055,0,3
2026-06-02T00:00:00Z,8713.0,8787.0,8637.0,8785.0,9999,0,3
2026-06-03T00:00:00Z,8785.0,8828.0,8727.0,8751.0,9227,0,3
2026-06-04T00:00:00Z,8751.0,8751.0,8659.0,8707.0,11374,0,3
2026-06-05T00:00:00Z,8707.0,8708.0,8497.0,8516.0,17225,0,3
2026-06-08T00:00:00Z,8528.0,8593.0,8510.0,8544.0,12323,0,3
2026-06-09T00:00:00Z,8544.0,8681.0,8499.0,8597.0,20873,0,3
2026-06-10T00:00:00Z,8597.0,8712.0,8574.0,8578.0,27495,0,3
2026-06-11T00:00:00Z,8578.0,8797.0,8562.0,8773.0,23983,0,3
2026-06-12T00:00:00Z,8773.0,8892.0,8755.0,8852.0,18453,0,3
2026-06-14T00:00:00Z,8884.0,8884.0,8843.0,8874.0,279,0,3
2026-06-15T00:00:00Z,8874.0,8929.0,8681.0,8831.0,15207,0,3
2026-06-16T00:00:00Z,8831.0,8935.0,8812.0,8873.0,10525,0,3
2026-06-17T00:00:00Z,8873.0,8969.0,8869.0,8927.0,11262,0,3
2026-06-18T00:00:00Z,8927.0,8974.0,8840.0,8842.0,13033,0,3
2026-06-19T00:00:00Z,8841.0,8851.0,8736.0,8810.0,8081,0,3
2026-06-21T00:00:00Z,8773.0,8790.0,8773.0,8786.0,164,0,3
2026-06-22T00:00:00Z,8787.0,8859.0,8778.0,8817.0,11418,0,3
2026-06-23T00:00:00Z,8817.0,8836.0,8715.0,8784.0,16693,0,3
2026-06-24T00:00:00Z,8783.0,8814.0,8750.0,8784.0,18750,0,3
2026-06-25T00:00:00Z,8784.0,8791.0,8729.0,8740.0,17181,0,3
2026-06-26T00:00:00Z,8741.0,8808.0,8692.0,8775.0,18837,0,3
2026-06-28T00:00:00Z,8807.0,8812.0,8773.0,8773.0,152,0,3
2026-06-29T00:00:00Z,8773.0,8841.0,8758.0,8824.0,14209,0,3
2026-06-30T00:00:00Z,8824.0,8829.0,8763.0,8783.0,9078,0,3
2026-07-01T00:00:00Z,8783.0,8783.0,8662.0,8697.0,11218,0,3
2026-07-02T00:00:00Z,8697.0,8810.0,8650.0,8751.0,14531,0,3
2026-07-03T00:00:00Z,8752.0,8841.0,8738.0,8774.0,6417,0,3
2026-07-05T00:00:00Z,8807.0,8811.0,8798.0,8809.0,132,0,3
2026-07-06T00:00:00Z,8809.0,8848.0,8792.0,8801.0,7437,0,3
2026-07-07T00:00:00Z,8801.0,8826.0,8705.0,8707.0,9914,0,3
2026-07-08T00:00:00Z,8707.0,8760.0,8607.0,8702.0,16728,0,3
2026-07-09T00:00:00Z,8684.0,8753.0,8683.0,8734.0,9283,0,3
2026-07-10T00:00:00Z,8734.0,8813.0,8722.0,8806.0,7447,0,3
2026-07-12T00:00:00Z,8773.0,8785.0,8769.0,8778.0,153,0,3
2026-07-13T00:00:00Z,8778.0,8833.0,8743.0,8772.0,12211,0,3
2026-07-14T00:00:00Z,8772.0,8851.0,8724.0,8828.0,15402,0,3
2026-07-15T00:00:00Z,8828.0,8845.0,8771.0,8816.0,10159,0,3
2026-07-16T00:00:00Z,8816.0,8825.0,8736.0,8782.0,11783,0,3
2026-07-17T00:00:00Z,8782.0,8814.0,8719.0,8810.0,12683,0,3
2026-07-19T00:00:00Z,8795.0,8802.0,8789.0,8795.0,139,0,3
2026-07-20T00:00:00Z,8795.0,8801.0,8701.0,8718.0,12734,0,3
2026-07-21T00:00:00Z,8718.0,8766.0,8685.0,8762.0,9396,0,3
2026-07-22T00:00:00Z,8762.0,8864.0,8753.0,8839.0,9384,0,3
2026-07-23T00:00:00Z,8838.0,8883.0,8713.0,8750.0,14669,0,3
2026-07-24T00:00:00Z,8750.0,8794.0,8689.0,8767.0,12881,0,3
2026-07-26T00:00:00Z,8809.0,8820.0,8803.0,8811.0,192,0,3
2026-07-27T00:00:00Z,8811.0,8851.0,8785.0,8812.0,12112,0,3
2026-07-28T00:00:00Z,8812.0,8996.0,8806.0,8957.0,11626,0,3
2026-07-29T00:00:00Z,8957.0,9042.0,8923.0,8962.0,19144,0,3
2026-07-30T00:00:00Z,8962.0,9023.0,8895.0,9008.0,15702,0,3
2026-07-31T00:00:00Z,9010.0,9012.0,8836.0,8863.0,12465,0,3
2026-08-02T00:00:00Z,8888.0,8905.0,8884.0,8896.0,141,0,3
2026-08-03T00:00:00Z,8896.0,8978.0,8884.0,8973.0,8139,0,3
2026-08-04T00:00:00Z,8973.0,9141.0,8969.0,9107.0,9238,0,3
2026-08-05T00:00:00Z,9107.0,9176.0,9077.0,9170.0,10423,0,3
2026-08-06T00:00:00Z,9171.0,9238.0,9167.0,9177.0,9331,0,3
2026-08-07T00:00:00Z,9178.0,9261.0,9152.0,9235.0,7599,0,3
2026-08-09T00:00:00Z,9214.0,9214.0,9189.0,9191.0,191,0,3
2026-08-10T00:00:00Z,9191.0,9209.0,9144.0,9170.0,6964,0,3
2026-08-11T00:00:00Z,9170.0,9228.0,9139.0,9149.0,8532,0,3
2026-08-12T00:00:00Z,9149.0,9168.0,9116.0,9127.0,8243,0,3
2026-08-13T00:00:00Z,9127.0,9138.0,9075.0,9077.0,7890,0,3
2026-08-14T00:00:00Z,9077.0,9079.0,9002.0,9017.0,6897,0,3
2026-08-16T00:00:00Z,9012.0,9027.0,9012.0,9021.0,91,0,3
2026-08-17T00:00:00Z,9021.0,9047.0,8942.0,8997.0,6635,0,3
2026-08-18T00:00:00Z,8997.0,9039.0,8967.0,8974.0,7825,0,3
2026-08-19T00:00:00Z,8974.0,9055.0,8960.0,9043.0,8112,0,3
2026-08-20T00:00:00Z,9043.0,9050.0,8950.0,9006.0,10148,0,3
2026-08-21T00:00:00Z,9006.0,9040.0,8958.0,9024.0,7114,0,3
2026-08-23T00:00:00Z,9029.0,9037.0,9018.0,9035.0,122,0,3
2026-08-24T00:00:00Z,9035.0,9076.0,9015.0,9057.0,7956,0,3
2026-08-25T00:00:00Z,9057.0,9149.0,9057.0,9138.0,8141,0,3
2026-08-26T00:00:00Z,9138.0,9175.0,9051.0,9065.0,7492,0,3
2026-08-27T00:00:00Z,9065.0,9071.0,8957.0,8999.0,7737,0,3
2026-08-28T00:00:00Z,8999.0,9065.0,8982.0,9011.0,8812,0,3
2026-09-04T00:00:00Z,9042.0,9047.0,8950.0,8996.0,7938,0,3
