timestamp_utc,open,high,low,close,tick_volume,real_volume,spread
1999-01-13T00:00:00Z,2.168,2.1764,2.1246,2.1697,1020,0,240
1999-01-14T00:00:00Z,2.1684,2.1861,2.1327,2.1344,729,0,240
1999-01-17T00:00:00Z,2.1543,2.1758,2.1444,2.162,552,0,240
1999-01-18T00:00:00Z,2.1595,2.1777,2.1383,2.1636,748,0,240
1999-01-19T00:00:00Z,2.1585,2.1744,2.1338,2.1383,611,0,240
1999-01-20T00:00:00Z,2.1403,2.1587,2.1294,2.1365,549,0,240
1999-01-21T00:00:00Z,2.1387,2.1631,2.1354,2.1528,414,0,240
1999-01-24T00:00:00Z,2.159,2.176,2.1428,2.1611,644,0,240
1999-01-25T00:00:00Z,2.1633,2.1721,2.1479,2.1548,400,0,240
1999-01-26T00:00:00Z,2.1483,2.1593999999999998,2.1293,2.1381,501,0,240
1999-01-27T00:00:00Z,2.1263,2.1457,2.1222,2.1302,432,0,240
1999-01-28T00:00:00Z,2.1272,2.1369,2.1013,2.1109,550,0,240
1999-01-31T00:00:00Z,2.105,2.1223,2.0667,2.084,903,0,240
1999-02-01T00:00:00Z,2.0874,2.124,2.0656,2.0841,1136,0,240
1999-02-02T00:00:00Z,2.0822,2.1187,2.0497,2.0497,1056,0,240
1999-02-03T00:00:00Z,2.0508,2.1315,2.0366,2.0527,1880,0,240
1999-02-04T00:00:00Z,2.0504,2.0932,2.0403000000000002,2.053,1033,0,240
1999-02-07T00:00:00Z,2.0309,2.0361,2.0026,2.0334,646,0,240
1999-02-08T00:00:00Z,2.0345,2.1056,2.0286,2.0454,1432,0,240
1999-02-09T00:00:00Z,2.0471,2.1048,2.038,2.1035,773,0,240
1999-02-10T00:00:00Z,2.0514,2.0866,2.0335,2.0368,917,0,240
1999-02-11T00:00:00Z,2.0348,2.1009,2.033,2.1009,698,0,240
1999-02-14T00:00:00Z,2.0602,2.0882,2.0336,2.0574,1065,0,240
1999-02-15T00:00:00Z,2.0587,2.088,2.0574,2.0856,344,0,240
1999-02-16T00:00:00Z,2.0823,2.098,2.0781,2.0865,357,0,240
1999-02-17T00:00:00Z,2.0845,2.0908,2.0709,2.0737,291,0,240
1999-02-18T00:00:00Z,2.0739,2.1098,2.0353,2.0368,1120,0,240
1999-02-21T00:00:00Z,2.0361,2.0499,2.0307,2.0383,363,0,240
1999-02-22T00:00:00Z,2.038,2.0547,2.0275,2.0414,511,0,240
1999-02-23T00:00:00Z,2.0419,2.0815,2.0377,2.0657,639,0,240
1999-02-24T00:00:00Z,2.0675,2.1091,2.0446,2.0938,1028,0,240
1999-02-25T00:00:00Z,2.0942,2.1128,2.0477,2.0997,1248,0,240
1999-02-28T00:00:00Z,2.104,2.1142,2.0234,2.0234,1011,0,240
1999-03-01T00:00:00Z,2.0685000000000002,2.0807,2.0545,2.0727,483,0,240
1999-03-02T00:00:00Z,2.0668,2.0934,2.0229,2.0619,1362,0,240
1999-03-03T00:00:00Z,2.0597,2.0684,2.0088,2.0351,947,0,240
1999-03-04T00:00:00Z,2.0374,2.0781,2.0116,2.0392,1313,0,240
1999-03-07T00:00:00Z,2.0405,2.0619,2.0224,2.0443,753,0,240
1999-03-08T00:00:00Z,2.0459,2.0555,2.0203,2.0432,678,0,240
1999-03-09T00:00:00Z,2.042,2.0607,2.0189,2.0389,806,0,240
1999-03-10T00:00:00Z,2.0393,2.0693,2.023,2.0622,698,0,240
1999-03-11T00:00:00Z,2.0614,2.0705,2.0254,2.049,779,0,240
1999-03-14T00:00:00Z,2.0417,2.0625,2.0367,2.0593,341,0,240
1999-03-15T00:00:00Z,2.0603,2.0855,2.0397,2.0855,665,0,240
1999-03-16T00:00:00Z,2.0898,2.1004,2.0707,2.0871,568,0,240
1999-03-17T00:00:00Z,2.0837,2.0882,2.0502,2.067,594,0,240
1999-03-18T00:00:00Z,2.0653,2.0933,2.0447,2.0463,783,0,240
1999-03-21T00:00:00Z,2.0475,2.0534,2.0275,2.0343,387,0,240
1999-03-22T00:00:00Z,2.031,2.0459,2.0182,2.0253,498,0,240
1999-03-23T00:00:00Z,2.0215,2.0369,2.0072,2.0235,575,0,240
1999-03-24T00:00:00Z,2.0125,2.0329,2.0112,2.0136,424,0,240
1999-03-25T00:00:00Z,2.016,2.0217,1.9929999999999999,2.0082,497,0,240
1999-03-28T00:00:00Z,2.0093,2.022,1.9986000000000002,2.015,412,0,240
1999-03-29T00:00:00Z,2.0107,2.0307,2.0089,2.0157,387,0,240
1999-03-30T00:00:00Z,2.019,2.033,2.0068,2.012,455,0,240
1999-03-31T00:00:00Z,2.0145,2.0243,2.0037,2.0224,334,0,240
1999-04-01T00:00:00Z,2.0141,2.0267,2.0042,2.0204,388,0,240
1999-04-04T00:00:00Z,2.0187,2.0221,2.0018,2.0164,384,0,240
1999-04-05T00:00:00Z,2.016,2.0487,2.0119,2.0372,525,0,240
1999-04-06T00:00:00Z,2.0374,2.0707,2.0148,2.031,1055,0,240
1999-04-07T00:00:00Z,2.0274,2.0506,2.0171,2.0207,604,0,240
1999-04-08T00:00:00Z,2.015,2.0382,2.0102,2.0186,525,0,240
1999-04-11T00:00:00Z,2.0189,2.032,1.9886,1.9929999999999999,610,0,240
1999-04-12T00:00:00Z,2.0003,2.0061,1.9839,1.9950999999999999,393,0,240
1999-04-13T00:00:00Z,1.9941,2.0029,1.9727000000000001,1.9987,559,0,240
1999-04-14T00:00:00Z,2.0019,2.0097,1.9594,1.9619,607,0,240
1999-04-15T00:00:00Z,1.9623,1.9726,1.9535,1.9655,351,0,240
1999-04-18T00:00:00Z,1.9627,1.9672,1.9277,1.9411,575,0,240
1999-04-19T00:00:00Z,1.9419,1.9916,1.9304000000000001,1.9476,1168,0,240
1999-04-20T00:00:00Z,1.9505,1.9516,1.9268,1.9404,396,0,240
1999-04-21T00:00:00Z,1.9444,1.9546000000000001,1.9296,1.9377,434,0,240
1999-04-22T00:00:00Z,1.94,1.9479,1.9289,1.9362,343,0,240
1999-04-25T00:00:00Z,1.933,1.9412,1.9207999999999998,1.9302000000000001,381,0,240
1999-04-26T00:00:00Z,1.9300000000000002,1.9477,1.9224999999999999,1.9434,371,0,240
1999-04-27T00:00:00Z,1.9419,1.9602,1.9112,1.9212,774,0,240
1999-04-28T00:00:00Z,1.923,1.9299,1.8989,1.9062000000000001,453,0,240
1999-04-29T00:00:00Z,1.9054,1.9093,1.8832,1.8938000000000001,407,0,240
1999-05-02T00:00:00Z,1.8939,1.8980000000000001,1.8803999999999998,1.8852,266,0,240
1999-05-03T00:00:00Z,1.8864999999999998,1.9113,1.885,1.9097,295,0,240
1999-05-04T00:00:00Z,1.9066,1.9311,1.9037,1.9245999999999999,369,0,240
1999-05-05T00:00:00Z,1.9221,1.9245,1.8976,1.9125,443,0,240
1999-05-06T00:00:00Z,1.9162,1.943,1.9094,1.9259,576,0,240
1999-05-09T00:00:00Z,1.9138,1.935,1.9123,1.929,303,0,240
1999-05-10T00:00:00Z,1.9327999999999999,1.9371,1.9017,1.9062000000000001,443,0,240
1999-05-11T00:00:00Z,1.9085,1.915,1.8969,1.905,328,0,240
1999-05-12T00:00:00Z,1.905,1.9095,1.8913,1.8972,287,0,240
1999-05-13T00:00:00Z,1.8984999999999999,1.9205,1.8918,1.9125,435,0,240
1999-05-16T00:00:00Z,1.9184,1.9189,1.9002,1.9064999999999999,256,0,240
1999-05-17T00:00:00Z,1.9076,1.9119000000000002,1.8928,1.911,349,0,240
1999-05-18T00:00:00Z,1.9228,1.9314,1.9228,1.924,161,0,240
1999-05-19T00:00:00Z,1.9367999999999999,1.954,1.9322,1.9374,431,0,240
1999-05-20T00:00:00Z,1.931,1.9506000000000001,1.923,1.9425,438,0,240
1999-05-23T00:00:00Z,1.9404,1.9506000000000001,1.9304000000000001,1.9413,396,0,240
1999-05-24T00:00:00Z,1.944,1.9704000000000002,1.9383,1.97,383,0,240
1999-05-25T00:00:00Z,1.9735,1.9895,1.9567999999999999,1.9618,538,0,240
1999-05-26T00:00:00Z,1.9571,1.963,1.932,1.9485000000000001,535,0,240
1999-05-27T00:00:00Z,1.95,1.9617,1.9337,1.9471,532,0,240
1999-05-30T00:00:00Z,1.9426,1.9615,1.9423,1.9487999999999999,323,0,240
1999-05-31T00:00:00Z,1.9518,1.9841,1.9489999999999998,1.9787,434,0,240
1999-06-01T00:00:00Z,1.9790999999999999,1.9921,1.9614,1.9686,510,0,240
1999-06-02T00:00:00Z,1.9693,1.9897,1.9526,1.9552,602,0,240
1999-06-03T00:00:00Z,1.9539,1.9563000000000001,1.927,1.9478,526,0,240
1999-06-06T00:00:00Z,1.9437,1.9437,1.9138,1.9337,499,0,240
1999-06-07T00:00:00Z,1.9376,1.9841,1.9273,1.9841,672,0,240
1999-06-08T00:00:00Z,1.9838,1.984,1.9519,1.9682,487,0,240
1999-06-09T00:00:00Z,1.9645000000000001,1.9754,1.9485999999999999,1.9504000000000001,396,0,240
1999-06-10T00:00:00Z,1.9527,1.9529,1.9336,1.9466,326,0,240
1999-06-13T00:00:00Z,1.9452,1.9544000000000001,1.9284,1.9356,425,0,240
1999-06-14T00:00:00Z,1.9377,1.9531,1.9354,1.9518,214,0,240
1999-06-15T00:00:00Z,1.9548,1.9594,1.9222000000000001,1.9258,455,0,240
1999-06-16T00:00:00Z,1.9275,1.9355,1.9186,1.9341,273,0,240
1999-06-17T00:00:00Z,1.9339,1.9609,1.9236,1.9563000000000001,523,0,240
1999-06-20T00:00:00Z,1.9538,1.9604,1.9348999999999998,1.9545,504,0,240
1999-06-21T00:00:00Z,1.9527999999999999,1.9574,1.942,1.942,201,0,240
1999-06-22T00:00:00Z,1.9405999999999999,1.9443000000000001,1.9243999999999999,1.9311,304,0,240
1999-06-23T00:00:00Z,1.932,1.9426,1.9203000000000001,1.9402,365,0,240
1999-06-24T00:00:00Z,1.9476,1.9569,1.9405999999999999,1.9492,311,0,240
1999-06-27T00:00:00Z,1.9456,1.9503,1.932,1.9362,273,0,240
1999-06-28T00:00:00Z,1.9363000000000001,1.9539,1.9337,1.9527,241,0,240
1999-06-29T00:00:00Z,1.951,1.9532,1.9306,1.9344999999999999,288,0,240
1999-06-30T00:00:00Z,1.9369,1.9418,1.9151,1.9209,375,0,240
1999-07-01T00:00:00Z,1.9207,1.9316,1.9152,1.9219,317,0,240
1999-07-04T00:00:00Z,1.928,1.9363000000000001,1.9257,1.9334,159,0,240
1999-07-05T00:00:00Z,1.9306999999999999,1.9544000000000001,1.9136,1.9533,591,0,240
1999-07-06T00:00:00Z,1.9554,1.9625,1.9318,1.9383,444,0,240
1999-07-07T00:00:00Z,1.933,1.9498,1.9301,1.9456,269,0,240
1999-07-08T00:00:00Z,1.9453,1.9471,1.9261,1.9353,321,0,240
1999-07-11T00:00:00Z,1.9306,1.9399,1.9249,1.9356,251,0,240
1999-07-12T00:00:00Z,1.9357,1.9548999999999999,1.924,1.9504000000000001,472,0,240
1999-07-13T00:00:00Z,1.9468,1.9616,1.9363000000000001,1.9566,409,0,240
1999-07-14T00:00:00Z,1.9573,1.9636,1.9399,1.9418,320,0,240
1999-07-15T00:00:00Z,1.9445000000000001,1.9554,1.9411,1.9468999999999999,263,0,240
1999-07-18T00:00:00Z,1.9439,1.9849999999999999,1.9245999999999999,1.9797,851,0,240
1999-07-19T00:00:00Z,1.9752,2.0008,1.9569,1.9936,695,0,240
1999-07-20T00:00:00Z,1.9904,2.0157,1.9697,1.9914,911,0,240
1999-07-21T00:00:00Z,1.9914,2.0014,1.9859,1.9859,256,0,240
1999-07-22T00:00:00Z,1.9818,1.986,1.9675,1.9795,348,0,240
1999-07-25T00:00:00Z,1.98,2.0346,1.9797,2.021,689,0,240
1999-07-26T00:00:00Z,2.0189,2.0401,2.0168,2.0264,392,0,240
1999-07-27T00:00:00Z,2.0293,2.0424,2.0224,2.0304,390,0,240
1999-07-28T00:00:00Z,2.0317,2.0478,2.0209,2.024,462,0,240
1999-07-29T00:00:00Z,2.0274,2.0307,2.0082,2.018,357,0,240
1999-08-01T00:00:00Z,2.0169,2.0385,2.0157,2.0258,368,0,240
1999-08-02T00:00:00Z,2.0213,2.0255,1.9963,2.0031,403,0,240
1999-08-03T00:00:00Z,2.0043,2.0206,1.9854,2.0089,659,0,240
1999-08-04T00:00:00Z,2.0124,2.037,2.0047,2.0249,522,0,240
1999-08-05T00:00:00Z,2.0249,2.0385,2.0164,2.0328,364,0,240
1999-08-09T00:00:00Z,2.026,2.0415,2.022,2.0261,390,0,240
1999-08-10T00:00:00Z,2.0253,2.0403000000000002,2.0115,2.0142,466,0,240
1999-08-11T00:00:00Z,2.0068,2.0174,2.001,2.0172,225,0,240
1999-08-12T00:00:00Z,2.019,2.0204,1.9750999999999999,1.9933999999999998,651,0,240
1999-08-15T00:00:00Z,1.9887000000000001,2.0092,1.9862,2.008,268,0,240
1999-08-16T00:00:00Z,2.0066,2.0135,1.9851999999999999,1.9888,389,0,240
1999-08-17T00:00:00Z,1.9843,2.0058,1.9649999999999999,1.9676,650,0,240
1999-08-18T00:00:00Z,1.9698,2.0115,0.0,2.0097,39832,0,240
1999-08-19T00:00:00Z,2.0103,2.0157,1.9905,2.0069,471,0,240
1999-08-22T00:00:00Z,2.002,2.0119,1.9714,1.9915,706,0,240
1999-08-23T00:00:00Z,1.9905,2.0068,1.9722,2.0048,550,0,240
1999-08-24T00:00:00Z,2.0058,2.0408,2.0054,2.0216,551,0,240
1999-08-25T00:00:00Z,2.0178,2.0516,2.0163,2.0509,376,0,240
1999-08-26T00:00:00Z,2.0507,2.0519,2.0292,2.0389,337,0,240
1999-08-29T00:00:00Z,2.0488,2.0575,2.0328,2.0339,346,0,240
1999-08-30T00:00:00Z,2.0344,2.0514,2.0276,2.0426,395,0,240
1999-08-31T00:00:00Z,2.0389,2.0788,2.0382,2.0662,540,0,240
1999-09-01T00:00:00Z,2.0651,2.0774,2.0435,2.0626,654,0,240
1999-09-02T00:00:00Z,2.062,2.0724,2.0432,2.0451,416,0,240
1999-09-05T00:00:00Z,2.0424,2.0533,2.0171,2.0231,532,0,240
1999-09-06T00:00:00Z,2.0228,2.0264,2.0004,2.0072,365,0,240
1999-09-07T00:00:00Z,2.0105,2.0141,1.9963,2.0121,341,0,240
1999-09-08T00:00:00Z,2.0102,2.0192,1.9678,1.9782,709,0,240
1999-09-09T00:00:00Z,1.9764,1.9825,1.9458,1.9473,444,0,240
1999-09-12T00:00:00Z,1.9471,1.9541,1.9215,1.9492,632,0,240
1999-09-13T00:00:00Z,1.9472,1.9704000000000002,1.9433,1.9578,437,0,240
1999-09-14T00:00:00Z,1.9636,1.9935,1.9548,1.9841,570,0,240
1999-09-15T00:00:00Z,1.9803,2.0012,1.9738,1.9796,542,0,240
1999-09-16T00:00:00Z,1.9828000000000001,1.9849999999999999,1.9639,1.9849999999999999,401,0,240
1999-09-19T00:00:00Z,1.9849999999999999,2.0013,1.9735,1.9859,548,0,240
1999-09-20T00:00:00Z,1.9868000000000001,2.0036,1.9778,1.9978,407,0,240
1999-09-21T00:00:00Z,1.998,2.0064,1.9830999999999999,1.9976,463,0,240
1999-09-22T00:00:00Z,1.9893,2.0185,1.9811,2.0163,479,0,240
1999-09-23T00:00:00Z,2.01,2.0438,2.007,2.0192,645,0,240
1999-09-26T00:00:00Z,2.0151,2.0294,2.0058,2.0244,380,0,240
1999-09-27T00:00:00Z,2.0267,2.0528,2.0251,2.0468,354,0,240
1999-09-28T00:00:00Z,2.0468,2.0633,2.0406,2.0612,311,0,240
1999-09-29T00:00:00Z,2.0585,2.0702,2.0461,2.0621,447,0,240
1999-09-30T00:00:00Z,2.0621,2.0846999999999998,2.0538,2.0759,481,0,240
1999-10-03T00:00:00Z,2.069,2.0751,2.0466,2.0564,445,0,240
1999-10-04T00:00:00Z,2.0536,2.0584,2.0382,2.0517,386,0,240
1999-10-05T00:00:00Z,2.053,2.0651,2.0476,2.051,331,0,240
1999-10-06T00:00:00Z,2.0534,2.0683,2.045,2.0664,337,0,240
1999-10-07T00:00:00Z,2.0667,2.0831,2.0528,2.0704,570,0,240
1999-10-10T00:00:00Z,2.0654,2.0697,2.0575,2.062,211,0,240
1999-10-11T00:00:00Z,2.0592,2.0839,2.057,2.0793,338,0,240
1999-10-12T00:00:00Z,2.0862,2.1274,2.0774,2.1245,618,0,240
1999-10-13T00:00:00Z,2.1262,2.135,2.1058,2.1084,407,0,240
1999-10-14T00:00:00Z,2.109,2.1390000000000002,2.1075,2.1342,379,0,240
1999-10-17T00:00:00Z,2.1358,2.1433,2.1238,2.1247,280,0,240
1999-10-18T00:00:00Z,2.126,2.1306,2.1101,2.1122,273,0,240
1999-10-19T00:00:00Z,2.1147,2.1182,2.0872,2.089,364,0,240
1999-10-20T00:00:00Z,2.0999,2.1047,2.087,2.0926,282,0,240
1999-10-21T00:00:00Z,2.0943,2.1004,2.0656,2.0746,500,0,240
1999-10-24T00:00:00Z,2.0819,2.0827,2.067,2.0705999999999998,202,0,240
1999-10-25T00:00:00Z,2.0715,2.0756,2.0443,2.0647,559,0,240
1999-10-26T00:00:00Z,2.0675,2.0834,2.064,2.0698,366,0,240
1999-10-27T00:00:00Z,2.071,2.0749,2.0567,2.0592,247,0,240
1999-10-28T00:00:00Z,2.0578,2.0825,2.0433,2.0737,626,0,240
1999-10-31T00:00:00Z,2.0787,2.0817,2.0565,2.0631,349,0,240
1999-11-01T00:00:00Z,2.0624,2.0722,2.057,2.0587,268,0,240
1999-11-02T00:00:00Z,2.0659,2.0683,2.0367,2.0471,445,0,240
1999-11-03T00:00:00Z,2.0417,2.0592,2.0145,2.0175,653,0,240
1999-11-04T00:00:00Z,2.0191,2.0432,2.0166,2.03,424,0,240
1999-11-07T00:00:00Z,2.0403000000000002,2.0438,2.0179,2.0368,484,0,240
1999-11-08T00:00:00Z,2.0392,2.0504,2.0305,2.0396,395,0,240
1999-11-09T00:00:00Z,2.041,2.0438,2.0287,2.0404,297,0,240
1999-11-10T00:00:00Z,2.0381,2.042,2.0189,2.0282,364,0,240
1999-11-11T00:00:00Z,2.0308,2.0403000000000002,1.9933,1.9952,585,0,240
1999-11-14T00:00:00Z,1.9968,1.9968,1.9729999999999999,1.9803,312,0,240
1999-11-15T00:00:00Z,1.9808,2.0005,1.9779,1.9927000000000001,334,0,240
1999-11-16T00:00:00Z,1.9925000000000002,2.0278,1.9925000000000002,2.0278,354,0,240
1999-11-17T00:00:00Z,2.0268,2.037,2.0017,2.0062,501,0,240
1999-11-18T00:00:00Z,2.0063,2.0298,2.0063,2.0224,310,0,240
1999-11-21T00:00:00Z,2.0177,2.0264,2.0142,2.0256,166,0,240
1999-11-22T00:00:00Z,2.0256,2.0279,2.0063,2.0091,268,0,240
1999-11-23T00:00:00Z,2.0093,2.012,1.9893999999999998,1.9952,312,0,240
1999-11-24T00:00:00Z,1.9975,1.9989,1.9769999999999999,1.9891,355,0,240
1999-11-25T00:00:00Z,1.9896,1.9916,1.9714,1.9901,400,0,240
1999-11-28T00:00:00Z,1.987,1.999,1.9596,1.972,639,0,240
1999-11-29T00:00:00Z,1.9731,1.9859,1.9628,1.9828999999999999,365,0,240
1999-11-30T00:00:00Z,1.9818,1.9851,1.9687999999999999,1.9727999999999999,237,0,240
1999-12-01T00:00:00Z,1.9736,1.9825,1.9655,1.9734,339,0,240
1999-12-02T00:00:00Z,1.9744000000000002,1.9949,1.9702,1.9867,372,0,240
1999-12-05T00:00:00Z,1.9876,2.0285,1.979,2.0166,701,0,240
1999-12-06T00:00:00Z,2.0144,2.03,2.0044,2.0159,498,0,240
1999-12-07T00:00:00Z,2.0156,2.028,2.0058,2.028,321,0,240
1999-12-08T00:00:00Z,2.0236,2.0272,1.9983,2.0167,510,0,240
1999-12-09T00:00:00Z,2.0214,2.06,2.0206,2.047,533,0,240
1999-12-12T00:00:00Z,2.0508,2.0719,2.0474,2.0511,488,0,240
1999-12-13T00:00:00Z,2.0492,2.057,2.0214,2.0378,599,0,240
1999-12-14T00:00:00Z,2.0428,2.0468,2.0199,2.0316,427,0,240
1999-12-15T00:00:00Z,2.0349,2.035,1.9958,2.0018,454,0,240
1999-12-16T00:00:00Z,2.0121,2.0239,1.9843,1.9864000000000002,536,0,240
1999-12-19T00:00:00Z,1.9891,2.0026,1.9785,1.9861,453,0,240
1999-12-20T00:00:00Z,1.9856,1.9914,1.9504000000000001,1.9554,519,0,240
1999-12-21T00:00:00Z,1.9476,1.9674,1.9432,1.9592,369,0,240
1999-12-22T00:00:00Z,1.9472,1.9769999999999999,1.9419,1.9681,494,0,240
1999-12-23T00:00:00Z,1.9726,1.9910999999999999,1.9583,1.9664000000000001,595,0,240
1999-12-26T00:00:00Z,1.9661,1.9748,1.9531,1.9552,326,0,240
1999-12-27T00:00:00Z,1.955,1.9707,1.9284,1.9284,581,0,240
1999-12-28T00:00:00Z,1.9245999999999999,1.9682,1.9212,1.928,907,0,240
1999-12-29T00:00:00Z,1.9268,1.9413,1.9196,1.9276,427,0,240
1999-12-30T00:00:00Z,1.9322,1.9391,1.9251,1.9304000000000001,263,0,240
2000-01-02T00:00:00Z,1.9215,1.9559,1.9212,1.9541,369,0,240
2000-01-03T00:00:00Z,1.9523000000000001,1.9865,1.9417,1.9824000000000002,596,0,240
2000-01-04T00:00:00Z,1.9816,2.0054,1.9803,1.9828999999999999,490,0,240
2000-01-05T00:00:00Z,1.9872,2.0135,1.9839,2.0098,367,0,240
2000-01-06T00:00:00Z,2.0056,2.0084,1.982,1.9898,371,0,240
2000-01-09T00:00:00Z,1.9922,1.9990999999999999,1.9752999999999998,1.9881,436,0,240
2000-01-10T00:00:00Z,1.9881,2.0017,1.9761,1.9999,395,0,240
2000-01-11T00:00:00Z,1.9963,2.0005,1.979,1.9862,330,0,240
2000-01-12T00:00:00Z,1.984,1.9876,1.9548,1.959,407,0,240
2000-01-13T00:00:00Z,1.9598,1.9727999999999999,1.9397,1.9432,497,0,240
2000-01-16T00:00:00Z,1.9466,1.9557,1.9405999999999999,1.9484,285,0,240
2000-01-17T00:00:00Z,1.9487,1.9607,1.9449999999999998,1.959,212,0,240
2000-01-18T00:00:00Z,1.9630999999999998,1.9724,1.952,1.9706000000000001,334,0,240
2000-01-19T00:00:00Z,1.9665,1.9857,1.9552,1.9771,505,0,240
2000-01-20T00:00:00Z,1.9731999999999998,1.9811999999999999,1.9611,1.975,385,0,240
2000-01-23T00:00:00Z,1.9697,1.9868000000000001,1.95,1.9866000000000001,568,0,240
2000-01-24T00:00:00Z,1.9889000000000001,1.99,1.9523000000000001,1.9704000000000002,570,0,240
2000-01-25T00:00:00Z,1.9693,1.9792,1.963,1.97,318,0,240
2000-01-26T00:00:00Z,1.9693,1.9731,1.9251,1.9558,826,0,240
2000-01-27T00:00:00Z,1.9679,2.0174,1.9593,1.9814,1028,0,240
2000-01-30T00:00:00Z,1.9782,1.9941,1.9564,1.9583,556,0,240
2000-01-31T00:00:00Z,1.9545,1.9885000000000002,1.9492,1.9716,616,0,240
2000-02-01T00:00:00Z,1.9544000000000001,1.9944,1.9515,1.9796,607,0,240
2000-02-02T00:00:00Z,1.9681,2.0043,1.9583,1.9992,610,0,240
2000-02-03T00:00:00Z,1.97,2.0155,1.9698,1.9823,792,0,240
2000-02-06T00:00:00Z,1.9830999999999999,1.99,1.9630999999999998,1.9865,505,0,240
2000-02-07T00:00:00Z,1.9856,2.01,1.9782,2.0023,470,0,240
2000-02-08T00:00:00Z,2.0051,2.03,1.9961,2.0121,609,0,240
2000-02-09T00:00:00Z,2.0106,2.0186,1.9888,2.0052,543,0,240
2000-02-10T00:00:00Z,2.0078,2.015,1.9849999999999999,2.0092,587,0,240
2000-02-13T00:00:00Z,2.0036,2.0226,1.9918,2.0135,518,0,240
2000-02-14T00:00:00Z,2.0101,2.0325,2.0024,2.0144,560,0,240
2000-02-15T00:00:00Z,2.0129,2.0135,1.9912,2.0012,330,0,240
2000-02-16T00:00:00Z,2.0007,2.027,1.9912999999999998,1.999,698,0,240
2000-02-17T00:00:00Z,1.9999,2.0122,1.9931999999999999,2.002,360,0,240
2000-02-20T00:00:00Z,2.0105,2.0229,2.0068,2.0227,201,0,240
2000-02-21T00:00:00Z,2.0257,2.0566,2.0232,2.0445,481,0,240
2000-02-22T00:00:00Z,2.0556,2.079,2.0145,2.0511,1246,0,240
2000-02-23T00:00:00Z,2.0474,2.0553,2.0287,2.0364,423,0,240
2000-02-24T00:00:00Z,2.0378,2.0388,1.9931,2.0006,543,0,240
2000-02-27T00:00:00Z,1.9957,2.0136,1.9476,1.9969000000000001,1309,0,240
2000-02-28T00:00:00Z,1.9968,2.0563,1.9678,1.9699,1502,0,240
2000-02-29T00:00:00Z,1.9691,2.0152,1.9679,1.9950999999999999,687,0,240
2000-03-01T00:00:00Z,1.9944,2.0022,1.9706000000000001,1.9818,507,0,240
2000-03-02T00:00:00Z,1.9764,2.0039,1.9501,1.9596,909,0,240
2000-03-05T00:00:00Z,1.9546000000000001,2.0029,1.9521,1.9845000000000002,718,0,240
2000-03-06T00:00:00Z,1.9822,1.9954,1.968,1.9778,505,0,240
2000-03-07T00:00:00Z,1.9769,1.9917,1.9569,1.9681,609,0,240
2000-03-08T00:00:00Z,1.9668999999999999,1.9792,1.9541,1.9581,415,0,240
2000-03-09T00:00:00Z,1.9588999999999999,1.9705,1.9353,1.9498,614,0,240
2000-03-12T00:00:00Z,1.9544000000000001,1.9803,1.9478,1.951,617,0,240
2000-03-13T00:00:00Z,1.9579,1.9905,1.9445000000000001,1.9870999999999999,629,0,240
2000-03-14T00:00:00Z,1.9809,1.9937,1.9677,1.9769,481,0,240
2000-03-15T00:00:00Z,1.9736,1.9955,1.9691999999999998,1.9862,401,0,240
2000-03-16T00:00:00Z,1.9851999999999999,2.0086,1.9771,2.0047,436,0,240
2000-03-19T00:00:00Z,2.0083,2.0157,1.9948000000000001,1.9959,295,0,240
2000-03-20T00:00:00Z,1.9950999999999999,1.999,1.9604,1.9618,440,0,240
2000-03-21T00:00:00Z,1.9647000000000001,1.9773,1.9550999999999998,1.9739,353,0,240
2000-03-22T00:00:00Z,1.9729999999999999,1.9952999999999999,1.9693,1.9866000000000001,385,0,240
2000-03-23T00:00:00Z,1.9908000000000001,2.0042,1.9821,1.9985,366,0,240
2000-03-26T00:00:00Z,1.9834,1.9836,1.9279,1.9308999999999998,590,0,240
2000-03-27T00:00:00Z,1.9242,1.9292,1.9039000000000001,1.9054,319,0,240
2000-03-28T00:00:00Z,1.8981,1.9183,1.8904,1.9047,493,0,240
2000-03-29T00:00:00Z,1.9062000000000001,1.9277,1.9045999999999998,1.9176,349,0,240
2000-03-30T00:00:00Z,1.9203999999999999,1.9393,1.9163000000000001,1.9228,437,0,240
2000-04-02T00:00:00Z,1.9243999999999999,1.9264000000000001,1.9042,1.9045999999999998,247,0,240
2000-04-03T00:00:00Z,1.9011,1.9454,1.9011,1.9153,745,0,240
2000-04-04T00:00:00Z,1.9241000000000001,1.9333,1.9073,1.9114,394,0,240
2000-04-05T00:00:00Z,1.9111,1.9357,1.9042,1.9134,608,0,240
2000-04-06T00:00:00Z,1.9123999999999999,1.9327999999999999,1.9073,1.9162,473,0,240
2000-04-09T00:00:00Z,1.9226,1.9424000000000001,1.917,1.9394,341,0,240
2000-04-10T00:00:00Z,1.9375,1.9382000000000001,1.9181,1.9235,263,0,240
2000-04-11T00:00:00Z,1.9245999999999999,1.9306,1.9141,1.928,297,0,240
2000-04-12T00:00:00Z,1.9275,1.9275,1.9057,1.9163999999999999,326,0,240
2000-04-13T00:00:00Z,1.9127,1.9352,1.9097,1.931,328,0,240
2000-04-16T00:00:00Z,1.9249,1.9432,1.9219,1.9257,419,0,240
2000-04-17T00:00:00Z,1.9261,1.9282,1.9057,1.9123,313,0,240
2000-04-18T00:00:00Z,1.9092,1.9127999999999998,1.8758,1.8877000000000002,526,0,240
2000-04-19T00:00:00Z,1.8893,1.9026,1.8818000000000001,1.9002,308,0,240
2000-04-20T00:00:00Z,1.8986,1.9031,1.8946,1.8989,168,0,240
2000-04-23T00:00:00Z,1.8961000000000001,1.9117,1.8925,1.8928,352,0,240
2000-04-24T00:00:00Z,1.897,1.9,1.8565,1.8615,516,0,240
2000-04-25T00:00:00Z,1.8627,1.9009,1.8622999999999998,1.8975,425,0,240
2000-04-26T00:00:00Z,1.8952,1.901,1.8636,1.8671,468,0,240
2000-04-27T00:00:00Z,1.8726,1.8809,1.855,1.8791,454,0,240
2000-04-30T00:00:00Z,1.879,1.8933,1.8687,1.8819,464,0,240
2000-05-01T00:00:00Z,1.8813,1.8944,1.858,1.8761999999999999,678,0,240
2000-05-02T00:00:00Z,1.8766,1.8820999999999999,1.8113000000000001,1.8221,872,0,240
2000-05-03T00:00:00Z,1.8288,1.834,1.8107,1.812,299,0,240
2000-05-04T00:00:00Z,1.8159999999999998,1.8394,1.8115999999999999,1.8228,489,0,240
2000-05-07T00:00:00Z,1.8241,1.8617,1.8241,1.8597000000000001,397,0,240
2000-05-08T00:00:00Z,1.8699,1.9233,1.8554,1.8874,1184,0,240
2000-05-09T00:00:00Z,1.8893,1.9101,1.8845,1.9011,395,0,240
2000-05-10T00:00:00Z,1.9005999999999998,1.9255,1.8782999999999999,1.8805,744,0,240
2000-05-11T00:00:00Z,1.8857,1.9207999999999998,1.8803,1.9182000000000001,486,0,240
2000-05-14T00:00:00Z,1.9114,1.9367999999999999,1.8314,1.9287999999999998,1935,0,240
2000-05-15T00:00:00Z,1.9271,1.9317,1.8874,1.8958,574,0,240
2000-05-16T00:00:00Z,1.9152,1.9506000000000001,1.9052,1.9381,680,0,240
2000-05-17T00:00:00Z,1.9308999999999998,2.0036,1.913,1.9696,1426,0,240
2000-05-18T00:00:00Z,1.9771999999999998,1.9885000000000002,1.9449,1.9655,756,0,240
2000-05-21T00:00:00Z,1.9609999999999999,1.9794,1.9593,1.9719,294,0,240
2000-05-22T00:00:00Z,1.9698,1.9841,1.9527,1.9750999999999999,576,0,240
2000-05-23T00:00:00Z,1.98,2.0199,1.9544000000000001,1.9958,1153,0,240
2000-05-24T00:00:00Z,1.9903,2.0155,1.966,2.0108,786,0,240
2000-05-25T00:00:00Z,2.0102,2.0456,1.9213,2.0296,2293,0,240
2000-05-28T00:00:00Z,2.0294,2.0316,2.0136,2.0294,361,0,240
2000-05-29T00:00:00Z,2.03,2.044,2.0091,2.0283,682,0,240
2000-05-30T00:00:00Z,2.0233,2.0481,2.0151,2.0479,415,0,240
2000-05-31T00:00:00Z,2.0475,2.0559,2.0221,2.0376,578,0,240
2000-06-01T00:00:00Z,2.0373,2.0658,2.0173,2.0347,945,0,240
2000-06-04T00:00:00Z,2.0325,2.0358,1.9994,2.0234,638,0,240
2000-06-05T00:00:00Z,2.0211,2.0339,1.9496,2.0247,1651,0,240
2000-06-06T00:00:00Z,2.0269,2.0389,1.9857,2.0311,1023,0,240
2000-06-07T00:00:00Z,2.0291,2.0573,1.9415,2.0388,2220,0,240
2000-06-08T00:00:00Z,2.0411,2.0494,2.0189,2.0362,562,0,240
2000-06-11T00:00:00Z,2.0392,2.0394,2.0212,2.0233,206,0,240
2000-06-12T00:00:00Z,2.0278,2.0396,2.0192,2.0298,389,0,240
2000-06-13T00:00:00Z,2.0265,2.0338,2.0116,2.0192,372,0,240
2000-06-14T00:00:00Z,2.0179,2.0424,2.0065,2.0315,583,0,240
2000-06-15T00:00:00Z,2.0329,2.0378,1.9943,2.0198,740,0,240
2000-06-18T00:00:00Z,2.0181,2.0378,1.9910999999999999,2.0177,931,0,240
2000-06-19T00:00:00Z,2.0218,2.0237,2.0007,2.0088,331,0,240
2000-06-20T00:00:00Z,2.0079,2.0149,1.9851,1.9884,402,0,240
2000-06-21T00:00:00Z,1.9889000000000001,1.999,1.9794,1.9883,387,0,240
2000-06-22T00:00:00Z,1.9891,2.0072,1.9826000000000001,1.9893,491,0,240
2000-06-25T00:00:00Z,1.9904,2.0055,1.9839,1.9872999999999998,402,0,240
2000-06-26T00:00:00Z,1.9928,2.0068,1.9848,2.0049,320,0,240
2000-06-27T00:00:00Z,2.0051,2.0356,1.9888,2.0126,862,0,240
2000-06-28T00:00:00Z,2.0074,2.0393,2.0013,2.0297,538,0,240
2000-06-29T00:00:00Z,2.0367,2.0506,2.0222,2.033,532,0,240
2000-07-02T00:00:00Z,2.0342,2.0468,2.0016,2.0373,874,0,240
2000-07-03T00:00:00Z,2.0383,2.0494,2.0108,2.0394,762,0,240
2000-07-04T00:00:00Z,2.0438,2.0751,2.0371,2.0698,501,0,240
2000-07-05T00:00:00Z,2.0665,2.0806,2.056,2.0659,487,0,240
2000-07-06T00:00:00Z,2.0622,2.0762,2.0495,2.0566,479,0,240
2000-07-09T00:00:00Z,2.054,2.0711,2.0502,2.0679,280,0,240
2000-07-10T00:00:00Z,2.0681,2.076,2.0577,2.0718,330,0,240
2000-07-11T00:00:00Z,2.0689,2.0705,2.0413,2.0503,399,0,240
2000-07-12T00:00:00Z,2.0442,2.0466,2.0215,2.034,401,0,240
2000-07-13T00:00:00Z,2.0332,2.0379,2.0196,2.0371,328,0,240
2000-07-16T00:00:00Z,2.0362,2.0456,2.0253,2.0374,395,0,240
2000-07-17T00:00:00Z,2.0362,2.0475,2.0194,2.0248,449,0,240
2000-07-18T00:00:00Z,2.0234,2.0359,2.0144,2.0303,362,0,240
2000-07-19T00:00:00Z,2.0302,2.0342,2.0047,2.0168,457,0,240
2000-07-20T00:00:00Z,2.0212,2.0321,1.9992,2.0287,584,0,240
2000-07-23T00:00:00Z,2.0261,2.0299,1.9891999999999999,2.029,786,0,240
2000-07-24T00:00:00Z,2.0305,2.0476,2.0262000000000002,2.0388,346,0,240
2000-07-25T00:00:00Z,2.0372,2.0502,2.0305,2.0406,361,0,240
2000-07-26T00:00:00Z,2.0397,2.0517,2.0322,2.0356,350,0,240
2000-07-27T00:00:00Z,2.0359,2.0388,2.015,2.018,298,0,240
2000-07-30T00:00:00Z,2.0199,2.0464,2.0199,2.0404,326,0,240
2000-07-31T00:00:00Z,2.0398,2.041,2.0062,2.0168,467,0,240
2000-08-01T00:00:00Z,2.0176,2.042,1.978,2.0111,1216,0,240
2000-08-02T00:00:00Z,2.0115,2.0185,1.9806,1.9891999999999999,536,0,240
2000-08-03T00:00:00Z,1.9870999999999999,2.0257,1.9548999999999999,1.9902,1386,0,240
2000-08-06T00:00:00Z,1.9883,2.0112,1.9876,1.9949,407,0,240
2000-08-07T00:00:00Z,1.9952,1.9999,1.9723000000000002,1.9918,519,0,240
2000-08-08T00:00:00Z,1.987,1.9977,1.9765000000000001,1.9933999999999998,361,0,240
2000-08-09T00:00:00Z,1.994,2.0171,1.9926,2.0123,308,0,240
2000-08-10T00:00:00Z,2.0033,2.0221,1.9998,2.0114,366,0,240
2000-08-13T00:00:00Z,2.0104,2.0222,1.9994,2.0092,445,0,240
2000-08-14T00:00:00Z,2.0136,2.0398,2.0037,2.0357,502,0,240
2000-08-15T00:00:00Z,2.0408,2.0411,2.0123,2.0214,383,0,240
2000-08-16T00:00:00Z,2.0237,2.0407,1.9942,2.0253,915,0,240
2000-08-17T00:00:00Z,2.0236,2.0315,2.0103,2.0122,311,0,240
2000-08-20T00:00:00Z,2.0062,2.0154,1.9922,2.0045,448,0,240
2000-08-21T00:00:00Z,2.0037,2.0354,1.9948000000000001,2.0345,505,0,240
2000-08-22T00:00:00Z,2.0426,2.1014,2.0374,2.0886,821,0,240
2000-08-23T00:00:00Z,2.0896,2.1296,2.0673,2.0794,1145,0,240
2000-08-24T00:00:00Z,2.0795,2.0878,2.0515,2.0661,593,0,240
2000-08-27T00:00:00Z,2.0747,2.0802,2.0574,2.0734,444,0,240
2000-08-28T00:00:00Z,2.0746,2.0887000000000002,2.0631,2.0828,431,0,240
2000-08-29T00:00:00Z,2.0863,2.1001,2.0724,2.0747,439,0,240
2000-08-30T00:00:00Z,2.078,2.0848,2.0657,2.0767,370,0,240
2000-08-31T00:00:00Z,2.0829,2.1105,2.0729,2.0926,656,0,240
2000-09-03T00:00:00Z,2.0919,2.1077,2.0868,2.0932,406,0,240
2000-09-04T00:00:00Z,2.0968,2.1082,2.0604,2.0878,867,0,240
2000-09-05T00:00:00Z,2.0889,2.0924,2.0329,2.0476,778,0,240
2000-09-06T00:00:00Z,2.0513,2.1908,2.0396,2.0903,2635,0,240
2000-09-07T00:00:00Z,2.0871,2.1756,2.06,2.0705,2147,0,240
2000-09-10T00:00:00Z,2.0559,2.16,1.9885000000000002,1.9912,2784,0,240
2000-09-11T00:00:00Z,2.004,2.0377,1.9897,2.0286,715,0,240
2000-09-12T00:00:00Z,2.0298,2.0576,1.939,2.0392,2279,0,240
2000-09-13T00:00:00Z,2.0385,2.0848,1.9501,2.0589,2491,0,240
2000-09-14T00:00:00Z,2.0536,2.0698,1.9596,2.0511,2180,0,240
2000-09-17T00:00:00Z,2.0472,2.0897,1.9611,2.0795,2250,0,240
2000-09-18T00:00:00Z,2.0844,2.0901,2.0469,2.0522,543,0,240
2000-09-19T00:00:00Z,2.0513,2.0989,2.0513,2.0839,627,0,240
2000-09-20T00:00:00Z,2.083,2.1208,2.0749,2.1047,702,0,240
2000-09-21T00:00:00Z,2.1052,2.1675,2.0859,2.1311,1374,0,240
2000-09-24T00:00:00Z,2.1225,2.1446,2.095,2.1174,942,0,240
2000-09-25T00:00:00Z,2.1169000000000002,2.1394,2.1009,2.1338,602,0,240
2000-09-26T00:00:00Z,2.1284,2.1481,2.1051,2.12,777,0,240
2000-09-27T00:00:00Z,2.1178,2.1396,2.1102,2.1311,456,0,240
2000-09-28T00:00:00Z,2.1464,2.1798,2.1312,2.167,767,0,240
2000-10-01T00:00:00Z,2.1675,2.1898,2.1514,2.1572,666,0,240
2000-10-02T00:00:00Z,2.1593,2.1844,2.1508,2.1662,604,0,240
2000-10-03T00:00:00Z,2.1708,2.1909,2.1532,2.1577,624,0,240
2000-10-04T00:00:00Z,2.1574,2.1782,2.1519,2.1628,473,0,240
2000-10-05T00:00:00Z,2.1701,2.1781,2.1521,2.1639,459,0,240
2000-10-08T00:00:00Z,2.1524,2.1715,2.1351,2.1351,556,0,240
2000-10-09T00:00:00Z,2.1249,2.1718,2.1205,2.1528,748,0,240
2000-10-10T00:00:00Z,2.1463,2.1625,2.1339,2.1425,535,0,240
2000-10-11T00:00:00Z,2.1398,2.1846,2.1219,2.1773,880,0,240
2000-10-12T00:00:00Z,2.1665,2.1832,2.136,2.1481,761,0,240
2000-10-15T00:00:00Z,2.1432,2.1593999999999998,2.1207,2.1506,701,0,240
2000-10-16T00:00:00Z,2.1552,2.1702,2.1419,2.1701,418,0,240
2000-10-17T00:00:00Z,2.168,2.1772,2.1256,2.1329,682,0,240
2000-10-18T00:00:00Z,2.1276,2.1504,2.1249,2.1328,459,0,240
2000-10-19T00:00:00Z,2.1312,2.2013,2.0766,2.0908,2091,0,240
2000-10-22T00:00:00Z,2.084,2.1961,2.0802,2.0877,2282,0,240
2000-10-23T00:00:00Z,2.0867,2.1902,2.0687,2.0782,2346,0,240
2000-10-24T00:00:00Z,2.0797,2.1727,2.0554,2.072,2270,0,240
2000-10-25T00:00:00Z,2.0714,2.0824,2.0584,2.0676,443,0,240
2000-10-26T00:00:00Z,2.0672,2.098,2.0647,2.0832,507,0,240
2000-10-29T00:00:00Z,2.0849,2.1068,2.079,2.0907,499,0,240
2000-10-30T00:00:00Z,2.0887000000000002,2.1551,2.0858,2.1522,752,0,240
2000-10-31T00:00:00Z,2.1545,2.1866,2.1344,2.1583,1007,0,240
2000-11-01T00:00:00Z,2.1592000000000002,2.1835,2.1376,2.1572,899,0,240
2000-11-02T00:00:00Z,2.1554,2.1908,2.1442,2.1736,751,0,240
2000-11-05T00:00:00Z,2.1668,2.1767,2.143,2.1663,670,0,240
2000-11-06T00:00:00Z,2.1637,2.1736,2.1453,2.1557,487,0,240
2000-11-07T00:00:00Z,2.1572,2.1666,2.1339,2.1503,586,0,240
2000-11-08T00:00:00Z,2.1503,2.1726,2.134,2.1681,595,0,240
2000-11-09T00:00:00Z,2.1668,2.1899,2.1361,2.1774,971,0,240
2000-11-12T00:00:00Z,2.1843,2.1935000000000002,2.1648,2.1672,404,0,240
2000-11-13T00:00:00Z,2.1682,2.1722,2.1528,2.1621,328,0,240
2000-11-14T00:00:00Z,2.1625,2.168,2.144,2.1554,410,0,240
2000-11-15T00:00:00Z,2.153,2.1612999999999998,2.1226,2.1287,532,0,240
2000-11-16T00:00:00Z,2.124,2.1405,2.1139,2.1178,471,0,240
2000-11-19T00:00:00Z,2.1169000000000002,2.1536,2.1164,2.1522,392,0,240
2000-11-20T00:00:00Z,2.152,2.1602,2.1411,2.1514,377,0,240
2000-11-21T00:00:00Z,2.1516,2.1593,2.0924,2.1072,895,0,240
2000-11-22T00:00:00Z,2.108,2.1198,2.0891,2.0951,486,0,240
2000-11-23T00:00:00Z,2.0981,2.1147,2.0841,2.0957,589,0,240
2000-11-26T00:00:00Z,2.0986,2.1201,2.0898,2.0999,594,0,240
2000-11-27T00:00:00Z,2.1033,2.1233,2.0826000000000002,2.123,618,0,240
2000-11-28T00:00:00Z,2.1217,2.1381,2.1066,2.125,598,0,240
2000-11-29T00:00:00Z,2.1217,2.1484,2.1109,2.1148,682,0,240
2000-11-30T00:00:00Z,2.1143,2.1218,2.0939,2.1068,484,0,240
2000-12-03T00:00:00Z,2.1115,2.1158,2.0708,2.094,726,0,240
2000-12-04T00:00:00Z,2.0921,2.1066,2.0812,2.0913,501,0,240
2000-12-05T00:00:00Z,2.0944,2.0964,2.0639,2.0836,543,0,240
2000-12-06T00:00:00Z,2.0841,2.0915,2.065,2.0809,499,0,240
2000-12-07T00:00:00Z,2.0814,2.0921,2.0616,2.0803,600,0,240
2000-12-10T00:00:00Z,2.0676,2.0895,2.064,2.0788,399,0,240
2000-12-11T00:00:00Z,2.0782,2.0899,2.0627,2.0813,514,0,240
2000-12-12T00:00:00Z,2.0806,2.0865,2.061,2.0781,486,0,240
2000-12-13T00:00:00Z,2.0748,2.1077,2.0731,2.0944,497,0,240
2000-12-14T00:00:00Z,2.0929,2.1201,2.0731,2.1106,764,0,240
2000-12-17T00:00:00Z,2.0958,2.1033,2.0632,2.0807,652,0,240
2000-12-18T00:00:00Z,2.081,2.0873,2.0663,2.0776,387,0,240
2000-12-19T00:00:00Z,2.0787,2.0851,2.0623,2.068,350,0,240
2000-12-20T00:00:00Z,2.0663,2.0897,2.0619,2.0895,325,0,240
2000-12-21T00:00:00Z,2.0906,2.1069,2.0807,2.0899,518,0,240
2000-12-24T00:00:00Z,2.0929,2.1093,2.0846,2.0973,451,0,240
2000-12-25T00:00:00Z,2.0982,2.1105,2.0912,2.1057,312,0,240
2000-12-26T00:00:00Z,2.1058,2.1109,2.0911,2.0932,271,0,240
2000-12-27T00:00:00Z,2.0919,2.1155,2.0805,2.1123,497,0,240
2000-12-28T00:00:00Z,2.1137,2.1266,2.0814,2.1239,803,0,240
2000-12-31T00:00:00Z,2.1255,2.1318,2.1175,2.1225,257,0,230
2001-01-01T00:00:00Z,2.1205,2.1475,2.1113,2.1364,566,0,230
2001-01-02T00:00:00Z,2.1271,2.1424,2.0939,2.1169000000000002,869,0,230
2001-01-03T00:00:00Z,2.1157,2.135,2.0831,2.1299,897,0,230
2001-01-04T00:00:00Z,2.1302,2.1321,2.0785,2.1126,897,0,230
2001-01-07T00:00:00Z,2.1166,2.1178,2.089,2.0941,352,0,230
2001-01-08T00:00:00Z,2.0969,2.1211,2.0908,2.1053,523,0,230
2001-01-09T00:00:00Z,2.1064,2.1237,1.9992,2.1068,2487,0,230
2001-01-10T00:00:00Z,2.1092,2.1244,2.1038,2.1099,406,0,230
2001-01-11T00:00:00Z,2.1081,2.1355,2.1047,2.1339,359,0,230
2001-01-14T00:00:00Z,2.13,2.1382,2.1194,2.1341,336,0,230
2001-01-15T00:00:00Z,2.1305,2.1359,2.1018,2.1184,562,0,230
2001-01-16T00:00:00Z,2.1193,2.1239,2.0911,2.1017,481,0,230
2001-01-17T00:00:00Z,2.103,2.12,2.0917,2.0994,531,0,230
2001-01-18T00:00:00Z,2.0978,2.1082,2.0848,2.0898,389,0,230
2001-01-21T00:00:00Z,2.0906,2.0987999999999998,2.0734,2.0934,481,0,230
2001-01-22T00:00:00Z,2.0925,2.11,2.0921,2.0967,317,0,230
2001-01-23T00:00:00Z,2.0986,2.1175,2.0885,2.1085,482,0,230
2001-01-24T00:00:00Z,2.1112,2.1258,2.0995,2.1114,525,0,230
2001-01-25T00:00:00Z,2.1157,2.1389,2.1098,2.1218,522,0,230
2001-01-28T00:00:00Z,2.1202,2.1226,2.1068,2.1122,237,0,230
2001-01-29T00:00:00Z,2.1129,2.1155,2.0973,2.0997,233,0,230
2001-01-30T00:00:00Z,2.0996,2.1189999999999998,2.0978,2.1095,326,0,230
2001-01-31T00:00:00Z,2.1075,2.1198,2.0937,2.1029,477,0,230
2001-02-01T00:00:00Z,2.1053,2.1056,2.0808,2.1,444,0,230
2001-02-04T00:00:00Z,2.0979,2.1354,2.0955,2.1206,572,0,230
2001-02-05T00:00:00Z,2.12,2.1217,2.0902,2.1052,483,0,230
2001-02-06T00:00:00Z,2.1042,2.1098,2.0863,2.0942,371,0,230
2001-02-07T00:00:00Z,2.0941,2.1212,2.0888,2.1127,463,0,230
2001-02-08T00:00:00Z,2.1146,2.1266,2.102,2.1203,436,0,230
2001-02-11T00:00:00Z,2.1274,2.1339,2.1161,2.1282,349,0,230
2001-02-12T00:00:00Z,2.1294,2.1304,2.1133,2.1171,220,0,230
2001-02-13T00:00:00Z,2.1223,2.1483,2.116,2.1402,468,0,230
2001-02-14T00:00:00Z,2.1394,2.1546,2.1235,2.1265,494,0,230
2001-02-15T00:00:00Z,2.1245,2.1361,2.1088,2.1299,493,0,230
2001-02-18T00:00:00Z,2.1218,2.1441,2.1188,2.1353,372,0,230
2001-02-19T00:00:00Z,2.1345,2.1469,2.1189999999999998,2.1275,489,0,230
2001-02-20T00:00:00Z,2.1256,2.1403,2.1093,2.1167,532,0,230
2001-02-21T00:00:00Z,2.1158,2.1247,2.0957,2.098,403,0,230
2001-02-22T00:00:00Z,2.0972,2.1213,2.0903,2.1078,515,0,230
2001-02-25T00:00:00Z,2.1017,2.1313,2.091,2.1184,640,0,230
2001-02-26T00:00:00Z,2.1182,2.1316,2.1069,2.1249,428,0,230
2001-02-27T00:00:00Z,2.1256,2.1516,2.1250999999999998,2.146,327,0,230
2001-02-28T00:00:00Z,2.1407,2.1511,2.1354,2.1473,249,0,230
2001-03-01T00:00:00Z,2.1446,2.1612999999999998,2.1308,2.1475,582,0,230
2001-03-04T00:00:00Z,2.1473,2.1588,2.1362,2.1407,387,0,230
2001-03-05T00:00:00Z,2.1434,2.1703,2.1385,2.1571,500,0,230
2001-03-06T00:00:00Z,2.1577,2.2016999999999998,2.1553,2.1957,549,0,230
2001-03-07T00:00:00Z,2.1957,2.226,2.1906,2.2048,618,0,230
2001-03-08T00:00:00Z,2.2031,2.226,2.1895,2.2195,567,0,230
2001-03-11T00:00:00Z,2.2183,2.233,2.2079,2.209,410,0,230
2001-03-12T00:00:00Z,2.2119,2.2195,2.1875,2.1923,445,0,230
2001-03-13T00:00:00Z,2.1918,2.2074,2.1719,2.2034,595,0,230
2001-03-14T00:00:00Z,2.2047,2.2225,2.1823,2.1828,586,0,230
2001-03-15T00:00:00Z,2.1829,2.196,2.1532,2.1622,650,0,230
2001-03-18T00:00:00Z,2.1569,2.1605,2.126,2.154,662,0,230
2001-03-19T00:00:00Z,2.1566,2.1847,2.1338,2.1573,1012,0,230
2001-03-20T00:00:00Z,2.1544,2.1764,2.1385,2.164,663,0,230
2001-03-21T00:00:00Z,2.1677,2.1677,2.1322,2.142,454,0,230
2001-03-22T00:00:00Z,2.1422,2.1562,2.1141,2.1421,842,0,230
2001-03-25T00:00:00Z,2.142,2.2061,2.14,2.168,1063,0,230
2001-03-26T00:00:00Z,2.1664,2.1899,2.1554,2.1644,671,0,230
2001-03-27T00:00:00Z,2.1628,2.1758,2.1548,2.1617,410,0,230
2001-03-28T00:00:00Z,2.1596,2.1722,2.1438,2.1565,538,0,230
2001-03-29T00:00:00Z,2.1568,2.2037,2.1568,2.1767,740,0,230
2001-04-01T00:00:00Z,2.1679,2.2249,2.166,2.2146,712,0,230
2001-04-02T00:00:00Z,2.2142,2.2187,2.1886,2.2162,583,0,230
2001-04-03T00:00:00Z,2.2148,2.2335,2.2013,2.2162,631,0,230
2001-04-04T00:00:00Z,2.2136,2.234,2.2108,2.2298999999999998,302,0,230
2001-04-05T00:00:00Z,2.2233,2.2351,2.2082,2.2207,513,0,230
2001-04-08T00:00:00Z,2.2155,2.242,2.2138,2.2371,349,0,230
2001-04-09T00:00:00Z,2.2359999999999998,2.245,2.1981,2.2068,647,0,230
2001-04-10T00:00:00Z,2.2039,2.212,2.1697,2.1917,725,0,230
2001-04-11T00:00:00Z,2.1932,2.1989,2.1739,2.1907,476,0,230
2001-04-12T00:00:00Z,2.1853,2.1938,2.1731,2.1801,363,0,230
2001-04-15T00:00:00Z,2.1782,2.1914,2.1547,2.1629,582,0,230
2001-04-16T00:00:00Z,2.1637,2.1935000000000002,2.1493,2.1906,616,0,230
2001-04-17T00:00:00Z,2.1896,2.196,2.1665,2.1805,500,0,230
2001-04-18T00:00:00Z,2.1851,2.1998,2.1706,2.1849,583,0,230
2001-04-19T00:00:00Z,2.1852,2.1995,2.1652,2.1879,660,0,230
2001-04-22T00:00:00Z,2.1906,2.2305,2.171,2.1783,1068,0,230
2001-04-23T00:00:00Z,2.1775,2.2135,2.1727,2.1728,770,0,230
2001-04-24T00:00:00Z,2.1727,2.1962,2.1709,2.1817,417,0,230
2001-04-25T00:00:00Z,2.1802,2.2025,2.1799,2.1909,346,0,230
2001-04-26T00:00:00Z,2.1886,2.1998,2.1524,2.1643,706,0,230
2001-04-29T00:00:00Z,2.1656,2.1734999999999998,2.1416,2.1458,441,0,230
2001-04-30T00:00:00Z,2.1487,2.1618,2.1205,2.1327,667,0,230
2001-05-01T00:00:00Z,2.1351,2.1367,2.0995,2.1137,531,0,230
2001-05-02T00:00:00Z,2.1121,2.1323,2.0999,2.1109,637,0,230
2001-05-03T00:00:00Z,2.114,2.1306,2.1063,2.1169000000000002,458,0,230
2001-05-06T00:00:00Z,2.1141,2.122,2.1101,2.1161,219,0,230
2001-05-07T00:00:00Z,2.116,2.1198,2.0908,2.1135,556,0,230
2001-05-08T00:00:00Z,2.1113,2.1152,2.0633,2.0735,661,0,230
2001-05-09T00:00:00Z,2.071,2.0966,2.0596,2.0768,683,0,230
2001-05-10T00:00:00Z,2.0735,2.0824,2.0573,2.0726,494,0,230
2001-05-13T00:00:00Z,2.0764,2.0928,2.0716,2.0817,372,0,230
2001-05-14T00:00:00Z,2.0829,2.1076,2.0815,2.1002,350,0,230
2001-05-15T00:00:00Z,2.0972,2.1065,2.0876,2.0926,333,0,230
2001-05-16T00:00:00Z,2.0894,2.0999,2.0615,2.0701,576,0,230
2001-05-17T00:00:00Z,2.0733,2.0769,2.0508,2.0551,341,0,230
2001-05-20T00:00:00Z,2.0538,2.0593,2.0417,2.0559,332,0,230
2001-05-21T00:00:00Z,2.0565,2.0581,2.0282,2.039,424,0,230
2001-05-22T00:00:00Z,2.0388,2.0565,2.0306,2.0394,513,0,230
2001-05-23T00:00:00Z,2.0421,2.0595,2.0198,2.023,604,0,230
2001-05-24T00:00:00Z,2.0212,2.0336,2.0114,2.029,367,0,230
2001-05-27T00:00:00Z,2.0264,2.0321,2.0128,2.0152,275,0,230
2001-05-28T00:00:00Z,2.0338,2.039,2.0185,2.0339,410,0,230
2001-05-29T00:00:00Z,2.0353,2.0605,2.0219,2.0537,589,0,230
2001-05-30T00:00:00Z,2.0533,2.0803,2.0484,2.0661,511,0,230
2001-05-31T00:00:00Z,2.066,2.074,2.0466,2.0688,521,0,230
2001-06-03T00:00:00Z,2.0673,2.0782,2.0598,2.0598,294,0,230
2001-06-04T00:00:00Z,2.0603,2.0792,2.0539,2.0736,374,0,230
2001-06-05T00:00:00Z,2.0754,2.0755,2.0452,2.0475,328,0,230
2001-06-06T00:00:00Z,2.0491,2.0677,2.0299,2.0443,709,0,230
2001-06-07T00:00:00Z,2.046,2.048,2.0169,2.0247,410,0,230
2001-06-10T00:00:00Z,2.023,2.0376,2.0113,2.0193,490,0,230
2001-06-11T00:00:00Z,2.0184,2.0403000000000002,2.0156,2.0385,294,0,230
2001-06-12T00:00:00Z,2.0364,2.0392,2.012,2.0221,402,0,230
2001-06-13T00:00:00Z,2.0207,2.0832,2.0188,2.0645,851,0,230
2001-06-14T00:00:00Z,2.0644,2.076,2.0562,2.0699,342,0,230
2001-06-17T00:00:00Z,2.074,2.081,2.0616,2.0745,384,0,230
2001-06-18T00:00:00Z,2.0785,2.0787,2.0537,2.0598,314,0,230
2001-06-19T00:00:00Z,2.0573,2.0736,2.0359,2.0661,667,0,230
2001-06-20T00:00:00Z,2.0655,2.0785,2.0319,2.0709,879,0,230
2001-06-21T00:00:00Z,2.0708,2.0776,2.0355,2.0762,789,0,230
2001-06-24T00:00:00Z,2.0688,2.0914,2.0436,2.0776,869,0,230
2001-06-25T00:00:00Z,2.0772,2.0853,2.0433,2.07,769,0,230
2001-06-26T00:00:00Z,2.0696,2.0786,2.0589,2.0629,328,0,230
2001-06-27T00:00:00Z,2.0625,2.0841,2.0517,2.0764,510,0,230
2001-06-28T00:00:00Z,2.0759,2.1144,2.0722,2.0845,759,0,230
2001-07-01T00:00:00Z,2.0922,2.0942,2.0781,2.08,201,0,230
2001-07-03T00:00:00Z,2.0877,2.0877,2.0652,2.0756,330,0,230
2001-07-04T00:00:00Z,2.0752,2.0861,2.0636,2.0717,416,0,230
2001-07-05T00:00:00Z,2.0713,2.1033,2.0621,2.086,678,0,230
2001-07-08T00:00:00Z,2.0874,2.1002,2.0787,2.0887000000000002,418,0,230
2001-07-09T00:00:00Z,2.0886,2.1118,2.0832,2.1065,394,0,230
2001-07-10T00:00:00Z,2.1054,2.1327,2.0973,2.1231,532,0,230
2001-07-11T00:00:00Z,2.1227,2.1298,2.0992,2.1033,419,0,230
2001-07-12T00:00:00Z,2.1062,2.111,2.1018,2.1022,145,0,230
2001-07-15T00:00:00Z,2.0958,2.1146,2.092,2.0974,437,0,230
2001-07-16T00:00:00Z,2.0972,2.1203,2.0892,2.1132,463,0,230
2001-07-17T00:00:00Z,2.1104,2.1323,2.1017,2.1072,581,0,230
2001-07-18T00:00:00Z,2.1083,2.1174,2.0926,2.1074,488,0,230
2001-07-19T00:00:00Z,2.1072,2.149,2.1001,2.1278,773,0,230
2001-07-22T00:00:00Z,2.1308,2.1317,2.1136,2.1250999999999998,306,0,230
2001-07-23T00:00:00Z,2.1246,2.1374,2.1142,2.1166,385,0,230
2001-07-24T00:00:00Z,2.1167,2.1423,2.1136,2.1352,390,0,230
2001-07-25T00:00:00Z,2.1377,2.138,2.1162,2.1311,371,0,230
2001-07-26T00:00:00Z,2.1310000000000002,2.1423,2.1201,2.1297,432,0,230
2001-07-29T00:00:00Z,2.12,2.1307,2.1142,2.1186,317,0,230
2001-07-30T00:00:00Z,2.1195,2.1369,2.1155,2.1202,422,0,230
2001-07-31T00:00:00Z,2.1183,2.1332,2.1031,2.1111,531,0,230
2001-08-01T00:00:00Z,2.1104,2.118,2.0979,2.1093,392,0,230
2001-08-02T00:00:00Z,2.1099,2.1189,2.0854,2.114,630,0,230
2001-08-05T00:00:00Z,2.114,2.1164,2.0992,2.1002,207,0,230
2001-08-06T00:00:00Z,2.0994,2.103,2.0813,2.0962,403,0,230
2001-08-07T00:00:00Z,2.098,2.098,2.0695,2.0773,364,0,230
2001-08-08T00:00:00Z,2.0776,2.1125,2.0685000000000002,2.0977,680,0,230
2001-08-09T00:00:00Z,2.096,2.1053,2.0899,2.0993,276,0,230
2001-08-12T00:00:00Z,2.1,2.1048999999999998,2.0883,2.0947,280,0,230
2001-08-13T00:00:00Z,2.0948,2.109,2.0898,2.0964,369,0,230
2001-08-14T00:00:00Z,2.0963,2.1086,2.0861,2.1047,367,0,230
2001-08-15T00:00:00Z,2.1047,2.1203,2.0884,2.1074,612,0,230
2001-08-16T00:00:00Z,2.1071,2.1114,2.0714,2.0905,635,0,230
2001-08-19T00:00:00Z,2.0871,2.0936,2.0801,2.0933,209,0,230
2001-08-20T00:00:00Z,2.0951,2.0993,2.0815,2.0877,283,0,230
2001-08-21T00:00:00Z,2.0883,2.0911,2.0633,2.0691,365,0,230
2001-08-22T00:00:00Z,2.069,2.0792,2.0623,2.0733,296,0,230
2001-08-23T00:00:00Z,2.0733,2.0875,2.0649,2.0738,448,0,230
2001-08-26T00:00:00Z,2.0682,2.0854,2.0599,2.0806,387,0,230
2001-08-27T00:00:00Z,2.0803,2.0862,2.0641,2.0703,343,0,230
2001-08-28T00:00:00Z,2.0716,2.0764,2.0591,2.067,301,0,230
2001-08-29T00:00:00Z,2.067,2.078,2.0584,2.0692,371,0,230
2001-08-30T00:00:00Z,2.07,2.0844,2.0652,2.0782,303,0,230
2001-09-02T00:00:00Z,2.074,2.0835,2.0488,2.0789,646,0,230
2001-09-03T00:00:00Z,2.0792,2.0792,2.0444,2.0561,466,0,230
2001-09-04T00:00:00Z,2.0548,2.0711,2.0443,2.0502,491,0,230
2001-09-05T00:00:00Z,2.0487,2.0622,2.0366,2.0602,398,0,230
2001-09-06T00:00:00Z,2.0599,2.0883,2.0505,2.0878,478,0,230
2001-09-09T00:00:00Z,2.09,2.1096,2.0593,2.0843,950,0,230
2001-09-10T00:00:00Z,2.0846,2.1198,2.0807,2.1088,541,0,230
2001-09-11T00:00:00Z,2.1098,2.1367,2.101,2.124,573,0,230
2001-09-12T00:00:00Z,2.1243,2.169,2.121,2.1485,719,0,230
2001-09-13T00:00:00Z,2.1514,2.1923,2.1353,2.1718,937,0,230
2001-09-16T00:00:00Z,2.1765,2.2678,2.1765,2.2505,1087,0,230
2001-09-17T00:00:00Z,2.2466,2.2632,2.2343,2.2444,557,0,230
2001-09-18T00:00:00Z,2.2431,2.2718,2.2398,2.2500999999999998,571,0,230
2001-09-19T00:00:00Z,2.2506,2.2593,2.2377,2.255,389,0,230
2001-09-20T00:00:00Z,2.2549,2.2892,2.2407,2.2747,773,0,230
2001-09-23T00:00:00Z,2.2661,2.2989,2.245,2.2792,948,0,230
2001-09-24T00:00:00Z,2.2795,2.2817,2.2422,2.2709,705,0,230
2001-09-25T00:00:00Z,2.2718,2.284,2.2385,2.2801,828,0,230
2001-09-26T00:00:00Z,2.2826,2.304,2.2638,2.2873,758,0,230
2001-09-27T00:00:00Z,2.2873,2.2962,2.2301,2.2376,826,0,230
2001-09-30T00:00:00Z,2.2347,2.2616,2.234,2.2545,355,0,230
2001-10-01T00:00:00Z,2.2558,2.2713,2.2505,2.2666,309,0,230
2001-10-02T00:00:00Z,2.2675,2.2752,2.2259,2.2437,749,0,230
2001-10-03T00:00:00Z,2.2453,2.251,2.2168,2.2429,661,0,230
2001-10-04T00:00:00Z,2.2458,2.2467,2.1957,2.2157999999999998,721,0,230
2001-10-07T00:00:00Z,2.2171,2.2262,2.1967,2.2088,508,0,230
2001-10-08T00:00:00Z,2.2074,2.2313,2.2009,2.2119,564,0,230
2001-10-09T00:00:00Z,2.2123,2.2214,2.193,2.2039,485,0,230
2001-10-10T00:00:00Z,2.2039,2.2206,2.1701,2.1783,755,0,230
2001-10-11T00:00:00Z,2.1785,2.1982,2.1612999999999998,2.193,594,0,230
2001-10-14T00:00:00Z,2.1704,2.1728,2.1495,2.1577,340,0,230
2001-10-15T00:00:00Z,2.1574,2.1762,2.1436,2.1688,539,0,230
2001-10-16T00:00:00Z,2.1696,2.1721,2.1391999999999998,2.1629,592,0,230
2001-10-17T00:00:00Z,2.1563,2.1858,2.1506,2.1714,554,0,230
2001-10-18T00:00:00Z,2.1714,2.1796,2.1525,2.1567,396,0,230
2001-10-21T00:00:00Z,2.1523,2.1593999999999998,2.1286,2.1311,405,0,230
2001-10-22T00:00:00Z,2.1306,2.141,2.12,2.1255,370,0,230
2001-10-23T00:00:00Z,2.1261,2.1411,2.1214,2.1394,262,0,230
2001-10-24T00:00:00Z,2.1394,2.1703,2.1304,2.16,593,0,230
2001-10-25T00:00:00Z,2.1592000000000002,2.1708,2.1571,2.163,237,0,230
2001-10-28T00:00:00Z,2.1721,2.1883,2.1597,2.186,434,0,230
2001-10-29T00:00:00Z,2.186,2.1937,2.1701,2.1889,444,0,230
2001-10-30T00:00:00Z,2.1875,2.1982,2.1677,2.1923,563,0,230
2001-10-31T00:00:00Z,2.191,2.1964,2.167,2.1676,355,0,230
2001-11-01T00:00:00Z,2.1684,2.1928,2.1635,2.1741,530,0,230
2001-11-04T00:00:00Z,2.1719,2.1741,2.1544,2.1593,269,0,230
2001-11-05T00:00:00Z,2.1588,2.1603,2.1272,2.1307,382,0,230
2001-11-06T00:00:00Z,2.1309,2.1581,2.1239,2.1367,627,0,230
2001-11-07T00:00:00Z,2.1369,2.1458,2.1227,2.1242,336,0,230
2001-11-08T00:00:00Z,2.1226,2.1389,2.106,2.1323,562,0,230
2001-11-11T00:00:00Z,2.1124,2.1399,2.1076,2.115,621,0,230
2001-11-12T00:00:00Z,2.1135,2.1221,2.0775,2.0824,582,0,230
2001-11-13T00:00:00Z,2.0842,2.1063,2.0703,2.1016,547,0,230
2001-11-14T00:00:00Z,2.1015,2.1219,2.0961,2.1131,401,0,230
2001-11-15T00:00:00Z,2.1131,2.1407,2.1086,2.1288,486,0,230
2001-11-18T00:00:00Z,2.1232,2.1259,2.0898,2.109,581,0,230
2001-11-19T00:00:00Z,2.1102,2.134,2.1052,2.1292,387,0,230
2001-11-20T00:00:00Z,2.1292,2.1468,2.1221,2.1417,370,0,230
2001-11-21T00:00:00Z,2.1414,2.1511,2.1314,2.1387,368,0,230
2001-11-22T00:00:00Z,2.1395,2.1498,2.1301,2.1406,384,0,230
2001-11-25T00:00:00Z,2.134,2.1429,2.1272,2.1292,267,0,230
2001-11-26T00:00:00Z,2.1324,2.1377,2.1046,2.1252,591,0,230
2001-11-27T00:00:00Z,2.1252,2.1463,2.1204,2.1434,337,0,230
2001-11-28T00:00:00Z,2.1434,2.1588,2.138,2.1509,342,0,230
2001-11-29T00:00:00Z,2.1496,2.157,2.1292,2.1497,556,0,230
2001-12-02T00:00:00Z,2.1465,2.1567,2.1325,2.1567,383,0,230
2001-12-03T00:00:00Z,2.1568,2.1641,2.1446,2.1593,366,0,230
2001-12-04T00:00:00Z,2.1617,2.1637,2.1277,2.1394,498,0,230
2001-12-05T00:00:00Z,2.1402,2.1723,2.1305,2.1487,752,0,230
2001-12-06T00:00:00Z,2.1487,2.1539,2.136,2.1475,347,0,230
2001-12-09T00:00:00Z,2.1475,2.1501,2.1224,2.149,540,0,230
2001-12-10T00:00:00Z,2.1487,2.15,2.1256,2.134,342,0,230
2001-12-11T00:00:00Z,2.1347,2.1406,2.1221,2.1374,344,0,230
2001-12-12T00:00:00Z,2.1374,2.1463,2.1229,2.1356,451,0,230
2001-12-13T00:00:00Z,2.1355,2.1679,2.1293,2.1633,495,0,230
2001-12-16T00:00:00Z,2.1561,2.1723,2.153,2.1679,269,0,230
2001-12-17T00:00:00Z,2.1679,2.1721,2.1544,2.1672,348,0,230
2001-12-18T00:00:00Z,2.1672,2.1739,2.149,2.1716,455,0,230
2001-12-19T00:00:00Z,2.1716,2.1942,2.1459,2.1902,781,0,230
2001-12-20T00:00:00Z,2.1884,2.1953,2.1139,2.1366,1111,0,230
2001-12-23T00:00:00Z,2.1449,2.1485,2.1016,2.1035,525,0,230
2001-12-24T00:00:00Z,2.1048999999999998,2.1253,2.1016,2.1196,328,0,230
2001-12-25T00:00:00Z,2.1234,2.1271,2.1101,2.1248,327,0,230
2001-12-26T00:00:00Z,2.1253,2.1411,2.1121,2.1278,556,0,230
2001-12-27T00:00:00Z,2.1298,2.1385,2.1062,2.1318,627,0,230
2001-12-30T00:00:00Z,2.1289,2.1442,2.121,2.136,394,0,230
2001-12-31T00:00:00Z,2.1366,2.1442,2.1237,2.1362,407,0,200
2002-01-01T00:00:00Z,2.1355,2.183,2.1233,2.1396,1154,0,200
2002-01-02T00:00:00Z,2.1395,2.1449,2.1087,2.1157,487,0,200
2002-01-03T00:00:00Z,2.1157,2.1164,2.0798,2.0813,389,0,200
2002-01-06T00:00:00Z,2.082,2.0999,2.0757,2.0888,417,0,200
2002-01-07T00:00:00Z,2.0919,2.0939,2.0615,2.0758,488,0,200
2002-01-08T00:00:00Z,2.0781,2.0848,2.0653,2.0803,369,0,200
2002-01-09T00:00:00Z,2.0805,2.0954,2.0725,2.0937,327,0,200
2002-01-10T00:00:00Z,2.0936,2.1103,2.0863,2.1101,316,0,200
2002-01-13T00:00:00Z,2.1177,2.12,2.1016,2.1161,353,0,200
2002-01-14T00:00:00Z,2.1174,2.1182,2.0859,2.0915,388,0,200
2002-01-15T00:00:00Z,2.0921,2.104,2.0826000000000002,2.0995,355,0,200
2002-01-16T00:00:00Z,2.0995,2.1955,2.084,2.089,2126,0,200
2002-01-17T00:00:00Z,2.0868,2.0914,2.0791,2.0877,238,0,200
2002-01-20T00:00:00Z,2.0819,2.0879,2.0568,2.0587,391,0,200
2002-01-21T00:00:00Z,2.0585,2.0646,2.0519,2.0638,202,0,200
2002-01-22T00:00:00Z,2.0659,2.0748,2.0445,2.0604,552,0,200
2002-01-23T00:00:00Z,2.0601,2.072,2.0492,2.0549,405,0,200
2002-01-24T00:00:00Z,2.0542,2.0584,2.0336,2.0372,327,0,200
2002-01-27T00:00:00Z,2.0389,2.0776,2.0335,2.0378,872,0,200
2002-01-28T00:00:00Z,2.0392,2.0783,2.0322,2.0622,693,0,200
2002-01-29T00:00:00Z,2.0619,2.0897,2.0601,2.0659,553,0,200
2002-01-30T00:00:00Z,2.0659,2.0865,2.0543,2.0655,641,0,200
2002-01-31T00:00:00Z,2.0652,2.0722,2.0518,2.0624,381,0,200
2002-02-03T00:00:00Z,2.0667,2.0857,2.056,2.0817,445,0,200
2002-02-04T00:00:00Z,2.0828,2.0868,2.0732,2.0853,248,0,200
2002-02-05T00:00:00Z,2.0818,2.0864,2.0701,2.0807,316,0,200
2002-02-06T00:00:00Z,2.0803,2.0949,2.0766,2.088,290,0,200
2002-02-07T00:00:00Z,2.0877,2.0945,2.0782,2.0859,309,0,200
2002-02-10T00:00:00Z,2.0794,2.0921,2.0694,2.0851,398,0,200
2002-02-11T00:00:00Z,2.0842,2.1013,2.0834,2.1009,192,0,200
2002-02-12T00:00:00Z,2.1008,2.1024,2.081,2.083,251,0,200
2002-02-13T00:00:00Z,2.0825,2.0898,2.0593,2.0722,508,0,200
2002-02-14T00:00:00Z,2.0718,2.0792,2.0596,2.0653,328,0,200
2002-02-17T00:00:00Z,2.0692,2.0716,2.0522,2.063,327,0,200
2002-02-18T00:00:00Z,2.0625,2.0841,2.0583,2.0783,359,0,200
2002-02-19T00:00:00Z,2.0781,2.0865,2.0647,2.0714,370,0,200
2002-02-20T00:00:00Z,2.0713,2.0854,2.0684,2.0767,287,0,200
2002-02-21T00:00:00Z,2.0766,2.0977,2.0725,2.0917,354,0,200
2002-02-24T00:00:00Z,2.096,2.0995,2.0786,2.083,289,0,200
2002-02-25T00:00:00Z,2.0824,2.0851,2.06,2.0704,383,0,200
2002-02-26T00:00:00Z,2.0698,2.0753,2.0539,2.065,381,0,200
2002-02-27T00:00:00Z,2.0631,2.0715,2.0504,2.0601,393,0,200
2002-02-28T00:00:00Z,2.0647,2.0647,2.0371,2.0419,325,0,200
2002-03-03T00:00:00Z,2.0293,2.0495,2.023,2.0441,383,0,200
2002-03-04T00:00:00Z,2.0457,2.0801,2.034,2.0499,881,0,200
2002-03-05T00:00:00Z,2.0502,2.0835,2.038,2.0636,777,0,200
2002-03-06T00:00:00Z,2.0455,2.0809,2.0238,2.0453,1141,0,200
2002-03-07T00:00:00Z,2.0482,2.0808,2.0248,2.0279,918,0,200
2002-03-10T00:00:00Z,2.0357,2.083,2.0343,2.0447,885,0,200
2002-03-11T00:00:00Z,2.0448,2.0778,2.0243,2.0385,1008,0,200
2002-03-12T00:00:00Z,2.0386,2.0781,2.0364,2.0412,809,0,200
2002-03-13T00:00:00Z,2.0404,2.0836,2.0379,2.0535,784,0,200
2002-03-14T00:00:00Z,2.0433,2.0791,2.0164,2.0173,995,0,200
2002-03-17T00:00:00Z,2.0203,2.0651,2.0136,2.06,634,0,200
2002-03-18T00:00:00Z,2.0259,2.0675,2.0187,2.0387,849,0,200
2002-03-19T00:00:00Z,2.0382,2.0647,1.998,2.024,1193,0,200
2002-03-20T00:00:00Z,2.011,2.0543,1.9865,2.0117,1350,0,200
2002-03-21T00:00:00Z,2.0123,2.0523,1.9907,2.0283,1073,0,200
2002-03-24T00:00:00Z,2.0036,2.0505,1.9798,2.0378,1073,0,200
2002-03-25T00:00:00Z,2.0047,2.0547,1.9941,2.0117,1143,0,200
2002-03-26T00:00:00Z,2.0122,2.0554,1.9935,2.0032,1149,0,200
2002-03-27T00:00:00Z,2.0041,2.0354,1.9715,1.9788000000000001,1026,0,200
2002-03-28T00:00:00Z,1.9756,2.0085,1.9729,1.9877,592,0,200
2002-03-31T00:00:00Z,1.978,2.0217,1.9691999999999998,1.9914,917,0,200
2002-04-01T00:00:00Z,1.9933999999999998,2.0206,1.9781,1.9917,834,0,200
2002-04-02T00:00:00Z,1.992,2.054,1.9879,2.0033,1210,0,200
2002-04-03T00:00:00Z,2.0036,2.0552,1.9901,1.9901,1168,0,200
2002-04-04T00:00:00Z,1.9912,2.0547,1.9858,2.0066,1225,0,200
2002-04-07T00:00:00Z,2.0307,2.0644,1.9909,2.0128,1292,0,200
2002-04-08T00:00:00Z,2.0133,2.0584,2.0033,2.0212,1024,0,200
2002-04-09T00:00:00Z,2.0212,2.0627,2.004,2.0056,1019,0,200
2002-04-10T00:00:00Z,2.0091,2.0501,1.9853,1.9947,1153,0,200
2002-04-11T00:00:00Z,1.9966,2.0183,1.9713,2.0043,864,0,200
2002-04-14T00:00:00Z,2.005,2.0425,1.9889999999999999,2.0026,1047,0,200
2002-04-15T00:00:00Z,2.0036,2.0535,1.9964,2.001,1117,0,200
2002-04-16T00:00:00Z,2.001,2.0517,1.9889000000000001,1.9954,1201,0,200
2002-04-17T00:00:00Z,1.9952,2.0227,1.9903,1.9957,644,0,200
2002-04-18T00:00:00Z,1.9954,2.0188,1.984,1.9915,658,0,200
2002-04-21T00:00:00Z,2.0029,2.0182,1.9836,1.9867,531,0,200
2002-04-22T00:00:00Z,1.9867,2.0159,1.9783,1.991,710,0,200
2002-04-23T00:00:00Z,1.991,2.0187,1.9857,1.9943,628,0,200
2002-04-24T00:00:00Z,1.9874,2.0215,1.9823,1.9952,707,0,200
2002-04-25T00:00:00Z,1.9952999999999999,2.0496,1.987,2.0001,1205,0,200
2002-04-28T00:00:00Z,2.0008,2.0552,1.9962,2.0188,1001,0,200
2002-04-29T00:00:00Z,2.0189,2.061,2.0078,2.0106,982,0,200
2002-04-30T00:00:00Z,2.0131,2.06,2.0066,2.0179,1021,0,200
2002-05-01T00:00:00Z,2.0173,2.0673,2.0043,2.0568,866,0,200
2002-05-02T00:00:00Z,2.0254,2.0726,2.0232,2.0445,798,0,200
2002-05-05T00:00:00Z,2.0405,2.0828,2.0381,2.0466,834,0,200
2002-05-06T00:00:00Z,2.0467,2.08,2.0278,2.0388,966,0,200
2002-05-07T00:00:00Z,2.0385,2.0673,2.0087,2.024,1028,0,200
2002-05-08T00:00:00Z,2.0239,2.0572,2.0059,2.0304,962,0,200
2002-05-09T00:00:00Z,2.0123,2.0626,2.0092,2.0153,1039,0,200
2002-05-12T00:00:00Z,2.0166,2.0628,1.9959,2.0178,1327,0,200
2002-05-13T00:00:00Z,2.001,2.0227,1.9722,1.9729999999999999,731,0,200
2002-05-14T00:00:00Z,1.9742,2.0058,1.9646,1.9870999999999999,696,0,200
2002-05-15T00:00:00Z,1.9919,2.0182,1.9716,1.9824000000000002,838,0,200
2002-05-16T00:00:00Z,1.9828000000000001,2.0165,1.9694,1.9809,924,0,200
2002-05-19T00:00:00Z,1.9859,2.0056,1.9691999999999998,1.9725000000000001,595,0,200
2002-05-20T00:00:00Z,1.9705,2.002,1.9607999999999999,1.9687000000000001,807,0,200
2002-05-21T00:00:00Z,1.9686,1.9957,1.9452,1.9769999999999999,927,0,200
2002-05-22T00:00:00Z,1.9562,1.9912999999999998,1.9374,1.9518,1035,0,200
2002-05-23T00:00:00Z,1.9497,1.9963,1.9451,1.9553,969,0,200
2002-05-26T00:00:00Z,1.9643000000000002,1.9897,1.939,1.9726,932,0,200
2002-05-27T00:00:00Z,1.947,1.9803,1.9364,1.9506000000000001,843,0,200
2002-05-28T00:00:00Z,1.9517,1.988,1.939,1.9598,900,0,200
2002-05-29T00:00:00Z,1.9596,2.0001,1.9569,1.9731,730,0,200
2002-05-30T00:00:00Z,1.9724,1.9914,1.9302000000000001,1.9508999999999999,1010,0,200
2002-06-02T00:00:00Z,1.9414,1.9421,1.9268,1.9361000000000002,254,0,200
2002-06-03T00:00:00Z,1.9365999999999999,1.9365999999999999,1.9079000000000002,1.9192,401,0,200
2002-06-04T00:00:00Z,1.9193,1.9314,1.9123999999999999,1.9197,377,0,200
2002-06-05T00:00:00Z,1.9177,1.9332,1.9045,1.9271,481,0,200
2002-06-06T00:00:00Z,1.9268999999999998,1.9514,1.9132,1.9417,617,0,200
2002-06-09T00:00:00Z,1.9477,1.9721,1.9238,1.9365,855,0,200
2002-06-10T00:00:00Z,1.9382000000000001,1.9727999999999999,1.9285,1.9396,873,0,200
2002-06-11T00:00:00Z,1.9399,1.9727000000000001,1.9181,1.9193,887,0,200
2002-06-12T00:00:00Z,1.9192,1.9367,1.9081000000000001,1.9338,427,0,200
2002-06-13T00:00:00Z,1.9338,1.9661,1.9238,1.9586000000000001,599,0,200
2002-06-16T00:00:00Z,1.9506000000000001,1.9617,1.9453,1.9515,320,0,200
2002-06-17T00:00:00Z,1.9564,1.9609,1.9413,1.9508999999999999,338,0,200
2002-06-18T00:00:00Z,1.9512,1.9642,1.9494,1.9641,168,0,200
2002-06-19T00:00:00Z,1.964,1.9673,1.9569,1.9601,170,0,200
2002-06-20T00:00:00Z,1.9603000000000002,1.9637,1.9373,1.9476,402,0,200
2002-06-23T00:00:00Z,1.9512,1.9994,1.9398,1.9664000000000001,1041,0,200
2002-06-24T00:00:00Z,1.9662,1.9895,1.9653,1.9844,303,0,200
2002-06-25T00:00:00Z,1.9834,2.0522,1.9758,2.0214,1149,0,200
2002-06-26T00:00:00Z,2.0234,2.0263,1.9995,2.0149,452,0,200
2002-06-27T00:00:00Z,2.0152,2.0452,2.0094,2.0357,512,0,200
2002-06-30T00:00:00Z,2.0362999999999998,2.0488,2.0257,2.0332,432,0,200
2002-07-01T00:00:00Z,2.0331,2.0333,2.0112,2.0188,300,0,200
2002-07-02T00:00:00Z,2.019,2.019,2.0013,2.0063,228,0,200
2002-07-03T00:00:00Z,2.0046,2.0268,2.0046,2.0206,285,0,200
2002-07-04T00:00:00Z,2.0219,2.027,1.9949,2.0038,462,0,200
2002-07-07T00:00:00Z,2.0033,2.0177,2.0028,2.0166,166,0,200
2002-07-08T00:00:00Z,2.0187,2.0208,2.0087,2.0173,229,0,200
2002-07-09T00:00:00Z,2.0183,2.0339,2.0057,2.0301,447,0,200
2002-07-10T00:00:00Z,2.029,2.0564,2.023,2.0465,494,0,200
2002-07-11T00:00:00Z,2.0442,2.0555,2.0275,2.0435,554,0,200
2002-07-14T00:00:00Z,2.0432,2.0787,2.0352,2.0672,631,0,200
2002-07-15T00:00:00Z,2.0651,2.0892,2.0599,2.0801,437,0,200
2002-07-16T00:00:00Z,2.0808,2.0976,2.0727,2.092,387,0,200
2002-07-17T00:00:00Z,2.0913,2.0982,2.0808,2.0939,323,0,200
2002-07-18T00:00:00Z,2.0948,2.098,2.0703,2.0705,312,0,200
2002-07-21T00:00:00Z,2.0778,2.1054,2.0709,2.1001,468,0,200
2002-07-22T00:00:00Z,2.1005,2.1095,2.0745,2.0887000000000002,583,0,200
2002-07-23T00:00:00Z,2.0888,2.1479,2.0863,2.1039,1082,0,200
2002-07-24T00:00:00Z,2.1033,2.1602,2.1024,2.149,700,0,200
2002-07-25T00:00:00Z,2.1519,2.1638,2.1188,2.1305,687,0,200
2002-07-28T00:00:00Z,2.1250999999999998,2.1368,2.0844,2.0916,714,0,200
2002-07-29T00:00:00Z,2.0915,2.1052,2.0813,2.1028000000000002,366,0,200
2002-07-30T00:00:00Z,2.1041,2.1065,2.0741,2.1024,632,0,200
2002-07-31T00:00:00Z,2.1017,2.1282,2.095,2.1277,405,0,200
2002-08-01T00:00:00Z,2.1273,2.1383,2.1144,2.126,466,0,200
2002-08-04T00:00:00Z,2.127,2.154,2.1132,2.1423,664,0,200
2002-08-05T00:00:00Z,2.1435,2.1625,2.1295,2.1335,561,0,200
2002-08-06T00:00:00Z,2.1319,2.1573,2.1284,2.1408,490,0,200
2002-08-07T00:00:00Z,2.1411,2.1436,2.1171,2.1223,343,0,200
2002-08-08T00:00:00Z,2.1226,2.1335,2.1125,2.1173,368,0,200
2002-08-11T00:00:00Z,2.114,2.1242,2.0977,2.1092,483,0,200
2002-08-12T00:00:00Z,2.1081,2.1371,2.1023,2.1352,426,0,200
2002-08-13T00:00:00Z,2.1356,2.1661,2.1166,2.1179,814,0,200
2002-08-14T00:00:00Z,2.1181,2.1254,2.09,2.1088,616,0,200
2002-08-15T00:00:00Z,2.105,2.1161,2.0857,2.1034,593,0,200
2002-08-18T00:00:00Z,2.1033,2.1128,2.0875,2.0909,383,0,200
2002-08-19T00:00:00Z,2.091,2.0955,2.0771,2.0832,291,0,200
2002-08-20T00:00:00Z,2.0817,2.1134,2.0765,2.0996,560,0,200
2002-08-21T00:00:00Z,2.0991,2.108,2.0761,2.0779,427,0,200
2002-08-22T00:00:00Z,2.0781,2.0921,2.0696,2.0883,349,0,200
2002-08-25T00:00:00Z,2.0829,2.0854,2.0697,2.07,186,0,200
2002-08-26T00:00:00Z,2.0713,2.0832,2.0581,2.0793,423,0,200
2002-08-27T00:00:00Z,2.0792,2.0953,2.0705,2.0842,447,0,200
2002-08-28T00:00:00Z,2.0839,2.1145,2.0816,2.1037,461,0,200
2002-08-29T00:00:00Z,2.1039,2.1039,2.0901,2.094,178,0,200
2002-09-01T00:00:00Z,2.098,2.1011,2.0872,2.0949,248,0,200
2002-09-02T00:00:00Z,2.095,2.137,2.0887000000000002,2.1322,595,0,200
2002-09-03T00:00:00Z,2.1352,2.1444,2.1202,2.1286,419,0,200
2002-09-04T00:00:00Z,2.1273,2.1424,2.1203,2.1286,430,0,200
2002-09-05T00:00:00Z,2.1292,2.1362,2.0836,2.087,631,0,200
2002-09-08T00:00:00Z,2.0897,2.0947,2.0789,2.0789,209,0,200
2002-09-09T00:00:00Z,2.0846,2.0913,2.0661,2.0738,397,0,200
2002-09-10T00:00:00Z,2.0725,2.0817,2.0612,2.0673,359,0,200
2002-09-11T00:00:00Z,2.0684,2.0686,2.0473,2.0675,418,0,200
2002-09-12T00:00:00Z,2.0672,2.0771,2.0473,2.0497,422,0,200
2002-09-15T00:00:00Z,2.0617,2.0687,2.0514,2.06,330,0,200
2002-09-16T00:00:00Z,2.0579,2.0748,2.0452,2.0748,424,0,200
2002-09-17T00:00:00Z,2.0746,2.0892,2.0648,2.0749,486,0,200
2002-09-18T00:00:00Z,2.0681,2.0788,2.0613,2.0775,257,0,200
2002-09-19T00:00:00Z,2.0853,2.0928,2.0759,2.0857,335,0,200
2002-09-22T00:00:00Z,2.0885,2.0992,2.0733,2.0869,503,0,200
2002-09-23T00:00:00Z,2.0867,2.0931,2.0797,2.0896,240,0,200
2002-09-24T00:00:00Z,2.0889,2.0904,2.0673,2.0692,266,0,200
2002-09-25T00:00:00Z,2.0681,2.1067,2.0585,2.0776,870,0,200
2002-09-26T00:00:00Z,2.0775,2.0857,2.0676,2.0823,315,0,200
2002-09-29T00:00:00Z,2.0937,2.1083,2.0803,2.1044,454,0,200
2002-09-30T00:00:00Z,2.1031,2.1143,2.0704,2.0705,553,0,200
2002-10-01T00:00:00Z,2.0717,2.0864,2.0637,2.0832,340,0,200
2002-10-02T00:00:00Z,2.0831,2.0856,2.0629,2.0694,318,0,200
2002-10-03T00:00:00Z,2.0667,2.0723,2.0414,2.0424,376,0,200
2002-10-06T00:00:00Z,2.0448,2.0474,2.0228,2.033,375,0,200
2002-10-07T00:00:00Z,2.0333,2.0373,2.0266,2.0337,211,0,200
2002-10-08T00:00:00Z,2.0353,2.0635,2.0324,2.0581,395,0,200
2002-10-09T00:00:00Z,2.0589,2.0711,2.0493,2.0597,429,0,200
2002-10-10T00:00:00Z,2.0611,2.0634,2.0462,2.0506,240,0,200
2002-10-13T00:00:00Z,2.0547,2.0671,2.0505,2.064,240,0,200
2002-10-14T00:00:00Z,2.0639,2.0771,2.0394,2.0468,584,0,200
2002-10-15T00:00:00Z,2.0503,2.0531,2.0389,2.0441,223,0,200
2002-10-16T00:00:00Z,2.044,2.0456,2.0131,2.0157,368,0,200
2002-10-17T00:00:00Z,2.0154,2.024,2.0113,2.0186,223,0,200
2002-10-20T00:00:00Z,2.019,2.0239,2.0009,2.0126,397,0,200
2002-10-21T00:00:00Z,2.0124,2.0254,2.0057,2.0231,288,0,200
2002-10-22T00:00:00Z,2.0255,2.0266,2.0103,2.0148,220,0,200
2002-10-23T00:00:00Z,2.0154,2.0154,1.9973,2.0118,327,0,200
2002-10-24T00:00:00Z,2.012,2.0133,2.0031,2.0033,118,0,200
2002-10-27T00:00:00Z,2.0028,2.0147,1.9944,2.0133,302,0,200
2002-10-28T00:00:00Z,2.0129,2.0313,2.0048,2.0202,458,0,200
2002-10-29T00:00:00Z,2.0203,2.0425,2.0178,2.0389,309,0,200
2002-10-30T00:00:00Z,2.038,2.0453,2.0319,2.0361,250,0,200
2002-10-31T00:00:00Z,2.0384,2.0418,2.0222,2.0263,272,0,200
2002-11-03T00:00:00Z,2.0241,2.0318,2.0007,2.0031,413,0,200
2002-11-04T00:00:00Z,2.0047,2.0219,2.0035,2.0196,220,0,200
2002-11-05T00:00:00Z,2.0187,2.025,2.007,2.0159,333,0,200
2002-11-06T00:00:00Z,2.0163,2.0235,2.0069,2.0176,320,0,200
2002-11-07T00:00:00Z,2.0166,2.0415,2.0121,2.039,365,0,200
2002-11-10T00:00:00Z,2.046,2.0546,2.0367,2.0456,355,0,200
2002-11-11T00:00:00Z,2.0484,2.0539,2.0377,2.0527,282,0,200
2002-11-12T00:00:00Z,2.0516,2.055,2.0232,2.0273,394,0,200
2002-11-13T00:00:00Z,2.0289,2.0311,2.0018,2.0062,360,0,200
2002-11-14T00:00:00Z,2.0065,2.0204,1.9990999999999999,2.02,292,0,200
2002-11-17T00:00:00Z,2.0258,2.0329,2.0142,2.0308,325,0,200
2002-11-18T00:00:00Z,2.0314,2.0392,2.0134,2.0134,337,0,200
2002-11-19T00:00:00Z,2.0188,2.0296,2.0026,2.0056,409,0,200
2002-11-20T00:00:00Z,2.0051,2.0219,1.9822,1.9916,660,0,200
2002-11-21T00:00:00Z,1.992,1.9976,1.9790999999999999,1.9832999999999998,284,0,200
2002-11-24T00:00:00Z,1.9806,1.9922,1.9782,1.9867,220,0,200
2002-11-25T00:00:00Z,1.9868999999999999,2.0059,1.9825,2.0038,300,0,200
2002-11-26T00:00:00Z,2.0042,2.0205,1.9909,2.0045,590,0,200
2002-11-27T00:00:00Z,2.0047,2.0145,1.9988000000000001,2.0092,270,0,200
2002-11-28T00:00:00Z,2.0067,2.009,1.9926,1.9950999999999999,213,0,200
2002-12-01T00:00:00Z,1.9914,2.003,1.9716,2.0001,542,0,200
2002-12-02T00:00:00Z,2.0003,2.0029,1.9865,1.9987,313,0,200
2002-12-03T00:00:00Z,1.9992,2.0042,1.9943,1.996,167,0,200
2002-12-04T00:00:00Z,1.9957,1.9996,1.9878,1.9902,182,0,200
2002-12-05T00:00:00Z,1.9907,2.0212,1.988,2.0111,461,0,200
2002-12-08T00:00:00Z,2.0104,2.0135,1.9990999999999999,2.0078,263,0,200
2002-12-09T00:00:00Z,2.0075,2.0133,1.9945,2.0114,338,0,200
2002-12-10T00:00:00Z,2.0128,2.0132,2.0014,2.0063,172,0,200
2002-12-11T00:00:00Z,2.0075,2.0098,1.9902,2.0037,355,0,200
2002-12-12T00:00:00Z,2.0042,2.006,1.9807000000000001,1.991,375,0,200
2002-12-15T00:00:00Z,1.9952999999999999,1.998,1.9835,1.9893,231,0,200
2002-12-16T00:00:00Z,1.9902,1.9946000000000002,1.9788999999999999,1.9858,271,0,200
2002-12-17T00:00:00Z,1.9855,2.0024,1.9821,1.9931999999999999,330,0,200
2002-12-18T00:00:00Z,1.995,2.0013,1.9763,1.9874,425,0,200
2002-12-19T00:00:00Z,1.9877,2.0026,1.9764,1.9904,498,0,200
2002-12-22T00:00:00Z,1.9937,2.002,1.9797,1.9876,386,0,200
2002-12-23T00:00:00Z,1.988,2.0002,1.9845000000000002,1.9926,269,0,200
2002-12-24T00:00:00Z,1.9921,1.9979,1.9872,1.9954,182,0,200
2002-12-25T00:00:00Z,1.9941,2.0059,1.9891,2.0022,256,0,200
2002-12-26T00:00:00Z,2.0032,2.0117,1.9964,2.009,249,0,200
2002-12-29T00:00:00Z,2.0026,2.0131,1.9886,1.9891,356,0,200
2002-12-30T00:00:00Z,1.9902,2.0006,1.9853,2.0006,203,0,200
2002-12-31T00:00:00Z,2.0013,2.004,1.995,1.9973999999999998,142,0,190
2003-01-01T00:00:00Z,1.9995,2.0063,1.9739,1.9814,468,0,190
2003-01-02T00:00:00Z,1.9809999999999999,1.9882,1.9687999999999999,1.9737,316,0,190
2003-01-05T00:00:00Z,1.9769,1.9804,1.9606,1.9647999999999999,276,0,190
2003-01-06T00:00:00Z,1.9633,1.9677,1.9445999999999999,1.9636,460,0,190
2003-01-07T00:00:00Z,1.9646,1.9823,1.9593,1.9665,442,0,190
2003-01-08T00:00:00Z,1.9668,1.9778,1.9605000000000001,1.9679,336,0,190
2003-01-09T00:00:00Z,1.9713,1.9739,1.9577,1.9659,271,0,190
2003-01-12T00:00:00Z,1.9641,1.968,1.9439,1.9456,298,0,190
2003-01-13T00:00:00Z,1.9464000000000001,1.9653,1.9444,1.9550999999999998,332,0,190
2003-01-14T00:00:00Z,1.955,1.971,1.9477,1.9534,451,0,190
2003-01-15T00:00:00Z,1.9524,1.9597,1.9376,1.9415,334,0,190
2003-01-16T00:00:00Z,1.9423,1.9438,1.9264000000000001,1.9323000000000001,249,0,190
2003-01-19T00:00:00Z,1.931,1.9382000000000001,1.9266,1.9314,229,0,190
2003-01-20T00:00:00Z,1.9315,1.9677,1.9287999999999998,1.964,454,0,190
2003-01-21T00:00:00Z,1.9632,1.9872999999999998,1.9558,1.9835,428,0,190
2003-01-22T00:00:00Z,1.9856,1.9878,1.9583,1.9592,327,0,190
2003-01-23T00:00:00Z,1.9585,1.9734,1.9445999999999999,1.9682,480,0,190
2003-01-26T00:00:00Z,1.9769999999999999,1.9868000000000001,1.9651,1.9788000000000001,417,0,190
2003-01-27T00:00:00Z,1.9784000000000002,1.9877,1.9739,1.983,231,0,190
2003-01-28T00:00:00Z,1.982,1.9905,1.9689,1.9735,348,0,190
2003-01-29T00:00:00Z,1.9743,1.9861,1.9630999999999998,1.9792,412,0,190
2003-01-30T00:00:00Z,1.9799,1.9872999999999998,1.9655,1.9794,432,0,190
2003-02-02T00:00:00Z,1.9876,1.9927000000000001,1.9752,1.9910999999999999,316,0,190
2003-02-03T00:00:00Z,1.98,1.9916,1.97,1.9792999999999998,426,0,190
2003-02-04T00:00:00Z,1.9827,1.9881,1.9617,1.9637,339,0,190
2003-02-05T00:00:00Z,1.9693,1.9779,1.9637,1.9719,259,0,190
2003-02-06T00:00:00Z,1.9721,1.9787,1.9596,1.968,342,0,190
2003-02-09T00:00:00Z,1.9675,1.9691,1.9462000000000002,1.948,264,0,190
2003-02-10T00:00:00Z,1.9464000000000001,1.9636,1.9452,1.9487,346,0,190
2003-02-11T00:00:00Z,1.9487,1.9586999999999999,1.943,1.9562,240,0,190
2003-02-12T00:00:00Z,1.9557,1.9627,1.9468,1.9545,307,0,190
2003-02-13T00:00:00Z,1.9555,1.9605000000000001,1.9481000000000002,1.9506999999999999,201,0,190
2003-02-16T00:00:00Z,1.9545,1.9561,1.9426999999999999,1.9495,219,0,190
2003-02-17T00:00:00Z,1.9483000000000001,1.9544000000000001,1.9384000000000001,1.942,258,0,190
2003-02-18T00:00:00Z,1.9426999999999999,1.9508999999999999,1.9344000000000001,1.939,294,0,190
2003-02-19T00:00:00Z,1.9403000000000001,1.9476,1.9337,1.94,276,0,190
2003-02-20T00:00:00Z,1.9388999999999998,1.9419,1.9266999999999999,1.9283000000000001,199,0,190
2003-02-23T00:00:00Z,1.9224,1.9245999999999999,1.8952,1.9108,473,0,190
2003-02-24T00:00:00Z,1.9102000000000001,1.913,1.8984999999999999,1.9062000000000001,251,0,190
2003-02-25T00:00:00Z,1.9075,1.9151,1.8991,1.9073,319,0,190
2003-02-26T00:00:00Z,1.9082,1.9163999999999999,1.9012,1.9151,236,0,190
2003-02-27T00:00:00Z,1.9140000000000001,1.9514,1.9112,1.9301,644,0,190
2003-03-02T00:00:00Z,1.9285,1.9418,1.9258,1.9383,223,0,190
2003-03-03T00:00:00Z,1.9379,1.9473,1.9362,1.9426999999999999,175,0,190
2003-03-04T00:00:00Z,1.9435,1.9508,1.9285,1.935,362,0,190
2003-03-05T00:00:00Z,1.9348,1.9468,1.9323000000000001,1.9417,222,0,190
2003-03-06T00:00:00Z,1.9435,1.9627,1.9374,1.9571,371,0,190
2003-03-09T00:00:00Z,1.9572,1.9799,1.9544000000000001,1.9771,312,0,190
2003-03-10T00:00:00Z,1.9767000000000001,2.0006,1.964,1.9924,576,0,190
2003-03-11T00:00:00Z,1.9942,2.0158,1.9849999999999999,2.0085,474,0,190
2003-03-12T00:00:00Z,2.0106,2.0236,1.966,1.9691999999999998,739,0,190
2003-03-13T00:00:00Z,1.9695,1.9788999999999999,1.9385,1.9485000000000001,599,0,190
2003-03-16T00:00:00Z,1.9572,1.962,1.9214,1.9385,626,0,190
2003-03-17T00:00:00Z,1.9376,1.9496,1.9249,1.939,481,0,190
2003-03-18T00:00:00Z,1.9392,1.9436,1.912,1.9266999999999999,508,0,190
2003-03-19T00:00:00Z,1.9258,1.9315,1.9116,1.9188,329,0,190
2003-03-20T00:00:00Z,1.9184999999999999,1.9268999999999998,1.9129,1.9151,247,0,190
2003-03-23T00:00:00Z,1.9165,1.9348999999999998,1.9129,1.9291,315,0,190
2003-03-24T00:00:00Z,1.9284,1.9409,1.9224999999999999,1.9392,261,0,190
2003-03-25T00:00:00Z,1.9402,1.9595,1.9264999999999999,1.9523000000000001,540,0,190
2003-03-26T00:00:00Z,1.9534,1.9606,1.9359,1.9432,393,0,190
2003-03-27T00:00:00Z,1.9437,1.9647999999999999,1.9388999999999998,1.956,396,0,190
2003-03-30T00:00:00Z,1.9604,1.9762,1.9523000000000001,1.9662,421,0,190
2003-03-31T00:00:00Z,1.9656,1.9731,1.954,1.9676,363,0,190
2003-04-01T00:00:00Z,1.9679,1.9727999999999999,1.947,1.9513,351,0,190
2003-04-02T00:00:00Z,1.9514,1.968,1.9409,1.9668999999999999,388,0,190
2003-04-03T00:00:00Z,1.9664000000000001,1.9914,1.9550999999999998,1.9845000000000002,546,0,190
2003-04-06T00:00:00Z,1.9801,1.9918,1.9710999999999999,1.9781,395,0,190
2003-04-07T00:00:00Z,1.9776,1.9816,1.9555,1.9661,408,0,190
2003-04-08T00:00:00Z,1.9656,1.9784000000000002,1.9588,1.9645000000000001,382,0,190
2003-04-09T00:00:00Z,1.9658,1.9799,1.9639,1.9689999999999999,289,0,190
2003-04-10T00:00:00Z,1.9687999999999999,1.9828999999999999,1.9634,1.9698,381,0,190
2003-04-13T00:00:00Z,1.9691999999999998,1.978,1.9583,1.9683000000000002,386,0,190
2003-04-14T00:00:00Z,1.9665,1.9727000000000001,1.9481000000000002,1.9534,362,0,190
2003-04-15T00:00:00Z,1.9542000000000002,1.9588999999999999,1.9439,1.9554,289,0,190
2003-04-16T00:00:00Z,1.9561,1.9706000000000001,1.9508999999999999,1.9527,361,0,190
2003-04-17T00:00:00Z,1.9536,1.9622000000000002,1.9518,1.9607999999999999,137,0,190
2003-04-20T00:00:00Z,1.9572,1.9607,1.9458,1.9582000000000002,289,0,190
2003-04-21T00:00:00Z,1.9588,1.9625,1.9501,1.9555,216,0,190
2003-04-22T00:00:00Z,1.9545,1.982,1.9504000000000001,1.979,388,0,190
2003-04-23T00:00:00Z,1.979,1.9957,1.9756,1.9922,271,0,190
2003-04-24T00:00:00Z,1.9929000000000001,1.9952,1.9797,1.9893999999999998,276,0,190
2003-04-27T00:00:00Z,1.9866000000000001,2.0023,1.9708999999999999,1.9899,596,0,190
2003-04-28T00:00:00Z,1.9779,1.9882,1.9647999999999999,1.9836,412,0,190
2003-04-29T00:00:00Z,1.9832,2.0014,1.9782,1.9898,399,0,190
2003-04-30T00:00:00Z,1.9896,2.0073,1.9865,1.9952,361,0,190
2003-05-01T00:00:00Z,1.9945,2.004,1.9884,1.9921,289,0,190
2003-05-04T00:00:00Z,1.9933,1.9969000000000001,1.9825,1.9901,257,0,190
2003-05-05T00:00:00Z,1.9891999999999999,2.0065,1.9851999999999999,1.9918,401,0,190
2003-05-06T00:00:00Z,1.9901,2.0154,1.9888,2.0034,400,0,190
2003-05-07T00:00:00Z,2.0023,2.0059,1.9839,2.0,418,0,190
2003-05-08T00:00:00Z,2.0043,2.0043,1.9872999999999998,1.9917,215,0,190
2003-05-11T00:00:00Z,1.992,2.0029,1.9868999999999999,1.9926,315,0,190
2003-05-12T00:00:00Z,1.9924,2.0085,1.9891999999999999,2.0013,298,0,190
2003-05-13T00:00:00Z,2.0001,2.0094,1.9878,1.9962,394,0,190
2003-05-14T00:00:00Z,1.9944,2.0053,1.9862,1.9945,382,0,190
2003-05-15T00:00:00Z,1.9949,2.0015,1.9811,1.9944,404,0,190
2003-05-18T00:00:00Z,1.9926,2.0168,1.9866000000000001,1.9976,555,0,190
2003-05-19T00:00:00Z,1.9971999999999999,2.0033,1.9902,1.9943,234,0,190
2003-05-20T00:00:00Z,1.9939,2.0084,1.9904,2.0057,243,0,190
2003-05-21T00:00:00Z,2.0045,2.0176,1.9931,2.0072,464,0,190
2003-05-22T00:00:00Z,2.0062,2.0315,2.0049,2.0251,344,0,190
2003-05-25T00:00:00Z,2.0236,2.0362,2.0183,2.0279,316,0,190
2003-05-26T00:00:00Z,2.0287,2.0465,1.9976,2.0349,917,0,190
2003-05-27T00:00:00Z,2.0332,2.0486,2.0247,2.0356,455,0,190
2003-05-28T00:00:00Z,2.0348,2.0665,2.0326,2.0576,451,0,190
2003-05-29T00:00:00Z,2.0591,2.0612,2.0349,2.0436,372,0,190
2003-06-01T00:00:00Z,2.0377,2.0408,2.0183,2.0289,363,0,190
2003-06-02T00:00:00Z,2.0286,2.0316,2.0185,2.0203,180,0,190
2003-06-03T00:00:00Z,2.0194,2.0268,2.0003,2.0018,355,0,190
2003-06-04T00:00:00Z,2.0045,2.0536,1.9979,2.0459,701,0,190
2003-06-05T00:00:00Z,2.0457,2.0565,2.0213,2.0286,534,0,190
2003-06-08T00:00:00Z,2.0294,2.0509,2.0209,2.0459,436,0,190
2003-06-09T00:00:00Z,2.0471,2.0489,2.0303,2.0371,273,0,190
2003-06-10T00:00:00Z,2.0376,2.05,2.0294,2.0356,393,0,190
2003-06-11T00:00:00Z,2.0376,2.0455,2.0228,2.0321,400,0,190
2003-06-12T00:00:00Z,2.0309,2.0489,2.0257,2.0444,330,0,190
2003-06-15T00:00:00Z,2.043,2.0491,2.0284,2.0309,294,0,190
2003-06-16T00:00:00Z,2.0308,2.0368,2.0129,2.0167,338,0,190
2003-06-17T00:00:00Z,2.0147,2.0203,1.9958,1.9994,338,0,190
2003-06-18T00:00:00Z,1.9979,2.0134,1.9853,2.0107,435,0,190
2003-06-19T00:00:00Z,2.0109,2.0132,1.9748999999999999,1.9788000000000001,446,0,190
2003-06-22T00:00:00Z,1.9864000000000002,1.9898,1.9621,1.9708999999999999,400,0,190
2003-06-23T00:00:00Z,1.971,1.98,1.9581,1.9632,361,0,190
2003-06-24T00:00:00Z,1.9621,1.9766,1.96,1.9696,258,0,190
2003-06-25T00:00:00Z,1.9694,1.98,1.9468999999999999,1.9723000000000002,634,0,190
2003-06-26T00:00:00Z,1.9717,1.9739,1.9508,1.9673,419,0,190
2003-06-29T00:00:00Z,1.9639,1.97,1.9432,1.9595,493,0,190
2003-06-30T00:00:00Z,1.9596,1.9649,1.94,1.9491,394,0,190
2003-07-01T00:00:00Z,1.948,1.9534,1.9311,1.939,357,0,190
2003-07-02T00:00:00Z,1.9383,1.9417,1.9224999999999999,1.9300000000000002,302,0,190
2003-07-03T00:00:00Z,1.9304999999999999,1.9367999999999999,1.9212,1.9361000000000002,257,0,190
2003-07-06T00:00:00Z,1.9304999999999999,1.9308,1.8803,1.887,576,0,190
2003-07-07T00:00:00Z,1.8873,1.9242,1.8856000000000002,1.9184,462,0,190
2003-07-08T00:00:00Z,1.9180000000000001,1.9426999999999999,1.9088,1.9306,553,0,190
2003-07-09T00:00:00Z,1.9299,1.9691,1.9175,1.9303,1029,0,190
2003-07-10T00:00:00Z,1.9296,1.939,1.9008,1.9056,525,0,190
2003-07-13T00:00:00Z,1.9142000000000001,1.9178,1.9062000000000001,1.9169,206,0,190
2003-07-14T00:00:00Z,1.9171,1.9373,1.9123999999999999,1.9266999999999999,403,0,190
2003-07-15T00:00:00Z,1.9268,1.9297,1.9087,1.9222000000000001,375,0,190
2003-07-16T00:00:00Z,1.9191,1.9298,1.917,1.9245999999999999,202,0,190
2003-07-17T00:00:00Z,1.9261,1.9767000000000001,1.924,1.9632,684,0,190
2003-07-20T00:00:00Z,1.9647999999999999,1.9764,1.9599,1.9699,280,0,190
2003-07-21T00:00:00Z,1.9691999999999998,1.9854,1.9518,1.9678,659,0,190
2003-07-22T00:00:00Z,1.9687000000000001,1.982,1.9483000000000001,1.9782,580,0,190
2003-07-23T00:00:00Z,1.979,1.979,1.9447999999999999,1.9541,436,0,190
2003-07-24T00:00:00Z,1.9535,1.9653,1.9193,1.9588999999999999,867,0,190
2003-07-27T00:00:00Z,1.9615,1.9632,1.9484,1.9561,243,0,190
2003-07-28T00:00:00Z,1.9564,1.9603000000000002,1.9344000000000001,1.9473,428,0,190
2003-07-29T00:00:00Z,1.9481000000000002,1.9583,1.9401000000000002,1.947,354,0,190
2003-07-30T00:00:00Z,1.9478,1.9545,1.9316,1.9316,297,0,190
2003-07-31T00:00:00Z,1.9322,1.9434,1.9167,1.9301,514,0,190
2003-08-03T00:00:00Z,1.9304000000000001,1.9727000000000001,1.9261,1.963,607,0,190
2003-08-04T00:00:00Z,1.9649,1.9678,1.9463,1.9571,353,0,190
2003-08-05T00:00:00Z,1.9574,1.9687999999999999,1.943,1.9567999999999999,511,0,190
2003-08-06T00:00:00Z,1.9487999999999999,1.9771999999999998,1.9483000000000001,1.955,517,0,190
2003-08-07T00:00:00Z,1.9590999999999998,1.9639,1.9348,1.9445999999999999,438,0,190
2003-08-10T00:00:00Z,1.9442,1.9466999999999999,1.9193,1.933,437,0,190
2003-08-11T00:00:00Z,1.9316,1.9386999999999999,1.9183,1.9231,324,0,190
2003-08-12T00:00:00Z,1.9238,1.9287,1.9167,1.9229,232,0,190
2003-08-13T00:00:00Z,1.9229,1.9278,1.9144999999999999,1.9189,227,0,190
2003-08-14T00:00:00Z,1.9186,1.9217,1.9041000000000001,1.908,247,0,190
2003-08-17T00:00:00Z,1.9064,1.9081000000000001,1.8939,1.9009,230,0,190
2003-08-18T00:00:00Z,1.9014,1.9106999999999998,1.8942999999999999,1.9061,282,0,190
2003-08-19T00:00:00Z,1.9068,1.9096,1.8801,1.8874,397,0,190
2003-08-20T00:00:00Z,1.8873,1.897,1.8633,1.8662,464,0,190
2003-08-21T00:00:00Z,1.8655,1.8803999999999998,1.8551,1.859,442,0,190
2003-08-24T00:00:00Z,1.8596,1.8695,1.857,1.8692,155,0,190
2003-08-25T00:00:00Z,1.8696000000000002,1.892,1.8475000000000001,1.8904999999999998,682,0,190
2003-08-26T00:00:00Z,1.8906,1.9129,1.8822,1.9127999999999998,393,0,190
2003-08-27T00:00:00Z,1.9118,1.9264999999999999,1.8917000000000002,1.8991,570,0,190
2003-08-28T00:00:00Z,1.8986,1.9101,1.8949,1.8987,304,0,190
2003-08-31T00:00:00Z,1.9011,1.9056,1.8894,1.8993,307,0,190
2003-09-01T00:00:00Z,1.9,1.9191,1.8955,1.9118,355,0,190
2003-09-02T00:00:00Z,1.9118,1.9138,1.9011,1.9039000000000001,176,0,190
2003-09-03T00:00:00Z,1.9038,1.9237,1.8963,1.9163999999999999,423,0,190
2003-09-04T00:00:00Z,1.9158,1.9340000000000002,1.9079000000000002,1.9257,424,0,190
2003-09-07T00:00:00Z,1.9256,1.9298,1.9137,1.9198,265,0,190
2003-09-08T00:00:00Z,1.9202,1.9264999999999999,1.909,1.9199000000000002,348,0,190
2003-09-09T00:00:00Z,1.9186,1.9285,1.9165,1.9262000000000001,165,0,190
2003-09-10T00:00:00Z,1.9266999999999999,1.9322,1.9171,1.9213,249,0,190
2003-09-11T00:00:00Z,1.9209,1.943,1.9151,1.9353,415,0,190
2003-09-14T00:00:00Z,1.9351,1.9361000000000002,1.9203999999999999,1.9223,187,0,190
2003-09-15T00:00:00Z,1.9217,1.929,1.9089,1.9112,298,0,190
2003-09-16T00:00:00Z,1.9119000000000002,1.9426,1.9062000000000001,1.9339,509,0,190
2003-09-17T00:00:00Z,1.9324,1.9358,1.9209,1.9254,229,0,190
2003-09-18T00:00:00Z,1.9253,1.9364,1.9116,1.9207,451,0,190
2003-09-21T00:00:00Z,1.9223,1.9325999999999999,1.9114,1.923,418,0,190
2003-09-22T00:00:00Z,1.9222000000000001,1.9362,1.9205,1.9274,263,0,190
2003-09-23T00:00:00Z,1.9274,1.9362,1.9239000000000002,1.9323000000000001,198,0,190
2003-09-24T00:00:00Z,1.9313,1.9386,1.9172,1.9322,420,0,190
2003-09-25T00:00:00Z,1.9313,1.9541,1.9251,1.9475,419,0,190
2003-09-28T00:00:00Z,1.9472,1.9662,1.9395,1.9504000000000001,503,0,190
2003-09-29T00:00:00Z,1.9508,1.966,1.9492,1.9572,273,0,190
2003-09-30T00:00:00Z,1.9576,1.9649999999999999,1.9474,1.9541,318,0,190
2003-10-01T00:00:00Z,1.9524,1.9636,1.9466,1.9516,333,0,190
2003-10-02T00:00:00Z,1.9542000000000002,1.9636,1.9475,1.9542000000000002,323,0,190
2003-10-05T00:00:00Z,1.9539,1.9727999999999999,1.944,1.9687999999999999,428,0,190
2003-10-06T00:00:00Z,1.9684,1.9729,1.9609,1.9649999999999999,207,0,190
2003-10-07T00:00:00Z,1.9662,1.9786000000000001,1.9647999999999999,1.9726,213,0,190
2003-10-08T00:00:00Z,1.9742,1.9795,1.9492,1.9601,466,0,190
2003-10-09T00:00:00Z,1.96,1.983,1.9554,1.966,493,0,190
2003-10-12T00:00:00Z,1.9601,1.9798,1.9506000000000001,1.9585,569,0,190
2003-10-13T00:00:00Z,1.9605000000000001,1.9714,1.9516,1.9641,361,0,190
2003-10-14T00:00:00Z,1.9628,1.9742,1.9531,1.9562,357,0,190
2003-10-15T00:00:00Z,1.9563000000000001,1.9628,1.9464000000000001,1.9487999999999999,254,0,190
2003-10-16T00:00:00Z,1.9489,1.9592,1.9434,1.9583,223,0,190
2003-10-19T00:00:00Z,1.9527,1.96,1.948,1.9527999999999999,240,0,190
2003-10-20T00:00:00Z,1.9532,1.9565000000000001,1.9274,1.9319,370,0,190
2003-10-21T00:00:00Z,1.9321000000000002,1.9503,1.9292,1.9454,290,0,190
2003-10-22T00:00:00Z,1.947,1.9493,1.9260000000000002,1.9355,352,0,190
2003-10-23T00:00:00Z,1.9359,1.943,1.9302000000000001,1.9342000000000001,240,0,190
2003-10-26T00:00:00Z,1.9361000000000002,1.9378,1.9181,1.9193,227,0,190
2003-10-27T00:00:00Z,1.9203999999999999,1.9231,1.904,1.9052,231,0,190
2003-10-28T00:00:00Z,1.9053,1.912,1.9021,1.9052,198,0,190
2003-10-29T00:00:00Z,1.9058000000000002,1.9155,1.8963,1.9041000000000001,368,0,190
2003-10-30T00:00:00Z,1.9042,1.9095,1.8854,1.889,331,0,190
2003-11-02T00:00:00Z,1.8871,1.8958,1.8732,1.8912,412,0,190
2003-11-03T00:00:00Z,1.8902999999999999,1.8925,1.8468,1.8748,760,0,190
2003-11-04T00:00:00Z,1.8737,1.8769,1.846,1.8561999999999999,444,0,190
2003-11-05T00:00:00Z,1.8575,1.8647,1.8475000000000001,1.8607,313,0,190
2003-11-06T00:00:00Z,1.8591,1.8733,1.8521999999999998,1.8688,326,0,190
2003-11-09T00:00:00Z,1.8635000000000002,1.8689,1.8417,1.8433000000000002,343,0,190
2003-11-10T00:00:00Z,1.8460999999999999,1.8528,1.8338999999999999,1.8391,309,0,190
2003-11-11T00:00:00Z,1.8401,1.8629,1.8363,1.8585,349,0,190
2003-11-12T00:00:00Z,1.8582,1.8643,1.8492,1.8605,280,0,190
2003-11-13T00:00:00Z,1.8618999999999999,1.8714,1.8576000000000001,1.8692,204,0,190
2003-11-16T00:00:00Z,1.8662,1.8900000000000001,1.8652,1.8761,398,0,190
2003-11-17T00:00:00Z,1.8763999999999998,1.8805,1.8598,1.8766,413,0,190
2003-11-18T00:00:00Z,1.8774,1.8845,1.8585,1.8592,339,0,190
2003-11-19T00:00:00Z,1.8641,1.871,1.8467,1.8609,455,0,190
2003-11-20T00:00:00Z,1.8606,1.867,1.8487,1.8542,303,0,190
2003-11-23T00:00:00Z,1.8533,1.8594,1.8392,1.8493,365,0,190
2003-11-24T00:00:00Z,1.8488,1.8561,1.8418999999999999,1.8494000000000002,279,0,190
2003-11-25T00:00:00Z,1.8502,1.8646,1.8481999999999998,1.8599999999999999,231,0,190
2003-11-26T00:00:00Z,1.8601,1.8673,1.8488,1.8591,361,0,190
2003-11-27T00:00:00Z,1.8595000000000002,1.8787,1.8569,1.8747,285,0,190
2003-11-30T00:00:00Z,1.8695,1.8793,1.8535,1.8605,427,0,190
2003-12-01T00:00:00Z,1.8605,1.8718,1.8574000000000002,1.8681,213,0,190
2003-12-02T00:00:00Z,1.8688,1.8772,1.8607,1.8744,275,0,190
2003-12-03T00:00:00Z,1.8747,1.8798,1.8672,1.8723,229,0,190
2003-12-04T00:00:00Z,1.8723999999999998,1.8879000000000001,1.8698000000000001,1.887,217,0,190
2003-12-07T00:00:00Z,1.8846,1.8914,1.877,1.8875,260,0,190
2003-12-08T00:00:00Z,1.8873,1.8965,1.8855,1.888,214,0,190
2003-12-09T00:00:00Z,1.8885,1.8921999999999999,1.8780999999999999,1.8868,266,0,190
2003-12-10T00:00:00Z,1.8879000000000001,1.8934,1.8749,1.8893,357,0,190
2003-12-11T00:00:00Z,1.8893,1.9015,1.8819,1.8987,299,0,190
2003-12-14T00:00:00Z,1.8854,1.9054,1.8826,1.8979,332,0,190
2003-12-15T00:00:00Z,1.8991,1.9055,1.8899,1.8939,261,0,190
2003-12-16T00:00:00Z,1.8944999999999999,1.9252,1.8909,1.9198,434,0,190
2003-12-17T00:00:00Z,1.9196,1.9285,1.9053,1.9165,434,0,190
2003-12-18T00:00:00Z,1.9158,1.9293,1.9141,1.9183,280,0,190
2003-12-21T00:00:00Z,1.9245,1.9418,1.9203000000000001,1.9312,364,0,190
2003-12-22T00:00:00Z,1.9313,1.9396,1.9276,1.9297,225,0,190
2003-12-23T00:00:00Z,1.9302000000000001,1.9334,1.9179,1.9235,244,0,190
2003-12-24T00:00:00Z,1.9237,1.9276,1.919,1.9226,162,0,190
2003-12-25T00:00:00Z,1.9238,1.9279,1.9181,1.924,195,0,190
2003-12-28T00:00:00Z,1.9239000000000002,1.9271,1.915,1.915,154,0,190
2003-12-29T00:00:00Z,1.9183,1.9217,1.9113,1.9177,203,0,190
2003-12-30T00:00:00Z,1.9179,1.9274,1.9111,1.9203999999999999,302,0,190
2003-12-31T00:00:00Z,1.9181,1.9243999999999999,1.8780999999999999,1.9186,922,0,180
2004-01-01T00:00:00Z,1.9154,1.9264999999999999,1.9088,1.9096,297,0,180
2004-01-04T00:00:00Z,1.9088,1.9135,1.8829,1.8901,426,0,180
2004-01-05T00:00:00Z,1.891,1.9028,1.8885,1.8946,251,0,180
2004-01-06T00:00:00Z,1.8953,1.9028,1.8808,1.8815,303,0,180
2004-01-07T00:00:00Z,1.8820999999999999,1.891,1.8704,1.8843999999999999,390,0,180
2004-01-08T00:00:00Z,1.8837000000000002,1.8864999999999998,1.869,1.8806,320,0,180
2004-01-11T00:00:00Z,1.8854,1.8888,1.8638,1.8691,338,0,180
2004-01-12T00:00:00Z,1.869,1.8742,1.8546,1.8691,392,0,180
2004-01-13T00:00:00Z,1.8693,1.8731,1.8537,1.8598,294,0,180
2004-01-14T00:00:00Z,1.8608,1.8791,1.8594,1.8738000000000001,265,0,180
2004-01-15T00:00:00Z,1.8736000000000002,1.8748,1.8578999999999999,1.861,213,0,180
2004-01-18T00:00:00Z,1.8638,1.8974,1.8633,1.8822999999999999,498,0,180
2004-01-19T00:00:00Z,1.883,1.8967,1.8799000000000001,1.8893,274,0,180
2004-01-20T00:00:00Z,1.8889,1.8919000000000001,1.871,1.8813,343,0,180
2004-01-21T00:00:00Z,1.8808,1.8896,1.8731,1.8792,315,0,180
2004-01-22T00:00:00Z,1.8787,1.8848,1.8683,1.8696000000000002,240,0,180
2004-01-25T00:00:00Z,1.8745,1.8756,1.8553,1.863,292,0,180
2004-01-26T00:00:00Z,1.8632,1.8679000000000001,1.851,1.8653,318,0,180
2004-01-27T00:00:00Z,1.8652,1.8672,1.8359,1.8443,418,0,180
2004-01-28T00:00:00Z,1.8436,1.865,1.8414000000000001,1.854,369,0,180
2004-01-29T00:00:00Z,1.8536000000000001,1.8707,1.8486,1.8518,425,0,180
2004-02-01T00:00:00Z,1.8534000000000002,1.8569,1.8394,1.8441,258,0,180
2004-02-02T00:00:00Z,1.8441999999999998,1.8540999999999999,1.8383,1.8418999999999999,294,0,180
2004-02-03T00:00:00Z,1.8415,1.8508,1.8334000000000001,1.8392,326,0,180
2004-02-04T00:00:00Z,1.8393000000000002,1.8484,1.8241,1.8295,389,0,180
2004-02-05T00:00:00Z,1.8296000000000001,1.8414000000000001,1.8237999999999999,1.8284,341,0,180
2004-02-08T00:00:00Z,1.8307,1.8384,1.8191000000000002,1.8232,312,0,180
2004-02-09T00:00:00Z,1.8228,1.8303,1.814,1.8169,268,0,180
2004-02-10T00:00:00Z,1.8197999999999999,1.8336999999999999,1.8168,1.8315000000000001,222,0,180
2004-02-11T00:00:00Z,1.8325,1.8394,1.8289,1.8336000000000001,200,0,180
2004-02-12T00:00:00Z,1.8332000000000002,1.8386,1.8138,1.8182,347,0,180
2004-02-15T00:00:00Z,1.8194,1.8194,1.8029,1.8073000000000001,210,0,180
2004-02-16T00:00:00Z,1.8072,1.8195000000000001,1.8026,1.8094999999999999,316,0,180
2004-02-17T00:00:00Z,1.8096999999999999,1.8260999999999998,1.8064,1.8124,368,0,180
2004-02-18T00:00:00Z,1.8123,1.8186,1.8077,1.8122,218,0,180
2004-02-19T00:00:00Z,1.812,1.8558,1.8098999999999998,1.8331,708,0,180
2004-02-22T00:00:00Z,1.8332000000000002,1.8444,1.8254000000000001,1.8404,309,0,180
2004-02-23T00:00:00Z,1.8399999999999999,1.8495,1.8308,1.8362,337,0,180
2004-02-24T00:00:00Z,1.8357999999999999,1.8391,1.8126,1.8173,346,0,180
2004-02-25T00:00:00Z,1.8172000000000001,1.8224,1.8014999999999999,1.8108,355,0,180
2004-02-26T00:00:00Z,1.8109,1.8216999999999999,1.8077,1.8178999999999998,211,0,180
2004-02-29T00:00:00Z,1.8178999999999998,1.8216,1.8006,1.8067,309,0,180
2004-03-01T00:00:00Z,1.8075999999999999,1.8085,1.7838,1.7949000000000002,368,0,180
2004-03-02T00:00:00Z,1.795,1.8333,1.7913000000000001,1.8225,566,0,180
2004-03-03T00:00:00Z,1.8223,1.8295,1.8034,1.8275000000000001,471,0,180
2004-03-04T00:00:00Z,1.8276,1.8444,1.8175,1.8326,489,0,180
2004-03-07T00:00:00Z,1.8333,1.8408,1.8254000000000001,1.8298999999999999,275,0,180
2004-03-08T00:00:00Z,1.8296999999999999,1.8319,1.8105,1.8186,318,0,180
2004-03-09T00:00:00Z,1.8191000000000002,1.8668,1.8154,1.8580999999999999,639,0,180
2004-03-10T00:00:00Z,1.8580999999999999,1.9113,1.8492,1.907,754,0,180
2004-03-11T00:00:00Z,1.9078,1.9373,1.8864999999999998,1.8976,915,0,180
2004-03-14T00:00:00Z,1.9013,1.9161000000000001,1.8921000000000001,1.8984,452,0,180
2004-03-15T00:00:00Z,1.8981,1.9062999999999999,1.8834,1.8845,323,0,180
2004-03-16T00:00:00Z,1.8853,1.8944999999999999,1.8738000000000001,1.8782,344,0,180
2004-03-17T00:00:00Z,1.8780999999999999,1.8879000000000001,1.87,1.8778000000000001,356,0,180
2004-03-18T00:00:00Z,1.8771,1.8921000000000001,1.8688,1.8721999999999999,418,0,180
2004-03-21T00:00:00Z,1.874,1.8939,1.8566,1.8651,658,0,180
2004-03-22T00:00:00Z,1.8639000000000001,1.8733,1.8588,1.8667,263,0,180
2004-03-23T00:00:00Z,1.8665,1.8786,1.8494000000000002,1.8624,544,0,180
2004-03-24T00:00:00Z,1.8626,1.885,1.8542,1.8768,475,0,180
2004-03-25T00:00:00Z,1.8761,1.8845,1.8589,1.8607,359,0,180
2004-03-28T00:00:00Z,1.8652,1.8727,1.857,1.8698000000000001,269,0,180
2004-03-29T00:00:00Z,1.8697,1.8708,1.8474,1.8526,298,0,180
2004-03-30T00:00:00Z,1.853,1.8582999999999998,1.8279,1.8420999999999998,500,0,180
2004-03-31T00:00:00Z,1.8418999999999999,1.8588,1.8405,1.8513,273,0,180
2004-04-01T00:00:00Z,1.8515000000000001,1.8555000000000001,1.8317,1.8417,379,0,180
2004-04-04T00:00:00Z,1.8446,1.8612,1.8404,1.8462,401,0,180
2004-04-05T00:00:00Z,1.8463,1.8544,1.8348,1.8441,371,0,180
2004-04-06T00:00:00Z,1.8436,1.853,1.8357,1.8435000000000001,346,0,180
2004-04-07T00:00:00Z,1.8451,1.8477999999999999,1.8314,1.8319999999999999,198,0,180
2004-04-08T00:00:00Z,1.8321,1.843,1.8294000000000001,1.8317,269,0,180
2004-04-11T00:00:00Z,1.834,1.834,1.8171,1.8216999999999999,216,0,180
2004-04-12T00:00:00Z,1.8218999999999999,1.834,1.8132000000000001,1.8292000000000002,344,0,180
2004-04-13T00:00:00Z,1.8293,1.8908,1.8266,1.8828,750,0,180
2004-04-14T00:00:00Z,1.8829,1.8872,1.8687,1.8758,300,0,180
2004-04-15T00:00:00Z,1.8749,1.8834,1.8681,1.8772,284,0,180
2004-04-18T00:00:00Z,1.8737,1.8789,1.8614000000000002,1.8656000000000001,270,0,180
2004-04-19T00:00:00Z,1.8653,1.8881999999999999,1.8618999999999999,1.8864,316,0,180
2004-04-20T00:00:00Z,1.8877000000000002,1.9132,1.8809,1.9066999999999998,457,0,180
2004-04-21T00:00:00Z,1.907,1.9127999999999998,1.8894,1.8933,332,0,180
2004-04-22T00:00:00Z,1.8942,1.9121000000000001,1.8801,1.8828,527,0,180
2004-04-25T00:00:00Z,1.8860000000000001,1.8895,1.8771,1.8818000000000001,207,0,180
2004-04-26T00:00:00Z,1.8819,1.8984999999999999,1.8793,1.8897,307,0,180
2004-04-27T00:00:00Z,1.8895,1.9081000000000001,1.887,1.904,278,0,180
2004-04-28T00:00:00Z,1.9026,1.9264999999999999,1.8968,1.9203000000000001,418,0,180
2004-04-29T00:00:00Z,1.9181,1.9291,1.9081000000000001,1.9144999999999999,385,0,180
2004-05-02T00:00:00Z,1.9114,1.916,1.9043999999999999,1.9122,225,0,180
2004-05-03T00:00:00Z,1.912,1.9195,1.9045999999999998,1.9115,294,0,180
2004-05-04T00:00:00Z,1.9114,1.9217,1.9064,1.915,271,0,180
2004-05-05T00:00:00Z,1.913,1.9245999999999999,1.901,1.9165,438,0,180
2004-05-06T00:00:00Z,1.915,1.9313,1.9066999999999998,1.923,413,0,180
2004-05-09T00:00:00Z,1.9242,1.9678,1.9242,1.9508,607,0,180
2004-05-10T00:00:00Z,1.9508999999999999,1.9643000000000002,1.9489999999999998,1.9597,219,0,180
2004-05-11T00:00:00Z,1.959,1.9606,1.9338,1.9414,361,0,180
2004-05-12T00:00:00Z,1.9399,1.9779,1.9394,1.9704000000000002,466,0,180
2004-05-13T00:00:00Z,1.9707,1.978,1.9607999999999999,1.9664000000000001,302,0,180
2004-05-16T00:00:00Z,1.9637,2.0221,1.9630999999999998,2.0127,691,0,180
2004-05-17T00:00:00Z,2.012,2.0324,1.9826000000000001,1.994,817,0,180
2004-05-18T00:00:00Z,1.9938,1.9975,1.9658,1.9777,474,0,180
2004-05-19T00:00:00Z,1.9778,1.9835,1.963,1.9689999999999999,323,0,180
2004-05-20T00:00:00Z,1.9689,1.9739,1.9585,1.9676,296,0,180
2004-05-23T00:00:00Z,1.9668999999999999,1.979,1.9556,1.9752,386,0,180
2004-05-24T00:00:00Z,1.9748,1.9773,1.9555,1.9567999999999999,257,0,180
2004-05-25T00:00:00Z,1.9559,1.9657,1.9461,1.9492,326,0,180
2004-05-26T00:00:00Z,1.9489,1.952,1.9232,1.9325,413,0,180
2004-05-27T00:00:00Z,1.9322,1.9532,1.9292,1.9333,470,0,180
2004-05-30T00:00:00Z,1.939,1.9428,1.924,1.9281000000000001,268,0,180
2004-05-31T00:00:00Z,1.9264000000000001,1.9513,1.9189,1.9487,426,0,180
2004-06-01T00:00:00Z,1.9482,1.9703,1.9409,1.9656,415,0,180
2004-06-02T00:00:00Z,1.9655,1.9811,1.9478,1.9797,525,0,180
2004-06-03T00:00:00Z,1.9788000000000001,1.983,1.955,1.9736,509,0,180
2004-06-06T00:00:00Z,1.9731999999999998,1.9776,1.9413,1.9438,433,0,180
2004-06-07T00:00:00Z,1.9432,1.9626000000000001,1.9426999999999999,1.9548999999999999,282,0,180
2004-06-08T00:00:00Z,1.9576,1.9639,1.9418,1.9495,362,0,180
2004-06-09T00:00:00Z,1.9503,1.9503,1.9042,1.9111,531,0,180
2004-06-10T00:00:00Z,1.9114,1.9188,1.9028,1.9083,290,0,180
2004-06-13T00:00:00Z,1.9127999999999998,1.9346999999999999,1.9033,1.9315,442,0,180
2004-06-14T00:00:00Z,1.9311,1.9438,1.9009,1.9060000000000001,608,0,180
2004-06-15T00:00:00Z,1.9061,1.9196,1.9034,1.9092,294,0,180
2004-06-16T00:00:00Z,1.9085,1.9405000000000001,1.9081000000000001,1.938,354,0,180
2004-06-17T00:00:00Z,1.9379,1.9385,1.9167,1.9365,423,0,180
2004-06-20T00:00:00Z,1.9374,1.9379,1.921,1.9312,277,0,180
2004-06-21T00:00:00Z,1.9276,1.9405000000000001,1.9218,1.9277,374,0,180
2004-06-22T00:00:00Z,1.9278,1.9396,1.9258,1.9374,181,0,180
2004-06-23T00:00:00Z,1.9382000000000001,1.9386999999999999,1.9151,1.9171,262,0,180
2004-06-24T00:00:00Z,1.9177,1.9222000000000001,1.8989,1.9161000000000001,451,0,180
2004-06-27T00:00:00Z,1.9138,1.9151,1.8975,1.9011,226,0,180
2004-06-28T00:00:00Z,1.8992,1.9226999999999999,1.8980000000000001,1.9151,336,0,180
2004-06-29T00:00:00Z,1.9137,1.929,1.9116,1.9177,309,0,180
2004-06-30T00:00:00Z,1.9175,1.9183,1.8938000000000001,1.8978000000000002,294,0,180
2004-07-01T00:00:00Z,1.8976,1.9106999999999998,1.8936,1.9028,291,0,180
2004-07-04T00:00:00Z,1.9019,1.9085,1.8929,1.8982999999999999,277,0,180
2004-07-05T00:00:00Z,1.8989,1.8993,1.8794,1.8912,322,0,180
2004-07-06T00:00:00Z,1.8917000000000002,1.8929,1.8807,1.8843,171,0,180
2004-07-07T00:00:00Z,1.8845,1.8931,1.8807,1.8879000000000001,215,0,180
2004-07-08T00:00:00Z,1.8862,1.8944,1.8811,1.8898000000000001,231,0,180
2004-07-11T00:00:00Z,1.888,1.8907,1.8723999999999998,1.877,257,0,180
2004-07-12T00:00:00Z,1.8777,1.8826,1.871,1.8786,224,0,180
2004-07-13T00:00:00Z,1.8756,1.9029,1.8691,1.8978000000000002,455,0,180
2004-07-14T00:00:00Z,1.8967,1.9099,1.8934,1.899,308,0,180
2004-07-15T00:00:00Z,1.8986,1.9041000000000001,1.8867,1.889,253,0,180
2004-07-18T00:00:00Z,1.8869,1.8984,1.8791,1.897,286,0,180
2004-07-19T00:00:00Z,1.8974,1.9034,1.8820000000000001,1.8860000000000001,315,0,180
2004-07-20T00:00:00Z,1.8853,1.9224,1.8843999999999999,1.9146,468,0,180
2004-07-21T00:00:00Z,1.9138,1.9242,1.9045,1.9093,350,0,180
2004-07-22T00:00:00Z,1.9093,1.9186,1.9002,1.9031,307,0,180
2004-07-25T00:00:00Z,1.9037,1.9119000000000002,1.8929,1.9097,321,0,180
2004-07-26T00:00:00Z,1.9089,1.9285999999999999,1.8963,1.9205999999999999,530,0,180
2004-07-27T00:00:00Z,1.9212,1.9295,1.9088,1.9167999999999998,371,0,180
2004-07-28T00:00:00Z,1.9169,1.9169,1.8967,1.9011,247,0,180
2004-07-29T00:00:00Z,1.8995,1.9102000000000001,1.8857,1.8868,364,0,180
2004-08-01T00:00:00Z,1.8921999999999999,1.8984,1.8735,1.8794,371,0,180
2004-08-02T00:00:00Z,1.8796,1.8868,1.8599,1.8643,386,0,180
2004-08-03T00:00:00Z,1.8641999999999999,1.8726,1.8606,1.8668,215,0,180
2004-08-04T00:00:00Z,1.8677000000000001,1.8746,1.8622,1.8721,205,0,180
2004-08-05T00:00:00Z,1.8719999999999999,1.8843,1.8673,1.8824,237,0,180
2004-08-08T00:00:00Z,1.8822999999999999,1.8827,1.8715000000000002,1.8801,203,0,180
2004-08-09T00:00:00Z,1.8788,1.8843,1.8738000000000001,1.8753,176,0,180
2004-08-10T00:00:00Z,1.8739,1.8868,1.8620999999999999,1.8653,409,0,180
2004-08-11T00:00:00Z,1.8656000000000001,1.8702999999999999,1.8547,1.8607,264,0,180
2004-08-12T00:00:00Z,1.8601,1.873,1.853,1.857,370,0,180
2004-08-15T00:00:00Z,1.8627,1.8641,1.8504,1.8593,241,0,180
2004-08-16T00:00:00Z,1.8596,1.8636,1.8519,1.8609,222,0,180
2004-08-17T00:00:00Z,1.8612,1.8615,1.8498,1.8577,200,0,180
2004-08-18T00:00:00Z,1.8565,1.8625,1.8386,1.8401,315,0,180
2004-08-19T00:00:00Z,1.8432,1.8434,1.8266,1.8319,224,0,180
2004-08-22T00:00:00Z,1.833,1.8384,1.8235999999999999,1.8348,279,0,180
2004-08-23T00:00:00Z,1.8354,1.8692,1.8303,1.8649,484,0,180
2004-08-24T00:00:00Z,1.8646,1.8678,1.8506,1.8597000000000001,296,0,180
2004-08-25T00:00:00Z,1.8598,1.8639000000000001,1.8453,1.8576000000000001,351,0,180
2004-08-26T00:00:00Z,1.8580999999999999,1.8633,1.8328,1.8385,415,0,180
2004-08-29T00:00:00Z,1.8389,1.8563,1.8353000000000002,1.8531,279,0,180
2004-08-30T00:00:00Z,1.8523,1.8629,1.8471,1.8591,249,0,180
2004-08-31T00:00:00Z,1.8592,1.8614000000000002,1.8494000000000002,1.8593,240,0,180
2004-09-01T00:00:00Z,1.8582999999999998,1.8788,1.8542999999999998,1.8771,303,0,180
2004-09-02T00:00:00Z,1.877,1.8859,1.8496000000000001,1.8669,626,0,180
2004-09-05T00:00:00Z,1.8666,1.8725,1.854,1.8575,280,0,180
2004-09-06T00:00:00Z,1.8574000000000002,1.8738000000000001,1.8458,1.8705,430,0,180
2004-09-07T00:00:00Z,1.8702999999999999,1.8794,1.8679999999999999,1.8757000000000001,175,0,180
2004-09-08T00:00:00Z,1.8753,1.8753,1.859,1.8719000000000001,293,0,180
2004-09-09T00:00:00Z,1.8719000000000001,1.8807,1.8633,1.8723,345,0,180
2004-09-12T00:00:00Z,1.873,1.8733,1.8605,1.8658000000000001,185,0,180
2004-09-13T00:00:00Z,1.8659,1.8686,1.8486,1.8511,253,0,180
2004-09-14T00:00:00Z,1.8509,1.8542,1.8449,1.8497,175,0,180
2004-09-15T00:00:00Z,1.8489,1.8561999999999999,1.8391,1.8452,306,0,180
2004-09-16T00:00:00Z,1.845,1.8495,1.8417,1.8453,154,0,180
2004-09-19T00:00:00Z,1.8448,1.8483,1.835,1.8414000000000001,233,0,180
2004-09-20T00:00:00Z,1.8412,1.8653,1.8385,1.8582999999999998,366,0,180
2004-09-21T00:00:00Z,1.8580999999999999,1.859,1.8469,1.8509,171,0,180
2004-09-22T00:00:00Z,1.8511,1.853,1.8376000000000001,1.8422,220,0,180
2004-09-23T00:00:00Z,1.8405,1.8502,1.833,1.8361,301,0,180
2004-09-26T00:00:00Z,1.8368,1.8514,1.8353000000000002,1.8465,226,0,180
2004-09-27T00:00:00Z,1.8462,1.8479,1.8376000000000001,1.8412,157,0,180
2004-09-28T00:00:00Z,1.8411,1.8446,1.8359,1.8407,171,0,180
2004-09-29T00:00:00Z,1.8412,1.8453,1.8329,1.835,187,0,180
2004-09-30T00:00:00Z,1.8344,1.8502999999999998,1.8295,1.8396,365,0,180
2004-10-03T00:00:00Z,1.8428,1.8479999999999999,1.8284,1.8348,313,0,180
2004-10-04T00:00:00Z,1.8353000000000002,1.8391,1.8254000000000001,1.8264,186,0,180
2004-10-05T00:00:00Z,1.8273000000000001,1.8316,1.8167,1.8192,218,0,180
2004-10-06T00:00:00Z,1.819,1.8248,1.8134000000000001,1.8151000000000002,190,0,180
2004-10-07T00:00:00Z,1.8152,1.8258,1.8091,1.8111000000000002,294,0,180
2004-10-10T00:00:00Z,1.8126,1.8192,1.8115999999999999,1.8184,95,0,180
2004-10-11T00:00:00Z,1.818,1.8202,1.8088,1.8164,213,0,180
2004-10-12T00:00:00Z,1.8159999999999998,1.8296000000000001,1.8134000000000001,1.8242,243,0,180
2004-10-13T00:00:00Z,1.8233000000000001,1.8282,1.8131,1.8202,272,0,180
2004-10-14T00:00:00Z,1.8204,1.8204,1.8104,1.8142,139,0,180
2004-10-17T00:00:00Z,1.8176,1.8273000000000001,1.8131,1.8243,218,0,180
2004-10-18T00:00:00Z,1.8244,1.8275000000000001,1.8141,1.8258,255,0,180
2004-10-19T00:00:00Z,1.826,1.8298,1.8175,1.8225,212,0,180
2004-10-20T00:00:00Z,1.8231000000000002,1.8255,1.8138999999999998,1.8205,207,0,180
2004-10-21T00:00:00Z,1.8205,1.8264,1.8162,1.8223,187,0,180
2004-10-24T00:00:00Z,1.8239,1.8305,1.8173,1.8284,220,0,180
2004-10-25T00:00:00Z,1.8289,1.8357,1.8241,1.8312,210,0,180
2004-10-26T00:00:00Z,1.8316,1.8531,1.8252000000000002,1.8504,371,0,180
2004-10-27T00:00:00Z,1.8502,1.8683999999999998,1.841,1.8665,386,0,180
2004-10-28T00:00:00Z,1.8647,1.8716,1.8572,1.8709,227,0,180
2004-10-31T00:00:00Z,1.8641,1.8695,1.8613,1.8664,142,0,180
2004-11-01T00:00:00Z,1.8658000000000001,1.8683999999999998,1.8496000000000001,1.8564,283,0,180
2004-11-02T00:00:00Z,1.8575,1.8626,1.8493,1.8553,245,0,180
2004-11-03T00:00:00Z,1.8553,1.8673,1.8549,1.8636,166,0,180
2004-11-04T00:00:00Z,1.8635000000000002,1.8686,1.8549,1.8668,242,0,180
2004-11-07T00:00:00Z,1.8594,1.874,1.8582999999999998,1.8685,224,0,180
2004-11-08T00:00:00Z,1.8681999999999999,1.8735,1.8601,1.8726,225,0,180
2004-11-09T00:00:00Z,1.8727,1.8956,1.8709,1.8824999999999998,397,0,180
2004-11-10T00:00:00Z,1.8824,1.8856000000000002,1.8744,1.8745,146,0,180
2004-11-11T00:00:00Z,1.8742999999999999,1.8763999999999998,1.8574000000000002,1.8702,340,0,180
2004-11-14T00:00:00Z,1.8718,1.8721,1.8451,1.8486,309,0,180
2004-11-15T00:00:00Z,1.849,1.8559,1.8462,1.8528,157,0,180
2004-11-16T00:00:00Z,1.8527,1.8556,1.8356,1.8403,277,0,180
2004-11-17T00:00:00Z,1.8391,1.8446,1.8307,1.8349,237,0,180
2004-11-18T00:00:00Z,1.8349,1.8467,1.8282,1.8382,338,0,180
2004-11-21T00:00:00Z,1.8357999999999999,1.8401,1.8315000000000001,1.8386,145,0,180
2004-11-22T00:00:00Z,1.8387,1.8456000000000001,1.8308,1.8363,273,0,180
2004-11-23T00:00:00Z,1.8363,1.8572,1.8331,1.8565,281,0,180
2004-11-24T00:00:00Z,1.8564,1.8573,1.8396,1.8547,338,0,180
2004-11-25T00:00:00Z,1.8552,1.8573,1.8447,1.8573,232,0,180
2004-11-28T00:00:00Z,1.8534000000000002,1.8576000000000001,1.8447,1.8545,248,0,180
2004-11-29T00:00:00Z,1.8537,1.8662999999999998,1.8518,1.8598,230,0,180
2004-11-30T00:00:00Z,1.8598,1.8651,1.8492,1.8578999999999999,300,0,180
2004-12-01T00:00:00Z,1.8594,1.8594,1.8437999999999999,1.8533,252,0,180
2004-12-02T00:00:00Z,1.8537,1.8696000000000002,1.8486,1.8668,290,0,180
2004-12-05T00:00:00Z,1.8638,1.8685,1.8484,1.8637000000000001,402,0,180
2004-12-06T00:00:00Z,1.8635000000000002,1.8746,1.8519,1.8731,359,0,180
2004-12-07T00:00:00Z,1.8727,1.8935,1.8588,1.8620999999999999,589,0,180
2004-12-08T00:00:00Z,1.8614000000000002,1.8831,1.8599,1.8767,312,0,180
2004-12-09T00:00:00Z,1.8756,1.8860999999999999,1.8721,1.8794,243,0,180
2004-12-12T00:00:00Z,1.885,1.885,1.8669,1.8731,244,0,180
2004-12-13T00:00:00Z,1.8734,1.8780999999999999,1.8654,1.8728,249,0,180
2004-12-14T00:00:00Z,1.8738000000000001,1.8776000000000002,1.8647,1.8654,175,0,180
2004-12-15T00:00:00Z,1.8651,1.877,1.8611,1.8696000000000002,274,0,180
2004-12-16T00:00:00Z,1.8699,1.8699,1.8565,1.8662999999999998,233,0,180
2004-12-19T00:00:00Z,1.8676,1.8791,1.8597000000000001,1.8789,276,0,180
2004-12-20T00:00:00Z,1.8795,1.8874,1.8715000000000002,1.8822,292,0,180
2004-12-21T00:00:00Z,1.8827,1.8849,1.8719999999999999,1.8838,248,0,180
2004-12-22T00:00:00Z,1.8839000000000001,1.8959000000000001,1.8780999999999999,1.8941,255,0,180
2004-12-23T00:00:00Z,1.8941,1.895,1.8820000000000001,1.8864999999999998,185,0,180
2004-12-26T00:00:00Z,1.8866,1.8928,1.8807,1.8848,225,0,180
2004-12-27T00:00:00Z,1.8851,1.8894,1.8786,1.8885999999999998,182,0,180
2004-12-28T00:00:00Z,1.8887,1.9089,1.8822,1.9062999999999999,359,0,180
2004-12-29T00:00:00Z,1.9058000000000002,1.9102000000000001,1.8965,1.8982999999999999,200,0,180
2004-12-30T00:00:00Z,1.8982,1.9013,1.8763999999999998,1.8872,389,0,180
2005-01-02T00:00:00Z,1.8881000000000001,1.896,1.8780999999999999,1.8864999999999998,343,0,150
2005-01-03T00:00:00Z,1.8867,1.8951,1.8777,1.8913,303,0,150
2005-01-04T00:00:00Z,1.8902,1.9033,1.8860000000000001,1.8968,281,0,150
2005-01-05T00:00:00Z,1.8965999999999998,1.8998,1.8832,1.888,247,0,150
2005-01-06T00:00:00Z,1.8879000000000001,1.8885999999999998,1.8687,1.8794,314,0,150
2005-01-09T00:00:00Z,1.8787,1.8895,1.8769,1.885,190,0,150
2005-01-10T00:00:00Z,1.8843,1.8909,1.8755,1.8797000000000001,263,0,150
2005-01-11T00:00:00Z,1.8798,1.8898000000000001,1.8737,1.8761999999999999,287,0,150
2005-01-12T00:00:00Z,1.8759000000000001,1.8820000000000001,1.8678,1.8773,271,0,150
2005-01-13T00:00:00Z,1.8768,1.88,1.8694,1.8749,194,0,150
2005-01-16T00:00:00Z,1.8751,1.8794,1.8709,1.8771,151,0,150
2005-01-17T00:00:00Z,1.877,1.8860999999999999,1.8672,1.8702999999999999,312,0,150
2005-01-18T00:00:00Z,1.8705,1.8719000000000001,1.8493,1.8545,293,0,150
2005-01-19T00:00:00Z,1.854,1.8556,1.8357999999999999,1.8357999999999999,215,0,150
2005-01-20T00:00:00Z,1.8367,1.8412,1.8237999999999999,1.8247,229,0,150
2005-01-23T00:00:00Z,1.8267,1.8338999999999999,1.8208,1.8284,246,0,150
2005-01-24T00:00:00Z,1.8285,1.8345,1.822,1.8271,237,0,150
2005-01-25T00:00:00Z,1.8274,1.8313000000000001,1.8157,1.8258999999999999,298,0,150
2005-01-26T00:00:00Z,1.8256000000000001,1.8298999999999999,1.8199,1.8231000000000002,176,0,150
2005-01-27T00:00:00Z,1.8226,1.8348,1.8192,1.8298,241,0,150
2005-01-30T00:00:00Z,1.8322,1.8376000000000001,1.8235999999999999,1.8351,252,0,150
2005-01-31T00:00:00Z,1.8346,1.8393000000000002,1.8266,1.8332000000000002,241,0,150
2005-02-01T00:00:00Z,1.8327,1.8380999999999998,1.8235999999999999,1.8244,208,0,150
2005-02-02T00:00:00Z,1.8249,1.8302,1.8227,1.827,130,0,150
2005-02-03T00:00:00Z,1.8274,1.83,1.8103,1.8121,242,0,150
2005-02-06T00:00:00Z,1.8144,1.8269,1.8105,1.8221,252,0,150
2005-02-07T00:00:00Z,1.823,1.8322,1.8176,1.8253,270,0,150
2005-02-08T00:00:00Z,1.8253,1.8304,1.8167,1.8197,219,0,150
2005-02-09T00:00:00Z,1.8195000000000001,1.821,1.8074,1.8088,166,0,150
2005-02-10T00:00:00Z,1.8094000000000001,1.8136,1.7997,1.802,205,0,150
2005-02-13T00:00:00Z,1.8023,1.8167,1.8023,1.8165,147,0,150
2005-02-14T00:00:00Z,1.8168,1.8205,1.8113000000000001,1.8197,156,0,150
2005-02-15T00:00:00Z,1.8203,1.8275000000000001,1.8182,1.826,130,0,150
2005-02-16T00:00:00Z,1.8262,1.8282,1.813,1.8216999999999999,260,0,150
2005-02-17T00:00:00Z,1.8218,1.825,1.8032,1.8077999999999999,297,0,150
2005-02-20T00:00:00Z,1.8045,1.8090000000000002,1.7951000000000001,1.8009,243,0,150
2005-02-21T00:00:00Z,1.8013,1.8222,1.7981,1.8205,291,0,150
2005-02-22T00:00:00Z,1.8197999999999999,1.8319,1.818,1.8307,170,0,150
2005-02-23T00:00:00Z,1.831,1.8372000000000002,1.8252000000000002,1.8302,233,0,150
2005-02-24T00:00:00Z,1.8306,1.8355000000000001,1.8260999999999998,1.8338999999999999,156,0,150
2005-02-27T00:00:00Z,1.8349,1.8366,1.8167,1.8208,258,0,150
2005-02-28T00:00:00Z,1.8211,1.8239999999999998,1.8121,1.8128,156,0,150
2005-03-01T00:00:00Z,1.8136,1.8212000000000002,1.8052000000000001,1.8087,272,0,150
2005-03-02T00:00:00Z,1.8084,1.8121,1.7999,1.8031000000000001,192,0,150
2005-03-03T00:00:00Z,1.8037,1.8077999999999999,1.7953000000000001,1.8061,227,0,150
2005-03-06T00:00:00Z,1.8054000000000001,1.8068,1.7938,1.7976,183,0,150
2005-03-07T00:00:00Z,1.7974999999999999,1.8054000000000001,1.7936999999999999,1.8033000000000001,177,0,150
2005-03-08T00:00:00Z,1.8031000000000001,1.8311,1.8031000000000001,1.8129,463,0,150
2005-03-09T00:00:00Z,1.8121,1.8224,1.8027,1.8188,328,0,150
2005-03-10T00:00:00Z,1.8183,1.8253,1.8147,1.8194,202,0,150
2005-03-13T00:00:00Z,1.8204,1.8214000000000001,1.8089,1.8119,166,0,150
2005-03-14T00:00:00Z,1.8121,1.8141,1.7957,1.7971,219,0,150
2005-03-15T00:00:00Z,1.7967,1.8088,1.7964,1.8031000000000001,185,0,150
2005-03-16T00:00:00Z,1.8034,1.8056999999999999,1.7968,1.8006,151,0,150
2005-03-17T00:00:00Z,1.8003,1.8033000000000001,1.7845,1.7896,270,0,150
2005-03-20T00:00:00Z,1.7919,1.7933,1.7825,1.7875,173,0,150
2005-03-21T00:00:00Z,1.7879,1.7934,1.7814999999999999,1.7889,229,0,150
2005-03-22T00:00:00Z,1.7893,1.8155999999999999,1.7883,1.8077999999999999,362,0,150
2005-03-23T00:00:00Z,1.8082,1.8226,1.8053,1.813,299,0,150
2005-03-24T00:00:00Z,1.8144,1.8184,1.8121,1.8149,122,0,150
2005-03-27T00:00:00Z,1.8138999999999998,1.825,1.8134000000000001,1.8229,143,0,150
2005-03-28T00:00:00Z,1.8225,1.8296000000000001,1.812,1.8214000000000001,342,0,150
2005-03-29T00:00:00Z,1.8218,1.8285,1.818,1.8247,182,0,150
2005-03-30T00:00:00Z,1.8247,1.8260999999999998,1.817,1.8214000000000001,150,0,150
2005-03-31T00:00:00Z,1.8212000000000002,1.829,1.8141,1.8212000000000002,299,0,150
2005-04-03T00:00:00Z,1.8199999999999998,1.8248,1.8143,1.8155999999999999,167,0,150
2005-04-04T00:00:00Z,1.8151000000000002,1.8266,1.8126,1.8145,275,0,150
2005-04-05T00:00:00Z,1.8141,1.8163,1.8045,1.807,166,0,150
2005-04-06T00:00:00Z,1.807,1.8121,1.8011,1.8067,218,0,150
2005-04-07T00:00:00Z,1.8066,1.8077,1.7961,1.8056999999999999,224,0,150
2005-04-10T00:00:00Z,1.8054000000000001,1.8066,1.7932000000000001,1.799,205,0,150
2005-04-11T00:00:00Z,1.796,1.8022,1.7902,1.7905,186,0,150
2005-04-12T00:00:00Z,1.7911000000000001,1.7928,1.7795999999999998,1.7847,201,0,150
2005-04-13T00:00:00Z,1.7848000000000002,1.7854,1.7705,1.7755,206,0,150
2005-04-14T00:00:00Z,1.7755999999999998,1.8075999999999999,1.7747000000000002,1.8056999999999999,358,0,150
2005-04-17T00:00:00Z,1.8048,1.8218999999999999,1.8014999999999999,1.8138999999999998,318,0,150
2005-04-18T00:00:00Z,1.8136999999999999,1.8171,1.8016999999999999,1.8032,204,0,150
2005-04-19T00:00:00Z,1.8043,1.8069,1.7949000000000002,1.7984,182,0,150
2005-04-20T00:00:00Z,1.7987,1.8026,1.7924,1.7930000000000001,148,0,150
2005-04-21T00:00:00Z,1.7927,1.7974999999999999,1.782,1.7845,229,0,150
2005-04-24T00:00:00Z,1.7851,1.786,1.7719,1.7838,270,0,150
2005-04-25T00:00:00Z,1.7844,1.7955,1.7799,1.7936,221,0,150
2005-04-26T00:00:00Z,1.7934999999999999,1.7997999999999998,1.7865,1.7944,258,0,150
2005-04-27T00:00:00Z,1.7944,1.7944,1.7690000000000001,1.7696,261,0,150
2005-04-28T00:00:00Z,1.7696,1.7769,1.7562,1.7596,315,0,150
2005-05-01T00:00:00Z,1.7581,1.7671999999999999,1.7581,1.7610000000000001,154,0,150
2005-05-02T00:00:00Z,1.7603,1.7788,1.7545,1.7715,375,0,150
2005-05-03T00:00:00Z,1.7713,1.7776999999999998,1.763,1.7635999999999998,218,0,150
2005-05-04T00:00:00Z,1.7641,1.7707000000000002,1.7585,1.7619,223,0,150
2005-05-05T00:00:00Z,1.7617,1.7649,1.7475,1.7484,216,0,150
2005-05-08T00:00:00Z,1.7482,1.7610000000000001,1.748,1.7591999999999999,151,0,150
2005-05-09T00:00:00Z,1.7591,1.7663,1.7543,1.7588,238,0,150
2005-05-10T00:00:00Z,1.7587000000000002,1.7629000000000001,1.7484,1.7561,265,0,150
2005-05-11T00:00:00Z,1.7565,1.771,1.7492999999999999,1.7665,335,0,150
2005-05-12T00:00:00Z,1.7662,1.7768000000000002,1.7629000000000001,1.775,191,0,150
2005-05-15T00:00:00Z,1.7741,1.7921,1.7707000000000002,1.7911000000000001,259,0,150
2005-05-16T00:00:00Z,1.7907,1.791,1.7774999999999999,1.7831000000000001,195,0,150
2005-05-17T00:00:00Z,1.7833,1.7856999999999998,1.7734999999999999,1.7752,164,0,150
2005-05-18T00:00:00Z,1.7752,1.7832,1.772,1.7772999999999999,204,0,150
2005-05-19T00:00:00Z,1.7772999999999999,1.7867,1.7706,1.7715,265,0,150
2005-05-22T00:00:00Z,1.7696,1.7759,1.7681,1.7697,156,0,150
2005-05-23T00:00:00Z,1.7696,1.7706,1.7612999999999999,1.7637,128,0,150
2005-05-24T00:00:00Z,1.7626,1.7682,1.7621,1.7650000000000001,99,0,150
2005-05-25T00:00:00Z,1.7637,1.7659,1.7572,1.7633999999999999,172,0,150
2005-05-26T00:00:00Z,1.7637,1.7647,1.7551999999999999,1.7587000000000002,141,0,150
2005-05-29T00:00:00Z,1.7503,1.7589000000000001,1.7482,1.7516,202,0,150
2005-05-30T00:00:00Z,1.7523,1.7593,1.7426,1.7456,268,0,150
2005-05-31T00:00:00Z,1.7457,1.7585,1.7448000000000001,1.7469000000000001,263,0,150
2005-06-01T00:00:00Z,1.7465000000000002,1.7572999999999999,1.7418,1.7507000000000001,269,0,150
2005-06-02T00:00:00Z,1.7504,1.7538,1.7447,1.7469000000000001,148,0,150
2005-06-05T00:00:00Z,1.7468,1.7501,1.7287,1.7287,248,0,150
2005-06-06T00:00:00Z,1.7290999999999999,1.7330999999999999,1.7147999999999999,1.7198,274,0,150
2005-06-07T00:00:00Z,1.7196,1.7252999999999998,1.714,1.72,223,0,150
2005-06-08T00:00:00Z,1.7199,1.7204000000000002,1.7096,1.7167,185,0,150
2005-06-09T00:00:00Z,1.7166000000000001,1.7218,1.7137,1.7163,160,0,150
2005-06-12T00:00:00Z,1.7156,1.7189999999999999,1.7048999999999999,1.7162,277,0,150
2005-06-13T00:00:00Z,1.7164000000000001,1.7212,1.6964000000000001,1.7012,345,0,150
2005-06-14T00:00:00Z,1.7001,1.7045,1.6952,1.6977,163,0,150
2005-06-15T00:00:00Z,1.6979,1.7042000000000002,1.6883,1.6932,272,0,150
2005-06-16T00:00:00Z,1.6935,1.7198,1.693,1.7136,336,0,150
2005-06-19T00:00:00Z,1.7039,1.7081,1.6963,1.7003,201,0,150
2005-06-20T00:00:00Z,1.7004000000000001,1.7025000000000001,1.6913,1.6974,195,0,150
2005-06-21T00:00:00Z,1.6972,1.7055,1.6881,1.6905000000000001,282,0,150
2005-06-22T00:00:00Z,1.6907999999999999,1.7095,1.6905000000000001,1.7045,244,0,150
2005-06-23T00:00:00Z,1.7044000000000001,1.7175,1.6976,1.7149,294,0,150
2005-06-26T00:00:00Z,1.7143000000000002,1.7229999999999999,1.7109999999999999,1.717,214,0,150
2005-06-27T00:00:00Z,1.717,1.7250999999999999,1.7135,1.7208999999999999,194,0,150
2005-06-28T00:00:00Z,1.7222,1.7324000000000002,1.7149,1.725,323,0,150
2005-06-29T00:00:00Z,1.7247,1.7422,1.7217,1.7361,297,0,150
2005-06-30T00:00:00Z,1.7363,1.7563,1.7343,1.7463,341,0,150
2005-07-03T00:00:00Z,1.7463,1.7563,1.7443,1.7499,205,0,150
2005-07-04T00:00:00Z,1.7498,1.7647,1.7496,1.7612999999999999,188,0,150
2005-07-05T00:00:00Z,1.7612999999999999,1.7746,1.7574,1.7723,235,0,150
2005-07-06T00:00:00Z,1.7724,1.7809,1.7629000000000001,1.7745,340,0,150
2005-07-07T00:00:00Z,1.7742,1.783,1.7683,1.7774,263,0,150
2005-07-10T00:00:00Z,1.778,1.7823,1.7706,1.7793999999999999,221,0,150
2005-07-11T00:00:00Z,1.7798,1.788,1.7736,1.7845,242,0,150
2005-07-12T00:00:00Z,1.7845,1.8042,1.7821,1.7967,321,0,150
2005-07-13T00:00:00Z,1.7962,1.7979,1.7801,1.7881,276,0,150
2005-07-14T00:00:00Z,1.7887,1.7953999999999999,1.7845,1.7850000000000001,182,0,150
2005-07-17T00:00:00Z,1.784,1.7929,1.7768000000000002,1.7784,267,0,150
2005-07-18T00:00:00Z,1.7782,1.7854999999999999,1.7743,1.7851,156,0,150
2005-07-19T00:00:00Z,1.7850000000000001,1.7995999999999999,1.7776999999999998,1.7913999999999999,375,0,150
2005-07-20T00:00:00Z,1.791,1.7955,1.7691,1.7741,360,0,150
2005-07-21T00:00:00Z,1.7742,1.7789000000000001,1.7551999999999999,1.7588,321,0,150
2005-07-24T00:00:00Z,1.7644,1.7723,1.7564,1.7614,289,0,150
2005-07-25T00:00:00Z,1.7612999999999999,1.7646,1.7553,1.7617,183,0,150
2005-07-26T00:00:00Z,1.7614999999999998,1.7763,1.7607,1.7752,176,0,150
2005-07-27T00:00:00Z,1.7751000000000001,1.7824,1.7703,1.7753,241,0,150
2005-07-28T00:00:00Z,1.7752,1.7833,1.7677,1.7807,258,0,150
2005-07-31T00:00:00Z,1.7811,1.7892000000000001,1.7793999999999999,1.7807,193,0,150
2005-08-01T00:00:00Z,1.7810000000000001,1.7847,1.7726,1.7748,181,0,150
2005-08-02T00:00:00Z,1.7739,1.7883,1.7722,1.7838,224,0,150
2005-08-03T00:00:00Z,1.7827,1.7932000000000001,1.7801,1.7922,168,0,150
2005-08-04T00:00:00Z,1.7924,1.7969,1.7865,1.7873999999999999,159,0,150
2005-08-07T00:00:00Z,1.79,1.7915999999999999,1.7803,1.7839,166,0,150
2005-08-08T00:00:00Z,1.7842,1.7908,1.7784,1.7863,228,0,150
2005-08-09T00:00:00Z,1.7866,1.7899,1.7757,1.7798,217,0,150
2005-08-10T00:00:00Z,1.7791000000000001,1.7821,1.7627000000000002,1.7671999999999999,270,0,150
2005-08-11T00:00:00Z,1.7667000000000002,1.7707000000000002,1.7537,1.7584,258,0,150
2005-08-14T00:00:00Z,1.7585,1.7629000000000001,1.7468,1.7546,284,0,150
2005-08-15T00:00:00Z,1.7597,1.7597,1.7464,1.7555,225,0,150
2005-08-16T00:00:00Z,1.7555,1.7564,1.7469000000000001,1.7513,149,0,150
2005-08-17T00:00:00Z,1.7513,1.755,1.7450999999999999,1.7487,173,0,150
2005-08-18T00:00:00Z,1.7490999999999999,1.7563,1.7442,1.7502,232,0,150
2005-08-21T00:00:00Z,1.7497,1.7583,1.749,1.7565,119,0,150
2005-08-22T00:00:00Z,1.7562,1.758,1.7497,1.7509000000000001,114,0,150
2005-08-23T00:00:00Z,1.7511,1.7602,1.7494,1.759,138,0,150
2005-08-24T00:00:00Z,1.7593,1.7667000000000002,1.7559,1.7628,182,0,150
2005-08-25T00:00:00Z,1.763,1.7696,1.7596,1.7677,154,0,150
2005-08-28T00:00:00Z,1.7668,1.7724,1.7616,1.7647,196,0,150
2005-08-29T00:00:00Z,1.764,1.775,1.7616,1.7715,194,0,150
2005-08-30T00:00:00Z,1.7715,1.782,1.7703,1.7730000000000001,220,0,150
2005-08-31T00:00:00Z,1.7732999999999999,1.7779,1.7684,1.7711999999999999,170,0,150
2005-09-01T00:00:00Z,1.771,1.7812000000000001,1.7671999999999999,1.7737,254,0,150
2005-09-04T00:00:00Z,1.7751000000000001,1.7782,1.7625,1.7692999999999999,257,0,150
2005-09-05T00:00:00Z,1.7698,1.7705,1.7574,1.7582,147,0,150
2005-09-06T00:00:00Z,1.7596,1.7699,1.7562,1.7647,224,0,150
2005-09-07T00:00:00Z,1.7645,1.7671999999999999,1.7568000000000001,1.7576,140,0,150
2005-09-08T00:00:00Z,1.758,1.7654999999999998,1.7536,1.7537,196,0,150
2005-09-11T00:00:00Z,1.7530999999999999,1.7536,1.7397,1.7483,231,0,150
2005-09-12T00:00:00Z,1.7471999999999999,1.7508,1.7427000000000001,1.7476,159,0,150
2005-09-13T00:00:00Z,1.7478,1.7478,1.7315,1.7328999999999999,178,0,150
2005-09-14T00:00:00Z,1.7325,1.7351999999999999,1.7241,1.7326000000000001,222,0,150
2005-09-15T00:00:00Z,1.7322,1.7416,1.7309,1.7364000000000002,173,0,150
2005-09-18T00:00:00Z,1.7268,1.7418,1.7265000000000001,1.7324000000000002,251,0,150
2005-09-19T00:00:00Z,1.7323,1.7381,1.7297,1.7364000000000002,128,0,150
2005-09-20T00:00:00Z,1.7364000000000002,1.7501,1.7356,1.7467000000000001,188,0,150
2005-09-21T00:00:00Z,1.7466,1.7555,1.7449,1.7534,145,0,150
2005-09-22T00:00:00Z,1.7538,1.7591,1.7497,1.7504,155,0,150
2005-09-25T00:00:00Z,1.7501,1.7614,1.7487,1.7591,165,0,150
2005-09-26T00:00:00Z,1.7591999999999999,1.7699,1.7579,1.7654999999999998,178,0,150
2005-09-27T00:00:00Z,1.7652,1.7703,1.7501,1.7505,258,0,150
2005-09-28T00:00:00Z,1.7506,1.7526000000000002,1.7356,1.7415,250,0,150
2005-09-29T00:00:00Z,1.7415,1.7448000000000001,1.7341,1.7391999999999999,192,0,150
2005-10-02T00:00:00Z,1.7393,1.7393999999999998,1.7207,1.7231,213,0,150
2005-10-03T00:00:00Z,1.7229,1.7248,1.7114,1.7117,157,0,150
2005-10-04T00:00:00Z,1.7113,1.7269999999999999,1.7072,1.7269999999999999,240,0,150
2005-10-05T00:00:00Z,1.7276,1.7513,1.7202,1.7457,442,0,150
2005-10-06T00:00:00Z,1.7455,1.7465000000000002,1.7345000000000002,1.7431,217,0,150
2005-10-09T00:00:00Z,1.7423,1.7445,1.7262,1.7277,221,0,150
2005-10-10T00:00:00Z,1.7271,1.7363,1.7191,1.7332999999999998,283,0,150
2005-10-11T00:00:00Z,1.7332999999999998,1.734,1.7225000000000001,1.7252999999999998,151,0,150
2005-10-12T00:00:00Z,1.725,1.7381,1.7236,1.7354,187,0,150
2005-10-13T00:00:00Z,1.7355,1.7399,1.7269,1.7342,248,0,150
2005-10-16T00:00:00Z,1.7344,1.737,1.7241,1.726,175,0,150
2005-10-17T00:00:00Z,1.7263,1.7298,1.7138,1.7208,266,0,150
2005-10-18T00:00:00Z,1.7215,1.7221,1.7113,1.7164000000000001,166,0,150
2005-10-19T00:00:00Z,1.717,1.7202,1.7057,1.7142,263,0,150
2005-10-20T00:00:00Z,1.7144,1.7189,1.7041,1.7078,231,0,150
2005-10-23T00:00:00Z,1.7067,1.709,1.6998,1.7035,153,0,150
2005-10-24T00:00:00Z,1.7029999999999998,1.7207,1.7001,1.7172,271,0,150
2005-10-25T00:00:00Z,1.7170999999999998,1.7222,1.7105000000000001,1.7197,209,0,150
2005-10-26T00:00:00Z,1.7198,1.7229999999999999,1.7106,1.7176,227,0,150
2005-10-27T00:00:00Z,1.7176,1.7213,1.7119,1.716,173,0,150
2005-10-30T00:00:00Z,1.7161,1.7181,1.7093,1.7127,143,0,150
2005-10-31T00:00:00Z,1.7128,1.7247,1.7086000000000001,1.7229,222,0,150
2005-11-01T00:00:00Z,1.7225000000000001,1.7445,1.7198,1.7429999999999999,290,0,150
2005-11-02T00:00:00Z,1.7428,1.746,1.7303,1.7342,229,0,150
2005-11-03T00:00:00Z,1.7343,1.7387000000000001,1.7283,1.7283,149,0,150
2005-11-06T00:00:00Z,1.7297,1.7406000000000001,1.7258,1.7368000000000001,226,0,150
2005-11-07T00:00:00Z,1.7368000000000001,1.7386,1.722,1.7241,206,0,150
2005-11-08T00:00:00Z,1.7241,1.7282,1.7122000000000002,1.7130999999999998,211,0,150
2005-11-09T00:00:00Z,1.7132,1.7149,1.7024,1.704,159,0,150
2005-11-10T00:00:00Z,1.7043,1.7078,1.6973,1.7078,176,0,150
2005-11-13T00:00:00Z,1.7077,1.7214,1.7062,1.7206000000000001,176,0,150
2005-11-14T00:00:00Z,1.7216,1.7243,1.706,1.71,251,0,150
2005-11-15T00:00:00Z,1.7106,1.7155,1.702,1.7045,210,0,150
2005-11-16T00:00:00Z,1.7046999999999999,1.7105000000000001,1.7010999999999998,1.7083,153,0,150
2005-11-17T00:00:00Z,1.7076,1.716,1.7002000000000002,1.7128999999999999,264,0,150
2005-11-20T00:00:00Z,1.7151,1.7191,1.7008,1.7026,242,0,150
2005-11-21T00:00:00Z,1.7025000000000001,1.7102,1.7006999999999999,1.7072,144,0,150
2005-11-22T00:00:00Z,1.7073,1.7125,1.6993,1.7041,233,0,150
2005-11-23T00:00:00Z,1.7035,1.704,1.6926999999999999,1.6956,148,0,150
2005-11-24T00:00:00Z,1.6954,1.6968,1.6772,1.6778,217,0,150
2005-11-27T00:00:00Z,1.6799,1.6891,1.6752,1.6818,260,0,150
2005-11-28T00:00:00Z,1.6808999999999998,1.6852,1.6766,1.6813,169,0,150
2005-11-29T00:00:00Z,1.6808,1.6816,1.6707999999999998,1.6768,177,0,150
2005-11-30T00:00:00Z,1.6771,1.6774,1.6604,1.6667,237,0,150
2005-12-01T00:00:00Z,1.6669,1.6688,1.6401,1.6444,350,0,150
2005-12-04T00:00:00Z,1.6425,1.6435,1.6343,1.6409,169,0,150
2005-12-05T00:00:00Z,1.6413,1.6457000000000002,1.6383999999999999,1.6423999999999999,136,0,150
2005-12-06T00:00:00Z,1.6421999999999999,1.6734,1.6413,1.6705999999999999,359,0,150
2005-12-07T00:00:00Z,1.6709,1.6913,1.6644999999999999,1.6846,400,0,150
2005-12-08T00:00:00Z,1.6848,1.6879,1.6747999999999998,1.6792,207,0,150
2005-12-11T00:00:00Z,1.6779,1.6881,1.6718,1.6808,298,0,150
2005-12-12T00:00:00Z,1.6814,1.6926999999999999,1.6798,1.6915,158,0,150
2005-12-13T00:00:00Z,1.6916,1.7039,1.6905999999999999,1.6971,212,0,150
2005-12-14T00:00:00Z,1.6968999999999999,1.7367,1.6916,1.7264,608,0,150
2005-12-15T00:00:00Z,1.7271,1.7452,1.7269,1.7393,245,0,150
2005-12-18T00:00:00Z,1.7429000000000001,1.7488000000000001,1.7314,1.7458,320,0,150
2005-12-19T00:00:00Z,1.7456,1.7492999999999999,1.7346,1.7416,255,0,150
2005-12-20T00:00:00Z,1.7421,1.7479,1.7364000000000002,1.7471,181,0,150
2005-12-21T00:00:00Z,1.7478,1.7687,1.7426,1.763,371,0,150
2005-12-22T00:00:00Z,1.7629000000000001,1.7688000000000001,1.7572999999999999,1.7598,200,0,150
2005-12-25T00:00:00Z,1.7618,1.7641,1.7518,1.7537,166,0,150
2005-12-26T00:00:00Z,1.7532999999999999,1.7621,1.7517,1.7607,135,0,150
2005-12-27T00:00:00Z,1.7610999999999999,1.7639,1.7374,1.7376,296,0,150
2005-12-28T00:00:00Z,1.7379,1.7454,1.7328000000000001,1.7381,251,0,150
2005-12-29T00:00:00Z,1.7382,1.7383,1.7254,1.7345000000000002,222,0,150
2006-01-01T00:00:00Z,1.7342,1.7398,1.7271,1.734,253,0,140
2006-01-02T00:00:00Z,1.7336,1.7623,1.7318,1.7570999999999999,376,0,140
2006-01-03T00:00:00Z,1.7566000000000002,1.7658,1.7517,1.7626,223,0,140
2006-01-04T00:00:00Z,1.7625,1.7687,1.7546,1.7621,279,0,140
2006-01-05T00:00:00Z,1.7628,1.7704,1.756,1.7574,235,0,140
2006-01-08T00:00:00Z,1.7578,1.7593999999999999,1.74,1.7410999999999999,222,0,140
2006-01-09T00:00:00Z,1.7410999999999999,1.7464,1.7372,1.7391,165,0,140
2006-01-10T00:00:00Z,1.7415,1.7427000000000001,1.7357,1.7393999999999998,120,0,140
2006-01-11T00:00:00Z,1.7391999999999999,1.742,1.7281,1.736,247,0,140
2006-01-12T00:00:00Z,1.736,1.7399,1.7309,1.7383,158,0,140
2006-01-15T00:00:00Z,1.7389000000000001,1.7436,1.7330999999999999,1.7436,164,0,140
2006-01-16T00:00:00Z,1.7438,1.7553,1.7393999999999998,1.7521,236,0,140
2006-01-17T00:00:00Z,1.7522,1.7686,1.7513999999999998,1.7663,204,0,140
2006-01-18T00:00:00Z,1.7664,1.7875,1.7601,1.7824,389,0,140
2006-01-19T00:00:00Z,1.783,1.7882,1.7698,1.7867,332,0,140
2006-01-22T00:00:00Z,1.7863,1.8001,1.7835999999999999,1.7981,213,0,140
2006-01-23T00:00:00Z,1.7974999999999999,1.8159,1.7964,1.7974999999999999,391,0,140
2006-01-24T00:00:00Z,1.7970000000000002,1.8013,1.7789000000000001,1.7799,278,0,140
2006-01-25T00:00:00Z,1.7802,1.7922,1.7769,1.7851,258,0,140
2006-01-26T00:00:00Z,1.7848000000000002,1.8054000000000001,1.7734999999999999,1.775,541,0,140
2006-01-29T00:00:00Z,1.7763,1.7803,1.7694999999999999,1.7734,188,0,140
2006-01-30T00:00:00Z,1.7746,1.7791000000000001,1.7654,1.7656,185,0,140
2006-01-31T00:00:00Z,1.7656,1.7688000000000001,1.7591999999999999,1.764,177,0,140
2006-02-01T00:00:00Z,1.7631999999999999,1.7648000000000001,1.7509000000000001,1.7526000000000002,173,0,140
2006-02-02T00:00:00Z,1.7518,1.7551999999999999,1.7447,1.7486000000000002,179,0,140
2006-02-05T00:00:00Z,1.7501,1.7633,1.748,1.7574,234,0,140
2006-02-06T00:00:00Z,1.7577,1.7664,1.75,1.7664,242,0,140
2006-02-07T00:00:00Z,1.7657,1.7739,1.7589000000000001,1.7728000000000002,230,0,140
2006-02-08T00:00:00Z,1.7732999999999999,1.775,1.7626,1.7641,157,0,140
2006-02-09T00:00:00Z,1.7647,1.7657,1.7525,1.7543,161,0,140
2006-02-12T00:00:00Z,1.7536,1.7649,1.7484,1.7628,239,0,140
2006-02-13T00:00:00Z,1.7627000000000002,1.7713,1.7584,1.7586,218,0,140
2006-02-14T00:00:00Z,1.759,1.7648000000000001,1.7545,1.7637,160,0,140
2006-02-15T00:00:00Z,1.7643,1.7795999999999998,1.7599,1.7771,267,0,140
2006-02-16T00:00:00Z,1.7765,1.7933,1.7713999999999999,1.7865,339,0,140
2006-02-19T00:00:00Z,1.7847,1.7892000000000001,1.7787,1.7804,168,0,140
2006-02-20T00:00:00Z,1.7814,1.8045,1.779,1.7983,342,0,140
2006-02-21T00:00:00Z,1.7982,1.8134000000000001,1.7982,1.8089,198,0,140
2006-02-22T00:00:00Z,1.8081,1.8115,1.8011,1.8018999999999998,147,0,140
2006-02-23T00:00:00Z,1.802,1.8045,1.7893,1.7913000000000001,198,0,140
2006-02-26T00:00:00Z,1.7915999999999999,1.8054999999999999,1.7911000000000001,1.7962,243,0,140
2006-02-27T00:00:00Z,1.796,1.8047,1.7923,1.8009,200,0,140
2006-02-28T00:00:00Z,1.8012000000000001,1.8035999999999999,1.7901,1.7946,205,0,140
2006-03-01T00:00:00Z,1.794,1.8058,1.7896,1.8012000000000001,253,0,140
2006-03-02T00:00:00Z,1.8016,1.8117,1.8001,1.8094999999999999,154,0,140
2006-03-05T00:00:00Z,1.8102,1.8322,1.8089,1.8283,286,0,140
2006-03-06T00:00:00Z,1.8285,1.8397999999999999,1.8277,1.8317,211,0,140
2006-03-07T00:00:00Z,1.8319,1.8391,1.8265,1.8288,222,0,140
2006-03-08T00:00:00Z,1.8283,1.8451,1.8273000000000001,1.8428,212,0,140
2006-03-09T00:00:00Z,1.8428,1.8614000000000002,1.8407,1.8567,276,0,140
2006-03-12T00:00:00Z,1.8572,1.8712,1.8521,1.8704,251,0,140
2006-03-13T00:00:00Z,1.8698000000000001,1.8919000000000001,1.8681999999999999,1.8697,474,0,140
2006-03-14T00:00:00Z,1.8700999999999999,1.8756,1.8622999999999998,1.8655,221,0,140
2006-03-15T00:00:00Z,1.8659,1.911,1.8654,1.903,542,0,140
2006-03-16T00:00:00Z,1.903,1.932,1.9001000000000001,1.92,469,0,140
2006-03-19T00:00:00Z,1.919,1.9538,1.9156,1.9472,483,0,140
2006-03-20T00:00:00Z,1.9476,1.9527,1.9340000000000002,1.9405999999999999,305,0,140
2006-03-21T00:00:00Z,1.9401000000000002,1.9554,1.9247,1.9306,520,0,140
2006-03-22T00:00:00Z,1.931,1.933,1.9152,1.9195,242,0,140
2006-03-23T00:00:00Z,1.9203999999999999,1.9801,1.9143,1.9785,736,0,140
2006-03-26T00:00:00Z,1.9727999999999999,1.9907,1.9676,1.9809,382,0,140
2006-03-27T00:00:00Z,1.9809999999999999,2.0008,1.9623,1.9877,704,0,140
2006-03-28T00:00:00Z,1.9877,2.0041,1.9845000000000002,1.9874,390,0,140
2006-03-29T00:00:00Z,1.9878,1.9933,1.9769,1.9832999999999998,284,0,140
2006-03-30T00:00:00Z,1.9846,1.99,1.9653,1.9656,305,0,140
2006-04-02T00:00:00Z,1.9663,1.9933999999999998,1.955,1.9925000000000002,507,0,140
2006-04-03T00:00:00Z,1.9931999999999999,2.0222,1.9901,2.0151,424,0,140
2006-04-04T00:00:00Z,2.0128,2.0163,1.9944,1.9950999999999999,262,0,140
2006-04-05T00:00:00Z,1.9952999999999999,2.0104,1.9844,1.9931999999999999,500,0,140
2006-04-06T00:00:00Z,1.9927000000000001,1.9982,1.9795,1.9883,331,0,140
2006-04-09T00:00:00Z,1.9903,1.9963,1.9803,1.9836,254,0,140
2006-04-10T00:00:00Z,1.9834,1.9950999999999999,1.9821,1.9859,236,0,140
2006-04-11T00:00:00Z,1.9862,1.9874,1.9605000000000001,1.9630999999999998,308,0,140
2006-04-12T00:00:00Z,1.9636,1.9663,1.9346,1.9553,552,0,140
2006-04-13T00:00:00Z,1.9563000000000001,1.9646,1.9542000000000002,1.9585,187,0,140
2006-04-16T00:00:00Z,1.9606,1.9717,1.9562,1.9646,271,0,140
2006-04-17T00:00:00Z,1.9643000000000002,1.967,1.9518,1.9604,266,0,140
2006-04-18T00:00:00Z,1.9604,1.9643000000000002,1.9407999999999999,1.9522,389,0,140
2006-04-19T00:00:00Z,1.9529999999999998,1.9703,1.9445999999999999,1.9649999999999999,395,0,140
2006-04-20T00:00:00Z,1.9653,1.9693,1.9422000000000001,1.9485999999999999,376,0,140
2006-04-23T00:00:00Z,1.9529,1.9781,1.9431,1.9741,489,0,140
2006-04-24T00:00:00Z,1.9738,1.9950999999999999,1.9654,1.9904,429,0,140
2006-04-25T00:00:00Z,1.9906000000000001,1.9906000000000001,1.9649999999999999,1.9670999999999998,278,0,140
2006-04-26T00:00:00Z,1.9678,1.9845000000000002,1.9645000000000001,1.9803,276,0,140
2006-04-27T00:00:00Z,1.9809999999999999,1.988,1.9748999999999999,1.9786000000000001,239,0,140
2006-04-30T00:00:00Z,1.9782,1.9847000000000001,1.9729,1.9777,232,0,140
2006-05-01T00:00:00Z,1.9769,1.9847000000000001,1.9705,1.9714,230,0,140
2006-05-02T00:00:00Z,1.9712,1.9798,1.9597,1.9654,345,0,140
2006-05-03T00:00:00Z,1.9662,1.9824000000000002,1.9658,1.9795,200,0,140
2006-05-04T00:00:00Z,1.9796,1.9889999999999999,1.9769,1.9851,188,0,140
2006-05-07T00:00:00Z,1.9864000000000002,2.0142,1.9809,2.0092,439,0,140
2006-05-08T00:00:00Z,2.0088,2.0334,2.0031,2.0236,459,0,140
2006-05-09T00:00:00Z,2.0232,2.052,2.0192,2.0423,466,0,140
2006-05-10T00:00:00Z,2.0428,2.0528,2.0143,2.0355,698,0,140
2006-05-11T00:00:00Z,2.0362,2.0669,2.0314,2.0593,480,0,140
2006-05-14T00:00:00Z,2.0617,2.0831,2.0546,2.0638,550,0,140
2006-05-15T00:00:00Z,2.0649,2.0674,2.0469,2.05,262,0,140
2006-05-16T00:00:00Z,2.0501,2.0584,2.0453,2.0509,255,0,140
2006-05-17T00:00:00Z,2.0509,2.0644,2.0415,2.0625,343,0,140
2006-05-18T00:00:00Z,2.0623,2.0686,2.0499,2.0613,365,0,140
2006-05-21T00:00:00Z,2.0587,2.0801,2.0578,2.068,354,0,140
2006-05-22T00:00:00Z,2.068,2.0713,2.04,2.0505,452,0,140
2006-05-23T00:00:00Z,2.0525,2.0596,2.0122,2.0156,580,0,140
2006-05-24T00:00:00Z,2.0156,2.02,1.99,1.9986000000000002,431,0,140
2006-05-25T00:00:00Z,1.9986000000000002,2.0162,1.9977,2.008,277,0,140
2006-05-28T00:00:00Z,2.0074,2.0149,2.0036,2.0103,198,0,140
2006-05-29T00:00:00Z,2.0102,2.0187,2.0045,2.0095,278,0,140
2006-05-30T00:00:00Z,2.0098,2.0226,2.0026,2.0192,307,0,140
2006-05-31T00:00:00Z,2.0195,2.0371,2.0162,2.0371,243,0,140
2006-06-01T00:00:00Z,2.0375,2.0571,2.031,2.0489,409,0,140
2006-06-04T00:00:00Z,2.0519,2.0555,2.0385,2.0442,264,0,140
2006-06-05T00:00:00Z,2.0443,2.0518,2.0352,2.0468,308,0,140
2006-06-06T00:00:00Z,2.0456,2.0519,2.037,2.041,253,0,140
2006-06-07T00:00:00Z,2.0405,2.0418,2.0181,2.0234,304,0,140
2006-06-08T00:00:00Z,2.0233,2.0252,1.9918,1.9949,385,0,140
2006-06-11T00:00:00Z,1.9919,2.004,1.99,2.0011,189,0,140
2006-06-12T00:00:00Z,2.0007,2.0292,1.9988000000000001,2.0197,419,0,140
2006-06-13T00:00:00Z,2.0197,2.0278,2.0087,2.024,340,0,140
2006-06-14T00:00:00Z,2.025,2.0358,2.0211,2.0287,258,0,140
2006-06-15T00:00:00Z,2.0285,2.0502,2.0233,2.0472,352,0,140
2006-06-18T00:00:00Z,2.0493,2.0538,2.0342,2.0396,296,0,140
2006-06-19T00:00:00Z,2.0397,2.0411,2.0196,2.0303,337,0,140
2006-06-20T00:00:00Z,2.0307,2.0508,2.0244,2.0389,447,0,140
2006-06-21T00:00:00Z,2.0393,2.0692,2.0389,2.0648,352,0,140
2006-06-22T00:00:00Z,2.0645,2.0739,2.0551,2.057,302,0,140
2006-06-25T00:00:00Z,2.0581,2.0831,2.0556,2.0796,336,0,140
2006-06-26T00:00:00Z,2.0798,2.0875,2.0729,2.0761,256,0,140
2006-06-27T00:00:00Z,2.0773,2.1176,2.0759,2.1039,569,0,140
2006-06-28T00:00:00Z,2.1042,2.1115,2.0839,2.0963,474,0,140
2006-06-29T00:00:00Z,2.0958,2.1048,2.0756,2.1007,536,0,140
2006-07-02T00:00:00Z,2.102,2.1166,2.0906,2.1118,423,0,140
2006-07-03T00:00:00Z,2.1116,2.1116,2.0935,2.0957,204,0,140
2006-07-04T00:00:00Z,2.096,2.108,2.0923,2.1048999999999998,226,0,140
2006-07-05T00:00:00Z,2.1037,2.1154,2.1032,2.1135,147,0,140
2006-07-06T00:00:00Z,2.1129,2.1157,2.0942,2.0955,257,0,140
2006-07-09T00:00:00Z,2.0969,2.0986,2.0799,2.0859,265,0,140
2006-07-10T00:00:00Z,2.0856,2.0878,2.0669,2.0695,258,0,140
2006-07-11T00:00:00Z,2.0697,2.073,2.0591,2.0614,196,0,140
2006-07-12T00:00:00Z,2.0618,2.0644,2.0471,2.0519,248,0,140
2006-07-13T00:00:00Z,2.0519,2.0575,2.0342,2.0406,354,0,140
2006-07-16T00:00:00Z,2.0397,2.0401,2.0115,2.0138,314,0,140
2006-07-17T00:00:00Z,2.0138,2.017,1.9924,2.0019,374,0,140
2006-07-18T00:00:00Z,2.0012,2.0235,1.9999,2.0156,329,0,140
2006-07-19T00:00:00Z,2.0159,2.0356,2.0125,2.0283,339,0,140
2006-07-20T00:00:00Z,2.0287,2.0372,2.0273,2.0356,130,0,140
2006-07-23T00:00:00Z,2.0343,2.038,2.0224,2.0266,236,0,140
2006-07-24T00:00:00Z,2.0278,2.0288,2.0106,2.0193,280,0,140
2006-07-25T00:00:00Z,2.0201,2.0362,2.0107,2.0334,378,0,140
2006-07-26T00:00:00Z,2.0338,2.0588,2.0338,2.0462,377,0,140
2006-07-27T00:00:00Z,2.0458,2.0682,2.0446,2.0657,274,0,140
2006-07-30T00:00:00Z,2.0626,2.0742,2.0563,2.064,345,0,140
2006-07-31T00:00:00Z,2.0631,2.0711,2.0582,2.0666,224,0,140
2006-08-01T00:00:00Z,2.0672,2.0801,2.053,2.0565,436,0,140
2006-08-02T00:00:00Z,2.0564,2.0708,2.0475,2.0688,343,0,140
2006-08-03T00:00:00Z,2.0693,2.0738,2.0564,2.0595,251,0,140
2006-08-06T00:00:00Z,2.0592,2.0665,2.0525,2.0565,254,0,140
2006-08-07T00:00:00Z,2.0573,2.0599,2.0455,2.0525,241,0,140
2006-08-08T00:00:00Z,2.0531,2.057,2.0409,2.0431,223,0,140
2006-08-09T00:00:00Z,2.0431,2.0474,2.013,2.0211,469,0,140
2006-08-10T00:00:00Z,2.0215,2.0224,2.003,2.0086,260,0,140
2006-08-13T00:00:00Z,2.0126,2.027,1.9992999999999999,2.0235,446,0,140
2006-08-14T00:00:00Z,2.0229,2.0254,2.0118,2.0141,185,0,140
2006-08-15T00:00:00Z,2.0139,2.0154,1.9973999999999998,2.0015,237,0,140
2006-08-16T00:00:00Z,2.0012,2.0104,1.9995,2.0058,173,0,140
2006-08-17T00:00:00Z,2.0063,2.0121,1.9973,2.0058,292,0,140
2006-08-20T00:00:00Z,2.0062,2.0176,2.0045,2.0133,192,0,140
2006-08-21T00:00:00Z,2.0134,2.0193,2.0031,2.0095,286,0,140
2006-08-22T00:00:00Z,2.0095,2.0106,1.9973999999999998,1.9994,164,0,140
2006-08-23T00:00:00Z,1.9986000000000002,2.0174,1.9969000000000001,2.0114,283,0,140
2006-08-24T00:00:00Z,2.0115,2.0167,2.0021,2.0032,210,0,140
2006-08-27T00:00:00Z,2.0053,2.0116,2.0014,2.0031,183,0,140
2006-08-28T00:00:00Z,2.0022,2.006,1.9844,1.9931,342,0,140
2006-08-29T00:00:00Z,1.9921,1.9933,1.9710999999999999,1.9807000000000001,331,0,140
2006-08-30T00:00:00Z,1.9817,1.9821,1.9493,1.9527999999999999,368,0,140
2006-08-31T00:00:00Z,1.9527,1.9633,1.9502000000000002,1.959,200,0,140
2006-09-03T00:00:00Z,1.959,1.982,1.9541,1.9750999999999999,398,0,140
2006-09-04T00:00:00Z,1.9752,1.9928,1.9718,1.9856,317,0,140
2006-09-05T00:00:00Z,1.9855,1.9888,1.9676,1.9725000000000001,295,0,140
2006-09-06T00:00:00Z,1.9718,1.9825,1.9622000000000002,1.9727999999999999,397,0,140
2006-09-07T00:00:00Z,1.9729,1.9941,1.9687999999999999,1.9878,358,0,140
2006-09-10T00:00:00Z,1.9885000000000002,1.999,1.9811999999999999,1.9865,337,0,140
2006-09-11T00:00:00Z,1.9865,1.9933999999999998,1.9706000000000001,1.9792,384,0,140
2006-09-12T00:00:00Z,1.9794,1.9851,1.9594,1.9633,354,0,140
2006-09-13T00:00:00Z,1.9634,1.9634,1.9133,1.9232,601,0,140
2006-09-14T00:00:00Z,1.923,1.9354,1.9042,1.9121000000000001,516,0,140
2006-09-17T00:00:00Z,1.9104,1.916,1.9024,1.9131,246,0,140
2006-09-18T00:00:00Z,1.9127999999999998,1.9254,1.9064,1.9231,278,0,140
2006-09-19T00:00:00Z,1.9249,1.9356,1.9139,1.9186,372,0,140
2006-09-20T00:00:00Z,1.9182000000000001,1.9369,1.9118,1.9323000000000001,362,0,140
2006-09-21T00:00:00Z,1.9324,1.9501,1.9271,1.9315,452,0,140
2006-09-24T00:00:00Z,1.9321000000000002,1.9355,1.9015,1.9015,375,0,140
2006-09-25T00:00:00Z,1.9016,1.9323000000000001,1.8933,1.9281000000000001,516,0,140
2006-09-26T00:00:00Z,1.9281000000000001,1.9412,1.9196,1.9355,359,0,140
2006-09-27T00:00:00Z,1.9361000000000002,1.9413,1.9295,1.9325,201,0,140
2006-09-28T00:00:00Z,1.9323000000000001,1.9515,1.9266999999999999,1.9405000000000001,415,0,140
2006-10-01T00:00:00Z,1.9414,1.9527999999999999,1.9317,1.9317,326,0,140
2006-10-02T00:00:00Z,1.9316,1.9421,1.9245,1.9356,313,0,140
2006-10-03T00:00:00Z,1.9358,1.9388999999999998,1.9140000000000001,1.9173,314,0,140
2006-10-04T00:00:00Z,1.9167,1.9194,1.9092,1.9117,155,0,140
2006-10-05T00:00:00Z,1.9118,1.9211,1.9029,1.9136,347,0,140
2006-10-08T00:00:00Z,1.9134,1.9258,1.9118,1.9175,240,0,140
2006-10-09T00:00:00Z,1.9173,1.9173,1.8987,1.9026999999999998,227,0,140
2006-10-10T00:00:00Z,1.9028,1.9089,1.8956,1.8971,210,0,140
2006-10-11T00:00:00Z,1.8974,1.908,1.8951,1.9003,230,0,140
2006-10-12T00:00:00Z,1.9058000000000002,1.9100000000000001,1.8984999999999999,1.9031,4975,0,140
2006-10-14T00:00:00Z,1.9019,1.9037,1.9012,1.9021,53,0,140
2006-10-15T00:00:00Z,1.9022999999999999,1.9109,1.8982,1.8997000000000002,5035,0,140
2006-10-16T00:00:00Z,1.8996,1.9022999999999999,1.8862,1.8957000000000002,5745,0,140
2006-10-17T00:00:00Z,1.8954,1.8965999999999998,1.8841999999999999,1.8864999999999998,5149,0,140
2006-10-18T00:00:00Z,1.8867,1.8946,1.8857,1.8907,5445,0,140
2006-10-19T00:00:00Z,1.891,1.8934,1.8843,1.8873,5019,0,140
2006-10-21T00:00:00Z,1.8877000000000002,1.8885999999999998,1.8855,1.8869,54,0,140
2006-10-22T00:00:00Z,1.887,1.8947,1.8817,1.893,5176,0,140
2006-10-23T00:00:00Z,1.893,1.9022000000000001,1.8887,1.9022000000000001,4705,0,140
2006-10-24T00:00:00Z,1.9026,1.9245999999999999,1.8958,1.9239000000000002,5232,0,140
2006-10-25T00:00:00Z,1.924,1.9388999999999998,1.9193,1.9278,5656,0,140
2006-10-26T00:00:00Z,1.9277,1.9327,1.921,1.9220000000000002,5358,0,140
2006-10-28T00:00:00Z,1.9222000000000001,1.9254,1.9203000000000001,1.9245999999999999,80,0,140
2006-10-29T00:00:00Z,1.9253,1.9263,1.9077,1.9097,5416,0,140
2006-10-30T00:00:00Z,1.9098000000000002,1.9143,1.8984,1.9035,5678,0,140
2006-10-31T00:00:00Z,1.9037,1.9081000000000001,1.8931,1.8980000000000001,5056,0,140
2006-11-01T00:00:00Z,1.8980000000000001,1.9039000000000001,1.8919000000000001,1.8954,5407,0,140
2006-11-02T00:00:00Z,1.8954,1.9009,1.8921000000000001,1.8987,5091,0,140
2006-11-04T00:00:00Z,1.899,1.8994,1.8976,1.8984999999999999,71,0,140
2006-11-05T00:00:00Z,1.8984999999999999,1.909,1.8967,1.9011,4715,0,140
2006-11-06T00:00:00Z,1.901,1.9106,1.8994,1.9099,5195,0,140
2006-11-07T00:00:00Z,1.9098000000000002,1.9167999999999998,1.9045,1.9137,5253,0,140
2006-11-08T00:00:00Z,1.9137,1.9348,1.9116,1.9281000000000001,5125,0,140
2006-11-09T00:00:00Z,1.9279,1.937,1.9253,1.9282,5097,0,140
2006-11-11T00:00:00Z,1.9278,1.9325999999999999,1.9278,1.9319,65,0,140
2006-11-12T00:00:00Z,1.9322,1.9447,1.9306,1.9422000000000001,5118,0,140
2006-11-13T00:00:00Z,1.9425,1.9466,1.9329,1.9346,5743,0,140
2006-11-14T00:00:00Z,1.9346,1.9461,1.9301,1.9459,5036,0,140
2006-11-15T00:00:00Z,1.9457,1.9477,1.9218,1.9271,5027,0,140
2006-11-16T00:00:00Z,1.9268999999999998,1.9357,1.9207,1.9289,4872,0,140
2006-11-18T00:00:00Z,1.9291,1.9297,1.9254,1.9262000000000001,67,0,140
2006-11-19T00:00:00Z,1.927,1.9315,1.9121000000000001,1.9142000000000001,5080,0,140
2006-11-20T00:00:00Z,1.9141,1.9205,1.9101,1.9174,4731,0,140
2006-11-21T00:00:00Z,1.917,1.9306,1.916,1.9297,5497,0,140
2006-11-22T00:00:00Z,1.9300000000000002,1.9398,1.925,1.9371,4868,0,140
2006-11-23T00:00:00Z,1.9367,1.9555,1.9299,1.9484,5540,0,140
2006-11-25T00:00:00Z,1.9476,1.9569999999999999,1.9461,1.9563000000000001,79,0,140
2006-11-26T00:00:00Z,1.9564,1.9646,1.9497,1.964,6148,0,140
2006-11-27T00:00:00Z,1.964,1.9647999999999999,1.9346,1.9423,6552,0,140
2006-11-28T00:00:00Z,1.9421,1.9463,1.9348999999999998,1.94,6214,0,140
2006-11-29T00:00:00Z,1.94,1.942,1.9306999999999999,1.9362,6690,0,140
2006-11-30T00:00:00Z,1.9363000000000001,1.9479,1.9337,1.9376,6837,0,140
2006-12-02T00:00:00Z,1.9396,1.9436,1.9391,1.9432,83,0,140
2006-12-03T00:00:00Z,1.9426,1.9436,1.9291,1.9333,4122,0,140
2006-12-04T00:00:00Z,1.9331,1.9457,1.9315,1.9394,5719,0,140
2006-12-05T00:00:00Z,1.9391,1.9496,1.9334,1.937,5909,0,140
2006-12-06T00:00:00Z,1.9372,1.9407999999999999,1.9215,1.9294,6015,0,140
2006-12-07T00:00:00Z,1.9296,1.9342000000000001,1.9141,1.9221,5568,0,140
2006-12-09T00:00:00Z,1.9237,1.9256,1.9207,1.9245999999999999,85,0,140
2006-12-10T00:00:00Z,1.9245,1.9281000000000001,1.9157,1.9235,5359,0,140
2006-12-11T00:00:00Z,1.9234,1.925,1.9136,1.92,4953,0,140
2006-12-12T00:00:00Z,1.9201000000000001,1.9231,1.9052,1.9052,5670,0,140
2006-12-13T00:00:00Z,1.9053,1.9224999999999999,1.9032,1.9102999999999999,5454,0,140
2006-12-14T00:00:00Z,1.9102999999999999,1.9151,1.8921999999999999,1.8961999999999999,6163,0,140
2006-12-17T00:00:00Z,1.8955,1.9008,1.8932,1.8974,5660,0,140
2006-12-18T00:00:00Z,1.8972,1.9022999999999999,1.8894,1.8952,6006,0,140
2006-12-19T00:00:00Z,1.8957000000000002,1.9015,1.8862,1.8974,10905,0,140
2006-12-20T00:00:00Z,1.897,1.9026,1.8896,1.8914,8911,0,140
2006-12-21T00:00:00Z,1.8913,1.893,1.8717000000000001,1.8735,7979,0,140
2006-12-24T00:00:00Z,1.8803,1.8806,1.8788,1.8792,27,0,140
2006-12-25T00:00:00Z,1.8713,1.8776000000000002,1.8672,1.8709,2086,0,140
2006-12-26T00:00:00Z,1.8712,1.8784999999999998,1.8662,1.869,7792,0,140
2006-12-27T00:00:00Z,1.8687,1.8744,1.8618000000000001,1.8634,9168,0,140
2006-12-28T00:00:00Z,1.8635000000000002,1.876,1.8607,1.8748,8219,0,140
2007-05-14T00:00:00Z,1.8361,1.8387,1.8305,1.8362,6955,0,120
2007-05-15T00:00:00Z,1.8363,1.8433000000000002,1.8332000000000002,1.8414000000000001,9373,0,120
2007-05-16T00:00:00Z,1.8411,1.8500999999999999,1.8376000000000001,1.8439,9428,0,120
2007-05-17T00:00:00Z,1.8437999999999999,1.8509,1.8409,1.8477999999999999,9483,0,120
2007-05-18T00:00:00Z,1.8483,1.8537,1.8462,1.8483,9510,0,120
2007-05-20T00:00:00Z,1.8473000000000002,1.8502999999999998,1.8469,1.8498,295,0,120
2007-05-21T00:00:00Z,1.8497,1.8519999999999999,1.8418999999999999,1.8432,9107,0,120
2007-05-22T00:00:00Z,1.843,1.8523,1.8426,1.85,8679,0,120
2007-05-23T00:00:00Z,1.8500999999999999,1.8532,1.8427,1.845,10490,0,120
2007-05-24T00:00:00Z,1.8449,1.8540999999999999,1.8429,1.8527,10192,0,120
2007-05-25T00:00:00Z,1.8526,1.8558,1.8458,1.8512,8888,0,120
2007-05-27T00:00:00Z,1.8523,1.8529,1.8497,1.8515000000000001,173,0,120
2007-05-28T00:00:00Z,1.8516,1.8533,1.8475000000000001,1.8506,3475,0,120
2007-05-29T00:00:00Z,1.8504,1.8542,1.8435000000000001,1.8505,7839,0,120
2007-05-30T00:00:00Z,1.8504,1.8506,1.8352,1.8369,10230,0,120
2007-05-31T00:00:00Z,1.8374000000000001,1.8427,1.8235999999999999,1.8239,10790,0,120
2007-06-01T00:00:00Z,1.8235999999999999,1.8251,1.8021,1.8046,9380,0,120
2007-06-03T00:00:00Z,1.8035999999999999,1.8058,1.8035999999999999,1.8048,140,0,120
2007-06-04T00:00:00Z,1.8047,1.8104,1.8014999999999999,1.8047,8250,0,120
2007-06-05T00:00:00Z,1.8046,1.8075999999999999,1.7913999999999999,1.8016,11184,0,120
2007-06-06T00:00:00Z,1.8014999999999999,1.8050000000000002,1.7838,1.7912,11468,0,120
2007-06-07T00:00:00Z,1.7908,1.7945,1.7776999999999998,1.7856999999999998,12851,0,120
2007-06-08T00:00:00Z,1.7858,1.7861,1.7486000000000002,1.7507000000000001,14951,0,120
2007-06-10T00:00:00Z,1.7521,1.7551999999999999,1.752,1.7546,293,0,120
2007-06-11T00:00:00Z,1.7543,1.7863,1.7489,1.7772999999999999,13433,0,120
2007-06-12T00:00:00Z,1.7772000000000001,1.7801,1.7694,1.7766,10671,0,120
2007-06-13T00:00:00Z,1.7769,1.7803,1.7681,1.7770000000000001,12997,0,120
2007-06-14T00:00:00Z,1.7767,1.7776999999999998,1.7675999999999998,1.7732999999999999,6266,0,120
2007-06-15T00:00:00Z,1.7734999999999999,1.7759,1.7673999999999999,1.7726,3951,0,120
2007-06-17T00:00:00Z,1.7726,1.7792,1.7726,1.7772999999999999,296,0,120
2007-06-18T00:00:00Z,1.7774,1.7804,1.7692,1.7779,7458,0,120
2007-06-19T00:00:00Z,1.7778,1.7793999999999999,1.767,1.7702,9198,0,120
2007-06-20T00:00:00Z,1.7701,1.771,1.7570999999999999,1.7658,10433,0,120
2007-06-21T00:00:00Z,1.7657,1.7658,1.7486000000000002,1.7537,10544,0,120
2007-06-22T00:00:00Z,1.7536,1.7692,1.7488000000000001,1.7623,9442,0,120
2007-06-24T00:00:00Z,1.7629000000000001,1.7629000000000001,1.7574,1.7585,210,0,120
2007-06-25T00:00:00Z,1.7584,1.7633999999999999,1.7524,1.7595,7817,0,120
2007-06-26T00:00:00Z,1.7593,1.7614,1.7492,1.754,9644,0,120
2007-06-27T00:00:00Z,1.7541,1.7746,1.7537,1.7607,12983,0,120
2007-06-28T00:00:00Z,1.7610000000000001,1.7637,1.7429000000000001,1.7459,11497,0,120
2007-06-29T00:00:00Z,1.7461,1.7586,1.7393999999999998,1.7519,11247,0,120
2007-07-01T00:00:00Z,1.7484,1.7515,1.7481,1.7494,166,0,120
2007-07-02T00:00:00Z,1.7496,1.7517,1.7391999999999999,1.7416,9131,0,120
2007-07-03T00:00:00Z,1.7415,1.7475,1.7345000000000002,1.7409,8696,0,120
2007-07-04T00:00:00Z,1.7408000000000001,1.7433999999999998,1.7388,1.7408000000000001,5011,0,120
2007-07-05T00:00:00Z,1.7410999999999999,1.7424,1.7303,1.7374,8570,0,120
2007-07-06T00:00:00Z,1.7376,1.746,1.7304,1.7419,8445,0,120
2007-07-08T00:00:00Z,1.7412,1.7412999999999998,1.7398,1.74,123,0,120
2007-07-09T00:00:00Z,1.7399,1.7505,1.7396,1.7463,7673,0,120
2007-07-10T00:00:00Z,1.7464,1.7835,1.7455,1.7753999999999999,13116,0,120
2007-07-11T00:00:00Z,1.7755,1.7774999999999999,1.7524,1.7585,12748,0,120
2007-07-12T00:00:00Z,1.7584,1.7654,1.75,1.7505,10095,0,120
2007-07-13T00:00:00Z,1.7507000000000001,1.7622,1.7488000000000001,1.7503,9643,0,120
2007-07-15T00:00:00Z,1.7524,1.7528000000000001,1.7438,1.7465000000000002,331,0,120
2007-07-16T00:00:00Z,1.7464,1.7522,1.7336,1.7375,9397,0,120
2007-07-17T00:00:00Z,1.7376,1.7478,1.7368999999999999,1.7459,11108,0,120
2007-07-18T00:00:00Z,1.7458,1.7473999999999998,1.7367,1.7397,14511,0,120
2007-07-19T00:00:00Z,1.7398,1.7454,1.7377,1.7378,9515,0,120
2007-07-20T00:00:00Z,1.7379,1.7405,1.7297,1.7335,8078,0,120
2007-07-22T00:00:00Z,1.7337,1.7367,1.7321,1.7364000000000002,220,0,120
2007-07-23T00:00:00Z,1.7363,1.7372999999999998,1.7095,1.7109,9544,0,120
2007-07-24T00:00:00Z,1.7107999999999999,1.7205,1.7045,1.7157,11851,0,120
2007-07-25T00:00:00Z,1.7159,1.7261,1.7031,1.7117,13631,0,120
2007-07-26T00:00:00Z,1.712,1.7656,1.7092,1.7582,17584,0,120
2007-07-27T00:00:00Z,1.7581,1.7866,1.7449,1.7812000000000001,23365,0,120
2007-07-29T00:00:00Z,1.7903,1.7995,1.7819,1.7828,732,0,120
2007-07-30T00:00:00Z,1.7829000000000002,1.8090000000000002,1.7747000000000002,1.7774,16309,0,120
2007-07-31T00:00:00Z,1.7782,1.7997999999999998,1.7718,1.7944,17904,0,120
2007-08-01T00:00:00Z,1.7952,1.8109,1.7806,1.7838,23215,0,120
2007-08-02T00:00:00Z,1.7839,1.7953999999999999,1.7752,1.7823,16226,0,120
2007-08-03T00:00:00Z,1.7824,1.8133,1.7823,1.8107,15210,0,120
2007-08-05T00:00:00Z,1.8276,1.8294000000000001,1.8218999999999999,1.8252000000000002,455,0,120
2007-08-06T00:00:00Z,1.8253,1.8255,1.799,1.8041,8102,0,120
2007-08-07T00:00:00Z,1.8042,1.8208,1.8013,1.8026,13486,0,120
2007-08-08T00:00:00Z,1.8025,1.8094999999999999,1.7903,1.7915,14984,0,120
2007-08-09T00:00:00Z,1.7917,1.8223,1.791,1.8201,14383,0,120
2007-08-10T00:00:00Z,1.8202,1.8449,1.8174000000000001,1.8366,22055,0,120
2007-08-12T00:00:00Z,1.8329,1.8347,1.8325,1.8342,205,0,120
2007-08-13T00:00:00Z,1.8343,1.853,1.8326,1.8494000000000002,18246,0,120
2007-08-14T00:00:00Z,1.8493,1.8651,1.847,1.8641,18876,0,120
2007-08-15T00:00:00Z,1.8643,1.9029,1.8629,1.9012,24367,0,120
2007-08-16T00:00:00Z,1.9013,1.9944,1.8979,1.9293,38431,0,120
2007-08-17T00:00:00Z,1.9294,2.0163,1.9276,1.932,34843,0,120
2007-08-19T00:00:00Z,1.9291,1.9428,1.9291,1.9428,406,0,120
2007-08-20T00:00:00Z,1.9431,1.9762,1.9198,1.9243000000000001,22804,0,120
2007-08-21T00:00:00Z,1.9242,1.9454,1.9234,1.9404,21713,0,120
2007-08-22T00:00:00Z,1.9403000000000001,1.9532,1.9140000000000001,1.9154,19547,0,120
2007-08-23T00:00:00Z,1.9155,1.9155,1.8893,1.905,21110,0,120
2007-08-24T00:00:00Z,1.9049,1.9125,1.8902999999999999,1.8948,17726,0,120
2007-08-26T00:00:00Z,1.8902999999999999,1.8918,1.8813,1.8824999999999998,520,0,120
2007-08-27T00:00:00Z,1.883,1.911,1.879,1.9085999999999999,11583,0,120
2007-08-28T00:00:00Z,1.9085,1.9571,1.9042,1.9513,20232,0,120
2007-08-29T00:00:00Z,1.9510999999999998,1.9737,1.9234,1.9396,23415,0,120
2007-08-30T00:00:00Z,1.9395,1.9543,1.929,1.9398,20225,0,120
2007-08-31T00:00:00Z,1.9401000000000002,1.9508,1.9237,1.9418,19943,0,120
2007-09-02T00:00:00Z,1.9454,1.9454,1.9378,1.9381,281,0,120
2007-09-03T00:00:00Z,1.9379,1.9432,1.9313,1.9365,10639,0,120
2007-09-04T00:00:00Z,1.9372,1.9602,1.9313,1.9541,18122,0,120
2007-09-05T00:00:00Z,1.9544000000000001,1.9918,1.9526,1.9834,18373,0,120
2007-09-06T00:00:00Z,1.9836,1.9961,1.9676,1.9762,18120,0,120
2007-09-07T00:00:00Z,1.9763,2.0054,1.9744000000000002,1.9915,12247,0,120
2007-09-09T00:00:00Z,2.0024,2.0089,2.0018,2.0081,451,0,120
2007-09-10T00:00:00Z,2.0082,2.0177,1.9748,1.9857,14426,0,120
2007-09-11T00:00:00Z,1.9858,1.9908000000000001,1.9556,1.9576,17763,0,120
2007-09-12T00:00:00Z,1.9577,1.9661,1.942,1.9559,14060,0,120
2007-09-13T00:00:00Z,1.9556,1.9655,1.933,1.9545,17055,0,120
2007-09-14T00:00:00Z,1.9543,1.9543,1.9377,1.9453,17730,0,120
2007-09-16T00:00:00Z,1.9444,1.9462000000000002,1.9431,1.9451,225,0,120
2007-09-17T00:00:00Z,1.9452,1.9702,1.9395,1.9623,15976,0,120
2007-09-18T00:00:00Z,1.9622000000000002,1.978,1.9193,1.9298,20472,0,120
2007-09-19T00:00:00Z,1.9299,1.9329,1.8942,1.8982,21515,0,120
2007-09-20T00:00:00Z,1.8984999999999999,1.9123999999999999,1.8859,1.8982,19156,0,120
2007-09-21T00:00:00Z,1.8981,1.9021,1.8856000000000002,1.893,16715,0,120
2007-09-23T00:00:00Z,1.8937,1.8942,1.8913,1.8914,144,0,120
2007-09-24T00:00:00Z,1.8916,1.8993,1.88,1.8879000000000001,12179,0,120
2007-09-25T00:00:00Z,1.8877000000000002,1.9284,1.8847,1.8996,20218,0,120
2007-09-26T00:00:00Z,1.8997000000000002,1.9073,1.8933,1.8987,15361,0,120
2007-09-27T00:00:00Z,1.8984,1.8984,1.876,1.8779,16911,0,120
2007-09-28T00:00:00Z,1.8780000000000001,1.8898000000000001,1.8678,1.8818000000000001,18887,0,120
2007-09-30T00:00:00Z,1.8771,1.8797000000000001,1.876,1.8789,261,0,120
2007-10-01T00:00:00Z,1.8788,1.8798,1.8553,1.8572,16695,0,120
2007-10-02T00:00:00Z,1.8573,1.8780999999999999,1.8561,1.8681,18661,0,120
2007-10-03T00:00:00Z,1.8681999999999999,1.8759000000000001,1.8558,1.8721,18765,0,120
2007-10-04T00:00:00Z,1.8719999999999999,1.8797000000000001,1.8658000000000001,1.8697,17522,0,120
2007-10-05T00:00:00Z,1.8698000000000001,1.8721,1.8518,1.857,14408,0,120
2007-10-07T00:00:00Z,1.8509,1.8553,1.85,1.8536000000000001,268,0,120
2007-10-08T00:00:00Z,1.8534000000000002,1.8551,1.838,1.8408,7065,0,120
2007-10-09T00:00:00Z,1.841,1.8509,1.8359999999999999,1.8454000000000002,12193,0,120
2007-10-10T00:00:00Z,1.8456000000000001,1.8594,1.8433000000000002,1.8536000000000001,10770,0,120
2007-10-11T00:00:00Z,1.8535,1.8552,1.8352,1.8393000000000002,13873,0,120
2007-10-12T00:00:00Z,1.8395000000000001,1.8474,1.8237999999999999,1.8246,13267,0,120
2007-10-14T00:00:00Z,1.8313000000000001,1.834,1.8281,1.8336000000000001,430,0,120
2007-10-15T00:00:00Z,1.8334000000000001,1.8696000000000002,1.8288,1.8593,12969,0,120
2007-10-16T00:00:00Z,1.8596,1.9146999999999998,1.858,1.8952,18239,0,120
2007-10-17T00:00:00Z,1.8953,1.9112,1.8819,1.8936,18561,0,120
2007-10-18T00:00:00Z,1.8935,1.913,1.8860999999999999,1.8959000000000001,14817,0,120
2007-10-19T00:00:00Z,1.8958,1.9178,1.8904,1.9123,14712,0,120
2007-10-21T00:00:00Z,1.9221,1.9282,1.9221,1.9260000000000002,674,0,120
2007-10-22T00:00:00Z,1.9261,1.9417,1.891,1.8939,19298,0,120
2007-10-23T00:00:00Z,1.8937,1.8980000000000001,1.879,1.8828,15784,0,120
2007-10-24T00:00:00Z,1.8832,1.9008,1.876,1.885,17489,0,120
2007-10-25T00:00:00Z,1.8851,1.8957000000000002,1.8757000000000001,1.8806,15523,0,120
2007-10-26T00:00:00Z,1.8803999999999998,1.8841,1.8709,1.8780000000000001,13518,0,120
2007-10-28T00:00:00Z,1.8716,1.8727,1.871,1.8718,224,0,120
2007-10-29T00:00:00Z,1.8717000000000001,1.8796,1.8639999999999999,1.8704,12668,0,120
2007-10-30T00:00:00Z,1.87,1.8916,1.8679000000000001,1.8846,14832,0,120
2007-10-31T00:00:00Z,1.8843999999999999,1.8912,1.871,1.8732,16984,0,120
2007-11-01T00:00:00Z,1.873,1.9053,1.8679999999999999,1.8994,17818,0,120
2007-11-02T00:00:00Z,1.8997000000000002,1.9066999999999998,1.8872,1.895,14782,0,120
2007-11-04T00:00:00Z,1.8956,1.9005,1.8949,1.8995,278,0,120
2007-11-05T00:00:00Z,1.899,1.9020000000000001,1.874,1.8777,15857,0,120
2007-11-06T00:00:00Z,1.8775,1.8806,1.8596,1.8607,12407,0,120
2007-11-07T00:00:00Z,1.8605,1.9072,1.8558,1.9013,22002,0,120
2007-11-08T00:00:00Z,1.9011,1.9123,1.8772,1.8897,18987,0,120
2007-11-09T00:00:00Z,1.8896,1.9243000000000001,1.8824999999999998,1.9205999999999999,20751,0,120
2007-11-11T00:00:00Z,1.9283000000000001,1.9301,1.924,1.9264000000000001,580,0,120
2007-11-12T00:00:00Z,1.9264999999999999,1.9552,1.9215,1.9426999999999999,22500,0,120
2007-11-13T00:00:00Z,1.9426,1.9458,1.9136,1.9178,18409,0,120
2007-11-14T00:00:00Z,1.9181,1.9342000000000001,1.9104999999999999,1.9249,20267,0,120
2007-11-15T00:00:00Z,1.9247999999999998,1.9404,1.9162,1.9325999999999999,16740,0,120
2007-11-16T00:00:00Z,1.9323000000000001,1.9431,1.9202,1.9351,17439,0,120
2007-11-18T00:00:00Z,1.9329,1.9343,1.9304999999999999,1.9316,253,0,120
2007-11-19T00:00:00Z,1.9318,1.9544000000000001,1.9236,1.9489,13606,0,120
2007-11-20T00:00:00Z,1.9492,1.9535,1.931,1.9434,19339,0,120
2007-11-21T00:00:00Z,1.9432,1.9845000000000002,1.9409,1.9779,16947,0,120
2007-11-22T00:00:00Z,1.9766,1.9832999999999998,1.9593,1.9727999999999999,10879,0,120
2007-11-23T00:00:00Z,1.9727000000000001,1.9866000000000001,1.9516,1.9546000000000001,14051,0,120
2007-11-25T00:00:00Z,1.9527,1.9531,1.9465,1.948,335,0,120
2007-11-26T00:00:00Z,1.9481000000000002,1.9866000000000001,1.9439,1.9757,15179,0,120
2007-11-27T00:00:00Z,1.976,1.9775,1.9459,1.9529,18980,0,120
2007-11-28T00:00:00Z,1.9508999999999999,1.9544000000000001,1.9077,1.9251,18915,0,120
2007-11-29T00:00:00Z,1.9253,1.9291,1.9051,1.9136,16190,0,120
2007-11-30T00:00:00Z,1.9134,1.9291,1.9043999999999999,1.9159000000000002,15790,0,120
2007-12-02T00:00:00Z,1.9174,1.9189,1.9163000000000001,1.9180000000000001,296,0,120
2007-12-03T00:00:00Z,1.9182000000000001,1.9251,1.9081000000000001,1.9176,14011,0,120
2007-12-04T00:00:00Z,1.9180000000000001,1.9405000000000001,1.9169,1.9369,14429,0,120
2007-12-05T00:00:00Z,1.9371,1.9459,1.8898000000000001,1.8914,16785,0,120
2007-12-06T00:00:00Z,1.8913,1.9001000000000001,1.8793,1.8849,14783,0,120
2007-12-07T00:00:00Z,1.885,1.8892,1.8738000000000001,1.8860999999999999,11658,0,120
2007-12-09T00:00:00Z,1.8918,1.8951,1.8902,1.8904999999999998,272,0,120
2007-12-10T00:00:00Z,1.8907,1.8961000000000001,1.8776000000000002,1.8808,10885,0,120
2007-12-11T00:00:00Z,1.881,1.899,1.8692,1.8854,15047,0,120
2007-12-12T00:00:00Z,1.8851,1.8867,1.8509,1.8697,16559,0,120
2007-12-13T00:00:00Z,1.8698000000000001,1.8801,1.8631,1.8709,14369,0,120
2007-12-14T00:00:00Z,1.871,1.8869,1.8598,1.8854,16131,0,120
2007-12-16T00:00:00Z,1.8732,1.8771,1.8731,1.8756,317,0,120
2007-12-17T00:00:00Z,1.876,1.9146999999999998,1.8754,1.9139,18476,0,120
2007-12-18T00:00:00Z,1.9138,1.9167,1.8987,1.9076,15289,0,120
2007-12-19T00:00:00Z,1.9074,1.9122,1.896,1.9057,14586,0,120
2007-12-20T00:00:00Z,1.9058000000000002,1.9073,1.8751,1.8827,10090,0,120
2007-12-21T00:00:00Z,1.8826,1.8862999999999999,1.8716,1.8832,9833,0,120
2007-12-23T00:00:00Z,1.8806,1.8808,1.8761999999999999,1.8801,210,0,120
2007-12-24T00:00:00Z,1.8808,1.8860000000000001,1.8761,1.8786,4818,0,120
2007-12-26T00:00:00Z,1.8803,1.8916,1.8798,1.8860999999999999,2408,0,120
2007-12-27T00:00:00Z,1.8860000000000001,1.9012,1.8795,1.8916,5957,0,120
2007-12-28T00:00:00Z,1.8915,1.9057,1.8891,1.9002,5620,0,120
2007-12-30T00:00:00Z,1.8984999999999999,1.8996,1.8980000000000001,1.8996,107,0,120
2007-12-31T00:00:00Z,1.8992,1.9082,1.891,1.9013,2622,0,120
2008-01-02T00:00:00Z,1.8987,1.9111,1.893,1.8980000000000001,9741,0,120
2008-01-03T00:00:00Z,1.8981,1.9165999999999999,1.8885999999999998,1.9073,13562,0,120
2008-01-04T00:00:00Z,1.9075,1.928,1.8993,1.9229,13872,0,120
2008-01-06T00:00:00Z,1.9236,1.9239000000000002,1.9199000000000002,1.92,185,0,120
2008-01-07T00:00:00Z,1.9199000000000002,1.9308,1.9071,1.9111,12867,0,120
2008-01-08T00:00:00Z,1.9113,1.9159000000000002,1.9011,1.9127999999999998,13087,0,120
2008-01-09T00:00:00Z,1.9125,1.9171,1.891,1.8942,14026,0,120
2008-01-10T00:00:00Z,1.8941,1.8992,1.877,1.8826,14463,0,120
2008-01-11T00:00:00Z,1.8828,1.8933,1.877,1.8878,13319,0,120
2008-01-13T00:00:00Z,1.8901,1.8916,1.8883,1.8883999999999999,279,0,120
2008-01-14T00:00:00Z,1.8889,1.8919000000000001,1.8780999999999999,1.8841999999999999,11314,0,120
2008-01-15T00:00:00Z,1.8845,1.9144999999999999,1.8732,1.9018000000000002,15830,0,120
2008-01-16T00:00:00Z,1.9020000000000001,1.9334,1.8933,1.9072,22721,0,120
2008-01-17T00:00:00Z,1.9071,1.9194,1.8869,1.9182000000000001,20899,0,120
2008-01-18T00:00:00Z,1.9177,1.932,1.9077,1.9232,22066,0,120
2008-01-20T00:00:00Z,1.9193,1.9205,1.9159000000000002,1.9163999999999999,431,0,120
2008-01-21T00:00:00Z,1.9165999999999999,1.9478,1.9109,1.9457,20494,0,120
2008-01-22T00:00:00Z,1.9455,1.947,1.9043,1.9114,24608,0,120
2008-01-23T00:00:00Z,1.9113,1.9277,1.9028,1.9155,26579,0,120
2008-01-24T00:00:00Z,1.9154,1.9182000000000001,1.8991,1.9066999999999998,19196,0,120
2008-01-25T00:00:00Z,1.9069,1.919,1.8987,1.911,19741,0,120
2008-01-27T00:00:00Z,1.9061,1.9097,1.9057,1.9073,169,0,120
2008-01-28T00:00:00Z,1.9076,1.9132,1.8986,1.8999000000000001,14348,0,120
2008-01-29T00:00:00Z,1.8997000000000002,1.9043999999999999,1.8921999999999999,1.8989,13876,0,120
2008-01-30T00:00:00Z,1.8988,1.9113,1.8805,1.9069,17050,0,120
2008-01-31T00:00:00Z,1.907,1.907,1.8803999999999998,1.8876,21753,0,120
2008-02-01T00:00:00Z,1.8879000000000001,1.8919000000000001,1.8614000000000002,1.8618999999999999,17669,0,120
2008-02-03T00:00:00Z,1.8693,1.8699,1.8664,1.8689,405,0,120
2008-02-04T00:00:00Z,1.8688,1.8739,1.8591,1.8694,13667,0,120
2008-02-05T00:00:00Z,1.8696000000000002,1.8807,1.8558,1.8717000000000001,17359,0,120
2008-02-06T00:00:00Z,1.8716,1.8765,1.8538999999999999,1.8617,17465,0,120
2008-02-07T00:00:00Z,1.8620999999999999,1.8666,1.8274,1.8401999999999998,21246,0,120
2008-02-08T00:00:00Z,1.8392,1.8471,1.8313000000000001,1.8391,16150,0,120
2008-02-10T00:00:00Z,1.8437999999999999,1.8443,1.8417,1.8422,226,0,120
2008-02-11T00:00:00Z,1.8423,1.8488,1.8336999999999999,1.8408,15688,0,120
2008-02-12T00:00:00Z,1.8405,1.8486,1.8293,1.847,13745,0,120
2008-02-13T00:00:00Z,1.8472,1.8641999999999999,1.8418,1.8542999999999998,18126,0,120
2008-02-14T00:00:00Z,1.8538999999999999,1.8645,1.8436,1.8604,17670,0,120
2008-02-15T00:00:00Z,1.861,1.8657,1.8538999999999999,1.8574000000000002,15568,0,120
2008-02-17T00:00:00Z,1.8553,1.8573,1.854,1.8546,235,0,120
2008-02-18T00:00:00Z,1.8542999999999998,1.857,1.8373,1.8386,10636,0,120
2008-02-19T00:00:00Z,1.838,1.8486,1.8335,1.8434,19070,0,120
2008-02-20T00:00:00Z,1.8436,1.8538999999999999,1.8397999999999999,1.8424,18945,0,120
2008-02-21T00:00:00Z,1.8425,1.8546,1.8374000000000001,1.8496000000000001,17736,0,120
2008-02-22T00:00:00Z,1.8495,1.8500999999999999,1.8302,1.8329,14828,0,120
2008-02-24T00:00:00Z,1.8367,1.8397999999999999,1.8352,1.8378999999999999,166,0,120
2008-02-25T00:00:00Z,1.8377,1.8388,1.8211,1.8222,7691,0,120
2008-02-26T00:00:00Z,1.8227,1.8399999999999999,1.8192,1.8357,18485,0,120
2008-02-27T00:00:00Z,1.8359,1.8559999999999999,1.8338,1.8528,22684,0,120
2008-02-28T00:00:00Z,1.8529,1.8689,1.8469,1.8667,22854,0,120
2008-02-29T00:00:00Z,1.8666,1.903,1.8595000000000002,1.8997000000000002,21827,0,120
2008-03-02T00:00:00Z,1.9116,1.9159000000000002,1.9082,1.9100000000000001,463,0,120
2008-03-03T00:00:00Z,1.9102000000000001,1.917,1.8793,1.8837000000000002,15486,0,120
2008-03-04T00:00:00Z,1.8838,1.9106999999999998,1.8836,1.9011,19456,0,120
2008-03-05T00:00:00Z,1.9012,1.9153,1.8956,1.9020000000000001,18857,0,120
2008-03-06T00:00:00Z,1.9019,1.9354,1.9013,1.9291,18911,0,120
2008-03-07T00:00:00Z,1.9289,1.9438,1.9218,1.9341,16345,0,120
2008-03-09T00:00:00Z,1.9435,1.9449999999999998,1.9385,1.9388,351,0,120
2008-03-10T00:00:00Z,1.939,1.9482,1.929,1.9443000000000001,15717,0,120
2008-03-11T00:00:00Z,1.9442,1.9474,1.9036,1.913,17626,0,120
2008-03-12T00:00:00Z,1.9129,1.9346,1.9083999999999999,1.9258,18991,0,120
2008-03-13T00:00:00Z,1.9249,1.9418,1.9017,1.9119000000000002,22640,0,120
2008-03-14T00:00:00Z,1.912,1.929,1.8959000000000001,1.9266999999999999,18045,0,120
2008-03-16T00:00:00Z,1.9247,1.9317,1.9182000000000001,1.9285,1215,0,120
2008-03-17T00:00:00Z,1.9283000000000001,1.9851999999999999,1.9252,1.9654,30413,0,120
2008-03-18T00:00:00Z,1.9656,1.9729999999999999,1.9163000000000001,1.9311,25064,0,120
2008-03-19T00:00:00Z,1.9316,1.9593,1.9221,1.9543,18143,0,120
2008-03-20T00:00:00Z,1.9546000000000001,1.9606,1.9325999999999999,1.9481000000000002,14001,0,120
2008-03-21T00:00:00Z,1.9474,1.9534,1.9428,1.9481000000000002,4707,0,120
2008-03-23T00:00:00Z,1.9515,1.9516,1.9468999999999999,1.9474,116,0,120
2008-03-24T00:00:00Z,1.9473,1.9505,1.9245,1.9253,13620,0,120
2008-03-25T00:00:00Z,1.9251,1.9442,1.9251,1.9364,25572,0,120
2008-03-26T00:00:00Z,1.9367,1.9727000000000001,1.9365,1.9673,28653,0,120
2008-03-27T00:00:00Z,1.9670999999999998,1.9736,1.9532,1.9607999999999999,28371,0,120
2008-03-28T00:00:00Z,1.9615,1.9864000000000002,1.9567999999999999,1.9804,27482,0,120
2008-03-30T00:00:00Z,1.9857,1.9945,1.9855,1.9944,887,0,120
2008-03-31T00:00:00Z,1.9942,2.0177,1.9861,2.0075,25558,0,120
2008-04-01T00:00:00Z,2.0073,2.0109,1.9807000000000001,1.9828000000000001,27901,0,120
2008-04-02T00:00:00Z,1.9828999999999999,1.9898,1.9689999999999999,1.9874,29364,0,120
2008-04-03T00:00:00Z,1.9875,1.9992,1.9735,1.9933,29762,0,120
2008-04-04T00:00:00Z,1.9929999999999999,2.0067,1.9895,1.9928,25157,0,120
2008-04-06T00:00:00Z,1.9937,1.9946000000000002,1.9907,1.9931999999999999,285,0,120
2008-04-07T00:00:00Z,1.9928,1.9955,1.9646,1.9735,23871,0,120
2008-04-08T00:00:00Z,1.9736,1.9882,1.9609,1.9664000000000001,26520,0,120
2008-04-09T00:00:00Z,1.9668,1.9881,1.9647999999999999,1.9844,24833,0,120
2008-04-10T00:00:00Z,1.9843,1.9884,1.963,1.9708999999999999,30499,0,120
2008-04-11T00:00:00Z,1.9710999999999999,1.9950999999999999,1.9697,1.9922,28090,0,120
2008-04-13T00:00:00Z,1.9893,1.9956,1.9878,1.9924,765,0,120
2008-04-14T00:00:00Z,1.9923,2.0113,1.9909,2.0004,28454,0,120
2008-04-15T00:00:00Z,2.0002,2.0225,1.9929999999999999,2.0115,26357,0,120
2008-04-16T00:00:00Z,2.0114,2.0274,2.0089,2.0127,29463,0,120
2008-04-17T00:00:00Z,2.0126,2.029,2.0088,2.01,28899,0,120
2008-04-18T00:00:00Z,2.0098,2.0157,1.9912,2.0019,28822,0,120
2008-04-20T00:00:00Z,1.9990999999999999,2.0006,1.9971,1.9976,379,0,120
2008-04-21T00:00:00Z,1.9977,2.0093,1.994,2.0025,21823,0,120
2008-04-22T00:00:00Z,2.0024,2.0099,1.9958,2.0039,27660,0,120
2008-04-23T00:00:00Z,2.0038,2.0059,1.9856,1.9989,28608,0,120
2008-04-24T00:00:00Z,1.9990999999999999,2.0022,1.9821,1.994,31418,0,120
2008-04-25T00:00:00Z,1.9941,2.0027,1.9891,1.9983,30815,0,120
2008-04-27T00:00:00Z,1.9935,1.994,1.9916,1.9924,288,0,120
2008-04-28T00:00:00Z,1.9923,1.9992999999999999,1.9862,1.999,25091,0,120
2008-04-29T00:00:00Z,1.9989,2.0149,1.9959,2.0122,26656,0,120
2008-04-30T00:00:00Z,2.0124,2.016,1.9853,1.9973,28073,0,120
2008-05-01T00:00:00Z,1.9975,2.0032,1.9842,1.9886,25529,0,120
2008-05-02T00:00:00Z,1.9887000000000001,1.9925000000000002,1.9649999999999999,1.9771999999999998,26581,0,120
2008-05-04T00:00:00Z,1.9766,1.9804,1.9765000000000001,1.98,201,0,120
2008-05-05T00:00:00Z,1.9801,1.9805000000000001,1.9651,1.9744000000000002,18279,0,120
2008-05-06T00:00:00Z,1.9743,1.9759,1.9581,1.9639,25969,0,120
2008-05-07T00:00:00Z,1.9638,1.9822,1.9607999999999999,1.9815,27453,0,120
2008-05-08T00:00:00Z,1.982,2.0001,1.9768,1.9929000000000001,34939,0,120
2008-05-09T00:00:00Z,1.9928,2.0202,1.9922,2.0113,27689,0,120
2008-05-11T00:00:00Z,2.0131,2.0173,2.0123,2.0158,462,0,120
2008-05-12T00:00:00Z,2.016,2.0214,2.0057,2.0168,25120,0,120
2008-05-13T00:00:00Z,2.0167,2.0266,2.0073,2.0259,28283,0,120
2008-05-14T00:00:00Z,2.026,2.0467,2.0229,2.0455,26490,0,120
2008-05-15T00:00:00Z,2.0458,2.0562,2.0203,2.0242,30733,0,120
2008-05-16T00:00:00Z,2.0241,2.0291,2.0066,2.0112,24946,0,120
2008-05-18T00:00:00Z,2.0129,2.0187,2.0127,2.0169,542,0,120
2008-05-19T00:00:00Z,2.0168,2.0209,2.0032,2.0088,19098,0,120
2008-05-20T00:00:00Z,2.0089,2.0236,2.005,2.0219,25274,0,120
2008-05-21T00:00:00Z,2.0218,2.0345,2.0168,2.0303,24256,0,120
2008-05-22T00:00:00Z,2.0302,2.0335,1.9967000000000001,2.0011,22086,0,120
2008-05-23T00:00:00Z,2.0012,2.0085,1.9941,2.0077,19355,0,120
2008-05-25T00:00:00Z,2.0073,2.0124,2.0051,2.0108,471,0,120
2008-05-26T00:00:00Z,2.0113,2.0126,1.9996,2.0055,10935,0,120
2008-05-27T00:00:00Z,2.0056,2.0058,1.9839,1.9884,25146,0,120
2008-05-28T00:00:00Z,1.9882,2.0028,1.9865,1.9923,25024,0,120
2008-05-29T00:00:00Z,1.9922,1.9966,1.9846,1.9877,28660,0,120
2008-05-30T00:00:00Z,1.9876,1.9914,1.979,1.9859,24607,0,120
2008-06-01T00:00:00Z,1.9872,1.9875,1.9854,1.9868999999999999,394,0,120
2008-06-02T00:00:00Z,1.9868000000000001,1.9879,1.9746000000000001,1.9805000000000001,23451,0,120
2008-06-03T00:00:00Z,1.9806,1.9863,1.9707,1.9792,27288,0,120
2008-06-04T00:00:00Z,1.979,2.0071,1.9703,2.0049,29154,0,120
2008-06-05T00:00:00Z,2.0048,2.0361,2.0029,2.0347,29369,0,120
2008-06-06T00:00:00Z,2.0346,2.057,2.0289,2.0548,24852,0,120
2008-06-08T00:00:00Z,2.0536,2.0546,2.0528,2.054,376,0,120
2008-06-09T00:00:00Z,2.0542,2.0669,2.0516,2.0625,26814,0,120
2008-06-10T00:00:00Z,2.0626,2.0674,2.0502,2.0517,35751,0,120
2008-06-11T00:00:00Z,2.0516,2.0643,2.0433,2.059,26588,0,120
2008-06-12T00:00:00Z,2.0589,2.0641,2.0456,2.0607,30880,0,120
2008-06-13T00:00:00Z,2.0606,2.0635,2.0463,2.0513,26062,0,120
2008-06-15T00:00:00Z,2.0493,2.0502,2.0469,2.0494,524,0,120
2008-06-16T00:00:00Z,2.0498,2.0619,2.0471,2.0532,23174,0,120
2008-06-17T00:00:00Z,2.0533,2.0622,2.0479,2.0517,27124,0,120
2008-06-18T00:00:00Z,2.0515,2.0551,2.0433,2.0474,21424,0,120
2008-06-19T00:00:00Z,2.0473,2.0559,2.0306,2.0383,22204,0,120
2008-06-20T00:00:00Z,2.0382,2.0535,2.0339,2.0496,19143,0,120
2008-06-22T00:00:00Z,2.0539,2.0539,2.0494,2.0498,463,0,120
2008-06-23T00:00:00Z,2.0497,2.0512,2.0399,2.0477,21028,0,120
2008-06-24T00:00:00Z,2.0476,2.0593,2.0468,2.0497,21074,0,120
2008-06-25T00:00:00Z,2.0498,2.0704,2.0492,2.0695,21833,0,120
2008-06-26T00:00:00Z,2.0696,2.0899,2.0672,2.0887000000000002,26500,0,120
2008-06-27T00:00:00Z,2.0888,2.0897,2.0649,2.0749,24061,0,120
2008-06-29T00:00:00Z,2.0736,2.0742,2.0713,2.0728,395,0,120
2008-06-30T00:00:00Z,2.073,2.0733,2.0608,2.0671,22897,0,120
2008-07-01T00:00:00Z,2.0669,2.0898,2.0659,2.0843,24691,0,120
2008-07-02T00:00:00Z,2.0841,2.0912,2.0789,2.0892,25362,0,120
2008-07-03T00:00:00Z,2.0893,2.0968,2.0724,2.0761,21312,0,120
2008-07-04T00:00:00Z,2.0762,2.0797,2.0636,2.068,14290,0,120
2008-07-06T00:00:00Z,2.0683,2.0696,2.0667,2.0696,207,0,120
2008-07-07T00:00:00Z,2.0697,2.0894,2.0626,2.0864,23991,0,120
2008-07-08T00:00:00Z,2.0863,2.0942,2.0759,2.0825,25379,0,120
2008-07-09T00:00:00Z,2.0827,2.0865,2.0635,2.0786,25427,0,120
2008-07-10T00:00:00Z,2.0785,2.0845,2.0676,2.0801,22346,0,120
2008-07-11T00:00:00Z,2.0802,2.0959,2.0753,2.0928,23991,0,120
2008-07-13T00:00:00Z,2.0949,2.1029,2.092,2.0959,1055,0,120
2008-07-14T00:00:00Z,2.0957,2.0973,2.0744,2.0828,23488,0,120
2008-07-15T00:00:00Z,2.0827,2.0837,2.0552,2.061,30110,0,120
2008-07-16T00:00:00Z,2.0611,2.065,2.0472,2.0522,25782,0,120
2008-07-17T00:00:00Z,2.0521,2.0829,2.0497,2.0764,27040,0,120
2008-07-18T00:00:00Z,2.0753,2.0817,2.0699,2.0815,20057,0,120
2008-07-20T00:00:00Z,2.0809,2.0836,2.0802,2.0835,322,0,120
2008-07-21T00:00:00Z,2.0837,2.0923,2.0792,2.0905,21975,0,120
2008-07-22T00:00:00Z,2.0906,2.0943,2.0756,2.0792,24846,0,120
2008-07-23T00:00:00Z,2.0791,2.115,2.077,2.1055,31924,0,120
2008-07-24T00:00:00Z,2.1051,2.1181,2.1041,2.1079,30621,0,120
2008-07-25T00:00:00Z,2.108,2.1178,2.1048,2.117,27309,0,120
2008-07-27T00:00:00Z,2.1127,2.1138,2.1098,2.1104,432,0,120
2008-07-28T00:00:00Z,2.1105,2.1182,2.1092,2.1133,19664,0,120
2008-07-29T00:00:00Z,2.1134,2.1302,2.1048999999999998,2.1084,23851,0,120
2008-07-30T00:00:00Z,2.1085,2.1283,2.1068,2.1206,26177,0,120
2008-07-31T00:00:00Z,2.1205,2.1346,2.1182,2.1313,24885,0,120
2008-08-01T00:00:00Z,2.1312,2.1455,2.1284,2.1393,27895,0,120
2008-08-03T00:00:00Z,2.1369,2.14,2.1367,2.1388,352,0,120
2008-08-04T00:00:00Z,2.1390000000000002,2.1414,2.1285,2.1363,20187,0,120
2008-08-05T00:00:00Z,2.1362,2.1441,2.1249,2.1291,28161,0,120
2008-08-06T00:00:00Z,2.1292,2.1496,2.1273,2.1396,23933,0,120
2008-08-07T00:00:00Z,2.1395,2.1571,2.1366,2.1444,25283,0,120
2008-08-08T00:00:00Z,2.1443,2.178,2.1268,2.1299,36023,0,120
2008-08-10T00:00:00Z,2.1309,2.1328,2.1291,2.1319,612,0,120
2008-08-11T00:00:00Z,2.132,2.1441,2.1243,2.1337,32679,0,120
2008-08-12T00:00:00Z,2.1338,2.154,2.1282,2.151,35383,0,120
2008-08-13T00:00:00Z,2.1513,2.1853,2.1163,2.1235,38743,0,120
2008-08-14T00:00:00Z,2.1236,2.1365,2.1097,2.1163,32586,0,120
2008-08-15T00:00:00Z,2.1092,2.1205,2.0731,2.0793,28637,0,120
2008-08-17T00:00:00Z,2.0829,2.0893,2.0821,2.0862,512,0,120
2008-08-18T00:00:00Z,2.0861,2.0866,2.0546,2.0685000000000002,27107,0,120
2008-08-19T00:00:00Z,2.0681,2.0802,2.0614,2.0721,28865,0,120
2008-08-20T00:00:00Z,2.0718,2.0748,2.0634,2.0664,20130,0,120
2008-08-21T00:00:00Z,2.0663,2.0792,2.0645,2.0684,28645,0,120
2008-08-22T00:00:00Z,2.0683,2.0876,2.0674,2.0867,12582,0,120
2008-08-24T00:00:00Z,2.0845,2.087,2.0829,2.084,324,0,120
2008-08-25T00:00:00Z,2.0837,2.0966,2.081,2.0958,18684,0,120
2008-08-26T00:00:00Z,2.0957,2.1275,2.0957,2.1041,33771,0,120
2008-08-27T00:00:00Z,2.1039,2.1069,2.0898,2.0961,29528,0,120
2008-08-28T00:00:00Z,2.0962,2.1015,2.0842,2.0912,29466,0,120
2008-08-29T00:00:00Z,2.091,2.0998,2.0851,2.0942,24918,0,120
2008-08-31T00:00:00Z,2.1007,2.1031,2.0997,2.1009,738,0,120
2008-09-01T00:00:00Z,2.101,2.1074,2.0941,2.1028000000000002,23071,0,120
2008-09-02T00:00:00Z,2.1027,2.1291,2.099,2.116,33976,0,120
2008-09-03T00:00:00Z,2.1163,2.147,2.0987999999999998,2.1156,34074,0,120
2008-09-04T00:00:00Z,2.1155,2.158,2.1037,2.134,38198,0,120
2008-09-05T00:00:00Z,2.1349,2.1534,2.1275,2.1335,42424,0,120
2008-09-07T00:00:00Z,2.1055,2.1166,2.1052,2.1099,724,0,120
2008-09-08T00:00:00Z,2.1108,2.1232,2.0953,2.1066,39181,0,120
2008-09-09T00:00:00Z,2.1065,2.1275,2.0906,2.1145,43481,0,120
2008-09-10T00:00:00Z,2.1144,2.1441,2.0991,2.1388,46050,0,120
2008-09-11T00:00:00Z,2.1387,2.1605,2.1319,2.1471999999999998,43927,0,120
2008-09-12T00:00:00Z,2.1476,2.1498,2.1246,2.1271,42411,0,120
2008-09-14T00:00:00Z,2.1418,2.147,2.141,2.142,770,0,120
2008-09-15T00:00:00Z,2.1419,2.1809,2.1353,2.1781,50541,0,120
2008-09-16T00:00:00Z,2.1784,2.1949,2.1332,2.1485,54362,0,120
2008-09-17T00:00:00Z,2.1486,2.1784,2.1273,2.1688,49494,0,120
2008-09-18T00:00:00Z,2.1687,2.1715,2.1177,2.1224,55911,0,120
2008-09-19T00:00:00Z,2.1222,2.1268,2.0901,2.1015,46391,0,120
2009-01-26T00:00:00Z,2.4472,2.5099,2.4424,2.4914,75848,0,110
2009-01-27T00:00:00Z,2.4912,2.5074,2.4798999999999998,2.5003,91737,0,110
2009-01-28T00:00:00Z,2.5002,2.5259,2.4577999999999998,2.5173,130105,0,110
2009-01-29T00:00:00Z,2.5173,2.548,2.5054,2.5206,95248,0,110
2009-01-30T00:00:00Z,2.5206,2.5381,2.5069,2.5164999999999997,119971,0,110
2009-02-01T00:00:00Z,2.5080999999999998,2.5140000000000002,2.5052,2.508,2306,0,110
2009-02-02T00:00:00Z,2.508,2.5679,2.5053,2.5481,105538,0,110
2009-02-03T00:00:00Z,2.5479000000000003,2.5628,2.5188,2.5486,119491,0,110
2009-02-04T00:00:00Z,2.5486,2.5791,2.505,2.5221999999999998,88592,0,110
2009-02-05T00:00:00Z,2.5223,2.5369,2.4664,2.4783,68632,0,110
2009-02-06T00:00:00Z,2.4782,2.4987,2.4138,2.4332,59941,0,110
2009-02-08T00:00:00Z,2.4468,2.4492,2.4331,2.4369,1735,0,110
2009-02-09T00:00:00Z,2.437,2.4638,2.3968,2.4252000000000002,62250,0,110
2009-02-10T00:00:00Z,2.4253,2.4832,2.3975,2.4591,72442,0,110
2009-02-11T00:00:00Z,2.4592,2.485,2.4427,2.4509,60433,0,110
2009-02-12T00:00:00Z,2.4511,2.4853,2.4292,2.4646,65169,0,110
2009-02-13T00:00:00Z,2.4647,2.4722,2.4307,2.46,51215,0,110
2009-02-15T00:00:00Z,2.4536,2.4617,2.4536,2.4564,1042,0,110
2009-02-16T00:00:00Z,2.4562,2.4792,2.4476,2.459,33558,0,110
2009-02-17T00:00:00Z,2.4588,2.4946,2.4541,2.4776,55544,0,110
2009-02-18T00:00:00Z,2.4777,2.4798999999999998,2.4508,2.458,51689,0,110
2009-02-19T00:00:00Z,2.4582,2.4946,2.4514,2.4859,49147,0,110
2009-02-20T00:00:00Z,2.4859999999999998,2.5152,2.4817,2.5057,50537,0,110
2009-02-22T00:00:00Z,2.5136,2.518,2.5042,2.5105,812,0,110
2009-02-23T00:00:00Z,2.5106,2.5259,2.4863,2.5013,44067,0,110
2009-02-24T00:00:00Z,2.5014,2.5097,2.4795,2.5042999999999997,50684,0,110
2009-02-25T00:00:00Z,2.5042,2.5094,2.4746,2.4985,47557,0,110
2009-02-26T00:00:00Z,2.4984,2.5097,2.4867,2.5058,38985,0,110
2009-02-27T00:00:00Z,2.5059,2.5377,2.5042,2.5294,42827,0,110
2009-03-01T00:00:00Z,2.5369,2.543,2.5353,2.5398,1387,0,110
2009-03-02T00:00:00Z,2.5395,2.5585,2.5379,2.5495,44996,0,110
2009-03-03T00:00:00Z,2.5496,2.5519,2.523,2.5355,48620,0,110
2009-03-04T00:00:00Z,2.5358,2.5476,2.4869,2.5065,48376,0,110
2009-03-05T00:00:00Z,2.5066,2.5256,2.4863,2.5148,47296,0,110
2009-03-06T00:00:00Z,2.5149,2.5366,2.5000999999999998,2.5181,49029,0,110
2009-03-08T00:00:00Z,2.5141999999999998,2.5181,2.5116,2.5161,949,0,110
2009-03-09T00:00:00Z,2.5159000000000002,2.5664,2.5084,2.5499,44471,0,110
2009-03-10T00:00:00Z,2.55,2.559,2.51,2.5155,51837,0,110
2009-03-11T00:00:00Z,2.5156,2.54,2.4966,2.5055,51417,0,110
2009-03-12T00:00:00Z,2.5054,2.5125,2.4654,2.4786,57899,0,110
2009-03-13T00:00:00Z,2.4785,2.4869,2.4525,2.4619,44933,0,110
2009-03-15T00:00:00Z,2.4657999999999998,2.4671,2.4607,2.4631,972,0,110
2009-03-16T00:00:00Z,2.4629,2.4676,2.4342,2.45,46382,0,110
2009-03-17T00:00:00Z,2.4499,2.4623,2.4374000000000002,2.4577999999999998,45596,0,110
2009-03-18T00:00:00Z,2.4577,2.4949,2.4546,2.476,41647,0,110
2009-03-19T00:00:00Z,2.4761,2.4882,2.4444,2.4526,52766,0,110
2009-03-20T00:00:00Z,2.4525,2.4577,2.4151,2.4298,41404,0,110
2009-03-22T00:00:00Z,2.43185,2.4324500000000002,2.42875,2.4303,1586,0,110
2009-03-23T00:00:00Z,2.43025,2.431,2.3748,2.3848599999999998,51072,0,110
2009-03-24T00:00:00Z,2.38465,2.4002499999999998,2.37611,2.39185,66043,0,110
2009-03-25T00:00:00Z,2.3921,2.41786,2.37261,2.3859,58792,0,110
2009-03-26T00:00:00Z,2.386,2.3931,2.3375,2.34177,48477,0,110
2009-03-27T00:00:00Z,2.34165,2.36692,2.32337,2.3309,50752,0,110
2009-03-29T00:00:00Z,2.3298,2.3383,2.32927,2.3331,1472,0,110
2009-03-30T00:00:00Z,2.33312,2.35842,2.33247,2.34437,58972,0,110
2009-03-31T00:00:00Z,2.34442,2.3730700000000002,2.3204000000000002,2.36468,65884,0,110
2009-04-01T00:00:00Z,2.36477,2.3822,2.32408,2.33458,62660,0,110
2009-04-02T00:00:00Z,2.33438,2.3491,2.30542,2.30625,54449,0,110
2009-04-03T00:00:00Z,2.30605,2.3216,2.28175,2.30072,49453,0,110
2009-04-05T00:00:00Z,2.29685,2.30107,2.28075,2.2828,1573,0,110
2009-04-06T00:00:00Z,2.28265,2.29805,2.2697,2.2914,47660,0,110
2009-04-07T00:00:00Z,2.29145,2.31277,2.28635,2.30215,58956,0,110
2009-04-08T00:00:00Z,2.3021,2.31225,2.28644,2.29237,53921,0,110
2009-04-09T00:00:00Z,2.29235,2.29835,2.2532,2.25542,51550,0,110
2009-04-10T00:00:00Z,2.25552,2.26161,2.24855,2.26055,17737,0,110
2009-04-12T00:00:00Z,2.25146,2.2552,2.2478,2.25065,1033,0,110
2009-04-13T00:00:00Z,2.2508,2.27345,2.24425,2.25815,26730,0,110
2009-04-14T00:00:00Z,2.25817,2.28166,2.24745,2.2756,50193,0,110
2009-04-15T00:00:00Z,2.27532,2.29886,2.27,2.27735,57476,0,110
2009-04-16T00:00:00Z,2.2774,2.31849,2.27732,2.29625,62684,0,110
2009-04-17T00:00:00Z,2.29627,2.305,2.28079,2.29579,54180,0,110
2009-04-19T00:00:00Z,2.28951,2.29126,2.28438,2.28541,854,0,110
2009-04-20T00:00:00Z,2.28534,2.35127,2.28267,2.33242,52024,0,110
2009-04-21T00:00:00Z,2.33245,2.33977,2.28966,2.306,60512,0,110
2009-04-22T00:00:00Z,2.30605,2.34483,2.30272,2.33594,67256,0,110
2009-04-23T00:00:00Z,2.3359199999999998,2.34788,2.323,2.34015,68353,0,110
2009-04-24T00:00:00Z,2.34024,2.34463,2.30945,2.31167,62767,0,110
2009-04-26T00:00:00Z,2.32926,2.34151,2.32826,2.33875,1335,0,110
2009-04-27T00:00:00Z,2.33873,2.33965,2.28942,2.30781,74015,0,110
2009-04-28T00:00:00Z,2.30812,2.35806,2.30647,2.34969,76943,0,110
2009-04-29T00:00:00Z,2.3495,2.3512,2.30208,2.35017,65935,0,110
2009-04-30T00:00:00Z,2.35062,2.35455,2.32212,2.34062,37109,0,110
2009-05-01T00:00:00Z,2.3407,2.35263,2.31772,2.32631,50454,0,110
2009-05-03T00:00:00Z,2.31784,2.31903,2.31394,2.31559,956,0,110
2009-05-04T00:00:00Z,2.31561,2.33573,2.30316,2.32305,60224,0,110
2009-05-05T00:00:00Z,2.3230399999999998,2.3279199999999998,2.28693,2.29594,72250,0,110
2009-05-06T00:00:00Z,2.29604,2.30231,2.26289,2.26584,121637,0,110
2009-05-07T00:00:00Z,2.26588,2.2681,2.22116,2.2549799999999998,135031,0,110
2009-05-08T00:00:00Z,2.2551,2.27353,2.2468500000000002,2.25738,113140,0,110
2009-05-10T00:00:00Z,2.25775,2.26131,2.25088,2.25104,1122,0,110
2009-05-11T00:00:00Z,2.25086,2.27283,2.22498,2.26091,97709,0,110
2009-05-12T00:00:00Z,2.26098,2.27334,2.24176,2.2535,126312,0,110
2009-05-13T00:00:00Z,2.25359,2.30634,2.2459,2.29449,130631,0,110
2009-05-14T00:00:00Z,2.29446,2.31143,2.27961,2.29498,103179,0,110
2009-05-15T00:00:00Z,2.29494,2.3116,2.29115,2.30567,77722,0,110
2009-05-17T00:00:00Z,2.29676,2.30616,2.29583,2.3045,1183,0,110
2009-05-18T00:00:00Z,2.30434,2.30572,2.27072,2.27182,71706,0,110
2009-05-19T00:00:00Z,2.2721999999999998,2.2784,2.24794,2.26552,85335,0,110
2009-05-20T00:00:00Z,2.26554,2.27904,2.2483,2.27267,86774,0,110
2009-05-21T00:00:00Z,2.27273,2.28929,2.25867,2.2681,101522,0,110
2009-05-22T00:00:00Z,2.26811,2.27304,2.24478,2.25641,98252,0,110
2009-05-24T00:00:00Z,2.27758,2.27775,2.27031,2.27234,1176,0,110
2009-05-25T00:00:00Z,2.2723,2.27497,2.25365,2.25996,46859,0,110
2009-05-26T00:00:00Z,2.25995,2.27663,2.23197,2.24636,117124,0,110
2009-05-27T00:00:00Z,2.24635,2.25655,2.23059,2.24518,121619,0,110
2009-05-28T00:00:00Z,2.24515,2.26045,2.21649,2.23508,127999,0,110
2009-05-29T00:00:00Z,2.23515,2.23891,2.20388,2.21198,109754,0,110
2009-05-31T00:00:00Z,2.20232,2.21189,2.20046,2.20639,2009,0,110
2009-06-01T00:00:00Z,2.20645,2.21183,2.16337,2.18271,111877,0,110
2009-06-02T00:00:00Z,2.18265,2.1902,2.16847,2.1821099999999998,118480,0,110
2009-06-03T00:00:00Z,2.18205,2.25082,2.17843,2.22698,136524,0,110
2009-06-04T00:00:00Z,2.22713,2.26195,2.22368,2.2391199999999998,126943,0,110
2009-06-05T00:00:00Z,2.23909,2.24305,2.2059699999999998,2.22903,110469,0,110
2009-06-07T00:00:00Z,2.2303,2.23176,2.22628,2.22642,2008,0,110
2009-06-08T00:00:00Z,2.22635,2.25516,2.22293,2.23526,113524,0,110
2009-06-09T00:00:00Z,2.23533,2.24744,2.23171,2.24174,122030,0,110
2009-06-10T00:00:00Z,2.24169,2.24587,2.20258,2.20717,123704,0,110
2009-06-11T00:00:00Z,2.20715,2.21061,2.17549,2.18433,129745,0,110
2009-06-12T00:00:00Z,2.18439,2.19727,2.17542,2.17905,94745,0,110
2009-06-14T00:00:00Z,2.19019,2.19266,2.18424,2.18481,1384,0,110
2009-06-15T00:00:00Z,2.18487,2.19528,2.18122,2.1880100000000002,112270,0,110
2009-06-16T00:00:00Z,2.18799,2.20541,2.1757,2.1983800000000002,126927,0,110
2009-06-17T00:00:00Z,2.19841,2.21588,2.18967,2.20626,130769,0,110
2009-06-18T00:00:00Z,2.2063,2.21134,2.16689,2.17349,90066,0,110
2009-06-19T00:00:00Z,2.17341,2.18295,2.15927,2.16824,65548,0,110
2009-06-21T00:00:00Z,2.16938,2.17098,2.16737,2.16925,1703,0,110
2009-06-22T00:00:00Z,2.16928,2.2075,2.16871,2.20319,104542,0,110
2009-06-23T00:00:00Z,2.20321,2.21439,2.19404,2.20525,120926,0,110
2009-06-24T00:00:00Z,2.20524,2.20707,2.16417,2.18093,111760,0,110
2009-06-25T00:00:00Z,2.18096,2.19317,2.16128,2.17802,84814,0,110
2009-06-26T00:00:00Z,2.17799,2.18539,2.17307,2.1766199999999998,91326,0,110
2009-06-28T00:00:00Z,2.1777,2.18179,2.17389,2.17395,972,0,110
2009-06-29T00:00:00Z,2.17349,2.1806,2.15795,2.15845,88635,0,110
2009-06-30T00:00:00Z,2.15844,2.17711,2.1551299999999998,2.17377,105076,0,110
2009-07-01T00:00:00Z,2.17378,2.21382,2.16982,2.20461,92812,0,110
2009-07-02T00:00:00Z,2.20454,2.23127,2.20314,2.22566,109581,0,110
2009-07-03T00:00:00Z,2.22575,2.22656,2.20499,2.21853,54162,0,110
2009-07-05T00:00:00Z,2.21984,2.22382,2.21948,2.2222,1163,0,110
2009-07-06T00:00:00Z,2.22211,2.23138,2.19214,2.19681,92335,0,110
2009-07-07T00:00:00Z,2.1968199999999998,2.21613,2.19206,2.2151,86792,0,110
2009-07-08T00:00:00Z,2.21512,2.23183,2.20371,2.21781,109934,0,110
2009-07-09T00:00:00Z,2.21778,2.22989,2.20115,2.21461,99568,0,110
2009-07-10T00:00:00Z,2.21462,2.2274,2.21112,2.21971,93286,0,110
2009-07-12T00:00:00Z,2.221,2.22373,2.21853,2.21972,1375,0,110
2009-07-13T00:00:00Z,2.21971,2.25019,2.20313,2.20443,97919,0,110
2009-07-14T00:00:00Z,2.20437,2.21105,2.17475,2.1828,70230,0,110
2009-07-15T00:00:00Z,2.1827,2.19657,2.16391,2.17278,87799,0,110
2009-07-16T00:00:00Z,2.1728899999999998,2.20173,2.16896,2.18403,103208,0,110
2009-07-17T00:00:00Z,2.18396,2.19712,2.17904,2.18641,86784,0,110
2009-07-19T00:00:00Z,2.18602,2.18841,2.18572,2.18624,1578,0,110
2009-07-20T00:00:00Z,2.18625,2.18698,2.15962,2.16323,96642,0,110
2009-07-21T00:00:00Z,2.1631299999999998,2.17756,2.15708,2.16545,99639,0,110
2009-07-22T00:00:00Z,2.16544,2.17173,2.14738,2.15609,97917,0,110
2009-07-23T00:00:00Z,2.15602,2.16869,2.15156,2.15949,90796,0,110
2009-07-24T00:00:00Z,2.15952,2.16797,2.15815,2.16481,70747,0,110
2009-07-26T00:00:00Z,2.16493,2.16913,2.16384,2.16891,1579,0,110
2009-07-27T00:00:00Z,2.16901,2.17431,2.15843,2.17039,81783,0,110
2009-07-28T00:00:00Z,2.17033,2.1741,2.14563,2.15953,91981,0,110
2009-07-29T00:00:00Z,2.15948,2.16412,2.13226,2.16198,106058,0,110
2009-07-30T00:00:00Z,2.16196,2.16581,2.14834,2.15686,95562,0,110
2009-07-31T00:00:00Z,2.15688,2.16536,2.14772,2.15361,88720,0,110
2009-08-02T00:00:00Z,2.15957,2.162,2.15769,2.15835,1959,0,110
2009-08-03T00:00:00Z,2.15837,2.16179,2.13877,2.15789,96903,0,110
2009-08-04T00:00:00Z,2.15788,2.16335,2.13359,2.13547,100110,0,110
2009-08-05T00:00:00Z,2.13556,2.1454,2.1312,2.14497,87390,0,110
2009-08-06T00:00:00Z,2.14495,2.15092,2.13393,2.14055,85203,0,110
2009-08-07T00:00:00Z,2.1405,2.14301,2.10488,2.10827,69711,0,110
2009-08-09T00:00:00Z,2.1175,2.1179,2.11228,2.11306,1006,0,110
2009-08-10T00:00:00Z,2.11304,2.11447,2.0873,2.09044,69112,0,110
2009-08-11T00:00:00Z,2.09028,2.12083,2.08903,2.11665,87364,0,110
2009-08-12T00:00:00Z,2.11663,2.13693,2.10107,2.11481,103181,0,110
2009-08-13T00:00:00Z,2.11482,2.11758,2.09505,2.10356,92804,0,110
2009-08-14T00:00:00Z,2.10363,2.10546,2.07463,2.09376,87833,0,110
2009-08-16T00:00:00Z,2.10194,2.10379,2.09787,2.10018,1425,0,110
2009-08-17T00:00:00Z,2.10019,2.11838,2.09657,2.10692,98496,0,110
2009-08-18T00:00:00Z,2.10691,2.10981,2.08996,2.09293,91423,0,110
2009-08-19T00:00:00Z,2.093,2.11739,2.09,2.10869,98867,0,110
2009-08-20T00:00:00Z,2.10855,2.11197,2.09904,2.10373,81157,0,110
2009-08-21T00:00:00Z,2.10372,2.11762,2.08979,2.09804,74141,0,110
2009-08-23T00:00:00Z,2.09021,2.09427,2.0901,2.09336,1677,0,110
2009-08-24T00:00:00Z,2.09338,2.09603,2.0789,2.08703,70536,0,110
2009-08-25T00:00:00Z,2.087,2.09201,2.07817,2.08915,72943,0,110
2009-08-26T00:00:00Z,2.08907,2.09422,2.0781,2.08956,75338,0,110
2009-08-27T00:00:00Z,2.08947,2.10057,2.08307,2.08819,76573,0,110
2009-08-28T00:00:00Z,2.08818,2.09507,2.08536,2.08987,69572,0,110
2009-08-30T00:00:00Z,2.08961,2.09128,2.08782,2.09088,1833,0,110
2009-08-31T00:00:00Z,2.09085,2.10401,2.08583,2.0869,67792,0,110
2009-09-01T00:00:00Z,2.0869,2.1116,2.0832,2.1025,78787,0,110
2009-09-02T00:00:00Z,2.1027,2.1228,2.0994,2.1161,77298,0,110
2009-09-03T00:00:00Z,2.116,2.1196,2.0982,2.0987999999999998,73007,0,110
2009-09-04T00:00:00Z,2.0989,2.1014,2.0743,2.0791,65479,0,110
2009-09-06T00:00:00Z,2.0759,2.0776,2.0755,2.0758,1488,0,110
2009-09-07T00:00:00Z,2.0758,2.0832,2.066,2.0689,44995,0,110
2009-09-08T00:00:00Z,2.0692,2.0843,2.0681,2.0791,71011,0,110
2009-09-09T00:00:00Z,2.079,2.1048,2.0747,2.0852,48131,0,110
2009-09-10T00:00:00Z,2.0851,2.0997,2.0688,2.0721,25334,0,120
2009-09-11T00:00:00Z,2.0722,2.0777,2.059,2.059,23603,0,120
2009-09-13T00:00:00Z,2.068,2.0697,2.065,2.0693,595,0,120
2009-09-14T00:00:00Z,2.0691,2.092,2.0678,2.0871,24243,0,120
2009-09-15T00:00:00Z,2.087,2.0893,2.076,2.0803,23084,0,120
2009-09-16T00:00:00Z,2.0802,2.0817,2.0568,2.0637,22537,0,120
2009-09-17T00:00:00Z,2.0638,2.0776,2.0586,2.0743,22535,0,120
2009-09-18T00:00:00Z,2.0742,2.0771,2.0659,2.0734,21117,0,120
2009-09-20T00:00:00Z,2.0758,2.0765,2.0742,2.0762,467,0,120
2009-09-21T00:00:00Z,2.0761,2.0836,2.0709,2.0724,22101,0,120
2009-09-22T00:00:00Z,2.0725,2.0726,2.0369,2.0374,26708,0,120
2009-09-23T00:00:00Z,2.0373,2.0508,2.0293,2.0471,27832,0,120
2009-09-24T00:00:00Z,2.0474,2.0496,2.0318,2.0482,25879,0,120
2009-09-25T00:00:00Z,2.0483,2.0575,2.0368,2.0418,27232,0,120
2009-09-27T00:00:00Z,2.0488,2.0497,2.0435,2.0436,1030,0,120
2009-09-28T00:00:00Z,2.0437,2.058,2.0336,2.0379,26162,0,120
2009-09-29T00:00:00Z,2.0378,2.0425,2.0237,2.0375,26408,0,120
2009-09-30T00:00:00Z,2.0373,2.0376,2.0181,2.0222,27294,0,120
2009-10-01T00:00:00Z,2.0221,2.0357,2.0101,2.0339,27229,0,120
2009-10-02T00:00:00Z,2.034,2.0472,2.0293,2.0351,24788,0,120
2009-10-04T00:00:00Z,2.0359,2.0387,2.035,2.0386,553,0,120
2009-10-05T00:00:00Z,2.0387,2.0444,2.0019,2.006,23287,0,110
2009-10-06T00:00:00Z,2.006,2.0129,1.9975,1.9996,43266,0,110
2009-10-07T00:00:00Z,1.9995,2.0053,1.9896,1.9943,22641,0,120
2009-10-08T00:00:00Z,1.9944,1.9995,1.9836,1.9931999999999999,23725,0,120
2009-10-09T00:00:00Z,1.9931,2.0107,1.9886,2.0056,22749,0,120
2009-10-11T00:00:00Z,2.0046,2.0083,2.0042,2.0064,522,0,120
2009-10-12T00:00:00Z,2.0063,2.0242,2.002,2.0025,19586,0,120
2009-10-13T00:00:00Z,2.0024,2.0241,1.9973999999999998,2.01,22853,0,120
2009-10-14T00:00:00Z,2.0099,2.0227,2.0032,2.0091,22437,0,120
2009-10-15T00:00:00Z,2.0092,2.013,1.9956,2.004,23093,0,120
2009-10-16T00:00:00Z,2.0041,2.02,1.9946000000000002,2.0112,22690,0,120
2009-10-18T00:00:00Z,2.0157,2.017,2.0109,2.0115,675,0,120
2009-10-19T00:00:00Z,2.0116,2.0135,1.9731999999999998,1.9788000000000001,23264,0,120
2009-10-20T00:00:00Z,1.9788999999999999,2.0011,1.9784000000000002,1.9942,21951,0,120
2009-10-21T00:00:00Z,1.9941,1.9979,1.9695,1.9797,24456,0,120
2009-10-22T00:00:00Z,1.9824000000000002,1.996,1.9766,1.9806,23354,0,120
2009-10-23T00:00:00Z,1.9807000000000001,1.9933,1.9803,1.9884,21660,0,120
2009-10-25T00:00:00Z,1.9903,1.9912,1.9878,1.9893,495,0,120
2009-10-26T00:00:00Z,1.9893999999999998,1.998,1.9851999999999999,1.9914,20822,0,120
2009-10-27T00:00:00Z,1.9915,1.9952,1.9838,1.9895,24185,0,120
2009-10-28T00:00:00Z,1.9896,2.0448,1.9853,2.0448,29323,0,120
2009-10-29T00:00:00Z,2.0449,2.0528,2.0144,2.03215,28686,0,110
2009-10-30T00:00:00Z,2.03212,2.05525,2.02395,2.048,75251,0,110
2009-10-31T00:00:00Z,2.0488,2.0488,2.0488,2.0488,1,0,120
2009-11-01T00:00:00Z,2.06186,2.06363,2.05595,2.06002,3391,0,214
2009-11-02T00:00:00Z,2.06003,2.06548,2.04076,2.05037,79235,0,100
2009-11-03T00:00:00Z,2.05036,2.0647,2.03574,2.03718,80885,0,117
2009-11-04T00:00:00Z,2.03716,2.05754,2.03267,2.05704,76796,0,112
2009-11-05T00:00:00Z,2.05698,2.06893,2.0545,2.06071,73020,0,100
2009-11-06T00:00:00Z,2.06066,2.06459,2.04335,2.04638,61551,0,100
2009-11-08T00:00:00Z,2.02338,2.03128,2.02317,2.0278,2145,0,200
2009-11-09T00:00:00Z,2.02778,2.03383,2.01287,2.0134,67448,0,102
2009-11-10T00:00:00Z,2.01552,2.0285,2.0138,2.02158,72849,0,100
2009-11-11T00:00:00Z,2.02168,2.02953,2.01604,2.02354,75211,0,133
2009-11-12T00:00:00Z,2.0234,2.03276,2.01605,2.02374,81084,0,100
2009-11-13T00:00:00Z,2.02376,2.02945,2.0017,2.00325,66959,0,100
2009-11-15T00:00:00Z,2.00843,2.01029,2.00841,2.00988,2173,0,200
2009-11-16T00:00:00Z,2.0099,2.01908,1.99438,1.9996800000000001,73626,0,100
2009-11-17T00:00:00Z,1.9997500000000001,2.00469,1.99247,1.9935100000000001,83178,0,110
2009-11-18T00:00:00Z,1.9934699999999999,2.00982,1.9922,2.00565,72931,0,100
2009-11-19T00:00:00Z,2.00566,2.04386,2.00559,2.04035,84751,0,100
2009-11-20T00:00:00Z,2.04036,2.05916,2.03729,2.05104,78932,0,100
2009-11-22T00:00:00Z,2.05779,2.05795,2.05065,2.05196,2224,0,200
2009-11-23T00:00:00Z,2.05203,2.0578,2.03424,2.0439,72659,0,100
2009-11-24T00:00:00Z,2.04395,2.06955,2.04324,2.06156,73992,0,102
2009-11-25T00:00:00Z,2.06159,2.07307,2.04931,2.06963,66215,0,100
2009-11-26T00:00:00Z,2.0696,2.12157,2.06959,2.10978,67119,0,110
2009-11-27T00:00:00Z,2.10979,2.11525,2.0939,2.10651,74724,0,135
2009-11-29T00:00:00Z,2.10078,2.10334,2.09753,2.09911,3196,0,200
2009-11-30T00:00:00Z,2.09904,2.10705,2.08697,2.09336,80585,0,141
2009-12-01T00:00:00Z,2.09326,2.09923,2.06733,2.07564,70592,0,100
2009-12-02T00:00:00Z,2.07576,2.08608,2.06761,2.07902,65376,0,102
2009-12-03T00:00:00Z,2.07898,2.09081,2.07031,2.08438,67035,0,100
2009-12-04T00:00:00Z,2.08426,2.08938,2.06637,2.07269,64261,0,100
2009-12-06T00:00:00Z,2.07038,2.07672,2.06987,2.07443,1863,0,220
2009-12-07T00:00:00Z,2.07432,2.08629,2.06982,2.07391,87010,0,103
2009-12-08T00:00:00Z,2.07408,2.0821,2.06987,2.08065,94356,0,110
2009-12-09T00:00:00Z,2.08068,2.08095,2.03574,2.03975,84787,0,100
2009-12-10T00:00:00Z,2.03978,2.04138,2.01086,2.0215,73929,0,110
2009-12-11T00:00:00Z,2.02152,2.03355,2.01361,2.01388,63942,0,135
2009-12-13T00:00:00Z,2.01663,2.01887,2.01518,2.0174,1736,0,200
2009-12-14T00:00:00Z,2.01738,2.02591,2.00604,2.0147,66790,0,121
2009-12-15T00:00:00Z,2.01463,2.01955,2.00858,2.01457,62430,0,100
2009-12-16T00:00:00Z,2.01466,2.0303,2.01218,2.01762,67460,0,105
2009-12-17T00:00:00Z,2.01758,2.02689,2.01157,2.02112,73069,0,100
2009-12-18T00:00:00Z,2.02114,2.02578,2.01189,2.01401,66622,0,115
2009-12-20T00:00:00Z,2.01287,2.0163,2.01145,2.01564,1331,0,200
2009-12-21T00:00:00Z,2.01565,2.02808,2.01477,2.02593,58646,0,100
2009-12-22T00:00:00Z,2.0259,2.0409100000000002,2.02378,2.03842,58266,0,108
2009-12-23T00:00:00Z,2.03846,2.03966,2.02992,2.03355,50261,0,130
2009-12-24T00:00:00Z,2.03354,2.04232,2.02875,2.03267,30300,0,119
2009-12-27T00:00:00Z,2.0348,2.03599,2.03372,2.03402,937,0,300
2009-12-28T00:00:00Z,2.0337,2.0337,2.02644,2.02929,39244,0,150
2009-12-29T00:00:00Z,2.02932,2.03016,1.99161,1.99994,54009,0,173
2009-12-30T00:00:00Z,1.9999500000000001,2.00457,1.97977,1.98193,51980,0,125
2009-12-31T00:00:00Z,1.9819200000000001,1.98605,1.96909,1.9727700000000001,43039,0,150
2010-01-03T00:00:00Z,1.9738799999999999,1.9773800000000001,1.97369,1.9771999999999998,1270,0,200
2010-01-04T00:00:00Z,1.97702,1.9843600000000001,1.9593,1.96336,65383,0,130
2010-01-05T00:00:00Z,1.96338,1.96913,1.95391,1.95709,66106,0,110
2010-01-06T00:00:00Z,1.95721,1.9628100000000002,1.94976,1.95045,63975,0,100
2010-01-07T00:00:00Z,1.95044,1.95835,1.9428299999999998,1.95343,64862,0,100
2010-01-08T00:00:00Z,1.95339,1.9606400000000002,1.95141,1.95407,46123,0,100
2010-01-10T00:00:00Z,1.94878,1.95505,1.94782,1.9532500000000002,2562,0,200
2010-01-11T00:00:00Z,1.9532699999999998,1.96314,1.95059,1.95462,63410,0,101
2010-01-12T00:00:00Z,1.95486,1.96584,1.9504899999999998,1.96008,64899,0,100
2010-01-13T00:00:00Z,1.9600300000000002,1.9679600000000002,1.95236,1.96143,64111,0,100
2010-01-14T00:00:00Z,1.9614099999999999,1.96393,1.9463300000000001,1.95305,61619,0,100
2010-01-15T00:00:00Z,1.95304,1.9563199999999998,1.94408,1.9485299999999999,61606,0,100
2010-01-17T00:00:00Z,1.95163,1.9537200000000001,1.95141,1.9527299999999999,1502,0,200
2010-01-18T00:00:00Z,1.95262,1.95533,1.94282,1.9437600000000002,49130,0,103
2010-01-19T00:00:00Z,1.94377,1.95062,1.93003,1.94569,70444,0,100
2010-01-20T00:00:00Z,1.9457,1.96765,1.9390100000000001,1.95495,81002,0,101
2010-01-21T00:00:00Z,1.95493,1.9834399999999999,1.95042,1.97581,84580,0,105
2010-01-22T00:00:00Z,1.9758,1.9918,1.9712100000000001,1.99063,72826,0,100
2010-01-24T00:00:00Z,1.9854699999999998,1.98673,1.98214,1.98367,1911,0,207
2010-01-25T00:00:00Z,1.98376,1.9869400000000002,1.97468,1.98061,63033,0,100
2010-01-26T00:00:00Z,1.9806,2.00075,1.9759799999999998,1.98909,78215,0,100
2010-01-27T00:00:00Z,1.98905,1.9963899999999999,1.98019,1.98624,79929,0,101
2010-01-28T00:00:00Z,1.9862199999999999,1.98673,1.96404,1.9798200000000001,78485,0,105
2010-01-29T00:00:00Z,1.9798499999999999,1.98388,1.96605,1.97652,74911,0,100
2010-01-31T00:00:00Z,1.97102,1.9733100000000001,1.9696500000000001,1.9716399999999998,1837,0,200
2010-02-01T00:00:00Z,1.9716,1.98576,1.96158,1.96334,69321,0,105
2010-02-02T00:00:00Z,1.96319,1.97401,1.9557,1.9579499999999999,66837,0,100
2010-02-03T00:00:00Z,1.95797,1.99215,1.9576099999999999,1.98828,68665,0,100
2010-02-04T00:00:00Z,1.98833,2.0052,1.98284,1.99479,73324,0,100
2010-02-05T00:00:00Z,1.99478,1.9969000000000001,1.98006,1.98292,82460,0,100
2010-02-07T00:00:00Z,1.98091,1.98794,1.98091,1.98562,2522,0,200
2010-02-08T00:00:00Z,1.9856500000000001,2.00042,1.97976,1.99967,72696,0,100
2010-02-09T00:00:00Z,1.9997,1.99997,1.97823,1.98187,81379,0,113
2010-02-10T00:00:00Z,1.9818799999999999,1.98699,1.9759,1.9790299999999998,72736,0,100
2010-02-11T00:00:00Z,1.97909,1.9790999999999999,1.94588,1.96082,72914,0,100
2010-02-12T00:00:00Z,1.9609100000000002,1.96619,1.94637,1.9531,70576,0,100
2010-02-14T00:00:00Z,1.95634,1.95696,1.95471,1.9548299999999998,1138,0,200
2010-02-15T00:00:00Z,1.95482,1.9559600000000001,1.9464299999999999,1.95014,45263,0,100
2010-02-16T00:00:00Z,1.95018,1.95112,1.9366400000000001,1.94756,71578,0,100
2010-02-17T00:00:00Z,1.94759,1.95335,1.9313799999999999,1.9354,69201,0,100
2010-02-18T00:00:00Z,1.9353799999999999,1.9402,1.9258,1.93493,77365,0,100
2010-02-19T00:00:00Z,1.93491,1.94992,1.93184,1.94506,73539,0,100
2010-02-21T00:00:00Z,1.94332,1.94648,1.943,1.94549,1956,0,200
2010-02-22T00:00:00Z,1.9455200000000001,1.94569,1.93479,1.9381300000000001,59468,0,100
2010-02-23T00:00:00Z,1.93814,1.9575,1.93392,1.9458,72363,0,100
2010-02-24T00:00:00Z,1.94581,1.96692,1.94563,1.95034,69421,0,100
2010-02-25T00:00:00Z,1.95018,1.96714,1.94706,1.95893,74544,0,100
2010-02-26T00:00:00Z,1.9590100000000001,1.96048,1.9429699999999999,1.95159,68326,0,100
2010-02-28T00:00:00Z,1.9461300000000001,1.94815,1.9439,1.94781,1785,0,200
2010-03-01T00:00:00Z,1.9478499999999999,1.9538600000000002,1.92915,1.9373200000000002,68023,0,100
2010-03-02T00:00:00Z,1.93729,1.9562300000000001,1.93487,1.95329,72019,0,100
2010-03-03T00:00:00Z,1.95335,1.9788999999999999,1.95147,1.97458,71432,0,100
2010-03-04T00:00:00Z,1.9745300000000001,1.98666,1.97296,1.97861,69528,0,100
2010-03-05T00:00:00Z,1.9786299999999999,1.9790299999999998,1.9511500000000002,1.95385,55641,0,100
2010-03-07T00:00:00Z,1.94935,1.94978,1.9487999999999999,1.94951,142,0,62
2010-03-08T00:00:00Z,1.94956,1.95648,1.9438900000000001,1.94546,52743,0,62
2010-03-09T00:00:00Z,1.9455,1.95118,1.9313500000000001,1.9333,59314,0,100
2010-03-10T00:00:00Z,1.93338,1.94772,1.91994,1.94733,59014,0,100
2010-03-11T00:00:00Z,1.9472800000000001,1.95925,1.94343,1.95537,55287,0,100
2010-03-12T00:00:00Z,1.95534,1.96483,1.95181,1.96058,54354,0,100
2010-03-14T00:00:00Z,1.95631,1.9585599999999999,1.95621,1.95635,1147,0,100
2010-03-15T00:00:00Z,1.95633,1.95956,1.94384,1.94463,61213,0,100
2010-03-16T00:00:00Z,1.94459,1.94943,1.92912,1.93224,66938,0,100
2010-03-17T00:00:00Z,1.93227,1.9386,1.91598,1.92339,64986,0,100
2010-03-18T00:00:00Z,1.92334,1.92413,1.90143,1.90259,64880,0,100
2010-03-19T00:00:00Z,1.90256,1.91148,1.90161,1.9100700000000002,58816,0,100
2010-03-21T00:00:00Z,1.91327,1.9140899999999998,1.9118,1.91184,946,0,200
2010-03-22T00:00:00Z,1.91181,1.9281700000000002,1.91039,1.91704,62567,0,100
2010-03-23T00:00:00Z,1.9169,1.9195799999999998,1.90549,1.90918,65168,0,100
2010-03-24T00:00:00Z,1.9092,1.9118,1.89343,1.8941599999999998,69846,0,100
2010-03-25T00:00:00Z,1.89419,1.89655,1.87985,1.88726,65386,0,100
2010-03-26T00:00:00Z,1.88727,1.90781,1.88095,1.9044699999999999,68027,0,100
2010-03-28T00:00:00Z,1.91134,1.9117899999999999,1.90927,1.91019,1488,0,200
2010-03-29T00:00:00Z,1.91017,1.91037,1.89558,1.8994900000000001,59668,0,100
2010-03-30T00:00:00Z,1.89953,1.90125,1.88696,1.89081,59915,0,100
2010-03-31T00:00:00Z,1.89076,1.9119199999999998,1.88536,1.91003,72140,0,100
2010-04-01T00:00:00Z,1.90999,1.9207,1.90639,1.91871,63502,0,100
2010-04-02T00:00:00Z,1.91869,1.92117,1.90796,1.91123,26823,0,100
2010-04-04T00:00:00Z,1.90838,1.91075,1.90808,1.90904,892,0,200
2010-04-05T00:00:00Z,1.90906,1.9237199999999999,1.90827,1.91467,32743,0,100
2010-04-06T00:00:00Z,1.91466,1.9197600000000001,1.89344,1.89785,64862,0,100
2010-04-07T00:00:00Z,1.89784,1.9026399999999999,1.8831,1.8863699999999999,59747,0,100
2010-04-08T00:00:00Z,1.88636,1.89592,1.88382,1.88764,60806,0,100
2010-04-09T00:00:00Z,1.8876,1.89001,1.87554,1.8835899999999999,58844,0,100
2010-04-11T00:00:00Z,1.8949,1.89736,1.8936600000000001,1.8958599999999999,1688,0,220
2010-04-12T00:00:00Z,1.89581,1.9105400000000001,1.89535,1.90536,65816,0,100
2010-04-13T00:00:00Z,1.90537,1.9195600000000002,1.90056,1.91882,64151,0,100
2010-04-14T00:00:00Z,1.91879,1.92066,1.90653,1.90766,69038,0,100
2010-04-15T00:00:00Z,1.90761,1.9108800000000001,1.8958300000000001,1.90624,66948,0,100
2010-04-16T00:00:00Z,1.90622,1.9086699999999999,1.891,1.9048,68450,0,100
2010-04-18T00:00:00Z,1.90371,1.90649,1.90265,1.90617,1663,0,200
2010-04-19T00:00:00Z,1.90614,1.9064999999999999,1.88731,1.90018,68596,0,100
2010-04-20T00:00:00Z,1.9002400000000002,1.9031099999999999,1.88611,1.88646,62638,0,100
2010-04-21T00:00:00Z,1.88632,1.8907,1.87832,1.88527,64691,0,100
2010-04-22T00:00:00Z,1.8853,1.88568,1.8664100000000001,1.86879,69380,0,100
2010-04-23T00:00:00Z,1.8687399999999998,1.87417,1.8573,1.8643999999999998,70159,0,100
2010-04-25T00:00:00Z,1.86032,1.8627099999999999,1.86019,1.86123,1270,0,200
2010-04-26T00:00:00Z,1.86121,1.86442,1.83881,1.85289,70870,0,100
2010-04-27T00:00:00Z,1.85287,1.86055,1.84334,1.84794,81195,0,100
2010-04-28T00:00:00Z,1.84801,1.85334,1.8265099999999999,1.83887,90729,0,100
2010-04-29T00:00:00Z,1.83886,1.84537,1.82679,1.82957,75111,0,100
2010-04-30T00:00:00Z,1.8296000000000001,1.8315700000000001,1.81326,1.82783,66661,0,100
2010-05-02T00:00:00Z,1.82688,1.8279800000000002,1.82449,1.82752,1773,0,200
2010-05-03T00:00:00Z,1.8275299999999999,1.82812,1.8017400000000001,1.80462,56978,0,100
2010-05-04T00:00:00Z,1.80438,1.81436,1.7994400000000002,1.7994400000000002,77843,0,100
2010-05-05T00:00:00Z,1.79947,1.80657,1.7642600000000002,1.76576,85144,0,65
2010-05-06T00:00:00Z,1.76583,1.78693,1.75194,1.7695699999999999,104967,0,100
2010-05-07T00:00:00Z,1.76958,1.7986900000000001,1.7671999999999999,1.78383,106227,0,102
2010-05-09T00:00:00Z,1.79274,1.79768,1.78761,1.79459,3475,0,225
2010-05-10T00:00:00Z,1.79461,1.80702,1.7668300000000001,1.77143,94432,0,100
2010-05-11T00:00:00Z,1.7714400000000001,1.7757,1.7591,1.76112,95178,0,100
2010-05-12T00:00:00Z,1.7611400000000001,1.7754400000000001,1.75884,1.76504,91307,0,100
2010-05-13T00:00:00Z,1.76502,1.7681900000000002,1.7477200000000002,1.75869,78396,0,100
2010-05-14T00:00:00Z,1.75871,1.76262,1.73651,1.74701,84348,0,100
2010-05-16T00:00:00Z,1.74797,1.7510400000000002,1.7477800000000001,1.75085,508,0,200
2010-05-17T00:00:00Z,1.75083,1.77965,1.74444,1.77189,52821,0,100
2010-05-18T00:00:00Z,1.77191,1.77742,1.7532999999999999,1.76643,103988,0,100
2010-05-19T00:00:00Z,1.7664,1.8458700000000001,1.76492,1.8172899999999998,142997,61552880000,22
2010-05-20T00:00:00Z,1.8172899999999998,1.87897,1.79556,1.8679999999999999,102570,27015800000,31
2010-05-21T00:00:00Z,1.86803,1.88604,1.83917,1.85092,77142,0,130
2010-05-23T00:00:00Z,1.8542,1.85846,1.85373,1.8537400000000002,1782,0,200
2010-05-24T00:00:00Z,1.85377,1.86595,1.83147,1.84013,77657,0,100
2010-05-25T00:00:00Z,1.8401100000000001,1.8570600000000002,1.83087,1.84324,74530,0,105
2010-05-26T00:00:00Z,1.84327,1.84989,1.8172899999999998,1.8218,71391,0,100
2010-05-27T00:00:00Z,1.82175,1.83826,1.7960099999999999,1.8133599999999999,79773,0,102
2010-05-28T00:00:00Z,1.81338,1.82272,1.79512,1.80607,72443,0,76
2010-05-30T00:00:00Z,1.81242,1.81595,1.8096999999999999,1.81473,1364,0,200
2010-05-31T00:00:00Z,1.81474,1.8260800000000001,1.79786,1.80124,50939,0,100
2010-06-01T00:00:00Z,1.80103,1.81508,1.79596,1.80749,93777,0,100
2010-06-02T00:00:00Z,1.80751,1.8185,1.79387,1.79801,78606,0,100
2010-06-03T00:00:00Z,1.79802,1.7995700000000001,1.77284,1.7791700000000001,73281,0,100
2010-06-04T00:00:00Z,1.77922,1.79319,1.76886,1.783,69943,0,100
2010-06-06T00:00:00Z,1.78126,1.79006,1.77868,1.78979,2248,0,200
2010-06-07T00:00:00Z,1.7898100000000001,1.8109600000000001,1.78472,1.80932,83459,0,100
2010-06-08T00:00:00Z,1.80933,1.81206,1.7864200000000001,1.7945799999999998,84275,0,100
2010-06-09T00:00:00Z,1.79461,1.80447,1.77461,1.7774299999999998,75068,0,100
2010-06-10T00:00:00Z,1.7774999999999999,1.7887300000000002,1.76092,1.76861,86703,0,100
2010-06-11T00:00:00Z,1.76858,1.77891,1.7489400000000002,1.7539099999999999,90770,0,100
2010-06-13T00:00:00Z,1.7538,1.75622,1.7530000000000001,1.75516,1424,0,200
2010-06-14T00:00:00Z,1.75511,1.76203,1.74917,1.7566899999999999,68118,0,100
2010-06-15T00:00:00Z,1.75668,1.77284,1.75423,1.76345,84717,19000000,20
2010-06-16T00:00:00Z,1.7633999999999999,1.77615,1.76051,1.76349,61625,0,66
2010-06-17T00:00:00Z,1.76352,1.76752,1.7517399999999999,1.75804,61717,0,100
2010-06-18T00:00:00Z,1.75797,1.76254,1.7494800000000001,1.7515399999999999,50339,0,100
2010-06-20T00:00:00Z,1.7455699999999998,1.7455699999999998,1.7424,1.74428,2364,0,210
2010-06-21T00:00:00Z,1.74434,1.74963,1.7318,1.73726,69238,0,100
2010-06-22T00:00:00Z,1.73729,1.74299,1.73115,1.73864,64523,0,100
2010-06-23T00:00:00Z,1.7386,1.7441499999999999,1.71831,1.7278099999999998,52384,0,66
2010-06-24T00:00:00Z,1.7277900000000002,1.74752,1.72321,1.74021,71015,0,100
2010-06-25T00:00:00Z,1.74005,1.75225,1.72956,1.73137,55946,0,100
2010-06-27T00:00:00Z,1.7308,1.73718,1.72949,1.73708,795,0,200
2010-06-28T00:00:00Z,1.73713,1.74956,1.72905,1.74005,61140,0,60
2010-06-29T00:00:00Z,1.7400600000000002,1.7617,1.73632,1.7595100000000001,65068,0,100
2010-06-30T00:00:00Z,1.75962,1.78718,1.75666,1.78368,73381,0,100
2010-07-01T00:00:00Z,1.78369,1.8206099999999998,1.77905,1.8072,76494,0,67
2010-07-02T00:00:00Z,1.80727,1.8262800000000001,1.79656,1.82295,64379,0,66
2010-07-04T00:00:00Z,1.82308,1.82392,1.82252,1.82386,543,0,200
2010-07-05T00:00:00Z,1.82372,1.82939,1.8077,1.82403,39654,0,89
2010-07-06T00:00:00Z,1.82395,1.82837,1.80702,1.82185,70579,0,100
2010-07-07T00:00:00Z,1.82177,1.82395,1.79295,1.79484,66520,0,53
2010-07-08T00:00:00Z,1.7948499999999998,1.7985,1.7831000000000001,1.7894299999999999,63137,0,37
2010-07-09T00:00:00Z,1.78942,1.79584,1.77536,1.7766,51022,0,50
2010-07-11T00:00:00Z,1.7777699999999999,1.78274,1.77643,1.77797,912,0,200
2010-07-12T00:00:00Z,1.778,1.7816800000000002,1.7631299999999999,1.76783,51796,0,28
2010-07-13T00:00:00Z,1.76836,1.77338,1.76153,1.77092,85536,45651100000,27
2010-07-14T00:00:00Z,1.77089,1.77367,1.75744,1.7639,61892,0,100
2010-07-15T00:00:00Z,1.76393,1.79325,1.7599,1.78251,71904,0,100
2010-07-16T00:00:00Z,1.78247,1.82177,1.78206,1.81822,61769,0,100
2010-07-18T00:00:00Z,1.8181,1.8217400000000001,1.81664,1.82091,1250,0,150
2010-07-19T00:00:00Z,1.82098,1.84352,1.8162500000000001,1.83474,60751,0,100
2010-07-20T00:00:00Z,1.83467,1.83535,1.79423,1.79848,65696,0,100
2010-07-21T00:00:00Z,1.7984499999999999,1.80152,1.7814,1.79454,64052,0,100
2010-07-22T00:00:00Z,1.7945,1.79789,1.7734,1.77667,65573,0,100
2010-07-23T00:00:00Z,1.7767,1.78607,1.76135,1.77382,61367,0,100
2010-07-25T00:00:00Z,1.7723,1.7751299999999999,1.77188,1.7726199999999999,1049,0,216
2010-07-26T00:00:00Z,1.7726,1.77794,1.7654,1.77127,58252,0,100
2010-07-27T00:00:00Z,1.77128,1.77522,1.76129,1.77381,60993,0,100
2010-07-28T00:00:00Z,1.77382,1.80259,1.77095,1.79707,68047,0,100
2010-07-29T00:00:00Z,1.79706,1.81135,1.79254,1.8041399999999999,62225,0,100
2010-07-30T00:00:00Z,1.80417,1.81524,1.79311,1.7961399999999998,60300,0,100
2010-08-02T00:00:00Z,1.79518,1.80178,1.77992,1.7966600000000001,55081,0,100
2010-08-03T00:00:00Z,1.79668,1.80641,1.79186,1.8018999999999998,54460,0,100
2010-08-04T00:00:00Z,1.80187,1.80804,1.78693,1.80182,56973,0,100
2010-08-05T00:00:00Z,1.8017699999999999,1.81778,1.8012899999999998,1.80506,57992,0,100
2010-08-06T00:00:00Z,1.8050199999999998,1.82474,1.7989899999999999,1.8092899999999998,51739,0,100
2010-08-08T00:00:00Z,1.8094000000000001,1.8126799999999998,1.8093,1.811,1249,0,200
2010-08-09T00:00:00Z,1.81095,1.8208199999999999,1.81043,1.81427,46154,0,100
2010-08-10T00:00:00Z,1.81425,1.83073,1.81102,1.82257,66891,0,100
2010-08-11T00:00:00Z,1.8226,1.82523,1.79308,1.80347,74009,0,100
2010-08-12T00:00:00Z,1.80341,1.81433,1.7966600000000001,1.7967300000000002,73426,0,100
2010-08-13T00:00:00Z,1.79671,1.8080500000000002,1.79474,1.80559,63006,0,100
2010-08-15T00:00:00Z,1.8023,1.8086799999999998,1.8018999999999998,1.80786,1011,0,150
2010-08-16T00:00:00Z,1.80789,1.8272,1.80565,1.8183500000000001,63918,0,100
2010-08-17T00:00:00Z,1.81819,1.81944,1.80091,1.80785,68023,0,100
2010-08-18T00:00:00Z,1.8079399999999999,1.8090199999999999,1.7922,1.80107,66244,0,100
2010-08-19T00:00:00Z,1.8010000000000002,1.81768,1.79067,1.8119800000000001,73533,0,100
2010-08-20T00:00:00Z,1.81201,1.81968,1.7957100000000001,1.79759,65068,0,100
2010-08-22T00:00:00Z,1.7993999999999999,1.80023,1.79783,1.79921,1523,0,200
2010-08-23T00:00:00Z,1.79925,1.8030599999999999,1.78335,1.7894299999999999,60785,0,100
2010-08-24T00:00:00Z,1.7894700000000001,1.80392,1.7867199999999999,1.79581,75036,0,100
2010-08-25T00:00:00Z,1.79584,1.81956,1.79498,1.80415,74440,0,100
2010-08-26T00:00:00Z,1.8041800000000001,1.81237,1.79403,1.80836,71946,0,100
2010-08-27T00:00:00Z,1.8084500000000001,1.80922,1.78261,1.79421,60800,0,100
2010-08-29T00:00:00Z,1.7909000000000002,1.7909000000000002,1.78544,1.78664,1619,0,200
2010-08-30T00:00:00Z,1.78667,1.79988,1.78444,1.79825,49925,0,100
2010-08-31T00:00:00Z,1.79826,1.82393,1.79389,1.81167,70399,0,100
2010-09-01T00:00:00Z,1.81165,1.81907,1.7955299999999998,1.79703,56397,0,100
2010-09-02T00:00:00Z,1.7970000000000002,1.80179,1.7863,1.79511,49443,0,100
2010-09-03T00:00:00Z,1.79516,1.7962500000000001,1.7797100000000001,1.78989,40295,0,100
2010-09-05T00:00:00Z,1.7917100000000001,1.79351,1.79127,1.79189,847,0,200
2010-09-06T00:00:00Z,1.79188,1.79305,1.77383,1.77826,34534,0,100
2010-09-07T00:00:00Z,1.7782900000000001,1.77904,1.75884,1.76518,54781,0,100
2010-09-08T00:00:00Z,1.76513,1.77275,1.75577,1.7614100000000001,65621,0,100
2010-09-09T00:00:00Z,1.76144,1.7658800000000001,1.7473999999999998,1.75019,63925,0,100
2010-09-10T00:00:00Z,1.75015,1.75572,1.73813,1.7390400000000001,57567,0,100
2010-09-12T00:00:00Z,1.7378,1.7442,1.73591,1.74348,1671,0,210
2010-09-13T00:00:00Z,1.7434699999999999,1.76425,1.74275,1.76181,66473,0,100
2010-09-14T00:00:00Z,1.76185,1.77278,1.75799,1.77168,75633,0,100
2010-09-15T00:00:00Z,1.77165,1.79197,1.76739,1.7881,78446,0,100
2010-09-16T00:00:00Z,1.78815,1.81152,1.7846,1.804,73622,0,100
2010-09-17T00:00:00Z,1.80413,1.8043200000000001,1.78949,1.79684,66626,0,100
2010-09-19T00:00:00Z,1.7947,1.7991000000000001,1.7929,1.7961,1222,0,100
2010-09-20T00:00:00Z,1.7957,1.7988,1.78538,1.79104,45988,0,100
2010-09-21T00:00:00Z,1.79108,1.80957,1.78992,1.80863,72696,0,100
2010-09-22T00:00:00Z,1.8085900000000001,1.8302399999999999,1.8020399999999999,1.8292199999999998,54121,0,100
2010-09-23T00:00:00Z,1.82921,1.83571,1.81873,1.82619,73624,0,100
2010-09-24T00:00:00Z,1.8256000000000001,1.8389,1.8241,1.83685,56851,0,100
2010-09-26T00:00:00Z,1.8324,1.8329,1.8277999999999999,1.83081,2719,0,100
2010-09-27T00:00:00Z,1.83079,1.83655,1.82802,1.8300800000000002,64027,0,100
2010-09-28T00:00:00Z,1.83006,1.83918,1.82849,1.83545,74322,0,100
2010-09-29T00:00:00Z,1.83544,1.85366,1.83508,1.8500299999999998,62953,0,100
2010-09-30T00:00:00Z,1.85008,1.85853,1.84098,1.8560699999999999,80283,0,100
2010-10-01T00:00:00Z,1.85609,1.85972,1.8454199999999998,1.85172,69218,0,100
2010-10-03T00:00:00Z,1.8528,1.8542,1.8506,1.85128,2270,0,100
2010-10-04T00:00:00Z,1.85148,1.85456,1.84336,1.84966,71810,0,100
2010-10-05T00:00:00Z,1.84977,1.8586399999999998,1.84477,1.84792,82161,0,100
2010-10-06T00:00:00Z,1.8479299999999999,1.8540100000000002,1.83807,1.85107,76359,0,100
2010-10-07T00:00:00Z,1.8510900000000001,1.85802,1.84037,1.85454,78588,0,100
2010-10-08T00:00:00Z,1.8545099999999999,1.8692,1.843,1.8463,61331,0,100
2010-10-10T00:00:00Z,1.8485,1.8521,1.8473000000000002,1.8487,1902,0,100
2010-10-11T00:00:00Z,1.8491,1.8552,1.8409200000000001,1.8458299999999999,29495,0,100
2010-10-12T00:00:00Z,1.8458700000000001,1.85133,1.83178,1.83815,75765,0,100
2010-10-13T00:00:00Z,1.83813,1.8473000000000002,1.82589,1.8429600000000002,69437,0,100
2010-10-14T00:00:00Z,1.84297,1.85922,1.8365200000000002,1.8523,67137,0,100
2010-10-15T00:00:00Z,1.85228,1.8620700000000001,1.84722,1.84726,59082,0,100
2010-10-17T00:00:00Z,1.8489,1.8529,1.84744,1.85144,3279,0,100
2010-10-18T00:00:00Z,1.85145,1.85212,1.8397299999999999,1.8440699999999999,69945,0,100
2010-10-19T00:00:00Z,1.8440400000000001,1.85434,1.8401,1.84317,88308,0,100
2010-10-20T00:00:00Z,1.8431899999999999,1.8567900000000002,1.84069,1.85463,80902,0,100
2010-10-21T00:00:00Z,1.8546,1.8692199999999999,1.8479299999999999,1.8635199999999998,81046,0,100
2010-10-22T00:00:00Z,1.86356,1.87002,1.8568099999999998,1.86721,68738,0,100
2010-10-24T00:00:00Z,1.8631,1.866,1.8620999999999999,1.8648,3088,0,100
2010-10-25T00:00:00Z,1.86478,1.8673600000000001,1.85253,1.85474,77434,0,100
2010-10-26T00:00:00Z,1.85467,1.8567399999999998,1.84659,1.8496899999999998,83518,0,100
2010-10-27T00:00:00Z,1.84971,1.85667,1.84179,1.84459,88801,0,100
2010-10-28T00:00:00Z,1.84458,1.85249,1.8407499999999999,1.8467799999999999,79203,0,100
2010-10-29T00:00:00Z,1.84681,1.8479100000000002,1.81556,1.81874,72945,0,100
2010-10-31T00:00:00Z,1.822,1.8253,1.8211,1.82329,3685,0,100
2010-11-01T00:00:00Z,1.82328,1.82672,1.80731,1.8128600000000001,80609,0,100
2010-11-02T00:00:00Z,1.81288,1.82243,1.80831,1.81908,84125,0,100
2010-11-03T00:00:00Z,1.81906,1.81989,1.79102,1.79542,91929,0,100
2010-11-04T00:00:00Z,1.79541,1.80474,1.78384,1.78989,90765,0,100
2010-11-05T00:00:00Z,1.78985,1.79258,1.75915,1.76302,82234,0,100
2010-11-07T00:00:00Z,1.77,1.7774,1.7697,1.77519,3675,0,100
2010-11-08T00:00:00Z,1.7751700000000001,1.7769,1.76158,1.7631000000000001,88278,0,100
2010-11-09T00:00:00Z,1.76308,1.7769300000000001,1.7584,1.7729300000000001,100012,0,100
2010-11-10T00:00:00Z,1.77295,1.7747600000000001,1.75495,1.76128,98750,0,100
2010-11-11T00:00:00Z,1.76136,1.76288,1.7470400000000001,1.7509700000000001,88202,0,100
2010-11-12T00:00:00Z,1.75076,1.7714400000000001,1.74681,1.7690299999999999,98141,0,100
2010-11-14T00:00:00Z,1.7658,1.7675999999999998,1.7648000000000001,1.76508,2861,0,100
2010-11-15T00:00:00Z,1.76511,1.77936,1.74857,1.7564899999999999,88074,0,100
2010-11-16T00:00:00Z,1.75648,1.7671700000000001,1.75363,1.75521,99460,0,100
2010-11-17T00:00:00Z,1.7551999999999999,1.7661099999999998,1.75205,1.75609,84688,0,100
2010-11-18T00:00:00Z,1.75606,1.75878,1.74856,1.75142,80283,0,100
2010-11-19T00:00:00Z,1.75144,1.76417,1.75069,1.7546,70382,0,100
2010-11-21T00:00:00Z,1.7587000000000002,1.7612,1.75627,1.75928,3692,0,100
2010-11-22T00:00:00Z,1.75929,1.78094,1.75447,1.7630400000000002,85538,0,100
2010-11-23T00:00:00Z,1.76298,1.77311,1.75064,1.75939,100275,0,100
2010-11-24T00:00:00Z,1.7593800000000002,1.76038,1.7473999999999998,1.75229,94289,0,100
2010-11-25T00:00:00Z,1.7522199999999999,1.75959,1.74746,1.75267,71729,0,100
2010-11-26T00:00:00Z,1.75266,1.76813,1.7515399999999999,1.76461,84017,0,100
2010-11-28T00:00:00Z,1.7646,1.7657,1.7601,1.7614800000000002,4663,0,100
2010-11-29T00:00:00Z,1.7614999999999998,1.7698399999999999,1.7542,1.75875,91417,0,100
2010-11-30T00:00:00Z,1.7588,1.76291,1.7423899999999999,1.75109,107388,0,100
2010-12-01T00:00:00Z,1.75112,1.75853,1.74369,1.75388,101700,0,100
2010-12-02T00:00:00Z,1.75379,1.75765,1.74116,1.74604,97166,0,100
2010-12-03T00:00:00Z,1.74603,1.75925,1.7436500000000001,1.7501,85082,0,100
2010-12-05T00:00:00Z,1.751,1.7542,1.751,1.75193,3586,0,100
2010-12-06T00:00:00Z,1.75191,1.75351,1.74317,1.74492,83936,0,100
2010-12-07T00:00:00Z,1.7449,1.75329,1.74389,1.74986,93792,0,100
2010-12-08T00:00:00Z,1.74989,1.7807,1.74928,1.77252,96334,0,100
2010-12-09T00:00:00Z,1.7725300000000002,1.77941,1.76497,1.76685,94011,0,100
2010-12-10T00:00:00Z,1.7668599999999999,1.7701500000000001,1.75876,1.7677399999999999,71422,0,50
2010-12-12T00:00:00Z,1.7671999999999999,1.7682,1.7651,1.7651400000000002,2034,0,100
2010-12-13T00:00:00Z,1.76519,1.7831000000000001,1.75835,1.78111,76532,0,100
2010-12-14T00:00:00Z,1.7811,1.7877999999999998,1.77467,1.77877,80087,0,59
2010-12-15T00:00:00Z,1.7787899999999999,1.7936100000000001,1.77625,1.78539,90086,0,40
2010-12-16T00:00:00Z,1.7854,1.8000500000000001,1.78521,1.78745,80060,0,24
2010-12-17T00:00:00Z,1.7872400000000002,1.80471,1.78225,1.78965,79121,0,100
2010-12-19T00:00:00Z,1.7907,1.7908,1.7873,1.78834,2992,0,100
2010-12-20T00:00:00Z,1.78833,1.78929,1.7636500000000002,1.77042,81621,0,70
2010-12-21T00:00:00Z,1.77044,1.77203,1.7574100000000001,1.7618200000000002,84657,0,70
2010-12-22T00:00:00Z,1.76174,1.77186,1.75868,1.76459,80598,0,76
2010-12-23T00:00:00Z,1.76456,1.76488,1.74672,1.75254,70344,0,70
2010-12-24T00:00:00Z,1.75251,1.75674,1.7479200000000001,1.75087,29648,0,80
2010-12-26T00:00:00Z,1.754,1.7547000000000001,1.7500200000000001,1.75101,2686,0,100
2010-12-27T00:00:00Z,1.751,1.7605300000000002,1.75046,1.7564,56814,0,89
2010-12-28T00:00:00Z,1.75641,1.76404,1.72346,1.73263,66035,0,90
2010-12-29T00:00:00Z,1.73265,1.7337099999999999,1.7160199999999999,1.72362,60165,0,77
2010-12-30T00:00:00Z,1.7233800000000001,1.72965,1.71673,1.72306,61092,0,74
2010-12-31T00:00:00Z,1.72315,1.72803,1.71045,1.71498,44351,0,81
2011-01-02T00:00:00Z,1.7186,1.7202,1.71427,1.71532,2556,0,100
2011-01-03T00:00:00Z,1.7153399999999999,1.72717,1.7077499999999999,1.7254,64501,0,70
2011-01-04T00:00:00Z,1.72542,1.75363,1.72322,1.7339099999999998,84732,0,70
2011-01-05T00:00:00Z,1.73399,1.7399200000000001,1.72498,1.73393,87032,0,70
2011-01-06T00:00:00Z,1.73396,1.73664,1.71441,1.71652,77686,0,70
2011-01-07T00:00:00Z,1.71657,1.71869,1.6938499999999999,1.69753,83921,0,73
2011-01-09T00:00:00Z,1.6973,1.6976,1.6939,1.69757,2404,0,100
2011-01-10T00:00:00Z,1.69756,1.7046299999999999,1.69269,1.69766,73562,0,70
2011-01-11T00:00:00Z,1.6976900000000001,1.71008,1.6960199999999999,1.70892,85348,0,70
2011-01-12T00:00:00Z,1.70906,1.72511,1.70624,1.7208299999999999,86715,0,70
2011-01-13T00:00:00Z,1.72099,1.7380499999999999,1.7090999999999998,1.72897,87858,0,70
2011-01-14T00:00:00Z,1.7289400000000001,1.7502,1.72663,1.7465000000000002,82789,0,71
2011-01-16T00:00:00Z,1.7412999999999998,1.7423,1.7374,1.7389299999999999,2291,0,100
2011-01-17T00:00:00Z,1.73892,1.74027,1.71533,1.71926,72798,0,70
2011-01-18T00:00:00Z,1.71923,1.7413699999999999,1.71799,1.7329400000000001,95056,0,70
2011-01-19T00:00:00Z,1.7329599999999998,1.76023,1.73148,1.7576,99665,0,41
2011-01-20T00:00:00Z,1.75762,1.78406,1.7528299999999999,1.78255,103327,0,73
2011-01-21T00:00:00Z,1.78254,1.79703,1.77964,1.7953000000000001,93836,0,73
2011-01-23T00:00:00Z,1.7987,1.7987,1.7919,1.79393,3359,0,100
2011-01-24T00:00:00Z,1.79394,1.79549,1.78224,1.7842500000000001,88022,0,70
2011-01-25T00:00:00Z,1.78426,1.78865,1.77732,1.78232,102427,0,75
2011-01-26T00:00:00Z,1.78235,1.78891,1.77058,1.7718,93854,0,60
2011-01-27T00:00:00Z,1.77182,1.78309,1.76925,1.77638,97118,0,37
2011-01-28T00:00:00Z,1.77631,1.78072,1.75722,1.7583,89452,0,28
2011-01-30T00:00:00Z,1.7639,1.7661,1.7623,1.76335,4565,0,100
2011-01-31T00:00:00Z,1.76338,1.77962,1.7574800000000002,1.77369,92232,0,72
2011-02-01T00:00:00Z,1.77373,1.7764,1.76634,1.76695,96166,0,73
2011-02-02T00:00:00Z,1.76692,1.78786,1.7635800000000001,1.78418,86026,0,70
2011-02-03T00:00:00Z,1.7841900000000002,1.79081,1.7597,1.76215,85999,0,70
2011-02-04T00:00:00Z,1.76221,1.7708599999999999,1.75353,1.76276,53598,0,70
2011-02-06T00:00:00Z,1.7610999999999999,1.7635999999999998,1.7607,1.76192,2514,0,100
2011-02-07T00:00:00Z,1.76194,1.7714699999999999,1.7550400000000002,1.7585899999999999,57945,0,70
2011-02-08T00:00:00Z,1.75871,1.76472,1.75028,1.75606,53391,0,70
2011-02-09T00:00:00Z,1.75603,1.7799,1.7551999999999999,1.77753,55631,0,70
2011-02-10T00:00:00Z,1.7775400000000001,1.78878,1.77186,1.78528,74488,0,70
2011-02-11T00:00:00Z,1.78502,1.79078,1.7787899999999999,1.78075,53020,0,70
2011-02-13T00:00:00Z,1.7856,1.7898,1.7816999999999998,1.783,3980,0,100
2011-02-14T00:00:00Z,1.78302,1.78688,1.77687,1.7833,71962,0,70
2011-02-15T00:00:00Z,1.78331,1.7976100000000002,1.7797100000000001,1.7938100000000001,71072,0,70
2011-02-16T00:00:00Z,1.7938399999999999,1.8046,1.7908,1.79584,77493,0,71
2011-02-17T00:00:00Z,1.79586,1.80078,1.78723,1.7945799999999998,61752,0,70
2011-02-18T00:00:00Z,1.7946,1.79806,1.77877,1.79676,63301,0,70
2011-02-20T00:00:00Z,1.7946,1.79629,1.79156,1.79524,2754,0,100
2011-02-21T00:00:00Z,1.79522,1.79708,1.78666,1.79292,61503,0,70
2011-02-22T00:00:00Z,1.7929,1.8360400000000001,1.7929,1.8273899999999998,101756,0,70
2011-02-23T00:00:00Z,1.8273700000000002,1.8491,1.82243,1.84591,90423,0,70
2011-02-24T00:00:00Z,1.8458299999999999,1.849,1.83712,1.83915,91131,0,70
2011-02-25T00:00:00Z,1.83913,1.84785,1.82614,1.82865,76357,0,73
2011-02-27T00:00:00Z,1.8321,1.8322,1.825,1.82612,3606,0,100
2011-02-28T00:00:00Z,1.82611,1.8418999999999999,1.82199,1.8349,83902,0,70
2011-03-01T00:00:00Z,1.8349199999999999,1.84584,1.83219,1.84177,85957,0,70
2011-03-02T00:00:00Z,1.8417400000000002,1.86917,1.8410600000000001,1.8656700000000002,78930,0,70
2011-03-03T00:00:00Z,1.8656899999999998,1.8877000000000002,1.85459,1.8857300000000001,82278,0,70
2011-03-04T00:00:00Z,1.88581,1.9005999999999998,1.8844400000000001,1.89337,64345,0,54
2011-03-06T00:00:00Z,1.8974,1.8995,1.8942999999999999,1.89646,2517,0,100
2011-03-07T00:00:00Z,1.8964699999999999,1.90201,1.8902299999999999,1.89296,85309,0,73
2011-03-08T00:00:00Z,1.89297,1.8955600000000001,1.8750200000000001,1.87664,86652,0,73
2011-03-09T00:00:00Z,1.87683,1.895,1.87164,1.8877199999999998,90080,0,70
2011-03-10T00:00:00Z,1.88775,1.89001,1.8744100000000001,1.87797,94233,0,74
2011-03-11T00:00:00Z,1.87798,1.88316,1.86043,1.87104,85416,0,72
2011-03-13T00:00:00Z,1.8829,1.8928,1.8815,1.88347,5316,0,100
2011-03-14T00:00:00Z,1.88349,1.8959899999999998,1.87907,1.89246,87665,0,77
2011-03-15T00:00:00Z,1.89245,1.91662,1.89154,1.9091399999999998,113009,0,80
2011-03-16T00:00:00Z,1.90913,1.95495,1.89729,1.9219,113023,0,77
2011-03-17T00:00:00Z,1.92171,1.95648,1.91952,1.94173,109592,0,82
2011-03-18T00:00:00Z,1.94176,1.9463,1.92461,1.9387699999999999,90676,0,70
2011-03-20T00:00:00Z,1.9428,1.9436,1.9337,1.93464,3048,0,100
2011-03-21T00:00:00Z,1.93462,1.93968,1.9234499999999999,1.93155,81078,0,70
2011-03-22T00:00:00Z,1.93154,1.93577,1.91107,1.91546,84930,0,70
2011-03-23T00:00:00Z,1.91539,1.9188399999999999,1.89375,1.89614,89726,0,70
2011-03-24T00:00:00Z,1.89615,1.89621,1.88091,1.8860999999999999,86910,0,70
2011-03-25T00:00:00Z,1.88611,1.89184,1.86274,1.86862,75229,0,70
2011-03-27T00:00:00Z,1.8637000000000001,1.8702999999999999,1.8635000000000002,1.867,4296,0,100
2011-03-28T00:00:00Z,1.86701,1.87801,1.8642400000000001,1.87378,75490,0,70
2011-03-29T00:00:00Z,1.87401,1.8803299999999998,1.8582999999999998,1.86491,79100,0,72
2011-03-30T00:00:00Z,1.8649200000000001,1.8651499999999999,1.84246,1.8525800000000001,86022,0,70
2011-03-31T00:00:00Z,1.8526,1.8677000000000001,1.8519999999999999,1.86006,85690,0,70
2011-04-01T00:00:00Z,1.8601,1.86685,1.84424,1.8528099999999998,77916,0,71
2011-04-03T00:00:00Z,1.8519,1.8534000000000002,1.84889,1.84988,4309,0,100
2011-04-04T00:00:00Z,1.84985,1.85704,1.8461400000000001,1.8509,73713,0,70
2011-04-05T00:00:00Z,1.85091,1.85296,1.83812,1.85198,74131,0,70
2011-04-06T00:00:00Z,1.8519700000000001,1.853,1.8354300000000001,1.84281,79947,0,70
2011-04-07T00:00:00Z,1.84283,1.845,1.82998,1.83833,83815,0,70
2011-04-08T00:00:00Z,1.83832,1.85147,1.83637,1.84934,79074,0,70
2011-04-10T00:00:00Z,1.8467,1.8516,1.8447,1.84927,3168,0,100
2011-04-11T00:00:00Z,1.8493,1.85224,1.84143,1.84413,70163,0,70
2011-04-12T00:00:00Z,1.84414,1.85558,1.83836,1.8441100000000001,91847,0,73
2011-04-13T00:00:00Z,1.8439100000000002,1.84545,1.82718,1.83282,84714,0,70
2011-04-14T00:00:00Z,1.83284,1.83365,1.82004,1.8252199999999998,92783,0,74
2011-04-15T00:00:00Z,1.82521,1.82738,1.80214,1.80362,78040,0,70
2011-04-17T00:00:00Z,1.8012000000000001,1.8144,1.8005,1.80748,4451,0,100
2011-04-18T00:00:00Z,1.80747,1.82026,1.79746,1.8085900000000001,90645,0,72
2011-04-19T00:00:00Z,1.8085499999999999,1.82146,1.80564,1.81561,82465,0,70
2011-04-20T00:00:00Z,1.81559,1.8275299999999999,1.80933,1.82186,86732,0,70
2011-04-21T00:00:00Z,1.8219400000000001,1.82839,1.8108300000000002,1.81517,82637,0,70
2011-04-22T00:00:00Z,1.81518,1.8191000000000002,1.81134,1.81333,30065,0,83
2011-04-24T00:00:00Z,1.8157,1.8166,1.8117,1.81264,2454,0,100
2011-04-25T00:00:00Z,1.81263,1.82382,1.81206,1.8210899999999999,57826,0,70
2011-04-26T00:00:00Z,1.82108,1.8219699999999999,1.81292,1.8181699999999998,86233,0,70
2011-04-27T00:00:00Z,1.8181699999999998,1.8446099999999999,1.8111199999999998,1.84103,92459,0,70
2011-04-28T00:00:00Z,1.8410199999999999,1.85438,1.83823,1.84568,88669,11033700000,30
2011-04-29T00:00:00Z,1.8456700000000001,1.85293,1.8267600000000002,1.827,65965,0,70
2011-05-01T00:00:00Z,1.8295,1.8403,1.8279999999999998,1.8308200000000001,5759,0,100
2011-05-02T00:00:00Z,1.8308,1.84017,1.82968,1.83925,78119,0,70
2011-05-03T00:00:00Z,1.83924,1.85813,1.83588,1.8552499999999998,90490,0,70
2011-05-04T00:00:00Z,1.8553199999999999,1.88777,1.85389,1.869,97701,0,70
2011-05-05T00:00:00Z,1.8689200000000001,1.8882400000000001,1.84514,1.8462,102364,0,70
2011-05-06T00:00:00Z,1.84618,1.85102,1.80804,1.8094700000000001,106930,0,70
2011-05-08T00:00:00Z,1.8157999999999999,1.8195999999999999,1.8145,1.81604,4383,0,100
2011-05-09T00:00:00Z,1.81606,1.82003,1.8020100000000001,1.8121,102197,0,72
2011-05-10T00:00:00Z,1.81208,1.81582,1.80372,1.81087,97367,0,70
2011-05-11T00:00:00Z,1.8108499999999998,1.8134000000000001,1.79493,1.7952599999999999,84755,0,70
2011-05-12T00:00:00Z,1.79528,1.80469,1.7839800000000001,1.7913299999999999,81211,0,70
2011-05-13T00:00:00Z,1.79131,1.80633,1.78769,1.79203,61898,0,70
2011-05-15T00:00:00Z,1.794,1.7944,1.78674,1.79091,4352,0,100
2011-05-16T00:00:00Z,1.7909000000000002,1.82017,1.79013,1.81383,76271,0,70
2011-05-17T00:00:00Z,1.81385,1.82057,1.81074,1.81344,60875,0,44
2011-05-18T00:00:00Z,1.8135599999999998,1.81712,1.80203,1.80559,32047,0,23
2011-05-19T00:00:00Z,1.80555,1.8134700000000001,1.79637,1.8085499999999999,35375,0,20
2011-05-20T00:00:00Z,1.80861,1.8102,1.77392,1.77752,28302,0,25
2011-05-22T00:00:00Z,1.7788,1.7809,1.7748,1.77813,2906,0,65
2011-05-23T00:00:00Z,1.7783600000000002,1.78452,1.77175,1.7767300000000001,25270,0,27
2011-05-24T00:00:00Z,1.77657,1.77738,1.75708,1.7674699999999999,41207,0,21
2011-05-25T00:00:00Z,1.7675999999999998,1.77448,1.76003,1.7645,60720,0,30
2011-05-26T00:00:00Z,1.76448,1.76653,1.74016,1.74648,87862,0,54
2011-05-27T00:00:00Z,1.7463600000000001,1.75502,1.73589,1.7463600000000001,92060,0,54
2011-05-29T00:00:00Z,1.7488000000000001,1.7495,1.7379,1.74631,4265,0,100
2011-05-30T00:00:00Z,1.74635,1.75039,1.73799,1.7492999999999999,65130,0,70
2011-05-31T00:00:00Z,1.74929,1.7515,1.74013,1.74737,91346,0,70
2011-06-01T00:00:00Z,1.7473800000000002,1.7604899999999999,1.74644,1.75762,96388,0,70
2011-06-02T00:00:00Z,1.7576,1.77839,1.75447,1.77671,88057,0,70
2011-06-03T00:00:00Z,1.7766899999999999,1.7963900000000002,1.76969,1.79284,60433,0,70
2011-06-05T00:00:00Z,1.7915,1.7938,1.79,1.79295,3533,0,100
2011-06-06T00:00:00Z,1.7929300000000001,1.79695,1.78571,1.78941,69511,0,70
2011-06-07T00:00:00Z,1.78944,1.79067,1.78258,1.78735,63407,0,70
2011-06-08T00:00:00Z,1.78736,1.79966,1.7713,1.7736800000000001,67029,0,70
2011-06-09T00:00:00Z,1.77367,1.78746,1.7507700000000002,1.75702,60022,0,70
2011-06-10T00:00:00Z,1.75706,1.76075,1.73973,1.74543,54077,0,70
2011-06-12T00:00:00Z,1.7456,1.7475,1.744,1.74579,3477,0,100
2011-06-13T00:00:00Z,1.74581,1.7711700000000001,1.74411,1.76424,93948,0,70
2011-06-14T00:00:00Z,1.76423,1.7723,1.75855,1.76404,89626,0,70
2011-06-15T00:00:00Z,1.76406,1.76981,1.7535699999999999,1.75834,91750,0,70
2011-06-16T00:00:00Z,1.75835,1.7712400000000001,1.7564600000000001,1.76192,113148,0,70
2011-06-17T00:00:00Z,1.7619099999999999,1.76908,1.75765,1.75865,96831,0,70
2011-06-19T00:00:00Z,1.7616,1.7623,1.7574999999999998,1.76058,4921,0,100
2011-06-20T00:00:00Z,1.7605,1.7694,1.7587199999999998,1.7665,94126,0,70
2011-06-21T00:00:00Z,1.7664900000000001,1.7753999999999999,1.7614999999999998,1.76919,96912,0,70
2011-06-22T00:00:00Z,1.7692,1.7715999999999998,1.75624,1.75694,99083,0,70
2011-06-23T00:00:00Z,1.75692,1.75807,1.74532,1.75028,96441,0,70
2011-06-24T00:00:00Z,1.7501799999999998,1.7549000000000001,1.74208,1.7437399999999998,89905,0,70
2011-06-26T00:00:00Z,1.7551999999999999,1.7654999999999998,1.7539,1.7607599999999999,5119,0,100
2011-06-27T00:00:00Z,1.76071,1.7757100000000001,1.75564,1.77528,88850,0,70
2011-06-28T00:00:00Z,1.77527,1.78334,1.76694,1.76969,86710,0,70
2011-06-29T00:00:00Z,1.76965,1.77051,1.74621,1.7489599999999998,75462,0,70
2011-06-30T00:00:00Z,1.7467000000000001,1.7572999999999999,1.7427000000000001,1.74935,105896,0,70
2011-07-01T00:00:00Z,1.74936,1.75871,1.74854,1.75475,68468,0,70
2011-07-03T00:00:00Z,1.7541,1.7581,1.7538,1.7545199999999999,3948,0,100
2011-07-04T00:00:00Z,1.75457,1.7579500000000001,1.7452,1.74762,66273,0,70
2011-07-05T00:00:00Z,1.74759,1.7509700000000001,1.74261,1.7442199999999999,81826,0,70
2011-07-06T00:00:00Z,1.74424,1.74593,1.72719,1.7310400000000001,82139,0,70
2011-07-07T00:00:00Z,1.73103,1.7345000000000002,1.71905,1.7257,77893,0,70
2011-07-08T00:00:00Z,1.72569,1.7264599999999999,1.69984,1.7011699999999998,79263,0,70
2011-07-10T00:00:00Z,1.7005,1.7036,1.6996,1.70088,4256,0,100
2011-07-11T00:00:00Z,1.70089,1.70328,1.6854200000000001,1.69844,96884,0,70
2011-07-12T00:00:00Z,1.69845,1.71404,1.69692,1.7078,114366,0,70
2011-07-13T00:00:00Z,1.70782,1.70792,1.67397,1.67458,107185,0,70
2011-07-14T00:00:00Z,1.67459,1.68866,1.6732399999999998,1.6802700000000002,97520,0,70
2011-07-15T00:00:00Z,1.67926,1.6874099999999999,1.66814,1.6707800000000002,74048,0,70
2011-07-17T00:00:00Z,1.6678,1.67298,1.6631,1.6654499999999999,3195,0,82
2011-07-18T00:00:00Z,1.66541,1.67309,1.66013,1.67164,58947,0,22
2011-07-19T00:00:00Z,1.67156,1.6728800000000001,1.64908,1.65279,69566,0,54
2011-07-20T00:00:00Z,1.6527699999999999,1.66384,1.65103,1.66017,70874,0,35
2011-07-21T00:00:00Z,1.6602000000000001,1.67153,1.65175,1.66961,77812,0,38
2011-07-22T00:00:00Z,1.66959,1.67431,1.6574,1.65918,66580,0,35
2011-07-24T00:00:00Z,1.6643,1.6663000000000001,1.66046,1.66249,4169,0,100
2011-07-25T00:00:00Z,1.6625299999999998,1.66648,1.65531,1.6655,66272,0,70
2011-07-26T00:00:00Z,1.66551,1.6672099999999999,1.6551200000000001,1.66177,71979,0,70
2011-07-27T00:00:00Z,1.66182,1.66473,1.6457199999999998,1.6490200000000002,75828,8349000000,30
2011-07-28T00:00:00Z,1.64894,1.651,1.6338300000000001,1.64503,74040,12219060000,31
2011-07-29T00:00:00Z,1.64497,1.65836,1.63287,1.63536,76956,0,38
2011-07-31T00:00:00Z,1.63289,1.63337,1.62687,1.62808,2890,0,200
2011-08-01T00:00:00Z,1.62806,1.6409099999999999,1.6207799999999999,1.62553,76506,0,70
2011-08-02T00:00:00Z,1.62561,1.64405,1.61995,1.6420400000000002,87389,0,35
2011-08-03T00:00:00Z,1.642,1.66222,1.64086,1.65587,90837,0,70
2011-08-04T00:00:00Z,1.6558899999999999,1.6954,1.6556199999999999,1.6954,103966,33657700000,16
2011-08-05T00:00:00Z,1.6953399999999998,1.7029,1.67931,1.69231,104967,0,19
2011-08-07T00:00:00Z,1.7073399999999999,1.71318,1.7048100000000002,1.70504,4033,0,200
2011-08-08T00:00:00Z,1.70491,1.73487,1.70333,1.73449,123081,0,70
2011-08-09T00:00:00Z,1.7344300000000001,1.77624,1.70787,1.71211,130519,0,55
2011-08-10T00:00:00Z,1.7121,1.75582,1.7072,1.74516,116332,0,26
2011-08-11T00:00:00Z,1.7452,1.74755,1.7080199999999999,1.71543,124112,0,47
2011-08-12T00:00:00Z,1.7158799999999998,1.73241,1.70618,1.7106,100758,0,55
2011-08-14T00:00:00Z,1.70816,1.71122,1.7081,1.70886,2501,0,200
2011-08-15T00:00:00Z,1.70885,1.746,1.70428,1.73088,95354,0,70
2011-08-16T00:00:00Z,1.7309,1.7403,1.71886,1.72581,101921,0,70
2011-08-17T00:00:00Z,1.72583,1.7286299999999999,1.71693,1.726,95551,0,68
2011-08-18T00:00:00Z,1.72622,1.74622,1.72051,1.7395,96734,0,70
2011-08-19T00:00:00Z,1.73953,1.76043,1.73522,1.75652,103403,0,70
2011-08-21T00:00:00Z,1.75562,1.75887,1.75306,1.7532100000000002,2812,0,200
2011-08-22T00:00:00Z,1.75324,1.759,1.7366700000000002,1.74454,94061,0,70
2011-08-23T00:00:00Z,1.7445300000000001,1.74847,1.72403,1.72979,92090,0,70
2011-08-24T00:00:00Z,1.72981,1.74554,1.72981,1.73776,92393,0,33
2011-08-25T00:00:00Z,1.7378,1.7435399999999999,1.72797,1.73119,90748,0,70
2011-08-26T00:00:00Z,1.7311999999999999,1.73586,1.71571,1.72366,84265,0,70
2011-08-28T00:00:00Z,1.72403,1.72641,1.7233800000000001,1.7236799999999999,2377,0,200
2011-08-29T00:00:00Z,1.7237,1.72574,1.7098,1.71054,73478,11684390000,26
2011-08-30T00:00:00Z,1.7103199999999998,1.7103199999999998,1.68791,1.69533,73455,59526660000,16
2011-08-31T00:00:00Z,1.69543,1.69603,1.67187,1.68643,74254,48729090000,16
2011-09-01T00:00:00Z,1.6863899999999998,1.69171,1.6715499999999999,1.67412,90264,0,70
2011-09-02T00:00:00Z,1.67411,1.68048,1.66742,1.67363,86591,0,70
2011-09-04T00:00:00Z,1.6773799999999999,1.68092,1.67608,1.67827,2862,0,200
2011-09-05T00:00:00Z,1.6781700000000002,1.69845,1.67556,1.69666,90517,0,70
2011-09-06T00:00:00Z,1.6966700000000001,1.70392,1.68997,1.69746,109435,0,70
2011-09-07T00:00:00Z,1.69743,1.70333,1.68665,1.6871399999999999,96990,0,49
2011-09-08T00:00:00Z,1.68716,1.69122,1.66185,1.6649,99739,0,63
2011-09-09T00:00:00Z,1.6648800000000001,1.6696,1.6564,1.65941,93021,0,70
2011-09-11T00:00:00Z,1.65428,1.65979,1.65324,1.65852,4089,0,200
2011-09-12T00:00:00Z,1.65854,1.67183,1.6541700000000001,1.65673,122486,0,70
2011-09-13T00:00:00Z,1.6567699999999999,1.66482,1.6535,1.66126,115540,0,38
2011-09-14T00:00:00Z,1.66128,1.6810399999999999,1.65663,1.6770800000000001,114919,0,70
2011-09-15T00:00:00Z,1.67712,1.68812,1.67557,1.68372,105465,0,62
2011-09-16T00:00:00Z,1.68371,1.68553,1.65476,1.6617600000000001,94463,0,70
2011-09-18T00:00:00Z,1.65802,1.66216,1.65631,1.6587,3333,0,200
2011-09-19T00:00:00Z,1.65868,1.66771,1.65042,1.66241,106309,0,70
2011-09-20T00:00:00Z,1.6624400000000001,1.66582,1.65513,1.66418,111526,0,70
2011-09-21T00:00:00Z,1.6642299999999999,1.6992699999999998,1.66066,1.69725,110301,0,36
2011-09-22T00:00:00Z,1.69727,1.73434,1.69367,1.7208,134026,0,30
2011-09-23T00:00:00Z,1.72078,1.74457,1.71543,1.73651,116522,0,70
2011-09-25T00:00:00Z,1.7456800000000001,1.74619,1.7414100000000001,1.74606,4427,0,200
2011-09-26T00:00:00Z,1.74608,1.75414,1.73021,1.73397,131083,0,70
2011-09-27T00:00:00Z,1.7340200000000001,1.7354500000000002,1.71115,1.7240600000000001,118249,0,70
2011-09-28T00:00:00Z,1.7241300000000002,1.7476099999999999,1.72088,1.74658,114087,0,21
2011-09-29T00:00:00Z,1.74669,1.77159,1.74081,1.7661099999999998,112112,0,33
2011-09-30T00:00:00Z,1.7661,1.77413,1.75094,1.75688,106431,0,32
2011-10-02T00:00:00Z,1.7492100000000002,1.7511700000000001,1.74759,1.7500499999999999,3373,0,200
2011-10-03T00:00:00Z,1.75008,1.75774,1.7394500000000002,1.75272,123283,0,70
2011-10-04T00:00:00Z,1.7527300000000001,1.76814,1.74086,1.75305,129590,0,46
2011-10-05T00:00:00Z,1.75302,1.75609,1.73472,1.74143,121588,0,10
2011-10-06T00:00:00Z,1.74145,1.74865,1.7192699999999999,1.744,112865,0,70
2011-10-07T00:00:00Z,1.7439900000000002,1.74493,1.72923,1.73536,101935,0,37
2011-10-09T00:00:00Z,1.7416800000000001,1.74187,1.73718,1.73831,1612,0,200
2011-10-10T00:00:00Z,1.7383600000000001,1.745,1.73064,1.73815,103887,0,35
2011-10-11T00:00:00Z,1.73814,1.75004,1.73733,1.74721,97947,0,70
2011-10-12T00:00:00Z,1.74725,1.754,1.72569,1.7323499999999998,106813,0,70
2011-10-13T00:00:00Z,1.73237,1.73792,1.72824,1.7337799999999999,113074,0,70
2011-10-14T00:00:00Z,1.73376,1.7342300000000002,1.72111,1.7218900000000001,92617,0,70
2011-10-16T00:00:00Z,1.72583,1.72599,1.72369,1.72447,2456,0,200
2011-10-17T00:00:00Z,1.72443,1.73673,1.71915,1.73263,104937,0,70
2011-10-18T00:00:00Z,1.73264,1.74066,1.72325,1.7292,108467,0,70
2011-10-19T00:00:00Z,1.7292100000000001,1.7378200000000001,1.72722,1.7342300000000002,112640,0,70
2011-10-20T00:00:00Z,1.73421,1.73888,1.72484,1.73587,113694,0,70
2011-10-21T00:00:00Z,1.7358799999999999,1.74065,1.7244000000000002,1.72816,96393,0,70
2011-10-23T00:00:00Z,1.7280600000000002,1.72929,1.72714,1.7271800000000002,2465,0,200
2011-10-24T00:00:00Z,1.72719,1.7315,1.71609,1.72827,105189,0,70
2011-10-25T00:00:00Z,1.72824,1.74827,1.72241,1.74315,104630,0,70
2011-10-26T00:00:00Z,1.74314,1.75227,1.7325599999999999,1.7339,103491,0,70
2011-10-27T00:00:00Z,1.73388,1.73982,1.72119,1.72319,116306,0,70
2011-10-28T00:00:00Z,1.72321,1.73485,1.71787,1.7211699999999999,97398,0,70
2011-10-30T00:00:00Z,1.7231100000000001,1.7258499999999999,1.72156,1.72507,1877,0,200
2011-10-31T00:00:00Z,1.72506,1.73142,1.7092100000000001,1.71388,114466,0,70
2011-11-01T00:00:00Z,1.71387,1.72683,1.7070699999999999,1.72233,125131,0,70
2011-11-02T00:00:00Z,1.72234,1.74902,1.71976,1.7438099999999999,118464,0,70
2011-11-03T00:00:00Z,1.74382,1.75088,1.72644,1.74071,118685,0,70
2011-11-04T00:00:00Z,1.7407,1.7489599999999998,1.72957,1.73675,106885,0,70
2011-11-06T00:00:00Z,1.73437,1.73437,1.72794,1.73018,3426,0,200
2011-11-07T00:00:00Z,1.73022,1.73272,1.72472,1.72912,103617,0,70
2011-11-08T00:00:00Z,1.7290100000000002,1.73695,1.72452,1.73284,97212,0,70
2011-11-09T00:00:00Z,1.73282,1.74143,1.72862,1.73325,107584,0,70
2011-11-10T00:00:00Z,1.73327,1.7544300000000002,1.733,1.7494800000000001,112154,0,70
2011-11-11T00:00:00Z,1.74954,1.75729,1.74728,1.74947,81389,0,70
2011-11-13T00:00:00Z,1.74346,1.74436,1.73997,1.74258,3385,0,200
2011-11-14T00:00:00Z,1.74257,1.75271,1.74146,1.75085,108064,0,70
2011-11-15T00:00:00Z,1.7508599999999999,1.76296,1.7507700000000002,1.75488,114251,0,30
2011-11-16T00:00:00Z,1.75489,1.76302,1.75159,1.75949,114655,0,39
2011-11-17T00:00:00Z,1.7594699999999999,1.7785600000000001,1.7555100000000001,1.77274,115317,0,70
2011-11-18T00:00:00Z,1.77275,1.78749,1.76901,1.7868,98368,0,26
2011-11-20T00:00:00Z,1.7867899999999999,1.7915999999999999,1.78659,1.7898100000000001,3857,0,200
2011-11-21T00:00:00Z,1.78982,1.8106499999999999,1.78383,1.79836,108651,0,29
2011-11-22T00:00:00Z,1.79841,1.81236,1.79793,1.80505,100664,0,41
2011-11-23T00:00:00Z,1.80504,1.81167,1.7964,1.80392,111794,0,39
2011-11-24T00:00:00Z,1.8039100000000001,1.80496,1.7941799999999999,1.7974,85467,0,46
2011-11-25T00:00:00Z,1.79739,1.79839,1.78365,1.78423,84078,0,46
2011-11-27T00:00:00Z,1.77771,1.77794,1.77145,1.77355,3389,0,200
2011-11-28T00:00:00Z,1.77342,1.7753700000000001,1.75765,1.76187,99162,0,26
2011-11-29T00:00:00Z,1.7619500000000001,1.76843,1.7423600000000001,1.74413,100321,0,70
2011-11-30T00:00:00Z,1.74414,1.75198,1.71863,1.7247400000000002,100935,0,35
2011-12-01T00:00:00Z,1.72477,1.73842,1.72188,1.72708,97966,0,25
2011-12-02T00:00:00Z,1.7270699999999999,1.73194,1.71791,1.72163,82434,0,40
2011-12-04T00:00:00Z,1.7221899999999999,1.72226,1.7166700000000001,1.71856,2630,0,200
2011-12-05T00:00:00Z,1.7185700000000002,1.72618,1.71418,1.7147299999999999,93913,0,36
2011-12-06T00:00:00Z,1.71471,1.72386,1.71352,1.71792,100027,0,42
2011-12-07T00:00:00Z,1.71793,1.72495,1.71437,1.7157900000000001,95604,0,28
2011-12-08T00:00:00Z,1.71576,1.7284199999999998,1.7063700000000002,1.72634,92027,0,31
2011-12-09T00:00:00Z,1.7263600000000001,1.7415699999999998,1.72177,1.7240799999999998,89729,0,41
2011-12-11T00:00:00Z,1.72588,1.72624,1.72328,1.72439,2081,0,300
2011-12-12T00:00:00Z,1.7244000000000002,1.73766,1.72384,1.72824,92993,0,74
2011-12-13T00:00:00Z,1.72823,1.72892,1.71185,1.7216,93414,0,45
2011-12-14T00:00:00Z,1.72161,1.73247,1.7199200000000001,1.73121,94823,0,70
2011-12-15T00:00:00Z,1.73123,1.73942,1.72119,1.72248,91949,0,70
2011-12-16T00:00:00Z,1.7224599999999999,1.72254,1.7046999999999999,1.71102,85113,0,70
2011-12-18T00:00:00Z,1.7098499999999999,1.7117900000000001,1.70915,1.7113399999999999,1001,0,33
2011-12-19T00:00:00Z,1.7113399999999999,1.72282,1.70783,1.71885,47469,0,8
2011-12-20T00:00:00Z,1.71879,1.72048,1.6976,1.70342,50510,0,8
2011-12-21T00:00:00Z,1.70329,1.70485,1.6853799999999999,1.6960899999999999,81238,0,8
2011-12-22T00:00:00Z,1.69611,1.70001,1.68153,1.6856499999999999,79177,0,30
2011-12-23T00:00:00Z,1.68564,1.69013,1.6818,1.68296,64022,0,70
2011-12-26T00:00:00Z,1.68622,1.6898499999999999,1.68277,1.68423,24526,0,88
2011-12-27T00:00:00Z,1.68422,1.69617,1.68296,1.69173,57061,0,70
2011-12-28T00:00:00Z,1.6917499999999999,1.6918600000000001,1.67608,1.68356,70726,0,70
2011-12-29T00:00:00Z,1.6835900000000001,1.68448,1.6747,1.6772,79662,0,70
2011-12-30T00:00:00Z,1.67718,1.6772,1.65961,1.66467,68435,0,70
2012-01-01T00:00:00Z,1.66284,1.66371,1.6608,1.66228,1470,0,300
2012-01-02T00:00:00Z,1.6623,1.66555,1.65335,1.65551,38247,0,96
2012-01-03T00:00:00Z,1.65553,1.6595,1.6492499999999999,1.65075,79215,0,200
2012-01-04T00:00:00Z,1.65076,1.6552099999999998,1.64011,1.64302,85210,0,70
2012-01-05T00:00:00Z,1.64304,1.64593,1.6344699999999999,1.63697,89987,0,70
2012-01-06T00:00:00Z,1.63694,1.64158,1.6259700000000001,1.62852,80900,0,70
2012-01-08T00:00:00Z,1.62588,1.6263,1.62408,1.62469,3054,0,200
2012-01-09T00:00:00Z,1.6247,1.6291600000000002,1.6181,1.61839,89494,0,70
2012-01-10T00:00:00Z,1.6183999999999998,1.61963,1.6042,1.60436,92698,0,43
2012-01-11T00:00:00Z,1.6043699999999999,1.6064699999999998,1.59165,1.59275,87166,0,70
2012-01-12T00:00:00Z,1.5927099999999998,1.61821,1.5926200000000001,1.6139700000000001,86476,0,70
2012-01-13T00:00:00Z,1.61395,1.62363,1.59229,1.59375,87187,0,70
2012-01-15T00:00:00Z,1.59066,1.59406,1.59063,1.59363,2499,0,200
2012-01-16T00:00:00Z,1.59362,1.59947,1.5906799999999999,1.59419,73742,0,70
2012-01-17T00:00:00Z,1.59421,1.59836,1.5894599999999999,1.59044,83763,0,70
2012-01-18T00:00:00Z,1.5904500000000001,1.6012499999999998,1.58673,1.6,91221,0,70
2012-01-19T00:00:00Z,1.59999,1.61555,1.59835,1.6133,95923,0,70
2012-01-20T00:00:00Z,1.6133199999999999,1.61683,1.60229,1.6027200000000001,77759,0,70
2012-01-22T00:00:00Z,1.5983399999999999,1.60043,1.5971600000000001,1.60005,2379,0,200
2012-01-23T00:00:00Z,1.60004,1.60869,1.59482,1.60404,84905,0,23
2012-01-24T00:00:00Z,1.60405,1.61613,1.60213,1.60578,75397,0,16
2012-01-25T00:00:00Z,1.6057700000000001,1.613,1.5996299999999999,1.6021999999999998,90731,0,70
2012-01-26T00:00:00Z,1.60224,1.60477,1.5915300000000001,1.59351,76517,0,35
2012-01-27T00:00:00Z,1.59349,1.60621,1.58933,1.60145,80618,0,70
2012-01-29T00:00:00Z,1.60447,1.60447,1.6026799999999999,1.60291,2040,0,200
2012-01-30T00:00:00Z,1.60289,1.6078299999999999,1.59844,1.6026,85739,0,70
2012-01-31T00:00:00Z,1.6026099999999999,1.60297,1.58068,1.58427,88160,0,27
2012-02-01T00:00:00Z,1.58429,1.5872000000000002,1.57767,1.57923,86090,0,70
2012-02-02T00:00:00Z,1.57924,1.58212,1.5715,1.5779800000000002,79613,0,8
2012-02-03T00:00:00Z,1.57799,1.58583,1.56532,1.5699100000000001,76098,0,8
2012-02-05T00:00:00Z,1.5722,1.57352,1.57126,1.57287,2716,0,200
2012-02-06T00:00:00Z,1.5729,1.57657,1.56699,1.57227,84132,0,70
2012-02-07T00:00:00Z,1.5722800000000001,1.58727,1.56786,1.58484,92470,0,70
2012-02-08T00:00:00Z,1.5848499999999999,1.5914199999999998,1.57833,1.58772,88459,0,70
2012-02-09T00:00:00Z,1.58773,1.59351,1.58527,1.59199,87832,0,70
2012-02-10T00:00:00Z,1.592,1.60156,1.58897,1.5949900000000001,88268,0,39
2012-02-12T00:00:00Z,1.5930900000000001,1.59424,1.5918700000000001,1.59388,3818,0,200
2012-02-13T00:00:00Z,1.59385,1.5944,1.57796,1.58004,95063,0,70
2012-02-14T00:00:00Z,1.58002,1.58642,1.57015,1.57027,99709,0,70
2012-02-15T00:00:00Z,1.57029,1.57379,1.55865,1.5673300000000001,102437,0,70
2012-02-16T00:00:00Z,1.56734,1.57782,1.56613,1.56977,98277,0,70
2012-02-17T00:00:00Z,1.56978,1.5805500000000001,1.5656400000000001,1.57775,82583,0,70
2012-02-19T00:00:00Z,1.57056,1.57189,1.568,1.56944,3996,0,200
2012-02-20T00:00:00Z,1.56942,1.58066,1.56825,1.57577,81637,0,8
2012-02-21T00:00:00Z,1.57578,1.58786,1.5747200000000001,1.58474,98448,0,15
2012-02-22T00:00:00Z,1.58473,1.59973,1.58406,1.59829,90439,0,70
2012-02-23T00:00:00Z,1.59833,1.6021,1.59166,1.59627,80496,0,35
2012-02-24T00:00:00Z,1.59626,1.61138,1.5918999999999999,1.60806,75555,0,70
2012-02-26T00:00:00Z,1.60768,1.61078,1.60741,1.61035,3108,0,200
2012-02-27T00:00:00Z,1.61037,1.61308,1.59205,1.5939299999999998,83781,0,70
2012-02-28T00:00:00Z,1.5939999999999999,1.6093899999999999,1.5933199999999998,1.6033,88021,0,70
2012-02-29T00:00:00Z,1.6032899999999999,1.60379,1.5849,1.59464,92038,0,70
2012-03-01T00:00:00Z,1.5946500000000001,1.5996000000000001,1.5834000000000001,1.58782,87671,0,70
2012-03-02T00:00:00Z,1.5878,1.5926399999999998,1.5821100000000001,1.59078,77254,0,70
2012-03-04T00:00:00Z,1.59067,1.59111,1.5883,1.58938,2315,0,200
2012-03-05T00:00:00Z,1.58935,1.6111499999999999,1.58921,1.608,83474,0,70
2012-03-06T00:00:00Z,1.6080100000000002,1.62117,1.60657,1.61179,90009,0,70
2012-03-07T00:00:00Z,1.61182,1.61466,1.60148,1.6119400000000002,79385,0,70
2012-03-08T00:00:00Z,1.61193,1.6135000000000002,1.5968,1.60922,82586,0,70
2012-03-09T00:00:00Z,1.6092300000000002,1.61037,1.59084,1.5962100000000001,77172,0,10
2012-03-11T00:00:00Z,1.59986,1.6015899999999998,1.59935,1.60153,1978,0,200
2012-03-12T00:00:00Z,1.60154,1.61021,1.59747,1.6052,75453,0,70
2012-03-13T00:00:00Z,1.60529,1.6053899999999999,1.58789,1.5903399999999999,77980,0,70
2012-03-14T00:00:00Z,1.59037,1.6141,1.5899,1.6105,81216,0,70
2012-03-15T00:00:00Z,1.61046,1.6129099999999998,1.59349,1.59545,85485,0,70
2012-03-16T00:00:00Z,1.59544,1.59954,1.5889199999999999,1.596,69919,0,70
2012-03-18T00:00:00Z,1.5925099999999999,1.5936599999999999,1.5922399999999999,1.5932,1550,0,200
2012-03-19T00:00:00Z,1.59321,1.6056,1.59198,1.60142,73251,0,70
2012-03-20T00:00:00Z,1.6014,1.62511,1.60005,1.61812,81217,0,70
2012-03-21T00:00:00Z,1.6181100000000002,1.6298300000000001,1.61464,1.6248,84040,0,70
2012-03-22T00:00:00Z,1.62486,1.63872,1.62316,1.62721,86176,0,70
2012-03-23T00:00:00Z,1.6272199999999999,1.63212,1.61857,1.6203400000000001,77572,0,70
2012-03-25T00:00:00Z,1.62178,1.62221,1.6193499999999998,1.62216,2251,0,200
2012-03-26T00:00:00Z,1.62219,1.62619,1.61661,1.62279,80381,0,70
2012-03-27T00:00:00Z,1.6228,1.62452,1.6166,1.6238700000000001,74530,0,8
2012-03-28T00:00:00Z,1.6238899999999998,1.6321400000000001,1.62298,1.62711,79969,0,70
2012-03-29T00:00:00Z,1.62705,1.63361,1.62392,1.62569,77843,0,70
2012-03-30T00:00:00Z,1.6257000000000001,1.63055,1.6213199999999999,1.62305,74759,0,70
2012-04-01T00:00:00Z,1.62018,1.62425,1.61913,1.62338,3025,0,200
2012-04-02T00:00:00Z,1.62339,1.63046,1.6133899999999999,1.6146,78699,0,60
2012-04-03T00:00:00Z,1.6146099999999999,1.62493,1.61243,1.61571,88208,0,60
2012-04-04T00:00:00Z,1.6157,1.62099,1.61001,1.61084,92121,0,13
2012-04-05T00:00:00Z,1.6108500000000001,1.61215,1.5971899999999999,1.60087,83675,0,60
2012-04-06T00:00:00Z,1.6008200000000001,1.6066799999999999,1.59345,1.59355,52077,0,60
2012-04-08T00:00:00Z,1.5988099999999998,1.5990799999999998,1.59569,1.59585,2249,0,200
2012-04-09T00:00:00Z,1.59586,1.59957,1.58784,1.59653,59638,0,60
2012-04-10T00:00:00Z,1.5965099999999999,1.6098599999999998,1.59403,1.60396,92591,0,60
2012-04-11T00:00:00Z,1.60399,1.60741,1.5979999999999999,1.6002,86634,0,60
2012-04-12T00:00:00Z,1.60019,1.6029499999999999,1.5906,1.5906099999999999,89097,0,60
2012-04-13T00:00:00Z,1.59058,1.59202,1.5817,1.58815,84916,0,60
2012-04-15T00:00:00Z,1.58639,1.58805,1.58582,1.58721,2388,0,200
2012-04-16T00:00:00Z,1.5872199999999999,1.60205,1.58536,1.60067,93785,0,60
2012-04-17T00:00:00Z,1.60066,1.60894,1.5941800000000002,1.59611,84969,0,60
2012-04-18T00:00:00Z,1.5961400000000001,1.609,1.59436,1.6073300000000001,84104,0,60
2012-04-19T00:00:00Z,1.60732,1.61493,1.60134,1.61261,87822,0,60
2012-04-20T00:00:00Z,1.6126,1.62137,1.61178,1.61297,73918,0,28
2012-04-22T00:00:00Z,1.61319,1.6141999999999999,1.6125699999999998,1.61341,1762,0,101
2012-04-23T00:00:00Z,1.6134,1.62165,1.6116000000000001,1.6161699999999999,75416,0,60
2012-04-24T00:00:00Z,1.61618,1.62874,1.6147,1.6212499999999999,78672,0,60
2012-04-25T00:00:00Z,1.62123,1.6282100000000002,1.61595,1.6214499999999998,82919,0,60
2012-04-26T00:00:00Z,1.62147,1.62813,1.61588,1.62141,80096,0,60
2012-04-27T00:00:00Z,1.6214300000000001,1.62555,1.6081400000000001,1.60975,79603,0,60
2012-04-29T00:00:00Z,1.6084,1.6097700000000001,1.60743,1.60761,2175,0,200
2012-04-30T00:00:00Z,1.6076000000000001,1.6203400000000001,1.6068,1.61696,69854,0,60
2012-05-01T00:00:00Z,1.61697,1.63236,1.61647,1.62313,66006,0,60
2012-05-02T00:00:00Z,1.6231200000000001,1.63391,1.61517,1.6292,81061,0,60
2012-05-03T00:00:00Z,1.62917,1.64494,1.6263100000000001,1.64275,81009,0,60
2012-05-04T00:00:00Z,1.6427399999999999,1.65667,1.63932,1.64341,77200,0,60
2012-05-06T00:00:00Z,1.64055,1.6412900000000001,1.63608,1.63801,5126,0,200
2012-05-07T00:00:00Z,1.63802,1.64273,1.63521,1.6380599999999998,87258,0,60
2012-05-08T00:00:00Z,1.63807,1.65387,1.63712,1.6507399999999999,92594,0,60
2012-05-09T00:00:00Z,1.65073,1.6541000000000001,1.64665,1.64897,100363,0,60
2012-05-10T00:00:00Z,1.64898,1.65066,1.64047,1.64819,96422,0,60
2012-05-11T00:00:00Z,1.6482,1.65416,1.64162,1.64919,89874,0,60
2012-05-13T00:00:00Z,1.64866,1.6524999999999999,1.64826,1.6524999999999999,3263,0,200
2012-05-14T00:00:00Z,1.65252,1.65693,1.64654,1.65115,87612,0,60
2012-05-15T00:00:00Z,1.65114,1.6575199999999999,1.64779,1.6547399999999999,91861,0,60
2012-05-16T00:00:00Z,1.65473,1.66482,1.65364,1.66168,103549,0,60
2012-05-17T00:00:00Z,1.66173,1.66463,1.65605,1.66071,102805,0,60
2012-05-18T00:00:00Z,1.66049,1.69644,1.6585100000000002,1.68788,105549,0,60
2012-05-20T00:00:00Z,1.68739,1.68892,1.68652,1.68855,3274,0,200
2012-05-21T00:00:00Z,1.6885599999999998,1.69027,1.6696499999999999,1.66993,99898,0,60
2012-05-22T00:00:00Z,1.66994,1.6824,1.66649,1.67892,100777,0,60
2012-05-23T00:00:00Z,1.6789399999999999,1.6922000000000001,1.67214,1.67258,112966,0,60
2012-05-24T00:00:00Z,1.67259,1.67726,1.66038,1.6622400000000002,112300,0,60
2012-05-25T00:00:00Z,1.66225,1.66587,1.65314,1.6583299999999999,94370,0,8
2012-05-27T00:00:00Z,1.6564,1.65788,1.6550500000000001,1.65517,2780,0,200
2012-05-28T00:00:00Z,1.65518,1.65558,1.6429399999999998,1.64562,82026,0,60
2012-05-29T00:00:00Z,1.6456300000000001,1.6507800000000001,1.63679,1.64038,102165,0,60
2012-05-30T00:00:00Z,1.64036,1.645,1.6368,1.64418,104764,0,34
2012-05-31T00:00:00Z,1.64417,1.6471900000000002,1.63707,1.64158,105705,0,60
2012-06-01T00:00:00Z,1.64157,1.64916,1.63883,1.64745,107319,0,60
2012-06-03T00:00:00Z,1.64601,1.65057,1.64523,1.6496499999999998,3598,0,200
2012-06-04T00:00:00Z,1.64964,1.6535,1.64185,1.65099,98039,0,60
2012-06-05T00:00:00Z,1.65103,1.6539000000000001,1.64249,1.64262,103096,0,60
2012-06-06T00:00:00Z,1.64263,1.64293,1.62939,1.6316000000000002,109562,0,31
2012-06-07T00:00:00Z,1.63152,1.63808,1.62549,1.63522,106409,0,60
2012-06-08T00:00:00Z,1.63518,1.64116,1.61938,1.62351,101672,0,60
2012-06-10T00:00:00Z,1.62693,1.62968,1.62451,1.6259000000000001,3722,0,200
2012-06-11T00:00:00Z,1.62592,1.62939,1.61527,1.6228099999999999,99453,0,60
2012-06-12T00:00:00Z,1.62282,1.6239599999999998,1.60635,1.60643,100799,0,60
2012-06-13T00:00:00Z,1.60641,1.6251,1.6050900000000001,1.61849,101539,0,60
2012-06-14T00:00:00Z,1.61852,1.61977,1.61071,1.6122999999999998,97120,0,60
2012-06-15T00:00:00Z,1.61229,1.61418,1.5984,1.60134,87851,0,60
2012-06-17T00:00:00Z,1.60764,1.60867,1.60442,1.60541,4278,0,200
2012-06-18T00:00:00Z,1.60542,1.60581,1.5843,1.58653,100605,0,60
2012-06-19T00:00:00Z,1.5865399999999998,1.59476,1.58346,1.59138,93564,0,60
2012-06-20T00:00:00Z,1.59141,1.59928,1.58389,1.58535,96027,0,38
2012-06-21T00:00:00Z,1.58536,1.59661,1.58111,1.59125,100847,0,60
2012-06-22T00:00:00Z,1.5912600000000001,1.59761,1.5853899999999999,1.58788,84071,0,60
2012-06-24T00:00:00Z,1.58998,1.59002,1.5879400000000001,1.58838,2517,0,59
2012-06-25T00:00:00Z,1.5883699999999998,1.5931899999999999,1.58474,1.5875,82915,0,34
2012-06-26T00:00:00Z,1.58751,1.58809,1.57484,1.57941,87313,0,60
2012-06-27T00:00:00Z,1.5794000000000001,1.5844,1.57245,1.57282,79299,0,60
2012-06-28T00:00:00Z,1.57279,1.583,1.56791,1.58144,91608,0,60
2012-06-29T00:00:00Z,1.5814300000000001,1.58777,1.57389,1.57935,99922,0,60
2012-07-01T00:00:00Z,1.58,1.5807799999999999,1.57905,1.58019,2691,0,200
2012-07-02T00:00:00Z,1.58018,1.5805500000000001,1.56277,1.56543,84044,0,60
2012-07-03T00:00:00Z,1.5654,1.56922,1.56145,1.56638,76785,0,60
2012-07-04T00:00:00Z,1.5664,1.5672700000000002,1.55504,1.55709,70240,0,60
2012-07-05T00:00:00Z,1.55707,1.56242,1.5377100000000001,1.54052,82890,0,20
2012-07-06T00:00:00Z,1.54053,1.5464099999999998,1.53601,1.53854,78405,0,60
2012-07-08T00:00:00Z,1.54098,1.54123,1.53614,1.5375999999999999,2779,0,56
2012-07-09T00:00:00Z,1.53762,1.54909,1.53762,1.5459100000000001,75880,0,60
2012-07-10T00:00:00Z,1.54592,1.5486499999999999,1.5369199999999998,1.5419800000000001,78317,0,60
2012-07-11T00:00:00Z,1.54199,1.54366,1.5325600000000001,1.53878,80117,0,60
2012-07-12T00:00:00Z,1.53879,1.5503,1.5365600000000001,1.54376,85939,0,32
2012-07-13T00:00:00Z,1.5437699999999999,1.54515,1.53592,1.53708,75364,0,60
2012-07-15T00:00:00Z,1.53525,1.53573,1.53407,1.5353599999999998,2219,0,200
2012-07-16T00:00:00Z,1.53537,1.5401799999999999,1.5318399999999999,1.53912,69413,0,60
2012-07-17T00:00:00Z,1.53914,1.54141,1.5354100000000002,1.54002,82063,0,60
2012-07-18T00:00:00Z,1.53998,1.5449199999999998,1.53147,1.53331,78724,0,60
2012-07-19T00:00:00Z,1.5333299999999999,1.53633,1.52261,1.52756,82181,0,60
2012-07-20T00:00:00Z,1.52755,1.5287600000000001,1.51833,1.51895,76904,0,33
2012-07-22T00:00:00Z,1.51825,1.52013,1.51769,1.51908,3114,0,200
2012-07-23T00:00:00Z,1.51909,1.53958,1.51908,1.5368300000000001,89523,0,60
2012-07-24T00:00:00Z,1.53682,1.54172,1.5277500000000002,1.5412599999999999,88767,0,60
2012-07-25T00:00:00Z,1.54125,1.5441,1.53438,1.5353400000000001,90988,0,60
2012-07-26T00:00:00Z,1.5353599999999998,1.53853,1.52928,1.53403,88162,0,60
2012-07-27T00:00:00Z,1.53404,1.53526,1.51769,1.51978,88647,0,60
2012-07-29T00:00:00Z,1.5182600000000002,1.52016,1.5169899999999998,1.51894,2220,0,56
2012-07-30T00:00:00Z,1.5189599999999999,1.5220099999999999,1.51136,1.51433,77111,0,60
2012-07-31T00:00:00Z,1.51441,1.5213100000000002,1.51221,1.51935,80025,0,60
2012-08-01T00:00:00Z,1.51933,1.51967,1.51038,1.51254,83542,0,21
2012-08-02T00:00:00Z,1.51253,1.51696,1.49921,1.50378,93261,0,60
2012-08-03T00:00:00Z,1.50377,1.5124499999999999,1.49631,1.51122,82206,0,18
2012-08-05T00:00:00Z,1.51309,1.51337,1.51132,1.5129899999999998,2471,0,49
2012-08-06T00:00:00Z,1.51301,1.51946,1.50777,1.51022,77622,0,60
2012-08-07T00:00:00Z,1.51021,1.5217800000000001,1.50769,1.5188000000000001,77568,0,60
2012-08-08T00:00:00Z,1.51881,1.52562,1.51323,1.52245,78565,0,60
2012-08-09T00:00:00Z,1.5224600000000001,1.5236100000000001,1.51253,1.51513,81192,0,60
2012-08-10T00:00:00Z,1.51512,1.51952,1.5087899999999999,1.50987,71953,0,60
2012-08-12T00:00:00Z,1.51262,1.51288,1.51106,1.5116100000000001,1950,0,34
2012-08-13T00:00:00Z,1.5116,1.52798,1.51145,1.52162,67415,0,60
2012-08-14T00:00:00Z,1.52164,1.53113,1.52082,1.52979,74511,0,60
2012-08-15T00:00:00Z,1.52977,1.53334,1.52019,1.52145,71251,0,60
2012-08-16T00:00:00Z,1.5214699999999999,1.5276100000000001,1.51858,1.5223200000000001,74896,0,60
2012-08-17T00:00:00Z,1.52231,1.53156,1.52041,1.52583,70606,0,60
2012-08-19T00:00:00Z,1.52805,1.52918,1.5265,1.52918,2199,0,47
2012-08-20T00:00:00Z,1.5292,1.5292599999999998,1.52121,1.5251000000000001,68049,0,60
2012-08-21T00:00:00Z,1.52508,1.53856,1.5209899999999998,1.53809,70510,0,60
2012-08-22T00:00:00Z,1.5381200000000002,1.5433599999999998,1.5365199999999999,1.53928,80547,0,60
2012-08-23T00:00:00Z,1.5392700000000001,1.54617,1.53151,1.5455100000000002,81436,0,60
2012-08-24T00:00:00Z,1.5455,1.5480399999999999,1.53956,1.54077,71786,0,60
2012-08-26T00:00:00Z,1.54026,1.54196,1.53902,1.5417100000000001,1700,0,39
2012-08-27T00:00:00Z,1.54172,1.54696,1.54112,1.54529,53463,0,60
2012-08-28T00:00:00Z,1.5453000000000001,1.5629,1.54268,1.56154,66686,0,60
2012-08-29T00:00:00Z,1.5615299999999999,1.5669300000000002,1.55806,1.56281,63763,0,60
2012-08-30T00:00:00Z,1.5627900000000001,1.57036,1.56117,1.5657999999999999,65587,0,60
2012-08-31T00:00:00Z,1.56582,1.57349,1.5626600000000002,1.56394,74527,0,60
2012-09-02T00:00:00Z,1.57094,1.57094,1.5689600000000001,1.57005,1837,0,35
2012-09-03T00:00:00Z,1.57004,1.5798,1.5682800000000001,1.57603,63078,0,60
2012-09-04T00:00:00Z,1.5760399999999999,1.5877400000000002,1.5746799999999999,1.58064,75374,0,60
2012-09-05T00:00:00Z,1.58063,1.5901100000000001,1.57515,1.58359,80582,0,60
2012-09-06T00:00:00Z,1.58361,1.58744,1.57199,1.57603,80413,0,60
2012-09-07T00:00:00Z,1.57605,1.5829,1.5721500000000002,1.57668,77739,0,60
2012-09-09T00:00:00Z,1.58022,1.58029,1.5772599999999999,1.57751,2671,0,46
2012-09-10T00:00:00Z,1.57749,1.5802,1.57184,1.57515,66981,0,60
2012-09-11T00:00:00Z,1.57516,1.5798999999999999,1.5664099999999999,1.5709,75799,0,60
2012-09-12T00:00:00Z,1.57091,1.57584,1.5636999999999999,1.5707900000000001,81544,0,60
2012-09-13T00:00:00Z,1.5707499999999999,1.5750600000000001,1.55994,1.5630600000000001,81345,0,60
2012-09-14T00:00:00Z,1.56305,1.58513,1.55695,1.5825900000000002,84377,0,60
2012-09-16T00:00:00Z,1.5806900000000002,1.5816400000000002,1.57998,1.58077,2879,0,73
2012-09-17T00:00:00Z,1.58079,1.58969,1.5776599999999998,1.58518,69984,0,60
2012-09-18T00:00:00Z,1.58514,1.58836,1.5743399999999999,1.57614,73685,0,60
2012-09-19T00:00:00Z,1.57616,1.58026,1.57038,1.57152,70730,0,60
2012-09-20T00:00:00Z,1.5715599999999998,1.57908,1.5625900000000001,1.5638,78263,0,60
2012-09-21T00:00:00Z,1.5638100000000001,1.5674700000000001,1.55673,1.5645099999999998,73109,0,60
2012-09-23T00:00:00Z,1.56358,1.56529,1.56301,1.56504,1998,0,150
2012-09-24T00:00:00Z,1.56505,1.57717,1.565,1.57284,67625,0,60
2012-09-25T00:00:00Z,1.57281,1.57439,1.56273,1.5714299999999999,80023,0,60
2012-09-26T00:00:00Z,1.57144,1.57433,1.55861,1.56033,79972,0,60
2012-09-27T00:00:00Z,1.56032,1.5612300000000001,1.54684,1.5527199999999999,84941,0,60
2012-09-28T00:00:00Z,1.55273,1.55617,1.5461,1.54802,82085,0,60
2012-09-30T00:00:00Z,1.54942,1.5501800000000001,1.5488300000000002,1.549,2517,0,150
2012-10-01T00:00:00Z,1.5490300000000001,1.55761,1.54584,1.55602,75974,0,60
2012-10-02T00:00:00Z,1.5560100000000001,1.56383,1.55031,1.5626,80467,0,60
2012-10-03T00:00:00Z,1.5625900000000001,1.57718,1.5615299999999999,1.57248,76740,0,60
2012-10-04T00:00:00Z,1.5724900000000002,1.5890499999999999,1.57116,1.5833599999999999,79368,0,60
2012-10-05T00:00:00Z,1.58332,1.5958700000000001,1.5737700000000001,1.5924800000000001,72062,0,60
2012-10-07T00:00:00Z,1.59253,1.59257,1.59094,1.59125,1982,0,150
2012-10-08T00:00:00Z,1.59123,1.59204,1.57714,1.58224,76062,0,60
2012-10-09T00:00:00Z,1.5822500000000002,1.5822500000000002,1.5715,1.57504,77312,0,60
2012-10-10T00:00:00Z,1.5750199999999999,1.58088,1.5699,1.57298,78730,0,60
2012-10-11T00:00:00Z,1.5729899999999999,1.58312,1.57085,1.58174,66428,0,60
2012-10-12T00:00:00Z,1.58176,1.58648,1.57599,1.583,60319,0,60
2012-10-14T00:00:00Z,1.58433,1.58804,1.5833,1.58775,2081,0,150
2012-10-15T00:00:00Z,1.58778,1.59084,1.57856,1.58761,61434,0,60
2012-10-16T00:00:00Z,1.5876000000000001,1.6055000000000001,1.58521,1.60412,66381,0,60
2012-10-17T00:00:00Z,1.60411,1.60547,1.5947900000000002,1.59589,67243,0,60
2012-10-18T00:00:00Z,1.59591,1.59863,1.5922800000000001,1.59402,67666,0,60
2012-10-19T00:00:00Z,1.59401,1.5972499999999998,1.59024,1.5954700000000002,59782,0,60
2012-10-21T00:00:00Z,1.59588,1.59756,1.5945399999999998,1.59654,2162,0,64
2012-10-22T00:00:00Z,1.59652,1.59955,1.59263,1.59676,60705,0,60
2012-10-23T00:00:00Z,1.59677,1.6007,1.5943800000000001,1.59849,64796,0,60
2012-10-24T00:00:00Z,1.59848,1.59992,1.57892,1.5797400000000001,69028,0,60
2012-10-25T00:00:00Z,1.57977,1.5838299999999998,1.57314,1.57863,60116,0,60
2012-10-26T00:00:00Z,1.5786,1.58283,1.5686900000000001,1.5717400000000001,36776,0,22
2012-10-28T00:00:00Z,1.5734,1.57476,1.573,1.5736599999999998,449,0,46
2012-10-29T00:00:00Z,1.5737299999999999,1.57645,1.56843,1.5738400000000001,18816,0,23
2012-10-30T00:00:00Z,1.57382,1.5814599999999999,1.56997,1.5766,19293,0,30
2012-10-31T00:00:00Z,1.57657,1.5833,1.57437,1.57614,60402,0,24
2012-11-01T00:00:00Z,1.57612,1.57715,1.56233,1.5630899999999999,79917,0,60
2012-11-02T00:00:00Z,1.56308,1.5649600000000001,1.5504099999999998,1.5545200000000001,76690,0,8
2012-11-04T00:00:00Z,1.55447,1.5553,1.55356,1.55451,2407,0,45
2012-11-05T00:00:00Z,1.55454,1.5560100000000001,1.54741,1.54773,81703,0,60
2012-11-06T00:00:00Z,1.54772,1.54963,1.54321,1.54692,85645,0,8
2012-11-07T00:00:00Z,1.5469300000000001,1.56077,1.53881,1.55573,105892,0,60
2012-11-08T00:00:00Z,1.55572,1.56635,1.55449,1.56599,94773,0,60
2012-11-09T00:00:00Z,1.5659800000000001,1.5663200000000002,1.55695,1.56002,90450,0,60
2012-11-11T00:00:00Z,1.56021,1.56193,1.55924,1.56021,2673,0,28
2012-11-12T00:00:00Z,1.5602200000000002,1.5608,1.55225,1.55286,75149,0,60
2012-11-13T00:00:00Z,1.55287,1.55727,1.54676,1.55583,92547,0,12
2012-11-14T00:00:00Z,1.55584,1.57344,1.55467,1.56978,95377,0,60
2012-11-15T00:00:00Z,1.5697999999999999,1.58041,1.56701,1.57607,90997,0,60
2012-11-16T00:00:00Z,1.5760800000000001,1.57771,1.56665,1.56714,82701,0,60
2012-11-18T00:00:00Z,1.56673,1.56807,1.56554,1.56799,3200,0,26
2012-11-19T00:00:00Z,1.56798,1.57019,1.55892,1.55908,83846,0,33
2012-11-20T00:00:00Z,1.55907,1.57261,1.55774,1.5676999999999999,82855,0,60
2012-11-21T00:00:00Z,1.56769,1.5798100000000002,1.5653000000000001,1.57584,90496,0,17
2012-11-22T00:00:00Z,1.57585,1.5815000000000001,1.5722,1.57735,77202,0,60
2012-11-23T00:00:00Z,1.57734,1.57951,1.57206,1.57386,74147,0,60
2012-11-25T00:00:00Z,1.5741100000000001,1.57446,1.572,1.57365,2397,0,8
2012-11-26T00:00:00Z,1.57368,1.57942,1.57131,1.57828,81286,0,33
2012-11-27T00:00:00Z,1.57829,1.5793599999999999,1.57184,1.5759400000000001,88917,0,8
2012-11-28T00:00:00Z,1.57595,1.57661,1.56829,1.57085,90598,0,60
2012-11-29T00:00:00Z,1.57083,1.57966,1.5676299999999999,1.5759400000000001,68265,0,27
2012-11-30T00:00:00Z,1.57593,1.5882100000000001,1.57504,1.5817299999999999,82891,0,10
2012-12-02T00:00:00Z,1.5843,1.58619,1.58346,1.58548,2240,0,32
2012-12-03T00:00:00Z,1.58549,1.59181,1.58495,1.5894599999999999,78875,0,60
2012-12-04T00:00:00Z,1.58947,1.5899999999999999,1.58358,1.58757,80956,0,17
2012-12-05T00:00:00Z,1.58758,1.5901100000000001,1.5747,1.57591,68348,0,28
2012-12-06T00:00:00Z,1.5758999999999999,1.57618,1.5549300000000001,1.5578400000000001,84942,0,10
2012-12-07T00:00:00Z,1.55781,1.55907,1.54775,1.55167,71749,0,48
2012-12-09T00:00:00Z,1.54809,1.54891,1.5465900000000001,1.5476,2588,0,10
2012-12-10T00:00:00Z,1.5476100000000002,1.5513400000000002,1.54616,1.54977,73594,0,32
2012-12-11T00:00:00Z,1.5497800000000002,1.55248,1.5453299999999999,1.54912,78270,0,60
2012-12-12T00:00:00Z,1.54913,1.55185,1.54577,1.54952,79424,0,29
2012-12-13T00:00:00Z,1.5495100000000002,1.5520100000000001,1.5442399999999998,1.5495700000000001,79089,0,34
2012-12-14T00:00:00Z,1.54958,1.55769,1.5491899999999998,1.5542799999999999,80554,0,30
2012-12-16T00:00:00Z,1.55538,1.55745,1.55373,1.55603,3679,0,39
2012-12-17T00:00:00Z,1.5560399999999999,1.56156,1.5536699999999999,1.55774,78807,0,22
2012-12-18T00:00:00Z,1.55772,1.57415,1.55718,1.5735999999999999,80046,0,16
2012-12-19T00:00:00Z,1.57363,1.59124,1.57313,1.58135,92084,0,60
2012-12-20T00:00:00Z,1.5813899999999999,1.59311,1.5790899999999999,1.58622,85411,0,16
2012-12-21T00:00:00Z,1.58624,1.6056300000000001,1.58541,1.60094,86223,0,60
2012-12-23T00:00:00Z,1.59848,1.60054,1.59741,1.60031,3055,0,15
2012-12-24T00:00:00Z,1.60032,1.60833,1.60011,1.6036299999999999,49603,0,10
2012-12-26T00:00:00Z,1.6042999999999998,1.6218,1.6036299999999999,1.61319,54036,0,60
2012-12-27T00:00:00Z,1.61322,1.62167,1.60904,1.6125699999999998,84264,0,60
2012-12-28T00:00:00Z,1.61258,1.61589,1.60148,1.61091,71041,0,60
2012-12-30T00:00:00Z,1.60926,1.61016,1.60535,1.6061299999999998,2540,0,89
2012-12-31T00:00:00Z,1.60622,1.6095000000000002,1.5939999999999999,1.59681,52632,0,60
2013-01-01T00:00:00Z,1.59475,1.59864,1.59302,1.5957,2330,0,50
2013-01-02T00:00:00Z,1.59573,1.5960800000000002,1.57894,1.5808499999999999,91602,0,50
2013-01-03T00:00:00Z,1.58084,1.5835,1.56893,1.5754000000000001,85062,0,60
2013-01-04T00:00:00Z,1.57538,1.58404,1.56986,1.5704099999999999,84522,0,60
2013-01-06T00:00:00Z,1.57057,1.5720100000000001,1.56982,1.57049,2908,0,78
2013-01-07T00:00:00Z,1.57047,1.57336,1.55812,1.56635,83824,0,60
2013-01-08T00:00:00Z,1.56639,1.57119,1.56021,1.56087,89082,0,60
2013-01-09T00:00:00Z,1.5609,1.56254,1.55111,1.5551,88054,0,60
2013-01-10T00:00:00Z,1.55512,1.57191,1.5504799999999999,1.57185,93075,0,60
2013-01-11T00:00:00Z,1.5718299999999998,1.5958299999999999,1.57024,1.59417,85080,0,40
2013-01-13T00:00:00Z,1.59706,1.59715,1.59463,1.5955300000000001,2489,0,30
2013-01-14T00:00:00Z,1.59552,1.5965799999999999,1.58362,1.58757,89612,0,60
2013-01-15T00:00:00Z,1.58755,1.5925500000000001,1.57948,1.57972,100923,0,52
2013-01-16T00:00:00Z,1.57971,1.58658,1.57758,1.58115,96046,0,38
2013-01-17T00:00:00Z,1.5811600000000001,1.60345,1.57715,1.59693,99317,0,60
2013-01-18T00:00:00Z,1.5969600000000002,1.60331,1.58913,1.58987,89317,0,30
2013-01-20T00:00:00Z,1.59141,1.5919699999999999,1.5905399999999998,1.59188,1894,0,57
2013-01-21T00:00:00Z,1.59181,1.59559,1.58974,1.59152,71859,0,40
2013-01-22T00:00:00Z,1.5915300000000001,1.59192,1.57701,1.5819999999999999,95454,0,45
2013-01-23T00:00:00Z,1.58199,1.58537,1.57476,1.57829,91452,0,35
2013-01-24T00:00:00Z,1.5783,1.59825,1.5755400000000002,1.59744,94300,0,30
2013-01-25T00:00:00Z,1.59745,1.61068,1.59473,1.60648,90351,0,42
2013-01-27T00:00:00Z,1.6105399999999999,1.61125,1.60934,1.6103399999999999,2826,0,33
2013-01-28T00:00:00Z,1.61033,1.62358,1.60703,1.61139,89714,0,38
2013-01-29T00:00:00Z,1.6114000000000002,1.6126200000000002,1.60415,1.6083699999999999,92406,0,60
2013-01-30T00:00:00Z,1.60839,1.6356000000000002,1.608,1.62233,97475,0,60
2013-01-31T00:00:00Z,1.62234,1.62557,1.6118000000000001,1.62011,97676,0,60
2013-02-01T00:00:00Z,1.6200999999999999,1.62764,1.6068,1.61259,96940,0,37
2013-02-03T00:00:00Z,1.6117,1.6147399999999998,1.6104699999999998,1.61212,2441,0,43
2013-02-04T00:00:00Z,1.6120999999999999,1.61405,1.5972,1.60182,92341,0,56
2013-02-05T00:00:00Z,1.60181,1.61172,1.59674,1.60474,95477,0,60
2013-02-06T00:00:00Z,1.60476,1.6146500000000001,1.59943,1.61224,97728,0,56
2013-02-07T00:00:00Z,1.6122,1.6249500000000001,1.6038700000000001,1.60507,100554,0,60
2013-02-08T00:00:00Z,1.60508,1.6072600000000001,1.5948099999999998,1.59742,84112,0,30
2013-02-10T00:00:00Z,1.59842,1.59973,1.5977000000000001,1.5992,2907,0,52
2013-02-11T00:00:00Z,1.59918,1.61063,1.59803,1.6026500000000001,83789,0,48
2013-02-12T00:00:00Z,1.6026,1.6133199999999999,1.59403,1.5993300000000001,91230,0,36
2013-02-13T00:00:00Z,1.5993,1.60815,1.5881699999999999,1.58883,89178,0,36
2013-02-14T00:00:00Z,1.5888499999999999,1.5888499999999999,1.56409,1.56826,92623,0,30
2013-02-15T00:00:00Z,1.5682399999999999,1.5828600000000002,1.56399,1.57944,74654,0,30
2013-02-17T00:00:00Z,1.58201,1.58304,1.57622,1.5765,2725,0,30
2013-02-18T00:00:00Z,1.5765099999999999,1.58583,1.57626,1.57774,65331,0,35
2013-02-19T00:00:00Z,1.5777299999999999,1.587,1.57571,1.58208,74470,0,43
2013-02-20T00:00:00Z,1.5820699999999999,1.60215,1.58168,1.58972,88156,0,48
2013-02-21T00:00:00Z,1.58969,1.59212,1.5752899999999999,1.5790899999999999,88197,0,30
2013-02-22T00:00:00Z,1.57908,1.5818699999999999,1.56843,1.57268,72106,0,48
2013-02-24T00:00:00Z,1.57722,1.5778400000000001,1.57566,1.57566,2508,0,44
2013-02-25T00:00:00Z,1.57569,1.5850300000000002,1.55878,1.5677699999999999,95528,0,48
2013-02-26T00:00:00Z,1.56778,1.58838,1.5630600000000001,1.5808200000000001,99926,0,48
2013-02-27T00:00:00Z,1.5808499999999999,1.59286,1.57905,1.59164,98810,0,48
2013-02-28T00:00:00Z,1.59159,1.59159,1.57559,1.5834000000000001,85611,0,48
2013-03-01T00:00:00Z,1.58337,1.5836700000000001,1.57287,1.5764,83730,0,33
2013-03-03T00:00:00Z,1.58045,1.58108,1.5790199999999999,1.5795400000000002,448,0,32
2013-03-04T00:00:00Z,1.5790600000000001,1.58803,1.57202,1.5742500000000001,11808,0,16
2013-03-05T00:00:00Z,1.57429,1.57833,1.56572,1.56711,12889,0,30
2013-03-06T00:00:00Z,1.56717,1.57073,1.55964,1.56821,23794,0,8
2013-03-07T00:00:00Z,1.5681699999999998,1.58602,1.56694,1.58236,40309,0,6
2013-03-08T00:00:00Z,1.58236,1.5874000000000001,1.57205,1.58107,32161,0,5
2013-03-10T00:00:00Z,1.58404,1.5847,1.5816599999999998,1.58264,1382,0,10
2013-03-11T00:00:00Z,1.58264,1.5877400000000002,1.5737700000000001,1.57851,32340,0,9
2013-03-12T00:00:00Z,1.57849,1.58335,1.57519,1.5796999999999999,37413,0,6
2013-03-13T00:00:00Z,1.57973,1.5869900000000001,1.56563,1.58351,46242,0,4
2013-03-14T00:00:00Z,1.58351,1.58786,1.57647,1.58407,53225,0,5
2013-03-15T00:00:00Z,1.58407,1.59165,1.5775299999999999,1.57996,39966,0,1
2013-03-17T00:00:00Z,1.56719,1.57033,1.56654,1.56708,1817,0,20
2013-03-18T00:00:00Z,1.56698,1.57446,1.5627900000000001,1.5667499999999999,47117,0,7
2013-03-19T00:00:00Z,1.56674,1.57302,1.55842,1.56182,55775,0,5
2013-03-20T00:00:00Z,1.56179,1.5770499999999998,1.56175,1.5661,53397,0,2
2013-03-21T00:00:00Z,1.5661,1.56758,1.54547,1.55061,53870,0,3
2013-03-22T00:00:00Z,1.5506600000000001,1.5613700000000001,1.54695,1.5535700000000001,43925,0,5
2013-03-24T00:00:00Z,1.5529899999999999,1.56067,1.55202,1.55786,2490,0,12
2013-03-25T00:00:00Z,1.55786,1.5626600000000002,1.53633,1.53998,54496,0,5
2013-03-26T00:00:00Z,1.53991,1.54277,1.53091,1.53307,47551,0,5
2013-03-27T00:00:00Z,1.53329,1.53436,1.5244499999999999,1.52546,46147,0,1
2013-03-28T00:00:00Z,1.52548,1.5359,1.52275,1.52989,45561,0,2
2013-03-29T00:00:00Z,1.52986,1.5342099999999999,1.52787,1.53047,24609,0,19
2013-03-31T00:00:00Z,1.5317699999999999,1.53187,1.52962,1.5314,452,0,38
2013-04-01T00:00:00Z,1.53124,1.5375299999999998,1.52793,1.53199,21694,0,10
2013-04-02T00:00:00Z,1.532,1.53532,1.5189599999999999,1.52366,38922,0,6
2013-04-03T00:00:00Z,1.52358,1.5268899999999999,1.5179,1.52602,38140,0,7
2013-04-04T00:00:00Z,1.5259399999999999,1.5391599999999999,1.51938,1.53467,49143,0,6
2013-04-05T00:00:00Z,1.53467,1.55198,1.53338,1.53987,44149,0,5
2013-04-07T00:00:00Z,1.5435699999999999,1.54589,1.5434999999999999,1.54577,1702,0,18
2013-04-08T00:00:00Z,1.54577,1.54607,1.5358399999999999,1.53789,42394,0,8
2013-04-09T00:00:00Z,1.53793,1.54186,1.53257,1.5345499999999999,46900,0,7
2013-04-10T00:00:00Z,1.5344600000000002,1.53566,1.52034,1.5220099999999999,41464,0,12
2013-04-11T00:00:00Z,1.52197,1.52315,1.50799,1.5190299999999999,44560,0,11
2013-04-12T00:00:00Z,1.51899,1.53139,1.5168300000000001,1.52606,40218,0,11
2013-04-14T00:00:00Z,1.52765,1.52824,1.5261200000000001,1.5276100000000001,956,0,42
2013-04-15T00:00:00Z,1.52759,1.55583,1.52684,1.54742,58484,0,7
2013-04-16T00:00:00Z,1.5474299999999999,1.55613,1.5403799999999999,1.55037,56423,0,10
2013-04-17T00:00:00Z,1.55019,1.55765,1.5407199999999999,1.54333,50967,0,9
2013-04-18T00:00:00Z,1.5433400000000002,1.55434,1.5408,1.5513,49733,0,12
2013-04-19T00:00:00Z,1.5513,1.55582,1.5405,1.54963,42194,0,12
2013-04-21T00:00:00Z,1.5549300000000001,1.55514,1.55203,1.55313,839,0,32
2013-04-22T00:00:00Z,1.55324,1.55454,1.54398,1.55003,35785,0,9
2013-04-23T00:00:00Z,1.55004,1.56105,1.5366900000000001,1.54156,44640,0,7
2013-04-24T00:00:00Z,1.54157,1.54477,1.5309,1.5361799999999999,42104,0,8
2013-04-25T00:00:00Z,1.53617,1.53659,1.52353,1.528,40256,0,7
2013-04-26T00:00:00Z,1.52798,1.5376400000000001,1.52542,1.5354299999999999,40307,0,7
2013-04-28T00:00:00Z,1.53779,1.53803,1.53517,1.5352700000000001,1013,0,17
2013-04-29T00:00:00Z,1.53526,1.5359699999999998,1.52706,1.53235,39121,0,12
2013-04-30T00:00:00Z,1.5323799999999999,1.53865,1.52505,1.53701,40378,0,7
2013-05-01T00:00:00Z,1.537,1.55599,1.53365,1.54923,32852,0,6
2013-05-02T00:00:00Z,1.54923,1.55745,1.5356100000000001,1.53747,42152,0,5
2013-05-03T00:00:00Z,1.5375,1.54552,1.53076,1.53626,35267,0,6
2013-05-05T00:00:00Z,1.53524,1.53681,1.53515,1.53582,652,0,27
2013-05-06T00:00:00Z,1.53582,1.5423900000000001,1.5335299999999998,1.53529,26131,0,5
2013-05-07T00:00:00Z,1.5353400000000001,1.55506,1.53383,1.5470000000000002,37239,0,1
2013-05-08T00:00:00Z,1.5470000000000002,1.57166,1.54531,1.55485,42546,0,6
2013-05-09T00:00:00Z,1.55476,1.5605,1.54973,1.5504,44300,0,5
2013-05-10T00:00:00Z,1.5504099999999998,1.56928,1.54863,1.5642200000000002,45709,0,4
2013-05-12T00:00:00Z,1.56509,1.56516,1.5638800000000002,1.56421,929,0,20
2013-05-13T00:00:00Z,1.5643,1.5763,1.55973,1.57403,41843,0,3
2013-05-14T00:00:00Z,1.57403,1.5814,1.56585,1.57424,44272,0,1
2013-05-15T00:00:00Z,1.57423,1.57704,1.55986,1.56193,44275,0,1
2013-05-16T00:00:00Z,1.5619100000000001,1.58212,1.5577299999999998,1.57675,45810,0,1
2013-05-17T00:00:00Z,1.57675,1.59241,1.57575,1.59056,40275,0,1
2013-05-19T00:00:00Z,1.58501,1.5885500000000001,1.58466,1.58498,1888,0,19
2013-05-20T00:00:00Z,1.5846,1.5885500000000001,1.57454,1.57625,44795,0,5
2013-05-21T00:00:00Z,1.57623,1.5853000000000002,1.57017,1.58037,51304,0,4
2013-05-22T00:00:00Z,1.58036,1.5966399999999998,1.58,1.59494,62707,0,6
2013-05-23T00:00:00Z,1.59494,1.6042,1.58418,1.59345,79600,0,11
2013-05-24T00:00:00Z,1.59345,1.60524,1.59277,1.59414,68926,0,11
2013-05-26T00:00:00Z,1.59578,1.59947,1.59554,1.5985399999999998,2033,0,11
2013-05-27T00:00:00Z,1.59859,1.60382,1.59612,1.5994000000000002,36111,0,11
2013-05-28T00:00:00Z,1.59939,1.60056,1.58734,1.59084,69761,0,11
2013-05-29T00:00:00Z,1.59083,1.59981,1.58799,1.59977,75459,0,11
2013-05-30T00:00:00Z,1.59977,1.62047,1.59523,1.61036,77133,0,11
2013-05-31T00:00:00Z,1.61033,1.6361400000000001,1.60985,1.6332900000000001,71243,0,11
2013-06-02T00:00:00Z,1.63213,1.63333,1.6302400000000001,1.63123,1740,0,11
2013-06-03T00:00:00Z,1.63133,1.6367,1.61233,1.61388,73288,0,11
2013-06-04T00:00:00Z,1.61388,1.6393,1.61322,1.6305800000000001,74230,0,11
2013-06-05T00:00:00Z,1.6305800000000001,1.6514799999999998,1.62401,1.6411,81480,0,11
2013-06-06T00:00:00Z,1.64113,1.66132,1.64055,1.65743,93036,0,48
2013-06-07T00:00:00Z,1.6573099999999998,1.6806999999999999,1.65316,1.6724299999999999,96628,0,48
2013-06-09T00:00:00Z,1.68492,1.68574,1.68193,1.6848100000000001,1307,0,188
2013-06-10T00:00:00Z,1.68472,1.6853500000000001,1.66909,1.6772200000000002,78432,0,48
2013-06-11T00:00:00Z,1.67719,1.7107700000000001,1.67486,1.6894,97519,0,48
2013-06-12T00:00:00Z,1.68939,1.69059,1.65358,1.67608,86909,0,48
2013-06-13T00:00:00Z,1.67611,1.69096,1.6473499999999999,1.6504400000000001,94834,0,11
2013-06-14T00:00:00Z,1.65054,1.66014,1.63889,1.65491,65879,0,11
2013-06-16T00:00:00Z,1.6570399999999998,1.65843,1.65432,1.65694,1472,0,20
2013-06-17T00:00:00Z,1.6569500000000001,1.67384,1.64558,1.67118,56262,0,11
2013-06-18T00:00:00Z,1.67116,1.6825299999999999,1.66693,1.6745700000000001,71362,0,11
2013-06-19T00:00:00Z,1.6745700000000001,1.6942300000000001,1.66232,1.69041,69667,0,11
2013-06-20T00:00:00Z,1.6903299999999999,1.71124,1.68333,1.70394,95822,0,11
2013-06-21T00:00:00Z,1.70385,1.70543,1.68824,1.69083,79012,0,11
2013-06-23T00:00:00Z,1.68834,1.69001,1.68744,1.68756,1994,0,17
2013-06-24T00:00:00Z,1.68756,1.70384,1.6826400000000001,1.6915900000000001,87752,0,11
2013-06-25T00:00:00Z,1.6915900000000001,1.70073,1.6847400000000001,1.69013,82969,0,11
2013-06-26T00:00:00Z,1.69013,1.69443,1.6580300000000001,1.6702599999999999,80739,0,11
2013-06-27T00:00:00Z,1.6703000000000001,1.6762899999999998,1.6598600000000001,1.67085,83427,0,48
2013-06-28T00:00:00Z,1.67084,1.6884700000000001,1.66889,1.67824,87948,0,48
2013-06-30T00:00:00Z,1.68197,1.6828699999999999,1.6800899999999999,1.68214,1823,0,13
2013-07-01T00:00:00Z,1.68204,1.6844299999999999,1.66749,1.66964,60392,0,11
2013-07-02T00:00:00Z,1.66964,1.68164,1.66864,1.67355,69633,0,11
2013-07-03T00:00:00Z,1.67354,1.6824400000000002,1.6678600000000001,1.67362,78246,0,11
2013-07-04T00:00:00Z,1.6735799999999998,1.67361,1.64296,1.65064,67006,0,11
2013-07-05T00:00:00Z,1.6507399999999999,1.66882,1.6409,1.66384,65354,0,11
2013-07-07T00:00:00Z,1.6621000000000001,1.66354,1.6612900000000002,1.66236,1752,0,17
2013-07-08T00:00:00Z,1.66239,1.66405,1.64513,1.64824,55539,0,11
2013-07-09T00:00:00Z,1.64824,1.6551,1.62329,1.63133,68697,0,11
2013-07-10T00:00:00Z,1.63154,1.65956,1.62262,1.65723,79349,0,11
2013-07-11T00:00:00Z,1.65723,1.6797499999999999,1.64385,1.66886,91431,0,11
2013-07-12T00:00:00Z,1.6688399999999999,1.68053,1.65834,1.67682,65364,0,11
2013-07-14T00:00:00Z,1.6744599999999998,1.6758899999999999,1.67219,1.67351,1930,0,11
2013-07-15T00:00:00Z,1.67351,1.6817,1.6677,1.6751399999999999,62140,0,11
2013-07-16T00:00:00Z,1.6751399999999999,1.67534,1.66076,1.6682299999999999,69300,0,11
2013-07-17T00:00:00Z,1.6682299999999999,1.6761300000000001,1.65585,1.65964,74310,0,11
2013-07-18T00:00:00Z,1.6599599999999999,1.66842,1.65666,1.65924,66617,0,1
2013-07-19T00:00:00Z,1.65923,1.6623299999999999,1.64263,1.65583,58960,0,1
2013-07-21T00:00:00Z,1.66053,1.6620300000000001,1.65979,1.66044,1134,0,4
2013-07-22T00:00:00Z,1.66044,1.66717,1.6526999999999998,1.6533600000000002,60550,0,2
2013-07-23T00:00:00Z,1.65335,1.65944,1.64759,1.6521599999999999,60229,0,1
2013-07-24T00:00:00Z,1.6521599999999999,1.66855,1.64977,1.6545299999999998,68319,0,1
2013-07-25T00:00:00Z,1.65443,1.65698,1.63943,1.64643,75088,0,1
2013-07-26T00:00:00Z,1.64638,1.64738,1.63782,1.63782,57983,0,1
2013-07-28T00:00:00Z,1.64383,1.64453,1.6413,1.6423299999999998,909,0,19
2013-07-29T00:00:00Z,1.64237,1.6545299999999998,1.64083,1.6520899999999998,57249,0,2
2013-07-30T00:00:00Z,1.6521,1.66496,1.64998,1.6579199999999998,66157,0,1
2013-07-31T00:00:00Z,1.6579700000000002,1.67689,1.65743,1.6743299999999999,76427,0,1
2013-08-01T00:00:00Z,1.67423,1.68403,1.66013,1.6717300000000002,65157,0,1
2013-08-02T00:00:00Z,1.6717300000000002,1.69861,1.67052,1.69174,64520,0,1
2013-08-04T00:00:00Z,1.7093099999999999,1.71323,1.70583,1.71245,1517,0,7
2013-08-05T00:00:00Z,1.71243,1.71524,1.68604,1.68887,61980,0,1
2013-08-06T00:00:00Z,1.68892,1.69474,1.6800000000000002,1.6835900000000001,62996,0,1
2013-08-07T00:00:00Z,1.68353,1.68733,1.66642,1.67473,72391,0,1
2013-08-08T00:00:00Z,1.67463,1.67973,1.6642000000000001,1.6728399999999999,64939,0,1
2013-08-09T00:00:00Z,1.67276,1.6755499999999999,1.65531,1.65903,53359,0,1
2013-08-11T00:00:00Z,1.66096,1.66117,1.65933,1.65944,880,0,12
2013-08-12T00:00:00Z,1.65944,1.66723,1.65164,1.66582,59386,0,2
2013-08-13T00:00:00Z,1.66587,1.66903,1.65998,1.6606800000000002,70697,0,1
2013-08-14T00:00:00Z,1.6606800000000002,1.66593,1.64743,1.64896,63553,0,1
2013-08-15T00:00:00Z,1.64893,1.65545,1.64004,1.65368,75534,0,1
2013-08-16T00:00:00Z,1.65366,1.65733,1.63917,1.6437300000000001,65932,0,1
2013-08-18T00:00:00Z,1.64424,1.6444299999999998,1.64053,1.64053,1213,0,18
2013-08-19T00:00:00Z,1.6405699999999999,1.65504,1.63245,1.65195,59132,0,1
2013-08-20T00:00:00Z,1.65194,1.68925,1.65131,1.68537,75072,0,1
2013-08-21T00:00:00Z,1.68536,1.70323,1.68388,1.69847,76018,0,1
2013-08-22T00:00:00Z,1.69848,1.7081499999999998,1.69594,1.70323,75627,0,1
2013-08-23T00:00:00Z,1.70323,1.71984,1.70038,1.70918,64781,0,1
2013-08-25T00:00:00Z,1.71239,1.71655,1.7109299999999998,1.71437,1387,0,5
2013-08-26T00:00:00Z,1.71437,1.71746,1.69892,1.70321,44681,0,3
2013-08-27T00:00:00Z,1.70319,1.72244,1.70319,1.71883,67253,0,1
2013-08-28T00:00:00Z,1.71883,1.7276,1.70604,1.7069299999999998,72371,0,1
2013-08-29T00:00:00Z,1.7069299999999998,1.70973,1.6967400000000001,1.70553,66387,0,3
2013-08-30T00:00:00Z,1.70553,1.71153,1.6961300000000001,1.70873,57273,0,1
2013-09-01T00:00:00Z,1.70123,1.70617,1.69998,1.70103,1333,0,1
2013-09-02T00:00:00Z,1.7006999999999999,1.7014200000000002,1.68263,1.6879300000000002,45983,0,1
2013-09-03T00:00:00Z,1.68765,1.69337,1.68007,1.68712,59580,0,1
2013-09-04T00:00:00Z,1.6871800000000001,1.68953,1.66258,1.67235,56062,0,3
2013-09-05T00:00:00Z,1.6723400000000002,1.6804299999999999,1.65992,1.66263,52633,0,3
2013-09-06T00:00:00Z,1.66263,1.66374,1.63843,1.64621,40643,0,1
2013-09-08T00:00:00Z,1.64568,1.64806,1.6449500000000001,1.6480299999999999,1438,0,1
2013-09-09T00:00:00Z,1.64798,1.65646,1.64517,1.6538300000000001,46115,0,1
2013-09-10T00:00:00Z,1.6538300000000001,1.65428,1.6420599999999999,1.64673,51232,0,1
2013-09-11T00:00:00Z,1.6467100000000001,1.65143,1.63563,1.63703,53929,0,1
2013-09-12T00:00:00Z,1.63703,1.6409500000000001,1.6291799999999999,1.6357300000000001,55223,0,1
2013-09-13T00:00:00Z,1.6357,1.63899,1.6242299999999998,1.6334499999999998,48050,0,1
2013-09-15T00:00:00Z,1.62458,1.6310099999999998,1.62442,1.6300400000000002,1837,0,11
2013-09-16T00:00:00Z,1.6300400000000002,1.6347,1.6244800000000001,1.62991,49268,0,5
2013-09-17T00:00:00Z,1.6299000000000001,1.63387,1.61883,1.6215000000000002,44826,0,3
2013-09-18T00:00:00Z,1.62148,1.62633,1.61197,1.6138400000000002,55091,0,1
2013-09-19T00:00:00Z,1.6138400000000002,1.61937,1.60707,1.61355,63508,0,3
2013-09-20T00:00:00Z,1.61355,1.61868,1.61076,1.61491,46535,0,6
2013-09-22T00:00:00Z,1.6194199999999999,1.62061,1.61672,1.61712,752,0,3
2013-09-23T00:00:00Z,1.61706,1.62101,1.6092,1.6129099999999998,45588,0,1
2013-09-24T00:00:00Z,1.6129099999999998,1.63452,1.61234,1.63331,49485,0,1
2013-09-25T00:00:00Z,1.6332499999999999,1.6436199999999999,1.63111,1.64028,49547,0,1
2013-09-26T00:00:00Z,1.6403400000000001,1.6408800000000001,1.62481,1.62621,47560,0,1
2013-09-27T00:00:00Z,1.6262400000000001,1.64175,1.6219999999999999,1.63082,45677,0,2
2013-09-29T00:00:00Z,1.6303100000000001,1.63531,1.63015,1.63373,1453,0,8
2013-09-30T00:00:00Z,1.63384,1.6350799999999999,1.6238700000000001,1.6311900000000001,47437,0,1
2013-10-01T00:00:00Z,1.6313,1.64108,1.6277599999999999,1.63371,54207,0,2
2013-10-02T00:00:00Z,1.63371,1.6515300000000002,1.6278299999999999,1.6343100000000002,56761,0,1
2013-10-03T00:00:00Z,1.6343100000000002,1.64625,1.63001,1.64141,52140,0,1
2013-10-04T00:00:00Z,1.64141,1.6451099999999999,1.6257700000000002,1.62971,45202,0,1
2013-10-06T00:00:00Z,1.62991,1.63326,1.62941,1.63235,1432,0,7
2013-10-07T00:00:00Z,1.63253,1.64249,1.62854,1.6366100000000001,43455,0,1
2013-10-08T00:00:00Z,1.6366100000000001,1.64049,1.62858,1.63361,50143,0,1
2013-10-09T00:00:00Z,1.6336,1.63994,1.6232,1.6287500000000001,54153,0,1
2013-10-10T00:00:00Z,1.62881,1.6406399999999999,1.62713,1.63461,53234,0,1
2013-10-11T00:00:00Z,1.63461,1.63561,1.62286,1.6264699999999999,46827,0,1
2013-10-13T00:00:00Z,1.62991,1.63056,1.6271200000000001,1.62981,1280,0,19
2013-10-14T00:00:00Z,1.6297899999999998,1.6313900000000001,1.6186099999999999,1.62325,38797,0,3
2013-10-15T00:00:00Z,1.62325,1.62341,1.60687,1.61335,53621,0,4
2013-10-16T00:00:00Z,1.6133600000000001,1.61503,1.60171,1.60591,52725,0,5
2013-10-17T00:00:00Z,1.60581,1.6164100000000001,1.60273,1.61563,58254,0,2
2013-10-18T00:00:00Z,1.61566,1.61722,1.60639,1.6088200000000001,44650,0,2
2013-10-20T00:00:00Z,1.61211,1.6121400000000001,1.60941,1.61001,1221,0,1
2013-10-21T00:00:00Z,1.6097000000000001,1.61955,1.60809,1.61762,40723,0,1
2013-10-22T00:00:00Z,1.61764,1.62239,1.61191,1.6186099999999999,46544,0,3
2013-10-23T00:00:00Z,1.6186099999999999,1.64665,1.6173899999999999,1.6362100000000002,60683,0,1
2013-10-24T00:00:00Z,1.6362100000000002,1.6587100000000001,1.63255,1.65491,56030,0,1
2013-10-25T00:00:00Z,1.65481,1.66828,1.6544400000000001,1.66595,50712,0,1
2013-10-27T00:00:00Z,1.66669,1.66711,1.66372,1.6642299999999999,1026,0,1
2013-10-28T00:00:00Z,1.6642299999999999,1.66554,1.65716,1.66168,45140,0,1
2013-10-29T00:00:00Z,1.66168,1.67122,1.66127,1.66489,57792,0,3
2013-10-30T00:00:00Z,1.66491,1.67276,1.65872,1.66304,53880,0,1
2013-10-31T00:00:00Z,1.66322,1.66521,1.6414499999999999,1.64347,60835,0,2
2013-11-01T00:00:00Z,1.64345,1.64458,1.62991,1.6305100000000001,48786,0,1
2013-11-03T00:00:00Z,1.63369,1.6348500000000001,1.63156,1.63206,730,0,9
2013-11-04T00:00:00Z,1.63204,1.6329099999999999,1.62467,1.62954,30134,0,2
2013-11-05T00:00:00Z,1.62951,1.6347800000000001,1.6080100000000002,1.61103,47862,0,2
2013-11-06T00:00:00Z,1.61101,1.61476,1.6051600000000001,1.61401,38974,0,2
2013-11-07T00:00:00Z,1.61401,1.61864,1.5913,1.61181,56525,0,1
2013-11-08T00:00:00Z,1.61181,1.6225100000000001,1.60395,1.61761,51096,0,1
2013-11-10T00:00:00Z,1.61791,1.6190099999999998,1.61573,1.61852,1397,0,10
2013-11-11T00:00:00Z,1.6185100000000001,1.62874,1.61151,1.62341,36979,0,6
2013-11-12T00:00:00Z,1.6233499999999998,1.64324,1.62294,1.63606,54141,0,1
2013-11-13T00:00:00Z,1.63604,1.6387,1.62461,1.62655,51627,0,1
2013-11-14T00:00:00Z,1.62655,1.63161,1.61396,1.62531,53287,0,3
2013-11-15T00:00:00Z,1.62526,1.62666,1.6165500000000002,1.6174,39520,0,3
2013-11-17T00:00:00Z,1.61554,1.61754,1.6146500000000001,1.6153300000000002,1078,0,4
2013-11-18T00:00:00Z,1.6153300000000002,1.62361,1.6055899999999999,1.62341,44589,0,1
2013-11-19T00:00:00Z,1.62341,1.62584,1.6162100000000001,1.61939,46646,0,9
2013-11-20T00:00:00Z,1.61943,1.63132,1.61663,1.62428,48798,0,5
2013-11-21T00:00:00Z,1.62432,1.64577,1.62305,1.63773,51845,0,6
2013-11-22T00:00:00Z,1.6377199999999998,1.66367,1.6348099999999999,1.65124,42854,0,1
2013-11-24T00:00:00Z,1.6557300000000001,1.6559,1.65361,1.6537899999999999,1107,0,2
2013-11-25T00:00:00Z,1.65384,1.65422,1.64215,1.64254,35311,0,1
2013-11-26T00:00:00Z,1.6427100000000001,1.65953,1.63796,1.65604,36790,0,1
2013-11-27T00:00:00Z,1.6560700000000002,1.6733099999999999,1.65427,1.66478,41526,0,1
2013-11-28T00:00:00Z,1.66479,1.6781199999999998,1.65971,1.6764999999999999,34750,0,5
2013-11-29T00:00:00Z,1.67644,1.68423,1.66567,1.67081,38895,0,7
2013-12-01T00:00:00Z,1.6644299999999999,1.6661299999999999,1.6633900000000001,1.66406,967,0,17
2013-12-02T00:00:00Z,1.66406,1.6679599999999999,1.6488,1.65296,42178,0,1
2013-12-03T00:00:00Z,1.65308,1.65934,1.64432,1.64961,46933,0,1
2013-12-04T00:00:00Z,1.64961,1.66347,1.64797,1.65491,52192,0,3
2013-12-05T00:00:00Z,1.65481,1.67208,1.6529,1.6630099999999999,50304,0,2
2013-12-06T00:00:00Z,1.66303,1.67465,1.65116,1.6544400000000001,44351,0,5
2013-12-08T00:00:00Z,1.65375,1.65402,1.6524,1.65358,1591,0,1
2013-12-09T00:00:00Z,1.6536499999999998,1.66147,1.6471200000000001,1.65913,39805,0,7
2013-12-10T00:00:00Z,1.65913,1.6620599999999999,1.6516899999999999,1.6564100000000002,41538,0,1
2013-12-11T00:00:00Z,1.6564100000000002,1.6797900000000001,1.6559300000000001,1.66591,44799,0,2
2013-12-12T00:00:00Z,1.66591,1.67774,1.6556,1.6728399999999999,46045,0,4
2013-12-13T00:00:00Z,1.67301,1.67333,1.65957,1.6601,35904,0,1
2013-12-15T00:00:00Z,1.66201,1.6629399999999999,1.66113,1.6626400000000001,715,0,8
2013-12-16T00:00:00Z,1.6626400000000001,1.67178,1.6587399999999999,1.66494,36655,0,3
2013-12-17T00:00:00Z,1.66499,1.66862,1.6603400000000001,1.6633,37874,0,5
2013-12-18T00:00:00Z,1.66302,1.6789,1.6560899999999998,1.66689,43948,0,1
2013-12-19T00:00:00Z,1.66693,1.6766100000000002,1.6642700000000001,1.6662400000000002,42951,0,8
2013-12-20T00:00:00Z,1.66623,1.67497,1.65971,1.66536,38744,0,1
2013-12-22T00:00:00Z,1.66509,1.6670099999999999,1.66502,1.66586,1060,0,3
2013-12-23T00:00:00Z,1.6657899999999999,1.6724999999999999,1.66451,1.6710099999999999,28788,0,1
2013-12-24T00:00:00Z,1.6710099999999999,1.67391,1.66771,1.66991,21077,0,6
2013-12-26T00:00:00Z,1.6752500000000001,1.67961,1.67416,1.67828,14007,0,3
2013-12-27T00:00:00Z,1.67832,1.69947,1.6761,1.68431,35622,0,2
2013-12-29T00:00:00Z,1.68853,1.6888100000000001,1.68575,1.6867100000000002,825,0,33
2013-12-30T00:00:00Z,1.68663,1.69241,1.6792,1.68038,34526,0,13
2013-12-31T00:00:00Z,1.68038,1.68178,1.67075,1.67347,26879,0,14
2014-01-01T00:00:00Z,1.6775,1.67915,1.6706400000000001,1.67667,2549,0,30
2014-01-02T00:00:00Z,1.67667,1.68303,1.65743,1.6691500000000001,56607,0,1
2014-01-03T00:00:00Z,1.66921,1.66984,1.63653,1.64161,41853,0,7
2014-01-05T00:00:00Z,1.64481,1.64524,1.6428500000000001,1.6445400000000001,1593,0,12
2014-01-06T00:00:00Z,1.64451,1.64871,1.63991,1.6442,44712,0,1
2014-01-07T00:00:00Z,1.64422,1.65022,1.6415199999999999,1.6444999999999999,45236,0,3
2014-01-08T00:00:00Z,1.6444800000000002,1.64676,1.63509,1.6425100000000001,47805,0,4
2014-01-09T00:00:00Z,1.64249,1.6512099999999998,1.63977,1.6501299999999999,45922,0,5
2014-01-10T00:00:00Z,1.6501299999999999,1.65757,1.64473,1.64544,41539,0,6
2014-01-12T00:00:00Z,1.64846,1.64881,1.64548,1.64654,875,0,8
2014-01-13T00:00:00Z,1.64648,1.64942,1.6272,1.6318000000000001,43422,0,1
2014-01-14T00:00:00Z,1.63185,1.63516,1.62201,1.63344,44341,0,1
2014-01-15T00:00:00Z,1.63349,1.6360000000000001,1.62618,1.63213,43133,0,1
2014-01-16T00:00:00Z,1.63208,1.64171,1.62734,1.63103,48165,0,5
2014-01-17T00:00:00Z,1.63095,1.6468,1.6287099999999999,1.63812,40345,0,2
2014-01-19T00:00:00Z,1.6397300000000001,1.64009,1.6375,1.6388500000000001,882,0,16
2014-01-20T00:00:00Z,1.63888,1.64968,1.62581,1.62921,34795,0,1
2014-01-21T00:00:00Z,1.6291600000000002,1.63279,1.62372,1.63109,39093,0,3
2014-01-22T00:00:00Z,1.63109,1.6343100000000002,1.6250900000000001,1.6307399999999999,42249,0,3
2014-01-23T00:00:00Z,1.63079,1.6532499999999999,1.63049,1.65202,52829,0,1
2014-01-24T00:00:00Z,1.65201,1.66878,1.6492900000000001,1.66441,47923,0,1
2014-01-26T00:00:00Z,1.6604,1.66374,1.66011,1.6623999999999999,1087,0,2
2014-01-27T00:00:00Z,1.66241,1.6687400000000001,1.65421,1.66286,43483,0,2
2014-01-28T00:00:00Z,1.6629399999999999,1.66307,1.64513,1.65179,41568,0,1
2014-01-29T00:00:00Z,1.65185,1.66981,1.64257,1.66358,48036,0,2
2014-01-30T00:00:00Z,1.6635900000000001,1.67238,1.65721,1.6573099999999998,50701,0,3
2014-01-31T00:00:00Z,1.6571500000000001,1.67474,1.65694,1.66601,47343,0,1
2014-02-02T00:00:00Z,1.6649,1.66689,1.66383,1.66451,1025,0,10
2014-02-03T00:00:00Z,1.66451,1.67599,1.66001,1.6750099999999999,46446,0,2
2014-02-04T00:00:00Z,1.67511,1.67866,1.63571,1.6436,49861,0,2
2014-02-05T00:00:00Z,1.6436,1.6529099999999999,1.64218,1.64521,53592,0,1
2014-02-06T00:00:00Z,1.64555,1.65483,1.6360999999999999,1.64845,51778,0,1
2014-02-07T00:00:00Z,1.6484299999999998,1.65484,1.63897,1.6427100000000001,47970,0,1
2014-02-09T00:00:00Z,1.64471,1.64561,1.64357,1.64459,972,0,10
2014-02-10T00:00:00Z,1.64459,1.65251,1.6432,1.6502,30295,0,9
2014-02-11T00:00:00Z,1.6502,1.6514199999999999,1.63585,1.64097,36884,0,2
2014-02-12T00:00:00Z,1.64092,1.64201,1.6253199999999999,1.63327,37166,0,4
2014-02-13T00:00:00Z,1.6332200000000001,1.64302,1.6304699999999999,1.63864,39493,0,1
2014-02-14T00:00:00Z,1.63869,1.6420400000000002,1.6327099999999999,1.63449,34631,0,2
2014-02-16T00:00:00Z,1.63741,1.6375899999999999,1.6344699999999999,1.6356199999999999,789,0,12
2014-02-17T00:00:00Z,1.6356600000000001,1.64081,1.63453,1.6383299999999998,27897,0,2
2014-02-18T00:00:00Z,1.6383299999999998,1.65855,1.63421,1.65842,41410,0,1
2014-02-19T00:00:00Z,1.65842,1.66198,1.64764,1.6592,39768,0,1
2014-02-20T00:00:00Z,1.65929,1.6673200000000001,1.6497899999999999,1.6521,42492,0,3
2014-02-21T00:00:00Z,1.65205,1.6617600000000001,1.64957,1.65801,31862,0,6
2014-02-23T00:00:00Z,1.65947,1.66037,1.6586699999999999,1.65926,681,0,20
2014-02-24T00:00:00Z,1.65926,1.66241,1.64659,1.64839,36605,0,1
2014-02-25T00:00:00Z,1.64839,1.65316,1.6458599999999999,1.65027,35076,0,4
2014-02-26T00:00:00Z,1.65027,1.6537199999999999,1.64458,1.64642,39263,0,4
2014-02-27T00:00:00Z,1.64642,1.64935,1.63114,1.63835,43874,0,2
2014-02-28T00:00:00Z,1.6383,1.64761,1.62766,1.64451,42812,0,1
2014-03-02T00:00:00Z,1.64892,1.64928,1.64616,1.64724,1419,0,7
2014-03-03T00:00:00Z,1.6472799999999999,1.6514600000000002,1.63992,1.6424699999999999,40217,0,5
2014-03-04T00:00:00Z,1.6424699999999999,1.64411,1.63552,1.63731,41335,0,2
2014-03-05T00:00:00Z,1.63731,1.6398000000000001,1.62867,1.6320700000000001,39677,0,2
2014-03-06T00:00:00Z,1.63206,1.63681,1.61923,1.63582,44255,0,5
2014-03-07T00:00:00Z,1.63582,1.6420400000000002,1.62999,1.63511,48147,0,4
2014-03-09T00:00:00Z,1.63828,1.63862,1.63631,1.63784,1160,0,6
2014-03-10T00:00:00Z,1.63789,1.64381,1.6366,1.63842,49814,0,2
2014-03-11T00:00:00Z,1.63838,1.63923,1.6296599999999999,1.6383100000000002,58083,0,2
2014-03-12T00:00:00Z,1.6383100000000002,1.64771,1.6303299999999998,1.63117,68464,0,1
2014-03-13T00:00:00Z,1.63117,1.63117,1.61923,1.62388,91888,0,1
2014-03-14T00:00:00Z,1.62382,1.63059,1.6200700000000001,1.62851,59520,0,4
2014-03-16T00:00:00Z,1.63089,1.63145,1.62921,1.62935,1769,0,20
2014-03-17T00:00:00Z,1.62935,1.63021,1.61807,1.6264699999999999,66894,0,1
2014-03-18T00:00:00Z,1.62645,1.62955,1.60859,1.61493,85356,0,1
2014-03-19T00:00:00Z,1.6150099999999998,1.62052,1.6108,1.6190600000000002,92826,0,1
2014-03-20T00:00:00Z,1.61902,1.6231200000000001,1.6120100000000002,1.6149900000000001,89106,0,1
2014-03-21T00:00:00Z,1.61497,1.6167799999999999,1.60867,1.61491,67459,0,4
2014-03-23T00:00:00Z,1.61537,1.61579,1.6146500000000001,1.61527,1900,0,17
2014-03-24T00:00:00Z,1.61529,1.62325,1.61109,1.61916,82812,0,1
2014-03-25T00:00:00Z,1.61822,1.61917,1.60724,1.61211,82831,0,2
2014-03-26T00:00:00Z,1.61213,1.6122100000000001,1.59992,1.6024500000000002,89706,0,2
2014-03-27T00:00:00Z,1.60243,1.60465,1.58281,1.58537,90575,0,1
2014-03-28T00:00:00Z,1.58554,1.58968,1.57652,1.58684,74973,0,5
2014-03-30T00:00:00Z,1.58838,1.5887099999999998,1.58621,1.5868799999999998,2556,0,17
2014-03-31T00:00:00Z,1.5868799999999998,1.5962100000000001,1.5844399999999998,1.58691,82818,0,1
2014-04-01T00:00:00Z,1.58691,1.60106,1.58476,1.6005,71849,0,1
2014-04-02T00:00:00Z,1.60056,1.6107200000000002,1.5993300000000001,1.60581,75771,0,3
2014-04-03T00:00:00Z,1.6058599999999998,1.6181100000000002,1.60412,1.60521,83268,0,1
2014-04-04T00:00:00Z,1.60521,1.60585,1.5895700000000001,1.5924800000000001,77794,0,3
2014-04-06T00:00:00Z,1.59544,1.59544,1.5933000000000002,1.59331,1326,0,1
2014-04-07T00:00:00Z,1.59328,1.60065,1.5902500000000002,1.5967099999999999,55569,0,3
2014-04-08T00:00:00Z,1.59667,1.59697,1.58551,1.59175,63446,0,1
2014-04-09T00:00:00Z,1.59168,1.5979,1.5835599999999999,1.58951,62932,0,1
2014-04-10T00:00:00Z,1.58949,1.6026500000000001,1.58372,1.6014,63215,0,2
2014-04-11T00:00:00Z,1.6013899999999999,1.61055,1.59551,1.5969600000000002,54638,0,2
2014-04-13T00:00:00Z,1.59505,1.59528,1.5935899999999998,1.59424,1882,0,9
2014-04-14T00:00:00Z,1.59424,1.60274,1.58924,1.59046,52535,0,4
2014-04-15T00:00:00Z,1.59046,1.6066099999999999,1.58965,1.60205,60108,0,1
2014-04-16T00:00:00Z,1.60208,1.61206,1.5998299999999999,1.60194,63068,0,3
2014-04-17T00:00:00Z,1.60198,1.61319,1.59896,1.61101,51314,0,2
2014-04-18T00:00:00Z,1.6109499999999999,1.61208,1.60773,1.60785,16508,0,3
2014-04-20T00:00:00Z,1.61164,1.61171,1.60569,1.60673,1751,0,17
2014-04-21T00:00:00Z,1.60671,1.61331,1.60662,1.60879,27704,0,9
2014-04-22T00:00:00Z,1.60879,1.60958,1.60195,1.60344,46225,0,2
2014-04-23T00:00:00Z,1.60343,1.61523,1.60087,1.60501,55528,0,3
2014-04-24T00:00:00Z,1.6050499999999999,1.61679,1.6000299999999998,1.61555,51894,0,7
2014-04-25T00:00:00Z,1.61547,1.61666,1.6097299999999999,1.6120100000000002,38790,0,11
2014-04-27T00:00:00Z,1.61304,1.6131799999999998,1.61229,1.61281,688,0,26
2014-04-28T00:00:00Z,1.61279,1.6250200000000001,1.61018,1.62191,50164,0,6
2014-04-29T00:00:00Z,1.62191,1.62846,1.6130900000000001,1.61441,51610,0,3
2014-04-30T00:00:00Z,1.61441,1.62015,1.60712,1.61026,60164,0,1
2014-05-01T00:00:00Z,1.61028,1.61263,1.6045,1.60621,37846,0,6
2014-05-02T00:00:00Z,1.60621,1.60938,1.59805,1.59978,57758,0,1
2014-05-04T00:00:00Z,1.6007099999999999,1.60201,1.6005099999999999,1.60187,516,0,7
2014-05-05T00:00:00Z,1.6018599999999998,1.6046399999999998,1.59753,1.59817,31351,0,4
2014-05-06T00:00:00Z,1.59815,1.60168,1.5870199999999999,1.60038,61979,0,2
2014-05-07T00:00:00Z,1.60039,1.60945,1.59873,1.60831,71214,0,1
2014-05-08T00:00:00Z,1.60826,1.61784,1.59971,1.5998999999999999,77573,0,2
2014-05-09T00:00:00Z,1.5999400000000001,1.60582,1.59412,1.5963699999999998,55537,0,7
2014-05-11T00:00:00Z,1.59552,1.59607,1.59436,1.59551,1384,0,1
2014-05-12T00:00:00Z,1.59545,1.59837,1.59361,1.5950600000000001,44159,0,8
2014-05-13T00:00:00Z,1.5950600000000001,1.5965799999999999,1.58262,1.58704,58910,0,2
2014-05-14T00:00:00Z,1.58705,1.58901,1.58038,1.58307,49569,0,6
2014-05-15T00:00:00Z,1.58308,1.59053,1.57487,1.58487,52298,0,1
2014-05-16T00:00:00Z,1.58487,1.59101,1.58415,1.58648,49783,0,13
2014-05-18T00:00:00Z,1.58599,1.58639,1.58493,1.58535,1340,0,42
2014-05-19T00:00:00Z,1.58541,1.58996,1.5829900000000001,1.58765,42995,0,27
2014-05-20T00:00:00Z,1.58764,1.5992,1.5874700000000002,1.5987,49427,0,28
2014-05-21T00:00:00Z,1.5986799999999999,1.60194,1.59456,1.59604,52972,0,1
2014-05-22T00:00:00Z,1.5960299999999998,1.59884,1.5910199999999999,1.5936,47674,0,3
2014-05-23T00:00:00Z,1.59361,1.59715,1.59164,1.59279,44726,0,3
2014-05-25T00:00:00Z,1.5944500000000001,1.59519,1.59336,1.59443,1968,0,41
2014-05-26T00:00:00Z,1.59442,1.59789,1.5937700000000001,1.59535,52485,0,18
2014-05-27T00:00:00Z,1.59534,1.59758,1.5909900000000001,1.591,58311,0,15
2014-05-28T00:00:00Z,1.59101,1.60513,1.59056,1.60063,63846,0,18
2014-05-29T00:00:00Z,1.60061,1.6096,1.5995599999999999,1.60045,64997,0,18
2014-05-30T00:00:00Z,1.60043,1.60833,1.5971199999999999,1.6031300000000002,58831,0,18
2014-06-01T00:00:00Z,1.60465,1.6047099999999999,1.60325,1.6038999999999999,1894,0,44
2014-06-02T00:00:00Z,1.60389,1.61091,1.60351,1.61021,49110,0,4
2014-06-03T00:00:00Z,1.6103100000000001,1.61852,1.60454,1.61491,55038,0,4
2014-06-04T00:00:00Z,1.61491,1.62027,1.61218,1.61407,55863,0,5
2014-06-05T00:00:00Z,1.61406,1.61483,1.59751,1.60895,70398,0,3
2014-06-06T00:00:00Z,1.60895,1.61051,1.5967099999999999,1.60331,59541,0,2
2014-06-08T00:00:00Z,1.60484,1.60583,1.60458,1.60501,1341,0,10
2014-06-09T00:00:00Z,1.60501,1.60527,1.59787,1.5996299999999999,48226,0,13
2014-06-10T00:00:00Z,1.5996299999999999,1.60011,1.58751,1.58806,57627,0,3
2014-06-11T00:00:00Z,1.58804,1.5887099999999998,1.56821,1.57192,62521,0,6
2014-06-12T00:00:00Z,1.57191,1.57277,1.55648,1.56081,63780,0,7
2014-06-13T00:00:00Z,1.56079,1.56866,1.5589,1.5589,48187,0,7
2014-06-15T00:00:00Z,1.56047,1.56152,1.56021,1.56066,2101,0,1
2014-06-16T00:00:00Z,1.56067,1.56461,1.55664,1.5640100000000001,51143,0,1
2014-06-17T00:00:00Z,1.56402,1.56833,1.56331,1.56484,54275,0,11
2014-06-18T00:00:00Z,1.5648499999999999,1.56585,1.55501,1.55793,59473,0,1
2014-06-19T00:00:00Z,1.55793,1.56423,1.55766,1.5624099999999999,61108,0,10
2014-06-20T00:00:00Z,1.5624099999999999,1.5645099999999998,1.56044,1.56331,49541,0,1
2014-06-22T00:00:00Z,1.56175,1.56261,1.5609899999999999,1.56209,1374,0,18
2014-06-23T00:00:00Z,1.56211,1.56231,1.5539100000000001,1.56061,45860,0,1
2014-06-24T00:00:00Z,1.56061,1.56921,1.55831,1.56841,51120,0,2
2014-06-25T00:00:00Z,1.5683099999999999,1.5706099999999998,1.55881,1.56111,45838,0,2
2014-06-26T00:00:00Z,1.56111,1.56131,1.5478800000000001,1.54931,49413,0,2
2014-06-27T00:00:00Z,1.54931,1.55693,1.54921,1.55451,41708,0,10
2014-06-29T00:00:00Z,1.55457,1.55555,1.55416,1.55534,764,0,6
2014-06-30T00:00:00Z,1.55533,1.56495,1.55351,1.56239,42215,0,14
2014-07-01T00:00:00Z,1.56237,1.56482,1.55666,1.55992,46460,0,27
2014-07-02T00:00:00Z,1.55994,1.56269,1.55573,1.55691,43203,0,27
2014-07-03T00:00:00Z,1.55693,1.5609600000000001,1.55278,1.55511,51481,0,4
2014-07-04T00:00:00Z,1.5551,1.5579399999999999,1.5529899999999999,1.55443,36940,0,4
2014-07-06T00:00:00Z,1.5537999999999998,1.5559699999999999,1.55376,1.5551300000000001,1381,0,9
2014-07-07T00:00:00Z,1.55514,1.5584799999999999,1.55117,1.5553,42651,0,4
2014-07-08T00:00:00Z,1.5552899999999998,1.5556999999999999,1.54371,1.5491899999999998,44548,0,4
2014-07-09T00:00:00Z,1.54918,1.54979,1.54453,1.54596,46081,0,4
2014-07-10T00:00:00Z,1.54596,1.54888,1.54107,1.5432299999999999,48736,0,4
2014-07-11T00:00:00Z,1.54322,1.54563,1.54118,1.5429599999999999,52885,0,1
2014-07-13T00:00:00Z,1.54406,1.54417,1.54315,1.54331,728,0,10
2014-07-14T00:00:00Z,1.54331,1.54802,1.54134,1.54616,56466,0,1
2014-07-15T00:00:00Z,1.54616,1.55532,1.54325,1.55429,64242,0,1
2014-07-16T00:00:00Z,1.5542799999999999,1.55993,1.5512299999999999,1.55198,49559,0,2
2014-07-17T00:00:00Z,1.55198,1.56231,1.55121,1.56141,52723,0,2
2014-07-18T00:00:00Z,1.56141,1.5627900000000001,1.55453,1.55503,45399,0,6
2014-07-20T00:00:00Z,1.55515,1.55664,1.55498,1.5550899999999999,1427,0,40
2014-07-21T00:00:00Z,1.55507,1.55738,1.5528499999999998,1.5569199999999999,42427,0,11
2014-07-22T00:00:00Z,1.5569600000000001,1.55911,1.5506799999999998,1.5529600000000001,61919,0,1
2014-07-23T00:00:00Z,1.55294,1.5643799999999999,1.54581,1.5641699999999998,67839,0,1
2014-07-24T00:00:00Z,1.5641699999999998,1.5725,1.56067,1.57013,73907,0,1
2014-07-25T00:00:00Z,1.57012,1.5750899999999999,1.5670600000000001,1.5670600000000001,67120,0,1
2014-07-27T00:00:00Z,1.56992,1.57019,1.5692300000000001,1.5697,1579,0,16
2014-07-28T00:00:00Z,1.5697299999999998,1.57453,1.56942,1.5725099999999999,58923,0,3
2014-07-29T00:00:00Z,1.5725099999999999,1.57958,1.57029,1.57527,74553,0,1
2014-07-30T00:00:00Z,1.57526,1.58039,1.57367,1.5783800000000001,63860,0,2
2014-07-31T00:00:00Z,1.5783800000000001,1.5794700000000002,1.5721,1.57477,53118,0,11
2014-08-01T00:00:00Z,1.5746799999999999,1.58292,1.57291,1.5739999999999998,52099,0,9
2014-08-03T00:00:00Z,1.5777299999999999,1.57809,1.57649,1.57776,1620,0,26
2014-08-04T00:00:00Z,1.57775,1.5796999999999999,1.57283,1.57415,51245,0,18
2014-08-05T00:00:00Z,1.57413,1.58603,1.56989,1.5848,84803,0,18
2014-08-06T00:00:00Z,1.5848,1.5867,1.5748799999999998,1.5793300000000001,87438,0,18
2014-08-07T00:00:00Z,1.57932,1.58289,1.5728900000000001,1.57938,84801,0,18
2014-08-08T00:00:00Z,1.57939,1.58589,1.5778699999999999,1.58331,79156,0,18
2014-08-10T00:00:00Z,1.58396,1.58461,1.58342,1.58445,1672,0,18
2014-08-11T00:00:00Z,1.58445,1.58484,1.58049,1.58324,47182,0,18
2014-08-12T00:00:00Z,1.58324,1.5898400000000001,1.58141,1.58511,61714,0,18
2014-08-13T00:00:00Z,1.58511,1.58714,1.5741100000000001,1.57561,70131,0,18
2014-08-14T00:00:00Z,1.5756299999999999,1.57943,1.57149,1.5743,63290,0,18
2014-08-15T00:00:00Z,1.5743,1.57953,1.57385,1.5787499999999999,55817,0,18
2014-08-17T00:00:00Z,1.5772599999999999,1.57883,1.57626,1.57881,978,0,18
2014-08-18T00:00:00Z,1.57881,1.57926,1.57477,1.57803,41120,0,18
2014-08-19T00:00:00Z,1.5779999999999998,1.58474,1.5747900000000001,1.58056,73271,0,18
2014-08-20T00:00:00Z,1.58056,1.58883,1.57928,1.5833300000000001,90364,0,18
2014-08-21T00:00:00Z,1.58332,1.5866799999999999,1.57896,1.58095,74520,0,18
2014-08-22T00:00:00Z,1.58087,1.58263,1.57343,1.57511,72377,0,7
2014-08-24T00:00:00Z,1.57958,1.58175,1.57819,1.57968,4314,0,18
2014-08-25T00:00:00Z,1.5796999999999999,1.58554,1.5767799999999998,1.5838,58844,0,18
2014-08-26T00:00:00Z,1.5838100000000002,1.58637,1.57853,1.5790600000000001,74266,0,18
2014-08-27T00:00:00Z,1.57901,1.5800800000000002,1.5714000000000001,1.57566,73827,0,18
2014-08-28T00:00:00Z,1.5756700000000001,1.57702,1.571,1.57344,64828,0,4
2014-08-29T00:00:00Z,1.57359,1.57684,1.56856,1.56934,45550,0,4
2014-08-31T00:00:00Z,1.5713599999999999,1.5725,1.57035,1.57087,1216,0,18
2014-09-01T00:00:00Z,1.57089,1.57196,1.5652300000000001,1.56602,52822,0,18
2014-09-02T00:00:00Z,1.56602,1.58162,1.56463,1.57878,79454,0,18
2014-09-03T00:00:00Z,1.5787900000000001,1.58337,1.5775000000000001,1.57985,85279,0,1
2014-09-04T00:00:00Z,1.57985,1.58107,1.5554000000000001,1.55983,103445,0,1
2014-09-05T00:00:00Z,1.55983,1.56334,1.55369,1.55369,89303,0,1
2014-09-07T00:00:00Z,1.55907,1.5596,1.55815,1.55854,1299,0,1
2014-09-08T00:00:00Z,1.55854,1.5644900000000002,1.55437,1.55863,86016,0,1
2014-09-09T00:00:00Z,1.55864,1.57162,1.55666,1.56776,93510,0,1
2014-09-10T00:00:00Z,1.5676999999999999,1.57602,1.56421,1.5754000000000001,84030,0,1
2014-09-11T00:00:00Z,1.5751300000000001,1.58307,1.57074,1.57672,75721,0,1
2014-09-12T00:00:00Z,1.57674,1.5914000000000001,1.57672,1.58988,91139,0,1
2014-09-14T00:00:00Z,1.59062,1.5924,1.5905,1.59233,1024,0,8
2014-09-15T00:00:00Z,1.59234,1.59503,1.5802399999999999,1.5819800000000002,64037,0,1
2014-09-16T00:00:00Z,1.5819800000000002,1.58931,1.57734,1.58098,76800,0,1
2014-09-17T00:00:00Z,1.581,1.59401,1.57975,1.58793,82883,0,1
2014-09-18T00:00:00Z,1.5879400000000001,1.58985,1.57943,1.58369,82729,0,1
2014-09-19T00:00:00Z,1.58371,1.59012,1.5749499999999999,1.57779,81754,0,1
2014-09-21T00:00:00Z,1.57376,1.57595,1.57334,1.57562,5075,0,7
2014-09-22T00:00:00Z,1.57565,1.58579,1.5744,1.5835599999999999,126114,0,1
2014-09-23T00:00:00Z,1.58355,1.59842,1.57932,1.59138,76477,0,1
2014-09-24T00:00:00Z,1.59146,1.59375,1.58156,1.583,81360,0,1
2014-09-25T00:00:00Z,1.58305,1.61017,1.5827200000000001,1.60608,108821,0,1
2014-09-26T00:00:00Z,1.6060699999999999,1.6154199999999999,1.60339,1.61159,89489,0,1
2014-09-28T00:00:00Z,1.61224,1.6126800000000001,1.61102,1.6117599999999999,1425,0,1
2014-09-29T00:00:00Z,1.6117599999999999,1.6447,1.61107,1.63212,98137,0,1
2014-09-30T00:00:00Z,1.63212,1.6375899999999999,1.6155599999999999,1.61663,101429,0,1
2014-10-01T00:00:00Z,1.61669,1.6246800000000001,1.60755,1.62337,105508,0,1
2014-10-02T00:00:00Z,1.62332,1.6238299999999999,1.59814,1.60442,108464,0,1
2014-10-03T00:00:00Z,1.6044399999999999,1.61573,1.60154,1.60989,79124,0,1
2014-10-05T00:00:00Z,1.6114899999999999,1.6209099999999999,1.61128,1.61951,1547,0,4
2014-10-06T00:00:00Z,1.6194600000000001,1.62155,1.60792,1.61435,79597,0,1
2014-10-07T00:00:00Z,1.61437,1.6206399999999999,1.60648,1.6191,104035,0,1
2014-10-08T00:00:00Z,1.61911,1.627,1.60921,1.6124800000000001,110879,0,1
2014-10-09T00:00:00Z,1.61249,1.61656,1.6032199999999999,1.6141100000000002,118619,0,1
2014-10-10T00:00:00Z,1.6141100000000002,1.62207,1.6107,1.61564,97537,0,1
2014-10-12T00:00:00Z,1.61642,1.62188,1.61642,1.61871,2200,0,1
2014-10-13T00:00:00Z,1.6187200000000002,1.6188099999999999,1.60673,1.6157599999999999,89745,0,1
2014-10-14T00:00:00Z,1.61578,1.6188,1.60636,1.6140400000000001,89472,0,1
2014-10-15T00:00:00Z,1.61405,1.61886,1.6019299999999999,1.6085099999999999,116160,0,1
2014-10-16T00:00:00Z,1.6085099999999999,1.62427,1.60285,1.6145399999999999,115843,0,1
2014-10-17T00:00:00Z,1.6145100000000001,1.6148799999999999,1.6051600000000001,1.6111,73851,0,1
2014-10-19T00:00:00Z,1.6081699999999999,1.60927,1.60701,1.60818,1340,0,35
2014-10-20T00:00:00Z,1.60818,1.60938,1.60153,1.60373,75173,0,28
2014-10-21T00:00:00Z,1.60373,1.6077599999999999,1.59067,1.59667,83771,0,28
2014-10-22T00:00:00Z,1.59668,1.60786,1.5902500000000002,1.60648,80806,0,28
2014-10-23T00:00:00Z,1.60643,1.62107,1.60547,1.6156700000000002,86906,0,25
2014-10-24T00:00:00Z,1.6157,1.62096,1.60981,1.61311,68356,0,17
2014-10-26T00:00:00Z,1.6133600000000001,1.6147399999999998,1.61269,1.61422,2863,0,28
2014-10-27T00:00:00Z,1.61425,1.61602,1.6062400000000001,1.60928,69914,0,24
2014-10-28T00:00:00Z,1.6093,1.61062,1.60267,1.60743,63910,0,1
2014-10-29T00:00:00Z,1.60743,1.62623,1.59991,1.62307,79090,0,30
2014-10-30T00:00:00Z,1.6230799999999999,1.62388,1.6044399999999999,1.6082,91448,0,25
2014-10-31T00:00:00Z,1.6082,1.61101,1.5957400000000002,1.60656,93374,0,30
2014-11-02T00:00:00Z,1.60827,1.6091600000000001,1.60747,1.6075599999999999,2832,0,30
2014-11-03T00:00:00Z,1.60754,1.62061,1.60321,1.61532,85702,0,30
2014-11-04T00:00:00Z,1.61529,1.61997,1.6002399999999999,1.60445,85898,0,21
2014-11-05T00:00:00Z,1.6044800000000001,1.62171,1.60309,1.61775,95346,0,28
2014-11-06T00:00:00Z,1.61778,1.6273499999999999,1.6061100000000001,1.60914,98254,0,11
2014-11-07T00:00:00Z,1.60914,1.6154899999999999,1.60336,1.60617,85410,0,28
2014-11-09T00:00:00Z,1.60453,1.6056300000000001,1.6034899999999999,1.60486,2634,0,28
2014-11-10T00:00:00Z,1.60486,1.60537,1.5961400000000001,1.60202,61860,0,28
2014-11-11T00:00:00Z,1.60205,1.60793,1.5928200000000001,1.59453,70649,0,8
2014-11-12T00:00:00Z,1.59455,1.59605,1.57653,1.5805500000000001,81597,0,28
2014-11-13T00:00:00Z,1.58052,1.5862699999999998,1.57241,1.5848499999999999,68620,0,12
2014-11-14T00:00:00Z,1.5848499999999999,1.5876299999999999,1.57803,1.58305,76540,0,2
2014-11-16T00:00:00Z,1.57745,1.57889,1.57677,1.5784099999999999,2926,0,17
2014-11-17T00:00:00Z,1.5784099999999999,1.5798999999999999,1.56827,1.57062,71771,0,2
2014-11-18T00:00:00Z,1.57101,1.58575,1.5680399999999999,1.5851,67042,0,3
2014-11-19T00:00:00Z,1.58525,1.60259,1.58448,1.59945,72721,0,2
2014-11-20T00:00:00Z,1.5995300000000001,1.60404,1.59219,1.59558,67560,0,1
2014-11-21T00:00:00Z,1.59559,1.5962100000000001,1.5644900000000002,1.57126,62234,0,1
2014-11-23T00:00:00Z,1.56739,1.56942,1.56685,1.56942,2460,961000000,104
2014-11-24T00:00:00Z,1.5697,1.58398,1.56565,1.5817,58420,16411600000,3
2014-11-25T00:00:00Z,1.58169,1.6003699999999998,1.58052,1.5972499999999998,67676,89500000,3
2014-11-26T00:00:00Z,1.59715,1.59729,1.58526,1.58814,61683,82000000,5
2014-11-27T00:00:00Z,1.58814,1.58982,1.5789,1.58575,50399,0,2
2014-11-28T00:00:00Z,1.5857299999999999,1.59196,1.5817299999999999,1.58834,57208,0,1
2014-11-30T00:00:00Z,1.59263,1.59374,1.58978,1.59207,1186,0,43
2014-12-01T00:00:00Z,1.59195,1.5991499999999998,1.57918,1.58449,62705,0,6
2014-12-02T00:00:00Z,1.58464,1.59303,1.58007,1.58841,52953,0,2
2014-12-03T00:00:00Z,1.58843,1.59425,1.58098,1.5889799999999998,61567,0,1
2014-12-04T00:00:00Z,1.5889799999999998,1.59826,1.58506,1.59104,65429,0,1
2014-12-05T00:00:00Z,1.5910199999999999,1.5965799999999999,1.5884200000000002,1.59267,51301,0,2
2014-12-07T00:00:00Z,1.59354,1.59878,1.59107,1.59877,1921,1080900000,67
2014-12-08T00:00:00Z,1.59883,1.6101299999999998,1.59813,1.60731,67844,44708990000,2
2014-12-09T00:00:00Z,1.60746,1.61589,1.6027,1.61234,90556,30824100000,2
2014-12-10T00:00:00Z,1.61231,1.6200700000000001,1.5886200000000001,1.59571,81499,31626600000,2
2014-12-11T00:00:00Z,1.5957400000000002,1.59781,1.58429,1.58754,69908,55868800000,1
2014-12-12T00:00:00Z,1.58755,1.60571,1.58719,1.6000100000000002,62925,36827480000,1
2014-12-14T00:00:00Z,1.59801,1.604,1.59699,1.60325,2668,1583499000,50
2014-12-15T00:00:00Z,1.60325,1.60992,1.59851,1.60727,70468,48379020000,1
2014-12-16T00:00:00Z,1.60725,1.61314,1.59873,1.60789,74301,52284700000,1
2014-12-17T00:00:00Z,1.60786,1.61624,1.59206,1.60188,72661,50280850000,2
2014-12-18T00:00:00Z,1.6019999999999999,1.6058599999999998,1.57961,1.5803,66828,46048600000,1
2014-12-19T00:00:00Z,1.5802100000000001,1.5824099999999999,1.57465,1.57465,61762,39472680000,5
2014-12-21T00:00:00Z,1.5768499999999999,1.579,1.57663,1.57843,2095,443643000,8
2014-12-22T00:00:00Z,1.57843,1.58598,1.57735,1.58274,105473,40510873000,3
2014-12-23T00:00:00Z,1.58277,1.5845099999999999,1.57454,1.57867,106120,38861621000,12
2014-12-24T00:00:00Z,1.57867,1.5819100000000001,1.57454,1.57731,60534,26912347000,17
2014-12-26T00:00:00Z,1.57599,1.57687,1.56562,1.56562,36386,14285857000,24
2014-12-28T00:00:00Z,1.57004,1.57189,1.5691000000000002,1.57071,2732,473705000,21
2014-12-29T00:00:00Z,1.57071,1.5723099999999999,1.55946,1.5626600000000002,52330,32161954000,6
2014-12-30T00:00:00Z,1.5627499999999999,1.5629300000000002,1.54977,1.55247,49182,32933381000,1
2014-12-31T00:00:00Z,1.55241,1.5537,1.54731,1.55203,37666,26342770000,1
2015-01-02T00:00:00Z,1.5530599999999999,1.56292,1.55133,1.55625,61272,0,56
2015-01-04T00:00:00Z,1.55171,1.55679,1.5448,1.55671,5951,0,188
2015-01-05T00:00:00Z,1.55671,1.56717,1.54557,1.55151,104832,0,51
2015-01-06T00:00:00Z,1.5514999999999999,1.55219,1.5253700000000001,1.53124,106601,0,52
2015-01-07T00:00:00Z,1.53121,1.5334400000000001,1.51924,1.5205899999999999,106809,0,53
2015-01-08T00:00:00Z,1.5206300000000001,1.52331,1.5056500000000002,1.50983,95318,0,50
2015-01-09T00:00:00Z,1.50982,1.5135999999999998,1.5037099999999999,1.50911,96329,0,51
2015-01-11T00:00:00Z,1.50823,1.51016,1.50666,1.50935,2613,0,188
2015-01-12T00:00:00Z,1.50934,1.52494,1.50665,1.52073,98139,0,48
2015-01-13T00:00:00Z,1.52074,1.52596,1.51877,1.52082,109845,0,53
2015-01-14T00:00:00Z,1.52085,1.53282,1.51712,1.52559,119797,0,52
2015-01-15T00:00:00Z,1.52555,1.52806,1.48147,1.48676,125217,0,51
2015-01-16T00:00:00Z,1.48686,1.49217,1.47847,1.48244,118962,0,53
2015-01-18T00:00:00Z,1.484,1.48617,1.48251,1.48529,1436,0,77
2015-01-19T00:00:00Z,1.48517,1.4960200000000001,1.48132,1.49193,63564,0,16
2015-01-20T00:00:00Z,1.49192,1.5145300000000002,1.4880900000000001,1.51162,74914,0,38
2015-01-21T00:00:00Z,1.51163,1.53688,1.50633,1.53379,87627,0,88
2015-01-22T00:00:00Z,1.53377,1.5428899999999999,1.5089299999999999,1.5154800000000002,100592,0,57
2015-01-23T00:00:00Z,1.5154,1.51631,1.48868,1.5011100000000002,99906,0,91
2015-01-25T00:00:00Z,1.49847,1.5028700000000002,1.49652,1.5011999999999999,1472,0,117
2015-01-26T00:00:00Z,1.50122,1.5241,1.4967,1.51156,83766,0,90
2015-01-27T00:00:00Z,1.5115699999999999,1.52846,1.5095399999999999,1.52491,73633,638000000,3
2015-01-28T00:00:00Z,1.5249000000000001,1.54242,1.5133299999999998,1.53969,74910,0,1
2015-01-29T00:00:00Z,1.53953,1.5629,1.53472,1.55548,91563,17000000,39
2015-01-30T00:00:00Z,1.55541,1.56826,1.5502099999999999,1.5526499999999999,84230,0,79
2015-02-01T00:00:00Z,1.55896,1.56055,1.55609,1.55945,1828,0,37
2015-02-02T00:00:00Z,1.55955,1.5638100000000001,1.5501,1.55252,58429,0,4
2015-02-03T00:00:00Z,1.5525799999999998,1.58195,1.54912,1.5615299999999999,73074,0,1
2015-02-04T00:00:00Z,1.56166,1.56689,1.53562,1.53897,97570,0,7
2015-02-05T00:00:00Z,1.5389300000000001,1.55259,1.53406,1.5484900000000001,111081,0,24
2015-02-06T00:00:00Z,1.5485,1.54955,1.53461,1.5358100000000001,85211,0,16
2015-02-08T00:00:00Z,1.53438,1.53891,1.53438,1.53803,1919,0,91
2015-02-09T00:00:00Z,1.53802,1.54064,1.51985,1.53042,80211,0,16
2015-02-10T00:00:00Z,1.53051,1.53196,1.52249,1.52851,98634,0,20
2015-02-11T00:00:00Z,1.52846,1.5411000000000001,1.52108,1.53632,82509,0,13
2015-02-12T00:00:00Z,1.5363799999999999,1.54812,1.5246,1.53571,101670,0,4
2015-02-13T00:00:00Z,1.5356800000000002,1.53913,1.52525,1.52744,85269,0,16
2015-02-15T00:00:00Z,1.5236100000000001,1.5243,1.52182,1.52385,1841,0,82
2015-02-16T00:00:00Z,1.52383,1.5248300000000001,1.5098,1.51407,90301,0,16
2015-02-17T00:00:00Z,1.51397,1.5187,1.50733,1.5133299999999998,103965,0,23
2015-02-18T00:00:00Z,1.5133,1.51576,1.50546,1.51119,95370,0,21
2015-02-19T00:00:00Z,1.51119,1.52069,1.5076800000000001,1.5103900000000001,82282,0,16
2015-02-20T00:00:00Z,1.5103900000000001,1.5147599999999999,1.49451,1.5116,84769,0,3
2015-02-22T00:00:00Z,1.5134699999999999,1.5134699999999999,1.5112999999999999,1.51208,1533,0,73
2015-02-23T00:00:00Z,1.51214,1.5151,1.50217,1.50627,74748,0,17
2015-02-24T00:00:00Z,1.50625,1.5230000000000001,1.50399,1.51395,83102,0,16
2015-02-25T00:00:00Z,1.51397,1.51687,1.49945,1.5003,80589,0,17
2015-02-26T00:00:00Z,1.5003,1.5054400000000001,1.48303,1.4874100000000001,82808,0,16
2015-02-27T00:00:00Z,1.48734,1.4874,1.47849,1.47964,79133,0,16
2015-03-01T00:00:00Z,1.47903,1.48095,1.47824,1.47998,1595,0,68
2015-03-02T00:00:00Z,1.48016,1.49182,1.47772,1.48891,68439,0,16
2015-03-03T00:00:00Z,1.48892,1.49009,1.4776500000000001,1.4808,76184,0,16
2015-03-04T00:00:00Z,1.48079,1.4808,1.45543,1.46048,79784,0,16
2015-03-05T00:00:00Z,1.46045,1.48138,1.45847,1.4731,85964,0,16
2015-03-06T00:00:00Z,1.47314,1.47676,1.45688,1.47194,83554,0,16
2015-03-08T00:00:00Z,1.46855,1.4725,1.46855,1.47111,2245,0,53
2015-03-09T00:00:00Z,1.47115,1.47977,1.47081,1.47678,66390,0,16
2015-03-10T00:00:00Z,1.47679,1.48685,1.46585,1.46746,106069,0,16
2015-03-11T00:00:00Z,1.46749,1.47597,1.441,1.44307,110736,0,18
2015-03-12T00:00:00Z,1.44309,1.44526,1.4289100000000001,1.43634,108151,0,18
2015-03-13T00:00:00Z,1.43635,1.44665,1.42835,1.42876,88825,0,11
2015-03-15T00:00:00Z,1.43068,1.43191,1.42893,1.43191,2773,0,31
2015-03-16T00:00:00Z,1.43164,1.43539,1.42561,1.43281,86341,0,16
2015-03-17T00:00:00Z,1.43276,1.45143,1.42978,1.44913,78340,0,1
2015-03-18T00:00:00Z,1.4491399999999999,1.4635099999999999,1.43723,1.44739,83768,0,1
2015-03-19T00:00:00Z,1.44743,1.45064,1.43534,1.43744,109813,0,3
2015-03-20T00:00:00Z,1.4374500000000001,1.44225,1.42515,1.42904,93695,0,50
2015-03-22T00:00:00Z,1.43155,1.432,1.42748,1.43094,3992,0,33
2015-03-23T00:00:00Z,1.43095,1.434,1.41278,1.42781,106912,0,16
2015-03-24T00:00:00Z,1.42776,1.43591,1.42314,1.42868,104760,0,75
2015-03-25T00:00:00Z,1.42869,1.4438,1.42744,1.44345,89930,0,50
2015-03-26T00:00:00Z,1.44355,1.44925,1.42683,1.4328699999999999,101356,0,37
2015-03-27T00:00:00Z,1.43278,1.44434,1.42859,1.43774,92701,0,37
2015-03-29T00:00:00Z,1.44007,1.44136,1.43836,1.44073,1077,0,70
2015-03-30T00:00:00Z,1.44067,1.44462,1.43833,1.44397,89067,0,45
2015-03-31T00:00:00Z,1.44398,1.4451800000000001,1.43064,1.43751,87554,0,70
2015-04-01T00:00:00Z,1.4374799999999999,1.45227,1.4362300000000001,1.44332,82973,0,50
2015-04-02T00:00:00Z,1.44332,1.45425,1.44055,1.44737,77641,0,13
2015-04-03T00:00:00Z,1.4472800000000001,1.45075,1.44051,1.44051,43280,0,45
2015-04-05T00:00:00Z,1.44051,1.44962,1.44051,1.44656,725,0,101
2015-04-06T00:00:00Z,1.44656,1.45145,1.44154,1.4481,45523,0,28
2015-04-07T00:00:00Z,1.44806,1.45445,1.43772,1.44074,49466,0,27
2015-04-08T00:00:00Z,1.44089,1.44266,1.42537,1.42723,15982,0,39
2015-04-09T00:00:00Z,1.42724,1.42941,1.40682,1.40911,15290,0,36
2015-04-10T00:00:00Z,1.4091,1.41087,1.4040599999999999,1.40604,21960,0,32
2015-04-12T00:00:00Z,1.40604,1.40827,1.40577,1.40729,227,0,80
2015-04-13T00:00:00Z,1.40723,1.42341,1.40594,1.41739,37787,0,14
2015-04-14T00:00:00Z,1.4174,1.41987,1.41167,1.41632,15144,0,35
2015-04-15T00:00:00Z,1.41631,1.41888,1.40317,1.40693,15960,0,28
2015-04-16T00:00:00Z,1.40693,1.41044,1.39772,1.40418,131151,0,13
2015-04-17T00:00:00Z,1.40415,1.40809,1.3985699999999999,1.40579,84313,0,8
2015-04-19T00:00:00Z,1.40579,1.40579,1.40215,1.40366,1056,0,67
2015-04-20T00:00:00Z,1.40367,1.40492,1.39449,1.4010500000000001,51023,0,16
2015-04-21T00:00:00Z,1.40106,1.40529,1.38811,1.39877,33389,0,10
2015-04-22T00:00:00Z,1.39882,1.40138,1.39017,1.40113,15920,0,9
2015-04-23T00:00:00Z,1.40125,1.42874,1.40092,1.42356,9973,0,9
2015-04-24T00:00:00Z,1.42362,1.43917,1.42344,1.42977,8971,0,16
2015-04-26T00:00:00Z,1.4298600000000001,1.43064,1.42363,1.42763,520,0,102
2015-04-27T00:00:00Z,1.4276200000000001,1.43094,1.42188,1.42488,100898,0,2
2015-04-28T00:00:00Z,1.42488,1.42753,1.41767,1.41953,187492,0,1
2015-04-29T00:00:00Z,1.41967,1.46422,1.41873,1.46126,211072,0,1
2015-04-30T00:00:00Z,1.46102,1.47711,1.4562,1.47408,227866,0,1
2015-05-01T00:00:00Z,1.47407,1.4899,1.4724,1.4846300000000001,150674,0,2
2015-05-03T00:00:00Z,1.48574,1.48785,1.48469,1.4865,775,0,14
2015-05-04T00:00:00Z,1.48654,1.4902199999999999,1.47574,1.47899,85570,0,2
2015-05-05T00:00:00Z,1.47899,1.48689,1.47248,1.47816,21226,0,11
2015-05-06T00:00:00Z,1.4782899999999999,1.51484,1.4782,1.51233,41718,0,6
2015-05-07T00:00:00Z,1.51207,1.5244900000000001,1.50607,1.50867,20967,0,11
2015-05-08T00:00:00Z,1.5093,1.5152700000000001,1.49581,1.4963600000000001,23159,0,38
2015-05-10T00:00:00Z,1.50099,1.5081799999999999,1.50065,1.50546,381,0,81
2015-05-11T00:00:00Z,1.50549,1.52066,1.5041099999999998,1.51818,55764,0,27
2015-05-12T00:00:00Z,1.51816,1.53145,1.5129000000000001,1.51437,122251,0,44
2015-05-13T00:00:00Z,1.51436,1.52397,1.50514,1.51406,104747,0,29
2015-05-14T00:00:00Z,1.51406,1.52623,1.49991,1.5215100000000001,126430,0,34
2015-05-15T00:00:00Z,1.5215100000000001,1.53357,1.5194800000000002,1.5328300000000001,89963,0,34
2015-05-17T00:00:00Z,1.53566,1.53675,1.5349599999999999,1.53576,528,0,13
2015-05-18T00:00:00Z,1.53576,1.54044,1.5276999999999998,1.52889,55475,0,15
2015-05-19T00:00:00Z,1.52891,1.53627,1.50555,1.51617,127873,0,83
2015-05-20T00:00:00Z,1.5162200000000001,1.5218699999999998,1.50767,1.5185499999999998,139003,0,64
2015-05-21T00:00:00Z,1.51856,1.52851,1.51003,1.51136,129036,0,23
2015-05-22T00:00:00Z,1.51138,1.5204,1.50374,1.50576,124410,0,67
2015-05-24T00:00:00Z,1.5036800000000001,1.50495,1.50008,1.50139,1458,0,151
2015-05-25T00:00:00Z,1.50141,1.50571,1.49906,1.50144,88497,0,90
2015-05-26T00:00:00Z,1.50145,1.5074999999999998,1.49307,1.50282,126767,0,30
2015-05-27T00:00:00Z,1.5029,1.5103900000000001,1.49624,1.49904,137945,0,88
2015-05-28T00:00:00Z,1.49905,1.52858,1.49905,1.5282,158289,0,73
2015-05-29T00:00:00Z,1.5282200000000001,1.5487,1.5239500000000001,1.54699,134172,0,88
2015-05-31T00:00:00Z,1.54859,1.54988,1.54656,1.54699,618,0,119
2015-06-01T00:00:00Z,1.54703,1.54864,1.53071,1.53647,142497,0,33
2015-06-02T00:00:00Z,1.53646,1.5588600000000001,1.5335100000000002,1.55239,203864,0,11
2015-06-03T00:00:00Z,1.55243,1.57847,1.5508,1.575,128350,0,3
2015-06-04T00:00:00Z,1.57503,1.5918299999999999,1.57123,1.5761500000000002,51493,0,9
2015-06-05T00:00:00Z,1.57618,1.58287,1.56789,1.57649,207312,0,42
2015-06-07T00:00:00Z,1.57439,1.57507,1.5729,1.57351,2615,0,104
2015-06-08T00:00:00Z,1.5735000000000001,1.58541,1.5719699999999999,1.58091,193179,0,24
2015-06-09T00:00:00Z,1.5808900000000001,1.59358,1.56976,1.57785,214425,0,37
2015-06-10T00:00:00Z,1.57785,1.61293,1.5646499999999999,1.6001400000000001,242418,0,10
2015-06-11T00:00:00Z,1.6001699999999999,1.61421,1.59856,1.6014,204273,0,8
2015-06-12T00:00:00Z,1.6014,1.6154899999999999,1.59924,1.60968,70142,0,32
2015-06-14T00:00:00Z,1.60271,1.60495,1.60249,1.60344,1275,0,157
2015-06-15T00:00:00Z,1.60378,1.61423,1.60027,1.61145,116382,0,61
2015-06-16T00:00:00Z,1.61148,1.62046,1.60276,1.6095000000000002,167164,0,12
2015-06-17T00:00:00Z,1.6094300000000001,1.6311,1.60766,1.62307,200174,0,39
2015-06-18T00:00:00Z,1.6231,1.65109,1.62241,1.6404999999999998,220027,0,18
2015-06-19T00:00:00Z,1.64046,1.6473,1.63565,1.64201,170752,0,28
2015-06-21T00:00:00Z,1.6469200000000002,1.6471200000000001,1.64482,1.64517,1452,0,60
2015-06-22T00:00:00Z,1.64519,1.6585800000000002,1.6407,1.65131,189024,0,34
2015-06-23T00:00:00Z,1.65131,1.65263,1.627,1.6289500000000001,211197,0,29
2015-06-24T00:00:00Z,1.62896,1.63443,1.6219299999999999,1.6273900000000001,207701,0,27
2015-06-25T00:00:00Z,1.6273300000000002,1.6311900000000001,1.6148799999999999,1.6290499999999999,184130,0,20
2015-06-26T00:00:00Z,1.62893,1.63694,1.6198700000000001,1.63316,171524,0,32
2015-06-28T00:00:00Z,1.61134,1.61134,1.60466,1.60931,2689,0,79
2015-06-29T00:00:00Z,1.60941,1.64189,1.60377,1.64096,221643,0,22
2015-06-30T00:00:00Z,1.64097,1.65755,1.6364100000000001,1.64433,213532,0,18
2015-07-01T00:00:00Z,1.64451,1.64648,1.63429,1.64073,193009,0,11
2015-07-02T00:00:00Z,1.64073,1.66193,1.6405699999999999,1.64887,172300,0,5
2015-07-03T00:00:00Z,1.64886,1.66225,1.64704,1.6571500000000001,122269,0,4
2015-07-05T00:00:00Z,1.6458300000000001,1.65102,1.64453,1.64654,2375,0,139
2015-07-06T00:00:00Z,1.64677,1.65728,1.6425999999999998,1.6561599999999999,137707,0,42
2015-07-07T00:00:00Z,1.6559599999999999,1.66185,1.6426699999999999,1.65286,163801,0,41
2015-07-08T00:00:00Z,1.65354,1.65992,1.6399599999999999,1.64568,166927,0,45
2015-07-09T00:00:00Z,1.64577,1.6516199999999999,1.63414,1.63728,146769,0,36
2015-07-10T00:00:00Z,1.6372,1.66787,1.63392,1.65945,141745,0,31
2015-07-12T00:00:00Z,1.65319,1.65972,1.65286,1.65972,627,0,163
2015-07-13T00:00:00Z,1.6594600000000002,1.6610800000000001,1.6414499999999999,1.64428,153732,0,35
2015-07-14T00:00:00Z,1.6441599999999998,1.65317,1.63819,1.63985,139542,0,31
2015-07-15T00:00:00Z,1.6398899999999998,1.66502,1.63554,1.65872,146348,0,41
2015-07-16T00:00:00Z,1.65872,1.68075,1.65758,1.66939,144806,0,63
2015-07-17T00:00:00Z,1.66939,1.67016,1.65706,1.65757,107371,0,46
2015-07-19T00:00:00Z,1.66029,1.6616499999999998,1.65892,1.66024,2871,0,174
2015-07-20T00:00:00Z,1.66024,1.66336,1.64291,1.64892,126890,0,43
2015-07-21T00:00:00Z,1.64887,1.6510099999999999,1.63592,1.6508500000000002,194672,0,25
2015-07-22T00:00:00Z,1.65082,1.66293,1.64229,1.6460599999999999,287380,0,21
2015-07-23T00:00:00Z,1.64609,1.66424,1.63859,1.66311,204249,68833603000,13
2015-07-24T00:00:00Z,1.66311,1.67241,1.658,1.6678600000000001,147191,71938895000,77
2015-07-26T00:00:00Z,1.67013,1.67069,1.66898,1.66925,676,0,92
2015-07-27T00:00:00Z,1.66937,1.68044,1.66486,1.67911,161351,80901843000,24
2015-07-28T00:00:00Z,1.67911,1.6797,1.64094,1.6468,156272,83391566000,44
2015-07-29T00:00:00Z,1.6468,1.65726,1.6435,1.65136,167271,85346677000,37
2015-07-30T00:00:00Z,1.6514199999999999,1.6617199999999999,1.64797,1.6531099999999999,158148,76850674000,45
2015-07-31T00:00:00Z,1.65316,1.68207,1.6522000000000001,1.66431,171067,84368757000,31
2015-08-02T00:00:00Z,1.66076,1.66297,1.65972,1.6611099999999999,689,420250000,132
2015-08-03T00:00:00Z,1.6616499999999998,1.67142,1.65896,1.66792,153834,80832329000,38
2015-08-04T00:00:00Z,1.66797,1.66871,1.65958,1.66247,175052,90433023000,52
2015-08-05T00:00:00Z,1.6625299999999998,1.6787,1.6596600000000001,1.6730399999999999,170808,85173323000,21
2015-08-06T00:00:00Z,1.6730399999999999,1.67402,1.66433,1.6663000000000001,156853,83395647000,34
2015-08-07T00:00:00Z,1.66629,1.67107,1.65271,1.6545800000000002,139571,85171945000,28
2015-08-09T00:00:00Z,1.6560000000000001,1.6590500000000001,1.6560000000000001,1.65834,408,209478000,60
2015-08-10T00:00:00Z,1.65866,1.66879,1.65529,1.6664400000000001,106282,70931088000,29
2015-08-11T00:00:00Z,1.66634,1.69368,1.66249,1.6875,126614,85781624000,33
2015-08-12T00:00:00Z,1.68758,1.70715,1.68225,1.68518,138559,99231424000,38
2015-08-13T00:00:00Z,1.68529,1.6979600000000001,1.6786400000000001,1.6978,115827,77157729000,54
2015-08-14T00:00:00Z,1.69761,1.70987,1.6948699999999999,1.69817,122844,75135633000,45
2015-08-16T00:00:00Z,1.69841,1.69897,1.69476,1.69827,600,125700000,152
2015-08-17T00:00:00Z,1.6985999999999999,1.69942,1.68235,1.68557,140003,79743574000,51
2015-08-18T00:00:00Z,1.68547,1.6856,1.66833,1.6715200000000001,164429,87510944000,46
2015-08-19T00:00:00Z,1.6715200000000001,1.6869800000000001,1.67142,1.68423,183855,97646802000,81
2015-08-20T00:00:00Z,1.68439,1.69531,1.68171,1.6943899999999998,180223,92892496000,72
2015-08-21T00:00:00Z,1.6944,1.70593,1.68692,1.7002000000000002,187198,100923691000,81
2015-08-23T00:00:00Z,1.70552,1.7065299999999999,1.70249,1.70445,978,349947000,117
2015-08-24T00:00:00Z,1.70464,1.85601,1.70096,1.7952,233775,87130496000,51
2015-08-25T00:00:00Z,1.79518,1.8001,1.74631,1.77453,199940,105283258000,75
2015-08-26T00:00:00Z,1.77454,1.78639,1.7478099999999999,1.7527,216411,107044725000,81
2015-08-27T00:00:00Z,1.75254,1.7645,1.73162,1.7353,193412,107151404000,81
2015-08-28T00:00:00Z,1.73529,1.7493699999999999,1.7259,1.7265000000000001,149063,90168859000,66
2015-08-30T00:00:00Z,1.7279499999999999,1.7299099999999998,1.72678,1.7285300000000001,338,49496000,72
2015-08-31T00:00:00Z,1.72855,1.7755800000000002,1.72825,1.7659799999999999,149679,89534418000,48
2015-09-01T00:00:00Z,1.7659799999999999,1.78834,1.76187,1.78362,177873,112624828000,10
2015-09-02T00:00:00Z,1.78362,1.7892000000000001,1.76443,1.76536,151264,101728575000,81
2015-09-03T00:00:00Z,1.76536,1.77389,1.73304,1.7400099999999998,152659,101936839000,46
2015-09-04T00:00:00Z,1.74004,1.77514,1.73838,1.77393,141790,92211852000,33
2015-09-06T00:00:00Z,1.7699,1.7746,1.7694,1.7723,618,359250000,53
2015-09-07T00:00:00Z,1.77226,1.78779,1.76952,1.7804799999999998,123402,76790634000,44
2015-09-08T00:00:00Z,1.7804799999999998,1.78718,1.75853,1.76627,133105,89548649000,44
2015-09-09T00:00:00Z,1.76627,1.7852000000000001,1.73305,1.7824,154367,107600742000,51
2015-09-10T00:00:00Z,1.7826,1.79633,1.76542,1.7901,164679,112937620000,81
2015-09-11T00:00:00Z,1.79009,1.7992599999999999,1.7846199999999999,1.79414,128846,89014050000,42
2015-09-13T00:00:00Z,1.79366,1.79502,1.7917100000000001,1.79204,326,109498000,37
2015-09-14T00:00:00Z,1.79204,1.80003,1.7811599999999999,1.78784,111631,73998470000,12
2015-09-15T00:00:00Z,1.7879,1.79508,1.76935,1.77304,126130,85418540000,9
2015-09-16T00:00:00Z,1.77321,1.78266,1.76464,1.77054,130450,95112275000,36
2015-09-17T00:00:00Z,1.77054,1.80167,1.7671000000000001,1.79543,138335,95395077000,9
2015-09-18T00:00:00Z,1.79543,1.7976299999999998,1.7584,1.7587000000000002,145864,108051218000,61
2015-09-20T00:00:00Z,1.7639,1.7679399999999998,1.7635999999999998,1.76555,525,248750000,37
2015-09-21T00:00:00Z,1.76565,1.78552,1.7633299999999998,1.76994,138141,88819600000,31
2015-09-22T00:00:00Z,1.76999,1.77523,1.76201,1.76843,124011,86792300000,41
2015-09-23T00:00:00Z,1.76867,1.79439,1.76274,1.78336,133052,95226800000,33
2015-09-24T00:00:00Z,1.78336,1.7917999999999998,1.76016,1.7677,160256,115565505000,41
2015-09-25T00:00:00Z,1.7677399999999999,1.76874,1.74928,1.7536,146482,109786010000,57
2015-09-27T00:00:00Z,1.7582200000000001,1.7585600000000001,1.75438,1.7557800000000001,479,285500000,49
2015-09-28T00:00:00Z,1.75566,1.7793999999999999,1.74499,1.77718,156894,108556270000,20
2015-09-29T00:00:00Z,1.77747,1.7896800000000002,1.75342,1.77156,164815,115058242000,39
2015-09-30T00:00:00Z,1.7715100000000001,1.774,1.7429999999999999,1.74472,151200,109657976000,49
2015-10-01T00:00:00Z,1.7445,1.75065,1.729,1.74824,146528,110931150000,41
2015-10-02T00:00:00Z,1.74821,1.76456,1.7368999999999999,1.7375,149086,111902269000,35
2015-10-04T00:00:00Z,1.7357,1.7381799999999998,1.7357,1.73636,1096,417700000,44
2015-10-05T00:00:00Z,1.73641,1.74161,1.71479,1.7236,165698,123522759000,24
2015-10-06T00:00:00Z,1.7236,1.7326700000000002,1.7156500000000001,1.72077,146680,103090699000,49
2015-10-07T00:00:00Z,1.7207,1.72391,1.68726,1.69854,149569,108813770000,32
2015-10-08T00:00:00Z,1.69854,1.7121300000000002,1.68683,1.6919,144738,104644373000,23
2015-10-09T00:00:00Z,1.69189,1.6992,1.6838,1.6936,149303,115234689000,26
2015-10-11T00:00:00Z,1.6990699999999999,1.7006000000000001,1.69845,1.69897,2337,1688950000,53
2015-10-12T00:00:00Z,1.69879,1.7026,1.68616,1.69122,120323,89032650000,18
2015-10-13T00:00:00Z,1.69128,1.7194500000000001,1.69027,1.71497,147686,105750833000,25
2015-10-14T00:00:00Z,1.7149100000000002,1.7187000000000001,1.6829399999999999,1.6872,158320,118481786000,81
2015-10-15T00:00:00Z,1.6871,1.68905,1.65492,1.6568399999999999,160127,114783127000,81
2015-10-16T00:00:00Z,1.6568800000000001,1.67447,1.6562000000000001,1.6644,146990,96826870000,81
2015-10-18T00:00:00Z,1.6697,1.66988,1.66489,1.66629,6600,3371200000,114
2015-10-19T00:00:00Z,1.66632,1.67648,1.65934,1.6675,130047,88704444000,81
2015-10-20T00:00:00Z,1.6674,1.68361,1.65825,1.68059,125790,85709540000,81
2015-10-21T00:00:00Z,1.68059,1.69452,1.6787999999999998,1.688,143886,104046387000,81
2015-10-22T00:00:00Z,1.68797,1.68905,1.6313,1.63663,168580,127978559000,81
2015-10-23T00:00:00Z,1.6365699999999999,1.6385999999999998,1.6157599999999999,1.6305,161059,120338042000,81
2015-10-25T00:00:00Z,1.6305800000000001,1.6331799999999999,1.62982,1.6314199999999999,3340,1727750000,81
2015-10-26T00:00:00Z,1.63141,1.6343999999999999,1.62275,1.63063,147572,101860300000,81
2015-10-27T00:00:00Z,1.63064,1.63441,1.6221999999999999,1.62962,147222,95612199000,81
2015-10-28T00:00:00Z,1.62965,1.65107,1.62584,1.6333,155675,100538784000,81
2015-10-29T00:00:00Z,1.6332499999999999,1.6439599999999999,1.63064,1.64067,145102,96290400000,32
2015-10-30T00:00:00Z,1.64067,1.64103,1.62161,1.62375,148169,102098715000,81
2015-11-01T00:00:00Z,1.63638,1.63645,1.6289799999999999,1.631,4925,3298400000,81
2015-11-02T00:00:00Z,1.6309,1.63798,1.62428,1.63266,131066,93246499000,81
2015-11-03T00:00:00Z,1.63266,1.6473900000000001,1.62386,1.64642,136561,94262701000,81
2015-11-04T00:00:00Z,1.64638,1.6560700000000002,1.6387399999999999,1.6479,144760,96342579000,81
2015-11-05T00:00:00Z,1.64784,1.65068,1.63717,1.64567,142817,96336098000,81
2015-11-06T00:00:00Z,1.64567,1.6518899999999999,1.63337,1.6444,139448,100826746000,81
2015-11-08T00:00:00Z,1.6444,1.64577,1.64144,1.64348,1818,1176500000,81
2015-11-09T00:00:00Z,1.64348,1.64874,1.63893,1.6463,137433,95852249000,81
2015-11-10T00:00:00Z,1.64629,1.64941,1.63484,1.64033,133082,95712600000,81
2015-11-11T00:00:00Z,1.64033,1.6409,1.6324999999999998,1.63791,125367,90842144000,81
2015-11-12T00:00:00Z,1.63781,1.65496,1.6317,1.6510500000000001,165962,128534376000,81
2015-11-13T00:00:00Z,1.6509399999999999,1.6524299999999998,1.64104,1.6432,136637,99394490000,81
2015-11-15T00:00:00Z,1.6380599999999998,1.643,1.63777,1.64229,2899,1531945000,88
2015-11-16T00:00:00Z,1.6424699999999999,1.65725,1.6356000000000002,1.64435,134660,99001396000,81
2015-11-17T00:00:00Z,1.6442999999999999,1.65138,1.64264,1.6429,143523,101833714000,81
2015-11-18T00:00:00Z,1.64286,1.6543299999999999,1.63978,1.6461999999999999,139204,93154412000,81
2015-11-19T00:00:00Z,1.64605,1.6464400000000001,1.62964,1.63483,154036,101284725000,81
2015-11-20T00:00:00Z,1.63483,1.6360999999999999,1.61834,1.6211,143820,103942900000,81
2015-11-22T00:00:00Z,1.62051,1.62228,1.62051,1.62191,1111,663000000,81
2015-11-23T00:00:00Z,1.62191,1.63511,1.62106,1.6319599999999999,148693,106062327000,81
2015-11-24T00:00:00Z,1.63191,1.6373,1.6209799999999999,1.62347,151893,108271498000,56
2015-11-25T00:00:00Z,1.6235,1.6257700000000002,1.61042,1.61351,164669,109804835000,81
2015-11-26T00:00:00Z,1.61351,1.61784,1.60833,1.6155599999999999,112476,91020663000,81
2015-11-27T00:00:00Z,1.61563,1.6234600000000001,1.61125,1.6202100000000002,125594,101737843000,81
2015-11-29T00:00:00Z,1.61943,1.6221999999999999,1.61896,1.6213600000000001,1028,638976000,81
2015-11-30T00:00:00Z,1.6215199999999999,1.62382,1.60179,1.60409,128010,95485577000,76
2015-12-01T00:00:00Z,1.60409,1.6047500000000001,1.58888,1.59186,150442,99295359000,73
2015-12-02T00:00:00Z,1.59182,1.60049,1.58731,1.5972,156921,113545800000,81
2015-12-03T00:00:00Z,1.5972,1.64848,1.57991,1.6378599999999999,191975,143176973000,81
2015-12-04T00:00:00Z,1.63744,1.63839,1.60714,1.6112,183407,140974410000,81
2015-12-06T00:00:00Z,1.6109200000000001,1.6164399999999999,1.61091,1.6156000000000001,1218,739845000,85
2015-12-07T00:00:00Z,1.61579,1.63496,1.61369,1.63179,137176,105446249000,81
2015-12-08T00:00:00Z,1.6317300000000001,1.64537,1.63025,1.63654,149983,113979950000,81
2015-12-09T00:00:00Z,1.63652,1.6720000000000002,1.62948,1.63464,167589,123951694000,81
2015-12-10T00:00:00Z,1.63473,1.63945,1.6140400000000001,1.6228,157569,118703295000,81
2015-12-11T00:00:00Z,1.6225800000000001,1.6441599999999998,1.61507,1.6324,154933,117310459000,81
2015-12-13T00:00:00Z,1.6352,1.6372,1.63402,1.6341700000000001,1303,702308000,86
2015-12-14T00:00:00Z,1.63423,1.6387800000000001,1.62181,1.6261999999999999,157759,123942150000,81
2015-12-15T00:00:00Z,1.6261999999999999,1.62633,1.6113300000000002,1.61265,151853,108962300000,81
2015-12-16T00:00:00Z,1.61261,1.6228799999999999,1.60248,1.61086,152932,112860237000,81
2015-12-17T00:00:00Z,1.61086,1.6205699999999998,1.60187,1.61936,141482,112542096000,48
2015-12-18T00:00:00Z,1.6194,1.62175,1.6054,1.61433,135331,106969798000,81
2015-12-20T00:00:00Z,1.61161,1.6138,1.61019,1.6124100000000001,1325,693900000,82
2015-12-21T00:00:00Z,1.6124399999999999,1.6167,1.6061100000000001,1.61134,112930,84966047000,81
2015-12-22T00:00:00Z,1.6113499999999998,1.61242,1.59638,1.6068799999999999,118313,104262700000,81
2015-12-23T00:00:00Z,1.6070600000000002,1.6146099999999999,1.60022,1.6056300000000001,117325,104725700000,81
2015-12-24T00:00:00Z,1.60565,1.6098599999999998,1.60102,1.60183,53412,43141700000,81
2015-12-27T00:00:00Z,1.59952,1.60447,1.5986,1.60214,1463,1057987000,116
2015-12-28T00:00:00Z,1.60233,1.6084100000000001,1.59992,1.6012,67473,53358569000,81
2015-12-29T00:00:00Z,1.6014,1.6016,1.5868,1.5905,86314,65007903000,81
2015-12-30T00:00:00Z,1.5906099999999999,1.59876,1.59013,1.5977999999999999,85045,69680223000,46
2015-12-31T00:00:00Z,1.59771,1.59887,1.58353,1.58753,74615,58383450000,46
2016-01-03T00:00:00Z,1.59066,1.59137,1.5897000000000001,1.5901,776,471650000,100
2016-01-04T00:00:00Z,1.5899,1.61893,1.587,1.60351,155505,122208800000,81
2016-01-05T00:00:00Z,1.60351,1.61035,1.59724,1.6036899999999998,140852,113490500000,29
2016-01-06T00:00:00Z,1.6036899999999998,1.62761,1.60225,1.6227,163172,124804950000,27
2016-01-07T00:00:00Z,1.62294,1.65236,1.6164,1.6476,177126,137549950000,46
2016-01-08T00:00:00Z,1.6476,1.67012,1.62761,1.66848,170433,140479065000,81
2016-01-11T00:00:00Z,1.67813,1.6837,1.65222,1.6550099999999999,167061,114946800000,49
2016-01-12T00:00:00Z,1.655,1.671,1.6503999999999999,1.66033,164229,138288025000,46
2016-01-13T00:00:00Z,1.6603400000000001,1.6738,1.6404,1.6717,168938,138822435000,46
2016-01-14T00:00:00Z,1.6715,1.70207,1.66781,1.6772399999999998,186368,157926750000,46
2016-01-15T00:00:00Z,1.6772399999999998,1.7132800000000001,1.6716,1.6862599999999999,187293,162850927000,81
2016-01-17T00:00:00Z,1.70412,1.70412,1.69266,1.6939199999999999,2338,19858550000,120
2016-01-18T00:00:00Z,1.69393,1.69842,1.67784,1.68281,146941,145122942000,81
2016-01-19T00:00:00Z,1.68265,1.70703,1.6672,1.7051699999999999,177296,147088381000,81
2016-01-20T00:00:00Z,1.70527,1.72685,1.69001,1.6914799999999999,192051,160958494000,81
2016-01-21T00:00:00Z,1.69143,1.70061,1.65665,1.66445,204635,174536351000,46
2016-01-22T00:00:00Z,1.6644,1.67361,1.6520700000000001,1.66334,159357,135395039000,81
2016-01-24T00:00:00Z,1.65978,1.66594,1.6595499999999999,1.66554,863,911497000,46
2016-01-25T00:00:00Z,1.6656499999999999,1.6819600000000001,1.6541700000000001,1.68076,154411,139629560000,46
2016-01-26T00:00:00Z,1.68076,1.68911,1.66528,1.67334,157845,147101145000,46
2016-01-27T00:00:00Z,1.67334,1.70039,1.66133,1.69417,179604,160459370000,31
2016-01-28T00:00:00Z,1.69421,1.69882,1.6745700000000001,1.6886700000000001,178875,166061565000,44
2016-01-29T00:00:00Z,1.6886100000000002,1.68993,1.66425,1.66932,195856,169671374000,34
2016-01-31T00:00:00Z,1.66722,1.6755900000000001,1.66686,1.67485,1430,632720000,81
2016-02-01T00:00:00Z,1.67482,1.6832,1.6600700000000002,1.66516,154842,135691200000,35
2016-02-02T00:00:00Z,1.66509,1.69112,1.66153,1.67443,163607,134607833000,40
2016-02-03T00:00:00Z,1.67443,1.6774499999999999,1.65072,1.66323,198917,166554592000,81
2016-02-04T00:00:00Z,1.6631399999999998,1.66937,1.65848,1.6666400000000001,203083,188601460000,23
2016-02-05T00:00:00Z,1.6668500000000002,1.6840899999999999,1.66112,1.68224,174580,167773125000,81
2016-02-07T00:00:00Z,1.6811099999999999,1.68394,1.6811099999999999,1.68285,1007,861400000,96
2016-02-08T00:00:00Z,1.6828699999999999,1.6936499999999999,1.6752,1.69128,186604,183441198000,81
2016-02-09T00:00:00Z,1.69128,1.71383,1.68491,1.69991,222314,214065768000,81
2016-02-10T00:00:00Z,1.6999,1.71006,1.67313,1.68719,222621,208607351000,81
2016-02-11T00:00:00Z,1.68733,1.72172,1.6778,1.67967,241782,201049400000,81
2016-02-12T00:00:00Z,1.67978,1.7036799999999999,1.6785999999999999,1.6965400000000002,198882,175099450000,81
2016-02-14T00:00:00Z,1.6962000000000002,1.6985999999999999,1.69431,1.69557,2342,1246900000,103
2016-02-15T00:00:00Z,1.69564,1.69592,1.6704400000000001,1.6806,186693,154674790000,81
2016-02-16T00:00:00Z,1.6805400000000001,1.70389,1.67334,1.69207,192241,168748100000,81
2016-02-17T00:00:00Z,1.69194,1.7027999999999999,1.67397,1.6775099999999998,191749,162125200000,81
2016-02-18T00:00:00Z,1.67755,1.68037,1.6694,1.67252,183118,155549850000,81
2016-02-19T00:00:00Z,1.67259,1.68884,1.67081,1.6770399999999999,170876,148676887000,62
2016-02-21T00:00:00Z,1.6712,1.67519,1.6693500000000001,1.67509,3611,2757200000,100
2016-02-22T00:00:00Z,1.6750500000000001,1.67909,1.63737,1.6455199999999999,179469,151246260000,81
2016-02-23T00:00:00Z,1.6455600000000001,1.66071,1.6389,1.66044,181213,155832230000,81
2016-02-24T00:00:00Z,1.66044,1.66839,1.64926,1.6551,193957,166987250000,81
2016-02-25T00:00:00Z,1.6549,1.65987,1.63673,1.63853,184388,166412550000,81
2016-02-26T00:00:00Z,1.6383999999999999,1.65137,1.62633,1.6469200000000002,174334,152215850000,81
2016-02-28T00:00:00Z,1.6555900000000001,1.65798,1.65351,1.65556,2868,1484150000,88
2016-02-29T00:00:00Z,1.6556600000000001,1.6633,1.64409,1.64553,191145,151603700000,81
2016-03-01T00:00:00Z,1.64553,1.65091,1.6358000000000001,1.6360999999999999,186306,153415920000,24
2016-03-02T00:00:00Z,1.6360999999999999,1.64709,1.62634,1.6295,188364,156156487000,64
2016-03-03T00:00:00Z,1.62944,1.63224,1.61997,1.6291,178785,153129100000,46
2016-03-04T00:00:00Z,1.62906,1.62998,1.61171,1.6131199999999999,178946,146624335000,81
2016-03-06T00:00:00Z,1.61789,1.61864,1.6151,1.6153300000000002,1185,715600000,86
2016-03-07T00:00:00Z,1.6153300000000002,1.62639,1.6128200000000001,1.62212,160160,135222950000,81
2016-03-08T00:00:00Z,1.62212,1.63635,1.6200700000000001,1.6339000000000001,172925,142636918000,81
2016-03-09T00:00:00Z,1.63395,1.6574200000000001,1.61409,1.65626,171979,143036800000,81
2016-03-10T00:00:00Z,1.65626,1.6840600000000001,1.6231,1.6762000000000001,205853,168639873000,81
2016-03-11T00:00:00Z,1.6762000000000001,1.67734,1.65099,1.65208,172357,133902712000,81
2016-03-13T00:00:00Z,1.6553,1.6604999999999999,1.65504,1.65814,4469,3454120000,100
2016-03-14T00:00:00Z,1.65822,1.66634,1.65114,1.66419,170008,133040100000,81
2016-03-15T00:00:00Z,1.66418,1.6857600000000001,1.66001,1.6790500000000002,159373,133659430000,81
2016-03-16T00:00:00Z,1.6790500000000002,1.68696,1.65233,1.66512,167246,142020140000,81
2016-03-17T00:00:00Z,1.66512,1.66591,1.64934,1.65613,201215,164136696000,81
2016-03-18T00:00:00Z,1.65613,1.6616900000000001,1.64722,1.6572900000000002,162127,143562200000,81
2016-03-20T00:00:00Z,1.65913,1.66123,1.65913,1.6609699999999998,1595,1138050000,95
2016-03-21T00:00:00Z,1.66096,1.66996,1.65628,1.65942,148725,129591328000,32
2016-03-22T00:00:00Z,1.6593,1.6682700000000001,1.658,1.6623999999999999,164980,149372400000,81
2016-03-23T00:00:00Z,1.6623999999999999,1.67146,1.65613,1.6646800000000002,139419,121456250000,81
2016-03-24T00:00:00Z,1.66472,1.6726,1.6625,1.66852,136274,125217548000,81
2016-03-25T00:00:00Z,1.66859,1.6713200000000001,1.66141,1.6632500000000001,59579,35630092000,81
2016-03-27T00:00:00Z,1.66951,1.67145,1.66914,1.67029,519,463500000,120
2016-03-28T00:00:00Z,1.66989,1.67217,1.66006,1.6639599999999999,74371,61244143000,81
2016-03-29T00:00:00Z,1.66391,1.6652,1.63978,1.64316,162477,134518234000,81
2016-03-30T00:00:00Z,1.64317,1.65039,1.62607,1.6385100000000001,182652,158199460000,81
2016-03-31T00:00:00Z,1.6385,1.6492900000000001,1.63605,1.64505,178146,147968774000,81
2016-04-01T00:00:00Z,1.64505,1.6648100000000001,1.6402999999999999,1.64852,168741,151032595000,60
2016-04-03T00:00:00Z,1.6537,1.654,1.65183,1.65206,968,794800000,111
2016-04-04T00:00:00Z,1.6520700000000001,1.66825,1.65089,1.6668500000000002,145448,128304502000,81
2016-04-05T00:00:00Z,1.6669399999999999,1.6796600000000002,1.6665999999999999,1.67197,168834,138514320000,60
2016-04-06T00:00:00Z,1.6719,1.67558,1.666,1.67,167301,150412948000,81
2016-04-07T00:00:00Z,1.67021,1.68258,1.6641599999999999,1.67707,185215,161782670000,81
2016-04-08T00:00:00Z,1.677,1.67822,1.66764,1.67367,150380,131344400000,81
2016-04-10T00:00:00Z,1.67488,1.6766,1.67317,1.6745,544,400750000,124
2016-04-11T00:00:00Z,1.67442,1.68014,1.6604100000000002,1.66358,150758,132012500000,81
2016-04-12T00:00:00Z,1.66363,1.6651799999999999,1.64311,1.6441,164641,140749400000,81
2016-04-13T00:00:00Z,1.64412,1.64528,1.6278299999999999,1.6294,168377,153590050000,81
2016-04-14T00:00:00Z,1.62935,1.64876,1.6290499999999999,1.64428,161149,143306501000,81
2016-04-15T00:00:00Z,1.64428,1.64517,1.6266,1.6293199999999999,135596,122184038000,81
2016-04-17T00:00:00Z,1.64025,1.6412900000000001,1.638,1.63843,894,573000000,81
2016-04-18T00:00:00Z,1.6383299999999998,1.64856,1.6251,1.6251,142390,120827387000,81
2016-04-19T00:00:00Z,1.6251,1.62584,1.6099,1.6105399999999999,138798,125763320000,81
2016-04-20T00:00:00Z,1.61048,1.62619,1.61001,1.6189,147514,124335345000,81
2016-04-21T00:00:00Z,1.61884,1.63739,1.6176599999999999,1.6314899999999999,149133,137256510000,81
2016-04-22T00:00:00Z,1.6314899999999999,1.6413600000000002,1.62907,1.6357300000000001,140016,127893949000,81
2016-04-24T00:00:00Z,1.6372499999999999,1.63731,1.63389,1.63644,844,628500000,46
2016-04-25T00:00:00Z,1.63642,1.6471,1.63389,1.6425,115353,109283501000,46
2016-04-26T00:00:00Z,1.64254,1.64359,1.6343999999999999,1.63699,120612,111758898000,81
2016-04-27T00:00:00Z,1.63699,1.65619,1.63015,1.6373,137481,128684914000,81
2016-04-28T00:00:00Z,1.6373,1.6390799999999999,1.62158,1.6298,144768,137869149000,81
2016-04-29T00:00:00Z,1.6298,1.64288,1.62598,1.63988,137346,126430550000,81
2016-05-01T00:00:00Z,1.64189,1.6425999999999998,1.6404,1.64052,357,207400000,102
2016-05-02T00:00:00Z,1.64036,1.64607,1.6339000000000001,1.64165,112350,101362994000,81
2016-05-03T00:00:00Z,1.64161,1.66703,1.6341,1.6613,153562,138098175000,46
2016-05-04T00:00:00Z,1.6614,1.67398,1.6568,1.6682299999999999,154275,140081885000,81
2016-05-05T00:00:00Z,1.66821,1.67102,1.6516,1.6562999999999999,128429,112634979000,81
2016-05-06T00:00:00Z,1.6562999999999999,1.67653,1.654,1.6646800000000002,130660,118486569000,81
2016-05-08T00:00:00Z,1.66693,1.6699899999999999,1.66574,1.6683,532,391075000,96
2016-05-09T00:00:00Z,1.6682299999999999,1.68455,1.66353,1.6818,121807,112127090000,81
2016-05-10T00:00:00Z,1.68187,1.6926700000000001,1.6655,1.6721,125399,117378699000,46
2016-05-11T00:00:00Z,1.67206,1.68017,1.66648,1.6754,114011,109841548000,81
2016-05-12T00:00:00Z,1.6750500000000001,1.67667,1.66472,1.6675900000000001,115528,106561400000,48
2016-05-13T00:00:00Z,1.6675900000000001,1.6731099999999999,1.66402,1.6671200000000002,123021,115763581000,81
2016-05-15T00:00:00Z,1.67165,1.67165,1.6690399999999999,1.6696499999999999,450,224750000,115
2016-05-16T00:00:00Z,1.6697,1.67581,1.6634,1.6673,95789,90440250000,81
2016-05-17T00:00:00Z,1.6672,1.6693500000000001,1.65469,1.6606,116878,108204140000,81
2016-05-18T00:00:00Z,1.6606,1.6700300000000001,1.6581700000000001,1.6642000000000001,137041,123711194000,81
2016-05-19T00:00:00Z,1.66401,1.6667999999999998,1.65758,1.66086,142124,122088920000,81
2016-05-20T00:00:00Z,1.66086,1.6620300000000001,1.6532,1.65769,101007,95004244000,81
2016-05-22T00:00:00Z,1.65388,1.6568800000000001,1.65388,1.6562000000000001,718,402250000,88
2016-05-23T00:00:00Z,1.65606,1.65942,1.64704,1.65862,115563,99994203000,81
2016-05-24T00:00:00Z,1.65865,1.67095,1.6524,1.6526999999999998,123424,112424561000,81
2016-05-25T00:00:00Z,1.6526,1.6606,1.646,1.6596,121818,105744564000,57
2016-05-26T00:00:00Z,1.6595,1.66849,1.65517,1.65913,122366,108400988000,81
2016-05-27T00:00:00Z,1.65913,1.6623,1.65469,1.65886,110710,100697487000,81
2016-05-29T00:00:00Z,1.66035,1.66038,1.6591,1.65915,306,217600000,98
2016-05-30T00:00:00Z,1.6591900000000002,1.6651500000000001,1.6566999999999998,1.66334,76889,64099891000,81
2016-05-31T00:00:00Z,1.66327,1.6644999999999999,1.6429,1.64453,131147,116407966000,81
2016-06-01T00:00:00Z,1.64453,1.64533,1.6322999999999999,1.6406,137398,123706040000,57
2016-06-02T00:00:00Z,1.64056,1.65055,1.6349200000000002,1.63761,130870,118843668000,81
2016-06-03T00:00:00Z,1.6376,1.63913,1.62235,1.63312,138810,122066780000,81
2016-06-05T00:00:00Z,1.63201,1.63625,1.63201,1.63622,725,400900000,81
2016-06-06T00:00:00Z,1.63622,1.6417899999999999,1.6338,1.64176,138562,119732469000,81
2016-06-07T00:00:00Z,1.64187,1.64665,1.6253,1.629,126599,113957992000,81
2016-06-08T00:00:00Z,1.629,1.63464,1.60056,1.6074000000000002,129355,118793592000,77
2016-06-09T00:00:00Z,1.60724,1.60985,1.58398,1.59222,143808,125144450000,46
2016-06-10T00:00:00Z,1.59211,1.5984699999999998,1.58639,1.59314,125727,114634230000,81
2016-06-12T00:00:00Z,1.5940400000000001,1.5965500000000001,1.5926,1.5958,531,268500000,81
2016-06-13T00:00:00Z,1.59569,1.60332,1.59139,1.59975,136625,120606371000,58
2016-06-14T00:00:00Z,1.59991,1.60802,1.5943100000000001,1.6049,133309,123307384000,81
2016-06-15T00:00:00Z,1.6048,1.60914,1.59232,1.59937,131850,118209037000,74
2016-06-16T00:00:00Z,1.5993300000000001,1.60379,1.5869499999999999,1.5914000000000001,162405,147068115000,76
2016-06-17T00:00:00Z,1.5913300000000001,1.60019,1.5908,1.5999400000000001,125893,112464982000,65
2016-06-19T00:00:00Z,1.6005500000000001,1.6013600000000001,1.5984,1.59961,541,624250000,102
2016-06-20T00:00:00Z,1.5996899999999998,1.60358,1.58732,1.5905,127824,110219899000,81
2016-06-21T00:00:00Z,1.5905,1.5951499999999998,1.57447,1.57874,118747,103859936000,81
2016-06-22T00:00:00Z,1.57851,1.57996,1.57232,1.5785,110220,105328338000,81
2016-06-23T00:00:00Z,1.5783,1.5814300000000001,1.55862,1.5747,131397,133249040000,81
2016-06-24T00:00:00Z,1.57467,1.58594,1.54491,1.54816,177702,138512968000,81
2016-06-26T00:00:00Z,1.5549,1.5612,1.5549,1.55851,1646,1196470000,158
2016-06-27T00:00:00Z,1.5588600000000001,1.5760399999999999,1.55189,1.57444,191489,141238735000,81
2016-06-28T00:00:00Z,1.5745,1.57697,1.56177,1.5695000000000001,132523,113643497000,81
2016-06-29T00:00:00Z,1.5694599999999999,1.57148,1.55409,1.56437,132711,110809659000,81
2016-06-30T00:00:00Z,1.56437,1.5706,1.5485799999999998,1.5567,157409,125760330000,81
2016-07-01T00:00:00Z,1.5566,1.5596100000000002,1.54671,1.55193,115998,101267538000,81
2016-07-03T00:00:00Z,1.5509,1.55335,1.54832,1.5503,1103,779750000,150
2016-07-04T00:00:00Z,1.55084,1.5526900000000001,1.5383200000000001,1.5421,88910,76496300000,81
2016-07-05T00:00:00Z,1.5417999999999998,1.55514,1.5406,1.54708,127504,106799115000,65
2016-07-06T00:00:00Z,1.54708,1.55973,1.54707,1.55616,152407,127178022000,81
2016-07-07T00:00:00Z,1.5564200000000001,1.55823,1.5283099999999998,1.5312999999999999,135634,105209891000,81
2016-07-08T00:00:00Z,1.5312999999999999,1.53155,1.5088,1.51024,120730,96485550000,81
2016-07-10T00:00:00Z,1.51199,1.51586,1.51163,1.51526,686,438990000,102
2016-07-11T00:00:00Z,1.51536,1.5321,1.51173,1.53148,123124,106726070000,81
2016-07-12T00:00:00Z,1.53158,1.53278,1.5119,1.5160900000000002,132547,112225450000,81
2016-07-13T00:00:00Z,1.51601,1.52742,1.51303,1.52427,129643,111076599000,81
2016-07-14T00:00:00Z,1.52409,1.54904,1.5210599999999999,1.5442,142270,118153250000,81
2016-07-15T00:00:00Z,1.54427,1.55705,1.54369,1.55164,129103,110144442000,81
2016-07-17T00:00:00Z,1.5462500000000001,1.5482399999999998,1.54508,1.5468,905,441650000,99
2016-07-18T00:00:00Z,1.5467499999999998,1.5708,1.5448,1.5691000000000002,114816,96237530000,81
2016-07-19T00:00:00Z,1.56906,1.5769199999999999,1.5596999999999999,1.5608,118553,100219287000,81
2016-07-20T00:00:00Z,1.5608,1.58294,1.5564200000000001,1.5795,112862,101526436000,48
2016-07-21T00:00:00Z,1.5795,1.58345,1.57256,1.5749,128121,108607542000,81
2016-07-22T00:00:00Z,1.57489,1.5796700000000001,1.5644,1.5668600000000001,111026,90007399000,81
2016-07-24T00:00:00Z,1.56762,1.56873,1.56623,1.56715,547,376200000,95
2016-07-25T00:00:00Z,1.56758,1.5744500000000001,1.5626,1.5708,96776,76119222000,81
2016-07-26T00:00:00Z,1.5708,1.5726200000000001,1.55286,1.55451,109328,87736580000,48
2016-07-27T00:00:00Z,1.55461,1.56833,1.5524,1.56242,126677,99885025000,81
2016-07-28T00:00:00Z,1.56242,1.57027,1.5545900000000001,1.56413,113668,92410646000,81
2016-07-29T00:00:00Z,1.5643,1.56566,1.5460099999999999,1.54934,129256,105834278000,53
2016-07-31T00:00:00Z,1.5488,1.55152,1.54787,1.55121,744,507981000,145
2016-08-01T00:00:00Z,1.55146,1.55742,1.5447,1.55661,98428,79165916000,55
2016-08-02T00:00:00Z,1.55661,1.55884,1.5451000000000001,1.55002,124191,97462338000,81
2016-08-03T00:00:00Z,1.54996,1.5621800000000001,1.54979,1.55815,109653,89199729000,81
2016-08-04T00:00:00Z,1.55813,1.5590000000000002,1.54457,1.55095,115611,93731981000,81
2016-08-05T00:00:00Z,1.55091,1.5547,1.54219,1.55198,103187,80274150000,81
2016-08-07T00:00:00Z,1.55155,1.5574,1.55106,1.55661,1394,881400000,121
2016-08-08T00:00:00Z,1.5569600000000001,1.56426,1.5472000000000001,1.54952,86474,71548445000,51
2016-08-09T00:00:00Z,1.5495999999999999,1.55714,1.54665,1.55057,90447,74653168000,50
2016-08-10T00:00:00Z,1.55058,1.55472,1.52111,1.5375,114678,93342634000,47
2016-08-11T00:00:00Z,1.537,1.5457999999999998,1.53033,1.54468,102777,81905922000,81
2016-08-12T00:00:00Z,1.54457,1.55246,1.5398100000000001,1.55024,101564,81778091000,81
2016-08-14T00:00:00Z,1.5518,1.5525,1.5505499999999999,1.5518,654,331700000,141
2016-08-15T00:00:00Z,1.5516999999999999,1.55632,1.5478100000000001,1.54912,85581,66683150000,81
2016-08-16T00:00:00Z,1.54915,1.55727,1.54436,1.54741,125047,94583153000,81
2016-08-17T00:00:00Z,1.5476999999999999,1.56212,1.5390000000000001,1.55526,118672,92497963000,81
2016-08-18T00:00:00Z,1.55526,1.55871,1.5481500000000001,1.55707,127200,98754780000,57
2016-08-19T00:00:00Z,1.5571199999999998,1.56454,1.5552700000000002,1.55546,108219,80754631000,81
2016-08-21T00:00:00Z,1.5586799999999998,1.5601,1.55713,1.55923,1149,610250000,106
2016-08-22T00:00:00Z,1.55923,1.56396,1.54491,1.55171,108610,81092900000,46
2016-08-23T00:00:00Z,1.55198,1.55585,1.5428,1.54969,107645,82232597000,81
2016-08-24T00:00:00Z,1.5496400000000001,1.55408,1.53662,1.5407,113695,89841920000,81
2016-08-25T00:00:00Z,1.54053,1.5489899999999999,1.53634,1.54524,90968,71627900000,81
2016-08-26T00:00:00Z,1.54524,1.5499,1.5316999999999998,1.5465,123689,103253127000,81
2016-08-28T00:00:00Z,1.545,1.5485,1.54426,1.5480399999999999,1363,1218100000,81
2016-08-29T00:00:00Z,1.5480399999999999,1.5516100000000002,1.5396999999999998,1.5415,105687,87353378000,81
2016-08-30T00:00:00Z,1.5415,1.5453999999999999,1.53922,1.5424,109392,93150700000,81
2016-08-31T00:00:00Z,1.5423,1.54281,1.53386,1.53944,120677,90655450000,81
2016-09-01T00:00:00Z,1.53944,1.54125,1.5312299999999999,1.5343,118878,95055497000,73
2016-09-02T00:00:00Z,1.5343,1.5382,1.52342,1.52733,125440,99447400000,81
2016-09-04T00:00:00Z,1.53193,1.53235,1.52881,1.5295100000000001,1565,1350084000,104
2016-09-05T00:00:00Z,1.52956,1.5304600000000002,1.52156,1.5255,89065,73517141000,81
2016-09-06T00:00:00Z,1.52541,1.52579,1.5157,1.51719,116820,94172500000,81
2016-09-07T00:00:00Z,1.51759,1.51922,1.50236,1.50781,123883,94827790000,58
2016-09-08T00:00:00Z,1.50787,1.5238,1.50508,1.5209000000000001,130485,107903443000,81
2016-09-09T00:00:00Z,1.52109,1.53379,1.52,1.53176,123092,101672969000,65
2016-09-11T00:00:00Z,1.5340099999999999,1.53431,1.53171,1.53275,1123,523000000,66
2016-09-12T00:00:00Z,1.53282,1.54204,1.5270299999999999,1.5279,135717,111156600000,64
2016-09-13T00:00:00Z,1.5278,1.55072,1.5253999999999999,1.5466,137113,109652458000,81
2016-09-14T00:00:00Z,1.54658,1.5492,1.53906,1.5415999999999999,117590,98571548000,81
2016-09-15T00:00:00Z,1.5415,1.5501800000000001,1.5340500000000001,1.5340500000000001,113353,74176925000,81
2016-09-16T00:00:00Z,1.53404,1.53869,1.5300500000000001,1.53389,103541,56659701000,81
2016-09-18T00:00:00Z,1.5346899999999999,1.5369000000000002,1.53361,1.53544,978,398250000,151
2016-09-19T00:00:00Z,1.53521,1.53563,1.52339,1.52965,102612,77408047000,81
2016-09-20T00:00:00Z,1.5295999999999998,1.53171,1.51909,1.5236800000000001,121677,103408300000,79
2016-09-21T00:00:00Z,1.5236800000000001,1.52867,1.51587,1.5236100000000001,152418,130400347000,46
2016-09-22T00:00:00Z,1.5238399999999999,1.53793,1.51936,1.5319099999999999,127351,107932699000,46
2016-09-23T00:00:00Z,1.5319099999999999,1.55477,1.5314,1.54703,123969,103606238000,81
2016-09-25T00:00:00Z,1.54843,1.55349,1.5474299999999999,1.55247,1245,749000000,46
2016-09-26T00:00:00Z,1.55248,1.55505,1.5444200000000001,1.5467499999999998,102458,81034120000,46
2016-09-27T00:00:00Z,1.54685,1.54786,1.53129,1.5365199999999999,136417,103396799000,81
2016-09-28T00:00:00Z,1.5365799999999998,1.54958,1.5351,1.5415,137707,120072876000,53
2016-09-29T00:00:00Z,1.54162,1.54791,1.53748,1.54584,154755,128391497000,58
2016-09-30T00:00:00Z,1.54576,1.5504099999999998,1.53339,1.5420500000000001,152432,130198417000,81
2016-10-02T00:00:00Z,1.54267,1.5442,1.54085,1.54179,2440,2251350000,87
2016-10-03T00:00:00Z,1.54182,1.5478,1.53777,1.54034,115359,95598344000,68
2016-10-04T00:00:00Z,1.54034,1.55844,1.53067,1.5580500000000002,158689,133667913000,55
2016-10-05T00:00:00Z,1.5581,1.56504,1.5556100000000002,1.5628,144317,121826699000,61
2016-10-06T00:00:00Z,1.56278,1.56642,1.55354,1.5548600000000001,134369,111565846000,51
2016-10-07T00:00:00Z,1.5549,1.56807,1.55114,1.5582799999999999,181953,155072382000,81
2016-10-09T00:00:00Z,1.5561,1.56273,1.5550899999999999,1.56176,5285,4395350000,95
2016-10-10T00:00:00Z,1.56183,1.5655000000000001,1.55871,1.55898,107117,93123530000,81
2016-10-11T00:00:00Z,1.5590600000000001,1.57605,1.5589,1.56639,149516,128323148000,81
2016-10-12T00:00:00Z,1.56638,1.56673,1.55609,1.56135,147623,127353528000,81
2016-10-13T00:00:00Z,1.5613000000000001,1.56549,1.5556100000000002,1.55898,122571,103705023000,60
2016-10-14T00:00:00Z,1.55897,1.55995,1.5441,1.54556,128666,109804150000,81
2016-10-16T00:00:00Z,1.54539,1.5469300000000001,1.54455,1.54581,972,876200000,88
2016-10-17T00:00:00Z,1.54582,1.5495700000000001,1.52986,1.53293,120926,104494170000,81
2016-10-18T00:00:00Z,1.53298,1.536,1.5225499999999998,1.52509,121271,103408082000,81
2016-10-19T00:00:00Z,1.525,1.52668,1.51296,1.5171700000000001,122880,104779528000,81
2016-10-20T00:00:00Z,1.5172400000000001,1.52864,1.5098,1.51881,126464,110164780000,67
2016-10-21T00:00:00Z,1.51898,1.5220099999999999,1.51675,1.51763,119528,101491603000,81
2016-10-23T00:00:00Z,1.51784,1.52071,1.51714,1.51951,561,387257000,92
2016-10-24T00:00:00Z,1.51939,1.5274100000000002,1.51569,1.5271599999999999,108582,94382936000,64
2016-10-25T00:00:00Z,1.52718,1.52868,1.51811,1.51911,127499,110590919000,81
2016-10-26T00:00:00Z,1.51905,1.52668,1.51705,1.52508,130479,92417890000,81
2016-10-27T00:00:00Z,1.52508,1.53463,1.52112,1.5301,131275,114188600000,47
2016-10-28T00:00:00Z,1.53015,1.53596,1.52555,1.53058,142509,125061922000,81
2016-10-30T00:00:00Z,1.53389,1.53474,1.53301,1.53323,7383,6757563000,60
2016-10-31T00:00:00Z,1.5333,1.5367,1.52957,1.5338,110287,99837754000,68
2016-11-01T00:00:00Z,1.5338500000000002,1.54493,1.52786,1.5335999999999999,129495,116265304000,46
2016-11-02T00:00:00Z,1.5335999999999999,1.53508,1.5173100000000002,1.52207,152217,129171467000,46
2016-11-03T00:00:00Z,1.52203,1.52622,1.5115699999999999,1.51474,141484,123814125000,50
2016-11-04T00:00:00Z,1.51475,1.52204,1.5128,1.51986,131615,116728592000,81
2016-11-06T00:00:00Z,1.50534,1.51512,1.50534,1.51196,2692,1975481000,74
2016-11-07T00:00:00Z,1.51208,1.5178099999999999,1.50145,1.50293,127244,114026715000,46
2016-11-08T00:00:00Z,1.50293,1.50807,1.4875099999999999,1.49528,125425,108087345000,81
2016-11-09T00:00:00Z,1.49516,1.55115,1.48433,1.49794,290384,259841339000,46
2016-11-10T00:00:00Z,1.49798,1.5147300000000001,1.49398,1.50838,188520,150599567000,46
2016-11-11T00:00:00Z,1.5084,1.5253299999999999,1.50706,1.5203799999999998,184474,158627408000,81
2016-11-13T00:00:00Z,1.51669,1.5203799999999998,1.5155699999999999,1.52021,3664,2588964000,74
2016-11-14T00:00:00Z,1.5202200000000001,1.52525,1.5070299999999999,1.5087199999999998,202906,167494428000,53
2016-11-15T00:00:00Z,1.50875,1.5190700000000001,1.50461,1.5099399999999998,165726,139159995000,46
2016-11-16T00:00:00Z,1.5099399999999998,1.51965,1.5079099999999999,1.5098500000000001,159658,136545922000,53
2016-11-17T00:00:00Z,1.50986,1.51558,1.50534,1.51254,151784,134927717000,71
2016-11-18T00:00:00Z,1.51267,1.5131299999999999,1.50386,1.50837,174890,158479495000,81
2016-11-20T00:00:00Z,1.51451,1.5152,1.5087000000000002,1.51162,2795,2241953000,81
2016-11-21T00:00:00Z,1.51163,1.5152299999999999,1.5011999999999999,1.5029599999999999,171655,155400726000,81
2016-11-22T00:00:00Z,1.5028700000000002,1.5074100000000001,1.49982,1.5042,160075,150979664000,81
2016-11-23T00:00:00Z,1.50431,1.50706,1.5015100000000001,1.50614,155056,135265223000,69
2016-11-24T00:00:00Z,1.50614,1.51158,1.50336,1.50645,142257,123981107000,81
2016-11-25T00:00:00Z,1.5064199999999999,1.5085600000000001,1.50023,1.50023,166048,146643824000,81
2016-11-27T00:00:00Z,1.5047199999999998,1.50573,1.50204,1.50453,2271,1585949000,104
2016-11-28T00:00:00Z,1.50447,1.5091,1.49557,1.49833,176563,156162974000,81
2016-11-29T00:00:00Z,1.49833,1.49943,1.48952,1.49289,156877,144325564000,81
2016-11-30T00:00:00Z,1.4929000000000001,1.49732,1.48346,1.49463,185701,168217846000,46
2016-12-01T00:00:00Z,1.49464,1.5064,1.49348,1.50331,174628,158916314000,81
2016-12-02T00:00:00Z,1.50342,1.50636,1.4896099999999999,1.4896099999999999,154585,144777256000,81
2016-12-04T00:00:00Z,1.48593,1.48909,1.47993,1.48445,7255,6844269000,46
2016-12-05T00:00:00Z,1.48435,1.51339,1.47667,1.5061,208066,192127256000,46
2016-12-06T00:00:00Z,1.5061200000000001,1.5157500000000002,1.5017200000000002,1.50475,148966,140967787000,56
2016-12-07T00:00:00Z,1.50475,1.5084300000000002,1.49765,1.49836,130268,123775171000,46
2016-12-08T00:00:00Z,1.49839,1.50885,1.47624,1.47947,166440,146448248000,81
2016-12-09T00:00:00Z,1.47949,1.48186,1.47164,1.47345,142526,136544022000,81
2016-12-11T00:00:00Z,1.47712,1.48116,1.4769700000000001,1.48072,1778,1360114000,100
2016-12-12T00:00:00Z,1.4807299999999999,1.48096,1.47306,1.47771,140968,123348916000,55
2016-12-13T00:00:00Z,1.47775,1.48052,1.4687700000000001,1.47516,148724,137425573000,81
2016-12-14T00:00:00Z,1.47522,1.48187,1.4704,1.48136,173036,155601362000,81
2016-12-15T00:00:00Z,1.4813399999999999,1.48268,1.47253,1.47923,230204,189666795000,46
2016-12-16T00:00:00Z,1.47923,1.50163,1.47703,1.49892,180284,145574879000,81
2016-12-18T00:00:00Z,1.49772,1.50094,1.49702,1.49926,1668,1204032000,97
2016-12-19T00:00:00Z,1.49926,1.5051999999999999,1.49617,1.50094,166488,150462172000,81
2016-12-20T00:00:00Z,1.5009000000000001,1.50586,1.49858,1.49933,145831,134090952000,81
2016-12-21T00:00:00Z,1.49933,1.51196,1.49704,1.50926,135074,119638710000,73
2016-12-22T00:00:00Z,1.50926,1.51718,1.5074800000000002,1.51101,140555,122768692000,79
2016-12-23T00:00:00Z,1.51102,1.52306,1.51036,1.51361,96894,88526359000,81
2016-12-26T00:00:00Z,1.5181900000000002,1.5183200000000001,1.46614,1.51471,40841,30284228000,51
2016-12-27T00:00:00Z,1.51471,1.51868,1.51226,1.5165199999999999,80496,74205705000,46
2016-12-28T00:00:00Z,1.51655,1.51703,1.49915,1.5036,121392,107601086000,70
2016-12-29T00:00:00Z,1.5036,1.50975,1.5007700000000002,1.5073699999999999,146676,126018278000,81
2016-12-30T00:00:00Z,1.5073400000000001,1.52783,1.50605,1.51165,170803,125224326000,81
2017-01-01T00:00:00Z,1.51323,1.5135399999999999,1.51311,1.51325,338,627730000,480
2017-01-02T00:00:00Z,1.5133,1.5178099999999999,1.50428,1.5091,102597,94062439000,81
2017-01-03T00:00:00Z,1.50923,1.51088,1.49949,1.50433,160365,135717151000,57
2017-01-04T00:00:00Z,1.50437,1.5095399999999999,1.5001,1.50511,181348,150567775000,81
2017-01-05T00:00:00Z,1.50503,1.5105,1.5036399999999999,1.50995,219015,174721043000,81
2017-01-06T00:00:00Z,1.50998,1.51494,1.50173,1.5070700000000001,175664,146606860000,81
2017-01-08T00:00:00Z,1.51091,1.51328,1.51027,1.51268,1273,829625000,46
2017-01-09T00:00:00Z,1.5126300000000001,1.5142600000000002,1.5026899999999999,1.50767,151614,134888558000,81
2017-01-10T00:00:00Z,1.5077099999999999,1.51884,1.50571,1.5105,183021,163394877000,56
2017-01-11T00:00:00Z,1.5104600000000001,1.5139399999999998,1.49645,1.49949,214566,180866773000,81
2017-01-12T00:00:00Z,1.49958,1.5009299999999999,1.49079,1.4936,218402,163652134000,81
2017-01-13T00:00:00Z,1.4936,1.49991,1.48962,1.49008,186285,157385031000,81
2017-01-15T00:00:00Z,1.48941,1.49439,1.48853,1.49067,2458,1511633000,94
2017-01-16T00:00:00Z,1.4907599999999999,1.49692,1.48704,1.49195,149276,138294668000,81
2017-01-17T00:00:00Z,1.49195,1.49403,1.48223,1.48481,213862,150013257000,81
2017-01-18T00:00:00Z,1.48479,1.49215,1.48244,1.49072,180263,160361181000,68
2017-01-19T00:00:00Z,1.49067,1.49234,1.47679,1.4843199999999999,208772,169612085000,80
2017-01-20T00:00:00Z,1.4843600000000001,1.49421,1.4774,1.48971,201045,172988013000,81
2017-01-22T00:00:00Z,1.49224,1.49315,1.49039,1.4917099999999999,1460,1068049000,98
2017-01-23T00:00:00Z,1.49174,1.49485,1.48182,1.48318,183521,161639583000,46
2017-01-24T00:00:00Z,1.48358,1.48869,1.47833,1.47899,170364,149667123000,66
2017-01-25T00:00:00Z,1.47901,1.48441,1.46903,1.47266,182392,148438987000,58
2017-01-26T00:00:00Z,1.47266,1.48289,1.47126,1.47418,175611,146417238000,81
2017-01-27T00:00:00Z,1.4742,1.47563,1.46991,1.46993,155037,127260723000,81
2017-01-29T00:00:00Z,1.47221,1.47294,1.46987,1.4727299999999999,2068,1187945000,112
2017-01-30T00:00:00Z,1.47279,1.47775,1.4645299999999999,1.4682,154994,132986567000,46
2017-01-31T00:00:00Z,1.4681899999999999,1.48006,1.46596,1.47832,198682,161864388000,55
2017-02-01T00:00:00Z,1.47835,1.48625,1.4777,1.4837,180552,148841013000,55
2017-02-02T00:00:00Z,1.4837799999999999,1.4861,1.4741,1.47686,188954,153339270000,56
2017-02-03T00:00:00Z,1.47685,1.4801,1.471,1.47302,170335,143473112000,81
2017-02-05T00:00:00Z,1.47471,1.47653,1.47308,1.47497,1105,683502000,118
2017-02-06T00:00:00Z,1.47498,1.47498,1.46618,1.46788,156332,136141441000,46
2017-02-07T00:00:00Z,1.46788,1.46871,1.4530699999999999,1.46322,173770,139424553000,56
2017-02-08T00:00:00Z,1.46343,1.4756,1.45657,1.47537,178075,150069070000,53
2017-02-09T00:00:00Z,1.47558,1.4858,1.47372,1.48309,162191,132993545000,48
2017-02-10T00:00:00Z,1.48309,1.48323,1.47501,1.47528,156681,135000152000,81
2017-02-12T00:00:00Z,1.47391,1.47577,1.47391,1.47574,1494,1091846000,85
2017-02-13T00:00:00Z,1.47572,1.48242,1.47242,1.47623,140616,123899807000,60
2017-02-14T00:00:00Z,1.47623,1.48026,1.4723,1.4745599999999999,162596,139859568000,46
2017-02-15T00:00:00Z,1.47457,1.47686,1.4664,1.46762,166595,146779706000,46
2017-02-16T00:00:00Z,1.46765,1.47993,1.46539,1.47832,168047,146719846000,46
2017-02-17T00:00:00Z,1.47832,1.48311,1.4755,1.47563,147807,135906330000,81
2017-02-19T00:00:00Z,1.47288,1.47741,1.47288,1.47719,1840,1357171000,88
2017-02-20T00:00:00Z,1.47721,1.4797500000000001,1.47435,1.47683,113775,106642370000,81
2017-02-21T00:00:00Z,1.47676,1.47983,1.46998,1.47154,149711,132017887000,54
2017-02-22T00:00:00Z,1.47154,1.47468,1.46346,1.4687299999999999,161172,142869821000,81
2017-02-23T00:00:00Z,1.4687000000000001,1.47014,1.45882,1.46167,149190,132507590000,81
2017-02-24T00:00:00Z,1.4617,1.4730400000000001,1.46156,1.46486,140636,125916734000,81
2017-02-26T00:00:00Z,1.46635,1.46695,1.46581,1.46675,1188,907573000,94
2017-02-27T00:00:00Z,1.46678,1.47267,1.46552,1.47224,143435,131260436000,46
2017-02-28T00:00:00Z,1.47226,1.4743,1.46657,1.47152,155659,138449889000,60
2017-03-01T00:00:00Z,1.47154,1.48414,1.47069,1.47559,194441,161950569000,75
2017-03-02T00:00:00Z,1.47554,1.48963,1.47362,1.48754,163848,142767127000,46
2017-03-03T00:00:00Z,1.48754,1.50869,1.48704,1.5042,168168,149382641000,81
2017-03-05T00:00:00Z,1.50878,1.50976,1.5076800000000001,1.509,2887,2454066000,81
2017-03-06T00:00:00Z,1.509,1.51369,1.50464,1.513,143272,129589384000,46
2017-03-07T00:00:00Z,1.51301,1.51956,1.50862,1.51816,137540,122798731000,62
2017-03-08T00:00:00Z,1.51803,1.52638,1.51389,1.52546,151806,125953206000,48
2017-03-09T00:00:00Z,1.5254699999999999,1.5359699999999998,1.52386,1.5326300000000002,180833,152795626000,47
2017-03-10T00:00:00Z,1.5326300000000002,1.54419,1.5307,1.54093,168127,142747472000,68
2017-03-12T00:00:00Z,1.54036,1.5424099999999998,1.5402,1.5417,2552,2262340000,81
2017-03-13T00:00:00Z,1.5416699999999999,1.5451000000000001,1.53558,1.53972,148224,133380716000,81
2017-03-14T00:00:00Z,1.53972,1.5428199999999999,1.53103,1.53213,145006,132070302000,81
2017-03-15T00:00:00Z,1.5322,1.53366,1.5202900000000001,1.52954,170046,149020330000,81
2017-03-16T00:00:00Z,1.52957,1.54375,1.52489,1.5422799999999999,175302,155540323000,81
2017-03-17T00:00:00Z,1.5422799999999999,1.54373,1.5263,1.5292400000000002,137356,127292601000,81
2017-03-19T00:00:00Z,1.5300799999999999,1.53018,1.5280399999999998,1.53018,2457,1779626000,54
2017-03-20T00:00:00Z,1.53024,1.5305499999999999,1.52067,1.5221900000000002,125455,113175836000,47
2017-03-21T00:00:00Z,1.5222,1.53605,1.52118,1.53463,164550,141604769000,61
2017-03-22T00:00:00Z,1.5346199999999999,1.53776,1.5272000000000001,1.53149,159769,141932718000,46
2017-03-23T00:00:00Z,1.53148,1.53538,1.5279500000000001,1.5342,151892,131005181000,46
2017-03-24T00:00:00Z,1.53422,1.54123,1.53051,1.5355699999999999,137675,124080899000,81
2017-03-26T00:00:00Z,1.5390000000000001,1.54006,1.538,1.53905,1767,1149221000,98
2017-03-27T00:00:00Z,1.53905,1.54596,1.53682,1.54176,139894,129610052000,52
2017-03-28T00:00:00Z,1.54177,1.54813,1.5390000000000001,1.5406300000000002,131789,112141609000,81
2017-03-29T00:00:00Z,1.5406499999999999,1.54511,1.52753,1.52905,132187,110075225000,79
2017-03-30T00:00:00Z,1.52911,1.53418,1.52326,1.5253100000000002,131676,107008360000,59
2017-03-31T00:00:00Z,1.52532,1.53128,1.51732,1.51804,132219,108151924000,72
2017-04-02T00:00:00Z,1.5202200000000001,1.52183,1.51926,1.52102,1595,1288850000,109
2017-04-03T00:00:00Z,1.5211000000000001,1.52711,1.51953,1.5198,109394,94296947000,47
2017-04-04T00:00:00Z,1.52016,1.53092,1.5187,1.5305499999999999,113930,100444614000,78
2017-04-05T00:00:00Z,1.53053,1.53331,1.5280399999999998,1.52982,127960,107071235000,47
2017-04-06T00:00:00Z,1.52982,1.5333999999999999,1.52459,1.52649,125137,109623635000,46
2017-04-07T00:00:00Z,1.52647,1.5308000000000002,1.52138,1.52627,140022,121605277000,46
2017-04-09T00:00:00Z,1.52546,1.52615,1.52446,1.52494,1472,715050000,117
2017-04-10T00:00:00Z,1.52493,1.52745,1.52023,1.5206499999999998,105065,94007890000,52
2017-04-11T00:00:00Z,1.5206499999999998,1.5313400000000001,1.52014,1.52386,108966,99715922000,46
2017-04-12T00:00:00Z,1.5239099999999999,1.5351599999999999,1.52312,1.5267300000000001,126439,102879645000,50
2017-04-13T00:00:00Z,1.52684,1.528,1.51364,1.5149599999999999,119037,108893094000,81
2017-04-14T00:00:00Z,1.51497,1.52023,1.51162,1.51403,70238,57371165000,81
2017-04-16T00:00:00Z,1.51481,1.51547,1.51363,1.51395,1370,1048116000,114
2017-04-17T00:00:00Z,1.51395,1.51924,1.50922,1.51752,81619,75515377000,81
2017-04-18T00:00:00Z,1.51754,1.52515,1.51576,1.52338,125899,115726934000,69
2017-04-19T00:00:00Z,1.52337,1.53128,1.52053,1.5287899999999999,107804,99048131000,56
2017-04-20T00:00:00Z,1.52881,1.53682,1.52062,1.5278800000000001,113190,100739188000,77
2017-04-21T00:00:00Z,1.52785,1.53346,1.5203600000000002,1.52308,102222,91846879000,81
2017-04-23T00:00:00Z,1.5471,1.5486,1.5444200000000001,1.54701,2301,904344000,81
2017-04-24T00:00:00Z,1.54701,1.54954,1.53837,1.5482399999999998,140868,120495647000,71
2017-04-25T00:00:00Z,1.54827,1.57634,1.54807,1.5723099999999999,123140,105716357000,46
2017-04-26T00:00:00Z,1.57233,1.5838100000000002,1.57047,1.5811,143840,122312420000,81
2017-04-27T00:00:00Z,1.58111,1.59048,1.57496,1.58018,130586,110531521000,76
2017-04-28T00:00:00Z,1.5802100000000001,1.59363,1.57593,1.58475,122660,101599017000,76
2017-04-30T00:00:00Z,1.58647,1.58709,1.58314,1.58602,1624,1454389000,99
2017-05-01T00:00:00Z,1.58603,1.5890300000000002,1.57584,1.57721,78360,71737177000,81
2017-05-02T00:00:00Z,1.57721,1.5808,1.5720800000000001,1.5754000000000001,107174,96794338000,81
2017-05-03T00:00:00Z,1.5754000000000001,1.5857700000000001,1.56798,1.57996,123194,107109469000,63
2017-05-04T00:00:00Z,1.57998,1.60163,1.5792000000000002,1.59717,134699,121486201000,68
2017-05-05T00:00:00Z,1.59718,1.60047,1.58615,1.58759,125315,105642366000,46
2017-05-07T00:00:00Z,1.59507,1.59527,1.59301,1.59449,2543,1355700000,55
2017-05-08T00:00:00Z,1.5945,1.59484,1.57643,1.5803,126313,109994251000,81
2017-05-09T00:00:00Z,1.5803,1.58565,1.57444,1.57561,132095,118607839000,81
2017-05-10T00:00:00Z,1.5756299999999999,1.58979,1.56238,1.58562,124789,108539762000,81
2017-05-11T00:00:00Z,1.5857700000000001,1.59364,1.58319,1.58612,123840,108330484000,81
2017-05-12T00:00:00Z,1.5861100000000001,1.59589,1.5845500000000001,1.58997,111570,99643789000,81
2017-05-14T00:00:00Z,1.59238,1.59473,1.59182,1.59321,1448,1248277000,107
2017-05-15T00:00:00Z,1.5931899999999999,1.59643,1.58398,1.59413,109880,96245951000,81
2017-05-16T00:00:00Z,1.59413,1.61083,1.59029,1.6088200000000001,129811,109345490000,81
2017-05-17T00:00:00Z,1.6087500000000001,1.6149200000000001,1.60415,1.6072199999999999,154936,133847331000,81
2017-05-18T00:00:00Z,1.60723,1.6121400000000001,1.60209,1.60842,177008,146853154000,81
2017-05-19T00:00:00Z,1.60843,1.6232799999999998,1.60795,1.61652,128026,110952543000,51
2017-05-21T00:00:00Z,1.61582,1.6194199999999999,1.6153,1.61768,1306,986401000,113
2017-05-22T00:00:00Z,1.61771,1.61835,1.60429,1.6061999999999999,124388,107718342000,81
2017-05-23T00:00:00Z,1.60617,1.6072,1.5920999999999998,1.5943,148891,128781505000,81
2017-05-24T00:00:00Z,1.5943100000000001,1.59918,1.5890900000000001,1.59144,138735,120982066000,81
2017-05-25T00:00:00Z,1.5914700000000002,1.6002100000000001,1.58969,1.59692,126234,111459545000,81
2017-05-26T00:00:00Z,1.59684,1.59803,1.57892,1.58063,132420,115722911000,46
2017-05-28T00:00:00Z,1.58084,1.58386,1.57952,1.58321,573,433210000,116
2017-05-29T00:00:00Z,1.58325,1.58653,1.57699,1.58034,78136,70302317000,81
2017-05-30T00:00:00Z,1.5803500000000001,1.58205,1.5731199999999999,1.5746799999999999,125354,101210068000,81
2017-05-31T00:00:00Z,1.57466,1.58769,1.56952,1.58676,134158,110253781000,81
2017-06-01T00:00:00Z,1.58669,1.5926399999999998,1.58446,1.58725,117859,96274874000,81
2017-06-02T00:00:00Z,1.58727,1.58791,1.57663,1.57682,113334,86110333000,76
2017-06-04T00:00:00Z,1.57897,1.58023,1.57774,1.57955,874,0,199
2017-06-05T00:00:00Z,1.5796000000000001,1.5833,1.57412,1.5764,98527,0,81
2017-06-06T00:00:00Z,1.57641,1.58,1.56325,1.56981,122166,0,49
2017-06-07T00:00:00Z,1.56981,1.5714299999999999,1.55681,1.56392,132024,0,81
2017-06-08T00:00:00Z,1.56392,1.56574,1.55153,1.5561500000000001,140629,0,81
2017-06-09T00:00:00Z,1.55606,1.55693,1.5473400000000002,1.5508600000000001,140841,0,72
2017-06-11T00:00:00Z,1.55281,1.5543200000000001,1.5520399999999999,1.55395,567,0,155
2017-06-12T00:00:00Z,1.55395,1.5629,1.5526900000000001,1.55728,110242,0,81
2017-06-13T00:00:00Z,1.5573000000000001,1.5574400000000002,1.5474700000000001,1.553,103918,0,81
2017-06-14T00:00:00Z,1.5529600000000001,1.55673,1.53952,1.5446499999999999,152193,0,81
2017-06-15T00:00:00Z,1.54463,1.55592,1.54237,1.5457999999999998,148053,0,81
2017-06-16T00:00:00Z,1.5457999999999998,1.54801,1.54082,1.54176,110747,0,64
2017-06-18T00:00:00Z,1.54131,1.54507,1.54131,1.54339,1301,0,106
2017-06-19T00:00:00Z,1.54369,1.5441799999999999,1.53383,1.54157,115595,0,81
2017-06-20T00:00:00Z,1.54157,1.54373,1.53321,1.5375,118125,0,81
2017-06-21T00:00:00Z,1.5375299999999998,1.54733,1.5349,1.54104,119618,0,81
2017-06-22T00:00:00Z,1.54121,1.54277,1.53281,1.53436,108322,0,81
2017-06-23T00:00:00Z,1.53434,1.5386199999999999,1.53152,1.5343200000000001,92171,0,71
2017-06-25T00:00:00Z,1.53612,1.53761,1.5354,1.53684,1008,0,140
2017-06-26T00:00:00Z,1.53677,1.53973,1.5321099999999999,1.53467,109146,0,81
2017-06-27T00:00:00Z,1.53468,1.56025,1.5231,1.5599699999999999,134528,0,64
2017-06-28T00:00:00Z,1.55999,1.56757,1.54925,1.55578,157119,0,81
2017-06-29T00:00:00Z,1.55579,1.57083,1.55383,1.56677,149668,0,81
2017-06-30T00:00:00Z,1.5668,1.5686200000000001,1.5535999999999999,1.55599,133306,0,81
2017-07-02T00:00:00Z,1.5576699999999999,1.55854,1.55655,1.55843,1169,0,109
2017-07-03T00:00:00Z,1.55843,1.56211,1.5546600000000002,1.5573000000000001,119787,0,81
2017-07-04T00:00:00Z,1.55731,1.5648900000000001,1.5535999999999999,1.5568,103999,0,68
2017-07-05T00:00:00Z,1.5568,1.56273,1.55579,1.5569899999999999,128791,0,81
2017-07-06T00:00:00Z,1.55698,1.57173,1.5552899999999998,1.5690499999999998,126994,0,53
2017-07-07T00:00:00Z,1.56907,1.57016,1.56317,1.56317,124981,0,78
2017-07-09T00:00:00Z,1.56461,1.56766,1.56321,1.5665,1293,0,115
2017-07-10T00:00:00Z,1.56651,1.5697100000000002,1.56305,1.5670899999999999,98935,0,81
2017-07-11T00:00:00Z,1.56714,1.58754,1.5665,1.5865200000000002,108157,0,81
2017-07-12T00:00:00Z,1.5865200000000002,1.58941,1.5698400000000001,1.57151,135078,0,81
2017-07-13T00:00:00Z,1.57153,1.57501,1.5452,1.5562399999999998,127880,0,81
2017-07-14T00:00:00Z,1.55634,1.56383,1.55462,1.55944,114324,0,81
2017-07-16T00:00:00Z,1.5604900000000002,1.5608300000000002,1.5592700000000002,1.5600100000000001,462,0,137
2017-07-17T00:00:00Z,1.5601500000000001,1.56941,1.55808,1.56714,112574,0,81
2017-07-18T00:00:00Z,1.5671599999999999,1.58239,1.5643500000000001,1.57222,164432,0,81
2017-07-19T00:00:00Z,1.57236,1.57288,1.56138,1.56495,115083,0,61
2017-07-20T00:00:00Z,1.56497,1.57759,1.56012,1.57112,157546,0,81
2017-07-21T00:00:00Z,1.5711300000000001,1.57177,1.56283,1.5629,129762,0,80
2017-07-23T00:00:00Z,1.56552,1.56673,1.5642800000000001,1.56588,1192,0,115
2017-07-24T00:00:00Z,1.5658699999999999,1.5713300000000001,1.56244,1.56473,136128,0,81
2017-07-25T00:00:00Z,1.56477,1.57396,1.5634000000000001,1.56933,147495,0,69
2017-07-26T00:00:00Z,1.56932,1.5701,1.5589,1.56105,169736,0,81
2017-07-27T00:00:00Z,1.5611199999999998,1.56136,1.55278,1.55892,175651,0,81
2017-07-28T00:00:00Z,1.55892,1.56944,1.5563799999999999,1.5657100000000002,151945,0,68
2017-07-30T00:00:00Z,1.56342,1.56603,1.5629499999999998,1.56603,1488,0,106
2017-07-31T00:00:00Z,1.5659800000000001,1.57736,1.56056,1.57524,136823,0,81
2017-08-01T00:00:00Z,1.57527,1.5825200000000001,1.57092,1.57971,137148,0,81
2017-08-02T00:00:00Z,1.57972,1.59747,1.57934,1.5949900000000001,136895,0,81
2017-08-03T00:00:00Z,1.59494,1.60237,1.59342,1.59558,125482,0,78
2017-08-04T00:00:00Z,1.5956000000000001,1.59925,1.58371,1.58746,124119,0,66
2017-08-06T00:00:00Z,1.5899100000000002,1.5899100000000002,1.58816,1.58954,831,0,107
2017-08-07T00:00:00Z,1.58956,1.60382,1.58872,1.60187,105832,0,81
2017-08-08T00:00:00Z,1.60185,1.60832,1.59859,1.6026,113434,0,81
2017-08-09T00:00:00Z,1.60251,1.6067900000000002,1.5963699999999998,1.59864,140377,0,81
2017-08-10T00:00:00Z,1.59866,1.6193,1.5959400000000001,1.61914,144507,0,46
2017-08-11T00:00:00Z,1.61914,1.62239,1.61116,1.61346,121705,0,54
2017-08-13T00:00:00Z,1.6165,1.61688,1.61296,1.61496,908,0,123
2017-08-14T00:00:00Z,1.6150600000000002,1.61905,1.61162,1.61544,105959,0,81
2017-08-15T00:00:00Z,1.61544,1.62318,1.60934,1.6202999999999999,118036,0,81
2017-08-16T00:00:00Z,1.6202800000000002,1.6242999999999999,1.60777,1.60906,139097,0,81
2017-08-17T00:00:00Z,1.60906,1.61131,1.59917,1.6086,141443,0,61
2017-08-18T00:00:00Z,1.6086,1.61008,1.6012300000000002,1.60825,129478,0,72
2017-08-20T00:00:00Z,1.60696,1.60732,1.60588,1.6066799999999999,511,0,151
2017-08-21T00:00:00Z,1.60669,1.61462,1.60364,1.61155,95330,0,81
2017-08-22T00:00:00Z,1.61144,1.6165,1.6104,1.61513,105323,0,81
2017-08-23T00:00:00Z,1.6151200000000001,1.639,1.6148,1.63421,120288,0,81
2017-08-24T00:00:00Z,1.63422,1.64002,1.6316000000000002,1.6364,114582,0,81
2017-08-25T00:00:00Z,1.6364100000000001,1.64835,1.63127,1.6449799999999999,130939,0,68
2017-08-27T00:00:00Z,1.64795,1.65019,1.64795,1.64908,859,0,132
2017-08-28T00:00:00Z,1.64907,1.65575,1.64429,1.6526399999999999,106804,0,81
2017-08-29T00:00:00Z,1.6526,1.66311,1.6462599999999998,1.6498,177039,0,81
2017-08-30T00:00:00Z,1.64993,1.6552799999999999,1.64503,1.65063,140903,0,81
2017-08-31T00:00:00Z,1.65061,1.66361,1.64865,1.66032,157180,0,81
2017-09-01T00:00:00Z,1.66035,1.66662,1.65401,1.65694,144262,0,81
2017-09-03T00:00:00Z,1.66089,1.6611099999999999,1.65805,1.65913,1382,0,114
2017-09-04T00:00:00Z,1.6590799999999999,1.6614,1.6552799999999999,1.6600700000000002,106697,0,81
2017-09-05T00:00:00Z,1.66011,1.66132,1.6406,1.64456,154232,0,81
2017-09-06T00:00:00Z,1.64446,1.65809,1.64151,1.6553,145388,0,81
2017-09-07T00:00:00Z,1.6553200000000001,1.6686,1.65167,1.66195,160865,0,74
2017-09-08T00:00:00Z,1.66205,1.66242,1.64632,1.655,169913,0,72
2017-09-10T00:00:00Z,1.65303,1.6555499999999999,1.65294,1.6551,1142,0,114
2017-09-11T00:00:00Z,1.65533,1.66211,1.64465,1.6455,134019,0,48
2017-09-12T00:00:00Z,1.64551,1.6567699999999999,1.63283,1.64202,136253,1759589000,1
2017-09-13T00:00:00Z,1.64214,1.64883,1.63979,1.64154,110369,0,1
2017-09-14T00:00:00Z,1.6415899999999999,1.6533099999999998,1.63558,1.6481,128990,0,1
2017-09-15T00:00:00Z,1.64815,1.6510799999999999,1.6348799999999999,1.6383299999999998,118193,0,1
2017-09-17T00:00:00Z,1.63768,1.63871,1.6362999999999999,1.63703,788,0,26
2017-09-18T00:00:00Z,1.6371099999999998,1.6476600000000001,1.6277,1.6461000000000001,94185,0,1
2017-09-19T00:00:00Z,1.6459899999999998,1.64874,1.63537,1.6392799999999998,95313,0,1
2017-09-20T00:00:00Z,1.63932,1.64401,1.61478,1.61699,129844,0,1
2017-09-21T00:00:00Z,1.61695,1.63487,1.61435,1.63287,131315,0,1
2017-09-22T00:00:00Z,1.63283,1.64291,1.6249,1.6285699999999999,111421,0,1
2017-09-24T00:00:00Z,1.62854,1.6306,1.6246,1.62582,746,0,43
2017-09-25T00:00:00Z,1.62598,1.64512,1.62354,1.63338,129923,0,1
2017-09-26T00:00:00Z,1.6335199999999999,1.64101,1.62907,1.63487,131045,0,1
2017-09-27T00:00:00Z,1.63495,1.63879,1.62397,1.63021,145522,0,1
2017-09-28T00:00:00Z,1.6301700000000001,1.6388,1.62418,1.6290900000000001,95830,0,1
2017-09-29T00:00:00Z,1.62906,1.63882,1.6284,1.6383,66115,0,1
2017-10-01T00:00:00Z,1.6336300000000001,1.6396,1.6336,1.63552,1618,0,94
2017-10-02T00:00:00Z,1.63642,1.6377000000000002,1.6277300000000001,1.6308799999999999,72192,0,1
2017-10-03T00:00:00Z,1.6308099999999999,1.64446,1.6291600000000002,1.64052,72271,0,1
2017-10-04T00:00:00Z,1.6404800000000002,1.6437,1.63462,1.64131,68265,0,1
2017-10-05T00:00:00Z,1.64131,1.64577,1.64038,1.64537,60406,0,1
2017-10-06T00:00:00Z,1.64537,1.6568100000000001,1.6441,1.6543299999999999,78498,0,1
2017-10-08T00:00:00Z,1.6606999999999998,1.6619000000000002,1.65888,1.66078,1022,0,25
2017-10-09T00:00:00Z,1.66076,1.66341,1.65663,1.66341,42725,0,1
2017-10-10T00:00:00Z,1.6633499999999999,1.6711,1.6606100000000001,1.66998,72062,0,1
2017-10-11T00:00:00Z,1.67001,1.67601,1.6651,1.67303,76061,0,1
2017-10-12T00:00:00Z,1.67301,1.6744599999999998,1.6576,1.65883,71652,0,1
2017-10-13T00:00:00Z,1.65891,1.6628699999999998,1.64248,1.6432600000000002,79934,0,1
2017-10-15T00:00:00Z,1.6465,1.64653,1.64451,1.64487,618,0,68
2017-10-16T00:00:00Z,1.6448800000000001,1.64783,1.63396,1.6404,66910,0,1
2017-10-17T00:00:00Z,1.6404,1.64472,1.63626,1.64053,74938,0,1
2017-10-18T00:00:00Z,1.64056,1.65245,1.63958,1.64718,69073,0,1
2017-10-19T00:00:00Z,1.64718,1.68846,1.64635,1.68563,98916,0,1
2017-10-20T00:00:00Z,1.68553,1.6954,1.68385,1.69192,83108,0,1
2017-10-22T00:00:00Z,1.69177,1.6946400000000001,1.69177,1.6942300000000001,885,0,11
2017-10-23T00:00:00Z,1.6942300000000001,1.69597,1.68293,1.68394,70408,0,1
2017-10-24T00:00:00Z,1.6839300000000001,1.7083,1.6792099999999999,1.70482,77614,0,1
2017-10-25T00:00:00Z,1.70485,1.72159,1.70112,1.7147999999999999,93936,0,1
2017-10-26T00:00:00Z,1.71474,1.72107,1.701,1.70442,97169,0,1
2017-10-27T00:00:00Z,1.7044000000000001,1.7054,1.68449,1.68586,93774,0,1
2017-10-29T00:00:00Z,1.6865,1.6899199999999999,1.6848999999999998,1.6897,461,0,83
2017-10-30T00:00:00Z,1.6897,1.6994500000000001,1.68821,1.69477,72828,0,1
2017-10-31T00:00:00Z,1.6947299999999998,1.70593,1.6899,1.6913399999999998,73754,0,1
2017-11-01T00:00:00Z,1.6912099999999999,1.69178,1.6795200000000001,1.68679,82769,0,1
2017-11-02T00:00:00Z,1.68679,1.6914500000000001,1.6798600000000001,1.6864599999999998,81389,0,1
2017-11-03T00:00:00Z,1.6864599999999998,1.6874099999999999,1.67836,1.6796799999999998,71474,0,1
2017-11-05T00:00:00Z,1.67938,1.6811099999999999,1.67938,1.68048,1519,0,19
2017-11-06T00:00:00Z,1.68046,1.68899,1.66876,1.67237,72024,0,1
2017-11-07T00:00:00Z,1.67237,1.68044,1.66903,1.67727,74145,0,1
2017-11-08T00:00:00Z,1.67725,1.68117,1.66265,1.66391,69162,0,1
2017-11-09T00:00:00Z,1.66391,1.68006,1.66303,1.67913,87286,0,1
2017-11-10T00:00:00Z,1.67917,1.6851500000000001,1.67442,1.68208,64026,0,1
2017-11-12T00:00:00Z,1.6811,1.68484,1.6811,1.6840199999999999,1395,0,37
2017-11-13T00:00:00Z,1.68397,1.6919,1.67944,1.6911,61288,0,1
2017-11-14T00:00:00Z,1.69119,1.717,1.6899600000000001,1.71684,87768,0,1
2017-11-15T00:00:00Z,1.71685,1.72131,1.7116,1.71245,101940,0,1
2017-11-16T00:00:00Z,1.7125,1.72142,1.7124000000000001,1.7182,81170,0,1
2017-11-17T00:00:00Z,1.71822,1.7408700000000001,1.71655,1.7261600000000001,91862,0,1
2017-11-19T00:00:00Z,1.72995,1.73258,1.72908,1.72946,2195,0,9
2017-11-20T00:00:00Z,1.7295099999999999,1.7298499999999999,1.7159499999999999,1.72306,87931,0,1
2017-11-21T00:00:00Z,1.72303,1.7299,1.7156099999999999,1.71869,78076,0,1
2017-11-22T00:00:00Z,1.71869,1.7236099999999999,1.7138,1.71878,76194,0,1
2017-11-23T00:00:00Z,1.71876,1.72173,1.71535,1.72068,52252,0,1
2017-11-24T00:00:00Z,1.72068,1.73742,1.71865,1.73435,62497,0,1
2017-11-26T00:00:00Z,1.73173,1.7365,1.73173,1.73648,1829,0,20
2017-11-27T00:00:00Z,1.73648,1.73943,1.7169699999999999,1.71948,76729,0,1
2017-11-28T00:00:00Z,1.71929,1.72131,1.70781,1.7172800000000001,93263,0,1
2017-11-29T00:00:00Z,1.71734,1.72253,1.71,1.72105,93192,0,1
2017-11-30T00:00:00Z,1.72102,1.7439,1.72019,1.74315,119912,0,1
2017-12-01T00:00:00Z,1.74315,1.748,1.72115,1.72431,143781,0,1
2017-12-03T00:00:00Z,1.7273800000000001,1.72965,1.7267299999999999,1.72942,1543,0,14
2017-12-04T00:00:00Z,1.72932,1.73411,1.7253699999999998,1.72979,83522,0,1
2017-12-05T00:00:00Z,1.72979,1.73187,1.71529,1.7199200000000001,85260,0,1
2017-12-06T00:00:00Z,1.7199200000000001,1.72143,1.71036,1.71711,78736,0,1
2017-12-07T00:00:00Z,1.71711,1.72662,1.7132399999999999,1.72432,69946,0,1
2017-12-08T00:00:00Z,1.72435,1.7253500000000002,1.71167,1.71937,72308,0,1
2017-12-10T00:00:00Z,1.71781,1.72071,1.71781,1.72035,666,0,33
2017-12-11T00:00:00Z,1.72039,1.72195,1.7006999999999999,1.70384,67167,0,1
2017-12-12T00:00:00Z,1.70384,1.70575,1.69055,1.6928800000000002,64586,0,1
2017-12-13T00:00:00Z,1.6928800000000002,1.69427,1.6799,1.68525,67457,0,1
2017-12-14T00:00:00Z,1.68525,1.69653,1.6832799999999999,1.6852,85912,0,1
2017-12-15T00:00:00Z,1.6852,1.68733,1.67584,1.68051,67731,0,1
2017-12-17T00:00:00Z,1.67781,1.67839,1.67639,1.67836,3121,0,44
2017-12-18T00:00:00Z,1.67836,1.6880199999999999,1.67442,1.6845599999999998,110835,0,4
2017-12-19T00:00:00Z,1.68451,1.69942,1.6802899999999998,1.69653,123390,0,4
2017-12-20T00:00:00Z,1.69648,1.7064,1.69138,1.69461,120192,0,4
2017-12-21T00:00:00Z,1.69466,1.69936,1.68991,1.6907999999999999,113881,0,4
2017-12-22T00:00:00Z,1.69079,1.6922700000000002,1.6857199999999999,1.68866,104354,0,4
2017-12-26T00:00:00Z,1.68787,1.6912,1.6836799999999998,1.68632,33976,0,4
2017-12-27T00:00:00Z,1.6863000000000001,1.68744,1.67942,1.68498,91427,0,4
2017-12-28T00:00:00Z,1.68498,1.68909,1.68073,1.68491,91789,0,4
2017-12-29T00:00:00Z,1.68493,1.69524,1.68118,1.68469,102476,0,4
2018-01-01T00:00:00Z,1.68831,1.69237,1.68821,1.69217,688,0,75
2018-01-02T00:00:00Z,1.6916600000000002,1.69909,1.68674,1.6981000000000002,104933,0,4
2018-01-03T00:00:00Z,1.69804,1.70259,1.6893500000000001,1.69407,123221,0,4
2018-01-04T00:00:00Z,1.69407,1.69746,1.6852,1.6870500000000002,128078,0,4
2018-01-05T00:00:00Z,1.68704,1.68905,1.67621,1.67621,129107,0,4
2018-01-07T00:00:00Z,1.6775600000000002,1.67962,1.67719,1.67845,2536,0,13
2018-01-08T00:00:00Z,1.67842,1.6801,1.66557,1.6691799999999999,113895,0,1
2018-01-09T00:00:00Z,1.6691799999999999,1.6700300000000001,1.65891,1.66819,136619,0,1
2018-01-10T00:00:00Z,1.66818,1.67086,1.65753,1.65907,192026,0,1
2018-01-11T00:00:00Z,1.6589800000000001,1.66676,1.65208,1.65658,179489,0,1
2018-01-12T00:00:00Z,1.65651,1.68225,1.6552799999999999,1.68225,203330,0,1
2018-01-14T00:00:00Z,1.68354,1.68571,1.68266,1.68387,2743,0,38
2018-01-15T00:00:00Z,1.68401,1.6854900000000002,1.67598,1.6806999999999999,155777,0,1
2018-01-16T00:00:00Z,1.68064,1.68758,1.6766100000000002,1.68719,189007,0,1
2018-01-17T00:00:00Z,1.6872099999999999,1.6937,1.67318,1.6754799999999999,228678,0,1
2018-01-18T00:00:00Z,1.6754799999999999,1.6819899999999999,1.6715900000000001,1.67668,200909,0,1
2018-01-19T00:00:00Z,1.67668,1.6845599999999998,1.67578,1.67825,183992,0,1
2018-01-21T00:00:00Z,1.68391,1.68438,1.68195,1.68358,2516,0,50
2018-01-22T00:00:00Z,1.68358,1.6838899999999999,1.6718,1.6736,150452,0,1
2018-01-23T00:00:00Z,1.6737199999999999,1.67563,1.66875,1.6726299999999998,179815,0,1
2018-01-24T00:00:00Z,1.6726299999999998,1.69259,1.66448,1.6912500000000001,222054,0,1
2018-01-25T00:00:00Z,1.6912500000000001,1.70134,1.68076,1.69621,326105,0,1
2018-01-26T00:00:00Z,1.69617,1.69822,1.68726,1.68849,265271,0,1
2018-01-28T00:00:00Z,1.6907100000000002,1.6913399999999998,1.68872,1.6896,1566,0,29
2018-01-29T00:00:00Z,1.68959,1.6957,1.6851500000000001,1.69137,229313,0,1
2018-01-30T00:00:00Z,1.6914,1.69727,1.68648,1.69219,235731,0,1
2018-01-31T00:00:00Z,1.69215,1.69215,1.67828,1.68408,271556,0,1
2018-02-01T00:00:00Z,1.68411,1.6949800000000002,1.68289,1.69088,239500,0,1
2018-02-02T00:00:00Z,1.6909100000000001,1.7072500000000002,1.68925,1.70594,251108,0,1
2018-02-04T00:00:00Z,1.70594,1.7070699999999999,1.70331,1.70703,3192,0,34
2018-02-05T00:00:00Z,1.7069299999999998,1.71006,1.6992699999999998,1.70015,237970,0,1
2018-02-06T00:00:00Z,1.7001,1.7054200000000002,1.68398,1.68537,346365,0,1
2018-02-07T00:00:00Z,1.6853,1.70252,1.68498,1.69618,225050,0,1
2018-02-08T00:00:00Z,1.69618,1.70933,1.69167,1.69723,260151,0,1
2018-02-09T00:00:00Z,1.69718,1.70222,1.6855099999999998,1.68845,202493,0,1
2018-02-11T00:00:00Z,1.68964,1.6899899999999999,1.68878,1.6899199999999999,1024,0,35
2018-02-12T00:00:00Z,1.6898900000000001,1.69671,1.68832,1.69275,127821,0,1
2018-02-13T00:00:00Z,1.69273,1.69989,1.6857799999999998,1.69768,132897,0,1
2018-02-14T00:00:00Z,1.69767,1.69854,1.67863,1.69029,192649,0,1
2018-02-15T00:00:00Z,1.6903299999999999,1.69363,1.68529,1.69097,167042,0,1
2018-02-16T00:00:00Z,1.69102,1.69278,1.67818,1.67863,159701,0,1
2018-02-18T00:00:00Z,1.6803,1.68256,1.67998,1.6820300000000001,903,0,43
2018-02-19T00:00:00Z,1.6820300000000001,1.68438,1.6767699999999999,1.68224,89984,0,3
2018-02-20T00:00:00Z,1.68232,1.68502,1.67447,1.67916,125384,0,1
2018-02-21T00:00:00Z,1.67909,1.6822300000000001,1.67252,1.6792500000000001,173884,0,1
2018-02-22T00:00:00Z,1.6791800000000001,1.6820599999999999,1.67459,1.67924,175822,0,1
2018-02-23T00:00:00Z,1.67922,1.69122,1.6792099999999999,1.6840000000000002,146909,0,3
2018-02-25T00:00:00Z,1.68505,1.68555,1.6834,1.68545,1056,0,18
2018-02-26T00:00:00Z,1.68545,1.68807,1.67821,1.6874099999999999,137249,0,1
2018-02-27T00:00:00Z,1.68738,1.69435,1.68711,1.69032,164825,0,1
2018-02-28T00:00:00Z,1.69025,1.69499,1.68696,1.69197,153731,0,2
2018-03-01T00:00:00Z,1.69194,1.69592,1.6812200000000002,1.69001,189897,0,1
2018-03-02T00:00:00Z,1.68994,1.70573,1.68571,1.70034,182031,0,1
2018-03-04T00:00:00Z,1.69978,1.70744,1.69978,1.70546,5058,0,2
2018-03-05T00:00:00Z,1.70541,1.7095799999999999,1.7005400000000002,1.7076,163450,0,3
2018-03-06T00:00:00Z,1.7076,1.70855,1.69719,1.7043,171236,0,1
2018-03-07T00:00:00Z,1.70427,1.70804,1.7004899999999998,1.70538,180778,0,1
2018-03-08T00:00:00Z,1.7053500000000001,1.71306,1.69326,1.6953399999999998,177835,0,2
2018-03-09T00:00:00Z,1.69531,1.6967400000000001,1.6870699999999998,1.68937,165362,0,1
2018-03-11T00:00:00Z,1.68869,1.68869,1.6841,1.6871800000000001,1271,0,17
2018-03-12T00:00:00Z,1.6871800000000001,1.69189,1.6824599999999998,1.6905999999999999,98358,0,1
2018-03-13T00:00:00Z,1.6905999999999999,1.69285,1.68136,1.69196,162016,0,1
2018-03-14T00:00:00Z,1.69197,1.69289,1.68428,1.69135,158704,0,1
2018-03-15T00:00:00Z,1.69135,1.69435,1.68749,1.69201,157028,0,1
2018-03-16T00:00:00Z,1.69199,1.70437,1.6916099999999998,1.70231,128660,0,1
2018-03-18T00:00:00Z,1.70229,1.70268,1.70065,1.70167,1437,0,6
2018-03-19T00:00:00Z,1.70174,1.70817,1.6987999999999999,1.70394,163027,0,1
2018-03-20T00:00:00Z,1.70394,1.71099,1.70281,1.70575,140341,0,1
2018-03-21T00:00:00Z,1.70575,1.71628,1.70392,1.70808,149049,0,1
2018-03-22T00:00:00Z,1.70814,1.71102,1.69935,1.70611,156313,0,1
2018-03-23T00:00:00Z,1.7061600000000001,1.7093699999999998,1.6983700000000002,1.70686,158487,0,1
2018-03-25T00:00:00Z,1.70648,1.70824,1.70448,1.70791,807,0,25
2018-03-26T00:00:00Z,1.7081300000000001,1.7086000000000001,1.69689,1.70581,146500,0,1
2018-03-27T00:00:00Z,1.7058499999999999,1.71121,1.70252,1.7065000000000001,138830,0,1
2018-03-28T00:00:00Z,1.70654,1.71075,1.70268,1.70807,154275,0,1
2018-03-29T00:00:00Z,1.70811,1.7139799999999998,1.69763,1.70075,120481,0,1
2018-03-30T00:00:00Z,1.70069,1.70418,1.69906,1.70116,59581,0,2
2018-04-01T00:00:00Z,1.6995,1.7008999999999999,1.69929,1.70026,111,0,371
2018-04-02T00:00:00Z,1.70073,1.7063199999999998,1.7000600000000001,1.70477,58667,0,5
2018-04-03T00:00:00Z,1.70489,1.70915,1.68763,1.69072,118983,0,1
2018-04-04T00:00:00Z,1.69072,1.69157,1.679,1.67985,83328,0,1
2018-04-05T00:00:00Z,1.6798,1.6871800000000001,1.67678,1.6827800000000002,76933,0,1
2018-04-06T00:00:00Z,1.68274,1.69099,1.68198,1.6882899999999998,101481,0,1
2018-04-08T00:00:00Z,1.68584,1.68878,1.68546,1.6882700000000002,780,0,23
2018-04-09T00:00:00Z,1.6882700000000002,1.68879,1.68038,1.68605,79331,0,1
2018-04-10T00:00:00Z,1.6858499999999998,1.68708,1.6741000000000001,1.6771,93034,0,1
2018-04-11T00:00:00Z,1.6771,1.68283,1.67591,1.68117,94007,0,1
2018-04-12T00:00:00Z,1.68117,1.6813500000000001,1.66876,1.67085,94686,0,1
2018-04-13T00:00:00Z,1.67072,1.6793900000000002,1.66719,1.6764999999999999,79494,0,1
2018-04-15T00:00:00Z,1.6753200000000001,1.6774200000000001,1.67495,1.6766100000000002,762,0,39
2018-04-16T00:00:00Z,1.67655,1.68595,1.67563,1.68106,74460,0,1
2018-04-17T00:00:00Z,1.68106,1.68918,1.67991,1.68611,78580,0,1
2018-04-18T00:00:00Z,1.68611,1.69284,1.68431,1.69162,82797,0,1
2018-04-19T00:00:00Z,1.69156,1.70077,1.68564,1.6977600000000002,103634,0,1
2018-04-20T00:00:00Z,1.6977600000000002,1.70688,1.69746,1.70383,89750,0,1
2018-04-22T00:00:00Z,1.6992,1.70236,1.6992,1.70186,537,0,20
2018-04-23T00:00:00Z,1.70187,1.7084000000000001,1.70093,1.70638,86800,0,1
2018-04-24T00:00:00Z,1.70647,1.72028,1.7056,1.71919,106012,0,1
2018-04-25T00:00:00Z,1.71919,1.72513,1.71883,1.7206700000000001,96849,0,1
2018-04-26T00:00:00Z,1.7206700000000001,1.72568,1.71245,1.71411,116367,0,1
2018-04-27T00:00:00Z,1.71411,1.7166299999999999,1.70915,1.71129,91732,0,1
2018-04-29T00:00:00Z,1.7109100000000002,1.7122899999999999,1.71079,1.71159,900,0,7
2018-04-30T00:00:00Z,1.7116099999999999,1.71801,1.71059,1.71659,97046,0,1
2018-05-01T00:00:00Z,1.71659,1.71745,1.71028,1.71136,85132,0,1
2018-05-02T00:00:00Z,1.71136,1.71448,1.70484,1.7086700000000001,134864,0,1
2018-05-03T00:00:00Z,1.7086700000000001,1.7099600000000001,1.70035,1.70198,126932,0,1
2018-05-04T00:00:00Z,1.70199,1.7069999999999999,1.7000899999999999,1.7034099999999999,98631,0,1
2018-05-06T00:00:00Z,1.70133,1.70479,1.7013,1.70403,1160,0,34
2018-05-07T00:00:00Z,1.70404,1.70478,1.69648,1.69908,75589,0,1
2018-05-08T00:00:00Z,1.6991,1.70455,1.69691,1.70137,114499,0,1
2018-05-09T00:00:00Z,1.70136,1.7090100000000001,1.69448,1.70733,106028,0,1
2018-05-10T00:00:00Z,1.70733,1.71804,1.70593,1.71059,153728,0,1
2018-05-11T00:00:00Z,1.71056,1.7169699999999999,1.70708,1.71402,107670,0,1
2018-05-13T00:00:00Z,1.71238,1.71729,1.71113,1.7157200000000001,853,0,25
2018-05-14T00:00:00Z,1.71576,1.72763,1.71468,1.7243,97294,0,1
2018-05-15T00:00:00Z,1.72432,1.72931,1.72072,1.72464,133292,0,1
2018-05-16T00:00:00Z,1.72464,1.72519,1.70597,1.71083,140759,0,1
2018-05-17T00:00:00Z,1.71083,1.7167400000000002,1.7050999999999998,1.71483,115782,0,1
2018-05-18T00:00:00Z,1.7149100000000002,1.71612,1.69969,1.70048,101781,0,1
2018-05-20T00:00:00Z,1.7010100000000001,1.70218,1.69754,1.69797,996,0,24
2018-05-21T00:00:00Z,1.69797,1.70484,1.6961,1.6968999999999999,100591,0,1
2018-05-22T00:00:00Z,1.6968999999999999,1.70209,1.68916,1.69739,111702,0,1
2018-05-23T00:00:00Z,1.69739,1.7061,1.68899,1.68932,161437,0,1
2018-05-24T00:00:00Z,1.68932,1.69806,1.68797,1.69092,127359,0,1
2018-05-25T00:00:00Z,1.69093,1.69374,1.68288,1.6838,113643,0,1
2018-05-27T00:00:00Z,1.68611,1.68826,1.6855799999999999,1.68686,3669,0,57
2018-05-28T00:00:00Z,1.6869,1.69015,1.67032,1.6746400000000001,93458,0,1
2018-05-29T00:00:00Z,1.6746400000000001,1.67856,1.66564,1.67321,163328,0,1
2018-05-30T00:00:00Z,1.67321,1.6764000000000001,1.6626699999999999,1.67054,144726,0,1
2018-05-31T00:00:00Z,1.67054,1.67574,1.6609699999999998,1.67085,139567,0,1
2018-06-01T00:00:00Z,1.67085,1.67703,1.6657199999999999,1.66901,121790,0,1
2018-06-03T00:00:00Z,1.6676199999999999,1.67032,1.6676199999999999,1.66894,1498,0,27
2018-06-04T00:00:00Z,1.66894,1.67191,1.66114,1.6639300000000001,95808,0,1
2018-06-05T00:00:00Z,1.66392,1.66872,1.66006,1.6669100000000001,102354,0,1
2018-06-06T00:00:00Z,1.6669100000000001,1.67509,1.6614900000000001,1.67355,97203,0,1
2018-06-07T00:00:00Z,1.67355,1.68208,1.67275,1.67823,103326,0,1
2018-06-08T00:00:00Z,1.6781899999999998,1.6812,1.67124,1.67384,81499,0,1
2018-06-10T00:00:00Z,1.6749399999999999,1.67608,1.67306,1.67546,1339,0,16
2018-06-11T00:00:00Z,1.67546,1.67992,1.6727699999999999,1.67716,68634,0,1
2018-06-12T00:00:00Z,1.6771500000000001,1.67888,1.67043,1.6758600000000001,88137,0,1
2018-06-13T00:00:00Z,1.6758600000000001,1.68259,1.6688800000000001,1.6789,104290,0,1
2018-06-14T00:00:00Z,1.6789,1.68408,1.65659,1.6608100000000001,107655,0,1
2018-06-15T00:00:00Z,1.6608100000000001,1.67434,1.6596899999999999,1.6730399999999999,93351,0,1
2018-06-17T00:00:00Z,1.6698,1.6723400000000002,1.6698,1.67145,2785,0,47
2018-06-18T00:00:00Z,1.67145,1.6768999999999998,1.6673900000000001,1.67585,67214,0,1
2018-06-19T00:00:00Z,1.67585,1.6829399999999999,1.67029,1.67869,101714,0,1
2018-06-20T00:00:00Z,1.67869,1.68862,1.6743000000000001,1.68586,93132,0,1
2018-06-21T00:00:00Z,1.68586,1.69257,1.68099,1.6887699999999999,126146,0,1
2018-06-22T00:00:00Z,1.6887699999999999,1.69082,1.68159,1.6854900000000002,95852,0,1
2018-06-24T00:00:00Z,1.68492,1.68656,1.68492,1.68648,2329,0,35
2018-06-25T00:00:00Z,1.68625,1.6997,1.68482,1.69761,88777,0,1
2018-06-26T00:00:00Z,1.6976,1.70198,1.69336,1.69885,109785,0,1
2018-06-27T00:00:00Z,1.69885,1.71137,1.6965599999999998,1.6981199999999999,130083,0,1
2018-06-28T00:00:00Z,1.6981899999999999,1.7156799999999999,1.6974200000000002,1.71133,123995,0,1
2018-06-29T00:00:00Z,1.71133,1.7259,1.71068,1.72324,129033,0,1
2018-07-01T00:00:00Z,1.7193800000000001,1.72046,1.71795,1.7195399999999998,5492,0,67
2018-07-02T00:00:00Z,1.71976,1.73451,1.7180499999999999,1.73257,94494,0,1
2018-07-03T00:00:00Z,1.73258,1.7377500000000001,1.72378,1.7251400000000001,90289,0,1
2018-07-04T00:00:00Z,1.7251400000000001,1.72708,1.7176900000000002,1.7222,63848,0,1
2018-07-05T00:00:00Z,1.7222,1.72839,1.71928,1.72192,94188,0,1
2018-07-06T00:00:00Z,1.72192,1.72292,1.71535,1.71692,81108,0,1
2018-07-08T00:00:00Z,1.7162199999999999,1.71853,1.7149,1.71723,3227,0,90
2018-07-09T00:00:00Z,1.71725,1.72186,1.7164199999999998,1.7180499999999999,81756,0,1
2018-07-10T00:00:00Z,1.71806,1.7212,1.71408,1.72071,73918,0,1
2018-07-11T00:00:00Z,1.72075,1.73028,1.71946,1.7290299999999998,107931,0,1
2018-07-12T00:00:00Z,1.7290299999999998,1.72992,1.71865,1.72197,84608,0,1
2018-07-13T00:00:00Z,1.72197,1.72865,1.71991,1.7264300000000001,85665,0,1
2018-07-15T00:00:00Z,1.7279,1.7279200000000001,1.72603,1.7277,2082,0,115
2018-07-16T00:00:00Z,1.72775,1.73092,1.7237900000000002,1.72803,72132,0,1
2018-07-17T00:00:00Z,1.72803,1.73268,1.71309,1.71932,95761,0,1
2018-07-18T00:00:00Z,1.71933,1.72316,1.71198,1.71357,84157,0,1
2018-07-19T00:00:00Z,1.7135799999999999,1.72858,1.7116799999999999,1.7252,129779,0,1
2018-07-20T00:00:00Z,1.7252,1.73048,1.72003,1.72086,108564,0,1
2018-07-22T00:00:00Z,1.72472,1.72549,1.7233,1.72362,195,0,60
2018-07-23T00:00:00Z,1.72362,1.72579,1.7167,1.7220499999999999,89760,0,35
2018-07-24T00:00:00Z,1.7220499999999999,1.7246899999999998,1.7151100000000001,1.71585,96657,0,49
2018-07-25T00:00:00Z,1.71585,1.72032,1.7128,1.71515,101365,0,48
2018-07-26T00:00:00Z,1.71515,1.72019,1.7129699999999999,1.71574,95527,0,49
2018-07-27T00:00:00Z,1.7157499999999999,1.71896,1.71334,1.7156099999999999,80231,0,36
2018-07-29T00:00:00Z,1.71467,1.71562,1.7138499999999999,1.71495,882,0,81
2018-07-30T00:00:00Z,1.71495,1.7180499999999999,1.71153,1.71501,62009,0,35
2018-07-31T00:00:00Z,1.71501,1.72242,1.71296,1.71455,90048,0,16
2018-08-01T00:00:00Z,1.7144599999999999,1.72118,1.7133500000000002,1.7159200000000001,80950,0,28
2018-08-02T00:00:00Z,1.7159200000000001,1.7208,1.71543,1.71776,75605,0,42
2018-08-03T00:00:00Z,1.71776,1.7225700000000002,1.71343,1.71388,90192,0,60
2018-08-05T00:00:00Z,1.7132,1.71585,1.71241,1.71465,831,0,69
2018-08-06T00:00:00Z,1.71465,1.71743,1.7117200000000001,1.71672,62322,0,30
2018-08-07T00:00:00Z,1.71669,1.7222499999999998,1.71486,1.7214800000000001,66277,0,39
2018-08-08T00:00:00Z,1.7214800000000001,1.73304,1.71821,1.73171,73135,0,60
2018-08-09T00:00:00Z,1.73171,1.74755,1.7285,1.7414399999999999,101147,0,25
2018-08-10T00:00:00Z,1.7414399999999999,1.74848,1.7257099999999999,1.7347299999999999,146086,0,60
2018-08-12T00:00:00Z,1.72947,1.73218,1.72877,1.7300900000000001,837,0,77
2018-08-13T00:00:00Z,1.7300900000000001,1.73519,1.72647,1.73332,129047,0,42
2018-08-14T00:00:00Z,1.73332,1.73422,1.72174,1.7259,110772,0,37
2018-08-15T00:00:00Z,1.7259,1.7307000000000001,1.72343,1.72729,114143,0,51
2018-08-16T00:00:00Z,1.72729,1.7300900000000001,1.72261,1.7263,117531,0,46
2018-08-17T00:00:00Z,1.72635,1.72812,1.72301,1.72308,95550,0,33
2018-08-19T00:00:00Z,1.72186,1.7246299999999999,1.72139,1.72441,1318,0,62
2018-08-20T00:00:00Z,1.72441,1.7301199999999999,1.7228400000000001,1.72814,87259,0,46
2018-08-21T00:00:00Z,1.72814,1.73406,1.72498,1.72757,116212,0,48
2018-08-22T00:00:00Z,1.7276099999999999,1.73291,1.72159,1.73133,112550,0,53
2018-08-23T00:00:00Z,1.7313,1.74024,1.72776,1.73923,112153,0,32
2018-08-24T00:00:00Z,1.73925,1.74235,1.73549,1.73682,112027,0,60
2018-08-26T00:00:00Z,1.73793,1.73793,1.73536,1.73735,1393,0,75
2018-08-27T00:00:00Z,1.7374,1.74484,1.7358099999999999,1.74235,91112,0,35
2018-08-28T00:00:00Z,1.74228,1.74755,1.7397,1.74359,107508,0,49
2018-08-29T00:00:00Z,1.74359,1.74696,1.73807,1.7427700000000002,129670,0,14
2018-08-30T00:00:00Z,1.74271,1.75942,1.7426599999999999,1.7521900000000001,127810,0,14
2018-08-31T00:00:00Z,1.75218,1.75779,1.7513800000000002,1.7524,139435,0,60
2018-09-02T00:00:00Z,1.7514699999999999,1.75328,1.75037,1.75133,875,0,81
2018-09-03T00:00:00Z,1.75133,1.76016,1.75108,1.7595100000000001,79809,0,60
2018-09-04T00:00:00Z,1.7595100000000001,1.7684600000000001,1.7567,1.7658800000000001,114627,0,26
2018-09-05T00:00:00Z,1.7659099999999999,1.7732,1.76216,1.76554,122881,0,31
2018-09-06T00:00:00Z,1.76554,1.7683,1.76022,1.7633999999999999,122938,0,44
2018-09-07T00:00:00Z,1.7633999999999999,1.7709700000000002,1.7626,1.768,126559,0,57
2018-09-09T00:00:00Z,1.7673,1.76879,1.76695,1.7675100000000001,1159,0,72
2018-09-10T00:00:00Z,1.7675100000000001,1.77848,1.7665199999999999,1.77683,89134,0,43
2018-09-11T00:00:00Z,1.77683,1.7823,1.77389,1.77824,101502,0,39
2018-09-12T00:00:00Z,1.77826,1.782,1.77046,1.77139,104985,0,33
2018-09-13T00:00:00Z,1.77139,1.7803,1.7704,1.778,103585,0,39
2018-09-14T00:00:00Z,1.778,1.7787,1.77379,1.7746,89788,0,60
2018-09-16T00:00:00Z,1.77319,1.7748300000000001,1.77248,1.7738399999999999,830,0,66
2018-09-17T00:00:00Z,1.7738399999999999,1.7774100000000002,1.7725300000000002,1.7736100000000001,84031,0,51
2018-09-18T00:00:00Z,1.7736,1.77797,1.7696,1.77121,132606,0,46
2018-09-19T00:00:00Z,1.7711299999999999,1.77333,1.76319,1.76647,115330,0,43
2018-09-20T00:00:00Z,1.76647,1.7675,1.754,1.7609,125296,0,60
2018-09-21T00:00:00Z,1.7609,1.7629899999999998,1.7562,1.75736,120734,0,44
2018-09-23T00:00:00Z,1.75911,1.7608700000000002,1.75769,1.76033,1712,0,87
2018-09-24T00:00:00Z,1.76033,1.77249,1.75637,1.76987,102621,0,60
2018-09-25T00:00:00Z,1.76987,1.77229,1.76666,1.7707199999999998,106478,0,29
2018-09-26T00:00:00Z,1.77075,1.77286,1.75709,1.76201,120209,0,60
2018-09-27T00:00:00Z,1.76201,1.76742,1.75772,1.76007,131294,0,43
2018-09-28T00:00:00Z,1.76007,1.76336,1.74768,1.75279,112867,0,60
2018-09-30T00:00:00Z,1.752,1.7549299999999999,1.75166,1.7532100000000002,957,0,98
2018-10-01T00:00:00Z,1.7532100000000002,1.75912,1.74786,1.75444,100431,0,14
2018-10-02T00:00:00Z,1.75441,1.75516,1.74771,1.7524,110519,0,25
2018-10-03T00:00:00Z,1.7523499999999999,1.76468,1.75166,1.76101,118381,0,46
2018-10-04T00:00:00Z,1.76101,1.77799,1.7608899999999998,1.77747,118162,0,43
2018-10-05T00:00:00Z,1.77746,1.79023,1.77548,1.78949,107560,0,60
2018-10-07T00:00:00Z,1.78749,1.78918,1.7872400000000002,1.7882799999999999,1232,0,74
2018-10-08T00:00:00Z,1.7882799999999999,1.7926199999999999,1.7758,1.7810700000000002,78919,0,49
2018-10-09T00:00:00Z,1.7810700000000002,1.78447,1.77383,1.77407,111423,0,34
2018-10-10T00:00:00Z,1.77409,1.78806,1.7715800000000002,1.78341,108524,0,41
2018-10-11T00:00:00Z,1.78342,1.78725,1.7720500000000001,1.7745600000000001,149846,0,34
2018-10-12T00:00:00Z,1.77455,1.7804600000000002,1.77042,1.77539,98925,0,34
2018-10-14T00:00:00Z,1.77305,1.77736,1.77226,1.77692,937,0,35
2018-10-15T00:00:00Z,1.77692,1.7782200000000001,1.75548,1.75621,97647,0,33
2018-10-16T00:00:00Z,1.75621,1.76538,1.7553,1.7568899999999998,99563,0,46
2018-10-17T00:00:00Z,1.75693,1.75946,1.75261,1.7558099999999999,111645,0,51
2018-10-18T00:00:00Z,1.7557800000000001,1.7594699999999999,1.74922,1.7516699999999998,127965,0,40
2018-10-19T00:00:00Z,1.7517,1.7552699999999999,1.73526,1.74624,120927,0,60
2018-10-21T00:00:00Z,1.7412999999999998,1.74444,1.74122,1.7436500000000001,843,0,63
2018-10-22T00:00:00Z,1.7436500000000001,1.75132,1.7428,1.74885,105744,0,31
2018-10-23T00:00:00Z,1.74886,1.75322,1.74565,1.75028,126838,0,44
2018-10-24T00:00:00Z,1.75028,1.7519,1.7398,1.74623,121430,0,42
2018-10-25T00:00:00Z,1.7462900000000001,1.75225,1.74047,1.74295,119737,0,45
2018-10-26T00:00:00Z,1.74295,1.7585,1.7409,1.74696,131108,0,60
2018-10-28T00:00:00Z,1.74683,1.74796,1.74627,1.74733,1331,0,62
2018-10-29T00:00:00Z,1.74733,1.74804,1.73675,1.7433,100739,0,33
2018-10-30T00:00:00Z,1.7433,1.74411,1.7288999999999999,1.73,100877,0,36
2018-10-31T00:00:00Z,1.7299799999999999,1.73686,1.7264,1.73433,105020,0,21
2018-11-01T00:00:00Z,1.73433,1.7348400000000002,1.7124000000000001,1.71706,115114,0,36
2018-11-02T00:00:00Z,1.71704,1.71711,1.7057,1.7119499999999999,120484,0,60
2018-11-04T00:00:00Z,1.71521,1.7166000000000001,1.71027,1.7147999999999999,4514,0,61
2018-11-05T00:00:00Z,1.7147999999999999,1.71655,1.70674,1.71101,93654,0,58
2018-11-06T00:00:00Z,1.71103,1.7153100000000001,1.69367,1.6948400000000001,101202,0,30
2018-11-07T00:00:00Z,1.6948400000000001,1.69942,1.67999,1.6852800000000001,151131,0,54
2018-11-08T00:00:00Z,1.68536,1.68804,1.67933,1.6818499999999998,122973,0,41
2018-11-09T00:00:00Z,1.6818499999999998,1.68521,1.67913,1.6818300000000002,115739,0,60
2018-11-11T00:00:00Z,1.68121,1.68306,1.6810100000000001,1.68256,2472,0,60
2018-11-12T00:00:00Z,1.68254,1.68299,1.6674799999999999,1.67177,121181,0,25
2018-11-13T00:00:00Z,1.67177,1.67275,1.66324,1.66944,139292,0,32
2018-11-14T00:00:00Z,1.66946,1.67203,1.66052,1.66467,149798,0,31
2018-11-15T00:00:00Z,1.66463,1.66801,1.65549,1.6578300000000001,154269,0,41
2018-11-16T00:00:00Z,1.6578300000000001,1.66768,1.6573,1.6593,115646,0,57
2018-11-18T00:00:00Z,1.6613799999999999,1.66352,1.66076,1.66275,2378,0,68
2018-11-19T00:00:00Z,1.66275,1.67644,1.6601,1.6746400000000001,84672,0,29
2018-11-20T00:00:00Z,1.67465,1.6756199999999999,1.6640000000000001,1.6751399999999999,107386,0,43
2018-11-21T00:00:00Z,1.6751200000000002,1.67574,1.66284,1.66764,100723,0,30
2018-11-22T00:00:00Z,1.66764,1.67886,1.66652,1.67405,71563,0,60
2018-11-23T00:00:00Z,1.67404,1.6774900000000001,1.66044,1.6702,83905,0,60
2018-11-25T00:00:00Z,1.67728,1.6781000000000001,1.67391,1.6749100000000001,1992,0,79
2018-11-26T00:00:00Z,1.67493,1.67516,1.6689,1.6733500000000001,89145,0,37
2018-11-27T00:00:00Z,1.6733500000000001,1.67707,1.66137,1.6629,111608,0,23
2018-11-28T00:00:00Z,1.6629,1.66371,1.65116,1.65545,111099,0,46
2018-11-29T00:00:00Z,1.65543,1.66257,1.65391,1.66014,110856,0,35
2018-11-30T00:00:00Z,1.6601599999999999,1.66128,1.64371,1.64402,109954,0,60
2018-12-02T00:00:00Z,1.64021,1.64286,1.6385,1.64101,2844,0,62
2018-12-03T00:00:00Z,1.64097,1.64534,1.63387,1.63918,99095,0,44
2018-12-04T00:00:00Z,1.63918,1.64146,1.63319,1.6361599999999998,131101,0,42
2018-12-05T00:00:00Z,1.63615,1.64673,1.6326,1.64499,81277,0,32
2018-12-06T00:00:00Z,1.64494,1.6571099999999999,1.64452,1.65364,137579,0,37
2018-12-07T00:00:00Z,1.65364,1.66404,1.64928,1.6605699999999999,107962,0,60
2018-12-09T00:00:00Z,1.6569099999999999,1.66216,1.65685,1.66216,2205,0,83
2018-12-10T00:00:00Z,1.6621899999999998,1.66628,1.6508,1.65239,115435,0,38
2018-12-11T00:00:00Z,1.6524,1.65828,1.64234,1.6465,105767,0,44
2018-12-12T00:00:00Z,1.6465,1.66218,1.64194,1.65952,77377,0,31
2018-12-13T00:00:00Z,1.65953,1.66116,1.65096,1.6565400000000001,64543,0,44
2018-12-14T00:00:00Z,1.65646,1.67258,1.65564,1.66275,63885,0,55
2018-12-17T00:00:00Z,1.66315,1.66959,1.66141,1.6678600000000001,63017,0,55
2018-12-18T00:00:00Z,1.66794,1.66824,1.6530200000000002,1.6594799999999998,72705,0,23
2018-12-19T00:00:00Z,1.65947,1.68289,1.65675,1.6783700000000001,74968,0,55
2018-12-20T00:00:00Z,1.67838,1.69652,1.67802,1.6907100000000002,85728,0,55
2018-12-21T00:00:00Z,1.69067,1.6983899999999998,1.68627,1.69259,72783,0,55
2018-12-24T00:00:00Z,1.69217,1.70048,1.68753,1.69754,55137,0,55
2018-12-25T00:00:00Z,1.6933,1.69555,1.69285,1.69543,1958,0,153
2018-12-26T00:00:00Z,1.69564,1.69813,1.68525,1.68702,45129,0,55
2018-12-27T00:00:00Z,1.68703,1.71041,1.68507,1.70648,85371,0,55
2018-12-28T00:00:00Z,1.70641,1.71083,1.7046700000000001,1.70701,78874,0,55
2018-12-31T00:00:00Z,1.704,1.70854,1.7005400000000002,1.7066,66211,0,55
2019-01-01T00:00:00Z,1.70597,1.70758,1.7040600000000001,1.70722,2750,0,55
2019-01-02T00:00:00Z,1.7072,1.72065,1.69178,1.70584,96130,0,55
2019-01-03T00:00:00Z,1.7058499999999999,1.71569,1.69957,1.70288,99595,0,55
2019-01-04T00:00:00Z,1.70289,1.70736,1.6884000000000001,1.69129,82437,0,55
2019-01-06T00:00:00Z,1.68919,1.69444,1.68919,1.6920600000000001,2772,0,55
2019-01-07T00:00:00Z,1.69204,1.7004899999999998,1.69055,1.6995,71172,0,55
2019-01-08T00:00:00Z,1.69951,1.70378,1.69443,1.69892,75917,0,55
2019-01-09T00:00:00Z,1.69899,1.70179,1.6884000000000001,1.7014,81317,0,55
2019-01-10T00:00:00Z,1.70138,1.7056499999999999,1.69434,1.6958199999999999,81786,0,55
2019-01-11T00:00:00Z,1.69581,1.6968800000000002,1.6766299999999998,1.67752,72327,0,55
2019-01-13T00:00:00Z,1.6778499999999998,1.6804000000000001,1.67757,1.68034,2263,0,55
2019-01-14T00:00:00Z,1.68033,1.68773,1.67848,1.68052,66617,0,55
2019-01-15T00:00:00Z,1.68051,1.68157,1.6712799999999999,1.67317,81727,0,55
2019-01-16T00:00:00Z,1.67316,1.6868699999999999,1.66901,1.6827800000000002,71631,0,55
2019-01-17T00:00:00Z,1.68279,1.6933500000000001,1.67879,1.6843599999999999,74501,0,55
2019-01-18T00:00:00Z,1.68428,1.68817,1.6774200000000001,1.68523,62867,0,55
2019-01-20T00:00:00Z,1.6838199999999999,1.6865,1.68316,1.68609,1869,0,55
2019-01-21T00:00:00Z,1.6861000000000002,1.69359,1.68587,1.68955,53352,0,55
2019-01-22T00:00:00Z,1.68964,1.69395,1.68092,1.68309,72078,0,55
2019-01-23T00:00:00Z,1.6831,1.6833200000000001,1.66984,1.6761,75715,0,55
2019-01-24T00:00:00Z,1.67611,1.6808800000000002,1.6696900000000001,1.67283,87809,0,55
2019-01-25T00:00:00Z,1.6728,1.6757499999999999,1.66546,1.6674,79468,0,55
2019-01-27T00:00:00Z,1.6687400000000001,1.6697199999999999,1.6674799999999999,1.66862,2450,0,55
2019-01-28T00:00:00Z,1.6686299999999998,1.67402,1.6609,1.67249,67997,0,55
2019-01-29T00:00:00Z,1.6724700000000001,1.67618,1.6675900000000001,1.67561,78554,0,55
2019-01-30T00:00:00Z,1.6755900000000001,1.67605,1.6629399999999999,1.66523,79218,0,55
2019-01-31T00:00:00Z,1.66525,1.6663700000000001,1.6526800000000001,1.6556,81258,0,55
2019-02-01T00:00:00Z,1.6556600000000001,1.66175,1.65327,1.6614900000000001,71258,0,55
2019-02-03T00:00:00Z,1.65998,1.6618,1.65916,1.6606,1600,0,55
2019-02-04T00:00:00Z,1.66058,1.66463,1.6589,1.66284,63815,0,55
2019-02-05T00:00:00Z,1.66283,1.66441,1.65283,1.65305,62585,0,55
2019-02-06T00:00:00Z,1.65306,1.6801300000000001,1.65147,1.6781899999999998,67402,0,55
2019-02-07T00:00:00Z,1.67821,1.6841,1.6752,1.68078,67457,0,55
2019-02-08T00:00:00Z,1.6807699999999999,1.6847699999999999,1.67493,1.67781,57210,0,55
2019-02-10T00:00:00Z,1.6784400000000002,1.67854,1.6736,1.67496,2699,0,55
2019-02-11T00:00:00Z,1.67497,1.678,1.67195,1.674,60034,0,55
2019-02-12T00:00:00Z,1.6739899999999999,1.68357,1.67282,1.6814200000000001,63100,0,55
2019-02-13T00:00:00Z,1.6815,1.68354,1.65434,1.6545999999999998,66136,0,55
2019-02-14T00:00:00Z,1.65459,1.65536,1.64717,1.6529099999999999,67837,0,55
2019-02-15T00:00:00Z,1.65292,1.65721,1.6408800000000001,1.64439,60984,0,55
2019-02-17T00:00:00Z,1.64608,1.6465100000000001,1.64497,1.64519,2205,0,55
2019-02-18T00:00:00Z,1.6451799999999999,1.65289,1.64127,1.64977,48678,0,55
2019-02-19T00:00:00Z,1.64973,1.65735,1.6466699999999999,1.6486800000000001,63820,0,55
2019-02-20T00:00:00Z,1.64866,1.6543999999999999,1.64845,1.65436,61927,0,55
2019-02-21T00:00:00Z,1.65432,1.66677,1.64955,1.6642299999999999,73856,0,55
2019-02-22T00:00:00Z,1.66425,1.6766299999999998,1.65412,1.65492,60871,0,55
2019-02-24T00:00:00Z,1.65053,1.65391,1.64953,1.65185,3195,0,55
2019-02-25T00:00:00Z,1.65186,1.65369,1.6463700000000001,1.6504400000000001,62798,0,55
2019-02-26T00:00:00Z,1.65049,1.6545100000000001,1.64778,1.6517300000000001,67173,0,55
2019-02-27T00:00:00Z,1.65175,1.66502,1.6495,1.66063,73333,0,55
2019-02-28T00:00:00Z,1.6615199999999999,1.6726,1.65985,1.6673200000000001,72649,0,55
2019-03-01T00:00:00Z,1.6673,1.6726299999999998,1.66383,1.67118,66485,0,55
2019-03-03T00:00:00Z,1.6672,1.6691099999999999,1.66593,1.66729,3784,0,55
2019-03-04T00:00:00Z,1.66731,1.6703299999999999,1.6602299999999999,1.6615600000000001,66217,0,55
2019-03-05T00:00:00Z,1.6616300000000002,1.669,1.66121,1.66235,63075,0,55
2019-03-06T00:00:00Z,1.66236,1.67235,1.6619899999999999,1.67093,63207,0,55
2019-03-07T00:00:00Z,1.6709399999999999,1.67138,1.65482,1.65509,69376,0,55
2019-03-08T00:00:00Z,1.65506,1.6586400000000001,1.6498,1.6502400000000002,68834,0,55
2019-03-10T00:00:00Z,1.6528,1.6528,1.6503700000000001,1.6508,1578,0,55
2019-03-11T00:00:00Z,1.65079,1.6535199999999999,1.64341,1.64726,62163,0,55
2019-03-12T00:00:00Z,1.64724,1.6488,1.64031,1.64684,63019,0,55
2019-03-13T00:00:00Z,1.6468500000000001,1.65407,1.6462599999999998,1.65219,59924,0,55
2019-03-14T00:00:00Z,1.65218,1.65977,1.65147,1.65377,67156,0,55
2019-03-15T00:00:00Z,1.65381,1.65503,1.65062,1.65359,53213,0,55
2019-03-17T00:00:00Z,1.65396,1.6548500000000002,1.6536,1.65389,2134,0,55
2019-03-18T00:00:00Z,1.6539000000000001,1.65636,1.64982,1.65597,55742,0,55
2019-03-19T00:00:00Z,1.65598,1.657,1.65106,1.65662,58424,0,55
2019-03-20T00:00:00Z,1.65664,1.66194,1.65012,1.65177,71359,0,55
2019-03-21T00:00:00Z,1.65178,1.65438,1.64562,1.6525400000000001,81172,0,55
2019-03-22T00:00:00Z,1.65252,1.65276,1.63667,1.64307,76994,0,55
2019-03-24T00:00:00Z,1.64115,1.64337,1.6408,1.6423999999999999,1908,0,55
2019-03-25T00:00:00Z,1.64239,1.64564,1.63493,1.63685,76444,0,55
2019-03-26T00:00:00Z,1.6368200000000002,1.6403699999999999,1.6293199999999999,1.63182,74880,0,55
2019-03-27T00:00:00Z,1.63179,1.6599,1.62838,1.65518,89686,0,55
2019-03-28T00:00:00Z,1.65626,1.65895,1.64804,1.6556899999999999,85421,0,55
2019-03-29T00:00:00Z,1.65567,1.6566999999999998,1.6448,1.6477,75604,0,55
2019-03-31T00:00:00Z,1.6442299999999999,1.64772,1.64391,1.64462,3474,0,55
2019-04-01T00:00:00Z,1.64463,1.6533099999999998,1.6429,1.65004,73149,0,55
2019-04-02T00:00:00Z,1.65008,1.66168,1.64781,1.65938,71554,0,55
2019-04-03T00:00:00Z,1.65937,1.6609500000000001,1.65262,1.65619,68874,0,55
2019-04-04T00:00:00Z,1.65615,1.6626400000000001,1.65341,1.66078,61482,0,55
2019-04-05T00:00:00Z,1.6608,1.66928,1.6589800000000001,1.6654,56450,0,55
2019-04-07T00:00:00Z,1.66459,1.6667100000000001,1.66356,1.66648,2100,0,55
2019-04-08T00:00:00Z,1.66649,1.67109,1.6663299999999999,1.67014,57189,0,55
2019-04-09T00:00:00Z,1.67011,1.6727699999999999,1.66708,1.6684299999999999,57048,0,55
2019-04-10T00:00:00Z,1.66844,1.67165,1.66445,1.66593,65176,0,55
2019-04-11T00:00:00Z,1.6659199999999998,1.67489,1.66535,1.6741899999999998,57897,0,55
2019-04-12T00:00:00Z,1.6741700000000002,1.67849,1.6675900000000001,1.6707100000000001,56727,0,55
2019-04-14T00:00:00Z,1.67061,1.67134,1.66852,1.67005,2717,0,55
2019-04-15T00:00:00Z,1.67004,1.67499,1.66747,1.67043,52476,0,55
2019-04-16T00:00:00Z,1.6704400000000001,1.69169,1.6654900000000001,1.6818499999999998,63159,0,55
2019-04-17T00:00:00Z,1.6818300000000002,1.6846299999999998,1.67557,1.6796,56839,0,55
2019-04-18T00:00:00Z,1.6796600000000002,1.68392,1.67686,1.68005,55941,0,55
2019-04-19T00:00:00Z,1.68004,1.6820300000000001,1.67924,1.68035,28032,0,55
2019-04-21T00:00:00Z,1.68064,1.6822,1.68024,1.6816499999999999,1942,0,55
2019-04-22T00:00:00Z,1.68166,1.68722,1.68148,1.68502,28761,0,55
2019-04-23T00:00:00Z,1.68496,1.6901000000000002,1.6840000000000002,1.68702,49961,0,55
2019-04-24T00:00:00Z,1.68706,1.69588,1.68611,1.69101,63309,0,55
2019-04-25T00:00:00Z,1.69097,1.69259,1.67594,1.67877,54541,0,55
2019-04-26T00:00:00Z,1.67875,1.6793900000000002,1.67072,1.67325,53446,0,55
2019-04-28T00:00:00Z,1.67292,1.67452,1.6722000000000001,1.6723,1969,0,55
2019-04-29T00:00:00Z,1.67233,1.67747,1.66902,1.67668,39095,0,55
2019-04-30T00:00:00Z,1.67669,1.69092,1.67434,1.68587,54754,0,55
2019-05-01T00:00:00Z,1.68588,1.69192,1.6845599999999998,1.6901000000000002,47206,0,55
2019-05-02T00:00:00Z,1.69009,1.69303,1.6869100000000001,1.68895,54791,0,55
2019-05-03T00:00:00Z,1.68896,1.6903000000000001,1.6813,1.68564,52226,0,55
2019-05-05T00:00:00Z,1.6893099999999999,1.69291,1.68627,1.6926700000000001,5933,0,55
2019-05-06T00:00:00Z,1.69266,1.69611,1.6877499999999999,1.6949100000000001,54447,0,55
2019-05-07T00:00:00Z,1.69492,1.69867,1.69016,1.69628,63408,0,55
2019-05-08T00:00:00Z,1.69625,1.71497,1.69477,1.70064,66369,0,55
2019-05-09T00:00:00Z,1.7006000000000001,1.70751,1.69936,1.7031800000000001,66839,0,55
2019-05-10T00:00:00Z,1.70319,1.7048100000000002,1.69795,1.70244,65035,0,55
2019-05-12T00:00:00Z,1.70251,1.70485,1.70041,1.70485,3354,0,55
2019-05-13T00:00:00Z,1.7048,1.71126,1.70444,1.70866,58872,0,55
2019-05-14T00:00:00Z,1.7086700000000001,1.70904,1.7029100000000001,1.70486,55418,0,55
2019-05-15T00:00:00Z,1.70487,1.70995,1.70411,1.70766,57964,0,55
2019-05-16T00:00:00Z,1.70762,1.71212,1.7029800000000002,1.70967,56380,0,55
2019-05-17T00:00:00Z,1.70966,1.7130999999999998,1.70747,1.7119499999999999,57096,0,55
2019-05-19T00:00:00Z,1.7086000000000001,1.71166,1.70816,1.7102300000000001,3274,0,55
2019-05-20T00:00:00Z,1.71022,1.71036,1.7045,1.70764,52539,0,55
2019-05-21T00:00:00Z,1.70763,1.7176,1.70648,1.71582,56163,0,55
2019-05-22T00:00:00Z,1.7158,1.7191,1.71471,1.7173699999999998,51508,0,55
2019-05-23T00:00:00Z,1.71739,1.71946,1.71123,1.71472,59967,0,55
2019-05-24T00:00:00Z,1.71474,1.71627,1.70817,1.70979,51737,0,55
2019-05-26T00:00:00Z,1.71007,1.7105700000000001,1.70879,1.70936,1754,0,55
2019-05-27T00:00:00Z,1.70945,1.71112,1.70853,1.70959,34573,0,55
2019-05-28T00:00:00Z,1.70957,1.70957,1.70477,1.70622,55539,0,55
2019-05-29T00:00:00Z,1.7061899999999999,1.7128700000000001,1.70466,1.70941,57846,0,55
2019-05-30T00:00:00Z,1.7094,1.7128,1.70581,1.71112,51435,0,55
2019-05-31T00:00:00Z,1.7111100000000001,1.7149,1.7067700000000001,1.7082000000000002,61962,0,55
2019-06-02T00:00:00Z,1.7087599999999998,1.71128,1.70812,1.7100499999999998,3636,0,55
2019-06-03T00:00:00Z,1.70999,1.71034,1.70256,1.70598,70015,0,55
2019-06-04T00:00:00Z,1.70599,1.70972,1.7010999999999998,1.7025700000000001,71842,0,55
2019-06-05T00:00:00Z,1.70259,1.70272,1.6934,1.69425,70523,0,55
2019-06-06T00:00:00Z,1.69427,1.7036,1.69126,1.7035,68543,0,55
2019-06-07T00:00:00Z,1.70357,1.704,1.6974399999999998,1.7006999999999999,61386,0,55
2019-06-09T00:00:00Z,1.69841,1.70174,1.69834,1.7004000000000001,3032,0,55
2019-06-10T00:00:00Z,1.70044,1.7124000000000001,1.69942,1.71182,59063,0,55
2019-06-11T00:00:00Z,1.71184,1.7215,1.7114099999999999,1.72057,65148,0,55
2019-06-12T00:00:00Z,1.7206000000000001,1.72556,1.71589,1.7169400000000001,63399,0,55
2019-06-13T00:00:00Z,1.71695,1.72077,1.71452,1.71974,61617,0,55
2019-06-14T00:00:00Z,1.7197,1.72741,1.71943,1.72716,59787,0,55
2019-06-16T00:00:00Z,1.7237200000000001,1.72723,1.72321,1.72593,3059,0,55
2019-06-17T00:00:00Z,1.72594,1.72875,1.7212100000000001,1.7274699999999998,54035,0,55
2019-06-18T00:00:00Z,1.72749,1.7305000000000001,1.713,1.713,66470,0,55
2019-06-19T00:00:00Z,1.7130100000000001,1.71991,1.71205,1.71418,63873,0,55
2019-06-20T00:00:00Z,1.71422,1.71766,1.71076,1.71578,76689,0,55
2019-06-21T00:00:00Z,1.7157900000000001,1.72762,1.7116099999999999,1.72532,68415,0,55
2019-06-23T00:00:00Z,1.72357,1.72672,1.72326,1.72531,3907,0,55
2019-06-24T00:00:00Z,1.7252999999999998,1.72655,1.71962,1.72086,59550,0,55
2019-06-25T00:00:00Z,1.72085,1.72088,1.7088700000000001,1.71361,75100,0,55
2019-06-26T00:00:00Z,1.7135799999999999,1.71996,1.6989100000000001,1.7025299999999999,69154,0,55
2019-06-27T00:00:00Z,1.70251,1.70364,1.69538,1.69655,68126,0,55
2019-06-28T00:00:00Z,1.6965599999999998,1.6987700000000001,1.69171,1.69235,61395,0,55
2019-06-30T00:00:00Z,1.68738,1.69183,1.68738,1.68971,5092,0,55
2019-07-01T00:00:00Z,1.68973,1.69576,1.6883599999999999,1.6916099999999998,68069,0,55
2019-07-02T00:00:00Z,1.69162,1.69848,1.6882899999999998,1.69047,64494,0,55
2019-07-03T00:00:00Z,1.69048,1.69187,1.68005,1.6825299999999999,60697,0,55
2019-07-04T00:00:00Z,1.68254,1.6895099999999998,1.6803599999999999,1.68638,35962,0,55
2019-07-05T00:00:00Z,1.68636,1.6976200000000001,1.68523,1.69445,54196,0,55
2019-07-07T00:00:00Z,1.6922000000000001,1.69479,1.6922000000000001,1.69306,2630,0,55
2019-07-08T00:00:00Z,1.69305,1.69348,1.68774,1.69226,50500,0,55
2019-07-09T00:00:00Z,1.6922700000000002,1.69743,1.6905299999999999,1.6972399999999999,50855,0,55
2019-07-10T00:00:00Z,1.69723,1.70546,1.69048,1.6942599999999999,60577,0,55
2019-07-11T00:00:00Z,1.6943000000000001,1.69454,1.68526,1.68855,62117,0,55
2019-07-12T00:00:00Z,1.6885599999999998,1.68889,1.68251,1.68295,54845,0,55
2019-07-14T00:00:00Z,1.6833200000000001,1.68448,1.68256,1.68373,3387,0,55
2019-07-15T00:00:00Z,1.6837,1.6837,1.6742,1.6749800000000001,52277,0,55
2019-07-16T00:00:00Z,1.67496,1.67497,1.66824,1.67276,55873,0,55
2019-07-17T00:00:00Z,1.6727699999999999,1.6728100000000001,1.66408,1.6676,53506,0,55
2019-07-18T00:00:00Z,1.6675900000000001,1.66927,1.66013,1.6615,64005,0,55
2019-07-19T00:00:00Z,1.6615199999999999,1.66216,1.6558199999999998,1.65915,61225,0,55
2019-07-21T00:00:00Z,1.65659,1.65999,1.65633,1.6591399999999998,2755,0,55
2019-07-22T00:00:00Z,1.65915,1.66333,1.65246,1.6623700000000001,52546,0,55
2019-07-23T00:00:00Z,1.66238,1.66485,1.65918,1.66465,55227,0,55
2019-07-24T00:00:00Z,1.66464,1.66546,1.6587100000000001,1.66269,55099,0,55
2019-07-25T00:00:00Z,1.66268,1.67496,1.6573799999999999,1.67346,64833,0,55
2019-07-26T00:00:00Z,1.67344,1.6783000000000001,1.67286,1.67712,49135,0,55
2019-07-28T00:00:00Z,1.67584,1.6774,1.6754799999999999,1.67689,1522,0,55
2019-07-29T00:00:00Z,1.67679,1.68236,1.67645,1.68055,39411,0,55
2019-07-30T00:00:00Z,1.68056,1.68771,1.67913,1.68598,49773,0,55
2019-07-31T00:00:00Z,1.68597,1.6927699999999999,1.68473,1.6897799999999998,66989,0,55
2019-08-01T00:00:00Z,1.68979,1.6922700000000002,1.68004,1.69052,80605,0,55
2019-08-02T00:00:00Z,1.69048,1.70362,1.69,1.69902,79398,0,55
2019-08-04T00:00:00Z,1.69958,1.70328,1.69943,1.70306,3180,0,55
2019-08-05T00:00:00Z,1.7030699999999999,1.7225000000000001,1.7019,1.71417,82618,0,55
2019-08-06T00:00:00Z,1.7141,1.72132,1.70651,1.71555,66413,0,55
2019-08-07T00:00:00Z,1.7155399999999998,1.75732,1.70991,1.7370700000000001,77490,0,55
2019-08-08T00:00:00Z,1.7370299999999999,1.74111,1.72301,1.72466,60704,0,55
2019-08-09T00:00:00Z,1.7246899999999998,1.7348599999999998,1.72113,1.7323300000000001,46023,0,55
2019-08-11T00:00:00Z,1.72999,1.7344,1.7299600000000002,1.7343199999999999,2854,0,55
2019-08-12T00:00:00Z,1.73427,1.74082,1.72823,1.73937,53015,0,55
2019-08-13T00:00:00Z,1.73935,1.7471100000000002,1.72735,1.72956,58553,0,55
2019-08-14T00:00:00Z,1.72954,1.74057,1.7268,1.73034,63928,0,55
2019-08-15T00:00:00Z,1.7303199999999999,1.7344300000000001,1.72005,1.72651,69877,0,55
2019-08-16T00:00:00Z,1.72658,1.72797,1.71978,1.7257500000000001,53183,0,55
2019-08-18T00:00:00Z,1.7238099999999998,1.7271800000000002,1.72075,1.72581,3090,0,55
2019-08-19T00:00:00Z,1.72577,1.73232,1.7248999999999999,1.73008,47532,0,55
2019-08-20T00:00:00Z,1.7300900000000001,1.73136,1.7236500000000001,1.73135,50682,0,55
2019-08-21T00:00:00Z,1.7312400000000001,1.73445,1.72832,1.73148,44819,0,55
2019-08-22T00:00:00Z,1.73151,1.74145,1.73011,1.73444,53402,0,55
2019-08-23T00:00:00Z,1.73445,1.74463,1.7309999999999999,1.74265,60349,0,55
2019-08-25T00:00:00Z,1.74526,1.7590599999999998,1.74306,1.7516699999999998,4860,0,55
2019-08-26T00:00:00Z,1.75169,1.75169,1.73424,1.73833,71619,0,55
2019-08-27T00:00:00Z,1.7383199999999999,1.7467000000000001,1.7382300000000002,1.7423899999999999,58509,0,55
2019-08-28T00:00:00Z,1.74241,1.75223,1.74147,1.74925,54753,0,55
2019-08-29T00:00:00Z,1.74928,1.7571400000000001,1.74396,1.75064,54864,0,55
2019-08-30T00:00:00Z,1.75062,1.75627,1.7414399999999999,1.7417500000000001,52130,0,55
2019-09-01T00:00:00Z,1.74221,1.74551,1.74108,1.7444199999999999,3015,0,55
2019-09-02T00:00:00Z,1.7444,1.74694,1.7351100000000002,1.7389700000000001,39327,0,55
2019-09-03T00:00:00Z,1.73901,1.74349,1.73056,1.73109,56915,0,55
2019-09-04T00:00:00Z,1.73108,1.73641,1.72828,1.73601,50319,0,55
2019-09-05T00:00:00Z,1.7359900000000001,1.7365599999999999,1.72809,1.7316799999999999,52971,0,55
2019-09-06T00:00:00Z,1.73167,1.7316799999999999,1.71303,1.71503,52832,0,55
2019-09-08T00:00:00Z,1.71699,1.71725,1.71424,1.7147700000000001,2814,0,55
2019-09-09T00:00:00Z,1.71475,1.72082,1.71187,1.71847,44846,0,55
2019-09-10T00:00:00Z,1.7184599999999999,1.72253,1.71444,1.72245,46843,0,55
2019-09-11T00:00:00Z,1.72249,1.7236500000000001,1.71259,1.71496,44667,0,55
2019-09-12T00:00:00Z,1.71476,1.72888,1.7000199999999999,1.72698,60292,0,55
2019-09-13T00:00:00Z,1.7269700000000001,1.73845,1.72635,1.7363,46209,0,55
2019-09-15T00:00:00Z,1.73613,1.73875,1.7344300000000001,1.7357,4018,0,55
2019-09-16T00:00:00Z,1.73568,1.7384300000000001,1.72942,1.73481,49858,0,55
2019-09-17T00:00:00Z,1.7348599999999998,1.7438099999999999,1.73453,1.74081,49765,0,55
2019-09-18T00:00:00Z,1.74085,1.7483499999999998,1.74048,1.74546,49866,0,55
2019-09-19T00:00:00Z,1.74566,1.75494,1.74518,1.7547000000000001,57744,0,55
2019-09-20T00:00:00Z,1.75468,1.76143,1.7532299999999998,1.7602799999999998,52827,0,55
2019-09-22T00:00:00Z,1.75603,1.7590400000000002,1.75603,1.7581799999999999,2875,0,55
2019-09-23T00:00:00Z,1.75817,1.7588300000000001,1.74531,1.7458200000000001,53808,0,55
2019-09-24T00:00:00Z,1.74576,1.74737,1.7385899999999999,1.74359,59329,0,55
2019-09-25T00:00:00Z,1.74356,1.74841,1.73259,1.74556,62144,0,55
2019-09-26T00:00:00Z,1.74558,1.74626,1.72968,1.73413,57427,0,55
2019-09-27T00:00:00Z,1.73422,1.7403,1.73239,1.73746,56300,0,55
2019-09-29T00:00:00Z,1.7399,1.74091,1.73811,1.74023,2513,0,55
2019-09-30T00:00:00Z,1.74005,1.75042,1.7366700000000002,1.74041,55019,0,55
2019-10-01T00:00:00Z,1.74036,1.75505,1.73664,1.7511,63601,0,55
2019-10-02T00:00:00Z,1.75108,1.75433,1.7461799999999998,1.7488700000000001,58357,0,55
2019-10-03T00:00:00Z,1.74884,1.7506,1.7381600000000001,1.74092,57962,0,55
2019-10-04T00:00:00Z,1.74098,1.74119,1.73268,1.73858,50538,0,55
2019-10-06T00:00:00Z,1.74017,1.742,1.73677,1.73876,3915,0,55
2019-10-07T00:00:00Z,1.73874,1.74764,1.73666,1.7437,51185,0,55
2019-10-08T00:00:00Z,1.74369,1.74402,1.7362199999999999,1.7402600000000001,55610,0,55
2019-10-09T00:00:00Z,1.74018,1.74952,1.73544,1.7469000000000001,50993,0,55
2019-10-10T00:00:00Z,1.74688,1.7476,1.73861,1.7405300000000001,60762,0,55
2019-10-11T00:00:00Z,1.74052,1.74418,1.73577,1.7412999999999998,62971,0,55
2019-10-13T00:00:00Z,1.74072,1.74342,1.74072,1.74238,3127,0,55
2019-10-14T00:00:00Z,1.74231,1.75555,1.74133,1.74878,49335,0,55
2019-10-15T00:00:00Z,1.74882,1.7583,1.74504,1.7526199999999998,61513,0,55
2019-10-16T00:00:00Z,1.7526000000000002,1.76978,1.7526000000000002,1.76119,62753,0,55
2019-10-17T00:00:00Z,1.7612,1.76274,1.75062,1.75062,62480,0,55
2019-10-18T00:00:00Z,1.75064,1.75139,1.74492,1.7483,48050,0,55
2019-10-20T00:00:00Z,1.74734,1.7501799999999998,1.74647,1.74733,4232,0,55
2019-10-21T00:00:00Z,1.74734,1.74741,1.7386300000000001,1.73903,46276,0,55
2019-10-22T00:00:00Z,1.7390400000000001,1.7390400000000001,1.7321900000000001,1.7355,51475,0,55
2019-10-23T00:00:00Z,1.73552,1.74102,1.73178,1.7336200000000002,47861,0,55
2019-10-24T00:00:00Z,1.73363,1.74326,1.73354,1.7408299999999999,53344,0,55
2019-10-25T00:00:00Z,1.74085,1.74888,1.7394699999999998,1.74461,40108,0,55
2019-10-27T00:00:00Z,1.74342,1.74421,1.7400799999999998,1.74319,1945,0,55
2019-10-28T00:00:00Z,1.74321,1.75103,1.7431299999999998,1.74661,40119,0,55
2019-10-29T00:00:00Z,1.74658,1.75019,1.74104,1.74935,47580,0,55
2019-10-30T00:00:00Z,1.74933,1.7515100000000001,1.7386,1.7403499999999998,54586,0,44
2019-10-31T00:00:00Z,1.74021,1.74646,1.73336,1.73929,58085,0,44
2019-11-01T00:00:00Z,1.73926,1.7401,1.72908,1.73678,45532,0,44
2019-11-03T00:00:00Z,1.73584,1.73686,1.7349999999999999,1.73507,1653,0,44
2019-11-04T00:00:00Z,1.73509,1.74109,1.7274,1.7381,45749,0,44
2019-11-05T00:00:00Z,1.73814,1.73975,1.72995,1.73756,57256,0,44
2019-11-06T00:00:00Z,1.73765,1.7410700000000001,1.73478,1.73906,46987,0,44
2019-11-07T00:00:00Z,1.73899,1.74237,1.7334399999999999,1.73359,59432,0,44
2019-11-08T00:00:00Z,1.73357,1.74355,1.73115,1.74123,45506,0,44
2019-11-10T00:00:00Z,1.7380200000000001,1.74129,1.73779,1.74074,1153,0,44
2019-11-11T00:00:00Z,1.7407599999999999,1.74081,1.73116,1.73395,35167,0,44
2019-11-12T00:00:00Z,1.73396,1.7436,1.73243,1.73767,47547,0,44
2019-11-13T00:00:00Z,1.73772,1.73902,1.71544,1.71623,52442,0,44
2019-11-14T00:00:00Z,1.71624,1.73384,1.71513,1.72685,50772,0,44
2019-11-15T00:00:00Z,1.7268400000000002,1.72943,1.72328,1.7259,43377,0,44
2019-11-17T00:00:00Z,1.7236,1.72705,1.7236,1.7269700000000001,1596,0,44
2019-11-18T00:00:00Z,1.7268599999999998,1.73248,1.72527,1.7309,44121,0,44
2019-11-19T00:00:00Z,1.73089,1.73461,1.72191,1.7221899999999999,38193,0,44
2019-11-20T00:00:00Z,1.72221,1.72823,1.72082,1.72823,44332,0,44
2019-11-21T00:00:00Z,1.7282199999999999,1.73123,1.72156,1.72749,46262,0,44
2019-11-22T00:00:00Z,1.72753,1.72848,1.7195399999999998,1.72045,41706,0,44
2019-11-24T00:00:00Z,1.7184599999999999,1.72037,1.71802,1.7197,1558,0,44
2019-11-25T00:00:00Z,1.71975,1.72111,1.71273,1.7164000000000001,41637,0,44
2019-11-26T00:00:00Z,1.7164199999999998,1.71861,1.71363,1.71494,41160,0,44
2019-11-27T00:00:00Z,1.71496,1.71851,1.7109299999999998,1.71582,40253,0,44
2019-11-28T00:00:00Z,1.71441,1.71696,1.71126,1.71508,29817,0,44
2019-11-29T00:00:00Z,1.71513,1.7187999999999999,1.7080600000000001,1.7135500000000001,40387,0,44
2019-12-01T00:00:00Z,1.7131699999999999,1.71474,1.71255,1.71288,1726,0,44
2019-12-02T00:00:00Z,1.7128299999999999,1.7128299999999999,1.6992,1.70452,49157,0,44
2019-12-03T00:00:00Z,1.70451,1.70462,1.69616,1.6999900000000001,46787,0,44
2019-12-04T00:00:00Z,1.6997200000000001,1.7041,1.69063,1.69223,46960,0,44
2019-12-05T00:00:00Z,1.69224,1.70121,1.6888,1.69682,40842,0,44
2019-12-06T00:00:00Z,1.69684,1.6973099999999999,1.68056,1.6838199999999999,40258,0,44
2019-12-08T00:00:00Z,1.68602,1.68635,1.68437,1.68601,1583,0,44
2019-12-09T00:00:00Z,1.6859899999999999,1.69158,1.6851500000000001,1.6893500000000001,39491,0,44
2019-12-10T00:00:00Z,1.68932,1.69612,1.68513,1.6948400000000001,43748,0,44
2019-12-11T00:00:00Z,1.6946400000000001,1.7004000000000001,1.68676,1.6898,48454,0,44
2019-12-12T00:00:00Z,1.6897,1.69296,1.68396,1.6846,56677,0,44
2019-12-13T00:00:00Z,1.68455,1.6942599999999999,1.6832,1.6875900000000001,71323,0,44
2019-12-15T00:00:00Z,1.68434,1.68499,1.68391,1.68442,161,0,90
2019-12-16T00:00:00Z,1.68441,1.6903299999999999,1.68439,1.6894,43846,0,44
2019-12-17T00:00:00Z,1.68918,1.6994099999999999,1.6859600000000001,1.69757,48385,0,44
2019-12-18T00:00:00Z,1.6975500000000001,1.6986400000000001,1.68071,1.68823,42990,0,44
2019-12-19T00:00:00Z,1.68819,1.69259,1.6821899999999999,1.68241,44253,0,44
2019-12-20T00:00:00Z,1.6824,1.6863000000000001,1.67527,1.67692,39163,0,44
2019-12-22T00:00:00Z,1.67899,1.67903,1.6766100000000002,1.67668,1855,0,44
2019-12-23T00:00:00Z,1.6766299999999998,1.67843,1.6699899999999999,1.6718899999999999,43152,0,44
2019-12-24T00:00:00Z,1.67192,1.67475,1.6675,1.6694499999999999,35299,0,44
2019-12-25T00:00:00Z,1.67092,1.6718199999999999,1.66886,1.66984,758,0,44
2019-12-26T00:00:00Z,1.6698300000000001,1.66987,1.66201,1.66345,18212,0,44
2019-12-27T00:00:00Z,1.66342,1.66913,1.66167,1.6667399999999999,44075,0,44
2019-12-29T00:00:00Z,1.66707,1.66974,1.66466,1.6678,1608,0,44
2019-12-30T00:00:00Z,1.66779,1.66947,1.66174,1.66363,45416,0,44
2019-12-31T00:00:00Z,1.66358,1.66832,1.66238,1.66628,39341,0,44
2020-01-01T00:00:00Z,1.66601,1.6688100000000001,1.6650399999999999,1.66528,1133,0,44
2020-01-02T00:00:00Z,1.66526,1.67351,1.66435,1.66747,46224,0,44
2020-01-03T00:00:00Z,1.6674799999999999,1.67554,1.6674099999999998,1.67398,51692,0,44
2020-01-05T00:00:00Z,1.67641,1.67808,1.67535,1.67703,2612,0,44
2020-01-06T00:00:00Z,1.67699,1.68144,1.67473,1.6787,46802,0,44
2020-01-07T00:00:00Z,1.67872,1.68357,1.6756199999999999,1.68197,47282,0,44
2020-01-08T00:00:00Z,1.68193,1.6865999999999999,1.6691099999999999,1.66995,60895,0,44
2020-01-09T00:00:00Z,1.66996,1.68175,1.66901,1.68123,41941,0,44
2020-01-10T00:00:00Z,1.6812399999999998,1.6821199999999998,1.6732900000000002,1.6760000000000002,40514,0,44
2020-01-12T00:00:00Z,1.6742,1.67524,1.67337,1.6747100000000001,1328,0,44
2020-01-13T00:00:00Z,1.67472,1.6806999999999999,1.67249,1.68052,40431,0,44
2020-01-14T00:00:00Z,1.68042,1.68412,1.67879,1.68408,42370,0,44
2020-01-15T00:00:00Z,1.6840899999999999,1.69187,1.68159,1.68469,39824,0,44
2020-01-16T00:00:00Z,1.68468,1.68489,1.67439,1.67787,41448,0,44
2020-01-17T00:00:00Z,1.67788,1.67949,1.6745700000000001,1.67737,35773,0,44
2020-01-19T00:00:00Z,1.6761300000000001,1.67774,1.67537,1.6761,1570,0,44
2020-01-20T00:00:00Z,1.6760899999999999,1.68038,1.6752,1.6793200000000001,26500,0,44
2020-01-21T00:00:00Z,1.67931,1.68289,1.6776499999999999,1.68064,40499,0,44
2020-01-22T00:00:00Z,1.68062,1.68349,1.67702,1.6823700000000001,36778,0,44
2020-01-23T00:00:00Z,1.68236,1.68381,1.66842,1.67042,46918,0,44
2020-01-24T00:00:00Z,1.67038,1.67206,1.66627,1.6681599999999999,37268,0,44
2020-01-26T00:00:00Z,1.67411,1.67774,1.66963,1.67709,3133,0,44
2020-01-27T00:00:00Z,1.67694,1.68426,1.6741700000000002,1.6835200000000001,39376,0,44
2020-01-28T00:00:00Z,1.6835,1.68981,1.6824400000000002,1.6853099999999999,36451,0,44
2020-01-29T00:00:00Z,1.68533,1.68957,1.6832799999999999,1.68713,36181,0,44
2020-01-30T00:00:00Z,1.68712,1.70299,1.6867999999999999,1.70086,43882,0,44
2020-01-31T00:00:00Z,1.70085,1.7161499999999998,1.6984599999999999,1.71591,45541,0,44
2020-02-02T00:00:00Z,1.71383,1.71749,1.71376,1.71692,2603,0,44
2020-02-03T00:00:00Z,1.7169699999999999,1.7174399999999999,1.7052800000000001,1.71237,46403,0,44
2020-02-04T00:00:00Z,1.71239,1.71488,1.69878,1.70133,43400,0,44
2020-02-05T00:00:00Z,1.70129,1.7046000000000001,1.69597,1.6971699999999998,44919,0,44
2020-02-06T00:00:00Z,1.69719,1.70349,1.69612,1.69974,39886,0,44
2020-02-07T00:00:00Z,1.6997499999999999,1.71067,1.6993399999999999,1.7088700000000001,44282,0,44
2020-02-09T00:00:00Z,1.70821,1.71126,1.7075399999999998,1.71117,2873,0,44
2020-02-10T00:00:00Z,1.7111100000000001,1.7122899999999999,1.7063700000000002,1.70784,43315,0,44
2020-02-11T00:00:00Z,1.7078600000000002,1.7103899999999999,1.70096,1.70439,42564,0,44
2020-02-12T00:00:00Z,1.70441,1.70446,1.68078,1.68704,45942,0,44
2020-02-13T00:00:00Z,1.6869800000000001,1.6877,1.6783700000000001,1.68293,46383,0,44
2020-02-14T00:00:00Z,1.6829100000000001,1.6872,1.68177,1.68311,36724,0,44
2020-02-16T00:00:00Z,1.68099,1.683,1.68042,1.68177,1890,0,44
2020-02-17T00:00:00Z,1.68181,1.6873399999999998,1.68133,1.6831800000000001,29554,0,44
2020-02-18T00:00:00Z,1.68317,1.69444,1.68293,1.68819,47004,0,44
2020-02-19T00:00:00Z,1.68818,1.69435,1.68544,1.69183,44040,0,44
2020-02-20T00:00:00Z,1.69184,1.7065700000000001,1.69025,1.7033399999999999,56107,0,44
2020-02-21T00:00:00Z,1.70336,1.7142300000000001,1.70055,1.7075,51107,0,44
2020-02-23T00:00:00Z,1.71275,1.7153800000000001,1.71144,1.71425,3584,0,44
2020-02-24T00:00:00Z,1.71442,1.7163599999999999,1.70862,1.71027,64604,0,44
2020-02-25T00:00:00Z,1.71036,1.72302,1.70819,1.72102,65737,0,44
2020-02-26T00:00:00Z,1.7209699999999999,1.73189,1.71913,1.7311800000000002,66785,0,44
2020-02-27T00:00:00Z,1.73115,1.74466,1.72789,1.7423899999999999,79437,0,44
2020-02-28T00:00:00Z,1.74238,1.77363,1.7414100000000001,1.7653699999999999,94961,0,44
2020-03-01T00:00:00Z,1.77798,1.78027,1.77324,1.7745,3444,0,44
2020-03-02T00:00:00Z,1.77447,1.78738,1.76585,1.77821,87309,0,44
2020-03-03T00:00:00Z,1.77823,1.78485,1.7660900000000002,1.7823,82540,0,44
2020-03-04T00:00:00Z,1.78223,1.78223,1.7648000000000001,1.76766,61946,0,44
2020-03-05T00:00:00Z,1.7677,1.78453,1.76332,1.7775400000000001,58686,0,44
2020-03-06T00:00:00Z,1.77753,1.78626,1.7680500000000001,1.77584,86585,0,44
2020-03-08T00:00:00Z,1.79531,1.80229,1.79147,1.79975,6681,0,44
2020-03-09T00:00:00Z,1.79966,1.9111500000000001,1.7727,1.79848,105188,0,44
2020-03-10T00:00:00Z,1.79814,1.8128,1.7938,1.80599,99070,0,44
2020-03-11T00:00:00Z,1.80582,1.80849,1.78647,1.79759,81897,0,44
2020-03-12T00:00:00Z,1.79755,1.83805,1.79414,1.8284799999999999,103902,0,44
2020-03-13T00:00:00Z,1.82817,1.84299,1.8064,1.83151,93815,0,44
2020-03-15T00:00:00Z,1.8469600000000002,1.8608500000000001,1.8146499999999999,1.84223,9925,0,50
2020-03-16T00:00:00Z,1.84229,1.86071,1.81822,1.84724,99832,0,44
2020-03-17T00:00:00Z,1.84702,1.8558599999999998,1.83023,1.85194,92004,0,44
2020-03-18T00:00:00Z,1.85198,1.9246699999999999,1.8454700000000002,1.9146800000000002,107809,0,44
2020-03-19T00:00:00Z,1.91469,1.99158,1.81701,1.87374,97567,0,44
2020-03-20T00:00:00Z,1.87368,1.89074,1.83216,1.8763100000000001,102039,0,44
2020-03-22T00:00:00Z,1.88602,1.9065400000000001,1.88209,1.89947,8861,0,60
2020-03-23T00:00:00Z,1.8994900000000001,1.9090500000000001,1.87052,1.87453,94929,0,44
2020-03-24T00:00:00Z,1.8744399999999999,1.88701,1.84543,1.8537,88059,0,44
2020-03-25T00:00:00Z,1.8537599999999999,1.8798599999999999,1.83189,1.87453,94669,0,44
2020-03-26T00:00:00Z,1.87489,1.8888,1.84311,1.84829,85820,0,44
2020-03-27T00:00:00Z,1.84821,1.8595899999999999,1.83233,1.84233,77819,0,44
2020-03-29T00:00:00Z,1.84124,1.85274,1.83734,1.84046,4071,0,60
2020-03-30T00:00:00Z,1.83904,1.8480699999999999,1.8302,1.8345799999999999,74458,0,44
2020-03-31T00:00:00Z,1.8345799999999999,1.85944,1.82483,1.85255,81267,0,44
2020-04-01T00:00:00Z,1.85266,1.8627500000000001,1.82839,1.84489,64000,0,44
2020-04-02T00:00:00Z,1.8449200000000001,1.84968,1.8298299999999998,1.8333300000000001,67739,0,44
2020-04-03T00:00:00Z,1.83337,1.84837,1.83183,1.84531,63158,0,44
2020-04-05T00:00:00Z,1.84426,1.84722,1.8403800000000001,1.84579,4383,0,50
2020-04-06T00:00:00Z,1.84581,1.84613,1.8102800000000001,1.81547,64657,0,44
2020-04-07T00:00:00Z,1.8155000000000001,1.8276400000000002,1.80583,1.8269,64000,0,44
2020-04-08T00:00:00Z,1.82699,1.8300800000000002,1.80246,1.8052000000000001,62502,0,44
2020-04-09T00:00:00Z,1.8052000000000001,1.8139699999999999,1.79432,1.7973599999999998,60427,0,44
2020-04-10T00:00:00Z,1.79739,1.80287,1.7920500000000001,1.7944200000000001,18085,0,44
2020-04-12T00:00:00Z,1.79882,1.8025,1.79409,1.79888,1854,0,44
2020-04-13T00:00:00Z,1.7988,1.80267,1.78639,1.78979,38405,0,44
2020-04-14T00:00:00Z,1.78975,1.80613,1.78389,1.80009,56425,0,44
2020-04-15T00:00:00Z,1.79992,1.82602,1.7996699999999999,1.8183799999999999,60825,0,44
2020-04-16T00:00:00Z,1.8183,1.8294700000000002,1.8039399999999999,1.8096,65670,0,44
2020-04-17T00:00:00Z,1.80965,1.8143099999999999,1.79821,1.8013,57767,0,44
2020-04-19T00:00:00Z,1.79809,1.8066200000000001,1.79805,1.80613,1722,0,44
2020-04-20T00:00:00Z,1.8061,1.8075299999999999,1.7868300000000001,1.79776,53962,0,44
2020-04-21T00:00:00Z,1.7977400000000001,1.82555,1.79678,1.82053,62270,0,44
2020-04-22T00:00:00Z,1.8206099999999998,1.82582,1.80996,1.8243200000000002,55514,0,44
2020-04-23T00:00:00Z,1.82429,1.82801,1.78964,1.79406,61325,0,44
2020-04-24T00:00:00Z,1.79396,1.80332,1.7903,1.79756,53870,0,44
2020-04-26T00:00:00Z,1.79672,1.7993000000000001,1.79561,1.79679,1713,0,44
2020-04-27T00:00:00Z,1.79676,1.79798,1.78614,1.7966199999999999,54871,0,44
2020-04-28T00:00:00Z,1.79647,1.80634,1.78051,1.78261,58622,0,44
2020-04-29T00:00:00Z,1.7825600000000001,1.7856800000000002,1.7702,1.77139,53936,0,44
2020-04-30T00:00:00Z,1.7713700000000001,1.7940800000000001,1.76592,1.78842,67322,0,44
2020-05-01T00:00:00Z,1.7883200000000001,1.81826,1.78711,1.81081,55058,0,44
2020-05-03T00:00:00Z,1.80953,1.82209,1.80953,1.82199,3648,0,44
2020-05-04T00:00:00Z,1.822,1.8225099999999999,1.79973,1.80209,60244,0,44
2020-05-05T00:00:00Z,1.80187,1.8019699999999998,1.78628,1.79053,61195,0,44
2020-05-06T00:00:00Z,1.79055,1.80071,1.78266,1.79719,61870,0,44
2020-05-07T00:00:00Z,1.79711,1.7973,1.77457,1.77794,65336,0,44
2020-05-08T00:00:00Z,1.77766,1.7789899999999998,1.76494,1.76566,50266,0,44
2020-05-10T00:00:00Z,1.7612700000000001,1.76836,1.7608899999999998,1.7646199999999999,2891,0,44
2020-05-11T00:00:00Z,1.76467,1.78546,1.76193,1.7786,59414,0,44
2020-05-12T00:00:00Z,1.77858,1.78793,1.77254,1.78784,61334,0,44
2020-05-13T00:00:00Z,1.78782,1.80856,1.7798,1.80446,72346,0,44
2020-05-14T00:00:00Z,1.80415,1.81108,1.79615,1.79721,68730,0,44
2020-05-15T00:00:00Z,1.79718,1.8262,1.79643,1.82263,59902,0,44
2020-05-17T00:00:00Z,1.81867,1.8250600000000001,1.8184900000000002,1.82257,3028,0,44
2020-05-18T00:00:00Z,1.82257,1.82463,1.8006799999999998,1.8069,58972,0,44
2020-05-19T00:00:00Z,1.8069,1.80808,1.78951,1.79518,62532,0,44
2020-05-20T00:00:00Z,1.79521,1.7984499999999999,1.78483,1.78601,60572,0,44
2020-05-21T00:00:00Z,1.78617,1.79633,1.78617,1.7881200000000002,61080,0,44
2020-05-22T00:00:00Z,1.78792,1.79352,1.78331,1.78803,54091,0,44
2020-05-24T00:00:00Z,1.7853599999999998,1.7888600000000001,1.78471,1.78697,1921,0,44
2020-05-25T00:00:00Z,1.78697,1.79052,1.78176,1.78491,33221,0,44
2020-05-26T00:00:00Z,1.78468,1.7864900000000001,1.7646199999999999,1.77143,59839,0,44
2020-05-27T00:00:00Z,1.77139,1.78478,1.7623600000000001,1.78043,74751,0,44
2020-05-28T00:00:00Z,1.78042,1.78887,1.77538,1.78746,74068,0,44
2020-05-29T00:00:00Z,1.78746,1.79799,1.7848899999999999,1.78906,77607,0,44
2020-05-31T00:00:00Z,1.79335,1.79475,1.78951,1.79339,2964,0,44
2020-06-01T00:00:00Z,1.79337,1.7934999999999999,1.76558,1.77089,64886,0,44
2020-06-02T00:00:00Z,1.77089,1.77787,1.7495500000000002,1.7521499999999999,74818,0,44
2020-06-03T00:00:00Z,1.75214,1.75713,1.74045,1.7478,82122,0,44
2020-06-04T00:00:00Z,1.74777,1.75877,1.74227,1.75396,81461,0,44
2020-06-05T00:00:00Z,1.7539799999999999,1.75488,1.73288,1.73456,77456,0,44
2020-06-07T00:00:00Z,1.7353800000000001,1.73645,1.73053,1.73184,3162,0,44
2020-06-08T00:00:00Z,1.73184,1.73451,1.71914,1.7212100000000001,66608,0,44
2020-06-09T00:00:00Z,1.72122,1.74509,1.7189,1.74396,74747,0,44
2020-06-10T00:00:00Z,1.74366,1.74606,1.7325300000000001,1.74581,77826,0,44
2020-06-11T00:00:00Z,1.74566,1.76524,1.7416399999999999,1.7601200000000001,97372,0,44
2020-06-12T00:00:00Z,1.76014,1.7637399999999999,1.74451,1.7453699999999999,97224,0,44
2020-06-14T00:00:00Z,1.74179,1.75365,1.74054,1.75304,4986,0,44
2020-06-15T00:00:00Z,1.7530000000000001,1.75939,1.74362,1.74386,93636,0,44
2020-06-16T00:00:00Z,1.74391,1.75821,1.73851,1.74398,82933,0,44
2020-06-17T00:00:00Z,1.74398,1.75061,1.7335500000000001,1.7440099999999998,72440,0,44
2020-06-18T00:00:00Z,1.7440099999999998,1.7488299999999999,1.73614,1.74344,73690,0,44
2020-06-19T00:00:00Z,1.74344,1.74825,1.73796,1.74393,71892,0,44
2020-06-21T00:00:00Z,1.74997,1.75041,1.7446000000000002,1.7465000000000002,3784,0,44
2020-06-22T00:00:00Z,1.7465000000000002,1.74732,1.73279,1.73657,63470,0,44
2020-06-23T00:00:00Z,1.7366000000000001,1.7461,1.73582,1.74002,75563,0,44
2020-06-24T00:00:00Z,1.74,1.7581,1.73803,1.7570299999999999,71297,0,44
2020-06-25T00:00:00Z,1.7570299999999999,1.75729,1.7429999999999999,1.7442600000000001,74716,0,44
2020-06-26T00:00:00Z,1.7442600000000001,1.74919,1.74023,1.7466300000000001,61089,0,44
2020-06-28T00:00:00Z,1.7483,1.7506599999999999,1.74752,1.74843,2710,0,44
2020-06-29T00:00:00Z,1.7483,1.75743,1.74641,1.7495699999999998,65339,0,44
2020-06-30T00:00:00Z,1.74953,1.75519,1.73891,1.7414399999999999,67930,0,44
2020-07-01T00:00:00Z,1.74146,1.7421799999999998,1.7321499999999999,1.7364600000000001,63378,0,44
2020-07-02T00:00:00Z,1.7365,1.73689,1.7241300000000002,1.7263899999999999,63363,0,44
2020-07-03T00:00:00Z,1.7263899999999999,1.72804,1.71845,1.7196099999999999,48014,0,44
2020-07-05T00:00:00Z,1.7218900000000001,1.72325,1.7194,1.7201300000000002,1923,0,44
2020-07-06T00:00:00Z,1.7201300000000002,1.7309299999999999,1.71953,1.72477,61713,0,44
2020-07-07T00:00:00Z,1.7247599999999998,1.72814,1.71619,1.72145,65458,0,44
2020-07-08T00:00:00Z,1.72147,1.72749,1.71889,1.72459,65375,0,44
2020-07-09T00:00:00Z,1.7245599999999999,1.72676,1.71617,1.71829,70693,0,44
2020-07-10T00:00:00Z,1.71814,1.72163,1.71677,1.71878,60539,0,44
2020-07-12T00:00:00Z,1.71759,1.7210299999999998,1.71713,1.7204000000000002,3070,0,44
2020-07-13T00:00:00Z,1.7204000000000002,1.7358099999999999,1.71919,1.73573,67242,0,44
2020-07-14T00:00:00Z,1.73573,1.74852,1.73445,1.7435100000000001,76328,0,44
2020-07-15T00:00:00Z,1.7435100000000001,1.74549,1.73413,1.73672,69652,0,44
2020-07-16T00:00:00Z,1.73672,1.74429,1.73666,1.74112,71608,0,44
2020-07-17T00:00:00Z,1.74104,1.7494,1.7376399999999999,1.74295,51298,0,44
2020-07-19T00:00:00Z,1.7385000000000002,1.74454,1.73835,1.7436099999999999,3378,0,44
2020-07-20T00:00:00Z,1.7436099999999999,1.74868,1.7386,1.7408299999999999,63724,0,44
2020-07-21T00:00:00Z,1.7408299999999999,1.74306,1.7264,1.7351,76224,0,44
2020-07-22T00:00:00Z,1.7351,1.7395399999999999,1.72872,1.7373699999999999,77394,0,44
2020-07-23T00:00:00Z,1.7373699999999999,1.75021,1.73194,1.7477200000000002,72187,0,44
2020-07-24T00:00:00Z,1.74769,1.7564199999999999,1.74542,1.75403,71622,0,44
2020-07-26T00:00:00Z,1.75363,1.7557399999999999,1.74943,1.75346,5196,0,44
2020-07-27T00:00:00Z,1.75338,1.76129,1.7519200000000001,1.7594699999999999,76895,0,44
2020-07-28T00:00:00Z,1.7594400000000001,1.76593,1.7556500000000002,1.75956,78715,0,44
2020-07-29T00:00:00Z,1.75956,1.77048,1.75763,1.77023,68748,0,44
2020-07-30T00:00:00Z,1.77026,1.77705,1.76696,1.77298,80289,0,44
2020-07-31T00:00:00Z,1.7729599999999999,1.7800500000000001,1.7709899999999998,1.7759800000000001,87324,0,44
2020-08-02T00:00:00Z,1.77366,1.7776999999999998,1.77348,1.77556,4545,0,44
2020-08-03T00:00:00Z,1.77549,1.78267,1.7688199999999998,1.7779,71508,0,44
2020-08-04T00:00:00Z,1.7778,1.7856,1.77527,1.77772,67135,0,44
2020-08-05T00:00:00Z,1.77789,1.7866,1.77545,1.78607,75268,0,44
2020-08-06T00:00:00Z,1.78606,1.7911700000000002,1.7741,1.77679,85110,0,44
2020-08-07T00:00:00Z,1.7768000000000002,1.7863,1.7724,1.78537,82179,0,44
2020-08-09T00:00:00Z,1.78146,1.78639,1.78146,1.78512,4091,0,44
2020-08-10T00:00:00Z,1.78513,1.7873,1.7753100000000002,1.7801200000000001,61932,0,44
2020-08-11T00:00:00Z,1.78017,1.79037,1.77306,1.78628,78497,0,44
2020-08-12T00:00:00Z,1.78628,1.79976,1.78498,1.79306,75884,0,44
2020-08-13T00:00:00Z,1.7930700000000002,1.80572,1.78908,1.80499,76313,0,44
2020-08-14T00:00:00Z,1.80492,1.80959,1.80351,1.80923,65107,0,44
2020-08-16T00:00:00Z,1.80811,1.81197,1.8049,1.81114,3407,0,44
2020-08-17T00:00:00Z,1.81114,1.81787,1.80594,1.81209,66168,0,44
2020-08-18T00:00:00Z,1.81209,1.8190300000000001,1.80538,1.80738,78577,0,44
2020-08-19T00:00:00Z,1.80738,1.80905,1.79482,1.80488,84565,0,44
2020-08-20T00:00:00Z,1.80488,1.82221,1.8033700000000001,1.8146200000000001,86826,0,44
2020-08-21T00:00:00Z,1.8145799999999999,1.81738,1.8011,1.8023799999999999,77406,0,44
2020-08-23T00:00:00Z,1.80388,1.80491,1.80133,1.80473,3764,0,44
2020-08-24T00:00:00Z,1.8047499999999999,1.81056,1.8026200000000001,1.80677,69972,0,44
2020-08-25T00:00:00Z,1.80677,1.81334,1.80389,1.8062,72552,0,44
2020-08-26T00:00:00Z,1.8062,1.8069,1.7845900000000001,1.78526,74568,0,44
2020-08-27T00:00:00Z,1.78526,1.7864900000000001,1.77546,1.7788599999999999,89226,0,44
2020-08-28T00:00:00Z,1.7788599999999999,1.78341,1.76434,1.76619,86972,0,44
2020-08-30T00:00:00Z,1.7673999999999999,1.7687300000000001,1.76549,1.76698,4868,0,44
2020-08-31T00:00:00Z,1.76698,1.77397,1.76604,1.77278,79011,0,44
2020-09-01T00:00:00Z,1.77279,1.77512,1.7606199999999999,1.7614800000000002,91174,0,44
2020-09-02T00:00:00Z,1.76147,1.76329,1.74911,1.75089,81566,0,44
2020-09-03T00:00:00Z,1.75091,1.77069,1.74685,1.76994,86300,0,44
2020-09-04T00:00:00Z,1.76994,1.76996,1.7591999999999999,1.76145,77343,0,44
2020-09-06T00:00:00Z,1.76101,1.76495,1.76064,1.76308,3089,0,44
2020-09-07T00:00:00Z,1.76308,1.7681900000000002,1.76203,1.76621,44652,0,44
2020-09-08T00:00:00Z,1.76621,1.7815400000000001,1.76291,1.7795800000000002,80078,0,44
2020-09-09T00:00:00Z,1.7795800000000002,1.77983,1.7650299999999999,1.7670400000000002,70169,0,44
2020-09-10T00:00:00Z,1.7670400000000002,1.7832,1.76681,1.77877,78455,0,44
2020-09-11T00:00:00Z,1.77877,1.7810700000000002,1.77179,1.77644,58992,0,44
2020-09-13T00:00:00Z,1.77575,1.77636,1.77054,1.7705899999999999,2948,0,44
2020-09-14T00:00:00Z,1.77062,1.77484,1.76746,1.77166,54340,0,44
2020-09-15T00:00:00Z,1.77163,1.7755800000000002,1.7616800000000001,1.7648899999999998,60164,0,44
2020-09-16T00:00:00Z,1.7648899999999998,1.76511,1.7496800000000001,1.75555,69580,0,44
2020-09-17T00:00:00Z,1.75555,1.7619799999999999,1.75099,1.75143,81127,0,44
2020-09-18T00:00:00Z,1.75143,1.75295,1.74454,1.75203,61510,0,44
2020-09-20T00:00:00Z,1.74691,1.7532100000000002,1.74687,1.75259,3693,0,44
2020-09-21T00:00:00Z,1.75259,1.76694,1.74977,1.76479,74546,0,44
2020-09-22T00:00:00Z,1.76479,1.76737,1.75828,1.76529,76786,0,44
2020-09-23T00:00:00Z,1.76529,1.78286,1.7586300000000001,1.78153,78121,0,44
2020-09-24T00:00:00Z,1.78155,1.78736,1.7797399999999999,1.7825600000000001,75241,0,44
2020-09-25T00:00:00Z,1.7825600000000001,1.78284,1.7707199999999998,1.77623,64460,0,44
2020-09-27T00:00:00Z,1.77466,1.77616,1.77026,1.77596,2747,0,44
2020-09-28T00:00:00Z,1.77596,1.78302,1.77286,1.77817,61611,0,44
2020-09-29T00:00:00Z,1.77817,1.7824200000000001,1.7734,1.77853,61084,0,44
2020-09-30T00:00:00Z,1.77853,1.78376,1.76788,1.7702900000000001,78820,0,44
2020-10-01T00:00:00Z,1.7703,1.7718500000000001,1.76355,1.76555,72403,0,44
2020-10-02T00:00:00Z,1.76555,1.77,1.76323,1.7653400000000001,78079,0,44
2020-10-04T00:00:00Z,1.76122,1.76562,1.76122,1.7652,3133,0,44
2020-10-05T00:00:00Z,1.7652,1.77613,1.76163,1.77166,57035,0,44
2020-10-06T00:00:00Z,1.77166,1.78363,1.76987,1.78092,68613,0,44
2020-10-07T00:00:00Z,1.78092,1.79129,1.77869,1.78986,61086,0,44
2020-10-08T00:00:00Z,1.78985,1.7963200000000001,1.78304,1.78565,54405,0,44
2020-10-09T00:00:00Z,1.78565,1.78572,1.7721900000000002,1.77258,51157,0,44
2020-10-11T00:00:00Z,1.77421,1.77522,1.77184,1.77288,3239,0,44
2020-10-12T00:00:00Z,1.77288,1.7776,1.77169,1.7766199999999999,49601,0,44
2020-10-13T00:00:00Z,1.7766,1.77925,1.76416,1.76431,58909,0,44
2020-10-14T00:00:00Z,1.7643,1.76657,1.75816,1.76424,62336,0,44
2020-10-15T00:00:00Z,1.76424,1.77782,1.76377,1.77397,65220,0,44
2020-10-16T00:00:00Z,1.77406,1.77712,1.77138,1.7735400000000001,54352,0,44
2020-10-18T00:00:00Z,1.7718500000000001,1.77453,1.77,1.77027,2682,0,44
2020-10-19T00:00:00Z,1.77027,1.78628,1.76681,1.78498,54839,0,44
2020-10-20T00:00:00Z,1.78498,1.80194,1.78465,1.79749,55377,0,44
2020-10-21T00:00:00Z,1.79742,1.79807,1.77787,1.78369,63908,0,44
2020-10-22T00:00:00Z,1.78369,1.78571,1.7674400000000001,1.7705,62567,0,44
2020-10-23T00:00:00Z,1.7705,1.7770299999999999,1.76612,1.77278,56784,0,44
2020-10-25T00:00:00Z,1.77031,1.77389,1.76928,1.77254,3380,0,44
2020-10-26T00:00:00Z,1.77254,1.77325,1.76328,1.76883,56781,0,44
2020-10-27T00:00:00Z,1.76879,1.76911,1.75604,1.75827,52709,0,44
2020-10-28T00:00:00Z,1.75827,1.77016,1.75217,1.76678,66547,0,44
2020-10-29T00:00:00Z,1.7668,1.76993,1.75894,1.76152,67400,0,44
2020-10-30T00:00:00Z,1.76152,1.7665,1.75272,1.7612,65837,0,44
2020-11-01T00:00:00Z,1.7625600000000001,1.76538,1.76086,1.7643499999999999,2349,0,44
2020-11-02T00:00:00Z,1.7643499999999999,1.76607,1.75316,1.7551,58824,0,44
2020-11-03T00:00:00Z,1.7551,1.7590599999999998,1.74493,1.7479900000000002,59348,0,44
2020-11-04T00:00:00Z,1.7479900000000002,1.76155,1.7441499999999999,1.7510599999999998,100528,0,44
2020-11-05T00:00:00Z,1.7510599999999998,1.75634,1.74468,1.74694,76631,0,44
2020-11-06T00:00:00Z,1.74684,1.7556699999999998,1.7404,1.75378,69110,0,44
2020-11-08T00:00:00Z,1.75073,1.7519,1.74855,1.74958,2598,0,44
2020-11-09T00:00:00Z,1.7495500000000002,1.75041,1.7297099999999999,1.7324199999999998,84584,0,44
2020-11-10T00:00:00Z,1.73241,1.7365300000000001,1.7250299999999998,1.73081,75736,0,44
2020-11-11T00:00:00Z,1.73085,1.73557,1.70648,1.70656,60738,0,44
2020-11-12T00:00:00Z,1.70656,1.72847,1.70446,1.7259600000000002,61749,0,44
2020-11-13T00:00:00Z,1.72595,1.73403,1.7258,1.72774,48423,0,44
2020-11-15T00:00:00Z,1.7285599999999999,1.72893,1.72298,1.72394,2257,0,44
2020-11-16T00:00:00Z,1.72394,1.72559,1.71536,1.71686,61009,0,44
2020-11-17T00:00:00Z,1.71685,1.7271100000000001,1.71438,1.72145,57362,0,44
2020-11-18T00:00:00Z,1.72142,1.72423,1.70862,1.71184,59794,0,44
2020-11-19T00:00:00Z,1.71185,1.71862,1.71117,1.7181899999999999,63354,0,44
2020-11-20T00:00:00Z,1.7181899999999999,1.71886,1.7056,1.7109299999999998,57237,0,44
2020-11-22T00:00:00Z,1.71059,1.71095,1.70801,1.70825,2043,0,44
2020-11-23T00:00:00Z,1.70824,1.71217,1.7053,1.70877,57183,0,44
2020-11-24T00:00:00Z,1.7088100000000002,1.70959,1.69458,1.7046999999999999,57078,0,44
2020-11-25T00:00:00Z,1.70471,1.7094200000000002,1.69811,1.70136,60474,0,44
2020-11-26T00:00:00Z,1.70139,1.70471,1.6981899999999999,1.70072,39528,0,44
2020-11-27T00:00:00Z,1.70072,1.70243,1.69634,1.70099,40864,0,44
2020-11-29T00:00:00Z,1.70153,1.7021600000000001,1.69893,1.70157,1766,0,44
2020-11-30T00:00:00Z,1.70157,1.70553,1.69833,1.70053,61651,0,44
2020-12-01T00:00:00Z,1.70053,1.7090800000000002,1.69809,1.7072500000000002,58140,0,44
2020-12-02T00:00:00Z,1.70733,1.71797,1.70393,1.713,65346,0,44
2020-12-03T00:00:00Z,1.71303,1.71777,1.7112699999999998,1.71747,62944,0,44
2020-12-04T00:00:00Z,1.71756,1.7279200000000001,1.71641,1.72125,58597,0,44
2020-12-06T00:00:00Z,1.72111,1.72231,1.71983,1.72134,2081,0,44
2020-12-07T00:00:00Z,1.72134,1.72569,1.71772,1.7203,59294,0,44
2020-12-08T00:00:00Z,1.72027,1.72488,1.71699,1.7199,60298,0,44
2020-12-09T00:00:00Z,1.7199,1.72188,1.70929,1.72141,64439,0,44
2020-12-10T00:00:00Z,1.72141,1.72227,1.70961,1.71193,68395,0,44
2020-12-11T00:00:00Z,1.7119499999999999,1.71338,1.7082199999999998,1.70854,57515,0,44
2020-12-13T00:00:00Z,1.70787,1.71096,1.7078,1.70918,1870,0,44
2020-12-14T00:00:00Z,1.70918,1.7157200000000001,1.70715,1.7147299999999999,56909,0,44
2020-12-15T00:00:00Z,1.71472,1.72186,1.71228,1.7147999999999999,55796,0,44
2020-12-16T00:00:00Z,1.71488,1.72394,1.71008,1.71549,64058,0,44
2020-12-17T00:00:00Z,1.71549,1.71659,1.70614,1.71558,53505,0,44
2020-12-18T00:00:00Z,1.71557,1.72242,1.71336,1.71583,52568,0,44
2020-12-20T00:00:00Z,1.71747,1.71974,1.71604,1.71879,2247,0,44
2020-12-21T00:00:00Z,1.71879,1.7343899999999999,1.7165599999999999,1.7239900000000001,77697,0,44
2020-12-22T00:00:00Z,1.72397,1.7346,1.72362,1.72715,58111,0,44
2020-12-23T00:00:00Z,1.72728,1.73015,1.7153399999999999,1.71729,54630,0,44
2020-12-24T00:00:00Z,1.71729,1.72113,1.71097,1.7117900000000001,38055,0,44
2020-12-25T00:00:00Z,1.7117900000000001,1.71573,1.7085,1.7111,2053,0,50
2020-12-27T00:00:00Z,1.7117,1.71556,1.71099,1.7147999999999999,1667,0,44
2020-12-28T00:00:00Z,1.71479,1.72353,1.71191,1.71923,50822,0,44
2020-12-29T00:00:00Z,1.71923,1.72035,1.709,1.7136,48410,0,44
2020-12-30T00:00:00Z,1.7135,1.71426,1.70363,1.7046000000000001,53079,0,44
2020-12-31T00:00:00Z,1.7046000000000001,1.70486,1.6939899999999999,1.70021,49373,0,44
2021-01-01T00:00:00Z,1.6974,1.6974,1.6974,1.6974,3,0,50
2021-01-03T00:00:00Z,1.70062,1.70289,1.6998799999999998,1.7021600000000001,2248,0,44
2021-01-04T00:00:00Z,1.7021600000000001,1.71269,1.69919,1.7067299999999999,65647,0,44
2021-01-05T00:00:00Z,1.70672,1.70852,1.69367,1.69519,67241,0,44
2021-01-06T00:00:00Z,1.6952099999999999,1.6975,1.68624,1.68892,86382,0,44
2021-01-07T00:00:00Z,1.6888999999999998,1.69669,1.68833,1.68848,68467,0,44
2021-01-08T00:00:00Z,1.68848,1.6923599999999999,1.68432,1.68831,75330,0,44
2021-01-10T00:00:00Z,1.68857,1.69296,1.6877,1.69231,2930,0,44
2021-01-11T00:00:00Z,1.69231,1.69809,1.6901199999999998,1.6949999999999998,70672,0,44
2021-01-12T00:00:00Z,1.69506,1.6964299999999999,1.68777,1.68879,66608,0,44
2021-01-13T00:00:00Z,1.68884,1.69646,1.6871,1.69128,64786,0,44
2021-01-14T00:00:00Z,1.69128,1.69264,1.68093,1.68343,65300,0,44
2021-01-15T00:00:00Z,1.68342,1.6972399999999999,1.68205,1.69355,64659,0,44
2021-01-17T00:00:00Z,1.69112,1.6951,1.69102,1.6951,2439,0,44
2021-01-18T00:00:00Z,1.6951,1.70059,1.69293,1.69718,55507,0,44
2021-01-19T00:00:00Z,1.69718,1.7070400000000001,1.6936900000000001,1.70252,69510,0,44
2021-01-20T00:00:00Z,1.70252,1.70519,1.6837900000000001,1.68602,70272,0,44
2021-01-21T00:00:00Z,1.68602,1.69104,1.6813500000000001,1.68622,68469,0,44
2021-01-22T00:00:00Z,1.68622,1.69736,1.68507,1.69462,60081,0,44
2021-01-24T00:00:00Z,1.69509,1.69632,1.6933799999999999,1.6943700000000002,2021,0,44
2021-01-25T00:00:00Z,1.6943700000000002,1.6952,1.68371,1.6864400000000002,67160,0,44
2021-01-26T00:00:00Z,1.68647,1.69055,1.67763,1.68021,60325,0,44
2021-01-27T00:00:00Z,1.68024,1.69483,1.67572,1.6945999999999999,78756,0,44
2021-01-28T00:00:00Z,1.69455,1.70416,1.68588,1.6895099999999998,78549,0,44
2021-01-29T00:00:00Z,1.68954,1.69232,1.68191,1.6897199999999999,85462,0,44
2021-01-31T00:00:00Z,1.69211,1.69488,1.69088,1.6919300000000002,3290,0,44
2021-02-01T00:00:00Z,1.6918600000000001,1.69212,1.6822300000000001,1.68421,72687,0,44
2021-02-02T00:00:00Z,1.68421,1.68738,1.67069,1.67323,68219,0,44
2021-02-03T00:00:00Z,1.6732399999999998,1.6736,1.6668500000000002,1.66724,62181,0,44
2021-02-04T00:00:00Z,1.66724,1.67353,1.6636600000000001,1.67143,60449,0,44
2021-02-05T00:00:00Z,1.6714099999999998,1.67815,1.6694,1.6727400000000001,57551,0,44
2021-02-07T00:00:00Z,1.67379,1.67459,1.67034,1.67068,2012,0,44
2021-02-08T00:00:00Z,1.67069,1.6754,1.6663000000000001,1.66753,52624,0,44
2021-02-09T00:00:00Z,1.6675499999999999,1.6756600000000001,1.66491,1.67309,61240,0,44
2021-02-10T00:00:00Z,1.67309,1.68453,1.67296,1.67883,59976,0,44
2021-02-11T00:00:00Z,1.67883,1.68173,1.67449,1.6774200000000001,48635,0,44
2021-02-12T00:00:00Z,1.6774200000000001,1.68472,1.67706,1.67832,47021,0,44
2021-02-14T00:00:00Z,1.68102,1.68146,1.67841,1.67906,1739,0,44
2021-02-15T00:00:00Z,1.67899,1.6804000000000001,1.67436,1.67726,39382,0,44
2021-02-16T00:00:00Z,1.67726,1.68263,1.6713200000000001,1.6815099999999998,63385,0,44
2021-02-17T00:00:00Z,1.6815099999999998,1.68265,1.6730800000000001,1.67435,66711,0,44
2021-02-18T00:00:00Z,1.6744400000000002,1.6800000000000002,1.67238,1.6750099999999999,63030,0,44
2021-02-19T00:00:00Z,1.67502,1.67739,1.6590099999999999,1.6603400000000001,60578,0,44
2021-02-21T00:00:00Z,1.66154,1.66182,1.6574200000000001,1.65895,2122,0,44
2021-02-22T00:00:00Z,1.6589399999999999,1.6620300000000001,1.65348,1.65984,68504,0,44
2021-02-23T00:00:00Z,1.65984,1.6654,1.65335,1.6557,67949,0,44
2021-02-24T00:00:00Z,1.6557,1.66124,1.63215,1.6351499999999999,76014,0,44
2021-02-25T00:00:00Z,1.63525,1.65297,1.63412,1.6512799999999999,89964,0,44
2021-02-26T00:00:00Z,1.65122,1.67069,1.6499000000000001,1.66951,99296,0,44
2021-02-28T00:00:00Z,1.66744,1.6686800000000002,1.6614200000000001,1.66281,2907,0,44
2021-03-01T00:00:00Z,1.66281,1.6662400000000002,1.65091,1.65617,72292,0,44
2021-03-02T00:00:00Z,1.65617,1.6643599999999998,1.6539700000000002,1.65706,74469,0,44
2021-03-03T00:00:00Z,1.65706,1.6669100000000001,1.65503,1.66661,72287,0,44
2021-03-04T00:00:00Z,1.66662,1.66811,1.65647,1.6672500000000001,87411,0,44
2021-03-05T00:00:00Z,1.6672500000000001,1.67551,1.66056,1.6626400000000001,86990,0,44
2021-03-07T00:00:00Z,1.6615,1.6625299999999998,1.6585999999999999,1.6614499999999999,2724,0,44
2021-03-08T00:00:00Z,1.6614499999999999,1.67011,1.65829,1.66143,77172,0,44
2021-03-09T00:00:00Z,1.66143,1.6672500000000001,1.65608,1.65705,72560,0,44
2021-03-10T00:00:00Z,1.6571099999999999,1.66421,1.6554600000000002,1.65758,66153,0,44
2021-03-11T00:00:00Z,1.6575600000000001,1.6608100000000001,1.65095,1.65798,62612,0,44
2021-03-12T00:00:00Z,1.658,1.66662,1.65689,1.6648,66167,0,44
2021-03-14T00:00:00Z,1.66326,1.66544,1.6621700000000001,1.66259,2357,0,44
2021-03-15T00:00:00Z,1.66254,1.66266,1.6542599999999998,1.65584,58913,0,2
2021-03-16T00:00:00Z,1.65585,1.66462,1.6528100000000001,1.65449,60244,0,2
2021-03-17T00:00:00Z,1.65449,1.6646800000000002,1.64871,1.6520700000000001,59200,0,44
2021-03-18T00:00:00Z,1.65206,1.6635900000000001,1.64842,1.66277,79100,0,44
2021-03-19T00:00:00Z,1.66277,1.66442,1.6587100000000001,1.66092,57034,0,44
2021-03-21T00:00:00Z,1.66178,1.66277,1.6594,1.66143,2541,0,44
2021-03-22T00:00:00Z,1.6614499999999999,1.67456,1.6593900000000001,1.67293,49593,0,44
2021-03-23T00:00:00Z,1.67293,1.6947299999999998,1.67293,1.69299,57102,0,44
2021-03-24T00:00:00Z,1.69299,1.69886,1.6909800000000001,1.69496,51081,0,44
2021-03-25T00:00:00Z,1.69496,1.69676,1.68946,1.69043,56044,0,44
2021-03-26T00:00:00Z,1.6904,1.69162,1.6843599999999999,1.68445,44906,0,44
2021-03-28T00:00:00Z,1.6842899999999998,1.68641,1.6841300000000001,1.68537,1991,0,44
2021-03-29T00:00:00Z,1.68537,1.6890399999999999,1.67845,1.6789100000000001,45362,0,44
2021-03-30T00:00:00Z,1.67883,1.68166,1.67326,1.67659,42853,0,44
2021-03-31T00:00:00Z,1.67659,1.68079,1.6715499999999999,1.67927,44049,0,44
2021-04-01T00:00:00Z,1.67927,1.68647,1.67475,1.67691,43584,0,44
2021-04-02T00:00:00Z,1.6769500000000002,1.67728,1.66829,1.6694499999999999,21285,0,44
2021-04-04T00:00:00Z,1.67027,1.67567,1.6702599999999999,1.67368,2353,0,44
2021-04-05T00:00:00Z,1.6737199999999999,1.67497,1.66661,1.67215,30177,0,44
2021-04-06T00:00:00Z,1.67221,1.68457,1.6715499999999999,1.68096,44538,0,44
2021-04-07T00:00:00Z,1.68096,1.6954,1.68006,1.69282,46310,0,44
2021-04-08T00:00:00Z,1.69282,1.69357,1.68432,1.68736,42585,0,44
2021-04-09T00:00:00Z,1.6874,1.69538,1.68483,1.69226,39956,0,44
2021-04-11T00:00:00Z,1.68825,1.69248,1.68825,1.69038,2294,0,44
2021-04-12T00:00:00Z,1.69038,1.6952,1.68794,1.69375,41436,0,44
2021-04-13T00:00:00Z,1.69375,1.69829,1.68977,1.6928999999999998,45670,0,44
2021-04-14T00:00:00Z,1.69295,1.69621,1.67454,1.67831,44030,0,44
2021-04-15T00:00:00Z,1.67852,1.67852,1.6663700000000001,1.6680700000000002,41774,0,44
2021-04-16T00:00:00Z,1.6680700000000002,1.67956,1.6674099999999998,1.6768800000000001,37218,0,44
2021-04-18T00:00:00Z,1.6783299999999999,1.67943,1.67676,1.67942,1937,0,44
2021-04-19T00:00:00Z,1.67942,1.6795900000000001,1.67077,1.67484,43614,0,44
2021-04-20T00:00:00Z,1.67484,1.67954,1.6696499999999999,1.67926,45384,0,44
2021-04-21T00:00:00Z,1.67926,1.6794,1.66661,1.67093,38193,0,44
2021-04-22T00:00:00Z,1.67092,1.68098,1.66928,1.67922,46403,0,44
2021-04-23T00:00:00Z,1.67922,1.68186,1.6743000000000001,1.68048,35322,0,44
2021-04-25T00:00:00Z,1.67964,1.68171,1.67931,1.68096,1496,0,44
2021-04-26T00:00:00Z,1.68096,1.68117,1.66858,1.6707,40870,0,44
2021-04-27T00:00:00Z,1.67066,1.67869,1.66952,1.6781199999999998,37537,0,44
2021-04-28T00:00:00Z,1.67809,1.68023,1.6666699999999999,1.66912,45146,0,44
2021-04-29T00:00:00Z,1.66913,1.67669,1.6669100000000001,1.67294,43816,0,44
2021-04-30T00:00:00Z,1.67294,1.6804299999999999,1.67022,1.6783299999999999,41070,0,44
2021-05-02T00:00:00Z,1.6755,1.67838,1.67221,1.67743,1748,0,44
2021-05-03T00:00:00Z,1.67743,1.68308,1.6724999999999999,1.67545,36603,0,44
2021-05-04T00:00:00Z,1.67545,1.68859,1.67408,1.6774499999999999,49642,0,44
2021-05-05T00:00:00Z,1.6774499999999999,1.67855,1.66202,1.66326,39407,0,44
2021-05-06T00:00:00Z,1.66326,1.67533,1.6608399999999999,1.66811,44947,0,44
2021-05-07T00:00:00Z,1.6681,1.67534,1.66551,1.66977,46388,0,44
2021-05-09T00:00:00Z,1.6666699999999999,1.67106,1.6666699999999999,1.66806,2110,0,44
2021-05-10T00:00:00Z,1.66821,1.67133,1.66205,1.6695799999999998,44185,0,44
2021-05-11T00:00:00Z,1.66954,1.67561,1.66512,1.67212,48982,0,44
2021-05-12T00:00:00Z,1.67212,1.6882899999999998,1.67113,1.68582,58655,0,44
2021-05-13T00:00:00Z,1.68581,1.69128,1.67913,1.6815600000000002,57947,0,44
2021-05-14T00:00:00Z,1.68157,1.68636,1.67357,1.67435,42380,0,44
2021-05-16T00:00:00Z,1.6741700000000002,1.67744,1.6733099999999999,1.6772399999999998,1363,0,44
2021-05-17T00:00:00Z,1.6772200000000002,1.69059,1.6767400000000001,1.6839,42751,0,44
2021-05-18T00:00:00Z,1.6839,1.68869,1.67922,1.68866,41973,0,44
2021-05-19T00:00:00Z,1.68859,1.70354,1.6875900000000001,1.6993399999999999,56605,0,44
2021-05-20T00:00:00Z,1.69923,1.70071,1.69242,1.69867,42837,0,44
2021-05-21T00:00:00Z,1.69863,1.70357,1.69022,1.69913,42597,0,44
2021-05-23T00:00:00Z,1.69302,1.69947,1.69302,1.69831,1882,0,44
2021-05-24T00:00:00Z,1.69831,1.70274,1.6915200000000001,1.6929400000000001,39413,0,44
2021-05-25T00:00:00Z,1.69296,1.69679,1.69035,1.69516,46002,0,44
2021-05-26T00:00:00Z,1.6951,1.6953200000000002,1.67131,1.67516,48285,0,44
2021-05-27T00:00:00Z,1.6751399999999999,1.67673,1.66845,1.67387,45565,0,44
2021-05-28T00:00:00Z,1.67386,1.6840000000000002,1.6726999999999999,1.68137,44140,0,44
2021-05-30T00:00:00Z,1.6793200000000001,1.68329,1.67729,1.6829800000000001,1282,0,44
2021-05-31T00:00:00Z,1.6829399999999999,1.6848100000000001,1.67779,1.6808800000000002,28575,0,44
2021-06-01T00:00:00Z,1.68092,1.68988,1.67818,1.6844000000000001,41248,0,44
2021-06-02T00:00:00Z,1.68441,1.68986,1.68096,1.68796,41536,0,44
2021-06-03T00:00:00Z,1.68794,1.70085,1.68625,1.6971699999999998,45313,0,44
2021-06-04T00:00:00Z,1.6971699999999998,1.6987100000000002,1.686,1.68688,41449,0,44
2021-06-06T00:00:00Z,1.68514,1.68772,1.685,1.68756,1327,0,44
2021-06-07T00:00:00Z,1.68758,1.68875,1.68126,1.68716,33296,0,44
2021-06-08T00:00:00Z,1.68716,1.69478,1.6852,1.6929400000000001,37439,0,44
2021-06-09T00:00:00Z,1.6929400000000001,1.6992,1.68984,1.69797,31691,0,44
2021-06-10T00:00:00Z,1.69797,1.69885,1.68547,1.69299,42862,0,44
2021-06-11T00:00:00Z,1.69296,1.70044,1.68882,1.69834,37077,0,44
2021-06-13T00:00:00Z,1.69604,1.69784,1.69571,1.69625,1537,0,44
2021-06-14T00:00:00Z,1.69627,1.69867,1.69286,1.69684,32631,0,44
2021-06-15T00:00:00Z,1.69684,1.70563,1.6935,1.70229,37561,0,44
2021-06-16T00:00:00Z,1.70225,1.70445,1.69462,1.6962899999999999,48218,0,44
2021-06-17T00:00:00Z,1.69637,1.70387,1.6890399999999999,1.6981600000000001,61286,0,44
2021-06-18T00:00:00Z,1.6981000000000002,1.7122600000000001,1.6975799999999999,1.7107299999999999,56962,0,44
2021-06-20T00:00:00Z,1.70627,1.7101600000000001,1.7058900000000001,1.7082600000000001,2500,0,44
2021-06-21T00:00:00Z,1.7082600000000001,1.70902,1.70126,1.70506,55684,0,44
2021-06-22T00:00:00Z,1.7050999999999998,1.7083300000000001,1.69646,1.70082,48031,0,44
2021-06-23T00:00:00Z,1.70096,1.70421,1.69028,1.6932,43402,0,44
2021-06-24T00:00:00Z,1.69321,1.69327,1.68778,1.68878,41619,0,44
2021-06-25T00:00:00Z,1.68893,1.69021,1.6855,1.6889699999999999,37350,0,44
2021-06-27T00:00:00Z,1.6845599999999998,1.6900300000000001,1.68313,1.68913,2090,0,44
2021-06-28T00:00:00Z,1.68911,1.6949,1.6844700000000001,1.6921599999999999,41210,0,44
2021-06-29T00:00:00Z,1.6921599999999999,1.70306,1.69088,1.7025000000000001,43845,0,44
2021-06-30T00:00:00Z,1.70247,1.70417,1.69418,1.69448,45508,0,44
2021-07-01T00:00:00Z,1.69448,1.70107,1.6928100000000001,1.70105,42640,0,44
2021-07-02T00:00:00Z,1.70105,1.70172,1.68634,1.6869800000000001,42990,0,44
2021-07-04T00:00:00Z,1.68696,1.6879499999999998,1.6858,1.68746,1565,0,44
2021-07-05T00:00:00Z,1.68746,1.69171,1.6793900000000002,1.68214,33312,0,44
2021-07-06T00:00:00Z,1.68214,1.69144,1.66925,1.68466,50231,0,44
2021-07-07T00:00:00Z,1.68466,1.6875499999999999,1.6752799999999999,1.6815,48316,0,44
2021-07-08T00:00:00Z,1.6815,1.70869,1.68134,1.70477,62449,0,44
2021-07-09T00:00:00Z,1.70477,1.7097,1.6956,1.69684,47630,0,44
2021-07-11T00:00:00Z,1.69422,1.69718,1.6923,1.69465,2445,0,44
2021-07-12T00:00:00Z,1.69463,1.7056200000000001,1.69459,1.69797,43870,0,44
2021-07-13T00:00:00Z,1.69801,1.70529,1.69219,1.69569,50204,0,44
2021-07-14T00:00:00Z,1.69573,1.6965400000000002,1.67744,1.6812,55078,0,44
2021-07-15T00:00:00Z,1.6812399999999998,1.69429,1.6799,1.68453,52503,0,44
2021-07-16T00:00:00Z,1.68453,1.6886299999999999,1.68084,1.6852800000000001,44562,0,44
2021-07-18T00:00:00Z,1.6850399999999999,1.68921,1.6849699999999999,1.6887400000000001,2008,0,44
2021-07-19T00:00:00Z,1.6887400000000001,1.70553,1.6861899999999999,1.70177,58806,0,44
2021-07-20T00:00:00Z,1.70183,1.7096,1.69685,1.7016,53720,0,44
2021-07-21T00:00:00Z,1.7016,1.70552,1.69016,1.69428,44410,0,44
2021-07-22T00:00:00Z,1.69428,1.6985299999999999,1.6855099999999998,1.6864,49204,0,44
2021-07-23T00:00:00Z,1.6864,1.69104,1.68357,1.68688,37398,0,44
2021-07-25T00:00:00Z,1.68483,1.68796,1.68433,1.68581,2472,0,44
2021-07-26T00:00:00Z,1.68581,1.69411,1.6844000000000001,1.6860300000000001,42461,0,44
2021-07-27T00:00:00Z,1.68604,1.70215,1.6857,1.69748,47905,0,44
2021-07-28T00:00:00Z,1.69748,1.7062599999999999,1.69556,1.70179,53689,0,44
2021-07-29T00:00:00Z,1.70179,1.7046999999999999,1.6934,1.69596,42078,0,44
2021-07-30T00:00:00Z,1.69596,1.70366,1.69458,1.70218,42950,0,44
2021-08-01T00:00:00Z,1.70061,1.7034,1.69591,1.7013500000000001,2271,0,44
2021-08-02T00:00:00Z,1.7013500000000001,1.70556,1.69748,1.6994,44436,0,44
2021-08-03T00:00:00Z,1.6994,1.69962,1.6830500000000002,1.68458,43309,0,44
2021-08-04T00:00:00Z,1.6846,1.6858499999999998,1.67456,1.68046,42080,0,44
2021-08-05T00:00:00Z,1.68046,1.68098,1.67348,1.67884,39698,0,44
2021-08-06T00:00:00Z,1.67884,1.6795,1.6712,1.67748,36984,0,44
2021-08-08T00:00:00Z,1.6755,1.6824599999999998,1.6747800000000002,1.68012,4485,0,44
2021-08-09T00:00:00Z,1.68012,1.68127,1.67398,1.6784,39562,0,44
2021-08-10T00:00:00Z,1.6784,1.68385,1.6705100000000002,1.67271,35715,0,44
2021-08-11T00:00:00Z,1.67256,1.67441,1.66283,1.66745,37669,0,44
2021-08-12T00:00:00Z,1.6674799999999999,1.67678,1.66616,1.67531,33525,0,44
2021-08-13T00:00:00Z,1.67531,1.67931,1.67401,1.6752799999999999,29193,0,44
2021-08-15T00:00:00Z,1.67381,1.6755200000000001,1.67381,1.6754,1581,0,44
2021-08-16T00:00:00Z,1.6754,1.67942,1.67283,1.6756600000000001,37035,0,44
2021-08-17T00:00:00Z,1.6756600000000001,1.70306,1.6751800000000001,1.69016,50471,0,44
2021-08-18T00:00:00Z,1.69016,1.70484,1.68594,1.70236,47556,0,44
2021-08-19T00:00:00Z,1.70236,1.7158099999999998,1.7010100000000001,1.71203,59194,0,44
2021-08-20T00:00:00Z,1.7120199999999999,1.71617,1.70652,1.7116500000000001,40824,0,44
2021-08-22T00:00:00Z,1.71239,1.713,1.70884,1.71239,1973,0,44
2021-08-23T00:00:00Z,1.71239,1.7140499999999999,1.70114,1.70356,42270,0,44
2021-08-24T00:00:00Z,1.70355,1.7061899999999999,1.68791,1.69395,39469,0,44
2021-08-25T00:00:00Z,1.69395,1.694,1.68502,1.68833,40918,0,44
2021-08-26T00:00:00Z,1.68833,1.6928800000000002,1.6863899999999998,1.69234,40582,0,44
2021-08-27T00:00:00Z,1.69235,1.69496,1.68037,1.68218,39868,0,44
2021-08-29T00:00:00Z,1.68249,1.68421,1.68014,1.6824599999999998,1702,0,44
2021-08-30T00:00:00Z,1.6824599999999998,1.6879499999999998,1.68211,1.68567,29675,0,44
2021-08-31T00:00:00Z,1.68567,1.68575,1.6729500000000002,1.67474,47606,0,44
2021-09-01T00:00:00Z,1.67472,1.67882,1.6705299999999998,1.67581,41050,0,44
2021-09-02T00:00:00Z,1.67581,1.67732,1.66673,1.67022,36307,0,44
2021-09-03T00:00:00Z,1.67022,1.67137,1.65814,1.66038,40255,0,44
2021-09-05T00:00:00Z,1.6577899999999999,1.66216,1.65679,1.66214,1349,0,44
2021-09-06T00:00:00Z,1.66214,1.66431,1.65965,1.66371,31763,0,44
2021-09-07T00:00:00Z,1.66371,1.67034,1.66059,1.6685699999999999,44912,0,44
2021-09-08T00:00:00Z,1.6685699999999999,1.6700599999999999,1.66078,1.665,47316,0,44
2021-09-09T00:00:00Z,1.665,1.6678600000000001,1.65689,1.66411,50882,0,44
2021-09-10T00:00:00Z,1.6640899999999998,1.667,1.6530399999999998,1.66048,49325,0,44
2021-09-12T00:00:00Z,1.6588,1.6604299999999999,1.65861,1.65971,1629,0,44
2021-09-13T00:00:00Z,1.65971,1.66257,1.6543999999999999,1.65995,47369,0,44
2021-09-14T00:00:00Z,1.65995,1.66681,1.6556899999999999,1.6634600000000002,51748,0,44
2021-09-15T00:00:00Z,1.6634600000000002,1.66853,1.65524,1.65717,43123,0,44
2021-09-16T00:00:00Z,1.65717,1.66609,1.65395,1.66384,46777,0,44
2021-09-17T00:00:00Z,1.66384,1.67045,1.6619899999999999,1.66605,45618,0,44
2021-09-19T00:00:00Z,1.66601,1.6689500000000002,1.66162,1.6676199999999999,1694,0,44
2021-09-20T00:00:00Z,1.6676199999999999,1.67352,1.66281,1.67096,55631,0,44
2021-09-21T00:00:00Z,1.67096,1.67612,1.6627999999999998,1.67523,51533,0,44
2021-09-22T00:00:00Z,1.67523,1.67585,1.66465,1.67176,54356,0,44
2021-09-23T00:00:00Z,1.67176,1.6750099999999999,1.65462,1.6616499999999998,50907,0,44
2021-09-24T00:00:00Z,1.6616499999999998,1.6730800000000001,1.65865,1.67085,43884,0,44
2021-09-26T00:00:00Z,1.67045,1.67195,1.66718,1.6707100000000001,1904,0,44
2021-09-27T00:00:00Z,1.6707100000000001,1.6723599999999998,1.66459,1.66899,47313,0,44
2021-09-28T00:00:00Z,1.66899,1.68147,1.66483,1.67904,62859,0,44
2021-09-29T00:00:00Z,1.67904,1.69123,1.67739,1.68818,62352,0,44
2021-09-30T00:00:00Z,1.68818,1.68919,1.67405,1.67814,64207,0,44
2021-10-01T00:00:00Z,1.6783000000000001,1.6834500000000001,1.66846,1.67035,57189,0,44
2021-10-03T00:00:00Z,1.6703999999999999,1.67271,1.6682000000000001,1.67196,2611,0,44
2021-10-04T00:00:00Z,1.67196,1.6739199999999999,1.66295,1.66856,52707,0,44
2021-10-05T00:00:00Z,1.66856,1.67328,1.66242,1.66688,46939,0,44
2021-10-06T00:00:00Z,1.66688,1.67886,1.66117,1.67049,58973,0,44
2021-10-07T00:00:00Z,1.67048,1.6720199999999998,1.66426,1.666,43168,0,44
2021-10-08T00:00:00Z,1.666,1.67106,1.6626400000000001,1.66961,46478,0,44
2021-10-10T00:00:00Z,1.67057,1.67264,1.66982,1.67088,2542,0,44
2021-10-11T00:00:00Z,1.67088,1.67118,1.6598899999999999,1.66398,40267,0,44
2021-10-12T00:00:00Z,1.66397,1.66825,1.65719,1.66527,46676,0,44
2021-10-13T00:00:00Z,1.66527,1.66946,1.6603599999999998,1.66326,52387,0,44
2021-10-14T00:00:00Z,1.66326,1.66354,1.64689,1.64738,47295,0,44
2021-10-15T00:00:00Z,1.64738,1.64853,1.6389399999999998,1.6393,49112,0,44
2021-10-17T00:00:00Z,1.63787,1.6402,1.63304,1.63685,4163,0,44
2021-10-18T00:00:00Z,1.63685,1.6446,1.6354199999999999,1.6376,48960,0,44
2021-10-19T00:00:00Z,1.6376,1.63849,1.62279,1.62544,48598,0,44
2021-10-20T00:00:00Z,1.62544,1.6262400000000001,1.61414,1.61864,48211,0,44
2021-10-21T00:00:00Z,1.61864,1.62793,1.6159599999999998,1.62449,52643,0,44
2021-10-22T00:00:00Z,1.62446,1.63042,1.6192600000000001,1.62828,53669,0,44
2021-10-24T00:00:00Z,1.62677,1.6282,1.62588,1.6277,1746,0,44
2021-10-25T00:00:00Z,1.6277,1.63001,1.61826,1.6199400000000002,49100,0,44
2021-10-26T00:00:00Z,1.61993,1.62138,1.61202,1.6177700000000002,48257,0,44
2021-10-27T00:00:00Z,1.6177700000000002,1.62569,1.61417,1.61911,54880,0,44
2021-10-28T00:00:00Z,1.61911,1.6251600000000002,1.61284,1.62368,61509,0,44
2021-10-29T00:00:00Z,1.62368,1.6284,1.61193,1.61229,59286,0,44
2021-10-31T00:00:00Z,1.61258,1.61398,1.61025,1.61028,2492,0,44
2021-11-01T00:00:00Z,1.61028,1.61586,1.6079599999999998,1.61573,50236,0,44
2021-11-02T00:00:00Z,1.6157,1.63197,1.6139700000000001,1.62485,52713,0,44
2021-11-03T00:00:00Z,1.62485,1.6278299999999999,1.6179299999999999,1.61855,56104,0,44
2021-11-04T00:00:00Z,1.61855,1.62702,1.61769,1.62535,55062,0,44
2021-11-05T00:00:00Z,1.62535,1.63244,1.6215000000000002,1.62398,54520,0,44
2021-11-07T00:00:00Z,1.6242999999999999,1.62731,1.61964,1.62723,2423,0,44
2021-11-08T00:00:00Z,1.62723,1.6278299999999999,1.6124399999999999,1.61771,46957,0,44
2021-11-09T00:00:00Z,1.61771,1.62818,1.61666,1.6273300000000002,51997,0,44
2021-11-10T00:00:00Z,1.6273300000000002,1.631,1.6231200000000001,1.62528,60858,0,44
2021-11-11T00:00:00Z,1.62534,1.6351,1.62397,1.63053,48971,0,44
2021-11-12T00:00:00Z,1.63055,1.6346,1.62372,1.6249799999999999,43934,0,44
2021-11-14T00:00:00Z,1.62514,1.62652,1.6229200000000001,1.62446,1430,0,44
2021-11-15T00:00:00Z,1.62446,1.62706,1.60606,1.61376,48075,0,44
2021-11-16T00:00:00Z,1.6137700000000001,1.62195,1.61123,1.619,55168,0,44
2021-11-17T00:00:00Z,1.61897,1.6204399999999999,1.60989,1.61595,57955,0,44
2021-11-18T00:00:00Z,1.61595,1.61896,1.60623,1.61426,55501,0,44
2021-11-19T00:00:00Z,1.6143100000000001,1.6162100000000001,1.60836,1.6124800000000001,61291,0,44
2021-11-21T00:00:00Z,1.61116,1.61414,1.60998,1.61288,1792,0,44
2021-11-22T00:00:00Z,1.61288,1.61765,1.60675,1.61762,64095,0,44
2021-11-23T00:00:00Z,1.61762,1.6259299999999999,1.61523,1.61722,67210,0,44
2021-11-24T00:00:00Z,1.61722,1.63235,1.61615,1.6294499999999998,65005,0,44
2021-11-25T00:00:00Z,1.6294499999999998,1.63945,1.6261100000000002,1.63771,36940,0,44
2021-11-26T00:00:00Z,1.63771,1.66241,1.63601,1.65678,80566,0,44
2021-11-28T00:00:00Z,1.65561,1.65957,1.65233,1.65434,2994,0,44
2021-11-29T00:00:00Z,1.65434,1.6591200000000002,1.64768,1.6531799999999999,66609,0,44
2021-11-30T00:00:00Z,1.6531799999999999,1.66889,1.65251,1.66011,88276,0,44
2021-12-01T00:00:00Z,1.66008,1.6626400000000001,1.6511200000000001,1.66113,73513,0,44
2021-12-02T00:00:00Z,1.6611099999999999,1.6679,1.65663,1.6596600000000001,67524,0,44
2021-12-03T00:00:00Z,1.6596600000000001,1.67728,1.6596600000000001,1.67608,70285,0,44
2021-12-05T00:00:00Z,1.67126,1.67485,1.6709800000000001,1.67286,2723,0,44
2021-12-06T00:00:00Z,1.67286,1.67651,1.66943,1.6718600000000001,55479,0,44
2021-12-07T00:00:00Z,1.6718600000000001,1.6745100000000002,1.65659,1.6609500000000001,54274,0,44
2021-12-08T00:00:00Z,1.66099,1.6682000000000001,1.6601599999999999,1.6661899999999998,59869,0,44
2021-12-09T00:00:00Z,1.6662,1.6674799999999999,1.65941,1.66191,49265,0,44
2021-12-10T00:00:00Z,1.6618300000000001,1.66673,1.65942,1.66463,49912,0,44
2021-12-12T00:00:00Z,1.66178,1.66524,1.66071,1.66432,1345,0,44
2021-12-13T00:00:00Z,1.66432,1.67249,1.6612900000000002,1.67116,46297,0,44
2021-12-14T00:00:00Z,1.67109,1.6760199999999998,1.6667800000000002,1.67124,48012,0,44
2021-12-15T00:00:00Z,1.6713,1.67486,1.6621899999999998,1.66573,58114,0,44
2021-12-16T00:00:00Z,1.66573,1.66997,1.65495,1.66758,61704,0,44
2021-12-17T00:00:00Z,1.66758,1.67531,1.6661000000000001,1.66808,56797,0,44
2021-12-19T00:00:00Z,1.66581,1.67088,1.66581,1.67018,1851,0,44
2021-12-20T00:00:00Z,1.67018,1.68269,1.66743,1.67992,60251,0,44
2021-12-21T00:00:00Z,1.67992,1.6817600000000001,1.66364,1.66824,50228,0,44
2021-12-22T00:00:00Z,1.66828,1.67212,1.65906,1.66437,48530,0,44
2021-12-23T00:00:00Z,1.66437,1.6684700000000001,1.6552,1.66119,42769,0,44
2021-12-24T00:00:00Z,1.66119,1.6634799999999998,1.65308,1.6554,47956,0,44
2021-12-26T00:00:00Z,1.6583,1.66228,1.65391,1.6616300000000002,1305,0,44
2021-12-27T00:00:00Z,1.6615600000000001,1.66594,1.6582400000000002,1.6620599999999999,29902,0,44
2021-12-28T00:00:00Z,1.6620599999999999,1.66487,1.65839,1.66234,34303,0,44
2021-12-29T00:00:00Z,1.66234,1.66464,1.65819,1.66093,45737,0,44
2021-12-30T00:00:00Z,1.66093,1.66093,1.65272,1.6577899999999999,40592,0,44
2021-12-31T00:00:00Z,1.6577899999999999,1.6643400000000002,1.6541000000000001,1.6625999999999999,36893,0,44
2022-01-02T00:00:00Z,1.66093,1.6627800000000001,1.6598199999999999,1.66265,1102,0,44
2022-01-03T00:00:00Z,1.66265,1.6689,1.6561599999999999,1.6646,43313,0,44
2022-01-04T00:00:00Z,1.6646,1.6668500000000002,1.65475,1.65597,46736,0,44
2022-01-05T00:00:00Z,1.65597,1.6658,1.654,1.66498,50366,0,44
2022-01-06T00:00:00Z,1.66498,1.67946,1.6647699999999999,1.67567,57485,0,44
2022-01-07T00:00:00Z,1.67567,1.67987,1.67203,1.6766,46643,0,44
2022-01-09T00:00:00Z,1.6752799999999999,1.67798,1.6729699999999998,1.67549,2168,0,44
2022-01-10T00:00:00Z,1.67558,1.67994,1.67045,1.6744599999999998,55656,0,44
2022-01-11T00:00:00Z,1.6744599999999998,1.6792099999999999,1.67203,1.6754099999999998,53764,0,44
2022-01-12T00:00:00Z,1.6754099999999998,1.67767,1.6681599999999999,1.67081,52944,0,44
2022-01-13T00:00:00Z,1.67079,1.67153,1.66452,1.66959,54502,0,44
2022-01-14T00:00:00Z,1.66959,1.6786400000000001,1.66841,1.67608,57046,0,44
2022-01-16T00:00:00Z,1.67605,1.67721,1.67187,1.6761599999999999,1688,0,44
2022-01-17T00:00:00Z,1.6761599999999999,1.68003,1.67222,1.6787,39311,0,44
2022-01-18T00:00:00Z,1.6787,1.68405,1.67001,1.673,65375,0,44
2022-01-19T00:00:00Z,1.673,1.67391,1.66459,1.67289,59725,0,44
2022-01-20T00:00:00Z,1.67289,1.67956,1.6672799999999999,1.67588,60446,0,44
2022-01-21T00:00:00Z,1.67588,1.6905700000000001,1.67536,1.68945,66324,0,44
2022-01-23T00:00:00Z,1.68845,1.68997,1.68693,1.6870500000000002,2449,0,44
2022-01-24T00:00:00Z,1.6870500000000002,1.69869,1.6844299999999999,1.6889699999999999,76079,0,44
2022-01-25T00:00:00Z,1.68896,1.69597,1.68688,1.68929,73709,0,44
2022-01-26T00:00:00Z,1.68929,1.69306,1.68407,1.68747,66450,0,44
2022-01-27T00:00:00Z,1.68747,1.70057,1.6839300000000001,1.69259,81546,0,44
2022-01-28T00:00:00Z,1.69259,1.7064300000000001,1.69223,1.70316,72037,0,44
2022-01-30T00:00:00Z,1.7012800000000001,1.70343,1.6953,1.7021199999999999,2032,0,44
2022-01-31T00:00:00Z,1.7021199999999999,1.70905,1.6960899999999999,1.7071,62809,0,44
2022-02-01T00:00:00Z,1.7071,1.70939,1.69407,1.6983899999999998,60556,0,44
2022-02-02T00:00:00Z,1.6983899999999998,1.70945,1.69492,1.7089699999999999,52004,0,44
2022-02-03T00:00:00Z,1.7089699999999999,1.7184,1.6974200000000002,1.7154099999999999,68408,0,44
2022-02-04T00:00:00Z,1.7154099999999999,1.7357200000000002,1.71361,1.73284,67100,0,44
2022-02-06T00:00:00Z,1.7313800000000001,1.73228,1.72276,1.73035,1558,0,44
2022-02-07T00:00:00Z,1.73035,1.7339,1.72197,1.7236,61708,0,44
2022-02-08T00:00:00Z,1.7236,1.72427,1.7147999999999999,1.7174399999999999,56513,0,44
2022-02-09T00:00:00Z,1.7174399999999999,1.7195399999999998,1.70733,1.70986,51933,0,44
2022-02-10T00:00:00Z,1.70986,1.71616,1.70304,1.7118,77363,0,44
2022-02-11T00:00:00Z,1.7118,1.7165,1.7020300000000002,1.70723,81443,0,44
2022-02-13T00:00:00Z,1.70667,1.71058,1.70473,1.70977,3354,0,44
2022-02-14T00:00:00Z,1.70977,1.71532,1.70498,1.70832,91041,0,44
2022-02-15T00:00:00Z,1.70841,1.71547,1.70499,1.71009,79315,0,44
2022-02-16T00:00:00Z,1.71008,1.71343,1.7005,1.70238,72148,0,44
2022-02-17T00:00:00Z,1.70238,1.7025000000000001,1.6918199999999999,1.6985999999999999,91016,0,44
2022-02-18T00:00:00Z,1.6985999999999999,1.6987700000000001,1.68866,1.69137,72746,0,44
2022-02-20T00:00:00Z,1.6898,1.69226,1.6892,1.69149,2913,0,44
2022-02-21T00:00:00Z,1.69176,1.69402,1.68296,1.68892,65807,0,44
2022-02-22T00:00:00Z,1.68883,1.6896,1.67788,1.68031,94261,0,44
2022-02-23T00:00:00Z,1.6802700000000002,1.6825999999999999,1.66602,1.66966,76581,0,44
2022-02-24T00:00:00Z,1.66966,1.67841,1.6656499999999999,1.6729699999999998,146693,0,44
2022-02-25T00:00:00Z,1.6729699999999998,1.67492,1.66357,1.66916,99659,0,44
2022-02-27T00:00:00Z,1.66408,1.67191,1.6605400000000001,1.6705,7236,0,44
2022-02-28T00:00:00Z,1.67058,1.67309,1.65511,1.65721,105190,0,44
2022-03-01T00:00:00Z,1.65721,1.6587100000000001,1.64241,1.64493,95539,0,44
2022-03-02T00:00:00Z,1.64489,1.64581,1.63547,1.63828,101812,0,44
2022-03-03T00:00:00Z,1.63829,1.6408399999999999,1.62487,1.62494,81768,0,44
2022-03-04T00:00:00Z,1.62488,1.62709,1.58861,1.59204,100448,0,44
2022-03-06T00:00:00Z,1.59317,1.59444,1.5812,1.58174,5018,0,44
2022-03-07T00:00:00Z,1.58174,1.5960100000000002,1.56399,1.58915,121870,0,44
2022-03-08T00:00:00Z,1.58915,1.6061299999999998,1.5856599999999998,1.60156,121644,0,44
2022-03-09T00:00:00Z,1.60156,1.62085,1.59917,1.6193,95736,0,44
2022-03-10T00:00:00Z,1.6193,1.6220400000000001,1.59813,1.60202,93909,0,44
2022-03-11T00:00:00Z,1.60192,1.61109,1.59916,1.60429,85413,0,44
2022-03-13T00:00:00Z,1.60241,1.6065399999999999,1.60241,1.60461,4051,0,44
2022-03-14T00:00:00Z,1.60459,1.62469,1.60314,1.6213199999999999,86809,0,44
2022-03-15T00:00:00Z,1.62134,1.63294,1.6126800000000001,1.6221999999999999,87941,0,44
2022-03-16T00:00:00Z,1.6221999999999999,1.62526,1.6106500000000001,1.61348,94790,0,44
2022-03-17T00:00:00Z,1.61348,1.61647,1.61001,1.6103,77119,0,44
2022-03-18T00:00:00Z,1.61028,1.6125,1.59866,1.5995,70933,0,44
2022-03-20T00:00:00Z,1.6007799999999999,1.6023,1.59999,1.60065,3383,0,44
2022-03-21T00:00:00Z,1.6006399999999998,1.60567,1.59582,1.60131,63648,0,44
2022-03-22T00:00:00Z,1.60133,1.60175,1.58162,1.58371,71596,0,44
2022-03-23T00:00:00Z,1.58371,1.58775,1.57538,1.57761,67029,0,44
2022-03-24T00:00:00Z,1.57761,1.5840100000000001,1.5770300000000002,1.58059,67927,0,44
2022-03-25T00:00:00Z,1.58059,1.58597,1.57362,1.5751,69220,0,44
2022-03-27T00:00:00Z,1.57968,1.5800999999999998,1.57325,1.57832,2785,0,44
2022-03-28T00:00:00Z,1.57832,1.5940400000000001,1.57489,1.59166,78167,0,44
2022-03-29T00:00:00Z,1.59164,1.61527,1.59082,1.59742,89405,0,44
2022-03-30T00:00:00Z,1.59742,1.60195,1.5929,1.60111,80496,0,44
2022-03-31T00:00:00Z,1.60108,1.6081699999999999,1.59268,1.59737,82187,0,44
2022-04-01T00:00:00Z,1.59738,1.60181,1.59006,1.5953,68399,0,44
2022-04-03T00:00:00Z,1.59134,1.59909,1.59116,1.5990600000000001,2165,0,44
2022-04-04T00:00:00Z,1.5990600000000001,1.5994199999999998,1.57553,1.5798999999999999,58256,0,44
2022-04-05T00:00:00Z,1.57996,1.58038,1.55919,1.56966,67277,0,44
2022-04-06T00:00:00Z,1.56967,1.57812,1.5635,1.57673,80212,0,44
2022-04-07T00:00:00Z,1.57673,1.58606,1.5739800000000002,1.57799,69369,0,44
2022-04-08T00:00:00Z,1.57801,1.59069,1.5756999999999999,1.5871,59383,0,44
2022-04-10T00:00:00Z,1.5906799999999999,1.5930499999999999,1.58926,1.59288,4059,0,44
2022-04-11T00:00:00Z,1.59286,1.5976599999999999,1.58863,1.59517,64372,0,44
2022-04-12T00:00:00Z,1.59517,1.59701,1.5741100000000001,1.57892,75262,0,44
2022-04-13T00:00:00Z,1.5789499999999999,1.60466,1.56969,1.60212,76514,0,44
2022-04-14T00:00:00Z,1.60206,1.6020699999999999,1.58468,1.5945200000000002,77469,0,44
2022-04-15T00:00:00Z,1.59457,1.59928,1.5893899999999999,1.5983,52260,0,44
2022-04-17T00:00:00Z,1.59151,1.5997400000000002,1.59151,1.59935,3797,0,44
2022-04-18T00:00:00Z,1.59935,1.60567,1.599,1.60054,48874,0,44
2022-04-19T00:00:00Z,1.6005099999999999,1.6050200000000001,1.59726,1.59991,72904,0,44
2022-04-20T00:00:00Z,1.59991,1.60355,1.59109,1.59951,74774,0,44
2022-04-21T00:00:00Z,1.59948,1.61182,1.59518,1.61181,79244,0,44
2022-04-22T00:00:00Z,1.61175,1.62806,1.6111499999999999,1.6254,79411,0,44
2022-04-24T00:00:00Z,1.6289799999999999,1.63209,1.62419,1.63209,4030,0,44
2022-04-25T00:00:00Z,1.63209,1.63556,1.61606,1.61878,93958,0,44
2022-04-26T00:00:00Z,1.61879,1.6213,1.60906,1.61868,82530,0,44
2022-04-27T00:00:00Z,1.61867,1.6227,1.60782,1.61364,94533,0,44
2022-04-28T00:00:00Z,1.61367,1.62727,1.61231,1.61728,99830,0,44
2022-04-29T00:00:00Z,1.61728,1.63548,1.6110600000000002,1.6327,84955,0,44
2022-05-01T00:00:00Z,1.63138,1.63251,1.6289099999999999,1.6320700000000001,5361,0,44
2022-05-02T00:00:00Z,1.63211,1.64026,1.6290200000000001,1.6309,72508,0,44
2022-05-03T00:00:00Z,1.63089,1.6401599999999998,1.6245699999999998,1.6361400000000001,77126,0,44
2022-05-04T00:00:00Z,1.63618,1.6392600000000002,1.61792,1.62151,82138,0,44
2022-05-05T00:00:00Z,1.62153,1.64374,1.61782,1.63904,99129,0,44
2022-05-06T00:00:00Z,1.63903,1.64974,1.6372499999999999,1.6467,105958,0,44
2022-05-08T00:00:00Z,1.6451799999999999,1.6487699999999998,1.64076,1.64865,5081,0,44
2022-05-09T00:00:00Z,1.64865,1.67203,1.6481599999999998,1.67134,105093,0,44
2022-05-10T00:00:00Z,1.6713200000000001,1.6800199999999998,1.66586,1.67441,105502,0,44
2022-05-11T00:00:00Z,1.67441,1.6758199999999999,1.65652,1.67264,103631,0,44
2022-05-12T00:00:00Z,1.67266,1.68404,1.6584400000000001,1.66189,114181,0,44
2022-05-13T00:00:00Z,1.66184,1.66645,1.6528800000000001,1.6564999999999999,81020,0,44
2022-05-15T00:00:00Z,1.6548,1.6560700000000002,1.65272,1.65272,4990,0,44
2022-05-16T00:00:00Z,1.65282,1.66812,1.6491799999999999,1.65391,89868,0,44
2022-05-17T00:00:00Z,1.654,1.66211,1.64562,1.6585299999999998,89267,0,44
2022-05-18T00:00:00Z,1.65863,1.66438,1.6522700000000001,1.66431,80574,0,44
2022-05-19T00:00:00Z,1.6642700000000001,1.66657,1.64688,1.6578,103774,0,44
2022-05-20T00:00:00Z,1.6577600000000001,1.6597,1.6463299999999998,1.6484,84827,0,44
2022-05-22T00:00:00Z,1.64896,1.64924,1.64526,1.6460599999999999,3804,0,44
2022-05-23T00:00:00Z,1.64605,1.65748,1.63653,1.65743,82655,0,44
2022-05-24T00:00:00Z,1.65744,1.6694,1.65473,1.66458,86537,0,44
2022-05-25T00:00:00Z,1.66458,1.6675900000000001,1.64176,1.64908,92283,0,44
2022-05-26T00:00:00Z,1.64908,1.66096,1.64629,1.65591,79095,0,44
2022-05-27T00:00:00Z,1.65592,1.65828,1.6380400000000002,1.6413,67227,0,44
2022-05-29T00:00:00Z,1.63998,1.6444800000000002,1.63936,1.64223,3191,0,44
2022-05-30T00:00:00Z,1.64223,1.64725,1.6391499999999999,1.64291,55651,0,44
2022-05-31T00:00:00Z,1.64293,1.64958,1.64002,1.64649,87865,0,44
2022-06-01T00:00:00Z,1.6464699999999999,1.6531,1.63737,1.6437599999999999,75876,0,44
2022-06-02T00:00:00Z,1.6437599999999999,1.64882,1.63496,1.63882,61838,0,44
2022-06-03T00:00:00Z,1.63882,1.6480299999999999,1.6363400000000001,1.647,58024,0,44
2022-06-05T00:00:00Z,1.64306,1.64831,1.64288,1.64831,2958,0,44
2022-06-06T00:00:00Z,1.64831,1.65023,1.63986,1.64865,58072,0,44
2022-06-07T00:00:00Z,1.64859,1.65845,1.64492,1.65054,79685,0,44
2022-06-08T00:00:00Z,1.65056,1.6651,1.64886,1.66322,85073,0,44
2022-06-09T00:00:00Z,1.66326,1.6734,1.6578,1.6628699999999998,93885,0,44
2022-06-10T00:00:00Z,1.66283,1.66372,1.64627,1.65054,93387,0,44
2022-06-12T00:00:00Z,1.6556600000000001,1.65866,1.65398,1.65529,5623,0,44
2022-06-13T00:00:00Z,1.65529,1.6665299999999998,1.6513900000000001,1.6600899999999998,114490,0,44
2022-06-14T00:00:00Z,1.66003,1.67902,1.65841,1.67645,122435,0,44
2022-06-15T00:00:00Z,1.67644,1.6851,1.65518,1.6621000000000001,126650,0,44
2022-06-16T00:00:00Z,1.6621299999999999,1.66758,1.65436,1.65849,127629,0,44
2022-06-17T00:00:00Z,1.65849,1.66765,1.65778,1.6602299999999999,116253,0,44
2022-06-19T00:00:00Z,1.65762,1.66058,1.6573099999999998,1.6584400000000001,5937,0,44
2022-06-20T00:00:00Z,1.6585,1.66449,1.6538300000000001,1.66001,86151,0,44
2022-06-21T00:00:00Z,1.66003,1.6694900000000001,1.6587100000000001,1.66799,99745,0,44
2022-06-22T00:00:00Z,1.66799,1.6852200000000002,1.6669100000000001,1.6846100000000002,105868,0,44
2022-06-23T00:00:00Z,1.68462,1.6889699999999999,1.67066,1.67362,112318,0,44
2022-06-24T00:00:00Z,1.6735799999999998,1.6758,1.66676,1.66719,94962,0,44
2022-06-26T00:00:00Z,1.66899,1.6736499999999999,1.66779,1.67334,6649,0,44
2022-06-27T00:00:00Z,1.6733500000000001,1.68201,1.67077,1.6811099999999999,98305,0,44
2022-06-28T00:00:00Z,1.68114,1.68738,1.6770800000000001,1.68719,104831,0,44
2022-06-29T00:00:00Z,1.68716,1.6929699999999999,1.67583,1.67838,111117,0,44
2022-06-30T00:00:00Z,1.67839,1.68449,1.66635,1.6792,113909,0,44
2022-07-01T00:00:00Z,1.67923,1.69655,1.6760899999999999,1.6766999999999999,108769,0,44
2022-07-03T00:00:00Z,1.67973,1.68071,1.67595,1.68067,5995,0,44
2022-07-04T00:00:00Z,1.68072,1.68337,1.67075,1.67874,82997,0,44
2022-07-05T00:00:00Z,1.67873,1.6830500000000002,1.66066,1.66329,119308,0,44
2022-07-06T00:00:00Z,1.6633,1.6646,1.64592,1.6560000000000001,85563,0,44
2022-07-07T00:00:00Z,1.65605,1.65737,1.64166,1.64562,104277,0,44
2022-07-08T00:00:00Z,1.6456,1.65107,1.6394600000000001,1.64207,105094,0,44
2022-07-10T00:00:00Z,1.64348,1.64589,1.6416,1.64375,6600,0,44
2022-07-11T00:00:00Z,1.64375,1.64937,1.63949,1.64155,100577,0,44
2022-07-12T00:00:00Z,1.64151,1.64381,1.6318899999999998,1.63834,109450,0,44
2022-07-13T00:00:00Z,1.63835,1.64726,1.6327,1.64253,117844,0,44
2022-07-14T00:00:00Z,1.64255,1.64704,1.63096,1.63518,120837,0,44
2022-07-15T00:00:00Z,1.6351900000000001,1.6392,1.63086,1.63303,99399,0,44
2022-07-17T00:00:00Z,1.63631,1.63826,1.63052,1.63127,6258,0,44
2022-07-18T00:00:00Z,1.6312600000000002,1.64996,1.63005,1.6489099999999999,99063,0,44
2022-07-19T00:00:00Z,1.64892,1.64939,1.6387,1.6413600000000002,105274,0,44
2022-07-20T00:00:00Z,1.6412900000000001,1.64272,1.62978,1.6360700000000001,106590,0,44
2022-07-21T00:00:00Z,1.6360700000000001,1.6547399999999999,1.63442,1.63678,105162,0,44
2022-07-22T00:00:00Z,1.63678,1.63906,1.62263,1.6334499999999998,89742,0,44
2022-07-24T00:00:00Z,1.62893,1.63755,1.6275,1.6362,3941,0,44
2022-07-25T00:00:00Z,1.6362,1.63933,1.6278899999999998,1.63361,77839,0,44
2022-07-26T00:00:00Z,1.63361,1.63551,1.61599,1.62306,73470,0,44
2022-07-27T00:00:00Z,1.62306,1.63387,1.62252,1.63039,82687,0,44
2022-07-28T00:00:00Z,1.63039,1.63127,1.6132300000000002,1.6192600000000001,88546,0,44
2022-07-29T00:00:00Z,1.61924,1.63215,1.6166,1.6250900000000001,85073,0,44
2022-07-31T00:00:00Z,1.62527,1.6268799999999999,1.62384,1.62623,3779,0,44
2022-08-01T00:00:00Z,1.62625,1.6274199999999999,1.61392,1.6204800000000001,79359,0,44
2022-08-02T00:00:00Z,1.62051,1.63308,1.62019,1.63256,102010,0,44
2022-08-03T00:00:00Z,1.63265,1.6339299999999999,1.61914,1.62049,90311,0,44
2022-08-04T00:00:00Z,1.62049,1.62786,1.61205,1.6273300000000002,80309,0,44
2022-08-05T00:00:00Z,1.6273300000000002,1.63323,1.62162,1.63053,73271,0,44
2022-08-07T00:00:00Z,1.6247500000000001,1.63168,1.62466,1.63003,3441,0,44
2022-08-08T00:00:00Z,1.63003,1.63233,1.61735,1.62106,69203,0,44
2022-08-09T00:00:00Z,1.62106,1.6303999999999998,1.62106,1.62398,62915,0,44
2022-08-10T00:00:00Z,1.62398,1.62772,1.60284,1.6076700000000002,82307,0,44
2022-08-11T00:00:00Z,1.6076700000000002,1.6107399999999998,1.60187,1.60411,83716,0,44
2022-08-12T00:00:00Z,1.6040999999999999,1.60433,1.5822699999999998,1.5879699999999999,70274,0,44
2022-08-14T00:00:00Z,1.58734,1.59128,1.58674,1.58988,3021,0,44
2022-08-15T00:00:00Z,1.58988,1.60438,1.58981,1.59722,71268,0,44
2022-08-16T00:00:00Z,1.59721,1.60718,1.5959400000000001,1.60335,73490,0,44
2022-08-17T00:00:00Z,1.60335,1.6238700000000001,1.59443,1.62141,90736,0,44
2022-08-18T00:00:00Z,1.62142,1.62524,1.6065399999999999,1.61595,81459,0,44
2022-08-19T00:00:00Z,1.61595,1.6273900000000001,1.61385,1.62585,72406,0,44
2022-08-21T00:00:00Z,1.6208,1.62662,1.6208,1.62523,5142,0,44
2022-08-22T00:00:00Z,1.62521,1.62546,1.60712,1.60892,81794,0,44
2022-08-23T00:00:00Z,1.60892,1.6106500000000001,1.6013600000000001,1.6056599999999999,89885,0,44
2022-08-24T00:00:00Z,1.6056599999999999,1.6131199999999999,1.6027200000000001,1.61266,80437,0,44
2022-08-25T00:00:00Z,1.61266,1.6134300000000001,1.59901,1.6040299999999998,82460,0,44
2022-08-26T00:00:00Z,1.6040299999999998,1.62535,1.60348,1.62377,83148,0,44
2022-08-28T00:00:00Z,1.62558,1.62655,1.62309,1.6263999999999998,6146,0,44
2022-08-29T00:00:00Z,1.62639,1.63425,1.61905,1.6255600000000001,87567,0,44
2022-08-30T00:00:00Z,1.6255600000000001,1.63513,1.61832,1.63504,93750,0,44
2022-08-31T00:00:00Z,1.63503,1.64378,1.6276000000000002,1.6425800000000002,95586,0,44
2022-09-01T00:00:00Z,1.6425800000000002,1.6475300000000002,1.63314,1.63554,97072,0,44
2022-09-02T00:00:00Z,1.63558,1.64659,1.62709,1.6283699999999999,89237,0,44
2022-09-04T00:00:00Z,1.63098,1.63212,1.62496,1.62828,6190,0,44
2022-09-05T00:00:00Z,1.62828,1.63113,1.62303,1.6298300000000001,69963,0,44
2022-09-06T00:00:00Z,1.6298300000000001,1.64121,1.62521,1.64047,101124,0,44
2022-09-07T00:00:00Z,1.64047,1.64993,1.63979,1.64881,98088,0,44
2022-09-08T00:00:00Z,1.64881,1.65724,1.6439599999999999,1.6489,97592,0,44
2022-09-09T00:00:00Z,1.6489,1.65273,1.64108,1.64517,81895,0,44
2022-09-11T00:00:00Z,1.65786,1.65814,1.64554,1.64738,4285,0,44
2022-09-12T00:00:00Z,1.64738,1.6582599999999998,1.6446100000000001,1.64804,75589,0,44
2022-09-13T00:00:00Z,1.64804,1.6663999999999999,1.6476600000000001,1.66241,84948,0,44
2022-09-14T00:00:00Z,1.66241,1.67034,1.6566,1.6585999999999999,90788,0,44
2022-09-15T00:00:00Z,1.6585999999999999,1.6772399999999998,1.65708,1.67657,77909,0,44
2022-09-16T00:00:00Z,1.67657,1.6785299999999999,1.66964,1.67077,81829,0,44
2022-09-18T00:00:00Z,1.6696900000000001,1.6738,1.66955,1.67169,3993,0,44
2022-09-19T00:00:00Z,1.67158,1.68548,1.67031,1.6813500000000001,69995,0,44
2022-09-20T00:00:00Z,1.68139,1.69539,1.68073,1.68889,84837,0,44
2022-09-21T00:00:00Z,1.68889,1.69295,1.67387,1.68622,100949,0,4
2022-09-22T00:00:00Z,1.68622,1.6924000000000001,1.67936,1.6829,121488,0,44
2022-09-23T00:00:00Z,1.6829,1.69042,1.67795,1.68605,103898,0,44
2022-09-25T00:00:00Z,1.68277,1.6886,1.68093,1.6871399999999999,7440,0,44
2022-09-26T00:00:00Z,1.68713,1.70777,1.67662,1.69797,148586,0,44
2022-09-27T00:00:00Z,1.6979899999999999,1.7055,1.68563,1.7039900000000001,122984,0,44
2022-09-28T00:00:00Z,1.70404,1.7161300000000002,1.69307,1.69809,148822,0,44
2022-09-29T00:00:00Z,1.69807,1.72009,1.6972,1.71187,132904,0,44
2022-09-30T00:00:00Z,1.71191,1.7531400000000001,1.71096,1.7500900000000001,130192,0,44
2022-10-02T00:00:00Z,1.7477399999999998,1.74917,1.74176,1.74226,5825,0,44
2022-10-03T00:00:00Z,1.7422499999999999,1.74447,1.71314,1.71882,113809,0,44
2022-10-04T00:00:00Z,1.71882,1.74563,1.71379,1.7401200000000001,121976,0,44
2022-10-05T00:00:00Z,1.7401200000000001,1.74335,1.7128299999999999,1.71574,120243,0,44
2022-10-06T00:00:00Z,1.71574,1.73657,1.70697,1.72911,121964,0,44
2022-10-07T00:00:00Z,1.72922,1.7393100000000001,1.72583,1.73685,107417,0,44
2022-10-09T00:00:00Z,1.73437,1.73949,1.73414,1.73583,5883,0,44
2022-10-10T00:00:00Z,1.73583,1.7476500000000001,1.73041,1.7424300000000001,101363,0,44
2022-10-11T00:00:00Z,1.7424300000000001,1.74789,1.72748,1.73742,125745,0,44
2022-10-12T00:00:00Z,1.73738,1.74196,1.72261,1.72973,121010,0,44
2022-10-13T00:00:00Z,1.72981,1.74902,1.72613,1.73297,120321,0,44
2022-10-14T00:00:00Z,1.7330100000000002,1.7507899999999998,1.7233100000000001,1.74809,127248,0,44
2022-10-16T00:00:00Z,1.74472,1.74886,1.74349,1.7465899999999999,6240,0,44
2022-10-17T00:00:00Z,1.7466300000000001,1.7547700000000002,1.73516,1.74,105378,0,44
2022-10-18T00:00:00Z,1.74011,1.7412,1.72179,1.73207,118018,0,44
2022-10-19T00:00:00Z,1.73213,1.7327,1.7191999999999998,1.72489,108467,0,44
2022-10-20T00:00:00Z,1.7248999999999999,1.7351100000000002,1.71228,1.725,112967,0,44
2022-10-21T00:00:00Z,1.725,1.7351,1.70972,1.71261,111548,0,44
2022-10-23T00:00:00Z,1.70736,1.71231,1.70567,1.7111800000000001,12836,0,44
2022-10-24T00:00:00Z,1.7111800000000001,1.74244,1.70817,1.73271,122199,0,44
2022-10-25T00:00:00Z,1.73271,1.73996,1.7256,1.73478,112027,0,44
2022-10-26T00:00:00Z,1.7347299999999999,1.73734,1.72312,1.72769,125473,0,44
2022-10-27T00:00:00Z,1.72769,1.73335,1.70166,1.71013,122180,0,44
2022-10-28T00:00:00Z,1.7101,1.72072,1.70077,1.7130100000000001,108339,0,44
2022-10-30T00:00:00Z,1.7153100000000001,1.71614,1.7105700000000001,1.71585,6021,0,44
2022-10-31T00:00:00Z,1.71585,1.71726,1.69621,1.69711,91984,0,44
2022-11-01T00:00:00Z,1.69711,1.69862,1.68498,1.68902,110828,0,44
2022-11-02T00:00:00Z,1.68902,1.69214,1.67693,1.6881599999999999,104985,0,44
2022-11-03T00:00:00Z,1.6881599999999999,1.6966700000000001,1.68362,1.69002,102464,0,44
2022-11-04T00:00:00Z,1.69002,1.69384,1.6733799999999999,1.67811,112325,0,44
2022-11-06T00:00:00Z,1.6854,1.6899,1.68079,1.68439,7443,0,44
2022-11-07T00:00:00Z,1.68439,1.69075,1.68168,1.68652,104483,0,44
2022-11-08T00:00:00Z,1.68652,1.69336,1.68079,1.69049,97268,0,44
2022-11-09T00:00:00Z,1.69048,1.7043599999999999,1.68974,1.70209,115848,0,44
2022-11-10T00:00:00Z,1.70211,1.7111100000000001,1.68676,1.69355,121651,0,44
2022-11-11T00:00:00Z,1.69354,1.7042199999999998,1.68963,1.69109,119595,0,44
2022-11-13T00:00:00Z,1.6929400000000001,1.70068,1.6902,1.69211,6134,0,44
2022-11-14T00:00:00Z,1.6921,1.69807,1.6893099999999999,1.6943899999999998,113297,0,44
2022-11-15T00:00:00Z,1.6943899999999998,1.69564,1.67543,1.67996,134149,0,44
2022-11-16T00:00:00Z,1.67996,1.69289,1.6793900000000002,1.6899199999999999,122461,0,44
2022-11-17T00:00:00Z,1.68993,1.70153,1.6864400000000002,1.69085,112133,0,44
2022-11-18T00:00:00Z,1.69086,1.69086,1.67273,1.6772399999999998,89957,0,44
2022-11-20T00:00:00Z,1.67248,1.67743,1.67248,1.67546,3829,0,44
2022-11-21T00:00:00Z,1.67546,1.68153,1.6717300000000002,1.67995,93493,0,44
2022-11-22T00:00:00Z,1.67995,1.6801,1.6672500000000001,1.67474,79439,0,44
2022-11-23T00:00:00Z,1.67474,1.67863,1.66168,1.66574,100038,0,44
2022-11-24T00:00:00Z,1.66575,1.66947,1.6572200000000001,1.66257,72482,0,44
2022-11-25T00:00:00Z,1.66257,1.66953,1.6588,1.66022,78695,0,44
2022-11-27T00:00:00Z,1.66631,1.6688800000000001,1.66369,1.6674799999999999,4074,0,44
2022-11-28T00:00:00Z,1.66747,1.68445,1.6660300000000001,1.67793,95912,0,44
2022-11-29T00:00:00Z,1.67793,1.6783299999999999,1.65976,1.66601,109472,0,44
2022-11-30T00:00:00Z,1.66602,1.66903,1.6489500000000001,1.65073,117877,0,44
2022-12-01T00:00:00Z,1.65073,1.65297,1.64144,1.6529,123708,0,44
2022-12-02T00:00:00Z,1.6529,1.6539899999999998,1.6403699999999999,1.64405,99469,0,44
2022-12-04T00:00:00Z,1.64778,1.64937,1.64569,1.64632,5518,0,44
2022-12-05T00:00:00Z,1.64632,1.66544,1.64205,1.6598600000000001,92178,0,44
2022-12-06T00:00:00Z,1.6598600000000001,1.66383,1.65267,1.6551,94302,0,44
2022-12-07T00:00:00Z,1.6551,1.66096,1.6474600000000001,1.6545100000000001,100163,0,44
2022-12-08T00:00:00Z,1.6545100000000001,1.65892,1.6490399999999998,1.65518,85052,0,44
2022-12-09T00:00:00Z,1.65515,1.65808,1.63747,1.63889,84879,0,44
2022-12-11T00:00:00Z,1.6402700000000001,1.6459000000000001,1.6400299999999999,1.6458599999999999,2736,0,44
2022-12-12T00:00:00Z,1.64585,1.65495,1.64324,1.6503,73766,0,44
2022-12-13T00:00:00Z,1.6503,1.65236,1.63484,1.64632,102942,0,44
2022-12-14T00:00:00Z,1.64634,1.66039,1.64535,1.65423,103046,0,44
2022-12-15T00:00:00Z,1.65423,1.67922,1.6513,1.6770800000000001,103127,0,44
2022-12-16T00:00:00Z,1.6770800000000001,1.67713,1.6579000000000002,1.65854,90065,0,44
2022-12-18T00:00:00Z,1.65869,1.66125,1.6563400000000001,1.6611500000000001,3579,0,44
2022-12-19T00:00:00Z,1.6611500000000001,1.6694499999999999,1.6572900000000002,1.66808,83637,0,44
2022-12-20T00:00:00Z,1.66808,1.68302,1.66425,1.67476,118141,0,44
2022-12-21T00:00:00Z,1.67476,1.69058,1.67382,1.68715,90690,0,44
2022-12-22T00:00:00Z,1.68715,1.6983000000000001,1.68032,1.69596,88546,0,44
2022-12-23T00:00:00Z,1.69594,1.69915,1.6842000000000001,1.6885,89126,0,44
2022-12-25T00:00:00Z,1.69085,1.6916799999999999,1.68742,1.68851,828,0,581
2022-12-26T00:00:00Z,1.68851,1.69863,1.6838199999999999,1.68699,35571,0,44
2022-12-27T00:00:00Z,1.68699,1.6971500000000002,1.68468,1.69544,73721,0,44
2022-12-28T00:00:00Z,1.6954500000000001,1.69944,1.67618,1.6823000000000001,77760,0,44
2022-12-29T00:00:00Z,1.6823000000000001,1.6898300000000002,1.6729,1.6801,74874,0,44
2022-12-30T00:00:00Z,1.6801,1.6903000000000001,1.67773,1.6846299999999998,78131,0,44
2023-01-02T00:00:00Z,1.68269,1.6897600000000002,1.67847,1.6874799999999999,24262,0,44
2023-01-03T00:00:00Z,1.6875,1.69719,1.67788,1.6880899999999999,112681,0,44
2023-01-04T00:00:00Z,1.68808,1.68934,1.67146,1.6875200000000001,112272,0,44
2023-01-05T00:00:00Z,1.6874500000000001,1.69379,1.68105,1.68941,103134,0,44
2023-01-06T00:00:00Z,1.68941,1.6944599999999999,1.6738300000000002,1.6768100000000001,100040,0,44
2023-01-08T00:00:00Z,1.67741,1.6787100000000001,1.67226,1.67621,4388,0,44
2023-01-09T00:00:00Z,1.67621,1.68594,1.66717,1.6850399999999999,102547,0,44
2023-01-10T00:00:00Z,1.68502,1.68906,1.68114,1.68525,96412,0,44
2023-01-11T00:00:00Z,1.68525,1.69729,1.68289,1.69066,87753,0,44
2023-01-12T00:00:00Z,1.69066,1.70076,1.6871399999999999,1.7000600000000001,102298,0,44
2023-01-13T00:00:00Z,1.7000899999999999,1.70381,1.6920199999999999,1.69611,96506,0,44
2023-01-15T00:00:00Z,1.69585,1.6981000000000002,1.6919499999999998,1.69554,3478,0,44
2023-01-16T00:00:00Z,1.69551,1.6978900000000001,1.69063,1.69475,75390,0,44
2023-01-17T00:00:00Z,1.69475,1.6978499999999999,1.6758899999999999,1.67716,111253,0,44
2023-01-18T00:00:00Z,1.67716,1.6799,1.6662400000000002,1.67531,126704,0,44
2023-01-19T00:00:00Z,1.67531,1.69821,1.6741899999999998,1.69406,108645,0,44
2023-01-20T00:00:00Z,1.69406,1.69438,1.67583,1.67689,91720,0,44
2023-01-22T00:00:00Z,1.6777199999999999,1.68048,1.6736,1.6742599999999999,3619,0,44
2023-01-23T00:00:00Z,1.67422,1.6870699999999998,1.67341,1.67499,88983,0,44
2023-01-24T00:00:00Z,1.67499,1.6804299999999999,1.66806,1.67649,87660,0,44
2023-01-25T00:00:00Z,1.67639,1.68839,1.67485,1.68484,96280,0,44
2023-01-26T00:00:00Z,1.68484,1.6858300000000002,1.6754099999999998,1.67836,91350,0,44
2023-01-27T00:00:00Z,1.67836,1.67944,1.67145,1.67249,84110,0,44
2023-01-29T00:00:00Z,1.67371,1.6754799999999999,1.67323,1.67449,3057,0,44
2023-01-30T00:00:00Z,1.67448,1.6815600000000002,1.67149,1.67727,91935,0,44
2023-01-31T00:00:00Z,1.67733,1.68991,1.67587,1.68692,96709,0,44
2023-02-01T00:00:00Z,1.68692,1.69768,1.6858300000000002,1.6901899999999999,100203,0,44
2023-02-02T00:00:00Z,1.6901899999999999,1.69123,1.6755499999999999,1.6841,113525,0,44
2023-02-03T00:00:00Z,1.6841,1.70791,1.68123,1.70514,99892,0,44
2023-02-05T00:00:00Z,1.7072,1.70961,1.70416,1.7054200000000002,4751,0,44
2023-02-06T00:00:00Z,1.7054399999999998,1.71063,1.69971,1.7005599999999998,93432,0,44
2023-02-07T00:00:00Z,1.7005599999999998,1.70137,1.6905700000000001,1.69718,108009,0,44
2023-02-08T00:00:00Z,1.6972,1.7023899999999998,1.69431,1.69687,90342,0,44
2023-02-09T00:00:00Z,1.69687,1.69906,1.68632,1.6973799999999999,87720,0,44
2023-02-10T00:00:00Z,1.6973799999999999,1.70107,1.6867299999999998,1.6917499999999999,92585,0,44
2023-02-12T00:00:00Z,1.69042,1.6928999999999998,1.6903000000000001,1.69151,3070,0,44
2023-02-13T00:00:00Z,1.69151,1.69434,1.68288,1.68708,71329,0,44
2023-02-14T00:00:00Z,1.6870699999999998,1.70148,1.68556,1.69452,99042,0,44
2023-02-15T00:00:00Z,1.69448,1.70893,1.69445,1.7025700000000001,94536,0,44
2023-02-16T00:00:00Z,1.70259,1.70933,1.69672,1.7075900000000002,95757,0,44
2023-02-17T00:00:00Z,1.70769,1.71658,1.70606,1.71212,86861,0,44
2023-02-19T00:00:00Z,1.71238,1.71435,1.71177,1.7132,2455,0,44
2023-02-20T00:00:00Z,1.7132,1.71685,1.70566,1.70705,56301,0,44
2023-02-21T00:00:00Z,1.70705,1.7175,1.7040199999999999,1.7132,95661,0,44
2023-02-22T00:00:00Z,1.7132,1.7165,1.70258,1.70396,95977,0,44
2023-02-23T00:00:00Z,1.70396,1.7061899999999999,1.69745,1.70079,88184,0,44
2023-02-24T00:00:00Z,1.70078,1.7137099999999998,1.69811,1.70893,91934,0,44
2023-02-26T00:00:00Z,1.70953,1.71228,1.70882,1.71196,2856,0,44
2023-02-27T00:00:00Z,1.71196,1.72116,1.71008,1.721,80470,0,44
2023-02-28T00:00:00Z,1.721,1.72872,1.70825,1.70946,83966,0,44
2023-03-01T00:00:00Z,1.70946,1.7135799999999999,1.69996,1.7057799999999999,98232,0,44
2023-03-02T00:00:00Z,1.7057799999999999,1.71088,1.69763,1.70387,89615,0,44
2023-03-03T00:00:00Z,1.7038799999999998,1.7106,1.70085,1.70853,73513,0,44
2023-03-05T00:00:00Z,1.7072,1.7112699999999998,1.7072,1.71121,2946,0,44
2023-03-06T00:00:00Z,1.71121,1.7274699999999998,1.7090999999999998,1.72389,74504,0,44
2023-03-07T00:00:00Z,1.72389,1.728,1.71661,1.72603,95265,0,44
2023-03-08T00:00:00Z,1.72601,1.7303600000000001,1.7210999999999999,1.7251400000000001,85390,0,44
2023-03-09T00:00:00Z,1.7251699999999999,1.73666,1.7195399999999998,1.73487,77868,0,44
2023-03-10T00:00:00Z,1.7348599999999998,1.73769,1.72593,1.7335,118759,0,44
2023-03-12T00:00:00Z,1.73614,1.74122,1.73228,1.73385,10113,0,44
2023-03-13T00:00:00Z,1.73394,1.73763,1.71252,1.72546,152396,0,44
2023-03-14T00:00:00Z,1.72545,1.7276,1.71437,1.7217500000000001,122723,0,44
2023-03-15T00:00:00Z,1.7217500000000001,1.73041,1.69691,1.7172,136294,0,44
2023-03-16T00:00:00Z,1.7172399999999999,1.72488,1.70872,1.7105700000000001,119552,0,44
2023-03-17T00:00:00Z,1.71058,1.71372,1.69892,1.70038,94404,0,44
2023-03-19T00:00:00Z,1.6983899999999998,1.70272,1.6974399999999998,1.70256,6903,0,44
2023-03-20T00:00:00Z,1.70258,1.71822,1.7006700000000001,1.71705,110345,0,44
2023-03-21T00:00:00Z,1.71705,1.7457099999999999,1.7167400000000002,1.73936,83662,0,44
2023-03-22T00:00:00Z,1.7393800000000001,1.74621,1.72995,1.74443,88305,0,44
2023-03-23T00:00:00Z,1.74448,1.74579,1.7297799999999999,1.7343600000000001,91762,0,44
2023-03-24T00:00:00Z,1.7343600000000001,1.7375500000000001,1.72703,1.73406,87063,0,44
2023-03-26T00:00:00Z,1.73342,1.73738,1.73316,1.73526,4122,0,44
2023-03-27T00:00:00Z,1.73526,1.74531,1.73295,1.74203,65975,0,44
2023-03-28T00:00:00Z,1.74203,1.7423199999999999,1.7322,1.73319,62720,0,44
2023-03-29T00:00:00Z,1.73312,1.74384,1.72816,1.7434500000000002,63954,0,44
2023-03-30T00:00:00Z,1.7435100000000001,1.74909,1.73474,1.73915,64024,0,44
2023-03-31T00:00:00Z,1.73907,1.7420900000000001,1.73281,1.73291,67056,0,44
2023-04-02T00:00:00Z,1.73074,1.73664,1.7305700000000002,1.7353800000000001,5444,0,44
2023-04-03T00:00:00Z,1.7353800000000001,1.7398500000000001,1.7264599999999999,1.73112,72763,0,44
2023-04-04T00:00:00Z,1.73101,1.7403499999999998,1.72662,1.7346,74584,0,44
2023-04-05T00:00:00Z,1.73469,1.7399200000000001,1.71709,1.7256399999999998,77705,0,44
2023-04-06T00:00:00Z,1.72565,1.74959,1.7249400000000001,1.7483,63459,0,44
2023-04-07T00:00:00Z,1.7482799999999998,1.7522799999999998,1.73883,1.73957,38847,0,44
2023-04-09T00:00:00Z,1.7412999999999998,1.74572,1.7412800000000002,1.74468,3270,0,44
2023-04-10T00:00:00Z,1.74468,1.75136,1.7418900000000002,1.74531,54014,0,44
2023-04-11T00:00:00Z,1.7453699999999999,1.76429,1.74438,1.76221,64697,0,44
2023-04-12T00:00:00Z,1.76219,1.76989,1.7588,1.76845,74300,0,44
2023-04-13T00:00:00Z,1.76843,1.7722,1.75058,1.75322,71052,0,44
2023-04-14T00:00:00Z,1.75327,1.77191,1.75162,1.7693699999999999,72506,0,44
2023-04-16T00:00:00Z,1.77026,1.77182,1.76796,1.77098,2741,0,44
2023-04-17T00:00:00Z,1.77098,1.7738800000000001,1.76281,1.7671299999999999,66778,0,44
2023-04-18T00:00:00Z,1.7671299999999999,1.76874,1.76224,1.7658800000000001,63439,0,44
2023-04-19T00:00:00Z,1.7658800000000001,1.7784900000000001,1.7612700000000001,1.77701,61956,0,35
2023-04-20T00:00:00Z,1.77699,1.78145,1.77043,1.77501,58254,0,44
2023-04-21T00:00:00Z,1.77508,1.79204,1.77503,1.78965,56320,0,44
2023-04-23T00:00:00Z,1.78782,1.79127,1.7877,1.7896999999999998,2154,0,44
2023-04-24T00:00:00Z,1.78972,1.79602,1.7861799999999999,1.79036,53257,0,44
2023-04-25T00:00:00Z,1.7904200000000001,1.79295,1.78504,1.78583,62117,0,44
2023-04-26T00:00:00Z,1.78583,1.80811,1.7848000000000002,1.80454,73282,0,44
2023-04-27T00:00:00Z,1.80454,1.8061099999999999,1.79177,1.79488,67372,0,44
2023-04-28T00:00:00Z,1.79488,1.7969300000000001,1.78025,1.78132,73412,0,44
2023-04-30T00:00:00Z,1.7824,1.78409,1.77934,1.78403,3885,0,44
2023-05-01T00:00:00Z,1.78402,1.78479,1.77645,1.77928,55053,0,44
2023-05-02T00:00:00Z,1.77928,1.78002,1.76337,1.76867,69611,0,44
2023-05-03T00:00:00Z,1.76867,1.78376,1.76382,1.78261,73093,0,44
2023-05-04T00:00:00Z,1.78261,1.78305,1.75037,1.7522,79313,0,44
2023-05-05T00:00:00Z,1.7521499999999999,1.75312,1.74699,1.74932,59523,0,44
2023-05-07T00:00:00Z,1.7488299999999999,1.7508599999999999,1.7477399999999998,1.74916,2594,0,44
2023-05-08T00:00:00Z,1.74918,1.7513,1.73273,1.73521,53887,0,44
2023-05-09T00:00:00Z,1.73515,1.73795,1.72786,1.72974,59744,0,44
2023-05-10T00:00:00Z,1.72972,1.73305,1.72215,1.72387,72418,0,44
2023-05-11T00:00:00Z,1.72386,1.73456,1.72008,1.73379,74647,0,44
2023-05-12T00:00:00Z,1.73379,1.75555,1.73263,1.7513,64107,0,44
2023-05-14T00:00:00Z,1.75081,1.75272,1.7500900000000001,1.75155,3092,0,44
2023-05-15T00:00:00Z,1.7515800000000001,1.75324,1.74031,1.74132,59235,0,44
2023-05-16T00:00:00Z,1.74132,1.74535,1.7388400000000002,1.74211,65150,0,44
2023-05-17T00:00:00Z,1.74211,1.74339,1.7267700000000001,1.73517,68683,0,44
2023-05-18T00:00:00Z,1.73514,1.7376399999999999,1.72579,1.72773,64970,0,44
2023-05-19T00:00:00Z,1.72773,1.72847,1.7165599999999999,1.72089,70564,0,44
2023-05-21T00:00:00Z,1.7221,1.72525,1.72096,1.72224,3068,0,44
2023-05-22T00:00:00Z,1.72224,1.72552,1.71638,1.7196799999999999,70919,0,44
2023-05-23T00:00:00Z,1.7197,1.72724,1.71654,1.72313,71760,0,44
2023-05-24T00:00:00Z,1.72313,1.76438,1.7217099999999999,1.7618200000000002,85110,0,44
2023-05-25T00:00:00Z,1.76186,1.7735699999999999,1.75943,1.7713,74647,0,44
2023-05-26T00:00:00Z,1.7713,1.7752599999999998,1.7629899999999998,1.77191,69058,0,44
2023-05-28T00:00:00Z,1.77017,1.77311,1.76987,1.7703799999999998,3612,0,44
2023-05-29T00:00:00Z,1.7703799999999998,1.77491,1.76337,1.77125,39277,0,44
2023-05-30T00:00:00Z,1.77125,1.77618,1.7663600000000002,1.7748300000000001,74904,0,44
2023-05-31T00:00:00Z,1.7748300000000001,1.78362,1.77247,1.77519,84994,0,44
2023-06-01T00:00:00Z,1.77522,1.7816800000000002,1.76831,1.77419,77156,0,44
2023-06-02T00:00:00Z,1.7742499999999999,1.7757100000000001,1.7624,1.7664,69754,0,44
2023-06-04T00:00:00Z,1.76185,1.7687300000000001,1.76105,1.76585,3246,0,44
2023-06-05T00:00:00Z,1.76589,1.76847,1.76047,1.7643,66204,0,44
2023-06-06T00:00:00Z,1.76427,1.76522,1.75675,1.75971,66177,0,44
2023-06-07T00:00:00Z,1.75972,1.7734299999999998,1.75715,1.772,69797,0,44
2023-06-08T00:00:00Z,1.772,1.77224,1.76201,1.76919,65905,0,44
2023-06-09T00:00:00Z,1.7692299999999999,1.7706300000000001,1.75224,1.7523499999999999,74453,0,44
2023-06-11T00:00:00Z,1.75268,1.7548599999999999,1.75087,1.75349,5743,0,44
2023-06-12T00:00:00Z,1.7534999999999998,1.76072,1.75146,1.75611,115362,0,44
2023-06-13T00:00:00Z,1.7561200000000001,1.7639399999999998,1.74958,1.75122,133162,0,44
2023-06-14T00:00:00Z,1.7511999999999999,1.75557,1.7393399999999999,1.74932,134669,0,44
2023-06-15T00:00:00Z,1.74932,1.7624,1.74497,1.75541,119834,0,44
2023-06-16T00:00:00Z,1.75541,1.76284,1.75101,1.75101,123804,0,44
2023-06-18T00:00:00Z,1.7517399999999999,1.75668,1.7500900000000001,1.75573,11002,0,44
2023-06-19T00:00:00Z,1.7557399999999999,1.764,1.75385,1.76136,104520,0,44
2023-06-20T00:00:00Z,1.76136,1.77668,1.7595800000000001,1.77062,149000,0,44
2023-06-21T00:00:00Z,1.7706300000000001,1.77331,1.76254,1.77085,151817,0,44
2023-06-22T00:00:00Z,1.7708599999999999,1.77546,1.76736,1.77216,146188,0,44
2023-06-23T00:00:00Z,1.77216,1.78108,1.7663799999999998,1.77245,138606,0,44
2023-06-25T00:00:00Z,1.77227,1.77437,1.77095,1.77372,8530,0,44
2023-06-26T00:00:00Z,1.77371,1.77603,1.7658399999999999,1.7701,138421,0,44
2023-06-27T00:00:00Z,1.7701,1.77975,1.7634699999999999,1.7794400000000001,148760,0,44
2023-06-28T00:00:00Z,1.77945,1.80056,1.7792,1.79697,146538,0,44
2023-06-29T00:00:00Z,1.79696,1.79752,1.78673,1.79168,149296,0,44
2023-06-30T00:00:00Z,1.79168,1.79312,1.7753,1.77536,139125,0,44
2023-07-02T00:00:00Z,1.7749899999999998,1.77921,1.7749000000000001,1.77896,5562,0,44
2023-07-03T00:00:00Z,1.77895,1.7792599999999998,1.76738,1.77254,131449,0,44
2023-07-04T00:00:00Z,1.7725499999999998,1.77516,1.75412,1.75573,100824,0,44
2023-07-05T00:00:00Z,1.75573,1.76163,1.75105,1.7571400000000001,133027,0,44
2023-07-06T00:00:00Z,1.75716,1.7690000000000001,1.74777,1.76716,151758,0,44
2023-07-07T00:00:00Z,1.7671700000000001,1.7696399999999999,1.7585600000000001,1.76416,137913,0,44
2023-07-09T00:00:00Z,1.76214,1.76787,1.7621,1.76701,7301,0,44
2023-07-10T00:00:00Z,1.76702,1.7747000000000002,1.76443,1.77321,134613,0,44
2023-07-11T00:00:00Z,1.77324,1.78077,1.76879,1.77679,143205,0,44
2023-07-12T00:00:00Z,1.7768000000000002,1.7823799999999999,1.76458,1.76692,156821,0,44
2023-07-13T00:00:00Z,1.76691,1.76786,1.7502499999999999,1.75575,155967,0,44
2023-07-14T00:00:00Z,1.75575,1.7635800000000001,1.7523900000000001,1.76065,141823,0,44
2023-07-16T00:00:00Z,1.76126,1.76449,1.75901,1.76373,7706,0,44
2023-07-17T00:00:00Z,1.76373,1.7778100000000001,1.76364,1.77758,123828,0,44
2023-07-18T00:00:00Z,1.77759,1.7930700000000002,1.77362,1.7835800000000002,151934,0,44
2023-07-19T00:00:00Z,1.78359,1.79947,1.7822200000000001,1.78899,154420,0,44
2023-07-20T00:00:00Z,1.78898,1.79089,1.7794400000000001,1.78687,152679,0,44
2023-07-21T00:00:00Z,1.78687,1.8048899999999999,1.78578,1.80202,134343,0,44
2023-07-23T00:00:00Z,1.79762,1.80506,1.79762,1.80362,8774,0,44
2023-07-24T00:00:00Z,1.80361,1.80686,1.77793,1.78442,154466,0,44
2023-07-25T00:00:00Z,1.78442,1.7872,1.7732299999999999,1.77765,145220,0,43
2023-07-26T00:00:00Z,1.77765,1.78566,1.77588,1.78321,160349,0,44
2023-07-27T00:00:00Z,1.78321,1.78583,1.76856,1.77385,174276,0,44
2023-07-28T00:00:00Z,1.77385,1.79209,1.77385,1.7877100000000001,175177,0,44
2023-07-30T00:00:00Z,1.7893599999999998,1.7911299999999999,1.78468,1.7897699999999999,9681,0,44
2023-07-31T00:00:00Z,1.78976,1.79073,1.76581,1.77252,148643,0,44
2023-08-01T00:00:00Z,1.7725300000000002,1.79399,1.76902,1.79267,154167,0,44
2023-08-02T00:00:00Z,1.79267,1.8020800000000001,1.7911700000000002,1.79799,159575,0,44
2023-08-03T00:00:00Z,1.79799,1.80395,1.79667,1.80043,162804,0,44
2023-08-04T00:00:00Z,1.8004,1.80695,1.79552,1.80248,146320,0,44
2023-08-06T00:00:00Z,1.80469,1.80572,1.80305,1.8036699999999999,9603,0,44
2023-08-07T00:00:00Z,1.8036699999999999,1.8051,1.7977400000000001,1.80159,129401,0,44
2023-08-08T00:00:00Z,1.80157,1.81426,1.8002,1.80899,149648,0,44
2023-08-09T00:00:00Z,1.8090000000000002,1.81601,1.80095,1.81086,132636,0,44
2023-08-10T00:00:00Z,1.8109600000000001,1.82653,1.80765,1.82653,152593,0,44
2023-08-11T00:00:00Z,1.8265099999999999,1.83281,1.82444,1.82763,136238,0,44
2023-08-13T00:00:00Z,1.82537,1.82889,1.8248,1.82874,7813,0,44
2023-08-14T00:00:00Z,1.8287499999999999,1.83594,1.81959,1.82573,147652,0,44
2023-08-15T00:00:00Z,1.82573,1.8338700000000001,1.82038,1.8302800000000001,163269,0,44
2023-08-16T00:00:00Z,1.83027,1.83753,1.82263,1.83319,155857,0,44
2023-08-17T00:00:00Z,1.83317,1.83974,1.82744,1.8349600000000001,159460,0,44
2023-08-18T00:00:00Z,1.83497,1.8378,1.82932,1.8336700000000001,150533,0,44
2023-08-20T00:00:00Z,1.8306900000000002,1.83586,1.8296700000000001,1.83479,8190,0,44
2023-08-21T00:00:00Z,1.8348,1.8460100000000002,1.8334000000000001,1.83778,141817,0,44
2023-08-22T00:00:00Z,1.83777,1.8401399999999999,1.81986,1.8258299999999998,144578,0,44
2023-08-23T00:00:00Z,1.82582,1.82733,1.81411,1.81855,150365,0,44
2023-08-24T00:00:00Z,1.81856,1.82931,1.8181,1.82416,145975,0,44
2023-08-25T00:00:00Z,1.82417,1.83037,1.8217400000000001,1.8262800000000001,142604,0,44
2023-08-27T00:00:00Z,1.8266499999999999,1.8285,1.82588,1.82673,8370,0,44
2023-08-28T00:00:00Z,1.8267,1.83337,1.82152,1.83232,127674,0,44
2023-08-29T00:00:00Z,1.83232,1.8336000000000001,1.81963,1.8213599999999999,147739,0,44
2023-08-30T00:00:00Z,1.8213599999999999,1.8375599999999999,1.82035,1.83545,149556,0,44
2023-08-31T00:00:00Z,1.8354599999999999,1.8361399999999999,1.81376,1.8147799999999998,146976,0,44
2023-09-01T00:00:00Z,1.8147799999999998,1.82253,1.80829,1.81075,139026,0,44
2023-09-03T00:00:00Z,1.81163,1.81406,1.81012,1.81318,8525,0,44
2023-09-04T00:00:00Z,1.81319,1.8186900000000001,1.8094999999999999,1.81765,94230,0,44
2023-09-05T00:00:00Z,1.8176299999999999,1.8317999999999999,1.81699,1.82261,142662,0,44
2023-09-06T00:00:00Z,1.82261,1.82835,1.8180399999999999,1.8265500000000001,145479,0,44
2023-09-07T00:00:00Z,1.8265500000000001,1.82932,1.81487,1.81961,137239,0,44
2023-09-08T00:00:00Z,1.8195999999999999,1.8208600000000001,1.80978,1.81742,122660,0,44
2023-09-10T00:00:00Z,1.81745,1.8185,1.8146200000000001,1.81609,11035,0,44
2023-09-11T00:00:00Z,1.81608,1.81671,1.8086,1.81667,140745,0,44
2023-09-12T00:00:00Z,1.8166799999999999,1.82261,1.8111899999999999,1.81956,128726,0,44
2023-09-13T00:00:00Z,1.81956,1.8252199999999998,1.8107,1.81281,148208,0,44
2023-09-14T00:00:00Z,1.8128199999999999,1.81399,1.7973599999999998,1.8014700000000001,150671,0,44
2023-09-15T00:00:00Z,1.8014700000000001,1.80851,1.79428,1.80567,141596,0,44
2023-09-17T00:00:00Z,1.80374,1.8078699999999999,1.80241,1.8064200000000001,6022,0,44
2023-09-18T00:00:00Z,1.80644,1.8082,1.80203,1.80578,116893,0,44
2023-09-19T00:00:00Z,1.80578,1.80689,1.79379,1.79507,130306,0,44
2023-09-20T00:00:00Z,1.7950599999999999,1.80083,1.78878,1.79759,154042,0,44
2023-09-21T00:00:00Z,1.79758,1.80349,1.7942399999999998,1.7972000000000001,151411,0,44
2023-09-22T00:00:00Z,1.79715,1.79922,1.77922,1.78426,135742,0,44
2023-09-24T00:00:00Z,1.7845499999999999,1.78791,1.7830599999999999,1.78757,10502,0,44
2023-09-25T00:00:00Z,1.78756,1.79062,1.77261,1.77488,133712,0,44
2023-09-26T00:00:00Z,1.7749000000000001,1.78086,1.77213,1.7768899999999999,145128,0,44
2023-09-27T00:00:00Z,1.77688,1.78273,1.7677800000000001,1.77564,161841,0,44
2023-09-28T00:00:00Z,1.77566,1.77606,1.7659099999999999,1.77082,164323,0,44
2023-09-29T00:00:00Z,1.77081,1.77143,1.75404,1.76138,162750,0,44
2023-10-01T00:00:00Z,1.76349,1.7636500000000002,1.75929,1.76172,12564,0,44
2023-10-02T00:00:00Z,1.7617,1.76654,1.75762,1.76389,152162,0,44
2023-10-03T00:00:00Z,1.76389,1.77891,1.76265,1.77028,165694,0,44
2023-10-04T00:00:00Z,1.7703799999999998,1.78212,1.76674,1.77512,169084,0,44
2023-10-05T00:00:00Z,1.7750599999999999,1.7765900000000001,1.76573,1.7673299999999998,166934,0,44
2023-10-06T00:00:00Z,1.7673299999999998,1.77279,1.76463,1.76565,164237,0,44
2023-10-08T00:00:00Z,1.76692,1.7704,1.7654800000000002,1.76909,14821,0,44
2023-10-09T00:00:00Z,1.76912,1.76942,1.75259,1.75381,149374,0,44
2023-10-10T00:00:00Z,1.7538399999999998,1.7631700000000001,1.7500499999999999,1.75514,166544,0,44
2023-10-11T00:00:00Z,1.75516,1.7653699999999999,1.75255,1.76479,156078,0,44
2023-10-12T00:00:00Z,1.76479,1.7793999999999999,1.76319,1.7793299999999999,146666,0,44
2023-10-13T00:00:00Z,1.7793299999999999,1.78585,1.7772700000000001,1.7835800000000002,151173,0,44
2023-10-15T00:00:00Z,1.7747600000000001,1.78311,1.7741500000000001,1.78111,10620,0,44
2023-10-16T00:00:00Z,1.78111,1.78928,1.77491,1.78851,137374,0,44
2023-10-17T00:00:00Z,1.78851,1.79582,1.7841900000000002,1.79339,144780,0,44
2023-10-18T00:00:00Z,1.7934,1.8008600000000001,1.7879800000000001,1.80006,158091,0,44
2023-10-19T00:00:00Z,1.8000500000000001,1.81375,1.7988499999999998,1.81231,170205,0,44
2023-10-20T00:00:00Z,1.8123,1.81935,1.81148,1.81671,142856,0,44
2023-10-22T00:00:00Z,1.8158699999999999,1.81789,1.81332,1.81658,7815,0,44
2023-10-23T00:00:00Z,1.81656,1.82507,1.81394,1.8234599999999999,136475,0,44
2023-10-24T00:00:00Z,1.82347,1.82504,1.80898,1.81195,146586,0,44
2023-10-25T00:00:00Z,1.81195,1.8257400000000001,1.80518,1.8241399999999999,149049,0,44
2023-10-26T00:00:00Z,1.82415,1.82649,1.8101,1.81246,161473,0,44
2023-10-27T00:00:00Z,1.8124500000000001,1.82008,1.8091,1.81711,138974,0,44
2023-10-29T00:00:00Z,1.8166799999999999,1.81927,1.81527,1.81833,10015,0,44
2023-10-30T00:00:00Z,1.8183500000000001,1.8199800000000002,1.80965,1.81751,134673,0,44
2023-10-31T00:00:00Z,1.81755,1.82511,1.8096299999999998,1.8213599999999999,157041,0,44
2023-11-01T00:00:00Z,1.82137,1.8253300000000001,1.80051,1.80051,167008,0,44
2023-11-02T00:00:00Z,1.8005,1.80739,1.79685,1.80044,147914,0,44
2023-11-03T00:00:00Z,1.80043,1.80365,1.78572,1.78668,97406,0,44
2023-11-05T00:00:00Z,1.78803,1.79122,1.7876400000000001,1.78967,4282,0,44
2023-11-06T00:00:00Z,1.78967,1.79947,1.78874,1.79779,128159,0,44
2023-11-07T00:00:00Z,1.79779,1.8079100000000001,1.79333,1.80206,125523,0,44
2023-11-08T00:00:00Z,1.80207,1.81213,1.7971599999999999,1.8114599999999998,136599,0,44
2023-11-09T00:00:00Z,1.81145,1.8120500000000002,1.79915,1.81124,138278,0,44
2023-11-10T00:00:00Z,1.81124,1.8144200000000001,1.80673,1.81178,126790,0,44
2023-11-12T00:00:00Z,1.8130600000000001,1.8136700000000001,1.8101099999999999,1.81352,6063,0,44
2023-11-13T00:00:00Z,1.81355,1.82044,1.81216,1.8190300000000001,108143,0,44
2023-11-14T00:00:00Z,1.8190300000000001,1.82823,1.8084500000000001,1.8115299999999999,135362,0,44
2023-11-15T00:00:00Z,1.81151,1.81201,1.79534,1.8002799999999999,139319,0,44
2023-11-16T00:00:00Z,1.80029,1.8195299999999999,1.7999,1.8193899999999998,140998,0,44
2023-11-17T00:00:00Z,1.81938,1.8248199999999999,1.81166,1.81897,127991,0,44
2023-11-19T00:00:00Z,1.8204099999999999,1.82108,1.81731,1.81909,6628,0,44
2023-11-20T00:00:00Z,1.81907,1.82003,1.8086,1.8119399999999999,136738,0,44
2023-11-21T00:00:00Z,1.8119399999999999,1.8126,1.79972,1.8031199999999998,145210,0,44
2023-11-22T00:00:00Z,1.80311,1.81077,1.80097,1.80621,138861,0,44
2023-11-23T00:00:00Z,1.80813,1.8082500000000001,1.7990599999999999,1.80266,91366,0,44
2023-11-24T00:00:00Z,1.80266,1.80271,1.7941799999999999,1.79581,109691,0,44
2023-11-26T00:00:00Z,1.7983500000000001,1.8001399999999999,1.79647,1.80002,4582,0,44
2023-11-27T00:00:00Z,1.80003,1.80518,1.79324,1.79541,83665,0,44
2023-11-28T00:00:00Z,1.79541,1.79986,1.78908,1.79037,59719,0,44
2023-11-29T00:00:00Z,1.79039,1.7930700000000002,1.7734299999999998,1.78281,66083,0,44
2023-11-30T00:00:00Z,1.7828,1.78316,1.76506,1.76885,68208,0,44
2023-12-01T00:00:00Z,1.76886,1.77309,1.75153,1.75193,66852,0,44
2023-12-03T00:00:00Z,1.75396,1.7545899999999999,1.75099,1.75122,2671,0,44
2023-12-04T00:00:00Z,1.75123,1.75995,1.7481900000000001,1.75776,63196,0,44
2023-12-05T00:00:00Z,1.75776,1.76532,1.7557,1.7596,67296,0,44
2023-12-06T00:00:00Z,1.75957,1.75962,1.74522,1.75327,61585,0,44
2023-12-07T00:00:00Z,1.75329,1.76,1.74611,1.75116,62409,0,44
2023-12-08T00:00:00Z,1.7511700000000001,1.7584300000000002,1.74623,1.75713,70155,0,44
2023-12-10T00:00:00Z,1.75713,1.75814,1.75501,1.7576399999999999,1010,0,44
2023-12-11T00:00:00Z,1.75774,1.76265,1.7529400000000002,1.7581799999999999,58092,0,44
2023-12-12T00:00:00Z,1.75819,1.7641499999999999,1.74838,1.75936,57192,0,44
2023-12-13T00:00:00Z,1.75937,1.77258,1.75148,1.75742,61301,0,44
2023-12-14T00:00:00Z,1.75742,1.77376,1.74508,1.76901,80989,0,44
2023-12-15T00:00:00Z,1.76901,1.77318,1.7519200000000001,1.75347,59982,0,44
2023-12-17T00:00:00Z,1.75584,1.7584,1.75224,1.7543600000000001,2429,0,44
2023-12-18T00:00:00Z,1.75437,1.76079,1.7471700000000001,1.75751,52812,0,44
2023-12-19T00:00:00Z,1.75754,1.75755,1.7496399999999999,1.75203,67184,0,44
2023-12-20T00:00:00Z,1.752,1.75284,1.73813,1.7497,68990,0,44
2023-12-21T00:00:00Z,1.74969,1.75488,1.7454399999999999,1.74838,68450,0,44
2023-12-22T00:00:00Z,1.74839,1.7537099999999999,1.74559,1.74888,62264,0,44
2023-12-25T00:00:00Z,1.7443499999999998,1.74879,1.7441499999999999,1.74791,1280,0,44
2023-12-26T00:00:00Z,1.74793,1.7486899999999999,1.74221,1.74432,38567,0,44
2023-12-27T00:00:00Z,1.74434,1.7536,1.74132,1.7497500000000001,50189,0,44
2023-12-28T00:00:00Z,1.74973,1.7588,1.74356,1.74705,53339,0,44
2023-12-29T00:00:00Z,1.7470599999999998,1.7541,1.74081,1.74654,52535,0,44
2024-01-01T00:00:00Z,1.74596,1.7479200000000001,1.74393,1.74759,1618,0,44
2024-01-02T00:00:00Z,1.74759,1.7515399999999999,1.74371,1.75004,67581,0,44
2024-01-03T00:00:00Z,1.7500200000000001,1.75491,1.7459099999999999,1.7474699999999999,72767,0,44
2024-01-04T00:00:00Z,1.7474699999999999,1.75918,1.73969,1.75663,72180,0,44
2024-01-05T00:00:00Z,1.75663,1.7603,1.75034,1.75198,79073,0,44
2024-01-07T00:00:00Z,1.7522799999999998,1.75388,1.75034,1.75098,1724,0,44
2024-01-08T00:00:00Z,1.75101,1.76244,1.7478099999999999,1.75171,68904,0,44
2024-01-09T00:00:00Z,1.75171,1.75591,1.74868,1.7523,70507,0,44
2024-01-10T00:00:00Z,1.7522799999999998,1.76373,1.7497099999999999,1.76165,64042,0,44
2024-01-11T00:00:00Z,1.76167,1.76448,1.75327,1.7590400000000002,81839,0,44
2024-01-12T00:00:00Z,1.75896,1.76009,1.74922,1.75444,73143,0,44
2024-01-14T00:00:00Z,1.75116,1.75758,1.75116,1.7562,2832,0,44
2024-01-15T00:00:00Z,1.7561200000000001,1.76976,1.75579,1.76798,54724,0,44
2024-01-16T00:00:00Z,1.76797,1.7735699999999999,1.76502,1.7713100000000002,92660,0,44
2024-01-17T00:00:00Z,1.77134,1.782,1.7685,1.7804,90365,0,44
2024-01-18T00:00:00Z,1.78041,1.7823799999999999,1.77538,1.7776999999999998,84911,0,44
2024-01-19T00:00:00Z,1.77767,1.78639,1.77572,1.78118,74584,0,44
2024-01-21T00:00:00Z,1.77911,1.78178,1.77732,1.78022,2830,0,44
2024-01-22T00:00:00Z,1.78025,1.79344,1.77606,1.79078,75102,0,44
2024-01-23T00:00:00Z,1.79078,1.79102,1.77557,1.7789000000000001,80845,0,44
2024-01-24T00:00:00Z,1.7789000000000001,1.78295,1.7736,1.78128,85981,0,44
2024-01-25T00:00:00Z,1.7812999999999999,1.78232,1.76906,1.77553,85604,0,44
2024-01-26T00:00:00Z,1.7755100000000001,1.78214,1.7733400000000001,1.78178,72450,0,44
2024-01-28T00:00:00Z,1.77877,1.78139,1.7769599999999999,1.77989,2418,0,44
2024-01-29T00:00:00Z,1.77995,1.78085,1.76393,1.76617,70953,0,44
2024-01-30T00:00:00Z,1.7661799999999999,1.77406,1.7597,1.7681,78103,0,44
2024-01-31T00:00:00Z,1.76811,1.77154,1.76101,1.76721,99772,0,44
2024-02-01T00:00:00Z,1.7672400000000001,1.77702,1.76197,1.76952,102467,0,44
2024-02-02T00:00:00Z,1.76952,1.7795999999999998,1.76626,1.77848,80879,0,44
2024-02-04T00:00:00Z,1.7750599999999999,1.7803900000000001,1.77308,1.7778800000000001,3333,0,44
2024-02-05T00:00:00Z,1.77793,1.78077,1.77161,1.77435,84134,0,44
2024-02-06T00:00:00Z,1.77434,1.77525,1.76124,1.76348,85399,0,44
2024-02-07T00:00:00Z,1.7635100000000001,1.76542,1.75882,1.76364,86280,0,44
2024-02-08T00:00:00Z,1.76364,1.7692999999999999,1.76056,1.76281,81205,0,44
2024-02-09T00:00:00Z,1.7628300000000001,1.7646600000000001,1.751,1.75338,76335,0,44
2024-02-11T00:00:00Z,1.75148,1.75898,1.751,1.75618,2724,0,44
2024-02-12T00:00:00Z,1.7561900000000001,1.76187,1.75523,1.7578399999999998,72151,0,44
2024-02-13T00:00:00Z,1.75786,1.76986,1.75693,1.76768,87906,0,44
2024-02-14T00:00:00Z,1.76768,1.7696800000000001,1.75908,1.76223,82362,0,44
2024-02-15T00:00:00Z,1.76224,1.7643,1.75683,1.7627199999999998,82124,0,44
2024-02-16T00:00:00Z,1.76273,1.7672400000000001,1.75726,1.7593800000000002,79466,0,44
2024-02-18T00:00:00Z,1.7576100000000001,1.7598799999999999,1.75667,1.75766,2266,0,44
2024-02-19T00:00:00Z,1.75772,1.75773,1.75083,1.7540499999999999,55903,0,44
2024-02-20T00:00:00Z,1.75407,1.7556500000000002,1.74832,1.75261,83188,0,44
2024-02-21T00:00:00Z,1.75256,1.75298,1.74396,1.75031,80781,0,44
2024-02-22T00:00:00Z,1.75031,1.75152,1.74447,1.74749,81690,0,44
2024-02-23T00:00:00Z,1.74748,1.7502900000000001,1.74409,1.7457799999999999,68606,0,44
2024-02-25T00:00:00Z,1.74425,1.74919,1.74386,1.74908,1907,0,44
2024-02-26T00:00:00Z,1.74904,1.76004,1.74818,1.75932,74835,0,44
2024-02-27T00:00:00Z,1.75932,1.76332,1.75614,1.75704,75802,0,44
2024-02-28T00:00:00Z,1.75708,1.78111,1.75491,1.77755,84264,0,44
2024-02-29T00:00:00Z,1.77751,1.78365,1.77326,1.77495,116079,0,42
2024-03-01T00:00:00Z,1.77495,1.7773400000000001,1.7715800000000002,1.77457,118726,0,44
2024-03-03T00:00:00Z,1.7724199999999999,1.7765,1.7721200000000001,1.7762799999999999,4776,0,44
2024-03-04T00:00:00Z,1.7762799999999999,1.78207,1.77453,1.78057,113256,0,44
2024-03-05T00:00:00Z,1.78057,1.7867,1.77855,1.78314,117739,0,44
2024-03-06T00:00:00Z,1.78314,1.78678,1.77613,1.77832,127659,0,44
2024-03-07T00:00:00Z,1.77832,1.7784900000000001,1.7625,1.77225,132136,0,44
2024-03-08T00:00:00Z,1.77225,1.77644,1.7650000000000001,1.77084,140580,0,44
2024-03-10T00:00:00Z,1.76962,1.7722,1.7673100000000002,1.7706300000000001,6375,0,44
2024-03-11T00:00:00Z,1.7706300000000001,1.77434,1.76886,1.77141,123069,0,44
2024-03-12T00:00:00Z,1.7713999999999999,1.7774999999999999,1.76909,1.77683,132434,0,44
2024-03-13T00:00:00Z,1.77683,1.7788300000000001,1.7711000000000001,1.77657,122424,0,44
2024-03-14T00:00:00Z,1.77658,1.77771,1.77231,1.7769599999999999,131103,0,42
2024-03-15T00:00:00Z,1.77694,1.78967,1.77687,1.78924,112348,0,44
2024-03-17T00:00:00Z,1.7853599999999998,1.78969,1.7853599999999998,1.78777,5737,0,44
2024-03-18T00:00:00Z,1.78775,1.78982,1.7841399999999998,1.78761,96425,0,44
2024-03-19T00:00:00Z,1.78758,1.79685,1.7875100000000002,1.7959399999999999,128666,0,44
2024-03-20T00:00:00Z,1.79593,1.80168,1.79223,1.79577,131489,0,44
2024-03-21T00:00:00Z,1.79577,1.7983099999999999,1.78898,1.79636,143843,0,44
2024-03-22T00:00:00Z,1.79634,1.80396,1.7951000000000001,1.8031899999999998,119171,0,44
2024-03-24T00:00:00Z,1.80003,1.80524,1.79855,1.8040699999999998,5350,0,44
2024-03-25T00:00:00Z,1.80403,1.80623,1.79936,1.80586,100035,0,44
2024-03-26T00:00:00Z,1.80586,1.8070599999999999,1.80016,1.8030300000000001,108548,0,44
2024-03-27T00:00:00Z,1.80307,1.80763,1.80008,1.80417,111493,0,44
2024-03-28T00:00:00Z,1.80416,1.80984,1.80247,1.80629,119390,0,44
2024-03-29T00:00:00Z,1.80629,1.8063799999999999,1.8017400000000001,1.80368,44066,0,44
2024-03-31T00:00:00Z,1.80307,1.8046799999999998,1.80182,1.8028300000000002,7493,0,44
2024-04-01T00:00:00Z,1.8028300000000002,1.8072599999999999,1.80095,1.80388,90666,0,44
2024-04-02T00:00:00Z,1.80388,1.8064,1.80101,1.8039399999999999,113935,0,44
2024-04-03T00:00:00Z,1.8039399999999999,1.80873,1.80135,1.80189,114111,0,44
2024-04-04T00:00:00Z,1.80189,1.80216,1.79535,1.79789,110088,0,44
2024-04-05T00:00:00Z,1.79789,1.8043200000000001,1.79696,1.8023799999999999,129126,0,44
2024-04-07T00:00:00Z,1.80064,1.80374,1.80064,1.8035999999999999,6306,0,44
2024-04-08T00:00:00Z,1.8035999999999999,1.8044,1.79656,1.79982,111872,0,44
2024-04-09T00:00:00Z,1.79982,1.7999,1.78966,1.79016,103856,0,44
2024-04-10T00:00:00Z,1.79016,1.79912,1.78422,1.79752,138323,0,44
2024-04-11T00:00:00Z,1.7974999999999999,1.7983500000000001,1.78614,1.7871299999999999,141767,0,44
2024-04-12T00:00:00Z,1.7871299999999999,1.7932000000000001,1.78424,1.79209,134115,0,44
2024-04-14T00:00:00Z,1.78888,1.79256,1.7882099999999999,1.79081,9123,0,44
2024-04-15T00:00:00Z,1.79081,1.8005200000000001,1.78914,1.79982,137238,0,44
2024-04-16T00:00:00Z,1.79982,1.81059,1.79833,1.80254,159018,0,44
2024-04-17T00:00:00Z,1.80255,1.8054299999999999,1.79595,1.804,136836,0,44
2024-04-18T00:00:00Z,1.804,1.8054299999999999,1.79832,1.80304,117631,0,44
2024-04-19T00:00:00Z,1.80304,1.81334,1.80237,1.8097400000000001,136605,0,44
2024-04-21T00:00:00Z,1.80795,1.80968,1.8053599999999999,1.80628,6936,0,44
2024-04-22T00:00:00Z,1.80628,1.80668,1.79828,1.79912,96542,0,44
2024-04-23T00:00:00Z,1.79912,1.8074400000000002,1.79794,1.80313,104721,0,44
2024-04-24T00:00:00Z,1.80311,1.80464,1.79874,1.80228,100521,0,44
2024-04-25T00:00:00Z,1.80228,1.80573,1.7976100000000002,1.80051,101865,0,44
2024-04-26T00:00:00Z,1.80051,1.80393,1.79562,1.8000699999999998,109345,0,44
2024-04-28T00:00:00Z,1.79894,1.80049,1.79524,1.7999399999999999,4355,0,44
2024-04-29T00:00:00Z,1.7999399999999999,1.80165,1.7916699999999999,1.7945,123557,0,44
2024-04-30T00:00:00Z,1.7945,1.81548,1.79351,1.81453,110956,0,44
2024-05-01T00:00:00Z,1.8145,1.81455,1.80497,1.80739,110138,0,44
2024-05-02T00:00:00Z,1.8074,1.81019,1.79737,1.79893,121566,0,44
2024-05-03T00:00:00Z,1.79894,1.80053,1.78377,1.79047,104948,0,44
2024-05-05T00:00:00Z,1.7867199999999999,1.79168,1.7866300000000002,1.79073,4037,0,44
2024-05-06T00:00:00Z,1.79073,1.79501,1.78743,1.79168,71659,0,44
2024-05-07T00:00:00Z,1.7916699999999999,1.7928600000000001,1.78849,1.7924600000000002,82854,0,44
2024-05-08T00:00:00Z,1.79245,1.7965,1.7876699999999999,1.78979,72625,0,44
2024-05-09T00:00:00Z,1.78978,1.7924600000000002,1.7853400000000001,1.78626,81608,0,44
2024-05-10T00:00:00Z,1.78626,1.79242,1.7858100000000001,1.7892700000000001,69918,0,44
2024-05-12T00:00:00Z,1.78962,1.79093,1.78698,1.7896999999999998,4248,0,44
2024-05-13T00:00:00Z,1.7896999999999998,1.79454,1.78847,1.79161,81497,0,44
2024-05-14T00:00:00Z,1.79161,1.79636,1.78888,1.78951,82264,0,44
2024-05-15T00:00:00Z,1.78951,1.7902900000000002,1.77577,1.77631,92916,0,44
2024-05-16T00:00:00Z,1.7763200000000001,1.78084,1.77347,1.77441,85235,0,44
2024-05-17T00:00:00Z,1.77442,1.7777500000000002,1.7711700000000001,1.77166,69043,0,44
2024-05-19T00:00:00Z,1.7709700000000002,1.77277,1.7705,1.7720099999999999,2969,0,44
2024-05-20T00:00:00Z,1.77202,1.7803499999999999,1.7719399999999998,1.77817,73295,0,44
2024-05-21T00:00:00Z,1.77817,1.78189,1.7770299999999999,1.78131,81736,0,44
2024-05-22T00:00:00Z,1.7813400000000001,1.7813400000000001,1.76533,1.77457,93444,0,44
2024-05-23T00:00:00Z,1.77457,1.77467,1.76861,1.77333,99773,0,44
2024-05-24T00:00:00Z,1.7734,1.77607,1.7707899999999999,1.77173,77801,0,44
2024-05-26T00:00:00Z,1.77224,1.77329,1.77066,1.7719,3728,0,44
2024-05-27T00:00:00Z,1.77189,1.77217,1.76356,1.76542,50737,0,44
2024-05-28T00:00:00Z,1.76543,1.7694100000000001,1.76217,1.7670400000000002,88507,0,44
2024-05-29T00:00:00Z,1.7670400000000002,1.7718099999999999,1.76393,1.76681,95453,0,44
2024-05-30T00:00:00Z,1.76681,1.77274,1.76669,1.77103,99361,0,44
2024-05-31T00:00:00Z,1.77103,1.77123,1.7638,1.7657699999999998,104838,0,44
2024-06-02T00:00:00Z,1.7664,1.7669700000000002,1.7642799999999998,1.76499,5491,0,44
2024-06-03T00:00:00Z,1.76499,1.76849,1.7570299999999999,1.76119,104158,0,44
2024-06-04T00:00:00Z,1.76119,1.7650000000000001,1.7576399999999999,1.76217,117256,0,44
2024-06-05T00:00:00Z,1.76217,1.7625899999999999,1.75413,1.7547000000000001,99930,0,44
2024-06-06T00:00:00Z,1.7547000000000001,1.76227,1.7523900000000001,1.75753,91046,0,44
2024-06-07T00:00:00Z,1.75753,1.76987,1.75439,1.7697699999999998,106282,0,44
2024-06-09T00:00:00Z,1.76223,1.76612,1.7613699999999999,1.76525,6385,0,44
2024-06-10T00:00:00Z,1.7652299999999999,1.76673,1.7547700000000002,1.75607,92151,0,44
2024-06-11T00:00:00Z,1.75604,1.75966,1.74676,1.74743,93216,0,44
2024-06-12T00:00:00Z,1.74743,1.7523300000000002,1.7412800000000002,1.7476699999999998,116651,0,44
2024-06-13T00:00:00Z,1.7476699999999998,1.75203,1.7389999999999999,1.74318,100765,0,44
2024-06-14T00:00:00Z,1.74318,1.74797,1.74074,1.74237,117363,0,44
2024-06-16T00:00:00Z,1.7424,1.74436,1.74113,1.7439,5218,0,44
2024-06-17T00:00:00Z,1.7439,1.75404,1.74352,1.75048,99384,0,44
2024-06-18T00:00:00Z,1.75047,1.7582499999999999,1.74646,1.7487,104208,0,44
2024-06-19T00:00:00Z,1.7487,1.75325,1.74745,1.7507899999999998,63371,0,44
2024-06-20T00:00:00Z,1.7507899999999998,1.75327,1.7467700000000002,1.74855,101633,0,44
2024-06-21T00:00:00Z,1.74855,1.75048,1.7424300000000001,1.7472699999999999,93006,0,44
2024-06-23T00:00:00Z,1.7455699999999998,1.74891,1.7455699999999998,1.74875,4320,0,44
2024-06-24T00:00:00Z,1.7487300000000001,1.75434,1.74796,1.7536,88188,0,44
2024-06-25T00:00:00Z,1.7536,1.7546,1.74836,1.75062,86875,0,44
2024-06-26T00:00:00Z,1.75062,1.7580200000000001,1.7483300000000002,1.7563900000000001,100546,0,44
2024-06-27T00:00:00Z,1.7563900000000001,1.76043,1.75195,1.75982,99075,0,44
2024-06-28T00:00:00Z,1.7598099999999999,1.76515,1.75442,1.75877,104560,0,44
2024-06-30T00:00:00Z,1.7579799999999999,1.76217,1.75643,1.76003,6577,0,44
2024-07-01T00:00:00Z,1.7600099999999999,1.7704499999999999,1.7599399999999998,1.77023,106091,0,44
2024-07-02T00:00:00Z,1.77023,1.7744900000000001,1.7656,1.7671000000000001,95920,0,44
2024-07-03T00:00:00Z,1.7671000000000001,1.7730000000000001,1.76448,1.76667,89778,0,44
2024-07-04T00:00:00Z,1.76667,1.76834,1.76368,1.76822,54610,0,44
2024-07-05T00:00:00Z,1.76823,1.77016,1.76253,1.7634699999999999,91305,0,44
2024-07-07T00:00:00Z,1.75935,1.7628300000000001,1.75803,1.76276,5921,0,44
2024-07-08T00:00:00Z,1.76276,1.76735,1.76064,1.76643,91299,0,44
2024-07-09T00:00:00Z,1.7664,1.76976,1.76295,1.76483,85562,0,44
2024-07-10T00:00:00Z,1.76483,1.78274,1.7629899999999998,1.77938,87282,0,44
2024-07-11T00:00:00Z,1.77938,1.78647,1.77575,1.78391,113473,0,44
2024-07-12T00:00:00Z,1.78391,1.78824,1.77878,1.78216,99899,0,44
2024-07-14T00:00:00Z,1.78023,1.78634,1.78023,1.78562,8071,0,44
2024-07-15T00:00:00Z,1.78562,1.7944,1.78491,1.79346,97461,0,44
2024-07-16T00:00:00Z,1.7934299999999999,1.80504,1.7930700000000002,1.79566,98177,0,44
2024-07-17T00:00:00Z,1.79566,1.80084,1.79229,1.7991899999999998,109505,0,44
2024-07-18T00:00:00Z,1.7991899999999998,1.80373,1.79604,1.8037,106599,0,44
2024-07-19T00:00:00Z,1.80373,1.8118400000000001,1.80259,1.81046,91324,0,44
2024-07-21T00:00:00Z,1.8079800000000001,1.81101,1.80664,1.80915,7240,0,44
2024-07-22T00:00:00Z,1.80915,1.8223500000000001,1.80907,1.82173,88534,0,44
2024-07-23T00:00:00Z,1.82173,1.8254700000000001,1.8185799999999999,1.82264,89363,0,44
2024-07-24T00:00:00Z,1.82264,1.83364,1.82243,1.82882,103401,0,44
2024-07-25T00:00:00Z,1.82882,1.84313,1.82863,1.84243,126210,0,44
2024-07-26T00:00:00Z,1.84243,1.84493,1.83717,1.84348,87760,0,44
2024-07-28T00:00:00Z,1.8422399999999999,1.84401,1.84077,1.8429,6158,0,44
2024-07-29T00:00:00Z,1.84288,1.8450600000000001,1.83945,1.84083,92191,0,44
2024-07-30T00:00:00Z,1.84083,1.84321,1.8308499999999999,1.83206,101532,0,44
2024-07-31T00:00:00Z,1.83206,1.8372000000000002,1.81654,1.81845,146096,0,44
2024-08-01T00:00:00Z,1.81845,1.8207200000000001,1.8066,1.81696,137230,0,44
2024-08-02T00:00:00Z,1.81696,1.83167,1.81122,1.83113,142521,0,44
2024-08-04T00:00:00Z,1.8303099999999999,1.83622,1.82923,1.83453,12717,0,44
2024-08-05T00:00:00Z,1.83456,1.86471,1.8322699999999998,1.84023,242637,0,44
2024-08-06T00:00:00Z,1.84024,1.84878,1.8237100000000002,1.82883,191987,0,44
2024-08-07T00:00:00Z,1.82883,1.8293300000000001,1.81155,1.82423,154997,0,44
2024-08-08T00:00:00Z,1.82423,1.82518,1.81454,1.81723,129358,0,44
2024-08-09T00:00:00Z,1.81724,1.8211300000000001,1.80938,1.81933,93776,0,44
2024-08-11T00:00:00Z,1.8186,1.82206,1.81791,1.82078,5555,0,44
2024-08-12T00:00:00Z,1.82074,1.82087,1.81068,1.81567,82932,0,44
2024-08-13T00:00:00Z,1.81566,1.8161399999999999,1.80625,1.80877,100855,0,44
2024-08-14T00:00:00Z,1.80877,1.83745,1.80697,1.8356,75143,0,44
2024-08-15T00:00:00Z,1.8356,1.83913,1.82623,1.83456,34764,0,44
2024-08-16T00:00:00Z,1.83456,1.83456,1.8195299999999999,1.8212899999999999,26908,0,44
2024-08-18T00:00:00Z,1.82077,1.82248,1.81827,1.8199800000000002,2444,0,44
2024-08-19T00:00:00Z,1.8199800000000002,1.8218100000000002,1.81177,1.81193,32243,0,44
2024-08-20T00:00:00Z,1.81195,1.8125900000000001,1.8030599999999999,1.80731,33330,0,44
2024-08-21T00:00:00Z,1.80731,1.8117100000000002,1.80492,1.81009,40370,0,44
2024-08-22T00:00:00Z,1.8100800000000001,1.81323,1.80496,1.80978,34455,0,44
2024-08-23T00:00:00Z,1.8097699999999999,1.8097699999999999,1.79428,1.79481,38065,0,44
2024-08-25T00:00:00Z,1.7951899999999998,1.7984499999999999,1.79412,1.79758,3401,0,44
2024-08-26T00:00:00Z,1.79756,1.80178,1.79643,1.79911,33025,0,44
2024-08-27T00:00:00Z,1.79902,1.80162,1.78702,1.7903,32680,0,44
2024-08-28T00:00:00Z,1.7903,1.79154,1.77896,1.78056,36065,0,44
2024-08-29T00:00:00Z,1.78056,1.7805900000000001,1.76498,1.76902,41990,0,44
2024-08-30T00:00:00Z,1.76902,1.7726600000000001,1.7657500000000002,1.76725,35892,0,44
2024-09-01T00:00:00Z,1.76748,1.7682799999999999,1.76654,1.76791,1230,0,44
2024-09-02T00:00:00Z,1.76791,1.7779500000000001,1.76762,1.77629,19267,0,44
2024-09-03T00:00:00Z,1.77629,1.78752,1.77467,1.78582,44243,0,44
2024-09-04T00:00:00Z,1.78574,1.79141,1.7826499999999998,1.7909199999999998,41403,0,44
2024-09-05T00:00:00Z,1.79088,1.79249,1.78307,1.78503,37326,0,44
2024-09-06T00:00:00Z,1.7850899999999998,1.79851,1.77912,1.79457,50752,0,44
2024-09-08T00:00:00Z,1.79321,1.79683,1.78963,1.7968199999999999,2292,0,44
2024-09-09T00:00:00Z,1.7968199999999999,1.80273,1.79118,1.79658,33863,0,44
2024-09-10T00:00:00Z,1.79658,1.7988,1.78925,1.79183,37438,0,44
2024-09-11T00:00:00Z,1.79184,1.8020399999999999,1.7915299999999998,1.79534,61836,0,44
2024-09-12T00:00:00Z,1.79532,1.7985,1.7895699999999999,1.79041,38768,0,44
2024-09-13T00:00:00Z,1.79041,1.80027,1.7896800000000002,1.79751,29516,0,44
2024-09-15T00:00:00Z,1.79658,1.79928,1.79425,1.7987600000000001,1524,0,44
2024-09-16T00:00:00Z,1.79878,1.80153,1.7929300000000001,1.79609,31523,0,44
2024-09-17T00:00:00Z,1.79609,1.79938,1.79269,1.7960099999999999,29785,0,44
2024-09-18T00:00:00Z,1.7960099999999999,1.7961399999999998,1.78444,1.78958,59512,0,44
2024-09-19T00:00:00Z,1.78958,1.79215,1.78216,1.78921,71077,0,44
2024-09-20T00:00:00Z,1.78921,1.7942900000000002,1.78521,1.78922,42843,0,44
2024-09-22T00:00:00Z,1.78871,1.7898800000000001,1.7873299999999999,1.78941,1767,0,44
2024-09-23T00:00:00Z,1.78941,1.79089,1.77017,1.77272,38855,0,44
2024-09-24T00:00:00Z,1.77272,1.7777500000000002,1.76125,1.76159,38378,0,44
2024-09-25T00:00:00Z,1.76159,1.77902,1.76081,1.77896,40888,0,44
2024-09-26T00:00:00Z,1.77896,1.78047,1.764,1.76535,50126,0,44
2024-09-27T00:00:00Z,1.76535,1.7726,1.7557,1.75968,51186,0,44
2024-09-29T00:00:00Z,1.75889,1.7604199999999999,1.75704,1.75884,2445,0,44
2024-09-30T00:00:00Z,1.75881,1.7633100000000002,1.7488000000000001,1.75501,51302,0,44
2024-10-01T00:00:00Z,1.75501,1.76346,1.75315,1.7610700000000001,53442,0,44
2024-10-02T00:00:00Z,1.76105,1.76478,1.75292,1.7647599999999999,44788,0,44
2024-10-03T00:00:00Z,1.7647599999999999,1.77595,1.7647300000000001,1.77491,49215,0,44
2024-10-04T00:00:00Z,1.77491,1.7834699999999999,1.7738800000000001,1.78084,46801,0,44
2024-10-06T00:00:00Z,1.77854,1.7816800000000002,1.77625,1.78115,3595,0,44
2024-10-07T00:00:00Z,1.78113,1.7942,1.7783600000000002,1.79066,44084,0,44
2024-10-08T00:00:00Z,1.7906,1.79695,1.78349,1.79002,47926,0,44
2024-10-09T00:00:00Z,1.79002,1.8077999999999999,1.78807,1.8028499999999998,45808,0,44
2024-10-10T00:00:00Z,1.8028499999999998,1.80383,1.7921399999999998,1.79353,48869,0,44
2024-10-11T00:00:00Z,1.79353,1.7964099999999998,1.7879399999999999,1.78938,30494,0,44
2024-10-13T00:00:00Z,1.79059,1.79426,1.7882500000000001,1.7932299999999999,2707,0,44
2024-10-14T00:00:00Z,1.7932299999999999,1.79697,1.7881200000000002,1.79101,33487,0,44
2024-10-15T00:00:00Z,1.79102,1.79821,1.7858100000000001,1.7981099999999999,40728,0,44
2024-10-16T00:00:00Z,1.79818,1.80153,1.79061,1.79215,37770,0,44
2024-10-17T00:00:00Z,1.79215,1.79473,1.7831299999999999,1.7867,43372,0,44
2024-10-18T00:00:00Z,1.7867,1.79104,1.7843,1.78906,33303,0,44
2024-10-20T00:00:00Z,1.78711,1.79012,1.78711,1.78844,1584,0,44
2024-10-21T00:00:00Z,1.78838,1.79581,1.7858800000000001,1.79547,36939,0,44
2024-10-22T00:00:00Z,1.79547,1.79603,1.78258,1.78623,37405,0,44
2024-10-23T00:00:00Z,1.78623,1.7977400000000001,1.78467,1.79495,35040,0,44
2024-10-24T00:00:00Z,1.79495,1.80198,1.7877999999999998,1.80152,38682,0,44
2024-10-25T00:00:00Z,1.80152,1.80734,1.8007499999999999,1.80573,33381,0,44
2024-10-27T00:00:00Z,1.80358,1.8064900000000002,1.79846,1.80565,2790,0,44
2024-10-28T00:00:00Z,1.80565,1.8109899999999999,1.8039800000000001,1.80609,32790,0,44
2024-10-29T00:00:00Z,1.80609,1.81312,1.80602,1.81233,42925,0,44
2024-10-30T00:00:00Z,1.81233,1.81866,1.8058,1.81825,47138,0,44
2024-10-31T00:00:00Z,1.81821,1.82732,1.8141699999999998,1.82261,49163,0,44
2024-11-01T00:00:00Z,1.82261,1.82433,1.8132700000000002,1.8153299999999999,40763,0,44
2024-11-03T00:00:00Z,1.81132,1.81921,1.81128,1.8161,2620,0,44
2024-11-04T00:00:00Z,1.8161,1.8217400000000001,1.8119800000000001,1.8201800000000001,39815,0,44
2024-11-05T00:00:00Z,1.8201800000000001,1.82317,1.81393,1.81734,38306,0,44
2024-11-06T00:00:00Z,1.8173300000000001,1.81893,1.79691,1.80701,121990,0,44
2024-11-07T00:00:00Z,1.80701,1.80849,1.7904499999999999,1.7925,57584,0,44
2024-11-08T00:00:00Z,1.7925,1.79959,1.79127,1.79444,50539,0,44
2024-11-10T00:00:00Z,1.79575,1.7974700000000001,1.79147,1.79599,2688,0,44
2024-11-11T00:00:00Z,1.79599,1.7972000000000001,1.78456,1.78603,38717,0,44
2024-11-12T00:00:00Z,1.78605,1.79389,1.7836400000000001,1.7923,49718,0,44
2024-11-13T00:00:00Z,1.79233,1.79737,1.7884600000000002,1.79566,53671,0,44
2024-11-14T00:00:00Z,1.7956400000000001,1.8011599999999999,1.79071,1.79989,58694,0,44
2024-11-15T00:00:00Z,1.79989,1.80214,1.7932299999999999,1.79565,56894,0,44
2024-11-17T00:00:00Z,1.79258,1.79752,1.79258,1.7966199999999999,1372,0,44
2024-11-18T00:00:00Z,1.7966199999999999,1.80714,1.7949199999999998,1.79848,44098,0,44
2024-11-19T00:00:00Z,1.79846,1.80142,1.79014,1.79186,62788,0,44
2024-11-20T00:00:00Z,1.79184,1.7957800000000002,1.7908300000000001,1.7933,41627,0,44
2024-11-21T00:00:00Z,1.7933,1.79744,1.78635,1.78735,50529,0,44
2024-11-22T00:00:00Z,1.78735,1.7963,1.77434,1.7838,59592,0,44
2024-11-24T00:00:00Z,1.78786,1.78998,1.7856999999999998,1.78773,3801,0,44
2024-11-25T00:00:00Z,1.78773,1.80386,1.78641,1.7971,58671,0,44
2024-11-26T00:00:00Z,1.7971300000000001,1.80248,1.79251,1.7974,75804,0,44
2024-11-27T00:00:00Z,1.7974,1.79928,1.78086,1.79215,61110,0,44
2024-11-28T00:00:00Z,1.79215,1.79325,1.78761,1.79088,38853,0,44
2024-11-29T00:00:00Z,1.79088,1.79222,1.78101,1.78325,55286,0,44
2024-12-01T00:00:00Z,1.78567,1.78731,1.78381,1.78511,2687,0,44
2024-12-02T00:00:00Z,1.78512,1.7872400000000002,1.77859,1.78449,59356,0,44
2024-12-03T00:00:00Z,1.78451,1.79026,1.7814299999999998,1.78668,51735,0,42
2024-12-04T00:00:00Z,1.78668,1.79945,1.7857699999999999,1.79454,55898,0,44
2024-12-05T00:00:00Z,1.79455,1.8020800000000001,1.79107,1.7993299999999999,44633,0,44
2024-12-06T00:00:00Z,1.7993299999999999,1.81239,1.79766,1.8103,50666,0,44
2024-12-08T00:00:00Z,1.80721,1.81167,1.8067600000000001,1.80955,1860,0,44
2024-12-09T00:00:00Z,1.8094999999999999,1.81543,1.7967499999999998,1.80148,43401,0,44
2024-12-10T00:00:00Z,1.80148,1.81541,1.80142,1.81504,45637,0,44
2024-12-11T00:00:00Z,1.81504,1.82078,1.81143,1.81333,54546,0,44
2024-12-12T00:00:00Z,1.81335,1.8164,1.80754,1.8149899999999999,55298,0,44
2024-12-13T00:00:00Z,1.8149899999999999,1.82359,1.81353,1.82092,43556,0,44
2024-12-15T00:00:00Z,1.81914,1.8227799999999998,1.8167499999999999,1.82131,2164,0,44
2024-12-16T00:00:00Z,1.82135,1.82349,1.81565,1.8157100000000002,41249,0,44
2024-12-17T00:00:00Z,1.8157100000000002,1.8253300000000001,1.8155700000000001,1.82232,40523,0,44
2024-12-18T00:00:00Z,1.82232,1.84363,1.82226,1.8426,53696,0,44
2024-12-19T00:00:00Z,1.8426,1.8477999999999999,1.83441,1.84192,60477,0,44
2024-12-20T00:00:00Z,1.84192,1.84612,1.83908,1.8431,57162,0,44
2024-12-22T00:00:00Z,1.8397999999999999,1.84866,1.8397999999999999,1.84584,2302,0,44
2024-12-23T00:00:00Z,1.8457400000000002,1.84829,1.8386,1.84263,40873,0,44
2024-12-24T00:00:00Z,1.84263,1.8449900000000001,1.8354,1.8354,30502,0,44
2024-12-25T00:00:00Z,1.8377,1.84304,1.8364500000000001,1.84006,1377,0,44
2024-12-26T00:00:00Z,1.84009,1.8535,1.83764,1.85257,31877,0,44
2024-12-27T00:00:00Z,1.85257,1.85409,1.84814,1.84884,43446,0,44
2024-12-29T00:00:00Z,1.8494199999999998,1.85129,1.84728,1.84932,2009,0,44
2024-12-30T00:00:00Z,1.84932,1.8504399999999999,1.8404099999999999,1.84536,38756,0,44
2024-12-31T00:00:00Z,1.8454000000000002,1.85389,1.8437999999999999,1.85015,36297,0,44
2025-01-01T00:00:00Z,1.849,1.8498700000000001,1.84679,1.84886,1994,0,44
2025-01-02T00:00:00Z,1.84886,1.8501400000000001,1.8277999999999999,1.83556,47162,0,44
2025-01-03T00:00:00Z,1.83554,1.83816,1.8304200000000002,1.83468,33873,0,44
2025-01-05T00:00:00Z,1.83304,1.83657,1.83287,1.83447,1588,0,44
2025-01-06T00:00:00Z,1.83447,1.84338,1.82978,1.84152,56666,0,44
2025-01-07T00:00:00Z,1.8415,1.8415,1.83079,1.8354300000000001,48993,0,44
2025-01-08T00:00:00Z,1.8354300000000001,1.84097,1.83418,1.83987,49313,0,44
2025-01-09T00:00:00Z,1.8398400000000001,1.8458299999999999,1.83788,1.84077,33369,0,44
2025-01-10T00:00:00Z,1.84071,1.8475700000000002,1.83874,1.84098,51219,0,44
2025-01-12T00:00:00Z,1.84057,1.84458,1.8377599999999998,1.8408799999999998,2307,0,44
2025-01-13T00:00:00Z,1.84091,1.84159,1.82809,1.83206,41546,0,44
2025-01-14T00:00:00Z,1.83212,1.84067,1.82283,1.83941,90199,0,44
2025-01-15T00:00:00Z,1.83941,1.84009,1.8286,1.8291,135080,0,44
2025-01-16T00:00:00Z,1.82911,1.839,1.82779,1.83694,137126,0,44
2025-01-17T00:00:00Z,1.83694,1.84584,1.83554,1.83788,123187,0,44
2025-01-19T00:00:00Z,1.83642,1.8401800000000001,1.83594,1.83922,3858,0,44
2025-01-20T00:00:00Z,1.83922,1.84257,1.83358,1.83412,131489,0,44
2025-01-21T00:00:00Z,1.83412,1.84191,1.83337,1.83807,173640,0,44
2025-01-22T00:00:00Z,1.83814,1.84211,1.83615,1.83791,138135,0,44
2025-01-23T00:00:00Z,1.83791,1.84064,1.8329499999999999,1.83524,134774,0,44
2025-01-24T00:00:00Z,1.83524,1.83918,1.82856,1.8365200000000002,139470,0,44
2025-01-26T00:00:00Z,1.83742,1.83998,1.83649,1.8381699999999999,4921,0,44
2025-01-27T00:00:00Z,1.8381699999999999,1.84876,1.83761,1.84233,156321,0,44
2025-01-28T00:00:00Z,1.84232,1.8460299999999998,1.8395899999999998,1.8408600000000002,130485,0,44
2025-01-29T00:00:00Z,1.84085,1.84485,1.8397999999999999,1.83983,139424,0,44
2025-01-30T00:00:00Z,1.83983,1.84898,1.8396400000000002,1.84493,83145,0,44
2025-01-31T00:00:00Z,1.84493,1.84639,1.8344399999999998,1.83711,54656,0,44
2025-02-02T00:00:00Z,1.8307799999999999,1.84046,1.83064,1.83979,7117,0,44
2025-02-03T00:00:00Z,1.83979,1.8514300000000001,1.8328600000000002,1.8351600000000001,83302,0,44
2025-02-04T00:00:00Z,1.8351600000000001,1.8450199999999999,1.8340800000000002,1.8366799999999999,46644,0,44
2025-02-05T00:00:00Z,1.8366500000000001,1.83768,1.82666,1.82808,44918,0,44
2025-02-06T00:00:00Z,1.82808,1.8347,1.8268,1.83011,38661,0,44
2025-02-07T00:00:00Z,1.83018,1.83124,1.82229,1.82318,46837,0,44
2025-02-09T00:00:00Z,1.8230499999999998,1.82611,1.8201800000000001,1.82607,2244,0,44
2025-02-10T00:00:00Z,1.82607,1.82961,1.82175,1.8280699999999999,35094,0,44
2025-02-11T00:00:00Z,1.8280699999999999,1.8337400000000001,1.8224,1.8314,33475,0,44
2025-02-12T00:00:00Z,1.83151,1.84429,1.82752,1.84205,49733,0,44
2025-02-13T00:00:00Z,1.84205,1.84936,1.84042,1.8419400000000001,49623,0,44
2025-02-14T00:00:00Z,1.8419400000000001,1.8424399999999999,1.82744,1.82953,38055,0,44
2025-02-16T00:00:00Z,1.8307799999999999,1.83266,1.82941,1.82946,2334,0,44
2025-02-17T00:00:00Z,1.82946,1.8304,1.8237299999999999,1.82934,24869,0,44
2025-02-18T00:00:00Z,1.82934,1.8359100000000002,1.82792,1.83155,35222,0,44
2025-02-19T00:00:00Z,1.83155,1.8393000000000002,1.82127,1.82775,35999,0,44
2025-02-20T00:00:00Z,1.82775,1.83006,1.81744,1.82134,40834,0,44
2025-02-21T00:00:00Z,1.82134,1.82388,1.8170600000000001,1.81986,39664,0,44
2025-02-23T00:00:00Z,1.82029,1.8225799999999999,1.81662,1.82151,2820,0,44
2025-02-24T00:00:00Z,1.82155,1.82916,1.82042,1.8267799999999998,43932,0,44
2025-02-25T00:00:00Z,1.82675,1.83951,1.82538,1.83578,43015,0,44
2025-02-26T00:00:00Z,1.83578,1.84306,1.83552,1.84032,43857,0,44
2025-02-27T00:00:00Z,1.84032,1.84763,1.8387799999999999,1.84726,45328,0,44
2025-02-28T00:00:00Z,1.84727,1.8591199999999999,1.8466900000000002,1.85206,46833,0,44
2025-03-02T00:00:00Z,1.8559299999999999,1.8592499999999998,1.85524,1.8578299999999999,2315,0,44
2025-03-03T00:00:00Z,1.8578299999999999,1.86907,1.8547500000000001,1.86808,48985,0,35
2025-03-04T00:00:00Z,1.8681299999999998,1.88116,1.86674,1.87653,62687,0,35
2025-03-05T00:00:00Z,1.8765399999999999,1.88959,1.87487,1.88434,136857,0,35
2025-03-06T00:00:00Z,1.88434,1.88871,1.87676,1.8805,191439,0,35
2025-03-07T00:00:00Z,1.8805399999999999,1.90511,1.87981,1.8959700000000002,172020,0,35
2025-03-09T00:00:00Z,1.89252,1.9024999999999999,1.89207,1.90228,9011,0,35
2025-03-10T00:00:00Z,1.90228,1.90597,1.88683,1.90314,166231,0,35
2025-03-11T00:00:00Z,1.90309,1.91668,1.90138,1.91069,180337,0,35
2025-03-12T00:00:00Z,1.91069,1.9123700000000001,1.89706,1.89711,162150,0,35
2025-03-13T00:00:00Z,1.8971,1.9083700000000001,1.8957000000000002,1.90348,155150,0,35
2025-03-14T00:00:00Z,1.90348,1.90591,1.89001,1.89127,143287,0,35
2025-03-16T00:00:00Z,1.8918599999999999,1.89347,1.888,1.89153,6424,0,35
2025-03-17T00:00:00Z,1.89153,1.89289,1.87372,1.8749500000000001,131535,0,35
2025-03-18T00:00:00Z,1.87494,1.88243,1.87207,1.8799700000000001,121048,0,35
2025-03-19T00:00:00Z,1.8799700000000001,1.88598,1.87008,1.87494,134632,0,35
2025-03-20T00:00:00Z,1.87494,1.89248,1.8749099999999999,1.88387,134191,0,35
2025-03-21T00:00:00Z,1.88388,1.88776,1.88026,1.88527,119075,0,35
2025-03-23T00:00:00Z,1.88204,1.8868800000000001,1.88181,1.88612,7162,0,35
2025-03-24T00:00:00Z,1.88612,1.89334,1.8817,1.8862,132052,0,35
2025-03-25T00:00:00Z,1.8862,1.88839,1.8799700000000001,1.8818000000000001,127828,0,35
2025-03-26T00:00:00Z,1.8818000000000001,1.88605,1.8720599999999998,1.8784100000000001,138136,0,35
2025-03-27T00:00:00Z,1.87842,1.88335,1.87356,1.88306,135417,0,35
2025-03-28T00:00:00Z,1.88307,1.89659,1.88285,1.89317,118930,0,35
2025-03-30T00:00:00Z,1.8920400000000002,1.89894,1.8920400000000002,1.89663,9826,0,35
2025-03-31T00:00:00Z,1.89653,1.90997,1.89402,1.9079899999999999,148766,0,33
2025-04-01T00:00:00Z,1.90798,1.91098,1.88931,1.88963,142145,0,35
2025-04-02T00:00:00Z,1.88963,1.90439,1.8797700000000002,1.90394,152131,0,35
2025-04-03T00:00:00Z,1.90398,1.9135900000000001,1.8972,1.9082400000000002,243147,0,35
2025-04-04T00:00:00Z,1.9082400000000002,1.97328,1.9069,1.9584700000000002,266170,0,35
2025-04-06T00:00:00Z,1.95248,1.98306,1.9497200000000001,1.9822600000000001,29571,0,35
2025-04-07T00:00:00Z,1.9822,1.98399,1.9413,1.9713500000000002,328959,0,35
2025-04-08T00:00:00Z,1.97136,1.99332,1.94246,1.9906000000000001,278633,0,35
2025-04-09T00:00:00Z,1.9906000000000001,2.00099,1.93374,1.9427699999999999,338310,0,35
2025-04-10T00:00:00Z,1.9427699999999999,1.96219,1.9230399999999999,1.95873,291623,0,35
2025-04-11T00:00:00Z,1.9586999999999999,1.9753699999999998,1.94133,1.9471500000000002,287214,0,35
2025-04-13T00:00:00Z,1.94347,1.94682,1.9387699999999999,1.94367,22612,0,35
2025-04-14T00:00:00Z,1.9436900000000001,1.9528699999999999,1.92786,1.93275,238722,0,35
2025-04-15T00:00:00Z,1.93275,1.93275,1.90407,1.9157899999999999,202287,0,35
2025-04-16T00:00:00Z,1.9158,1.9256199999999999,1.9134,1.91968,220571,0,35
2025-04-17T00:00:00Z,1.91968,1.9258,1.8996,1.9044699999999999,193755,0,35
2025-04-18T00:00:00Z,1.90457,1.9212500000000001,1.9031500000000001,1.91699,226936,0,35
2025-04-20T00:00:00Z,1.9196,1.92439,1.91403,1.92097,20048,0,35
2025-04-21T00:00:00Z,1.92097,1.92951,1.91245,1.91875,175574,0,35
2025-04-22T00:00:00Z,1.91875,1.91995,1.90333,1.9048500000000002,215428,0,35
2025-04-23T00:00:00Z,1.90484,1.91033,1.89288,1.90388,214423,0,35
2025-04-24T00:00:00Z,1.90388,1.9093499999999999,1.89615,1.8991799999999999,172160,0,35
2025-04-25T00:00:00Z,1.89916,1.9083700000000001,1.89093,1.90425,159074,0,35
2025-04-27T00:00:00Z,1.90588,1.9076,1.90238,1.90683,9403,0,35
2025-04-28T00:00:00Z,1.9068100000000001,1.91398,1.90305,1.9104,162884,0,35
2025-04-29T00:00:00Z,1.9104,1.92413,1.9067699999999999,1.91772,163254,0,35
2025-04-30T00:00:00Z,1.91772,1.92622,1.9047399999999999,1.9072900000000002,182575,0,35
2025-05-01T00:00:00Z,1.9072900000000002,1.91371,1.9006699999999999,1.91038,155418,0,35
2025-05-02T00:00:00Z,1.91038,1.91451,1.89851,1.8999700000000002,179592,0,35
2025-05-04T00:00:00Z,1.89802,1.9028399999999999,1.89592,1.9028,11691,0,35
2025-05-05T00:00:00Z,1.9028,1.90455,1.89253,1.89756,164313,0,35
2025-05-06T00:00:00Z,1.89758,1.8984,1.88262,1.88601,175404,0,35
2025-05-07T00:00:00Z,1.88601,1.90587,1.88354,1.90298,182025,0,35
2025-05-08T00:00:00Z,1.90298,1.90848,1.8958,1.90274,183705,0,35
2025-05-09T00:00:00Z,1.90274,1.91053,1.90089,1.90124,144595,0,35
2025-05-11T00:00:00Z,1.89054,1.89764,1.88927,1.89698,16061,0,35
2025-05-12T00:00:00Z,1.89698,1.90022,1.88591,1.89298,200180,0,35
2025-05-13T00:00:00Z,1.89297,1.89872,1.8811,1.88421,165136,0,35
2025-05-14T00:00:00Z,1.88421,1.8984,1.8809,1.8961000000000001,179699,0,35
2025-05-15T00:00:00Z,1.8961000000000001,1.90862,1.89266,1.9057,165161,0,35
2025-05-16T00:00:00Z,1.9057,1.91015,1.89436,1.89777,144728,0,35
2025-05-18T00:00:00Z,1.89767,1.90149,1.89622,1.90064,12008,0,35
2025-05-19T00:00:00Z,1.90065,1.9096600000000001,1.89377,1.8944999999999999,162961,0,35
2025-05-20T00:00:00Z,1.8944800000000002,1.90716,1.8929,1.90421,165081,0,35
2025-05-21T00:00:00Z,1.90422,1.913,1.9007100000000001,1.90978,184187,0,35
2025-05-22T00:00:00Z,1.90977,1.9154900000000001,1.9071099999999999,1.91282,181484,0,35
2025-05-23T00:00:00Z,1.9129,1.91467,1.89676,1.89734,160866,0,35
2025-05-25T00:00:00Z,1.89806,1.89969,1.89691,1.89824,14551,0,35
2025-05-26T00:00:00Z,1.89824,1.90099,1.89073,1.89978,121044,0,35
2025-05-27T00:00:00Z,1.89978,1.9090099999999999,1.89837,1.90584,154679,0,35
2025-05-28T00:00:00Z,1.90584,1.91015,1.88387,1.88538,160569,0,35
2025-05-29T00:00:00Z,1.8853900000000001,1.90552,1.88533,1.9034900000000001,165857,0,35
2025-05-30T00:00:00Z,1.90358,1.9057,1.8971200000000001,1.9020700000000001,162775,0,35
2025-06-01T00:00:00Z,1.9020899999999998,1.90292,1.8996300000000002,1.90042,14442,0,35
2025-06-02T00:00:00Z,1.90043,1.90061,1.89249,1.8935,161559,0,35
2025-06-03T00:00:00Z,1.8935,1.9066800000000002,1.8895499999999998,1.8955,146793,0,35
2025-06-04T00:00:00Z,1.8954900000000001,1.8979,1.8911099999999998,1.8952200000000001,149187,0,35
2025-06-05T00:00:00Z,1.8952200000000001,1.8970799999999999,1.88577,1.89574,157251,0,35
2025-06-06T00:00:00Z,1.89571,1.89744,1.88893,1.89351,131510,0,35
2025-06-08T00:00:00Z,1.89164,1.89413,1.88975,1.89391,6983,0,35
2025-06-09T00:00:00Z,1.8939300000000001,1.89508,1.8845800000000001,1.88873,124994,0,35
2025-06-10T00:00:00Z,1.88873,1.89119,1.88266,1.88739,145188,0,35
2025-06-11T00:00:00Z,1.88739,1.9074,1.88666,1.9068100000000001,153796,0,35
2025-06-12T00:00:00Z,1.90679,1.91906,1.90617,1.9139300000000001,169947,0,35
2025-06-13T00:00:00Z,1.91387,1.9235799999999998,1.91174,1.9185699999999999,193898,0,35
2025-06-15T00:00:00Z,1.9174099999999998,1.92022,1.9160300000000001,1.9172500000000001,17458,0,35
2025-06-16T00:00:00Z,1.91723,1.92085,1.9045999999999998,1.9092,172398,0,35
2025-06-17T00:00:00Z,1.90922,1.91048,1.90252,1.9079199999999998,171992,0,35
2025-06-18T00:00:00Z,1.90793,1.9106800000000002,1.9018199999999998,1.90371,175661,0,35
2025-06-19T00:00:00Z,1.9037,1.92367,1.90327,1.91841,142943,0,35
2025-06-20T00:00:00Z,1.9184299999999999,1.9325700000000001,1.91707,1.9301,141540,0,35
2025-06-22T00:00:00Z,1.92538,1.93557,1.9232200000000002,1.9288699999999999,14531,0,35
2025-06-23T00:00:00Z,1.92885,1.94863,1.92698,1.93489,211589,0,35
2025-06-24T00:00:00Z,1.9348999999999998,1.9355,1.92185,1.93161,172657,0,35
2025-06-25T00:00:00Z,1.93161,1.9332799999999999,1.92388,1.9298899999999999,145710,0,35
2025-06-26T00:00:00Z,1.9298899999999999,1.93526,1.9281000000000001,1.92961,166133,0,35
2025-06-27T00:00:00Z,1.9296600000000002,1.93742,1.92607,1.93367,151271,0,35
2025-06-29T00:00:00Z,1.93593,1.9365,1.93357,1.93421,8673,0,35
2025-06-30T00:00:00Z,1.93421,1.93495,1.92719,1.93483,157487,0,35
2025-07-01T00:00:00Z,1.93483,1.93846,1.9273099999999999,1.9353099999999999,151056,0,35
2025-07-02T00:00:00Z,1.9353099999999999,1.9429699999999999,1.93249,1.93763,145417,0,35
2025-07-03T00:00:00Z,1.93763,1.94519,1.93526,1.93595,135524,0,35
2025-07-04T00:00:00Z,1.9359600000000001,1.94658,1.93468,1.9416600000000002,134332,0,35
2025-07-06T00:00:00Z,1.9422899999999998,1.94721,1.9417,1.9470800000000001,5792,0,35
2025-07-07T00:00:00Z,1.9470800000000001,1.95858,1.94698,1.95349,153180,0,35
2025-07-08T00:00:00Z,1.95349,1.95634,1.94672,1.9561,152773,0,35
2025-07-09T00:00:00Z,1.95606,1.9582600000000001,1.94892,1.95647,141096,0,35
2025-07-10T00:00:00Z,1.95649,1.95706,1.93645,1.93696,122943,0,35
2025-07-11T00:00:00Z,1.9369399999999999,1.9481899999999999,1.93537,1.9449800000000002,150928,0,35
2025-07-13T00:00:00Z,1.94022,1.9463300000000001,1.94017,1.9450699999999999,8058,0,35
2025-07-14T00:00:00Z,1.94508,1.95572,1.943,1.95363,122115,0,35
2025-07-15T00:00:00Z,1.95363,1.95412,1.94445,1.9492099999999999,136027,0,35
2025-07-16T00:00:00Z,1.94919,1.96377,1.9459499999999998,1.9573,157502,0,35
2025-07-17T00:00:00Z,1.95729,1.96476,1.95398,1.95415,138030,0,35
2025-07-18T00:00:00Z,1.95415,1.95519,1.94702,1.9491800000000001,129620,0,35
2025-07-20T00:00:00Z,1.9457,1.9559199999999999,1.94527,1.95377,12231,0,35
2025-07-21T00:00:00Z,1.95377,1.9598900000000001,1.95059,1.9591699999999999,133778,0,35
2025-07-22T00:00:00Z,1.95918,1.9677,1.95534,1.95678,144173,0,35
2025-07-23T00:00:00Z,1.95678,1.95733,1.93946,1.94668,169881,0,35
2025-07-24T00:00:00Z,1.94668,1.95021,1.94047,1.9473799999999999,162217,0,35
2025-07-25T00:00:00Z,1.9473799999999999,1.9553,1.94666,1.95087,148444,0,35
2025-07-27T00:00:00Z,1.95438,1.95545,1.95198,1.95301,11913,0,35
2025-07-28T00:00:00Z,1.95301,1.9559199999999999,1.93857,1.94157,174712,0,35
2025-07-29T00:00:00Z,1.94157,1.94387,1.9355799999999999,1.93971,169985,0,35
2025-07-30T00:00:00Z,1.93971,1.9409,1.9326400000000001,1.9343599999999999,189591,0,35
2025-07-31T00:00:00Z,1.9344299999999999,1.94088,1.9281899999999998,1.9400300000000001,185444,0,35
2025-08-01T00:00:00Z,1.94004,1.95993,1.93873,1.95663,193798,0,35
2025-08-03T00:00:00Z,1.96069,1.96184,1.95804,1.9590800000000002,12737,0,35
2025-08-04T00:00:00Z,1.9590800000000002,1.9605000000000001,1.95326,1.95785,179267,0,35
2025-08-05T00:00:00Z,1.95784,1.96421,1.9556,1.9597,162476,0,35
2025-08-06T00:00:00Z,1.9597,1.96757,1.9538799999999998,1.9674,162251,0,35
2025-08-07T00:00:00Z,1.96741,1.9678200000000001,1.9542000000000002,1.95617,174695,0,35
2025-08-08T00:00:00Z,1.95614,1.95938,1.95227,1.95469,145358,0,35
2025-08-10T00:00:00Z,1.95274,1.9583300000000001,1.95214,1.9583300000000001,6914,0,35
2025-08-11T00:00:00Z,1.95832,1.96224,1.95437,1.95581,140982,0,35
2025-08-12T00:00:00Z,1.95581,1.9646,1.95423,1.9599600000000001,171932,0,33
2025-08-13T00:00:00Z,1.9599600000000001,1.9641199999999999,1.95602,1.95841,141126,0,35
2025-08-14T00:00:00Z,1.95839,1.96935,1.95502,1.96761,165214,0,35
2025-08-15T00:00:00Z,1.96763,1.9759600000000002,1.967,1.97577,126577,0,35
2025-08-17T00:00:00Z,1.9767700000000001,1.9776,1.97423,1.97434,7204,0,35
2025-08-18T00:00:00Z,1.97436,1.97448,1.96596,1.9697,134767,0,35
2025-08-19T00:00:00Z,1.9697,1.97671,1.9653800000000001,1.9738799999999999,131585,0,35
2025-08-20T00:00:00Z,1.9738799999999999,2.00331,1.97328,1.99908,146578,0,35
2025-08-21T00:00:00Z,1.99908,2.00317,1.99226,1.99466,146087,0,35
2025-08-22T00:00:00Z,1.99466,1.9995699999999998,1.99308,1.9967700000000002,146455,0,35
2025-08-24T00:00:00Z,1.99529,1.99863,1.99481,1.9962499999999999,4905,0,35
2025-08-25T00:00:00Z,1.99624,1.9986000000000002,1.98058,1.98564,128221,0,35
2025-08-26T00:00:00Z,1.98564,1.99448,1.98495,1.98671,142520,0,35
2025-08-27T00:00:00Z,1.98672,1.99048,1.9839,1.98719,135928,0,35
2025-08-28T00:00:00Z,1.9872,1.98926,1.9832800000000002,1.98498,141309,0,35
2025-08-29T00:00:00Z,1.98498,1.9851100000000002,1.97817,1.9819499999999999,130056,0,35
2025-08-31T00:00:00Z,1.98353,1.98353,1.9807700000000001,1.9824899999999999,4076,0,35
2025-09-01T00:00:00Z,1.98251,1.9895100000000001,1.97932,1.9838,114990,0,35
2025-09-02T00:00:00Z,1.9838,1.99238,1.9821,1.98457,171839,0,35
2025-09-03T00:00:00Z,1.98461,1.98907,1.9827,1.98277,124034,0,35
2025-09-04T00:00:00Z,1.98277,1.9955500000000002,1.98092,1.99217,118706,0,35
2025-09-05T00:00:00Z,1.99217,1.9922,1.9825,1.9862600000000001,110256,0,35
2025-09-07T00:00:00Z,1.9840200000000001,1.99005,1.9840200000000001,1.98896,6475,0,35
2025-09-08T00:00:00Z,1.98902,1.98973,1.97489,1.9794,107601,0,35
2025-09-09T00:00:00Z,1.9794,1.98197,1.97183,1.97436,125717,0,35
2025-09-10T00:00:00Z,1.97444,1.97459,1.96536,1.96898,133718,0,35
2025-09-11T00:00:00Z,1.96898,1.9742,1.96238,1.96286,116376,0,35
2025-09-12T00:00:00Z,1.96286,1.97066,1.96231,1.96867,116589,0,35
2025-09-14T00:00:00Z,1.96976,1.97051,1.96715,1.96925,4662,0,35
2025-09-15T00:00:00Z,1.96925,1.97374,1.96648,1.9709699999999999,113645,0,35
2025-09-16T00:00:00Z,1.97098,1.98316,1.97008,1.98211,137165,0,35
2025-09-17T00:00:00Z,1.98211,1.99309,1.97683,1.9926599999999999,123357,0,35
2025-09-18T00:00:00Z,1.99267,2.00743,1.99123,2.00148,149713,0,35
2025-09-19T00:00:00Z,2.00148,2.00947,1.99997,2.00467,130568,0,35
2025-09-21T00:00:00Z,1.9993400000000001,2.00599,1.99911,2.00594,2844,0,35
2025-09-22T00:00:00Z,2.00593,2.01138,2.00116,2.01066,115731,0,35
2025-09-23T00:00:00Z,2.01066,2.0179,2.00987,2.01718,117557,0,35
2025-09-24T00:00:00Z,2.01718,2.02029,2.01145,2.01898,120423,0,35
2025-09-25T00:00:00Z,2.01898,2.02483,2.01436,2.02347,140240,0,35
2025-09-26T00:00:00Z,2.02347,2.02836,2.02346,2.02476,127784,0,35
2025-09-28T00:00:00Z,2.02293,2.02748,2.0214,2.02578,3613,0,35
2025-09-29T00:00:00Z,2.02578,2.031,2.02226,2.02938,128697,0,35
2025-09-30T00:00:00Z,2.02938,2.02995,2.02055,2.02465,141977,0,35
2025-10-01T00:00:00Z,2.02465,2.02833,2.01517,2.01547,140053,0,35
2025-10-02T00:00:00Z,2.01547,2.01808,2.01039,2.01461,121850,0,35
2025-10-03T00:00:00Z,2.01458,2.01611,2.01083,2.01227,115356,0,35
2025-10-05T00:00:00Z,2.01468,2.01517,2.0104,2.0108800000000002,8932,0,35
2025-10-06T00:00:00Z,2.0108800000000002,2.01218,2.00021,2.00471,139975,0,35
2025-10-07T00:00:00Z,2.00471,2.01153,2.00394,2.0099,133268,0,35
2025-10-08T00:00:00Z,2.00991,2.02672,2.00748,2.01057,153905,0,35
2025-10-09T00:00:00Z,2.01057,2.01475,2.00517,2.01055,153091,0,35
2025-10-10T00:00:00Z,2.01055,2.03189,2.00947,2.02924,146687,0,35
2025-10-12T00:00:00Z,2.01894,2.02702,2.01814,2.02604,11278,0,35
2025-10-13T00:00:00Z,2.02605,2.02735,2.01769,2.02293,144110,0,35
2025-10-14T00:00:00Z,2.02293,2.03492,2.01888,2.03111,175345,0,35
2025-10-15T00:00:00Z,2.03113,2.03876,2.02877,2.0375,163021,0,35
2025-10-16T00:00:00Z,2.03747,2.0442,2.02817,2.04292,175604,0,33
2025-10-17T00:00:00Z,2.04292,2.04846,2.03245,2.03275,175120,0,35
2025-10-19T00:00:00Z,2.0329,2.03709,2.03041,2.03405,5792,0,35
2025-10-20T00:00:00Z,2.03405,2.03536,2.0248,2.02722,136150,0,33
2025-10-21T00:00:00Z,2.02727,2.03509,2.01911,2.02001,157872,0,35
2025-10-22T00:00:00Z,2.02,2.02548,2.01514,2.02349,158797,0,35
2025-10-23T00:00:00Z,2.02349,2.02504,2.0164,2.01858,121258,0,35
2025-10-24T00:00:00Z,2.01858,2.02591,2.01468,2.02228,133318,0,35
2025-10-26T00:00:00Z,2.01158,2.01943,2.01127,2.01934,7437,0,35
2025-10-27T00:00:00Z,2.01934,2.02165,2.01546,2.01748,134033,0,35
2025-10-28T00:00:00Z,2.01748,2.02267,2.01407,2.01572,141118,0,35
2025-10-29T00:00:00Z,2.01572,2.01765,2.00726,2.01304,164859,0,35
2025-10-30T00:00:00Z,2.01303,2.01951,2.00893,2.01421,164244,0,35
2025-10-31T00:00:00Z,2.01421,2.02313,2.01145,2.0148,55139,0,35
2025-11-02T00:00:00Z,2.01423,2.01665,2.01301,2.01437,3319,0,43
2025-11-03T00:00:00Z,2.01444,2.02184,2.01197,2.01842,58547,0,35
2025-11-04T00:00:00Z,2.01842,2.03719,2.0184,2.03555,149806,0,35
2025-11-05T00:00:00Z,2.03555,2.04015,2.02692,2.02863,139336,0,35
2025-11-06T00:00:00Z,2.02863,2.05059,2.02855,2.04812,156299,0,35
2025-11-07T00:00:00Z,2.04812,2.06396,2.04725,2.05485,147011,0,35
2025-11-09T00:00:00Z,2.05097,2.05537,2.05064,2.05151,5986,0,35
2025-11-10T00:00:00Z,2.05151,2.05469,2.04477,2.04785,142349,0,35
2025-11-11T00:00:00Z,2.04784,2.05197,2.04562,2.04828,133637,0,35
2025-11-12T00:00:00Z,2.04828,2.04945,2.04114,2.04719,140876,0,35
2025-11-13T00:00:00Z,2.04721,2.05975,2.04465,2.0585,170717,0,35
2025-11-14T00:00:00Z,2.05848,2.05947,2.04065,2.04568,172556,0,35
2025-11-16T00:00:00Z,2.04366,2.0473,2.04366,2.04634,3932,0,35
2025-11-17T00:00:00Z,2.04634,2.05105,2.04113,2.04972,140347,0,35
2025-11-18T00:00:00Z,2.04972,2.0561,2.04288,2.04631,180525,0,35
2025-11-19T00:00:00Z,2.04631,2.06201,2.04607,2.05502,176098,0,35
2025-11-20T00:00:00Z,2.05502,2.06486,2.04726,2.0629,184589,0,35
2025-11-21T00:00:00Z,2.0629,2.0639,2.05001,2.05155,190429,0,35
2025-11-23T00:00:00Z,2.05111,2.05218,2.04943,2.05022,4135,0,35
2025-11-24T00:00:00Z,2.05022,2.05982,2.05016,2.05266,148252,0,35
2025-11-25T00:00:00Z,2.05266,2.0679,2.0504,2.05585,168260,0,35
2025-11-26T00:00:00Z,2.05585,2.05682,2.0321,2.03367,174959,0,35
2025-11-27T00:00:00Z,2.03368,2.03384,2.02225,2.02453,110083,0,35
2025-11-28T00:00:00Z,2.02451,2.02793,2.02018,2.02167,191102,0,35
2025-11-30T00:00:00Z,2.023,2.02416,2.02043,2.02231,4716,0,35
2025-12-01T00:00:00Z,2.02231,2.029,2.02113,2.0271,149453,0,35
2025-12-02T00:00:00Z,2.0271,2.03163,2.02041,2.02534,128300,0,35
2025-12-03T00:00:00Z,2.02534,2.03379,2.01921,2.02059,132523,0,35
2025-12-04T00:00:00Z,2.0206,2.02438,2.01606,2.02164,103528,0,35
2025-12-05T00:00:00Z,2.02164,2.02193,2.01375,2.01539,128155,0,35
2025-12-07T00:00:00Z,2.01221,2.01762,2.01146,2.01559,5928,0,35
2025-12-08T00:00:00Z,2.01559,2.01883,2.01152,2.01521,125041,0,35
2025-12-09T00:00:00Z,2.01521,2.01752,2.00729,2.01195,119603,0,35
2025-12-10T00:00:00Z,2.01195,2.01737,2.00871,2.01176,140224,0,35
2025-12-11T00:00:00Z,2.01176,2.02204,2.01044,2.02076,152701,0,35
2025-12-12T00:00:00Z,2.02083,2.02705,2.01583,2.02221,134546,0,35
2025-12-14T00:00:00Z,2.02074,2.02517,2.01958,2.02293,3238,0,35
2025-12-15T00:00:00Z,2.02293,2.03481,2.02035,2.03138,135022,0,35
2025-12-16T00:00:00Z,2.03138,2.04004,2.029,2.0312,145230,0,35
2025-12-17T00:00:00Z,2.0312,2.03521,2.02723,2.03517,156973,0,35
2025-12-18T00:00:00Z,2.03517,2.03966,2.02686,2.03017,141965,0,33
2025-12-19T00:00:00Z,2.03017,2.0413,2.02766,2.03394,131998,0,35
2025-12-21T00:00:00Z,2.03447,2.03711,2.03327,2.03417,7006,0,35
2025-12-22T00:00:00Z,2.03415,2.03452,2.02656,2.02957,117830,0,35
2025-12-23T00:00:00Z,2.02958,2.02988,2.01787,2.01847,126810,0,35
2025-12-24T00:00:00Z,2.01847,2.02121,2.01462,2.01462,106389,0,35
2025-12-25T00:00:00Z,2.01272,2.02008,2.01251,2.01907,4786,0,35
2025-12-26T00:00:00Z,2.01904,2.02429,2.01749,2.01862,138971,0,35
2025-12-28T00:00:00Z,2.01774,2.02117,2.01679,2.02047,3706,0,35
2025-12-29T00:00:00Z,2.02046,2.03215,2.01825,2.02706,132310,0,35
2025-12-30T00:00:00Z,2.02706,2.03011,2.02348,2.02839,106838,0,35
2025-12-31T00:00:00Z,2.02839,2.0439,2.028,2.04079,111914,0,35
2026-01-01T00:00:00Z,2.03836,2.04187,2.03722,2.04073,2220,0,35
2026-01-02T00:00:00Z,2.04074,2.04303,2.0297,2.03081,121077,0,35
2026-01-04T00:00:00Z,2.03124,2.0369099999999998,2.02914,2.03381,5272,0,35
2026-01-05T00:00:00Z,2.03382,2.0358,2.0218,2.02459,154602,0,35
2026-01-06T00:00:00Z,2.02459,2.0265,2.01588,2.02152,137201,0,33
2026-01-07T00:00:00Z,2.02152,2.02379,2.01737,2.02235,140638,0,35
2026-01-08T00:00:00Z,2.02235,2.0329,2.02215,2.02736,86221,0,35
2026-01-09T00:00:00Z,2.0274,2.03481,2.0273,2.02763,64545,0,35
2026-01-11T00:00:00Z,2.02846,2.0301,2.02703,2.02872,1487,0,35
2026-01-12T00:00:00Z,2.02878,2.03167,2.01987,2.02088,68138,0,35
2026-01-13T00:00:00Z,2.02088,2.03042,2.01716,2.02865,72551,0,33
2026-01-14T00:00:00Z,2.02882,2.03077,2.02161,2.02753,69968,0,33
2026-01-15T00:00:00Z,2.0275,2.03064,2.01848,2.02109,63890,0,33
2026-01-16T00:00:00Z,2.02109,2.0211,2.0144,2.01624,83600,0,33
2026-01-18T00:00:00Z,2.01402,2.01814,2.0134,2.01665,7037,0,35
2026-01-19T00:00:00Z,2.01664,2.01881,2.00675,2.00917,116057,0,33
2026-01-20T00:00:00Z,2.00919,2.01414,1.9990999999999999,2.01253,161621,0,33
2026-01-21T00:00:00Z,2.01253,2.01395,1.99868,1.9994800000000001,157803,0,33
2026-01-22T00:00:00Z,1.9994800000000001,2.0012,1.9815800000000001,1.98663,134405,0,33
2026-01-23T00:00:00Z,1.98663,1.99112,1.9841,1.98827,151953,0,33
2026-01-25T00:00:00Z,1.99162,1.99282,1.98672,1.98933,8130,0,35
2026-01-26T00:00:00Z,1.98935,1.99127,1.9816500000000001,1.98878,152281,0,33
2026-01-27T00:00:00Z,1.98878,1.99777,1.98759,1.99397,168340,0,33
2026-01-28T00:00:00Z,1.99397,1.9956,1.9716200000000002,1.9754,193231,0,33
2026-01-29T00:00:00Z,1.9754,1.9788999999999999,1.9651100000000001,1.9696,208128,0,33
2026-01-30T00:00:00Z,1.96958,1.97342,1.9602,1.96813,236209,0,33
2026-02-01T00:00:00Z,1.96852,1.97549,1.96792,1.97139,9820,0,35
2026-02-02T00:00:00Z,1.97145,1.97775,1.96231,1.96237,250080,0,33
2026-02-03T00:00:00Z,1.96237,1.96486,1.94997,1.9559,194432,0,33
2026-02-04T00:00:00Z,1.9559199999999999,1.97039,1.95477,1.9676900000000002,177211,0,33
2026-02-05T00:00:00Z,1.9676900000000002,1.9835,1.9645299999999999,1.98305,208827,0,33
2026-02-06T00:00:00Z,1.98305,1.98555,1.96101,1.9633,168656,0,33
2026-02-08T00:00:00Z,1.96081,1.9630800000000002,1.95936,1.9604599999999999,7314,0,33
2026-02-09T00:00:00Z,1.9604599999999999,1.97672,1.96026,1.9667599999999998,163703,0,33
2026-02-10T00:00:00Z,1.96675,1.9733399999999999,1.96624,1.9679,140626,0,33
2026-02-11T00:00:00Z,1.9679,1.96833,1.9568699999999999,1.9632800000000001,161593,0,33
2026-02-12T00:00:00Z,1.9632800000000001,1.96841,1.9556200000000001,1.9676900000000002,164675,0,33
2026-02-13T00:00:00Z,1.9676900000000002,1.96996,1.96309,1.9645299999999999,165263,0,33
2026-02-15T00:00:00Z,1.9670100000000001,1.96813,1.96232,1.9667400000000002,4264,0,35
2026-02-16T00:00:00Z,1.9667599999999998,1.9684,1.96146,1.96455,87612,0,33
2026-02-17T00:00:00Z,1.96455,1.96719,1.95739,1.95947,155753,0,33
2026-02-18T00:00:00Z,1.95947,1.97717,1.95865,1.9757799999999999,136586,0,33
2026-02-19T00:00:00Z,1.97579,1.97811,1.96855,1.97106,144709,0,33
2026-02-20T00:00:00Z,1.97105,1.97932,1.96955,1.97139,167573,0,33
2026-02-22T00:00:00Z,1.97204,1.97428,1.9696,1.9708700000000001,6565,0,35
2026-02-23T00:00:00Z,1.9708700000000001,1.9808400000000002,1.97082,1.97873,155830,0,33
2026-02-24T00:00:00Z,1.97873,1.98031,1.97248,1.97412,136337,0,33
2026-02-25T00:00:00Z,1.97412,1.9753500000000002,1.96695,1.96903,144220,0,33
2026-02-26T00:00:00Z,1.96903,1.97757,1.9659499999999999,1.97371,205634,0,33
2026-02-27T00:00:00Z,1.9737,1.97489,1.9673500000000002,1.97036,218486,0,33
2026-03-01T00:00:00Z,1.9763,1.97789,1.97165,1.97394,17936,0,35
2026-03-02T00:00:00Z,1.97393,1.9763899999999999,1.96311,1.96654,339864,0,33
2026-03-03T00:00:00Z,1.96654,1.9775399999999999,1.96536,1.9718200000000001,326428,0,33
2026-03-04T00:00:00Z,1.97183,1.97581,1.95597,1.9595099999999999,166838,0,33
2026-03-05T00:00:00Z,1.9595099999999999,1.97116,1.95601,1.96848,163475,0,33
2026-03-06T00:00:00Z,1.96848,1.9724,1.96343,1.96733,155584,0,33
2026-03-08T00:00:00Z,1.9667400000000002,1.97059,1.96338,1.96935,15282,0,35
2026-03-09T00:00:00Z,1.96933,1.96966,1.9543300000000001,1.96001,189765,0,33
2026-03-10T00:00:00Z,1.96001,1.966,1.95396,1.9599199999999999,159294,0,33
2026-03-11T00:00:00Z,1.9599199999999999,1.96087,1.9513099999999999,1.95789,149437,0,33
2026-03-12T00:00:00Z,1.9579,1.96896,1.95294,1.9682,143711,0,33
2026-03-13T00:00:00Z,1.96822,1.97683,1.96556,1.97671,141529,0,33
2026-03-15T00:00:00Z,1.9699200000000001,1.9766599999999999,1.96978,1.97294,8108,0,33
2026-03-16T00:00:00Z,1.9729700000000001,1.9740199999999999,1.96209,1.96435,133591,0,33
2026-03-17T00:00:00Z,1.96435,1.97451,1.96319,1.9696799999999999,124376,0,33
2026-03-18T00:00:00Z,1.96973,1.9800499999999999,1.96632,1.97811,129697,0,33
2026-03-19T00:00:00Z,1.97811,1.98102,1.96912,1.97302,165104,0,33
2026-03-20T00:00:00Z,1.97303,1.98509,1.96375,1.9849,145109,0,33
2026-03-22T00:00:00Z,1.98099,1.98567,1.98003,1.98217,8882,0,33
2026-03-23T00:00:00Z,1.98216,1.99337,1.97499,1.98274,192421,0,33
2026-03-24T00:00:00Z,1.98275,1.996,1.98169,1.9898500000000001,175926,0,33
2026-03-25T00:00:00Z,1.9898799999999999,1.9956800000000001,1.98639,1.99113,146778,0,33
2026-03-26T00:00:00Z,1.9911400000000001,2.0033,1.9908299999999999,2.00225,130992,0,33
2026-03-27T00:00:00Z,2.00225,2.00538,1.99535,2.0033,132069,0,33
2026-03-29T00:00:00Z,2.00059,2.00662,1.99976,2.00637,8311,0,33
2026-03-30T00:00:00Z,2.00631,2.0099,2.00162,2.00395,127531,0,33
2026-03-31T00:00:00Z,2.00395,2.02073,2.00264,2.01081,149402,0,33
2026-04-01T00:00:00Z,2.01084,2.01728,2.00828,2.0158,138070,0,33
2026-04-02T00:00:00Z,2.0158,2.0218,2.01378,2.01866,142493,0,33
2026-04-03T00:00:00Z,2.01866,2.02598,2.01621,2.02199,47460,0,33
2026-04-05T00:00:00Z,2.0221,2.02583,2.02114,2.02414,7022,0,33
2026-04-06T00:00:00Z,2.02415,2.0243,2.01738,2.01975,118069,0,33
2026-04-07T00:00:00Z,2.01975,2.03113,2.00736,2.01177,153624,0,33
2026-04-08T00:00:00Z,2.0117,2.01668,1.99827,2.00156,160284,0,33
2026-04-09T00:00:00Z,2.00155,2.00353,1.99214,1.9981200000000001,123325,0,33
2026-04-10T00:00:00Z,1.9981200000000001,2.00853,1.99685,2.00755,98985,0,33
2026-04-12T00:00:00Z,2.01016,2.01314,2.00686,2.0116,8603,0,33
2026-04-13T00:00:00Z,2.01159,2.01189,2.00072,2.004,108827,0,33
2026-04-14T00:00:00Z,2.004,2.0078,1.9941200000000001,1.99871,108534,0,33
2026-04-15T00:00:00Z,1.99872,1.9999799999999999,1.9940600000000002,1.99712,112921,0,33
2026-04-16T00:00:00Z,1.99712,2.00189,1.9950700000000001,2.00164,108444,0,33
2026-04-17T00:00:00Z,2.00168,2.00521,1.996,1.99927,114450,0,33
2026-04-19T00:00:00Z,2.0013,2.00505,1.99985,2.00124,7796,0,33
2026-04-20T00:00:00Z,2.00126,2.00449,1.9925000000000002,1.99529,116812,0,33
2026-04-21T00:00:00Z,1.99529,1.99655,1.9880900000000001,1.9912800000000002,125699,0,33
2026-04-22T00:00:00Z,1.99125,1.99125,1.9792100000000001,1.98224,108642,0,33
2026-04-23T00:00:00Z,1.98224,1.99794,1.98176,1.9961600000000002,136250,0,33
2026-04-24T00:00:00Z,1.99613,1.99882,1.99201,1.99262,113249,0,33
2026-04-26T00:00:00Z,1.9942199999999999,1.99531,1.99051,1.99405,4532,0,33
2026-04-27T00:00:00Z,1.9940099999999998,1.99407,1.9811299999999998,1.98292,104787,0,33
2026-04-28T00:00:00Z,1.9828700000000001,1.99197,1.9813399999999999,1.98984,115941,0,33
2026-04-29T00:00:00Z,1.98983,2.0052,1.9882,2.00085,125072,0,33
2026-04-30T00:00:00Z,2.00084,2.00347,1.9832800000000002,1.9857200000000002,146457,0,33
2026-05-01T00:00:00Z,1.9857200000000002,1.99377,1.98549,1.9865599999999999,105218,0,33
2026-05-03T00:00:00Z,1.98909,1.98909,1.98392,1.98567,3823,0,33
2026-05-04T00:00:00Z,1.98566,1.99418,1.9804,1.99108,123420,0,33
2026-05-05T00:00:00Z,1.9910700000000001,1.9936500000000001,1.9821,1.98491,106726,0,33
2026-05-06T00:00:00Z,1.9848400000000002,1.98485,1.96718,1.97322,136119,0,33
2026-05-07T00:00:00Z,1.9731999999999998,1.97617,1.96651,1.97525,132427,0,33
2026-05-08T00:00:00Z,1.97525,1.97783,1.97166,1.97522,114041,0,33
2026-05-10T00:00:00Z,1.97699,1.97786,1.97062,1.97769,4636,0,33
2026-05-11T00:00:00Z,1.97773,1.97959,1.9729,1.9745300000000001,82237,0,33
2026-05-12T00:00:00Z,1.97452,1.97794,1.96894,1.97165,81377,0,33
2026-05-13T00:00:00Z,1.97163,1.97682,1.9678200000000001,1.97527,72053,0,33
2026-05-14T00:00:00Z,1.97525,1.9762,1.9708,1.9755500000000001,84183,0,33
2026-05-15T00:00:00Z,1.9755500000000001,1.99135,1.9738,1.99074,96776,0,33
2026-05-17T00:00:00Z,1.98589,1.99162,1.98508,1.99126,4364,0,33
2026-05-18T00:00:00Z,1.9912800000000002,1.99353,1.9800900000000001,1.98418,105387,0,33
2026-05-19T00:00:00Z,1.9842,1.99342,1.98365,1.9898099999999999,96635,0,33
2026-05-20T00:00:00Z,1.9898099999999999,1.99363,1.976,1.9811,102252,0,33
2026-05-21T00:00:00Z,1.9811100000000001,1.98536,1.9736099999999999,1.97645,109635,0,33
2026-05-22T00:00:00Z,1.97644,1.98356,1.9755,1.98326,75151,0,33
2026-05-24T00:00:00Z,1.97769,1.98236,1.97751,1.9823,4450,0,33
2026-05-25T00:00:00Z,1.98228,1.9851999999999999,1.97952,1.98505,48226,0,33
2026-05-26T00:00:00Z,1.98505,1.99325,1.98495,1.99177,67381,0,33
2026-05-27T00:00:00Z,1.99176,1.9926599999999999,1.9680900000000001,1.97188,84084,0,33
2026-05-28T00:00:00Z,1.9718900000000001,1.97658,1.9593699999999998,1.9600300000000002,86910,0,33
2026-05-29T00:00:00Z,1.9600300000000002,1.96076,1.94455,1.9468100000000002,78108,0,33
2026-05-31T00:00:00Z,1.94969,1.95,1.9445299999999999,1.94754,4857,0,33
2026-06-01T00:00:00Z,1.9475500000000001,1.96387,1.9475500000000001,1.96024,79122,0,33
2026-06-02T00:00:00Z,1.9601899999999999,1.9666000000000001,1.9585,1.96246,69385,0,33
2026-06-03T00:00:00Z,1.96245,1.98003,1.9592399999999999,1.97737,76151,0,33
2026-06-04T00:00:00Z,1.97741,1.98008,1.97432,1.97838,78056,0,33
2026-06-05T00:00:00Z,1.97838,1.9899,1.978,1.98787,99519,0,33
2026-06-07T00:00:00Z,1.98738,1.9901,1.98663,1.98787,6476,0,33
2026-06-08T00:00:00Z,1.98795,1.9897200000000002,1.97692,1.98655,114249,0,33
2026-06-09T00:00:00Z,1.98655,1.98772,1.9752800000000001,1.98571,115268,0,33
2026-06-10T00:00:00Z,1.9857200000000002,1.9924300000000001,1.98067,1.99095,130690,0,33
2026-06-11T00:00:00Z,1.9909400000000002,1.9969299999999999,1.97897,1.98471,133237,0,33
2026-06-12T00:00:00Z,1.98465,1.98943,1.9805700000000002,1.98377,112433,0,33
2026-06-14T00:00:00Z,1.9840200000000001,1.986,1.97801,1.9817399999999998,8438,0,33
2026-06-15T00:00:00Z,1.98173,1.9909400000000002,1.98112,1.9892400000000001,81173,0,33
2026-06-16T00:00:00Z,1.98926,1.99729,1.98623,1.9910999999999999,77501,0,33
2026-06-17T00:00:00Z,1.99109,1.9959,1.9891999999999999,1.99276,89197,0,33
2026-06-18T00:00:00Z,1.99274,1.9928,1.9852400000000001,1.99102,106106,0,33
2026-06-19T00:00:00Z,1.99104,2.00009,1.98926,1.9985,81660,0,33
2026-06-21T00:00:00Z,1.99775,1.99999,1.99501,1.9989400000000002,3553,0,33
2026-06-22T00:00:00Z,1.99895,2.00129,1.99436,2.00075,91226,0,33
2026-06-23T00:00:00Z,2.00074,2.00976,2.00074,2.00889,99211,0,33
2026-06-24T00:00:00Z,2.00885,2.01385,2.00295,2.01164,105606,0,33
2026-06-25T00:00:00Z,2.01163,2.01669,2.00721,2.01341,96666,0,33
2026-06-26T00:00:00Z,2.0134,2.02242,2.01179,2.01913,96046,0,33
2026-06-28T00:00:00Z,2.01495,2.01914,2.01382,2.0186,3607,0,33
2026-06-29T00:00:00Z,2.01857,2.02359,2.01423,2.02075,87349,0,33
2026-06-30T00:00:00Z,2.02076,2.02277,2.00735,2.01114,89253,0,33
2026-07-01T00:00:00Z,2.01115,2.01428,2.003,2.00493,90940,0,33
2026-07-02T00:00:00Z,2.00494,2.01096,2.00243,2.00659,108418,0,33
2026-07-03T00:00:00Z,2.00659,2.00716,1.99935,2.0005,63422,0,33
2026-07-05T00:00:00Z,1.99961,2.00613,1.99961,2.00594,2976,0,33
2026-07-06T00:00:00Z,2.00592,2.011,2.00334,2.00684,68762,0,33
2026-07-07T00:00:00Z,2.00684,2.01137,2.00574,2.00891,85005,0,33
2026-07-08T00:00:00Z,2.00892,2.00968,1.99662,1.99844,107826,0,33
2026-07-09T00:00:00Z,1.99844,1.99852,1.98262,1.98426,75095,0,33
2026-07-10T00:00:00Z,1.98426,1.98507,1.97695,1.9800900000000001,78050,0,33
2026-07-12T00:00:00Z,1.97672,1.98225,1.9766599999999999,1.9805000000000001,4530,0,33
2026-07-13T00:00:00Z,1.9805000000000001,1.9821900000000001,1.9732699999999999,1.9748299999999999,100247,0,33
2026-07-14T00:00:00Z,1.97485,1.9763199999999999,1.95735,1.96529,110144,0,33
2026-07-15T00:00:00Z,1.9652699999999999,1.96801,1.95561,1.9614099999999999,96862,0,33
2026-07-16T00:00:00Z,1.9614099999999999,1.9645000000000001,1.9533,1.95893,82038,0,33
2026-07-17T00:00:00Z,1.9589400000000001,1.96359,1.9548299999999998,1.95729,82972,0,33
2026-07-19T00:00:00Z,1.95902,1.96001,1.95651,1.9568699999999999,4625,0,33
2026-07-20T00:00:00Z,1.95686,1.95792,1.94917,1.95055,86761,0,33
2026-07-21T00:00:00Z,1.9505400000000002,1.9588299999999998,1.94366,1.9572,75209,0,33
2026-07-22T00:00:00Z,1.95721,1.96363,1.95485,1.96282,78916,0,33
2026-07-23T00:00:00Z,1.9627400000000002,1.97256,1.96035,1.97038,90620,0,33
2026-07-24T00:00:00Z,1.97036,1.97075,1.9609999999999999,1.9641600000000001,83640,0,33
2026-07-26T00:00:00Z,1.9605000000000001,1.96571,1.95965,1.9652699999999999,5407,0,33
2026-07-27T00:00:00Z,1.9652699999999999,1.97078,1.96255,1.9704199999999998,87368,0,33
2026-07-28T00:00:00Z,1.97043,1.97197,1.96537,1.96932,82252,0,33
2026-07-29T00:00:00Z,1.96932,1.9795,1.96509,1.97631,99123,0,33
2026-07-30T00:00:00Z,1.9763,1.97709,1.9571100000000001,1.9613800000000001,109603,0,33
2026-07-31T00:00:00Z,1.9613800000000001,1.96381,1.95477,1.95767,100877,0,33
2026-08-02T00:00:00Z,1.9557799999999999,1.95896,1.9541,1.9572699999999998,6966,0,33
2026-08-03T00:00:00Z,1.9572699999999998,1.96623,1.9541,1.9615,80900,0,33
2026-08-04T00:00:00Z,1.9615,1.96368,1.9525700000000001,1.96258,79076,0,33
2026-08-05T00:00:00Z,1.96258,1.96855,1.95945,1.96306,86896,0,33
2026-08-06T00:00:00Z,1.96305,1.96662,1.95933,1.9638900000000001,72965,0,33
2026-08-07T00:00:00Z,1.9639,1.96535,1.95791,1.9609,74102,0,33
2026-08-09T00:00:00Z,1.95952,1.96296,1.95782,1.96284,3461,0,33
2026-08-10T00:00:00Z,1.96284,1.96454,1.9581,1.96105,69112,0,33
2026-08-11T00:00:00Z,1.96108,1.96515,1.95733,1.9633099999999999,69655,0,33
2026-08-12T00:00:00Z,1.9631699999999999,1.96989,1.9628299999999999,1.96695,72625,0,33
2026-08-13T00:00:00Z,1.96699,1.9776,1.96641,1.97038,70275,0,33
2026-08-14T00:00:00Z,1.97036,1.97036,1.96083,1.9640900000000001,64660,0,33
2026-08-16T00:00:00Z,1.9614500000000001,1.96481,1.9603899999999999,1.96481,2626,0,33
2026-08-17T00:00:00Z,1.96479,1.96479,1.95538,1.96121,79264,0,33
2026-08-18T00:00:00Z,1.9611800000000001,1.97147,1.9604,1.97105,73565,0,33
2026-08-19T00:00:00Z,1.97105,1.97556,1.96503,1.96678,98958,0,33
2026-08-20T00:00:00Z,1.9668,1.96793,1.9592800000000001,1.96312,102256,0,33
2026-08-21T00:00:00Z,1.96313,1.9633699999999998,1.9501300000000001,1.95276,84258,0,33
2026-08-23T00:00:00Z,1.95271,1.95595,1.95027,1.95448,3360,0,33
2026-08-24T00:00:00Z,1.9544700000000002,1.9586299999999999,1.95275,1.95583,78857,0,33
2026-08-25T00:00:00Z,1.9558200000000001,1.96044,1.94942,1.95369,79331,0,33
2026-08-26T00:00:00Z,1.9537,1.96291,1.95183,1.9597,75578,0,33
2026-08-27T00:00:00Z,1.9597099999999998,1.96187,1.95465,1.95695,76799,0,33
2026-08-28T00:00:00Z,1.95695,1.9618,1.9518900000000001,1.95871,83405,0,33
2026-08-30T00:00:00Z,1.95278,1.9590100000000001,1.95278,1.95764,3937,0,33
2026-08-31T00:00:00Z,1.95764,1.96505,1.95681,1.96194,81339,0,33
2026-09-01T00:00:00Z,1.96192,1.9681600000000001,1.95904,1.96666,92873,0,33
2026-09-02T00:00:00Z,1.96666,1.99384,1.96126,1.97965,105282,0,33
2026-09-03T00:00:00Z,1.97961,1.98271,1.9727700000000001,1.97604,110951,0,33
2026-09-04T00:00:00Z,1.9760499999999999,1.97852,1.96971,1.9746899999999998,87409,0,33
