bar_index,timestamp_utc,equity
0,2018-12-12T00:00:00Z,10000.0
1,2018-12-13T00:00:00Z,10000.0
2,2018-12-14T00:00:00Z,10000.0
3,2018-12-17T00:00:00Z,10000.0
4,2018-12-18T00:00:00Z,10000.0
5,2018-12-19T00:00:00Z,10000.0
6,2018-12-20T00:00:00Z,10000.0
7,2018-12-21T00:00:00Z,10000.0
8,2018-12-24T00:00:00Z,10000.0
9,2018-12-26T00:00:00Z,10000.0
10,2018-12-27T00:00:00Z,10000.0
11,2018-12-28T00:00:00Z,10000.0
12,2018-12-31T00:00:00Z,10000.0
13,2019-01-01T00:00:00Z,10000.0
14,2019-01-02T00:00:00Z,10008.083698469354
15,2019-01-03T00:00:00Z,10037.44592896941
16,2019-01-04T00:00:00Z,10005.491983828875
17,2019-01-06T00:00:00Z,10002.868662912293
18,2019-01-07T00:00:00Z,10017.375943643754
19,2019-01-08T00:00:00Z,10010.66803102156
20,2019-01-09T00:00:00Z,10026.993197297423
21,2019-01-10T00:00:00Z,10012.560378217866
22,2019-01-11T00:00:00Z,10012.966936501796
23,2019-01-14T00:00:00Z,10022.782415070993
24,2019-01-15T00:00:00Z,10017.206758605651
25,2019-01-16T00:00:00Z,10010.721296371288
26,2019-01-17T00:00:00Z,10000.882019864333
27,2019-01-18T00:00:00Z,9962.050645545776
28,2019-01-20T00:00:00Z,9966.812653577628
29,2019-01-21T00:00:00Z,9956.160570578428
30,2019-01-22T00:00:00Z,9965.96757290038
31,2019-01-23T00:00:00Z,9963.114512865826
32,2019-01-24T00:00:00Z,9954.412679760439
33,2019-01-25T00:00:00Z,10031.801933197694
34,2019-01-27T00:00:00Z,10021.067294817689
35,2019-01-28T00:00:00Z,10013.438515262438
36,2019-01-29T00:00:00Z,10032.08299658916
37,2019-01-30T00:00:00Z,10066.514745734437
38,2019-01-31T00:00:00Z,10073.869884636364
39,2019-02-01T00:00:00Z,10061.059010834659
40,2019-02-03T00:00:00Z,10058.108872703666
41,2019-02-04T00:00:00Z,10049.239175359196
42,2019-02-05T00:00:00Z,10053.71101671377
43,2019-02-06T00:00:00Z,10020.267649847709
44,2019-02-07T00:00:00Z,10035.574268294155
45,2019-02-08T00:00:00Z,10049.645196188932
46,2019-02-10T00:00:00Z,10048.489227608343
47,2019-02-11T00:00:00Z,10039.801194087297
48,2019-02-12T00:00:00Z,10041.686043084828
49,2019-02-13T00:00:00Z,10030.145824733818
50,2019-02-14T00:00:00Z,10049.041831117724
51,2019-02-15T00:00:00Z,10090.665901124235
52,2019-02-17T00:00:00Z,10089.476641981191
53,2019-02-18T00:00:00Z,10080.091187301261
54,2019-02-19T00:00:00Z,10127.143470108778
55,2019-02-20T00:00:00Z,10131.530526344633
56,2019-02-21T00:00:00Z,10068.176273056248
57,2019-02-22T00:00:00Z,10076.047168067635
58,2019-02-24T00:00:00Z,10076.219209488649
59,2019-02-25T00:00:00Z,10066.84008673653
60,2019-02-26T00:00:00Z,10065.236939172479
61,2019-02-27T00:00:00Z,10037.120598454387
62,2019-02-28T00:00:00Z,10011.918177585358
63,2019-03-01T00:00:00Z,10011.918177585358
64,2019-03-03T00:00:00Z,10011.918177585358
65,2019-03-04T00:00:00Z,10011.918177585358
66,2019-03-05T00:00:00Z,10011.918177585358
67,2019-03-06T00:00:00Z,10011.918177585358
68,2019-03-07T00:00:00Z,10011.918177585358
69,2019-03-08T00:00:00Z,10011.918177585358
70,2019-03-10T00:00:00Z,10004.188596299371
71,2019-03-11T00:00:00Z,9990.366833151555
72,2019-03-12T00:00:00Z,10017.921758401368
73,2019-03-13T00:00:00Z,10039.953885128445
74,2019-03-14T00:00:00Z,10000.674088148537
75,2019-03-15T00:00:00Z,9994.314875035385
76,2019-03-17T00:00:00Z,9983.13414107426
77,2019-03-18T00:00:00Z,9991.884579617172
78,2019-03-19T00:00:00Z,9999.977988644916
79,2019-03-20T00:00:00Z,10027.513498326023
80,2019-03-21T00:00:00Z,10007.055988421947
81,2019-03-22T00:00:00Z,10000.74847298642
82,2019-03-24T00:00:00Z,9987.583737156509
83,2019-03-25T00:00:00Z,10018.972459927647
84,2019-03-26T00:00:00Z,10003.197449202995
85,2019-03-27T00:00:00Z,9980.51885505283
86,2019-03-28T00:00:00Z,9946.527856626211
87,2019-03-29T00:00:00Z,9941.607383751149
88,2019-03-31T00:00:00Z,9941.027785449376
89,2019-04-01T00:00:00Z,9928.33458264052
90,2019-04-02T00:00:00Z,9941.056765364465
91,2019-04-03T00:00:00Z,9941.201664939908
92,2019-04-04T00:00:00Z,9935.066967210352
93,2019-04-05T00:00:00Z,9935.066967210352
94,2019-04-07T00:00:00Z,9935.066967210352
95,2019-04-08T00:00:00Z,9935.066967210352
96,2019-04-09T00:00:00Z,9935.066967210352
97,2019-04-10T00:00:00Z,9935.066967210352
98,2019-04-11T00:00:00Z,9935.066967210352
99,2019-04-12T00:00:00Z,9935.066967210352
100,2019-04-14T00:00:00Z,9935.066967210352
101,2019-04-15T00:00:00Z,9935.066967210352
102,2019-04-16T00:00:00Z,9935.066967210352
103,2019-04-17T00:00:00Z,9918.96469790754
104,2019-04-18T00:00:00Z,9924.764601417179
105,2019-04-21T00:00:00Z,9928.287242199105
106,2019-04-22T00:00:00Z,9920.672644953323
107,2019-04-23T00:00:00Z,9909.144002394289
108,2019-04-24T00:00:00Z,9902.040706423815
109,2019-04-25T00:00:00Z,9909.046483333294
110,2019-04-26T00:00:00Z,9936.654523696618
111,2019-04-28T00:00:00Z,9936.20193287099
112,2019-04-29T00:00:00Z,9915.722198011312
113,2019-04-30T00:00:00Z,9926.207218805032
114,2019-05-01T00:00:00Z,9918.234818267598
115,2019-05-02T00:00:00Z,9885.41634845012
116,2019-05-03T00:00:00Z,9917.19253799458
117,2019-05-05T00:00:00Z,9938.272180380423
118,2019-05-06T00:00:00Z,9932.982679038252
119,2019-05-07T00:00:00Z,9940.623069865835
120,2019-05-08T00:00:00Z,9931.939892226912
121,2019-05-09T00:00:00Z,9931.939892226912
122,2019-05-10T00:00:00Z,9931.939892226912
123,2019-05-12T00:00:00Z,9931.939892226912
124,2019-05-13T00:00:00Z,9931.939892226912
125,2019-05-14T00:00:00Z,9931.939892226912
126,2019-05-15T00:00:00Z,9931.939892226912
127,2019-05-16T00:00:00Z,9961.11461266693
128,2019-05-17T00:00:00Z,9989.551499319148
129,2019-05-19T00:00:00Z,9989.005292612743
130,2019-05-20T00:00:00Z,9989.927016429801
131,2019-05-21T00:00:00Z,9999.656323387644
132,2019-05-22T00:00:00Z,9992.137387772736
133,2019-05-23T00:00:00Z,9992.137387772736
134,2019-05-24T00:00:00Z,9987.513148862998
135,2019-05-26T00:00:00Z,9987.009934770136
136,2019-05-27T00:00:00Z,9990.676208875262
137,2019-05-28T00:00:00Z,9969.720936294003
138,2019-05-29T00:00:00Z,9969.613104702676
139,2019-05-30T00:00:00Z,9962.033118430978
140,2019-05-31T00:00:00Z,10015.462989602598
141,2019-06-02T00:00:00Z,10031.21168397757
142,2019-06-03T00:00:00Z,10096.097949574709
143,2019-06-04T00:00:00Z,10096.71473917164
144,2019-06-05T00:00:00Z,10119.823789403321
145,2019-06-06T00:00:00Z,10110.673326620854
146,2019-06-07T00:00:00Z,10127.456206532557
147,2019-06-09T00:00:00Z,10109.006558894389
148,2019-06-10T00:00:00Z,10089.957464221045
149,2019-06-11T00:00:00Z,10084.862164422055
150,2019-06-12T00:00:00Z,10104.144377386858
151,2019-06-13T00:00:00Z,10097.052841465555
152,2019-06-14T00:00:00Z,10083.769807903822
153,2019-06-16T00:00:00Z,10075.493282536196
154,2019-06-17T00:00:00Z,10078.566650262284
155,2019-06-18T00:00:00Z,10094.149163820879
156,2019-06-19T00:00:00Z,10127.794452611757
157,2019-06-20T00:00:00Z,10122.116456879723
158,2019-06-21T00:00:00Z,10135.99952102158
159,2019-06-23T00:00:00Z,10152.879322288416
160,2019-06-24T00:00:00Z,10194.215781167626
161,2019-06-25T00:00:00Z,10178.770650924796
162,2019-06-26T00:00:00Z,10161.57701537146
163,2019-06-27T00:00:00Z,10156.67837678925
164,2019-06-28T00:00:00Z,10149.410970459065
165,2019-06-30T00:00:00Z,10117.193102090676
166,2019-07-01T00:00:00Z,10103.306434312513
167,2019-07-02T00:00:00Z,10180.536031495763
168,2019-07-03T00:00:00Z,10157.773216733922
169,2019-07-04T00:00:00Z,10152.286068540941
170,2019-07-05T00:00:00Z,10123.345786942487
171,2019-07-07T00:00:00Z,10117.540030144753
172,2019-07-08T00:00:00Z,10113.46447342793
173,2019-07-09T00:00:00Z,10111.377880105547
174,2019-07-10T00:00:00Z,10153.855544123626
175,2019-07-11T00:00:00Z,10135.996159364247
176,2019-07-12T00:00:00Z,10143.422991672911
177,2019-07-14T00:00:00Z,10144.679350885726
178,2019-07-15T00:00:00Z,10140.96861926887
179,2019-07-16T00:00:00Z,10119.653575656128
180,2019-07-17T00:00:00Z,10152.598989534301
181,2019-07-18T00:00:00Z,10155.461598760734
182,2019-07-19T00:00:00Z,10153.937132308787
183,2019-07-21T00:00:00Z,10153.276530179612
184,2019-07-22T00:00:00Z,10149.23421669693
185,2019-07-23T00:00:00Z,10149.23421669693
186,2019-07-24T00:00:00Z,10161.596644068162
187,2019-07-25T00:00:00Z,10139.854123518031
188,2019-07-26T00:00:00Z,10147.779759663985
189,2019-07-28T00:00:00Z,10150.683000712103
190,2019-07-29T00:00:00Z,10159.922512368883
191,2019-07-30T00:00:00Z,10155.014969497506
192,2019-07-31T00:00:00Z,10100.772932774855
193,2019-08-01T00:00:00Z,10100.772932774855
194,2019-08-02T00:00:00Z,10100.29963513059
195,2019-08-04T00:00:00Z,10098.926598620816
196,2019-08-05T00:00:00Z,10167.43913055057
197,2019-08-06T00:00:00Z,10173.050671068779
198,2019-08-07T00:00:00Z,10222.579480819915
199,2019-08-08T00:00:00Z,10217.80049953535
200,2019-08-09T00:00:00Z,10217.80049953535
201,2019-08-11T00:00:00Z,10217.80049953535
202,2019-08-12T00:00:00Z,10234.191449534208
203,2019-08-13T00:00:00Z,10213.364532461917
204,2019-08-14T00:00:00Z,10243.297430195378
205,2019-08-15T00:00:00Z,10261.101384237585
206,2019-08-16T00:00:00Z,10234.766368883487
207,2019-08-18T00:00:00Z,10225.023506949443
208,2019-08-19T00:00:00Z,10201.01124261747
209,2019-08-20T00:00:00Z,10216.260824532308
210,2019-08-21T00:00:00Z,10210.858982580385
211,2019-08-22T00:00:00Z,10203.074867632811
212,2019-08-23T00:00:00Z,10246.926899208815
213,2019-08-25T00:00:00Z,10273.786098975284
214,2019-08-26T00:00:00Z,10273.786098975284
215,2019-08-27T00:00:00Z,10273.786098975284
216,2019-08-28T00:00:00Z,10273.786098975284
217,2019-08-29T00:00:00Z,10273.786098975284
218,2019-08-30T00:00:00Z,10255.741612164033
219,2019-09-01T00:00:00Z,10270.329207361334
220,2019-09-02T00:00:00Z,10265.341411345395
221,2019-09-03T00:00:00Z,10304.389704812642
222,2019-09-04T00:00:00Z,10308.028062865364
223,2019-09-05T00:00:00Z,10303.389498789378
224,2019-09-06T00:00:00Z,10303.389498789378
225,2019-09-08T00:00:00Z,10303.389498789378
226,2019-09-09T00:00:00Z,10284.645859805989
227,2019-09-10T00:00:00Z,10270.339198770676
228,2019-09-11T00:00:00Z,10279.742492249417
229,2019-09-12T00:00:00Z,10287.206162485845
230,2019-09-13T00:00:00Z,10272.325372970807
231,2019-09-15T00:00:00Z,10291.04945819333
232,2019-09-16T00:00:00Z,10291.04945819333
233,2019-09-17T00:00:00Z,10291.04945819333
234,2019-09-18T00:00:00Z,10291.04945819333
235,2019-09-19T00:00:00Z,10291.04945819333
236,2019-09-20T00:00:00Z,10291.04945819333
237,2019-09-22T00:00:00Z,10291.04945819333
238,2019-09-23T00:00:00Z,10291.04945819333
239,2019-09-24T00:00:00Z,10291.04945819333
240,2019-09-25T00:00:00Z,10291.04945819333
241,2019-09-26T00:00:00Z,10291.04945819333
242,2019-09-27T00:00:00Z,10291.04945819333
243,2019-09-29T00:00:00Z,10291.04945819333
244,2019-09-30T00:00:00Z,10291.04945819333
245,2019-10-01T00:00:00Z,10291.04945819333
246,2019-10-02T00:00:00Z,10291.04945819333
247,2019-10-03T00:00:00Z,10291.04945819333
248,2019-10-04T00:00:00Z,10291.04945819333
249,2019-10-06T00:00:00Z,10291.04945819333
250,2019-10-07T00:00:00Z,10291.04945819333
251,2019-10-08T00:00:00Z,10291.04945819333
252,2019-10-09T00:00:00Z,10291.04945819333
253,2019-10-10T00:00:00Z,10291.04945819333
254,2019-10-11T00:00:00Z,10278.103024473743
255,2019-10-13T00:00:00Z,10271.96082853356
256,2019-10-14T00:00:00Z,10282.621236670579
257,2019-10-15T00:00:00Z,10267.715960135109
258,2019-10-16T00:00:00Z,10280.73998817581
259,2019-10-17T00:00:00Z,10276.810140425277
260,2019-10-18T00:00:00Z,10267.406299728957
261,2019-10-20T00:00:00Z,10270.127061475445
262,2019-10-21T00:00:00Z,10256.450212159207
263,2019-10-22T00:00:00Z,10264.941180025762
264,2019-10-23T00:00:00Z,10270.948768043176
265,2019-10-24T00:00:00Z,10266.845048706813
266,2019-10-25T00:00:00Z,10264.793567419081
267,2019-10-27T00:00:00Z,10264.080774948317
268,2019-10-28T00:00:00Z,10233.799384466247
269,2019-10-29T00:00:00Z,10211.839229811554
270,2019-10-30T00:00:00Z,10228.391374380037
271,2019-10-31T00:00:00Z,10276.449932440912
272,2019-11-01T00:00:00Z,10281.272710274485
273,2019-11-03T00:00:00Z,10278.170338568678
274,2019-11-04T00:00:00Z,10260.853463774441
275,2019-11-05T00:00:00Z,10253.946113043432
276,2019-11-06T00:00:00Z,10253.946113043432
277,2019-11-07T00:00:00Z,10198.775383507158
278,2019-11-08T00:00:00Z,10198.775383507158
279,2019-11-10T00:00:00Z,10198.775383507158
280,2019-11-11T00:00:00Z,10198.775383507158
281,2019-11-12T00:00:00Z,10198.775383507158
282,2019-11-13T00:00:00Z,10205.212329377613
283,2019-11-14T00:00:00Z,10217.944046347826
284,2019-11-15T00:00:00Z,10214.169203947884
285,2019-11-17T00:00:00Z,10217.452646745465
286,2019-11-18T00:00:00Z,10223.528132738269
287,2019-11-19T00:00:00Z,10218.197152512643
288,2019-11-20T00:00:00Z,10218.197152512643
289,2019-11-21T00:00:00Z,10218.197152512643
290,2019-11-22T00:00:00Z,10202.692159658674
291,2019-11-24T00:00:00Z,10199.70053515527
292,2019-11-25T00:00:00Z,10182.459330780384
293,2019-11-26T00:00:00Z,10199.910473716913
294,2019-11-27T00:00:00Z,10190.174572920745
295,2019-11-28T00:00:00Z,10183.970149348626
296,2019-11-29T00:00:00Z,10200.415170711629
297,2019-12-01T00:00:00Z,10195.867811247226
298,2019-12-02T00:00:00Z,10198.687879132127
299,2019-12-03T00:00:00Z,10248.074317966455
300,2019-12-04T00:00:00Z,10244.3024771704
301,2019-12-05T00:00:00Z,10235.97461493043
302,2019-12-06T00:00:00Z,10179.874858683686
303,2019-12-08T00:00:00Z,10175.022052333357
304,2019-12-09T00:00:00Z,10178.615744055202
305,2019-12-10T00:00:00Z,10188.261969203311
306,2019-12-11T00:00:00Z,10221.58242665936
307,2019-12-12T00:00:00Z,10205.127101406704
308,2019-12-13T00:00:00Z,10191.19282559212
309,2019-12-16T00:00:00Z,10182.88017642319
310,2019-12-17T00:00:00Z,10183.626874126194
311,2019-12-18T00:00:00Z,10184.14381868981
312,2019-12-19T00:00:00Z,10191.811829716795
313,2019-12-20T00:00:00Z,10189.083511186594
314,2019-12-22T00:00:00Z,10185.40170789474
315,2019-12-23T00:00:00Z,10201.464311108417
316,2019-12-24T00:00:00Z,10250.157025620128
317,2019-12-25T00:00:00Z,10249.878980141117
318,2019-12-26T00:00:00Z,10290.786421240535
319,2019-12-27T00:00:00Z,10288.353523299193
320,2019-12-29T00:00:00Z,10283.812800013346
321,2019-12-30T00:00:00Z,10279.86408596486
322,2019-12-31T00:00:00Z,10290.39645414727
323,2020-01-01T00:00:00Z,10292.74111561544
324,2020-01-02T00:00:00Z,10331.446638264579
325,2020-01-03T00:00:00Z,10416.78487233619
326,2020-01-05T00:00:00Z,10408.12522207587
327,2020-01-06T00:00:00Z,10408.12522207587
328,2020-01-07T00:00:00Z,10408.12522207587
329,2020-01-08T00:00:00Z,10408.12522207587
330,2020-01-09T00:00:00Z,10408.12522207587
331,2020-01-10T00:00:00Z,10419.796189049428
332,2020-01-12T00:00:00Z,10415.47239317429
333,2020-01-13T00:00:00Z,10389.804435457896
334,2020-01-14T00:00:00Z,10397.774143956562
335,2020-01-15T00:00:00Z,10410.10429066829
336,2020-01-16T00:00:00Z,10405.664051196074
337,2020-01-17T00:00:00Z,10409.67396402704
338,2020-01-19T00:00:00Z,10409.491008340887
339,2020-01-20T00:00:00Z,10416.459956749837
340,2020-01-21T00:00:00Z,10408.326744883543
341,2020-01-22T00:00:00Z,10416.77597111683
342,2020-01-23T00:00:00Z,10412.433302708501
343,2020-01-24T00:00:00Z,10429.087589716935
344,2020-01-26T00:00:00Z,10454.345846854814
345,2020-01-27T00:00:00Z,10450.629490800311
346,2020-01-28T00:00:00Z,10423.405022028945
347,2020-01-29T00:00:00Z,10441.94358885897
348,2020-01-30T00:00:00Z,10436.48873115439
349,2020-01-31T00:00:00Z,10436.48873115439
350,2020-02-02T00:00:00Z,10436.48873115439
351,2020-02-03T00:00:00Z,10436.48873115439
352,2020-02-04T00:00:00Z,10380.43749744724
353,2020-02-05T00:00:00Z,10379.251814648882
354,2020-02-06T00:00:00Z,10400.198679387833
355,2020-02-07T00:00:00Z,10409.028588523943
356,2020-02-09T00:00:00Z,10419.641666658345
357,2020-02-10T00:00:00Z,10413.454285073916
358,2020-02-11T00:00:00Z,10408.003912888335
359,2020-02-12T00:00:00Z,10408.003912888335
360,2020-02-13T00:00:00Z,10408.003912888335
361,2020-02-14T00:00:00Z,10417.207738537354
362,2020-02-16T00:00:00Z,10416.061439472845
363,2020-02-17T00:00:00Z,10419.226221672683
364,2020-02-18T00:00:00Z,10460.56774662963
365,2020-02-19T00:00:00Z,10484.166555631573
366,2020-02-20T00:00:00Z,10477.875467382984
367,2020-02-21T00:00:00Z,10531.901629044436
368,2020-02-23T00:00:00Z,10596.659155678572
369,2020-02-24T00:00:00Z,10563.214244539155
370,2020-02-25T00:00:00Z,10522.145646231715
371,2020-02-26T00:00:00Z,10532.953172102094
372,2020-02-27T00:00:00Z,10525.200135586461
373,2020-02-28T00:00:00Z,10469.79262749461
374,2020-03-01T00:00:00Z,10459.160506151997
375,2020-03-02T00:00:00Z,10468.456129860253
376,2020-03-03T00:00:00Z,10540.72859817205
377,2020-03-04T00:00:00Z,10528.455155613532
378,2020-03-05T00:00:00Z,10579.279280044379
379,2020-03-06T00:00:00Z,10575.589550849147
380,2020-03-08T00:00:00Z,10575.589550849147
381,2020-03-09T00:00:00Z,10541.37561580829
382,2020-03-10T00:00:00Z,10521.132447875789
383,2020-03-11T00:00:00Z,10521.132447875789
384,2020-03-12T00:00:00Z,10521.132447875789
385,2020-03-13T00:00:00Z,10467.232789546117
386,2020-03-15T00:00:00Z,10460.74127195672
387,2020-03-16T00:00:00Z,10413.747707086466
388,2020-03-17T00:00:00Z,10434.388935847406
389,2020-03-18T00:00:00Z,10406.62353210945
390,2020-03-19T00:00:00Z,10388.092307929124
391,2020-03-20T00:00:00Z,10406.798157290192
392,2020-03-22T00:00:00Z,10402.013427337864
393,2020-03-23T00:00:00Z,10400.318875484048
394,2020-03-24T00:00:00Z,10400.318875484048
395,2020-03-25T00:00:00Z,10400.318875484048
396,2020-03-26T00:00:00Z,10400.318875484048
397,2020-03-27T00:00:00Z,10400.318875484048
398,2020-03-29T00:00:00Z,10398.431699920442
399,2020-03-30T00:00:00Z,10393.644363002095
400,2020-03-31T00:00:00Z,10372.306835809191
401,2020-04-01T00:00:00Z,10379.854389025006
402,2020-04-02T00:00:00Z,10391.917145158006
403,2020-04-03T00:00:00Z,10390.34646067133
404,2020-04-05T00:00:00Z,10389.74580163532
405,2020-04-06T00:00:00Z,10428.046529285977
406,2020-04-07T00:00:00Z,10414.529655344808
407,2020-04-08T00:00:00Z,10414.389584112258
408,2020-04-09T00:00:00Z,10446.010664860642
409,2020-04-12T00:00:00Z,10445.610247439039
410,2020-04-13T00:00:00Z,10445.610247439039
411,2020-04-14T00:00:00Z,10445.610247439039
412,2020-04-15T00:00:00Z,10445.610247439039
413,2020-04-16T00:00:00Z,10440.891278548586
414,2020-04-17T00:00:00Z,10405.10893803681
415,2020-04-19T00:00:00Z,10396.20604580639
416,2020-04-20T00:00:00Z,10391.452331199638
417,2020-04-21T00:00:00Z,10384.025686227309
418,2020-04-22T00:00:00Z,10411.527343857342
419,2020-04-23T00:00:00Z,10432.109153122039
420,2020-04-24T00:00:00Z,10432.1447002883
421,2020-04-26T00:00:00Z,10427.748700727447
422,2020-04-27T00:00:00Z,10424.31722296907
423,2020-04-28T00:00:00Z,10424.31722296907
424,2020-04-29T00:00:00Z,10424.31722296907
425,2020-04-30T00:00:00Z,10424.31722296907
426,2020-05-01T00:00:00Z,10435.855775839327
427,2020-05-03T00:00:00Z,10435.652386929423
428,2020-05-04T00:00:00Z,10440.597279801485
429,2020-05-05T00:00:00Z,10440.813380518259
430,2020-05-06T00:00:00Z,10422.966003674104
431,2020-05-07T00:00:00Z,10419.262405821255
432,2020-05-08T00:00:00Z,10419.262405821255
433,2020-05-10T00:00:00Z,10419.262405821255
434,2020-05-11T00:00:00Z,10419.262405821255
435,2020-05-12T00:00:00Z,10419.262405821255
436,2020-05-13T00:00:00Z,10419.262405821255
437,2020-05-14T00:00:00Z,10419.262405821255
438,2020-05-15T00:00:00Z,10419.262405821255
439,2020-05-17T00:00:00Z,10397.756121463808
440,2020-05-18T00:00:00Z,10432.643012058128
441,2020-05-19T00:00:00Z,10415.806295293043
442,2020-05-20T00:00:00Z,10413.227699031724
443,2020-05-21T00:00:00Z,10446.036544403685
444,2020-05-22T00:00:00Z,10441.7897056331
445,2020-05-24T00:00:00Z,10441.7897056331
446,2020-05-25T00:00:00Z,10429.979834987784
447,2020-05-26T00:00:00Z,10404.859909648183
448,2020-05-27T00:00:00Z,10386.50072190276
449,2020-05-28T00:00:00Z,10400.32408794022
450,2020-05-29T00:00:00Z,10412.38138562734
451,2020-05-31T00:00:00Z,10431.142882879492
452,2020-06-01T00:00:00Z,10434.016111264507
453,2020-06-02T00:00:00Z,10408.58461954714
454,2020-06-03T00:00:00Z,10403.59287815787
455,2020-06-04T00:00:00Z,10419.759306706195
456,2020-06-05T00:00:00Z,10348.628302113199
457,2020-06-07T00:00:00Z,10341.153489319873
458,2020-06-08T00:00:00Z,10365.642769192518
459,2020-06-09T00:00:00Z,10390.239795739652
460,2020-06-10T00:00:00Z,10424.534022990596
461,2020-06-11T00:00:00Z,10410.957942005258
462,2020-06-12T00:00:00Z,10406.711050409584
463,2020-06-14T00:00:00Z,10408.414223466616
464,2020-06-15T00:00:00Z,10396.573070233108
465,2020-06-16T00:00:00Z,10399.859062634094
466,2020-06-17T00:00:00Z,10401.567199653107
467,2020-06-18T00:00:00Z,10394.995214851137
468,2020-06-19T00:00:00Z,10391.00926480565
469,2020-06-21T00:00:00Z,10389.339078764882
470,2020-06-22T00:00:00Z,10397.969305611367
471,2020-06-23T00:00:00Z,10419.706978956357
472,2020-06-24T00:00:00Z,10409.347619002885
473,2020-06-25T00:00:00Z,10415.013617665962
474,2020-06-26T00:00:00Z,10410.66377926675
475,2020-06-28T00:00:00Z,10400.860192350978
476,2020-06-29T00:00:00Z,10403.839759428109
477,2020-06-30T00:00:00Z,10421.60946669534
478,2020-07-01T00:00:00Z,10395.062600990053
479,2020-07-02T00:00:00Z,10408.650144829744
480,2020-07-03T00:00:00Z,10403.494394927353
481,2020-07-05T00:00:00Z,10401.733278367648
482,2020-07-06T00:00:00Z,10421.817319014861
483,2020-07-07T00:00:00Z,10438.557241248245
484,2020-07-08T00:00:00Z,10467.049903340632
485,2020-07-09T00:00:00Z,10456.804916292487
486,2020-07-10T00:00:00Z,10451.286622027128
487,2020-07-12T00:00:00Z,10446.042073541961
488,2020-07-13T00:00:00Z,10450.602332333845
489,2020-07-14T00:00:00Z,10464.6648043793
490,2020-07-15T00:00:00Z,10472.13800380917
491,2020-07-16T00:00:00Z,10442.566634022156
492,2020-07-17T00:00:00Z,10436.808150448142
493,2020-07-19T00:00:00Z,10436.808150448142
494,2020-07-20T00:00:00Z,10451.549160612118
495,2020-07-21T00:00:00Z,10510.910811841524
496,2020-07-22T00:00:00Z,10575.245042272112
497,2020-07-23T00:00:00Z,10612.28956770866
498,2020-07-24T00:00:00Z,10645.622502928058
499,2020-07-26T00:00:00Z,10641.886158022033
500,2020-07-27T00:00:00Z,10641.886158022033
501,2020-07-28T00:00:00Z,10585.408227837812
502,2020-07-29T00:00:00Z,10595.231257837093
503,2020-07-30T00:00:00Z,10582.268082895584
504,2020-07-31T00:00:00Z,10605.773922934752
505,2020-08-02T00:00:00Z,10616.007300663474
506,2020-08-03T00:00:00Z,10609.014716670128
507,2020-08-04T00:00:00Z,10602.866826925985
508,2020-08-05T00:00:00Z,10605.370777186248
509,2020-08-06T00:00:00Z,10638.896158336942
510,2020-08-07T00:00:00Z,10603.270937531737
511,2020-08-09T00:00:00Z,10595.643578786676
512,2020-08-10T00:00:00Z,10596.73467194049
513,2020-08-11T00:00:00Z,10593.419106505096
514,2020-08-12T00:00:00Z,10600.881297465932
515,2020-08-13T00:00:00Z,10628.081853646941
516,2020-08-14T00:00:00Z,10617.838484817139
517,2020-08-16T00:00:00Z,10609.052973723416
518,2020-08-17T00:00:00Z,10648.392113791124
519,2020-08-18T00:00:00Z,10645.971649376463
520,2020-08-19T00:00:00Z,10591.312540049661
521,2020-08-20T00:00:00Z,10605.944881614181
522,2020-08-21T00:00:00Z,10597.240199975275
523,2020-08-23T00:00:00Z,10594.298801069068
524,2020-08-24T00:00:00Z,10590.673510317853
525,2020-08-25T00:00:00Z,10590.613752777997
526,2020-08-26T00:00:00Z,10588.46706588523
527,2020-08-27T00:00:00Z,10567.956491404828
528,2020-08-28T00:00:00Z,10594.062313032144
529,2020-08-30T00:00:00Z,10600.326560819436
530,2020-08-31T00:00:00Z,10596.526346278752
531,2020-09-01T00:00:00Z,10599.85243197315
532,2020-09-02T00:00:00Z,10597.61283854604
533,2020-09-03T00:00:00Z,10579.481307271471
534,2020-09-04T00:00:00Z,10583.92528592624
535,2020-09-06T00:00:00Z,10585.290549471725
536,2020-09-07T00:00:00Z,10581.817832131195
537,2020-09-08T00:00:00Z,10581.432992742535
538,2020-09-09T00:00:00Z,10578.634514075078
539,2020-09-10T00:00:00Z,10571.31164260353
540,2020-09-11T00:00:00Z,10566.527228205241
541,2020-09-13T00:00:00Z,10570.126614037286
542,2020-09-14T00:00:00Z,10586.085737064914
543,2020-09-15T00:00:00Z,10582.408825999562
544,2020-09-16T00:00:00Z,10578.98697507819
545,2020-09-17T00:00:00Z,10555.94469826026
546,2020-09-18T00:00:00Z,10560.34256453952
547,2020-09-20T00:00:00Z,10557.887941499934
548,2020-09-21T00:00:00Z,10523.252043566847
549,2020-09-22T00:00:00Z,10523.252043566847
550,2020-09-23T00:00:00Z,10523.252043566847
551,2020-09-24T00:00:00Z,10536.071134293057
552,2020-09-25T00:00:00Z,10527.084494632678
553,2020-09-27T00:00:00Z,10529.260342917212
554,2020-09-28T00:00:00Z,10555.15165001896
555,2020-09-29T00:00:00Z,10573.356676494279
556,2020-09-30T00:00:00Z,10569.47611978541
557,2020-10-01T00:00:00Z,10585.737653348002
558,2020-10-02T00:00:00Z,10579.348404709594
559,2020-10-04T00:00:00Z,10585.374775129188
560,2020-10-05T00:00:00Z,10598.049592914915
561,2020-10-06T00:00:00Z,10555.748360550278
562,2020-10-07T00:00:00Z,10551.887550166965
563,2020-10-08T00:00:00Z,10551.887550166965
564,2020-10-09T00:00:00Z,10551.887550166965
565,2020-10-11T00:00:00Z,10551.887550166965
566,2020-10-12T00:00:00Z,10551.887550166965
567,2020-10-13T00:00:00Z,10551.887550166965
568,2020-10-14T00:00:00Z,10551.887550166965
569,2020-10-15T00:00:00Z,10551.887550166965
570,2020-10-16T00:00:00Z,10551.887550166965
571,2020-10-18T00:00:00Z,10549.477290962965
572,2020-10-19T00:00:00Z,10552.748240838671
573,2020-10-20T00:00:00Z,10563.837908619029
574,2020-10-21T00:00:00Z,10578.987571201253
575,2020-10-22T00:00:00Z,10555.646187658376
576,2020-10-23T00:00:00Z,10551.275714416253
577,2020-10-25T00:00:00Z,10551.275714416253
578,2020-10-26T00:00:00Z,10551.275714416253
579,2020-10-27T00:00:00Z,10551.275714416253
580,2020-10-28T00:00:00Z,10551.275714416253
581,2020-10-29T00:00:00Z,10527.811346035414
582,2020-10-30T00:00:00Z,10544.479087643518
583,2020-11-01T00:00:00Z,10542.213729905116
584,2020-11-02T00:00:00Z,10571.31613588752
585,2020-11-03T00:00:00Z,10603.973665328003
586,2020-11-04T00:00:00Z,10598.945963765018
587,2020-11-05T00:00:00Z,10660.808760642343
588,2020-11-06T00:00:00Z,10671.048988596154
589,2020-11-08T00:00:00Z,10680.678339529173
590,2020-11-09T00:00:00Z,10542.912712863746
591,2020-11-10T00:00:00Z,10542.912712863746
592,2020-11-11T00:00:00Z,10542.912712863746
593,2020-11-12T00:00:00Z,10550.95980614517
594,2020-11-13T00:00:00Z,10565.975923730837
595,2020-11-15T00:00:00Z,10567.20784468576
596,2020-11-16T00:00:00Z,10566.50864630594
597,2020-11-17T00:00:00Z,10558.528906066402
598,2020-11-18T00:00:00Z,10555.207348941627
599,2020-11-19T00:00:00Z,10542.38290072624
600,2020-11-20T00:00:00Z,10551.162779376089
601,2020-11-22T00:00:00Z,10552.706117420008
602,2020-11-23T00:00:00Z,10510.967397432247
603,2020-11-24T00:00:00Z,10500.316128620132
604,2020-11-25T00:00:00Z,10500.316128620132
605,2020-11-26T00:00:00Z,10500.316128620132
606,2020-11-27T00:00:00Z,10444.869125909405
607,2020-11-29T00:00:00Z,10444.869125909405
608,2020-11-30T00:00:00Z,10426.960567718475
609,2020-12-01T00:00:00Z,10480.997331708997
610,2020-12-02T00:00:00Z,10513.190153293268
611,2020-12-03T00:00:00Z,10528.406161843935
612,2020-12-04T00:00:00Z,10526.19685055874
613,2020-12-06T00:00:00Z,10521.136263848392
614,2020-12-07T00:00:00Z,10562.104155074907
615,2020-12-08T00:00:00Z,10572.000499111557
616,2020-12-09T00:00:00Z,10515.000749829498
617,2020-12-10T00:00:00Z,10518.608126849309
618,2020-12-11T00:00:00Z,10523.157252737125
619,2020-12-13T00:00:00Z,10518.116828595874
620,2020-12-14T00:00:00Z,10498.244477210548
621,2020-12-15T00:00:00Z,10534.842409156245
622,2020-12-16T00:00:00Z,10552.669904186152
623,2020-12-17T00:00:00Z,10581.017094630402
624,2020-12-18T00:00:00Z,10577.805198831626
625,2020-12-20T00:00:00Z,10574.48701735653
626,2020-12-21T00:00:00Z,10563.186811400219
627,2020-12-22T00:00:00Z,10539.063645834587
628,2020-12-23T00:00:00Z,10552.567374384915
629,2020-12-24T00:00:00Z,10563.416243681413
630,2020-12-27T00:00:00Z,10578.231013838567
631,2020-12-28T00:00:00Z,10573.312525059491
632,2020-12-29T00:00:00Z,10571.667880181401
633,2020-12-30T00:00:00Z,10598.330904422113
634,2020-12-31T00:00:00Z,10606.962465917572
635,2021-01-03T00:00:00Z,10628.001897062755
636,2021-01-04T00:00:00Z,10674.739840842149
637,2021-01-05T00:00:00Z,10669.70229620505
638,2021-01-06T00:00:00Z,10612.99623212065
639,2021-01-07T00:00:00Z,10597.328424756346
640,2021-01-08T00:00:00Z,10557.096572340948
641,2021-01-10T00:00:00Z,10549.130953176604
642,2021-01-11T00:00:00Z,10552.361456705728
643,2021-01-12T00:00:00Z,10567.038626282929
644,2021-01-13T00:00:00Z,10553.76049366716
645,2021-01-14T00:00:00Z,10551.814560438987
646,2021-01-15T00:00:00Z,10548.076363433014
647,2021-01-17T00:00:00Z,10548.076363433014
648,2021-01-18T00:00:00Z,10574.96048236065
649,2021-01-19T00:00:00Z,10579.147873297516
650,2021-01-20T00:00:00Z,10611.701460903483
651,2021-01-21T00:00:00Z,10611.228690958998
652,2021-01-22T00:00:00Z,10595.233307837256
653,2021-01-24T00:00:00Z,10593.900016104724
654,2021-01-25T00:00:00Z,10588.70236240675
655,2021-01-26T00:00:00Z,10583.66910245623
656,2021-01-27T00:00:00Z,10569.909111224588
657,2021-01-28T00:00:00Z,10574.604406478193
658,2021-01-29T00:00:00Z,10580.18082397733
659,2021-01-31T00:00:00Z,10596.034141069977
660,2021-02-01T00:00:00Z,10596.034141069977
661,2021-02-02T00:00:00Z,10596.034141069977
662,2021-02-03T00:00:00Z,10596.034141069977
663,2021-02-04T00:00:00Z,10540.205395923495
664,2021-02-05T00:00:00Z,10540.205395923495
665,2021-02-07T00:00:00Z,10540.205395923495
666,2021-02-08T00:00:00Z,10540.205395923495
667,2021-02-09T00:00:00Z,10540.205395923495
668,2021-02-10T00:00:00Z,10540.205395923495
669,2021-02-11T00:00:00Z,10540.205395923495
670,2021-02-12T00:00:00Z,10540.205395923495
671,2021-02-14T00:00:00Z,10540.205395923495
672,2021-02-15T00:00:00Z,10540.205395923495
673,2021-02-16T00:00:00Z,10540.205395923495
674,2021-02-17T00:00:00Z,10540.205395923495
675,2021-02-18T00:00:00Z,10540.205395923495
676,2021-02-19T00:00:00Z,10555.240415291692
677,2021-02-21T00:00:00Z,10554.25186123982
678,2021-02-22T00:00:00Z,10596.712611467823
679,2021-02-23T00:00:00Z,10589.369067082493
680,2021-02-24T00:00:00Z,10585.226554865127
681,2021-02-25T00:00:00Z,10580.701843361123
682,2021-02-26T00:00:00Z,10580.701843361123
683,2021-02-28T00:00:00Z,10582.970497573368
684,2021-03-01T00:00:00Z,10563.8481223262
685,2021-03-02T00:00:00Z,10579.380009394046
686,2021-03-03T00:00:00Z,10544.295426398367
687,2021-03-04T00:00:00Z,10525.4895234176
688,2021-03-05T00:00:00Z,10529.990116440265
689,2021-03-07T00:00:00Z,10538.268188696768
690,2021-03-08T00:00:00Z,10510.710450319064
691,2021-03-09T00:00:00Z,10547.979693378637
692,2021-03-10T00:00:00Z,10560.904475747373
693,2021-03-11T00:00:00Z,10557.596870209558
694,2021-03-12T00:00:00Z,10559.386053599774
695,2021-03-14T00:00:00Z,10557.56818814258
696,2021-03-15T00:00:00Z,10563.809140253585
697,2021-03-16T00:00:00Z,10564.85122873223
698,2021-03-17T00:00:00Z,10584.349862043791
699,2021-03-18T00:00:00Z,10581.05966356194
700,2021-03-19T00:00:00Z,10581.05966356194
701,2021-03-21T00:00:00Z,10581.05966356194
702,2021-03-22T00:00:00Z,10581.05966356194
703,2021-03-23T00:00:00Z,10581.05966356194
704,2021-03-24T00:00:00Z,10581.05966356194
705,2021-03-25T00:00:00Z,10563.480092742258
706,2021-03-26T00:00:00Z,10572.16233479356
707,2021-03-28T00:00:00Z,10570.14524825639
708,2021-03-29T00:00:00Z,10525.135272515157
709,2021-03-30T00:00:00Z,10525.135272515157
710,2021-03-31T00:00:00Z,10560.143932659023
711,2021-04-01T00:00:00Z,10594.75025374886
712,2021-04-02T00:00:00Z,10598.629804481563
713,2021-04-04T00:00:00Z,10597.682684114894
714,2021-04-05T00:00:00Z,10600.068698884772
715,2021-04-06T00:00:00Z,10595.03623791837
716,2021-04-07T00:00:00Z,10595.03623791837
717,2021-04-08T00:00:00Z,10595.03623791837
718,2021-04-09T00:00:00Z,10595.03623791837
719,2021-04-11T00:00:00Z,10595.03623791837
720,2021-04-12T00:00:00Z,10571.342467781422
721,2021-04-13T00:00:00Z,10599.396197866588
722,2021-04-14T00:00:00Z,10580.266043358
723,2021-04-15T00:00:00Z,10632.42874694298
724,2021-04-16T00:00:00Z,10656.365376708482
725,2021-04-18T00:00:00Z,10653.807582932955
726,2021-04-19T00:00:00Z,10653.807582932955
727,2021-04-20T00:00:00Z,10653.807582932955
728,2021-04-21T00:00:00Z,10653.807582932955
729,2021-04-22T00:00:00Z,10653.807582932955
730,2021-04-23T00:00:00Z,10653.807582932955
731,2021-04-25T00:00:00Z,10653.807582932955
732,2021-04-26T00:00:00Z,10658.21363954798
733,2021-04-27T00:00:00Z,10649.559990741915
734,2021-04-28T00:00:00Z,10665.503912612168
735,2021-04-29T00:00:00Z,10645.280505774364
736,2021-04-30T00:00:00Z,10637.11918709731
737,2021-05-02T00:00:00Z,10629.73304952706
738,2021-05-03T00:00:00Z,10673.84704464217
739,2021-05-04T00:00:00Z,10643.967868600166
740,2021-05-05T00:00:00Z,10658.169567162722
741,2021-05-06T00:00:00Z,10721.307239085409
742,2021-05-07T00:00:00Z,10756.276782985677
743,2021-05-09T00:00:00Z,10753.180355517703
744,2021-05-10T00:00:00Z,10747.402497596597
745,2021-05-11T00:00:00Z,10746.163904464223
746,2021-05-12T00:00:00Z,10712.962213930776
747,2021-05-13T00:00:00Z,10696.042958245665
748,2021-05-14T00:00:00Z,10721.124581807178
749,2021-05-16T00:00:00Z,10727.275802692782
750,2021-05-17T00:00:00Z,10763.037953905367
751,2021-05-18T00:00:00Z,10764.886592097051
752,2021-05-19T00:00:00Z,10757.98282823076
753,2021-05-20T00:00:00Z,10753.17674181743
754,2021-05-21T00:00:00Z,10760.559087113405
755,2021-05-23T00:00:00Z,10763.965218892565
756,2021-05-24T00:00:00Z,10753.992458058388
757,2021-05-25T00:00:00Z,10788.02102458288
758,2021-05-26T00:00:00Z,10784.647644070828
759,2021-05-27T00:00:00Z,10779.500910150293
760,2021-05-28T00:00:00Z,10779.500910150293
761,2021-05-30T00:00:00Z,10775.412215709115
762,2021-05-31T00:00:00Z,10783.271395472564
763,2021-06-01T00:00:00Z,10766.137638642294
764,2021-06-02T00:00:00Z,10782.656815064523
765,2021-06-03T00:00:00Z,10722.082543812297
766,2021-06-04T00:00:00Z,10722.082543812297
767,2021-06-06T00:00:00Z,10722.082543812297
768,2021-06-07T00:00:00Z,10722.082543812297
769,2021-06-08T00:00:00Z,10722.082543812297
770,2021-06-09T00:00:00Z,10722.082543812297
771,2021-06-10T00:00:00Z,10722.082543812297
772,2021-06-11T00:00:00Z,10678.983192349182
773,2021-06-13T00:00:00Z,10672.13012823756
774,2021-06-14T00:00:00Z,10665.071794194839
775,2021-06-15T00:00:00Z,10665.071794194839
776,2021-06-16T00:00:00Z,10665.071794194839
777,2021-06-17T00:00:00Z,10665.071794194839
778,2021-06-18T00:00:00Z,10665.071794194839
779,2021-06-20T00:00:00Z,10664.198631406378
780,2021-06-21T00:00:00Z,10681.867100345427
781,2021-06-22T00:00:00Z,10674.413992673251
782,2021-06-23T00:00:00Z,10674.040715160454
783,2021-06-24T00:00:00Z,10671.477542905915
784,2021-06-25T00:00:00Z,10667.954092574728
785,2021-06-27T00:00:00Z,10667.954092574728
786,2021-06-28T00:00:00Z,10657.964187603218
787,2021-06-29T00:00:00Z,10633.160346862764
788,2021-06-30T00:00:00Z,10643.174412528735
789,2021-07-01T00:00:00Z,10654.188392352115
790,2021-07-02T00:00:00Z,10671.828668979802
791,2021-07-04T00:00:00Z,10667.932919526762
792,2021-07-05T00:00:00Z,10667.932919526762
793,2021-07-06T00:00:00Z,10667.932919526762
794,2021-07-07T00:00:00Z,10667.932919526762
795,2021-07-08T00:00:00Z,10662.521837765238
796,2021-07-09T00:00:00Z,10672.208226946392
797,2021-07-11T00:00:00Z,10668.464274274125
798,2021-07-12T00:00:00Z,10669.944441609672
799,2021-07-13T00:00:00Z,10667.528286106059
800,2021-07-14T00:00:00Z,10661.263799968889
801,2021-07-15T00:00:00Z,10661.669419353264
802,2021-07-16T00:00:00Z,10626.072336746249
803,2021-07-18T00:00:00Z,10633.594278816263
804,2021-07-19T00:00:00Z,10604.267245089435
805,2021-07-20T00:00:00Z,10604.267245089435
806,2021-07-21T00:00:00Z,10583.557088730859
807,2021-07-22T00:00:00Z,10592.963765810324
808,2021-07-23T00:00:00Z,10582.707587056282
809,2021-07-25T00:00:00Z,10578.874469744165
810,2021-07-26T00:00:00Z,10573.342349082892
811,2021-07-27T00:00:00Z,10567.384615236535
812,2021-07-28T00:00:00Z,10567.384615236535
813,2021-07-29T00:00:00Z,10606.131619175228
814,2021-07-30T00:00:00Z,10571.271507735832
815,2021-08-01T00:00:00Z,10571.163848342874
816,2021-08-02T00:00:00Z,10568.235512854451
817,2021-08-03T00:00:00Z,10565.134922337296
818,2021-08-04T00:00:00Z,10558.921684592166
819,2021-08-05T00:00:00Z,10558.921684592166
820,2021-08-06T00:00:00Z,10501.995779288482
821,2021-08-08T00:00:00Z,10445.90809531616
822,2021-08-09T00:00:00Z,10461.007559931872
823,2021-08-10T00:00:00Z,10453.832606259815
824,2021-08-11T00:00:00Z,10493.544415062112
825,2021-08-12T00:00:00Z,10495.182176226384
826,2021-08-13T00:00:00Z,10535.923434903367
827,2021-08-15T00:00:00Z,10532.025992113866
828,2021-08-16T00:00:00Z,10532.025992113866
829,2021-08-17T00:00:00Z,10532.025992113866
830,2021-08-18T00:00:00Z,10532.025992113866
831,2021-08-19T00:00:00Z,10532.025992113866
832,2021-08-20T00:00:00Z,10531.136570532488
833,2021-08-22T00:00:00Z,10527.969986439433
834,2021-08-23T00:00:00Z,10561.200043608715
835,2021-08-24T00:00:00Z,10557.43575087159
836,2021-08-25T00:00:00Z,10544.413332753968
837,2021-08-26T00:00:00Z,10540.780918401202
838,2021-08-27T00:00:00Z,10540.780918401202
839,2021-08-29T00:00:00Z,10534.677263516145
840,2021-08-30T00:00:00Z,10518.196763271739
841,2021-08-31T00:00:00Z,10526.549334027579
842,2021-09-01T00:00:00Z,10523.731107219985
843,2021-09-02T00:00:00Z,10516.256679599846
844,2021-09-03T00:00:00Z,10510.368780327368
845,2021-09-05T00:00:00Z,10502.6645862598
846,2021-09-06T00:00:00Z,10493.978508756984
847,2021-09-07T00:00:00Z,10453.908229585713
848,2021-09-08T00:00:00Z,10453.908229585713
849,2021-09-09T00:00:00Z,10453.908229585713
850,2021-09-10T00:00:00Z,10453.908229585713
851,2021-09-12T00:00:00Z,10444.459967704553
852,2021-09-13T00:00:00Z,10456.185808940552
853,2021-09-14T00:00:00Z,10478.306899499243
854,2021-09-15T00:00:00Z,10460.468651661502
855,2021-09-16T00:00:00Z,10397.941288519436
856,2021-09-17T00:00:00Z,10397.941288519436
857,2021-09-19T00:00:00Z,10393.285953203444
858,2021-09-20T00:00:00Z,10412.912792682917
859,2021-09-21T00:00:00Z,10430.95858120432
860,2021-09-22T00:00:00Z,10416.511046587486
861,2021-09-23T00:00:00Z,10378.820245587092
862,2021-09-24T00:00:00Z,10373.753291741154
863,2021-09-26T00:00:00Z,10373.753291741154
864,2021-09-27T00:00:00Z,10373.753291741154
865,2021-09-28T00:00:00Z,10373.753291741154
866,2021-09-29T00:00:00Z,10373.753291741154
867,2021-09-30T00:00:00Z,10406.836557281546
868,2021-10-01T00:00:00Z,10417.733186293453
869,2021-10-03T00:00:00Z,10422.220937593138
870,2021-10-04T00:00:00Z,10429.890074231984
871,2021-10-05T00:00:00Z,10416.396082310328
872,2021-10-06T00:00:00Z,10412.080624727801
873,2021-10-07T00:00:00Z,10412.080624727801
874,2021-10-08T00:00:00Z,10409.965563995895
875,2021-10-10T00:00:00Z,10405.254061369007
876,2021-10-11T00:00:00Z,10404.182492179498
877,2021-10-12T00:00:00Z,10416.343952028687
878,2021-10-13T00:00:00Z,10469.565221774292
879,2021-10-14T00:00:00Z,10464.706677419688
880,2021-10-15T00:00:00Z,10409.25948453863
881,2021-10-17T00:00:00Z,10409.25948453863
882,2021-10-18T00:00:00Z,10390.510270903253
883,2021-10-19T00:00:00Z,10399.327986476559
884,2021-10-20T00:00:00Z,10424.121781906977
885,2021-10-21T00:00:00Z,10430.199638374355
886,2021-10-22T00:00:00Z,10446.059949536846
887,2021-10-24T00:00:00Z,10440.140640747184
888,2021-10-25T00:00:00Z,10440.140640747184
889,2021-10-26T00:00:00Z,10440.140640747184
890,2021-10-27T00:00:00Z,10440.140640747184
891,2021-10-28T00:00:00Z,10440.140640747184
892,2021-10-29T00:00:00Z,10384.702530183786
893,2021-10-31T00:00:00Z,10384.702530183786
894,2021-11-01T00:00:00Z,10402.453800765728
895,2021-11-02T00:00:00Z,10392.994495241239
896,2021-11-03T00:00:00Z,10373.609717184896
897,2021-11-04T00:00:00Z,10401.074723368934
898,2021-11-05T00:00:00Z,10453.110615566271
899,2021-11-07T00:00:00Z,10446.496198664498
900,2021-11-08T00:00:00Z,10446.496198664498
901,2021-11-09T00:00:00Z,10446.496198664498
902,2021-11-10T00:00:00Z,10446.496198664498
903,2021-11-11T00:00:00Z,10465.136644578408
904,2021-11-12T00:00:00Z,10468.478641956079
905,2021-11-14T00:00:00Z,10470.775194000222
906,2021-11-15T00:00:00Z,10465.239475266952
907,2021-11-16T00:00:00Z,10444.639060662026
908,2021-11-17T00:00:00Z,10439.609963254909
909,2021-11-18T00:00:00Z,10439.609963254909
910,2021-11-19T00:00:00Z,10412.233022643784
911,2021-11-21T00:00:00Z,10410.251390363364
912,2021-11-22T00:00:00Z,10384.338124271817
913,2021-11-23T00:00:00Z,10348.031134753901
914,2021-11-24T00:00:00Z,10329.310638738369
915,2021-11-25T00:00:00Z,10329.310638738369
916,2021-11-26T00:00:00Z,10329.310638738369
917,2021-11-28T00:00:00Z,10329.310638738369
918,2021-11-29T00:00:00Z,10329.310638738369
919,2021-11-30T00:00:00Z,10329.310638738369
920,2021-12-01T00:00:00Z,10338.129316870556
921,2021-12-02T00:00:00Z,10318.798401541046
922,2021-12-03T00:00:00Z,10340.394658510733
923,2021-12-05T00:00:00Z,10339.69995374108
924,2021-12-06T00:00:00Z,10336.634191388039
925,2021-12-07T00:00:00Z,10332.193941097195
926,2021-12-08T00:00:00Z,10325.736894392525
927,2021-12-09T00:00:00Z,10314.372693598007
928,2021-12-10T00:00:00Z,10324.65234410923
929,2021-12-12T00:00:00Z,10325.343941391331
930,2021-12-13T00:00:00Z,10329.24203516317
931,2021-12-14T00:00:00Z,10324.766257781304
932,2021-12-15T00:00:00Z,10333.43681934937
933,2021-12-16T00:00:00Z,10373.234336104579
934,2021-12-17T00:00:00Z,10371.830689248067
935,2021-12-19T00:00:00Z,10375.979704220992
936,2021-12-20T00:00:00Z,10358.41347664906
937,2021-12-21T00:00:00Z,10352.125996721352
938,2021-12-22T00:00:00Z,10375.34283086189
939,2021-12-23T00:00:00Z,10386.05302817344
940,2021-12-26T00:00:00Z,10383.436967452248
941,2021-12-27T00:00:00Z,10394.639073617358
942,2021-12-28T00:00:00Z,10381.625848491421
943,2021-12-29T00:00:00Z,10375.18928424111
944,2021-12-30T00:00:00Z,10393.781343338236
945,2021-12-31T00:00:00Z,10424.379212969407
946,2022-01-02T00:00:00Z,10422.231994047921
947,2022-01-03T00:00:00Z,10368.037083144174
948,2022-01-04T00:00:00Z,10389.643473541622
949,2022-01-05T00:00:00Z,10383.180102802153
950,2022-01-06T00:00:00Z,10383.180102802153
951,2022-01-07T00:00:00Z,10383.180102802153
952,2022-01-09T00:00:00Z,10383.180102802153
953,2022-01-10T00:00:00Z,10383.180102802153
954,2022-01-11T00:00:00Z,10383.180102802153
955,2022-01-12T00:00:00Z,10383.180102802153
956,2022-01-13T00:00:00Z,10383.180102802153
957,2022-01-14T00:00:00Z,10383.180102802153
958,2022-01-16T00:00:00Z,10383.180102802153
959,2022-01-17T00:00:00Z,10382.764909365971
960,2022-01-18T00:00:00Z,10372.014586541716
961,2022-01-19T00:00:00Z,10426.258923792439
962,2022-01-20T00:00:00Z,10427.19957703956
963,2022-01-21T00:00:00Z,10417.367510956543
964,2022-01-23T00:00:00Z,10408.008596995476
965,2022-01-24T00:00:00Z,10408.008596995476
966,2022-01-25T00:00:00Z,10408.008596995476
967,2022-01-26T00:00:00Z,10408.008596995476
968,2022-01-27T00:00:00Z,10408.008596995476
969,2022-01-28T00:00:00Z,10390.58588360237
970,2022-01-30T00:00:00Z,10386.418398299715
971,2022-01-31T00:00:00Z,10403.375752289832
972,2022-02-01T00:00:00Z,10409.452479627695
973,2022-02-02T00:00:00Z,10423.987354476367
974,2022-02-03T00:00:00Z,10418.073464728799
975,2022-02-04T00:00:00Z,10416.518026309293
976,2022-02-06T00:00:00Z,10420.837349228079
977,2022-02-07T00:00:00Z,10444.165584271424
978,2022-02-08T00:00:00Z,10451.753583993614
979,2022-02-09T00:00:00Z,10464.711552749968
980,2022-02-10T00:00:00Z,10459.054117696842
981,2022-02-11T00:00:00Z,10519.456105370484
982,2022-02-13T00:00:00Z,10520.649779394149
983,2022-02-14T00:00:00Z,10544.17338989499
984,2022-02-15T00:00:00Z,10506.943108708618
985,2022-02-16T00:00:00Z,10541.991847713809
986,2022-02-17T00:00:00Z,10535.871623603372
987,2022-02-18T00:00:00Z,10526.788300685315
988,2022-02-20T00:00:00Z,10539.143124529535
989,2022-02-21T00:00:00Z,10547.05980776952
990,2022-02-22T00:00:00Z,10527.747898653799
991,2022-02-23T00:00:00Z,10549.184631842589
992,2022-02-24T00:00:00Z,10543.984065505789
993,2022-02-25T00:00:00Z,10517.83967431965
994,2022-02-27T00:00:00Z,10544.770325954458
995,2022-02-28T00:00:00Z,10539.856529545845
996,2022-03-01T00:00:00Z,10585.464686392725
997,2022-03-02T00:00:00Z,10568.361627575145
998,2022-03-03T00:00:00Z,10564.47374088793
999,2022-03-04T00:00:00Z,10564.47374088793
1000,2022-03-06T00:00:00Z,10574.030920816185
1001,2022-03-07T00:00:00Z,10584.408523581562
1002,2022-03-08T00:00:00Z,10631.138868834056
1003,2022-03-09T00:00:00Z,10575.23472273697
1004,2022-03-10T00:00:00Z,10580.828250627508
1005,2022-03-11T00:00:00Z,10577.573061377843
1006,2022-03-13T00:00:00Z,10575.880920854888
1007,2022-03-14T00:00:00Z,10559.290162060286
1008,2022-03-15T00:00:00Z,10533.691491280008
1009,2022-03-16T00:00:00Z,10523.229970975523
1010,2022-03-17T00:00:00Z,10534.944792891663
1011,2022-03-18T00:00:00Z,10515.716005975923
1012,2022-03-20T00:00:00Z,10513.910923731299
1013,2022-03-21T00:00:00Z,10527.936328026384
1014,2022-03-22T00:00:00Z,10514.385499344908
1015,2022-03-23T00:00:00Z,10511.823365000957
1016,2022-03-24T00:00:00Z,10511.823365000957
1017,2022-03-25T00:00:00Z,10511.823365000957
1018,2022-03-27T00:00:00Z,10511.823365000957
1019,2022-03-28T00:00:00Z,10456.624555433371
1020,2022-03-29T00:00:00Z,10442.20990155651
1021,2022-03-30T00:00:00Z,10465.956598224746
1022,2022-03-31T00:00:00Z,10469.462190889004
1023,2022-04-01T00:00:00Z,10453.787759321227
1024,2022-04-03T00:00:00Z,10453.478837362307
1025,2022-04-04T00:00:00Z,10449.407742710408
1026,2022-04-05T00:00:00Z,10449.407742710408
1027,2022-04-06T00:00:00Z,10449.407742710408
1028,2022-04-07T00:00:00Z,10449.407742710408
1029,2022-04-08T00:00:00Z,10449.407742710408
1030,2022-04-10T00:00:00Z,10449.407742710408
1031,2022-04-11T00:00:00Z,10449.407742710408
1032,2022-04-12T00:00:00Z,10449.407742710408
1033,2022-04-13T00:00:00Z,10449.407742710408
1034,2022-04-14T00:00:00Z,10449.407742710408
1035,2022-04-17T00:00:00Z,10466.18348903695
1036,2022-04-18T00:00:00Z,10449.787687600467
1037,2022-04-19T00:00:00Z,10393.82633674031
1038,2022-04-20T00:00:00Z,10393.82633674031
1039,2022-04-21T00:00:00Z,10393.82633674031
1040,2022-04-22T00:00:00Z,10357.767578922307
1041,2022-04-24T00:00:00Z,10359.559125459698
1042,2022-04-25T00:00:00Z,10338.759154882318
1043,2022-04-26T00:00:00Z,10345.133125451752
1044,2022-04-27T00:00:00Z,10313.362132243545
1045,2022-04-28T00:00:00Z,10328.358770357605
1046,2022-04-29T00:00:00Z,10330.896195448839
1047,2022-05-01T00:00:00Z,10330.95697209773
1048,2022-05-02T00:00:00Z,10326.41432188693
1049,2022-05-03T00:00:00Z,10326.41432188693
1050,2022-05-04T00:00:00Z,10326.41432188693
1051,2022-05-05T00:00:00Z,10295.565062031603
1052,2022-05-06T00:00:00Z,10307.936461024328
1053,2022-05-08T00:00:00Z,10305.200871148048
1054,2022-05-09T00:00:00Z,10272.227794193223
1055,2022-05-10T00:00:00Z,10239.18989087297
1056,2022-05-11T00:00:00Z,10267.437727985673
1057,2022-05-12T00:00:00Z,10218.327916318067
1058,2022-05-13T00:00:00Z,10218.327916318067
1059,2022-05-15T00:00:00Z,10218.761510888893
1060,2022-05-16T00:00:00Z,10234.51134789406
1061,2022-05-17T00:00:00Z,10220.283350967613
1062,2022-05-18T00:00:00Z,10222.155455826356
1063,2022-05-19T00:00:00Z,10253.534348878062
1064,2022-05-20T00:00:00Z,10250.023184226653
1065,2022-05-22T00:00:00Z,10248.231108073214
1066,2022-05-23T00:00:00Z,10257.624286987819
1067,2022-05-24T00:00:00Z,10274.685624024398
1068,2022-05-25T00:00:00Z,10257.876114840758
1069,2022-05-26T00:00:00Z,10256.314782152538
1070,2022-05-27T00:00:00Z,10252.65930429661
1071,2022-05-29T00:00:00Z,10244.419627561943
1072,2022-05-30T00:00:00Z,10248.026784992608
1073,2022-05-31T00:00:00Z,10224.696621610403
1074,2022-06-01T00:00:00Z,10238.601631706031
1075,2022-06-02T00:00:00Z,10273.320521976182
1076,2022-06-03T00:00:00Z,10269.046240254456
1077,2022-06-05T00:00:00Z,10269.046240254456
1078,2022-06-06T00:00:00Z,10239.849994703547
1079,2022-06-07T00:00:00Z,10267.366446065533
1080,2022-06-08T00:00:00Z,10265.673425366456
1081,2022-06-09T00:00:00Z,10254.347700689883
1082,2022-06-10T00:00:00Z,10214.119834428839
1083,2022-06-12T00:00:00Z,10214.119834428839
1084,2022-06-13T00:00:00Z,10214.119834428839
1085,2022-06-14T00:00:00Z,10194.574409884817
1086,2022-06-15T00:00:00Z,10229.121028196558
1087,2022-06-16T00:00:00Z,10254.593883758009
1088,2022-06-17T00:00:00Z,10237.441156166926
1089,2022-06-19T00:00:00Z,10235.888668520281
1090,2022-06-20T00:00:00Z,10231.515411271663
1091,2022-06-21T00:00:00Z,10231.515411271663
1092,2022-06-22T00:00:00Z,10231.515411271663
1093,2022-06-23T00:00:00Z,10231.515411271663
1094,2022-06-24T00:00:00Z,10231.515411271663
1095,2022-06-26T00:00:00Z,10231.515411271663
1096,2022-06-27T00:00:00Z,10231.515411271663
1097,2022-06-28T00:00:00Z,10231.515411271663
1098,2022-06-29T00:00:00Z,10231.515411271663
1099,2022-06-30T00:00:00Z,10205.303113040596
1100,2022-07-01T00:00:00Z,10177.240133648393
1101,2022-07-03T00:00:00Z,10166.63793893893
1102,2022-07-04T00:00:00Z,10168.456619257864
1103,2022-07-05T00:00:00Z,10123.208635983288
1104,2022-07-06T00:00:00Z,10069.48268063129
1105,2022-07-07T00:00:00Z,10067.572424217655
1106,2022-07-08T00:00:00Z,10068.506889225373
1107,2022-07-10T00:00:00Z,10067.98422235665
1108,2022-07-11T00:00:00Z,10054.173146310366
1109,2022-07-12T00:00:00Z,10041.644979850953
1110,2022-07-13T00:00:00Z,10037.270511771952
1111,2022-07-14T00:00:00Z,9984.36978159434
1112,2022-07-15T00:00:00Z,9974.455915615907
1113,2022-07-17T00:00:00Z,9978.387569511302
1114,2022-07-18T00:00:00Z,9975.355408389023
1115,2022-07-19T00:00:00Z,9977.79274364521
1116,2022-07-20T00:00:00Z,9956.712695268783
1117,2022-07-21T00:00:00Z,9952.901283507168
1118,2022-07-22T00:00:00Z,9963.377177497205
1119,2022-07-24T00:00:00Z,9958.988176852741
1120,2022-07-25T00:00:00Z,9950.178937125065
1121,2022-07-26T00:00:00Z,9948.538919090657
1122,2022-07-27T00:00:00Z,9980.94879929443
1123,2022-07-28T00:00:00Z,9976.650244621505
1124,2022-07-29T00:00:00Z,9989.725993666025
1125,2022-07-31T00:00:00Z,9983.578503885203
1126,2022-08-01T00:00:00Z,9999.031127081167
1127,2022-08-02T00:00:00Z,9975.234392445722
1128,2022-08-03T00:00:00Z,9985.790379860933
1129,2022-08-04T00:00:00Z,9981.565779578228
1130,2022-08-05T00:00:00Z,9948.787477337304
1131,2022-08-07T00:00:00Z,9948.010589510746
1132,2022-08-08T00:00:00Z,9970.72678955927
1133,2022-08-09T00:00:00Z,9978.449054555245
1134,2022-08-10T00:00:00Z,9974.595690935525
1135,2022-08-11T00:00:00Z,9970.196188101147
1136,2022-08-12T00:00:00Z,9970.196188101147
1137,2022-08-14T00:00:00Z,9970.196188101147
1138,2022-08-15T00:00:00Z,9970.196188101147
1139,2022-08-16T00:00:00Z,9970.196188101147
1140,2022-08-17T00:00:00Z,9970.196188101147
1141,2022-08-18T00:00:00Z,9970.196188101147
1142,2022-08-19T00:00:00Z,9944.395989234656
1143,2022-08-21T00:00:00Z,9942.5369594794
1144,2022-08-22T00:00:00Z,9917.223665212008
1145,2022-08-23T00:00:00Z,9917.223665212008
1146,2022-08-24T00:00:00Z,9917.223665212008
1147,2022-08-25T00:00:00Z,9917.223665212008
1148,2022-08-26T00:00:00Z,9917.223665212008
1149,2022-08-28T00:00:00Z,9914.032487391156
1150,2022-08-29T00:00:00Z,9904.724014596779
1151,2022-08-30T00:00:00Z,9936.65862595318
1152,2022-08-31T00:00:00Z,9965.29855397511
1153,2022-09-01T00:00:00Z,9988.539964726102
1154,2022-09-02T00:00:00Z,9983.376528976012
1155,2022-09-04T00:00:00Z,9983.376528976012
1156,2022-09-05T00:00:00Z,9989.777889197236
1157,2022-09-06T00:00:00Z,9968.97775122466
1158,2022-09-07T00:00:00Z,9995.350073160875
1159,2022-09-08T00:00:00Z,9983.300476791848
1160,2022-09-09T00:00:00Z,9997.019716731207
1161,2022-09-11T00:00:00Z,9992.69264731222
1162,2022-09-12T00:00:00Z,9992.69264731222
1163,2022-09-13T00:00:00Z,10030.83529782239
1164,2022-09-14T00:00:00Z,10039.275076503716
1165,2022-09-15T00:00:00Z,10104.599707090012
1166,2022-09-16T00:00:00Z,10080.600248328798
1167,2022-09-18T00:00:00Z,10075.748305078081
1168,2022-09-19T00:00:00Z,10070.798390812959
1169,2022-09-20T00:00:00Z,10070.798390812959
1170,2022-09-21T00:00:00Z,10070.798390812959
1171,2022-09-22T00:00:00Z,10070.798390812959
1172,2022-09-23T00:00:00Z,10017.997239548566
1173,2022-09-25T00:00:00Z,10017.997239548566
1174,2022-09-26T00:00:00Z,9989.029789696135
1175,2022-09-27T00:00:00Z,9990.944554478625
1176,2022-09-28T00:00:00Z,10032.355142036462
1177,2022-09-29T00:00:00Z,10045.196223315863
1178,2022-09-30T00:00:00Z,10040.090183895889
1179,2022-10-02T00:00:00Z,10038.406275662332
1180,2022-10-03T00:00:00Z,10038.406275662332
1181,2022-10-04T00:00:00Z,10038.406275662332
1182,2022-10-05T00:00:00Z,10038.406275662332
1183,2022-10-06T00:00:00Z,10038.406275662332
1184,2022-10-07T00:00:00Z,10038.406275662332
1185,2022-10-09T00:00:00Z,10034.33646330972
1186,2022-10-10T00:00:00Z,10069.567390252658
1187,2022-10-11T00:00:00Z,10077.552185702389
1188,2022-10-12T00:00:00Z,10063.763871705585
1189,2022-10-13T00:00:00Z,10078.358597163371
1190,2022-10-14T00:00:00Z,10074.867206744375
1191,2022-10-16T00:00:00Z,10074.867206744375
1192,2022-10-17T00:00:00Z,10074.867206744375
1193,2022-10-18T00:00:00Z,10074.867206744375
1194,2022-10-19T00:00:00Z,10074.867206744375
1195,2022-10-20T00:00:00Z,10074.867206744375
1196,2022-10-21T00:00:00Z,10116.82671963715
1197,2022-10-23T00:00:00Z,10122.970024069306
1198,2022-10-24T00:00:00Z,10108.600165929733
1199,2022-10-25T00:00:00Z,10110.075167241414
1200,2022-10-26T00:00:00Z,10132.595548092955
1201,2022-10-27T00:00:00Z,10128.57298572069
1202,2022-10-28T00:00:00Z,10128.57298572069
1203,2022-10-30T00:00:00Z,10128.57298572069
1204,2022-10-31T00:00:00Z,10106.791335757356
1205,2022-11-01T00:00:00Z,10129.742240171405
1206,2022-11-02T00:00:00Z,10108.731978268956
1207,2022-11-03T00:00:00Z,10102.428899698221
1208,2022-11-04T00:00:00Z,10184.737803578653
1209,2022-11-06T00:00:00Z,10170.29352090032
1210,2022-11-07T00:00:00Z,10168.460380352119
1211,2022-11-08T00:00:00Z,10221.542827372834
1212,2022-11-09T00:00:00Z,10214.139595428343
1213,2022-11-10T00:00:00Z,10278.900180793617
1214,2022-11-11T00:00:00Z,10300.968323435029
1215,2022-11-13T00:00:00Z,10289.731992108906
1216,2022-11-14T00:00:00Z,10289.731992108906
1217,2022-11-15T00:00:00Z,10289.731992108906
1218,2022-11-16T00:00:00Z,10289.731992108906
1219,2022-11-17T00:00:00Z,10289.731992108906
1220,2022-11-18T00:00:00Z,10270.999676828647
1221,2022-11-20T00:00:00Z,10275.848330093317
1222,2022-11-21T00:00:00Z,10257.715155282354
1223,2022-11-22T00:00:00Z,10261.315510281052
1224,2022-11-23T00:00:00Z,10275.848330093317
1225,2022-11-24T00:00:00Z,10272.205406303861
1226,2022-11-25T00:00:00Z,10266.318468472396
1227,2022-11-27T00:00:00Z,10259.447897015818
1228,2022-11-28T00:00:00Z,10242.280391194448
1229,2022-11-29T00:00:00Z,10255.914460266722
1230,2022-11-30T00:00:00Z,10299.422130944999
1231,2022-12-01T00:00:00Z,10294.418310055165
1232,2022-12-02T00:00:00Z,10294.418310055165
1233,2022-12-04T00:00:00Z,10294.418310055165
1234,2022-12-05T00:00:00Z,10294.418310055165
1235,2022-12-06T00:00:00Z,10294.418310055165
1236,2022-12-07T00:00:00Z,10317.183645865973
1237,2022-12-08T00:00:00Z,10321.006959518632
1238,2022-12-09T00:00:00Z,10334.439762396507
1239,2022-12-11T00:00:00Z,10330.70179056645
1240,2022-12-12T00:00:00Z,10308.564121782967
1241,2022-12-13T00:00:00Z,10303.756003573975
1242,2022-12-14T00:00:00Z,10303.756003573975
1243,2022-12-15T00:00:00Z,10249.381557699058
1244,2022-12-16T00:00:00Z,10249.381557699058
1245,2022-12-18T00:00:00Z,10241.468900766138
1246,2022-12-19T00:00:00Z,10235.486995424662
1247,2022-12-20T00:00:00Z,10282.040476372324
1248,2022-12-21T00:00:00Z,10278.460631465896
1249,2022-12-22T00:00:00Z,10245.219214477635
1250,2022-12-23T00:00:00Z,10240.827068993618
1251,2022-12-26T00:00:00Z,10237.685059015548
1252,2022-12-27T00:00:00Z,10255.784695951043
1253,2022-12-28T00:00:00Z,10244.523455677267
1254,2022-12-29T00:00:00Z,10260.19052862613
1255,2022-12-30T00:00:00Z,10274.411671932588
1256,2023-01-02T00:00:00Z,10265.064073347336
1257,2023-01-03T00:00:00Z,10265.064073347336
1258,2023-01-04T00:00:00Z,10265.064073347336
1259,2023-01-05T00:00:00Z,10265.064073347336
1260,2023-01-06T00:00:00Z,10265.064073347336
1261,2023-01-08T00:00:00Z,10265.064073347336
1262,2023-01-09T00:00:00Z,10265.064073347336
1263,2023-01-10T00:00:00Z,10265.064073347336
1264,2023-01-11T00:00:00Z,10265.064073347336
1265,2023-01-12T00:00:00Z,10265.064073347336
1266,2023-01-13T00:00:00Z,10295.934980681142
1267,2023-01-15T00:00:00Z,10290.88907732519
1268,2023-01-16T00:00:00Z,10292.365531361818
1269,2023-01-17T00:00:00Z,10277.454968068825
1270,2023-01-18T00:00:00Z,10274.4209361474
1271,2023-01-19T00:00:00Z,10269.611704941979
1272,2023-01-20T00:00:00Z,10256.423441150273
1273,2023-01-22T00:00:00Z,10258.105712589319
1274,2023-01-23T00:00:00Z,10264.345410290505
1275,2023-01-24T00:00:00Z,10273.062635020106
1276,2023-01-25T00:00:00Z,10290.374737465556
1277,2023-01-26T00:00:00Z,10285.685240102539
1278,2023-01-27T00:00:00Z,10285.685240102539
1279,2023-01-29T00:00:00Z,10285.685240102539
1280,2023-01-30T00:00:00Z,10268.875820826972
1281,2023-01-31T00:00:00Z,10230.987111134078
1282,2023-02-01T00:00:00Z,10230.987111134078
1283,2023-02-02T00:00:00Z,10176.842444495878
1284,2023-02-03T00:00:00Z,10176.842444495878
1285,2023-02-05T00:00:00Z,10176.842444495878
1286,2023-02-06T00:00:00Z,10176.842444495878
1287,2023-02-07T00:00:00Z,10176.842444495878
1288,2023-02-08T00:00:00Z,10176.842444495878
1289,2023-02-09T00:00:00Z,10176.842444495878
1290,2023-02-10T00:00:00Z,10176.842444495878
1291,2023-02-12T00:00:00Z,10176.842444495878
1292,2023-02-13T00:00:00Z,10176.842444495878
1293,2023-02-14T00:00:00Z,10176.842444495878
1294,2023-02-15T00:00:00Z,10176.842444495878
1295,2023-02-16T00:00:00Z,10170.344404011112
1296,2023-02-17T00:00:00Z,10181.534971420533
1297,2023-02-19T00:00:00Z,10176.08349173627
1298,2023-02-20T00:00:00Z,10180.057711937747
1299,2023-02-21T00:00:00Z,10171.8608827722
1300,2023-02-22T00:00:00Z,10168.073346636133
1301,2023-02-23T00:00:00Z,10168.073346636133
1302,2023-02-24T00:00:00Z,10140.931645661974
1303,2023-02-26T00:00:00Z,10141.342299136237
1304,2023-02-27T00:00:00Z,10151.571303858762
1305,2023-02-28T00:00:00Z,10167.082805545657
1306,2023-03-01T00:00:00Z,10187.67147745979
1307,2023-03-02T00:00:00Z,10182.260634018601
1308,2023-03-03T00:00:00Z,10214.150647997396
1309,2023-03-05T00:00:00Z,10206.315987438107
1310,2023-03-06T00:00:00Z,10193.883618182184
1311,2023-03-07T00:00:00Z,10127.581774305041
1312,2023-03-08T00:00:00Z,10127.581774305041
1313,2023-03-09T00:00:00Z,10127.581774305041
1314,2023-03-10T00:00:00Z,10190.319221772024
1315,2023-03-12T00:00:00Z,10211.550144353785
1316,2023-03-13T00:00:00Z,10278.071118939337
1317,2023-03-14T00:00:00Z,10260.540110785601
1318,2023-03-15T00:00:00Z,10295.718354771438
1319,2023-03-16T00:00:00Z,10289.857231353715
1320,2023-03-17T00:00:00Z,10377.419526772708
1321,2023-03-19T00:00:00Z,10361.188709691374
1322,2023-03-20T00:00:00Z,10360.727298503443
1323,2023-03-21T00:00:00Z,10315.278296492246
1324,2023-03-22T00:00:00Z,10351.281940068151
1325,2023-03-23T00:00:00Z,10347.077225165318
1326,2023-03-24T00:00:00Z,10331.66029508483
1327,2023-03-26T00:00:00Z,10329.452842817776
1328,2023-03-27T00:00:00Z,10312.7406290878
1329,2023-03-28T00:00:00Z,10325.8053358529
1330,2023-03-29T00:00:00Z,10317.591339648883
1331,2023-03-30T00:00:00Z,10314.665090791772
1332,2023-03-31T00:00:00Z,10302.055392053475
1333,2023-04-02T00:00:00Z,10290.110228600852
1334,2023-04-03T00:00:00Z,10317.995626937443
1335,2023-04-04T00:00:00Z,10354.96255356534
1336,2023-04-05T00:00:00Z,10353.370532619014
1337,2023-04-06T00:00:00Z,10350.192295690309
1338,2023-04-07T00:00:00Z,10350.192295690309
1339,2023-04-09T00:00:00Z,10350.192295690309
1340,2023-04-10T00:00:00Z,10364.62579453404
1341,2023-04-11T00:00:00Z,10346.667582010154
1342,2023-04-12T00:00:00Z,10327.094003529905
1343,2023-04-13T00:00:00Z,10295.500174885685
1344,2023-04-14T00:00:00Z,10342.073556745592
1345,2023-04-16T00:00:00Z,10343.55812190639
1346,2023-04-17T00:00:00Z,10356.234024433195
1347,2023-04-18T00:00:00Z,10339.489842379204
1348,2023-04-19T00:00:00Z,10356.619440388402
1349,2023-04-20T00:00:00Z,10352.14214985543
1350,2023-04-21T00:00:00Z,10352.14214985543
1351,2023-04-23T00:00:00Z,10352.14214985543
1352,2023-04-24T00:00:00Z,10352.14214985543
1353,2023-04-25T00:00:00Z,10352.14214985543
1354,2023-04-26T00:00:00Z,10352.14214985543
1355,2023-04-27T00:00:00Z,10352.14214985543
1356,2023-04-28T00:00:00Z,10352.14214985543
1357,2023-04-30T00:00:00Z,10343.330109613149
1358,2023-05-01T00:00:00Z,10336.282283657925
1359,2023-05-02T00:00:00Z,10380.991929561374
1360,2023-05-03T00:00:00Z,10427.63195426506
1361,2023-05-04T00:00:00Z,10424.989019531851
1362,2023-05-05T00:00:00Z,10420.819119416781
1363,2023-05-07T00:00:00Z,10420.819119416781
1364,2023-05-08T00:00:00Z,10420.819119416781
1365,2023-05-09T00:00:00Z,10397.232370953827
1366,2023-05-10T00:00:00Z,10403.489970670144
1367,2023-05-11T00:00:00Z,10423.117845556726
1368,2023-05-12T00:00:00Z,10430.696925958477
1369,2023-05-14T00:00:00Z,10431.87589402097
1370,2023-05-15T00:00:00Z,10427.781509939708
1371,2023-05-16T00:00:00Z,10456.735155167326
1372,2023-05-17T00:00:00Z,10466.088244593186
1373,2023-05-18T00:00:00Z,10498.924990203393
1374,2023-05-19T00:00:00Z,10474.00136197794
1375,2023-05-21T00:00:00Z,10468.685577340222
1376,2023-05-22T00:00:00Z,10464.490524442625
1377,2023-05-23T00:00:00Z,10449.231238533588
1378,2023-05-24T00:00:00Z,10477.162289502887
1379,2023-05-25T00:00:00Z,10512.59555824406
1380,2023-05-26T00:00:00Z,10505.736913075167
1381,2023-05-28T00:00:00Z,10506.913731549186
1382,2023-05-29T00:00:00Z,10501.284412471965
1383,2023-05-30T00:00:00Z,10527.054817417302
1384,2023-05-31T00:00:00Z,10541.601120629392
1385,2023-06-01T00:00:00Z,10561.497788241331
1386,2023-06-02T00:00:00Z,10507.343926347023
1387,2023-06-04T00:00:00Z,10510.20488508861
1388,2023-06-05T00:00:00Z,10504.505301986384
1389,2023-06-06T00:00:00Z,10504.505301986384
1390,2023-06-07T00:00:00Z,10504.505301986384
1391,2023-06-08T00:00:00Z,10504.505301986384
1392,2023-06-09T00:00:00Z,10504.505301986384
1393,2023-06-11T00:00:00Z,10504.505301986384
1394,2023-06-12T00:00:00Z,10504.505301986384
1395,2023-06-13T00:00:00Z,10504.505301986384
1396,2023-06-14T00:00:00Z,10504.505301986384
1397,2023-06-15T00:00:00Z,10504.505301986384
1398,2023-06-16T00:00:00Z,10504.505301986384
1399,2023-06-18T00:00:00Z,10504.505301986384
1400,2023-06-19T00:00:00Z,10504.505301986384
1401,2023-06-20T00:00:00Z,10504.505301986384
1402,2023-06-21T00:00:00Z,10504.505301986384
1403,2023-06-22T00:00:00Z,10504.505301986384
1404,2023-06-23T00:00:00Z,10504.505301986384
1405,2023-06-25T00:00:00Z,10499.749734775603
1406,2023-06-26T00:00:00Z,10494.94704099972
1407,2023-06-27T00:00:00Z,10482.410597687667
1408,2023-06-28T00:00:00Z,10472.169559489092
1409,2023-06-29T00:00:00Z,10448.606681603596
1410,2023-06-30T00:00:00Z,10463.125294017513
1411,2023-07-02T00:00:00Z,10460.955444614096
1412,2023-07-03T00:00:00Z,10466.716106747062
1413,2023-07-04T00:00:00Z,10476.43242354467
1414,2023-07-05T00:00:00Z,10458.32474224004
1415,2023-07-06T00:00:00Z,10452.50815537826
1416,2023-07-07T00:00:00Z,10452.50815537826
1417,2023-07-09T00:00:00Z,10452.50815537826
1418,2023-07-10T00:00:00Z,10452.50815537826
1419,2023-07-11T00:00:00Z,10452.50815537826
1420,2023-07-12T00:00:00Z,10452.50815537826
1421,2023-07-13T00:00:00Z,10452.50815537826
1422,2023-07-14T00:00:00Z,10452.50815537826
1423,2023-07-16T00:00:00Z,10452.50815537826
1424,2023-07-17T00:00:00Z,10452.50815537826
1425,2023-07-18T00:00:00Z,10452.50815537826
1426,2023-07-19T00:00:00Z,10452.50815537826
1427,2023-07-20T00:00:00Z,10452.50815537826
1428,2023-07-21T00:00:00Z,10467.867048731849
1429,2023-07-23T00:00:00Z,10468.905107284556
1430,2023-07-24T00:00:00Z,10482.960420088228
1431,2023-07-25T00:00:00Z,10460.330743639186
1432,2023-07-26T00:00:00Z,10446.462281375001
1433,2023-07-27T00:00:00Z,10440.018141644035
1434,2023-07-28T00:00:00Z,10410.535674109768
1435,2023-07-30T00:00:00Z,10411.717043414945
1436,2023-07-31T00:00:00Z,10383.760191093957
1437,2023-08-01T00:00:00Z,10383.760191093957
1438,2023-08-02T00:00:00Z,10383.760191093957
1439,2023-08-03T00:00:00Z,10383.760191093957
1440,2023-08-04T00:00:00Z,10383.760191093957
1441,2023-08-06T00:00:00Z,10374.685509723662
1442,2023-08-07T00:00:00Z,10388.732615436818
1443,2023-08-08T00:00:00Z,10410.965587562732
1444,2023-08-09T00:00:00Z,10428.728122934106
1445,2023-08-10T00:00:00Z,10437.15241264044
1446,2023-08-11T00:00:00Z,10431.162973800687
1447,2023-08-13T00:00:00Z,10425.171798411757
1448,2023-08-14T00:00:00Z,10412.826032678127
1449,2023-08-15T00:00:00Z,10400.152684437471
1450,2023-08-16T00:00:00Z,10383.486924392408
1451,2023-08-17T00:00:00Z,10375.111381229195
1452,2023-08-18T00:00:00Z,10362.804539570834
1453,2023-08-20T00:00:00Z,10364.8301590451
1454,2023-08-21T00:00:00Z,10376.422559650839
1455,2023-08-22T00:00:00Z,10385.84291045887
1456,2023-08-23T00:00:00Z,10432.993474606843
1457,2023-08-24T00:00:00Z,10425.57259671113
1458,2023-08-25T00:00:00Z,10412.788386734916
1459,2023-08-27T00:00:00Z,10415.522414335872
1460,2023-08-28T00:00:00Z,10431.58808128626
1461,2023-08-29T00:00:00Z,10470.671656800894
1462,2023-08-30T00:00:00Z,10491.476304926273
1463,2023-08-31T00:00:00Z,10483.456098922092
1464,2023-09-01T00:00:00Z,10471.917170607734
1465,2023-09-03T00:00:00Z,10477.31743689157
1466,2023-09-04T00:00:00Z,10469.669212872357
1467,2023-09-05T00:00:00Z,10441.324274530882
1468,2023-09-06T00:00:00Z,10426.047417916598
1469,2023-09-07T00:00:00Z,10426.047417916598
1470,2023-09-08T00:00:00Z,10426.047417916598
1471,2023-09-10T00:00:00Z,10426.047417916598
1472,2023-09-11T00:00:00Z,10426.047417916598
1473,2023-09-12T00:00:00Z,10426.047417916598
1474,2023-09-13T00:00:00Z,10426.047417916598
1475,2023-09-14T00:00:00Z,10426.047417916598
1476,2023-09-15T00:00:00Z,10459.316127762599
1477,2023-09-17T00:00:00Z,10458.538047932267
1478,2023-09-18T00:00:00Z,10492.337835761859
1479,2023-09-19T00:00:00Z,10483.841204014641
1480,2023-09-20T00:00:00Z,10477.803304531271
1481,2023-09-21T00:00:00Z,10468.379052841874
1482,2023-09-22T00:00:00Z,10468.379052841874
1483,2023-09-24T00:00:00Z,10468.379052841874
1484,2023-09-25T00:00:00Z,10468.379052841874
1485,2023-09-26T00:00:00Z,10468.379052841874
1486,2023-09-27T00:00:00Z,10468.379052841874
1487,2023-09-28T00:00:00Z,10468.379052841874
1488,2023-09-29T00:00:00Z,10411.326278302082
1489,2023-10-01T00:00:00Z,10407.220766431745
1490,2023-10-02T00:00:00Z,10355.13983072472
1491,2023-10-03T00:00:00Z,10344.972370917943
1492,2023-10-04T00:00:00Z,10343.110823146772
1493,2023-10-05T00:00:00Z,10340.307287346814
1494,2023-10-06T00:00:00Z,10362.645860600878
1495,2023-10-08T00:00:00Z,10400.302953465914
1496,2023-10-09T00:00:00Z,10393.785554637996
1497,2023-10-10T00:00:00Z,10393.785554637996
1498,2023-10-11T00:00:00Z,10415.957406719777
1499,2023-10-12T00:00:00Z,10407.768727911758
1500,2023-10-13T00:00:00Z,10511.85437545865
1501,2023-10-15T00:00:00Z,10504.647636721827
1502,2023-10-16T00:00:00Z,10493.460533767833
1503,2023-10-17T00:00:00Z,10488.159744549292
1504,2023-10-18T00:00:00Z,10525.844760320355
1505,2023-10-19T00:00:00Z,10568.935513265995
1506,2023-10-20T00:00:00Z,10573.976133056067
1507,2023-10-22T00:00:00Z,10559.639824821968
1508,2023-10-23T00:00:00Z,10562.994782799125
1509,2023-10-24T00:00:00Z,10557.93098800675
1510,2023-10-25T00:00:00Z,10568.391223573179
1511,2023-10-26T00:00:00Z,10570.588737662436
1512,2023-10-27T00:00:00Z,10602.022097979721
1513,2023-10-29T00:00:00Z,10597.834942755595
1514,2023-10-30T00:00:00Z,10587.070093331868
1515,2023-10-31T00:00:00Z,10582.397250707925
1516,2023-11-01T00:00:00Z,10582.397250707925
1517,2023-11-02T00:00:00Z,10577.53701327024
1518,2023-11-03T00:00:00Z,10588.542459623468
1519,2023-11-05T00:00:00Z,10582.853582076874
1520,2023-11-06T00:00:00Z,10565.340178949138
1521,2023-11-07T00:00:00Z,10553.66457686398
1522,2023-11-08T00:00:00Z,10549.052113759515
1523,2023-11-09T00:00:00Z,10558.100310833514
1524,2023-11-10T00:00:00Z,10520.560553133675
1525,2023-11-12T00:00:00Z,10525.288041276845
1526,2023-11-13T00:00:00Z,10536.021190283374
1527,2023-11-14T00:00:00Z,10563.860842682043
1528,2023-11-15T00:00:00Z,10558.5772946105
1529,2023-11-16T00:00:00Z,10558.5772946105
1530,2023-11-17T00:00:00Z,10549.820568237395
1531,2023-11-19T00:00:00Z,10539.252788592894
1532,2023-11-20T00:00:00Z,10550.899979008333
1533,2023-11-21T00:00:00Z,10582.32476032353
1534,2023-11-22T00:00:00Z,10566.969271614387
1535,2023-11-23T00:00:00Z,10561.381732504426
1536,2023-11-24T00:00:00Z,10561.381732504426
1537,2023-11-26T00:00:00Z,10558.129725298408
1538,2023-11-27T00:00:00Z,10581.67612965099
1539,2023-11-28T00:00:00Z,10634.971138104038
1540,2023-11-29T00:00:00Z,10635.355345168065
1541,2023-11-30T00:00:00Z,10627.122336653178
1542,2023-12-01T00:00:00Z,10621.388425938057
1543,2023-12-03T00:00:00Z,10621.388425938057
1544,2023-12-04T00:00:00Z,10621.388425938057
1545,2023-12-05T00:00:00Z,10621.388425938057
1546,2023-12-06T00:00:00Z,10621.388425938057
1547,2023-12-07T00:00:00Z,10621.388425938057
1548,2023-12-08T00:00:00Z,10621.388425938057
1549,2023-12-10T00:00:00Z,10621.388425938057
1550,2023-12-11T00:00:00Z,10589.267624960336
1551,2023-12-12T00:00:00Z,10588.666390462684
1552,2023-12-13T00:00:00Z,10648.058927701219
1553,2023-12-14T00:00:00Z,10651.18298930666
1554,2023-12-15T00:00:00Z,10632.261785998235
1555,2023-12-17T00:00:00Z,10628.733007864592
1556,2023-12-18T00:00:00Z,10635.675510263769
1557,2023-12-19T00:00:00Z,10649.18003868126
1558,2023-12-20T00:00:00Z,10640.329097758986
1559,2023-12-21T00:00:00Z,10661.214479545793
1560,2023-12-22T00:00:00Z,10661.356419033666
1561,2023-12-25T00:00:00Z,10658.523863613393
1562,2023-12-26T00:00:00Z,10658.523863613393
1563,2023-12-27T00:00:00Z,10658.523863613393
1564,2023-12-28T00:00:00Z,10658.523863613393
1565,2023-12-29T00:00:00Z,10658.523863613393
1566,2024-01-01T00:00:00Z,10658.523863613393
1567,2024-01-02T00:00:00Z,10658.523863613393
1568,2024-01-03T00:00:00Z,10658.523863613393
1569,2024-01-04T00:00:00Z,10658.523863613393
1570,2024-01-05T00:00:00Z,10658.523863613393
1571,2024-01-07T00:00:00Z,10658.523863613393
1572,2024-01-08T00:00:00Z,10658.523863613393
1573,2024-01-09T00:00:00Z,10658.523863613393
1574,2024-01-10T00:00:00Z,10658.523863613393
1575,2024-01-11T00:00:00Z,10658.523863613393
1576,2024-01-12T00:00:00Z,10658.523863613393
1577,2024-01-14T00:00:00Z,10658.523863613393
1578,2024-01-15T00:00:00Z,10641.794672390268
1579,2024-01-16T00:00:00Z,10686.810405529623
1580,2024-01-17T00:00:00Z,10719.120925956675
1581,2024-01-18T00:00:00Z,10694.370963026002
1582,2024-01-19T00:00:00Z,10684.23807792166
1583,2024-01-21T00:00:00Z,10680.22479178589
1584,2024-01-22T00:00:00Z,10680.22479178589
1585,2024-01-23T00:00:00Z,10680.22479178589
1586,2024-01-24T00:00:00Z,10680.22479178589
1587,2024-01-25T00:00:00Z,10680.22479178589
1588,2024-01-26T00:00:00Z,10680.22479178589
1589,2024-01-28T00:00:00Z,10670.64978728544
1590,2024-01-29T00:00:00Z,10688.17626819686
1591,2024-01-30T00:00:00Z,10698.414321107111
1592,2024-01-31T00:00:00Z,10705.05573461209
1593,2024-02-01T00:00:00Z,10733.35310390121
1594,2024-02-02T00:00:00Z,10727.233003077852
1595,2024-02-04T00:00:00Z,10727.233003077852
1596,2024-02-05T00:00:00Z,10727.233003077852
1597,2024-02-06T00:00:00Z,10727.233003077852
1598,2024-02-07T00:00:00Z,10727.233003077852
1599,2024-02-08T00:00:00Z,10717.083817952816
1600,2024-02-09T00:00:00Z,10698.870138216125
1601,2024-02-11T00:00:00Z,10700.50205390829
1602,2024-02-12T00:00:00Z,10688.328337997773
1603,2024-02-13T00:00:00Z,10669.799756172079
1604,2024-02-14T00:00:00Z,10668.22161010202
1605,2024-02-15T00:00:00Z,10685.377998908354
1606,2024-02-16T00:00:00Z,10702.781750684091
1607,2024-02-18T00:00:00Z,10703.806540128755
1608,2024-02-19T00:00:00Z,10707.905697907405
1609,2024-02-20T00:00:00Z,10702.308078081482
1610,2024-02-21T00:00:00Z,10698.51139850871
1611,2024-02-22T00:00:00Z,10696.443319653043
1612,2024-02-23T00:00:00Z,10719.601494338907
1613,2024-02-25T00:00:00Z,10716.434748591166
1614,2024-02-26T00:00:00Z,10710.55364934536
1615,2024-02-27T00:00:00Z,10703.636944759033
1616,2024-02-28T00:00:00Z,10706.78875398722
1617,2024-02-29T00:00:00Z,10728.915721728654
1618,2024-03-01T00:00:00Z,10817.72291691981
1619,2024-03-03T00:00:00Z,10819.288612868217
1620,2024-03-04T00:00:00Z,10890.758027924829
1621,2024-03-05T00:00:00Z,10883.123866580323
1622,2024-03-06T00:00:00Z,10913.81134937553
1623,2024-03-07T00:00:00Z,10941.745950288321
1624,2024-03-08T00:00:00Z,10974.813750405325
1625,2024-03-10T00:00:00Z,10979.75469495769
1626,2024-03-11T00:00:00Z,10983.561337064182
1627,2024-03-12T00:00:00Z,10977.007009324394
1628,2024-03-13T00:00:00Z,11000.603347188915
1629,2024-03-14T00:00:00Z,10979.032356951062
1630,2024-03-15T00:00:00Z,10969.892371210366
1631,2024-03-17T00:00:00Z,10971.124553588377
1632,2024-03-18T00:00:00Z,10979.812219215626
1633,2024-03-19T00:00:00Z,10974.545120771434
1634,2024-03-20T00:00:00Z,11044.48271425047
1635,2024-03-21T00:00:00Z,11008.86218795276
1636,2024-03-22T00:00:00Z,10982.106643853578
1637,2024-03-24T00:00:00Z,10987.342122470824
1638,2024-03-25T00:00:00Z,10994.665368634825
1639,2024-03-26T00:00:00Z,10989.232040236751
1640,2024-03-27T00:00:00Z,11000.620930621732
1641,2024-03-28T00:00:00Z,11061.926585665977
1642,2024-03-29T00:00:00Z,11061.926585665977
1643,2024-03-31T00:00:00Z,11081.182849109362
1644,2024-04-01T00:00:00Z,11085.476573762271
1645,2024-04-02T00:00:00Z,11080.357285158656
1646,2024-04-03T00:00:00Z,11098.38986382639
1647,2024-04-04T00:00:00Z,11087.105004073816
1648,2024-04-05T00:00:00Z,11139.74623696753
1649,2024-04-07T00:00:00Z,11116.044171215826
1650,2024-04-08T00:00:00Z,11151.507196846498
1651,2024-04-09T00:00:00Z,11146.821010040083
1652,2024-04-10T00:00:00Z,11120.16734081743
1653,2024-04-11T00:00:00Z,11168.249807447262
1654,2024-04-12T00:00:00Z,11130.135515056989
1655,2024-04-14T00:00:00Z,11154.031185079855
1656,2024-04-15T00:00:00Z,11174.153854572794
1657,2024-04-16T00:00:00Z,11169.8142500232
1658,2024-04-17T00:00:00Z,11154.595905233178
1659,2024-04-18T00:00:00Z,11164.450238914387
1660,2024-04-19T00:00:00Z,11174.609430744596
1661,2024-04-21T00:00:00Z,11169.904727958668
1662,2024-04-22T00:00:00Z,11126.483040249665
1663,2024-04-23T00:00:00Z,11123.4720752561
1664,2024-04-24T00:00:00Z,11114.704246882719
1665,2024-04-25T00:00:00Z,11126.483772265638
1666,2024-04-26T00:00:00Z,11132.558231348119
1667,2024-04-28T00:00:00Z,11130.867233279212
1668,2024-04-29T00:00:00Z,11128.552371845077
1669,2024-04-30T00:00:00Z,11125.56984857861
1670,2024-05-01T00:00:00Z,11125.56984857861
1671,2024-05-02T00:00:00Z,11125.56984857861
1672,2024-05-03T00:00:00Z,11125.56984857861
1673,2024-05-05T00:00:00Z,11113.111778956003
1674,2024-05-06T00:00:00Z,11146.736222347678
1675,2024-05-07T00:00:00Z,11135.294062115921
1676,2024-05-08T00:00:00Z,11128.70329399708
1677,2024-05-09T00:00:00Z,11168.164077360447
1678,2024-05-10T00:00:00Z,11164.335931577853
1679,2024-05-12T00:00:00Z,11158.834203321105
1680,2024-05-13T00:00:00Z,11132.94990559221
1681,2024-05-14T00:00:00Z,11153.436251182275
1682,2024-05-15T00:00:00Z,11195.784890946814
1683,2024-05-16T00:00:00Z,11179.332309155481
1684,2024-05-17T00:00:00Z,11174.980567613855
1685,2024-05-19T00:00:00Z,11174.980567613855
1686,2024-05-20T00:00:00Z,11174.980567613855
1687,2024-05-21T00:00:00Z,11174.980567613855
1688,2024-05-22T00:00:00Z,11174.980567613855
1689,2024-05-23T00:00:00Z,11174.980567613855
1690,2024-05-24T00:00:00Z,11174.980567613855
1691,2024-05-26T00:00:00Z,11174.980567613855
1692,2024-05-27T00:00:00Z,11174.980567613855
1693,2024-05-28T00:00:00Z,11174.980567613855
1694,2024-05-29T00:00:00Z,11174.980567613855
1695,2024-05-30T00:00:00Z,11174.980567613855
1696,2024-05-31T00:00:00Z,11174.980567613855
1697,2024-06-02T00:00:00Z,11174.980567613855
1698,2024-06-03T00:00:00Z,11174.980567613855
1699,2024-06-04T00:00:00Z,11174.980567613855
1700,2024-06-05T00:00:00Z,11174.980567613855
1701,2024-06-06T00:00:00Z,11174.980567613855
1702,2024-06-07T00:00:00Z,11174.980567613855
1703,2024-06-09T00:00:00Z,11174.980567613855
1704,2024-06-10T00:00:00Z,11174.980567613855
1705,2024-06-11T00:00:00Z,11174.980567613855
1706,2024-06-12T00:00:00Z,11174.980567613855
1707,2024-06-13T00:00:00Z,11174.980567613855
1708,2024-06-14T00:00:00Z,11174.980567613855
1709,2024-06-16T00:00:00Z,11174.980567613855
1710,2024-06-17T00:00:00Z,11174.980567613855
1711,2024-06-18T00:00:00Z,11174.980567613855
1712,2024-06-19T00:00:00Z,11174.980567613855
1713,2024-06-20T00:00:00Z,11174.980567613855
1714,2024-06-21T00:00:00Z,11174.980567613855
1715,2024-06-23T00:00:00Z,11174.980567613855
1716,2024-06-24T00:00:00Z,11174.980567613855
1717,2024-06-25T00:00:00Z,11174.980567613855
1718,2024-06-26T00:00:00Z,11174.980567613855
1719,2024-06-27T00:00:00Z,11174.980567613855
1720,2024-06-28T00:00:00Z,11174.980567613855
1721,2024-06-30T00:00:00Z,11174.980567613855
1722,2024-07-01T00:00:00Z,11174.980567613855
1723,2024-07-02T00:00:00Z,11174.980567613855
1724,2024-07-03T00:00:00Z,11174.980567613855
1725,2024-07-04T00:00:00Z,11174.980567613855
1726,2024-07-05T00:00:00Z,11174.980567613855
1727,2024-07-07T00:00:00Z,11174.980567613855
1728,2024-07-08T00:00:00Z,11174.980567613855
1729,2024-07-09T00:00:00Z,11174.980567613855
1730,2024-07-10T00:00:00Z,11174.980567613855
1731,2024-07-11T00:00:00Z,11174.980567613855
1732,2024-07-12T00:00:00Z,11174.980567613855
1733,2024-07-14T00:00:00Z,11174.980567613855
1734,2024-07-15T00:00:00Z,11174.980567613855
1735,2024-07-16T00:00:00Z,11174.980567613855
1736,2024-07-17T00:00:00Z,11174.980567613855
1737,2024-07-18T00:00:00Z,11174.980567613855
1738,2024-07-19T00:00:00Z,11174.980567613855
1739,2024-07-21T00:00:00Z,11174.980567613855
1740,2024-07-22T00:00:00Z,11174.980567613855
1741,2024-07-23T00:00:00Z,11174.980567613855
1742,2024-07-24T00:00:00Z,11174.980567613855
1743,2024-07-25T00:00:00Z,11174.980567613855
1744,2024-07-26T00:00:00Z,11174.980567613855
1745,2024-07-28T00:00:00Z,11174.980567613855
1746,2024-07-29T00:00:00Z,11174.980567613855
1747,2024-07-30T00:00:00Z,11174.980567613855
1748,2024-07-31T00:00:00Z,11174.980567613855
1749,2024-08-01T00:00:00Z,11174.980567613855
1750,2024-08-02T00:00:00Z,11174.980567613855
1751,2024-08-04T00:00:00Z,11174.980567613855
1752,2024-08-05T00:00:00Z,11174.980567613855
1753,2024-08-06T00:00:00Z,11174.980567613855
1754,2024-08-07T00:00:00Z,11174.980567613855
1755,2024-08-08T00:00:00Z,11174.980567613855
1756,2024-08-09T00:00:00Z,11174.980567613855
1757,2024-08-11T00:00:00Z,11174.980567613855
1758,2024-08-12T00:00:00Z,11174.980567613855
1759,2024-08-13T00:00:00Z,11174.980567613855
1760,2024-08-14T00:00:00Z,11174.980567613855
1761,2024-08-15T00:00:00Z,11174.980567613855
1762,2024-08-16T00:00:00Z,11174.980567613855
1763,2024-08-18T00:00:00Z,11174.980567613855
1764,2024-08-19T00:00:00Z,11174.980567613855
1765,2024-08-20T00:00:00Z,11174.980567613855
1766,2024-08-21T00:00:00Z,11174.980567613855
1767,2024-08-22T00:00:00Z,11174.980567613855
1768,2024-08-23T00:00:00Z,11174.980567613855
1769,2024-08-25T00:00:00Z,11174.980567613855
1770,2024-08-26T00:00:00Z,11174.980567613855
1771,2024-08-27T00:00:00Z,11174.980567613855
1772,2024-08-28T00:00:00Z,11174.980567613855
1773,2024-08-29T00:00:00Z,11174.980567613855
1774,2024-08-30T00:00:00Z,11174.980567613855
1775,2024-09-01T00:00:00Z,11174.980567613855
1776,2024-09-02T00:00:00Z,11174.980567613855
1777,2024-09-03T00:00:00Z,11174.980567613855
1778,2024-09-04T00:00:00Z,11174.980567613855
1779,2024-09-05T00:00:00Z,11174.980567613855
1780,2024-09-06T00:00:00Z,11174.980567613855
1781,2024-09-08T00:00:00Z,11174.980567613855
1782,2024-09-09T00:00:00Z,11174.980567613855
1783,2024-09-10T00:00:00Z,11174.980567613855
1784,2024-09-11T00:00:00Z,11174.980567613855
1785,2024-09-12T00:00:00Z,11174.980567613855
1786,2024-09-13T00:00:00Z,11174.980567613855
1787,2024-09-15T00:00:00Z,11174.980567613855
1788,2024-09-16T00:00:00Z,11174.980567613855
1789,2024-09-17T00:00:00Z,11174.980567613855
1790,2024-09-18T00:00:00Z,11174.980567613855
1791,2024-09-19T00:00:00Z,11174.980567613855
1792,2024-09-20T00:00:00Z,11174.980567613855
1793,2024-09-22T00:00:00Z,11174.980567613855
1794,2024-09-23T00:00:00Z,11174.980567613855
1795,2024-09-24T00:00:00Z,11174.980567613855
1796,2024-09-25T00:00:00Z,11174.980567613855
1797,2024-09-26T00:00:00Z,11174.980567613855
1798,2024-09-27T00:00:00Z,11174.980567613855
1799,2024-09-29T00:00:00Z,11174.980567613855
1800,2024-09-30T00:00:00Z,11174.980567613855
1801,2024-10-01T00:00:00Z,11174.980567613855
1802,2024-10-02T00:00:00Z,11174.980567613855
1803,2024-10-03T00:00:00Z,11174.980567613855
1804,2024-10-04T00:00:00Z,11174.980567613855
1805,2024-10-06T00:00:00Z,11174.980567613855
1806,2024-10-07T00:00:00Z,11174.980567613855
1807,2024-10-08T00:00:00Z,11174.980567613855
1808,2024-10-09T00:00:00Z,11174.980567613855
1809,2024-10-10T00:00:00Z,11174.980567613855
1810,2024-10-11T00:00:00Z,11174.980567613855
1811,2024-10-13T00:00:00Z,11174.980567613855
1812,2024-10-14T00:00:00Z,11174.980567613855
1813,2024-10-15T00:00:00Z,11174.980567613855
1814,2024-10-16T00:00:00Z,11174.980567613855
1815,2024-10-17T00:00:00Z,11174.980567613855
1816,2024-10-18T00:00:00Z,11174.980567613855
1817,2024-10-20T00:00:00Z,11174.980567613855
1818,2024-10-21T00:00:00Z,11174.980567613855
1819,2024-10-22T00:00:00Z,11174.980567613855
1820,2024-10-23T00:00:00Z,11174.980567613855
1821,2024-10-24T00:00:00Z,11174.980567613855
1822,2024-10-25T00:00:00Z,11174.980567613855
1823,2024-10-27T00:00:00Z,11174.980567613855
1824,2024-10-28T00:00:00Z,11174.980567613855
1825,2024-10-29T00:00:00Z,11174.980567613855
1826,2024-10-30T00:00:00Z,11174.980567613855
1827,2024-10-31T00:00:00Z,11174.980567613855
1828,2024-11-01T00:00:00Z,11174.980567613855
1829,2024-11-03T00:00:00Z,11174.980567613855
1830,2024-11-04T00:00:00Z,11174.980567613855
1831,2024-11-05T00:00:00Z,11174.980567613855
1832,2024-11-06T00:00:00Z,11174.980567613855
1833,2024-11-07T00:00:00Z,11174.980567613855
1834,2024-11-08T00:00:00Z,11174.980567613855
1835,2024-11-10T00:00:00Z,11174.980567613855
1836,2024-11-11T00:00:00Z,11174.980567613855
1837,2024-11-12T00:00:00Z,11174.980567613855
1838,2024-11-13T00:00:00Z,11174.980567613855
1839,2024-11-14T00:00:00Z,11174.980567613855
1840,2024-11-15T00:00:00Z,11174.980567613855
1841,2024-11-17T00:00:00Z,11174.980567613855
1842,2024-11-18T00:00:00Z,11174.980567613855
1843,2024-11-19T00:00:00Z,11174.980567613855
1844,2024-11-20T00:00:00Z,11174.980567613855
1845,2024-11-21T00:00:00Z,11174.980567613855
1846,2024-11-22T00:00:00Z,11174.980567613855
1847,2024-11-24T00:00:00Z,11174.980567613855
1848,2024-11-25T00:00:00Z,11174.980567613855
1849,2024-11-26T00:00:00Z,11174.980567613855
1850,2024-11-27T00:00:00Z,11174.980567613855
1851,2024-11-28T00:00:00Z,11174.980567613855
1852,2024-11-29T00:00:00Z,11174.980567613855
1853,2024-12-01T00:00:00Z,11174.980567613855
1854,2024-12-02T00:00:00Z,11174.980567613855
1855,2024-12-03T00:00:00Z,11174.980567613855
1856,2024-12-04T00:00:00Z,11174.980567613855
1857,2024-12-05T00:00:00Z,11174.980567613855
1858,2024-12-06T00:00:00Z,11174.980567613855
1859,2024-12-08T00:00:00Z,11174.980567613855
1860,2024-12-09T00:00:00Z,11174.980567613855
1861,2024-12-10T00:00:00Z,11174.980567613855
1862,2024-12-11T00:00:00Z,11174.980567613855
1863,2024-12-12T00:00:00Z,11174.980567613855
1864,2024-12-13T00:00:00Z,11174.980567613855
1865,2024-12-15T00:00:00Z,11174.980567613855
1866,2024-12-16T00:00:00Z,11174.980567613855
1867,2024-12-17T00:00:00Z,11174.980567613855
1868,2024-12-18T00:00:00Z,11174.980567613855
1869,2024-12-19T00:00:00Z,11174.980567613855
1870,2024-12-20T00:00:00Z,11174.980567613855
1871,2024-12-22T00:00:00Z,11174.980567613855
1872,2024-12-23T00:00:00Z,11174.980567613855
1873,2024-12-24T00:00:00Z,11174.980567613855
1874,2024-12-25T00:00:00Z,11174.980567613855
1875,2024-12-26T00:00:00Z,11174.980567613855
1876,2024-12-27T00:00:00Z,11174.980567613855
1877,2024-12-29T00:00:00Z,11174.980567613855
1878,2024-12-30T00:00:00Z,11174.980567613855
1879,2024-12-31T00:00:00Z,11174.980567613855
1880,2025-01-01T00:00:00Z,11174.980567613855
1881,2025-01-02T00:00:00Z,11174.980567613855
1882,2025-01-03T00:00:00Z,11174.980567613855
1883,2025-01-05T00:00:00Z,11174.980567613855
1884,2025-01-06T00:00:00Z,11174.980567613855
1885,2025-01-07T00:00:00Z,11174.980567613855
1886,2025-01-08T00:00:00Z,11174.980567613855
1887,2025-01-09T00:00:00Z,11174.980567613855
1888,2025-01-10T00:00:00Z,11174.980567613855
1889,2025-01-12T00:00:00Z,11174.980567613855
1890,2025-01-13T00:00:00Z,11174.980567613855
1891,2025-01-14T00:00:00Z,11174.980567613855
1892,2025-01-15T00:00:00Z,11174.980567613855
1893,2025-01-16T00:00:00Z,11174.980567613855
1894,2025-01-17T00:00:00Z,11174.980567613855
1895,2025-01-19T00:00:00Z,11174.980567613855
1896,2025-01-20T00:00:00Z,11174.980567613855
1897,2025-01-21T00:00:00Z,11174.980567613855
1898,2025-01-22T00:00:00Z,11174.980567613855
1899,2025-01-23T00:00:00Z,11174.980567613855
1900,2025-01-24T00:00:00Z,11174.980567613855
1901,2025-01-26T00:00:00Z,11174.980567613855
1902,2025-01-27T00:00:00Z,11174.980567613855
1903,2025-01-28T00:00:00Z,11174.980567613855
1904,2025-01-29T00:00:00Z,11174.980567613855
1905,2025-01-30T00:00:00Z,11174.980567613855
1906,2025-01-31T00:00:00Z,11174.980567613855
1907,2025-02-02T00:00:00Z,11174.980567613855
1908,2025-02-03T00:00:00Z,11174.980567613855
1909,2025-02-04T00:00:00Z,11174.980567613855
1910,2025-02-05T00:00:00Z,11174.980567613855
1911,2025-02-06T00:00:00Z,11174.980567613855
1912,2025-02-07T00:00:00Z,11174.980567613855
1913,2025-02-09T00:00:00Z,11174.980567613855
1914,2025-02-10T00:00:00Z,11174.980567613855
1915,2025-02-11T00:00:00Z,11174.980567613855
1916,2025-02-12T00:00:00Z,11174.980567613855
1917,2025-02-13T00:00:00Z,11174.980567613855
1918,2025-02-14T00:00:00Z,11174.980567613855
1919,2025-02-16T00:00:00Z,11174.980567613855
1920,2025-02-17T00:00:00Z,11174.980567613855
1921,2025-02-18T00:00:00Z,11174.980567613855
1922,2025-02-19T00:00:00Z,11174.980567613855
1923,2025-02-20T00:00:00Z,11174.980567613855
1924,2025-02-21T00:00:00Z,11174.980567613855
1925,2025-02-23T00:00:00Z,11174.980567613855
1926,2025-02-24T00:00:00Z,11174.980567613855
1927,2025-02-25T00:00:00Z,11174.980567613855
1928,2025-02-26T00:00:00Z,11174.980567613855
1929,2025-02-27T00:00:00Z,11174.980567613855
1930,2025-02-28T00:00:00Z,11174.980567613855
1931,2025-03-02T00:00:00Z,11174.980567613855
1932,2025-03-03T00:00:00Z,11174.980567613855
1933,2025-03-04T00:00:00Z,11174.980567613855
1934,2025-03-05T00:00:00Z,11174.980567613855
1935,2025-03-06T00:00:00Z,11174.980567613855
1936,2025-03-07T00:00:00Z,11174.980567613855
1937,2025-03-09T00:00:00Z,11174.980567613855
1938,2025-03-10T00:00:00Z,11174.980567613855
1939,2025-03-11T00:00:00Z,11174.980567613855
1940,2025-03-12T00:00:00Z,11174.980567613855
1941,2025-03-13T00:00:00Z,11174.980567613855
1942,2025-03-14T00:00:00Z,11174.980567613855
1943,2025-03-16T00:00:00Z,11174.980567613855
1944,2025-03-17T00:00:00Z,11174.980567613855
1945,2025-03-18T00:00:00Z,11174.980567613855
1946,2025-03-19T00:00:00Z,11174.980567613855
1947,2025-03-20T00:00:00Z,11174.980567613855
1948,2025-03-21T00:00:00Z,11174.980567613855
1949,2025-03-23T00:00:00Z,11174.980567613855
1950,2025-03-24T00:00:00Z,11174.980567613855
1951,2025-03-25T00:00:00Z,11174.980567613855
1952,2025-03-26T00:00:00Z,11174.980567613855
1953,2025-03-27T00:00:00Z,11174.980567613855
1954,2025-03-28T00:00:00Z,11174.980567613855
1955,2025-03-30T00:00:00Z,11174.980567613855
1956,2025-03-31T00:00:00Z,11174.980567613855
1957,2025-04-01T00:00:00Z,11174.980567613855
1958,2025-04-02T00:00:00Z,11174.980567613855
1959,2025-04-03T00:00:00Z,11174.980567613855
1960,2025-04-04T00:00:00Z,11174.980567613855
1961,2025-04-06T00:00:00Z,11174.980567613855
1962,2025-04-07T00:00:00Z,11174.980567613855
1963,2025-04-08T00:00:00Z,11174.980567613855
1964,2025-04-09T00:00:00Z,11174.980567613855
1965,2025-04-10T00:00:00Z,11174.980567613855
1966,2025-04-11T00:00:00Z,11174.980567613855
1967,2025-04-13T00:00:00Z,11174.980567613855
1968,2025-04-14T00:00:00Z,11174.980567613855
1969,2025-04-15T00:00:00Z,11174.980567613855
1970,2025-04-16T00:00:00Z,11174.980567613855
1971,2025-04-17T00:00:00Z,11174.980567613855
1972,2025-04-18T00:00:00Z,11174.980567613855
1973,2025-04-20T00:00:00Z,11174.980567613855
1974,2025-04-21T00:00:00Z,11174.980567613855
1975,2025-04-22T00:00:00Z,11174.980567613855
1976,2025-04-23T00:00:00Z,11174.980567613855
1977,2025-04-24T00:00:00Z,11174.980567613855
1978,2025-04-25T00:00:00Z,11174.980567613855
1979,2025-04-27T00:00:00Z,11174.980567613855
1980,2025-04-28T00:00:00Z,11174.980567613855
1981,2025-04-29T00:00:00Z,11174.980567613855
1982,2025-04-30T00:00:00Z,11174.980567613855
1983,2025-05-01T00:00:00Z,11174.980567613855
1984,2025-05-02T00:00:00Z,11174.980567613855
1985,2025-05-04T00:00:00Z,11174.980567613855
1986,2025-05-05T00:00:00Z,11174.980567613855
1987,2025-05-06T00:00:00Z,11174.980567613855
1988,2025-05-07T00:00:00Z,11174.980567613855
1989,2025-05-08T00:00:00Z,11174.980567613855
1990,2025-05-09T00:00:00Z,11174.980567613855
1991,2025-05-11T00:00:00Z,11174.980567613855
1992,2025-05-12T00:00:00Z,11174.980567613855
1993,2025-05-13T00:00:00Z,11174.980567613855
1994,2025-05-14T00:00:00Z,11174.980567613855
1995,2025-05-15T00:00:00Z,11174.980567613855
1996,2025-05-16T00:00:00Z,11174.980567613855
1997,2025-05-18T00:00:00Z,11174.980567613855
1998,2025-05-19T00:00:00Z,11174.980567613855
1999,2025-05-20T00:00:00Z,11174.980567613855
2000,2025-05-21T00:00:00Z,11174.980567613855
2001,2025-05-22T00:00:00Z,11174.980567613855
2002,2025-05-23T00:00:00Z,11174.980567613855
2003,2025-05-25T00:00:00Z,11174.980567613855
2004,2025-05-26T00:00:00Z,11174.980567613855
2005,2025-05-27T00:00:00Z,11174.980567613855
2006,2025-05-28T00:00:00Z,11174.980567613855
2007,2025-05-29T00:00:00Z,11174.980567613855
2008,2025-05-30T00:00:00Z,11174.980567613855
2009,2025-06-01T00:00:00Z,11174.980567613855
2010,2025-06-02T00:00:00Z,11174.980567613855
2011,2025-06-03T00:00:00Z,11174.980567613855
2012,2025-06-04T00:00:00Z,11174.980567613855
2013,2025-06-05T00:00:00Z,11174.980567613855
2014,2025-06-06T00:00:00Z,11174.980567613855
2015,2025-06-08T00:00:00Z,11174.980567613855
2016,2025-06-09T00:00:00Z,11174.980567613855
2017,2025-06-10T00:00:00Z,11174.980567613855
2018,2025-06-11T00:00:00Z,11174.980567613855
2019,2025-06-12T00:00:00Z,11174.980567613855
2020,2025-06-13T00:00:00Z,11174.980567613855
2021,2025-06-15T00:00:00Z,11174.980567613855
2022,2025-06-16T00:00:00Z,11174.980567613855
2023,2025-06-17T00:00:00Z,11174.980567613855
2024,2025-06-18T00:00:00Z,11174.980567613855
2025,2025-06-19T00:00:00Z,11174.980567613855
2026,2025-06-20T00:00:00Z,11174.980567613855
2027,2025-06-22T00:00:00Z,11174.980567613855
2028,2025-06-23T00:00:00Z,11174.980567613855
2029,2025-06-24T00:00:00Z,11174.980567613855
2030,2025-06-25T00:00:00Z,11174.980567613855
2031,2025-06-26T00:00:00Z,11174.980567613855
2032,2025-06-27T00:00:00Z,11174.980567613855
2033,2025-06-29T00:00:00Z,11174.980567613855
2034,2025-06-30T00:00:00Z,11174.980567613855
2035,2025-07-01T00:00:00Z,11174.980567613855
2036,2025-07-02T00:00:00Z,11174.980567613855
2037,2025-07-03T00:00:00Z,11174.980567613855
2038,2025-07-04T00:00:00Z,11174.980567613855
2039,2025-07-06T00:00:00Z,11174.980567613855
2040,2025-07-07T00:00:00Z,11174.980567613855
2041,2025-07-08T00:00:00Z,11174.980567613855
2042,2025-07-09T00:00:00Z,11174.980567613855
2043,2025-07-10T00:00:00Z,11174.980567613855
2044,2025-07-11T00:00:00Z,11174.980567613855
2045,2025-07-13T00:00:00Z,11174.980567613855
2046,2025-07-14T00:00:00Z,11174.980567613855
2047,2025-07-15T00:00:00Z,11174.980567613855
2048,2025-07-16T00:00:00Z,11174.980567613855
2049,2025-07-17T00:00:00Z,11174.980567613855
2050,2025-07-18T00:00:00Z,11174.980567613855
2051,2025-07-20T00:00:00Z,11174.980567613855
2052,2025-07-21T00:00:00Z,11174.980567613855
2053,2025-07-22T00:00:00Z,11174.980567613855
2054,2025-07-23T00:00:00Z,11174.980567613855
2055,2025-07-24T00:00:00Z,11174.980567613855
2056,2025-07-25T00:00:00Z,11174.980567613855
2057,2025-07-27T00:00:00Z,11174.980567613855
2058,2025-07-28T00:00:00Z,11174.980567613855
2059,2025-07-29T00:00:00Z,11174.980567613855
2060,2025-07-30T00:00:00Z,11174.980567613855
2061,2025-07-31T00:00:00Z,11174.980567613855
2062,2025-08-01T00:00:00Z,11174.980567613855
2063,2025-08-03T00:00:00Z,11174.980567613855
2064,2025-08-04T00:00:00Z,11174.980567613855
2065,2025-08-05T00:00:00Z,11174.980567613855
2066,2025-08-06T00:00:00Z,11174.980567613855
2067,2025-08-07T00:00:00Z,11174.980567613855
2068,2025-08-08T00:00:00Z,11174.980567613855
2069,2025-08-10T00:00:00Z,11174.980567613855
2070,2025-08-11T00:00:00Z,11174.980567613855
2071,2025-08-12T00:00:00Z,11174.980567613855
2072,2025-08-13T00:00:00Z,11174.980567613855
2073,2025-08-14T00:00:00Z,11174.980567613855
2074,2025-08-15T00:00:00Z,11174.980567613855
2075,2025-08-17T00:00:00Z,11174.980567613855
2076,2025-08-18T00:00:00Z,11174.980567613855
2077,2025-08-19T00:00:00Z,11174.980567613855
2078,2025-08-20T00:00:00Z,11174.980567613855
2079,2025-08-21T00:00:00Z,11174.980567613855
2080,2025-08-22T00:00:00Z,11174.980567613855
2081,2025-08-24T00:00:00Z,11174.980567613855
2082,2025-08-25T00:00:00Z,11174.980567613855
2083,2025-08-26T00:00:00Z,11174.980567613855
2084,2025-08-27T00:00:00Z,11174.980567613855
2085,2025-08-28T00:00:00Z,11174.980567613855
2086,2025-08-29T00:00:00Z,11174.980567613855
2087,2025-08-31T00:00:00Z,11174.980567613855
2088,2025-09-01T00:00:00Z,11174.980567613855
2089,2025-09-02T00:00:00Z,11174.980567613855
2090,2025-09-03T00:00:00Z,11174.980567613855
2091,2025-09-04T00:00:00Z,11174.980567613855
2092,2025-09-05T00:00:00Z,11174.980567613855
2093,2025-09-07T00:00:00Z,11174.980567613855
2094,2025-09-08T00:00:00Z,11174.980567613855
2095,2025-09-09T00:00:00Z,11174.980567613855
2096,2025-09-10T00:00:00Z,11174.980567613855
2097,2025-09-11T00:00:00Z,11174.980567613855
2098,2025-09-12T00:00:00Z,11174.980567613855
2099,2025-09-14T00:00:00Z,11174.980567613855
2100,2025-09-15T00:00:00Z,11174.980567613855
2101,2025-09-16T00:00:00Z,11174.980567613855
2102,2025-09-17T00:00:00Z,11174.980567613855
2103,2025-09-18T00:00:00Z,11174.980567613855
2104,2025-09-19T00:00:00Z,11174.980567613855
2105,2025-09-21T00:00:00Z,11174.980567613855
2106,2025-09-22T00:00:00Z,11174.980567613855
2107,2025-09-23T00:00:00Z,11174.980567613855
2108,2025-09-24T00:00:00Z,11174.980567613855
2109,2025-09-25T00:00:00Z,11174.980567613855
2110,2025-09-26T00:00:00Z,11174.980567613855
2111,2025-09-28T00:00:00Z,11174.980567613855
2112,2025-09-29T00:00:00Z,11174.980567613855
2113,2025-09-30T00:00:00Z,11174.980567613855
2114,2025-10-01T00:00:00Z,11174.980567613855
2115,2025-10-02T00:00:00Z,11174.980567613855
2116,2025-10-03T00:00:00Z,11174.980567613855
2117,2025-10-05T00:00:00Z,11174.980567613855
2118,2025-10-06T00:00:00Z,11174.980567613855
2119,2025-10-07T00:00:00Z,11174.980567613855
2120,2025-10-08T00:00:00Z,11174.980567613855
2121,2025-10-09T00:00:00Z,11174.980567613855
2122,2025-10-10T00:00:00Z,11174.980567613855
2123,2025-10-12T00:00:00Z,11174.980567613855
2124,2025-10-13T00:00:00Z,11174.980567613855
2125,2025-10-14T00:00:00Z,11174.980567613855
2126,2025-10-15T00:00:00Z,11174.980567613855
2127,2025-10-16T00:00:00Z,11174.980567613855
2128,2025-10-17T00:00:00Z,11174.980567613855
2129,2025-10-19T00:00:00Z,11174.980567613855
2130,2025-10-20T00:00:00Z,11174.980567613855
2131,2025-10-21T00:00:00Z,11174.980567613855
2132,2025-10-22T00:00:00Z,11174.980567613855
2133,2025-10-23T00:00:00Z,11174.980567613855
2134,2025-10-24T00:00:00Z,11174.980567613855
2135,2025-10-26T00:00:00Z,11174.980567613855
2136,2025-10-27T00:00:00Z,11174.980567613855
2137,2025-10-28T00:00:00Z,11174.980567613855
2138,2025-10-29T00:00:00Z,11174.980567613855
2139,2025-10-30T00:00:00Z,11174.980567613855
2140,2025-10-31T00:00:00Z,11174.980567613855
2141,2025-11-02T00:00:00Z,11174.980567613855
2142,2025-11-03T00:00:00Z,11174.980567613855
2143,2025-11-04T00:00:00Z,11174.980567613855
2144,2025-11-05T00:00:00Z,11174.980567613855
2145,2025-11-06T00:00:00Z,11174.980567613855
2146,2025-11-07T00:00:00Z,11174.980567613855
2147,2025-11-09T00:00:00Z,11174.980567613855
2148,2025-11-10T00:00:00Z,11174.980567613855
2149,2025-11-11T00:00:00Z,11174.980567613855
2150,2025-11-12T00:00:00Z,11174.980567613855
2151,2025-11-13T00:00:00Z,11174.980567613855
2152,2025-11-14T00:00:00Z,11174.980567613855
2153,2025-11-16T00:00:00Z,11174.980567613855
2154,2025-11-17T00:00:00Z,11174.980567613855
2155,2025-11-18T00:00:00Z,11174.980567613855
2156,2025-11-19T00:00:00Z,11174.980567613855
2157,2025-11-20T00:00:00Z,11174.980567613855
2158,2025-11-21T00:00:00Z,11174.980567613855
2159,2025-11-23T00:00:00Z,11174.980567613855
2160,2025-11-24T00:00:00Z,11174.980567613855
2161,2025-11-25T00:00:00Z,11174.980567613855
2162,2025-11-26T00:00:00Z,11174.980567613855
2163,2025-11-27T00:00:00Z,11174.980567613855
2164,2025-11-28T00:00:00Z,11174.980567613855
2165,2025-11-30T00:00:00Z,11174.980567613855
2166,2025-12-01T00:00:00Z,11174.980567613855
2167,2025-12-02T00:00:00Z,11174.980567613855
2168,2025-12-03T00:00:00Z,11174.980567613855
2169,2025-12-04T00:00:00Z,11174.980567613855
2170,2025-12-05T00:00:00Z,11174.980567613855
2171,2025-12-07T00:00:00Z,11174.980567613855
2172,2025-12-08T00:00:00Z,11174.980567613855
2173,2025-12-09T00:00:00Z,11174.980567613855
2174,2025-12-10T00:00:00Z,11174.980567613855
2175,2025-12-11T00:00:00Z,11174.980567613855
2176,2025-12-12T00:00:00Z,11174.980567613855
2177,2025-12-14T00:00:00Z,11174.980567613855
2178,2025-12-15T00:00:00Z,11174.980567613855
2179,2025-12-16T00:00:00Z,11174.980567613855
2180,2025-12-17T00:00:00Z,11174.980567613855
2181,2025-12-18T00:00:00Z,11174.980567613855
2182,2025-12-19T00:00:00Z,11174.980567613855
2183,2025-12-21T00:00:00Z,11174.980567613855
2184,2025-12-22T00:00:00Z,11174.980567613855
2185,2025-12-23T00:00:00Z,11174.980567613855
2186,2025-12-24T00:00:00Z,11174.980567613855
2187,2025-12-25T00:00:00Z,11174.980567613855
2188,2025-12-26T00:00:00Z,11174.980567613855
2189,2025-12-28T00:00:00Z,11174.980567613855
2190,2025-12-29T00:00:00Z,11174.980567613855
2191,2025-12-30T00:00:00Z,11174.980567613855
2192,2025-12-31T00:00:00Z,11174.980567613855
2193,2026-01-01T00:00:00Z,11174.980567613855
2194,2026-01-02T00:00:00Z,11174.980567613855
2195,2026-01-04T00:00:00Z,11174.980567613855
2196,2026-01-05T00:00:00Z,11174.980567613855
2197,2026-01-06T00:00:00Z,11174.980567613855
2198,2026-01-07T00:00:00Z,11174.980567613855
2199,2026-01-08T00:00:00Z,11174.980567613855
2200,2026-01-09T00:00:00Z,11174.980567613855
2201,2026-01-11T00:00:00Z,11174.980567613855
2202,2026-01-12T00:00:00Z,11174.980567613855
2203,2026-01-13T00:00:00Z,11174.980567613855
2204,2026-01-14T00:00:00Z,11174.980567613855
2205,2026-01-15T00:00:00Z,11174.980567613855
2206,2026-01-16T00:00:00Z,11174.980567613855
2207,2026-01-18T00:00:00Z,11174.980567613855
2208,2026-01-19T00:00:00Z,11174.980567613855
2209,2026-01-20T00:00:00Z,11174.980567613855
2210,2026-01-21T00:00:00Z,11174.980567613855
2211,2026-01-22T00:00:00Z,11174.980567613855
2212,2026-01-23T00:00:00Z,11174.980567613855
2213,2026-01-25T00:00:00Z,11174.980567613855
2214,2026-01-26T00:00:00Z,11174.980567613855
2215,2026-01-27T00:00:00Z,11174.980567613855
2216,2026-01-28T00:00:00Z,11174.980567613855
2217,2026-01-29T00:00:00Z,11174.980567613855
2218,2026-01-30T00:00:00Z,11174.980567613855
2219,2026-02-01T00:00:00Z,11174.980567613855
2220,2026-02-02T00:00:00Z,11174.980567613855
2221,2026-02-03T00:00:00Z,11174.980567613855
2222,2026-02-04T00:00:00Z,11174.980567613855
2223,2026-02-05T00:00:00Z,11174.980567613855
2224,2026-02-06T00:00:00Z,11174.980567613855
2225,2026-02-08T00:00:00Z,11174.980567613855
2226,2026-02-09T00:00:00Z,11174.980567613855
2227,2026-02-10T00:00:00Z,11174.980567613855
2228,2026-02-11T00:00:00Z,11174.980567613855
2229,2026-02-12T00:00:00Z,11174.980567613855
2230,2026-02-13T00:00:00Z,11174.980567613855
2231,2026-02-15T00:00:00Z,11174.980567613855
2232,2026-02-16T00:00:00Z,11174.980567613855
2233,2026-02-17T00:00:00Z,11174.980567613855
2234,2026-02-18T00:00:00Z,11174.980567613855
2235,2026-02-19T00:00:00Z,11174.980567613855
2236,2026-02-20T00:00:00Z,11174.980567613855
2237,2026-02-22T00:00:00Z,11174.980567613855
2238,2026-02-23T00:00:00Z,11174.980567613855
2239,2026-02-24T00:00:00Z,11174.980567613855
2240,2026-02-25T00:00:00Z,11174.980567613855
2241,2026-02-26T00:00:00Z,11174.980567613855
2242,2026-02-27T00:00:00Z,11174.980567613855
2243,2026-03-01T00:00:00Z,11174.980567613855
2244,2026-03-02T00:00:00Z,11174.980567613855
2245,2026-03-03T00:00:00Z,11174.980567613855
2246,2026-03-04T00:00:00Z,11174.980567613855
2247,2026-03-05T00:00:00Z,11174.980567613855
2248,2026-03-06T00:00:00Z,11174.980567613855
2249,2026-03-08T00:00:00Z,11174.980567613855
2250,2026-03-09T00:00:00Z,11174.980567613855
2251,2026-03-10T00:00:00Z,11174.980567613855
2252,2026-03-11T00:00:00Z,11174.980567613855
2253,2026-03-12T00:00:00Z,11174.980567613855
2254,2026-03-13T00:00:00Z,11174.980567613855
2255,2026-03-15T00:00:00Z,11174.980567613855
2256,2026-03-16T00:00:00Z,11174.980567613855
2257,2026-03-17T00:00:00Z,11174.980567613855
2258,2026-03-18T00:00:00Z,11174.980567613855
2259,2026-03-19T00:00:00Z,11174.980567613855
2260,2026-03-20T00:00:00Z,11174.980567613855
2261,2026-03-22T00:00:00Z,11174.980567613855
2262,2026-03-23T00:00:00Z,11174.980567613855
2263,2026-03-24T00:00:00Z,11174.980567613855
2264,2026-03-25T00:00:00Z,11174.980567613855
2265,2026-03-26T00:00:00Z,11174.980567613855
2266,2026-03-27T00:00:00Z,11174.980567613855
2267,2026-03-29T00:00:00Z,11174.980567613855
2268,2026-03-30T00:00:00Z,11174.980567613855
2269,2026-03-31T00:00:00Z,11174.980567613855
2270,2026-04-01T00:00:00Z,11174.980567613855
2271,2026-04-02T00:00:00Z,11174.980567613855
2272,2026-04-03T00:00:00Z,11174.980567613855
2273,2026-04-05T00:00:00Z,11174.980567613855
2274,2026-04-06T00:00:00Z,11174.980567613855
2275,2026-04-07T00:00:00Z,11174.980567613855
2276,2026-04-08T00:00:00Z,11174.980567613855
2277,2026-04-09T00:00:00Z,11174.980567613855
2278,2026-04-10T00:00:00Z,11174.980567613855
2279,2026-04-12T00:00:00Z,11174.980567613855
2280,2026-04-13T00:00:00Z,11174.980567613855
2281,2026-04-14T00:00:00Z,11174.980567613855
2282,2026-04-15T00:00:00Z,11174.980567613855
2283,2026-04-16T00:00:00Z,11174.980567613855
2284,2026-04-17T00:00:00Z,11174.980567613855
2285,2026-04-19T00:00:00Z,11174.980567613855
2286,2026-04-20T00:00:00Z,11174.980567613855
2287,2026-04-21T00:00:00Z,11174.980567613855
2288,2026-04-22T00:00:00Z,11174.980567613855
2289,2026-04-23T00:00:00Z,11174.980567613855
2290,2026-04-24T00:00:00Z,11174.980567613855
2291,2026-04-26T00:00:00Z,11174.980567613855
2292,2026-04-27T00:00:00Z,11174.980567613855
2293,2026-04-28T00:00:00Z,11174.980567613855
2294,2026-04-29T00:00:00Z,11174.980567613855
2295,2026-04-30T00:00:00Z,11174.980567613855
2296,2026-05-01T00:00:00Z,11174.980567613855
2297,2026-05-03T00:00:00Z,11174.980567613855
2298,2026-05-04T00:00:00Z,11174.980567613855
2299,2026-05-05T00:00:00Z,11174.980567613855
2300,2026-05-06T00:00:00Z,11174.980567613855
2301,2026-05-07T00:00:00Z,11174.980567613855
2302,2026-05-08T00:00:00Z,11174.980567613855
2303,2026-05-10T00:00:00Z,11174.980567613855
2304,2026-05-11T00:00:00Z,11174.980567613855
2305,2026-05-12T00:00:00Z,11174.980567613855
2306,2026-05-13T00:00:00Z,11174.980567613855
2307,2026-05-14T00:00:00Z,11174.980567613855
2308,2026-05-15T00:00:00Z,11174.980567613855
2309,2026-05-17T00:00:00Z,11174.980567613855
2310,2026-05-18T00:00:00Z,11174.980567613855
2311,2026-05-19T00:00:00Z,11174.980567613855
2312,2026-05-20T00:00:00Z,11174.980567613855
2313,2026-05-21T00:00:00Z,11174.980567613855
2314,2026-05-22T00:00:00Z,11174.980567613855
2315,2026-05-24T00:00:00Z,11174.980567613855
2316,2026-05-25T00:00:00Z,11174.980567613855
2317,2026-05-26T00:00:00Z,11174.980567613855
2318,2026-05-27T00:00:00Z,11174.980567613855
2319,2026-05-28T00:00:00Z,11174.980567613855
2320,2026-05-29T00:00:00Z,11174.980567613855
2321,2026-05-31T00:00:00Z,11174.980567613855
2322,2026-06-01T00:00:00Z,11174.980567613855
2323,2026-06-02T00:00:00Z,11174.980567613855
2324,2026-06-03T00:00:00Z,11174.980567613855
2325,2026-06-04T00:00:00Z,11174.980567613855
2326,2026-06-05T00:00:00Z,11174.980567613855
2327,2026-06-07T00:00:00Z,11174.980567613855
2328,2026-06-08T00:00:00Z,11174.980567613855
2329,2026-06-09T00:00:00Z,11174.980567613855
2330,2026-06-10T00:00:00Z,11174.980567613855
2331,2026-06-11T00:00:00Z,11174.980567613855
2332,2026-06-12T00:00:00Z,11174.980567613855
2333,2026-06-14T00:00:00Z,11174.980567613855
2334,2026-06-15T00:00:00Z,11174.980567613855
2335,2026-06-16T00:00:00Z,11174.980567613855
2336,2026-06-17T00:00:00Z,11174.980567613855
2337,2026-06-18T00:00:00Z,11174.980567613855
2338,2026-06-19T00:00:00Z,11174.980567613855
2339,2026-06-21T00:00:00Z,11174.980567613855
2340,2026-06-22T00:00:00Z,11174.980567613855
2341,2026-06-23T00:00:00Z,11174.980567613855
2342,2026-06-24T00:00:00Z,11174.980567613855
2343,2026-06-25T00:00:00Z,11174.980567613855
2344,2026-06-26T00:00:00Z,11174.980567613855
2345,2026-06-28T00:00:00Z,11174.980567613855
2346,2026-06-29T00:00:00Z,11174.980567613855
2347,2026-06-30T00:00:00Z,11174.980567613855
2348,2026-07-01T00:00:00Z,11174.980567613855
2349,2026-07-02T00:00:00Z,11174.980567613855
2350,2026-07-03T00:00:00Z,11174.980567613855
2351,2026-07-05T00:00:00Z,11174.980567613855
2352,2026-07-06T00:00:00Z,11174.980567613855
2353,2026-07-07T00:00:00Z,11174.980567613855
2354,2026-07-08T00:00:00Z,11174.980567613855
2355,2026-07-09T00:00:00Z,11174.980567613855
2356,2026-07-10T00:00:00Z,11174.980567613855
2357,2026-07-12T00:00:00Z,11174.980567613855
2358,2026-07-13T00:00:00Z,11174.980567613855
2359,2026-07-14T00:00:00Z,11174.980567613855
2360,2026-07-15T00:00:00Z,11174.980567613855
2361,2026-07-16T00:00:00Z,11174.980567613855
2362,2026-07-17T00:00:00Z,11174.980567613855
2363,2026-07-19T00:00:00Z,11174.980567613855
2364,2026-07-20T00:00:00Z,11174.980567613855
2365,2026-07-21T00:00:00Z,11174.980567613855
2366,2026-07-22T00:00:00Z,11174.980567613855
2367,2026-07-23T00:00:00Z,11174.980567613855
2368,2026-07-24T00:00:00Z,11174.980567613855
2369,2026-07-26T00:00:00Z,11174.980567613855
2370,2026-07-27T00:00:00Z,11174.980567613855
2371,2026-07-28T00:00:00Z,11174.980567613855
2372,2026-07-29T00:00:00Z,11174.980567613855
2373,2026-07-30T00:00:00Z,11174.980567613855
2374,2026-07-31T00:00:00Z,11174.980567613855
2375,2026-08-02T00:00:00Z,11174.980567613855
2376,2026-08-03T00:00:00Z,11174.980567613855
2377,2026-08-04T00:00:00Z,11174.980567613855
2378,2026-08-05T00:00:00Z,11174.980567613855
2379,2026-08-06T00:00:00Z,11174.980567613855
2380,2026-08-07T00:00:00Z,11174.980567613855
2381,2026-08-09T00:00:00Z,11174.980567613855
2382,2026-08-10T00:00:00Z,11174.980567613855
2383,2026-08-11T00:00:00Z,11174.980567613855
2384,2026-08-12T00:00:00Z,11174.980567613855
2385,2026-08-13T00:00:00Z,11174.980567613855
2386,2026-08-14T00:00:00Z,11174.980567613855
2387,2026-08-16T00:00:00Z,11174.980567613855
2388,2026-08-17T00:00:00Z,11174.980567613855
2389,2026-08-18T00:00:00Z,11174.980567613855
2390,2026-08-19T00:00:00Z,11174.980567613855
2391,2026-08-20T00:00:00Z,11174.980567613855
2392,2026-08-21T00:00:00Z,11174.980567613855
2393,2026-08-23T00:00:00Z,11174.980567613855
2394,2026-08-24T00:00:00Z,11174.980567613855
2395,2026-08-25T00:00:00Z,11174.980567613855
2396,2026-08-26T00:00:00Z,11174.980567613855
2397,2026-08-27T00:00:00Z,11174.980567613855
2398,2026-08-28T00:00:00Z,11174.980567613855
