date,open,high,low,close,volume,open_interest,settle
2005-01-04,2890.000,2890.000,2850.000,2868.000,7968,82760,0.000
2005-01-05,2856.000,2900.000,2853.000,2885.000,3940,82298,0.000
2005-01-06,2875.000,2890.000,2873.000,2889.000,2072,82438,0.000
2005-01-07,2898.000,2898.000,2885.000,2893.000,2318,82140,0.000
2005-01-10,2899.000,2900.000,2885.000,2885.000,2922,82386,0.000
2005-01-11,2895.000,2904.000,2889.000,2901.000,8866,78506,0.000
2005-01-12,2895.000,3007.000,2895.000,3003.000,3456,77968,0.000
2005-01-13,2990.000,3039.000,2980.000,2998.000,8864,72376,0.000
2005-01-14,3007.000,3012.000,2960.000,3000.000,9088,66510,0.000
2005-01-17,2980.000,3038.000,2945.000,2945.000,8402,61470,0.000
2005-01-18,2503.000,2524.000,2503.000,2523.000,16,1282,0.000
2005-01-19,2505.000,2519.000,2505.000,2517.000,76,1282,0.000
2005-01-20,2512.000,2512.000,2501.000,2501.000,28,1282,0.000
2005-01-21,2507.000,2507.000,2499.000,2499.000,18,1292,0.000
2005-01-24,2530.000,2585.000,2530.000,2548.000,260,116,0.000
2005-01-25,2412.000,2561.000,2412.000,2539.000,68,0,0.000
2005-01-26,2528.000,2528.000,2482.000,2509.000,50,80,0.000
2005-01-27,2526.000,2531.000,2525.000,2531.000,18,90,0.000
2005-01-28,2537.000,2537.000,2510.000,2510.000,68,110,0.000
2005-01-31,2482.000,2482.000,2467.000,2471.000,56,1288,0.000
2005-02-01,2462.000,2475.000,2462.000,2475.000,12,1288,0.000
2005-02-02,2447.000,2466.000,2447.000,2456.000,92,1324,0.000
2005-02-03,2455.000,2465.000,2455.000,2465.000,44,1352,0.000
2005-02-04,2456.000,2470.000,2456.000,2463.000,8,1354,0.000
2005-02-16,2479.000,2540.000,2479.000,2495.000,166,70,0.000
2005-02-17,2497.000,2515.000,2497.000,2511.000,38,1362,0.000
2005-02-18,2508.000,2539.000,2507.000,2518.000,166,70,0.000
2005-02-21,2538.000,2540.000,2529.000,2538.000,54,1354,0.000
2005-02-22,2548.000,2593.000,2542.000,2589.000,166,1356,0.000
2005-02-23,2620.000,2630.000,2615.000,2622.000,66,154,0.000
2005-02-24,2625.000,2648.000,2625.000,2648.000,1552,928,0.000
2005-02-25,2626.000,2633.000,2612.000,2625.000,138,814,0.000
2005-02-28,2701.000,2733.000,2701.000,2733.000,760,888,0.000
2005-03-01,2739.000,2739.000,2690.000,2706.000,328,680,0.000
2005-03-02,2706.000,2774.000,2704.000,2743.000,328,618,0.000
2005-03-03,2765.000,2766.000,2738.000,2745.000,664,524,0.000
2005-03-04,2760.000,2760.000,2706.000,2726.000,56,522,0.000
2005-03-07,2746.000,2790.000,2746.000,2787.000,494,798,0.000
2005-03-08,2703.000,2739.000,2701.000,2703.000,496,12,0.000
2005-03-09,2757.000,2770.000,2755.000,2758.000,80,752,0.000
2005-03-10,2763.000,2801.000,2763.000,2801.000,822,1088,0.000
2005-03-11,2866.000,2879.000,2840.000,2868.000,458,1260,0.000
2005-03-14,2940.000,2940.000,2888.000,2903.000,880,1506,0.000
2005-03-15,2895.000,2987.000,2890.000,2963.000,1308,1712,0.000
2005-03-16,2984.000,3040.000,2984.000,3024.000,1220,1974,0.000
2005-03-17,3001.000,3036.000,2982.000,2998.000,486,1980,0.000
2005-03-18,3000.000,3008.000,2886.000,2913.000,736,1744,0.000
2005-03-21,2886.000,2917.000,2860.000,2915.000,372,1648,0.000
2005-03-22,2847.000,2896.000,2832.000,2884.000,360,1564,0.000
2005-03-23,3010.000,3010.000,2691.000,2900.000,1614,0,0.000
2005-03-24,2920.000,2920.000,2886.000,2905.000,442,1614,0.000
2005-03-25,2850.000,2980.000,2850.000,2980.000,592,92,0.000
2005-03-28,2929.000,2929.000,2903.000,2927.000,674,1406,0.000
2005-03-29,2930.000,2930.000,2925.000,2925.000,236,1790,0.000
2005-03-30,2912.000,2919.000,2894.000,2897.000,194,1424,0.000
2005-03-31,2939.000,2968.000,2935.000,2959.000,216,1436,0.000
2005-04-01,2875.000,2914.000,2853.000,2912.000,602,1492,0.000
2005-04-04,2874.000,2905.000,2861.000,2903.000,788,1822,0.000
2005-04-05,2909.000,2920.000,2892.000,2896.000,250,1914,0.000
2005-04-06,2909.000,2924.000,2902.000,2922.000,210,1872,0.000
2005-04-07,2915.000,2945.000,2915.000,2940.000,234,1866,0.000
2005-04-08,2955.000,2955.000,2917.000,2917.000,154,1872,0.000
2005-04-11,2917.000,2917.000,2869.000,2880.000,552,1994,0.000
2005-04-12,2950.000,2950.000,2901.000,2901.000,574,2026,0.000
2005-04-13,2872.000,2889.000,2863.000,2871.000,506,2074,0.000
2005-04-14,2880.000,2901.000,2860.000,2864.000,708,2134,0.000
2005-04-15,2847.000,2870.000,2845.000,2865.000,1546,3030,0.000
2005-04-18,2851.000,2867.000,2831.000,2843.000,1224,2828,0.000
2005-04-19,2831.000,2872.000,2831.000,2871.000,628,2626,0.000
2005-04-20,2920.000,2972.000,2920.000,2972.000,6052,4678,0.000
2005-04-21,2985.000,3025.000,2840.000,2957.000,5876,5468,0.000
2005-04-22,2995.000,2999.000,2962.000,2987.000,1926,5424,0.000
2005-04-25,2970.000,2999.000,2970.000,2989.000,2048,46,0.000
2005-04-26,2980.000,2985.000,2977.000,2980.000,398,5596,0.000
2005-04-27,2980.000,2985.000,2966.000,2966.000,972,5672,0.000
2005-04-28,2976.000,2976.000,2958.000,2969.000,808,5892,0.000
2005-04-29,2950.000,2957.000,2950.000,2950.000,958,6378,0.000
2005-05-09,3012.000,3015.000,2992.000,3002.000,1078,2872,0.000
2005-05-10,2965.000,2965.000,2955.000,2955.000,602,48,0.000
2005-05-11,2963.000,2965.000,2950.000,2952.000,666,6294,0.000
2005-05-12,2962.000,2983.000,2952.000,2969.000,2628,7006,0.000
2005-05-13,2950.000,2950.000,2890.000,2905.000,8638,10978,0.000
2005-05-16,2880.000,2918.000,2880.000,2892.000,5556,13738,0.000
2005-05-17,2900.000,2905.000,2855.000,2869.000,7688,14898,0.000
2005-05-18,2867.000,2888.000,2830.000,2887.000,4962,15422,0.000
2005-05-19,2920.000,2920.000,2880.000,2885.000,3800,16706,0.000
2005-05-20,2885.000,2887.000,2863.000,2886.000,930,16848,0.000
2005-05-23,2890.000,2935.000,2890.000,2931.000,4438,16844,0.000
2005-05-24,2921.000,2926.000,2885.000,2899.000,2738,18004,0.000
2005-05-25,2910.000,2915.000,2910.000,2915.000,8000,54,0.000
2005-05-26,2955.000,2956.000,2890.000,2956.000,10040,48,0.000
2005-05-27,3009.000,3016.000,2980.000,3006.000,7154,22224,0.000
2005-05-30,2995.000,3016.000,2988.000,3010.000,4720,22200,0.000
2005-05-31,3060.000,3066.000,3038.000,3040.000,6528,22864,0.000
2005-06-01,3030.000,3041.000,3004.000,3004.000,3654,23302,0.000
2005-06-02,3015.000,3030.000,3002.000,3022.000,8898,25820,0.000
2005-06-03,2999.000,3020.000,2991.000,3003.000,6980,24648,0.000
2005-06-06,3055.000,3073.000,3046.000,3070.000,10958,24918,0.000
2005-06-07,3018.000,3050.000,3015.000,3040.000,3810,24882,0.000
2005-06-08,3031.000,3038.000,3021.000,3030.000,2720,24788,0.000
2005-06-09,3003.000,3028.000,3003.000,3023.000,5368,24696,0.000
2005-06-10,3067.000,3067.000,3030.000,3031.000,2064,24936,0.000
2005-06-13,3050.000,3055.000,3025.000,3028.000,5528,24898,0.000
2005-06-14,3036.000,3045.000,3020.000,3025.000,2316,24852,0.000
2005-06-15,3045.000,3057.000,3042.000,3056.000,5482,26396,0.000
2005-06-16,3086.000,3168.000,3086.000,3165.000,35350,41168,0.000
2005-06-17,3170.000,3203.000,3153.000,3192.000,67980,51682,0.000
2005-06-20,3307.000,3307.000,3260.000,3266.000,55440,55858,0.000
2005-06-21,3253.000,3263.000,3225.000,3228.000,44724,55374,0.000
2005-06-22,3250.000,3260.000,3223.000,3227.000,41790,55892,0.000
2005-06-23,3222.000,3226.000,3156.000,3160.000,49292,53772,0.000
2005-06-24,3167.000,3180.000,3158.000,3179.000,29120,53482,0.000
2005-06-27,3182.000,3182.000,3125.000,3147.000,26458,54128,0.000
2005-06-28,3026.000,3030.000,3026.000,3026.000,13822,49208,0.000
2005-06-29,2998.000,3037.000,2993.000,3025.000,43022,55076,0.000
2005-06-30,3027.000,3030.000,2966.000,2981.000,37080,57266,0.000
2005-07-01,2994.000,3008.000,2971.000,3006.000,24802,57158,0.000
2005-07-04,3000.000,3071.000,2997.000,3070.000,79392,74458,0.000
2005-07-05,3075.000,3090.000,3058.000,3084.000,104408,85320,0.000
2005-07-06,3151.000,3151.000,3072.000,3088.000,159930,76060,0.000
2005-07-07,3083.000,3111.000,3079.000,3079.000,92128,77702,0.000
2005-07-08,3056.000,3101.000,3055.000,3099.000,145830,105330,0.000
2005-07-11,3069.000,3097.000,3052.000,3086.000,205794,129068,0.000
2005-07-12,3090.000,3120.000,3088.000,3110.000,210890,139162,0.000
2005-07-13,3101.000,3113.000,3072.000,3073.000,220900,134632,0.000
2005-07-14,3100.000,3110.000,3083.000,3095.000,266734,141752,0.000
2005-07-15,3091.000,3110.000,3076.000,3102.000,266450,165148,0.000
2005-07-18,3110.000,3118.000,3073.000,3079.000,250898,165652,0.000
2005-07-19,3075.000,3086.000,3068.000,3078.000,191708,177984,0.000
2005-07-20,3030.000,3039.000,2968.000,2984.000,414654,176014,0.000
2005-07-21,3000.000,3002.000,2984.000,2993.000,191950,174028,0.000
2005-07-22,2950.000,2950.000,2896.000,2905.000,394400,191672,0.000
2005-07-25,2890.000,2918.000,2886.000,2903.000,366500,211318,0.000
2005-07-26,2916.000,2928.000,2913.000,2925.000,255276,200302,0.000
2005-07-27,2916.000,2933.000,2903.000,2933.000,320478,213624,0.000
2005-07-28,2940.000,2945.000,2920.000,2926.000,161654,205728,0.000
2005-07-29,2939.000,2939.000,2905.000,2917.000,223770,198196,0.000
2005-08-01,2910.000,2916.000,2865.000,2865.000,319086,215116,0.000
2005-08-02,2885.000,2917.000,2858.000,2917.000,486534,224302,0.000
2005-08-03,2925.000,2935.000,2911.000,2918.000,273756,221538,0.000
2005-08-04,2882.000,2885.000,2862.000,2875.000,336044,206756,0.000
2005-08-05,2882.000,2894.000,2875.000,2880.000,179994,201832,0.000
2005-08-08,2875.000,2885.000,2865.000,2872.000,227592,205468,0.000
2005-08-09,2855.000,2863.000,2842.000,2844.000,234042,208468,0.000
2005-08-10,2818.000,2818.000,2799.000,2805.000,352858,233776,0.000
2005-08-11,2810.000,2815.000,2803.000,2812.000,167132,211236,0.000
2005-08-12,2810.000,2814.000,2798.000,2809.000,184108,213050,0.000
2005-08-15,2790.000,2790.000,2765.000,2769.000,321736,221358,0.000
2005-08-16,2719.000,2731.000,2715.000,2729.000,279120,233284,0.000
2005-08-17,2736.000,2749.000,2716.000,2718.000,264560,234940,0.000
2005-08-18,2736.000,2746.000,2727.000,2744.000,234970,232254,0.000
2005-08-19,2731.000,2735.000,2725.000,2732.000,148456,230864,0.000
2005-08-22,2716.000,2785.000,2716.000,2785.000,434560,255464,0.000
2005-08-23,2789.000,2797.000,2781.000,2792.000,286470,252342,0.000
2005-08-24,2774.000,2782.000,2764.000,2776.000,285378,255140,0.000
2005-08-25,2766.000,2784.000,2762.000,2783.000,289462,279960,0.000
2005-08-26,2749.000,2749.000,2723.000,2728.000,350372,261082,0.000
2005-08-29,2748.000,2789.000,2747.000,2785.000,334008,267650,0.000
2005-08-30,2766.000,2784.000,2766.000,2780.000,203912,266656,0.000
2005-08-31,2796.000,2825.000,2794.000,2825.000,330912,283458,0.000
2005-09-01,2785.000,2812.000,2781.000,2799.000,497324,299230,0.000
2005-09-02,2815.000,2908.000,2815.000,2839.000,278632,307048,0.000
2005-09-05,2810.000,2830.000,2801.000,2828.000,204976,311754,0.000
2005-09-06,2839.000,2849.000,2826.000,2830.000,241872,316330,0.000
2005-09-07,2856.000,2865.000,2821.000,2822.000,282160,324758,0.000
2005-09-08,2822.000,2835.000,2807.000,2829.000,391472,334310,0.000
2005-09-09,2825.000,2829.000,2818.000,2820.000,159038,322790,0.000
2005-09-12,2790.000,2794.000,2755.000,2755.000,353122,309070,0.000
2005-09-13,2750.000,2765.000,2748.000,2757.000,306192,311186,0.000
2005-09-14,2765.000,2768.000,2749.000,2750.000,165324,304138,0.000
2005-09-15,2740.000,2740.000,2726.000,2735.000,264166,315384,0.000
2005-09-16,2722.000,2743.000,2708.000,2740.000,318396,323886,0.000
2005-09-19,2727.000,2757.000,2725.000,2751.000,296320,364268,0.000
2005-09-20,2762.000,2768.000,2738.000,2745.000,284810,347212,0.000
2005-09-21,2736.000,2762.000,2735.000,2754.000,263264,347220,0.000
2005-09-22,2761.000,2771.000,2741.000,2747.000,286678,332718,0.000
2005-09-23,2752.000,2760.000,2743.000,2744.000,153488,331872,0.000
2005-09-26,2736.000,2749.000,2732.000,2734.000,164352,327104,0.000
2005-09-27,2724.000,2732.000,2717.000,2723.000,209276,326900,0.000
2005-09-28,2715.000,2732.000,2705.000,2729.000,340528,344356,0.000
2005-09-29,2738.000,2743.000,2730.000,2733.000,199038,351386,0.000
2005-09-30,2735.000,2737.000,2713.000,2717.000,156882,318806,0.000
2005-10-10,2725.000,2740.000,2716.000,2720.000,144302,308700,0.000
2005-10-11,2705.000,2755.000,2702.000,2740.000,192818,295142,0.000
2005-10-12,2798.000,2818.000,2795.000,2814.000,266324,173060,0.000
2005-10-13,2880.000,2900.000,2860.000,2886.000,382526,229506,0.000
2005-10-14,2882.000,2895.000,2869.000,2885.000,283106,244086,0.000
2005-10-17,2872.000,2888.000,2865.000,2886.000,216320,257024,0.000
2005-10-18,2890.000,2893.000,2856.000,2860.000,269808,264928,0.000
2005-10-19,2853.000,2861.000,2834.000,2842.000,369098,273926,0.000
2005-10-20,2849.000,2855.000,2826.000,2827.000,171434,281478,0.000
2005-10-21,2821.000,2826.000,2747.000,2758.000,536604,243958,0.000
2005-10-24,2748.000,2753.000,2713.000,2740.000,341118,253560,0.000
2005-10-25,2755.000,2759.000,2730.000,2734.000,269568,255124,0.000
2005-10-26,2745.000,2755.000,2737.000,2743.000,195560,256702,0.000
2005-10-27,2730.000,2751.000,2727.000,2747.000,170536,262050,0.000
2005-10-28,2740.000,2749.000,2735.000,2743.000,162586,263570,0.000
2005-10-31,3188.000,3189.000,3140.000,3144.000,107346,45742,0.000
2005-11-01,2738.000,2782.000,2738.000,2775.000,296242,275252,0.000
2005-11-02,2780.000,2786.000,2750.000,2755.000,234140,275318,0.000
2005-11-03,2763.000,2771.000,2759.000,2770.000,171358,276124,0.000
2005-11-04,2813.000,2819.000,2785.000,2786.000,345122,288946,0.000
2005-11-07,2772.000,2774.000,2731.000,2741.000,208474,287386,0.000
2005-11-08,2730.000,2749.000,2730.000,2746.000,116596,294028,0.000
2005-11-09,2743.000,2747.000,2708.000,2720.000,203946,278832,0.000
2005-11-10,2730.000,2740.000,2721.000,2739.000,148824,280672,0.000
2005-11-11,2744.000,2748.000,2724.000,2738.000,204432,302272,0.000
2005-11-14,2773.000,2775.000,2737.000,2741.000,202228,302024,0.000
2005-11-15,2738.000,2743.000,2727.000,2734.000,110100,297296,0.000
2005-11-16,2725.000,2737.000,2718.000,2735.000,143818,311204,0.000
2005-11-17,2695.000,2708.000,2691.000,2706.000,234908,293440,0.000
2005-11-18,2701.000,2705.000,2663.000,2665.000,299340,294436,0.000
2005-11-21,2660.000,2667.000,2648.000,2661.000,215440,304486,0.000
2005-11-22,2664.000,2670.000,2653.000,2666.000,134432,304808,0.000
2005-11-23,2656.000,2661.000,2642.000,2649.000,218720,301576,0.000
2005-11-24,2625.000,2625.000,2611.000,2614.000,203424,309036,0.000
2005-11-25,2610.000,2618.000,2598.000,2599.000,154048,312650,0.000
2005-11-28,2591.000,2596.000,2505.000,2514.000,365688,317870,0.000
2005-11-29,2537.000,2550.000,2509.000,2524.000,304462,309796,0.000
2005-11-30,2513.000,2578.000,2512.000,2545.000,291972,299138,0.000
2005-12-01,2545.000,2552.000,2528.000,2533.000,164286,309956,0.000
2005-12-02,2534.000,2555.000,2534.000,2547.000,135096,305990,0.000
2005-12-05,2552.000,2553.000,2530.000,2551.000,158192,308036,0.000
2005-12-06,2570.000,2584.000,2561.000,2582.000,249960,321490,0.000
2005-12-07,2552.000,2566.000,2545.000,2557.000,188466,334650,0.000
2005-12-08,2553.000,2562.000,2543.000,2557.000,152876,335144,0.000
2005-12-09,2570.000,2597.000,2568.000,2584.000,264464,319754,0.000
2005-12-12,2601.000,2648.000,2595.000,2640.000,442376,335640,0.000
2005-12-13,2650.000,2659.000,2626.000,2645.000,330726,337656,0.000
2005-12-14,2678.000,2694.000,2663.000,2667.000,392672,334996,0.000
2005-12-15,2656.000,2671.000,2650.000,2670.000,253058,323432,0.000
2005-12-16,2660.000,2696.000,2654.000,2692.000,322642,336034,0.000
2005-12-19,2688.000,2722.000,2678.000,2717.000,345066,341472,0.000
2005-12-20,2753.000,2758.000,2738.000,2745.000,341702,340402,0.000
2005-12-21,2740.000,2747.000,2694.000,2715.000,348878,360132,0.000
2005-12-22,2744.000,2765.000,2744.000,2764.000,325164,330466,0.000
2005-12-23,2755.000,2764.000,2749.000,2750.000,202964,322676,0.000
2005-12-26,3012.000,3035.000,2979.000,3026.000,129232,53628,0.000
2005-12-27,2755.000,2784.000,2720.000,2732.000,388976,330600,0.000
2005-12-28,2738.000,2745.000,2703.000,2723.000,301386,307208,0.000
2005-12-29,2727.000,2730.000,2708.000,2720.000,152526,307094,0.000
2005-12-30,2683.000,2693.000,2677.000,2692.000,185546,262960,0.000
2006-01-02,2683.000,2693.000,2677.000,2692.000,185546,262960,0.000
2006-01-03,2683.000,2693.000,2677.000,2692.000,185546,262960,0.000
2006-01-04,2683.000,2793.000,2677.000,2793.000,310324,288478,0.000
2006-01-05,2786.000,2796.000,2773.000,2788.000,272850,289872,0.000
2006-01-06,2750.000,2788.000,2745.000,2788.000,230086,290136,0.000
2006-01-09,2725.000,2761.000,2725.000,2746.000,243120,271958,0.000
2006-01-10,2710.000,2735.000,2710.000,2735.000,221466,295928,0.000
2006-01-11,2715.000,2722.000,2701.000,2711.000,188088,307754,0.000
2006-01-12,2693.000,2699.000,2668.000,2686.000,173444,304476,0.000
2006-01-13,2651.000,2663.000,2642.000,2663.000,171288,300586,0.000
2006-01-16,2675.000,2688.000,2669.000,2686.000,120988,298718,0.000
2006-01-17,2688.000,2698.000,2665.000,2666.000,156446,310208,0.000
2006-01-18,2665.000,2667.000,2626.000,2630.000,214198,292282,0.000
2006-01-19,2640.000,2654.000,2636.000,2653.000,83380,288790,0.000
2006-01-20,3295.000,3343.000,3284.000,3341.000,128520,65316,0.000
2006-01-23,3461.000,3462.000,3397.000,3407.000,183928,60814,0.000
2006-01-24,3392.000,3452.000,3387.000,3426.000,178282,68940,0.000
2006-01-25,3388.000,3417.000,3343.000,3355.000,147916,65960,0.000
2006-01-26,3319.000,3401.000,3304.000,3379.000,154286,74894,0.000
2006-01-27,3410.000,3470.000,3408.000,3435.000,134220,63544,0.000
2006-02-06,2747.000,2796.000,2747.000,2754.000,281144,255018,0.000
2006-02-07,2728.000,2742.000,2716.000,2728.000,99704,234706,0.000
2006-02-08,2688.000,2690.000,2621.000,2622.000,175672,191740,0.000
2006-02-09,3410.000,3465.000,3410.000,3458.000,122676,76482,0.000
2006-02-10,3458.000,3503.000,3422.000,3427.000,155478,73904,0.000
2006-02-13,3427.000,3427.000,3347.000,3399.000,212778,69762,0.000
2006-02-14,3399.000,3420.000,3364.000,3420.000,125368,83610,0.000
2006-02-15,3420.000,3420.000,3346.000,3395.000,214084,87076,0.000
2006-02-16,3395.000,3395.000,3278.000,3328.000,255238,86272,0.000
2006-02-17,3388.000,3398.000,3352.000,3367.000,155372,74566,0.000
2006-02-20,3422.000,3422.000,3396.000,3412.000,103066,71074,0.000
2006-02-21,3454.000,3474.000,3422.000,3422.000,99224,77900,0.000
2006-02-22,3422.000,3443.000,3371.000,3373.000,126344,73770,0.000
2006-02-23,3373.000,3373.000,3301.000,3301.000,131404,69250,0.000
2006-02-24,3327.000,3388.000,3315.000,3388.000,126260,67184,0.000
2006-02-27,3388.000,3407.000,3364.000,3370.000,125064,64052,0.000
2006-02-28,3370.000,3370.000,3310.000,3363.000,96550,63130,0.000
2006-03-01,3381.000,3384.000,3352.000,3354.000,68768,59716,0.000
2006-03-02,3354.000,3441.000,3354.000,3436.000,121120,57050,0.000
2006-03-03,3436.000,3513.000,3436.000,3505.000,112998,55162,0.000
2006-03-06,3490.000,3500.000,3449.000,3467.000,160106,54536,0.000
2006-03-07,3467.000,3467.000,3426.000,3436.000,103494,53854,0.000
2006-03-08,3423.000,3431.000,3380.000,3396.000,138584,50392,0.000
2006-03-09,3396.000,3399.000,3350.000,3397.000,123696,58030,0.000
2006-03-10,3408.000,3414.000,3377.000,3380.000,121574,54660,0.000
2006-03-13,3380.000,3410.000,3364.000,3409.000,121826,66318,0.000
2006-03-14,3409.000,3439.000,3408.000,3417.000,97206,58456,0.000
2006-03-15,3417.000,3464.000,3417.000,3446.000,123052,64580,0.000
2006-03-16,3446.000,3446.000,3413.000,3427.000,87778,63288,0.000
2006-03-17,3427.000,3478.000,3427.000,3465.000,97684,65200,0.000
2006-03-20,3461.000,3526.000,3461.000,3515.000,126560,80708,0.000
2006-03-21,3450.000,3456.000,3419.000,3424.000,114364,72372,0.000
2006-03-22,3440.000,3449.000,3430.000,3441.000,75776,64354,0.000
2006-03-23,3449.000,3481.000,3439.000,3475.000,93674,67860,0.000
2006-03-24,3475.000,3518.000,3475.000,3495.000,95802,64834,0.000
2006-03-27,3495.000,3527.000,3495.000,3501.000,109548,69576,0.000
2006-03-28,3512.000,3513.000,3477.000,3485.000,88664,66480,0.000
2006-03-29,3485.000,3537.000,3485.000,3516.000,132424,65970,0.000
2006-03-30,3516.000,3533.000,3512.000,3520.000,94866,67024,0.000
2006-03-31,3520.000,3552.000,3517.000,3518.000,109368,71428,0.000
2006-04-03,3518.000,3536.000,3500.000,3530.000,90682,67054,0.000
2006-04-04,3530.000,3556.000,3515.000,3548.000,149646,72770,0.000
2006-04-05,3548.000,3550.000,3494.000,3502.000,122054,63074,0.000
2006-04-06,3502.000,3561.000,3502.000,3551.000,92742,62530,0.000
2006-04-07,3551.000,3566.000,3533.000,3541.000,90382,59358,0.000
2006-04-10,3541.000,3578.000,3541.000,3578.000,93388,70752,0.000
2006-04-11,3578.000,3680.000,3578.000,3679.000,211036,103002,0.000
2006-04-12,3679.000,3704.000,3647.000,3681.000,201646,112706,0.000
2006-04-13,3661.000,3673.000,3645.000,3659.000,133920,109684,0.000
2006-04-14,3706.000,3729.000,3692.000,3729.000,150826,122850,0.000
2006-04-19,3719.000,3719.000,3696.000,3709.000,152216,136968,0.000
2006-04-20,3741.000,3766.000,3740.000,3750.000,177346,134240,0.000
2006-04-21,3750.000,3750.000,3665.000,3691.000,174652,120412,0.000
2006-04-24,3691.000,3806.000,3691.000,3780.000,155458,132954,0.000
2006-04-25,3780.000,3780.000,3699.000,3722.000,126998,131058,0.000
2006-04-26,3722.000,3734.000,3689.000,3722.000,177774,113478,0.000
2006-04-27,3722.000,3722.000,3659.000,3682.000,136814,96880,0.000
2006-04-28,3636.000,3667.000,3627.000,3666.000,77658,78918,0.000
2006-05-08,3665.000,3698.000,3648.000,3694.000,105008,93768,0.000
2006-05-09,3675.000,3700.000,3668.000,3677.000,102964,101046,0.000
2006-05-10,3677.000,3719.000,3677.000,3702.000,97444,111028,0.000
2006-05-11,3703.000,3829.000,3703.000,3824.000,160124,143218,0.000
2006-05-12,3829.000,3832.000,3766.000,3777.000,156784,128902,0.000
2006-05-15,3777.000,3783.000,3727.000,3734.000,110348,135610,0.000
2006-05-16,3734.000,3734.000,3564.000,3592.000,194852,116090,0.000
2006-05-17,3623.000,3627.000,3600.000,3616.000,90742,104788,0.000
2006-05-18,3575.000,3575.000,3538.000,3559.000,96106,98184,0.000
2006-05-19,3559.000,3606.000,3559.000,3597.000,56168,95466,0.000
2006-05-22,3597.000,3597.000,3522.000,3536.000,113476,87838,0.000
2006-05-23,3536.000,3639.000,3536.000,3638.000,72116,83216,0.000
2006-05-24,3787.000,3787.000,3694.000,3697.000,166884,86040,0.000
2006-05-25,3698.000,3698.000,3614.000,3664.000,125344,87450,0.000
2006-05-26,3664.000,3730.000,3664.000,3699.000,120152,86084,0.000
2006-05-29,3699.000,3711.000,3690.000,3698.000,72484,90758,0.000
2006-05-30,3720.000,3724.000,3657.000,3672.000,68582,57384,0.000
2006-05-31,3694.000,3707.000,3666.000,3667.000,62732,88200,0.000
2006-06-01,3667.000,3667.000,3576.000,3614.000,131240,77570,0.000
2006-06-02,3634.000,3640.000,3593.000,3627.000,69302,74654,0.000
2006-06-05,3628.000,3716.000,3628.000,3713.000,93556,81912,0.000
2006-06-06,3726.000,3735.000,3707.000,3710.000,37518,34016,0.000
2006-06-07,3691.000,3691.000,3649.000,3659.000,54820,78402,0.000
2006-06-08,3659.000,3659.000,3578.000,3585.000,70632,88920,0.000
2006-06-09,3580.000,3616.000,3543.000,3552.000,102772,90086,0.000
2006-06-12,3589.000,3592.000,3565.000,3581.000,67462,82448,0.000
2006-06-13,3560.000,3569.000,3468.000,3491.000,88562,49938,0.000
2006-06-14,3355.000,3355.000,3321.000,3321.000,74518,76208,0.000
2006-06-15,3368.000,3458.000,3335.000,3450.000,138852,36060,0.000
2006-06-16,3434.000,3460.000,3409.000,3437.000,99246,65838,0.000
2006-06-19,3437.000,3437.000,3337.000,3339.000,102438,66138,0.000
2006-06-20,3339.000,3374.000,3282.000,3368.000,127964,63218,0.000
2006-06-21,3381.000,3396.000,3335.000,3380.000,152964,59882,0.000
2006-06-22,3380.000,3472.000,3380.000,3428.000,152552,66180,0.000
2006-06-23,3445.000,3446.000,3377.000,3382.000,122114,64482,0.000
2006-06-26,3379.000,3410.000,3376.000,3381.000,92422,66358,0.000
2006-06-27,3381.000,3457.000,3381.000,3453.000,115910,65562,0.000
2006-06-28,3457.000,3459.000,3435.000,3441.000,79248,55982,0.000
2006-06-29,3441.000,3464.000,3441.000,3446.000,51750,56892,0.000
2006-06-30,3446.000,3558.000,3446.000,3551.000,113132,56592,0.000
2006-07-03,3446.000,3558.000,3446.000,3551.000,113132,56592,0.000
2006-07-04,3446.000,3558.000,3512.000,3518.000,36908,42100,0.000
2006-07-05,2585.000,2597.000,2568.000,2577.000,23082,187312,0.000
2006-07-06,3507.000,3569.000,3507.000,3559.000,62762,43858,0.000
2006-07-07,3559.000,3611.000,3559.000,3606.000,66800,49740,0.000
2006-07-10,3606.000,3606.000,3519.000,3539.000,69396,45800,0.000
2006-07-11,3527.000,3541.000,3513.000,3532.000,62856,46422,0.000
2006-07-12,3532.000,3569.000,3532.000,3563.000,41248,47484,0.000
2006-07-13,3563.000,3621.000,3563.000,3614.000,89538,50564,0.000
2006-07-14,3615.000,3752.000,3615.000,3747.000,123204,57750,0.000
2006-07-17,3615.000,3756.000,3615.000,3755.000,40698,61648,0.000
2006-07-18,3615.000,3756.000,3615.000,3755.000,40698,61648,0.000
2006-07-19,3696.000,3696.000,3609.000,3653.000,143976,51578,0.000
2006-07-20,3680.000,3707.000,3673.000,3695.000,92002,33846,0.000
2006-07-21,3651.000,3673.000,3640.000,3657.000,85738,55908,0.000
2006-07-24,3657.000,3657.000,3599.000,3599.000,62710,59688,0.000
2006-07-25,3599.000,3667.000,3599.000,3650.000,108092,61114,0.000
2006-07-26,3620.000,3620.000,3577.000,3579.000,102582,42316,0.000
2006-07-27,3597.000,3615.000,3575.000,3614.000,83238,40198,0.000
2006-07-28,3630.000,3654.000,3625.000,3648.000,79048,40198,0.000
2006-07-31,2380.000,2425.000,2372.000,2421.000,35182,110010,0.000
2006-08-01,3631.000,3652.000,3630.000,3632.000,59732,36446,0.000
2006-08-02,3672.000,3681.000,3668.000,3673.000,59258,37918,0.000
2006-08-03,3673.000,3695.000,3653.000,3657.000,50342,36906,0.000
2006-08-04,2580.000,2608.000,2578.000,2605.000,45978,69618,0.000
2006-08-07,3621.000,3696.000,3621.000,3683.000,75208,37426,0.000
2006-08-08,3683.000,3683.000,3683.000,3683.000,75208,37426,0.000
2006-08-09,3683.000,3683.000,3662.000,3671.000,32160,37416,0.000
2006-08-10,3671.000,3688.000,3660.000,3681.000,45928,38462,0.000
2006-08-11,3683.000,3683.000,3607.000,3625.000,49106,35388,0.000
2006-08-14,3625.000,3625.000,3536.000,3536.000,70898,38672,0.000
2006-08-15,2520.000,2530.000,2512.000,2526.000,29908,78192,0.000
2006-08-16,3516.000,3530.000,3515.000,3525.000,58154,44746,0.000
2006-08-17,3525.000,3525.000,3442.000,3450.000,66942,47604,0.000
2006-08-18,3441.000,3481.000,3439.000,3479.000,41552,31224,0.000
2006-08-21,3502.000,3542.000,3501.000,3540.000,51550,34928,0.000
2006-08-22,3554.000,3563.000,3514.000,3523.000,69192,36382,0.000
2006-08-23,3514.000,3520.000,3470.000,3475.000,55920,37040,0.000
2006-08-24,3450.000,3461.000,3393.000,3429.000,95682,41946,0.000
2006-08-25,3429.000,3455.000,3428.000,3442.000,73906,43402,0.000
2006-08-28,3401.000,3408.000,3363.000,3364.000,76628,53438,0.000
2006-08-29,3304.000,3338.000,3299.000,3310.000,78260,55032,0.000
2006-08-30,2532.000,2535.000,2518.000,2532.000,11936,66428,0.000
2006-08-31,2537.000,2555.000,2536.000,2555.000,10832,65306,0.000
2006-09-01,2553.000,2559.000,2550.000,2559.000,12516,65012,0.000
2006-09-04,3320.000,3326.000,3230.000,3233.000,13860,13010,0.000
2006-09-05,3201.000,3224.000,3160.000,3168.000,18152,13600,0.000
2006-09-06,3199.000,3208.000,3098.000,3110.000,25504,22094,0.000
2006-09-07,3050.000,3088.000,2988.000,3083.000,39486,24028,0.000
2006-09-08,3045.000,3092.000,3012.000,3047.000,39314,27086,0.000
2006-09-11,2990.000,3030.000,2952.000,3013.000,36610,28062,0.000
2006-09-12,3029.000,3100.000,3026.000,3100.000,48532,28548,0.000
2006-09-13,2999.000,2999.000,2930.000,2986.000,63640,36510,0.000
2006-09-14,3046.000,3085.000,3031.000,3077.000,71314,38152,0.000
2006-09-15,2998.000,3058.000,2980.000,3050.000,106448,41456,0.000
2006-09-18,3077.000,3123.000,3070.000,3118.000,146614,47698,0.000
2006-09-19,3160.000,3172.000,3099.000,3113.000,161016,44284,0.000
2006-09-20,2991.000,3013.000,2977.000,2977.000,111284,56586,0.000
2006-09-21,2902.000,2925.000,2851.000,2913.000,244212,45354,0.000
2006-09-22,2898.000,2898.000,2898.000,2898.000,189742,69786,0.000
2006-09-25,2898.000,2898.000,2898.000,2898.000,189742,69786,0.000
2006-09-26,2897.000,2899.000,2856.000,2859.000,132322,67342,0.000
2006-09-27,2856.000,2856.000,2856.000,2856.000,116802,76140,0.000
2006-09-28,2968.000,2969.000,2917.000,2926.000,141488,61076,0.000
2006-09-29,2856.000,2856.000,2856.000,2856.000,116802,76140,0.000
2006-10-09,2862.000,2862.000,2862.000,2862.000,111584,68060,0.000
2006-10-10,2862.000,2862.000,2862.000,2862.000,111584,68060,0.000
2006-10-11,2862.000,2904.000,2862.000,2904.000,59888,48452,0.000
2006-10-12,2904.000,2904.000,2904.000,2904.000,59888,48452,0.000
2006-10-13,2918.000,2920.000,2912.000,2912.000,65310,48128,0.000
2006-10-16,2912.000,2958.000,2912.000,2937.000,43170,46812,0.000
2006-10-17,3025.000,3025.000,3008.000,3015.000,14908,49748,0.000
2006-10-18,2990.000,2995.000,2952.000,2954.000,99048,57214,0.000
2006-10-19,2912.000,2943.000,2898.000,2942.000,88800,58582,0.000
2006-10-20,2942.000,2986.000,2942.000,2968.000,70300,42118,0.000
2006-10-23,2968.000,2968.000,2894.000,2925.000,52128,33156,0.000
2006-10-24,2925.000,2925.000,2890.000,2892.000,28954,28874,0.000
2006-10-25,2589.000,2590.000,2569.000,2580.000,13070,83060,0.000
2006-10-26,2977.000,2994.000,2976.000,2992.000,17434,14044,0.000
2006-10-27,2585.000,2639.000,2582.000,2626.000,47578,90550,0.000
2006-10-31,2660.000,2665.000,2616.000,2624.000,24812,88922,0.000
2006-11-01,2613.000,2624.000,2604.000,2616.000,10942,86054,0.000
2006-11-02,2661.000,2681.000,2661.000,2670.000,10890,82740,0.000
2006-11-03,2659.000,2659.000,2626.000,2648.000,2472,78854,0.000
2006-11-06,2659.000,2662.000,2626.000,2645.000,10966,81804,0.000
2006-11-07,3063.000,3069.000,3063.000,3067.000,6870,9138,0.000
2006-11-08,3047.000,3048.000,3044.000,3048.000,4344,12038,0.000
2006-11-09,3060.000,3066.000,3040.000,3060.000,10920,14678,0.000
2006-11-10,3097.000,3104.000,3078.000,3079.000,16914,18632,0.000
2006-11-13,3025.000,3039.000,3021.000,3038.000,15126,22812,0.000
2006-11-14,3038.000,3038.000,2932.000,2971.000,38676,24704,0.000
2006-11-15,2971.000,2971.000,2934.000,2962.000,33890,26840,0.000
2006-11-16,2962.000,2971.000,2944.000,2961.000,30256,32064,0.000
2006-11-17,2961.000,2961.000,2808.000,2820.000,44946,32380,0.000
2006-11-20,2820.000,2826.000,2797.000,2814.000,42018,34556,0.000
2006-11-21,2814.000,2852.000,2814.000,2842.000,34510,34852,0.000
2006-11-22,2887.000,2894.000,2877.000,2879.000,33292,33644,0.000
2006-11-23,2879.000,2879.000,2848.000,2858.000,17328,33362,0.000
2006-11-24,2855.000,2862.000,2827.000,2836.000,28928,35360,0.000
2006-11-27,2836.000,2896.000,2836.000,2882.000,63290,43354,0.000
2006-11-28,2901.000,2907.000,2863.000,2865.000,79108,47684,0.000
2006-11-29,2865.000,2910.000,2865.000,2887.000,50666,47354,0.000
2006-11-30,2887.000,2937.000,2887.000,2916.000,55326,48612,0.000
2006-12-01,2898.000,2925.000,2897.000,2898.000,87844,48366,0.000
2006-12-04,2898.000,2948.000,2898.000,2944.000,57586,48500,0.000
2006-12-05,2944.000,2947.000,2915.000,2944.000,52174,46930,0.000
2006-12-06,2959.000,2957.000,2944.000,2950.000,28192,38870,0.000
2006-12-07,2943.000,2999.000,2934.000,2977.000,30408,38358,0.000
2006-12-08,2970.000,3015.000,2965.000,3012.000,105778,62138,0.000
2006-12-11,2983.000,2985.000,2938.000,2945.000,104886,57454,0.000
2006-12-12,2945.000,2945.000,2912.000,2922.000,74764,62940,0.000
2006-12-13,2922.000,2922.000,2892.000,2902.000,40346,60694,0.000
2006-12-14,2902.000,2921.000,2902.000,2907.000,28984,61856,0.000
2006-12-15,2907.000,2942.000,2907.000,2936.000,46836,64902,0.000
2006-12-18,2956.000,2965.000,2945.000,2947.000,28142,59522,0.000
2006-12-19,2913.000,2920.000,2903.000,2910.000,39718,64170,0.000
2006-12-20,2936.000,2939.000,2926.000,2930.000,34678,66764,0.000
2006-12-21,2930.000,2939.000,2918.000,2922.000,28454,64160,0.000
2006-12-22,2904.000,2933.000,2885.000,2931.000,54400,58544,0.000
2006-12-25,2930.000,2963.000,2930.000,2948.000,41960,60842,0.000
2006-12-26,2948.000,2979.000,2948.000,2979.000,72320,70202,0.000
2006-12-27,2979.000,2979.000,2919.000,2925.000,60260,75174,0.000
2006-12-28,2925.000,2931.000,2914.000,2921.000,53360,74204,0.000
2006-12-29,2921.000,2930.000,2918.000,2924.000,34158,74216,0.000
2007-01-04,2786.000,2793.000,2780.000,2789.000,25392,67232,0.000
2007-01-05,2789.000,2789.000,2606.000,2683.000,98430,67546,0.000
2007-01-08,2789.000,2789.000,2606.000,2683.000,98430,67546,0.000
2007-01-09,2753.000,2790.000,2750.000,2773.000,6688,15438,0.000
2007-01-10,2773.000,2785.000,2773.000,2785.000,5896,17026,0.000
2007-01-11,2767.000,2767.000,2725.000,2741.000,14844,20920,0.000
2007-01-12,2722.000,2782.000,2699.000,2747.000,50826,24756,0.000
2007-01-15,2765.000,2811.000,2750.000,2768.000,38760,23290,0.000
2007-01-16,2771.000,2771.000,2713.000,2715.000,69360,84428,0.000
2007-01-17,2715.000,2715.000,2680.000,2701.000,71038,82850,0.000
2007-01-18,2701.000,2728.000,2689.000,2695.000,64000,80938,0.000
2007-01-19,2621.000,2638.000,2608.000,2628.000,34788,36374,0.000
2007-01-22,2670.000,2701.000,2668.000,2698.000,34404,32926,0.000
2007-01-23,2691.000,2706.000,2690.000,2696.000,40168,70892,0.000
2007-01-24,2759.000,2770.000,2737.000,2737.000,37480,30492,0.000
2007-01-25,2750.000,2755.000,2730.000,2736.000,16568,30342,0.000
2007-01-26,2720.000,2765.000,2720.000,2760.000,28552,27306,0.000
2007-01-29,2724.000,2815.000,2724.000,2813.000,57398,64174,0.000
2007-01-30,2763.000,2773.000,2757.000,2760.000,42920,65036,0.000
2007-01-31,2760.000,2844.000,2760.000,2829.000,47932,53316,0.000
2007-02-01,2829.000,2862.000,2829.000,2854.000,31178,51692,0.000
2007-02-02,2881.000,2913.000,2880.000,2903.000,76048,55766,0.000
2007-02-05,2903.000,2947.000,2903.000,2916.000,62408,55854,0.000
2007-02-06,2916.000,2938.000,2916.000,2932.000,40262,57006,0.000
2007-02-07,2932.000,2958.000,2926.000,2956.000,55674,56382,0.000
2007-02-08,2913.000,2925.000,2890.000,2917.000,48616,55110,0.000
2007-02-09,2917.000,2994.000,2917.000,2993.000,52122,56468,0.000
2007-02-12,2939.000,2944.000,2925.000,2930.000,31946,42620,0.000
2007-02-13,2885.000,2899.000,2875.000,2885.000,34522,58174,0.000
2007-02-14,2885.000,2901.000,2875.000,2897.000,37810,58946,0.000
2007-02-15,2872.000,2884.000,2864.000,2882.000,27478,58002,0.000
2007-02-16,2882.000,2886.000,2874.000,2882.000,20824,58078,0.000
2007-02-19,2882.000,2882.000,2882.000,2882.000,20824,58078,0.000
2007-02-20,2882.000,2882.000,2882.000,2882.000,20824,58078,0.000
2007-02-21,2882.000,2882.000,2882.000,2882.000,20824,58078,0.000
2007-02-22,2882.000,2882.000,2882.000,2882.000,20824,58078,0.000
2007-02-23,2882.000,2882.000,2882.000,2882.000,20824,58078,0.000
2007-02-26,2882.000,2960.000,2882.000,2951.000,47820,65980,0.000
2007-02-27,2951.000,2967.000,2948.000,2953.000,44666,60580,0.000
2007-02-28,2953.000,2953.000,2909.000,2926.000,43688,59774,0.000
2007-03-01,2920.000,2955.000,2920.000,2954.000,42938,49966,0.000
2007-03-02,2954.000,2976.000,2948.000,2972.000,32196,50514,0.000
2007-03-05,2972.000,2972.000,2927.000,2932.000,33486,49384,0.000
2007-03-06,2932.000,2955.000,2918.000,2951.000,32348,52072,0.000
2007-03-07,2951.000,3015.000,2951.000,2993.000,65890,60818,0.000
2007-03-08,2993.000,3039.000,2993.000,3039.000,65888,62702,0.000
2007-03-09,3039.000,3039.000,3017.000,3025.000,32480,61316,0.000
2007-03-12,2984.000,2984.000,2964.000,2975.000,51480,62852,0.000
2007-03-13,2975.000,2997.000,2971.000,2997.000,73016,70846,0.000
2007-03-14,2997.000,2997.000,2948.000,2978.000,84568,71642,0.000
2007-03-15,2978.000,3001.000,2978.000,2991.000,69564,71356,0.000
2007-03-16,2991.000,2991.000,2963.000,2983.000,55704,69692,0.000
2007-03-19,2985.000,3004.000,2977.000,3004.000,72192,78668,0.000
2007-03-20,3004.000,3040.000,3004.000,3031.000,115714,85308,0.000
2007-03-21,3021.000,3046.000,3020.000,3022.000,95144,90744,0.000
2007-03-22,3022.000,3083.000,3022.000,3081.000,125050,94152,0.000
2007-03-23,3081.000,3156.000,3081.000,3148.000,155202,86138,0.000
2007-03-26,3148.000,3181.000,3141.000,3170.000,85092,93962,0.000
2007-03-27,3170.000,3214.000,3164.000,3187.000,211736,97722,0.000
2007-03-28,3187.000,3266.000,3187.000,3260.000,231884,106656,0.000
2007-03-29,3260.000,3271.000,3243.000,3259.000,171356,105506,0.000
2007-03-30,3259.000,3374.000,3259.000,3369.000,216656,111022,0.000
2007-04-02,3371.000,3371.000,3334.000,3340.000,160524,119228,0.000
2007-04-03,3340.000,3350.000,3327.000,3330.000,143768,119570,0.000
2007-04-04,3330.000,3330.000,3307.000,3315.000,119866,120176,0.000
2007-04-05,3315.000,3391.000,3314.000,3391.000,276944,143408,0.000
2007-04-06,3382.000,3413.000,3358.000,3374.000,419910,131486,0.000
2007-04-09,3381.000,3429.000,3381.000,3426.000,287114,140230,0.000
2007-04-10,3426.000,3349.000,3298.000,3347.000,232510,124740,0.000
2007-04-11,3347.000,3395.000,3347.000,3385.000,157182,133272,0.000
2007-04-12,3385.000,3413.000,3381.000,3395.000,139268,125250,0.000
2007-04-13,3395.000,3498.000,3395.000,3497.000,153756,135090,0.000
2007-04-16,3497.000,3503.000,3482.000,3488.000,115110,139828,0.000
2007-04-17,3488.000,3488.000,3428.000,3455.000,86618,131934,0.000
2007-04-18,3455.000,3455.000,3360.000,3388.000,174380,121834,0.000
2007-04-19,3388.000,3411.000,3325.000,3340.000,189958,106768,0.000
2007-04-20,3340.000,3350.000,3293.000,3350.000,171880,94132,0.000
2007-04-23,3340.000,3350.000,3293.000,3350.000,171880,94132,0.000
2007-04-24,3365.000,3365.000,3365.000,3365.000,171880,94132,0.000
2007-04-25,3457.000,3457.000,3457.000,3457.000,171880,94132,0.000
2007-04-26,3461.000,3477.000,3445.000,3451.000,52580,60636,0.000
2007-04-27,3450.000,3450.000,3450.000,3450.000,171880,94132,0.000
2007-04-30,3435.000,3435.000,3435.000,3435.000,171880,94132,0.000
2007-05-08,3467.000,3467.000,3467.000,3467.000,171358,93280,0.000
2007-05-09,3363.000,3363.000,3363.000,3363.000,171358,93280,0.000
2007-05-10,3364.000,3392.000,3362.000,3391.000,37756,33602,0.000
2007-05-11,3380.000,3397.000,3320.000,3330.000,80164,39436,0.000
2007-05-14,3242.000,3264.000,3235.000,3259.000,65366,150380,0.000
2007-05-15,3384.000,3424.000,3384.000,3416.000,133950,64264,0.000
2007-05-16,3449.000,3466.000,3428.000,3456.000,104046,66314,0.000
2007-05-17,3456.000,3456.000,3405.000,3413.000,103764,70074,0.000
2007-05-18,3413.000,3495.000,3413.000,3459.000,78574,68560,0.000
2007-05-21,3459.000,3485.000,3437.000,3464.000,137972,88136,0.000
2007-05-22,3495.000,3495.000,3421.000,3423.000,150370,89844,0.000
2007-05-23,3312.000,3336.000,3308.000,3315.000,115942,238074,0.000
2007-05-24,3330.000,3347.000,3330.000,3335.000,105428,251082,0.000
2007-05-25,3349.000,3384.000,3329.000,3351.000,239288,284914,0.000
2007-05-28,3349.000,3388.000,3329.000,3385.000,216888,306014,0.000
2007-05-29,3349.000,3388.000,3329.000,3333.000,186942,310582,0.000
2007-05-30,3349.000,3388.000,3258.000,3279.000,246254,284544,0.000
2007-05-31,3319.000,3323.000,3301.000,3308.000,146492,299808,0.000
2007-06-01,3325.000,3325.000,3305.000,3307.000,93464,295502,0.000
2007-06-04,3331.000,3349.000,3331.000,3336.000,147722,308982,0.000
2007-06-05,3336.000,3353.000,3329.000,3353.000,111948,305728,0.000
2007-06-06,3378.000,3391.000,3356.000,3363.000,243708,323528,0.000
2007-06-07,3355.000,3369.000,3343.000,3353.000,174838,316226,0.000
2007-06-08,3382.000,3385.000,3320.000,3323.000,201104,306320,0.000
2007-06-11,3350.000,3366.000,3305.000,3338.000,208144,297838,0.000
2007-06-12,3323.000,3330.000,3283.000,3288.000,228838,310242,0.000
2007-06-13,3280.000,3286.000,3241.000,3251.000,277166,278408,0.000
2007-06-14,3276.000,3296.000,3262.000,3284.000,191782,274804,0.000
2007-06-15,3290.000,3295.000,3274.000,3285.000,119262,276372,0.000
2007-06-18,3350.000,3360.000,3327.000,3346.000,200264,265806,0.000
2007-06-19,3322.000,3332.000,3307.000,3308.000,130172,264362,0.000
2007-06-20,3270.000,3282.000,3264.000,3282.000,133278,271152,0.000
2007-06-21,3407.000,3427.000,3387.000,3424.000,100158,60314,0.000
2007-06-22,3238.000,3253.000,3234.000,3245.000,129884,265946,0.000
2007-06-25,3213.000,3248.000,3210.000,3246.000,114496,265874,0.000
2007-06-26,3245.000,3250.000,3197.000,3206.000,180196,253736,0.000
2007-06-27,3213.000,3226.000,3187.000,3221.000,224660,254454,0.000
2007-06-28,3215.000,3226.000,3197.000,3220.000,131220,246352,0.000
2007-06-29,3223.000,3241.000,3216.000,3231.000,103670,245368,0.000
2007-07-02,3325.000,3340.000,3302.000,3326.000,280826,244062,0.000
2007-07-03,3321.000,3325.000,3294.000,3296.000,146212,242428,0.000
2007-07-04,3280.000,3288.000,3271.000,3285.000,122240,245248,0.000
2007-07-05,3294.000,3307.000,3285.000,3295.000,110724,245688,0.000
2007-07-06,3499.000,3526.000,3497.000,3503.000,69270,63694,0.000
2007-07-09,3285.000,3292.000,3271.000,3271.000,104256,236618,0.000
2007-07-10,3285.000,3287.000,3271.000,3274.000,80120,225558,0.000
2007-07-11,3301.000,3365.000,3300.000,3340.000,199996,228944,0.000
2007-07-12,3350.000,3388.000,3342.000,3380.000,229188,246576,0.000
2007-07-13,3406.000,3416.000,3371.000,3375.000,219882,252768,0.000
2007-07-16,3406.000,3416.000,3371.000,3375.000,219882,252768,0.000
2007-07-18,3406.000,3416.000,3309.000,3313.000,116696,263290,0.000
2007-07-19,3320.000,3321.000,3281.000,3282.000,92854,258694,0.000
2007-07-20,3551.000,3642.000,3551.000,3633.000,112568,80248,0.000
2007-07-23,3633.000,3656.000,3614.000,3635.000,92794,84326,0.000
2007-07-24,3265.000,3277.000,3261.000,3275.000,96058,260476,0.000
2007-07-25,3613.000,3613.000,3547.000,3575.000,72462,80446,0.000
2007-07-26,3279.000,3327.000,3275.000,3320.000,116420,272168,0.000
2007-07-27,3315.000,3324.000,3294.000,3302.000,120974,269532,0.000
2007-07-30,3316.000,3377.000,3315.000,3375.000,184174,261184,0.000
2007-07-31,3381.000,3400.000,3368.000,3392.000,205992,261864,0.000
2007-08-01,3418.000,3458.000,3399.000,3402.000,357426,271870,0.000
2007-08-02,3411.000,3417.000,3382.000,3411.000,247210,281336,0.000
2007-08-03,3409.000,3446.000,3409.000,3439.000,229894,276874,0.000
2007-08-06,3460.000,3530.000,3451.000,3507.000,262680,258748,0.000
2007-08-07,3515.000,3522.000,3482.000,3483.000,159580,272544,0.000
2007-08-08,3498.000,3513.000,3489.000,3511.000,226750,280580,0.000
2007-08-09,3529.000,3544.000,3506.000,3520.000,207634,280470,0.000
2007-08-10,3520.000,3556.000,3503.000,3556.000,210156,289412,0.000
2007-08-13,3570.000,3658.000,3570.000,3622.000,375630,301566,0.000
2007-08-14,3597.000,3640.000,3585.000,3627.000,413772,339846,0.000
2007-08-15,3594.000,3626.000,3588.000,3611.000,270142,347728,0.000
2007-08-16,3582.000,3590.000,3547.000,3560.000,233828,346540,0.000
2007-08-17,3500.000,3553.000,3481.000,3507.000,430046,353916,0.000
2007-08-20,3500.000,3559.000,3481.000,3558.000,146424,358548,0.000
2007-08-21,3572.000,3605.000,3571.000,3605.000,269290,383318,0.000
2007-08-22,3595.000,3606.000,3583.000,3592.000,193888,382536,0.000
2007-08-23,3629.000,3648.000,3625.000,3637.000,215400,392364,0.000
2007-08-24,3657.000,3665.000,3636.000,3655.000,271370,415152,0.000
2007-08-27,3648.000,3673.000,3633.000,3640.000,358272,406116,0.000
2007-08-28,3665.000,3694.000,3660.000,3694.000,328092,426108,0.000
2007-08-29,3676.000,3697.000,3672.000,3682.000,211472,421498,0.000
2007-08-30,3701.000,3746.000,3700.000,3738.000,273786,420386,0.000
2007-08-31,3760.000,3802.000,3748.000,3798.000,318172,437962,0.000
2007-09-03,3790.000,3809.000,3784.000,3806.000,246382,443514,0.000
2007-09-04,3835.000,3931.000,3830.000,3866.000,705774,462092,0.000
2007-09-05,3922.000,3937.000,3845.000,3881.000,681324,475396,0.000
2007-09-06,3858.000,3888.000,3850.000,3876.000,370586,473256,0.000
2007-09-07,3865.000,3927.000,3865.000,3896.000,600802,487572,0.000
2007-09-10,3935.000,3995.000,3930.000,3988.000,577046,511448,0.000
2007-09-11,4018.000,4023.000,3970.000,3986.000,563616,496186,0.000
2007-09-12,4004.000,4032.000,3991.000,4031.000,466368,490102,0.000
2007-09-13,4080.000,4093.000,4035.000,4055.000,732126,482244,0.000
2007-09-14,4058.000,4069.000,4017.000,4034.000,547466,496870,0.000
2007-09-17,4090.000,4156.000,4085.000,4153.000,611266,476792,0.000
2007-09-18,4155.000,4176.000,4130.000,4158.000,557314,484264,0.000
2007-09-19,4149.000,4172.000,4055.000,4092.000,829578,485414,0.000
2007-09-20,4101.000,4114.000,4053.000,4084.000,680750,482238,0.000
2007-09-21,4145.000,4153.000,4066.000,4080.000,654086,485030,0.000
2007-09-24,4085.000,4087.000,4052.000,4072.000,501568,499212,0.000
2007-09-25,4062.000,4101.000,4041.000,4099.000,583496,512282,0.000
2007-09-26,4095.000,4157.000,4087.000,4154.000,525626,485756,0.000
2007-09-27,4188.000,4228.000,4177.000,4223.000,647822,509490,0.000
2007-09-28,4251.000,4257.000,4166.000,4176.000,609716,480802,0.000
2007-10-08,4041.000,4098.000,4038.000,4061.000,470890,491886,0.000
2007-10-09,4049.000,4117.000,4048.000,4109.000,421560,509010,0.000
2007-10-10,4140.000,4204.000,4133.000,4199.000,429882,504468,0.000
2007-10-11,4216.000,4234.000,4173.000,4177.000,413006,492630,0.000
2007-10-12,4185.000,4204.000,4163.000,4194.000,357334,497896,0.000
2007-10-15,4260.000,4335.000,4260.000,4330.000,515164,370840,0.000
2007-10-16,4330.000,4358.000,4313.000,4341.000,409022,371412,0.000
2007-10-17,4312.000,4323.000,4262.000,4266.000,413574,357422,0.000
2007-10-18,4200.000,4253.000,4195.000,4252.000,398636,494444,0.000
2007-10-19,4331.000,4377.000,4331.000,4364.000,398488,364812,0.000
2007-10-22,4321.000,4321.000,4281.000,4298.000,329488,361168,0.000
2007-10-23,4265.000,4319.000,4263.000,4318.000,395406,499646,0.000
2007-10-24,4318.000,4333.000,4295.000,4303.000,459250,503324,0.000
2007-10-25,4336.000,4358.000,4301.000,4327.000,462128,413580,0.000
2007-10-26,4373.000,4427.000,4373.000,4411.000,396676,424494,0.000
2007-10-29,4430.000,4490.000,4420.000,4462.000,364040,425318,0.000
2007-10-30,4418.000,4422.000,4385.000,4407.000,338514,475514,0.000
2007-10-31,4381.000,4418.000,4345.000,4352.000,481366,403624,0.000
2007-11-01,4416.000,4432.000,4360.000,4420.000,504666,414570,0.000
2007-11-02,4380.000,4400.000,4363.000,4399.000,429116,425316,0.000
2007-11-05,4407.000,4429.000,4382.000,4400.000,332468,426838,0.000
2007-11-06,4436.000,4490.000,4429.000,4490.000,300790,456440,0.000
2007-11-07,4530.000,4566.000,4495.000,4504.000,606660,464832,0.000
2007-11-08,4490.000,4527.000,4480.000,4509.000,324384,467096,0.000
2007-11-09,4509.000,4527.000,4465.000,4493.000,358326,476286,0.000
2007-11-12,4499.000,4535.000,4487.000,4505.000,386384,467750,0.000
2007-11-13,4510.000,4529.000,4480.000,4515.000,347536,441764,0.000
2007-11-14,4480.000,4552.000,4468.000,4545.000,517204,453538,0.000
2007-11-15,4585.000,4591.000,4526.000,4540.000,405020,451660,0.000
2007-11-16,4555.000,4578.000,4504.000,4531.000,478022,466616,0.000
2007-11-19,4560.000,4574.000,4517.000,4543.000,353082,484006,0.000
2007-11-20,4500.000,4500.000,4365.000,4365.000,534946,470928,0.000
2007-11-21,4402.000,4445.000,4296.000,4390.000,743602,446562,0.000
2007-11-22,4372.000,4440.000,4358.000,4430.000,422100,424166,0.000
2007-11-23,4408.000,4468.000,4393.000,4442.000,417956,411700,0.000
2007-11-26,4499.000,4511.000,4472.000,4479.000,304060,409148,0.000
2007-11-27,4430.000,4450.000,4398.000,4422.000,296884,433746,0.000
2007-11-28,4409.000,4427.000,4325.000,4327.000,578380,443240,0.000
2007-11-29,4368.000,4381.000,4287.000,4302.000,940370,405730,0.000
2007-11-30,4290.000,4300.000,4204.000,4252.000,1074474,365618,0.000
2007-12-03,4255.000,4295.000,4253.000,4282.000,608156,354680,0.000
2007-12-04,4295.000,4327.000,4276.000,4297.000,600444,352824,0.000
2007-12-05,4321.000,4343.000,4304.000,4342.000,402396,338400,0.000
2007-12-06,4315.000,4321.000,4261.000,4275.000,517848,354842,0.000
2007-12-07,4312.000,4386.000,4292.000,4381.000,807094,372990,0.000
2007-12-10,4410.000,4457.000,4380.000,4445.000,761844,394860,0.000
2007-12-11,4430.000,4481.000,4428.000,4472.000,710452,408090,0.000
2007-12-12,4469.000,4469.000,4407.000,4423.000,552584,417600,0.000
2007-12-13,4483.000,4528.000,4481.000,4483.000,516718,431184,0.000
2007-12-14,4483.000,4489.000,4458.000,4484.000,370222,417284,0.000
2007-12-17,4550.000,4555.000,4508.000,4509.000,338070,405524,0.000
2007-12-18,4486.000,4495.000,4428.000,4437.000,455424,426522,0.000
2007-12-19,4442.000,4461.000,4419.000,4443.000,481112,388640,0.000
2007-12-20,4455.000,4462.000,4430.000,4458.000,338738,356866,0.000
2007-12-21,4440.000,4503.000,4426.000,4473.000,387072,347038,0.000
2007-12-24,4499.000,4528.000,4481.000,4488.000,422974,323768,0.000
2007-12-25,4490.000,4524.000,4476.000,4521.000,318076,322878,0.000
2007-12-26,4531.000,4666.000,4530.000,4651.000,554086,374588,0.000
2007-12-27,4710.000,4740.000,4638.000,4640.000,683574,334256,0.000
2007-12-28,4660.000,4728.000,4645.000,4726.000,640750,315260,0.000
2007-12-31,4660.000,4728.000,4645.000,4726.000,640750,315260,0.000
2008-01-01,4660.000,4728.000,4645.000,4726.000,640750,315260,0.000
2008-01-02,4738.000,4739.000,4662.000,4695.000,556104,321220,0.000
2008-01-03,4748.000,4832.000,4734.000,4786.000,985548,379982,0.000
2008-01-04,4815.000,4838.000,4763.000,4776.000,920178,373030,0.000
2008-01-07,4745.000,4775.000,4698.000,4765.000,598164,376962,0.000
2008-01-08,4752.000,4765.000,4689.000,4692.000,630038,354206,0.000
2008-01-09,4729.000,4748.000,4708.000,4738.000,580934,331324,0.000
2008-01-10,4700.000,4709.000,4679.000,4699.000,480512,345424,0.000
2008-01-11,4707.000,4793.000,4701.000,4784.000,594992,350882,0.000
2008-01-14,4850.000,4881.000,4815.000,4827.000,827826,357812,0.000
2008-01-15,4790.000,4834.000,4764.000,4788.000,701642,375286,0.000
2008-01-16,4792.000,4798.000,4715.000,4769.000,840268,396896,0.000
2008-01-17,4730.000,4777.000,4710.000,4774.000,653386,371674,0.000
2008-01-18,4682.000,4717.000,4602.000,4639.000,1022230,391232,0.000
2008-01-21,4652.000,4741.000,4640.000,4736.000,716200,406870,0.000
2008-01-22,4630.000,4630.000,4520.000,4550.000,1208948,397120,0.000
2008-01-23,4631.000,4655.000,4521.000,4601.000,870142,379974,0.000
2008-01-24,4480.000,4572.000,4480.000,4569.000,717534,365254,0.000
2008-01-25,4610.000,4650.000,4607.000,4630.000,633672,371498,0.000
2008-01-28,4630.000,4651.000,4595.000,4620.000,525146,394268,0.000
2008-01-29,4654.000,4680.000,4652.000,4674.000,389628,376484,0.000
2008-01-31,4657.000,4678.000,4650.000,4663.000,344922,374626,0.000
2008-02-01,4700.000,4734.000,4688.000,4725.000,346830,361748,0.000
2008-02-04,4750.000,4783.000,4734.000,4782.000,255792,359028,0.000
2008-02-05,4802.000,4856.000,4802.000,4833.000,277646,337760,0.000
2008-02-13,4830.000,4830.000,4789.000,4808.000,270970,358348,0.000
2008-02-14,4830.000,4899.000,4820.000,4877.000,529164,368746,0.000
2008-02-15,4920.000,4959.000,4904.000,4909.000,388712,354930,0.000
2008-02-18,4910.000,5028.000,4910.000,5026.000,504194,370448,0.000
2008-02-19,5034.000,5060.000,4988.000,5038.000,451174,371366,0.000
2008-02-20,5031.000,5039.000,4968.000,4983.000,493270,359870,0.000
2008-02-21,5030.000,5103.000,5030.000,5098.000,441986,380728,0.000
2008-02-22,5065.000,5097.000,5055.000,5072.000,390602,352214,0.000
2008-02-25,5150.000,5232.000,5136.000,5211.000,466402,330666,0.000
2008-02-26,5230.000,5246.000,5085.000,5116.000,502392,316210,0.000
2008-02-27,4749.000,4790.000,4684.000,4724.000,472450,342000,0.000
2008-02-28,4718.000,4730.000,4669.000,4725.000,385666,355632,0.000
2008-02-29,5250.000,5320.000,5247.000,5317.000,390770,318790,0.000
2008-03-03,4820.000,4973.000,4820.000,4973.000,542182,398772,0.000
2008-03-04,4965.000,4980.000,4728.000,4811.000,598226,367460,0.000
2008-03-05,5310.000,5363.000,5236.000,5345.000,867834,331008,0.000
2008-03-06,5380.000,5431.000,5275.000,5365.000,722882,318236,0.000
2008-03-07,5170.000,5255.000,5170.000,5215.000,520272,314428,0.000
2008-03-10,5014.000,5065.000,5014.000,5014.000,172870,308782,0.000
2008-03-11,5110.000,5217.000,5105.000,5214.000,528070,310296,0.000
2008-03-12,5191.000,5229.000,5000.000,5073.000,1207010,362278,0.000
2008-03-13,5089.000,5134.000,4977.000,5111.000,963792,323510,0.000
2008-03-14,4495.000,4555.000,4485.000,4549.000,445322,400312,0.000
2008-03-17,4960.000,5031.000,4945.000,4957.000,751730,348022,0.000
2008-03-18,4777.000,4777.000,4777.000,4777.000,17020,338318,0.000
2008-03-19,4857.000,4867.000,4710.000,4788.000,887838,321830,0.000
2008-03-20,4589.000,4734.000,4589.000,4688.000,652292,325216,0.000
2008-03-21,4640.000,4715.000,4618.000,4635.000,653876,309534,0.000
2008-03-24,4710.000,4811.000,4702.000,4785.000,492610,318966,0.000
2008-03-25,4922.000,4950.000,4825.000,4938.000,640698,326862,0.000
2008-03-26,5001.000,5018.000,4935.000,4941.000,687606,345320,0.000
2008-03-27,4941.000,4942.000,4853.000,4855.000,505148,329130,0.000
2008-03-28,4878.000,4895.000,4750.000,4789.000,636036,307398,0.000
2008-03-31,4733.000,4821.000,4712.000,4811.000,591380,312038,0.000
2008-04-01,4531.000,4531.000,4531.000,4531.000,17776,298710,0.000
2008-04-02,4589.000,4628.000,4560.000,4565.000,721496,284858,0.000
2008-04-03,3921.000,3936.000,3838.000,3874.000,782450,371198,0.000
2008-04-04,3921.000,3936.000,3838.000,3874.000,782450,371198,0.000
2008-04-07,3905.000,4016.000,3876.000,3994.000,739286,382590,0.000
2008-04-08,3954.000,3970.000,3917.000,3929.000,615460,374402,0.000
2008-04-09,3955.000,4006.000,3946.000,3969.000,596592,364146,0.000
2008-04-10,4080.000,4104.000,4016.000,4041.000,623724,390464,0.000
2008-04-11,3993.000,4035.000,3993.000,3999.000,530488,395990,0.000
2008-04-14,3978.000,4156.000,3972.000,4126.000,854898,375422,0.000
2008-04-15,4161.000,4235.000,4146.000,4208.000,893524,380552,0.000
2008-04-16,4180.000,4188.000,4131.000,4168.000,672334,380144,0.000
2008-04-17,4140.000,4194.000,4131.000,4178.000,589446,386090,0.000
2008-04-18,4172.000,4239.000,4159.000,4209.000,668188,384458,0.000
2008-04-21,4191.000,4228.000,4071.000,4117.000,1203220,367884,0.000
2008-04-22,4100.000,4169.000,4095.000,4141.000,838922,371442,0.000
2008-04-23,4245.000,4249.000,4189.000,4216.000,693196,388184,0.000
2008-04-24,4180.000,4191.000,4152.000,4178.000,419574,374418,0.000
2008-04-25,4108.000,4135.000,4100.000,4124.000,358250,356328,0.000
2008-04-28,4103.000,4137.000,4098.000,4134.000,344990,383694,0.000
2008-04-29,4074.000,4081.000,4008.000,4042.000,438170,399234,0.000
2008-04-30,5033.000,5120.000,5033.000,5090.000,350688,274722,0.000
2008-05-01,5033.000,5120.000,5033.000,5090.000,350688,274722,0.000
2008-05-02,5033.000,5120.000,5033.000,5090.000,350688,274722,0.000
2008-05-05,4050.000,4122.000,4047.000,4105.000,310646,379530,0.000
2008-05-06,4083.000,4182.000,4083.000,4173.000,411484,381826,0.000
2008-05-07,4151.000,4195.000,4140.000,4146.000,407880,372216,0.000
2008-05-08,4198.000,4226.000,4167.000,4222.000,444210,381986,0.000
2008-05-09,4230.000,4250.000,4193.000,4250.000,466408,404170,0.000
2008-05-12,5356.000,5485.000,5350.000,5442.000,500188,276552,0.000
2008-05-13,4432.000,4506.000,4421.000,4449.000,886746,421986,0.000
2008-05-14,4492.000,4542.000,4472.000,4507.000,965300,472206,0.000
2008-05-15,4490.000,4498.000,4428.000,4484.000,635030,472564,0.000
2008-05-16,4465.000,4535.000,4458.000,4530.000,623340,481226,0.000
2008-05-19,4520.000,4548.000,4480.000,4485.000,697116,484240,0.000
2008-05-20,4440.000,4489.000,4426.000,4486.000,614728,492820,0.000
2008-05-21,4475.000,4517.000,4420.000,4433.000,998876,524488,0.000
2008-05-22,4502.000,4555.000,4502.000,4550.000,868574,493056,0.000
2008-05-23,4485.000,4509.000,4468.000,4505.000,542464,473220,0.000
2008-05-26,4562.000,4609.000,4558.000,4590.000,597336,456636,0.000
2008-05-27,4608.000,4635.000,4576.000,4625.000,551386,437966,0.000
2008-05-28,4560.000,4595.000,4555.000,4581.000,344510,425532,0.000
2008-05-29,4580.000,4590.000,4552.000,4567.000,349948,428672,0.000
2008-05-30,4502.000,4509.000,4431.000,4438.000,585222,436584,0.000
2008-06-02,4510.000,4518.000,4468.000,4485.000,367208,450792,0.000
2008-06-03,4486.000,4543.000,4475.000,4540.000,367188,446856,0.000
2008-06-04,4516.000,4534.000,4493.000,4507.000,401964,427308,0.000
2008-06-05,4577.000,4607.000,4575.000,4586.000,373894,428942,0.000
2008-06-06,4751.000,4780.000,4734.000,4748.000,380938,417358,0.000
2008-06-09,4751.000,4780.000,4734.000,4748.000,380938,417358,0.000
2008-06-10,4758.000,4858.000,4757.000,4854.000,491800,444264,0.000
2008-06-11,4838.000,4886.000,4818.000,4874.000,599624,427096,0.000
2008-06-12,5080.000,5080.000,4950.000,4975.000,537074,422664,0.000
2008-06-13,4980.000,5000.000,4932.000,4944.000,542138,412986,0.000
2008-06-16,5010.000,5074.000,5000.000,5056.000,540974,409642,0.000
2008-06-17,4982.000,5007.000,4951.000,4995.000,483372,419354,0.000
2008-06-18,5037.000,5090.000,5001.000,5009.000,494680,414344,0.000
2008-06-19,5028.000,5034.000,4973.000,5013.000,445670,433890,0.000
2008-06-20,4978.000,4978.000,4921.000,4930.000,532610,427574,0.000
2008-06-23,4887.000,4888.000,4846.000,4870.000,381216,444580,0.000
2008-06-24,4865.000,4929.000,4852.000,4895.000,509558,448306,0.000
2008-06-25,4868.000,5000.000,4858.000,4998.000,572520,467246,0.000
2008-06-26,5028.000,5075.000,5021.000,5035.000,473952,437030,0.000
2008-06-27,5103.000,5148.000,5095.000,5128.000,527682,426762,0.000
2008-06-30,5128.000,5148.000,5105.000,5121.000,385686,418020,0.000
2008-07-01,5158.000,5164.000,5126.000,5131.000,356948,406618,0.000
2008-07-02,5190.000,5225.000,5181.000,5211.000,459820,419544,0.000
2008-07-03,5237.000,5241.000,4980.000,5075.000,749774,403926,0.000
2008-07-04,5120.000,5188.000,5080.000,5179.000,743650,416490,0.000
2008-07-07,5103.000,5120.000,5038.000,5086.000,630038,411918,0.000
2008-07-08,4900.000,4948.000,4871.000,4894.000,654112,408010,0.000
2008-07-09,4945.000,4980.000,4920.000,4951.000,555272,409700,0.000
2008-07-10,4990.000,4998.000,4893.000,4904.000,642124,451900,0.000
2008-07-11,4978.000,5059.000,4955.000,5043.000,853374,460270,0.000
2008-07-14,4970.000,4972.000,4923.000,4940.000,668508,482722,0.000
2008-07-15,4960.000,4995.000,4928.000,4972.000,644992,490678,0.000
2008-07-16,4884.000,4920.000,4884.000,4915.000,539288,480440,0.000
2008-07-17,4979.000,4997.000,4968.000,4973.000,253480,528652,0.000
2008-07-20,4870.000,4882.000,4825.000,4878.000,581324,520578,0.000
2008-07-21,4740.000,4752.000,4640.000,4658.000,813810,537254,0.000
2008-07-22,4620.000,4676.000,4617.000,4675.000,631298,520556,0.000
2008-07-23,4660.000,4668.000,4478.000,4511.000,1158926,561782,0.000
2008-07-24,4511.000,4595.000,4481.000,4563.000,1108656,545320,0.000
2008-07-25,4564.000,4584.000,4532.000,4580.000,767700,513888,0.000
2008-07-28,4644.000,4658.000,4612.000,4627.000,584450,514114,0.000
2008-07-29,4599.000,4603.000,4446.000,4463.000,1032744,552284,0.000
2008-07-30,4520.000,4537.000,4457.000,4520.000,1177224,544862,0.000
2008-07-31,4535.000,4568.000,4533.000,4552.000,604910,537486,0.000
2008-08-01,4501.000,4507.000,4370.000,4399.000,993840,554576,0.000
2008-08-04,4300.000,4300.000,4182.000,4194.000,1166432,523650,0.000
2008-08-05,4052.000,4079.000,4030.000,4030.000,562474,434584,0.000
2008-08-06,4004.000,4132.000,4003.000,4113.000,1362968,355980,0.000
2008-08-07,4050.000,4133.000,4031.000,4132.000,1196844,322980,0.000
2008-08-08,4125.000,4136.000,4075.000,4090.000,1012690,295476,0.000
2008-08-11,4028.000,4028.000,3895.000,3895.000,826158,269824,0.000
2008-08-12,3932.000,3998.000,3853.000,3968.000,1424330,275452,0.000
2008-08-13,3999.000,4130.000,3999.000,4130.000,1235878,254906,0.000
2008-08-14,4269.000,4269.000,4163.000,4193.000,1079150,242526,0.000
2008-08-15,4100.000,4116.000,4001.000,4017.000,1089678,230300,0.000
2008-08-18,4083.000,4238.000,4083.000,4198.000,898518,235292,0.000
2008-08-19,4185.000,4213.000,4137.000,4172.000,960156,225606,0.000
2008-08-20,4232.000,4332.000,4215.000,4291.000,1065240,257650,0.000
2008-08-21,4287.000,4333.000,4251.000,4278.000,981458,246872,0.000
2008-08-22,4350.000,4357.000,4271.000,4273.000,942756,242422,0.000
2008-08-25,4320.000,4356.000,4293.000,4346.000,880574,253104,0.000
2008-08-26,4300.000,4318.000,4166.000,4213.000,1397376,291000,0.000
2008-08-27,4309.000,4365.000,4303.000,4338.000,1065266,291298,0.000
2008-08-28,4295.000,4296.000,4252.000,4286.000,899278,293088,0.000
2008-08-29,4230.000,4294.000,4224.000,4294.000,782972,306082,0.000
2008-09-01,4285.000,4365.000,4283.000,4346.000,777600,307350,0.000
2008-09-02,4200.000,4232.000,4188.000,4211.000,840002,283130,0.000
2008-09-03,4235.000,4258.000,4217.000,4220.000,844126,300890,0.000
2008-09-04,4160.000,4197.000,4140.000,4185.000,942510,302512,0.000
2008-09-05,4100.000,4133.000,4083.000,4130.000,728568,279922,0.000
2008-09-08,4108.000,4147.000,4104.000,4116.000,715254,290366,0.000
2008-09-09,4080.000,4096.000,3984.000,4008.000,1185566,286316,0.000
2008-09-10,4002.000,4058.000,3989.000,4045.000,942670,287914,0.000
2008-09-11,4010.000,4028.000,3976.000,3991.000,813166,294110,0.000
2008-09-12,4026.000,4102.000,4026.000,4100.000,785918,288252,0.000
2008-09-15,4026.000,4108.000,4026.000,4100.000,803210,286230,0.000
2008-09-16,4018.000,4025.000,3868.000,3892.000,1199438,329464,0.000
2008-09-17,3888.000,3930.000,3814.000,3894.000,1509650,326284,0.000
2008-09-18,3935.000,3952.000,3805.000,3832.000,1612054,327058,0.000
2008-09-19,3858.000,3858.000,3793.000,3842.000,1203882,322306,0.000
2008-09-22,3950.000,4021.000,3935.000,4021.000,1144326,317930,0.000
2008-09-23,4100.000,4107.000,4024.000,4032.000,1231108,317534,0.000
2008-09-24,4032.000,4068.000,3985.000,4066.000,1334524,336252,0.000
2008-09-25,4008.000,4055.000,3997.000,4041.000,1102770,280652,0.000
2008-09-26,4020.000,4048.000,4014.000,4041.000,635388,244608,0.000
2008-10-06,3834.000,3834.000,3834.000,3834.000,4618,234150,0.000
2008-10-07,3643.000,3643.000,3643.000,3643.000,20922,215540,0.000
2008-10-08,3465.000,3543.000,3461.000,3461.000,908094,146226,0.000
2008-10-09,3526.000,3530.000,3422.000,3507.000,1435032,194900,0.000
2008-10-10,3410.000,3410.000,3313.000,3313.000,314790,175986,0.000
2008-10-13,3200.000,3504.000,3174.000,3325.000,1986084,195194,0.000
2008-10-14,3400.000,3447.000,3356.000,3366.000,975998,169804,0.000
2008-10-15,3150.000,3208.000,3140.000,3191.000,687134,295148,0.000
2008-10-16,3022.000,3109.000,3009.000,3009.000,1008294,371916,0.000
2008-10-17,3211.000,3211.000,3127.000,3211.000,809844,352844,0.000
2008-10-20,3330.000,3335.000,3312.000,3335.000,160472,352000,0.000
2008-10-21,3435.000,3435.000,3285.000,3324.000,1788830,417602,0.000
2008-10-22,3291.000,3318.000,3193.000,3193.000,1256834,400214,0.000
2008-10-23,3310.000,3443.000,3251.000,3420.000,724614,175476,0.000
2008-10-24,3283.000,3283.000,3135.000,3144.000,1927100,391434,0.000
2008-10-27,3163.000,3239.000,3100.000,3131.000,1460806,419616,0.000
2008-10-28,3327.000,3333.000,3206.000,3328.000,1237490,376374,0.000
2008-10-29,3286.000,3342.000,3244.000,3308.000,1363070,391388,0.000
2008-10-30,3395.000,3415.000,3351.000,3379.000,1386968,409070,0.000
2008-10-31,3300.000,3368.000,3281.000,3320.000,983268,392536,0.000
2008-11-03,3327.000,3412.000,3322.000,3392.000,1194644,411932,0.000
2008-11-04,3386.000,3397.000,3313.000,3330.000,1177036,421558,0.000
2008-11-05,3390.000,3399.000,3336.000,3353.000,1000424,412224,0.000
2008-11-06,3230.000,3267.000,3228.000,3243.000,668520,436072,0.000
2008-11-07,3250.000,3296.000,3220.000,3278.000,770238,425678,0.000
2008-11-10,3350.000,3369.000,3331.000,3353.000,672188,430892,0.000
2008-11-11,3313.000,3320.000,3265.000,3280.000,699680,443714,0.000
2008-11-12,3250.000,3292.000,3229.000,3272.000,751124,436892,0.000
2008-11-13,3210.000,3228.000,3181.000,3218.000,820524,463034,0.000
2008-11-14,3248.000,3263.000,3211.000,3225.000,655334,446218,0.000
2008-11-17,3221.000,3245.000,3220.000,3229.000,420260,426794,0.000
2008-11-18,3220.000,3241.000,3220.000,3230.000,286322,405596,0.000
2008-11-19,3252.000,3336.000,3229.000,3332.000,603476,443304,0.000
2008-11-20,3281.000,3323.000,3261.000,3297.000,1132398,433206,0.000
2008-11-21,3180.000,3272.000,3164.000,3258.000,940882,422502,0.000
2008-11-24,3250.000,3287.000,3245.000,3262.000,545650,441730,0.000
2008-11-25,3320.000,3325.000,3268.000,3270.000,440742,427598,0.000
2008-11-26,3280.000,3286.000,3247.000,3269.000,501916,407876,0.000
2008-11-27,3295.000,3295.000,3258.000,3260.000,293236,410254,0.000
2008-11-28,3260.000,3270.000,3206.000,3213.000,491088,424644,0.000
2008-12-01,3197.000,3213.000,3176.000,3204.000,365170,424360,0.000
2008-12-02,3128.000,3163.000,3120.000,3132.000,491072,435116,0.000
2008-12-03,3131.000,3152.000,3106.000,3134.000,447582,427738,0.000
2008-12-04,3136.000,3146.000,2978.000,2978.000,1123914,481788,0.000
2008-12-05,2933.000,2953.000,2898.000,2898.000,177922,455196,0.000
2008-12-08,2875.000,3048.000,2852.000,3018.000,1292454,402610,0.000
2008-12-09,3010.000,3028.000,2934.000,2945.000,1054408,366132,0.000
2008-12-10,2960.000,3033.000,2951.000,3014.000,878764,367880,0.000
2008-12-11,3001.000,3039.000,2995.000,3015.000,540634,350524,0.000
2008-12-12,3035.000,3066.000,2973.000,2991.000,649414,339962,0.000
2008-12-15,3050.000,3107.000,3050.000,3087.000,671928,345764,0.000
2008-12-16,3030.000,3056.000,3010.000,3045.000,453596,333566,0.000
2008-12-17,3095.000,3096.000,3060.000,3065.000,353012,327244,0.000
2008-12-18,3032.000,3062.000,3025.000,3057.000,262024,327354,0.000
2008-12-19,3055.000,3081.000,3044.000,3071.000,254962,321188,0.000
2008-12-22,3095.000,3216.000,3091.000,3209.000,723496,316366,0.000
2008-12-23,3190.000,3234.000,3178.000,3180.000,505592,311162,0.000
2008-12-24,3235.000,3258.000,3208.000,3250.000,513708,323120,0.000
2008-12-25,3268.000,3304.000,3261.000,3296.000,548926,316236,0.000
2008-12-26,3299.000,3306.000,3265.000,3291.000,416236,312200,0.000
2008-12-29,3396.000,3445.000,3378.000,3411.000,694948,276096,0.000
2008-12-30,3370.000,3398.000,3353.000,3364.000,453434,242046,0.000
2008-12-31,3345.000,3387.000,3345.000,3382.000,297104,225786,0.000
2009-01-05,3409.000,3443.000,3383.000,3413.000,653074,222542,0.000
2009-01-06,3400.000,3502.000,3360.000,3459.000,871768,225826,0.000
2009-01-07,3482.000,3523.000,3443.000,3448.000,752496,199604,0.000
2009-01-08,3250.000,3336.000,3223.000,3318.000,541740,178952,0.000
2009-01-09,3358.000,3440.000,3344.000,3372.000,615032,135472,0.000
2009-01-12,3420.000,3549.000,3410.000,3489.000,651750,201878,0.000
2009-01-13,3325.000,3416.000,3325.000,3382.000,699108,193476,0.000
2009-01-14,3437.000,3457.000,3411.000,3443.000,459676,206316,0.000
2009-01-15,3405.000,3413.000,3378.000,3387.000,370288,210946,0.000
2009-01-16,3470.000,3470.000,3435.000,3435.000,299742,200270,0.000
2009-01-19,3455.000,3477.000,3442.000,3464.000,287470,214334,0.000
2009-01-20,3470.000,3483.000,3388.000,3424.000,401406,230126,0.000
2009-01-21,3410.000,3418.000,3379.000,3389.000,261516,214630,0.000
2009-01-22,3435.000,3440.000,3358.000,3391.000,260014,188172,0.000
2009-01-23,3358.000,3412.000,3354.000,3407.000,187180,160692,0.000
2009-02-02,3355.000,3391.000,3352.000,3377.000,179774,170064,0.000
2009-02-03,3353.000,3463.000,3351.000,3445.000,381558,203842,0.000
2009-02-04,3437.000,3495.000,3436.000,3464.000,342630,209016,0.000
2009-02-05,3460.000,3519.000,3446.000,3487.000,397018,223238,0.000
2009-02-06,3510.000,3558.000,3508.000,3531.000,480028,230288,0.000
2009-02-09,3531.000,3610.000,3530.000,3572.000,547152,232354,0.000
2009-02-10,3570.000,3593.000,3563.000,3571.000,286242,231072,0.000
2009-02-11,3531.000,3576.000,3456.000,3520.000,368556,239098,0.000
2009-02-12,3542.000,3565.000,3520.000,3559.000,284378,236294,0.000
2009-02-13,3554.000,3573.000,3543.000,3552.000,171114,228616,0.000
2009-02-16,3550.000,3551.000,3478.000,3480.000,326324,257538,0.000
2009-02-17,3495.000,3499.000,3447.000,3470.000,380168,267542,0.000
2009-02-18,3381.000,3390.000,3303.000,3325.000,490290,285950,0.000
2009-02-19,3340.000,3357.000,3306.000,3338.000,362068,280812,0.000
2009-02-20,3329.000,3427.000,3328.000,3411.000,444406,254078,0.000
2009-02-23,3396.000,3497.000,3379.000,3496.000,406296,248148,0.000
2009-02-24,3469.000,3493.000,3423.000,3473.000,497756,250418,0.000
2009-02-25,3501.000,3540.000,3475.000,3480.000,330802,235846,0.000
2009-02-26,3500.000,3502.000,3456.000,3461.000,271386,229276,0.000
2009-02-27,3452.000,3452.000,3340.000,3389.000,607810,252078,0.000
2009-03-02,3400.000,3433.000,3363.000,3391.000,393000,250194,0.000
2009-03-03,3326.000,3400.000,3326.000,3386.000,317318,255400,0.000
2009-03-04,3388.000,3442.000,3380.000,3438.000,297912,243912,0.000
2009-03-05,3460.000,3471.000,3420.000,3424.000,251362,240952,0.000
2009-03-06,3420.000,3460.000,3400.000,3447.000,223894,237938,0.000
2009-03-09,3476.000,3496.000,3451.000,3455.000,245212,241406,0.000
2009-03-10,3456.000,3477.000,3442.000,3463.000,201228,235290,0.000
2009-03-11,3468.000,3475.000,3413.000,3422.000,355382,256744,0.000
2009-03-12,3416.000,3463.000,3409.000,3448.000,288036,242710,0.000
2009-03-13,3475.000,3478.000,3448.000,3460.000,215418,223788,0.000
2009-03-16,3455.000,3520.000,3449.000,3513.000,255278,226982,0.000
2009-03-17,3542.000,3545.000,3510.000,3512.000,222068,218484,0.000
2009-03-18,3520.000,3536.000,3491.000,3497.000,238490,218270,0.000
2009-03-19,3538.000,3538.000,3510.000,3518.000,206650,221642,0.000
2009-03-20,3508.000,3550.000,3508.000,3541.000,316162,225118,0.000
2009-03-23,3578.000,3679.000,3569.000,3669.000,636740,242690,0.000
2009-03-24,3621.000,3638.000,3586.000,3608.000,311222,223072,0.000
2009-03-25,3616.000,3626.000,3546.000,3564.000,231002,211862,0.000
2009-03-26,3582.000,3595.000,3558.000,3582.000,168506,209492,0.000
2009-03-27,3570.000,3614.000,3525.000,3528.000,290310,210008,0.000
2009-03-30,3510.000,3540.000,3501.000,3513.000,171354,210022,0.000
2009-03-31,3513.000,3545.000,3513.000,3522.000,146412,211834,0.000
2009-04-01,3551.000,3605.000,3551.000,3564.000,240218,209364,0.000
2009-04-02,3580.000,3596.000,3572.000,3587.000,135400,209902,0.000
2009-04-03,3611.000,3619.000,3555.000,3572.000,168812,214798,0.000
2009-04-07,3579.000,3630.000,3579.000,3618.000,260118,216606,0.000
2009-04-08,3599.000,3608.000,3565.000,3582.000,182238,207568,0.000
2009-04-09,3615.000,3623.000,3592.000,3609.000,142742,198634,0.000
2009-04-10,3598.000,3646.000,3597.000,3612.000,283076,146814,0.000
2009-04-13,3490.000,3550.000,3482.000,3502.000,205258,148096,0.000
2009-04-14,3518.000,3519.000,3480.000,3484.000,109106,161234,0.000
2009-04-15,3509.000,3528.000,3495.000,3516.000,166906,160956,0.000
2009-04-16,3528.000,3558.000,3524.000,3531.000,171464,163910,0.000
2009-04-17,3550.000,3571.000,3522.000,3542.000,148720,169714,0.000
2009-04-20,3539.000,3539.000,3444.000,3457.000,176054,188966,0.000
2009-04-21,3415.000,3456.000,3387.000,3422.000,396842,201422,0.000
2009-04-22,3462.000,3488.000,3439.000,3444.000,196876,194732,0.000
2009-04-23,3450.000,3470.000,3410.000,3462.000,167810,193238,0.000
2009-04-24,3456.000,3461.000,3415.000,3416.000,140774,195816,0.000
2009-04-27,3360.000,3376.000,3266.000,3266.000,241236,203722,0.000
2009-04-28,3299.000,3303.000,3263.000,3279.000,189354,188256,0.000
2009-04-29,3288.000,3329.000,3284.000,3324.000,130120,178178,0.000
2009-04-30,3371.000,3390.000,3364.000,3387.000,143678,171750,0.000
2009-05-01,3371.000,3390.000,3364.000,3387.000,143678,171750,0.000
2009-05-04,3530.000,3545.000,3505.000,3536.000,295356,177948,0.000
2009-05-05,3510.000,3518.000,3465.000,3483.000,189658,185218,0.000
2009-05-06,3477.000,3515.000,3466.000,3508.000,184872,181462,0.000
2009-05-07,3525.000,3530.000,3482.000,3484.000,179664,182486,0.000
2009-05-08,3491.000,3517.000,3480.000,3499.000,195032,179822,0.000
2009-05-11,3482.000,3487.000,3410.000,3438.000,237716,200412,0.000
2009-05-12,3471.000,3496.000,3455.000,3493.000,147968,192042,0.000
2009-05-13,3520.000,3520.000,3482.000,3490.000,188828,194812,0.000
2009-05-14,3450.000,3467.000,3423.000,3463.000,148542,202492,0.000
2009-05-15,3488.000,3525.000,3481.000,3488.000,286334,193050,0.000
2009-05-18,3425.000,3455.000,3420.000,3446.000,159718,199388,0.000
2009-05-19,3483.000,3484.000,3462.000,3478.000,110978,190296,0.000
2009-05-20,3488.000,3611.000,3480.000,3577.000,797300,251902,0.000
2009-05-21,3582.000,3599.000,3556.000,3561.000,654832,219708,0.000
2009-05-22,3584.000,3648.000,3582.000,3622.000,707460,241766,0.000
2009-05-25,3630.000,3674.000,3609.000,3661.000,691600,280152,0.000
2009-05-26,3678.000,3686.000,3621.000,3623.000,470216,228280,0.000
2009-05-27,3670.000,3692.000,3656.000,3669.000,535952,226552,0.000
2009-06-01,3712.000,3766.000,3710.000,3751.000,423522,241698,0.000
2009-06-02,3768.000,3778.000,3727.000,3738.000,322368,240016,0.000
2009-06-03,3726.000,3764.000,3726.000,3755.000,265170,221332,0.000
2009-06-04,3700.000,3742.000,3694.000,3739.000,300314,206722,0.000
2009-06-05,3789.000,3802.000,3750.000,3754.000,261750,191380,0.000
2009-06-08,3754.000,3773.000,3701.000,3702.000,211602,201618,0.000
2009-06-09,3715.000,3727.000,3675.000,3706.000,280956,194098,0.000
2009-06-10,3710.000,3746.000,3667.000,3678.000,415902,201832,0.000
2009-06-11,3690.000,3742.000,3680.000,3713.000,514968,213458,0.000
2009-06-12,3750.000,3753.000,3661.000,3669.000,375388,209452,0.000
2009-06-15,3660.000,3675.000,3625.000,3655.000,270294,209666,0.000
2009-06-16,3627.000,3658.000,3618.000,3655.000,205516,206038,0.000
2009-06-17,3644.000,3653.000,3637.000,3648.000,113698,201128,0.000
2009-06-18,3658.000,3666.000,3631.000,3641.000,128064,194210,0.000
2009-06-19,3660.000,3660.000,3637.000,3643.000,80178,191202,0.000
2009-06-22,3600.000,3610.000,3581.000,3596.000,98172,187132,0.000
2009-06-23,3582.000,3660.000,3576.000,3659.000,395148,220426,0.000
2009-06-24,3651.000,3655.000,3623.000,3630.000,197160,200910,0.000
2009-06-25,3621.000,3645.000,3614.000,3633.000,140534,195240,0.000
2009-06-26,3630.000,3675.000,3628.000,3652.000,209680,186996,0.000
2009-06-29,3645.000,3657.000,3622.000,3628.000,128372,175612,0.000
2009-06-30,3631.000,3665.000,3631.000,3657.000,134380,170470,0.000
2009-07-01,3674.000,3700.000,3668.000,3698.000,155148,164342,0.000
2009-07-02,3715.000,3729.000,3671.000,3678.000,105560,158240,0.000
2009-07-03,3670.000,3692.000,3625.000,3632.000,135138,152784,0.000
2009-07-06,3619.000,3638.000,3607.000,3611.000,111194,147116,0.000
2009-07-07,3600.000,3636.000,3597.000,3618.000,86736,148932,0.000
2009-07-08,3548.000,3548.000,3483.000,3523.000,112760,146264,0.000
2009-07-09,3558.000,3558.000,3520.000,3523.000,70150,141896,0.000
2009-07-10,3530.000,3562.000,3508.000,3539.000,122614,142680,0.000
2009-07-13,3559.000,3559.000,3504.000,3505.000,59136,139422,0.000
2009-07-14,3514.000,3528.000,3512.000,3523.000,47836,135200,0.000
2009-07-15,3524.000,3562.000,3520.000,3554.000,56756,126726,0.000
2009-07-16,3495.000,3512.000,3473.000,3479.000,62620,181786,0.000
2009-07-17,3508.000,3525.000,3481.000,3523.000,91242,123190,0.000
2009-07-20,3500.000,3535.000,3496.000,3532.000,93896,195910,0.000
2009-07-21,3518.000,3527.000,3496.000,3502.000,76414,202650,0.000
2009-07-22,3498.000,3558.000,3485.000,3547.000,241374,229126,0.000
2009-07-23,3555.000,3575.000,3537.000,3540.000,217858,243544,0.000
2009-07-24,3559.000,3560.000,3503.000,3512.000,190844,262348,0.000
2009-07-27,3501.000,3517.000,3481.000,3485.000,128898,269252,0.000
2009-07-28,3483.000,3532.000,3483.000,3527.000,133342,265078,0.000
2009-07-29,3521.000,3550.000,3496.000,3505.000,146356,260200,0.000
2009-07-30,3519.000,3536.000,3508.000,3534.000,107758,249514,0.000
2009-07-31,3598.000,3611.000,3571.000,3593.000,212278,239160,0.000
2009-08-03,3658.000,3713.000,3621.000,3701.000,291820,210746,0.000
2009-08-04,3710.000,3760.000,3682.000,3694.000,379830,212338,0.000
2009-08-05,3721.000,3752.000,3711.000,3724.000,250668,190950,0.000
2009-08-06,3730.000,3737.000,3671.000,3687.000,170590,184118,0.000
2009-08-07,3676.000,3684.000,3652.000,3662.000,117924,176860,0.000
2009-08-10,3661.000,3757.000,3660.000,3755.000,217476,179420,0.000
2009-08-11,3712.000,3816.000,3710.000,3798.000,334792,214722,0.000
2009-08-12,3818.000,3882.000,3798.000,3813.000,443924,226588,0.000
2009-08-13,3850.000,3873.000,3819.000,3835.000,298614,231694,0.000
2009-08-14,3815.000,3831.000,3754.000,3769.000,220998,229466,0.000
2009-08-17,3702.000,3709.000,3615.000,3638.000,345368,233756,0.000
2009-08-18,3668.000,3679.000,3636.000,3660.000,233506,246072,0.000
2009-08-19,3668.000,3673.000,3567.000,3596.000,314734,252308,0.000
2009-08-20,3620.000,3640.000,3599.000,3634.000,178878,250994,0.000
2009-08-21,3612.000,3650.000,3603.000,3623.000,136612,249838,0.000
2009-08-24,3700.000,3733.000,3685.000,3720.000,239588,252342,0.000
2009-08-25,3719.000,3747.000,3693.000,3719.000,322776,259236,0.000
2009-08-26,3721.000,3736.000,3710.000,3723.000,187068,254966,0.000
2009-08-27,3718.000,3726.000,3688.000,3706.000,130128,249790,0.000
2009-08-28,3720.000,3738.000,3715.000,3737.000,163484,241834,0.000
2009-08-31,3750.000,3756.000,3660.000,3668.000,190700,233814,0.000
2009-09-01,3650.000,3683.000,3650.000,3667.000,88642,233022,0.000
2009-09-02,3600.000,3625.000,3559.000,3575.000,165492,235834,0.000
2009-09-03,3582.000,3655.000,3577.000,3639.000,306228,255172,0.000
2009-09-04,3625.000,3628.000,3563.000,3573.000,218144,250410,0.000
2009-09-07,3530.000,3585.000,3530.000,3553.000,173852,245192,0.000
2009-09-08,3549.000,3606.000,3540.000,3600.000,143156,244760,0.000
2009-09-09,3590.000,3620.000,3577.000,3595.000,109302,235662,0.000
2009-09-10,3599.000,3639.000,3589.000,3621.000,281446,240508,0.000
2009-09-11,3610.000,3627.000,3584.000,3585.000,126432,233926,0.000
2009-09-14,3529.000,3584.000,3509.000,3559.000,202614,244062,0.000
2009-09-15,3579.000,3596.000,3569.000,3580.000,124734,239956,0.000
2009-09-16,3680.000,3680.000,3635.000,3650.000,163388,233666,0.000
2009-09-17,3648.000,3728.000,3638.000,3725.000,230706,260004,0.000
2009-09-18,3715.000,3769.000,3703.000,3721.000,799072,268160,0.000
2009-09-21,3707.000,3728.000,3682.000,3695.000,445386,253608,0.000
2009-09-22,3680.000,3732.000,3675.000,3702.000,742038,281678,0.000
2009-09-23,3719.000,3731.000,3672.000,3674.000,551354,279396,0.000
2009-09-24,3680.000,3688.000,3601.000,3609.000,455574,251190,0.000
2009-09-25,3605.000,3640.000,3605.000,3620.000,282300,241134,0.000
2009-09-28,3635.000,3637.000,3538.000,3564.000,246814,222146,0.000
2009-09-29,3573.000,3585.000,3545.000,3565.000,166786,210750,0.000
2009-09-30,3555.000,3575.000,3524.000,3553.000,168084,205354,0.000
2009-10-09,3632.000,3632.000,3590.000,3612.000,113978,198764,0.000
2009-10-12,3669.000,3697.000,3658.000,3681.000,201680,202736,0.000
2009-10-13,3681.000,3705.000,3668.000,3670.000,223654,194196,0.000
2009-10-14,3680.000,3708.000,3673.000,3694.000,155288,186810,0.000
2009-10-15,3698.000,3724.000,3683.000,3694.000,184682,181524,0.000
2009-10-16,3694.000,3730.000,3685.000,3726.000,137242,188502,0.000
2009-10-19,3715.000,3749.000,3705.000,3732.000,182132,184432,0.000
2009-10-20,3750.000,3778.000,3719.000,3726.000,136380,181132,0.000
2009-10-21,3732.000,3756.000,3705.000,3744.000,212908,167784,0.000
2009-10-22,3760.000,3766.000,3730.000,3730.000,127762,150240,0.000
2009-10-23,3750.000,3764.000,3745.000,3757.000,128468,135012,0.000
2009-10-26,3715.000,3743.000,3709.000,3742.000,142068,155558,0.000
2009-10-27,3702.000,3719.000,3696.000,3697.000,80790,156684,0.000
2009-10-28,3691.000,3711.000,3657.000,3668.000,103004,160596,0.000
2009-10-29,3652.000,3665.000,3641.000,3654.000,70360,161542,0.000
2009-10-30,3675.000,3685.000,3664.000,3666.000,68602,161996,0.000
2009-11-02,3638.000,3712.000,3638.000,3705.000,177408,177550,0.000
2009-11-03,3715.000,3755.000,3708.000,3721.000,310324,192074,0.000
2009-11-04,3748.000,3754.000,3725.000,3739.000,200306,198184,0.000
2009-11-05,3727.000,3736.000,3718.000,3721.000,107504,194450,0.000
2009-11-06,3700.000,3725.000,3700.000,3720.000,98834,194322,0.000
2009-11-09,3710.000,3730.000,3710.000,3721.000,116532,198900,0.000
2009-11-10,3727.000,3734.000,3701.000,3704.000,111708,195178,0.000
2009-11-11,3708.000,3725.000,3708.000,3715.000,83702,189176,0.000
2009-11-12,3721.000,3746.000,3717.000,3726.000,123336,186402,0.000
2009-11-13,3733.000,3773.000,3730.000,3770.000,284142,213392,0.000
2009-11-16,3775.000,3794.000,3760.000,3780.000,185268,216546,0.000
2009-11-17,3808.000,3808.000,3763.000,3763.000,139104,208952,0.000
2009-11-18,3790.000,3818.000,3779.000,3808.000,222378,216172,0.000
2009-11-19,3793.000,3817.000,3786.000,3803.000,152214,213096,0.000
2009-11-20,3820.000,3849.000,3805.000,3823.000,203930,212460,0.000
2009-11-23,3842.000,3913.000,3836.000,3911.000,273214,232060,0.000
2009-11-24,3879.000,3903.000,3824.000,3843.000,209708,214458,0.000
2009-11-25,3864.000,3916.000,3855.000,3907.000,287666,228556,0.000
2009-11-26,3920.000,3995.000,3912.000,3972.000,852900,282168,0.000
2009-11-27,3960.000,3991.000,3859.000,3901.000,1759168,305350,0.000
2009-11-30,3990.000,4066.000,3970.000,4059.000,1471300,455246,0.000
2009-12-01,4059.000,4063.000,4005.000,4023.000,940042,424134,0.000
2009-12-02,4025.000,4040.000,3991.000,4014.000,834828,427870,0.000
2009-12-03,3990.000,4006.000,3966.000,3990.000,832634,401266,0.000
2009-12-04,3980.000,4032.000,3976.000,4019.000,928542,388028,0.000
2009-12-07,4020.000,4128.000,4014.000,4077.000,1205478,379972,0.000
2009-12-08,4101.000,4130.000,4073.000,4113.000,1179504,391618,0.000
2009-12-09,4078.000,4097.000,4033.000,4036.000,806514,391534,0.000
2009-12-10,4018.000,4053.000,3946.000,3987.000,745168,344980,0.000
2009-12-11,4000.000,4024.000,3993.000,4004.000,520894,345356,0.000
2009-12-14,4012.000,4032.000,3935.000,3977.000,655590,333630,0.000
2009-12-15,4027.000,4033.000,4001.000,4013.000,538168,337526,0.000
2009-12-16,4017.000,4039.000,4003.000,4032.000,434100,343658,0.000
2009-12-17,4050.000,4073.000,4006.000,4018.000,631828,342346,0.000
2009-12-18,3961.000,3969.000,3935.000,3951.000,522222,334036,0.000
2009-12-21,3955.000,3967.000,3925.000,3946.000,382426,323644,0.000
2009-12-22,3925.000,3970.000,3924.000,3939.000,451454,319148,0.000
2009-12-23,3931.000,3954.000,3903.000,3936.000,396100,306348,0.000
2009-12-24,3953.000,3975.000,3934.000,3973.000,275176,300976,0.000
2009-12-25,3970.000,3973.000,3954.000,3958.000,184750,296118,0.000
2009-12-28,3967.000,4017.000,3960.000,4014.000,312320,292210,0.000
2009-12-29,4030.000,4045.000,4003.000,4009.000,320698,284034,0.000
2009-12-30,4017.000,4027.000,4003.000,4007.000,197900,281978,0.000
2009-12-31,4015.000,4041.000,4009.000,4038.000,234450,277306,0.000
2010-01-04,4080.000,4090.000,4049.000,4057.000,321838,284296,0.000
2010-01-05,4067.000,4082.000,4060.000,4066.000,253640,283384,0.000
2010-01-06,4066.000,4194.000,4057.000,4154.000,860812,352830,0.000
2010-01-07,4165.000,4188.000,3975.000,4044.000,705704,297236,0.000
2010-01-08,4040.000,4050.000,3947.000,3981.000,526594,270074,0.000
2010-01-11,4012.000,4050.000,4012.000,4031.000,316116,270738,0.000
2010-01-12,4000.000,4029.000,3981.000,4004.000,447848,271068,0.000
2010-01-13,3905.000,3938.000,3896.000,3909.000,300960,260966,0.000
2010-01-14,3943.000,3943.000,3918.000,3919.000,190364,259500,0.000
2010-01-15,3905.000,3949.000,3902.000,3915.000,313576,265124,0.000
2010-01-18,3908.000,3925.000,3890.000,3909.000,249986,269332,0.000
2010-01-19,3935.000,3935.000,3910.000,3919.000,167968,274202,0.000
2010-01-20,3910.000,3929.000,3858.000,3861.000,335400,290088,0.000
2010-01-21,3860.000,3903.000,3852.000,3901.000,271388,280512,0.000
2010-01-22,3887.000,3893.000,3837.000,3889.000,280556,270304,0.000
2010-01-25,3878.000,3926.000,3875.000,3911.000,337600,277594,0.000
2010-01-26,3910.000,3930.000,3883.000,3885.000,470020,278582,0.000
2010-01-27,3905.000,3938.000,3900.000,3922.000,618382,296746,0.000
2010-01-28,3900.000,3900.000,3842.000,3863.000,401078,277646,0.000
2010-01-29,3870.000,3884.000,3850.000,3853.000,260046,264630,0.000
2010-02-01,3839.000,3849.000,3760.000,3768.000,404240,282970,0.000
2010-02-02,3785.000,3798.000,3728.000,3735.000,374218,279460,0.000
2010-02-03,3771.000,3785.000,3744.000,3782.000,291838,271958,0.000
2010-02-04,3740.000,3760.000,3720.000,3755.000,250890,274098,0.000
2010-02-05,3740.000,3793.000,3728.000,3785.000,539114,280652,0.000
2010-02-08,3810.000,3825.000,3801.000,3812.000,224846,275382,0.000
2010-02-09,3812.000,3819.000,3796.000,3809.000,141526,271300,0.000
2010-02-10,3807.000,3815.000,3748.000,3769.000,302080,273654,0.000
2010-02-11,3807.000,3828.000,3784.000,3798.000,243738,251010,0.000
2010-02-12,3801.000,3808.000,3763.000,3776.000,133432,246028,0.000
2010-02-22,3815.000,3850.000,3800.000,3819.000,171364,249340,0.000
2010-02-23,3830.000,3878.000,3825.000,3874.000,342832,269414,0.000
2010-02-24,3851.000,3867.000,3848.000,3858.000,204128,261240,0.000
2010-02-25,3867.000,3874.000,3825.000,3838.000,205796,252990,0.000
2010-02-26,3830.000,3845.000,3820.000,3830.000,182768,252534,0.000
2010-03-01,3860.000,3904.000,3843.000,3883.000,422434,272608,0.000
2010-03-02,3881.000,3898.000,3865.000,3873.000,428712,272774,0.000
2010-03-03,3886.000,3910.000,3878.000,3892.000,388958,275790,0.000
2010-03-04,3882.000,3889.000,3833.000,3834.000,299648,272514,0.000
2010-03-05,3814.000,3840.000,3804.000,3835.000,212816,262814,0.000
2010-03-08,3842.000,3845.000,3821.000,3842.000,201768,267618,0.000
2010-03-09,3836.000,3855.000,3826.000,3845.000,217344,263458,0.000
2010-03-10,3835.000,3852.000,3834.000,3836.000,118736,259312,0.000
2010-03-11,3855.000,3876.000,3830.000,3850.000,466534,261064,0.000
2010-03-12,3825.000,3830.000,3806.000,3810.000,293040,256978,0.000
2010-03-15,3813.000,3816.000,3786.000,3800.000,212506,253694,0.000
2010-03-16,3805.000,3839.000,3804.000,3838.000,208026,243116,0.000
2010-03-17,3850.000,3859.000,3841.000,3846.000,170430,238796,0.000
2010-03-18,3858.000,3858.000,3827.000,3835.000,129994,234726,0.000
2010-03-19,3842.000,3875.000,3841.000,3861.000,236678,230474,0.000
2010-03-22,3850.000,3885.000,3850.000,3870.000,182286,220340,0.000
2010-03-23,3900.000,3901.000,3861.000,3870.000,175342,214350,0.000
2010-03-24,3867.000,3871.000,3850.000,3858.000,117950,210272,0.000
2010-03-25,3855.000,3874.000,3855.000,3862.000,89278,211644,0.000
2010-03-26,3850.000,3858.000,3835.000,3853.000,120740,209620,0.000
2010-03-29,3868.000,3878.000,3855.000,3869.000,80396,201918,0.000
2010-03-30,3880.000,3898.000,3862.000,3893.000,168978,197156,0.000
2010-03-31,3896.000,3920.000,3885.000,3888.000,281680,205352,0.000
2010-04-01,3847.000,3876.000,3838.000,3868.000,122882,194516,0.000
2010-04-02,3867.000,3884.000,3867.000,3878.000,64704,196756,0.000
2010-04-06,3872.000,3885.000,3869.000,3875.000,58094,194454,0.000
2010-04-07,3884.000,3903.000,3880.000,3894.000,127604,198182,0.000
2010-04-08,3895.000,3916.000,3881.000,3883.000,142680,191820,0.000
2010-04-09,3885.000,3896.000,3885.000,3891.000,56112,189198,0.000
2010-04-12,3905.000,3935.000,3902.000,3930.000,99120,106832,0.000
2010-04-13,3915.000,3947.000,3902.000,3945.000,249366,120090,0.000
2010-04-14,3960.000,3964.000,3936.000,3939.000,173136,103704,0.000
2010-04-15,3938.000,3949.000,3926.000,3929.000,96066,102586,0.000
2010-04-16,3952.000,3968.000,3945.000,3953.000,126732,110568,0.000
2010-04-19,3940.000,3950.000,3903.000,3916.000,136534,111184,0.000
2010-04-20,3931.000,3962.000,3931.000,3956.000,192604,126296,0.000
2010-04-21,3960.000,3979.000,3955.000,3971.000,231448,144388,0.000
2010-04-22,3978.000,3995.000,3977.000,3981.000,213782,157868,0.000
2010-04-23,3986.000,4005.000,3986.000,3992.000,228426,166058,0.000
2010-04-26,3998.000,4005.000,3980.000,3990.000,171704,157204,0.000
2010-04-27,3980.000,3982.000,3958.000,3973.000,143266,148294,0.000
2010-04-28,3943.000,3955.000,3906.000,3949.000,147676,146168,0.000
2010-04-29,3950.000,3964.000,3950.000,3953.000,73382,147088,0.000
2010-04-30,3957.000,3989.000,3953.000,3988.000,128442,150710,0.000
2010-05-04,3965.000,3974.000,3956.000,3965.000,109026,147120,0.000
2010-05-05,3964.000,4031.000,3948.000,4026.000,539238,236426,0.000
2010-05-06,4025.000,4027.000,3972.000,3977.000,489972,206120,0.000
2010-05-07,3940.000,3944.000,3899.000,3911.000,379706,194340,0.000
2010-05-10,3940.000,3960.000,3928.000,3955.000,261150,203512,0.000
2010-05-11,3948.000,3952.000,3923.000,3928.000,237636,199814,0.000
2010-05-12,3939.000,3971.000,3935.000,3958.000,226094,195902,0.000
2010-05-13,3958.000,3966.000,3941.000,3956.000,138812,196232,0.000
2010-05-14,3953.000,3955.000,3912.000,3923.000,169968,200978,0.000
2010-05-17,3910.000,3912.000,3809.000,3843.000,305380,205728,0.000
2010-05-18,3840.000,3873.000,3825.000,3869.000,210406,203712,0.000
2010-05-19,3835.000,3859.000,3827.000,3831.000,178838,198688,0.000
2010-05-20,3850.000,3863.000,3836.000,3847.000,164612,199584,0.000
2010-05-21,3844.000,3883.000,3840.000,3872.000,328810,203494,0.000
2010-05-24,3872.000,3890.000,3866.000,3886.000,165108,202658,0.000
2010-05-25,3875.000,3875.000,3841.000,3846.000,161154,197734,0.000
2010-05-26,3859.000,3880.000,3830.000,3874.000,260208,210034,0.000
2010-05-27,3879.000,3879.000,3859.000,3872.000,172790,199878,0.000
2010-05-28,3882.000,3894.000,3864.000,3868.000,219636,201002,0.000
2010-05-31,3854.000,3857.000,3831.000,3832.000,179904,208090,0.000
2010-06-01,3838.000,3843.000,3806.000,3811.000,175060,206462,0.000
2010-06-02,3800.000,3829.000,3800.000,3827.000,180870,205608,0.000
2010-06-03,3824.000,3840.000,3823.000,3830.000,137288,205006,0.000
2010-06-04,3852.000,3856.000,3832.000,3842.000,102152,199150,0.000
2010-06-07,3781.000,3798.000,3772.000,3789.000,120568,204794,0.000
2010-06-08,3790.000,3818.000,3789.000,3807.000,116218,207114,3806.000
2010-06-09,3800.000,3800.000,3768.000,3796.000,159430,197242,3784.000
2010-06-10,3800.000,3821.000,3793.000,3800.000,130832,188042,3807.000
2010-06-11,3801.000,3809.000,3790.000,3795.000,73402,182804,3798.000
2010-06-17,3846.000,3846.000,3818.000,3823.000,71140,172496,3829.000
2010-06-18,3828.000,3838.000,3821.000,3830.000,94266,172690,3830.000
2010-06-21,3848.000,3888.000,3845.000,3882.000,124578,175674,3868.000
2010-06-22,3869.000,3875.000,3861.000,3870.000,55036,175472,3867.000
2010-06-23,3852.000,3873.000,3851.000,3863.000,62360,172590,3862.000
2010-06-24,3855.000,3869.000,3853.000,3859.000,49000,171678,3861.000
2010-06-25,3849.000,3854.000,3838.000,3846.000,38052,171360,3845.000
2010-06-28,3844.000,3859.000,3842.000,3854.000,48758,174068,3854.000
2010-06-29,3856.000,3868.000,3828.000,3846.000,77006,170908,3851.000
2010-06-30,3832.000,3835.000,3811.000,3822.000,47202,171230,3821.000
2010-07-01,3812.000,3825.000,3812.000,3814.000,31824,172500,3819.000
2010-07-02,3815.000,3841.000,3815.000,3833.000,48998,172704,3827.000
2010-07-05,3825.000,3839.000,3820.000,3821.000,29400,172788,3825.000
2010-07-06,3820.000,3820.000,3794.000,3808.000,67110,175464,3804.000
2010-07-07,3805.000,3818.000,3804.000,3811.000,29922,174700,3811.000
2010-07-08,3859.000,3859.000,3841.000,3846.000,56018,163782,3848.000
2010-07-09,3860.000,3865.000,3843.000,3859.000,86356,161118,3854.000
2010-07-12,3888.000,3888.000,3848.000,3850.000,56184,159328,3861.000
2010-07-13,3859.000,3859.000,3828.000,3832.000,45282,156064,3844.000
2010-07-14,3844.000,3849.000,3840.000,3845.000,27884,153726,3843.000
2010-07-15,3871.000,3912.000,3867.000,3883.000,71814,113150,3894.000
2010-07-16,3920.000,3946.000,3912.000,3939.000,93944,126926,3935.000
2010-07-19,3934.000,3953.000,3922.000,3947.000,46790,128846,3932.000
2010-07-20,3930.000,3970.000,3923.000,3961.000,95356,140980,3947.000
2010-07-21,3966.000,3976.000,3950.000,3956.000,115282,146764,3962.000
2010-07-22,3960.000,3967.000,3928.000,3941.000,97526,147638,3945.000
2010-07-23,3943.000,3978.000,3939.000,3959.000,136958,155262,3965.000
2010-07-26,3956.000,3985.000,3951.000,3972.000,139252,162848,3970.000
2010-07-27,3950.000,3957.000,3918.000,3922.000,97242,160484,3935.000
2010-07-28,3931.000,3937.000,3923.000,3936.000,71704,161470,3931.000
2010-07-29,3950.000,3960.000,3934.000,3952.000,103792,162022,3948.000
2010-07-30,3965.000,3985.000,3964.000,3977.000,120576,167022,3975.000
2010-08-02,4006.000,4065.000,4000.000,4047.000,212692,190772,4044.000
2010-08-03,4039.000,4042.000,3995.000,4000.000,184028,191648,4019.000
2010-08-04,4018.000,4055.000,4007.000,4022.000,286986,214804,4030.000
2010-08-05,4052.000,4054.000,3965.000,3973.000,271196,216622,4000.000
2010-08-06,3990.000,4010.000,3963.000,4007.000,267860,223884,3989.000
2010-08-09,4015.000,4095.000,4001.000,4069.000,634226,276712,4055.000
2010-08-10,4054.000,4054.000,4018.000,4027.000,325578,267672,4035.000
2010-08-11,4019.000,4052.000,4015.000,4023.000,327614,254052,4036.000
2010-08-12,4021.000,4075.000,4002.000,4037.000,657870,292660,4049.000
2010-08-13,4051.000,4106.000,4051.000,4104.000,607018,331462,4080.000
2010-08-16,4115.000,4164.000,4105.000,4145.000,757314,389952,4142.000
2010-08-17,4120.000,4137.000,4102.000,4135.000,533466,390032,4117.000
2010-08-18,4159.000,4177.000,4085.000,4105.000,709270,368988,4139.000
2010-08-19,4110.000,4116.000,4071.000,4090.000,553422,357956,4093.000
2010-08-20,4052.000,4056.000,4014.000,4020.000,398900,333572,4032.000
2010-08-23,4032.000,4048.000,4008.000,4018.000,378596,322426,4027.000
2010-08-24,4012.000,4032.000,3994.000,3997.000,296472,313998,4016.000
2010-08-25,4001.000,4012.000,3974.000,3981.000,267606,301682,3995.000
2010-08-26,3991.000,4011.000,3991.000,4010.000,237798,296874,4000.000
2010-08-27,4027.000,4037.000,4014.000,4026.000,238032,294502,4025.000
2010-08-30,4060.000,4078.000,4045.000,4059.000,260856,278740,4062.000
2010-08-31,4031.000,4031.000,3987.000,3990.000,245490,267774,4004.000
2010-09-01,3999.000,4018.000,3981.000,4002.000,234628,268714,4001.000
2010-09-02,4005.000,4010.000,3983.000,3998.000,295294,270996,3996.000
2010-09-03,4002.000,4037.000,3998.000,4033.000,335558,262214,4021.000
2010-09-06,4069.000,4087.000,4053.000,4071.000,298456,273996,4072.000
2010-09-07,4077.000,4092.000,4055.000,4092.000,398622,279810,4079.000
2010-09-08,4112.000,4119.000,4063.000,4077.000,277396,280230,4091.000
2010-09-09,4070.000,4089.000,3982.000,4023.000,326164,252780,4036.000
2010-09-10,4031.000,4042.000,4016.000,4034.000,210198,210198,4027.000
2010-09-13,4013.000,4031.000,4011.000,4030.000,188712,239734,4020.000
2010-09-14,4025.000,4035.000,4006.000,4009.000,209300,247630,4020.000
2010-09-15,4022.000,4045.000,4012.000,4038.000,313248,246696,4029.000
2010-09-16,4044.000,4054.000,4014.000,4026.000,229816,239682,4034.000
2010-09-17,4040.000,4045.000,4023.000,4037.000,222402,230018,4034.000
2010-09-20,4100.000,4190.000,4091.000,4146.000,722896,722904,4158.000
2010-09-21,4130.000,4137.000,4081.000,4110.000,385860,385860,4111.000
2010-09-27,4225.000,4254.000,4156.000,4177.000,365684,237932,4198.000
2010-09-28,4160.000,4189.000,4148.000,4183.000,180544,222774,4168.000
2010-09-29,4149.000,4154.000,4089.000,4120.000,179854,202358,4124.000
2010-09-30,4110.000,4128.000,4095.000,4124.000,98480,198250,4116.000
2010-10-07,4110.000,4128.000,4095.000,4124.000,98480,198250,4116.000
2010-10-08,4090.000,4131.000,4090.000,4092.000,107540,201478,4112.000
2010-10-11,4276.000,4276.000,4269.000,4276.000,55002,207710,4275.000
2010-10-12,4250.000,4287.000,4203.000,4257.000,358844,217868,4259.000
2010-10-13,4286.000,4295.000,4250.000,4279.000,258156,220940,4273.000
2010-10-14,4290.000,4299.000,4271.000,4280.000,219130,230496,4286.000
2010-10-15,4294.000,4309.000,4236.000,4302.000,285456,234946,4288.000
2010-10-18,4257.000,4269.000,4230.000,4240.000,179830,228928,4247.000
2010-10-19,4258.000,4279.000,4240.000,4256.000,160406,219540,4262.000
2010-10-20,4206.000,4263.000,4184.000,4243.000,158838,214594,4235.000
2010-10-21,4288.000,4341.000,4278.000,4290.000,281760,210408,4312.000
2010-10-22,4400.000,4456.000,4396.000,4430.000,192122,224818,4432.000
2010-10-25,4450.000,4547.000,4449.000,4518.000,394092,274558,4507.000
2010-10-26,4521.000,4524.000,4464.000,4470.000,328296,291206,4488.000
2010-10-27,4520.000,4521.000,4351.000,4380.000,313262,286620,4433.000
2010-10-28,4415.000,4437.000,4388.000,4425.000,187200,287728,4416.000
2010-10-29,4400.000,4410.000,4325.000,4357.000,203044,271858,4371.000
2010-11-01,4381.000,4476.000,4381.000,4454.000,367680,304702,4452.000
2010-11-02,4456.000,4466.000,4426.000,4441.000,307044,310228,4447.000
2010-11-03,4455.000,4464.000,4398.000,4415.000,300646,303316,4442.000
2010-11-04,4451.000,4508.000,4436.000,4505.000,437570,312864,4478.000
2010-11-05,4577.000,4657.000,4558.000,4657.000,627364,333626,4627.000
2010-11-08,4620.000,4722.000,4600.000,4656.000,811736,331406,4656.000
2010-11-09,4633.000,4720.000,4620.000,4690.000,607234,340112,4671.000
2010-11-10,4748.000,4835.000,4702.000,4748.000,1002486,356864,4778.000
2010-11-11,4780.000,4816.000,4722.000,4769.000,848684,365542,4775.000
2010-11-12,4778.000,4779.000,4584.000,4584.000,801982,336810,4637.000
2010-11-15,4520.000,4631.000,4452.000,4537.000,992410,320242,4545.000
2010-11-16,4553.000,4566.000,4455.000,4465.000,805754,805754,4517.000
2010-11-17,4337.000,4357.000,4337.000,4337.000,154270,296840,4340.000
2010-11-18,4375.000,4398.000,4255.000,4341.000,687140,289258,4324.000
2010-11-19,4400.000,4402.000,4308.000,4362.000,556640,290730,4353.000
2010-11-22,4281.000,4347.000,4280.000,4309.000,388592,286236,4319.000
2010-11-23,4329.000,4378.000,4303.000,4345.000,1388754,344508,4347.000
2010-11-24,4374.000,4413.000,4359.000,4380.000,797182,334600,4383.000
2010-11-25,4399.000,4407.000,4365.000,4366.000,480134,305036,4388.000
2010-11-26,4380.000,4380.000,4288.000,4318.000,474646,289954,4330.000
2010-11-29,4305.000,4333.000,4256.000,4332.000,336578,262524,4292.000
2010-11-30,4315.000,4325.000,4266.000,4304.000,214764,249054,4296.000
2010-12-01,4300.000,4332.000,4285.000,4330.000,189216,248152,4314.000
2010-12-02,4389.000,4408.000,4370.000,4383.000,215522,254700,4388.000
2010-12-03,4380.000,4428.000,4367.000,4407.000,228554,257240,4401.000
2010-12-06,4430.000,4440.000,4402.000,4414.000,176942,249094,4424.000
2010-12-07,4403.000,4423.000,4385.000,4420.000,133446,244032,4404.000
2010-12-08,4360.000,4389.000,4335.000,4336.000,137824,239598,4368.000
2010-12-09,4378.000,4384.000,4350.000,4359.000,126906,230796,4367.000
2010-12-10,4345.000,4365.000,4336.000,4364.000,84424,226338,4349.000
2010-12-13,4339.000,4415.000,4333.000,4399.000,195650,219626,4391.000
2010-12-14,4420.000,4444.000,4409.000,4430.000,234224,215474,4425.000
2010-12-15,4425.000,4459.000,4397.000,4399.000,245992,220104,4430.000
2010-12-16,4405.000,4425.000,4400.000,4408.000,134128,219748,4414.000
2010-12-17,4409.000,4425.000,4405.000,4414.000,113218,210978,4416.000
2010-12-20,4450.000,4459.000,4382.000,4414.000,148638,206786,4432.000
2010-12-21,4429.000,4451.000,4416.000,4447.000,142522,223532,4436.000
2010-12-22,4460.000,4463.000,4412.000,4415.000,139912,221136,4435.000
2010-12-23,4427.000,4452.000,4416.000,4452.000,181946,204246,4437.000
2010-12-24,4470.000,4550.000,4465.000,4536.000,401108,230372,4521.000
2010-12-27,4511.000,4560.000,4510.000,4554.000,318200,229940,4542.000
2010-12-28,4590.000,4625.000,4572.000,4581.000,302054,236576,4600.000
2010-12-29,4575.000,4588.000,4506.000,4519.000,235104,229750,4538.000
2010-12-30,4506.000,4549.000,4491.000,4546.000,164628,217914,4521.000
2010-12-31,4523.000,4547.000,4517.000,4528.000,129558,207086,4531.000
2011-01-04,4528.000,4545.000,4520.000,4537.000,110524,206650,4535.000
2011-01-05,4498.000,4500.000,4471.000,4477.000,99710,200044,4485.000
2011-01-06,4500.000,4545.000,4500.000,4540.000,112312,237712,0.000
2011-01-07,4500.000,4510.000,4423.000,4439.000,138008,242780,0.000
2011-01-10,4452.000,4470.000,4432.000,4445.000,85642,243922,0.000
2011-01-11,4471.000,4479.000,4443.000,4459.000,84768,236842,0.000
2011-01-12,4448.000,4472.000,4435.000,4450.000,125408,238136,0.000
2011-01-13,4550.000,4566.000,4502.000,4503.000,124344,230016,0.000
2011-01-14,4501.000,4536.000,4493.000,4531.000,105114,231832,0.000
2011-01-17,4530.000,4555.000,4518.000,4546.000,155782,243754,0.000
2011-01-18,4540.000,4604.000,4529.000,4601.000,263230,265312,0.000
2011-01-19,4601.000,4624.000,4588.000,4609.000,241638,284234,0.000
2011-01-20,4590.000,4597.000,4558.000,4565.000,163760,283130,0.000
2011-01-21,4550.000,4570.000,4519.000,4541.000,111902,276698,0.000
2011-01-24,4554.000,4603.000,4548.000,4580.000,165042,278062,0.000
2011-01-25,4555.000,4576.000,4525.000,4526.000,98358,277200,0.000
2011-01-26,4496.000,4496.000,4402.000,4443.000,134668,272598,0.000
2011-01-27,4474.000,4475.000,4438.000,4453.000,70682,269286,0.000
2011-01-28,4450.000,4470.000,4438.000,4450.000,63512,268180,0.000
2011-01-31,4455.000,4498.000,4451.000,4489.000,70966,265128,0.000
2011-02-01,4508.000,4517.000,4490.000,4516.000,57864,265718,0.000
2011-02-09,4531.000,4598.000,4516.000,4591.000,147266,260242,0.000
2011-02-10,4610.000,4681.000,4600.000,4646.000,209642,272682,0.000
2011-02-11,4632.000,4692.000,4622.000,4669.000,216196,270754,0.000
2011-02-14,4671.000,4706.000,4656.000,4682.000,151160,278920,0.000
2011-02-15,4652.000,4665.000,4622.000,4633.000,148576,287692,0.000
2011-02-16,4581.000,4615.000,4572.000,4614.000,133734,297958,0.000
2011-02-17,4615.000,4635.000,4574.000,4576.000,132204,295662,0.000
2011-02-18,4623.000,4630.000,4581.000,4583.000,123416,290840,0.000
2011-02-21,4560.000,4580.000,4550.000,4553.000,94268,291002,0.000
2011-02-22,4572.000,4597.000,4511.000,4575.000,129234,287872,0.000
2011-02-23,4440.000,4449.000,4400.000,4425.000,136488,287764,0.000
2011-02-24,4445.000,4447.000,4361.000,4368.000,127166,287190,0.000
2011-02-25,4383.000,4418.000,4378.000,4414.000,94384,276856,0.000
2011-02-28,4451.000,4463.000,4432.000,4450.000,83708,271956,0.000
2011-03-01,4445.000,4464.000,4432.000,4453.000,61416,273276,0.000
2011-03-02,4450.000,4575.000,4442.000,4553.000,289912,290962,0.000
2011-03-03,4555.000,4555.000,4501.000,4506.000,156890,286940,0.000
2011-03-04,4550.000,4593.000,4521.000,4545.000,220484,285242,4549.000
2011-03-07,4531.000,4543.000,4508.000,4536.000,84960,285042,4529.000
2011-03-08,4500.000,4508.000,4441.000,4453.000,117096,284766,4475.000
2011-03-09,4463.000,4468.000,4438.000,4453.000,76580,279168,4454.000
2011-03-10,4425.000,4435.000,4402.000,4408.000,81412,278682,4419.000
2011-03-11,4416.000,4432.000,4392.000,4399.000,68820,277548,4413.000
2011-03-14,4390.000,4445.000,4370.000,4392.000,145374,278316,4401.000
2011-03-15,4403.000,4467.000,4384.000,4456.000,250716,301918,4435.000
2011-03-16,4380.000,4440.000,4380.000,4429.000,233620,305424,4411.000
2011-03-17,4429.000,4477.000,4408.000,4466.000,201944,311918,4448.000
2011-03-18,4496.000,4497.000,4459.000,4466.000,152268,304110,4474.000
2011-03-21,4480.000,4518.000,4461.000,4500.000,229348,309020,4494.000
2011-03-22,4494.000,4527.000,4485.000,4508.000,192612,314016,4512.000
2011-03-23,4513.000,4554.000,4507.000,4552.000,197034,317466,4537.000
2011-03-24,4541.000,4550.000,4501.000,4514.000,151062,310266,4526.000
2011-03-25,4527.000,4612.000,4526.000,4609.000,330448,337118,4584.000
2011-03-28,4604.000,4660.000,4574.000,4639.000,651610,380680,4625.000
2011-03-29,4619.000,4659.000,4603.000,4651.000,560460,410378,4633.000
2011-03-30,4660.000,4669.000,4610.000,4625.000,402524,381244,4635.000
2011-03-31,4633.000,4650.000,4588.000,4610.000,326380,370812,4618.000
2011-04-01,4650.000,4659.000,4620.000,4635.000,294540,351632,4640.000
2011-04-06,4616.000,4674.000,4613.000,4670.000,292128,369762,4644.000
2011-04-07,4652.000,4666.000,4641.000,4648.000,184188,361586,4653.000
2011-04-08,4636.000,4655.000,4606.000,4654.000,292404,359456,4631.000
2011-04-11,4684.000,4744.000,4674.000,4679.000,542036,430008,4705.000
2011-04-12,4632.000,4654.000,4613.000,4616.000,312148,393734,4632.000
2011-04-13,4575.000,4605.000,4575.000,4600.000,284598,392654,4590.000
2011-04-14,4584.000,4590.000,4531.000,4534.000,264396,384272,4562.000
2011-04-15,4556.000,4565.000,4525.000,4529.000,219042,359352,4547.000
2011-04-18,4520.000,4568.000,4505.000,4562.000,262108,378234,4548.000
2011-04-19,4565.000,4575.000,4540.000,4545.000,213548,367640,4554.000
2011-04-20,4561.000,4582.000,4560.000,4579.000,244278,405398,4572.000
2011-04-21,4576.000,4580.000,4557.000,4563.000,178426,380266,4568.000
2011-04-22,4590.000,4593.000,4555.000,4573.000,171572,379768,4574.000
2011-04-25,4589.000,4590.000,4543.000,4553.000,146452,382010,4564.000
2011-04-26,4527.000,4541.000,4517.000,4517.000,119958,371606,4528.000
2011-04-27,4528.000,4543.000,4507.000,4516.000,145702,370974,4525.000
2011-04-28,4522.000,4548.000,4522.000,4544.000,130726,374842,4536.000
2011-04-29,4505.000,4508.000,4451.000,4458.000,170982,372682,4475.000
2011-05-03,4490.000,4494.000,4464.000,4475.000,84900,370578,4474.000
2011-05-04,4453.000,4461.000,4419.000,4424.000,135020,382388,4434.000
2011-05-05,4412.000,4447.000,4396.000,4433.000,188568,395130,4428.000
2011-05-06,4390.000,4395.000,4350.000,4357.000,213106,386878,4370.000
2011-05-09,4380.000,4382.000,4366.000,4380.000,92834,383622,4374.000
2011-05-10,4378.000,4405.000,4375.000,4403.000,132522,382192,4391.000
2011-05-11,4408.000,4420.000,4394.000,4396.000,130770,384072,4405.000
2011-05-12,4397.000,4422.000,4360.000,4366.000,211358,388658,4397.000
2011-05-13,4396.000,4414.000,4382.000,4412.000,168030,389330,4397.000
2011-05-16,4400.000,4405.000,4386.000,4387.000,107164,383436,4393.000
2011-05-17,4381.000,4389.000,4326.000,4355.000,178486,393884,4355.000
2011-05-18,4380.000,4388.000,4364.000,4371.000,124430,400234,4376.000
2011-05-19,4405.000,4415.000,4389.000,4390.000,134956,401510,4400.000
2011-05-20,4395.000,4415.000,4389.000,4413.000,146124,401716,4404.000
2011-05-23,4425.000,4448.000,4407.000,4413.000,168276,382508,4428.000
2011-05-24,4420.000,4440.000,4413.000,4437.000,120116,383772,4424.000
2011-05-25,4430.000,4449.000,4428.000,4436.000,116152,384612,4436.000
2011-05-26,4448.000,4465.000,4445.000,4462.000,108412,379774,4457.000
2011-05-27,4470.000,4473.000,4441.000,4453.000,115174,373344,4457.000
2011-05-30,4450.000,4472.000,4436.000,4460.000,178258,375030,4456.000
2011-05-31,4465.000,4475.000,4446.000,4454.000,105376,377928,4458.000
2011-06-01,4460.000,4464.000,4443.000,4448.000,75168,382446,4454.000
2011-06-02,4450.000,4479.000,4449.000,4478.000,167340,384834,4466.000
2011-06-03,4493.000,4519.000,4486.000,4518.000,145912,378006,4499.000
2011-06-07,4489.000,4489.000,4466.000,4475.000,110540,348222,4477.000
2011-06-08,4488.000,4490.000,4460.000,4473.000,92072,346642,4476.000
2011-06-09,4486.000,4493.000,4471.000,4472.000,90440,335166,4483.000
2011-06-10,4475.000,4479.000,4447.000,4459.000,85372,325930,4464.000
2011-06-13,4451.000,4468.000,4448.000,4463.000,73118,330906,4459.000
2011-06-14,4454.000,4470.000,4454.000,4469.000,59878,326426,4463.000
2011-06-15,4469.000,4469.000,4446.000,4458.000,69470,321806,4458.000
2011-06-16,4451.000,4460.000,4434.000,4437.000,70574,321362,4446.000
2011-06-17,4432.000,4432.000,4400.000,4407.000,101962,312964,4413.000
2011-06-20,4400.000,4406.000,4390.000,4394.000,52748,311832,4397.000
2011-06-21,4405.000,4419.000,4403.000,4417.000,42842,308600,4410.000
2011-06-22,4420.000,4430.000,4412.000,4418.000,51544,310652,4419.000
2011-06-23,4414.000,4414.000,4379.000,4396.000,54738,307070,4391.000
2011-06-24,4388.000,4423.000,4376.000,4416.000,78042,311360,4407.000
2011-06-27,4403.000,4414.000,4380.000,4391.000,106434,320604,4395.000
2011-06-28,4410.000,4430.000,4404.000,4414.000,107512,335036,4416.000
2011-06-29,4430.000,4430.000,4418.000,4421.000,54054,334814,4424.000
2011-06-30,4420.000,4435.000,4418.000,4432.000,71644,331286,4428.000
2011-07-01,4398.000,4409.000,4392.000,4404.000,60458,321244,4402.000
2011-07-04,4413.000,4440.000,4412.000,4434.000,89452,307340,4427.000
2011-07-05,4437.000,4452.000,4427.000,4440.000,85956,292042,4439.000
2011-07-06,4541.000,4565.000,4527.000,4531.000,64324,227284,4541.000
2011-07-07,4419.000,4433.000,4419.000,4428.000,36552,279220,4427.000
2011-07-08,4443.000,4460.000,4441.000,4460.000,85366,266156,4451.000
2011-07-11,4589.000,4602.000,4584.000,4596.000,55198,243102,4594.000
2011-07-12,4457.000,4458.000,4410.000,4439.000,52144,247260,4440.000
2011-07-13,4603.000,4644.000,4600.000,4638.000,94802,244294,4623.000
2011-07-14,4658.000,4676.000,4651.000,4670.000,78032,239910,4664.000
2011-07-15,4621.000,4669.000,4621.000,4660.000,65242,235152,4661.000
2011-07-18,4660.000,4678.000,4638.000,4640.000,83280,239280,4664.000
2011-07-19,4646.000,4655.000,4622.000,4650.000,65124,233342,4640.000
2011-07-20,4651.000,4660.000,4633.000,4652.000,88032,216838,4648.000
2011-07-21,4646.000,4675.000,4640.000,4659.000,100770,211636,4660.000
2011-07-22,4662.000,4668.000,4655.000,4660.000,34476,211630,4660.000
2011-07-25,4638.000,4646.000,4607.000,4611.000,66186,203190,4626.000
2011-07-26,4607.000,4634.000,4607.000,4634.000,37976,206934,4624.000
2011-07-27,4648.000,4682.000,4641.000,4669.000,72766,212950,4667.000
2011-07-28,4647.000,4658.000,4642.000,4644.000,33544,208980,4650.000
2011-07-29,4638.000,4670.000,4631.000,4635.000,87800,206870,4654.000
2011-08-01,4632.000,4712.000,4632.000,4706.000,140534,240872,4678.000
2011-08-02,4701.000,4725.000,4683.000,4703.000,241146,259328,4703.000
2011-08-03,4729.000,4745.000,4705.000,4707.000,200582,272022,4724.000
2011-08-04,4690.000,4716.000,4657.000,4659.000,279268,280040,4688.000
2011-08-05,4601.000,4602.000,4472.000,4562.000,288654,222988,4554.000
2011-08-08,4480.000,4575.000,4480.000,4532.000,176198,240450,4541.000
2011-08-09,4468.000,4498.000,4428.000,4485.000,236700,256344,4461.000
2011-08-10,4511.000,4529.000,4504.000,4517.000,127172,255420,4517.000
2011-08-11,4510.000,4560.000,4490.000,4555.000,179968,267292,4529.000
2011-08-12,4597.000,4598.000,4556.000,4558.000,136690,269000,4575.000
2011-08-15,4584.000,4642.000,4580.000,4620.000,294026,319206,4620.000
2011-08-16,4630.000,4630.000,4575.000,4578.000,197484,304878,4604.000
2011-08-17,4599.000,4615.000,4590.000,4606.000,155702,312668,4604.000
2011-08-18,4624.000,4625.000,4598.000,4602.000,116696,317834,4611.000
2011-08-19,4572.000,4597.000,4563.000,4585.000,155022,306516,4581.000
2011-08-22,4600.000,4629.000,4600.000,4602.000,276608,328514,4615.000
2011-08-23,4631.000,4650.000,4625.000,4649.000,214084,344150,4638.000
2011-08-24,4646.000,4653.000,4631.000,4636.000,140196,332516,4638.000
2011-08-25,4632.000,4632.000,4611.000,4623.000,126946,324994,4620.000
2011-08-26,4635.000,4640.000,4606.000,4613.000,126976,319578,4620.000
2011-08-29,4680.000,4761.000,4668.000,4747.000,557444,442772,4716.000
2011-08-30,4748.000,4770.000,4719.000,4732.000,625266,496698,4746.000
2011-08-31,4740.000,4767.000,4736.000,4748.000,455168,454794,4753.000
2011-09-01,4750.000,4768.000,4728.000,4736.000,331394,445014,4747.000
2011-09-02,4726.000,4750.000,4720.000,4743.000,232882,431092,4737.000
2011-09-05,4742.000,4828.000,4720.000,4726.000,1104936,483762,4772.000
2011-09-06,4718.000,4727.000,4671.000,4712.000,538862,443596,4698.000
2011-09-07,4725.000,4767.000,4718.000,4762.000,343058,463208,4736.000
2011-09-08,4750.000,4755.000,4721.000,4737.000,351744,474892,4738.000
2011-09-09,4733.000,4770.000,4729.000,4769.000,465906,0,4750.000
2011-09-13,4700.000,4714.000,4655.000,4665.000,494558,471920,4677.000
2011-09-14,4676.000,4687.000,4615.000,4620.000,420362,443932,4647.000
2011-09-15,4633.000,4641.000,4606.000,4624.000,246288,430004,4628.000
2011-09-16,4594.000,4618.000,4580.000,4617.000,277798,443692,4599.000
2011-09-19,4600.000,4603.000,4539.000,4542.000,261558,428936,4569.000
2011-09-20,4560.000,4580.000,4542.000,4567.000,222402,436170,4569.000
2011-09-21,4550.000,4580.000,4522.000,4565.000,265022,440348,4556.000
2011-09-22,4499.000,4522.000,4458.000,4488.000,342774,425102,4499.000
2011-09-23,4431.000,4465.000,4277.000,4340.000,556602,392344,4376.000
2011-09-26,4321.000,4356.000,4203.000,4221.000,417770,353998,4295.000
2011-09-27,4299.000,4348.000,4282.000,4333.000,287028,341242,4315.000
2011-09-28,4281.000,4299.000,4258.000,4281.000,220888,327396,4278.000
2011-09-29,4151.000,4232.000,4134.000,4209.000,286494,316172,4185.000
2011-09-30,4248.000,4285.000,4231.000,4279.000,163582,313510,4262.000
2011-10-10,4200.000,4295.000,4189.000,4241.000,316468,345812,4248.000
2011-10-11,4253.000,4293.000,4235.000,4244.000,339850,360860,4268.000
2011-10-12,4317.000,4341.000,4285.000,4330.000,409674,360480,4317.000
2011-10-13,4330.000,4355.000,4324.000,4351.000,227232,359590,4338.000
2011-10-14,4376.000,4376.000,4354.000,4360.000,190330,341562,4363.000
2011-10-17,4375.000,4376.000,4331.000,4333.000,200620,338370,4348.000
2011-10-18,4320.000,4320.000,4242.000,4256.000,171358,326082,4278.000
2011-10-19,4280.000,4315.000,4260.000,4282.000,157462,318826,4289.000
2011-10-20,4220.000,4222.000,4162.000,4212.000,302140,295674,4198.000
2011-10-21,4242.000,4259.000,4216.000,4258.000,146764,288914,4249.000
2011-10-24,4288.000,4347.000,4228.000,4318.000,219120,286072,4285.000
2011-10-25,4318.000,4345.000,4299.000,4323.000,166060,294100,4323.000
2011-10-26,4307.000,4333.000,4292.000,4315.000,121550,280094,4315.000
2011-10-27,4408.000,4477.000,4401.000,4471.000,198950,320652,4454.000
2011-10-28,4495.000,4498.000,4436.000,4440.000,145532,311728,4463.000
2011-10-31,4440.000,4443.000,4376.000,4386.000,127318,314302,4405.000
2011-11-01,4400.000,4433.000,4395.000,4403.000,157494,317078,4414.000
2011-11-02,4395.000,4480.000,4372.000,4463.000,151122,326000,4413.000
2011-11-03,4420.000,4447.000,4400.000,4409.000,185122,333928,4421.000
2011-11-04,4481.000,4481.000,4430.000,4437.000,144930,331344,4445.000
2011-11-07,4428.000,4440.000,4383.000,4394.000,109080,331354,4405.000
2011-11-08,4388.000,4402.000,4358.000,4383.000,140372,327128,4379.000
2011-11-09,4404.000,4406.000,4368.000,4380.000,123584,316996,4382.000
2011-11-10,4329.000,4329.000,4271.000,4298.000,183148,302538,4298.000
2011-11-11,4300.000,4324.000,4290.000,4313.000,94784,297582,4307.000
2011-11-14,4338.000,4367.000,4326.000,4363.000,124354,301300,4346.000
2011-11-15,4344.000,4392.000,4329.000,4385.000,174736,309968,4368.000
2011-11-16,4398.000,4404.000,4340.000,4345.000,138432,301144,4368.000
2011-11-17,4349.000,4374.000,4325.000,4360.000,95602,300658,4353.000
2011-11-18,4311.000,4332.000,4305.000,4332.000,96714,302310,4322.000
2011-11-21,4326.000,4365.000,4320.000,4346.000,131962,305322,4344.000
2011-11-22,4300.000,4324.000,4297.000,4308.000,129044,313150,4314.000
2011-11-23,4321.000,4322.000,4253.000,4259.000,214704,325824,4277.000
2011-11-24,4220.000,4270.000,4207.000,4245.000,190812,318886,4238.000
2011-11-25,4222.000,4257.000,4201.000,4209.000,157882,326136,4226.000
2011-11-28,4232.000,4249.000,4217.000,4227.000,124068,327998,4230.000
2011-11-29,4229.000,4251.000,4222.000,4246.000,109000,317988,4235.000
2011-11-30,4248.000,4250.000,4204.000,4210.000,88574,321944,4225.000
2011-12-01,4280.000,4298.000,4263.000,4285.000,132686,298662,4280.000
2011-12-05,4281.000,4289.000,4275.000,4284.000,55730,303542,4282.000
2011-12-06,4265.000,4271.000,4258.000,4269.000,34490,304496,4266.000
2011-12-07,4281.000,4285.000,4270.000,4278.000,33550,303782,4276.000
2011-12-08,4272.000,4273.000,4239.000,4250.000,66124,307344,4252.000
2011-12-09,4241.000,4263.000,4236.000,4252.000,51286,306530,4253.000
2011-12-12,4235.000,4247.000,4225.000,4227.000,66166,314780,4234.000
2011-12-13,4229.000,4259.000,4229.000,4249.000,107292,315164,4248.000
2011-12-14,4254.000,4269.000,4245.000,4259.000,64994,306128,4252.000
2011-12-15,4235.000,4307.000,4232.000,4297.000,235884,310232,4278.000
2011-12-16,4302.000,4320.000,4293.000,4318.000,137486,303468,4305.000
2011-12-19,4323.000,4346.000,4314.000,4331.000,175102,304398,4333.000
2011-12-20,4339.000,4339.000,4312.000,4318.000,104412,307198,4325.000
2011-12-21,4330.000,4336.000,4301.000,4303.000,94936,309408,4317.000
2011-12-22,4316.000,4319.000,4297.000,4311.000,88326,308604,4309.000
2011-12-23,4329.000,4329.000,4312.000,4316.000,82212,298246,4319.000
2011-12-26,4320.000,4347.000,4310.000,4321.000,171574,296604,4332.000
2011-12-27,4319.000,4329.000,4298.000,4301.000,78886,293466,4313.000
2011-12-28,4340.000,4343.000,4326.000,4337.000,117180,288828,4334.000
2011-12-29,4320.000,4357.000,4319.000,4337.000,154342,286672,4344.000
2011-12-30,4337.000,4349.000,4330.000,4340.000,73914,279024,4339.000
2012-01-04,4366.000,4378.000,4351.000,4360.000,81178,258894,4362.000
2012-01-05,4363.000,4385.000,4352.000,4362.000,102816,256080,4367.000
2012-01-06,4340.000,4351.000,4336.000,4350.000,44164,254186,4345.000
2012-01-09,4343.000,4356.000,4341.000,4352.000,57390,249660,4348.000
2012-01-10,4378.000,4382.000,4366.000,4372.000,79246,243702,4374.000
2012-01-11,4374.000,4378.000,4361.000,4370.000,42354,244410,4369.000
2012-01-12,4351.000,4359.000,4345.000,4355.000,40536,238346,4352.000
2012-01-13,4343.000,4344.000,4312.000,4318.000,48252,237046,4327.000
2012-01-16,4299.000,4299.000,4253.000,4259.000,70846,234346,4268.000
2012-01-17,4270.000,4290.000,4258.000,4284.000,84468,235982,4273.000
2012-01-18,4282.000,4298.000,4270.000,4271.000,48448,229352,4283.000
2012-01-19,4288.000,4299.000,4281.000,4289.000,43876,217314,4287.000
2012-01-20,4300.000,4329.000,4299.000,4327.000,33152,209336,4313.000
2012-01-30,4330.000,4337.000,4311.000,4312.000,47938,210466,4326.000
2012-01-31,4296.000,4322.000,4295.000,4321.000,42624,211944,4306.000
2012-02-01,4329.000,4395.000,4326.000,4384.000,259330,251946,4376.000
2012-02-02,4389.000,4420.000,4387.000,4408.000,181924,258340,4407.000
2012-02-03,4416.000,4425.000,4376.000,4385.000,129918,247182,4397.000
2012-02-06,4410.000,4428.000,4402.000,4424.000,121944,246920,4418.000
2012-02-07,4420.000,4446.000,4397.000,4406.000,142938,245416,4420.000
2012-02-08,4416.000,4433.000,4398.000,4433.000,107480,248976,4416.000
2012-02-09,4420.000,4441.000,4410.000,4419.000,130128,249200,4425.000
2012-02-10,4415.000,4415.000,4381.000,4390.000,80376,245240,4395.000
2012-02-13,4409.000,4426.000,4402.000,4420.000,92896,255088,4416.000
2012-02-14,4435.000,4448.000,4416.000,4419.000,123198,258298,4433.000
2012-02-15,4428.000,4433.000,4409.000,4414.000,74700,256444,4418.000
2012-02-16,4418.000,4425.000,4386.000,4395.000,108144,247314,4399.000
2012-02-17,4405.000,4426.000,4398.000,4420.000,123994,265524,4417.000
2012-02-20,4441.000,4442.000,4424.000,4427.000,112024,246090,4431.000
2012-02-21,4432.000,4462.000,4419.000,4452.000,229808,283982,4446.000
2012-02-22,4450.000,4451.000,4431.000,4433.000,137908,286898,4441.000
2012-02-23,4428.000,4438.000,4415.000,4433.000,100982,277952,4423.000
2012-02-24,4432.000,4442.000,4430.000,4439.000,82456,262028,4436.000
2012-02-27,4443.000,4461.000,4440.000,4448.000,100818,244094,4452.000
2012-02-28,4464.000,4475.000,4459.000,4474.000,98930,233696,4466.000
2012-02-29,4480.000,4480.000,4460.000,4463.000,71394,226104,4465.000
2012-03-01,4450.000,4480.000,4435.000,4437.000,137132,210628,4457.000
2012-03-02,4454.000,4468.000,4449.000,4463.000,86474,207900,4458.000
2012-03-05,4478.000,4485.000,4453.000,4463.000,139034,209436,4469.000
2012-03-06,4453.000,4459.000,4444.000,4447.000,68276,205808,4451.000
2012-03-07,4448.000,4462.000,4427.000,4436.000,93986,209954,4445.000
2012-03-08,4438.000,4457.000,4435.000,4446.000,92716,200518,4446.000
2012-03-09,4456.000,4514.000,4456.000,4505.000,197774,232370,4489.000
2012-03-12,4484.000,4498.000,4469.000,4482.000,99280,234504,4480.000
2012-03-13,4480.000,4507.000,4473.000,4502.000,101600,238792,4494.000
2012-03-14,4520.000,4543.000,4487.000,4502.000,165488,234278,4518.000
2012-03-15,4512.000,4522.000,4489.000,4509.000,136272,221890,4506.000
2012-03-16,4525.000,4527.000,4492.000,4503.000,92686,220534,4513.000
2012-03-19,4520.000,4536.000,4514.000,4525.000,124740,218458,4524.000
2012-03-20,4517.000,4522.000,4466.000,4468.000,107036,198342,4490.000
2012-03-21,4460.000,4481.000,4452.000,4480.000,58784,187506,4468.000
2012-03-22,4485.000,4497.000,4476.000,4483.000,51274,182820,4486.000
2012-03-23,4488.000,4517.000,4488.000,4515.000,80606,179168,4503.000
2012-03-26,4527.000,4572.000,4522.000,4561.000,181702,196752,4551.000
2012-03-27,4561.000,4567.000,4547.000,4562.000,77814,185808,4558.000
2012-03-28,4547.000,4571.000,4539.000,4546.000,99102,173878,4555.000
2012-03-29,4546.000,4577.000,4531.000,4537.000,166880,169312,4551.000
2012-03-30,4524.000,4529.000,4503.000,4508.000,55092,159704,4515.000
2012-04-05,4565.000,4618.000,4560.000,4609.000,117900,148316,4591.000
2012-04-06,4654.000,4745.000,4654.000,4723.000,337402,245086,4720.000
2012-04-09,4747.000,4747.000,4711.000,4734.000,148102,234756,4731.000
2012-04-10,4725.000,4774.000,4724.000,4764.000,291152,254610,4752.000
2012-04-11,4720.000,4720.000,4562.000,4673.000,175434,236348,4690.000
2012-04-12,4677.000,4690.000,4661.000,4681.000,118748,234446,4676.000
2012-04-13,4720.000,4727.000,4681.000,4682.000,145888,223984,4701.000
2012-04-16,4632.000,4672.000,4632.000,4663.000,148072,234124,4653.000
2012-04-17,4661.000,4672.000,4651.000,4660.000,99958,237552,4663.000
2012-04-18,4677.000,4678.000,4617.000,4636.000,150798,237826,4644.000
2012-04-19,4629.000,4648.000,4622.000,4641.000,95452,238602,4636.000
2012-04-20,4640.000,4647.000,4624.000,4638.000,92630,241194,4636.000
2012-04-23,4697.000,4697.000,4658.000,4663.000,109036,251138,4675.000
2012-04-24,4648.000,4669.000,4637.000,4641.000,108662,251908,4652.000
2012-04-25,4682.000,4705.000,4658.000,4660.000,209796,260084,0.000
2012-04-26,4658.000,4658.000,4637.000,4641.000,98618,262708,0.000
2012-04-27,4655.000,4666.000,4642.000,4654.000,116830,261086,4654.000
2012-05-02,4670.000,4673.000,4632.000,4632.000,108550,269932,4646.000
2012-05-03,4633.000,4633.000,4598.000,4601.000,170226,279584,4615.000
2012-05-04,4604.000,4620.000,4586.000,4619.000,120818,275336,4600.000
2012-05-07,4610.000,4610.000,4553.000,4567.000,134862,275842,4571.000
2012-05-08,4566.000,4582.000,4559.000,4563.000,83698,275244,4572.000
2012-05-09,4530.000,4545.000,4504.000,4513.000,152594,271004,4519.000
2012-05-10,4522.000,4546.000,4507.000,4540.000,105674,271896,4524.000
2012-05-11,4545.000,4550.000,4466.000,4476.000,199736,285602,4502.000
2012-05-14,4450.000,4457.000,4355.000,4382.000,281926,260922,4397.000
2012-05-15,4360.000,4388.000,4342.000,4380.000,163838,245474,4366.000
2012-05-16,4338.000,4393.000,4293.000,4297.000,165566,253918,4342.000
2012-05-17,4339.000,4350.000,4308.000,4334.000,196156,261678,4329.000
2012-05-18,4314.000,4333.000,4281.000,4307.000,227676,272658,4311.000
2012-05-21,4316.000,4361.000,4316.000,4347.000,172028,256232,4339.000
2012-05-22,4340.000,4345.000,4324.000,4332.000,85152,257366,4334.000
2012-05-23,4290.000,4290.000,4259.000,4274.000,117498,252250,4272.000
2012-05-24,4285.000,4310.000,4282.000,4310.000,108264,246978,4297.000
2012-05-25,4309.000,4311.000,4284.000,4302.000,67906,244950,4297.000
2012-05-28,4313.000,4333.000,4304.000,4328.000,97300,245628,4320.000
2012-05-29,4319.000,4343.000,4310.000,4339.000,96178,238748,4326.000
2012-05-30,4330.000,4357.000,4324.000,4332.000,133848,246794,4341.000
2012-05-31,4316.000,4340.000,4307.000,4317.000,94382,254414,4327.000
2012-06-01,4296.000,4308.000,4279.000,4297.000,124236,268480,4296.000
2012-06-04,4297.000,4303.000,4259.000,4280.000,161154,262998,4280.000
2012-06-05,4299.000,4349.000,4288.000,4325.000,163460,267980,4321.000
2012-06-06,4329.000,4379.000,4323.000,4343.000,164962,261024,4352.000
2012-06-07,4369.000,4384.000,4334.000,4348.000,153852,237796,4365.000
2012-06-08,4383.000,4384.000,4321.000,4344.000,142036,236280,4353.000
2012-06-11,4360.000,4413.000,4360.000,4412.000,179782,231896,4390.000
2012-06-12,4380.000,4432.000,4379.000,4425.000,315956,265230,4410.000
2012-06-13,4417.000,4423.000,4392.000,4393.000,173352,258358,4402.000
2012-06-14,4371.000,4374.000,4339.000,4340.000,141986,264344,4356.000
2012-06-15,4346.000,4370.000,4341.000,4368.000,119956,246902,4360.000
2012-06-18,4388.000,4395.000,4364.000,4378.000,114712,246202,4376.000
2012-06-19,4420.000,4456.000,4405.000,4444.000,188736,231878,4438.000
2012-06-20,4478.000,4488.000,4461.000,4475.000,129760,233380,4471.000
2012-06-21,4451.000,4469.000,4424.000,4461.000,163110,206246,4451.000
2012-06-25,4506.000,4560.000,4502.000,4512.000,235314,219036,4534.000
2012-06-26,4523.000,4534.000,4499.000,4516.000,166830,212594,4516.000
2012-06-27,4510.000,4529.000,4497.000,4505.000,111226,209352,4510.000
2012-06-28,4460.000,4515.000,4460.000,4469.000,130214,202888,4484.000
2012-06-29,4478.000,4495.000,4448.000,4495.000,106786,202590,4474.000
2012-07-02,4550.000,4551.000,4487.000,4502.000,116592,206770,4509.000
2012-07-03,4506.000,4535.000,4498.000,4533.000,122064,207888,4515.000
2012-07-04,4542.000,4588.000,4536.000,4580.000,162848,206522,4561.000
2012-07-05,4567.000,4614.000,4567.000,4602.000,155986,198780,4596.000
2012-07-06,4614.000,4620.000,4530.000,4561.000,111450,192296,4582.000
2012-07-09,4572.000,4765.000,4572.000,4765.000,806576,368618,4720.000
2012-07-10,4736.000,4749.000,4666.000,4679.000,936860,292096,4697.000
2012-07-11,4696.000,4805.000,4644.000,4660.000,1258300,303104,4722.000
2012-07-12,4640.000,4660.000,4597.000,4604.000,481206,296440,4626.000
2012-07-13,4644.000,4698.000,4626.000,4695.000,699816,350864,4669.000
2012-07-16,4766.000,4850.000,4766.000,4839.000,1012182,414044,4818.000
2012-07-17,4850.000,4858.000,4650.000,4745.000,936734,384398,4757.000
2012-07-18,4760.000,4786.000,4709.000,4726.000,640844,391166,4742.000
2012-07-19,4797.000,4797.000,4738.000,4772.000,705478,405152,4769.000
2012-07-20,4772.000,4837.000,4747.000,4815.000,759378,393522,4803.000
2012-07-23,4750.000,4904.000,4730.000,4835.000,1939770,498266,4825.000
2012-07-24,4632.000,4692.000,4632.000,4642.000,855248,342596,4660.000
2012-07-25,4598.000,4666.000,4577.000,4608.000,567560,271644,4635.000
2012-07-26,4633.000,4652.000,4600.000,4612.000,366386,247262,4622.000
2012-07-27,4602.000,4645.000,4566.000,4643.000,632032,234078,4607.000
2012-07-30,4730.000,4785.000,4693.000,4775.000,659326,258332,4752.000
2012-07-31,4735.000,4775.000,4715.000,4769.000,415866,251010,4751.000
2012-08-01,4780.000,4800.000,4730.000,4730.000,419620,250486,4771.000
2012-08-02,4713.000,4752.000,4713.000,4744.000,339726,241486,4734.000
2012-08-03,4730.000,4840.000,4723.000,4756.000,1442200,268526,4784.000
2012-08-06,4728.000,4747.000,4694.000,4736.000,553558,240872,4725.000
2012-08-07,4742.000,4759.000,4717.000,4756.000,448128,233194,4736.000
2012-08-08,4725.000,4730.000,4667.000,4671.000,468632,235758,4699.000
2012-08-09,4700.000,4724.000,4694.000,4713.000,309010,230670,4710.000
2012-08-10,4770.000,4775.000,4735.000,4741.000,310700,225934,4750.000
2012-08-13,4710.000,4710.000,4679.000,4683.000,112324,225934,4692.000
2012-08-14,4653.000,4693.000,4652.000,4689.000,142206,225680,4672.000
2012-08-15,4698.000,4768.000,4686.000,4750.000,451494,231404,4734.000
2012-08-16,4753.000,4772.000,4720.000,4725.000,258840,233416,4738.000
2012-08-17,4738.000,4742.000,4717.000,4731.000,142364,229236,4730.000
2012-08-20,4742.000,4779.000,4735.000,4759.000,208804,227344,4763.000
2012-08-21,4800.000,4848.000,4789.000,4845.000,313954,221966,4828.000
2012-08-22,4850.000,4887.000,4831.000,4865.000,143898,219418,4861.000
2012-08-23,4900.000,4945.000,4853.000,4873.000,493292,217338,4896.000
2012-08-24,4860.000,4919.000,4852.000,4918.000,205390,219932,4891.000
2012-08-27,4969.000,4999.000,4937.000,4954.000,248368,218680,4965.000
2012-08-28,4905.000,4927.000,4882.000,4884.000,217338,205166,4905.000
2012-08-29,4898.000,4923.000,4861.000,4920.000,213226,201450,4897.000
2012-08-30,4936.000,4955.000,4907.000,4942.000,182214,211318,4930.000
2012-08-31,4904.000,4904.000,4868.000,4885.000,76546,204586,4882.000
2012-09-03,4887.000,5021.000,4886.000,4997.000,216070,219958,4975.000
2012-09-04,5000.000,5065.000,4985.000,5046.000,355686,265830,5035.000
2012-09-05,5001.000,5040.000,5001.000,5018.000,207524,277102,5023.000
2012-09-06,4950.000,4965.000,4895.000,4920.000,259688,268758,4931.000
2012-09-07,4929.000,4954.000,4898.000,4899.000,170690,267408,4927.000
2012-09-10,4885.000,4962.000,4885.000,4943.000,236914,285862,4932.000
2012-09-11,4918.000,4952.000,4871.000,4886.000,270350,270708,4906.000
2012-09-12,4885.000,4920.000,4876.000,4910.000,182528,266426,4899.000
2012-09-13,4958.000,4959.000,4919.000,4922.000,169840,257578,4942.000
2012-09-14,4958.000,4997.000,4933.000,4954.000,184336,250982,4969.000
2012-09-17,4912.000,4934.000,4863.000,4867.000,284518,256524,4905.000
2012-09-18,4806.000,4853.000,4795.000,4809.000,306932,239652,4826.000
2012-09-19,4837.000,4856.000,4830.000,4848.000,151970,247084,4842.000
2012-09-20,4850.000,4864.000,4821.000,4840.000,169136,242112,4845.000
2012-09-21,4807.000,4885.000,4807.000,4879.000,407950,267288,4859.000
2012-09-24,4848.000,4883.000,4801.000,4868.000,562558,290678,4844.000
2012-09-25,4888.000,4954.000,4865.000,4948.000,471788,314948,4927.000
2012-09-26,4931.000,4973.000,4887.000,4899.000,493882,297120,4931.000
2012-09-27,4882.000,4908.000,4852.000,4877.000,390664,263296,4880.000
2012-09-28,4893.000,4918.000,4847.000,4884.000,242754,240388,4879.000
2012-10-08,4853.000,4879.000,4738.000,4739.000,397936,254472,4789.000
2012-10-09,4760.000,4779.000,4727.000,4765.000,480194,284756,4757.000
2012-10-10,4732.000,4760.000,4694.000,4748.000,420672,304196,4723.000
2012-10-11,4715.000,4795.000,4715.000,4767.000,413068,307030,4769.000
2012-10-12,4785.000,4819.000,4729.000,4735.000,479582,313060,4773.000
2012-10-15,4700.000,4751.000,4690.000,4735.000,377424,313330,4724.000
2012-10-16,4748.000,4768.000,4726.000,4730.000,261884,298680,4744.000
2012-10-17,4710.000,4744.000,4706.000,4734.000,267268,280932,4725.000
2012-10-18,4749.000,4788.000,4740.000,4770.000,209336,282998,4763.000
2012-10-19,4790.000,4794.000,4761.000,4771.000,149598,269114,4770.000
2012-10-22,4772.000,4819.000,4762.000,4813.000,211454,274844,4788.000
2012-10-23,4810.000,4814.000,4765.000,4767.000,196532,263146,4787.000
2012-10-24,4786.000,4867.000,4781.000,4859.000,531772,311776,4837.000
2012-10-25,4859.000,4872.000,4834.000,4852.000,349082,305874,4852.000
2012-10-26,4850.000,4881.000,4833.000,4869.000,523310,314926,4858.000
2012-10-29,4851.000,4873.000,4808.000,4815.000,437080,300306,4832.000
2012-10-30,4801.000,4812.000,4778.000,4804.000,334166,296366,4793.000
2012-10-31,4801.000,4839.000,4789.000,4838.000,312092,295100,4812.000
2012-11-01,4838.000,4962.000,4836.000,4940.000,996072,397592,4918.000
2012-11-02,4921.000,4964.000,4902.000,4945.000,1185640,486930,4934.000
2012-11-05,4894.000,4959.000,4860.000,4889.000,1487456,468350,4906.000
2012-11-06,4906.000,4933.000,4898.000,4909.000,868606,483400,4916.000
2012-11-07,4916.000,4919.000,4855.000,4866.000,967670,411644,4880.000
2012-11-08,4850.000,4877.000,4840.000,4860.000,441834,399574,4862.000
2012-11-09,4850.000,4874.000,4776.000,4780.000,886392,396614,4816.000
2012-11-12,4720.000,4734.000,4634.000,4733.000,2197400,550212,4695.000
2012-11-13,4719.000,4761.000,4715.000,4757.000,1170320,576164,4734.000
2012-11-14,4765.000,4784.000,4744.000,4760.000,892732,533442,4759.000
2012-11-15,4759.000,4759.000,4714.000,4717.000,817196,531486,4739.000
2012-11-16,4711.000,4754.000,4711.000,4748.000,713092,518526,4738.000
2012-11-19,4760.000,4777.000,4729.000,4747.000,608070,485336,4750.000
2012-11-20,4750.000,4755.000,4722.000,4741.000,567730,480288,4737.000
2012-11-21,4759.000,4772.000,4744.000,4759.000,463778,461658,4757.000
2012-11-22,4760.000,4762.000,4736.000,4753.000,406558,435694,4746.000
2012-11-23,4749.000,4787.000,4744.000,4773.000,405486,412388,4766.000
2012-11-26,4780.000,4782.000,4756.000,4762.000,230432,410718,4766.000
2012-11-27,4768.000,4773.000,4740.000,4741.000,315810,411532,4757.000
2012-11-28,4760.000,4770.000,4736.000,4746.000,305474,407698,4753.000
2012-11-29,4752.000,4770.000,4733.000,4769.000,367958,390870,4755.000
2012-11-30,4762.000,4773.000,4752.000,4767.000,264316,376878,4763.000
2012-12-03,4773.000,4800.000,4768.000,4778.000,346412,355534,4784.000
2012-12-04,4762.000,4775.000,4731.000,4753.000,472250,376484,4745.000
2012-12-05,4763.000,4770.000,4748.000,4765.000,268146,359524,4759.000
2012-12-06,4786.000,4789.000,4759.000,4765.000,264684,326732,4775.000
2012-12-07,4750.000,4784.000,4742.000,4782.000,314372,310106,4768.000
2012-12-10,4757.000,4775.000,4752.000,4768.000,184854,301270,4765.000
2012-12-11,4770.000,4789.000,4761.000,4761.000,182308,292652,4774.000
2012-12-12,4754.000,4767.000,4743.000,4749.000,192796,298810,4751.000
2012-12-13,4753.000,4776.000,4752.000,4763.000,146486,289256,4764.000
2012-12-14,4766.000,4781.000,4760.000,4776.000,159140,273688,4772.000
2012-12-17,4795.000,4852.000,4790.000,4846.000,342392,276990,4826.000
2012-12-18,4837.000,4873.000,4821.000,4822.000,299004,280234,4845.000
2012-12-19,4802.000,4817.000,4776.000,4791.000,240974,267974,4795.000
2012-12-20,4768.000,4768.000,4735.000,4752.000,186832,247302,4749.000
2012-12-21,4743.000,4776.000,4743.000,4766.000,167848,249004,4762.000
2012-12-24,4775.000,4782.000,4753.000,4753.000,94850,253974,4770.000
2012-12-25,4762.000,4770.000,4746.000,4755.000,111116,254110,4757.000
2012-12-26,4754.000,4766.000,4750.000,4762.000,78908,247926,4758.000
2012-12-27,4750.000,4772.000,4745.000,4768.000,88348,235972,4763.000
2012-12-28,4766.000,4775.000,4742.000,4743.000,100584,240452,4755.000
2012-12-31,4740.000,4758.000,4724.000,4743.000,107338,227030,4742.000
2013-01-04,4720.000,4752.000,4682.000,4740.000,83298,227566,4730.000
2013-01-07,4721.000,4765.000,4718.000,4731.000,105872,223224,4741.000
2013-01-08,4753.000,4753.000,4706.000,4739.000,106642,222558,4729.000
2013-01-09,4739.000,4754.000,4734.000,4737.000,44018,219828,4743.000
2013-01-10,4740.000,4751.000,4735.000,4750.000,35326,214416,4744.000
2013-01-11,4749.000,4793.000,4743.000,4755.000,144948,216392,4764.000
2013-01-14,4784.000,4812.000,4776.000,4806.000,113530,216238,4797.000
2013-01-15,4830.000,4839.000,4785.000,4798.000,78966,208244,4801.000
2013-01-16,4807.000,4816.000,4794.000,4813.000,53430,209528,4807.000
2013-01-17,4838.000,4838.000,4790.000,4791.000,44234,204504,4811.000
2013-01-18,4799.000,4819.000,4787.000,4816.000,58576,197668,4805.000
2013-01-21,4816.000,4859.000,4813.000,4827.000,56158,195736,4834.000
2013-01-22,4836.000,4846.000,4822.000,4844.000,44440,190730,4835.000
2013-01-23,4848.000,4848.000,4829.000,4835.000,28486,184456,4836.000
2013-01-24,4816.000,4827.000,4804.000,4819.000,43014,179290,4817.000
2013-01-25,4830.000,4854.000,4827.000,4832.000,58236,172606,4840.000
2013-01-28,4848.000,4855.000,4827.000,4851.000,33410,162716,4847.000
2013-01-29,4847.000,4860.000,4841.000,4847.000,22650,161704,4848.000
2013-01-30,4848.000,4875.000,4836.000,4862.000,38098,158402,4861.000
2013-01-31,4869.000,4869.000,4833.000,4838.000,37474,155102,4847.000
2013-02-01,4837.000,4857.000,4828.000,4854.000,39942,157210,4844.000
2013-02-04,4857.000,4865.000,4837.000,4841.000,35242,153612,4847.000
2013-02-05,4848.000,4848.000,4829.000,4833.000,30106,149398,4839.000
2013-02-06,4835.000,4846.000,4833.000,4835.000,16170,145372,4838.000
2013-02-07,4828.000,4837.000,4812.000,4816.000,22716,136500,4818.000
2013-02-08,4825.000,4856.000,4824.000,4828.000,21334,131968,4834.000
2013-02-18,4800.000,4800.000,4753.000,4782.000,40458,130006,4778.000
2013-02-19,4780.000,4794.000,4777.000,4783.000,34880,132440,4783.000
2013-02-20,4803.000,4821.000,4791.000,4815.000,41952,132944,4809.000
2013-02-21,4818.000,4818.000,4778.000,4794.000,56046,137126,4792.000
2013-02-22,4795.000,4917.000,4788.000,4857.000,221904,148264,4862.000
2013-02-25,4808.000,4829.000,4769.000,4797.000,126796,138000,4800.000
2013-02-26,4790.000,4835.000,4738.000,4739.000,125062,153356,4785.000
2013-02-27,4752.000,4785.000,4715.000,4725.000,128232,166916,4739.000
2013-02-28,4756.000,4757.000,4724.000,4724.000,92528,172368,4738.000
2013-03-01,4734.000,4755.000,4721.000,4748.000,82160,164032,4740.000
2013-03-04,4741.000,4751.000,4733.000,4739.000,52156,164316,4742.000
2013-03-05,4758.000,4781.000,4755.000,4765.000,56206,154762,4768.000
2013-03-06,4767.000,4769.000,4748.000,4762.000,41858,156206,4757.000
2013-03-07,4760.000,4773.000,4753.000,4765.000,37720,157502,4763.000
2013-03-08,4779.000,4786.000,4767.000,4779.000,34334,153008,4778.000
2013-03-11,4780.000,4783.000,4757.000,4758.000,34140,154292,4767.000
2013-03-12,4766.000,4769.000,4722.000,4724.000,66554,171278,4735.000
2013-03-13,4728.000,4740.000,4689.000,4733.000,114716,175512,4715.000
2013-03-14,4701.000,4721.000,4690.000,4716.000,114278,186554,4706.000
2013-03-15,4720.000,4780.000,4720.000,4768.000,115142,180682,4758.000
2013-03-18,4730.000,4738.000,4711.000,4730.000,88988,183930,4727.000
2013-03-19,4748.000,4748.000,4719.000,4735.000,66924,178598,4728.000
2013-03-20,4729.000,4748.000,4726.000,4736.000,54648,165410,4739.000
2013-03-21,4748.000,4785.000,4740.000,4778.000,59336,167204,4763.000
2013-03-22,4790.000,4819.000,4767.000,4806.000,139262,194292,4798.000
2013-03-25,4800.000,4860.000,4799.000,4839.000,203842,222344,4840.000
2013-03-26,4838.000,4852.000,4828.000,4844.000,108360,221396,4840.000
2013-03-27,4850.000,4851.000,4805.000,4820.000,130156,204834,4823.000
2013-03-28,4826.000,4850.000,4805.000,4817.000,140714,201474,4826.000
2013-03-29,4783.000,4806.000,4746.000,4801.000,144732,194694,4785.000
2013-04-01,4795.000,4818.000,4767.000,4778.000,120974,200624,4791.000
2013-04-02,4783.000,4796.000,4756.000,4779.000,82962,196614,4777.000
2013-04-03,4760.000,4772.000,4741.000,4758.000,90306,196434,4755.000
2013-04-08,4731.000,4782.000,4731.000,4782.000,104082,205174,4755.000
2013-04-09,4782.000,4797.000,4770.000,4780.000,68790,209890,4783.000
2013-04-10,4790.000,4817.000,4783.000,4814.000,89534,212822,4799.000
2013-04-11,4802.000,4824.000,4802.000,4813.000,93290,224366,4811.000
2013-04-12,4819.000,4823.000,4797.000,4817.000,65084,213208,4809.000
2013-04-15,4806.000,4807.000,4774.000,4795.000,94890,220582,4790.000
2013-04-16,4765.000,4818.000,4761.000,4801.000,144506,229842,4793.000
2013-04-17,4805.000,4822.000,4794.000,4803.000,105134,217382,4808.000
2013-04-18,4793.000,4818.000,4785.000,4808.000,81650,216504,4803.000
2013-04-19,4815.000,4830.000,4794.000,4796.000,80360,215208,4812.000
2013-04-22,4780.000,4796.000,4770.000,4779.000,101228,227746,4782.000
2013-04-23,4780.000,4795.000,4770.000,4794.000,113908,231544,4786.000
2013-04-24,4790.000,4793.000,4741.000,4748.000,222762,254398,4761.000
2013-04-25,4740.000,4765.000,4732.000,4741.000,130796,249480,4748.000
2013-04-26,4778.000,4778.000,4750.000,4767.000,117592,223664,4765.000
2013-05-02,4749.000,4770.000,4735.000,4768.000,76140,224066,4756.000
2013-05-03,4768.000,4780.000,4763.000,4777.000,46058,220530,4772.000
2013-05-06,4775.000,4799.000,4771.000,4798.000,75162,219724,4787.000
2013-05-07,4780.000,4788.000,4775.000,4776.000,45546,217936,4782.000
2013-05-08,4780.000,4796.000,4778.000,4790.000,40162,212642,4789.000
2013-05-09,4785.000,4794.000,4779.000,4781.000,32162,209440,4786.000
2013-05-10,4786.000,4808.000,4782.000,4794.000,48996,202796,4790.000
2013-05-13,4785.000,4795.000,4766.000,4767.000,42914,205806,4779.000
2013-05-14,4780.000,4787.000,4769.000,4774.000,45204,204906,4778.000
2013-05-15,4775.000,4777.000,4761.000,4774.000,32130,206658,4770.000
2013-05-16,4770.000,4790.000,4765.000,4789.000,64780,197282,4781.000
2013-05-17,4799.000,4800.000,4787.000,4798.000,47510,186294,4795.000
2013-05-20,4801.000,4830.000,4801.000,4815.000,52596,183494,4818.000
2013-05-21,4816.000,4830.000,4802.000,4816.000,30584,183814,4818.000
2013-05-22,4816.000,4827.000,4812.000,4826.000,20998,181086,4820.000
2013-05-23,4840.000,4840.000,4801.000,4807.000,36382,176510,4823.000
2013-05-24,4780.000,4810.000,4780.000,4801.000,35716,178226,4801.000
2013-05-27,4793.000,4804.000,4790.000,4800.000,9918,177022,4797.000
2013-05-28,4800.000,4809.000,4797.000,4809.000,9444,174050,4801.000
2013-05-29,4811.000,4830.000,4801.000,4808.000,40716,154740,4819.000
2013-05-30,4819.000,4819.000,4795.000,4799.000,32732,148450,4800.000
2013-05-31,4800.000,4812.000,4796.000,4809.000,16880,147432,4805.000
2013-06-03,4820.000,4839.000,4808.000,4836.000,42398,131844,4825.000
2013-06-04,4837.000,4838.000,4821.000,4828.000,12980,130390,4827.000
2013-06-05,4837.000,4849.000,4829.000,4830.000,25144,126312,4836.000
2013-06-06,4700.000,4718.000,4697.000,4713.000,18950,122674,4709.000
2013-06-07,4716.000,4725.000,4693.000,4699.000,24724,0,4703.000
2013-06-13,4699.000,4707.000,4674.000,4685.000,21960,119686,4685.000
2013-06-14,4680.000,4687.000,4670.000,4687.000,16640,120284,4679.000
2013-06-17,4680.000,4684.000,4660.000,4674.000,23628,121400,4672.000
2013-06-18,4675.000,4690.000,4675.000,4679.000,14434,120512,4683.000
2013-06-19,4672.000,4682.000,4662.000,4668.000,14998,122764,4672.000
2013-06-20,4675.000,4684.000,4652.000,4656.000,26086,124670,4666.000
2013-06-21,4650.000,4659.000,4622.000,4629.000,52132,129734,4636.000
2013-06-24,4604.000,4635.000,4604.000,4610.000,23690,131306,4617.000
2013-06-25,4629.000,4645.000,4620.000,4639.000,29596,129192,4631.000
2013-06-26,4635.000,4646.000,4626.000,4632.000,17960,128476,4634.000
2013-06-27,4623.000,4635.000,4605.000,4628.000,29040,131108,4620.000
2013-06-28,4623.000,4635.000,4613.000,4617.000,13014,131876,4621.000
2013-07-01,4596.000,4602.000,4556.000,4587.000,42576,147476,4586.000
2013-07-02,4580.000,4608.000,4572.000,4608.000,25722,145894,4597.000
2013-07-03,4606.000,4617.000,4598.000,4609.000,17672,146046,4606.000
2013-07-04,4610.000,4629.000,4609.000,4625.000,20076,142172,4621.000
2013-07-05,4630.000,4636.000,4621.000,4626.000,10912,142170,4627.000
2013-07-08,4615.000,4616.000,4600.000,4606.000,15494,145236,4607.000
2013-07-09,4619.000,4642.000,4618.000,4634.000,29152,142162,4634.000
2013-07-10,4645.000,4657.000,4635.000,4646.000,18088,139592,4643.000
2013-07-11,4653.000,4663.000,4643.000,4658.000,22570,134780,4652.000
2013-07-12,4663.000,4673.000,4643.000,4644.000,18808,134006,4657.000
2013-07-15,4629.000,4632.000,4616.000,4624.000,17770,136550,4625.000
2013-07-16,4630.000,4653.000,4630.000,4646.000,12310,136808,4639.000
2013-07-17,4655.000,4658.000,4644.000,4651.000,16344,135542,4652.000
2013-07-18,4645.000,4645.000,4625.000,4634.000,22648,134714,4632.000
2013-07-19,4625.000,4632.000,4613.000,4614.000,31624,129990,4621.000
2013-07-22,4621.000,4636.000,4617.000,4631.000,23992,128684,4627.000
2013-07-23,4638.000,4651.000,4629.000,4651.000,23834,125340,4640.000
2013-07-24,4620.000,4632.000,4601.000,4606.000,44166,130250,4613.000
2013-07-25,4592.000,4592.000,4526.000,4533.000,122936,149042,4550.000
2013-07-26,4495.000,4495.000,4368.000,4368.000,240514,186306,4434.000
2013-07-29,4351.000,4362.000,4305.000,4345.000,320586,199734,4333.000
2013-07-30,4343.000,4350.000,4303.000,4320.000,221912,212000,4322.000
2013-07-31,4285.000,4412.000,4263.000,4409.000,495190,216912,4360.000
2013-08-01,4400.000,4435.000,4376.000,4419.000,391838,210608,4407.000
2013-08-02,4402.000,4424.000,4382.000,4423.000,323784,211166,4404.000
2013-08-05,4403.000,4413.000,4366.000,4404.000,263664,212426,4392.000
2013-08-06,4391.000,4411.000,4386.000,4410.000,106994,206160,4401.000
2013-08-07,4380.000,4390.000,4310.000,4320.000,355760,236118,4332.000
2013-08-08,4323.000,4378.000,4323.000,4354.000,181370,208318,4351.000
2013-08-09,4375.000,4392.000,4352.000,4357.000,127928,206796,4371.000
2013-08-12,4371.000,4405.000,4361.000,4401.000,97716,192312,4385.000
2013-08-13,4450.000,4468.000,4433.000,4450.000,103724,183250,4451.000
2013-08-14,4435.000,4445.000,4408.000,4408.000,101822,189670,4424.000
2013-08-15,4450.000,4455.000,4419.000,4421.000,88374,182358,4439.000
2013-08-16,4452.000,4485.000,4430.000,4435.000,85132,176978,4455.000
2013-08-19,4490.000,4490.000,4448.000,4450.000,66306,177664,4460.000
2013-08-20,4480.000,4480.000,4442.000,4453.000,109200,179004,4455.000
2013-08-21,4447.000,4474.000,4440.000,4455.000,86148,178682,4454.000
2013-08-22,4451.000,4473.000,4451.000,4467.000,66016,181154,4463.000
2013-08-23,4463.000,4476.000,4449.000,4464.000,89926,183786,4461.000
2013-08-26,4528.000,4639.000,4520.000,4623.000,575450,202420,4599.000
2013-08-27,4630.000,4630.000,4553.000,4569.000,239768,171344,4575.000
2013-08-28,4569.000,4569.000,4530.000,4535.000,73964,167500,4552.000
2013-08-29,4550.000,4583.000,4488.000,4532.000,134390,161364,4543.000
2013-08-30,4501.000,4523.000,4490.000,4512.000,50726,158240,4509.000
2013-09-02,4508.000,4547.000,4506.000,4545.000,44454,156688,4538.000
2013-09-03,4560.000,4560.000,4522.000,4548.000,58506,151404,4540.000
2013-09-04,4530.000,4535.000,4513.000,4529.000,29692,149116,4523.000
2013-09-05,4513.000,4545.000,4508.000,4533.000,47790,143762,4533.000
2013-09-06,4540.000,4563.000,4536.000,4558.000,38534,137818,4550.000
2013-09-09,4558.000,4569.000,4545.000,4560.000,22470,135294,4556.000
2013-09-10,4531.000,4560.000,4524.000,4557.000,33138,135278,4543.000
2013-09-11,4560.000,4603.000,4560.000,4593.000,108012,144376,4584.000
2013-09-12,4586.000,4603.000,4576.000,4590.000,67454,138858,4589.000
2013-09-13,4628.000,4638.000,4590.000,4591.000,78056,113854,4603.000
2013-09-16,4562.000,4577.000,4541.000,4542.000,51068,107108,4560.000
2013-09-17,4530.000,4560.000,4523.000,4560.000,40622,103444,4546.000
2013-09-18,4550.000,4591.000,4548.000,4589.000,35528,100720,4569.000
2013-09-23,4568.000,4587.000,4549.000,4574.000,31546,104790,4570.000
2013-09-24,4571.000,4604.000,4571.000,4600.000,44448,101912,4591.000
2013-09-25,4598.000,4610.000,4586.000,4593.000,23458,96812,4598.000
2013-09-26,4593.000,4607.000,4583.000,4592.000,17834,91064,4593.000
2013-09-27,4592.000,4600.000,4580.000,4593.000,24954,84166,4590.000
2013-09-30,4586.000,4645.000,4586.000,4616.000,40678,84022,4622.000
2013-10-08,4622.000,4674.000,4622.000,4661.000,32894,84578,4652.000
2013-10-09,4660.000,4660.000,4640.000,4652.000,14234,85270,4648.000
2013-10-10,4652.000,4689.000,4652.000,4681.000,41620,87104,4675.000
2013-10-11,4675.000,4698.000,4658.000,4658.000,26700,85944,4675.000
2013-10-14,4640.000,4684.000,4635.000,4662.000,42660,84946,4659.000
2013-10-15,4544.000,4577.000,4544.000,4556.000,27818,72642,4558.000
2013-10-16,4553.000,4593.000,4553.000,4574.000,54206,88786,4576.000
2013-10-17,4573.000,4589.000,4546.000,4559.000,33462,86776,4562.000
2013-10-18,4579.000,4587.000,4559.000,4574.000,17838,87364,4572.000
2013-10-21,4585.000,4589.000,4566.000,4585.000,19932,83196,4578.000
2013-10-22,4584.000,4589.000,4547.000,4548.000,32876,91442,4564.000
2013-10-23,4545.000,4564.000,4516.000,4539.000,40412,95990,4543.000
2013-10-24,4550.000,4550.000,4506.000,4509.000,37282,97072,4518.000
2013-10-25,4489.000,4522.000,4488.000,4491.000,32512,100700,4504.000
2013-10-28,4502.000,4502.000,4465.000,4481.000,26332,104160,4482.000
2013-10-29,4460.000,4476.000,4436.000,4446.000,30084,105824,4452.000
2013-10-30,4449.000,4472.000,4445.000,4448.000,22020,104856,4457.000
2013-10-31,4448.000,4482.000,4436.000,4476.000,39232,109620,4467.000
2013-11-01,4465.000,4505.000,4459.000,4481.000,48212,114642,4489.000
2013-11-04,4465.000,4479.000,4460.000,4475.000,19872,115006,4470.000
2013-11-05,4473.000,4496.000,4462.000,4480.000,28204,114520,4481.000
2013-11-06,4472.000,4485.000,4456.000,4458.000,34358,117216,4470.000
2013-11-07,4455.000,4488.000,4453.000,4488.000,39942,121850,4473.000
2013-11-08,4490.000,4504.000,4474.000,4487.000,54970,121742,4491.000
2013-11-11,4501.000,4563.000,4493.000,4514.000,57752,123800,4516.000
2013-11-12,4521.000,4527.000,4496.000,4504.000,38472,126072,4507.000
2013-11-13,4506.000,4518.000,4503.000,4508.000,27392,120442,4507.000
2013-11-14,4510.000,4519.000,4498.000,4519.000,21482,118554,4511.000
2013-11-15,4520.000,4525.000,4504.000,4508.000,28980,120528,4512.000
2013-11-18,4515.000,4515.000,4477.000,4489.000,45118,116812,4488.000
2013-11-19,4492.000,4500.000,4457.000,4457.000,41610,119168,4472.000
2013-11-21,4441.000,4448.000,4420.000,4427.000,41918,122042,4432.000
2013-11-22,4443.000,4448.000,4431.000,4440.000,29032,119896,4439.000
2013-11-25,4460.000,4460.000,4430.000,4431.000,32766,114670,4444.000
2013-11-26,4440.000,4444.000,4403.000,4410.000,43146,112240,4417.000
2013-11-27,4419.000,4438.000,4408.000,4432.000,32718,106504,4428.000
2013-11-28,4424.000,4425.000,4384.000,4386.000,54652,113014,4396.000
2013-11-29,4386.000,4402.000,4380.000,4395.000,30894,111972,4392.000
2013-12-02,4400.000,4434.000,4396.000,4429.000,45970,104184,4421.000
2013-12-03,4420.000,4447.000,4406.000,4438.000,51786,96768,4431.000
2013-12-04,4435.000,4457.000,4435.000,4455.000,33616,97052,4448.000
2013-12-05,4459.000,4473.000,4445.000,4460.000,25786,95190,4462.000
2013-12-06,4469.000,4469.000,4434.000,4444.000,27152,95538,4447.000
2013-12-09,4446.000,4469.000,4439.000,4467.000,27602,90286,4452.000
2013-12-10,4473.000,4490.000,4458.000,4465.000,18410,89382,4469.000
2013-12-11,4473.000,4474.000,4456.000,4473.000,13242,88930,4462.000
2013-12-12,4476.000,4479.000,4452.000,4466.000,17708,88084,4463.000
2013-12-13,4456.000,4476.000,4453.000,4463.000,29272,85744,4464.000
2013-12-16,4457.000,4514.000,4457.000,4492.000,54988,80730,4492.000
2013-12-17,4502.000,4519.000,4491.000,4506.000,38330,80338,4506.000
2013-12-18,4516.000,4517.000,4483.000,4492.000,26290,78812,4494.000
2013-12-19,4480.000,4496.000,4471.000,4490.000,17554,78460,4488.000
2013-12-20,4495.000,4500.000,4475.000,4499.000,15416,77334,4489.000
2013-12-23,4504.000,4515.000,4498.000,4511.000,18086,76508,4506.000
2013-12-24,4501.000,4506.000,4468.000,4486.000,27342,75288,4486.000
2013-12-25,4489.000,4495.000,4474.000,4487.000,18404,74636,4485.000
2013-12-26,4490.000,4497.000,4476.000,4476.000,10338,74378,4484.000
2013-12-27,4465.000,4492.000,4457.000,4488.000,19268,73522,4479.000
2013-12-30,4360.000,4363.000,4226.000,4296.000,201832,84960,4282.000
2013-12-31,4288.000,4325.000,4288.000,4321.000,43956,79940,4312.000
2014-01-02,4312.000,4328.000,4286.000,4322.000,27710,79750,4311.000
2014-01-03,4292.000,4330.000,4292.000,4326.000,18792,77098,4316.000
2014-01-06,4470.000,4510.000,4455.000,4500.000,60590,75614,4489.000
2014-01-07,4505.000,4561.000,4500.000,4557.000,72068,75546,4531.000
2014-01-08,4560.000,4589.000,4518.000,4563.000,101974,78432,4555.000
2014-01-09,4555.000,4586.000,4547.000,4578.000,48910,81594,4565.000
2014-01-10,4588.000,4640.000,4573.000,4627.000,134708,94694,4605.000
2014-01-13,4628.000,4629.000,4593.000,4599.000,61132,85452,4605.000
2014-01-14,4610.000,4620.000,4601.000,4617.000,30578,83712,4611.000
2014-01-15,4620.000,4661.000,4614.000,4659.000,76460,90568,4644.000
2014-01-17,4675.000,4703.000,4652.000,4690.000,65296,94304,4681.000
2014-01-20,4700.000,4746.000,4681.000,4733.000,88478,100942,4722.000
2014-01-21,4730.000,4738.000,4695.000,4713.000,83232,93470,4713.000
2014-01-22,4690.000,4699.000,4666.000,4685.000,70446,98990,4683.000
2014-01-23,4700.000,4725.000,4689.000,4709.000,81532,102484,0.000
2014-01-24,4693.000,4705.000,4681.000,4699.000,64392,105970,4692.000
2014-01-27,4702.000,4717.000,4700.000,4712.000,32136,104026,4709.000
2014-01-28,4713.000,4717.000,4687.000,4696.000,28968,101792,4694.000
2014-01-29,4694.000,4711.000,4688.000,4693.000,28472,96380,4697.000
2014-01-30,4684.000,4696.000,4672.000,4691.000,28188,88860,4685.000
2014-02-07,4730.000,4766.000,4709.000,4712.000,34650,81838,4722.000
2014-02-10,4462.000,4525.000,4459.000,4519.000,65302,103744,4498.000
2014-02-11,4527.000,4555.000,4500.000,4519.000,87674,122190,4532.000
2014-02-12,4530.000,4560.000,4523.000,4547.000,42450,132898,4546.000
2014-02-13,4535.000,4565.000,4531.000,4564.000,34664,137238,4550.000
2014-02-14,4580.000,4584.000,4547.000,4558.000,26202,137314,4562.000
2014-02-17,4558.000,4562.000,4524.000,4540.000,30726,137362,4542.000
2014-02-18,4543.000,4553.000,4511.000,4512.000,31340,135608,4528.000
2014-02-19,4530.000,4539.000,4477.000,4499.000,52336,133362,4503.000
2014-02-20,4496.000,4518.000,4493.000,4510.000,36282,127620,4507.000
2014-02-21,4515.000,4524.000,4484.000,4514.000,67258,140296,4509.000
2014-02-24,4519.000,4557.000,4505.000,4544.000,67604,147572,4534.000
2014-02-25,4544.000,4553.000,4524.000,4525.000,37648,147326,4537.000
2014-02-26,4535.000,4544.000,4515.000,4520.000,30500,146876,4527.000
2014-02-27,4524.000,4534.000,4498.000,4505.000,39176,147090,4513.000
2014-02-28,4490.000,4490.000,4452.000,4453.000,56384,147658,4468.000
2014-03-03,4458.000,4484.000,4458.000,4470.000,34982,149666,4472.000
2014-03-04,4467.000,4470.000,4441.000,4456.000,44604,147746,4453.000
2014-03-05,4460.000,4488.000,4454.000,4482.000,41364,149210,4472.000
2014-03-06,4475.000,4485.000,4471.000,4474.000,17794,149142,4478.000
2014-03-10,4451.000,4451.000,4319.000,4336.000,143864,126596,4367.000
2014-03-11,4314.000,4403.000,4300.000,4398.000,67762,106786,4374.000
2014-03-12,4374.000,4393.000,4369.000,4379.000,33716,104896,4380.000
2014-03-14,4367.000,4381.000,4356.000,4364.000,30792,102108,4369.000
2014-03-17,4360.000,4362.000,4340.000,4361.000,26322,97640,4351.000
2014-03-18,4362.000,4378.000,4345.000,4363.000,30882,91658,4360.000
2014-03-19,4373.000,4375.000,4359.000,4362.000,20834,90950,4367.000
2014-03-20,4360.000,4362.000,4317.000,4341.000,50208,90328,4338.000
2014-03-21,4331.000,4351.000,4331.000,4340.000,17018,89044,4341.000
2014-03-24,4340.000,4349.000,4324.000,4331.000,13054,87668,4334.000
2014-03-25,4172.000,4191.000,4166.000,4187.000,15640,89960,4180.000
2014-03-26,4189.000,4195.000,4168.000,4183.000,12488,94942,4179.000
2014-03-27,4185.000,4198.000,4178.000,4185.000,18626,99974,4189.000
2014-03-28,4188.000,4189.000,4146.000,4150.000,20124,105562,4165.000
2014-03-31,4148.000,4158.000,4145.000,4148.000,14480,109292,4150.000
2014-04-01,4157.000,4193.000,4153.000,4183.000,25156,108956,4179.000
2014-04-02,4197.000,4211.000,4171.000,4179.000,35146,115756,4190.000
2014-04-03,4168.000,4168.000,4153.000,4160.000,22574,114728,4160.000
2014-04-04,4166.000,4206.000,4161.000,4194.000,43346,120484,4192.000
2014-04-08,4201.000,4249.000,4190.000,4210.000,26868,119016,4202.000
2014-04-09,4228.000,4230.000,4202.000,4207.000,27130,120648,4219.000
2014-04-10,4216.000,4225.000,4204.000,4208.000,17640,119416,4212.000
2014-04-11,4294.000,4302.000,4280.000,4288.000,24574,120182,4289.000
2014-04-14,4286.000,4369.000,4286.000,4358.000,113064,132282,4338.000
2014-04-15,4355.000,4380.000,4342.000,4365.000,81514,143184,4359.000
2014-04-16,4341.000,4357.000,4317.000,4339.000,59564,152388,4332.000
2014-04-17,4345.000,4364.000,4326.000,4343.000,49580,153998,4342.000
2014-04-18,4385.000,4421.000,4380.000,4396.000,98294,174144,4401.000
2014-04-21,4401.000,4408.000,4351.000,4351.000,76516,183362,4372.000
2014-04-22,4350.000,4371.000,4331.000,4363.000,52470,180624,4354.000
2014-04-23,4353.000,4376.000,4344.000,4358.000,43224,179128,4359.000
2014-04-24,4363.000,4392.000,4356.000,4391.000,27248,182652,4371.000
2014-04-25,4388.000,4462.000,4386.000,4445.000,186828,202882,4439.000
2014-04-28,4468.000,4481.000,4451.000,4471.000,91282,216714,4468.000
2014-04-29,4459.000,4508.000,4444.000,4499.000,121262,239672,4485.000
2014-04-30,4507.000,4522.000,4481.000,4485.000,82214,240380,4497.000
2014-05-01,4473.000,4473.000,4473.000,4473.000,56,1010,4479.000
2014-05-05,4454.000,4488.000,4449.000,4472.000,52362,240348,4472.000
2014-05-06,4470.000,4470.000,4374.000,4377.000,232432,276826,4418.000
2014-05-07,4369.000,4387.000,4353.000,4359.000,120258,282706,4366.000
2014-05-08,4356.000,4405.000,4351.000,4381.000,157604,284566,4384.000
2014-05-09,4400.000,4402.000,4373.000,4376.000,61304,274376,4384.000
2014-05-12,4385.000,4400.000,4371.000,4382.000,74774,262468,4385.000
2014-05-13,4386.000,4450.000,4374.000,4448.000,180466,273440,4420.000
2014-05-14,4457.000,4515.000,4456.000,4510.000,178446,299358,4497.000
2014-05-15,4510.000,4565.000,4495.000,4538.000,207598,303438,4539.000
2014-05-16,4526.000,4560.000,4517.000,4552.000,130274,300860,4538.000
2014-05-19,4492.000,4535.000,4458.000,4523.000,272160,289846,4509.000
2014-05-20,4550.000,4600.000,4498.000,4589.000,328350,287678,4557.000
2014-05-21,4575.000,4658.000,4561.000,4590.000,566686,337464,4610.000
2014-05-22,4629.000,4643.000,4590.000,4602.000,320738,341760,4616.000
2014-05-23,4597.000,4608.000,4562.000,4572.000,239014,335674,4584.000
2014-05-26,4573.000,4599.000,4561.000,4574.000,198946,344086,4580.000
2014-05-27,4570.000,4585.000,4536.000,4552.000,227804,328662,4555.000
2014-05-28,4549.000,4674.000,4538.000,4651.000,709724,441394,4636.000
2014-05-29,4652.000,4670.000,4623.000,4628.000,341274,432594,4641.000
2014-05-30,4630.000,4653.000,4518.000,4555.000,495148,382130,4589.000
2014-06-03,4547.000,4570.000,4532.000,4559.000,162322,381960,4556.000
2014-06-04,4535.000,4592.000,4535.000,4554.000,276968,383672,4564.000
2014-06-05,4561.000,4571.000,4501.000,4501.000,251012,353108,4527.000
2014-06-06,4482.000,4501.000,4452.000,4466.000,239258,320906,4475.000
2014-06-09,4468.000,4529.000,4463.000,4507.000,192518,325336,4502.000
2014-06-10,4505.000,4517.000,4464.000,4465.000,191802,317108,4491.000
2014-06-11,4478.000,4497.000,4463.000,4477.000,111632,309148,4481.000
2014-06-12,4456.000,4512.000,4444.000,4485.000,190554,321720,4487.000
2014-06-13,4471.000,4490.000,4459.000,4477.000,103704,311800,4473.000
2014-06-16,4488.000,4533.000,4476.000,4516.000,212962,330588,4511.000
2014-06-17,4521.000,4521.000,4476.000,4486.000,167948,320894,4492.000
2014-06-18,4468.000,4507.000,4464.000,4489.000,141568,324074,4488.000
2014-06-19,4491.000,4510.000,4490.000,4491.000,93252,320924,4499.000
2014-06-20,4503.000,4514.000,4487.000,4499.000,99610,317140,4501.000
2014-06-23,4506.000,4550.000,4504.000,4526.000,180324,315262,4529.000
2014-06-24,4516.000,4520.000,4497.000,4504.000,101040,303704,4505.000
2014-06-25,4501.000,4515.000,4477.000,4490.000,99544,301126,4496.000
2014-06-26,4485.000,4494.000,4479.000,4484.000,42378,299478,4485.000
2014-06-27,4496.000,4510.000,4473.000,4476.000,88406,295652,4487.000
2014-06-30,4463.000,4482.000,4451.000,4452.000,62762,294504,4465.000
2014-07-01,4310.000,4386.000,4309.000,4355.000,254722,244828,4347.000
2014-07-02,4376.000,4381.000,4337.000,4363.000,91562,245554,4361.000
2014-07-03,4331.000,4365.000,4331.000,4355.000,57364,246846,4353.000
2014-07-04,4344.000,4354.000,4323.000,4323.000,47514,243884,4336.000
2014-07-07,4327.000,4333.000,4300.000,4314.000,60892,243604,4311.000
2014-07-08,4315.000,4397.000,4310.000,4361.000,213486,253456,4367.000
2014-07-09,4352.000,4372.000,4320.000,4329.000,89698,245380,4347.000
2014-07-10,4320.000,4335.000,4312.000,4328.000,57846,242026,4325.000
2014-07-11,4324.000,4345.000,4297.000,4331.000,80790,238530,4321.000
2014-07-14,4300.000,4344.000,4267.000,4343.000,106172,240818,4315.000
2014-07-15,4343.000,4354.000,4323.000,4333.000,47922,233892,4337.000
2014-07-16,4341.000,4351.000,4335.000,4340.000,54076,230072,4342.000
2014-07-17,4340.000,4348.000,4328.000,4329.000,39370,226600,4336.000
2014-07-18,4330.000,4347.000,4312.000,4323.000,65052,226880,4328.000
2014-07-21,4316.000,4339.000,4301.000,4316.000,66478,232196,4322.000
2014-07-22,4316.000,4361.000,4303.000,4358.000,112618,238494,4336.000
2014-07-23,4345.000,4388.000,4338.000,4338.000,148686,223866,4361.000
2014-07-24,4362.000,4369.000,4334.000,4349.000,67942,222326,4352.000
2014-07-25,4348.000,4361.000,4333.000,4343.000,50262,219758,4346.000
2014-07-28,4360.000,4405.000,4353.000,4399.000,96442,218642,4379.000
2014-07-29,4415.000,4449.000,4410.000,4422.000,121862,213612,4428.000
2014-07-30,4406.000,4420.000,4374.000,4419.000,59920,212502,4399.000
2014-07-31,4410.000,4454.000,4403.000,4442.000,74146,215400,4428.000
2014-08-01,4440.000,4474.000,4424.000,4470.000,138422,231502,4451.000
2014-08-04,4467.000,4531.000,4463.000,4527.000,314108,286782,4497.000
2014-08-05,4523.000,4557.000,4515.000,4551.000,204292,293956,4539.000
2014-08-06,4544.000,4547.000,4525.000,4532.000,111270,299114,4533.000
2014-08-07,4546.000,4555.000,4512.000,4522.000,131870,302094,4527.000
2014-08-08,4512.000,4555.000,4512.000,4547.000,128248,314566,4539.000
2014-08-11,4547.000,4584.000,4547.000,4579.000,143236,321090,4571.000
2014-08-12,4577.000,4592.000,4558.000,4568.000,162298,311636,4573.000
2014-08-13,4565.000,4637.000,4562.000,4633.000,281030,337070,4610.000
2014-08-14,4630.000,4652.000,4523.000,4576.000,602736,324224,4593.000
2014-08-15,4585.000,4608.000,4568.000,4607.000,259398,351936,4592.000
2014-08-18,4609.000,4610.000,4572.000,4598.000,160944,353538,4588.000
2014-08-19,4597.000,4601.000,4539.000,4558.000,280634,351764,4560.000
2014-08-20,4560.000,4565.000,4514.000,4533.000,237926,358274,4530.000
2014-08-21,4523.000,4537.000,4480.000,4490.000,242250,363910,4497.000
2014-08-22,4491.000,4533.000,4476.000,4512.000,197850,368816,4514.000
2014-08-25,4515.000,4520.000,4488.000,4520.000,117524,369242,4502.000
2014-08-26,4513.000,4606.000,4503.000,4601.000,335972,413680,4554.000
2014-08-27,4605.000,4620.000,4582.000,4614.000,397860,434776,4601.000
2014-08-28,4610.000,4619.000,4571.000,4586.000,442312,421648,4593.000
2014-08-29,4592.000,4610.000,4575.000,4583.000,316458,419718,4591.000
2014-09-01,4585.000,4604.000,4580.000,4597.000,219006,420648,4591.000
2014-09-02,4596.000,4646.000,4595.000,4624.000,453346,439828,4627.000
2014-09-03,4624.000,4638.000,4607.000,4612.000,225026,443136,4621.000
2014-09-04,4603.000,4605.000,4562.000,4564.000,251980,432488,4584.000
2014-09-05,4564.000,4590.000,4547.000,4581.000,279380,425016,4568.000
2014-09-09,4566.000,4606.000,4530.000,4538.000,298960,417466,4567.000
2014-09-10,4521.000,4555.000,4508.000,4554.000,211294,418302,4532.000
2014-09-11,4547.000,4560.000,4515.000,4533.000,201686,415928,4531.000
2014-09-12,4525.000,4624.000,4518.000,4619.000,495514,474342,4585.000
2014-09-15,4605.000,4641.000,4588.000,4614.000,519754,522906,4617.000
2014-09-16,4617.000,4799.000,4593.000,4623.000,899650,484712,4649.000
2014-09-17,4616.000,4646.000,4604.000,4640.000,320854,490440,4627.000
2014-09-18,4645.000,4666.000,4605.000,4624.000,260914,482470,4620.000
2014-09-19,4605.000,4626.000,4574.000,4581.000,348968,457328,4598.000
2014-09-22,4563.000,4578.000,4512.000,4551.000,520754,421810,4550.000
2014-09-23,4535.000,4550.000,4503.000,4520.000,357652,387130,4532.000
2014-09-24,4530.000,4576.000,4508.000,4543.000,311020,397468,4546.000
2014-09-25,4554.000,4604.000,4552.000,4579.000,278708,383828,4578.000
2014-09-26,4565.000,4622.000,4553.000,4592.000,318316,381754,4582.000
2014-09-29,4598.000,4647.000,4574.000,4588.000,211150,360030,4600.000
2014-09-30,4610.000,4616.000,4567.000,4574.000,155444,330918,4589.000
2014-10-09,4548.000,4564.000,4523.000,4530.000,218458,339376,4543.000
2014-10-10,4518.000,4542.000,4398.000,4410.000,611918,365902,4457.000
2014-10-13,4410.000,4444.000,4353.000,4389.000,559030,416864,4394.000
2014-10-14,4425.000,4458.000,4395.000,4415.000,520802,371782,4422.000
2014-10-15,4423.000,4450.000,4384.000,4439.000,245714,368204,4427.000
2014-10-16,4420.000,4455.000,4398.000,4435.000,264886,376164,4428.000
2014-10-17,4454.000,4480.000,4437.000,4456.000,184252,371984,4453.000
2014-10-20,4446.000,4449.000,4377.000,4437.000,335924,374856,4412.000
2014-10-21,4448.000,4498.000,4437.000,4477.000,276024,367810,4476.000
2014-10-22,4492.000,4511.000,4462.000,4481.000,163544,369036,4480.000
2014-10-23,4466.000,4490.000,4445.000,4485.000,163670,372776,4472.000
2014-10-24,4510.000,4550.000,4498.000,4500.000,252084,357020,4520.000
2014-10-27,4474.000,4495.000,4464.000,4490.000,123708,366066,4481.000
2014-10-28,4530.000,4535.000,4462.000,4465.000,174932,363268,4495.000
2014-10-29,4468.000,4498.000,4462.000,4485.000,134674,358524,4478.000
2014-10-30,4521.000,4526.000,4486.000,4509.000,174892,354020,4507.000
2014-10-31,4499.000,4610.000,4495.000,4604.000,341324,362796,4572.000
2014-11-03,4600.000,4620.000,4568.000,4568.000,180384,345060,4591.000
2014-11-04,4562.000,4590.000,4553.000,4569.000,141306,336454,4573.000
2014-11-05,4560.000,4596.000,4557.000,4574.000,164244,342778,4581.000
2014-11-06,4587.000,4609.000,4483.000,4533.000,425150,352450,4529.000
2014-11-07,4548.000,4585.000,4547.000,4578.000,185108,359548,4571.000
2014-11-10,4592.000,4594.000,4552.000,4571.000,147712,366154,4566.000
2014-11-11,4555.000,4574.000,4543.000,4557.000,143432,355026,4555.000
2014-11-12,4592.000,4592.000,4485.000,4499.000,237954,331882,4549.000
2014-11-13,4493.000,4538.000,4480.000,4519.000,175070,330000,4510.000
2014-11-14,4510.000,4529.000,4494.000,4521.000,102696,320860,4513.000
2014-11-17,4510.000,4531.000,4503.000,4520.000,86710,307794,4520.000
2014-11-18,4531.000,4553.000,4505.000,4526.000,99960,285536,4519.000
2014-11-19,4515.000,4538.000,4510.000,4522.000,67782,284298,4521.000
2014-11-20,4521.000,4530.000,4495.000,4524.000,59950,280244,4517.000
2014-11-21,4537.000,4537.000,4519.000,4529.000,45560,273400,4528.000
2014-11-24,4539.000,4541.000,4456.000,4465.000,171752,282434,4488.000
2014-11-25,4273.000,4281.000,4236.000,4266.000,149010,299232,4259.000
2014-11-26,4270.000,4270.000,4241.000,4250.000,117092,308486,4254.000
2014-11-27,4250.000,4316.000,4243.000,4306.000,160860,299938,4280.000
2014-11-28,4296.000,4324.000,4286.000,4318.000,133104,291262,4309.000
2014-12-01,4284.000,4311.000,4268.000,4303.000,97256,292962,4296.000
2014-12-02,4315.000,4350.000,4288.000,4300.000,108916,292774,4311.000
2014-12-03,4272.000,4306.000,4270.000,4299.000,143294,312348,4290.000
2014-12-04,4301.000,4334.000,4295.000,4314.000,143682,315880,4317.000
2014-12-05,4319.000,4403.000,4315.000,4392.000,282552,326132,4373.000
2014-12-08,4405.000,4410.000,4361.000,4382.000,129220,322080,4382.000
2014-12-09,4390.000,4390.000,4347.000,4350.000,111014,308612,4360.000
2014-12-10,4359.000,4394.000,4340.000,4381.000,125172,297768,4375.000
2014-12-11,4362.000,4383.000,4346.000,4368.000,92628,284794,4367.000
2014-12-12,4371.000,4387.000,4358.000,4364.000,65790,278470,4371.000
2014-12-15,4361.000,4375.000,4350.000,4361.000,57276,272014,4364.000
2014-12-16,4350.000,4357.000,4311.000,4322.000,109512,265180,4324.000
2014-12-17,4317.000,4339.000,4305.000,4310.000,64892,261686,4317.000
2014-12-18,4313.000,4326.000,4288.000,4313.000,82930,256616,4309.000
2014-12-19,4320.000,4337.000,4306.000,4333.000,34044,254542,4322.000
2014-12-22,4335.000,4339.000,4317.000,4322.000,58574,249476,4326.000
2014-12-23,4332.000,4369.000,4308.000,4326.000,111794,244120,4345.000
2014-12-24,4327.000,4395.000,4309.000,4388.000,193040,254934,4346.000
2014-12-25,4390.000,4440.000,4380.000,4434.000,208920,272536,4408.000
2014-12-26,4435.000,4457.000,4423.000,4453.000,124316,270598,4441.000
2014-12-29,4449.000,4534.000,4437.000,4527.000,408206,279082,4504.000
2014-12-30,4518.000,4538.000,4501.000,4515.000,161422,271798,4517.000
2014-12-31,4510.000,4527.000,4486.000,4510.000,133694,258734,4505.000
2015-01-05,4488.000,4504.000,4446.000,4497.000,72400,257298,4486.000
2015-01-06,4500.000,4548.000,4486.000,4503.000,176706,257146,4514.000
2015-01-07,4514.000,4528.000,4480.000,4505.000,102236,259540,4503.000
2015-01-08,4510.000,4524.000,4490.000,4503.000,93610,258778,4508.000
2015-01-09,4508.000,4519.000,4486.000,4509.000,106146,257520,4502.000
2015-01-12,4511.000,4538.000,4497.000,4510.000,134590,256854,4521.000
2015-01-13,4501.000,4504.000,4465.000,4483.000,116956,246092,4482.000
2015-01-14,4485.000,4487.000,4452.000,4467.000,96432,246202,4469.000
2015-01-15,4456.000,4504.000,4456.000,4497.000,96184,247480,4482.000
2015-01-16,4495.000,4522.000,4470.000,4506.000,115612,242850,4494.000
2015-01-19,4514.000,4518.000,4475.000,4496.000,105682,239272,4497.000
2015-01-20,4500.000,4515.000,4457.000,4458.000,88182,233202,4478.000
2015-01-21,4457.000,4496.000,4408.000,4460.000,155502,219656,4456.000
2015-01-22,4452.000,4472.000,4434.000,4441.000,71814,215952,4453.000
2015-01-23,4445.000,4454.000,4416.000,4426.000,56848,210796,4432.000
2015-01-26,4421.000,4445.000,4391.000,4391.000,82258,209592,4414.000
2015-01-27,4395.000,4465.000,4393.000,4440.000,65310,203284,4429.000
2015-01-28,4440.000,4450.000,4412.000,4418.000,49192,203628,4430.000
2015-01-29,4415.000,4421.000,4350.000,4364.000,212272,209296,4371.000
2015-01-30,4355.000,4386.000,4340.000,4349.000,97866,203100,4366.000
2015-02-02,4350.000,4408.000,4349.000,4403.000,112488,194300,4382.000
2015-02-03,4403.000,4436.000,4403.000,4433.000,90338,184900,4421.000
2015-02-04,4438.000,4455.000,4409.000,4413.000,72228,179178,4431.000
2015-02-05,4411.000,4425.000,4381.000,4417.000,67152,175700,4406.000
2015-02-06,4426.000,4436.000,4412.000,4433.000,43952,178198,4423.000
2015-02-09,4437.000,4440.000,4384.000,4415.000,75788,175166,4405.000
2015-02-10,4403.000,4427.000,4398.000,4404.000,37656,175410,4411.000
2015-02-11,4402.000,4413.000,4394.000,4406.000,27402,174202,4403.000
2015-02-12,4411.000,4431.000,4395.000,4412.000,42358,172010,4416.000
2015-02-13,4404.000,4433.000,4402.000,4409.000,55144,166090,4418.000
2015-02-16,4414.000,4415.000,4356.000,4367.000,86658,151852,4377.000
2015-02-17,4361.000,4377.000,4361.000,4367.000,24642,149446,4369.000
2015-02-26,4286.000,4290.000,4230.000,4284.000,122612,162036,4268.000
2015-02-27,4285.000,4339.000,4251.000,4317.000,107898,155760,4302.000
2015-03-02,4322.000,4330.000,4265.000,4272.000,102046,172618,4292.000
2015-03-03,4253.000,4292.000,4250.000,4280.000,86130,170542,4275.000
2015-03-04,4273.000,4287.000,4263.000,4280.000,43144,169030,4274.000
2015-03-05,4273.000,4279.000,4171.000,4179.000,153078,197828,4216.000
2015-03-06,4178.000,4194.000,4161.000,4172.000,70410,193814,4179.000
2015-03-09,4180.000,4218.000,4154.000,4193.000,82488,184668,4188.000
2015-03-10,4188.000,4205.000,4115.000,4119.000,105646,204018,4152.000
2015-03-11,4129.000,4200.000,4106.000,4184.000,148358,183226,4169.000
2015-03-12,4190.000,4190.000,4157.000,4170.000,40778,181136,4173.000
2015-03-13,4166.000,4185.000,4152.000,4154.000,42586,179448,4169.000
2015-03-16,4155.000,4183.000,4141.000,4180.000,47218,175256,4162.000
2015-03-17,4177.000,4228.000,4166.000,4169.000,67066,172268,4192.000
2015-03-18,4161.000,4192.000,4161.000,4170.000,70052,168440,4173.000
2015-03-19,4181.000,4189.000,4151.000,4177.000,72930,163540,4173.000
2015-03-20,4175.000,4194.000,4148.000,4174.000,74576,166846,4168.000
2015-03-23,4175.000,4197.000,4167.000,4168.000,48608,173632,4181.000
2015-03-24,4166.000,4191.000,4111.000,4161.000,134338,173996,4151.000
2015-03-25,4161.000,4161.000,4070.000,4074.000,139516,180834,4109.000
2015-03-26,4074.000,4090.000,4004.000,4060.000,219736,187800,4044.000
2015-03-27,4053.000,4058.000,4027.000,4032.000,71974,184748,4043.000
2015-03-30,4031.000,4043.000,3985.000,4028.000,100360,186212,4005.000
2015-03-31,4020.000,4031.000,4008.000,4016.000,45186,177466,4019.000
2015-04-01,4010.000,4058.000,4005.000,4035.000,103478,167666,4034.000
2015-04-02,4020.000,4047.000,4019.000,4019.000,44324,160484,4033.000
2015-04-03,4001.000,4019.000,3959.000,3998.000,97128,153460,3995.000
2015-04-07,3982.000,4000.000,3952.000,3956.000,34076,154172,3973.000
2015-04-08,3972.000,3975.000,3941.000,3958.000,48548,151524,3956.000
2015-04-09,4030.000,4035.000,3991.000,3995.000,72656,161072,4009.000
2015-04-10,3992.000,4038.000,3992.000,4006.000,61318,155070,4010.000
2015-04-13,4014.000,4057.000,4005.000,4055.000,97938,146330,4032.000
2015-04-14,4045.000,4096.000,4040.000,4085.000,141336,165560,4069.000
2015-04-15,4089.000,4131.000,4078.000,4098.000,138756,153606,4102.000
2015-04-16,4093.000,4118.000,4085.000,4092.000,70984,155802,4099.000
2015-04-17,4099.000,4099.000,4038.000,4040.000,171152,184052,4065.000
2015-04-20,4038.000,4059.000,3966.000,4000.000,387608,194694,4005.000
2015-04-21,3996.000,4069.000,3983.000,4060.000,177818,197532,4037.000
2015-04-22,4060.000,4180.000,4054.000,4160.000,290722,197214,4108.000
2015-04-23,4152.000,4179.000,4124.000,4154.000,177206,197462,4151.000
2015-04-24,4168.000,4218.000,4152.000,4217.000,229592,205414,4191.000
2015-04-27,4217.000,4250.000,4194.000,4226.000,205434,195272,4221.000
2015-04-28,4226.000,4235.000,4191.000,4220.000,115740,189742,4218.000
2015-04-29,4228.000,4238.000,4209.000,4225.000,91586,185758,4222.000
2015-04-30,4223.000,4335.000,4221.000,4320.000,257472,189604,4296.000
2015-05-04,4302.000,4308.000,4256.000,4272.000,123328,170686,4272.000
2015-05-05,4272.000,4296.000,4232.000,4272.000,105224,161102,4273.000
2015-05-06,4277.000,4331.000,4261.000,4306.000,127526,158448,4296.000
2015-05-07,4307.000,4315.000,4265.000,4293.000,86592,157760,4291.000
2015-05-08,4293.000,4298.000,4243.000,4280.000,104380,157466,4268.000
2015-05-11,4287.000,4365.000,4272.000,4362.000,209584,175828,4330.000
2015-05-12,4352.000,4386.000,4343.000,4361.000,157564,175470,4360.000
2015-05-13,4366.000,4377.000,4344.000,4367.000,129932,172936,4362.000
2015-05-14,4375.000,4382.000,4322.000,4359.000,114750,165500,4351.000
2015-05-15,4360.000,4374.000,4351.000,4362.000,70112,163424,4359.000
2015-05-18,4361.000,4369.000,4335.000,4358.000,78180,160410,4352.000
2015-05-19,4367.000,4367.000,4321.000,4322.000,70084,157178,4342.000
2015-05-20,4320.000,4329.000,4270.000,4295.000,139968,147242,4295.000
2015-05-21,4295.000,4328.000,4275.000,4295.000,100330,140030,4305.000
2015-05-22,4295.000,4475.000,4289.000,4447.000,339348,169896,4393.000
2015-05-25,4447.000,4463.000,4402.000,4416.000,236628,160274,4431.000
2015-05-26,4426.000,4450.000,4406.000,4415.000,117050,158210,4424.000
2015-05-27,4406.000,4424.000,4371.000,4388.000,121044,147186,4395.000
2015-05-28,4392.000,4440.000,4377.000,4393.000,137656,145280,4411.000
2015-05-29,4400.000,4412.000,4372.000,4409.000,83516,142738,4390.000
2015-06-01,4412.000,4419.000,4308.000,4323.000,129076,140206,4370.000
2015-06-02,4325.000,4369.000,4321.000,4351.000,87606,132726,4344.000
2015-06-03,4359.000,4387.000,4349.000,4360.000,77534,130696,4366.000
2015-06-04,4357.000,4365.000,4302.000,4327.000,90724,124978,4329.000
2015-06-05,4322.000,4337.000,4252.000,4256.000,92178,122172,4293.000
2015-06-08,4251.000,4284.000,4240.000,4248.000,76236,119098,4263.000
2015-06-09,4251.000,4295.000,4244.000,4246.000,85082,116982,4272.000
2015-06-10,4250.000,4272.000,4240.000,4262.000,68302,113828,4257.000
2015-06-11,4275.000,4284.000,4245.000,4256.000,61360,114468,4264.000
2015-06-12,4245.000,4260.000,4147.000,4162.000,169804,98898,4190.000
2015-06-15,4176.000,4190.000,4141.000,4148.000,72524,90668,4165.000
2015-06-16,4231.000,4304.000,4221.000,4275.000,45244,110516,4267.000
2015-06-17,4273.000,4332.000,4250.000,4325.000,35988,113258,4304.000
2015-06-18,4320.000,4368.000,4311.000,4326.000,42310,114622,4333.000
2015-06-19,4308.000,4335.000,4291.000,4321.000,27446,108670,4311.000
2015-06-23,4300.000,4300.000,4037.000,4121.000,22,14,4145.000
2015-06-24,4343.000,4349.000,4288.000,4308.000,32990,108406,4315.000
2015-06-25,4308.000,4344.000,4291.000,4303.000,22680,108272,4312.000
2015-06-26,4313.000,4335.000,4270.000,4280.000,37568,107938,4309.000
2015-06-29,4306.000,4317.000,4241.000,4261.000,39734,106508,4270.000
2015-06-30,4262.000,4278.000,4206.000,4212.000,30164,104380,4233.000
2015-07-01,4209.000,4331.000,4187.000,4270.000,66492,105818,4265.000
2015-07-03,4480.000,4480.000,4458.000,4461.000,44,482,4470.000
2015-07-06,4239.000,4239.000,4156.000,4170.000,47150,107610,4188.000
2015-07-07,4169.000,4180.000,4122.000,4127.000,38010,105818,4151.000
2015-07-08,4125.000,4126.000,3985.000,3986.000,94778,114646,4022.000
2015-07-09,3986.000,4182.000,3986.000,4166.000,88100,110460,4105.000
2015-07-10,4176.000,4269.000,4169.000,4265.000,88428,111618,4251.000
2015-07-13,4269.000,4290.000,4222.000,4261.000,81614,112206,4253.000
2015-07-14,4253.000,4294.000,4236.000,4269.000,88602,114890,4269.000
2015-07-15,4267.000,4275.000,4214.000,4230.000,53104,115898,4247.000
2015-07-16,4225.000,4236.000,4142.000,4206.000,84654,116106,4189.000
2015-07-17,4208.000,4243.000,4174.000,4202.000,72928,117994,4207.000
2015-07-20,4191.000,4214.000,4124.000,4147.000,58284,116700,4168.000
2015-07-21,4141.000,4178.000,4136.000,4147.000,47456,118158,4154.000
2015-07-22,4146.000,4156.000,4101.000,4141.000,73762,123154,4130.000
2015-07-23,4129.000,4164.000,4105.000,4150.000,103328,126258,4133.000
2015-07-24,4151.000,4187.000,4137.000,4163.000,94288,127696,4162.000
2015-07-27,4158.000,4177.000,4119.000,4127.000,83930,135142,4146.000
2015-07-28,4121.000,4173.000,4074.000,4170.000,139216,129064,4124.000
2015-07-29,4179.000,4238.000,4170.000,4234.000,153390,125886,4212.000
2015-07-30,4234.000,4278.000,4220.000,4232.000,170986,125398,4249.000
2015-07-31,4245.000,4260.000,4227.000,4248.000,128384,127492,4243.000
2015-08-03,4255.000,4267.000,4186.000,4222.000,122470,127732,4230.000
2015-08-04,4225.000,4257.000,4201.000,4255.000,125318,132580,4241.000
2015-08-05,4260.000,4270.000,4231.000,4249.000,91916,133980,4251.000
2015-08-06,4265.000,4345.000,4252.000,4331.000,246188,153382,4300.000
2015-08-07,4330.000,4347.000,4283.000,4325.000,187696,154042,4313.000
2015-08-10,4313.000,4381.000,4313.000,4361.000,149176,161470,4350.000
2015-08-11,4355.000,4396.000,4351.000,4379.000,139000,160636,4379.000
2015-08-12,4367.000,4392.000,4352.000,4388.000,99746,155758,4372.000
2015-08-13,4402.000,4420.000,4299.000,4344.000,171362,146682,4358.000
2015-08-14,4337.000,4375.000,4333.000,4359.000,88358,148494,4354.000
2015-08-17,4355.000,4396.000,4347.000,4372.000,86388,150500,4372.000
2015-08-18,4374.000,4394.000,4312.000,4313.000,127630,149878,4358.000
2015-08-19,4316.000,4343.000,4292.000,4325.000,149810,139240,4315.000
2015-08-20,4331.000,4340.000,4259.000,4279.000,131020,138608,4299.000
2015-08-21,4277.000,4315.000,4269.000,4281.000,114694,132990,4292.000
2015-08-24,4278.000,4284.000,4172.000,4197.000,166944,127524,4225.000
2015-08-25,4175.000,4245.000,4156.000,4210.000,135454,122334,4208.000
2015-08-26,4242.000,4270.000,4196.000,4204.000,102434,117352,4229.000
2015-08-27,4210.000,4229.000,4166.000,4219.000,124986,115836,4202.000
2015-08-28,4218.000,4265.000,4141.000,4156.000,273034,144090,4195.000
2015-08-31,4148.000,4191.000,4130.000,4160.000,180586,141276,4159.000
2015-09-01,4158.000,4199.000,4145.000,4181.000,138606,135294,4182.000
2015-09-02,4170.000,4203.000,4162.000,4189.000,97438,132080,4185.000
2015-09-03,4170.000,4203.000,4162.000,4185.000,0,132080,4185.000
2015-09-07,4029.000,4045.000,4008.000,4008.000,20,554,4032.000
2015-09-08,4126.000,4155.000,4094.000,4147.000,152362,140366,4122.000
2015-09-09,4157.000,4173.000,4121.000,4123.000,133404,143374,4148.000
2015-09-10,4120.000,4165.000,4111.000,4158.000,122668,138428,4138.000
2015-09-11,4142.000,4198.000,4133.000,4170.000,116204,132208,4170.000
2015-09-14,4169.000,4186.000,4141.000,4144.000,92810,132074,4168.000
2015-09-15,4143.000,4175.000,4134.000,4139.000,106860,127894,4158.000
2015-09-16,4139.000,4168.000,4115.000,4165.000,123058,123148,4136.000
2015-09-17,4165.000,4172.000,4145.000,4150.000,81576,121674,4158.000
2015-09-18,4142.000,4169.000,4122.000,4128.000,99056,126840,4146.000
2015-09-21,4124.000,4136.000,4048.000,4099.000,173326,136054,4083.000
2015-09-22,4099.000,4108.000,4056.000,4071.000,112778,137266,4078.000
2015-09-23,4057.000,4074.000,4032.000,4064.000,100340,135406,4053.000
2015-09-24,4065.000,4083.000,4037.000,4045.000,99952,136174,4056.000
2015-09-25,4039.000,4065.000,3997.000,4027.000,208118,131620,4035.000
2015-09-28,4047.000,4055.000,4007.000,4014.000,51964,132856,4024.000
2015-09-29,4014.000,4075.000,3982.000,4073.000,167052,126916,4034.000
2015-09-30,4079.000,4097.000,4041.000,4047.000,134822,115326,4066.000
2015-10-01,4079.000,4097.000,4041.000,4066.000,0,115326,4066.000
2015-10-08,3901.000,3951.000,3806.000,3806.000,20,110,3885.000
2015-10-09,3898.000,3945.000,3842.000,3888.000,572602,154898,3889.000
2015-10-12,3897.000,3962.000,3870.000,3956.000,374446,147646,3916.000
2015-10-13,3949.000,3963.000,3923.000,3952.000,281438,148050,3942.000
2015-10-14,3952.000,3999.000,3944.000,3984.000,278330,133608,3973.000
2015-10-15,3988.000,3999.000,3962.000,3971.000,168512,134480,3978.000
2015-10-16,3966.000,3969.000,3926.000,3945.000,226762,146902,3944.000
2015-10-19,3936.000,3954.000,3916.000,3939.000,154736,145770,3936.000
2015-10-20,3926.000,3951.000,3903.000,3930.000,176582,149322,3928.000
2015-10-21,3930.000,3946.000,3907.000,3910.000,115160,148996,3925.000
2015-10-22,3911.000,3982.000,3898.000,3969.000,212442,134004,3940.000
2015-10-23,3976.000,3985.000,3930.000,3965.000,169676,120346,3951.000
2015-10-26,3969.000,3975.000,3866.000,3905.000,267988,132390,3910.000
2015-10-27,3905.000,3913.000,3869.000,3912.000,167042,128074,3890.000
2015-10-28,3908.000,3918.000,3875.000,3879.000,114280,132162,3894.000
2015-10-29,3880.000,3908.000,3870.000,3885.000,118276,132096,3888.000
2015-10-30,3880.000,3892.000,3855.000,3881.000,145762,131102,3876.000
2015-11-02,3884.000,3892.000,3870.000,3875.000,86936,128404,3878.000
2015-11-03,3870.000,3887.000,3860.000,3878.000,82820,125600,3873.000
2015-11-04,3875.000,3898.000,3865.000,3887.000,136458,111242,3880.000
2015-11-05,3861.000,3874.000,3842.000,3848.000,33788,121478,3859.000
2015-11-06,3848.000,3862.000,3808.000,3860.000,51936,123744,3835.000
2015-11-09,3859.000,3889.000,3821.000,3848.000,62646,123770,3855.000
2015-11-10,3844.000,3855.000,3824.000,3836.000,36134,125250,3836.000
2015-11-11,3836.000,3860.000,3775.000,3838.000,100396,136102,3814.000
2015-11-12,3843.000,3872.000,3834.000,3861.000,63370,139854,3854.000
2015-11-13,3851.000,3894.000,3850.000,3873.000,71120,139138,3874.000
2015-11-16,3854.000,3883.000,3766.000,3767.000,119724,162382,3817.000
2015-11-17,3777.000,3783.000,3731.000,3754.000,142882,188138,3759.000
2015-11-18,3756.000,3790.000,3750.000,3766.000,98602,198544,3770.000
2015-11-19,3767.000,3771.000,3670.000,3678.000,190854,211938,3714.000
2015-11-20,3675.000,3696.000,3650.000,3653.000,121378,212408,3674.000
2015-11-23,3650.000,3722.000,3642.000,3692.000,189190,220588,3690.000
2015-11-24,3696.000,3753.000,3675.000,3745.000,139250,219458,3722.000
2015-11-25,3745.000,3758.000,3703.000,3718.000,152714,216906,3729.000
2015-11-26,3710.000,3775.000,3704.000,3757.000,115274,207178,3749.000
2015-11-27,3750.000,3765.000,3709.000,3727.000,97476,210150,3734.000
2015-11-30,3727.000,3768.000,3703.000,3758.000,117168,209228,3735.000
2015-12-01,3756.000,3782.000,3747.000,3768.000,109872,204566,3763.000
2015-12-02,3776.000,3820.000,3730.000,3744.000,226670,195926,3776.000
2015-12-03,3743.000,3793.000,3717.000,3787.000,173874,187054,3755.000
2015-12-04,3788.000,3808.000,3772.000,3780.000,123458,180952,3789.000
2015-12-07,3784.000,3815.000,3762.000,3799.000,89570,181308,3792.000
2015-12-08,3803.000,3803.000,3737.000,3747.000,147062,187380,3763.000
2015-12-09,3750.000,3755.000,3728.000,3739.000,97774,183660,3742.000
2015-12-10,3743.000,3749.000,3712.000,3730.000,106738,179902,3731.000
2015-12-11,3727.000,3738.000,3696.000,3730.000,117402,177732,3714.000
2015-12-14,3725.000,3743.000,3674.000,3677.000,145634,196244,3701.000
2015-12-15,3668.000,3689.000,3646.000,3651.000,166030,228172,3667.000
2015-12-16,3646.000,3693.000,3644.000,3681.000,122280,208500,3656.000
2015-12-17,3680.000,3720.000,3673.000,3700.000,138740,183156,3699.000
2015-12-18,3700.000,3730.000,3684.000,3726.000,85408,176864,3705.000
2015-12-21,3726.000,3757.000,3725.000,3749.000,90036,167264,3742.000
2015-12-22,3749.000,3763.000,3705.000,3706.000,92394,170598,3738.000
2015-12-23,3708.000,3720.000,3689.000,3713.000,113010,171656,3703.000
2015-12-24,3713.000,3719.000,3692.000,3701.000,64164,169784,3706.000
2015-12-25,3697.000,3733.000,3661.000,3668.000,134840,185548,3697.000
2015-12-28,3668.000,3676.000,3580.000,3599.000,256660,217654,3619.000
2015-12-29,3609.000,3635.000,3589.000,3622.000,192072,209538,3610.000
2015-12-30,3620.000,3658.000,3612.000,3631.000,147836,197838,3633.000
2015-12-31,3626.000,3632.000,3602.000,3620.000,174314,197982,3615.000
2016-01-04,3615.000,3645.000,3571.000,3603.000,120894,197206,3602.000
2016-01-05,3602.000,3624.000,3596.000,3614.000,89338,190302,3611.000
2016-01-06,3615.000,3620.000,3578.000,3596.000,139100,205446,3593.000
2016-01-07,3588.000,3630.000,3587.000,3596.000,106460,193450,3604.000
2016-01-08,3594.000,3620.000,3590.000,3607.000,105130,185866,3609.000
2016-01-11,3610.000,3616.000,3562.000,3578.000,145006,206616,3587.000
2016-01-12,3573.000,3589.000,3571.000,3582.000,72774,203610,3581.000
2016-01-13,3584.000,3619.000,3579.000,3613.000,174728,184960,3606.000
2016-01-14,3609.000,3611.000,3583.000,3590.000,104958,182756,3593.000
2016-01-15,3595.000,3600.000,3579.000,3590.000,66458,182734,3589.000
2016-01-18,3580.000,3614.000,3576.000,3601.000,110376,167490,3595.000
2016-01-19,3605.000,3644.000,3589.000,3636.000,132664,154624,3619.000
2016-01-20,3632.000,3648.000,3593.000,3603.000,109970,154458,3619.000
2016-01-21,3613.000,3613.000,3570.000,3591.000,126210,163190,3586.000
2016-01-22,3593.000,3612.000,3586.000,3607.000,88044,161148,3601.000
2016-01-25,3610.000,3618.000,3576.000,3582.000,99894,171138,3594.000
2016-01-26,3581.000,3583.000,3541.000,3554.000,190252,202950,3552.000
2016-01-27,3556.000,3574.000,3534.000,3564.000,137268,183362,3557.000
2016-01-28,3570.000,3570.000,3523.000,3529.000,139930,196934,3545.000
2016-01-29,3528.000,3534.000,3507.000,3516.000,121634,197610,3522.000
2016-02-01,3515.000,3533.000,3512.000,3517.000,59240,195640,3521.000
2016-02-02,3515.000,3515.000,3484.000,3508.000,91506,203898,3506.000
2016-02-03,3508.000,3528.000,3504.000,3516.000,78004,190534,3517.000
2016-02-04,3515.000,3516.000,3471.000,3487.000,122216,192058,3487.000
2016-02-05,3486.000,3491.000,3453.000,3479.000,104962,172868,3473.000
2016-02-15,3465.000,3487.000,3426.000,3453.000,75086,183188,3451.000
2016-02-16,3456.000,3474.000,3450.000,3462.000,74264,181606,3462.000
2016-02-17,3461.000,3483.000,3454.000,3480.000,86988,177846,3467.000
2016-02-18,3478.000,3488.000,3471.000,3481.000,65616,176676,3478.000
2016-02-19,3480.000,3500.000,3474.000,3491.000,75744,174278,3488.000
2016-02-22,3493.000,3557.000,3487.000,3542.000,128196,149568,3520.000
2016-02-23,3540.000,3552.000,3508.000,3538.000,77424,142230,3526.000
2016-02-24,3535.000,3542.000,3504.000,3518.000,75512,143046,3520.000
2016-02-25,3518.000,3526.000,3502.000,3508.000,70366,142886,3516.000
2016-02-26,3508.000,3548.000,3508.000,3531.000,114558,138276,3529.000
2016-02-29,3528.000,3541.000,3463.000,3510.000,127406,130936,3501.000
2016-03-01,3506.000,3534.000,3506.000,3527.000,70380,127112,3519.000
2016-03-02,3523.000,3568.000,3506.000,3548.000,127890,119344,3535.000
2016-03-03,3545.000,3638.000,3542.000,3624.000,210756,125378,3604.000
2016-03-04,3624.000,3645.000,3606.000,3639.000,136004,121360,3626.000
2016-03-07,3638.000,3688.000,3583.000,3601.000,198926,102388,3636.000
2016-03-08,3605.000,3636.000,3579.000,3592.000,111296,91930,3606.000
2016-03-09,3493.000,3506.000,3462.000,3471.000,94680,123362,3480.000
2016-03-10,3492.000,3492.000,3460.000,3470.000,67600,130172,3477.000
2016-03-11,3474.000,3474.000,3432.000,3451.000,61028,133102,3449.000
2016-03-14,3455.000,3469.000,3437.000,3444.000,64536,141346,3452.000
2016-03-15,3442.000,3455.000,3397.000,3402.000,135894,160232,3420.000
2016-03-16,3402.000,3411.000,3360.000,3376.000,143460,176546,3383.000
2016-03-17,3379.000,3397.000,3368.000,3390.000,131850,171994,3384.000
2016-03-18,3400.000,3470.000,3393.000,3441.000,213280,157616,3429.000
2016-03-21,3440.000,3454.000,3407.000,3422.000,106310,165054,3430.000
2016-03-22,3427.000,3506.000,3423.000,3491.000,211886,167896,3478.000
2016-03-23,3488.000,3540.000,3475.000,3480.000,229932,165874,3512.000
2016-03-24,3473.000,3512.000,3444.000,3470.000,232162,168568,3485.000
2016-03-25,3465.000,3529.000,3449.000,3513.000,217458,169684,3506.000
2016-03-28,3515.000,3532.000,3475.000,3478.000,207304,165356,3508.000
2016-03-29,3480.000,3494.000,3452.000,3456.000,172644,162812,3472.000
2016-03-30,3465.000,3489.000,3457.000,3475.000,163620,170128,3474.000
2016-03-31,3475.000,3483.000,3429.000,3447.000,160736,156680,3451.000
2016-04-01,3452.000,3452.000,3373.000,3379.000,275376,197508,3405.000
2016-04-06,3370.000,3370.000,3316.000,3322.000,301268,254364,3335.000
2016-04-07,3315.000,3340.000,3310.000,3322.000,172132,263620,3329.000
2016-04-08,3322.000,3335.000,3312.000,3318.000,168082,266886,3322.000
2016-04-11,3322.000,3367.000,3316.000,3339.000,229192,259360,3345.000
2016-04-12,3340.000,3374.000,3338.000,3369.000,182198,254734,3357.000
2016-04-13,3372.000,3448.000,3370.000,3416.000,364814,228406,3413.000
2016-04-14,3410.000,3479.000,3410.000,3444.000,286900,229698,3448.000
2016-04-15,3443.000,3464.000,3421.000,3422.000,216066,230192,3442.000
2016-04-18,3418.000,3498.000,3408.000,3476.000,315794,243730,3463.000
2016-04-19,3481.000,3510.000,3466.000,3483.000,303814,243244,3486.000
2016-04-20,3498.000,3625.000,3490.000,3611.000,687638,254672,3580.000
2016-04-21,3610.000,3723.000,3583.000,3723.000,358134,255156,3651.000
2016-04-22,3796.000,3869.000,3601.000,3681.000,1299000,259052,3762.000
2016-04-25,3695.000,3855.000,3660.000,3702.000,1019412,289762,3739.000
2016-04-26,3701.000,3765.000,3672.000,3707.000,561860,263562,3720.000
2016-04-27,3723.000,3743.000,3664.000,3683.000,447228,265726,3698.000
2016-04-28,3687.000,3695.000,3574.000,3600.000,476878,245536,3630.000
2016-04-29,3602.000,3657.000,3581.000,3586.000,341034,249736,3621.000
2016-05-03,3620.000,3708.000,3595.000,3704.000,314320,261846,3662.000
2016-05-04,3691.000,3731.000,3616.000,3631.000,350268,260188,3661.000
2016-05-05,3631.000,3655.000,3597.000,3610.000,266052,275140,3629.000
2016-05-06,3636.000,3645.000,3500.000,3520.000,382470,269000,3556.000
2016-05-09,3521.000,3579.000,3493.000,3530.000,420272,276116,3531.000
2016-05-10,3521.000,3536.000,3462.000,3508.000,296648,272958,3493.000
2016-05-11,3514.000,3667.000,3506.000,3667.000,553812,313318,3618.000
2016-05-12,3660.000,3723.000,3607.000,3645.000,781138,296964,3660.000
2016-05-13,3645.000,3676.000,3530.000,3567.000,561366,264922,3596.000
2016-05-16,3568.000,3642.000,3545.000,3614.000,372828,263680,3598.000
2016-05-17,3610.000,3678.000,3609.000,3676.000,337004,260614,3648.000
2016-05-18,3680.000,3780.000,3658.000,3689.000,560494,233280,3719.000
2016-05-19,3691.000,3753.000,3652.000,3742.000,639040,242624,3720.000
2016-05-20,3722.000,3734.000,3680.000,3721.000,346946,242742,3710.000
2016-05-23,3753.000,3770.000,3640.000,3653.000,388680,228750,3690.000
2016-05-24,3654.000,3664.000,3518.000,3537.000,441674,216454,3583.000
2016-05-25,3538.000,3588.000,3512.000,3569.000,302886,204502,3557.000
2016-05-26,3575.000,3669.000,3575.000,3661.000,345342,203086,3628.000
2016-05-27,3671.000,3693.000,3605.000,3661.000,313538,205980,3645.000
2016-05-30,3655.000,3755.000,3646.000,3720.000,324160,212546,3707.000
2016-05-31,3670.000,3763.000,3620.000,3717.000,460928,230640,3700.000
2016-06-01,3740.000,3808.000,3668.000,3713.000,663104,216136,3745.000
2016-06-02,3720.000,3806.000,3691.000,3766.000,448598,233346,3763.000
2016-06-03,3773.000,3837.000,3762.000,3833.000,439744,236826,3802.000
2016-06-06,3855.000,3865.000,3783.000,3830.000,344744,229904,3817.000
2016-06-07,3839.000,3849.000,3798.000,3831.000,322764,231216,3820.000
2016-06-08,3821.000,3840.000,3770.000,3826.000,343748,226418,3806.000
2016-06-13,3898.000,3992.000,3898.000,3944.000,290542,239896,3952.000
2016-06-14,3950.000,3971.000,3844.000,3879.000,344664,234960,3910.000
2016-06-15,3892.000,3905.000,3834.000,3868.000,263608,231304,3867.000
2016-06-16,3884.000,3907.000,3798.000,3813.000,276188,224584,3853.000
2016-06-17,3817.000,3849.000,3767.000,3848.000,213086,218630,3813.000
2016-06-20,3860.000,3875.000,3803.000,3847.000,194354,214246,3841.000
2016-06-21,3837.000,3892.000,3818.000,3849.000,201912,210650,3857.000
2016-06-22,3830.000,3867.000,3799.000,3867.000,147472,199440,3832.000
2016-06-23,3845.000,3900.000,3834.000,3845.000,200578,199012,3871.000
2016-06-24,3844.000,3896.000,3812.000,3814.000,233250,185320,3864.000
2016-06-27,3801.000,3919.000,3780.000,3903.000,200862,177318,3872.000
2016-06-28,3893.000,4009.000,3889.000,3986.000,278490,181734,3959.000
2016-06-29,4015.000,4015.000,3917.000,3932.000,223488,175710,3960.000
2016-06-30,3921.000,3968.000,3921.000,3940.000,159498,178638,3947.000
2016-07-01,3930.000,4026.000,3896.000,3924.000,257486,186556,3946.000
2016-07-04,3915.000,3968.000,3892.000,3908.000,294098,197316,3933.000
2016-07-05,3906.000,3927.000,3811.000,3859.000,258164,174276,3874.000
2016-07-06,3865.000,3888.000,3747.000,3768.000,246476,163486,3805.000
2016-07-07,3741.000,3826.000,3706.000,3733.000,196930,146324,3751.000
2016-07-08,3764.000,3792.000,3704.000,3741.000,208378,135164,3742.000
2016-07-11,3763.000,3840.000,3738.000,3780.000,161750,133390,3788.000
2016-07-12,3794.000,3803.000,3724.000,3754.000,184980,139040,3759.000
2016-07-13,3750.000,3861.000,3745.000,3841.000,198350,126170,3809.000
2016-07-14,3930.000,3930.000,3861.000,3912.000,75262,140314,3898.000
2016-07-15,3924.000,3932.000,3819.000,3850.000,83684,141084,3855.000
2016-07-18,3831.000,3865.000,3795.000,3807.000,75192,141764,3830.000
2016-07-19,3799.000,3849.000,3790.000,3830.000,71326,138352,3827.000
2016-07-20,3822.000,3834.000,3738.000,3780.000,117224,148676,3781.000
2016-07-21,3770.000,3784.000,3715.000,3732.000,153778,167206,3738.000
2016-07-22,3733.000,3739.000,3636.000,3652.000,199400,186394,3684.000
2016-07-25,3640.000,3658.000,3588.000,3634.000,166226,191402,3627.000
2016-07-26,3630.000,3651.000,3610.000,3641.000,117510,190674,3627.000
2016-07-27,3630.000,3665.000,3612.000,3635.000,119302,192580,3641.000
2016-07-28,3655.000,3670.000,3612.000,3635.000,134232,204404,3643.000
2016-07-29,3627.000,3642.000,3563.000,3595.000,151404,210584,3602.000
2016-08-01,3595.000,3665.000,3584.000,3634.000,142132,191232,3630.000
2016-08-02,3622.000,3645.000,3573.000,3612.000,134598,195658,3608.000
2016-08-03,3618.000,3627.000,3587.000,3611.000,96754,200178,3607.000
2016-08-04,3622.000,3630.000,3576.000,3626.000,122192,200992,3603.000
2016-08-05,3631.000,3669.000,3612.000,3651.000,138114,193290,3643.000
2016-08-08,3644.000,3694.000,3637.000,3659.000,150202,188044,3674.000
2016-08-09,3670.000,3685.000,3640.000,3676.000,114350,181104,3669.000
2016-08-10,3665.000,3740.000,3661.000,3731.000,151110,171374,3711.000
2016-08-11,3738.000,3745.000,3702.000,3724.000,103716,159434,3727.000
2016-08-12,3730.000,3751.000,3718.000,3749.000,87606,156202,3734.000
2016-08-15,3760.000,3810.000,3706.000,3802.000,190556,154504,3769.000
2016-08-16,3809.000,3824.000,3792.000,3820.000,103218,152116,3811.000
2016-08-17,3820.000,3904.000,3790.000,3887.000,212716,181298,3856.000
2016-08-18,3892.000,3915.000,3860.000,3875.000,172886,195646,3886.000
2016-08-19,3869.000,3882.000,3797.000,3826.000,194022,185150,3835.000
2016-08-22,3819.000,3885.000,3806.000,3828.000,172724,198678,3845.000
2016-08-23,3811.000,3854.000,3786.000,3788.000,110664,199384,3825.000
2016-08-24,3800.000,3806.000,3756.000,3777.000,161210,178654,3781.000
2016-08-25,3770.000,3799.000,3738.000,3786.000,151826,175910,3771.000
2016-08-26,3771.000,3787.000,3725.000,3744.000,133044,169422,3756.000
2016-08-29,3755.000,3780.000,3741.000,3759.000,102454,172762,3760.000
2016-08-30,3751.000,3789.000,3736.000,3757.000,108424,178606,3764.000
2016-08-31,3751.000,3768.000,3665.000,3676.000,182338,171954,3704.000
2016-09-01,3668.000,3688.000,3646.000,3657.000,131188,169800,3666.000
2016-09-02,3661.000,3689.000,3621.000,3626.000,166654,175108,3656.000
2016-09-05,3636.000,3640.000,3567.000,3585.000,211072,204100,3604.000
2016-09-06,3585.000,3605.000,3576.000,3596.000,106576,196776,3592.000
2016-09-07,3593.000,3640.000,3578.000,3630.000,156224,193494,3619.000
2016-09-08,3633.000,3650.000,3619.000,3628.000,132486,199814,3632.000
2016-09-09,3630.000,3642.000,3607.000,3632.000,121884,197926,3624.000
2016-09-12,3629.000,3667.000,3601.000,3644.000,210022,186634,3640.000
2016-09-13,3652.000,3674.000,3626.000,3645.000,136402,182696,3651.000
2016-09-14,3635.000,3679.000,3606.000,3675.000,170630,174964,3645.000
2016-09-19,3735.000,3807.000,3711.000,3797.000,191562,166910,3758.000
2016-09-20,3804.000,3818.000,3785.000,3807.000,169442,160306,3800.000
2016-09-21,3803.000,3830.000,3750.000,3766.000,197704,147740,3785.000
2016-09-22,3768.000,3797.000,3746.000,3772.000,151998,150530,3771.000
2016-09-23,3784.000,3794.000,3732.000,3748.000,131854,147134,3762.000
2016-09-26,3740.000,3773.000,3724.000,3752.000,136002,150830,3750.000
2016-09-27,3760.000,3760.000,3680.000,3689.000,159734,148708,3712.000
2016-09-28,3690.000,3698.000,3660.000,3665.000,127544,144352,3676.000
2016-09-29,3662.000,3710.000,3650.000,3687.000,117828,134898,3690.000
2016-09-30,3687.000,3749.000,3672.000,3749.000,160590,141848,3718.000
2016-10-10,3790.000,3790.000,3703.000,3752.000,102068,143462,3722.000
2016-10-11,3743.000,3758.000,3700.000,3712.000,161404,158446,3723.000
2016-10-12,3703.000,3728.000,3624.000,3633.000,216388,163652,3674.000
2016-10-13,3638.000,3648.000,3612.000,3624.000,193316,189416,3627.000
2016-10-14,3627.000,3673.000,3625.000,3660.000,146228,179118,3651.000
2016-10-17,3660.000,3706.000,3643.000,3681.000,197892,190198,3679.000
2016-10-18,3689.000,3702.000,3659.000,3675.000,147364,197190,3676.000
2016-10-19,3666.000,3683.000,3640.000,3674.000,205292,202040,3664.000
2016-10-20,3670.000,3743.000,3669.000,3742.000,283028,187988,3703.000
2016-10-21,3740.000,3779.000,3695.000,3761.000,253220,185844,3741.000
2016-10-24,3761.000,3816.000,3741.000,3805.000,220844,189260,3779.000
2016-10-25,3812.000,3850.000,3751.000,3762.000,235956,180274,3791.000
2016-10-26,3761.000,3890.000,3731.000,3876.000,369214,200072,3821.000
2016-10-27,3870.000,3918.000,3838.000,3865.000,352974,182732,3877.000
2016-10-28,3860.000,3886.000,3836.000,3851.000,188714,177668,3860.000
2016-10-31,3848.000,3866.000,3812.000,3823.000,156268,172280,3832.000
2016-11-01,3822.000,3883.000,3793.000,3839.000,240198,180428,3846.000
2016-11-02,3837.000,3860.000,3771.000,3785.000,209204,169914,3810.000
2016-11-03,3798.000,3820.000,3753.000,3768.000,183790,166466,3786.000
2016-11-04,3775.000,3801.000,3760.000,3762.000,149672,163616,3782.000
2016-11-07,3765.000,3855.000,3752.000,3832.000,177398,172224,3808.000
2016-11-08,3838.000,3860.000,3807.000,3844.000,168238,174504,3831.000
2016-11-09,3844.000,3875.000,3788.000,3810.000,202122,164742,3832.000
2016-11-10,3816.000,3910.000,3793.000,3874.000,301476,169226,3852.000
2016-11-11,3866.000,3995.000,3858.000,3930.000,377172,169180,3930.000
2016-11-14,3910.000,3989.000,3734.000,3734.000,313694,124974,3832.000
2016-11-15,3731.000,3771.000,3656.000,3662.000,206336,109762,3711.000
2016-11-16,3667.000,3722.000,3666.000,3696.000,167804,120326,3695.000
2016-11-17,3695.000,3737.000,3686.000,3714.000,173920,118800,3714.000
2016-11-18,3719.000,3729.000,3686.000,3716.000,129216,119308,3706.000
2016-11-21,3722.000,3794.000,3705.000,3771.000,156892,111658,3753.000
2016-11-22,3770.000,3829.000,3770.000,3815.000,166600,110280,3803.000
2016-11-23,3812.000,3885.000,3793.000,3842.000,188176,111168,3844.000
2016-11-24,3847.000,3890.000,3800.000,3816.000,203268,101500,3847.000
2016-11-25,3823.000,3845.000,3771.000,3828.000,155654,92790,3812.000
2016-11-28,3844.000,3924.000,3816.000,3895.000,168250,89180,3870.000
2016-11-29,4019.000,4138.000,4003.000,4089.000,223632,135972,4089.000
2016-11-30,4068.000,4100.000,3967.000,3997.000,213344,137362,4039.000
2016-12-01,4013.000,4092.000,4011.000,4059.000,175930,158666,4051.000
2016-12-02,4058.000,4235.000,4026.000,4192.000,528772,216290,4151.000
2016-12-05,4198.000,4258.000,4171.000,4211.000,368790,214286,4213.000
2016-12-06,4220.000,4233.000,4160.000,4184.000,213396,215690,4193.000
2016-12-07,4223.000,4294.000,4176.000,4251.000,327114,248900,4237.000
2016-12-08,4243.000,4263.000,4166.000,4190.000,220032,222682,4207.000
2016-12-09,4190.000,4199.000,4131.000,4183.000,181808,217636,4164.000
2016-12-12,4185.000,4234.000,4166.000,4198.000,197078,218196,4206.000
2016-12-13,4186.000,4227.000,4163.000,4217.000,149034,216242,4204.000
2016-12-14,4218.000,4236.000,4172.000,4192.000,162526,215258,4202.000
2016-12-15,4190.000,4236.000,4165.000,4211.000,173078,221034,4203.000
2016-12-16,4200.000,4386.000,4193.000,4349.000,442174,279872,4314.000
2016-12-19,4360.000,4412.000,4318.000,4347.000,362842,278804,4370.000
2016-12-20,4350.000,4358.000,4245.000,4270.000,295466,243728,4304.000
2016-12-21,4271.000,4407.000,4252.000,4371.000,471894,294702,4352.000
2016-12-22,4375.000,4416.000,4339.000,4341.000,422184,308708,4378.000
2016-12-23,4330.000,4363.000,4281.000,4342.000,404254,292032,4318.000
2016-12-26,4346.000,4361.000,4103.000,4143.000,479348,230758,4225.000
2016-12-27,4140.000,4209.000,4126.000,4183.000,281654,214582,4163.000
2016-12-28,4196.000,4275.000,4177.000,4191.000,299454,208278,4220.000
2016-12-29,4203.000,4377.000,4161.000,4322.000,608312,245862,4291.000
2016-12-30,4329.000,4341.000,4259.000,4279.000,312620,233544,4296.000
2017-01-02,4329.000,4341.000,4259.000,4329.000,0,233544,0.000
2017-01-03,4270.000,4311.000,4208.000,4217.000,204190,220916,4246.000
2017-01-04,4220.000,4287.000,4193.000,4285.000,285182,234992,4236.000
2017-01-05,4285.000,4296.000,4241.000,4260.000,224458,231530,4271.000
2017-01-06,4248.000,4323.000,4233.000,4267.000,270432,237594,4279.000
2017-01-09,4262.000,4291.000,4185.000,4211.000,352130,225122,4226.000
2017-01-10,4211.000,4233.000,4143.000,4169.000,291642,217724,4185.000
2017-01-11,4163.000,4214.000,4161.000,4174.000,288396,215232,4186.000
2017-01-12,4170.000,4198.000,4088.000,4112.000,339852,221344,4142.000
2017-01-13,4115.000,4194.000,4100.000,4147.000,322058,203754,4149.000
2017-01-16,4143.000,4252.000,4128.000,4232.000,330776,189194,4197.000
2017-01-17,4232.000,4278.000,4200.000,4230.000,266598,180746,4242.000
2017-01-18,4242.000,4282.000,4206.000,4264.000,258896,188432,4243.000
2017-01-19,4259.000,4306.000,4237.000,4287.000,328396,192598,4273.000
2017-01-20,4292.000,4292.000,4217.000,4219.000,177472,177778,4254.000
2017-01-23,4221.000,4254.000,4164.000,4182.000,213350,179154,4199.000
2017-01-24,4192.000,4240.000,4175.000,4214.000,150058,170170,4209.000
2017-01-25,4214.000,4224.000,4164.000,4191.000,165648,154174,4196.000
2017-01-26,4208.000,4246.000,4184.000,4238.000,149104,152776,4220.000
2017-02-03,4220.000,4332.000,4206.000,4315.000,212938,197316,4297.000
2017-02-06,4319.000,4371.000,4288.000,4359.000,254668,221378,4330.000
2017-02-07,4353.000,4367.000,4326.000,4349.000,172980,207344,4345.000
2017-02-08,4347.000,4391.000,4326.000,4343.000,268570,211090,4359.000
2017-02-09,4343.000,4375.000,4322.000,4322.000,201800,201018,4350.000
2017-02-10,4322.000,4353.000,4303.000,4338.000,164532,196564,4331.000
2017-02-13,4334.000,4403.000,4312.000,4333.000,273856,198158,4349.000
2017-02-14,4330.000,4436.000,4323.000,4352.000,481990,211388,4386.000
2017-02-15,4366.000,4376.000,4274.000,4283.000,277688,183384,4306.000
2017-02-16,4281.000,4328.000,4265.000,4279.000,208902,173934,4296.000
2017-02-17,4285.000,4304.000,4212.000,4230.000,255552,164804,4253.000
2017-02-20,4230.000,4251.000,4214.000,4236.000,130384,164596,4235.000
2017-02-21,4234.000,4287.000,4226.000,4261.000,177294,165250,4257.000
2017-02-22,4250.000,4270.000,4187.000,4198.000,196078,156706,4219.000
2017-02-23,4200.000,4234.000,4169.000,4180.000,177450,156622,4205.000
2017-02-24,4194.000,4194.000,4094.000,4135.000,218530,155260,4131.000
2017-02-27,4128.000,4155.000,4084.000,4125.000,229232,166654,4119.000
2017-02-28,4130.000,4175.000,4111.000,4119.000,242666,156518,4143.000
2017-03-01,4122.000,4173.000,4116.000,4129.000,228870,161326,4141.000
2017-03-02,4131.000,4136.000,4095.000,4107.000,246010,183758,4114.000
2017-03-03,4100.000,4103.000,3991.000,4038.000,270680,197160,4040.000
2017-03-06,4038.000,4046.000,4010.000,4023.000,210618,212282,4026.000
2017-03-07,4023.000,4037.000,3977.000,3988.000,243624,237552,4007.000
2017-03-08,3988.000,4032.000,3967.000,4023.000,295622,215422,4001.000
2017-03-09,4028.000,4045.000,3977.000,4011.000,315116,207792,4019.000
2017-03-10,4005.000,4013.000,3852.000,3881.000,398872,186306,3927.000
2017-03-13,3900.000,3937.000,3888.000,3912.000,178924,171168,3913.000
2017-03-14,3907.000,3923.000,3844.000,3872.000,207434,179710,3881.000
2017-03-15,3870.000,3888.000,3840.000,3854.000,197392,188434,3862.000
2017-03-16,3862.000,3867.000,3802.000,3813.000,254112,212106,3829.000
2017-03-17,3811.000,3840.000,3811.000,3822.000,175716,202950,3824.000
2017-03-20,3820.000,3853.000,3818.000,3830.000,172084,200514,3835.000
2017-03-21,3837.000,3837.000,3764.000,3790.000,216072,206082,3792.000
2017-03-22,3795.000,3866.000,3783.000,3848.000,279206,177060,3829.000
2017-03-23,3877.000,3905.000,3853.000,3871.000,162134,191462,3880.000
2017-03-24,3860.000,3896.000,3857.000,3876.000,120488,192586,3876.000
2017-03-27,3875.000,3887.000,3751.000,3782.000,215224,187602,3808.000
2017-03-28,3782.000,3810.000,3762.000,3789.000,95602,188024,3790.000
2017-03-29,3795.000,3816.000,3779.000,3798.000,94780,196704,3796.000
2017-03-30,3793.000,3805.000,3765.000,3784.000,120554,208232,3781.000
2017-03-31,3770.000,3825.000,3715.000,3788.000,164772,212770,3793.000
2017-04-05,3750.000,3814.000,3741.000,3802.000,147868,218080,3780.000
2017-04-06,3805.000,3817.000,3764.000,3781.000,177766,230598,3791.000
2017-04-07,3783.000,3797.000,3749.000,3763.000,178010,229332,3769.000
2017-04-10,3775.000,3866.000,3766.000,3847.000,383392,240108,3821.000
2017-04-11,3847.000,3869.000,3821.000,3849.000,240006,240820,3848.000
2017-04-12,3849.000,3884.000,3802.000,3824.000,331126,237456,3846.000
2017-04-13,3828.000,3873.000,3812.000,3856.000,204042,239840,3849.000
2017-04-14,3859.000,3882.000,3836.000,3861.000,212310,235418,3856.000
2017-04-17,3866.000,3906.000,3766.000,3770.000,462692,246260,3827.000
2017-04-18,3770.000,3775.000,3701.000,3714.000,342290,269130,3738.000
2017-04-19,3718.000,3748.000,3695.000,3746.000,250428,265590,3729.000
2017-04-20,3749.000,3774.000,3702.000,3752.000,289822,247684,3743.000
2017-04-21,3748.000,3769.000,3730.000,3743.000,171178,249612,3747.000
2017-04-24,3750.000,3782.000,3722.000,3735.000,236160,259696,3748.000
2017-04-25,3740.000,3741.000,3708.000,3726.000,175878,259566,3725.000
2017-04-26,3730.000,3755.000,3705.000,3725.000,190462,259462,3728.000
2017-04-27,3729.000,3745.000,3715.000,3730.000,176358,249700,3727.000
2017-04-28,3735.000,3768.000,3727.000,3754.000,222022,244886,3750.000
2017-05-02,3760.000,3855.000,3760.000,3841.000,213302,242402,3824.000
2017-05-03,3835.000,3839.000,3808.000,3828.000,145726,230746,3825.000
2017-05-04,3833.000,3844.000,3796.000,3809.000,210882,225278,3819.000
2017-05-05,3814.000,3841.000,3801.000,3813.000,187392,225662,3819.000
2017-05-08,3823.000,3875.000,3801.000,3831.000,264808,231214,3833.000
2017-05-09,3828.000,3846.000,3806.000,3836.000,171918,223240,3827.000
2017-05-10,3838.000,3855.000,3819.000,3839.000,161018,216130,3837.000
2017-05-11,3844.000,3860.000,3767.000,3805.000,305604,221558,3808.000
2017-05-12,3800.000,3808.000,3772.000,3781.000,159162,205876,3788.000
2017-05-15,3766.000,3800.000,3761.000,3772.000,139314,209750,3780.000
2017-05-16,3781.000,3789.000,3753.000,3767.000,146526,220238,3769.000
2017-05-17,3772.000,3816.000,3763.000,3809.000,204770,209824,3792.000
2017-05-18,3804.000,3828.000,3755.000,3771.000,211096,219988,3783.000
2017-05-19,3755.000,3773.000,3737.000,3762.000,172484,224960,3754.000
2017-05-22,3770.000,3844.000,3759.000,3817.000,255794,212428,3810.000
2017-05-23,3818.000,3844.000,3804.000,3833.000,161914,216550,3824.000
2017-05-24,3835.000,3888.000,3814.000,3864.000,281698,241548,3850.000
2017-05-25,3866.000,3882.000,3831.000,3843.000,243516,231928,3857.000
2017-05-26,3856.000,3870.000,3811.000,3829.000,191072,214552,3843.000
2017-05-31,3820.000,3820.000,3721.000,3736.000,252010,194716,3759.000
2017-06-01,3743.000,3756.000,3726.000,3748.000,152548,199148,3740.000
2017-06-02,3750.000,3785.000,3741.000,3766.000,162320,180634,3765.000
2017-06-05,3766.000,3836.000,3764.000,3828.000,218852,190924,3812.000
2017-06-06,3826.000,3856.000,3816.000,3835.000,163366,193388,3834.000
2017-06-07,3835.000,3860.000,3817.000,3847.000,174568,198324,3840.000
2017-06-08,3854.000,3865.000,3835.000,3849.000,119798,199262,3847.000
2017-06-09,3855.000,3967.000,3850.000,3940.000,420468,245244,3918.000
2017-06-12,3947.000,3996.000,3926.000,3976.000,262142,240904,3957.000
2017-06-13,3970.000,3979.000,3917.000,3961.000,253786,232856,3949.000
2017-06-14,3961.000,3974.000,3925.000,3942.000,202706,236644,3949.000
2017-06-15,3930.000,3978.000,3916.000,3959.000,225364,236062,3949.000
2017-06-16,3950.000,4008.000,3892.000,3918.000,342834,211344,3948.000
2017-06-19,3933.000,3948.000,3878.000,3888.000,252282,198054,3911.000
2017-06-20,3888.000,3913.000,3863.000,3892.000,209276,197050,3890.000
2017-06-21,3884.000,3922.000,3841.000,3855.000,248000,184826,3876.000
2017-06-22,3855.000,3866.000,3831.000,3843.000,162644,180734,3852.000
2017-06-23,3838.000,3854.000,3816.000,3841.000,152572,179916,3837.000
2017-06-26,3850.000,3886.000,3832.000,3845.000,170544,182340,3858.000
2017-06-27,3842.000,3857.000,3823.000,3842.000,113022,187286,3843.000
2017-06-28,3850.000,3872.000,3831.000,3856.000,194670,197970,3851.000
2017-06-29,3877.000,3880.000,3842.000,3857.000,181442,202406,3860.000
2017-06-30,3859.000,3888.000,3824.000,3858.000,203510,203116,3859.000
2017-07-03,3867.000,3934.000,3848.000,3900.000,287202,212616,3896.000
2017-07-04,3905.000,3940.000,3865.000,3902.000,230034,209914,3908.000
2017-07-05,3912.000,3917.000,3877.000,3888.000,182868,200426,3898.000
2017-07-06,3895.000,3916.000,3832.000,3849.000,311198,193848,3866.000
2017-07-07,3852.000,3861.000,3803.000,3819.000,184030,190986,3832.000
2017-07-10,3831.000,3907.000,3821.000,3878.000,268234,166330,3868.000
2017-07-11,3878.000,3920.000,3876.000,3888.000,204406,166854,3896.000
2017-07-12,3878.000,3946.000,3865.000,3906.000,243904,173020,3909.000
2017-07-13,3912.000,3924.000,3882.000,3892.000,155072,174112,3900.000
2017-07-14,3892.000,3892.000,3808.000,3820.000,231940,166232,3834.000
2017-07-17,3830.000,3844.000,3789.000,3811.000,184864,163202,3820.000
2017-07-18,3820.000,3836.000,3805.000,3823.000,121324,160604,3821.000
2017-07-19,3834.000,3853.000,3795.000,3813.000,152106,167412,3819.000
2017-07-20,3821.000,3843.000,3778.000,3803.000,201288,176590,3815.000
2017-07-21,3814.000,3818.000,3780.000,3808.000,189748,179932,3802.000
2017-07-24,3808.000,3823.000,3746.000,3783.000,210952,172928,3779.000
2017-07-25,3783.000,3816.000,3774.000,3789.000,121838,171852,3789.000
2017-07-26,3780.000,3812.000,3765.000,3796.000,140620,169736,3790.000
2017-07-27,3790.000,3817.000,3785.000,3809.000,117218,162084,3805.000
2017-07-28,3817.000,3822.000,3787.000,3794.000,120938,157016,3805.000
2017-07-31,3802.000,3822.000,3781.000,3811.000,174944,140784,3802.000
2017-08-01,3805.000,3832.000,3773.000,3791.000,193362,136750,3804.000
2017-08-02,3791.000,3801.000,3764.000,3793.000,130602,134482,3781.000
2017-08-03,3797.000,3800.000,3771.000,3779.000,83664,130868,3782.000
2017-08-04,3812.000,3829.000,3786.000,3825.000,99990,153662,3814.000
2017-08-07,3830.000,3936.000,3826.000,3925.000,224516,167038,3881.000
2017-08-08,3926.000,3990.000,3921.000,3951.000,256984,188460,3958.000
2017-08-09,3951.000,3997.000,3951.000,3982.000,157330,194150,3976.000
2017-08-10,3978.000,4015.000,3970.000,3995.000,174878,206944,3993.000
2017-08-11,3997.000,4017.000,3927.000,3954.000,258036,202010,3971.000
2017-08-14,3960.000,3965.000,3888.000,3898.000,229696,186226,3912.000
2017-08-15,3893.000,3915.000,3880.000,3890.000,138022,190458,3896.000
2017-08-16,3894.000,3897.000,3868.000,3881.000,121690,198722,3884.000
2017-08-17,3885.000,3913.000,3883.000,3906.000,171204,209488,3898.000
2017-08-18,3906.000,3920.000,3876.000,3898.000,122000,207444,3901.000
2017-08-21,3902.000,3945.000,3896.000,3913.000,182162,213880,3922.000
2017-08-22,3910.000,3935.000,3883.000,3925.000,167060,216674,3915.000
2017-08-23,3919.000,3970.000,3911.000,3929.000,213398,224268,3937.000
2017-08-24,3930.000,3938.000,3901.000,3919.000,166422,215344,3916.000
2017-08-25,3922.000,3930.000,3910.000,3921.000,126656,204144,3919.000
2017-08-28,3925.000,3960.000,3912.000,3927.000,181486,206614,3936.000
2017-08-29,3931.000,3942.000,3895.000,3913.000,154328,201598,3916.000
2017-08-30,3908.000,3915.000,3888.000,3893.000,93298,208580,3902.000
2017-08-31,3898.000,3913.000,3872.000,3873.000,146826,213908,3890.000
2017-09-01,3868.000,3888.000,3846.000,3849.000,170676,219214,3867.000
2017-09-04,3855.000,3863.000,3836.000,3858.000,155898,226244,3850.000
2017-09-05,3856.000,3867.000,3845.000,3852.000,111748,232728,3853.000
2017-09-06,3857.000,3868.000,3826.000,3833.000,172806,253802,3851.000
2017-09-07,3833.000,3837.000,3815.000,3818.000,183230,294818,3825.000
2017-09-08,3829.000,3851.000,3819.000,3840.000,185560,273626,3833.000
2017-09-11,3845.000,3845.000,3780.000,3820.000,209958,279254,3808.000
2017-09-12,3820.000,3824.000,3796.000,3809.000,117140,278124,3813.000
2017-09-13,3809.000,3826.000,3797.000,3824.000,152498,274412,3812.000
2017-09-14,3823.000,3846.000,3813.000,3821.000,172352,273674,3827.000
2017-09-15,3825.000,3834.000,3805.000,3814.000,124146,279566,3818.000
2017-09-18,3818.000,3827.000,3801.000,3813.000,110776,281250,3814.000
2017-09-19,3807.000,3825.000,3801.000,3810.000,94122,275602,3813.000
2017-09-20,3811.000,3813.000,3766.000,3805.000,144346,284774,3790.000
2017-09-21,3808.000,3811.000,3778.000,3790.000,96056,281734,3795.000
2017-09-22,3790.000,3830.000,3782.000,3828.000,174910,279628,3810.000
2017-09-25,3836.000,3836.000,3814.000,3825.000,103168,275064,3822.000
2017-09-26,3826.000,3841.000,3816.000,3826.000,111156,272124,3827.000
2017-09-27,3821.000,3846.000,3818.000,3839.000,94966,265508,3831.000
2017-09-28,3837.000,3858.000,3812.000,3829.000,136420,238700,3832.000
2017-09-29,3827.000,3841.000,3819.000,3821.000,95326,226674,3828.000
2017-10-02,3837.000,3837.000,3813.000,3825.000,0,24,3825.000
2017-10-09,3837.000,3837.000,3813.000,3825.000,26,24,3825.000
2017-10-10,3828.000,3882.000,3818.000,3880.000,269172,271720,3852.000
2017-10-11,3878.000,3893.000,3846.000,3849.000,215640,239278,3870.000
2017-10-12,3850.000,3853.000,3803.000,3808.000,146904,219920,3825.000
2017-10-13,3810.000,3843.000,3802.000,3820.000,181998,205330,3823.000
2017-10-16,3828.000,3832.000,3794.000,3806.000,178030,215864,3811.000
2017-10-17,3804.000,3808.000,3736.000,3748.000,265242,266292,3766.000
2017-10-18,3738.000,3750.000,3716.000,3729.000,232254,289494,3730.000
2017-10-19,3733.000,3734.000,3710.000,3713.000,134406,307562,3721.000
2017-10-20,3713.000,3735.000,3713.000,3724.000,108040,305118,3725.000
2017-10-23,3723.000,3733.000,3667.000,3682.000,211022,333504,3690.000
2017-10-24,3681.000,3687.000,3653.000,3656.000,148630,356610,3670.000
2017-10-25,3656.000,3670.000,3651.000,3663.000,134368,354550,3661.000
2017-10-26,3666.000,3669.000,3638.000,3642.000,124556,370674,3652.000
2017-10-27,3648.000,3649.000,3608.000,3626.000,158774,375812,3627.000
2017-10-30,3632.000,3647.000,3614.000,3625.000,126228,376370,3630.000
2017-10-31,3627.000,3639.000,3616.000,3631.000,90154,371904,3627.000
2017-11-01,3627.000,3645.000,3626.000,3630.000,100174,373514,0.000
2017-11-02,3628.000,3643.000,3622.000,3638.000,108380,372762,0.000
2017-11-03,3633.000,3661.000,3633.000,3644.000,105932,371192,0.000
2017-11-06,3646.000,3650.000,3614.000,3650.000,164640,365268,0.000
2017-11-07,3649.000,3680.000,3645.000,3668.000,164620,332680,0.000
2017-11-08,3672.000,3672.000,3656.000,3665.000,75816,326986,0.000
2017-11-09,3665.000,3695.000,3657.000,3683.000,112254,312016,0.000
2017-11-10,3683.000,3689.000,3640.000,3664.000,130584,304978,0.000
2017-11-13,3666.000,3676.000,3657.000,3668.000,67626,304106,0.000
2017-11-14,3668.000,3676.000,3630.000,3634.000,142026,312700,0.000
2017-11-15,3634.000,3642.000,3570.000,3616.000,164162,310516,0.000
2017-11-16,3621.000,3633.000,3606.000,3624.000,86038,309964,0.000
2017-11-17,3619.000,3625.000,3609.000,3625.000,62060,308862,0.000
2017-11-20,3620.000,3652.000,3617.000,3636.000,121810,302366,0.000
2017-11-21,3630.000,3690.000,3629.000,3683.000,173354,277400,0.000
2017-11-22,3680.000,3700.000,3677.000,3684.000,120548,261052,0.000
2017-11-23,3692.000,3702.000,3660.000,3679.000,107690,254236,0.000
2017-11-24,3683.000,3695.000,3671.000,3680.000,56612,249562,0.000
2017-11-27,3680.000,3685.000,3651.000,3667.000,80700,240220,0.000
2017-11-28,3674.000,3677.000,3656.000,3666.000,64328,234064,0.000
2017-11-29,3670.000,3670.000,3641.000,3641.000,70032,227592,0.000
2017-11-30,3645.000,3648.000,3555.000,3560.000,170114,232708,0.000
2017-12-01,3563.000,3589.000,3559.000,3572.000,82022,218936,0.000
2017-12-04,3589.000,3602.000,3570.000,3600.000,71306,211364,0.000
2017-12-05,3596.000,3604.000,3559.000,3575.000,71660,204700,0.000
2017-12-06,3579.000,3598.000,3562.000,3573.000,80730,199076,0.000
2017-12-07,3575.000,3580.000,3446.000,3453.000,175432,182826,0.000
2017-12-08,3450.000,3455.000,3410.000,3429.000,83666,170218,0.000
2017-12-11,3634.000,3638.000,3607.000,3621.000,106498,200938,0.000
2017-12-12,3617.000,3628.000,3601.000,3615.000,133604,234294,0.000
2017-12-13,3610.000,3635.000,3581.000,3622.000,142002,241096,0.000
2017-12-14,3618.000,3643.000,3618.000,3636.000,92654,236234,0.000
2017-12-15,3636.000,3648.000,3626.000,3632.000,77228,238450,0.000
2017-12-18,3646.000,3681.000,3618.000,3674.000,132010,233160,0.000
2017-12-19,3673.000,3677.000,3650.000,3669.000,90864,232754,0.000
2017-12-20,3664.000,3674.000,3634.000,3647.000,88146,237086,0.000
2017-12-21,3652.000,3671.000,3636.000,3642.000,99680,222966,0.000
2017-12-22,3646.000,3650.000,3574.000,3601.000,197914,236462,0.000
2017-12-25,3605.000,3667.000,3593.000,3666.000,167506,216854,0.000
2017-12-26,3663.000,3693.000,3655.000,3670.000,123054,210502,0.000
2017-12-27,3666.000,3683.000,3655.000,3670.000,83144,218516,0.000
2017-12-28,3665.000,3673.000,3616.000,3632.000,143972,228746,0.000
2017-12-29,3632.000,3640.000,3608.000,3626.000,132704,227374,0.000
2018-01-02,3583.000,3668.000,3583.000,3639.000,92242,233118,0.000
2018-01-03,3639.000,3675.000,3631.000,3659.000,134428,233774,0.000
2018-01-04,3666.000,3670.000,3642.000,3669.000,89870,237044,0.000
2018-01-05,3670.000,3700.000,3658.000,3672.000,167556,235366,0.000
2018-01-08,3677.000,3690.000,3652.000,3688.000,94634,233268,0.000
2018-01-09,3693.000,3707.000,3672.000,3676.000,129430,235374,0.000
2018-01-10,3679.000,3713.000,3662.000,3696.000,112550,237484,0.000
2018-01-11,3695.000,3698.000,3656.000,3662.000,94284,236778,0.000
2018-01-12,3662.000,3674.000,3638.000,3644.000,107892,238806,0.000
2018-01-15,3648.000,3687.000,3638.000,3673.000,123348,235680,0.000
2018-01-16,3676.000,3678.000,3601.000,3603.000,161314,244820,0.000
2018-01-17,3607.000,3618.000,3593.000,3599.000,110980,257492,0.000
2018-01-18,3599.000,3609.000,3581.000,3605.000,80228,257588,0.000
2018-01-19,3600.000,3600.000,3522.000,3536.000,251310,285926,0.000
2018-01-22,3539.000,3545.000,3511.000,3523.000,128006,291590,0.000
2018-01-23,3524.000,3539.000,3515.000,3533.000,103120,293872,0.000
2018-01-24,3537.000,3547.000,3516.000,3521.000,122244,301816,0.000
2018-01-25,3525.000,3556.000,3510.000,3536.000,148782,294668,0.000
2018-01-26,3535.000,3546.000,3496.000,3527.000,138094,297516,0.000
2018-01-29,3527.000,3544.000,3521.000,3528.000,89404,296072,0.000
2018-01-30,3532.000,3542.000,3518.000,3536.000,103162,291674,0.000
2018-01-31,3538.000,3552.000,3524.000,3531.000,107830,291914,0.000
2018-02-01,3527.000,3527.000,3463.000,3472.000,212048,321302,0.000
2018-02-02,3472.000,3478.000,3453.000,3467.000,128484,305996,0.000
2018-02-05,3472.000,3498.000,3463.000,3494.000,127896,277904,0.000
2018-02-06,3489.000,3521.000,3483.000,3500.000,127396,272544,0.000
2018-02-07,3503.000,3527.000,3491.000,3519.000,98484,263828,0.000
2018-02-08,3515.000,3546.000,3505.000,3538.000,124732,245228,0.000
2018-02-09,3534.000,3573.000,3534.000,3560.000,120964,222320,0.000
2018-02-12,3555.000,3580.000,3543.000,3562.000,100744,212544,0.000
2018-02-13,3558.000,3568.000,3524.000,3561.000,130768,203022,0.000
2018-02-14,3562.000,3572.000,3543.000,3568.000,76606,189412,0.000
2018-02-22,3595.000,3614.000,3577.000,3613.000,77714,196748,0.000
2018-02-23,3608.000,3633.000,3601.000,3628.000,107528,204472,0.000
2018-02-26,3624.000,3650.000,3617.000,3632.000,106176,210192,0.000
2018-02-27,3627.000,3655.000,3624.000,3651.000,107228,212380,0.000
2018-02-28,3646.000,3665.000,3636.000,3660.000,91258,211594,0.000
2018-03-01,3656.000,3691.000,3656.000,3677.000,134418,209268,0.000
2018-03-02,3670.000,3743.000,3660.000,3711.000,252012,214052,0.000
2018-03-05,3715.000,3721.000,3667.000,3700.000,154468,204988,0.000
2018-03-06,3705.000,3705.000,3678.000,3691.000,95606,191658,0.000
2018-03-07,3695.000,3718.000,3665.000,3675.000,152014,186804,0.000
2018-03-08,3674.000,3707.000,3667.000,3696.000,116882,188418,0.000
2018-03-09,3696.000,3713.000,3629.000,3634.000,207654,177032,0.000
2018-03-12,3630.000,3651.000,3595.000,3611.000,191270,165102,3614.000
2018-03-13,3607.000,3628.000,3591.000,3616.000,126830,158062,3609.000
2018-03-14,3630.000,3647.000,3614.000,3626.000,88912,154186,3628.000
2018-03-15,3638.000,3645.000,3601.000,3638.000,120310,155374,3626.000
2018-03-16,3650.000,3722.000,3642.000,3705.000,271256,177728,3689.000
2018-03-19,3705.000,3729.000,3696.000,3714.000,176076,173106,3713.000
2018-03-20,3710.000,3737.000,3683.000,3707.000,189082,169832,3710.000
2018-03-21,3714.000,3727.000,3698.000,3715.000,111958,165050,3711.000
2018-03-22,3725.000,3756.000,3690.000,3715.000,183690,163942,3716.000
2018-03-23,3715.000,3783.000,3708.000,3759.000,258778,153796,3749.000
2018-03-26,3754.000,3821.000,3723.000,3767.000,261666,143830,3767.000
2018-03-27,3767.000,3777.000,3711.000,3752.000,140882,139466,3745.000
2018-03-28,3755.000,3759.000,3723.000,3738.000,117304,134888,3738.000
2018-03-29,3743.000,3757.000,3712.000,3745.000,96580,136208,3738.000
2018-03-30,3738.000,3828.000,3738.000,3745.000,218014,125240,3772.000
2018-04-02,3747.000,3773.000,3725.000,3763.000,161998,126438,3749.000
2018-04-03,3758.000,3796.000,3751.000,3787.000,124134,124500,3776.000
2018-04-04,3885.000,3972.000,3880.000,3947.000,164382,143782,3933.000
2018-04-09,4122.000,4122.000,3995.000,4031.000,206310,168606,4041.000
2018-04-10,4035.000,4041.000,3956.000,3990.000,212844,178196,3998.000
2018-04-11,3993.000,4005.000,3956.000,3972.000,140158,185948,3978.000
2018-04-12,3975.000,3995.000,3955.000,3964.000,145074,191310,3976.000
2018-04-13,3956.000,3990.000,3946.000,3980.000,111588,192484,3973.000
2018-04-16,3975.000,3982.000,3909.000,3919.000,151696,172058,3935.000
2018-04-17,3923.000,3940.000,3863.000,3940.000,189796,166364,3894.000
2018-04-18,3935.000,3936.000,3877.000,3901.000,175354,162324,3909.000
2018-04-19,3910.000,3921.000,3837.000,3861.000,202530,166776,3882.000
2018-04-20,3860.000,3880.000,3841.000,3875.000,166918,172022,3861.000
2018-04-23,3871.000,3903.000,3844.000,3855.000,171670,166616,3870.000
2018-04-24,3850.000,3892.000,3840.000,3854.000,152512,171730,3870.000
2018-04-25,3849.000,3893.000,3838.000,3855.000,146618,171656,3867.000
2018-04-26,3855.000,3866.000,3819.000,3819.000,156604,162604,3839.000
2018-04-27,3826.000,3832.000,3792.000,3798.000,112916,154712,3813.000
2018-05-02,3816.000,3857.000,3814.000,3819.000,99780,158680,3835.000
2018-05-03,3814.000,3845.000,3804.000,3842.000,104362,164278,3823.000
2018-05-04,3837.000,3843.000,3798.000,3830.000,111758,165152,3819.000
2018-05-07,3843.000,3887.000,3830.000,3846.000,214542,176550,3860.000
2018-05-08,3846.000,3864.000,3778.000,3786.000,183206,166492,3812.000
2018-05-09,3786.000,3802.000,3770.000,3781.000,115798,173014,3784.000
2018-05-10,3781.000,3796.000,3773.000,3790.000,90496,174420,3785.000
2018-05-11,3786.000,3794.000,3752.000,3759.000,105662,176772,3770.000
2018-05-14,3763.000,3791.000,3748.000,3754.000,113888,169536,3770.000
2018-05-15,3758.000,3784.000,3719.000,3728.000,115714,174794,3749.000
2018-05-16,3729.000,3731.000,3668.000,3686.000,191480,173358,3694.000
2018-05-17,3689.000,3701.000,3662.000,3678.000,109122,174890,3682.000
2018-05-18,3681.000,3699.000,3662.000,3688.000,111078,178004,3681.000
2018-05-21,3683.000,3712.000,3644.000,3698.000,192218,184614,3678.000
2018-05-22,3703.000,3722.000,3670.000,3686.000,164734,184488,3699.000
2018-05-23,3690.000,3701.000,3640.000,3653.000,203814,208838,3666.000
2018-05-24,3655.000,3682.000,3647.000,3676.000,157476,221044,3666.000
2018-05-25,3680.000,3689.000,3662.000,3664.000,134882,221696,3674.000
2018-05-28,3674.000,3704.000,3665.000,3698.000,177088,225692,3686.000
2018-05-29,3695.000,3719.000,3688.000,3715.000,153850,230418,3705.000
2018-05-30,3704.000,3759.000,3693.000,3712.000,274172,232402,3727.000
2018-05-31,3711.000,3720.000,3676.000,3687.000,182670,227398,3697.000
2018-06-01,3693.000,3716.000,3670.000,3682.000,159220,228670,3692.000
2018-06-04,3684.000,3737.000,3673.000,3732.000,165460,218076,3709.000
2018-06-05,3736.000,3753.000,3691.000,3731.000,190322,215098,3726.000
2018-06-06,3735.000,3735.000,3672.000,3677.000,180572,229950,3697.000
2018-06-07,3673.000,3677.000,3636.000,3636.000,180964,252650,3654.000
2018-06-08,3610.000,3630.000,3530.000,3567.000,336782,260412,3577.000
2018-06-11,3566.000,3593.000,3558.000,3577.000,137226,251392,3576.000
2018-06-12,3575.000,3588.000,3565.000,3580.000,105188,241354,3577.000
2018-06-13,3584.000,3598.000,3562.000,3582.000,162882,221750,3578.000
2018-06-14,3585.000,3598.000,3573.000,3587.000,111344,217782,3587.000
2018-06-15,3583.000,3601.000,3568.000,3592.000,154294,215318,3586.000
2018-06-19,3651.000,3708.000,3619.000,3658.000,247202,200454,3668.000
2018-06-20,3658.000,3686.000,3621.000,3651.000,204338,199966,3660.000
2018-06-21,3660.000,3670.000,3602.000,3612.000,173060,201304,3634.000
2018-06-22,3616.000,3632.000,3550.000,3605.000,181900,201834,3597.000
2018-06-25,3611.000,3641.000,3606.000,3635.000,112126,198500,3624.000
2018-06-26,3638.000,3665.000,3604.000,3636.000,174322,200606,3637.000
2018-06-27,3637.000,3687.000,3622.000,3664.000,192276,203332,3651.000
2018-06-28,3666.000,3677.000,3647.000,3667.000,134982,197642,3663.000
2018-06-29,3674.000,3695.000,3656.000,3690.000,126882,189452,3677.000
2018-07-02,3681.000,3741.000,3681.000,3716.000,170630,187130,3715.000
2018-07-03,3718.000,3725.000,3668.000,3681.000,134556,172286,3694.000
2018-07-04,3688.000,3688.000,3628.000,3654.000,151628,181156,3659.000
2018-07-05,3658.000,3690.000,3622.000,3681.000,142586,178802,3659.000
2018-07-06,3680.000,3698.000,3576.000,3622.000,253646,188060,3649.000
2018-07-09,3613.000,3662.000,3608.000,3633.000,133226,178622,3638.000
2018-07-10,3623.000,3626.000,3559.000,3574.000,155508,187234,3587.000
2018-07-11,3578.000,3599.000,3555.000,3562.000,141486,181002,3576.000
2018-07-12,3568.000,3569.000,3537.000,3543.000,121684,186814,3553.000
2018-07-13,3543.000,3547.000,3472.000,3485.000,191436,191838,3502.000
2018-07-16,3496.000,3499.000,3473.000,3485.000,97824,184718,3488.000
2018-07-17,3489.000,3531.000,3486.000,3511.000,121714,180558,3511.000
2018-07-18,3515.000,3531.000,3493.000,3504.000,110308,182680,3509.000
2018-07-19,3508.000,3517.000,3497.000,3505.000,76474,180584,3506.000
2018-07-20,3502.000,3534.000,3500.000,3510.000,119196,178078,3516.000
2018-07-23,3512.000,3527.000,3483.000,3499.000,107882,174642,3505.000
2018-07-24,3504.000,3513.000,3488.000,3493.000,77906,172104,3499.000
2018-07-25,3491.000,3535.000,3490.000,3517.000,107084,170378,3516.000
2018-07-26,3521.000,3545.000,3510.000,3534.000,111040,163968,3530.000
2018-07-27,3538.000,3540.000,3506.000,3518.000,83074,158462,3519.000
2018-07-30,3634.000,3657.000,3627.000,3653.000,73236,172236,3643.000
2018-07-31,3655.000,3675.000,3636.000,3649.000,72590,178918,3657.000
2018-08-01,3655.000,3667.000,3616.000,3628.000,122758,185298,3641.000
2018-08-02,3627.000,3640.000,3606.000,3618.000,95242,198776,3623.000
2018-08-03,3622.000,3623.000,3580.000,3580.000,152480,212300,3601.000
2018-08-06,3580.000,3641.000,3566.000,3630.000,159566,203378,3616.000
2018-08-07,3626.000,3661.000,3625.000,3654.000,126274,204906,3645.000
2018-08-08,3654.000,3819.000,3645.000,3789.000,306846,242240,3721.000
2018-08-09,3791.000,3818.000,3756.000,3774.000,287654,247268,3787.000
2018-08-10,3778.000,3847.000,3758.000,3774.000,327098,242704,3799.000
2018-08-13,3779.000,3796.000,3717.000,3738.000,192686,247736,3754.000
2018-08-14,3738.000,3780.000,3733.000,3770.000,174844,253300,3761.000
2018-08-15,3779.000,3813.000,3766.000,3791.000,245222,261592,3788.000
2018-08-16,3787.000,3797.000,3716.000,3747.000,250842,238972,3752.000
2018-08-17,3751.000,3772.000,3701.000,3717.000,209258,236312,3737.000
2018-08-20,3718.000,3736.000,3632.000,3668.000,281076,242346,3679.000
2018-08-21,3674.000,3687.000,3656.000,3677.000,115246,241696,3673.000
2018-08-22,3677.000,3716.000,3667.000,3699.000,180418,242896,3687.000
2018-08-23,3699.000,3717.000,3640.000,3643.000,197202,248212,3684.000
2018-08-24,3640.000,3666.000,3636.000,3656.000,125756,256224,3651.000
2018-08-27,3657.000,3662.000,3568.000,3596.000,236148,252722,3603.000
2018-08-28,3599.000,3635.000,3589.000,3613.000,143626,256352,3619.000
2018-08-29,3619.000,3631.000,3604.000,3628.000,128674,262234,3620.000
2018-08-30,3634.000,3663.000,3624.000,3650.000,132356,257984,3642.000
2018-08-31,3650.000,3650.000,3615.000,3635.000,114632,257508,3630.000
2018-09-03,3633.000,3661.000,3618.000,3650.000,148890,261196,3640.000
2018-09-04,3649.000,3665.000,3600.000,3614.000,157868,281156,3628.000
2018-09-05,3612.000,3618.000,3581.000,3582.000,149516,291732,3601.000
2018-09-06,3579.000,3620.000,3568.000,3619.000,119052,281878,3598.000
2018-09-07,3622.000,3645.000,3608.000,3644.000,140140,266108,3628.000
2018-09-10,3643.000,3809.000,3636.000,3809.000,530984,308996,3751.000
2018-09-11,3818.000,3855.000,3745.000,3772.000,561518,289774,3801.000
2018-09-12,3771.000,3782.000,3736.000,3758.000,248522,274760,3762.000
2018-09-13,3758.000,3778.000,3673.000,3683.000,312938,251406,3715.000
2018-09-14,3688.000,3712.000,3686.000,3706.000,144880,246578,3698.000
2018-09-17,3700.000,3744.000,3700.000,3718.000,159946,233864,3720.000
2018-09-18,3729.000,3776.000,3723.000,3743.000,237606,237650,3751.000
2018-09-19,3748.000,3758.000,3700.000,3705.000,151470,231506,3726.000
2018-09-20,3706.000,3734.000,3691.000,3707.000,116402,232792,3712.000
2018-09-21,3711.000,3744.000,3704.000,3709.000,146538,238852,3721.000
2018-09-25,3715.000,3768.000,3710.000,3743.000,158618,242528,3744.000
2018-09-26,3743.000,3760.000,3731.000,3750.000,137788,242834,3748.000
2018-09-27,3750.000,3755.000,3693.000,3718.000,164810,247644,3717.000
2018-09-28,3729.000,3789.000,3705.000,3755.000,244386,245176,3748.000
2018-10-08,3785.000,3832.000,3768.000,3830.000,162042,255756,3800.000
2018-10-09,3826.000,3879.000,3807.000,3826.000,240470,267328,3844.000
2018-10-10,3824.000,3832.000,3791.000,3822.000,165262,270640,3813.000
2018-10-11,3818.000,3837.000,3778.000,3801.000,217290,268794,3805.000
2018-10-12,3801.000,3874.000,3795.000,3836.000,429370,293682,3839.000
2018-10-15,3839.000,3849.000,3781.000,3785.000,215550,282344,3806.000
2018-10-16,3789.000,3835.000,3763.000,3801.000,224908,259348,3799.000
2018-10-17,3803.000,3814.000,3776.000,3800.000,143668,254034,3793.000
2018-10-18,3804.000,3831.000,3767.000,3774.000,190468,243082,3799.000
2018-10-19,3770.000,3780.000,3724.000,3737.000,158880,249272,3748.000
2018-10-22,3733.000,3742.000,3704.000,3712.000,136858,260902,3721.000
2018-10-23,3712.000,3730.000,3692.000,3693.000,134052,267976,3713.000
2018-10-24,3689.000,3709.000,3681.000,3708.000,118774,269194,3696.000
2018-10-25,3710.000,3726.000,3682.000,3709.000,114964,267370,3707.000
2018-10-26,3706.000,3716.000,3664.000,3673.000,165266,257536,3683.000
2018-10-29,3678.000,3696.000,3606.000,3626.000,192492,264054,3646.000
2018-10-30,3622.000,3629.000,3562.000,3566.000,229504,265832,3584.000
2018-10-31,3570.000,3592.000,3567.000,3586.000,118292,264724,3580.000
2018-11-01,3578.000,3586.000,3521.000,3559.000,208296,265472,3551.000
2018-11-02,3558.000,3566.000,3397.000,3441.000,549510,258482,3469.000
2018-11-05,3447.000,3494.000,3441.000,3468.000,181706,242250,3468.000
2018-11-06,3465.000,3490.000,3463.000,3473.000,88766,239296,3475.000
2018-11-07,3480.000,3513.000,3456.000,3497.000,150470,236624,3485.000
2018-11-08,3490.000,3502.000,3433.000,3466.000,133022,234592,3467.000
2018-11-09,3470.000,3493.000,3451.000,3475.000,98650,227648,3467.000
2018-11-12,3460.000,3518.000,3460.000,3504.000,148434,227570,3493.000
2018-11-13,3502.000,3509.000,3452.000,3471.000,121434,227600,3476.000
2018-11-14,3483.000,3483.000,3438.000,3451.000,112308,220258,3460.000
2018-11-15,3447.000,3473.000,3417.000,3438.000,126264,223914,3444.000
2018-11-16,3444.000,3495.000,3436.000,3474.000,132782,218276,3463.000
2018-11-19,3474.000,3478.000,3426.000,3430.000,128340,226724,3446.000
2018-11-20,3439.000,3439.000,3377.000,3419.000,166304,226586,3410.000
2018-11-21,3421.000,3447.000,3391.000,3442.000,139898,215712,3426.000
2018-11-22,3442.000,3446.000,3403.000,3415.000,103676,218838,3417.000
2018-11-23,3418.000,3420.000,3362.000,3402.000,179580,214082,3391.000
2018-11-26,3415.000,3427.000,3336.000,3354.000,203260,206938,3387.000
2018-11-27,3350.000,3370.000,3301.000,3303.000,170490,210478,3334.000
2018-11-28,3306.000,3332.000,3293.000,3323.000,109700,209026,3310.000
2018-11-29,3319.000,3341.000,3311.000,3323.000,89734,204340,3324.000
2018-11-30,3327.000,3365.000,3320.000,3355.000,110282,191804,3344.000
2018-12-03,3351.000,3365.000,3281.000,3327.000,163286,197156,3323.000
2018-12-04,3323.000,3333.000,3244.000,3274.000,161530,198712,3286.000
2018-12-05,3270.000,3283.000,3248.000,3263.000,106798,199626,3262.000
2018-12-06,3265.000,3281.000,3253.000,3255.000,89734,198788,3269.000
2018-12-07,3264.000,3265.000,3198.000,3205.000,164734,204586,3224.000
2018-12-10,3210.000,3232.000,3204.000,3214.000,83178,197702,3216.000
2018-12-11,3218.000,3238.000,3183.000,3215.000,105130,184902,3219.000
2018-12-12,3224.000,3225.000,3185.000,3191.000,93218,186562,3198.000
2018-12-13,3195.000,3202.000,3143.000,3152.000,135228,188924,3166.000
2018-12-14,3152.000,3162.000,3112.000,3129.000,119980,179038,3139.000
2018-12-17,3133.000,3195.000,3131.000,3153.000,120430,159254,3161.000
2018-12-18,3157.000,3171.000,3147.000,3165.000,61232,154770,3159.000
2018-12-19,3172.000,3179.000,3153.000,3158.000,63878,146812,3164.000
2018-12-20,3148.000,3188.000,3139.000,3180.000,94294,124792,3170.000
2018-12-21,3181.000,3194.000,3121.000,3144.000,75822,108356,3153.000
2018-12-24,3407.000,3418.000,3352.000,3369.000,132772,160188,3382.000
2018-12-25,3361.000,3396.000,3361.000,3375.000,96648,153904,3381.000
2018-12-26,3374.000,3391.000,3362.000,3378.000,76190,158478,3379.000
2018-12-27,3374.000,3395.000,3357.000,3389.000,88154,158306,3381.000
2018-12-28,3386.000,3420.000,3382.000,3406.000,109910,147616,3398.000
2019-01-02,3415.000,3448.000,3399.000,3438.000,81536,140398,3434.000
2019-01-03,3448.000,3451.000,3427.000,3443.000,78328,137700,3439.000
2019-01-04,3409.000,3460.000,3409.000,3438.000,101052,135382,3441.000
2019-01-07,3434.000,3456.000,3409.000,3431.000,123832,143116,3429.000
2019-01-08,3431.000,3450.000,3413.000,3445.000,103098,143024,3434.000
2019-01-09,3449.000,3449.000,3420.000,3441.000,86100,140062,3436.000
2019-01-10,3439.000,3468.000,3416.000,3430.000,143182,137680,3438.000
2019-01-11,3432.000,3434.000,3381.000,3393.000,123248,149186,3404.000
2019-01-14,3397.000,3401.000,3371.000,3382.000,93726,149980,3387.000
2019-01-15,3382.000,3409.000,3378.000,3401.000,81140,144688,3395.000
2019-01-16,3400.000,3401.000,3334.000,3345.000,173070,165402,3356.000
2019-01-17,3345.000,3368.000,3343.000,3349.000,96772,161412,3354.000
2019-01-18,3353.000,3385.000,3349.000,3370.000,95998,156388,3368.000
2019-01-21,3370.000,3428.000,3370.000,3413.000,142190,149936,3403.000
2019-01-22,3409.000,3436.000,3396.000,3419.000,139558,144688,3414.000
2019-01-23,3419.000,3426.000,3400.000,3418.000,97298,139548,3414.000
2019-01-24,3421.000,3446.000,3411.000,3435.000,105796,137806,3429.000
2019-01-25,3435.000,3443.000,3415.000,3438.000,93642,132744,3430.000
2019-01-28,3438.000,3458.000,3423.000,3425.000,119208,128672,3440.000
2019-01-29,3423.000,3431.000,3396.000,3418.000,103976,126688,3416.000
2019-01-30,3421.000,3426.000,3391.000,3396.000,89824,131294,3403.000
2019-01-31,3399.000,3430.000,3383.000,3426.000,110434,121534,3407.000
2019-02-01,3423.000,3475.000,3418.000,3450.000,127076,110852,3440.000
2019-02-11,3478.000,3534.000,3443.000,3530.000,110598,129936,3495.000
2019-02-12,3527.000,3531.000,3493.000,3507.000,106580,133146,3512.000
2019-02-13,3507.000,3517.000,3481.000,3508.000,102776,136620,3502.000
2019-02-14,3512.000,3524.000,3458.000,3475.000,145940,128964,3488.000
2019-02-15,3473.000,3476.000,3434.000,3439.000,104940,122672,3455.000
2019-02-18,3442.000,3453.000,3406.000,3424.000,119156,124846,3426.000
2019-02-19,3428.000,3455.000,3425.000,3454.000,80574,120348,3441.000
2019-02-20,3455.000,3459.000,3409.000,3417.000,109584,118856,3432.000
2019-02-21,3411.000,3450.000,3408.000,3416.000,116714,124008,3429.000
2019-02-22,3425.000,3432.000,3402.000,3410.000,125386,133756,3419.000
2019-02-25,3413.000,3423.000,3370.000,3420.000,142832,139084,3402.000
2019-02-26,3426.000,3430.000,3366.000,3376.000,149988,144336,3400.000
2019-02-27,3375.000,3384.000,3359.000,3379.000,114632,151692,3374.000
2019-02-28,3382.000,3407.000,3375.000,3391.000,111210,145304,3389.000
2019-03-01,3397.000,3413.000,3381.000,3411.000,137510,141032,3401.000
2019-03-04,3410.000,3419.000,3379.000,3383.000,138418,150122,3395.000
2019-03-05,3386.000,3414.000,3384.000,3391.000,133122,146208,3399.000
2019-03-06,3390.000,3413.000,3368.000,3411.000,139456,145742,3395.000
2019-03-07,3409.000,3428.000,3400.000,3417.000,153800,143700,3414.000
2019-03-08,3417.000,3420.000,3371.000,3377.000,170872,153848,3390.000
2019-03-11,3378.000,3396.000,3342.000,3395.000,220006,154566,3369.000
2019-03-12,3395.000,3399.000,3376.000,3389.000,130078,143204,3389.000
2019-03-13,3389.000,3406.000,3384.000,3387.000,119170,140802,3394.000
2019-03-14,3383.000,3410.000,3373.000,3407.000,137100,139490,3393.000
2019-03-15,3405.000,3439.000,3398.000,3437.000,198498,152186,3421.000
2019-03-18,3432.000,3448.000,3391.000,3394.000,163870,149516,3425.000
2019-03-19,3398.000,3401.000,3372.000,3381.000,140478,150962,3387.000
2019-03-20,3383.000,3389.000,3361.000,3373.000,93508,157622,3374.000
2019-03-21,3374.000,3379.000,3366.000,3375.000,79116,158780,3372.000
2019-03-22,3375.000,3383.000,3363.000,3377.000,99446,158402,3374.000
2019-03-25,3373.000,3383.000,3347.000,3354.000,115804,163902,3361.000
2019-03-26,3354.000,3365.000,3349.000,3359.000,59342,161256,3357.000
2019-03-27,3362.000,3377.000,3354.000,3361.000,88072,158278,3365.000
2019-03-28,3355.000,3362.000,3330.000,3341.000,169974,151412,3348.000
2019-03-29,3352.000,3353.000,3308.000,3323.000,159008,157942,3327.000
2019-04-01,3328.000,3342.000,3316.000,3335.000,80466,152318,3331.000
2019-04-02,3330.000,3348.000,3328.000,3337.000,108412,140062,3338.000
2019-04-03,3337.000,3352.000,3323.000,3351.000,99406,133630,3337.000
2019-04-04,3371.000,3371.000,3319.000,3330.000,104234,136868,3336.000
2019-04-08,3324.000,3350.000,3324.000,3336.000,61106,133442,3339.000
2019-04-09,3330.000,3340.000,3314.000,3334.000,109024,144792,3324.000
2019-04-10,3334.000,3345.000,3331.000,3338.000,88126,124824,3339.000
2019-04-11,3337.000,3338.000,3300.000,3324.000,126712,139976,3319.000
2019-04-12,3328.000,3328.000,3307.000,3310.000,74138,145666,3313.000
2019-04-15,3306.000,3347.000,3287.000,3338.000,118424,122786,3325.000
2019-04-16,3337.000,3344.000,3327.000,3334.000,65998,116402,3335.000
2019-04-17,3339.000,3346.000,3310.000,3315.000,75764,119006,3325.000
2019-04-18,3315.000,3320.000,3290.000,3316.000,90862,110680,3308.000
2019-04-19,3333.000,3348.000,3313.000,3323.000,80286,94816,3329.000
2019-04-23,3313.000,3331.000,3308.000,3331.000,62312,51866,3322.000
2019-04-24,3418.000,3438.000,3404.000,3420.000,125550,140226,3421.000
2019-04-25,3419.000,3425.000,3404.000,3406.000,118742,144866,3412.000
2019-04-26,3413.000,3414.000,3352.000,3364.000,173548,169040,3382.000
2019-04-29,3362.000,3381.000,3357.000,3370.000,74548,169694,3371.000
2019-04-30,3367.000,3379.000,3345.000,3378.000,103526,171854,3361.000
2019-05-06,3372.000,3433.000,3365.000,3397.000,96034,154252,3395.000
2019-05-07,3393.000,3412.000,3388.000,3396.000,173248,145746,3403.000
2019-05-08,3399.000,3419.000,3388.000,3415.000,79738,141646,3404.000
2019-05-09,3420.000,3494.000,3417.000,3468.000,191654,127104,3448.000
2019-05-10,3468.000,3478.000,3431.000,3456.000,164118,117940,3454.000
2019-05-13,3456.000,3484.000,3450.000,3459.000,10435,119474,3463.000
2019-05-14,3468.000,3572.000,3456.000,3516.000,29062,121960,3520.000
2019-05-15,3524.000,3545.000,3512.000,3529.000,14145,119834,3531.000
2019-05-16,3530.000,3581.000,3530.000,3543.000,184542,123966,3551.000
2019-05-17,3558.000,3558.000,3522.000,3541.000,117072,121734,3539.000
2019-05-20,3552.000,3609.000,3541.000,3571.000,190842,129248,3575.000
2019-05-21,3572.000,3619.000,3566.000,3592.000,144808,125270,3594.000
2019-05-22,3590.000,3606.000,3546.000,3568.000,133208,116410,3581.000
2019-05-23,3567.000,3598.000,3555.000,3575.000,113728,119440,3576.000
2019-05-24,3580.000,3587.000,3552.000,3577.000,96716,114668,3572.000
2019-05-27,3590.000,3636.000,3566.000,3611.000,136988,119952,3600.000
2019-05-28,3607.000,3625.000,3595.000,3615.000,84146,118710,3610.000
2019-05-29,3639.000,3754.000,3606.000,3735.000,247796,131930,3697.000
2019-05-30,3718.000,3736.000,3612.000,3627.000,250466,118644,3666.000
2019-05-31,3658.000,3658.000,3568.000,3598.000,200012,111298,3611.000
2019-06-03,3589.000,3617.000,3571.000,3598.000,136002,111714,3590.000
2019-06-04,3595.000,3674.000,3580.000,3623.000,241316,117176,3629.000
2019-06-05,3606.000,3625.000,3553.000,3563.000,189030,115706,3587.000
2019-06-06,3563.000,3580.000,3510.000,3515.000,156086,110266,3538.000
2019-06-10,3510.000,3529.000,3484.000,3523.000,101482,110394,3511.000
2019-06-11,3509.000,3538.000,3493.000,3502.000,118278,116468,3511.000
2019-06-12,3506.000,3514.000,3455.000,3462.000,133118,121696,3488.000
2019-06-13,3472.000,3508.000,3465.000,3481.000,162274,125114,3485.000
2019-06-14,3480.000,3514.000,3461.000,3467.000,153458,133502,3483.000
2019-06-17,3478.000,3504.000,3440.000,3492.000,147542,135420,3481.000
2019-06-18,3493.000,3494.000,3452.000,3455.000,119954,140998,3471.000
2019-06-19,3454.000,3462.000,3418.000,3458.000,169728,140490,3442.000
2019-06-20,3456.000,3471.000,3435.000,3453.000,105422,132124,3453.000
2019-06-21,3456.000,3482.000,3433.000,3440.000,123158,128900,3460.000
2019-06-24,3431.000,3450.000,3413.000,3443.000,113540,136370,3433.000
2019-06-25,3450.000,3484.000,3442.000,3472.000,119440,127394,3462.000
2019-06-26,3467.000,3479.000,3426.000,3432.000,106046,134798,3443.000
2019-06-27,3436.000,3447.000,3417.000,3430.000,86202,143030,3430.000
2019-06-28,3428.000,3459.000,3421.000,3448.000,114926,131928,3439.000
2019-07-01,3448.000,3470.000,3365.000,3389.000,155076,150922,3410.000
2019-07-02,3390.000,3397.000,3372.000,3389.000,82108,154240,3382.000
2019-07-03,3388.000,3413.000,3381.000,3411.000,91564,141510,3399.000
2019-07-04,3411.000,3430.000,3397.000,3405.000,82440,136058,3415.000
2019-07-05,3406.000,3440.000,3395.000,3437.000,86430,130866,3419.000
2019-07-08,3437.000,3438.000,3390.000,3397.000,107640,142678,3408.000
2019-07-09,3391.000,3403.000,3366.000,3401.000,96682,147652,3385.000
2019-07-10,3400.000,3423.000,3388.000,3397.000,133236,142192,3406.000
2019-07-11,3398.000,3418.000,3385.000,3390.000,101056,144186,3399.000
2019-07-12,3388.000,3427.000,3375.000,3416.000,126486,140056,3398.000
2019-07-15,3412.000,3450.000,3409.000,3439.000,132236,130928,3432.000
2019-07-16,3430.000,3434.000,3380.000,3380.000,138814,143626,3398.000
2019-07-17,3372.000,3387.000,3355.000,3376.000,117064,160994,3372.000
2019-07-18,3376.000,3398.000,3368.000,3371.000,102320,168730,3379.000
2019-07-19,3370.000,3395.000,3368.000,3384.000,75988,157092,3382.000
2019-07-22,3386.000,3395.000,3365.000,3387.000,101828,146618,3383.000
2019-07-23,3383.000,3416.000,3383.000,3387.000,126626,130212,3399.000
2019-07-24,3384.000,3406.000,3370.000,3398.000,121088,131376,3383.000
2019-07-25,3397.000,3411.000,3393.000,3402.000,89524,127322,3403.000
2019-07-26,3397.000,3399.000,3364.000,3378.000,140094,147162,3375.000
2019-07-29,3380.000,3413.000,3365.000,3374.000,131306,150920,3383.000
2019-07-30,3371.000,3396.000,3367.000,3376.000,102890,146346,3379.000
2019-07-31,3376.000,3394.000,3370.000,3383.000,78728,136608,3384.000
2019-08-01,3388.000,3389.000,3361.000,3377.000,91682,137796,3373.000
2019-08-02,3380.000,3403.000,3302.000,3368.000,274614,143820,3365.000
2019-08-05,3370.000,3422.000,3362.000,3399.000,209840,115646,3391.000
2019-08-06,3395.000,3406.000,3371.000,3377.000,131272,106750,3388.000
2019-08-07,3377.000,3403.000,3364.000,3400.000,113252,104438,3380.000
2019-08-08,3401.000,3406.000,3374.000,3376.000,91120,96492,3387.000
2019-08-09,3375.000,3402.000,3371.000,3400.000,90858,90768,3388.000
2019-08-12,3406.000,3430.000,3386.000,3404.000,120890,76876,3406.000
2019-08-13,3408.000,3430.000,3395.000,3417.000,76256,70718,3415.000
2019-08-14,3415.000,3426.000,3373.000,3412.000,114714,63368,3406.000
2019-08-15,3417.000,3421.000,3377.000,3383.000,56354,57894,3394.000
2019-08-16,3426.000,3435.000,3396.000,3407.000,101462,134746,3414.000
2019-08-19,3407.000,3423.000,3398.000,3419.000,101710,149742,3409.000
2019-08-20,3413.000,3446.000,3409.000,3431.000,127464,145306,3429.000
2019-08-21,3425.000,3442.000,3421.000,3435.000,98822,149726,3431.000
2019-08-22,3438.000,3439.000,3416.000,3430.000,104054,163122,3425.000
2019-08-23,3430.000,3500.000,3430.000,3494.000,247848,176708,3467.000
2019-08-26,3500.000,3567.000,3480.000,3542.000,211120,178324,3528.000
2019-08-27,3532.000,3560.000,3504.000,3512.000,171286,181894,3538.000
2019-08-28,3516.000,3539.000,3508.000,3517.000,105752,175358,3523.000
2019-08-29,3517.000,3537.000,3513.000,3530.000,98476,172032,3523.000
2019-08-30,3534.000,3537.000,3495.000,3529.000,133082,172344,3519.000
2019-09-02,3533.000,3630.000,3533.000,3598.000,263364,188348,3593.000
2019-09-03,3595.000,3609.000,3560.000,3584.000,133184,176866,3588.000
2019-09-04,3583.000,3610.000,3570.000,3578.000,129264,176276,3588.000
2019-09-05,3579.000,3590.000,3518.000,3531.000,151056,173164,3551.000
2019-09-06,3536.000,3546.000,3445.000,3464.000,218376,174186,3482.000
2019-09-09,3466.000,3476.000,3437.000,3440.000,137808,183556,3459.000
2019-09-10,3444.000,3459.000,3441.000,3450.000,87126,184576,3450.000
2019-09-11,3455.000,3457.000,3414.000,3425.000,125324,201024,3432.000
2019-09-12,3425.000,3433.000,3412.000,3420.000,104700,197440,3423.000
2019-09-16,3420.000,3445.000,3402.000,3440.000,102892,208472,3428.000
2019-09-17,3436.000,3498.000,3434.000,3486.000,181316,211678,3464.000
2019-09-18,3486.000,3504.000,3462.000,3483.000,160198,209582,3481.000
2019-09-19,3483.000,3489.000,3456.000,3463.000,113570,200664,3471.000
2019-09-20,3464.000,3479.000,3425.000,3429.000,138816,208024,3441.000
2019-09-23,3430.000,3454.000,3421.000,3448.000,119488,210900,3436.000
2019-09-24,3448.000,3452.000,3408.000,3426.000,127966,221532,3427.000
2019-09-25,3423.000,3444.000,3415.000,3438.000,98752,217028,3429.000
2019-09-26,3440.000,3440.000,3392.000,3402.000,128094,223956,3411.000
2019-09-27,3401.000,3410.000,3335.000,3362.000,162154,219458,3369.000
2019-09-30,3366.000,3369.000,3326.000,3350.000,121400,219770,3346.000
2019-10-08,3357.000,3393.000,3353.000,3376.000,82682,216846,3375.000
2019-10-09,3380.000,3413.000,3376.000,3410.000,110044,215058,3395.000
2019-10-10,3410.000,3416.000,3386.000,3400.000,110564,204104,3401.000
2019-10-11,3403.000,3440.000,3393.000,3438.000,120318,195746,3418.000
2019-10-14,3433.000,3435.000,3405.000,3434.000,125984,186996,3419.000
2019-10-15,3434.000,3456.000,3410.000,3426.000,118642,185928,3430.000
2019-10-16,3426.000,3431.000,3403.000,3421.000,97788,181878,3419.000
2019-10-17,3426.000,3438.000,3385.000,3416.000,132498,194210,3408.000
2019-10-18,3416.000,3435.000,3405.000,3419.000,121584,186150,3422.000
2019-10-21,3412.000,3444.000,3398.000,3430.000,153128,186140,3423.000
2019-10-22,3436.000,3438.000,3401.000,3428.000,131608,195192,3418.000
2019-10-23,3425.000,3426.000,3366.000,3407.000,190934,220176,3394.000
2019-10-24,3401.000,3409.000,3387.000,3394.000,103162,223104,3398.000
2019-10-25,3394.000,3420.000,3386.000,3396.000,136082,219086,3398.000
2019-10-28,3400.000,3405.000,3362.000,3372.000,145568,239988,3377.000
2019-10-29,3371.000,3405.000,3365.000,3379.000,124724,223024,3389.000
2019-10-30,3382.000,3401.000,3376.000,3390.000,79084,222390,3391.000
2019-10-31,3397.000,3400.000,3385.000,3393.000,82644,224180,3393.000
2019-11-01,3388.000,3405.000,3372.000,3395.000,130014,216512,3389.000
2019-11-04,3399.000,3400.000,3372.000,3389.000,126666,226952,3384.000
2019-11-05,3386.000,3398.000,3363.000,3388.000,141226,230200,3383.000
2019-11-06,3388.000,3394.000,3336.000,3390.000,267378,238738,3368.000
2019-11-07,3394.000,3414.000,3383.000,3385.000,216812,206666,3398.000
2019-11-08,3385.000,3401.000,3371.000,3382.000,125544,206600,3383.000
2019-11-11,3386.000,3435.000,3379.000,3416.000,187086,185346,3414.000
2019-11-12,3422.000,3422.000,3404.000,3412.000,110066,167154,3413.000
2019-11-13,3412.000,3416.000,3376.000,3407.000,132046,160570,3403.000
2019-11-14,3404.000,3409.000,3383.000,3403.000,129054,157582,3394.000
2019-11-15,3403.000,3413.000,3385.000,3385.000,121066,148122,3398.000
2019-11-18,3386.000,3408.000,3382.000,3392.000,129870,144698,3396.000
2019-11-19,3392.000,3407.000,3380.000,3402.000,155096,137134,3394.000
2019-11-20,3400.000,3409.000,3373.000,3406.000,200044,144678,3393.000
2019-11-21,3406.000,3411.000,3382.000,3403.000,155810,145568,3394.000
2019-11-22,3401.000,3414.000,3389.000,3390.000,123480,127954,3402.000
2019-11-25,3387.000,3401.000,3362.000,3392.000,187612,139288,3382.000
2019-11-26,3388.000,3400.000,3375.000,3379.000,116600,150528,3385.000
2019-11-27,3375.000,3384.000,3369.000,3380.000,66578,154410,3376.000
2019-11-28,3385.000,3399.000,3355.000,3355.000,125742,146760,3383.000
2019-11-29,3360.000,3376.000,3356.000,3366.000,100596,157306,3366.000
2019-12-02,3368.000,3385.000,3366.000,3385.000,97186,139848,3376.000
2019-12-03,3389.000,3460.000,3380.000,3457.000,219960,118802,3407.000
2019-12-04,3452.000,3485.000,3431.000,3478.000,175568,110768,3457.000
2019-12-05,3848.000,3884.000,3832.000,3876.000,196652,173164,3860.000
2019-12-06,3876.000,3884.000,3858.000,3880.000,139714,183338,3871.000
2019-12-09,3880.000,3891.000,3850.000,3857.000,174388,178156,3869.000
2019-12-10,3863.000,3953.000,3845.000,3880.000,403956,180802,0.000
2019-12-11,3880.000,3901.000,3862.000,3895.000,165240,175838,3878.000
2019-12-12,3896.000,3914.000,3868.000,3878.000,133444,175648,3884.000
2019-12-13,3874.000,3916.000,3855.000,3872.000,190750,177130,3882.000
2019-12-16,3884.000,3884.000,3830.000,3849.000,142802,176150,3857.000
2019-12-17,3854.000,3893.000,3851.000,3879.000,114716,175506,3869.000
2019-12-18,3875.000,3884.000,3839.000,3850.000,110564,168514,3854.000
2019-12-19,3850.000,3863.000,3831.000,3843.000,87152,163010,3845.000
2019-12-20,3836.000,3849.000,3820.000,3838.000,96396,156486,3834.000
2019-12-23,3839.000,3895.000,3830.000,3856.000,165324,161426,0.000
2019-12-24,3851.000,3864.000,3798.000,3806.000,173152,157636,3821.000
2019-12-25,3811.000,3826.000,3801.000,3822.000,65474,155630,3813.000
2019-12-26,3818.000,3828.000,3813.000,3823.000,42878,154318,3819.000
2019-12-27,3820.000,3852.000,3809.000,3831.000,106354,152552,0.000
2019-12-30,3815.000,3850.000,3815.000,3841.000,78754,153570,3835.000
2019-12-31,3838.000,3885.000,3836.000,3857.000,147030,156446,3863.000
2020-01-02,3856.000,3876.000,3847.000,3861.000,29163,77255,3864.000
2020-01-03,3861.000,3893.000,3860.000,3877.000,41752,78390,3879.000
2020-01-06,3873.000,3911.000,3864.000,3909.000,47803,79011,3887.000
2020-01-07,3915.000,3943.000,3906.000,3916.000,56399,81546,3923.000
2020-01-08,3916.000,3965.000,3907.000,3954.000,52739,84844,3936.000
2020-01-09,3950.000,4038.000,3947.000,4029.000,114346,101548,4000.000
2020-01-10,4029.000,4129.000,4024.000,4092.000,209291,111979,4079.000
2020-01-13,4088.000,4148.000,4079.000,4111.000,127479,115826,0.000
2020-01-14,4116.000,4139.000,4095.000,4138.000,78412,124933,4118.000
2020-01-15,4142.000,4145.000,4105.000,4130.000,83427,127906,4122.000
2020-01-16,4125.000,4144.000,4073.000,4094.000,120521,128083,4103.000
2020-01-17,4092.000,4118.000,4076.000,4100.000,100530,129946,4096.000
2020-01-20,4105.000,4112.000,4076.000,4097.000,77070,129117,4095.000
2020-01-21,4081.000,4107.000,4042.000,4047.000,108083,112476,4070.000
2020-01-22,4047.000,4095.000,4033.000,4092.000,69631,111154,4055.000
2020-01-23,4089.000,4096.000,4043.000,4060.000,64589,97554,4065.000
2020-02-03,3959.000,4016.000,3900.000,3963.000,73993,92517,3964.000
2020-02-04,3963.000,4035.000,3962.000,4024.000,60565,93043,4007.000
2020-02-05,4016.000,4035.000,3987.000,3992.000,44848,93279,0.000
2020-02-06,3990.000,4042.000,3975.000,4032.000,46772,94352,0.000
2020-02-07,4034.000,4055.000,4008.000,4040.000,45167,94661,0.000
2020-02-10,4045.000,4190.000,4033.000,4170.000,207987,118135,0.000
2020-02-11,4165.000,4204.000,4148.000,4157.000,147263,114974,4171.000
2020-02-12,4160.000,4184.000,4122.000,4159.000,107113,113705,4157.000
2020-02-13,4166.000,4238.000,4138.000,4149.000,245247,111932,0.000
2020-02-14,4149.000,4157.000,4121.000,4139.000,85899,112661,4139.000
2020-02-17,4143.000,4179.000,4120.000,4154.000,99046,113891,4147.000
2020-02-18,4138.000,4168.000,4131.000,4146.000,75260,116871,0.000
2020-02-19,4153.000,4197.000,4140.000,4191.000,110591,122901,0.000
2020-02-20,4191.000,4216.000,4101.000,4104.000,160063,117113,0.000
2020-02-21,4100.000,4137.000,4085.000,4136.000,110547,121180,0.000
2020-02-24,4137.000,4150.000,4106.000,4119.000,80738,120293,4125.000
2020-02-25,4115.000,4145.000,4103.000,4131.000,115309,120053,0.000
2020-02-26,4122.000,4179.000,4122.000,4171.000,153800,128407,0.000
2020-02-27,4171.000,4185.000,4152.000,4171.000,104291,126062,0.000
2020-02-28,4171.000,4218.000,4073.000,4078.000,249698,119260,0.000
2020-03-02,4081.000,4178.000,4081.000,4157.000,166441,117671,0.000
2020-03-03,4166.000,4185.000,4136.000,4161.000,102334,117023,0.000
2020-03-04,4166.000,4210.000,4142.000,4203.000,172966,126695,0.000
2020-03-05,4203.000,4260.000,4192.000,4252.000,241529,145872,0.000
2020-03-06,4237.000,4248.000,4198.000,4218.000,155508,135657,0.000
2020-03-09,4175.000,4211.000,4079.000,4147.000,278610,115156,0.000
2020-03-10,4147.000,4200.000,4134.000,4193.000,140354,114388,4167.000
2020-03-11,4177.000,4196.000,4171.000,4180.000,79416,113265,0.000
2020-03-12,4173.000,4173.000,4119.000,4147.000,119207,109995,0.000
2020-03-13,4130.000,4179.000,4046.000,4164.000,198344,99188,0.000
2020-03-16,4148.000,4248.000,4146.000,4226.000,192969,109379,0.000
2020-03-17,4200.000,4270.000,4178.000,4253.000,186046,116717,0.000
2020-03-18,4248.000,4319.000,4245.000,4315.000,201409,118374,4292.000
2020-03-19,4315.000,4371.000,4271.000,4360.000,262847,108146,0.000
2020-03-20,4374.000,4400.000,4288.000,4297.000,184532,96917,0.000
2020-03-23,4297.000,4369.000,4287.000,4317.000,189095,93209,0.000
2020-03-24,4344.000,4406.000,4300.000,4404.000,176732,103901,0.000
2020-03-25,4414.000,4507.000,4387.000,4501.000,222319,106846,0.000
2020-03-26,4491.000,4625.000,4476.000,4621.000,363683,118993,0.000
2020-03-27,4625.000,4788.000,4625.000,4696.000,580672,104479,0.000
2020-03-30,4750.000,4918.000,4730.000,4914.000,437505,114687,0.000
2020-03-31,4919.000,4947.000,4827.000,4866.000,354702,100492,0.000
2020-04-01,4866.000,4885.000,4723.000,4814.000,350297,93143,0.000
2020-04-02,4813.000,4911.000,4763.000,4856.000,271615,86596,0.000
2020-04-03,4867.000,4885.000,4781.000,4848.000,182103,78202,0.000
2020-04-07,4878.000,4935.000,4760.000,4783.000,149178,75814,0.000
2020-04-08,4770.000,4850.000,4740.000,4836.000,110085,74038,0.000
2020-04-09,4519.000,4573.000,4516.000,4533.000,147729,101088,0.000
2020-04-10,4531.000,4562.000,4482.000,4529.000,194562,105024,0.000
2020-04-13,4560.000,4624.000,4498.000,4504.000,192534,109646,0.000
2020-04-14,4500.000,4567.000,4464.000,4545.000,230780,118444,0.000
2020-04-15,4552.000,4730.000,4533.000,4718.000,363955,131309,0.000
2020-04-16,4718.000,4727.000,4608.000,4633.000,245875,109562,0.000
2020-04-17,4638.000,4693.000,4600.000,4689.000,223788,119362,0.000
2020-04-20,4699.000,4779.000,4602.000,4612.000,290621,119701,0.000
2020-04-21,4629.000,4629.000,4548.000,4605.000,230760,120476,0.000
2020-04-22,4605.000,4645.000,4554.000,4634.000,231520,119848,0.000
2020-04-23,4634.000,4669.000,4604.000,4623.000,193845,114828,0.000
2020-04-24,4635.000,4667.000,4612.000,4662.000,169912,114916,0.000
2020-04-27,4651.000,4671.000,4594.000,4624.000,164694,112476,0.000
2020-04-28,4629.000,4648.000,4604.000,4625.000,125331,111421,0.000
2020-04-29,4625.000,4654.000,4611.000,4624.000,115464,105942,0.000
2020-04-30,4619.000,4636.000,4512.000,4549.000,287821,122567,0.000
2020-05-06,4566.000,4590.000,4480.000,4583.000,219015,132146,0.000
2020-05-07,4578.000,4594.000,4540.000,4563.000,218705,133216,0.000
2020-05-08,4545.000,4587.000,4545.000,4570.000,142323,132411,0.000
2020-05-11,4583.000,4628.000,4493.000,4540.000,256431,132722,0.000
2020-05-12,4535.000,4559.000,4515.000,4549.000,146489,128850,0.000
2020-05-13,4549.000,4566.000,4518.000,4544.000,161932,122779,0.000
2020-05-14,4544.000,4547.000,4388.000,4401.000,356927,149265,0.000
2020-05-15,4405.000,4411.000,4328.000,4358.000,310405,153717,0.000
2020-05-18,4350.000,4368.000,4271.000,4281.000,276285,152883,0.000
2020-05-19,4276.000,4326.000,4249.000,4276.000,276725,139839,0.000
2020-05-20,4271.000,4299.000,4217.000,4234.000,207638,143681,0.000
2020-05-21,4244.000,4350.000,4231.000,4332.000,283633,137646,0.000
2020-05-22,4332.000,4463.000,4315.000,4420.000,468126,128856,0.000
2020-05-25,4425.000,4482.000,4397.000,4423.000,265934,122143,0.000
2020-05-26,4423.000,4454.000,4412.000,4427.000,191704,126878,0.000
2020-05-27,4432.000,4556.000,4414.000,4556.000,306619,142155,0.000
2020-05-28,4550.000,4581.000,4505.000,4543.000,290813,129845,0.000
2020-05-29,4542.000,4578.000,4509.000,4551.000,206594,126217,0.000
2020-06-01,4551.000,4647.000,4487.000,4544.000,317940,113441,0.000
2020-06-02,4549.000,4564.000,4513.000,4532.000,166599,110824,0.000
2020-06-03,4514.000,4560.000,4438.000,4442.000,285954,123426,0.000
2020-06-04,4448.000,4482.000,4416.000,4459.000,223461,123128,0.000
2020-06-05,4459.000,4464.000,4344.000,4349.000,295487,129553,0.000
2020-06-08,4346.000,4562.000,4330.000,4556.000,467947,124778,0.000
2020-06-09,4556.000,4608.000,4523.000,4551.000,393124,115467,0.000
2020-06-10,4547.000,4724.000,4543.000,4697.000,627481,148580,0.000
2020-06-11,4706.000,4730.000,4666.000,4725.000,389872,148374,0.000
2020-06-12,4718.000,4777.000,4647.000,4697.000,562682,138692,0.000
2020-06-15,4705.000,4799.000,4686.000,4779.000,457782,152722,0.000
2020-06-16,4768.000,4827.000,4753.000,4807.000,391042,157838,0.000
2020-06-17,4808.000,4818.000,4776.000,4814.000,173204,163048,0.000
2020-06-18,4817.000,4876.000,4804.000,4869.000,230100,184371,0.000
2020-06-19,4873.000,4920.000,4815.000,4835.000,357622,174046,0.000
2020-06-22,4825.000,4848.000,4763.000,4804.000,318823,157914,0.000
2020-06-23,4797.000,4815.000,4718.000,4729.000,271506,154477,0.000
2020-06-24,4730.000,4748.000,4660.000,4708.000,303410,145115,0.000
2020-06-29,4698.000,4858.000,4670.000,4839.000,273937,165912,0.000
2020-06-30,4845.000,4879.000,4801.000,4871.000,305654,179037,0.000
2020-07-01,4871.000,4912.000,4833.000,4848.000,325006,172797,0.000
2020-07-02,4859.000,4905.000,4838.000,4883.000,269123,184534,0.000
2020-07-03,4888.000,4933.000,4770.000,4774.000,424451,185868,0.000
2020-07-06,4775.000,4825.000,4755.000,4794.000,281584,168714,0.000
2020-07-07,4794.000,4820.000,4706.000,4719.000,331437,168324,0.000
2020-07-08,4718.000,4763.000,4696.000,4737.000,292653,158609,0.000
2020-07-09,4737.000,4849.000,4728.000,4846.000,326856,166209,0.000
2020-07-10,4846.000,4853.000,4728.000,4754.000,238064,136952,0.000
2020-07-13,4758.000,4807.000,4728.000,4743.000,262655,153421,0.000
2020-07-14,4728.000,4755.000,4676.000,4702.000,253829,148933,0.000
2020-07-15,4712.000,4829.000,4686.000,4772.000,329934,164454,0.000
2020-07-16,4768.000,4806.000,4692.000,4705.000,316505,154297,0.000
2020-07-17,4705.000,4774.000,4700.000,4742.000,224583,133387,0.000
2020-07-20,4742.000,4770.000,4638.000,4661.000,251156,136733,4686.000
2020-07-21,4642.000,4668.000,4609.000,4624.000,210786,133347,4639.000
2020-07-22,4634.000,4750.000,4554.000,4670.000,390979,134547,4645.000
2020-07-23,4675.000,4727.000,4562.000,4589.000,330622,149553,4644.000
2020-07-24,4589.000,4627.000,4520.000,4567.000,230498,136136,4582.000
2020-07-27,4572.000,4671.000,4514.000,4621.000,306613,129575,4590.000
2020-07-28,4622.000,4678.000,4568.000,4649.000,249870,119165,4621.000
2020-07-29,4653.000,4720.000,4636.000,4707.000,268144,122201,4682.000
2020-07-30,4702.000,4728.000,4673.000,4710.000,145944,116236,4701.000
2020-07-31,4708.000,4813.000,4692.000,4761.000,280587,136495,4759.000
2020-08-03,4756.000,4799.000,4740.000,4788.000,147215,120799,4772.000
2020-08-04,4788.000,4810.000,4753.000,4789.000,145216,124454,4779.000
2020-08-05,4800.000,4800.000,4611.000,4644.000,262646,117730,4683.000
2020-08-06,4649.000,4679.000,4641.000,4663.000,129315,95548,4661.000
2020-08-07,4663.000,4772.000,4591.000,4727.000,276229,113798,4688.000
2020-08-10,4725.000,4775.000,4667.000,4711.000,196165,88642,4720.000
2020-08-11,4727.000,4767.000,4696.000,4755.000,128041,101500,4736.000
2020-08-12,4754.000,4762.000,4639.000,4664.000,157109,83180,4692.000
2020-08-13,4683.000,4730.000,4646.000,4677.000,132230,75759,4689.000
2020-08-14,4680.000,4728.000,4653.000,4700.000,105509,74594,4694.000
2020-08-17,4680.000,4694.000,4612.000,4654.000,127955,76285,4660.000
2020-08-18,4651.000,4693.000,4634.000,4658.000,90362,62042,4663.000
2020-08-19,4339.000,4487.000,4330.000,4482.000,335927,138765,4430.000
2020-08-20,4490.000,4559.000,4445.000,4502.000,336666,145267,4499.000
2020-08-21,4505.000,4538.000,4466.000,4488.000,210000,142860,4504.000
2020-08-24,4485.000,4533.000,4414.000,4416.000,256780,130681,4468.000
2020-08-25,4417.000,4439.000,4378.000,4383.000,183019,127205,4416.000
2020-08-26,4385.000,4406.000,4358.000,4382.000,173924,122453,4381.000
2020-08-27,4393.000,4450.000,4373.000,4379.000,215020,122408,4409.000
2020-08-28,4386.000,4412.000,4366.000,4398.000,187586,127543,4385.000
2020-08-31,4402.000,4442.000,4381.000,4424.000,186446,129445,4410.000
2020-09-01,4429.000,4468.000,4401.000,4442.000,208617,128328,4435.000
2020-09-02,4444.000,4453.000,4388.000,4408.000,160663,128034,4420.000
2020-09-03,4408.000,4443.000,4388.000,4402.000,155649,129096,4414.000
2020-09-04,4410.000,4549.000,4403.000,4548.000,322144,142251,4479.000
2020-09-07,4535.000,4545.000,4473.000,4494.000,208751,135113,4509.000
2020-09-08,4494.000,4522.000,4452.000,4460.000,180390,136411,4483.000
2020-09-09,4460.000,4502.000,4431.000,4462.000,174219,129482,4462.000
2020-09-10,4516.000,4516.000,4436.000,4439.000,133852,130406,4457.000
2020-09-11,4445.000,4472.000,4384.000,4459.000,215211,124526,4428.000
2020-09-14,4466.000,4516.000,4452.000,4502.000,181839,132520,4486.000
2020-09-15,4492.000,4599.000,4492.000,4590.000,341081,155571,4556.000
2020-09-16,4590.000,4603.000,4523.000,4539.000,180682,143590,4554.000
2020-09-17,4545.000,4618.000,4540.000,4578.000,217718,152040,4582.000
2020-09-18,4578.000,4642.000,4565.000,4603.000,197490,154718,4606.000
2020-09-21,4592.000,4625.000,4568.000,4578.000,168130,150837,4592.000
2020-09-22,4570.000,4580.000,4492.000,4520.000,205667,134203,4536.000
2020-09-23,4542.000,4552.000,4456.000,4462.000,171012,122800,4502.000
2020-09-24,4465.000,4559.000,4458.000,4517.000,175179,123212,4503.000
2020-09-25,4517.000,4534.000,4482.000,4513.000,151068,121363,4509.000
2020-09-28,4513.000,4528.000,4472.000,4506.000,164986,118448,4502.000
2020-09-29,4516.000,4519.000,4353.000,4376.000,247306,123007,4412.000
2020-09-30,4375.000,4396.000,4347.000,4360.000,145975,111401,4370.000
2020-10-09,4465.000,4536.000,4401.000,4524.000,135932,105167,4479.000
2020-10-12,4524.000,4603.000,4489.000,4572.000,146292,109070,4543.000
2020-10-13,4572.000,4592.000,4504.000,4535.000,127828,105530,4532.000
2020-10-14,4540.000,4551.000,4511.000,4543.000,109720,103326,4530.000
2020-10-15,4545.000,4577.000,4522.000,4549.000,136418,106286,4550.000
2020-10-16,4531.000,4699.000,4511.000,4686.000,295780,141703,4630.000
2020-10-19,4688.000,4907.000,4644.000,4816.000,311108,112983,4797.000
2020-10-20,4816.000,4943.000,4816.000,4891.000,298739,124778,4885.000
2020-10-21,4890.000,4899.000,4718.000,4778.000,298825,115045,4819.000
2020-10-22,4754.000,4768.000,4678.000,4749.000,209882,114415,4728.000
2020-10-23,4749.000,4779.000,4713.000,4734.000,189673,108898,4743.000
2020-10-26,4756.000,4851.000,4732.000,4835.000,204010,108333,4805.000
2020-10-27,4821.000,4878.000,4820.000,4875.000,165933,108544,4851.000
2020-10-28,4877.000,4980.000,4862.000,4974.000,271148,137080,4914.000
2020-10-29,4945.000,5012.000,4921.000,5000.000,288982,134861,4975.000
2020-10-30,4990.000,5168.000,4982.000,5061.000,425796,143306,5078.000
2020-11-02,5061.000,5179.000,4988.000,5112.000,329534,131665,5093.000
2020-11-03,5112.000,5149.000,5063.000,5124.000,211341,131418,5104.000
2020-11-04,5124.000,5185.000,5104.000,5166.000,244717,138083,5140.000
2020-11-05,5172.000,5255.000,5142.000,5244.000,272302,148013,5191.000
2020-11-06,5242.000,5288.000,5169.000,5222.000,325033,136163,5223.000
2020-11-09,5228.000,5299.000,5118.000,5152.000,346351,128444,5200.000
2020-11-10,5200.000,5277.000,5170.000,5250.000,279391,137595,5231.000
2020-11-11,5256.000,5338.000,5241.000,5327.000,268710,144741,5290.000
2020-11-12,5321.000,5345.000,5304.000,5315.000,175655,141191,5325.000
2020-11-13,5325.000,5359.000,5256.000,5342.000,243347,136174,5303.000
2020-11-16,5350.000,5388.000,5318.000,5332.000,195334,123050,5343.000
2020-11-17,5325.000,5399.000,5320.000,5385.000,199561,133958,5358.000
2020-11-18,5391.000,5416.000,5331.000,5362.000,220739,119768,5374.000
2020-11-19,5316.000,5388.000,5261.000,5283.000,292023,114540,5331.000
2020-11-20,5258.000,5296.000,5231.000,5280.000,205227,106839,5262.000
2020-11-23,5280.000,5402.000,5274.000,5369.000,245187,114674,5358.000
2020-11-24,5375.000,5407.000,5341.000,5395.000,183821,119884,5375.000
2020-11-25,5390.000,5458.000,5365.000,5448.000,192382,127801,5416.000
2020-11-26,5448.000,5493.000,5425.000,5488.000,164011,141682,5455.000
2020-11-27,5488.000,5574.000,5477.000,5567.000,224319,148582,5529.000
2020-11-30,5567.000,5668.000,5554.000,5639.000,236281,142731,5622.000
2020-12-01,5629.000,5698.000,5574.000,5646.000,217786,138563,5626.000
2020-12-02,5654.000,5733.000,5614.000,5721.000,203160,139474,5660.000
2020-12-03,5690.000,5704.000,5562.000,5589.000,257122,111457,5619.000
2020-12-04,5594.000,5608.000,5452.000,5480.000,221497,87769,5523.000
2020-12-07,5481.000,5548.000,5466.000,5513.000,149020,74556,5507.000
2020-12-08,5513.000,5526.000,5430.000,5480.000,148783,68648,5488.000
2020-12-09,5486.000,5632.000,5456.000,5484.000,209986,65587,5541.000
2020-12-10,5490.000,5582.000,5467.000,5565.000,149204,60377,5518.000
2020-12-11,5565.000,5663.000,5482.000,5625.000,153138,65028,5572.000
2020-12-14,5625.000,5631.000,5295.000,5328.000,204236,46475,5415.000
2020-12-15,5296.000,5351.000,5175.000,5249.000,163215,35776,5264.000
2020-12-16,5249.000,5270.000,5185.000,5207.000,100219,33836,5224.000
2020-12-17,5222.000,5348.000,5210.000,5272.000,96058,27988,5282.000
2020-12-18,5275.000,5350.000,5270.000,5322.000,111189,72037,5313.000
2020-12-21,5322.000,5578.000,5282.000,5505.000,185366,70741,5457.000
2020-12-22,5500.000,5647.000,5478.000,5599.000,230120,78236,5572.000
2020-12-23,5638.000,5638.000,5537.000,5587.000,198252,77886,5578.000
2020-12-24,5620.000,5710.000,5575.000,5690.000,219786,90571,5640.000
2020-12-25,5700.000,5704.000,5629.000,5697.000,139014,90731,5672.000
2020-12-28,5696.000,5753.000,5600.000,5680.000,219606,82864,5696.000
2020-12-29,5690.000,5698.000,5643.000,5671.000,183842,89002,5673.000
2020-12-30,5678.000,5808.000,5661.000,5742.000,263849,95886,5737.000
2020-12-31,5732.000,5818.000,5728.000,5774.000,174365,91740,5772.000
2021-01-04,5800.000,5841.000,5713.000,5741.000,119935,88478,5759.000
2021-01-05,5723.000,5798.000,5655.000,5781.000,182378,87232,5730.000
2021-01-06,5790.000,5850.000,5755.000,5846.000,172443,94177,5805.000
2021-01-07,5848.000,5873.000,5805.000,5832.000,107237,89206,5835.000
2021-01-08,5832.000,5896.000,5815.000,5841.000,138818,89243,5847.000
2021-01-11,5853.000,5987.000,5827.000,5954.000,196966,93768,5923.000
2021-01-12,5954.000,5964.000,5829.000,5861.000,157950,90417,5876.000
2021-01-13,5871.000,5985.000,5809.000,5840.000,173902,90216,5884.000
2021-01-14,5850.000,5859.000,5632.000,5655.000,257711,91297,5708.000
2021-01-15,5648.000,5800.000,5648.000,5691.000,138090,86906,5698.000
2021-01-18,5691.000,5783.000,5636.000,5769.000,165583,83882,5727.000
2021-01-19,5770.000,5836.000,5763.000,5802.000,153753,90165,5800.000
2021-01-20,5802.000,5817.000,5617.000,5672.000,211502,91972,5709.000
2021-01-21,5653.000,5815.000,5650.000,5808.000,198094,89432,5747.000
2021-01-22,5815.000,5819.000,5713.000,5748.000,161407,84429,5763.000
2021-01-25,5743.000,5745.000,5582.000,5601.000,209202,92487,5656.000
2021-01-26,5600.000,5708.000,5596.000,5639.000,131206,86551,5645.000
2021-01-27,5656.000,5699.000,5640.000,5658.000,129978,84695,5663.000
2021-01-28,5677.000,5726.000,5583.000,5673.000,197761,80182,5661.000
2021-01-29,5692.000,5731.000,5606.000,5717.000,190225,84278,5667.000
2021-02-01,5711.000,5751.000,5617.000,5626.000,186871,87437,5680.000
2021-02-02,5629.000,5646.000,5550.000,5556.000,165065,103231,5599.000
2021-02-03,5550.000,5596.000,5457.000,5584.000,218109,98809,5525.000
2021-02-04,5584.000,5646.000,5550.000,5643.000,165586,88178,5590.000
2021-02-05,5643.000,5802.000,5638.000,5800.000,195169,87834,5728.000
2021-02-08,5800.000,5803.000,5750.000,5783.000,121745,82230,5781.000
2021-02-09,5800.000,5906.000,5750.000,5879.000,165172,83356,5844.000
2021-02-10,5873.000,5879.000,5800.000,5829.000,109808,72658,5838.000
2021-02-18,5806.000,5939.000,5802.000,5890.000,101699,76632,5865.000
2021-02-19,5889.000,5932.000,5836.000,5930.000,112370,83830,5894.000
2021-02-22,5940.000,5966.000,5816.000,5878.000,159786,79351,5893.000
2021-02-23,5856.000,5999.000,5854.000,5937.000,189502,84021,5914.000
2021-02-24,5937.000,6021.000,5925.000,5985.000,154646,92393,5976.000
2021-02-25,5985.000,6028.000,5950.000,5989.000,122040,91310,5986.000
2021-02-26,5994.000,6019.000,5852.000,5873.000,192665,84475,5913.000
2021-03-01,5873.000,6058.000,5863.000,6038.000,190162,97591,5991.000
2021-03-02,6038.000,6096.000,5984.000,6084.000,191163,109767,6043.000
2021-03-03,6084.000,6281.000,6084.000,6249.000,253685,128810,6206.000
2021-03-04,6249.000,6316.000,6207.000,6269.000,190075,127207,6255.000
2021-03-05,6279.000,6335.000,6236.000,6293.000,204626,130604,6285.000
2021-03-08,6300.000,6375.000,6155.000,6200.000,293458,103356,6255.000
2021-03-09,6200.000,6210.000,6102.000,6141.000,155802,90847,6158.000
2021-03-10,6141.000,6203.000,6070.000,6138.000,164662,86762,6143.000
2021-03-11,6130.000,6175.000,6034.000,6130.000,184107,83810,6100.000
2021-03-12,6133.000,6155.000,6042.000,6122.000,144397,84262,6108.000
2021-03-15,6108.000,6122.000,5916.000,5956.000,205296,80717,5999.000
2021-03-16,5946.000,6001.000,5872.000,5882.000,146297,76945,5918.000
2021-03-17,5882.000,5911.000,5805.000,5831.000,145291,83798,5841.000
2021-03-18,5817.000,5821.000,5646.000,5666.000,198810,98732,5726.000
2021-03-19,5654.000,5772.000,5618.000,5683.000,229989,89533,5706.000
2021-03-22,5686.000,5758.000,5665.000,5696.000,105677,89955,5711.000
2021-03-23,5696.000,5814.000,5646.000,5787.000,155646,85829,5751.000
2021-03-24,5770.000,5896.000,5760.000,5876.000,166727,81010,5841.000
2021-03-25,5886.000,5896.000,5783.000,5802.000,156104,84913,5829.000
2021-03-26,5802.000,5805.000,5535.000,5640.000,273022,96565,5663.000
2021-03-29,5640.000,5688.000,5595.000,5671.000,125284,94427,5639.000
2021-03-30,5669.000,5718.000,5623.000,5706.000,152420,91658,5683.000
2021-03-31,5706.000,5775.000,5625.000,5732.000,213464,83854,5704.000
2021-04-01,5741.000,6000.000,5730.000,5780.000,224335,75372,5818.000
2021-04-02,5745.000,5803.000,5733.000,5766.000,118784,69117,5764.000
2021-04-06,5746.000,5793.000,5596.000,5632.000,147851,71741,5649.000
2021-04-07,5697.000,5699.000,5610.000,5628.000,96508,75457,5640.000
2021-04-08,5628.000,5655.000,5564.000,5619.000,149269,75573,5615.000
2021-04-09,5589.000,5623.000,5523.000,5560.000,140060,92916,5583.000
2021-04-12,5560.000,5600.000,5436.000,5579.000,213655,87546,5528.000
2021-04-13,5579.000,5770.000,5505.000,5763.000,234905,70022,5650.000
2021-04-14,5768.000,5840.000,5705.000,5833.000,137582,59791,5769.000
2021-04-15,5828.000,5875.000,5795.000,5866.000,112641,57869,5837.000
2021-04-16,5880.000,5922.000,5830.000,5893.000,118106,51517,5880.000
2021-04-19,5893.000,5929.000,5744.000,5801.000,147583,48657,5812.000
2021-04-20,5795.000,5874.000,5678.000,5736.000,127754,39412,5773.000
2021-04-21,5735.000,5832.000,5691.000,5712.000,83305,34076,5753.000
2021-04-22,5756.000,5977.000,5729.000,5949.000,185349,76456,5878.000
2021-04-23,5950.000,6029.000,5902.000,5990.000,163328,85624,5978.000
2021-04-26,6025.000,6124.000,5938.000,5963.000,215020,82301,6010.000
2021-04-27,5980.000,5997.000,5904.000,5928.000,146648,82925,5957.000
2021-04-28,5950.000,5956.000,5848.000,5923.000,122528,81244,5905.000
2021-04-29,5928.000,5972.000,5854.000,5904.000,156932,77996,5901.000
2021-04-30,5904.000,5927.000,5802.000,5809.000,155764,80098,5838.000
2021-05-06,5850.000,6073.000,5850.000,6053.000,151360,84449,5962.000
2021-05-07,6055.000,6120.000,6041.000,6086.000,133213,89304,6076.000
2021-05-10,6118.000,6197.000,6076.000,6103.000,196119,85874,6138.000
2021-05-11,6120.000,6195.000,6076.000,6163.000,135449,92760,6138.000
2021-05-12,6163.000,6272.000,6154.000,6266.000,169164,106784,6225.000
2021-05-13,6263.000,6292.000,6140.000,6244.000,198616,103139,6230.000
2021-05-14,6233.000,6246.000,6101.000,6196.000,214818,99869,6171.000
2021-05-17,6230.000,6269.000,6160.000,6206.000,187697,103318,6210.000
2021-05-18,6206.000,6232.000,6181.000,6192.000,123370,103268,6202.000
2021-05-19,6192.000,6198.000,6091.000,6103.000,152693,102062,6135.000
2021-05-20,6082.000,6086.000,5934.000,5978.000,197527,100025,5989.000
2021-05-21,5958.000,5978.000,5880.000,5913.000,165297,96217,5937.000
2021-05-24,5913.000,5932.000,5824.000,5864.000,155660,96757,5881.000
2021-05-25,5834.000,5985.000,5827.000,5852.000,205046,105344,5903.000
2021-05-26,5831.000,5848.000,5707.000,5715.000,188232,118445,5784.000
2021-05-27,5700.000,5764.000,5651.000,5673.000,157350,123202,5707.000
2021-05-28,5673.000,5795.000,5660.000,5701.000,157775,120546,5730.000
2021-05-31,5670.000,5789.000,5637.000,5700.000,216990,123560,5717.000
2021-06-01,5700.000,5797.000,5676.000,5786.000,167778,118466,5743.000
2021-06-02,5801.000,5876.000,5791.000,5850.000,154149,109250,5839.000
2021-06-03,5850.000,5940.000,5847.000,5882.000,166675,101463,5890.000
2021-06-04,5882.000,5913.000,5755.000,5879.000,186823,96342,5851.000
2021-06-07,5900.000,5945.000,5864.000,5909.000,147192,92774,5901.000
2021-06-08,5910.000,5927.000,5781.000,5828.000,176645,98693,5840.000
2021-06-09,5828.000,5866.000,5770.000,5783.000,142075,106186,5812.000
2021-06-10,5752.000,5784.000,5696.000,5710.000,181076,120626,5735.000
2021-06-11,5700.000,5739.000,5673.000,5712.000,158111,126793,5703.000
2021-06-15,5625.000,5677.000,5504.000,5633.000,215315,135141,5579.000
2021-06-16,5655.000,5656.000,5573.000,5594.000,141932,140092,5603.000
2021-06-17,5600.000,5690.000,5557.000,5674.000,182516,131707,5626.000
2021-06-18,5673.000,5674.000,5501.000,5606.000,226427,123021,5598.000
2021-06-21,5646.000,5683.000,5583.000,5654.000,164231,118662,5633.000
2021-06-22,5654.000,5796.000,5630.000,5723.000,155972,105915,5707.000
2021-06-23,5723.000,5769.000,5718.000,5758.000,116193,99523,5745.000
2021-06-24,5728.000,5789.000,5623.000,5636.000,167961,109338,5700.000
2021-06-25,5635.000,5666.000,5581.000,5617.000,135919,118761,5625.000
2021-06-28,5600.000,5637.000,5525.000,5583.000,202874,128521,5582.000
2021-06-29,5538.000,5551.000,5461.000,5533.000,275443,153662,5494.000
2021-06-30,5545.000,5570.000,5522.000,5561.000,136490,152802,5545.000
2021-07-01,5530.000,5720.000,5530.000,5657.000,204274,126407,5631.000
2021-07-02,5700.000,5785.000,5670.000,5745.000,157138,105597,5727.000
2021-07-05,5745.000,5843.000,5718.000,5823.000,163762,101241,5774.000
2021-07-06,5849.000,5890.000,5839.000,5877.000,128141,96028,5865.000
2021-07-07,5903.000,5917.000,5796.000,5869.000,166444,92931,5852.000
2021-07-08,5866.000,5911.000,5826.000,5904.000,147441,94538,5872.000
2021-07-09,5911.000,5959.000,5870.000,5944.000,188607,97828,5917.000
2021-07-12,5950.000,5990.000,5874.000,5959.000,189805,95881,5938.000
2021-07-13,5959.000,5996.000,5908.000,5944.000,152941,95175,5950.000
2021-07-14,5950.000,5981.000,5881.000,5930.000,156485,92262,5939.000
2021-07-15,5930.000,5931.000,5806.000,5828.000,163127,87840,5867.000
2021-07-16,5828.000,5948.000,5815.000,5944.000,136880,86406,5858.000
2021-07-19,5958.000,6007.000,5700.000,5723.000,186875,82727,5945.000
2021-07-20,5755.000,5860.000,5661.000,5698.000,224923,86287,5727.000
2021-07-21,5698.000,5739.000,5637.000,5656.000,135264,89920,5683.000
2021-07-22,5693.000,5693.000,5623.000,5627.000,122062,94695,5650.000
2021-07-23,5627.000,5698.000,5602.000,5676.000,135143,92165,5662.000
2021-07-26,5658.000,5736.000,5628.000,5692.000,166755,87878,5688.000
2021-07-27,5710.000,5786.000,5637.000,5742.000,184506,80805,5719.000
2021-07-28,5723.000,5770.000,5690.000,5750.000,164720,73048,5728.000
2021-07-29,5750.000,5769.000,5683.000,5714.000,120149,72982,5722.000
2021-07-30,5688.000,5756.000,5637.000,5678.000,165455,81868,5693.000
2021-08-02,5678.000,5728.000,5624.000,5715.000,160439,66105,5674.000
2021-08-03,5724.000,5806.000,5692.000,5801.000,161041,51265,5740.000
2021-08-04,5790.000,5846.000,5749.000,5837.000,122620,45411,5794.000
2021-08-05,5837.000,5866.000,5795.000,5821.000,99779,38875,5828.000
2021-08-06,5845.000,5880.000,5801.000,5828.000,118949,35931,5838.000
2021-08-09,5846.000,5884.000,5711.000,5728.000,130361,35522,5789.000
2021-08-10,5720.000,5802.000,5711.000,5742.000,86982,30211,5764.000
2021-08-11,5742.000,5831.000,5731.000,5804.000,60740,27052,5792.000
2021-08-12,5825.000,5864.000,5744.000,5764.000,89617,25726,5800.000
2021-08-13,5790.000,5792.000,5720.000,5746.000,73262,25753,5753.000
2021-08-16,5789.000,5900.000,5725.000,5879.000,103228,22728,5806.000
2021-08-17,5813.000,5878.000,5760.000,5844.000,156509,115594,5819.000
2021-08-18,5844.000,5860.000,5805.000,5846.000,115060,115360,5832.000
2021-08-19,5846.000,5880.000,5791.000,5846.000,132489,115310,5832.000
2021-08-20,5804.000,5821.000,5625.000,5632.000,219098,138375,5701.000
2021-08-23,5620.000,5666.000,5572.000,5658.000,134411,151645,5639.000
2021-08-24,5658.000,5826.000,5651.000,5809.000,186009,125728,5727.000
2021-08-25,5809.000,5892.000,5803.000,5884.000,146574,128258,5848.000
2021-08-26,5898.000,5926.000,5859.000,5901.000,117710,140263,5897.000
2021-08-27,5919.000,5933.000,5829.000,5888.000,131540,144458,5895.000
2021-08-30,5888.000,5899.000,5746.000,5762.000,166341,129018,5814.000
2021-08-31,5762.000,5776.000,5709.000,5749.000,107754,130171,5742.000
2021-09-01,5742.000,5764.000,5704.000,5711.000,111886,134316,5725.000
2021-09-02,5721.000,5781.000,5711.000,5749.000,139012,134997,5743.000
2021-09-03,5746.000,5878.000,5731.000,5865.000,146209,141133,5812.000
2021-09-06,5880.000,5895.000,5807.000,5840.000,112569,135709,5837.000
2021-09-07,5840.000,5865.000,5809.000,5820.000,121504,135268,5833.000
2021-09-08,5819.000,5835.000,5756.000,5823.000,157229,127984,5803.000
2021-09-09,5823.000,5898.000,5808.000,5878.000,168776,142029,5856.000
2021-09-10,5866.000,5920.000,5836.000,5917.000,133432,147939,5873.000
2021-09-13,5926.000,5960.000,5884.000,5915.000,161875,148006,5917.000
2021-09-14,5914.000,5924.000,5851.000,5873.000,144217,144734,5888.000
2021-09-15,5884.000,5930.000,5821.000,5849.000,160562,138567,5870.000
2021-09-16,5845.000,5946.000,5831.000,5940.000,165528,153609,5900.000
2021-09-17,5950.000,5977.000,5910.000,5956.000,134854,154927,5953.000
2021-09-22,5950.000,5995.000,5903.000,5958.000,114500,157883,5955.000
2021-09-23,5966.000,6032.000,5924.000,6025.000,169380,163193,5971.000
2021-09-24,6020.000,6077.000,5985.000,6069.000,133649,162857,6023.000
2021-09-27,6066.000,6084.000,5900.000,5906.000,185624,135369,5977.000
2021-09-28,5910.000,5927.000,5872.000,5919.000,121552,122413,5897.000
2021-09-29,5919.000,5964.000,5901.000,5938.000,110737,103710,5931.000
2021-09-30,5938.000,5980.000,5907.000,5920.000,139063,83575,5938.000
2021-10-08,5951.000,6280.000,5951.000,6180.000,147701,92200,6186.000
2021-10-11,6180.000,6266.000,6180.000,6253.000,114823,90613,6226.000
2021-10-12,6253.000,6295.000,6180.000,6244.000,107266,85081,6250.000
2021-10-13,6244.000,6255.000,6103.000,6183.000,133575,73263,6210.000
2021-10-14,6177.000,6215.000,6041.000,6061.000,119040,55978,6109.000
2021-10-15,6049.000,6075.000,5996.000,6059.000,103156,45841,6034.000
2021-10-18,6059.000,6149.000,6015.000,6050.000,94826,38930,6064.000
2021-10-19,6048.000,6078.000,5986.000,6008.000,75559,33944,6029.000
2021-10-20,6000.000,6025.000,5950.000,5992.000,53201,27645,5995.000
2021-10-21,5977.000,6176.000,5970.000,6165.000,158708,105862,6093.000
2021-10-22,6165.000,6200.000,6120.000,6145.000,123739,108314,6155.000
2021-10-25,6145.000,6245.000,6092.000,6209.000,161883,125891,6180.000
2021-10-26,6209.000,6265.000,6165.000,6170.000,148961,127540,6204.000
2021-10-27,6190.000,6192.000,6133.000,6167.000,108288,117094,6160.000
2021-10-28,6167.000,6198.000,6118.000,6143.000,133393,111930,6153.000
2021-10-29,6134.000,6269.000,6134.000,6244.000,152639,131198,6210.000
2021-11-01,6261.000,6308.000,6225.000,6282.000,159050,138230,6274.000
2021-11-02,6290.000,6323.000,6245.000,6274.000,147253,136324,6284.000
2021-11-03,6285.000,6360.000,6254.000,6320.000,156447,142403,6304.000
2021-11-04,6320.000,6441.000,6311.000,6423.000,176780,164560,6372.000
2021-11-05,6423.000,6517.000,6405.000,6508.000,191944,174753,6463.000
2021-11-08,6508.000,6512.000,6289.000,6353.000,269625,134765,6375.000
2021-11-09,6347.000,6375.000,6270.000,6362.000,178370,124534,6317.000
2021-11-10,6364.000,6496.000,6364.000,6478.000,203498,137587,6448.000
2021-11-11,6478.000,6515.000,6450.000,6463.000,153420,136602,6482.000
2021-11-12,6470.000,6484.000,6405.000,6438.000,148437,127565,6436.000
2021-11-15,6440.000,6477.000,6389.000,6390.000,144947,118219,6423.000
2021-11-16,6383.000,6412.000,6310.000,6409.000,149851,114607,6367.000
2021-11-17,6408.000,6415.000,6288.000,6288.000,135174,112063,6327.000
2021-11-18,6288.000,6388.000,6281.000,6367.000,146249,110223,6325.000
2021-11-19,6367.000,6378.000,6285.000,6286.000,127734,107275,6328.000
2021-11-22,6279.000,6349.000,6243.000,6262.000,169675,98414,6288.000
2021-11-23,6262.000,6262.000,6180.000,6185.000,144454,96798,6229.000
2021-11-24,6185.000,6212.000,6150.000,6198.000,116519,94597,6182.000
2021-11-25,6198.000,6200.000,6114.000,6191.000,126006,95440,6166.000
2021-11-26,6195.000,6245.000,6178.000,6208.000,136308,86530,6212.000
2021-11-29,6200.000,6200.000,6081.000,6095.000,156515,97349,6126.000
2021-11-30,6065.000,6149.000,6065.000,6099.000,102028,93051,6109.000
2021-12-01,6116.000,6153.000,6050.000,6127.000,138675,80783,6093.000
2021-12-02,6127.000,6162.000,6084.000,6093.000,118946,73426,6122.000
2021-12-03,6093.000,6150.000,6093.000,6101.000,108373,67474,6125.000
2021-12-06,6105.000,6140.000,6054.000,6056.000,113915,62232,6098.000
2021-12-07,6057.000,6212.000,6057.000,6095.000,149040,47428,6136.000
2021-12-08,6087.000,6109.000,6034.000,6040.000,96733,48184,6071.000
2021-12-09,5950.000,5972.000,5920.000,5966.000,88583,148275,5953.000
2021-12-10,5959.000,5960.000,5874.000,5880.000,121838,166976,5898.000
2021-12-13,5880.000,5968.000,5878.000,5924.000,138469,158497,5925.000
2021-12-14,5890.000,5949.000,5884.000,5891.000,125762,165434,5921.000
2021-12-15,5891.000,5912.000,5841.000,5884.000,124960,170835,5865.000
2021-12-16,5876.000,5975.000,5854.000,5961.000,171233,153928,5920.000
2021-12-17,5965.000,6009.000,5935.000,5972.000,154755,145158,5963.000
2021-12-20,5963.000,6061.000,5960.000,6017.000,157746,138150,6012.000
2021-12-21,6017.000,6029.000,5935.000,5938.000,153227,142621,5971.000
2021-12-22,5938.000,5976.000,5907.000,5918.000,142198,148835,5934.000
2021-12-23,5907.000,5978.000,5891.000,5962.000,126232,144546,5929.000
2021-12-24,5948.000,5956.000,5883.000,5888.000,137380,163362,5905.000
2021-12-27,5882.000,5997.000,5832.000,5975.000,234057,150299,5933.000
2021-12-28,5989.000,6044.000,5959.000,6024.000,159885,145063,6011.000
2021-12-29,6025.000,6028.000,5867.000,5875.000,234255,168108,5920.000
2021-12-30,5871.000,5888.000,5841.000,5863.000,153553,188861,0.000
2021-12-31,5863.000,5894.000,5847.000,5878.000,131399,180014,5870.000
2022-01-04,5865.000,5868.000,5652.000,5847.000,187623,172689,5798.000
2022-01-05,5847.000,5894.000,5824.000,5880.000,140866,160455,5861.000
2022-01-06,5898.000,5928.000,5836.000,5849.000,164031,154883,5884.000
2022-01-07,5864.000,5899.000,5854.000,5869.000,117213,149976,5874.000
2022-01-10,5876.000,5879.000,5778.000,5819.000,154607,159085,5823.000
2022-01-11,5819.000,5833.000,5763.000,5772.000,116177,169149,5787.000
2022-01-12,5772.000,5785.000,5726.000,5769.000,140731,182109,5755.000
2022-01-13,5755.000,5762.000,5712.000,5720.000,112291,197792,5734.000
2022-01-14,5710.000,5775.000,5684.000,5773.000,162580,180087,5735.000
2022-01-17,5773.000,5821.000,5761.000,5816.000,134836,162876,5796.000
2022-01-18,5816.000,5859.000,5805.000,5841.000,100439,155746,5835.000
2022-01-19,5841.000,5897.000,5810.000,5885.000,124033,142214,5849.000
2022-01-20,5900.000,5963.000,5892.000,5959.000,120691,132349,5932.000
2022-01-21,5959.000,6000.000,5953.000,6000.000,124226,127212,5982.000
2022-01-24,6004.000,6114.000,5983.000,6091.000,176074,128485,6040.000
2022-01-25,6085.000,6142.000,6073.000,6137.000,148216,127215,6110.000
2022-01-26,6138.000,6258.000,6138.000,6238.000,195320,118963,6207.000
2022-01-27,6222.000,6243.000,6133.000,6206.000,183754,96246,6191.000
2022-01-28,6222.000,6288.000,6191.000,6216.000,139173,79154,6246.000
2022-02-07,6300.000,6399.000,6196.000,6204.000,123988,76219,6302.000
2022-02-08,6290.000,6329.000,6233.000,6273.000,127684,69435,6281.000
2022-02-09,6273.000,6365.000,6208.000,6349.000,206251,77222,6294.000
2022-02-10,6370.000,6370.000,6292.000,6336.000,91816,70564,6327.000
2022-02-11,6370.000,6428.000,6264.000,6320.000,176728,72993,6339.000
2022-02-14,6340.000,6355.000,6251.000,6260.000,107935,67711,6300.000
2022-02-15,6250.000,6315.000,6202.000,6236.000,116170,67314,6245.000
2022-02-16,6218.000,6226.000,6108.000,6146.000,91802,60554,6171.000
2022-02-17,6145.000,6176.000,6093.000,6135.000,81574,50196,6133.000
2022-02-18,6109.000,6128.000,6068.000,6087.000,77195,42757,6094.000
2022-02-21,6080.000,6115.000,6030.000,6047.000,64171,37827,6064.000
2022-02-22,6040.000,6119.000,6010.000,6083.000,64313,28128,6063.000
2022-02-23,6040.000,6102.000,6023.000,6098.000,38929,22376,6064.000
2022-02-24,6052.000,6175.000,5902.000,6164.000,217215,97274,6052.000
2022-02-25,6169.000,6443.000,6152.000,6205.000,220036,108210,6267.000
2022-02-28,6187.000,6187.000,6000.000,6035.000,147970,102687,6062.000
2022-03-01,6035.000,6265.000,6029.000,6237.000,147349,114587,6125.000
2022-03-02,6242.000,6296.000,6185.000,6270.000,149285,109247,6257.000
2022-03-03,6270.000,6334.000,6253.000,6307.000,113681,114078,6292.000
2022-03-04,6283.000,6311.000,6153.000,6188.000,144850,109918,6236.000
2022-03-07,6188.000,6249.000,6181.000,6215.000,119664,113981,6212.000
2022-03-08,6184.000,6214.000,6049.000,6180.000,124588,111866,6163.000
2022-03-09,6176.000,6341.000,6128.000,6311.000,153496,113959,6229.000
2022-03-10,6300.000,6300.000,6155.000,6165.000,124177,103475,6197.000
2022-03-11,6165.000,6245.000,6145.000,6165.000,103534,104717,6196.000
2022-03-14,6165.000,6176.000,6105.000,6140.000,82254,104818,6128.000
2022-03-15,6140.000,6253.000,6116.000,6207.000,107494,110161,6194.000
2022-03-16,6207.000,6292.000,6136.000,6285.000,107994,114095,6215.000
2022-03-17,6314.000,6330.000,6234.000,6282.000,84479,118140,6276.000
2022-03-18,6301.000,6350.000,6195.000,6232.000,124132,119518,6271.000
2022-03-21,6232.000,6298.000,6180.000,6255.000,86205,119352,6238.000
2022-03-22,6255.000,6330.000,6229.000,6320.000,84361,133485,6289.000
2022-03-23,6301.000,6324.000,6203.000,6295.000,146940,132532,6259.000
2022-03-24,6300.000,6319.000,6191.000,6221.000,138835,126455,6247.000
2022-03-25,6228.000,6280.000,6211.000,6220.000,89137,122987,6238.000
2022-03-28,6220.000,6270.000,6156.000,6158.000,98200,129553,6218.000
2022-03-29,6158.000,6183.000,6121.000,6153.000,76557,128972,6154.000
2022-03-30,6136.000,6225.000,6125.000,6215.000,92078,119149,6182.000
2022-03-31,6234.000,6342.000,6215.000,6320.000,144867,152198,6300.000
2022-04-01,6320.000,6341.000,6274.000,6303.000,106911,133880,6305.000
2022-04-06,6304.000,6332.000,6260.000,6278.000,61624,122402,6287.000
2022-04-07,6278.000,6278.000,6165.000,6184.000,112731,105358,6204.000
2022-04-08,6184.000,6292.000,6175.000,6271.000,85393,100038,6243.000
2022-04-11,6280.000,6299.000,6256.000,6280.000,69378,109182,6279.000
2022-04-12,6280.000,6280.000,6195.000,6207.000,79486,101871,6235.000
2022-04-13,6206.000,6230.000,6192.000,6209.000,63731,102374,6212.000
2022-04-14,6193.000,6208.000,6145.000,6191.000,89273,111761,6171.000
2022-04-15,6191.000,6248.000,6135.000,6232.000,93978,102880,6193.000
2022-04-18,6232.000,6232.000,6154.000,6156.000,81091,110622,6189.000
2022-04-19,6156.000,6188.000,6103.000,6174.000,91494,108483,6151.000
2022-04-20,6150.000,6199.000,6103.000,6182.000,95466,108473,6151.000
2022-04-21,6182.000,6203.000,6117.000,6121.000,80512,112742,6151.000
2022-04-22,6123.000,6153.000,6121.000,6129.000,52075,109121,6137.000
2022-04-25,6129.000,6192.000,6089.000,6120.000,125316,112415,6150.000
2022-04-26,6120.000,6133.000,6094.000,6123.000,78740,113450,6112.000
2022-04-27,6123.000,6128.000,6074.000,6089.000,79741,119713,6098.000
2022-04-28,6095.000,6163.000,6081.000,6155.000,92979,110441,6124.000
2022-04-29,6155.000,6227.000,6132.000,6193.000,92393,107510,6180.000
2022-05-05,6210.000,6230.000,6117.000,6138.000,73135,102100,6139.000
2022-05-06,6148.000,6200.000,6145.000,6179.000,84413,106391,6179.000
2022-05-09,6179.000,6218.000,6147.000,6197.000,71760,107027,6181.000
2022-05-10,6188.000,6208.000,6130.000,6204.000,100409,110421,6172.000
2022-05-11,6190.000,6190.000,6136.000,6139.000,87343,108195,6153.000
2022-05-12,6139.000,6249.000,6130.000,6246.000,112180,116174,6208.000
2022-05-13,6246.000,6312.000,6234.000,6275.000,108467,129175,6277.000
2022-05-16,6298.000,6330.000,6282.000,6296.000,88162,131939,6303.000
2022-05-17,6296.000,6302.000,6259.000,6277.000,71492,130047,6274.000
2022-05-18,6282.000,6309.000,6246.000,6264.000,68384,125673,6271.000
2022-05-19,6264.000,6293.000,6238.000,6284.000,59400,132083,6263.000
2022-05-20,6263.000,6314.000,6263.000,6310.000,65280,137928,6293.000
2022-05-23,6301.000,6339.000,6281.000,6330.000,75556,142686,6310.000
2022-05-24,6330.000,6392.000,6322.000,6377.000,98955,155205,6356.000
2022-05-25,6378.000,6403.000,6347.000,6357.000,79290,148533,6373.000
2022-05-26,6351.000,6394.000,6313.000,6325.000,88654,140929,6358.000
2022-05-27,6332.000,6388.000,6320.000,6357.000,87607,135923,6350.000
2022-05-30,6356.000,6395.000,6301.000,6319.000,81948,122789,6344.000
2022-05-31,6305.000,6328.000,6265.000,6295.000,72247,109420,6291.000
2022-06-01,6290.000,6313.000,6255.000,6278.000,68484,103170,6285.000
2022-06-02,6278.000,6370.000,6272.000,6351.000,78154,103202,6331.000
2022-06-06,6337.000,6372.000,6269.000,6271.000,58487,94790,6304.000
2022-06-07,6271.000,6296.000,6248.000,6265.000,53831,90088,6270.000
2022-06-08,6265.000,6294.000,6237.000,6288.000,60920,91477,6267.000
2022-06-09,6308.000,6340.000,6280.000,6290.000,65611,84264,6308.000
2022-06-10,6270.000,6282.000,6202.000,6229.000,76001,78360,6252.000
2022-06-13,6229.000,6280.000,6218.000,6229.000,52555,70709,6243.000
2022-06-14,6212.000,6240.000,6183.000,6213.000,53290,63278,6212.000
2022-06-15,6213.000,6213.000,6155.000,6182.000,57345,53485,6179.000
2022-06-16,6120.000,6180.000,6120.000,6175.000,98375,94679,6148.000
2022-06-17,6156.000,6210.000,6150.000,6150.000,84059,98527,6180.000
2022-06-20,6160.000,6197.000,6119.000,6178.000,109059,102231,6156.000
2022-06-21,6177.000,6178.000,6069.000,6079.000,120903,117540,6104.000
2022-06-22,6083.000,6109.000,6011.000,6012.000,105238,124413,6063.000
2022-06-23,6012.000,6012.000,5910.000,5943.000,125804,135031,5955.000
2022-06-24,5943.000,5984.000,5817.000,5831.000,164383,149914,5897.000
2022-06-27,5841.000,5932.000,5830.000,5896.000,118825,146952,5875.000
2022-06-28,5896.000,6012.000,5896.000,5998.000,115693,132284,5977.000
2022-06-29,5998.000,6031.000,5962.000,5963.000,104611,130753,6002.000
2022-06-30,5970.000,6034.000,5964.000,5976.000,74024,132753,5996.000
2022-07-01,5980.000,5982.000,5890.000,5930.000,115291,127898,5924.000
2022-07-04,5931.000,5947.000,5768.000,5882.000,155689,133834,5850.000
2022-07-05,5854.000,5892.000,5814.000,5867.000,82146,129145,5856.000
2022-07-06,5855.000,5858.000,5702.000,5808.000,145076,127618,5786.000
2022-07-07,5815.000,5886.000,5805.000,5869.000,119719,120188,5843.000
2022-07-08,5876.000,5890.000,5832.000,5843.000,73639,119478,5863.000
2022-07-11,5843.000,5882.000,5781.000,5797.000,92657,121781,5842.000
2022-07-12,5771.000,5817.000,5733.000,5792.000,97273,129457,5771.000
2022-07-13,5771.000,5787.000,5653.000,5728.000,132355,133032,5720.000
2022-07-14,5720.000,5845.000,5682.000,5834.000,153569,129091,5784.000
2022-07-15,5825.000,5869.000,5809.000,5814.000,115468,120383,5839.000
2022-07-18,5829.000,5947.000,5778.000,5790.000,132805,118387,5841.000
2022-07-19,5791.000,5833.000,5740.000,5741.000,104704,123534,5781.000
2022-07-20,5740.000,5800.000,5690.000,5792.000,99572,120692,5754.000
2022-07-21,5774.000,5790.000,5716.000,5779.000,80789,117953,5759.000
2022-07-22,5759.000,5766.000,5656.000,5725.000,129265,128053,5710.000
2022-07-25,5725.000,5764.000,5669.000,5727.000,98001,120485,5718.000
2022-07-26,5727.000,5880.000,5727.000,5874.000,121318,105751,5835.000
2022-07-27,5880.000,5920.000,5862.000,5910.000,84926,96273,5891.000
2022-07-28,5935.000,6006.000,5911.000,5972.000,101523,90781,5954.000
2022-07-29,5972.000,6100.000,5964.000,6092.000,119223,90274,6028.000
2022-08-01,6110.000,6246.000,6110.000,6238.000,137226,93435,6192.000
2022-08-02,6210.000,6282.000,6167.000,6255.000,118814,95436,6211.000
2022-08-03,6255.000,6299.000,6223.000,6227.000,115520,99183,6260.000
2022-08-04,6227.000,6260.000,6136.000,6173.000,109951,95207,6194.000
2022-08-05,6183.000,6270.000,6168.000,6194.000,86525,93676,6206.000
2022-08-08,6170.000,6232.000,6120.000,6220.000,107149,95166,6173.000
2022-08-09,6200.000,6248.000,6163.000,6177.000,86278,94163,6210.000
2022-08-10,6191.000,6236.000,6180.000,6223.000,61511,97001,6209.000
2022-08-11,6248.000,6292.000,6223.000,6256.000,87995,110654,6255.000
2022-08-12,6289.000,6298.000,6209.000,6222.000,87567,102825,6258.000
2022-08-15,6235.000,6245.000,6175.000,6190.000,78893,96112,6209.000
2022-08-16,6153.000,6196.000,6091.000,6094.000,72443,83733,6151.000
2022-08-17,6123.000,6123.000,6048.000,6090.000,85842,76799,6071.000
2022-08-18,6090.000,6154.000,6069.000,6088.000,70765,74341,6106.000
2022-08-19,6088.000,6094.000,6020.000,6047.000,73896,59386,6045.000
2022-08-22,6028.000,6124.000,6028.000,6065.000,57224,57941,6082.000
2022-08-23,6083.000,6101.000,6013.000,6017.000,57801,50979,6050.000
2022-08-24,6017.000,6024.000,5910.000,5925.000,93478,34648,5959.000
2022-08-25,5911.000,5969.000,5873.000,5933.000,66621,19957,5925.000
2022-08-26,5860.000,5976.000,5844.000,5948.000,139441,90363,5929.000
2022-08-29,5946.000,5965.000,5883.000,5927.000,101952,83280,5930.000
2022-08-30,5927.000,5979.000,5886.000,5893.000,90906,81155,5920.000
2022-08-31,5875.000,5898.000,5826.000,5835.000,90045,77588,5856.000
2022-09-01,5835.000,5859.000,5780.000,5835.000,131369,80482,5815.000
2022-09-02,5820.000,5879.000,5795.000,5806.000,96240,82842,5828.000
2022-09-05,5807.000,5851.000,5770.000,5774.000,110717,88609,5800.000
2022-09-06,5774.000,5805.000,5758.000,5763.000,78080,93883,5776.000
2022-09-07,5753.000,5800.000,5744.000,5768.000,85108,92890,5772.000
2022-09-08,5773.000,5820.000,5755.000,5760.000,82925,89465,5782.000
2022-09-09,5750.000,5756.000,5671.000,5684.000,128224,104599,5696.000
2022-09-13,5738.000,5929.000,5725.000,5893.000,151397,85694,5852.000
2022-09-14,5860.000,5885.000,5822.000,5857.000,99005,81960,5859.000
2022-09-15,5876.000,5892.000,5852.000,5880.000,70319,86166,5868.000
2022-09-16,5880.000,5920.000,5864.000,5883.000,78417,87164,5891.000
2022-09-19,5891.000,5950.000,5891.000,5936.000,98047,90093,5916.000
2022-09-20,5918.000,5954.000,5885.000,5942.000,76419,90502,5922.000
2022-09-21,5922.000,6034.000,5920.000,6033.000,125413,105875,5980.000
2022-09-22,6023.000,6046.000,5984.000,6038.000,83578,108440,6017.000
2022-09-23,6009.000,6082.000,5990.000,6075.000,95262,113217,6050.000
2022-09-26,6040.000,6065.000,5981.000,5994.000,105988,106086,6017.000
2022-09-27,6017.000,6044.000,6004.000,6023.000,64177,104372,6023.000
2022-09-28,6017.000,6061.000,5978.000,6003.000,87771,99643,6017.000
2022-09-29,6017.000,6106.000,5985.000,6071.000,98975,104489,6050.000
2022-09-30,6051.000,6075.000,6007.000,6024.000,71118,93394,6052.000
2022-10-10,6017.000,6039.000,5953.000,5971.000,79136,83890,5978.000
2022-10-11,5971.000,5992.000,5914.000,5922.000,75842,69239,5947.000
2022-10-12,5922.000,5928.000,5839.000,5861.000,105779,50656,5879.000
2022-10-13,5850.000,5885.000,5807.000,5832.000,76580,41024,5846.000
2022-10-14,5854.000,5877.000,5813.000,5839.000,73741,31272,5851.000
2022-10-17,5831.000,5884.000,5816.000,5841.000,74684,23823,5848.000
2022-10-18,5878.000,5878.000,5813.000,5856.000,50252,19837,5843.000
2022-10-19,5804.000,5829.000,5741.000,5745.000,104937,126280,5778.000
2022-10-20,5745.000,5745.000,5626.000,5640.000,164313,158484,5686.000
2022-10-21,5650.000,5680.000,5596.000,5623.000,148946,170246,5631.000
2022-10-24,5623.000,5642.000,5565.000,5588.000,124878,178065,5600.000
2022-10-25,5588.000,5614.000,5554.000,5570.000,105230,179380,5582.000
2022-10-26,5570.000,5597.000,5556.000,5567.000,100167,183913,5573.000
2022-10-27,5561.000,5594.000,5526.000,5588.000,142058,183576,5562.000
2022-10-28,5588.000,5614.000,5550.000,5578.000,134348,179844,5581.000
2022-10-31,5581.000,5617.000,5562.000,5571.000,123729,168620,5589.000
2022-11-01,5566.000,5608.000,5534.000,5596.000,138509,152370,5572.000
2022-11-02,5598.000,5628.000,5582.000,5584.000,105334,145914,5607.000
2022-11-03,5566.000,5604.000,5522.000,5596.000,124347,146278,5564.000
2022-11-04,5594.000,5622.000,5550.000,5552.000,110454,144741,5595.000
2022-11-07,5552.000,5592.000,5535.000,5562.000,132702,151043,5565.000
2022-11-08,5557.000,5573.000,5507.000,5537.000,135326,161013,5543.000
2022-11-09,5547.000,5599.000,5517.000,5590.000,111071,147381,5551.000
2022-11-10,5592.000,5697.000,5586.000,5685.000,179903,112268,5652.000
2022-11-11,5647.000,5696.000,5647.000,5680.000,102155,101088,5677.000
2022-11-14,5680.000,5720.000,5567.000,5593.000,119239,101632,5635.000
2022-11-15,5630.000,5630.000,5593.000,5617.000,62548,93727,5614.000
2022-11-16,5577.000,5646.000,5577.000,5612.000,69320,92319,5620.000
2022-11-17,5620.000,5626.000,5582.000,5613.000,63013,90229,5600.000
2022-11-18,5625.000,5696.000,5602.000,5675.000,119688,85295,5665.000
2022-11-21,5658.000,5678.000,5558.000,5580.000,123461,88478,5606.000
2022-11-22,5604.000,5604.000,5562.000,5575.000,67750,90615,5574.000
2022-11-23,5551.000,5584.000,5546.000,5565.000,77262,95759,5564.000
2022-11-24,5575.000,5633.000,5559.000,5621.000,94014,82559,5600.000
2022-11-25,5615.000,5649.000,5609.000,5613.000,60310,77908,5628.000
2022-11-28,5613.000,5636.000,5565.000,5616.000,82300,75941,5609.000
2022-11-29,5616.000,5618.000,5574.000,5588.000,77338,78153,5592.000
2022-11-30,5583.000,5620.000,5577.000,5586.000,63080,78468,5593.000
2022-12-01,5585.000,5617.000,5564.000,5579.000,84973,86837,5586.000
2022-12-02,5585.000,5600.000,5556.000,5563.000,71281,87832,5575.000
2022-12-05,5575.000,5637.000,5551.000,5626.000,113520,74384,5597.000
2022-12-06,5611.000,5642.000,5576.000,5592.000,83221,71074,5606.000
2022-12-07,5597.000,5597.000,5560.000,5577.000,70597,84684,5578.000
2022-12-08,5580.000,5630.000,5577.000,5611.000,81143,78701,5608.000
2022-12-09,5608.000,5636.000,5590.000,5602.000,76184,69966,5614.000
2022-12-12,5590.000,5620.000,5520.000,5550.000,106250,75527,5564.000
2022-12-13,5560.000,5582.000,5531.000,5566.000,68737,58780,5556.000
2022-12-14,5322.000,5354.000,5303.000,5319.000,96173,125898,5323.000
2022-12-15,5320.000,5323.000,5227.000,5241.000,117788,150735,5268.000
2022-12-16,5262.000,5262.000,5201.000,5240.000,128024,161494,5228.000
2022-12-19,5205.000,5278.000,5205.000,5250.000,105790,154026,5242.000
2022-12-20,5250.000,5250.000,5192.000,5216.000,89056,163014,5212.000
2022-12-21,5232.000,5232.000,5154.000,5220.000,119516,161246,5201.000
2022-12-22,5191.000,5220.000,5150.000,5153.000,80646,175969,5180.000
2022-12-23,5154.000,5171.000,5127.000,5136.000,86901,178260,5147.000
2022-12-26,5120.000,5203.000,5120.000,5175.000,109119,167546,5164.000
2022-12-27,5158.000,5188.000,5153.000,5169.000,94055,174705,5167.000
2022-12-28,5172.000,5223.000,5170.000,5202.000,129558,164128,5200.000
2022-12-29,5200.000,5210.000,5151.000,5168.000,85179,169254,5175.000
2022-12-30,5152.000,5187.000,5151.000,5179.000,79902,163939,5171.000
2023-01-03,5180.000,5263.000,5180.000,5227.000,104989,149965,5222.000
2023-01-04,5227.000,5228.000,5171.000,5206.000,106864,149090,5205.000
2023-01-05,5213.000,5213.000,5143.000,5175.000,83276,158245,5170.000
2023-01-06,5186.000,5186.000,5162.000,5177.000,53792,153316,5175.000
2023-01-09,5187.000,5246.000,5180.000,5229.000,110177,137949,5218.000
2023-01-10,5232.000,5280.000,5232.000,5259.000,93830,124943,5252.000
2023-01-11,5281.000,5289.000,5255.000,5258.000,66811,121843,5271.000
2023-01-12,5250.000,5285.000,5226.000,5277.000,67986,119581,5261.000
2023-01-13,5296.000,5356.000,5286.000,5339.000,101899,125416,5322.000
2023-01-16,5326.000,5344.000,5316.000,5340.000,66786,123811,5329.000
2023-01-17,5354.000,5454.000,5339.000,5442.000,123481,120929,5403.000
2023-01-18,5426.000,5491.000,5423.000,5477.000,80605,123454,5467.000
2023-01-19,5460.000,5527.000,5433.000,5488.000,123972,124672,5478.000
2023-01-20,5498.000,5520.000,5477.000,5506.000,61729,124506,5501.000
2023-01-30,5516.000,5575.000,5478.000,5537.000,91896,125165,5531.000
2023-01-31,5539.000,5540.000,5488.000,5522.000,78601,124949,5516.000
2023-02-01,5505.000,5540.000,5498.000,5536.000,77049,127731,5522.000
2023-02-02,5548.000,5606.000,5539.000,5587.000,121241,132388,5575.000
2023-02-03,5576.000,5596.000,5535.000,5547.000,78841,131329,5569.000
2023-02-06,5552.000,5581.000,5522.000,5573.000,88363,135885,5552.000
2023-02-07,5578.000,5593.000,5546.000,5562.000,74504,142659,5566.000
2023-02-08,5570.000,5571.000,5502.000,5548.000,99093,143643,5537.000
2023-02-09,5557.000,5568.000,5529.000,5535.000,75564,150514,5549.000
2023-02-10,5530.000,5598.000,5530.000,5584.000,102237,162514,5569.000
2023-02-13,5572.000,5600.000,5512.000,5519.000,118103,147843,5553.000
2023-02-14,5519.000,5548.000,5450.000,5539.000,154770,138358,5494.000
2023-02-15,5521.000,5585.000,5521.000,5572.000,109711,151315,5565.000
2023-02-16,5572.000,5596.000,5565.000,5594.000,78901,156577,5582.000
2023-02-17,5598.000,5620.000,5573.000,5614.000,81063,164815,5596.000
2023-02-20,5620.000,5643.000,5582.000,5599.000,87817,163561,5604.000
2023-02-21,5595.000,5613.000,5575.000,5598.000,65860,162373,5592.000
2023-02-22,5600.000,5659.000,5598.000,5658.000,102639,176143,5631.000
2023-02-23,5652.000,5682.000,5595.000,5604.000,127995,171704,5639.000
2023-02-24,5621.000,5633.000,5593.000,5613.000,76864,171561,5612.000
2023-02-27,5607.000,5619.000,5576.000,5594.000,81732,163684,5596.000
2023-02-28,5596.000,5617.000,5576.000,5586.000,85993,160652,5595.000
2023-03-01,5580.000,5598.000,5542.000,5580.000,94510,159282,5570.000
2023-03-02,5580.000,5588.000,5556.000,5569.000,62594,158890,5573.000
2023-03-03,5554.000,5561.000,5500.000,5548.000,124415,153466,5533.000
2023-03-06,5550.000,5554.000,5505.000,5505.000,62749,151524,5520.000
2023-03-07,5498.000,5504.000,5469.000,5473.000,73725,145453,5486.000
2023-03-08,5473.000,5475.000,5404.000,5428.000,87783,140489,5440.000
2023-03-09,5434.000,5580.000,5432.000,5573.000,166685,136536,5522.000
2023-03-10,5578.000,5600.000,5564.000,5571.000,94485,131417,5583.000
2023-03-13,5571.000,5578.000,5528.000,5551.000,81911,124317,5556.000
2023-03-14,5546.000,5549.000,5507.000,5514.000,68584,117251,5527.000
2023-03-15,5524.000,5535.000,5473.000,5478.000,72106,111647,5494.000
2023-03-16,5478.000,5517.000,5470.000,5491.000,73272,109597,5491.000
2023-03-17,5491.000,5496.000,5438.000,5446.000,75437,103576,5461.000
2023-03-20,5459.000,5483.000,5446.000,5446.000,58347,100876,5463.000
2023-03-21,5454.000,5456.000,5402.000,5438.000,86480,102827,5427.000
2023-03-22,5454.000,5477.000,5391.000,5464.000,96762,101211,5427.000
2023-03-23,5453.000,5479.000,5415.000,5428.000,72916,97248,5447.000
2023-03-24,5418.000,5442.000,5405.000,5433.000,69032,96362,5418.000
2023-03-27,5435.000,5446.000,5353.000,5416.000,110512,94270,5406.000
2023-03-28,5416.000,5456.000,5393.000,5399.000,68061,88870,5413.000
2023-03-29,5386.000,5407.000,5370.000,5371.000,66434,87050,5385.000
2023-03-30,5371.000,5386.000,5341.000,5369.000,84572,89487,5363.000
2023-03-31,5386.000,5430.000,5362.000,5390.000,73905,87219,5389.000
2023-04-03,5380.000,5406.000,5346.000,5388.000,80529,83514,5379.000
2023-04-04,5382.000,5397.000,5343.000,5358.000,59492,81013,5361.000
2023-04-06,5368.000,5368.000,5285.000,5299.000,65339,78750,5327.000
2023-04-07,5310.000,5356.000,5291.000,5353.000,78325,68427,5327.000
2023-04-10,5134.000,5183.000,5115.000,5142.000,119208,122386,5142.000
2023-04-11,5132.000,5163.000,5049.000,5079.000,138934,133617,5095.000
2023-04-12,5098.000,5105.000,5055.000,5090.000,117806,138628,5075.000
2023-04-13,5074.000,5136.000,5071.000,5089.000,119213,138574,5104.000
2023-04-14,5072.000,5115.000,5062.000,5070.000,113180,143513,5085.000
2023-04-17,5087.000,5096.000,5035.000,5057.000,121993,145984,5065.000
2023-04-18,5047.000,5132.000,5047.000,5118.000,130430,135634,5089.000
2023-04-19,5100.000,5122.000,5061.000,5066.000,115414,134853,5086.000
2023-04-20,5066.000,5077.000,4948.000,4957.000,170943,153252,5006.000
2023-04-21,4957.000,4960.000,4853.000,4870.000,165843,162027,4895.000
2023-04-24,4880.000,4958.000,4870.000,4952.000,179262,147557,4928.000
2023-04-25,4935.000,4945.000,4885.000,4931.000,123632,142799,4918.000
2023-04-26,4933.000,4933.000,4865.000,4891.000,118693,148466,4895.000
2023-04-27,4895.000,4921.000,4841.000,4849.000,128504,151774,4878.000
2023-04-28,4849.000,4874.000,4774.000,4837.000,193355,148643,4822.000
2023-05-04,4815.000,4843.000,4760.000,4803.000,130356,154332,4796.000
2023-05-05,4809.000,4898.000,4765.000,4894.000,224027,157683,4840.000
2023-05-08,4856.000,5108.000,4856.000,5108.000,290850,163524,5010.000
2023-05-09,5109.000,5149.000,5032.000,5075.000,237043,165057,5078.000
2023-05-10,5051.000,5056.000,4925.000,4942.000,222502,155084,4970.000
2023-05-11,4970.000,4970.000,4906.000,4957.000,171254,152781,4934.000
2023-05-12,4947.000,5096.000,4931.000,5089.000,268156,147296,5034.000
2023-05-15,5072.000,5131.000,5054.000,5084.000,181326,142075,5094.000
2023-05-16,5114.000,5114.000,5026.000,5091.000,171325,131863,5064.000
2023-05-17,5098.000,5115.000,5038.000,5102.000,160079,133607,5084.000
2023-05-18,5081.000,5087.000,5033.000,5063.000,145912,128971,5059.000
2023-05-19,5078.000,5116.000,5032.000,5050.000,189300,121894,5073.000
2023-05-22,5051.000,5093.000,5034.000,5064.000,165076,114317,5061.000
2023-05-23,5067.000,5076.000,5006.000,5069.000,162160,111677,5047.000
2023-05-24,5069.000,5112.000,5039.000,5094.000,171666,112616,5077.000
2023-05-25,5075.000,5113.000,5044.000,5049.000,155842,109594,5074.000
2023-05-26,5060.000,5060.000,4994.000,5039.000,182467,113192,5023.000
2023-05-29,5039.000,5045.000,4960.000,4988.000,158060,117881,4989.000
2023-05-30,5000.000,5088.000,4993.000,5064.000,197991,115421,5053.000
2023-05-31,5042.000,5054.000,4972.000,4982.000,157265,109721,5001.000
2023-06-01,4990.000,5055.000,4980.000,5040.000,124502,96282,5026.000
2023-06-02,5021.000,5049.000,4985.000,5037.000,146095,95584,5018.000
2023-06-05,5045.000,5097.000,5007.000,5024.000,178763,86240,5053.000
2023-06-06,5007.000,5026.000,4991.000,5007.000,126722,93163,5006.000
2023-06-07,5030.000,5088.000,5007.000,5066.000,142714,87150,5058.000
2023-06-08,5047.000,5061.000,5018.000,5028.000,117939,85736,5035.000
2023-06-09,5050.000,5063.000,5030.000,5044.000,85118,75470,5048.000
2023-06-12,5043.000,5069.000,5005.000,5017.000,118285,75332,5033.000
2023-06-13,5032.000,5040.000,5007.000,5032.000,79623,69580,5024.000
2023-06-14,5026.000,5056.000,5006.000,5027.000,86990,62609,5028.000
2023-06-15,4816.000,4866.000,4765.000,4849.000,205659,133361,4811.000
2023-06-16,4828.000,4985.000,4814.000,4961.000,253993,144269,4912.000
2023-06-19,4951.000,5036.000,4951.000,5000.000,220947,141756,4994.000
2023-06-20,5000.000,5046.000,4958.000,5036.000,190748,144256,5003.000
2023-06-21,5030.000,5097.000,5025.000,5084.000,229244,148796,5069.000
2023-06-26,5031.000,5098.000,5020.000,5089.000,142115,151137,5068.000
2023-06-27,5089.000,5138.000,5058.000,5077.000,195734,151556,5089.000
2023-06-28,5057.000,5126.000,5044.000,5120.000,187252,152978,5083.000
2023-06-29,5113.000,5174.000,5102.000,5152.000,203384,160938,5145.000
2023-06-30,5152.000,5170.000,5118.000,5158.000,167575,157158,5147.000
2023-07-03,5177.000,5336.000,5164.000,5220.000,331511,145509,5250.000
2023-07-04,5215.000,5265.000,5156.000,5240.000,265988,135321,5205.000
2023-07-05,5265.000,5291.000,5243.000,5280.000,159883,138529,5269.000
2023-07-06,5296.000,5298.000,5178.000,5219.000,207775,131523,5219.000
2023-07-07,5203.000,5228.000,5184.000,5199.000,136962,134626,5205.000
2023-07-10,5198.000,5198.000,5146.000,5161.000,172742,136593,5171.000
2023-07-11,5175.000,5193.000,5137.000,5152.000,157712,134836,5161.000
2023-07-12,5161.000,5182.000,5130.000,5156.000,151706,138755,5154.000
2023-07-13,5156.000,5171.000,5083.000,5128.000,172727,136041,5128.000
2023-07-14,5152.000,5180.000,5118.000,5119.000,164046,135191,5152.000
2023-07-17,5124.000,5169.000,5113.000,5113.000,167584,134170,5134.000
2023-07-18,5113.000,5144.000,5094.000,5098.000,165283,136471,5115.000
2023-07-19,5115.000,5164.000,5100.000,5103.000,184421,139892,5125.000
2023-07-20,5108.000,5133.000,5075.000,5087.000,213031,141838,5100.000
2023-07-21,5096.000,5110.000,5055.000,5060.000,162015,141904,5078.000
2023-07-24,5051.000,5067.000,4970.000,4972.000,188550,154055,5008.000
2023-07-25,4972.000,4982.000,4950.000,4961.000,218470,159197,4968.000
2023-07-26,4959.000,4995.000,4953.000,4990.000,164851,148415,4976.000
2023-07-27,4980.000,5022.000,4972.000,4982.000,188678,143839,4995.000
2023-07-28,4990.000,4998.000,4963.000,4967.000,135757,142792,4980.000
2023-07-31,4976.000,4978.000,4913.000,4969.000,165550,132511,4943.000
2023-08-01,4969.000,4984.000,4938.000,4966.000,119321,131748,4962.000
2023-08-02,4952.000,4980.000,4928.000,4929.000,120249,140117,4954.000
2023-08-03,4920.000,4944.000,4885.000,4940.000,181782,138257,4913.000
2023-08-04,4952.000,5008.000,4939.000,4978.000,215636,132475,4976.000
2023-08-07,4978.000,5020.000,4932.000,4996.000,209008,132399,4973.000
2023-08-08,4996.000,5001.000,4960.000,4987.000,135763,133456,4980.000
2023-08-09,4987.000,5120.000,4981.000,5109.000,250627,125581,5058.000
2023-08-10,5109.000,5124.000,5064.000,5075.000,142458,110739,5091.000
2023-08-11,5075.000,5123.000,5021.000,5033.000,156121,100982,5076.000
2023-08-14,5042.000,5093.000,5042.000,5057.000,135832,93691,5064.000
2023-08-15,5035.000,5070.000,4998.000,5065.000,141168,85304,5035.000
2023-08-16,5085.000,5095.000,5043.000,5084.000,116199,72941,5071.000
2023-08-17,5088.000,5216.000,5077.000,5201.000,109609,63749,5137.000
2023-08-18,5181.000,5249.000,5171.000,5238.000,200081,131457,5222.000
2023-08-21,5238.000,5243.000,5178.000,5238.000,181408,129003,5214.000
2023-08-22,5259.000,5270.000,5138.000,5154.000,203634,134542,5207.000
2023-08-23,5169.000,5211.000,5148.000,5192.000,125239,136632,5177.000
2023-08-24,5192.000,5230.000,5180.000,5201.000,124482,142547,5204.000
2023-08-25,5201.000,5294.000,5186.000,5274.000,181195,152838,5244.000
2023-08-28,5258.000,5300.000,5235.000,5254.000,170641,142904,5265.000
2023-08-29,5261.000,5314.000,5227.000,5236.000,150588,143179,5274.000
2023-08-30,5230.000,5278.000,5211.000,5267.000,121534,145231,5250.000
2023-08-31,5275.000,5301.000,5251.000,5287.000,116072,146873,5279.000
2023-09-01,5293.000,5321.000,5245.000,5292.000,141943,142882,5284.000
2023-09-04,5292.000,5344.000,5222.000,5230.000,150047,134430,5274.000
2023-09-05,5251.000,5264.000,5191.000,5247.000,118315,130062,5225.000
2023-09-06,5247.000,5319.000,5243.000,5273.000,124835,131724,5290.000
2023-09-07,5246.000,5270.000,5203.000,5219.000,110083,125841,5235.000
2023-09-08,5228.000,5228.000,5144.000,5154.000,104542,119936,5182.000
2023-09-11,5170.000,5185.000,5129.000,5157.000,98346,121816,5152.000
2023-09-12,5157.000,5205.000,5145.000,5178.000,106362,117458,5173.000
2023-09-13,5164.000,5208.000,5125.000,5131.000,126180,121049,5165.000
2023-09-14,5126.000,5138.000,5083.000,5103.000,113066,118725,5102.000
2023-09-15,5103.000,5165.000,5097.000,5100.000,103216,117186,5125.000
2023-09-18,5087.000,5111.000,5057.000,5105.000,114787,120563,5084.000
2023-09-19,5099.000,5134.000,5073.000,5075.000,100072,118914,5106.000
2023-09-20,5075.000,5142.000,5063.000,5133.000,105715,115800,5104.000
2023-09-21,5127.000,5155.000,5081.000,5113.000,122792,115114,5119.000
2023-09-22,5113.000,5129.000,5040.000,5087.000,144994,121025,5080.000
2023-09-25,5092.000,5098.000,5030.000,5050.000,100663,124326,5063.000
2023-09-26,5050.000,5072.000,5006.000,5063.000,114201,114983,5043.000
2023-09-27,5063.000,5118.000,5059.000,5089.000,102881,108284,5082.000
2023-09-28,5073.000,5104.000,5066.000,5097.000,88318,99431,5084.000
2023-10-09,5060.000,5102.000,5023.000,5078.000,115731,95346,5062.000
2023-10-10,5079.000,5178.000,5060.000,5066.000,196882,86996,5123.000
2023-10-11,5083.000,5121.000,5054.000,5080.000,128159,82490,5087.000
2023-10-12,5077.000,5080.000,5017.000,5048.000,134088,87437,5041.000
2023-10-13,5064.000,5084.000,5023.000,5053.000,108194,79983,5050.000
2023-10-16,5053.000,5062.000,5009.000,5033.000,90254,78179,5034.000
2023-10-17,5033.000,5055.000,4935.000,4938.000,139276,72586,4995.000
2023-10-18,4938.000,4957.000,4894.000,4945.000,96044,63114,4932.000
2023-10-19,4882.000,4921.000,4869.000,4902.000,123010,149777,4900.000
2023-10-20,4902.000,4941.000,4900.000,4908.000,100769,152644,4920.000
2023-10-23,4908.000,4931.000,4873.000,4886.000,113477,156806,4899.000
2023-10-24,4885.000,4886.000,4832.000,4853.000,120771,173888,4854.000
2023-10-25,4854.000,4871.000,4834.000,4848.000,101780,190019,4849.000
2023-10-26,4848.000,4918.000,4823.000,4914.000,140970,183099,4874.000
2023-10-27,4914.000,4932.000,4893.000,4927.000,99494,175544,4913.000
2023-10-30,4927.000,4947.000,4878.000,4891.000,121267,181683,4910.000
2023-10-31,4888.000,4897.000,4852.000,4856.000,89278,190154,4869.000
2023-11-01,4856.000,4898.000,4856.000,4861.000,92969,192089,4878.000
2023-11-02,4851.000,4893.000,4828.000,4892.000,107637,191803,4859.000
2023-11-03,4892.000,4930.000,4889.000,4922.000,92669,180129,4912.000
2023-11-06,4929.000,4955.000,4899.000,4942.000,111185,174899,4932.000
2023-11-07,4950.000,4952.000,4913.000,4935.000,87029,174651,4933.000
2023-11-08,4935.000,4971.000,4925.000,4957.000,124363,166288,4951.000
2023-11-09,4965.000,4981.000,4948.000,4973.000,88685,161572,4964.000
2023-11-10,4982.000,4983.000,4918.000,4921.000,104238,159715,4942.000
2023-11-13,4921.000,4941.000,4882.000,4920.000,91772,166301,4913.000
2023-11-14,4904.000,4956.000,4903.000,4952.000,78545,161557,4937.000
2023-11-15,4952.000,5010.000,4950.000,5007.000,127084,149614,4981.000
2023-11-16,5017.000,5042.000,4986.000,5041.000,98982,145964,5009.000
2023-11-17,5042.000,5074.000,5024.000,5067.000,113367,142631,5048.000
2023-11-20,5060.000,5085.000,5044.000,5080.000,87675,143205,5065.000
2023-11-21,5080.000,5089.000,5056.000,5069.000,79761,141039,5072.000
2023-11-22,5052.000,5078.000,5035.000,5068.000,99399,136825,5056.000
2023-11-23,5056.000,5068.000,5031.000,5066.000,85494,134789,5049.000
2023-11-24,5066.000,5074.000,5040.000,5072.000,72839,135925,5058.000
2023-11-27,5068.000,5108.000,5034.000,5051.000,136730,128918,5068.000
2023-11-28,5039.000,5056.000,5020.000,5042.000,81833,126896,5036.000
2023-11-29,5061.000,5070.000,5035.000,5064.000,81475,127402,5053.000
2023-11-30,5064.000,5076.000,5035.000,5037.000,110378,124514,5055.000
2023-12-01,5034.000,5042.000,4979.000,4997.000,125677,123346,5011.000
2023-12-04,5014.000,5024.000,4954.000,4958.000,90999,122764,4988.000
2023-12-05,4957.000,4987.000,4934.000,4940.000,75662,124151,4960.000
2023-12-06,4926.000,4935.000,4875.000,4890.000,112247,137827,4902.000
2023-12-07,4902.000,4913.000,4869.000,4903.000,103263,143732,4894.000
2023-12-08,4903.000,4919.000,4887.000,4917.000,70336,137945,4902.000
2023-12-11,4920.000,4951.000,4911.000,4920.000,83970,125475,4929.000
2023-12-12,4929.000,4974.000,4919.000,4960.000,90162,102987,4952.000
2023-12-13,4954.000,4955.000,4859.000,4872.000,93828,90564,4907.000
2023-12-14,4872.000,4878.000,4840.000,4858.000,81656,71420,4857.000
2023-12-15,4815.000,4866.000,4812.000,4855.000,104566,156124,4847.000
2023-12-18,4865.000,4866.000,4817.000,4820.000,95312,174697,4840.000
2023-12-19,4805.000,4829.000,4800.000,4819.000,104796,189838,4815.000
2023-12-20,4819.000,4851.000,4808.000,4838.000,103357,194789,4832.000
2023-12-21,4838.000,4885.000,4832.000,4881.000,118186,191448,4860.000
2023-12-22,4889.000,4895.000,4855.000,4883.000,103913,187717,4878.000
2023-12-25,4883.000,4908.000,4883.000,4906.000,92708,184188,4894.000
2023-12-26,4900.000,4928.000,4875.000,4921.000,94719,181896,4904.000
2023-12-27,4921.000,4974.000,4915.000,4968.000,107810,179298,4945.000
2023-12-28,4968.000,4999.000,4963.000,4992.000,102805,173421,4983.000
2023-12-29,5000.000,5009.000,4979.000,4986.000,116106,162560,4995.000
2024-01-02,4985.000,4991.000,4921.000,4930.000,81841,154608,4951.000
2024-01-03,4930.000,4931.000,4845.000,4856.000,137496,147040,4878.000
2024-01-04,4858.000,4891.000,4841.000,4843.000,98820,144224,4868.000
2024-01-05,4843.000,4854.000,4825.000,4828.000,65024,149979,4838.000
2024-01-08,4815.000,4830.000,4783.000,4817.000,91346,161326,4807.000
2024-01-09,4821.000,4823.000,4788.000,4803.000,76928,162282,4809.000
2024-01-10,4796.000,4815.000,4778.000,4802.000,69634,166714,4796.000
2024-01-11,4790.000,4813.000,4767.000,4806.000,72877,168651,4788.000
2024-01-12,4805.000,4806.000,4768.000,4776.000,57151,173122,4783.000
2024-01-15,4788.000,4796.000,4748.000,4785.000,71807,173920,4776.000
2024-01-16,4795.000,4835.000,4772.000,4817.000,76240,168590,4802.000
2024-01-17,4817.000,4843.000,4793.000,4801.000,69764,167097,4820.000
2024-01-18,4796.000,4803.000,4757.000,4774.000,77274,173065,4775.000
2024-01-19,4782.000,4798.000,4764.000,4780.000,53482,170128,4781.000
2024-01-22,4785.000,4788.000,4761.000,4769.000,61366,174867,4773.000
2024-01-23,4769.000,4801.000,4752.000,4791.000,64650,172050,4776.000
2024-01-24,4800.000,4827.000,4783.000,4813.000,76162,166771,4806.000
2024-01-25,4813.000,4820.000,4773.000,4774.000,60181,167073,4799.000
2024-01-26,4779.000,4779.000,4672.000,4680.000,170456,184287,4709.000
2024-01-29,4680.000,4695.000,4639.000,4678.000,110405,187107,4666.000
2024-01-30,4680.000,4706.000,4674.000,4696.000,77815,181538,4693.000
2024-01-31,4716.000,4755.000,4710.000,4743.000,110654,162636,4736.000
2024-02-01,4743.000,4757.000,4726.000,4748.000,74328,155301,4743.000
2024-02-02,4748.000,4755.000,4716.000,4719.000,63098,150040,4740.000
2024-02-05,4725.000,4743.000,4702.000,4733.000,61765,143818,4725.000
2024-02-06,4726.000,4787.000,4724.000,4763.000,109829,121563,4757.000
2024-02-07,4763.000,4790.000,4751.000,4768.000,64649,111031,4775.000
2024-02-08,4775.000,4797.000,4764.000,4785.000,62279,96780,4784.000
2024-02-19,4750.000,4750.000,4657.000,4707.000,86580,97067,4688.000
2024-02-20,4707.000,4717.000,4695.000,4705.000,48723,96866,4704.000
2024-02-21,4705.000,4721.000,4691.000,4713.000,44512,92150,4705.000
2024-02-22,4712.000,4740.000,4687.000,4694.000,63950,81198,4710.000
2024-02-23,4682.000,4703.000,4647.000,4647.000,67933,58093,4680.000
2024-02-26,4580.000,4581.000,4546.000,4549.000,104575,163989,4565.000
2024-02-27,4547.000,4559.000,4538.000,4556.000,85614,172607,4548.000
2024-02-28,4555.000,4565.000,4490.000,4491.000,127583,202230,4525.000
2024-02-29,4491.000,4530.000,4483.000,4503.000,135875,196726,4508.000
2024-03-01,4498.000,4552.000,4469.000,4546.000,119196,183129,4524.000
2024-03-04,4552.000,4563.000,4530.000,4560.000,93235,177319,4550.000
2024-03-05,4560.000,4560.000,4540.000,4553.000,60464,172650,4552.000
2024-03-06,4554.000,4620.000,4554.000,4612.000,123815,161508,4592.000
2024-03-07,4600.000,4652.000,4600.000,4647.000,79410,150434,4628.000
2024-03-08,4658.000,4684.000,4649.000,4668.000,89600,140378,4665.000
2024-03-11,4668.000,4683.000,4651.000,4672.000,79214,137936,4669.000
2024-03-12,4672.000,4698.000,4670.000,4690.000,62453,135988,4685.000
2024-03-13,4699.000,4748.000,4685.000,4729.000,105486,139748,4717.000
2024-03-14,4731.000,4763.000,4726.000,4760.000,82315,137381,4745.000
2024-03-15,4760.000,4817.000,4751.000,4780.000,118402,132583,4781.000
2024-03-18,4769.000,4794.000,4757.000,4777.000,87366,122953,4775.000
2024-03-19,4773.000,4781.000,4732.000,4739.000,98541,115970,4754.000
2024-03-20,4743.000,4744.000,4703.000,4736.000,107259,111494,4720.000
2024-03-21,4746.000,4752.000,4719.000,4735.000,93729,109881,4735.000
2024-03-22,4730.000,4732.000,4681.000,4719.000,93369,101733,4708.000
2024-03-25,4720.000,4737.000,4688.000,4721.000,83251,95835,4714.000
2024-03-26,4734.000,4811.000,4725.000,4746.000,178649,106911,4764.000
2024-03-27,4735.000,4754.000,4717.000,4731.000,99374,97466,4733.000
2024-03-28,4750.000,4770.000,4733.000,4759.000,99191,101737,4754.000
2024-03-29,4759.000,4777.000,4737.000,4766.000,74186,102244,4757.000
2024-04-01,4761.000,4785.000,4735.000,4770.000,94450,96843,4755.000
2024-04-02,4770.000,4789.000,4744.000,4775.000,68743,98468,4770.000
2024-04-03,4787.000,4806.000,4768.000,4784.000,71841,97003,4787.000
2024-04-08,4775.000,4811.000,4770.000,4806.000,77457,98341,4795.000
2024-04-09,4810.000,4822.000,4787.000,4791.000,65644,96299,4804.000
2024-04-10,4796.000,4803.000,4776.000,4783.000,54135,90924,4786.000
2024-04-11,4783.000,4805.000,4770.000,4794.000,50806,88981,4784.000
2024-04-12,4797.000,4806.000,4747.000,4753.000,74938,80036,4776.000
2024-04-15,4749.000,4761.000,4707.000,4722.000,90868,70090,4738.000
2024-04-16,4707.000,4731.000,4696.000,4705.000,58257,64895,4711.000
2024-04-17,4705.000,4712.000,4642.000,4668.000,73791,59747,4676.000
2024-04-18,4686.000,4693.000,4640.000,4642.000,51630,57870,4669.000
2024-04-19,4650.000,4670.000,4636.000,4667.000,50374,46899,4653.000
2024-04-22,4651.000,4680.000,4642.000,4665.000,57182,22351,4665.000
2024-04-23,4611.000,4638.000,4602.000,4610.000,72907,92194,4621.000
2024-04-24,4600.000,4662.000,4590.000,4654.000,87352,99381,4618.000
2024-04-25,4653.000,4684.000,4622.000,4671.000,103385,92387,4660.000
2024-04-26,4680.000,4680.000,4633.000,4643.000,63222,93986,4651.000
2024-04-29,4643.000,4659.000,4621.000,4656.000,64818,93698,4641.000
2024-04-30,4656.000,4679.000,4642.000,4646.000,70851,88330,4661.000
2024-05-06,4671.000,4702.000,4655.000,4660.000,67685,94330,4679.000
2024-05-07,4655.000,4722.000,4651.000,4714.000,106486,102976,4688.000
2024-05-08,4724.000,4735.000,4674.000,4682.000,93554,100648,4703.000
2024-05-09,4671.000,4688.000,4657.000,4684.000,74151,99135,4670.000
2024-05-10,4684.000,4696.000,4591.000,4597.000,140952,111867,4630.000
2024-05-13,4591.000,4611.000,4581.000,4606.000,89657,123537,4593.000
2024-05-14,4606.000,4656.000,4598.000,4646.000,105536,113529,4633.000
2024-05-15,4646.000,4648.000,4607.000,4628.000,88616,110733,4626.000
2024-05-16,4640.000,4644.000,4618.000,4627.000,53892,113790,4630.000
2024-05-17,4623.000,4677.000,4623.000,4669.000,97998,107297,4645.000
2024-05-20,4669.000,4675.000,4651.000,4661.000,73162,109904,4661.000
2024-05-21,4661.000,4680.000,4647.000,4656.000,72785,108722,4663.000
2024-05-22,4656.000,4677.000,4641.000,4674.000,72857,108753,4658.000
2024-05-23,4674.000,4691.000,4664.000,4677.000,91185,106773,4678.000
2024-05-24,4689.000,4702.000,4672.000,4673.000,74135,104573,4686.000
2024-05-27,4678.000,4678.000,4643.000,4647.000,82189,101852,4658.000
2024-05-28,4647.000,4666.000,4637.000,4654.000,96909,103792,4648.000
2024-05-29,4650.000,4678.000,4642.000,4670.000,100840,94604,4657.000
2024-05-30,4670.000,4692.000,4652.000,4653.000,92996,90116,4672.000
2024-05-31,4656.000,4665.000,4644.000,4652.000,55179,86349,4655.000
2024-06-03,4652.000,4668.000,4641.000,4649.000,85398,81511,4656.000
2024-06-04,4649.000,4681.000,4635.000,4675.000,124417,87394,4657.000
2024-06-05,4675.000,4689.000,4641.000,4648.000,136640,93539,4669.000
2024-06-06,4639.000,4651.000,4624.000,4644.000,109060,90046,4637.000
2024-06-07,4644.000,4660.000,4637.000,4653.000,69997,80251,4651.000
2024-06-11,4658.000,4660.000,4641.000,4645.000,41702,78130,4647.000
2024-06-12,4647.000,4662.000,4637.000,4647.000,62289,70893,4649.000
2024-06-13,4645.000,4653.000,4621.000,4625.000,85630,68445,4640.000
2024-06-14,4625.000,4644.000,4623.000,4639.000,51662,55808,4633.000
2024-06-17,4638.000,4641.000,4614.000,4623.000,47743,44896,4628.000
2024-06-18,4515.000,4522.000,4503.000,4506.000,64937,153333,4509.000
2024-06-19,4513.000,4529.000,4505.000,4513.000,53555,159585,4516.000
2024-06-20,4509.000,4532.000,4508.000,4530.000,54508,156451,4523.000
2024-06-21,4529.000,4580.000,4526.000,4579.000,99922,144922,4552.000
2024-06-24,4584.000,4645.000,4581.000,4637.000,169395,137674,4616.000
2024-06-25,4637.000,4659.000,4613.000,4630.000,141702,142987,4639.000
2024-06-26,4630.000,4644.000,4619.000,4643.000,77052,137422,4630.000
2024-06-27,4645.000,4666.000,4637.000,4659.000,84722,141316,4651.000
2024-06-28,4666.000,4695.000,4657.000,4692.000,104836,153823,4677.000
2024-07-01,4692.000,4701.000,4666.000,4679.000,94188,152901,4681.000
2024-07-02,4680.000,4694.000,4658.000,4689.000,76817,153880,4677.000
2024-07-03,4697.000,4705.000,4683.000,4693.000,47833,156565,4692.000
2024-07-04,4694.000,4715.000,4690.000,4708.000,75135,157225,4704.000
2024-07-05,4708.000,4730.000,4701.000,4729.000,76317,168523,4716.000
2024-07-08,4729.000,4734.000,4671.000,4676.000,122478,159269,4700.000
2024-07-09,4676.000,4685.000,4653.000,4656.000,95605,150969,4667.000
2024-07-10,4658.000,4662.000,4613.000,4633.000,109202,131776,4632.000
2024-07-11,4635.000,4641.000,4606.000,4628.000,84481,121593,4622.000
2024-07-12,4628.000,4637.000,4605.000,4613.000,85694,112427,4620.000
2024-07-15,4607.000,4609.000,4536.000,4548.000,136656,111901,4568.000
2024-07-16,4533.000,4562.000,4515.000,4517.000,98652,108946,4542.000
2024-07-17,4526.000,4551.000,4518.000,4521.000,83631,111980,4532.000
2024-07-18,4521.000,4528.000,4507.000,4516.000,61036,113821,4518.000
2024-07-19,4509.000,4524.000,4494.000,4510.000,74349,124133,4512.000
2024-07-22,4510.000,4529.000,4504.000,4524.000,77565,126889,4516.000
2024-07-23,4525.000,4553.000,4522.000,4538.000,92135,120505,4541.000
2024-07-24,4544.000,4569.000,4534.000,4536.000,81255,115069,4551.000
2024-07-25,4536.000,4537.000,4510.000,4525.000,73895,116951,4520.000
2024-07-26,4531.000,4560.000,4530.000,4541.000,86668,107692,4543.000
2024-07-29,4536.000,4554.000,4502.000,4547.000,111757,105365,4526.000
2024-07-30,4540.000,4558.000,4533.000,4548.000,65057,105090,4546.000
2024-07-31,4544.000,4563.000,4533.000,4549.000,66364,104338,4543.000
2024-08-01,4549.000,4581.000,4530.000,4576.000,120316,102030,4554.000
2024-08-02,4580.000,4634.000,4573.000,4614.000,144204,104363,4606.000
2024-08-05,4617.000,4628.000,4582.000,4590.000,104612,100831,4606.000
2024-08-06,4584.000,4602.000,4560.000,4586.000,92163,90101,4582.000
2024-08-07,4586.000,4601.000,4569.000,4582.000,75003,85662,4583.000
2024-08-08,4572.000,4593.000,4569.000,4585.000,51666,79301,4584.000
2024-08-09,4584.000,4598.000,4553.000,4575.000,87879,73742,4578.000
2024-08-12,4575.000,4578.000,4553.000,4559.000,55909,67254,4565.000
2024-08-13,4559.000,4565.000,4536.000,4540.000,61125,62705,4550.000
2024-08-14,4538.000,4551.000,4500.000,4513.000,69587,54827,4520.000
2024-08-15,4520.000,4536.000,4482.000,4487.000,46333,49281,4506.000
2024-08-16,4258.000,4282.000,4246.000,4256.000,79757,128884,4262.000
2024-08-19,4256.000,4268.000,4248.000,4252.000,51698,138982,4256.000
2024-08-20,4252.000,4253.000,4211.000,4215.000,96963,157895,4229.000
2024-08-21,4214.000,4237.000,4207.000,4233.000,72229,158405,4222.000
2024-08-22,4230.000,4238.000,4215.000,4216.000,62509,162890,4225.000
2024-08-23,4216.000,4230.000,4209.000,4213.000,54610,166861,4219.000
2024-08-26,4215.000,4261.000,4194.000,4260.000,111361,160189,4225.000
2024-08-27,4255.000,4314.000,4253.000,4300.000,108876,148134,4282.000
2024-08-28,4300.000,4328.000,4284.000,4296.000,109371,142276,4308.000
2024-08-29,4290.000,4307.000,4280.000,4295.000,63539,134422,4293.000
2024-08-30,4304.000,4307.000,4285.000,4292.000,55054,132570,4294.000
2024-09-02,4292.000,4297.000,4251.000,4257.000,72823,128239,4267.000
2024-09-03,4263.000,4296.000,4254.000,4293.000,86832,126685,4274.000
2024-09-04,4294.000,4326.000,4282.000,4302.000,106068,124091,4303.000
2024-09-05,4302.000,4347.000,4302.000,4341.000,107441,132642,4326.000
2024-09-06,4332.000,4349.000,4325.000,4336.000,79641,135891,4337.000
2024-09-09,4340.000,4346.000,4269.000,4293.000,114960,128037,4301.000
2024-09-10,4298.000,4311.000,4275.000,4307.000,73810,129223,4294.000
2024-09-11,4307.000,4307.000,4273.000,4302.000,84299,129793,4289.000
2024-09-12,4308.000,4318.000,4290.000,4308.000,75952,131298,4304.000
2024-09-13,4304.000,4320.000,4290.000,4313.000,92560,129777,4305.000
2024-09-18,4300.000,4300.000,4187.000,4190.000,143713,147596,4235.000
2024-09-19,4188.000,4197.000,4163.000,4170.000,120941,164248,4178.000
2024-09-20,4170.000,4172.000,4145.000,4154.000,92384,169662,4159.000
2024-09-23,4150.000,4150.000,4113.000,4134.000,99473,167536,4131.000
2024-09-24,4137.000,4160.000,4128.000,4155.000,81994,171541,4143.000
2024-09-25,4163.000,4173.000,4136.000,4139.000,105032,168078,0.000
2024-09-26,4137.000,4192.000,4131.000,4191.000,112840,164878,4154.000
2024-09-27,4199.000,4233.000,4188.000,4195.000,141517,143939,4208.000
2024-09-30,4167.000,4237.000,4163.000,4220.000,132345,151513,4200.000
2024-10-08,4100.000,4100.000,3948.000,4016.000,149137,165325,4051.000
2024-10-09,4012.000,4022.000,4000.000,4002.000,107030,170261,4011.000
2024-10-10,4000.000,4005.000,3976.000,3979.000,104104,174813,3988.000
2024-10-11,3979.000,3996.000,3973.000,3977.000,79332,177142,3984.000
2024-10-14,3977.000,4006.000,3961.000,3993.000,120110,183357,3982.000
2024-10-15,3992.000,4014.000,3980.000,3983.000,103022,183458,3996.000
2024-10-16,3983.000,3983.000,3937.000,3969.000,137265,188997,3961.000
2024-10-17,3976.000,3990.000,3947.000,3950.000,83006,188151,3971.000
2024-10-18,3962.000,3985.000,3941.000,3975.000,94623,190942,3966.000
2024-10-21,3978.000,3992.000,3956.000,3962.000,85041,184900,3973.000
2024-10-22,3961.000,3981.000,3956.000,3971.000,75010,183298,3969.000
2024-10-23,3969.000,4002.000,3969.000,4000.000,117182,191897,3989.000
2024-10-24,4000.000,4034.000,3995.000,4006.000,131918,195521,4016.000
2024-10-25,4016.000,4020.000,3920.000,3925.000,164965,205065,3973.000
2024-10-28,3924.000,3949.000,3911.000,3944.000,137149,202773,3928.000
2024-10-29,3944.000,3961.000,3928.000,3954.000,101225,209748,3943.000
2024-10-30,3954.000,3991.000,3946.000,3989.000,96360,208630,3963.000
2024-10-31,4000.000,4010.000,3981.000,3994.000,88586,205576,3993.000
2024-11-01,4000.000,4008.000,3986.000,3998.000,66730,206779,3996.000
2024-11-04,3993.000,4016.000,3978.000,3987.000,94076,207067,3994.000
2024-11-05,3990.000,4000.000,3979.000,3980.000,64722,203725,3990.000
2024-11-06,3981.000,4006.000,3976.000,4002.000,100288,212452,3994.000
2024-11-07,4000.000,4080.000,3999.000,4078.000,196733,234898,4047.000
2024-11-08,4080.000,4094.000,4018.000,4033.000,192077,224028,4059.000
2024-11-11,4034.000,4087.000,4022.000,4050.000,115029,221938,4052.000
2024-11-12,4050.000,4050.000,4007.000,4009.000,119004,206243,4029.000
2024-11-13,4005.000,4008.000,3959.000,3960.000,161322,194920,3977.000
2024-11-14,3965.000,3969.000,3946.000,3950.000,78369,194643,3958.000
2024-11-15,3940.000,3948.000,3854.000,3859.000,190251,197781,3894.000
2024-11-18,3863.000,3890.000,3848.000,3883.000,109522,194545,3870.000
2024-11-19,3891.000,3908.000,3877.000,3899.000,69308,190249,3894.000
2024-11-20,3889.000,3901.000,3883.000,3892.000,55393,187099,3889.000
2024-11-21,3893.000,3905.000,3877.000,3888.000,73233,188039,3887.000
2024-11-22,3881.000,3888.000,3870.000,3878.000,68398,189457,3879.000
2024-11-25,3878.000,3902.000,3865.000,3898.000,86194,178961,3886.000
2024-11-26,3897.000,3906.000,3887.000,3899.000,72527,173726,3895.000
2024-11-27,3905.000,3925.000,3885.000,3906.000,95421,162752,3899.000
2024-11-28,3906.000,3920.000,3902.000,3916.000,60541,159479,3911.000
2024-11-29,3921.000,3926.000,3895.000,3898.000,67346,159245,3907.000
2024-12-02,3898.000,3931.000,3880.000,3885.000,136578,152215,3904.000
2024-12-03,3888.000,3900.000,3869.000,3887.000,87201,154342,3885.000
2024-12-04,3898.000,3898.000,3824.000,3829.000,103660,163090,3857.000
2024-12-05,3820.000,3866.000,3817.000,3846.000,106144,152845,3840.000
2024-12-06,3850.000,3869.000,3842.000,3866.000,68859,142763,3856.000
2024-12-09,3856.000,3874.000,3852.000,3856.000,54118,137688,3862.000
2024-12-10,3856.000,3878.000,3848.000,3858.000,73042,130621,3861.000
2024-12-11,3858.000,3859.000,3838.000,3844.000,55223,128627,3847.000
2024-12-12,3848.000,3860.000,3833.000,3853.000,73735,119340,3845.000
2024-12-13,3853.000,3866.000,3827.000,3842.000,86987,107458,3849.000
2024-12-16,3842.000,3843.000,3795.000,3804.000,118662,109355,3813.000
2024-12-17,3800.000,3804.000,3766.000,3786.000,101759,100276,3785.000
2024-12-18,3792.000,3794.000,3736.000,3741.000,79416,94006,3764.000
2024-12-19,3729.000,3741.000,3711.000,3733.000,91261,71267,3726.000
2024-12-20,3733.000,3756.000,3728.000,3749.000,47683,59629,3742.000
2024-12-23,3815.000,3857.000,3806.000,3845.000,132463,174289,3838.000
2024-12-24,3854.000,3874.000,3837.000,3874.000,101902,181039,3854.000
2024-12-25,3874.000,3940.000,3874.000,3938.000,200306,188514,3912.000
2024-12-26,3928.000,3938.000,3915.000,3924.000,119537,192220,3926.000
2024-12-27,3927.000,3933.000,3905.000,3926.000,120099,191663,3919.000
2024-12-30,3918.000,3931.000,3892.000,3916.000,104604,186123,3914.000
2024-12-31,3928.000,3960.000,3926.000,3936.000,106299,186141,3939.000
2025-01-02,3929.000,3962.000,3920.000,3931.000,86643,183331,3938.000
2025-01-03,3942.000,3944.000,3909.000,3917.000,104354,180381,3928.000
2025-01-06,3910.000,3919.000,3873.000,3892.000,152269,176065,3895.000
2025-01-07,3901.000,3906.000,3829.000,3848.000,153748,179825,3861.000
2025-01-08,3847.000,3851.000,3825.000,3837.000,89960,176435,3839.000
2025-01-09,3837.000,3852.000,3829.000,3840.000,85396,181559,3839.000
2025-01-10,3845.000,3912.000,3838.000,3893.000,183552,178988,3883.000
2025-01-13,3878.000,3941.000,3875.000,3937.000,130101,190169,3911.000
2025-01-14,3938.000,3975.000,3937.000,3962.000,167882,187617,3954.000
2025-01-15,3950.000,3991.000,3945.000,3987.000,135333,193567,3972.000
2025-01-16,3984.000,4016.000,3968.000,4000.000,154543,195321,3993.000
2025-01-17,3998.000,4031.000,3971.000,4028.000,132870,205590,4000.000
2025-01-20,4029.000,4035.000,3984.000,4019.000,156975,203613,4006.000
2025-01-21,4025.000,4037.000,4005.000,4032.000,121350,201687,4021.000
2025-01-22,4041.000,4062.000,4021.000,4060.000,120244,211005,4040.000
2025-01-23,4057.000,4069.000,4010.000,4013.000,137752,199002,4036.000
2025-01-24,4019.000,4039.000,4007.000,4032.000,82709,193961,4024.000
2025-01-27,4026.000,4037.000,4011.000,4026.000,77051,179821,4024.000
2025-02-05,4042.000,4096.000,4038.000,4092.000,111201,194096,4068.000
2025-02-06,4083.000,4090.000,4050.000,4077.000,100063,202013,4073.000
2025-02-07,4083.000,4088.000,4044.000,4079.000,109070,202298,4066.000
2025-02-10,4070.000,4096.000,4052.000,4065.000,121059,197202,4072.000
2025-02-11,4063.000,4074.000,4031.000,4036.000,104725,186802,4050.000
2025-02-12,4035.000,4037.000,3990.000,4022.000,153880,171825,4009.000
2025-02-13,4019.000,4021.000,3995.000,4003.000,92302,171160,4007.000
2025-02-14,3998.000,4088.000,3978.000,4071.000,176960,181134,4036.000
2025-02-17,4070.000,4080.000,4007.000,4010.000,142750,175523,4036.000
2025-02-18,4018.000,4032.000,4004.000,4020.000,85615,171779,4018.000
2025-02-19,4025.000,4045.000,4024.000,4029.000,79028,172096,4034.000
2025-02-20,4029.000,4031.000,4003.000,4023.000,119296,164484,4015.000
2025-02-21,4031.000,4105.000,4026.000,4072.000,201545,180886,4069.000
2025-02-24,4066.000,4145.000,4066.000,4138.000,225301,210228,4116.000
2025-02-25,4144.000,4158.000,4112.000,4142.000,183455,222648,4139.000
2025-02-26,4130.000,4142.000,4083.000,4105.000,231803,212883,4108.000
2025-02-27,4105.000,4234.000,4094.000,4232.000,333810,251058,4173.000
2025-02-28,4233.000,4244.000,4199.000,4218.000,254260,247108,4222.000
2025-03-03,4210.000,4282.000,4206.000,4239.000,364175,237268,4237.000
2025-03-04,4239.000,4299.000,4217.000,4252.000,326002,237528,4253.000
2025-03-05,4240.000,4270.000,4171.000,4175.000,353410,216684,4212.000
2025-03-06,4183.000,4199.000,4153.000,4176.000,239254,209601,4175.000
2025-03-07,4175.000,4188.000,4121.000,4137.000,225736,195454,4152.000
2025-03-10,4130.000,4204.000,4115.000,4153.000,213125,184871,4157.000
2025-03-11,4153.000,4154.000,4061.000,4068.000,218617,176206,4090.000
2025-03-12,4068.000,4073.000,4016.000,4016.000,174627,173112,4046.000
2025-03-13,4000.000,4017.000,3988.000,4007.000,196738,184991,4003.000
2025-03-14,4008.000,4018.000,3991.000,4009.000,138414,193926,4004.000
2025-03-17,4010.000,4033.000,3979.000,3986.000,217048,197739,4006.000
2025-03-18,3986.000,3996.000,3935.000,3940.000,174302,192731,3965.000
2025-03-19,3933.000,3946.000,3912.000,3917.000,138437,196611,3931.000
2025-03-20,3906.000,3917.000,3848.000,3854.000,187714,203431,3881.000
2025-03-21,3855.000,3906.000,3848.000,3887.000,171038,194783,3878.000
2025-03-24,3884.000,3896.000,3865.000,3888.000,125395,201175,3879.000
2025-03-25,3888.000,3899.000,3873.000,3881.000,103411,200551,3884.000
2025-03-26,3879.000,3913.000,3875.000,3877.000,141546,197780,3889.000
2025-03-27,3878.000,3887.000,3854.000,3864.000,110871,200145,3868.000
2025-03-28,3868.000,3894.000,3859.000,3889.000,127820,186343,3878.000
2025-03-31,3895.000,3935.000,3882.000,3907.000,185903,186256,3909.000
2025-04-01,3906.000,3922.000,3875.000,3887.000,129825,177033,3898.000
2025-04-02,3893.000,3968.000,3888.000,3954.000,198422,158810,3939.000
2025-04-03,3956.000,3982.000,3944.000,3979.000,171119,157781,3961.000
2025-04-07,4100.000,4100.000,3989.000,4027.000,195418,138596,4026.000
2025-04-08,4027.000,4100.000,4027.000,4078.000,222905,133284,4074.000
2025-04-09,4075.000,4092.000,4048.000,4074.000,198947,119838,4068.000
2025-04-10,4088.000,4124.000,4060.000,4107.000,200267,112558,4096.000
2025-04-11,4100.000,4236.000,4100.000,4186.000,263029,114704,4175.000
2025-04-14,4193.000,4219.000,4155.000,4202.000,206056,105054,4190.000
2025-04-15,4226.000,4230.000,4202.000,4215.000,60606,110448,4215.000
2025-04-16,4216.000,4222.000,4162.000,4181.000,96372,116813,4191.000
2025-04-17,4196.000,4205.000,4165.000,4198.000,80931,129117,4186.000
2025-04-18,4188.000,4188.000,4111.000,4116.000,126061,137463,4143.000
2025-04-21,4122.000,4173.000,4103.000,4166.000,123231,144891,4141.000
2025-04-22,4170.000,4273.000,4157.000,4260.000,261820,162462,4214.000
2025-04-23,4260.000,4270.000,4228.000,4240.000,202887,166945,4248.000
2025-04-24,4239.000,4335.000,4234.000,4298.000,349929,187303,4291.000
2025-04-25,4290.000,4320.000,4216.000,4237.000,307839,180916,4268.000
2025-04-28,4231.000,4246.000,4196.000,4225.000,216578,172789,4221.000
2025-04-29,4219.000,4228.000,4156.000,4162.000,201561,168541,4180.000
2025-04-30,4168.000,4206.000,4161.000,4188.000,154078,153530,4182.000
2025-05-06,4165.000,4226.000,4126.000,4209.000,149082,158593,4175.000
2025-05-07,4213.000,4249.000,4205.000,4236.000,224725,169668,4228.000
2025-05-08,4228.000,4230.000,4138.000,4154.000,227298,166586,4169.000
2025-05-09,4161.000,4200.000,4151.000,4153.000,172267,155332,4175.000
2025-05-12,4162.000,4185.000,4127.000,4176.000,174401,152799,4156.000
2025-05-13,4170.000,4179.000,4142.000,4160.000,133776,148838,4160.000
2025-05-14,4160.000,4189.000,4135.000,4174.000,126080,149510,4165.000
2025-05-15,4174.000,4212.000,4158.000,4172.000,215236,153400,4181.000
2025-05-16,4164.000,4181.000,4150.000,4168.000,122243,148181,4165.000
2025-05-19,4173.000,4200.000,4161.000,4182.000,133216,152296,4184.000
2025-05-20,4178.000,4208.000,4167.000,4191.000,116447,153454,4181.000
2025-05-21,4191.000,4228.000,4183.000,4225.000,173018,159515,4206.000
2025-05-22,4225.000,4234.000,4188.000,4194.000,123019,156467,4204.000
2025-05-23,4201.000,4218.000,4171.000,4172.000,149699,153944,4195.000
2025-05-26,4170.000,4180.000,4144.000,4144.000,111596,155029,4159.000
2025-05-27,4145.000,4154.000,4106.000,4144.000,121752,150958,4133.000
2025-05-28,4146.000,4151.000,4116.000,4119.000,82861,148546,4131.000
2025-05-29,4129.000,4132.000,4093.000,4120.000,100409,144356,4111.000
2025-05-30,4119.000,4134.000,4106.000,4117.000,88865,133785,4119.000
2025-06-03,4117.000,4145.000,4108.000,4134.000,72707,129209,4130.000
2025-06-04,4128.000,4137.000,4103.000,4123.000,100927,119715,4117.000
2025-06-05,4130.000,4144.000,4110.000,4138.000,115743,108188,4129.000
2025-06-06,4098.000,4116.000,4083.000,4102.000,72639,135775,4098.000
2025-06-09,4102.000,4119.000,4091.000,4099.000,67818,138720,4105.000
2025-06-10,4098.000,4186.000,4098.000,4168.000,144812,153070,4151.000
2025-06-11,4166.000,4186.000,4162.000,4163.000,137313,170658,4174.000
2025-06-12,4163.000,4218.000,4162.000,4198.000,167333,189341,4189.000
2025-06-13,4200.000,4246.000,4189.000,4241.000,148618,207790,4218.000
2025-06-16,4241.000,4263.000,4234.000,4242.000,132744,210283,4246.000
2025-06-17,4237.000,4253.000,4220.000,4247.000,113969,213454,4236.000
2025-06-18,4248.000,4279.000,4242.000,4258.000,118029,221412,4261.000
2025-06-19,4250.000,4250.000,4206.000,4233.000,170411,213688,4227.000
2025-06-20,4237.000,4270.000,4234.000,4259.000,125212,220722,4251.000
2025-06-23,4270.000,4282.000,4234.000,4250.000,134911,219061,4256.000
2025-06-24,4236.000,4254.000,4217.000,4227.000,115528,212752,4235.000
2025-06-25,4227.000,4228.000,4164.000,4169.000,171512,198277,4186.000
2025-06-26,4169.000,4169.000,4142.000,4150.000,131367,200585,4152.000
2025-06-27,4154.000,4159.000,4133.000,4140.000,86735,199235,4144.000
2025-06-30,4141.000,4159.000,4137.000,4141.000,96201,191165,4147.000
2025-07-01,4136.000,4147.000,4116.000,4127.000,113203,190845,4129.000
2025-07-02,4125.000,4157.000,4121.000,4151.000,111563,181732,4137.000
2025-07-03,4153.000,4162.000,4139.000,4141.000,91677,182572,4148.000
2025-07-04,4147.000,4161.000,4105.000,4111.000,132054,190908,4133.000
2025-07-07,4103.000,4113.000,4075.000,4079.000,127446,201219,4091.000
2025-07-08,4083.000,4118.000,4068.000,4104.000,142102,199776,4090.000
2025-07-09,4103.000,4120.000,4098.000,4111.000,97142,196494,4112.000
2025-07-10,4112.000,4120.000,4098.000,4105.000,93368,195052,4110.000
2025-07-11,4105.000,4118.000,4081.000,4101.000,136554,199814,4098.000
2025-07-14,4095.000,4136.000,4090.000,4131.000,127492,198094,4116.000
2025-07-15,4132.000,4154.000,4132.000,4149.000,105572,187734,4143.000
2025-07-16,4149.000,4185.000,4143.000,4179.000,129737,179969,4166.000
2025-07-17,4179.000,4205.000,4179.000,4200.000,110425,182312,4194.000
2025-07-18,4200.000,4223.000,4181.000,4189.000,160359,175312,4198.000
2025-07-21,4178.000,4208.000,4153.000,4199.000,182594,172998,4176.000
2025-07-22,4204.000,4238.000,4184.000,4232.000,146103,181087,4213.000
2025-07-23,4213.000,4255.000,4203.000,4217.000,139127,181127,4229.000
2025-07-24,4214.000,4230.000,4184.000,4224.000,124496,177614,4206.000
2025-07-25,4225.000,4239.000,4207.000,4224.000,101326,180532,4223.000
2025-07-28,4215.000,4224.000,4145.000,4153.000,184312,147626,4183.000
2025-07-29,4145.000,4153.000,4121.000,4144.000,138833,133349,4136.000
2025-07-30,4145.000,4166.000,4133.000,4153.000,118912,128657,4152.000
2025-07-31,4146.000,4160.000,4119.000,4131.000,102711,122210,4137.000
2025-08-01,4131.000,4142.000,4115.000,4122.000,83800,120599,4126.000
2025-08-04,4107.000,4120.000,4090.000,4101.000,56377,124500,4105.000
2025-08-05,4098.000,4110.000,4095.000,4102.000,38020,127497,4100.000
2025-08-06,4116.000,4128.000,4075.000,4092.000,80926,125634,4097.000
2025-08-07,4102.000,4112.000,4090.000,4099.000,52942,132531,4099.000
2025-08-08,4100.000,4116.000,4073.000,4090.000,75911,136187,4093.000
2025-08-11,4088.000,4088.000,4043.000,4067.000,126561,155127,4063.000
2025-08-12,4067.000,4073.000,4015.000,4034.000,141159,185359,4033.000
2025-08-13,4037.000,4128.000,4026.000,4107.000,222370,172751,4087.000
2025-08-14,4102.000,4115.000,4040.000,4041.000,166811,178817,4071.000
2025-08-15,4041.000,4058.000,4027.000,4056.000,85839,173760,4044.000
2025-08-18,4050.000,4077.000,4041.000,4044.000,88257,175555,4056.000
2025-08-19,4055.000,4064.000,4039.000,4046.000,67881,177069,4052.000
2025-08-20,4041.000,4051.000,3990.000,4036.000,138994,185880,4022.000
2025-08-21,4034.000,4034.000,3996.000,3999.000,84983,197030,4013.000
2025-08-22,3991.000,4006.000,3977.000,3985.000,99492,206133,3989.000
2025-08-25,3988.000,4013.000,3983.000,3992.000,81667,208249,3998.000
2025-08-26,3996.000,4007.000,3971.000,3974.000,85026,211926,3988.000
2025-08-27,3978.000,3979.000,3933.000,3935.000,98992,222697,3956.000
2025-08-28,3935.000,3955.000,3917.000,3927.000,103402,227907,3933.000
2025-08-29,3927.000,3951.000,3918.000,3945.000,79846,225071,3933.000
2025-09-01,3945.000,3976.000,3944.000,3965.000,111044,213585,3961.000
2025-09-02,3965.000,3984.000,3952.000,3970.000,92849,207229,3969.000
2025-09-03,3962.000,3973.000,3953.000,3961.000,87497,205697,3964.000
2025-09-04,3951.000,3982.000,3951.000,3965.000,101673,199022,3966.000
2025-09-05,3975.000,3991.000,3963.000,3974.000,78388,196633,3975.000
2025-09-08,3971.000,3987.000,3961.000,3977.000,80262,197560,3973.000
2025-09-09,3973.000,3981.000,3963.000,3968.000,61700,192370,3971.000
2025-09-10,3968.000,3972.000,3910.000,3911.000,146244,209105,3935.000
2025-09-11,3905.000,3947.000,3905.000,3945.000,103597,209619,3926.000
2025-09-12,3947.000,3970.000,3944.000,3959.000,114396,196837,3956.000
2025-09-15,3958.000,3961.000,3926.000,3939.000,88307,197448,3942.000
2025-09-16,3935.000,3948.000,3922.000,3924.000,102842,210221,3934.000
2025-09-17,3924.000,3936.000,3892.000,3895.000,121686,226519,3914.000
2025-09-18,3896.000,3905.000,3877.000,3904.000,109926,228957,3892.000
2025-09-19,3906.000,3914.000,3896.000,3904.000,104707,221619,3906.000
2025-09-22,3908.000,3923.000,3893.000,3912.000,86395,211090,3911.000
2025-09-23,3909.000,3909.000,3853.000,3878.000,129986,214172,3876.000
2025-09-24,3883.000,3913.000,3870.000,3907.000,113327,201723,3890.000
2025-09-25,3916.000,3951.000,3907.000,3929.000,171437,179194,3930.000
2025-09-26,3931.000,3954.000,3928.000,3935.000,123642,174807,3940.000
2025-09-29,3939.000,3945.000,3917.000,3938.000,112252,161800,3931.000
2025-09-30,3939.000,3943.000,3922.000,3927.000,88221,136609,3929.000
2025-10-09,3930.000,3984.000,3930.000,3975.000,105525,137560,3960.000
2025-10-10,3960.000,3988.000,3938.000,3953.000,110324,125633,3958.000
2025-10-13,3943.000,3988.000,3940.000,3967.000,79468,149082,3969.000
2025-10-14,3967.000,3978.000,3958.000,3967.000,82845,158928,3969.000
2025-10-15,3973.000,4007.000,3967.000,3999.000,133179,186875,3988.000
2025-10-16,4002.000,4040.000,3995.000,4018.000,156626,202715,4020.000
2025-10-17,4026.000,4045.000,4021.000,4028.000,125719,212025,4034.000
2025-10-20,4028.000,4088.000,4014.000,4086.000,151607,226762,4055.000
2025-10-21,4082.000,4095.000,4058.000,4061.000,138709,220581,4073.000
2025-10-22,4060.000,4076.000,4028.000,4057.000,151390,219724,4050.000
2025-10-23,4057.000,4115.000,4052.000,4113.000,162733,244324,4081.000
2025-10-24,4113.000,4124.000,4098.000,4104.000,143105,257746,4110.000
2025-10-27,4104.000,4109.000,4068.000,4077.000,159470,255186,4088.000
2025-10-28,4083.000,4120.000,4071.000,4115.000,128410,259283,4092.000
2025-10-29,4115.000,4135.000,4092.000,4113.000,161425,267290,4116.000
2025-10-30,4112.000,4120.000,4090.000,4103.000,125524,264401,4104.000
2025-10-31,4100.000,4114.000,4076.000,4102.000,171828,264120,4095.000
2025-11-03,4105.000,4112.000,4070.000,4076.000,155379,258446,4092.000
2025-11-04,4086.000,4094.000,4051.000,4055.000,135914,251451,4076.000
2025-11-05,4050.000,4151.000,4032.000,4123.000,217199,248256,4077.000
2025-11-06,4123.000,4162.000,4114.000,4146.000,209826,264077,4141.000
2025-11-07,4151.000,4156.000,4101.000,4118.000,148857,251242,4125.000
2025-11-10,4118.000,4127.000,4102.000,4116.000,82374,249271,4114.000
2025-11-11,4116.000,4148.000,4104.000,4112.000,128651,247547,4128.000
2025-11-12,4111.000,4133.000,4106.000,4127.000,79458,247064,4118.000
2025-11-13,4121.000,4137.000,4110.000,4129.000,88535,245994,4122.000
2025-11-14,4134.000,4221.000,4124.000,4215.000,252689,287480,4182.000
2025-11-17,4215.000,4218.000,4165.000,4178.000,150656,278781,4187.000
2025-11-18,4184.000,4223.000,4146.000,4149.000,176700,263489,4177.000
2025-11-19,4151.000,4175.000,4132.000,4145.000,148077,263465,4151.000
2025-11-20,4147.000,4148.000,4087.000,4107.000,163951,237626,4110.000
2025-11-21,4107.000,4123.000,4090.000,4109.000,138585,218174,4107.000
2025-11-24,4101.000,4175.000,4094.000,4150.000,176681,213249,4139.000
2025-11-25,4140.000,4146.000,4098.000,4108.000,116170,204655,4117.000
2025-11-26,4115.000,4125.000,4090.000,4094.000,108699,196190,4103.000
2025-11-27,4094.000,4119.000,4093.000,4106.000,107569,190845,4106.000
2025-11-28,4106.000,4138.000,4103.000,4108.000,103526,190405,4115.000
2025-12-01,4109.000,4132.000,4106.000,4126.000,83964,188205,4118.000
2025-12-02,4130.000,4142.000,4114.000,4123.000,89181,187769,4127.000
2025-12-03,4130.000,4139.000,4118.000,4139.000,73345,182558,4129.000
2025-12-04,4138.000,4147.000,4099.000,4105.000,118945,176490,4120.000
2025-12-05,4110.000,4110.000,4071.000,4075.000,105685,172722,4088.000
2025-12-08,4082.000,4096.000,4076.000,4085.000,89032,170581,4084.000
2025-12-09,4081.000,4102.000,4069.000,4089.000,80349,161294,4086.000
2025-12-10,4080.000,4164.000,4074.000,4161.000,144561,145303,4123.000
2025-12-11,4161.000,4178.000,4155.000,4173.000,97507,152476,4167.000
2025-12-12,4161.000,4173.000,4135.000,4138.000,94544,136306,4151.000
2025-12-15,4138.000,4187.000,4112.000,4130.000,127472,126057,4142.000
2025-12-16,4128.000,4140.000,4083.000,4090.000,104576,116043,4102.000
2025-12-17,4099.000,4107.000,4075.000,4090.000,66572,108340,4092.000
2025-12-18,4056.000,4067.000,4035.000,4041.000,115269,79372,4049.000
2025-12-19,4084.000,4112.000,4063.000,4084.000,89719,126213,4083.000
2025-12-22,4101.000,4150.000,4083.000,4105.000,142933,144227,4117.000
2025-12-23,4101.000,4119.000,4091.000,4104.000,83893,150838,4104.000
2025-12-24,4095.000,4130.000,4083.000,4106.000,111298,156273,4106.000
2025-12-25,4113.000,4125.000,4106.000,4125.000,70331,162679,4113.000
2025-12-26,4125.000,4133.000,4114.000,4128.000,81892,162327,4125.000
2025-12-29,4113.000,4182.000,4113.000,4156.000,142948,167124,4159.000
2025-12-30,4150.000,4240.000,4150.000,4224.000,170281,204308,4204.000
2025-12-31,4224.000,4249.000,4222.000,4241.000,114414,215120,4233.000
2026-01-05,4244.000,4292.000,4239.000,4243.000,125004,227965,4259.000
2026-01-06,4243.000,4284.000,4241.000,4276.000,99953,235750,4264.000
2026-01-07,4270.000,4410.000,4270.000,4404.000,270498,273305,4346.000
2026-01-08,4402.000,4408.000,4352.000,4387.000,169882,270720,4378.000
2026-01-09,4387.000,4420.000,4361.000,4378.000,138430,275258,4380.000
2026-01-12,4378.000,4380.000,4291.000,4356.000,129358,265392,4349.000
2026-01-13,4364.000,4386.000,4328.000,4329.000,158094,255946,4354.000
2026-01-14,4329.000,4346.000,4316.000,4323.000,103087,254639,4329.000
2026-01-15,4318.000,4345.000,4308.000,4333.000,99424,257472,4323.000
2026-01-16,4325.000,4360.000,4312.000,4324.000,127848,252977,4335.000
2026-01-19,4316.000,4353.000,4284.000,4321.000,114863,250672,4322.000
2026-01-20,4324.000,4348.000,4310.000,4338.000,86514,256859,4327.000
2026-01-21,4332.000,4338.000,4281.000,4312.000,143129,245532,4302.000
2026-01-22,4319.000,4338.000,4303.000,4327.000,78771,245758,4318.000
2026-01-23,4324.000,4380.000,4324.000,4364.000,167778,261710,4357.000
2026-01-26,4364.000,4440.000,4355.000,4384.000,177028,273584,4395.000
2026-01-27,4385.000,4386.000,4325.000,4364.000,164459,247309,4351.000
2026-01-28,4366.000,4390.000,4361.000,4375.000,97808,252469,4375.000
2026-01-29,4375.000,4456.000,4372.000,4436.000,153156,266418,4415.000
2026-01-30,4430.000,4445.000,4361.000,4382.000,160122,243980,4396.000
2026-02-02,4378.000,4407.000,4343.000,4393.000,161745,237262,4373.000
2026-02-03,4397.000,4435.000,4379.000,4384.000,201023,249206,4406.000
2026-02-04,4386.000,4409.000,4366.000,4375.000,94674,245871,4385.000
2026-02-05,4370.000,4418.000,4370.000,4382.000,119966,246581,4390.000
2026-02-06,4381.000,4395.000,4362.000,4378.000,82983,245587,4378.000
2026-02-09,4385.000,4408.000,4377.000,4387.000,99772,247747,4392.000
2026-02-10,4394.000,4500.000,4388.000,4499.000,297949,315870,4459.000
2026-02-11,4488.000,4525.000,4471.000,4519.000,178528,320856,4501.000
2026-02-12,4528.000,4631.000,4519.000,4613.000,294189,332684,4576.000
2026-02-13,4596.000,4695.000,4596.000,4674.000,382190,323721,4657.000
2026-02-24,4674.000,4675.000,4612.000,4633.000,156508,317634,4632.000
2026-02-25,4635.000,4714.000,4616.000,4679.000,308540,350177,4674.000
2026-02-26,4675.000,4726.000,4661.000,4702.000,247385,353562,4692.000
2026-02-27,4702.000,4735.000,4687.000,4708.000,243558,358722,4713.000
2026-03-02,4712.000,4794.000,4675.000,4684.000,338634,341980,4720.000
2026-03-03,4684.000,4688.000,4611.000,4623.000,244626,307400,4645.000
2026-03-04,4632.000,4699.000,4618.000,4693.000,210601,308468,4666.000
2026-03-05,4681.000,4696.000,4644.000,4652.000,196552,296362,4670.000
2026-03-06,4649.000,4689.000,4635.000,4661.000,170234,283083,4662.000
2026-03-09,4662.000,4941.000,4662.000,4815.000,518339,253511,4832.000
2026-03-10,4800.000,4811.000,4728.000,4749.000,190631,233451,4763.000
2026-03-11,4762.000,4840.000,4762.000,4834.000,191241,240100,4800.000
2026-03-12,4850.000,4897.000,4826.000,4849.000,191176,241904,4857.000
2026-03-13,4858.000,4986.000,4854.000,4973.000,267139,251718,4932.000
2026-03-16,4961.000,4970.000,4890.000,4956.000,243999,246807,4934.000
2026-03-17,4950.000,4950.000,4850.000,4935.000,197987,245912,4914.000
2026-03-18,4935.000,4966.000,4839.000,4856.000,220143,233046,4905.000
2026-03-19,4866.000,4873.000,4786.000,4796.000,204450,215438,4832.000
2026-03-20,4790.000,4812.000,4756.000,4810.000,159137,206817,4780.000
2026-03-23,4818.000,4818.000,4730.000,4770.000,149257,198265,4771.000
2026-03-24,4736.000,4747.000,4643.000,4655.000,197568,195131,4707.000
2026-03-25,4650.000,4650.000,4596.000,4609.000,196519,191770,4618.000
2026-03-26,4610.000,4647.000,4570.000,4627.000,154535,187249,4616.000
2026-03-27,4602.000,4618.000,4550.000,4553.000,134835,182024,4580.000
2026-03-30,4565.000,4582.000,4550.000,4574.000,110326,182688,4567.000
2026-03-31,4576.000,4649.000,4575.000,4641.000,195071,181932,4612.000
2026-04-01,4625.000,4665.000,4599.000,4614.000,180212,182083,4636.000
2026-04-02,4603.000,4626.000,4580.000,4594.000,140062,181124,4601.000
2026-04-03,4601.000,4618.000,4572.000,4591.000,93390,172398,4594.000
2026-04-07,4580.000,4662.000,4580.000,4640.000,95751,173982,4632.000
2026-04-08,4630.000,4654.000,4597.000,4618.000,107334,164295,4622.000
2026-04-09,4634.000,4828.000,4616.000,4826.000,388611,174025,4742.000
2026-04-10,4850.000,4928.000,4842.000,4889.000,289214,210673,4893.000
2026-04-13,4890.000,4922.000,4800.000,4872.000,257562,204265,4855.000
2026-04-14,4878.000,4902.000,4847.000,4857.000,181660,222551,4873.000
2026-04-15,4864.000,4873.000,4780.000,4818.000,270720,225624,4820.000
2026-04-16,4818.000,4844.000,4788.000,4819.000,235135,224976,4816.000
2026-04-17,4825.000,4838.000,4785.000,4809.000,182777,229690,4802.000
2026-04-20,4801.000,4859.000,4746.000,4842.000,293595,246404,4804.000
2026-04-21,4842.000,4907.000,4823.000,4903.000,328511,269800,4867.000
2026-04-22,4906.000,5020.000,4885.000,5019.000,478998,318882,4953.000
2026-04-23,5016.000,5046.000,4961.000,4995.000,489989,323549,5007.000
2026-04-24,4995.000,5027.000,4878.000,4892.000,495554,299110,4949.000
2026-04-27,4892.000,4933.000,4862.000,4897.000,301784,292858,4899.000
2026-04-28,4911.000,4973.000,4882.000,4917.000,421538,299280,4928.000
2026-04-29,4920.000,4981.000,4906.000,4978.000,284587,306695,4946.000
2026-04-30,4980.000,4992.000,4896.000,4927.000,285863,276993,4947.000
2026-05-06,4951.000,5009.000,4883.000,4887.000,260482,287999,4940.000
2026-05-07,4881.000,4898.000,4783.000,4803.000,318231,291295,4839.000
2026-05-08,4791.000,4842.000,4764.000,4804.000,292502,294348,4808.000
2026-05-11,4816.000,4834.000,4784.000,4808.000,222361,301039,4811.000
2026-05-12,4805.000,4813.000,4756.000,4777.000,249015,299777,4784.000
2026-05-13,4777.000,4855.000,4763.000,4815.000,279157,301600,4818.000
2026-05-14,4815.000,4841.000,4729.000,4755.000,311720,303106,4785.000
2026-05-15,4740.000,4767.000,4713.000,4716.000,213448,296599,4739.000
2026-05-18,4707.000,4777.000,4694.000,4750.000,221821,296418,4741.000
2026-05-19,4746.000,4794.000,4738.000,4791.000,207528,293646,4773.000
2026-05-20,4794.000,4800.000,4748.000,4749.000,198247,288976,4777.000
2026-05-21,4734.000,4754.000,4715.000,4751.000,181685,294907,4732.000
2026-05-22,4740.000,4785.000,4732.000,4784.000,226545,287506,4753.000
2026-05-25,4780.000,4901.000,4770.000,4835.000,581134,291650,4849.000
2026-05-26,4826.000,4850.000,4775.000,4835.000,323809,289438,4818.000
2026-05-27,4835.000,4874.000,4829.000,4868.000,259810,289314,4850.000
2026-05-28,4850.000,4882.000,4805.000,4814.000,286671,285948,4843.000
2026-05-29,4808.000,4836.000,4715.000,4721.000,339250,291845,4783.000
2026-06-01,4720.000,4748.000,4686.000,4710.000,326938,276527,4713.000
2026-06-02,4716.000,4727.000,4690.000,4713.000,186623,275623,4707.000
2026-06-03,4713.000,4806.000,4713.000,4765.000,312232,255217,4755.000
2026-06-04,4771.000,4782.000,4715.000,4728.000,217140,243654,4745.000
2026-06-05,4720.000,4747.000,4693.000,4715.000,201127,249299,4716.000
2026-06-08,4716.000,4752.000,4689.000,4745.000,212379,238965,4724.000
2026-06-09,4729.000,4750.000,4661.000,4672.000,307102,244950,4705.000
2026-06-10,4680.000,4758.000,4675.000,4739.000,236944,223983,4715.000
2026-06-11,4739.000,4769.000,4724.000,4758.000,198052,200634,4746.000
2026-06-12,4758.000,4774.000,4720.000,4744.000,160728,180164,4749.000
2026-06-15,4753.000,4796.000,4725.000,4752.000,195735,162901,4760.000
2026-06-16,4783.000,4783.000,4710.000,4724.000,178855,201137,4740.000
2026-06-17,4718.000,4742.000,4711.000,4724.000,130355,214941,4726.000
2026-06-18,4724.000,4732.000,4644.000,4705.000,320667,240460,4688.000
2026-06-22,4688.000,4706.000,4673.000,4688.000,114410,253546,4688.000
2026-06-23,4678.000,4763.000,4670.000,4733.000,280428,241269,4721.000
2026-06-24,4734.000,4779.000,4732.000,4763.000,187840,241901,4755.000
2026-06-25,4763.000,4810.000,4714.000,4802.000,295186,243972,4758.000
2026-06-26,4804.000,4854.000,4804.000,4818.000,324016,252665,4831.000
2026-06-29,4821.000,4845.000,4808.000,4828.000,182659,253625,4826.000
2026-06-30,4828.000,4834.000,4738.000,4751.000,253485,233666,4786.000
2026-07-01,4740.000,4759.000,4703.000,4730.000,208490,231479,4735.000
2026-07-02,4742.000,4772.000,4737.000,4764.000,160100,224942,4752.000
2026-07-03,4764.000,4775.000,4729.000,4736.000,127298,222968,4750.000
2026-07-06,4733.000,4783.000,4733.000,4745.000,166970,220972,4754.000
2026-07-07,4745.000,4782.000,4724.000,4756.000,205252,222286,4750.000
2026-07-08,4750.000,4766.000,4709.000,4722.000,202036,238696,4736.000
2026-07-09,4725.000,4746.000,4707.000,4717.000,147273,245278,4725.000
2026-07-10,4717.000,4763.000,4691.000,4747.000,242028,253473,4725.000
2026-07-13,4739.000,4753.000,4693.000,4711.000,186387,264706,4721.000
2026-07-14,4720.000,4734.000,4703.000,4724.000,124230,253677,4720.000
2026-07-15,4720.000,4734.000,4695.000,4701.000,144155,268380,4712.000
2026-07-16,4701.000,4715.000,4681.000,4702.000,169736,278071,4699.000
2026-07-17,4702.000,4718.000,4674.000,4684.000,164126,284223,4694.000
2026-07-20,4688.000,4705.000,4669.000,4700.000,167857,275385,4689.000
2026-07-21,4704.000,4738.000,4693.000,4715.000,186357,254505,4712.000
2026-07-22,4715.000,4728.000,4705.000,4711.000,105483,246198,4715.000
2026-07-23,4719.000,4762.000,4708.000,4752.000,211393,233629,4741.000
2026-07-24,4760.000,4778.000,4734.000,4777.000,155028,231622,4753.000
2026-07-27,4775.000,4792.000,4754.000,4762.000,168771,221926,4772.000
2026-07-28,4750.000,4759.000,4686.000,4697.000,254966,226807,4717.000
2026-07-29,4716.000,4724.000,4699.000,4713.000,121547,222991,4710.000
2026-07-30,4711.000,4718.000,4672.000,4689.000,141053,230720,4695.000
2026-07-31,4695.000,4705.000,4677.000,4704.000,93344,227138,4691.000
2026-08-03,4696.000,4746.000,4689.000,4719.000,204745,187606,4722.000
2026-08-04,4719.000,4737.000,4703.000,4709.000,133147,186599,4716.000
2026-08-05,4709.000,4731.000,4703.000,4717.000,107505,176133,4716.000
2026-08-06,4745.000,4828.000,4742.000,4828.000,172708,214661,4774.000
2026-08-07,4820.000,4930.000,4818.000,4875.000,318430,248555,4875.000
2026-08-10,4875.000,4913.000,4853.000,4897.000,235399,283120,4882.000
2026-08-11,4900.000,4932.000,4886.000,4914.000,255818,312094,4911.000
2026-08-12,4905.000,4926.000,4866.000,4896.000,196888,319421,4893.000
2026-08-13,4890.000,4986.000,4864.000,4986.000,326205,379539,4916.000
2026-08-14,4976.000,5012.000,4953.000,4998.000,351554,391835,4983.000
2026-08-17,4998.000,5074.000,4943.000,4987.000,645890,381047,5006.000
2026-08-18,4995.000,5113.000,4989.000,5079.000,531463,399889,5059.000
2026-08-19,5079.000,5130.000,5043.000,5074.000,433890,404322,5087.000
2026-08-20,5076.000,5141.000,5051.000,5130.000,357432,416645,5089.000
2026-08-21,5121.000,5148.000,5006.000,5022.000,410772,391461,5066.000
2026-08-24,5035.000,5093.000,5018.000,5031.000,330539,381012,5049.000
2026-08-25,5018.000,5054.000,4943.000,4987.000,378737,361274,4994.000
2026-08-26,4975.000,5055.000,4955.000,5013.000,309852,371118,4999.000
2026-08-27,5009.000,5017.000,4962.000,4974.000,294044,355058,4985.000
2026-08-28,4974.000,4974.000,4905.000,4942.000,332857,347922,4934.000
2026-08-31,4945.000,5057.000,4941.000,4996.000,352845,352711,4999.000
2026-09-01,4974.000,5010.000,4935.000,4984.000,313390,346230,4972.000
2026-09-02,5000.000,5066.000,4958.000,4972.000,384026,345614,5012.000
2026-09-03,4960.000,5019.000,4950.000,4978.000,249017,343709,4980.000
2026-09-04,4964.000,5016.000,4962.000,5003.000,216735,350736,4991.000
