date,open,high,low,close,volume,open_interest,settle
2012-05-10,6190.000,6196.000,6082.000,6142.000,259996,33726,6126.000
2012-05-11,6110.000,6115.000,6000.000,6002.000,206804,55020,6056.000
2012-05-14,6040.000,6045.000,5960.000,5977.000,207668,57028,5999.000
2012-05-15,5895.000,5910.000,5711.000,5843.000,445150,82238,5813.000
2012-05-16,5750.000,5786.000,5643.000,5647.000,599186,108376,5704.000
2012-05-17,5705.000,5787.000,5691.000,5763.000,558246,89768,5748.000
2012-05-18,5808.000,5881.000,5768.000,5863.000,695576,92162,5827.000
2012-05-21,5957.000,5964.000,5903.000,5941.000,405766,97686,5932.000
2012-05-22,5920.000,5930.000,5882.000,5890.000,371088,90716,5903.000
2012-05-23,5800.000,5818.000,5759.000,5791.000,300170,90202,5791.000
2012-05-24,5785.000,5838.000,5766.000,5832.000,301270,85938,5804.000
2012-05-25,5858.000,5912.000,5804.000,5904.000,420278,92544,5849.000
2012-05-28,5940.000,5992.000,5916.000,5989.000,381418,94920,5955.000
2012-05-29,5933.000,5982.000,5922.000,5962.000,349920,93104,5950.000
2012-05-30,5817.000,5855.000,5798.000,5801.000,349610,94548,5826.000
2012-05-31,5836.000,5878.000,5826.000,5851.000,365958,85856,5853.000
2012-06-01,5800.000,5840.000,5771.000,5832.000,296984,86528,5811.000
2012-06-04,5923.000,5998.000,5901.000,5947.000,393532,87272,0.000
2012-06-05,5954.000,5985.000,5921.000,5931.000,323394,87988,5952.000
2012-06-06,6001.000,6092.000,5991.000,6088.000,343846,89946,6050.000
2012-06-07,6145.000,6154.000,6110.000,6133.000,272726,91644,6125.000
2012-06-08,6005.000,6023.000,5905.000,5935.000,316480,79718,5959.000
2012-06-11,6054.000,6099.000,6031.000,6063.000,207094,77300,6068.000
2012-06-12,5992.000,6038.000,5978.000,5988.000,243702,87952,6005.000
2012-06-13,6050.000,6083.000,6040.000,6081.000,184636,80188,6062.000
2012-06-14,6068.000,6128.000,6061.000,6080.000,189246,82052,6086.000
2012-06-15,6050.000,6085.000,6032.000,6070.000,208546,80836,6062.000
2012-06-18,6087.000,6095.000,6003.000,6010.000,309918,99022,6026.000
2012-06-19,6058.000,6080.000,6045.000,6063.000,168258,76972,6063.000
2012-06-20,5996.000,6029.000,5990.000,6010.000,175782,83302,6007.000
2012-06-21,5900.000,5925.000,5893.000,5911.000,141540,75606,5909.000
2012-06-25,5700.000,5742.000,5691.000,5716.000,162514,89926,5724.000
2012-06-26,5830.000,5830.000,5783.000,5791.000,139496,83698,5809.000
2012-06-27,5767.000,5771.000,5725.000,5745.000,134318,90242,5748.000
2012-06-28,5778.000,5782.000,5733.000,5737.000,120318,88586,5747.000
2012-06-29,5651.000,5764.000,5632.000,5751.000,234654,83390,5704.000
2012-07-02,5831.000,5835.000,5785.000,5796.000,156980,73088,5804.000
2012-07-03,5820.000,5915.000,5810.000,5909.000,186102,68056,5870.000
2012-07-04,5952.000,5979.000,5932.000,5948.000,133860,61944,5952.000
2012-07-05,5960.000,5995.000,5944.000,5993.000,118224,64576,5969.000
2012-07-06,5929.000,5932.000,5864.000,5872.000,148200,64902,5891.000
2012-07-09,5790.000,5832.000,5782.000,5806.000,141584,71858,5807.000
2012-07-10,5813.000,5834.000,5795.000,5798.000,100886,69612,5812.000
2012-07-11,5755.000,5780.000,5750.000,5774.000,95358,69642,5767.000
2012-07-12,5774.000,5779.000,5728.000,5743.000,113558,77556,5745.000
2012-07-13,5770.000,5830.000,5764.000,5828.000,96844,69356,5800.000
2012-07-16,5810.000,5834.000,5787.000,5828.000,90630,63190,5811.000
2012-07-17,5845.000,5877.000,5812.000,5830.000,104858,59076,5847.000
2012-07-18,5835.000,5838.000,5780.000,5811.000,76038,57184,5805.000
2012-07-19,5815.000,5828.000,5797.000,5822.000,64602,55478,5814.000
2012-07-20,5809.000,5811.000,5787.000,5799.000,61744,54728,5799.000
2012-07-23,5845.000,5845.000,5777.000,5790.000,76106,54036,5809.000
2012-07-24,5796.000,5822.000,5792.000,5794.000,63916,53654,5805.000
2012-07-25,5784.000,5817.000,5740.000,5745.000,81420,64072,5788.000
2012-07-26,5840.000,5886.000,5820.000,5872.000,100676,55172,5859.000
2012-07-27,5862.000,5932.000,5862.000,5926.000,83740,57758,5897.000
2012-07-30,5923.000,5925.000,5887.000,5893.000,66076,53020,5905.000
2012-07-31,5978.000,6044.000,5972.000,6022.000,124084,61994,6018.000
2012-08-01,5965.000,5992.000,5949.000,5990.000,76542,60402,5972.000
2012-08-02,5880.000,5910.000,5880.000,5896.000,67152,60746,5898.000
2012-08-03,5866.000,5868.000,5842.000,5862.000,54240,62202,5852.000
2012-08-06,5970.000,5972.000,5941.000,5950.000,48632,58854,5953.000
2012-08-07,5966.000,5974.000,5956.000,5966.000,38914,58194,5965.000
2012-08-08,5999.000,5999.000,5953.000,5955.000,56720,60102,5977.000
2012-08-09,5988.000,6022.000,5980.000,6020.000,70034,69126,6005.000
2012-08-10,6005.000,6006.000,5961.000,5975.000,56594,65498,5983.000
2012-08-13,6004.000,6024.000,5986.000,5994.000,78452,68494,6002.000
2012-08-14,5974.000,5980.000,5944.000,5975.000,62094,63982,5961.000
2012-08-15,5961.000,5969.000,5950.000,5953.000,42428,62360,5959.000
2012-08-16,5969.000,5978.000,5945.000,5951.000,40694,64478,5961.000
2012-08-17,6016.000,6037.000,6003.000,6030.000,58038,70790,6018.000
2012-08-20,6000.000,6034.000,5996.000,6019.000,53440,71480,6017.000
2012-08-21,6100.000,6158.000,6094.000,6149.000,119104,91262,6129.000
2012-08-22,6208.000,6266.000,6202.000,6260.000,112388,102880,6239.000
2012-08-23,6337.000,6565.000,6333.000,6524.000,418584,151188,6477.000
2012-08-24,6518.000,6548.000,6459.000,6487.000,313806,155738,6504.000
2012-08-27,6588.000,6708.000,6585.000,6632.000,469970,161640,6650.000
2012-08-28,6551.000,6575.000,6516.000,6566.000,226954,168502,6549.000
2012-08-29,6569.000,6624.000,6560.000,6620.000,305838,176832,6589.000
2012-08-30,6580.000,6587.000,6525.000,6572.000,251916,171226,6560.000
2012-08-31,6500.000,6504.000,6463.000,6494.000,208992,156164,6485.000
2012-09-03,6731.000,6849.000,6730.000,6821.000,309066,196858,6810.000
2012-09-04,6900.000,6932.000,6837.000,6876.000,270772,190506,6885.000
2012-09-05,6869.000,6904.000,6855.000,6877.000,198896,201866,6881.000
2012-09-06,6900.000,7072.000,6889.000,7043.000,504852,261088,6997.000
2012-09-07,6986.000,7006.000,6802.000,6874.000,566630,196494,6898.000
2012-09-10,7182.000,7272.000,7175.000,7213.000,382854,208422,7219.000
2012-09-11,7170.000,7195.000,7115.000,7188.000,361810,205490,7157.000
2012-09-12,7200.000,7220.000,7166.000,7182.000,283692,212072,7189.000
2012-09-13,7109.000,7123.000,7051.000,7056.000,261508,207500,7089.000
2012-09-14,7450.000,7506.000,7356.000,7384.000,421404,201770,7419.000
2012-09-17,7399.000,7405.000,7342.000,7352.000,225840,204484,7376.000
2012-09-18,7275.000,7295.000,7220.000,7289.000,251114,197726,7253.000
2012-09-19,7374.000,7438.000,7300.000,7434.000,387928,216986,7375.000
2012-09-20,7367.000,7405.000,7283.000,7306.000,382430,211416,7342.000
2012-09-21,7396.000,7419.000,7364.000,7409.000,305904,222722,7392.000
2012-09-24,7254.000,7258.000,7098.000,7165.000,333096,190172,7154.000
2012-09-25,7215.000,7220.000,7123.000,7159.000,223366,190490,7164.000
2012-09-26,7120.000,7193.000,7118.000,7150.000,214708,175276,7158.000
2012-09-27,7175.000,7237.000,7168.000,7234.000,264536,190514,7205.000
2012-09-28,7370.000,7405.000,7310.000,7378.000,228456,194762,7352.000
2012-10-08,7256.000,7264.000,7035.000,7105.000,325632,164834,7122.000
2012-10-09,7135.000,7163.000,7099.000,7105.000,203646,174782,7137.000
2012-10-10,7050.000,7091.000,7022.000,7080.000,206778,179800,7063.000
2012-10-11,7058.000,7140.000,7047.000,7120.000,251396,178322,7104.000
2012-10-12,7094.000,7143.000,7065.000,7080.000,226352,172310,7102.000
2012-10-15,6880.000,6924.000,6865.000,6884.000,203468,164562,6895.000
2012-10-16,6822.000,6873.000,6807.000,6865.000,204062,158638,6838.000
2012-10-17,6900.000,6906.000,6860.000,6863.000,147290,153288,6877.000
2012-10-18,6871.000,6915.000,6839.000,6883.000,182880,157806,6885.000
2012-10-19,6832.000,6848.000,6758.000,6759.000,199004,159818,6802.000
2012-10-22,6667.000,6749.000,6663.000,6748.000,161366,147328,6718.000
2012-10-23,6747.000,6770.000,6704.000,6717.000,190176,146964,6739.000
2012-10-24,6682.000,6739.000,6668.000,6738.000,211926,162046,6705.000
2012-10-25,6730.000,6833.000,6713.000,6806.000,368806,194776,6776.000
2012-10-26,6801.000,6829.000,6639.000,6679.000,344532,161058,6734.000
2012-10-29,6768.000,6780.000,6717.000,6723.000,237754,153130,6748.000
2012-10-30,6710.000,6724.000,6670.000,6708.000,195374,146494,6693.000
2012-10-31,6705.000,6730.000,6682.000,6719.000,152548,129826,6707.000
2012-11-01,6804.000,6914.000,6804.000,6907.000,179018,135802,6862.000
2012-11-02,6852.000,6860.000,6703.000,6751.000,253004,120466,6781.000
2012-11-05,6579.000,6606.000,6495.000,6520.000,268620,139982,6547.000
2012-11-06,6552.000,6580.000,6536.000,6569.000,167174,141346,6559.000
2012-11-07,6671.000,6785.000,6648.000,6752.000,358528,151048,6718.000
2012-11-08,6656.000,6712.000,6656.000,6681.000,206396,146770,6690.000
2012-11-09,6750.000,6809.000,6746.000,6775.000,260120,148442,6785.000
2012-11-12,6835.000,6848.000,6765.000,6819.000,250436,159026,6804.000
2012-11-13,6725.000,6741.000,6688.000,6732.000,187190,147978,6719.000
2012-11-14,6800.000,6818.000,6767.000,6817.000,181166,167546,6791.000
2012-11-15,6775.000,6809.000,6766.000,6783.000,173356,167044,6789.000
2012-11-16,6785.000,6796.000,6702.000,6728.000,215134,171684,6756.000
2012-11-19,6745.000,6805.000,6741.000,6788.000,189336,167182,6785.000
2012-11-20,6867.000,6907.000,6853.000,6885.000,217976,167564,6887.000
2012-11-21,6879.000,6879.000,6817.000,6844.000,159218,169334,6849.000
2012-11-22,6913.000,6938.000,6884.000,6884.000,149390,174764,6909.000
2012-11-23,6888.000,6933.000,6855.000,6926.000,157372,178384,6896.000
2012-11-26,7014.000,7045.000,6985.000,7036.000,225798,209532,7022.000
2012-11-27,7058.000,7073.000,7020.000,7029.000,203696,202132,7046.000
2012-11-28,7005.000,7012.000,6932.000,6967.000,208008,191720,6972.000
2012-11-29,6940.000,6944.000,6881.000,6883.000,200980,190978,6924.000
2012-11-30,6960.000,6990.000,6944.000,6982.000,210346,179792,6967.000
2012-12-03,6880.000,6880.000,6804.000,6815.000,237572,183022,6834.000
2012-12-04,6801.000,6801.000,6695.000,6716.000,251742,175582,6731.000
2012-12-05,6671.000,6743.000,6661.000,6737.000,222312,166084,6709.000
2012-12-06,6709.000,6718.000,6625.000,6640.000,242694,167480,6668.000
2012-12-07,6704.000,6722.000,6671.000,6691.000,166690,161820,6697.000
2012-12-10,6716.000,6756.000,6714.000,6742.000,135466,150606,6735.000
2012-12-11,6712.000,6714.000,6671.000,6711.000,124306,145250,6693.000
2012-12-12,6684.000,6724.000,6677.000,6709.000,127032,140054,6704.000
2012-12-13,6720.000,6720.000,6584.000,6600.000,182696,139250,6616.000
2012-12-14,6785.000,6870.000,6776.000,6830.000,211004,124322,6829.000
2012-12-17,6780.000,6841.000,6733.000,6782.000,268520,135448,6788.000
2012-12-18,6805.000,6881.000,6804.000,6875.000,295256,159316,6851.000
2012-12-19,6744.000,6750.000,6692.000,6709.000,246968,147928,6715.000
2012-12-20,6609.000,6629.000,6563.000,6604.000,233014,153478,6594.000
2012-12-21,6388.000,6393.000,6308.000,6334.000,345726,184338,6344.000
2012-12-24,6350.000,6418.000,6335.000,6402.000,262284,188300,6383.000
2012-12-25,6350.000,6380.000,6302.000,6319.000,244038,194794,6340.000
2012-12-26,6335.000,6355.000,6313.000,6327.000,210776,199610,6336.000
2012-12-27,6331.000,6396.000,6318.000,6359.000,277800,206312,6366.000
2012-12-28,6393.000,6443.000,6392.000,6417.000,229654,200774,6422.000
2012-12-31,6438.000,6458.000,6381.000,6427.000,208232,201872,6420.000
2013-01-04,6306.000,6307.000,6193.000,6226.000,258306,214758,6231.000
2013-01-07,6330.000,6433.000,6321.000,6392.000,288146,206106,6393.000
2013-01-08,6418.000,6420.000,6358.000,6370.000,195804,207996,6382.000
2013-01-09,6416.000,6438.000,6402.000,6429.000,174856,204540,6420.000
2013-01-10,6398.000,6427.000,6378.000,6425.000,142460,206586,6404.000
2013-01-11,6490.000,6515.000,6458.000,6469.000,208206,207520,6489.000
2013-01-14,6419.000,6492.000,6409.000,6479.000,172922,219878,6458.000
2013-01-15,6555.000,6592.000,6506.000,6545.000,264694,222448,6552.000
2013-01-16,6630.000,6632.000,6585.000,6599.000,178166,214850,6601.000
2013-01-17,6612.000,6612.000,6555.000,6580.000,150812,205140,6580.000
2013-01-18,6632.000,6665.000,6619.000,6662.000,183110,208862,6644.000
2013-01-21,6681.000,6698.000,6649.000,6651.000,151046,204874,6677.000
2013-01-22,6675.000,6707.000,6665.000,6694.000,145342,203428,6682.000
2013-01-23,6710.000,6715.000,6675.000,6679.000,93064,199808,6692.000
2013-01-24,6623.000,6655.000,6588.000,6602.000,159896,193892,6626.000
2013-01-25,6538.000,6582.000,6534.000,6573.000,122526,189640,6554.000
2013-01-28,6503.000,6515.000,6483.000,6502.000,106196,189730,6499.000
2013-01-29,6480.000,6518.000,6466.000,6515.000,134510,192032,6489.000
2013-01-30,6530.000,6550.000,6530.000,6537.000,105226,194092,6541.000
2013-01-31,6632.000,6669.000,6625.000,6665.000,119246,190830,6648.000
2013-02-01,6560.000,6562.000,6530.000,6555.000,136754,201918,6543.000
2013-02-04,6598.000,6633.000,6581.000,6607.000,142090,204390,6607.000
2013-02-05,6594.000,6626.000,6583.000,6618.000,119484,200330,6607.000
2013-02-06,6619.000,6622.000,6585.000,6597.000,88676,201450,6603.000
2013-02-07,6611.000,6633.000,6596.000,6604.000,106936,195168,6616.000
2013-02-08,6530.000,6570.000,6500.000,6552.000,98404,195676,6539.000
2013-02-18,6289.000,6294.000,6242.000,6270.000,136064,210238,6268.000
2013-02-19,6267.000,6288.000,6260.000,6274.000,93184,220778,6274.000
2013-02-20,6203.000,6222.000,6180.000,6207.000,167672,255638,6205.000
2013-02-21,6088.000,6088.000,5952.000,5990.000,260802,265654,5996.000
2013-02-22,6026.000,6056.000,6018.000,6046.000,148990,257060,6041.000
2013-02-25,6019.000,6072.000,6000.000,6044.000,160606,254796,6042.000
2013-02-26,6075.000,6108.000,6036.000,6045.000,160482,254654,6075.000
2013-02-27,6140.000,6142.000,6096.000,6112.000,140766,246488,6113.000
2013-02-28,6086.000,6096.000,6075.000,6080.000,104102,247858,6085.000
2013-03-01,5999.000,6016.000,5964.000,5992.000,134078,256610,5991.000
2013-03-04,6045.000,6050.000,6003.000,6028.000,120306,253010,6025.000
2013-03-05,6024.000,6094.000,6015.000,6089.000,147038,266720,6044.000
2013-03-06,6045.000,6093.000,6045.000,6062.000,158216,269176,6066.000
2013-03-07,6098.000,6100.000,6058.000,6074.000,134436,256576,6076.000
2013-03-08,6063.000,6070.000,6025.000,6044.000,131012,264348,6043.000
2013-03-11,6070.000,6096.000,6058.000,6090.000,132830,252768,6081.000
2013-03-12,6081.000,6086.000,6045.000,6045.000,96506,250538,6069.000
2013-03-13,6100.000,6100.000,6071.000,6085.000,131258,254510,6085.000
2013-03-14,6049.000,6049.000,5940.000,6014.000,198510,238228,5996.000
2013-03-15,6014.000,6041.000,5991.000,6030.000,136176,245058,6015.000
2013-03-18,6039.000,6040.000,5933.000,5979.000,218586,245904,5972.000
2013-03-19,6010.000,6021.000,5990.000,6020.000,104700,233230,6007.000
2013-03-20,6013.000,6028.000,5985.000,6019.000,102868,235130,6008.000
2013-03-21,5980.000,6018.000,5971.000,6012.000,73110,241908,5997.000
2013-03-22,6057.000,6060.000,6016.000,6044.000,115434,232204,6044.000
2013-03-25,5970.000,6012.000,5964.000,5984.000,113320,245632,5992.000
2013-03-26,5985.000,5997.000,5962.000,5971.000,105996,237556,5982.000
2013-03-27,5983.000,5987.000,5836.000,5842.000,319702,299622,5901.000
2013-03-28,5917.000,5962.000,5908.000,5932.000,250694,230978,5937.000
2013-03-29,5850.000,5870.000,5791.000,5832.000,176690,240292,5821.000
2013-04-01,5831.000,5838.000,5730.000,5737.000,201872,245178,5784.000
2013-04-02,5781.000,5795.000,5741.000,5764.000,172648,236768,5766.000
2013-04-03,5610.000,5611.000,5538.000,5547.000,261454,246532,5567.000
2013-04-08,5619.000,5640.000,5547.000,5627.000,176572,227208,5610.000
2013-04-09,5610.000,5665.000,5609.000,5661.000,162138,228744,5643.000
2013-04-10,5752.000,5765.000,5730.000,5765.000,151478,226972,5745.000
2013-04-11,5664.000,5690.000,5644.000,5659.000,158282,219680,5666.000
2013-04-12,5690.000,5690.000,5662.000,5672.000,100244,215596,5675.000
2013-04-15,5334.000,5334.000,5334.000,5334.000,14618,210542,5334.000
2013-04-16,4853.000,5334.000,4853.000,4853.000,56066,193570,4853.000
2013-04-17,4840.000,4883.000,4725.000,4764.000,612936,183914,4812.000
2013-04-18,4672.000,4746.000,4526.000,4710.000,659300,172780,4652.000
2013-04-19,4702.000,4842.000,4686.000,4788.000,477892,158322,4760.000
2013-04-22,4770.000,4798.000,4724.000,4735.000,304622,165912,4759.000
2013-04-23,4735.000,4759.000,4551.000,4587.000,528696,189518,4653.000
2013-04-24,4618.000,4722.000,4579.000,4690.000,496746,162964,4648.000
2013-04-25,4693.000,4743.000,4664.000,4693.000,363126,143814,4702.000
2013-04-26,4943.000,5030.000,4873.000,4885.000,406698,124786,4937.000
2013-05-02,4735.000,4763.000,4682.000,4742.000,213340,117446,4722.000
2013-05-03,4760.000,4856.000,4749.000,4854.000,232054,119630,4812.000
2013-05-06,5028.000,5054.000,4950.000,4968.000,205634,120924,4989.000
2013-05-07,4932.000,4945.000,4789.000,4802.000,543370,202412,4856.000
2013-05-08,4860.000,4904.000,4832.000,4882.000,456092,192834,4866.000
2013-05-09,4860.000,4965.000,4858.000,4928.000,503712,165516,4928.000
2013-05-10,4850.000,4920.000,4830.000,4919.000,387560,174654,4878.000
2013-05-13,4890.000,4925.000,4840.000,4846.000,448140,191524,4870.000
2013-05-14,4880.000,4898.000,4846.000,4851.000,359648,197280,4874.000
2013-05-15,4801.000,4818.000,4693.000,4701.000,552498,258702,4760.000
2013-05-16,4659.000,4690.000,4624.000,4656.000,570488,275932,4657.000
2013-05-17,4671.000,4696.000,4625.000,4632.000,558146,285722,4659.000
2013-05-20,4450.000,4535.000,4383.000,4422.000,842816,286228,4447.000
2013-05-21,4650.000,4698.000,4581.000,4664.000,802662,237546,4632.000
2013-05-22,4640.000,4662.000,4602.000,4650.000,479390,228884,4631.000
2013-05-23,4558.000,4585.000,4515.000,4579.000,561584,235464,4548.000
2013-05-24,4600.000,4636.000,4568.000,4603.000,464634,230814,4602.000
2013-05-27,4572.000,4654.000,4560.000,4644.000,352650,229820,4619.000
2013-05-28,4618.000,4644.000,4605.000,4611.000,327356,225094,4621.000
2013-05-29,4603.000,4615.000,4542.000,4544.000,523550,248654,4575.000
2013-05-30,4580.000,4646.000,4570.000,4633.000,479300,226530,4615.000
2013-05-31,4649.000,4687.000,4641.000,4668.000,327216,205674,4668.000
2013-06-03,4610.000,4624.000,4580.000,4601.000,296834,207604,4599.000
2013-06-04,4656.000,4665.000,4617.000,4625.000,235944,210678,4639.000
2013-06-05,4616.000,4644.000,4592.000,4627.000,277668,210758,4618.000
2013-06-06,4610.000,4616.000,4570.000,4582.000,226454,212580,4595.000
2013-06-07,4638.000,4664.000,4625.000,4633.000,260218,0,4645.000
2013-06-13,4463.000,4510.000,4460.000,4493.000,215416,190272,4490.000
2013-06-14,4490.000,4494.000,4452.000,4465.000,210800,203200,4468.000
2013-06-17,4501.000,4515.000,4491.000,4492.000,149758,200076,4502.000
2013-06-18,4490.000,4499.000,4462.000,4473.000,187186,220982,4480.000
2013-06-19,4460.000,4469.000,4421.000,4464.000,236998,227010,4443.000
2013-06-20,4368.000,4376.000,4228.000,4293.000,298892,250684,4341.000
2013-06-21,4080.000,4120.000,4080.000,4082.000,304670,241040,4082.000
2013-06-24,4122.000,4130.000,3984.000,3998.000,500922,249028,4052.000
2013-06-25,4020.000,4045.000,3981.000,4022.000,442052,239350,4017.000
2013-06-26,4006.000,4011.000,3797.000,3856.000,1142838,290462,3870.000
2013-06-27,3832.000,3874.000,3795.000,3838.000,849368,281474,3837.000
2013-06-28,3769.000,3865.000,3710.000,3839.000,1111408,272408,3806.000
2013-07-01,3955.000,4034.000,3926.000,4034.000,896516,247566,3992.000
2013-07-02,4030.000,4044.000,3990.000,4038.000,647658,247418,4017.000
2013-07-03,3998.000,4019.000,3971.000,4006.000,586626,241134,3996.000
2013-07-04,4036.000,4040.000,4005.000,4008.000,342352,233452,4019.000
2013-07-05,3869.000,3873.000,3830.000,3843.000,1212036,306822,3846.000
2013-07-08,3900.000,3985.000,3872.000,3940.000,1773534,293266,3916.000
2013-07-09,3917.000,3931.000,3905.000,3912.000,1062728,306278,3916.000
2013-07-10,3924.000,3948.000,3890.000,3935.000,934678,317930,3919.000
2013-07-11,4089.000,4099.000,4056.000,4076.000,1212674,318750,4077.000
2013-07-12,4033.000,4052.000,4030.000,4047.000,1011522,324480,4040.000
2013-07-15,4034.000,4060.000,4029.000,4058.000,760844,333902,4044.000
2013-07-16,4060.000,4077.000,4057.000,4063.000,678804,326620,4067.000
2013-07-17,4072.000,4093.000,3921.000,3940.000,2199422,337366,4005.000
2013-07-18,3963.000,3976.000,3912.000,3960.000,2243100,357970,3950.000
2013-07-19,3953.000,3963.000,3945.000,3959.000,1007868,357076,3956.000
2013-07-22,4122.000,4134.000,4104.000,4127.000,1242882,346928,4116.000
2013-07-23,4068.000,4110.000,4065.000,4108.000,774028,334724,4084.000
2013-07-24,4070.000,4086.000,4055.000,4063.000,1140322,326422,4073.000
2013-07-25,4068.000,4072.000,4061.000,4068.000,572140,328476,4067.000
2013-07-26,4010.000,4030.000,3966.000,3992.000,1176880,326696,3995.000
2013-07-29,3995.000,3995.000,3969.000,3976.000,715062,368566,3977.000
2013-07-30,3964.000,3964.000,3935.000,3950.000,779152,378308,3949.000
2013-07-31,3961.000,3977.000,3911.000,3957.000,1769552,343216,3939.000
2013-08-01,3968.000,3969.000,3943.000,3948.000,1111696,371882,3952.000
2013-08-02,4018.000,4030.000,3972.000,3983.000,1320462,376212,3989.000
2013-08-05,3950.000,3963.000,3949.000,3960.000,638826,356272,3957.000
2013-08-06,3946.000,3947.000,3931.000,3936.000,509478,388464,3937.000
2013-08-07,3900.000,3930.000,3897.000,3930.000,566956,384138,3915.000
2013-08-08,4003.000,4075.000,3991.000,4067.000,1464252,388502,4033.000
2013-08-09,4055.000,4117.000,4047.000,4094.000,1719580,418186,4089.000
2013-08-12,4249.000,4330.000,4249.000,4328.000,1457694,450648,4297.000
2013-08-13,4357.000,4378.000,4300.000,4349.000,2666460,497324,4331.000
2013-08-14,4358.000,4379.000,4326.000,4379.000,2167428,494094,4352.000
2013-08-15,4385.000,4648.000,4376.000,4627.000,3025210,481822,4466.000
2013-08-16,4620.000,4711.000,4610.000,4678.000,3210088,445352,4661.000
2013-08-19,4650.000,4671.000,4624.000,4644.000,2542666,503110,4645.000
2013-08-20,4610.000,4654.000,4583.000,4613.000,2971640,507580,4622.000
2013-08-21,4611.000,4625.000,4563.000,4598.000,3047280,496814,4599.000
2013-08-22,4628.000,4668.000,4621.000,4630.000,2019808,522846,4645.000
2013-08-23,4638.000,4909.000,4635.000,4882.000,3634916,492930,4757.000
2013-08-26,4896.000,4985.000,4851.000,4881.000,3534956,524360,4918.000
2013-08-27,4990.000,5028.000,4971.000,4993.000,3026166,554794,4997.000
2013-08-28,5066.000,5085.000,4875.000,4919.000,4087854,499834,4931.000
2013-08-29,4866.000,4866.000,4766.000,4819.000,3685010,483224,4814.000
2013-08-30,4730.000,4755.000,4685.000,4718.000,3066830,481196,4716.000
2013-09-02,4901.000,4919.000,4858.000,4907.000,2182242,525690,4899.000
2013-09-03,4945.000,4966.000,4930.000,4941.000,1942962,546160,4947.000
2013-09-04,4760.000,4760.000,4720.000,4720.000,1790000,569378,4745.000
2013-09-05,4734.000,4734.000,4662.000,4712.000,2695774,584108,4701.000
2013-09-06,4800.000,4840.000,4800.000,4822.000,1984446,532810,4822.000
2013-09-09,4776.000,4821.000,4776.000,4798.000,1436476,568532,4803.000
2013-09-10,4682.000,4684.000,4620.000,4671.000,1907130,543090,4648.000
2013-09-11,4668.000,4692.000,4663.000,4677.000,1344870,566558,4680.000
2013-09-12,4450.000,4489.000,4425.000,4450.000,1780702,508966,4472.000
2013-09-13,4443.000,4445.000,4379.000,4431.000,1801590,512672,4418.000
2013-09-16,4405.000,4478.000,4401.000,4443.000,2244402,559688,4453.000
2013-09-17,4422.000,4443.000,4413.000,4420.000,1389834,546406,4426.000
2013-09-18,4419.000,4419.000,4419.000,4419.000,3723200,472906,4394.000
2013-09-19,4394.000,4394.000,4394.000,4394.000,0,472906,4394.000
2013-09-23,4391.000,4438.000,4388.000,4420.000,1689514,502120,4420.000
2013-09-24,4325.000,4418.000,4316.000,4410.000,1729324,491938,4364.000
2013-09-25,4383.000,4443.000,4383.000,4424.000,1675110,500928,4415.000
2013-09-26,4432.000,4433.000,4391.000,4398.000,1375510,444470,4410.000
2013-09-27,4410.000,4418.000,4395.000,4406.000,859380,372606,4406.000
2013-09-30,4410.000,4418.000,4374.000,4400.000,1342150,314850,4402.000
2013-10-02,4400.000,4400.000,4400.000,4400.000,1342100,314850,4402.000
2013-10-08,4532.000,4553.000,4525.000,4537.000,1128302,446504,4541.000
2013-10-09,4438.000,4466.000,4423.000,4440.000,1134362,423478,4445.000
2013-10-10,4443.000,4454.000,4434.000,4438.000,800958,441080,4445.000
2013-10-11,4305.000,4325.000,4305.000,4319.000,1107298,491476,4317.000
2013-10-14,4355.000,4361.000,4331.000,4333.000,980120,479182,4349.000
2013-10-15,4247.000,4320.000,4246.000,4314.000,1715818,503244,4290.000
2013-10-16,4324.000,4349.000,4294.000,4330.000,1932908,500314,4317.000
2013-10-17,4410.000,4419.000,4387.000,4408.000,1476052,467968,4401.000
2013-10-18,4430.000,4444.000,4413.000,4416.000,733990,435402,4425.000
2013-10-21,4497.000,4517.000,4490.000,4501.000,909704,492326,4506.000
2013-10-22,4518.000,4601.000,4513.000,4592.000,1973996,534562,4567.000
2013-10-23,4585.000,4590.000,4550.000,4559.000,1219002,473306,4565.000
2013-10-24,4581.000,4595.000,4574.000,4588.000,940748,461036,4584.000
2013-10-25,4508.000,4555.000,4482.000,4526.000,1480964,405314,4514.000
2013-10-28,4517.000,4534.000,4506.000,4517.000,1091876,396360,4520.000
2013-10-29,4520.000,4534.000,4516.000,4520.000,926256,393144,4526.000
2013-10-30,4600.000,4636.000,4507.000,4516.000,1669186,411952,4603.000
2013-10-31,4395.000,4434.000,4392.000,4412.000,1056534,329286,4418.000
2013-11-01,4401.000,4413.000,4386.000,4391.000,896924,324404,4401.000
2013-11-04,4400.000,4413.000,4368.000,4368.000,637804,342426,4391.000
2013-11-05,4380.000,4388.000,4361.000,4369.000,623284,331616,4374.000
2013-11-06,4420.000,4425.000,4386.000,4395.000,656376,315542,4404.000
2013-11-07,4434.000,4438.000,4310.000,4376.000,1544056,307800,4370.000
2013-11-08,4387.000,4419.000,4313.000,4323.000,1701060,335620,4345.000
2013-11-11,4321.000,4332.000,4316.000,4319.000,525838,335540,4325.000
2013-11-12,4300.000,4309.000,4240.000,4241.000,954444,375272,4284.000
2013-11-13,4245.000,4245.000,4205.000,4210.000,1066400,384426,4223.000
2013-11-14,4243.000,4273.000,4229.000,4259.000,1196494,354456,4253.000
2013-11-15,4245.000,4253.000,4235.000,4249.000,608874,337104,4245.000
2013-11-18,4220.000,4232.000,4202.000,4204.000,705554,322316,4216.000
2013-11-19,4200.000,4213.000,4184.000,4197.000,852698,324430,4196.000
2013-11-20,4202.000,4220.000,4188.000,4199.000,967892,296898,4203.000
2013-11-21,4155.000,4159.000,4133.000,4152.000,691138,263938,4146.000
2013-11-22,4150.000,4165.000,4145.000,4147.000,476252,243110,4155.000
2013-11-25,4117.000,4123.000,4096.000,4122.000,530968,235250,4109.000
2013-11-26,4172.000,4183.000,4155.000,4161.000,231800,222724,4170.000
2013-11-27,4173.000,4185.000,4135.000,4139.000,453462,271904,4166.000
2013-11-28,4152.000,4158.000,4151.000,4154.000,206292,316154,4155.000
2013-11-29,4200.000,4200.000,4181.000,4184.000,461112,361558,4191.000
2013-12-02,4146.000,4151.000,4100.000,4103.000,703800,430026,4134.000
2013-12-03,4074.000,4079.000,4049.000,4063.000,908646,509840,4064.000
2013-12-04,4082.000,4150.000,4063.000,4148.000,1432900,502278,4096.000
2013-12-05,4095.000,4143.000,4075.000,4126.000,1529494,500430,4101.000
2013-12-06,4116.000,4181.000,4083.000,4139.000,2457770,559808,4140.000
2013-12-09,4153.000,4180.000,4152.000,4175.000,946664,590572,4168.000
2013-12-10,4251.000,4294.000,4248.000,4271.000,1599486,629030,4281.000
2013-12-11,4267.000,4310.000,4265.000,4290.000,1408176,639276,4287.000
2013-12-12,4193.000,4203.000,4132.000,4133.000,2093722,609498,4169.000
2013-12-13,4118.000,4144.000,4105.000,4131.000,1657150,603052,4126.000
2013-12-16,4128.000,4251.000,4126.000,4211.000,2335916,580682,4183.000
2013-12-17,4196.000,4247.000,4152.000,4196.000,2876654,612086,4193.000
2013-12-18,4201.000,4234.000,4201.000,4226.000,1660682,647576,4218.000
2013-12-19,4080.000,4092.000,4055.000,4068.000,1890866,673760,4075.000
2013-12-20,4065.000,4130.000,4055.000,4110.000,1734520,702128,4091.000
2013-12-23,4114.000,4125.000,4088.000,4088.000,1206502,724750,4112.000
2013-12-24,4084.000,4113.000,4078.000,4094.000,1001508,696294,4094.000
2013-12-25,4106.000,4111.000,4090.000,4098.000,532204,671304,4100.000
2013-12-26,4104.000,4187.000,4101.000,4147.000,1933628,658764,4149.000
2013-12-27,4184.000,4233.000,4173.000,4218.000,1875200,714642,4211.000
2013-12-30,4140.000,4174.000,4130.000,4146.000,1563264,672788,4152.000
2013-12-31,4140.000,4174.000,4079.000,4099.000,2712884,625272,4136.000
2014-01-01,4099.000,4099.000,4099.000,4099.000,2712800,625272,4136.000
2014-01-02,4196.000,4213.000,4175.000,4197.000,1479206,642178,4193.000
2014-01-03,4215.000,4215.000,4181.000,4203.000,1205758,634244,4196.000
2014-01-06,4181.000,4225.000,4171.000,4191.000,1882328,620000,4200.000
2014-01-07,4170.000,4187.000,4101.000,4133.000,2315210,661516,4137.000
2014-01-08,4100.000,4117.000,4010.000,4037.000,2453224,706958,4048.000
2014-01-09,4062.000,4074.000,4026.000,4069.000,2183462,650262,4044.000
2014-01-10,4098.000,4166.000,4054.000,4162.000,3010396,602030,4127.000
2014-01-13,4135.000,4188.000,4096.000,4183.000,2496144,614392,4137.000
2014-01-14,4167.000,4212.000,4138.000,4157.000,3066214,609548,4172.000
2014-01-15,4118.000,4160.000,4107.000,4143.000,2293810,613166,4132.000
2014-01-16,4125.000,4163.000,4120.000,4136.000,1645532,608176,4145.000
2014-01-17,4151.000,4178.000,4146.000,4165.000,1471700,608138,4165.000
2014-01-20,4185.000,4193.000,4169.000,4173.000,726310,617994,4184.000
2014-01-21,4102.000,4115.000,4071.000,4100.000,1717860,586282,4095.000
2014-01-22,4099.000,4106.000,4087.000,4096.000,861744,590896,4097.000
2014-01-23,4123.000,4155.000,4112.000,4122.000,2026700,559072,4132.000
2014-01-24,4159.000,4164.000,4079.000,4091.000,1579372,563118,4129.000
2014-01-27,4100.000,4115.000,4077.000,4107.000,1404302,534314,4097.000
2014-01-28,4101.000,4103.000,4064.000,4080.000,1027014,533020,4086.000
2014-01-29,4098.000,4112.000,4080.000,4089.000,785548,494388,4095.000
2014-01-30,4098.000,4112.000,4040.000,4061.000,1210638,455972,4083.000
2014-02-07,4100.000,4130.000,4080.000,4098.000,1176170,477934,4101.000
2014-02-10,4168.000,4176.000,4125.000,4132.000,1164140,563974,4153.000
2014-02-11,4150.000,4154.000,4103.000,4135.000,1827906,554196,4129.000
2014-02-12,4150.000,4157.000,4134.000,4149.000,1254502,569422,4145.000
2014-02-13,4144.000,4150.000,4135.000,4145.000,976200,570406,4142.000
2014-02-14,4305.000,4366.000,4285.000,4355.000,1824830,711320,4316.000
2014-02-17,4441.000,4483.000,4421.000,4464.000,1809974,710328,4451.000
2014-02-18,4399.000,4469.000,4385.000,4467.000,2625008,742878,4430.000
2014-02-19,4439.000,4462.000,4426.000,4446.000,1974854,752646,4444.000
2014-02-20,4383.000,4418.000,4371.000,4399.000,1863628,711580,4400.000
2014-02-21,4407.000,4425.000,4393.000,4418.000,1710344,671350,4411.000
2014-02-24,4450.000,4461.000,4423.000,4454.000,2223054,677072,4442.000
2014-02-25,4400.000,4433.000,4383.000,4424.000,2054704,657954,4410.000
2014-02-26,4387.000,4387.000,4296.000,4312.000,2949600,605742,4351.000
2014-02-27,4305.000,4325.000,4272.000,4295.000,2289372,555442,4296.000
2014-02-28,4296.000,4309.000,4275.000,4280.000,1511386,530832,4291.000
2014-03-03,4325.000,4357.000,4324.000,4334.000,1627494,516666,4340.000
2014-03-04,4270.000,4292.000,4262.000,4291.000,1771474,548882,4278.000
2014-03-05,4287.000,4304.000,4278.000,4287.000,1255988,529168,4292.000
2014-03-06,4278.000,4354.000,4275.000,4335.000,1849022,542110,4306.000
2014-03-07,4305.000,4322.000,4184.000,4209.000,2806366,506098,4231.000
2014-03-10,4193.000,4195.000,4172.000,4177.000,1188208,507264,4184.000
2014-03-11,4234.000,4242.000,4150.000,4185.000,2076888,498582,4202.000
2014-03-12,4241.000,4302.000,4229.000,4279.000,1963096,494556,4260.000
2014-03-13,4246.000,4286.000,4240.000,4260.000,1592702,458702,4265.000
2014-03-14,4365.000,4388.000,4286.000,4306.000,2095112,430816,4333.000
2014-03-17,4299.000,4308.000,4272.000,4277.000,1351640,462168,4289.000
2014-03-18,4160.000,4218.000,4156.000,4213.000,1556938,488696,4194.000
2014-03-19,4186.000,4247.000,4164.000,4206.000,2480174,461202,4199.000
2014-03-20,4135.000,4183.000,4131.000,4172.000,1428988,435100,4166.000
2014-03-21,4185.000,4196.000,4168.000,4182.000,843868,436776,4183.000
2014-03-24,4147.000,4153.000,4115.000,4124.000,1244396,470588,4136.000
2014-03-25,4138.000,4161.000,4134.000,4140.000,1015968,460728,4147.000
2014-03-26,4150.000,4155.000,4121.000,4126.000,1242832,494448,4139.000
2014-03-27,4122.000,4134.000,4112.000,4125.000,953776,487854,4125.000
2014-03-28,4134.000,4158.000,4131.000,4140.000,909724,467692,4144.000
2014-03-31,4131.000,4146.000,4128.000,4132.000,725452,453162,4138.000
2014-04-01,4122.000,4129.000,4110.000,4113.000,600520,464100,4122.000
2014-04-02,4145.000,4148.000,4134.000,4135.000,641756,437884,4141.000
2014-04-03,4116.000,4126.000,4112.000,4117.000,522678,439824,4120.000
2014-04-04,4116.000,4126.000,4112.000,4121.000,742022,417046,4119.000
2014-04-08,4170.000,4177.000,4165.000,4168.000,517120,498332,4171.000
2014-04-09,4100.000,4152.000,4099.000,4151.000,734682,475052,4123.000
2014-04-10,4174.000,4176.000,4152.000,4163.000,693182,462958,4167.000
2014-04-11,4148.000,4159.000,4145.000,4146.000,462448,460212,4152.000
2014-04-14,4151.000,4167.000,4151.000,4155.000,456208,483062,4159.000
2014-04-15,4050.000,4078.000,4050.000,4071.000,937326,558880,4064.000
2014-04-16,4082.000,4084.000,4068.000,4073.000,560808,552424,4076.000
2014-04-17,4064.000,4068.000,4055.000,4060.000,380720,527240,4062.000
2014-04-18,4051.000,4056.000,4048.000,4055.000,86726,479866,4052.000
2014-04-21,4001.000,4007.000,3989.000,3994.000,516450,522570,3997.000
2014-04-22,4009.000,4014.000,3996.000,4007.000,541650,492500,4006.000
2014-04-23,4016.000,4023.000,4012.000,4015.000,319420,458292,4016.000
2014-04-24,3996.000,4177.000,3993.000,4102.000,1720538,433372,4074.000
2014-04-25,4085.000,4120.000,4079.000,4097.000,1050860,405980,4103.000
2014-04-28,4117.000,4118.000,4077.000,4094.000,837444,400082,4093.000
2014-04-29,4080.000,4091.000,4076.000,4083.000,430732,379540,4084.000
2014-04-30,4080.000,4091.000,4055.000,4065.000,758010,312166,4077.000
2014-05-05,4108.000,4113.000,4089.000,4092.000,347702,304990,4102.000
2014-05-06,4101.000,4105.000,4093.000,4095.000,310128,289590,4098.000
2014-05-07,4089.000,4092.000,4056.000,4059.000,549980,284180,4070.000
2014-05-08,4045.000,4054.000,4042.000,4045.000,316226,286014,4047.000
2014-05-09,4056.000,4070.000,4038.000,4049.000,172008,320360,4055.000
2014-05-12,4119.000,4135.000,4102.000,4111.000,328632,366912,4124.000
2014-05-13,4109.000,4114.000,4103.000,4108.000,198766,385024,4108.000
2014-05-14,4165.000,4169.000,4128.000,4138.000,445312,389298,4143.000
2014-05-15,4115.000,4123.000,4102.000,4108.000,442432,419370,4114.000
2014-05-16,4080.000,4097.000,4078.000,4083.000,320364,406770,4087.000
2014-05-19,4126.000,4128.000,4087.000,4094.000,472264,431472,4109.000
2014-05-20,4082.000,4121.000,4077.000,4106.000,677702,407838,4105.000
2014-05-21,4098.000,4116.000,4094.000,4114.000,513652,413254,4107.000
2014-05-22,4144.000,4145.000,4117.000,4122.000,534730,425802,4129.000
2014-05-23,4122.000,4129.000,4115.000,4117.000,282300,418250,4121.000
2014-05-26,4123.000,4126.000,4116.000,4118.000,141442,415568,4122.000
2014-05-27,4066.000,4076.000,4058.000,4065.000,597792,467118,4067.000
2014-05-28,4071.000,4073.000,4053.000,4066.000,435606,475306,4063.000
2014-05-29,4024.000,4049.000,4023.000,4037.000,511598,485372,4034.000
2014-05-30,4024.000,4057.000,4023.000,4055.000,837394,454228,4037.000
2014-06-03,4029.000,4031.000,4019.000,4027.000,364720,477106,4025.000
2014-06-04,4039.000,4049.000,4035.000,4039.000,348072,481812,4043.000
2014-06-05,4072.000,4074.000,4055.000,4067.000,466826,491942,4062.000
2014-06-06,4066.000,4073.000,4031.000,4053.000,578384,466126,4049.000
2014-06-09,4063.000,4064.000,4050.000,4051.000,204534,456524,4055.000
2014-06-10,4063.000,4064.000,4046.000,4053.000,384502,438010,4054.000
2014-06-11,4058.000,4080.000,4056.000,4074.000,459270,431786,4067.000
2014-06-12,4077.000,4077.000,4049.000,4058.000,423912,423590,4063.000
2014-06-13,4062.000,4130.000,4058.000,4121.000,1013246,428314,4090.000
2014-06-16,4114.000,4182.000,4104.000,4156.000,929098,454052,4138.000
2014-06-17,4150.000,4151.000,4106.000,4118.000,859212,425020,4131.000
2014-06-18,4114.000,4144.000,4110.000,4125.000,701454,429202,4129.000
2014-06-19,4125.000,4175.000,4123.000,4164.000,908184,452550,4147.000
2014-06-20,4192.000,4368.000,4188.000,4335.000,3435902,550344,4280.000
2014-06-23,4338.000,4392.000,4328.000,4357.000,2187908,559734,4362.000
2014-06-24,4373.000,4373.000,4335.000,4360.000,1345170,565638,4352.000
2014-06-25,4379.000,4390.000,4306.000,4339.000,1907538,532808,4357.000
2014-06-26,4348.000,4378.000,4328.000,4335.000,1363994,495556,4349.000
2014-06-27,4343.000,4384.000,4333.000,4346.000,1384210,509330,4350.000
2014-06-30,4350.000,4366.000,4302.000,4319.000,1051206,482794,4340.000
2014-07-01,4315.000,4368.000,4307.000,4332.000,1168864,462684,4334.000
2014-07-02,4338.000,4360.000,4321.000,4342.000,1038612,452686,4342.000
2014-07-03,4342.000,4369.000,4315.000,4328.000,1266292,448024,4347.000
2014-07-04,4335.000,4358.000,4327.000,4353.000,1045254,471534,4339.000
2014-07-07,4347.000,4356.000,4260.000,4286.000,860316,429458,4313.000
2014-07-08,4296.000,4315.000,4277.000,4310.000,755290,421442,4294.000
2014-07-09,4318.000,4334.000,4292.000,4323.000,1055534,426574,4313.000
2014-07-10,4331.000,4360.000,4298.000,4334.000,1112624,447660,4327.000
2014-07-11,4374.000,4425.000,4370.000,4421.000,1360226,492204,4404.000
2014-07-14,4413.000,4420.000,4347.000,4353.000,965344,450420,4391.000
2014-07-15,4340.000,4340.000,4307.000,4327.000,864812,424392,4321.000
2014-07-16,4327.000,4345.000,4282.000,4298.000,1208670,438250,4309.000
2014-07-17,4305.000,4322.000,4291.000,4312.000,642114,436108,4306.000
2014-07-18,4311.000,4371.000,4303.000,4337.000,1039886,408420,4339.000
2014-07-21,4315.000,4336.000,4293.000,4335.000,761380,409916,4315.000
2014-07-22,4341.000,4342.000,4315.000,4328.000,674040,424142,4328.000
2014-07-23,4338.000,4360.000,4323.000,4341.000,837118,447776,4338.000
2014-07-24,4345.000,4350.000,4300.000,4321.000,711982,453200,4325.000
2014-07-25,4325.000,4327.000,4251.000,4270.000,1405948,471708,4277.000
2014-07-28,4277.000,4330.000,4258.000,4296.000,905170,445724,4285.000
2014-07-29,4299.000,4301.000,4281.000,4292.000,585510,452170,4290.000
2014-07-30,4311.000,4313.000,4270.000,4289.000,736204,451678,4288.000
2014-07-31,4289.000,4309.000,4274.000,4307.000,649986,459330,4286.000
2014-08-01,4295.000,4296.000,4265.000,4275.000,773312,448362,4280.000
2014-08-04,4290.000,4313.000,4276.000,4289.000,745478,452688,4294.000
2014-08-05,4288.000,4295.000,4243.000,4274.000,714512,487568,4272.000
2014-08-06,4258.000,4258.000,4205.000,4212.000,1182886,528878,4222.000
2014-08-07,4230.000,4255.000,4227.000,4237.000,781926,518338,4240.000
2014-08-08,4230.000,4261.000,4218.000,4253.000,793116,542052,4233.000
2014-08-11,4233.000,4243.000,4221.000,4229.000,586666,525458,4231.000
2014-08-12,4240.000,4245.000,4231.000,4238.000,412464,516208,4236.000
2014-08-13,4248.000,4250.000,4215.000,4237.000,506238,517884,4237.000
2014-08-14,4238.000,4241.000,4194.000,4215.000,685780,520478,4216.000
2014-08-15,4213.000,4227.000,4206.000,4216.000,453006,520626,4216.000
2014-08-18,4154.000,4187.000,4113.000,4133.000,1198662,456528,4154.000
2014-08-19,4139.000,4142.000,4122.000,4122.000,373316,455378,4133.000
2014-08-20,4119.000,4120.000,4075.000,4108.000,795890,443216,4094.000
2014-08-21,4108.000,4135.000,4084.000,4098.000,758432,455874,4114.000
2014-08-22,4094.000,4134.000,4091.000,4122.000,508332,457348,4110.000
2014-08-25,4110.000,4129.000,4103.000,4114.000,556536,467402,4114.000
2014-08-26,4114.000,4149.000,4102.000,4146.000,474272,470556,4122.000
2014-08-27,4155.000,4158.000,4116.000,4132.000,537758,469522,4136.000
2014-08-28,4135.000,4175.000,4111.000,4169.000,666712,520354,4140.000
2014-08-29,4179.000,4179.000,4148.000,4162.000,608892,515016,4161.000
2014-09-01,4159.000,4174.000,4140.000,4152.000,446122,506372,4158.000
2014-09-02,4140.000,4155.000,4119.000,4123.000,366706,504412,4143.000
2014-09-03,4102.000,4116.000,4094.000,4111.000,602166,512322,4105.000
2014-09-04,4103.000,4119.000,4102.000,4108.000,291490,518630,4109.000
2014-09-05,4111.000,4142.000,4089.000,4105.000,619874,513006,4115.000
2014-09-09,4100.000,4108.000,4082.000,4092.000,189744,516016,4095.000
2014-09-10,4090.000,4124.000,4069.000,4114.000,621716,530836,4092.000
2014-09-11,4103.000,4115.000,4088.000,4098.000,491756,530324,4100.000
2014-09-12,4078.000,4087.000,4018.000,4057.000,1003966,574972,4056.000
2014-09-15,4046.000,4062.000,4025.000,4058.000,581616,557522,4041.000
2014-09-16,4051.000,4096.000,4044.000,4066.000,550474,534146,4063.000
2014-09-17,4065.000,4089.000,4062.000,4081.000,540762,528930,4074.000
2014-09-18,4075.000,4102.000,4039.000,4045.000,514266,530176,4063.000
2014-09-19,4028.000,4088.000,4022.000,4053.000,826186,529512,4054.000
2014-09-22,4057.000,4063.000,3810.000,3810.000,2427488,657136,3929.000
2014-09-23,3817.000,3835.000,3762.000,3777.000,1902036,636940,3794.000
2014-09-24,3799.000,3832.000,3782.000,3808.000,957134,617838,3802.000
2014-09-25,3785.000,3807.000,3725.000,3751.000,1781956,642024,3768.000
2014-09-26,3750.000,3856.000,3724.000,3822.000,1582578,588982,3779.000
2014-09-29,3792.000,3847.000,3780.000,3816.000,903886,550866,3811.000
2014-09-30,3820.000,3853.000,3814.000,3829.000,537308,530598,3831.000
2014-10-08,3800.000,3989.000,3800.000,3855.000,100,360,3872.000
2014-10-09,3803.000,3850.000,3780.000,3836.000,1040930,547246,3806.000
2014-10-10,3832.000,3893.000,3813.000,3822.000,1334068,585140,3841.000
2014-10-13,3827.000,3876.000,3805.000,3858.000,1121592,535076,3836.000
2014-10-14,3838.000,3860.000,3828.000,3845.000,667994,535870,3839.000
2014-10-15,3852.000,3860.000,3793.000,3795.000,947016,585078,3828.000
2014-10-16,3828.000,3888.000,3821.000,3832.000,1609622,545682,3847.000
2014-10-17,3820.000,3842.000,3792.000,3824.000,1147472,523572,3822.000
2014-10-20,3817.000,3834.000,3805.000,3832.000,794282,527100,3817.000
2014-10-21,3836.000,3847.000,3825.000,3840.000,716048,519968,3835.000
2014-10-22,3860.000,3866.000,3832.000,3843.000,760392,495230,3852.000
2014-10-23,3805.000,3818.000,3787.000,3799.000,930950,532458,3806.000
2014-10-24,3801.000,3810.000,3783.000,3809.000,743580,530808,3793.000
2014-10-27,3807.000,3815.000,3786.000,3789.000,683730,529962,3800.000
2014-10-28,3793.000,3809.000,3776.000,3791.000,686952,495880,3789.000
2014-10-29,3813.000,3822.000,3791.000,3807.000,588402,483832,3806.000
2014-10-30,3791.000,3815.000,3708.000,3720.000,1240642,521242,3773.000
2014-10-31,3670.000,3690.000,3584.000,3584.000,2100408,502700,3641.000
2014-11-03,3510.000,3515.000,3433.000,3463.000,1936994,420604,3483.000
2014-11-04,3480.000,3494.000,3449.000,3465.000,887822,396322,3472.000
2014-11-05,3458.000,3470.000,3325.000,3335.000,1229546,392638,3409.000
2014-11-06,3218.000,3279.000,3203.000,3241.000,1051414,493670,3241.000
2014-11-07,3225.000,3258.000,3155.000,3240.000,1395618,520886,3217.000
2014-11-10,3244.000,3362.000,3236.000,3324.000,2389448,480704,3303.000
2014-11-11,3301.000,3332.000,3290.000,3305.000,1633212,481990,3312.000
2014-11-12,3305.000,3357.000,3305.000,3344.000,1184294,483880,3332.000
2014-11-13,3325.000,3350.000,3305.000,3325.000,1258154,498082,3334.000
2014-11-14,3335.000,3354.000,3222.000,3243.000,1998724,583190,3292.000
2014-11-17,3248.000,3456.000,3225.000,3440.000,4392426,503792,3346.000
2014-11-18,3423.000,3455.000,3397.000,3427.000,2361452,463806,3425.000
2014-11-19,3435.000,3446.000,3406.000,3429.000,1719892,464156,3428.000
2014-11-20,3426.000,3487.000,3353.000,3405.000,3399466,472478,3414.000
2014-11-21,3417.000,3432.000,3395.000,3429.000,1808744,467720,3415.000
2014-11-24,3453.000,3503.000,3437.000,3452.000,2460648,473366,3468.000
2014-11-25,3443.000,3473.000,3437.000,3472.000,1145936,475330,3454.000
2014-11-26,3477.000,3483.000,3436.000,3462.000,1897038,488388,3457.000
2014-11-27,3454.000,3462.000,3392.000,3436.000,1647784,508550,3434.000
2014-11-28,3429.000,3430.000,3364.000,3375.000,1301338,539264,3399.000
2014-12-01,3370.000,3384.000,3229.000,3229.000,2265360,552768,3314.000
2014-12-02,3285.000,3548.000,3283.000,3455.000,5362976,454988,3411.000
2014-12-03,3415.000,3496.000,3408.000,3462.000,4649196,453642,3463.000
2014-12-04,3465.000,3497.000,3449.000,3481.000,2372274,446454,3477.000
2014-12-05,3477.000,3538.000,3450.000,3501.000,3211152,452482,3505.000
2014-12-08,3500.000,3529.000,3435.000,3464.000,3172562,454902,3476.000
2014-12-09,3466.000,3505.000,3442.000,3502.000,1853536,452172,3465.000
2014-12-10,3536.000,3638.000,3534.000,3638.000,3439846,486156,3599.000
2014-12-11,3645.000,3720.000,3621.000,3636.000,4166320,479582,3664.000
2014-12-12,3645.000,3683.000,3628.000,3655.000,2379500,495860,3651.000
2014-12-15,3678.000,3689.000,3593.000,3648.000,2068550,484868,3652.000
2014-12-16,3620.000,3632.000,3472.000,3492.000,2285282,457852,3566.000
2014-12-17,3568.000,3577.000,3389.000,3442.000,4471222,432610,3463.000
2014-12-18,3440.000,3502.000,3371.000,3474.000,3447224,397960,3433.000
2014-12-19,3475.000,3514.000,3455.000,3472.000,1990538,422278,3482.000
2014-12-22,3466.000,3496.000,3458.000,3493.000,1675818,439470,3479.000
2014-12-23,3492.000,3492.000,3393.000,3414.000,2183162,455900,3433.000
2014-12-24,3397.000,3474.000,3366.000,3429.000,1978900,440064,3414.000
2014-12-25,3423.000,3428.000,3401.000,3414.000,935536,436764,3413.000
2014-12-26,3416.000,3464.000,3413.000,3450.000,680196,423450,3441.000
2014-12-29,3491.000,3497.000,3449.000,3475.000,1280768,405588,3468.000
2014-12-30,3462.000,3492.000,3428.000,3456.000,1554396,411038,3452.000
2014-12-31,3451.000,3580.000,3447.000,3522.000,2393764,392680,3524.000
2015-01-05,3498.000,3516.000,3478.000,3507.000,513798,410420,3500.000
2015-01-06,3490.000,3566.000,3462.000,3554.000,2199972,450158,3517.000
2015-01-07,3544.000,3596.000,3530.000,3554.000,1865876,401974,3556.000
2015-01-08,3540.000,3578.000,3537.000,3548.000,1434122,412464,3558.000
2015-01-09,3568.000,3586.000,3544.000,3555.000,1415890,400170,3562.000
2015-01-12,3545.000,3609.000,3520.000,3601.000,2522336,407230,3577.000
2015-01-13,3577.000,3645.000,3571.000,3616.000,1816952,396296,3608.000
2015-01-14,3635.000,3664.000,3570.000,3608.000,2630104,381950,3627.000
2015-01-15,3592.000,3642.000,3556.000,3573.000,2546564,405240,3604.000
2015-01-16,3635.000,3660.000,3613.000,3642.000,2161856,387826,3635.000
2015-01-19,3638.000,3783.000,3633.000,3767.000,3544420,472114,3725.000
2015-01-20,3770.000,3800.000,3745.000,3770.000,1461346,479754,3770.000
2015-01-21,3822.000,3919.000,3787.000,3890.000,2675070,506162,3836.000
2015-01-22,3887.000,3934.000,3798.000,3819.000,3079184,517020,3865.000
2015-01-23,3843.000,3886.000,3822.000,3859.000,2627510,502324,3859.000
2015-01-26,3865.000,3887.000,3814.000,3849.000,1834432,515488,3849.000
2015-01-27,3836.000,3841.000,3763.000,3815.000,1982320,522960,3803.000
2015-01-28,3815.000,3837.000,3793.000,3806.000,1463626,513360,3812.000
2015-01-29,3817.000,3820.000,3750.000,3766.000,1446720,511160,3792.000
2015-01-30,3713.000,3721.000,3564.000,3573.000,2849430,491344,3633.000
2015-02-02,3593.000,3671.000,3551.000,3632.000,2755340,459730,3618.000
2015-02-03,3620.000,3681.000,3603.000,3669.000,1905866,441120,3638.000
2015-02-04,3668.000,3675.000,3612.000,3645.000,2230030,456476,3645.000
2015-02-05,3654.000,3710.000,3649.000,3675.000,2235044,430468,3680.000
2015-02-06,3655.000,3677.000,3628.000,3673.000,1745320,415498,3652.000
2015-02-09,3675.000,3687.000,3566.000,3595.000,2979798,438030,3606.000
2015-02-10,3606.000,3630.000,3593.000,3618.000,1248764,419950,3613.000
2015-02-11,3607.000,3638.000,3590.000,3618.000,1462208,388998,3613.000
2015-02-12,3615.000,3621.000,3557.000,3585.000,1601470,388184,3593.000
2015-02-13,3599.000,3649.000,3582.000,3631.000,1544114,361214,3606.000
2015-02-16,3623.000,3700.000,3620.000,3686.000,1663548,326706,3674.000
2015-02-17,3676.000,3695.000,3655.000,3672.000,590260,311484,3676.000
2015-02-25,3553.000,3630.000,3535.000,3535.000,170,766,3545.000
2015-02-26,3588.000,3612.000,3578.000,3601.000,795474,339218,3592.000
2015-02-27,3617.000,3628.000,3590.000,3606.000,956158,373818,3608.000
2015-03-02,3592.000,3647.000,3580.000,3631.000,1381658,383840,3616.000
2015-03-03,3624.000,3633.000,3488.000,3586.000,2033996,386932,3577.000
2015-03-04,3591.000,3608.000,3548.000,3558.000,1798608,416432,3573.000
2015-03-05,3560.000,3569.000,3516.000,3539.000,1485834,418416,3543.000
2015-03-06,3535.000,3560.000,3513.000,3532.000,1089368,413392,3539.000
2015-03-09,3524.000,3531.000,3434.000,3470.000,2174538,473530,3472.000
2015-03-10,3462.000,3468.000,3422.000,3424.000,1283922,493624,3449.000
2015-03-11,3443.000,3461.000,3433.000,3450.000,1099402,498282,3446.000
2015-03-12,3433.000,3460.000,3375.000,3453.000,2324538,563910,3407.000
2015-03-13,3439.000,3470.000,3425.000,3442.000,1316696,563064,3444.000
2015-03-16,3448.000,3479.000,3417.000,3469.000,1360990,580236,3442.000
2015-03-17,3455.000,3472.000,3428.000,3443.000,1220700,586844,3451.000
2015-03-18,3428.000,3458.000,3398.000,3420.000,1741986,593452,3431.000
2015-03-19,3502.000,3537.000,3502.000,3502.000,1783026,573254,3467.000
2015-03-20,3492.000,3535.000,3491.000,3516.000,1391082,556166,3514.000
2015-03-23,3525.000,3655.000,3523.000,3624.000,2510520,577466,3610.000
2015-03-24,3649.000,3699.000,3646.000,3670.000,1815344,542542,3673.000
2015-03-25,3681.000,3692.000,3634.000,3652.000,1427656,521234,3661.000
2015-03-26,3690.000,3710.000,3651.000,3692.000,1511626,526078,3676.000
2015-03-27,3680.000,3686.000,3646.000,3667.000,1225598,480856,3671.000
2015-03-30,3669.000,3676.000,3612.000,3615.000,1551364,494348,3637.000
2015-03-31,3605.000,3615.000,3548.000,3556.000,1392912,487696,3588.000
2015-04-01,3580.000,3596.000,3543.000,3565.000,1166888,483224,3573.000
2015-04-02,3580.000,3630.000,3575.000,3619.000,1493140,448852,3604.000
2015-04-03,3592.000,3607.000,3563.000,3595.000,1151628,412946,3584.000
2015-04-07,3596.000,3630.000,3591.000,3613.000,336968,416596,3618.000
2015-04-08,3611.000,3624.000,3598.000,3616.000,677522,419448,3613.000
2015-04-09,3606.000,3616.000,3489.000,3504.000,1520726,463038,3558.000
2015-04-10,3496.000,3515.000,3470.000,3498.000,1064078,462546,3488.000
2015-04-13,3526.000,3565.000,3516.000,3536.000,1179612,466320,3540.000
2015-04-14,3533.000,3542.000,3479.000,3501.000,1048738,476672,3514.000
2015-04-15,3485.000,3536.000,3483.000,3510.000,1106310,465072,3515.000
2015-04-16,3508.000,3562.000,3503.000,3551.000,998014,448234,3531.000
2015-04-17,3560.000,3570.000,3510.000,3523.000,1217854,476076,3531.000
2015-04-20,3520.000,3555.000,3517.000,3553.000,814654,460514,3530.000
2015-04-21,3506.000,3513.000,3460.000,3486.000,1204686,488146,3484.000
2015-04-22,3493.000,3518.000,3481.000,3506.000,876500,482784,3497.000
2015-04-23,3497.000,3498.000,3443.000,3452.000,1418428,489886,3463.000
2015-04-24,3458.000,3488.000,3451.000,3475.000,1024546,450406,3469.000
2015-04-27,3465.000,3484.000,3427.000,3472.000,1321720,428316,3456.000
2015-04-28,3482.000,3609.000,3480.000,3598.000,2171488,444146,3566.000
2015-04-29,3626.000,3654.000,3583.000,3599.000,1607256,381880,3621.000
2015-04-30,3617.000,3648.000,3591.000,3599.000,1471756,346510,3620.000
2015-05-04,3540.000,3577.000,3515.000,3564.000,455382,324062,3548.000
2015-05-05,3580.000,3655.000,3566.000,3580.000,928228,321812,3602.000
2015-05-06,3617.000,3626.000,3590.000,3597.000,872114,286582,3606.000
2015-05-07,3670.000,3674.000,3609.000,3615.000,360026,352860,3643.000
2015-05-08,3593.000,3639.000,3583.000,3627.000,314788,370332,3614.000
2015-05-11,3633.000,3660.000,3609.000,3630.000,429510,375486,3634.000
2015-05-12,3635.000,3657.000,3573.000,3604.000,564326,377052,3615.000
2015-05-13,3635.000,3683.000,3612.000,3680.000,808636,456018,3641.000
2015-05-14,3788.000,3790.000,3722.000,3768.000,1579674,530332,3754.000
2015-05-15,3780.000,3808.000,3755.000,3784.000,1363988,477284,3782.000
2015-05-18,3781.000,3867.000,3770.000,3852.000,1328736,546596,3810.000
2015-05-19,3852.000,3859.000,3782.000,3802.000,1219326,481676,3825.000
2015-05-20,3770.000,3775.000,3644.000,3687.000,1786804,363076,3704.000
2015-05-21,3695.000,3734.000,3690.000,3716.000,1035726,356510,3713.000
2015-05-22,3691.000,3737.000,3683.000,3721.000,906614,377088,3713.000
2015-05-25,3705.000,3717.000,3670.000,3704.000,857864,374590,3696.000
2015-05-26,3700.000,3745.000,3654.000,3657.000,960868,411440,3704.000
2015-05-27,3634.000,3684.000,3625.000,3665.000,905320,409152,3659.000
2015-05-28,3643.000,3674.000,3633.000,3657.000,816096,420546,3656.000
2015-05-29,3661.000,3665.000,3621.000,3655.000,906320,418478,3648.000
2015-06-01,3660.000,3675.000,3641.000,3647.000,746350,429702,3659.000
2015-06-02,3654.000,3732.000,3648.000,3664.000,1595452,434062,3690.000
2015-06-03,3654.000,3695.000,3654.000,3668.000,898340,440310,3678.000
2015-06-04,3648.000,3664.000,3608.000,3619.000,1052946,463276,3640.000
2015-06-05,3605.000,3615.000,3560.000,3564.000,1178526,513888,3584.000
2015-06-08,3550.000,3582.000,3537.000,3572.000,1141656,551358,3560.000
2015-06-09,3564.000,3577.000,3550.000,3566.000,713624,585978,3564.000
2015-06-10,3572.000,3585.000,3553.000,3574.000,733544,616680,3569.000
2015-06-11,3595.000,3596.000,3556.000,3558.000,682574,634448,3574.000
2015-06-12,3569.000,3575.000,3520.000,3562.000,954912,624804,3556.000
2015-06-15,3540.000,3561.000,3532.000,3554.000,732592,629868,3549.000
2015-06-16,3548.000,3591.000,3545.000,3577.000,938338,618256,3568.000
2015-06-17,3567.000,3571.000,3526.000,3543.000,796382,625158,3549.000
2015-06-18,3550.000,3602.000,3537.000,3586.000,1195098,604526,3565.000
2015-06-19,3620.000,3630.000,3565.000,3573.000,1170000,569242,3598.000
2015-06-23,3529.000,3529.000,3473.000,3485.000,320,1778,3484.000
2015-06-24,3530.000,3540.000,3470.000,3505.000,1156272,640602,3502.000
2015-06-25,3501.000,3513.000,3485.000,3494.000,764046,627222,3501.000
2015-06-26,3490.000,3502.000,3451.000,3456.000,716220,645746,3485.000
2015-06-29,3465.000,3511.000,3438.000,3480.000,858156,602846,3472.000
2015-06-30,3489.000,3495.000,3393.000,3446.000,1020996,611362,3446.000
2015-07-01,3436.000,3491.000,3408.000,3437.000,1202886,622706,3444.000
2015-07-02,3438.000,3466.000,3417.000,3429.000,766544,628262,3436.000
2015-07-03,3456.000,3479.000,3439.000,3464.000,799520,607458,3455.000
2015-07-06,3473.000,3474.000,3423.000,3439.000,594826,607654,3448.000
2015-07-07,3439.000,3482.000,3415.000,3439.000,756348,589178,3443.000
2015-07-08,3416.000,3418.000,3236.000,3236.000,1890404,587930,3284.000
2015-07-09,3222.000,3428.000,3200.000,3381.000,1837522,429516,3313.000
2015-07-10,3390.000,3418.000,3363.000,3385.000,1114704,435878,3387.000
2015-07-13,3387.000,3425.000,3364.000,3384.000,951406,439522,3393.000
2015-07-14,3375.000,3383.000,3264.000,3348.000,1126164,474902,3355.000
2015-07-15,3355.000,3378.000,3339.000,3350.000,609924,469360,3358.000
2015-07-16,3330.000,3330.000,3274.000,3299.000,1076814,517138,3296.000
2015-07-17,3260.000,3330.000,3248.000,3282.000,834966,514584,3287.000
2015-07-20,3250.000,3274.000,3182.000,3259.000,1450470,551644,3236.000
2015-07-21,3238.000,3308.000,3225.000,3255.000,1513836,551180,3263.000
2015-07-22,3260.000,3290.000,3216.000,3241.000,1096848,564870,3259.000
2015-07-23,3235.000,3269.000,3227.000,3256.000,1013276,580014,3250.000
2015-07-24,3255.000,3267.000,3188.000,3219.000,1186810,598618,3231.000
2015-07-27,3200.000,3243.000,3150.000,3239.000,1497536,606118,3209.000
2015-07-28,3221.000,3241.000,3203.000,3221.000,1012566,593490,3223.000
2015-07-29,3221.000,3250.000,3218.000,3235.000,709150,585096,3233.000
2015-07-30,3233.000,3279.000,3215.000,3223.000,1242198,582506,3247.000
2015-07-31,3231.000,3255.000,3217.000,3219.000,864652,583400,3238.000
2015-08-03,3239.000,3285.000,3229.000,3246.000,1047254,569222,3253.000
2015-08-04,3234.000,3242.000,3168.000,3208.000,1031718,641942,3208.000
2015-08-05,3218.000,3222.000,3191.000,3199.000,629832,647668,3206.000
2015-08-06,3215.000,3226.000,3191.000,3208.000,656680,630576,3208.000
2015-08-07,3200.000,3247.000,3198.000,3242.000,751408,602422,3218.000
2015-08-10,3218.000,3274.000,3212.000,3263.000,1336552,592580,3250.000
2015-08-11,3258.000,3389.000,3257.000,3361.000,2547806,629066,3334.000
2015-08-12,3378.000,3534.000,3359.000,3526.000,2777698,635964,3431.000
2015-08-13,3556.000,3563.000,3485.000,3513.000,2347042,535850,3523.000
2015-08-14,3493.000,3513.000,3481.000,3501.000,1231488,537492,3497.000
2015-08-17,3505.000,3535.000,3430.000,3460.000,2054958,504198,3470.000
2015-08-18,3465.000,3476.000,3443.000,3448.000,923578,488284,3459.000
2015-08-19,3420.000,3424.000,3365.000,3419.000,1519740,506528,3392.000
2015-08-20,3414.000,3505.000,3411.000,3485.000,1710848,513308,3462.000
2015-08-21,3502.000,3544.000,3489.000,3499.000,1887490,513666,3513.000
2015-08-24,3490.000,3506.000,3414.000,3427.000,2584172,483962,3459.000
2015-08-25,3355.000,3444.000,3345.000,3367.000,2473734,465660,3402.000
2015-08-26,3399.000,3412.000,3316.000,3318.000,1849336,474912,3366.000
2015-08-27,3275.000,3293.000,3236.000,3280.000,1569900,453642,3264.000
2015-08-28,3260.000,3366.000,3255.000,3339.000,1953862,420528,3321.000
2015-08-31,3326.000,3369.000,3307.000,3332.000,1509230,410518,3338.000
2015-09-01,3321.000,3360.000,3301.000,3333.000,1042540,409418,3328.000
2015-09-02,3332.000,3363.000,3316.000,3324.000,1053868,395636,3334.000
2015-09-03,3332.000,3363.000,3316.000,3334.000,1053800,395636,3334.000
2015-09-07,3290.000,3290.000,3280.000,3280.000,480,1784,3289.000
2015-09-08,3315.000,3326.000,3295.000,3323.000,790686,413168,3309.000
2015-09-09,3345.000,3395.000,3327.000,3332.000,1826396,373444,3360.000
2015-09-10,3333.000,3339.000,3305.000,3333.000,1121444,373722,3323.000
2015-09-11,3338.000,3358.000,3321.000,3328.000,1069886,389784,3337.000
2015-09-14,3315.000,3329.000,3271.000,3302.000,1431436,408486,3299.000
2015-09-15,3291.000,3305.000,3284.000,3287.000,741524,429864,3294.000
2015-09-16,3294.000,3315.000,3274.000,3307.000,812624,411664,3290.000
2015-09-17,3348.000,3381.000,3337.000,3366.000,1438078,392582,3360.000
2015-09-18,3364.000,3448.000,3355.000,3394.000,1679856,399066,3393.000
2015-09-21,3450.000,3453.000,3390.000,3419.000,1103882,398304,3413.000
2015-09-22,3408.000,3426.000,3402.000,3407.000,436048,403180,3411.000
2015-09-23,3350.000,3373.000,3340.000,3357.000,633094,376520,3357.000
2015-09-24,3362.000,3381.000,3350.000,3368.000,401002,386150,3366.000
2015-09-25,3360.000,3417.000,3357.000,3391.000,787468,400568,3395.000
2015-09-28,3390.000,3400.000,3352.000,3354.000,217100,391014,3375.000
2015-09-29,3324.000,3327.000,3273.000,3286.000,641526,384110,3305.000
2015-09-30,3305.000,3316.000,3290.000,3292.000,365528,351852,3303.000
2015-10-08,3525.000,3525.000,3433.000,3433.000,244,1660,3463.000
2015-10-09,3430.000,3485.000,3429.000,3469.000,733804,379184,3458.000
2015-10-12,3493.000,3496.000,3451.000,3489.000,705888,400162,3470.000
2015-10-13,3486.000,3501.000,3432.000,3448.000,621122,396600,3463.000
2015-10-14,3457.000,3494.000,3450.000,3478.000,667046,428026,3474.000
2015-10-15,3479.000,3508.000,3474.000,3477.000,720162,437984,3490.000
2015-10-16,3468.000,3483.000,3449.000,3449.000,622714,439894,3466.000
2015-10-19,3460.000,3475.000,3428.000,3435.000,546388,430384,3450.000
2015-10-20,3440.000,3460.000,3414.000,3440.000,512586,427788,3429.000
2015-10-21,3439.000,3454.000,3414.000,3418.000,595040,433688,3435.000
2015-10-22,3424.000,3435.000,3402.000,3433.000,577678,419752,3414.000
2015-10-23,3424.000,3469.000,3416.000,3468.000,713716,443824,3435.000
2015-10-26,3468.000,3468.000,3420.000,3435.000,573794,415254,3434.000
2015-10-27,3438.000,3447.000,3424.000,3438.000,397592,417466,3436.000
2015-10-28,3428.000,3462.000,3423.000,3453.000,522540,419594,3444.000
2015-10-29,3467.000,3515.000,3432.000,3437.000,1311832,389144,3479.000
2015-10-30,3425.000,3435.000,3396.000,3406.000,767574,358634,3413.000
2015-11-02,3388.000,3404.000,3383.000,3390.000,388510,340924,3392.000
2015-11-03,3387.000,3392.000,3368.000,3385.000,328622,330308,3381.000
2015-11-04,3377.000,3382.000,3353.000,3364.000,384406,318538,3366.000
2015-11-05,3367.000,3377.000,3313.000,3318.000,491200,326166,3345.000
2015-11-06,3315.000,3329.000,3300.000,3323.000,409690,308918,3314.000
2015-11-09,3325.000,3332.000,3262.000,3288.000,654342,294692,3289.000
2015-11-10,3289.000,3289.000,3241.000,3258.000,436342,282128,3264.000
2015-11-11,3252.000,3271.000,3231.000,3262.000,416942,273100,3249.000
2015-11-12,3259.000,3259.000,3234.000,3255.000,269162,271644,3249.000
2015-11-13,3244.000,3275.000,3226.000,3250.000,565376,260014,3249.000
2015-11-16,3248.000,3284.000,3243.000,3278.000,447840,245634,3263.000
2015-11-17,3338.000,3340.000,3262.000,3280.000,229662,293226,3297.000
2015-11-18,3281.000,3305.000,3263.000,3286.000,195064,305198,3279.000
2015-11-19,3278.000,3294.000,3251.000,3288.000,257330,323960,3275.000
2015-11-20,3273.000,3311.000,3260.000,3296.000,328086,343262,3292.000
2015-11-23,3300.000,3309.000,3170.000,3220.000,760626,436044,3242.000
2015-11-24,3209.000,3237.000,3184.000,3223.000,679588,428796,3212.000
2015-11-25,3231.000,3273.000,3218.000,3248.000,722136,426808,3247.000
2015-11-26,3234.000,3288.000,3216.000,3258.000,737932,434288,3248.000
2015-11-27,3267.000,3280.000,3218.000,3229.000,618388,476180,3252.000
2015-11-30,3234.000,3239.000,3185.000,3202.000,741960,484564,3212.000
2015-12-01,3218.000,3248.000,3209.000,3241.000,545874,464372,3230.000
2015-12-02,3240.000,3253.000,3226.000,3236.000,434892,463584,3240.000
2015-12-03,3231.000,3233.000,3178.000,3206.000,652470,494568,3209.000
2015-12-04,3220.000,3401.000,3213.000,3235.000,692076,471846,3237.000
2015-12-07,3240.000,3332.000,3224.000,3320.000,1466624,463290,3287.000
2015-12-08,3317.000,3324.000,3262.000,3281.000,645200,454498,3292.000
2015-12-09,3261.000,3287.000,3252.000,3278.000,513700,454328,3271.000
2015-12-10,3289.000,3309.000,3265.000,3274.000,617060,456638,3288.000
2015-12-11,3273.000,3281.000,3246.000,3279.000,435214,454768,3267.000
2015-12-14,3246.000,3279.000,3242.000,3260.000,732324,478922,3263.000
2015-12-15,3236.000,3273.000,3235.000,3241.000,616174,506756,3254.000
2015-12-16,3245.000,3259.000,3237.000,3252.000,349370,492150,3249.000
2015-12-17,3257.000,3307.000,3254.000,3269.000,805940,471474,3279.000
2015-12-18,3273.000,3282.000,3222.000,3254.000,728054,524484,3250.000
2015-12-21,3258.000,3309.000,3248.000,3308.000,791942,495976,3281.000
2015-12-22,3295.000,3328.000,3290.000,3314.000,650614,494540,3313.000
2015-12-23,3316.000,3337.000,3301.000,3305.000,497198,488088,3317.000
2015-12-24,3307.000,3324.000,3301.000,3319.000,367008,494820,3313.000
2015-12-25,3315.000,3330.000,3314.000,3329.000,216172,489824,3322.000
2015-12-28,3329.000,3343.000,3300.000,3304.000,315352,470814,3317.000
2015-12-29,3294.000,3315.000,3283.000,3313.000,375754,484840,3299.000
2015-12-30,3309.000,3322.000,3301.000,3309.000,425540,499074,3311.000
2015-12-31,3296.000,3305.000,3287.000,3290.000,385684,502858,3294.000
2016-01-04,3302.000,3312.000,3250.000,3305.000,310492,498550,3293.000
2016-01-05,3303.000,3330.000,3294.000,3313.000,574222,480342,3313.000
2016-01-06,3315.000,3321.000,3296.000,3314.000,409052,499704,3307.000
2016-01-07,3320.000,3385.000,3308.000,3357.000,976372,528526,3340.000
2016-01-08,3360.000,3390.000,3345.000,3356.000,759474,491744,3364.000
2016-01-11,3343.000,3362.000,3322.000,3349.000,566072,491476,3344.000
2016-01-12,3343.000,3350.000,3280.000,3288.000,492728,491574,3315.000
2016-01-13,3283.000,3288.000,3262.000,3274.000,330408,489438,3277.000
2016-01-14,3275.000,3325.000,3270.000,3312.000,643000,477542,3307.000
2016-01-15,3296.000,3309.000,3284.000,3294.000,416502,474618,3295.000
2016-01-18,3296.000,3323.000,3296.000,3301.000,534562,474614,3309.000
2016-01-19,3305.000,3321.000,3299.000,3317.000,295732,488636,3309.000
2016-01-20,3317.000,3334.000,3311.000,3315.000,434388,474574,3320.000
2016-01-21,3338.000,3340.000,3322.000,3331.000,399366,471280,3329.000
2016-01-22,3319.000,3330.000,3301.000,3323.000,458828,481522,3315.000
2016-01-25,3327.000,3354.000,3314.000,3323.000,585878,471768,3331.000
2016-01-26,3331.000,3361.000,3326.000,3360.000,518926,506304,3342.000
2016-01-27,3356.000,3378.000,3346.000,3365.000,544132,498196,3362.000
2016-01-28,3361.000,3374.000,3347.000,3352.000,358048,485058,3361.000
2016-01-29,3347.000,3357.000,3329.000,3333.000,392284,481378,3338.000
2016-02-01,3329.000,3348.000,3322.000,3343.000,333956,482956,3335.000
2016-02-02,3345.000,3356.000,3329.000,3338.000,304078,481826,3342.000
2016-02-03,3337.000,3353.000,3329.000,3341.000,315100,482866,3340.000
2016-02-04,3350.000,3394.000,3335.000,3388.000,737350,497720,3368.000
2016-02-05,3399.000,3422.000,3386.000,3389.000,474598,477858,3403.000
2016-02-15,3480.000,3500.000,3456.000,3470.000,389252,481734,3473.000
2016-02-16,3464.000,3474.000,3442.000,3463.000,356966,497130,3459.000
2016-02-17,3470.000,3473.000,3449.000,3466.000,300972,505446,3462.000
2016-02-18,3465.000,3472.000,3455.000,3455.000,250364,511542,3463.000
2016-02-19,3455.000,3478.000,3452.000,3472.000,288542,527076,3467.000
2016-02-22,3476.000,3484.000,3443.000,3446.000,406224,524986,3464.000
2016-02-23,3425.000,3452.000,3424.000,3444.000,313294,515584,3440.000
2016-02-24,3444.000,3455.000,3438.000,3441.000,273304,533854,3447.000
2016-02-25,3451.000,3478.000,3428.000,3433.000,675372,575844,3453.000
2016-02-26,3430.000,3432.000,3392.000,3408.000,523638,569722,3411.000
2016-02-29,3409.000,3409.000,3304.000,3312.000,776704,559186,3347.000
2016-03-01,3321.000,3355.000,3307.000,3346.000,468556,543062,3334.000
2016-03-02,3353.000,3359.000,3313.000,3330.000,488806,553160,3331.000
2016-03-03,3334.000,3364.000,3328.000,3347.000,486506,564056,3345.000
2016-03-04,3350.000,3434.000,3339.000,3426.000,779882,626064,3382.000
2016-03-07,3425.000,3516.000,3384.000,3481.000,1664662,643948,3465.000
2016-03-08,3497.000,3550.000,3426.000,3450.000,1323092,644694,3489.000
2016-03-09,3459.000,3466.000,3366.000,3396.000,793226,594136,3416.000
2016-03-10,3400.000,3420.000,3380.000,3391.000,579998,602394,3400.000
2016-03-11,3389.000,3475.000,3372.000,3434.000,997188,617576,3432.000
2016-03-14,3429.000,3448.000,3413.000,3433.000,559172,633430,3433.000
2016-03-15,3446.000,3484.000,3383.000,3395.000,874896,617952,3425.000
2016-03-16,3392.000,3406.000,3378.000,3404.000,353844,616076,3393.000
2016-03-17,3396.000,3458.000,3387.000,3438.000,472724,635010,3421.000
2016-03-18,3449.000,3543.000,3443.000,3521.000,1425298,752824,3496.000
2016-03-21,3505.000,3508.000,3457.000,3470.000,741118,689568,3475.000
2016-03-22,3470.000,3520.000,3469.000,3516.000,568930,742450,3491.000
2016-03-23,3510.000,3515.000,3463.000,3469.000,627798,692722,3489.000
2016-03-24,3431.000,3434.000,3405.000,3409.000,685476,607844,3419.000
2016-03-25,3420.000,3425.000,3401.000,3410.000,293002,616024,3413.000
2016-03-28,3404.000,3420.000,3400.000,3406.000,256618,609094,3410.000
2016-03-29,3416.000,3428.000,3390.000,3393.000,349684,607560,3408.000
2016-03-30,3392.000,3433.000,3392.000,3424.000,522622,583444,3413.000
2016-03-31,3415.000,3428.000,3395.000,3406.000,345438,581458,3409.000
2016-04-01,3431.000,3436.000,3410.000,3421.000,392956,577138,3421.000
2016-04-05,3335.000,3378.000,3332.000,3336.000,296,15072,3334.000
2016-04-06,3384.000,3387.000,3367.000,3371.000,217914,566404,3377.000
2016-04-07,3357.000,3387.000,3355.000,3377.000,267182,566728,3373.000
2016-04-08,3394.000,3405.000,3378.000,3380.000,283456,567292,3390.000
2016-04-11,3386.000,3429.000,3381.000,3418.000,408412,587716,3407.000
2016-04-12,3448.000,3471.000,3441.000,3467.000,587910,650158,3455.000
2016-04-13,3489.000,3507.000,3472.000,3483.000,713772,666908,3488.000
2016-04-14,3491.000,3528.000,3465.000,3485.000,703608,678608,3495.000
2016-04-15,3492.000,3506.000,3476.000,3492.000,399568,690528,3488.000
2016-04-18,3488.000,3535.000,3472.000,3484.000,733228,690902,3500.000
2016-04-19,3505.000,3656.000,3490.000,3646.000,949978,790292,3543.000
2016-04-20,3689.000,3755.000,3650.000,3679.000,1648032,712300,3695.000
2016-04-21,3701.000,3849.000,3689.000,3811.000,1587208,705886,3756.000
2016-04-22,3862.000,3877.000,3668.000,3708.000,1490126,577566,3735.000
2016-04-25,3737.000,3768.000,3633.000,3693.000,1237514,559032,3700.000
2016-04-26,3686.000,3710.000,3666.000,3671.000,648582,529962,3689.000
2016-04-27,3677.000,3781.000,3675.000,3774.000,841362,559280,3727.000
2016-04-28,3778.000,3785.000,3710.000,3757.000,916786,515250,3741.000
2016-04-29,3757.000,3873.000,3745.000,3831.000,937576,489332,3812.000
2016-05-03,3810.000,3839.000,3782.000,3827.000,281040,462218,3815.000
2016-05-04,3801.000,3827.000,3739.000,3745.000,521412,419968,3777.000
2016-05-05,3774.000,3778.000,3737.000,3761.000,359362,408474,3759.000
2016-05-06,3793.000,3803.000,3706.000,3730.000,610562,387152,3747.000
2016-05-09,3859.000,3888.000,3821.000,3828.000,459094,433584,3849.000
2016-05-10,3793.000,3795.000,3721.000,3768.000,481554,439960,3756.000
2016-05-11,3756.000,3825.000,3746.000,3806.000,469730,479698,3787.000
2016-05-12,3838.000,3858.000,3810.000,3822.000,525870,488434,3834.000
2016-05-13,3812.000,3850.000,3747.000,3788.000,737412,482282,3792.000
2016-05-16,3756.000,3838.000,3750.000,3834.000,554168,511264,3796.000
2016-05-17,3845.000,3848.000,3796.000,3817.000,432048,503482,3818.000
2016-05-18,3800.000,3842.000,3788.000,3788.000,528952,510900,3816.000
2016-05-19,3786.000,3819.000,3698.000,3700.000,764358,527964,3765.000
2016-05-20,3672.000,3697.000,3651.000,3678.000,559092,547112,3673.000
2016-05-23,3699.000,3712.000,3630.000,3650.000,583802,554350,3670.000
2016-05-24,3648.000,3664.000,3617.000,3622.000,427062,566640,3642.000
2016-05-25,3630.000,3660.000,3612.000,3623.000,469250,564482,3632.000
2016-05-26,3623.000,3674.000,3623.000,3665.000,417958,558236,3646.000
2016-05-27,3672.000,3682.000,3600.000,3630.000,525244,571292,3639.000
2016-05-30,3622.000,3640.000,3546.000,3565.000,556390,580080,3588.000
2016-05-31,3571.000,3605.000,3560.000,3586.000,378000,592934,3583.000
2016-06-01,3579.000,3597.000,3574.000,3590.000,417804,569358,3585.000
2016-06-02,3588.000,3600.000,3561.000,3593.000,484758,538820,3585.000
2016-06-03,3591.000,3605.000,3580.000,3601.000,277354,552946,3589.000
2016-06-06,3660.000,3679.000,3651.000,3667.000,500138,528954,3664.000
2016-06-07,3684.000,3693.000,3658.000,3677.000,319352,525504,3678.000
2016-06-08,3665.000,3718.000,3661.000,3712.000,348458,531502,3690.000
2016-06-13,3834.000,3864.000,3804.000,3847.000,392728,559942,3830.000
2016-06-14,3867.000,3872.000,3831.000,3848.000,417450,580736,3853.000
2016-06-15,3859.000,3878.000,3845.000,3869.000,404858,582470,3860.000
2016-06-16,3871.000,3945.000,3835.000,3935.000,684578,623520,3900.000
2016-06-17,3937.000,3941.000,3810.000,3836.000,804894,611744,3875.000
2016-06-20,3846.000,3866.000,3816.000,3841.000,457478,624986,3842.000
2016-06-21,3843.000,3882.000,3835.000,3850.000,424710,645754,3857.000
2016-06-22,3813.000,3828.000,3780.000,3809.000,458680,620244,3810.000
2016-06-23,3803.000,3827.000,3800.000,3811.000,381220,625016,3815.000
2016-06-24,3810.000,3938.000,3808.000,3901.000,1024378,650062,3868.000
2016-06-27,3935.000,3960.000,3894.000,3925.000,684838,650600,3924.000
2016-06-28,3930.000,3934.000,3882.000,3909.000,393308,657096,3908.000
2016-06-29,3915.000,4065.000,3912.000,4056.000,1067420,789134,3979.000
2016-06-30,4078.000,4085.000,4021.000,4064.000,823344,767918,4052.000
2016-07-01,4070.000,4285.000,4056.000,4230.000,1518798,738136,4169.000
2016-07-04,4233.000,4419.000,4226.000,4419.000,849340,728592,4303.000
2016-07-05,4588.000,4599.000,4315.000,4427.000,1916788,672990,4469.000
2016-07-06,4382.000,4575.000,4338.000,4511.000,2088988,687792,4449.000
2016-07-07,4481.000,4508.000,4416.000,4455.000,1162692,679452,4465.000
2016-07-08,4419.000,4422.000,4320.000,4340.000,1276016,667546,4363.000
2016-07-11,4318.000,4580.000,4301.000,4506.000,1900034,744214,4463.000
2016-07-12,4481.000,4538.000,4459.000,4517.000,1181030,760710,4506.000
2016-07-13,4512.000,4537.000,4397.000,4523.000,1840992,807440,4481.000
2016-07-14,4518.000,4549.000,4459.000,4491.000,1328388,771988,4496.000
2016-07-15,4446.000,4493.000,4430.000,4466.000,884980,758848,4465.000
2016-07-18,4470.000,4472.000,4386.000,4395.000,982928,734200,4429.000
2016-07-19,4389.000,4421.000,4369.000,4392.000,769506,731752,4397.000
2016-07-20,4395.000,4416.000,4356.000,4358.000,693650,753062,4389.000
2016-07-21,4308.000,4319.000,4243.000,4273.000,958284,697594,4286.000
2016-07-22,4278.000,4402.000,4256.000,4333.000,1049482,696560,4336.000
2016-07-25,4336.000,4352.000,4266.000,4297.000,723750,691712,4316.000
2016-07-26,4293.000,4355.000,4266.000,4332.000,796298,694132,4321.000
2016-07-27,4327.000,4351.000,4312.000,4326.000,509950,691762,4332.000
2016-07-28,4340.000,4514.000,4338.000,4499.000,1266174,730820,4430.000
2016-07-29,4492.000,4492.000,4432.000,4442.000,791030,723278,4465.000
2016-08-01,4475.000,4558.000,4446.000,4530.000,1140446,756980,4503.000
2016-08-02,4527.000,4545.000,4492.000,4531.000,682914,766558,4521.000
2016-08-03,4578.000,4588.000,4545.000,4569.000,741214,782944,4565.000
2016-08-04,4549.000,4554.000,4441.000,4451.000,947548,744762,4494.000
2016-08-05,4494.000,4508.000,4469.000,4496.000,636060,736830,4490.000
2016-08-08,4421.000,4421.000,4335.000,4341.000,906608,707786,4374.000
2016-08-09,4368.000,4384.000,4336.000,4342.000,490220,694686,4362.000
2016-08-10,4338.000,4477.000,4327.000,4462.000,805430,717436,4406.000
2016-08-11,4487.000,4498.000,4400.000,4428.000,728440,693398,4445.000
2016-08-12,4439.000,4465.000,4404.000,4418.000,613898,699542,4432.000
2016-08-15,4450.000,4458.000,4352.000,4377.000,804808,676820,4400.000
2016-08-16,4365.000,4433.000,4361.000,4410.000,595176,695148,4395.000
2016-08-17,4390.000,4409.000,4348.000,4357.000,736386,702402,4380.000
2016-08-18,4357.000,4420.000,4304.000,4382.000,817088,693840,4372.000
2016-08-19,4375.000,4393.000,4349.000,4367.000,466792,694094,4372.000
2016-08-22,4306.000,4335.000,4196.000,4204.000,921556,710638,4264.000
2016-08-23,4214.000,4238.000,4204.000,4232.000,434706,700504,4222.000
2016-08-24,4240.000,4245.000,4201.000,4209.000,396934,712760,4219.000
2016-08-25,4200.000,4201.000,4040.000,4144.000,719096,715020,4149.000
2016-08-26,4133.000,4163.000,4126.000,4148.000,391840,711772,4143.000
2016-08-29,4172.000,4239.000,4101.000,4129.000,1264740,683646,4169.000
2016-08-30,4146.000,4196.000,4138.000,4160.000,569632,675058,4166.000
2016-08-31,4166.000,4194.000,4141.000,4164.000,604332,656602,4165.000
2016-09-01,4151.000,4188.000,4151.000,4172.000,427672,655104,4169.000
2016-09-02,4159.000,4240.000,4158.000,4209.000,723306,666286,4200.000
2016-09-05,4286.000,4323.000,4269.000,4317.000,806166,642888,4294.000
2016-09-06,4330.000,4348.000,4317.000,4345.000,379184,655474,4334.000
2016-09-07,4364.000,4458.000,4357.000,4416.000,867724,646836,4409.000
2016-09-08,4432.000,4432.000,4378.000,4412.000,511720,630388,4402.000
2016-09-09,4404.000,4405.000,4341.000,4351.000,603648,619888,4372.000
2016-09-12,4338.000,4348.000,4220.000,4248.000,790160,603798,4285.000
2016-09-13,4240.000,4312.000,4222.000,4280.000,660334,586594,4265.000
2016-09-14,4265.000,4273.000,4210.000,4265.000,627282,592368,4246.000
2016-09-19,4227.000,4308.000,4218.000,4284.000,373100,602938,4269.000
2016-09-20,4300.000,4316.000,4280.000,4302.000,408950,599840,4301.000
2016-09-21,4297.000,4352.000,4271.000,4345.000,664526,643102,4308.000
2016-09-22,4400.000,4430.000,4352.000,4385.000,959772,609332,4397.000
2016-09-23,4421.000,4444.000,4379.000,4394.000,668518,624024,4413.000
2016-09-26,4402.000,4402.000,4319.000,4342.000,591404,599586,4360.000
2016-09-27,4333.000,4365.000,4313.000,4335.000,508916,588286,4339.000
2016-09-28,4315.000,4317.000,4250.000,4258.000,747270,572476,4277.000
2016-09-29,4268.000,4310.000,4232.000,4269.000,534762,546284,4272.000
2016-09-30,4251.000,4293.000,4249.000,4266.000,466044,524172,4270.000
2016-10-10,3952.000,4001.000,3952.000,3981.000,483216,508154,3976.000
2016-10-11,3974.000,4024.000,3967.000,4015.000,568006,540440,3989.000
2016-10-12,3979.000,3999.000,3971.000,3987.000,501496,549134,3983.000
2016-10-13,3975.000,4007.000,3967.000,3992.000,510614,547748,3986.000
2016-10-14,3982.000,3996.000,3972.000,3981.000,380420,547756,3984.000
2016-10-17,3976.000,4005.000,3966.000,3986.000,521934,567816,3984.000
2016-10-18,3987.000,4042.000,3981.000,4033.000,559570,602206,4009.000
2016-10-19,4031.000,4045.000,4013.000,4024.000,424582,563310,4027.000
2016-10-20,4051.000,4063.000,4029.000,4044.000,480334,565408,4045.000
2016-10-21,4043.000,4053.000,3983.000,4000.000,527866,553626,4009.000
2016-10-24,4001.000,4035.000,3996.000,4030.000,384910,565480,4011.000
2016-10-25,4052.000,4081.000,4024.000,4058.000,695734,601990,4051.000
2016-10-26,4063.000,4100.000,4046.000,4080.000,612998,593440,4072.000
2016-10-27,4063.000,4076.000,4046.000,4059.000,410780,572906,4059.000
2016-10-28,4071.000,4076.000,4049.000,4057.000,352260,549220,4061.000
2016-10-31,4056.000,4093.000,4051.000,4080.000,613624,512058,4073.000
2016-11-01,4078.000,4113.000,4072.000,4102.000,402530,509494,4087.000
2016-11-02,4155.000,4196.000,4141.000,4193.000,642228,509430,4165.000
2016-11-03,4208.000,4228.000,4168.000,4171.000,542588,449696,4203.000
2016-11-04,4132.000,4169.000,4106.000,4111.000,554180,403004,4133.000
2016-11-07,4137.000,4157.000,4098.000,4116.000,398204,387068,4128.000
2016-11-08,4110.000,4145.000,4060.000,4144.000,425578,388050,4115.000
2016-11-09,4121.000,4305.000,4117.000,4264.000,1413512,369290,4207.000
2016-11-10,4251.000,4274.000,4190.000,4273.000,748222,344092,4243.000
2016-11-11,4391.000,4465.000,4352.000,4452.000,540772,531670,4403.000
2016-11-14,4425.000,4479.000,4138.000,4138.000,853470,435976,4295.000
2016-11-15,4141.000,4164.000,4093.000,4140.000,500754,421952,4126.000
2016-11-16,4130.000,4180.000,4120.000,4158.000,395132,438130,4150.000
2016-11-17,4148.000,4161.000,4135.000,4139.000,331908,454692,4148.000
2016-11-18,4148.000,4158.000,4080.000,4101.000,516058,492548,4118.000
2016-11-21,4102.000,4133.000,4073.000,4131.000,535686,512028,4104.000
2016-11-22,4125.000,4186.000,4110.000,4166.000,620846,589436,4147.000
2016-11-23,4166.000,4177.000,4143.000,4159.000,480092,605060,4158.000
2016-11-24,4148.000,4153.000,4081.000,4129.000,908362,643450,4121.000
2016-11-25,4125.000,4158.000,4093.000,4119.000,665974,668112,4127.000
2016-11-28,4133.000,4237.000,4125.000,4211.000,944576,718130,4183.000
2016-11-29,4195.000,4220.000,4167.000,4179.000,708916,694584,4194.000
2016-11-30,4159.000,4188.000,4133.000,4155.000,712904,695622,4160.000
2016-12-01,4155.000,4176.000,4090.000,4147.000,906362,724380,4141.000
2016-12-02,4121.000,4165.000,4116.000,4144.000,588310,732220,4138.000
2016-12-05,4128.000,4214.000,4116.000,4165.000,980844,750078,4167.000
2016-12-06,4167.000,4202.000,4156.000,4172.000,690058,768054,4178.000
2016-12-07,4181.000,4192.000,4163.000,4169.000,517866,768516,4176.000
2016-12-08,4182.000,4290.000,4180.000,4250.000,1332558,834208,4243.000
2016-12-09,4245.000,4266.000,4208.000,4238.000,776850,805230,4237.000
2016-12-12,4228.000,4265.000,4221.000,4244.000,737376,864670,4240.000
2016-12-13,4246.000,4298.000,4231.000,4275.000,869156,875882,4270.000
2016-12-14,4276.000,4300.000,4222.000,4273.000,908220,876070,4261.000
2016-12-15,4275.000,4298.000,4200.000,4231.000,972096,828720,4252.000
2016-12-16,4136.000,4148.000,4096.000,4112.000,908346,770624,4118.000
2016-12-19,4112.000,4135.000,4104.000,4116.000,507136,758880,4120.000
2016-12-20,4110.000,4115.000,3997.000,4003.000,780436,760922,4074.000
2016-12-21,3960.000,4059.000,3943.000,4041.000,827464,728162,3995.000
2016-12-22,4035.000,4047.000,3972.000,3990.000,514436,736258,4013.000
2016-12-23,3980.000,4038.000,3972.000,3995.000,635390,727314,4008.000
2016-12-26,3999.000,4017.000,3950.000,3979.000,486620,716582,3990.000
2016-12-27,3978.000,4045.000,3975.000,4039.000,374334,740776,4012.000
2016-12-28,4042.000,4065.000,4019.000,4042.000,573016,737970,4043.000
2016-12-29,4035.000,4102.000,4030.000,4087.000,572730,729452,4068.000
2016-12-30,4076.000,4136.000,4069.000,4113.000,595792,708376,4102.000
2017-01-02,4076.000,4136.000,4069.000,4076.000,0,708376,0.000
2017-01-03,4076.000,4107.000,4070.000,4078.000,224568,702900,4088.000
2017-01-04,4071.000,4145.000,4063.000,4130.000,735862,713016,4113.000
2017-01-05,4129.000,4149.000,4102.000,4137.000,589950,709016,4126.000
2017-01-06,4129.000,4147.000,4069.000,4075.000,703100,706882,4120.000
2017-01-09,4090.000,4120.000,4083.000,4109.000,478496,701796,4102.000
2017-01-10,4107.000,4140.000,4107.000,4126.000,490692,702764,4127.000
2017-01-11,4123.000,4173.000,4115.000,4161.000,599530,705988,4153.000
2017-01-12,4148.000,4154.000,4105.000,4150.000,681992,688200,4133.000
2017-01-13,4150.000,4158.000,4100.000,4114.000,510994,696168,4130.000
2017-01-16,4122.000,4156.000,4088.000,4145.000,658596,725342,4121.000
2017-01-17,4135.000,4163.000,4120.000,4134.000,505562,705192,4137.000
2017-01-18,4139.000,4183.000,4129.000,4139.000,751404,695382,4154.000
2017-01-19,4138.000,4162.000,4093.000,4103.000,572116,698376,4127.000
2017-01-20,4115.000,4117.000,4087.000,4102.000,468122,676654,4104.000
2017-01-23,4100.000,4138.000,4095.000,4128.000,549726,674800,4115.000
2017-01-24,4128.000,4136.000,4112.000,4117.000,303432,662280,4125.000
2017-01-25,4116.000,4130.000,4046.000,4075.000,446408,650518,4099.000
2017-01-26,4073.000,4080.000,4020.000,4025.000,396474,641770,4042.000
2017-02-03,4120.000,4125.000,4092.000,4095.000,221832,601966,4105.000
2017-02-06,4091.000,4152.000,4082.000,4150.000,514068,625786,4122.000
2017-02-07,4159.000,4173.000,4142.000,4162.000,369010,639496,4155.000
2017-02-08,4163.000,4187.000,4148.000,4163.000,428594,650776,4166.000
2017-02-09,4182.000,4207.000,4165.000,4170.000,423838,654004,4183.000
2017-02-10,4177.000,4193.000,4143.000,4150.000,424812,644578,4163.000
2017-02-13,4152.000,4247.000,4150.000,4229.000,870748,759940,4206.000
2017-02-14,4228.000,4238.000,4203.000,4233.000,482742,782628,4222.000
2017-02-15,4250.000,4260.000,4200.000,4220.000,686428,735076,4227.000
2017-02-16,4220.000,4250.000,4187.000,4226.000,563782,720300,4225.000
2017-02-17,4237.000,4247.000,4214.000,4227.000,449998,696164,4232.000
2017-02-20,4223.000,4235.000,4197.000,4209.000,357236,686032,4215.000
2017-02-21,4212.000,4246.000,4210.000,4228.000,516520,737116,4226.000
2017-02-22,4220.000,4238.000,4206.000,4224.000,461768,720434,4223.000
2017-02-23,4229.000,4258.000,4213.000,4221.000,559492,697432,4229.000
2017-02-24,4235.000,4286.000,4231.000,4274.000,885082,784684,4257.000
2017-02-27,4320.000,4329.000,4286.000,4327.000,580022,769484,4313.000
2017-02-28,4319.000,4335.000,4297.000,4308.000,351914,757246,4314.000
2017-03-01,4308.000,4322.000,4275.000,4279.000,460762,723332,4298.000
2017-03-02,4280.000,4305.000,4277.000,4295.000,352324,729612,4290.000
2017-03-03,4286.000,4288.000,4140.000,4159.000,804376,630586,4201.000
2017-03-06,4155.000,4200.000,4153.000,4168.000,396936,607798,4171.000
2017-03-07,4171.000,4183.000,4156.000,4165.000,242448,597770,4168.000
2017-03-08,4157.000,4158.000,4122.000,4126.000,437032,574606,4134.000
2017-03-09,4111.000,4118.000,4054.000,4070.000,507642,573654,4089.000
2017-03-10,4081.000,4097.000,4022.000,4030.000,509184,599674,4058.000
2017-03-13,4035.000,4075.000,4018.000,4067.000,643614,595154,4053.000
2017-03-14,4053.000,4067.000,4039.000,4044.000,305228,605900,4055.000
2017-03-15,4052.000,4060.000,4035.000,4050.000,301014,608368,4048.000
2017-03-16,4046.000,4165.000,4035.000,4150.000,557384,577220,4108.000
2017-03-17,4156.000,4156.000,4123.000,4142.000,336574,580796,4138.000
2017-03-20,4142.000,4163.000,4141.000,4155.000,229576,580570,4151.000
2017-03-21,4155.000,4158.000,4131.000,4142.000,239832,563864,4143.000
2017-03-22,4148.000,4186.000,4147.000,4175.000,445152,562422,4169.000
2017-03-23,4168.000,4172.000,4156.000,4167.000,231072,556558,4163.000
2017-03-24,4185.000,4188.000,4145.000,4150.000,347564,536322,4163.000
2017-03-27,4162.000,4204.000,4158.000,4200.000,408914,563642,4182.000
2017-03-28,4214.000,4223.000,4196.000,4202.000,352282,559226,4208.000
2017-03-29,4217.000,4225.000,4191.000,4201.000,395714,559678,4208.000
2017-03-30,4206.000,4211.000,4190.000,4205.000,299836,570306,4202.000
2017-03-31,4203.000,4214.000,4180.000,4192.000,422030,544300,4193.000
2017-04-05,4220.000,4222.000,4201.000,4209.000,165778,565790,4209.000
2017-04-06,4208.000,4213.000,4190.000,4208.000,279152,577462,4204.000
2017-04-07,4205.000,4281.000,4195.000,4259.000,656318,619888,4244.000
2017-04-10,4276.000,4282.000,4035.000,4154.000,634978,529670,4195.000
2017-04-11,4150.000,4165.000,4127.000,4157.000,331990,506596,4151.000
2017-04-12,4164.000,4251.000,4163.000,4223.000,579366,514258,4207.000
2017-04-13,4228.000,4265.000,4209.000,4257.000,415164,536180,4239.000
2017-04-14,4264.000,4273.000,4236.000,4263.000,297474,542366,4252.000
2017-04-17,4269.000,4337.000,4246.000,4272.000,432558,549852,4283.000
2017-04-18,4260.000,4271.000,4230.000,4239.000,331134,543876,4250.000
2017-04-19,4235.000,4244.000,4180.000,4198.000,544872,533188,4211.000
2017-04-20,4208.000,4214.000,4182.000,4200.000,309030,515136,4197.000
2017-04-21,4196.000,4197.000,4154.000,4161.000,506174,518440,4175.000
2017-04-24,4155.000,4171.000,4131.000,4139.000,473280,477740,4152.000
2017-04-25,4135.000,4163.000,4126.000,4150.000,310932,451372,4146.000
2017-04-26,4132.000,4146.000,4113.000,4120.000,339500,426408,4129.000
2017-04-27,4116.000,4125.000,4097.000,4115.000,335172,412556,4113.000
2017-04-28,4115.000,4122.000,4103.000,4110.000,280996,391904,4111.000
2017-05-02,4050.000,4052.000,4017.000,4037.000,222902,399038,4035.000
2017-05-03,4024.000,4043.000,4022.000,4035.000,209404,382704,4032.000
2017-05-04,4027.000,4032.000,3875.000,3933.000,548280,378810,3971.000
2017-05-05,3890.000,3951.000,3880.000,3923.000,359334,355994,3907.000
2017-05-08,3925.000,3944.000,3908.000,3934.000,247094,349322,3926.000
2017-05-09,3932.000,3932.000,3895.000,3916.000,176252,334770,3918.000
2017-05-10,4008.000,4012.000,3982.000,4002.000,198064,376096,4001.000
2017-05-11,4014.000,4039.000,4007.000,4030.000,269422,404264,4023.000
2017-05-12,4027.000,4066.000,4018.000,4053.000,295202,424938,4041.000
2017-05-15,4055.000,4096.000,4045.000,4085.000,301552,440122,4066.000
2017-05-16,4118.000,4129.000,4089.000,4110.000,313340,448432,4107.000
2017-05-17,4112.000,4127.000,4091.000,4116.000,303816,457918,4111.000
2017-05-18,4128.000,4141.000,4093.000,4104.000,395786,466000,4123.000
2017-05-19,4098.000,4111.000,4058.000,4096.000,417590,461030,4089.000
2017-05-22,4110.000,4125.000,4086.000,4110.000,342078,465720,4105.000
2017-05-23,4128.000,4150.000,4119.000,4134.000,370502,458760,4136.000
2017-05-24,4142.000,4154.000,4083.000,4097.000,415476,461262,4123.000
2017-05-25,4107.000,4141.000,4096.000,4125.000,336014,451894,4118.000
2017-05-26,4120.000,4128.000,4104.000,4125.000,205222,439194,4114.000
2017-05-31,4121.000,4134.000,4095.000,4103.000,197482,438024,4108.000
2017-06-01,4111.000,4114.000,4073.000,4094.000,370088,454986,4095.000
2017-06-02,4070.000,4087.000,4052.000,4067.000,339768,462558,4068.000
2017-06-05,4085.000,4145.000,4084.000,4134.000,536224,468314,4116.000
2017-06-06,4139.000,4172.000,4132.000,4164.000,384634,493824,4150.000
2017-06-07,4171.000,4183.000,4157.000,4169.000,284888,486582,4169.000
2017-06-08,4160.000,4171.000,4142.000,4163.000,288932,478652,4158.000
2017-06-09,4158.000,4164.000,4091.000,4100.000,480272,468856,4123.000
2017-06-12,4089.000,4094.000,4060.000,4062.000,340710,487224,4077.000
2017-06-13,4049.000,4067.000,4031.000,4038.000,357490,512386,4045.000
2017-06-14,4035.000,4064.000,4024.000,4055.000,346212,521364,4043.000
2017-06-15,4087.000,4125.000,4038.000,4041.000,641906,513316,4088.000
2017-06-16,4015.000,4048.000,4011.000,4038.000,352178,531084,4031.000
2017-06-19,4036.000,4039.000,4016.000,4018.000,297096,566244,4025.000
2017-06-20,4015.000,4030.000,4004.000,4023.000,306358,588042,4017.000
2017-06-21,4010.000,4013.000,3986.000,4008.000,311894,598778,4002.000
2017-06-22,3993.000,4055.000,3991.000,4043.000,418214,597128,4026.000
2017-06-23,4049.000,4054.000,4032.000,4054.000,280108,598734,4042.000
2017-06-26,4062.000,4064.000,4041.000,4049.000,224968,588128,4052.000
2017-06-27,4026.000,4034.000,4010.000,4033.000,306136,598736,4021.000
2017-06-28,4028.000,4069.000,4023.000,4055.000,415480,604754,4045.000
2017-06-29,4058.000,4064.000,4047.000,4058.000,270540,603672,4054.000
2017-06-30,4022.000,4032.000,4006.000,4013.000,433374,636078,4019.000
2017-07-03,4006.000,4023.000,3995.000,4006.000,330682,655176,4009.000
2017-07-04,3966.000,3967.000,3880.000,3898.000,773716,732314,3921.000
2017-07-05,3882.000,3921.000,3871.000,3901.000,346194,726318,3897.000
2017-07-06,3863.000,3899.000,3858.000,3885.000,360546,743088,3879.000
2017-07-07,3885.000,3896.000,3839.000,3864.000,490434,781948,3865.000
2017-07-10,3851.000,3858.000,3671.000,3671.000,1280330,814850,3755.000
2017-07-11,3675.000,3766.000,3666.000,3732.000,1138200,746782,3723.000
2017-07-12,3750.000,3828.000,3737.000,3788.000,831476,711912,3784.000
2017-07-13,3831.000,3839.000,3807.000,3819.000,522812,693938,3820.000
2017-07-14,3813.000,3816.000,3748.000,3769.000,616266,704370,3777.000
2017-07-17,3840.000,3867.000,3820.000,3844.000,551538,669956,3840.000
2017-07-18,3868.000,3878.000,3839.000,3849.000,405784,665568,3863.000
2017-07-19,3865.000,3870.000,3845.000,3859.000,365010,651812,3858.000
2017-07-20,3871.000,3873.000,3834.000,3853.000,387868,648652,3855.000
2017-07-21,3860.000,3895.000,3846.000,3882.000,524202,650020,3876.000
2017-07-24,3900.000,3909.000,3872.000,3880.000,365130,642570,3889.000
2017-07-25,3899.000,3899.000,3873.000,3888.000,288530,631786,3885.000
2017-07-26,3881.000,3907.000,3845.000,3857.000,558632,648476,3875.000
2017-07-27,3861.000,3930.000,3859.000,3912.000,499044,626230,3896.000
2017-07-28,3924.000,3929.000,3895.000,3904.000,391850,607278,3908.000
2017-07-31,3916.000,3926.000,3905.000,3916.000,326188,606620,3916.000
2017-08-01,3930.000,3939.000,3917.000,3922.000,351678,602186,3927.000
2017-08-02,3917.000,3934.000,3905.000,3916.000,342536,597500,3917.000
2017-08-03,3898.000,3925.000,3887.000,3889.000,445798,611790,3903.000
2017-08-04,3897.000,3919.000,3893.000,3911.000,347920,604320,3903.000
2017-08-07,3890.000,3891.000,3812.000,3823.000,786380,647196,3844.000
2017-08-08,3809.000,3833.000,3803.000,3813.000,402040,645494,3816.000
2017-08-09,3829.000,3870.000,3805.000,3863.000,710198,676832,3839.000
2017-08-10,3912.000,3984.000,3905.000,3973.000,867618,687356,3937.000
2017-08-11,4016.000,4026.000,3966.000,3983.000,735684,632854,3993.000
2017-08-14,3969.000,4031.000,3949.000,4013.000,712064,697790,3990.000
2017-08-15,3987.000,4004.000,3933.000,3951.000,637606,638134,3969.000
2017-08-16,3916.000,3926.000,3896.000,3906.000,454056,614374,3911.000
2017-08-17,3911.000,4019.000,3902.000,4003.000,939300,694938,3970.000
2017-08-18,3999.000,4011.000,3966.000,3985.000,540820,669376,3985.000
2017-08-21,4018.000,4040.000,3946.000,3974.000,876044,683540,3991.000
2017-08-22,3984.000,4001.000,3962.000,3967.000,463004,707732,3981.000
2017-08-23,3987.000,3993.000,3952.000,3967.000,565526,696094,3970.000
2017-08-24,3970.000,3988.000,3963.000,3968.000,438452,685388,3973.000
2017-08-25,3963.000,3973.000,3948.000,3964.000,379750,681914,3961.000
2017-08-28,3961.000,3997.000,3902.000,3985.000,995662,708856,3966.000
2017-08-29,3995.000,4032.000,3976.000,4027.000,664412,720050,4008.000
2017-08-30,4039.000,4049.000,3991.000,3996.000,599048,674026,4019.000
2017-08-31,4000.000,4009.000,3983.000,3990.000,340426,666338,3995.000
2017-09-01,3996.000,4026.000,3994.000,4002.000,521730,683390,4008.000
2017-09-04,4017.000,4075.000,4006.000,4062.000,813464,706900,4038.000
2017-09-05,4055.000,4066.000,4046.000,4059.000,330668,719268,4056.000
2017-09-06,4061.000,4074.000,4041.000,4054.000,517746,687930,4058.000
2017-09-07,4061.000,4063.000,4026.000,4035.000,368638,654914,4045.000
2017-09-08,4054.000,4065.000,4039.000,4053.000,584322,636402,4052.000
2017-09-11,4046.000,4048.000,3991.000,3994.000,500356,598448,4020.000
2017-09-12,3990.000,4014.000,3983.000,3989.000,321286,597360,3998.000
2017-09-13,3992.000,4003.000,3986.000,3987.000,232620,597806,3995.000
2017-09-14,3985.000,3993.000,3969.000,3973.000,315414,598252,3978.000
2017-09-15,3982.000,3997.000,3975.000,3979.000,250216,596030,3986.000
2017-09-18,3977.000,3983.000,3961.000,3968.000,390988,605666,3970.000
2017-09-19,3945.000,3950.000,3888.000,3919.000,474574,604674,3922.000
2017-09-20,3916.000,3932.000,3914.000,3924.000,213514,590288,3923.000
2017-09-21,3915.000,3942.000,3865.000,3867.000,451872,605646,3901.000
2017-09-22,3850.000,3874.000,3849.000,3866.000,309744,585848,3863.000
2017-09-25,3857.000,3871.000,3853.000,3862.000,236762,585542,3861.000
2017-09-26,3862.000,3934.000,3856.000,3918.000,512582,573304,3906.000
2017-09-27,3895.000,3900.000,3872.000,3884.000,315432,572360,3888.000
2017-09-28,3870.000,3884.000,3850.000,3864.000,288290,571990,3867.000
2017-09-29,3868.000,3884.000,3863.000,3874.000,210862,546142,3873.000
2017-10-09,3850.000,3870.000,3770.000,3870.000,208,1700,3869.000
2017-10-10,3898.000,3908.000,3889.000,3901.000,233624,578446,3897.000
2017-10-11,3905.000,3912.000,3888.000,3892.000,251774,579534,3899.000
2017-10-12,3896.000,3917.000,3881.000,3899.000,249826,560498,3899.000
2017-10-13,3898.000,3923.000,3893.000,3912.000,255324,567122,3908.000
2017-10-16,3917.000,3941.000,3910.000,3935.000,365468,597994,3923.000
2017-10-17,3940.000,3944.000,3898.000,3910.000,321536,556634,3920.000
2017-10-18,3905.000,3914.000,3897.000,3901.000,224582,551804,3904.000
2017-10-19,3897.000,3901.000,3882.000,3888.000,221608,552324,3891.000
2017-10-20,3888.000,3921.000,3887.000,3903.000,366070,549846,3907.000
2017-10-23,3904.000,3909.000,3860.000,3878.000,336840,544438,3888.000
2017-10-24,3870.000,3896.000,3866.000,3890.000,265846,540332,3883.000
2017-10-25,3882.000,3884.000,3868.000,3869.000,210624,520372,3874.000
2017-10-26,3870.000,3888.000,3868.000,3880.000,221262,515788,3879.000
2017-10-27,3875.000,3887.000,3825.000,3832.000,403710,541454,3852.000
2017-10-30,3818.000,3857.000,3813.000,3841.000,346112,493898,3837.000
2017-10-31,3835.000,3851.000,3831.000,3848.000,183816,463020,3844.000
2017-11-01,3836.000,3848.000,3817.000,3842.000,269616,439898,3832.000
2017-11-02,3845.000,3881.000,3837.000,3876.000,373564,430696,3867.000
2017-11-03,3873.000,3893.000,3871.000,3881.000,197298,414246,3881.000
2017-11-06,3885.000,3896.000,3846.000,3856.000,318676,392372,3861.000
2017-11-07,3857.000,3903.000,3854.000,3887.000,307460,409084,3878.000
2017-11-08,3878.000,3892.000,3867.000,3877.000,191820,386718,3877.000
2017-11-09,3885.000,3895.000,3875.000,3887.000,210164,377382,3884.000
2017-11-10,3889.000,3899.000,3872.000,3884.000,209946,355896,3883.000
2017-11-13,3885.000,3892.000,3856.000,3865.000,229878,347644,3870.000
2017-11-14,3865.000,3882.000,3856.000,3869.000,158998,346780,3871.000
2017-11-15,3867.000,3885.000,3857.000,3870.000,173878,331994,3870.000
2017-11-16,3878.000,3887.000,3864.000,3869.000,199974,320566,3874.000
2017-11-17,3872.000,3880.000,3869.000,3875.000,123718,307312,3875.000
2017-11-20,3873.000,3916.000,3865.000,3893.000,215894,291502,3888.000
2017-11-21,4010.000,4016.000,3975.000,3988.000,249286,323800,3991.000
2017-11-22,3984.000,3995.000,3979.000,3985.000,174516,348610,3987.000
2017-11-23,3985.000,3998.000,3983.000,3986.000,221842,370020,3991.000
2017-11-24,3988.000,4001.000,3983.000,3991.000,186428,399512,3991.000
2017-11-27,3984.000,3994.000,3971.000,3984.000,270676,415322,3983.000
2017-11-28,3990.000,4007.000,3980.000,3986.000,369614,447112,3990.000
2017-11-29,3991.000,3993.000,3921.000,3956.000,423802,489300,3963.000
2017-11-30,3951.000,3956.000,3873.000,3886.000,470624,537918,3915.000
2017-12-01,3882.000,3884.000,3848.000,3862.000,334126,548544,3864.000
2017-12-04,3845.000,3881.000,3815.000,3852.000,603718,561400,3847.000
2017-12-05,3847.000,3857.000,3837.000,3840.000,230912,575932,3846.000
2017-12-06,3835.000,3839.000,3788.000,3800.000,460078,596850,3806.000
2017-12-07,3792.000,3800.000,3743.000,3756.000,453546,623120,3775.000
2017-12-08,3729.000,3737.000,3712.000,3728.000,370598,626514,3725.000
2017-12-11,3736.000,3753.000,3705.000,3744.000,391586,628010,3736.000
2017-12-12,3746.000,3748.000,3725.000,3733.000,243070,653788,3733.000
2017-12-13,3731.000,3738.000,3711.000,3725.000,275892,662334,3723.000
2017-12-14,3723.000,3809.000,3720.000,3799.000,520858,656088,3770.000
2017-12-15,3794.000,3801.000,3770.000,3781.000,340010,679098,3781.000
2017-12-18,3791.000,3811.000,3787.000,3800.000,389294,672416,3800.000
2017-12-19,3805.000,3816.000,3790.000,3806.000,285846,660232,3804.000
2017-12-20,3807.000,3811.000,3793.000,3800.000,212204,658594,3800.000
2017-12-21,3809.000,3812.000,3795.000,3797.000,223472,647940,3803.000
2017-12-22,3792.000,3809.000,3783.000,3797.000,255662,644278,3796.000
2017-12-25,3798.000,3848.000,3793.000,3841.000,432896,639118,3828.000
2017-12-26,3842.000,3847.000,3831.000,3844.000,141256,636776,3839.000
2017-12-27,3850.000,3863.000,3848.000,3858.000,210978,627406,3855.000
2017-12-28,3870.000,3901.000,3866.000,3891.000,280708,619308,3881.000
2017-12-29,3886.000,3898.000,3869.000,3883.000,257368,596822,3885.000
2018-01-02,3899.000,3910.000,3891.000,3902.000,137022,602744,3900.000
2018-01-03,3908.000,3928.000,3897.000,3897.000,323606,583810,3911.000
2018-01-04,3902.000,3915.000,3871.000,3885.000,379448,595966,3890.000
2018-01-05,3889.000,3910.000,3875.000,3890.000,330302,584178,3895.000
2018-01-08,3888.000,3912.000,3881.000,3891.000,348074,595602,3896.000
2018-01-09,3892.000,3901.000,3884.000,3896.000,234532,606676,3893.000
2018-01-10,3891.000,3892.000,3868.000,3873.000,276074,632452,3879.000
2018-01-11,3895.000,3898.000,3876.000,3885.000,250670,636290,3887.000
2018-01-12,3882.000,3893.000,3836.000,3890.000,415558,642510,3878.000
2018-01-15,3892.000,3939.000,3875.000,3926.000,471104,670164,3904.000
2018-01-16,3925.000,3928.000,3903.000,3907.000,236234,660858,3920.000
2018-01-17,3889.000,3898.000,3869.000,3876.000,402960,638304,3881.000
2018-01-18,3884.000,3884.000,3846.000,3852.000,327046,650276,3863.000
2018-01-19,3850.000,3860.000,3831.000,3834.000,317398,662324,3844.000
2018-01-22,3841.000,3848.000,3835.000,3838.000,207686,668780,3841.000
2018-01-23,3841.000,3853.000,3835.000,3847.000,240510,676724,3843.000
2018-01-24,3840.000,3844.000,3806.000,3836.000,437610,696240,3825.000
2018-01-25,3863.000,3926.000,3861.000,3916.000,621608,686058,3892.000
2018-01-26,3899.000,3915.000,3870.000,3889.000,419062,692052,3894.000
2018-01-29,3878.000,3891.000,3873.000,3875.000,290138,701688,3881.000
2018-01-30,3859.000,3866.000,3820.000,3823.000,373710,718046,3843.000
2018-01-31,3843.000,3851.000,3821.000,3832.000,279930,721492,3834.000
2018-02-01,3837.000,3845.000,3827.000,3830.000,235382,721920,3835.000
2018-02-02,3830.000,3836.000,3813.000,3824.000,284856,736950,3823.000
2018-02-05,3818.000,3825.000,3724.000,3729.000,735642,777424,3758.000
2018-02-06,3739.000,3797.000,3725.000,3767.000,519518,765472,3757.000
2018-02-07,3736.000,3744.000,3708.000,3731.000,425140,799180,3730.000
2018-02-08,3702.000,3710.000,3651.000,3674.000,632088,812318,3675.000
2018-02-09,3674.000,3717.000,3673.000,3687.000,407840,796926,3694.000
2018-02-12,3676.000,3697.000,3656.000,3690.000,476280,798288,3676.000
2018-02-13,3687.000,3720.000,3681.000,3712.000,299838,770352,3703.000
2018-02-14,3711.000,3721.000,3686.000,3718.000,303870,760906,3707.000
2018-02-22,3690.000,3691.000,3663.000,3675.000,144846,763644,3677.000
2018-02-23,3683.000,3709.000,3680.000,3696.000,311096,793630,3697.000
2018-02-26,3701.000,3738.000,3691.000,3726.000,448470,819066,3713.000
2018-02-27,3721.000,3733.000,3709.000,3719.000,362268,848188,3721.000
2018-02-28,3718.000,3719.000,3670.000,3684.000,507648,862616,3689.000
2018-03-01,3687.000,3697.000,3669.000,3675.000,320618,875388,3681.000
2018-03-02,3660.000,3695.000,3650.000,3683.000,487640,826342,3672.000
2018-03-05,3685.000,3709.000,3681.000,3697.000,386100,817202,3695.000
2018-03-06,3693.000,3697.000,3676.000,3688.000,292604,837638,3686.000
2018-03-07,3707.000,3736.000,3699.000,3711.000,522414,785042,3716.000
2018-03-08,3709.000,3712.000,3683.000,3704.000,430620,805520,3697.000
2018-03-09,3694.000,3706.000,3673.000,3687.000,354944,789494,3689.000
2018-03-12,3682.000,3718.000,3663.000,3687.000,550260,773788,3692.000
2018-03-13,3682.000,3693.000,3678.000,3681.000,230396,774862,3683.000
2018-03-14,3695.000,3706.000,3678.000,3693.000,332324,765074,3692.000
2018-03-15,3690.000,3693.000,3682.000,3685.000,222614,772780,3686.000
2018-03-16,3676.000,3681.000,3657.000,3668.000,390238,815020,3669.000
2018-03-19,3667.000,3674.000,3622.000,3633.000,536604,846934,3644.000
2018-03-20,3633.000,3652.000,3633.000,3645.000,251720,824786,3643.000
2018-03-21,3640.000,3640.000,3612.000,3638.000,320820,837576,3629.000
2018-03-22,3640.000,3700.000,3638.000,3682.000,602932,788142,3674.000
2018-03-23,3680.000,3699.000,3666.000,3692.000,474788,778276,3683.000
2018-03-26,3697.000,3709.000,3681.000,3684.000,329878,768850,3694.000
2018-03-27,3688.000,3703.000,3682.000,3696.000,303124,758606,3694.000
2018-03-28,3678.000,3683.000,3648.000,3656.000,331622,778716,3668.000
2018-03-29,3646.000,3650.000,3599.000,3602.000,509674,805344,3621.000
2018-03-30,3600.000,3625.000,3596.000,3618.000,243604,786994,3613.000
2018-04-02,3618.000,3638.000,3614.000,3631.000,192436,770888,3630.000
2018-04-03,3655.000,3668.000,3648.000,3650.000,292092,739288,3655.000
2018-04-04,3651.000,3651.000,3620.000,3639.000,225936,747184,3633.000
2018-04-09,3635.000,3642.000,3631.000,3636.000,91122,749474,3635.000
2018-04-10,3639.000,3652.000,3633.000,3640.000,216200,740620,3641.000
2018-04-11,3651.000,3658.000,3644.000,3655.000,259782,720700,3651.000
2018-04-12,3661.000,3692.000,3655.000,3663.000,489154,672356,3670.000
2018-04-13,3651.000,3653.000,3621.000,3635.000,309548,636494,3640.000
2018-04-16,3643.000,3674.000,3642.000,3656.000,288306,641480,3658.000
2018-04-17,3665.000,3671.000,3651.000,3666.000,222462,625168,3663.000
2018-04-18,3651.000,3685.000,3646.000,3680.000,341578,619792,3669.000
2018-04-19,3720.000,3766.000,3713.000,3764.000,722350,597804,3736.000
2018-04-20,3762.000,3767.000,3741.000,3750.000,441464,556114,3752.000
2018-04-23,3748.000,3755.000,3724.000,3735.000,331642,512132,3738.000
2018-04-24,3691.000,3698.000,3672.000,3682.000,449410,477702,3684.000
2018-04-25,3676.000,3694.000,3670.000,3676.000,219038,463578,3683.000
2018-04-26,3664.000,3678.000,3655.000,3670.000,227756,448044,3670.000
2018-04-27,3670.000,3674.000,3645.000,3658.000,271146,427052,3656.000
2018-05-02,3615.000,3635.000,3603.000,3626.000,127508,412148,3625.000
2018-05-03,3737.000,3762.000,3729.000,3743.000,191800,447916,3744.000
2018-05-04,3758.000,3761.000,3743.000,3746.000,114562,464438,3751.000
2018-05-07,3750.000,3768.000,3746.000,3754.000,176300,503454,3758.000
2018-05-08,3755.000,3761.000,3751.000,3757.000,131118,521336,3756.000
2018-05-09,3755.000,3770.000,3734.000,3749.000,328788,538950,3748.000
2018-05-10,3760.000,3775.000,3757.000,3764.000,306506,569024,3764.000
2018-05-11,3784.000,3789.000,3775.000,3782.000,319836,592252,3781.000
2018-05-14,3792.000,3797.000,3774.000,3777.000,250800,593596,3785.000
2018-05-15,3767.000,3774.000,3735.000,3738.000,284114,616076,3752.000
2018-05-16,3710.000,3718.000,3696.000,3716.000,328888,641196,3708.000
2018-05-17,3705.000,3730.000,3701.000,3714.000,224432,647324,3718.000
2018-05-18,3730.000,3737.000,3723.000,3729.000,184272,647222,3729.000
2018-05-21,3724.000,3741.000,3705.000,3712.000,288910,681572,3722.000
2018-05-22,3735.000,3739.000,3725.000,3730.000,257206,659820,3732.000
2018-05-23,3753.000,3756.000,3734.000,3741.000,247154,658012,3743.000
2018-05-24,3726.000,3741.000,3719.000,3736.000,247706,679406,3729.000
2018-05-25,3752.000,3760.000,3746.000,3750.000,336934,676576,3752.000
2018-05-28,3762.000,3762.000,3723.000,3728.000,294560,688958,3737.000
2018-05-29,3727.000,3739.000,3723.000,3725.000,160070,705588,3731.000
2018-05-30,3724.000,3733.000,3713.000,3725.000,294994,703044,3725.000
2018-05-31,3735.000,3757.000,3730.000,3756.000,360212,732636,3745.000
2018-06-01,3745.000,3755.000,3734.000,3739.000,234188,712674,3742.000
2018-06-04,3727.000,3749.000,3724.000,3734.000,249278,716180,3738.000
2018-06-05,3747.000,3747.000,3719.000,3730.000,288722,708910,3732.000
2018-06-06,3728.000,3751.000,3725.000,3744.000,319390,742566,3738.000
2018-06-07,3755.000,3766.000,3745.000,3760.000,418176,751636,3755.000
2018-06-08,3777.000,3796.000,3752.000,3753.000,692314,723234,3774.000
2018-06-11,3770.000,3829.000,3762.000,3797.000,704770,812158,3799.000
2018-06-12,3801.000,3818.000,3795.000,3799.000,423550,798096,3805.000
2018-06-13,3795.000,3816.000,3791.000,3792.000,326966,768780,3801.000
2018-06-14,3808.000,3862.000,3800.000,3857.000,750928,882682,3823.000
2018-06-15,3886.000,3886.000,3854.000,3867.000,689548,835602,3870.000
2018-06-19,3733.000,3760.000,3702.000,3733.000,611864,665826,3740.000
2018-06-20,3726.000,3739.000,3720.000,3726.000,299576,663478,3731.000
2018-06-21,3732.000,3736.000,3717.000,3723.000,285806,668980,3726.000
2018-06-22,3730.000,3756.000,3730.000,3755.000,286416,662258,3739.000
2018-06-25,3753.000,3765.000,3745.000,3747.000,313218,652134,3754.000
2018-06-26,3754.000,3757.000,3748.000,3754.000,183094,653642,3752.000
2018-06-27,3742.000,3763.000,3740.000,3752.000,234688,654722,3753.000
2018-06-28,3749.000,3758.000,3735.000,3741.000,301870,647190,3747.000
2018-06-29,3742.000,3756.000,3726.000,3745.000,319222,640428,3738.000
2018-07-02,3740.000,3757.000,3735.000,3743.000,255372,646224,3745.000
2018-07-03,3740.000,3744.000,3720.000,3742.000,279840,663546,3736.000
2018-07-04,3747.000,3767.000,3741.000,3753.000,303762,664732,3751.000
2018-07-05,3749.000,3751.000,3738.000,3748.000,182032,664248,3745.000
2018-07-06,3746.000,3756.000,3739.000,3748.000,244700,673426,3747.000
2018-07-09,3745.000,3760.000,3742.000,3755.000,214608,677560,3750.000
2018-07-10,3753.000,3765.000,3741.000,3745.000,243322,683386,3751.000
2018-07-11,3749.000,3753.000,3731.000,3737.000,243992,698766,3740.000
2018-07-12,3740.000,3744.000,3716.000,3728.000,328736,699924,3727.000
2018-07-13,3730.000,3742.000,3726.000,3729.000,178726,683726,3733.000
2018-07-16,3725.000,3731.000,3714.000,3722.000,239498,694750,3722.000
2018-07-17,3717.000,3719.000,3693.000,3713.000,354084,713052,3709.000
2018-07-18,3701.000,3709.000,3651.000,3665.000,643522,780568,3681.000
2018-07-19,3664.000,3685.000,3659.000,3670.000,354190,757536,3671.000
2018-07-20,3649.000,3681.000,3644.000,3673.000,395820,771470,3663.000
2018-07-23,3680.000,3694.000,3675.000,3687.000,299004,746026,3686.000
2018-07-24,3686.000,3690.000,3678.000,3681.000,191990,735986,3684.000
2018-07-25,3692.000,3706.000,3692.000,3698.000,249452,729316,3698.000
2018-07-26,3699.000,3706.000,3693.000,3701.000,163940,725146,3699.000
2018-07-27,3699.000,3704.000,3681.000,3686.000,208344,733786,3690.000
2018-07-30,3695.000,3702.000,3686.000,3688.000,203202,726514,3695.000
2018-07-31,3697.000,3705.000,3695.000,3698.000,163498,717490,3698.000
2018-08-01,3695.000,3704.000,3681.000,3694.000,288696,714972,3695.000
2018-08-02,3691.000,3696.000,3678.000,3687.000,211530,726350,3687.000
2018-08-03,3692.000,3695.000,3675.000,3679.000,189064,727730,3684.000
2018-08-06,3692.000,3716.000,3689.000,3692.000,372068,711360,3699.000
2018-08-07,3682.000,3693.000,3681.000,3692.000,187026,722856,3686.000
2018-08-08,3690.000,3690.000,3670.000,3682.000,226598,747378,3681.000
2018-08-09,3676.000,3688.000,3673.000,3683.000,186322,755074,3681.000
2018-08-10,3685.000,3692.000,3675.000,3678.000,232230,752692,3683.000
2018-08-13,3684.000,3691.000,3671.000,3676.000,282160,770872,3679.000
2018-08-14,3672.000,3675.000,3624.000,3638.000,504700,798546,3643.000
2018-08-15,3637.000,3640.000,3606.000,3616.000,362256,815602,3624.000
2018-08-16,3597.000,3597.000,3488.000,3529.000,906108,825218,3530.000
2018-08-17,3531.000,3569.000,3523.000,3538.000,415080,799966,3547.000
2018-08-20,3539.000,3557.000,3532.000,3552.000,289336,774822,3544.000
2018-08-21,3547.000,3558.000,3532.000,3553.000,278734,791986,3546.000
2018-08-22,3547.000,3554.000,3537.000,3542.000,227706,796424,3546.000
2018-08-23,3555.000,3558.000,3508.000,3522.000,388342,799972,3539.000
2018-08-24,3526.000,3533.000,3513.000,3530.000,270870,809392,3525.000
2018-08-27,3536.000,3554.000,3533.000,3543.000,353950,788026,3544.000
2018-08-28,3545.000,3563.000,3542.000,3553.000,231356,773530,3551.000
2018-08-29,3553.000,3556.000,3515.000,3526.000,313806,778120,3536.000
2018-08-30,3530.000,3541.000,3516.000,3527.000,250822,779958,3529.000
2018-08-31,3525.000,3528.000,3490.000,3515.000,366654,794298,3510.000
2018-09-03,3510.000,3515.000,3469.000,3483.000,445724,807010,3492.000
2018-09-04,3482.000,3490.000,3442.000,3448.000,307272,784304,3472.000
2018-09-05,3408.000,3415.000,3390.000,3396.000,439748,774838,3401.000
2018-09-06,3401.000,3418.000,3401.000,3410.000,209248,756298,3410.000
2018-09-07,3417.000,3429.000,3400.000,3409.000,292848,746760,3414.000
2018-09-10,3407.000,3427.000,3393.000,3407.000,290960,730770,3413.000
2018-09-11,3419.000,3424.000,3410.000,3423.000,163248,716538,3418.000
2018-09-12,3400.000,3416.000,3376.000,3408.000,335866,712890,3399.000
2018-09-13,3403.000,3427.000,3400.000,3422.000,233774,716302,3416.000
2018-09-14,3430.000,3441.000,3415.000,3429.000,248784,711438,3427.000
2018-09-17,3424.000,3427.000,3401.000,3408.000,261028,706154,3412.000
2018-09-18,3418.000,3426.000,3411.000,3416.000,203832,695642,3418.000
2018-09-19,3423.000,3426.000,3405.000,3418.000,247204,681746,3415.000
2018-09-20,3425.000,3466.000,3414.000,3458.000,394582,663054,3443.000
2018-09-21,3467.000,3511.000,3460.000,3495.000,426466,638134,3488.000
2018-09-25,3480.000,3492.000,3468.000,3473.000,156342,607340,3476.000
2018-09-26,3486.000,3526.000,3482.000,3504.000,326986,582850,3509.000
2018-09-27,3498.000,3522.000,3494.000,3505.000,243648,573212,3506.000
2018-09-28,3484.000,3485.000,3460.000,3470.000,291668,556856,3473.000
2018-10-08,3547.000,3550.000,3511.000,3519.000,166014,524896,3521.000
2018-10-09,3502.000,3522.000,3501.000,3516.000,218680,524928,3511.000
2018-10-10,3511.000,3520.000,3498.000,3515.000,185786,527790,3511.000
2018-10-11,3504.000,3513.000,3493.000,3508.000,208298,523610,3504.000
2018-10-12,3536.000,3558.000,3525.000,3539.000,363588,524582,3539.000
2018-10-15,3559.000,3571.000,3544.000,3568.000,276396,515582,3559.000
2018-10-16,3576.000,3581.000,3551.000,3562.000,270364,495536,3568.000
2018-10-17,3576.000,3585.000,3546.000,3561.000,242862,490148,3566.000
2018-10-18,3565.000,3571.000,3519.000,3529.000,281830,466302,3550.000
2018-10-19,3540.000,3568.000,3536.000,3562.000,256784,467544,3553.000
2018-10-22,3568.000,3572.000,3555.000,3560.000,204266,464170,3562.000
2018-10-23,3559.000,3569.000,3547.000,3568.000,185164,458714,3556.000
2018-10-24,3598.000,3609.000,3591.000,3595.000,256268,447096,3598.000
2018-10-25,3586.000,3617.000,3581.000,3608.000,226194,455644,3598.000
2018-10-26,3603.000,3607.000,3576.000,3584.000,243310,427062,3587.000
2018-10-29,3584.000,3609.000,3576.000,3579.000,248504,414902,3592.000
2018-10-30,3586.000,3592.000,3532.000,3545.000,259590,399182,3558.000
2018-10-31,3535.000,3549.000,3522.000,3526.000,223180,364286,3535.000
2018-11-01,3514.000,3520.000,3496.000,3520.000,232206,348954,3508.000
2018-11-02,3576.000,3608.000,3575.000,3593.000,173916,379106,3588.000
2018-11-05,3586.000,3617.000,3582.000,3595.000,135680,386710,3596.000
2018-11-06,3593.000,3601.000,3581.000,3593.000,98508,402948,3588.000
2018-11-07,3591.000,3596.000,3566.000,3575.000,171824,416276,3576.000
2018-11-08,3586.000,3590.000,3565.000,3572.000,175746,435888,3576.000
2018-11-09,3571.000,3573.000,3534.000,3549.000,264470,446304,3549.000
2018-11-12,3541.000,3545.000,3506.000,3509.000,339312,473292,3518.000
2018-11-13,3511.000,3513.000,3491.000,3499.000,213920,500314,3500.000
2018-11-14,3498.000,3509.000,3475.000,3489.000,269998,537424,3492.000
2018-11-15,3479.000,3515.000,3473.000,3512.000,287792,548742,3495.000
2018-11-16,3501.000,3536.000,3500.000,3528.000,256370,545336,3519.000
2018-11-19,3525.000,3553.000,3520.000,3539.000,299062,551088,3539.000
2018-11-20,3535.000,3548.000,3533.000,3541.000,174092,542830,3540.000
2018-11-21,3547.000,3563.000,3513.000,3535.000,341448,535222,3535.000
2018-11-22,3545.000,3563.000,3539.000,3555.000,282748,531688,3551.000
2018-11-23,3555.000,3558.000,3536.000,3537.000,161328,528802,3549.000
2018-11-26,3525.000,3528.000,3509.000,3524.000,342686,546708,3521.000
2018-11-27,3522.000,3526.000,3500.000,3502.000,230872,565950,3512.000
2018-11-28,3515.000,3518.000,3488.000,3495.000,272980,580742,3500.000
2018-11-29,3495.000,3539.000,3492.000,3533.000,325772,578608,3517.000
2018-11-30,3530.000,3539.000,3522.000,3531.000,211548,587948,3530.000
2018-12-03,3525.000,3533.000,3491.000,3529.000,389488,610024,3512.000
2018-12-04,3533.000,3559.000,3529.000,3539.000,361758,603104,3544.000
2018-12-05,3547.000,3558.000,3530.000,3533.000,312562,597756,3544.000
2018-12-06,3537.000,3548.000,3533.000,3534.000,198774,600792,3541.000
2018-12-07,3527.000,3548.000,3527.000,3539.000,300966,601240,3539.000
2018-12-10,3540.000,3588.000,3540.000,3582.000,453356,648916,3567.000
2018-12-11,3580.000,3583.000,3561.000,3574.000,289266,632104,3572.000
2018-12-12,3581.000,3593.000,3566.000,3571.000,329880,617452,3578.000
2018-12-13,3577.000,3596.000,3575.000,3587.000,287188,627614,3584.000
2018-12-14,3581.000,3590.000,3569.000,3572.000,258470,630660,3580.000
2018-12-17,3565.000,3572.000,3553.000,3564.000,242942,609468,3561.000
2018-12-18,3571.000,3583.000,3565.000,3571.000,233476,621804,3573.000
2018-12-19,3568.000,3586.000,3566.000,3583.000,214384,619988,3575.000
2018-12-20,3577.000,3612.000,3561.000,3569.000,426924,608840,3586.000
2018-12-21,3585.000,3603.000,3582.000,3591.000,347160,607626,3593.000
2018-12-24,3585.000,3599.000,3578.000,3592.000,259172,612610,3589.000
2018-12-25,3589.000,3605.000,3588.000,3593.000,208102,610484,3596.000
2018-12-26,3601.000,3632.000,3601.000,3616.000,344032,624428,3618.000
2018-12-27,3616.000,3677.000,3616.000,3638.000,716138,662886,3649.000
2018-12-28,3654.000,3703.000,3646.000,3700.000,689464,706250,3674.000
2019-01-02,3700.000,3718.000,3688.000,3711.000,306902,730802,3703.000
2019-01-03,3707.000,3765.000,3698.000,3762.000,693698,757080,3731.000
2019-01-04,3756.000,3810.000,3743.000,3779.000,769274,744256,3775.000
2019-01-07,3768.000,3787.000,3741.000,3778.000,786038,747574,3767.000
2019-01-08,3781.000,3792.000,3720.000,3744.000,638976,733018,3756.000
2019-01-09,3742.000,3759.000,3731.000,3743.000,447464,741930,3745.000
2019-01-10,3740.000,3772.000,3738.000,3751.000,628180,760468,3754.000
2019-01-11,3750.000,3753.000,3710.000,3732.000,614710,749992,3729.000
2019-01-14,3721.000,3734.000,3702.000,3714.000,524510,748380,3714.000
2019-01-15,3717.000,3728.000,3710.000,3715.000,385424,750674,3719.000
2019-01-16,3711.000,3729.000,3688.000,3710.000,545768,734292,3713.000
2019-01-17,3697.000,3720.000,3694.000,3706.000,330692,740608,3709.000
2019-01-18,3711.000,3728.000,3696.000,3711.000,484192,754808,3710.000
2019-01-21,3700.000,3704.000,3653.000,3661.000,593572,723620,3676.000
2019-01-22,3640.000,3659.000,3636.000,3644.000,372766,732422,3647.000
2019-01-23,3658.000,3669.000,3652.000,3668.000,370772,740050,3662.000
2019-01-24,3671.000,3674.000,3647.000,3651.000,348868,731234,3658.000
2019-01-25,3644.000,3662.000,3642.000,3652.000,294628,736018,3652.000
2019-01-28,3651.000,3736.000,3646.000,3720.000,707678,772662,3702.000
2019-01-29,3717.000,3743.000,3702.000,3733.000,523108,773414,3721.000
2019-01-30,3748.000,3765.000,3731.000,3746.000,520048,762544,3746.000
2019-01-31,3742.000,3760.000,3721.000,3743.000,423254,735014,3740.000
2019-02-01,3752.000,3769.000,3732.000,3749.000,402364,712152,3753.000
2019-02-11,3728.000,3738.000,3722.000,3727.000,128778,709554,3730.000
2019-02-12,3722.000,3741.000,3719.000,3736.000,277308,751396,3730.000
2019-02-13,3737.000,3743.000,3712.000,3728.000,309634,768542,3726.000
2019-02-14,3715.000,3738.000,3691.000,3698.000,441954,769710,3712.000
2019-02-15,3682.000,3709.000,3678.000,3707.000,368594,766050,3692.000
2019-02-18,3711.000,3746.000,3699.000,3742.000,395502,784372,3724.000
2019-02-19,3744.000,3761.000,3732.000,3734.000,272616,790614,3746.000
2019-02-20,3750.000,3790.000,3745.000,3759.000,604220,804854,3766.000
2019-02-21,3765.000,3787.000,3735.000,3736.000,457394,785868,3759.000
2019-02-22,3730.000,3743.000,3713.000,3720.000,369722,771094,3727.000
2019-02-25,3720.000,3745.000,3717.000,3735.000,430080,783778,3732.000
2019-02-26,3733.000,3734.000,3701.000,3714.000,411664,774376,3719.000
2019-02-27,3703.000,3723.000,3702.000,3708.000,356790,760510,3714.000
2019-02-28,3704.000,3716.000,3665.000,3674.000,499290,746958,3686.000
2019-03-01,3683.000,3691.000,3648.000,3657.000,472070,740744,3667.000
2019-03-04,3648.000,3653.000,3570.000,3574.000,763880,741786,3610.000
2019-03-05,3560.000,3569.000,3537.000,3548.000,639520,749308,3552.000
2019-03-06,3552.000,3574.000,3541.000,3573.000,372268,753210,3555.000
2019-03-07,3562.000,3579.000,3555.000,3558.000,303306,737768,3563.000
2019-03-08,3565.000,3584.000,3542.000,3578.000,389170,728466,3561.000
2019-03-11,3579.000,3618.000,3574.000,3602.000,506060,719200,3602.000
2019-03-12,3601.000,3620.000,3585.000,3614.000,249572,714728,3604.000
2019-03-13,3623.000,3627.000,3608.000,3617.000,199502,713654,3617.000
2019-03-14,3620.000,3627.000,3588.000,3589.000,316100,687836,3606.000
2019-03-15,3580.000,3601.000,3551.000,3596.000,456316,681556,3572.000
2019-03-18,3595.000,3604.000,3574.000,3597.000,247630,667318,3590.000
2019-03-19,3606.000,3614.000,3599.000,3610.000,205244,672644,3607.000
2019-03-20,3612.000,3623.000,3596.000,3602.000,189684,667624,3608.000
2019-03-21,3603.000,3653.000,3588.000,3649.000,440510,674332,3625.000
2019-03-22,3642.000,3646.000,3623.000,3641.000,290774,677906,3635.000
2019-03-25,3630.000,3640.000,3623.000,3635.000,253754,681446,3632.000
2019-03-26,3646.000,3655.000,3629.000,3631.000,284204,673054,3643.000
2019-03-27,3626.000,3636.000,3610.000,3615.000,295830,657420,3622.000
2019-03-28,3612.000,3619.000,3581.000,3589.000,333470,654574,3596.000
2019-03-29,3565.000,3567.000,3512.000,3526.000,510666,628794,3541.000
2019-04-01,3551.000,3557.000,3535.000,3546.000,288434,616996,3548.000
2019-04-02,3560.000,3566.000,3545.000,3549.000,239622,625720,3554.000
2019-04-03,3538.000,3576.000,3532.000,3567.000,312154,622840,3558.000
2019-04-04,3555.000,3573.000,3550.000,3570.000,226814,624930,3562.000
2019-04-08,3568.000,3583.000,3567.000,3578.000,128436,629740,3576.000
2019-04-09,3594.000,3605.000,3582.000,3591.000,214660,629638,3593.000
2019-04-10,3602.000,3602.000,3572.000,3586.000,239738,625754,3586.000
2019-04-11,3583.000,3596.000,3574.000,3576.000,209078,613232,3583.000
2019-04-12,3541.000,3557.000,3520.000,3540.000,372348,622690,3541.000
2019-04-15,3545.000,3553.000,3514.000,3519.000,300266,632014,3532.000
2019-04-16,3511.000,3536.000,3507.000,3531.000,261842,634144,3522.000
2019-04-17,3521.000,3538.000,3512.000,3531.000,250318,627332,3526.000
2019-04-18,3536.000,3542.000,3516.000,3522.000,198958,623022,3525.000
2019-04-19,3529.000,3539.000,3524.000,3529.000,151410,608362,3532.000
2019-04-23,3546.000,3550.000,3523.000,3524.000,185938,583186,3536.000
2019-04-24,3503.000,3510.000,3468.000,3500.000,274774,579008,3497.000
2019-04-25,3510.000,3535.000,3502.000,3526.000,284116,550792,3522.000
2019-04-26,3528.000,3549.000,3527.000,3547.000,251828,523344,3539.000
2019-04-29,3548.000,3559.000,3538.000,3541.000,224638,491454,3548.000
2019-04-30,3536.000,3540.000,3521.000,3533.000,181704,461924,0.000
2019-05-06,3540.000,3549.000,3528.000,3532.000,131780,419712,3539.000
2019-05-07,3520.000,3545.000,3517.000,3541.000,189074,387368,3535.000
2019-05-08,3535.000,3552.000,3531.000,3549.000,156150,366802,3544.000
2019-05-09,3611.000,3626.000,3586.000,3600.000,273170,495670,3600.000
2019-05-10,3588.000,3610.000,3584.000,3591.000,293686,515854,3598.000
2019-05-13,3602.000,3607.000,3589.000,3593.000,15878,537514,3598.000
2019-05-14,3605.000,3643.000,3603.000,3628.000,30630,581524,3628.000
2019-05-15,3633.000,3639.000,3605.000,3611.000,17992,579050,3624.000
2019-05-16,3621.000,3627.000,3613.000,3621.000,245436,580624,3620.000
2019-05-17,3611.000,3618.000,3568.000,3577.000,472244,600288,3587.000
2019-05-20,3565.000,3572.000,3553.000,3556.000,295514,632124,3563.000
2019-05-21,3562.000,3573.000,3556.000,3560.000,201728,647520,3563.000
2019-05-22,3559.000,3567.000,3550.000,3558.000,264712,666016,3558.000
2019-05-23,3568.000,3574.000,3559.000,3572.000,190090,663336,3565.000
2019-05-24,3586.000,3596.000,3577.000,3584.000,354748,647632,3586.000
2019-05-27,3584.000,3591.000,3572.000,3583.000,193676,650272,3583.000
2019-05-28,3585.000,3588.000,3569.000,3576.000,138330,655758,3577.000
2019-05-29,3548.000,3561.000,3534.000,3559.000,443208,715480,3544.000
2019-05-30,3561.000,3569.000,3541.000,3555.000,263112,712802,3554.000
2019-05-31,3562.000,3581.000,3557.000,3576.000,333576,703032,3570.000
2019-06-03,3577.000,3608.000,3572.000,3584.000,513718,703956,3591.000
2019-06-04,3610.000,3623.000,3601.000,3617.000,435350,695460,3612.000
2019-06-05,3610.000,3641.000,3606.000,3631.000,469186,716846,3620.000
2019-06-06,3649.000,3678.000,3613.000,3639.000,678294,729002,3644.000
2019-06-10,3661.000,3663.000,3622.000,3629.000,282638,738932,3637.000
2019-06-11,3624.000,3631.000,3592.000,3599.000,405112,715036,3611.000
2019-06-12,3605.000,3646.000,3593.000,3640.000,455364,770928,3620.000
2019-06-13,3633.000,3639.000,3611.000,3633.000,372516,752796,3627.000
2019-06-14,3628.000,3684.000,3623.000,3678.000,531490,786988,3652.000
2019-06-17,3674.000,3686.000,3625.000,3636.000,582894,760322,3652.000
2019-06-18,3644.000,3654.000,3632.000,3647.000,316240,758826,3642.000
2019-06-19,3660.000,3668.000,3626.000,3651.000,551880,737920,3648.000
2019-06-20,3648.000,3728.000,3641.000,3713.000,716310,789538,3694.000
2019-06-21,3713.000,3753.000,3704.000,3711.000,775480,765066,3726.000
2019-06-24,3719.000,3739.000,3692.000,3720.000,507532,771050,3716.000
2019-06-25,3718.000,3762.000,3712.000,3742.000,642322,806024,3738.000
2019-06-26,3732.000,3758.000,3694.000,3698.000,728262,825608,3727.000
2019-06-27,3711.000,3725.000,3686.000,3691.000,450134,809126,3707.000
2019-06-28,3695.000,3719.000,3679.000,3691.000,474160,782116,3696.000
2019-07-01,3694.000,3707.000,3646.000,3653.000,492196,751740,3675.000
2019-07-02,3673.000,3681.000,3656.000,3669.000,342600,742252,3668.000
2019-07-03,3659.000,3765.000,3651.000,3716.000,805068,765976,3707.000
2019-07-04,3709.000,3717.000,3689.000,3690.000,375964,750610,3704.000
2019-07-05,3693.000,3706.000,3689.000,3691.000,244490,741266,3696.000
2019-07-08,3680.000,3680.000,3637.000,3665.000,571828,742048,3658.000
2019-07-09,3666.000,3669.000,3646.000,3660.000,258596,731442,3657.000
2019-07-10,3662.000,3675.000,3651.000,3657.000,281454,734160,3662.000
2019-07-11,3686.000,3698.000,3666.000,3690.000,441634,737804,3686.000
2019-07-12,3680.000,3686.000,3658.000,3667.000,276184,731986,3671.000
2019-07-15,3660.000,3697.000,3658.000,3693.000,318302,759316,3679.000
2019-07-16,3698.000,3733.000,3690.000,3731.000,516774,840792,3709.000
2019-07-17,3723.000,3793.000,3718.000,3784.000,1280100,969156,3770.000
2019-07-18,3792.000,3915.000,3788.000,3866.000,2097352,1116654,3864.000
2019-07-19,3892.000,3988.000,3881.000,3976.000,1980920,1195532,3935.000
2019-07-22,3965.000,4031.000,3882.000,3951.000,3343320,1180616,3948.000
2019-07-23,3952.000,3969.000,3904.000,3951.000,1376932,1140110,3937.000
2019-07-24,3985.000,4008.000,3954.000,3980.000,1841864,1205330,3979.000
2019-07-25,3995.000,4017.000,3951.000,3977.000,1512624,1167588,3990.000
2019-07-26,3972.000,3984.000,3932.000,3966.000,1303464,1124816,3960.000
2019-07-29,3964.000,3984.000,3944.000,3963.000,1215664,1108684,3962.000
2019-07-30,3958.000,3978.000,3949.000,3977.000,801810,1160762,3963.000
2019-07-31,3975.000,3989.000,3961.000,3971.000,877780,1101954,3972.000
2019-08-01,3967.000,3973.000,3865.000,3869.000,1711912,1016896,3925.000
2019-08-02,3870.000,3958.000,3857.000,3913.000,1625506,962594,3907.000
2019-08-05,3897.000,4088.000,3893.000,4067.000,2588158,1130726,3995.000
2019-08-06,4065.000,4089.000,4003.000,4040.000,2194994,1082308,4055.000
2019-08-07,4038.000,4154.000,4034.000,4124.000,2285714,1160848,4101.000
2019-08-08,4184.000,4248.000,4175.000,4209.000,2934332,1228772,4212.000
2019-08-09,4175.000,4237.000,4153.000,4191.000,1893366,1216624,4198.000
2019-08-12,4187.000,4224.000,4165.000,4168.000,1658214,1215990,4195.000
2019-08-13,4191.000,4323.000,4188.000,4309.000,2077408,1328054,4260.000
2019-08-14,4301.000,4308.000,4082.000,4170.000,2955682,1198368,4185.000
2019-08-15,4229.000,4281.000,4191.000,4230.000,2470924,1231446,4241.000
2019-08-16,4224.000,4266.000,4218.000,4231.000,1347406,1221814,4238.000
2019-08-19,4233.000,4238.000,4174.000,4194.000,1379118,1185464,4204.000
2019-08-20,4169.000,4191.000,4153.000,4183.000,1005654,1177808,4173.000
2019-08-21,4188.000,4237.000,4185.000,4196.000,1334466,1182256,4212.000
2019-08-22,4208.000,4228.000,4196.000,4207.000,895484,1170036,4211.000
2019-08-23,4205.000,4234.000,4192.000,4208.000,888296,1163188,4214.000
2019-08-26,4229.000,4424.000,4216.000,4392.000,2882328,1223448,4324.000
2019-08-27,4370.000,4442.000,4361.000,4422.000,1931654,1295082,4412.000
2019-08-28,4482.000,4574.000,4479.000,4546.000,3400972,1294952,4523.000
2019-08-29,4577.000,4644.000,4524.000,4640.000,3007164,1422364,4579.000
2019-08-30,4619.000,4639.000,4505.000,4561.000,3656140,1367494,4573.000
2019-09-02,4577.000,4595.000,4522.000,4561.000,2418216,1330656,4560.000
2019-09-03,4560.000,4623.000,4552.000,4609.000,2224864,1400692,4596.000
2019-09-04,4626.000,4825.000,4623.000,4807.000,4563554,1408930,4757.000
2019-09-05,4815.000,4843.000,4767.000,4829.000,3000192,1396046,4811.000
2019-09-06,4769.000,4786.000,4570.000,4570.000,5181026,1175034,4664.000
2019-09-09,4615.000,4651.000,4367.000,4469.000,4682456,1003104,4525.000
2019-09-10,4497.000,4504.000,4380.000,4425.000,3254282,1065510,4439.000
2019-09-11,4436.000,4507.000,4415.000,4485.000,2802734,1068030,4476.000
2019-09-12,4475.000,4484.000,4418.000,4460.000,2116072,985472,4454.000
2019-09-16,4373.000,4433.000,4350.000,4401.000,908726,1030474,4402.000
2019-09-17,4391.000,4436.000,4375.000,4389.000,1599504,1062072,4405.000
2019-09-18,4401.000,4453.000,4395.000,4415.000,1608768,1045060,4421.000
2019-09-19,4417.000,4435.000,4315.000,4378.000,2125524,1051266,4388.000
2019-09-20,4415.000,4433.000,4390.000,4413.000,1380006,1073348,4412.000
2019-09-23,4401.000,4549.000,4380.000,4529.000,2107386,1175968,4468.000
2019-09-24,4556.000,4623.000,4544.000,4583.000,2298520,1148548,4587.000
2019-09-25,4574.000,4609.000,4509.000,4578.000,2807452,1128962,4566.000
2019-09-26,4570.000,4590.000,4422.000,4445.000,2981230,1011000,4495.000
2019-09-27,4416.000,4464.000,4288.000,4330.000,2486324,906446,4396.000
2019-09-30,4332.000,4340.000,4248.000,4275.000,2487420,840936,4290.000
2019-10-08,4263.000,4317.000,4250.000,4297.000,575380,842658,4291.000
2019-10-09,4352.000,4434.000,4341.000,4429.000,2010650,946082,4397.000
2019-10-10,4403.000,4420.000,4353.000,4374.000,1752520,931178,4394.000
2019-10-11,4353.000,4368.000,4295.000,4355.000,2018018,938488,4330.000
2019-10-14,4297.000,4333.000,4270.000,4313.000,2200630,942196,4303.000
2019-10-15,4309.000,4355.000,4303.000,4325.000,1345868,953076,4331.000
2019-10-16,4323.000,4334.000,4236.000,4254.000,1794948,975416,4287.000
2019-10-17,4290.000,4306.000,4256.000,4291.000,1442604,958386,4280.000
2019-10-18,4304.000,4331.000,4286.000,4302.000,1288274,959288,4306.000
2019-10-21,4306.000,4362.000,4287.000,4342.000,1491664,1015936,4320.000
2019-10-22,4356.000,4388.000,4284.000,4310.000,1757976,958904,4336.000
2019-10-23,4307.000,4325.000,4288.000,4321.000,1113208,948662,4306.000
2019-10-24,4317.000,4326.000,4297.000,4309.000,856370,955964,4310.000
2019-10-25,4315.000,4427.000,4312.000,4418.000,2060506,1051330,4372.000
2019-10-28,4476.000,4487.000,4366.000,4426.000,2325544,967828,4428.000
2019-10-29,4400.000,4405.000,4337.000,4346.000,1578632,865844,4370.000
2019-10-30,4341.000,4382.000,4323.000,4366.000,1346462,816474,4354.000
2019-10-31,4359.000,4384.000,4320.000,4366.000,1227034,749340,4360.000
2019-11-01,4397.000,4416.000,4375.000,4400.000,1199110,695670,4394.000
2019-11-04,4375.000,4406.000,4363.000,4398.000,923380,688840,4390.000
2019-11-05,4405.000,4426.000,4364.000,4373.000,916088,630100,4391.000
2019-11-06,4354.000,4362.000,4234.000,4249.000,1584042,590278,4285.000
2019-11-07,4236.000,4280.000,4223.000,4271.000,867488,561228,4257.000
2019-11-08,4240.000,4251.000,4085.000,4114.000,1722186,521026,4154.000
2019-11-11,4063.000,4109.000,4052.000,4091.000,1062880,497082,4085.000
2019-11-12,4084.000,4106.000,4036.000,4072.000,874890,459670,4076.000
2019-11-13,4075.000,4131.000,4046.000,4123.000,633340,442928,4083.000
2019-11-14,4154.000,4168.000,4120.000,4152.000,1090458,558850,4144.000
2019-11-15,4159.000,4170.000,4101.000,4118.000,1286420,562954,4139.000
2019-11-18,4108.000,4138.000,4107.000,4116.000,898140,592948,4121.000
2019-11-19,4092.000,4192.000,4091.000,4185.000,1621750,628826,4147.000
2019-11-20,4170.000,4192.000,4132.000,4170.000,1391504,624046,4165.000
2019-11-21,4164.000,4184.000,4148.000,4163.000,1111332,630316,4166.000
2019-11-22,4165.000,4175.000,4146.000,4161.000,1155326,636376,4160.000
2019-11-25,4173.000,4174.000,4109.000,4111.000,1297056,637578,4144.000
2019-11-26,4117.000,4138.000,4094.000,4129.000,1165846,610292,4118.000
2019-11-27,4120.000,4165.000,4107.000,4148.000,1448306,594702,4141.000
2019-11-28,4146.000,4151.000,4127.000,4134.000,1028532,565918,4139.000
2019-11-29,4130.000,4151.000,4127.000,4135.000,484590,558486,4137.000
2019-12-02,4130.000,4159.000,4115.000,4127.000,1082456,552534,4134.000
2019-12-03,4125.000,4144.000,4122.000,4128.000,905518,561152,4134.000
2019-12-04,4155.000,4255.000,4152.000,4249.000,2035208,627702,4207.000
2019-12-05,4223.000,4236.000,4159.000,4174.000,1825278,562816,4189.000
2019-12-06,4168.000,4184.000,4135.000,4148.000,1050784,556724,4165.000
2019-12-09,4152.000,4174.000,4056.000,4080.000,2001642,571514,4094.000
2019-12-10,4095.000,4098.000,4073.000,4082.000,622702,569168,4081.000
2019-12-11,4088.000,4097.000,4071.000,4083.000,692566,560412,4083.000
2019-12-12,4083.000,4146.000,4081.000,4128.000,1114428,550616,4117.000
2019-12-13,4137.000,4194.000,4080.000,4103.000,2177434,546652,4125.000
2019-12-16,4129.000,4156.000,4089.000,4151.000,1716830,550702,4125.000
2019-12-17,4150.000,4163.000,4134.000,4155.000,798152,550262,4147.000
2019-12-18,4159.000,4167.000,4132.000,4159.000,703766,555822,4148.000
2019-12-19,4148.000,4161.000,4125.000,4143.000,759206,525924,4143.000
2019-12-20,4140.000,4177.000,4138.000,4168.000,729018,539798,4156.000
2019-12-23,4169.000,4231.000,4165.000,4230.000,1313042,582078,4194.000
2019-12-24,4226.000,4300.000,4211.000,4275.000,1325492,561672,4252.000
2019-12-25,4280.000,4319.000,4272.000,4312.000,915410,559874,4300.000
2019-12-26,4308.000,4384.000,4299.000,4367.000,972236,536558,4347.000
2019-12-27,4379.000,4386.000,4322.000,4334.000,1444588,480186,4354.000
2019-12-30,4337.000,4364.000,4326.000,4342.000,1010228,430444,4347.000
2019-12-31,4339.000,4406.000,4321.000,4384.000,1082986,387026,4368.000
2020-01-02,4341.000,4342.000,4300.000,4320.000,196596,165172,4321.000
2020-01-03,4329.000,4425.000,4329.000,4395.000,481068,136650,4374.000
2020-01-06,4457.000,4550.000,4422.000,4515.000,685985,462510,4484.000
2020-01-07,4525.000,4534.000,4401.000,4439.000,839499,457587,4459.000
2020-01-08,4424.000,4608.000,4421.000,4530.000,929547,460241,4509.000
2020-01-09,4481.000,4490.000,4324.000,4350.000,1049723,448396,4421.000
2020-01-10,4374.000,4377.000,4332.000,4339.000,511861,452566,4351.000
2020-01-13,4340.000,4394.000,4325.000,4352.000,681553,450540,4367.000
2020-01-14,4359.000,4363.000,4252.000,4271.000,586937,440612,4308.000
2020-01-15,4276.000,4324.000,4269.000,4306.000,459451,428614,4295.000
2020-01-16,4297.000,4346.000,4283.000,4317.000,509325,437909,4320.000
2020-01-17,4330.000,4345.000,4307.000,4335.000,354362,444088,4324.000
2020-01-20,4341.000,4363.000,4309.000,4331.000,434295,451485,4333.000
2020-01-21,4328.000,4379.000,4323.000,4370.000,308028,461757,4354.000
2020-01-22,4346.000,4348.000,4262.000,4286.000,545057,441094,4295.000
2020-01-23,4292.000,4316.000,4284.000,4288.000,286825,432255,4298.000
2020-02-03,4362.000,4380.000,4328.000,4337.000,228224,437195,4345.000
2020-02-04,4328.000,4330.000,4295.000,4318.000,158890,435032,4314.000
2020-02-05,4299.000,4327.000,4276.000,4318.000,198353,453733,4302.000
2020-02-06,4302.000,4311.000,4290.000,4304.000,135135,456027,4300.000
2020-02-07,4330.000,4346.000,4310.000,4317.000,167300,456349,4328.000
2020-02-10,4333.000,4333.000,4308.000,4310.000,112846,462081,4318.000
2020-02-11,4316.000,4322.000,4305.000,4317.000,114604,461696,4314.000
2020-02-12,4290.000,4295.000,4237.000,4255.000,303258,482263,4264.000
2020-02-13,4258.000,4292.000,4256.000,4283.000,154015,473448,4276.000
2020-02-14,4285.000,4301.000,4278.000,4293.000,125375,466253,4290.000
2020-02-17,4301.000,4338.000,4301.000,4332.000,190651,470216,4328.000
2020-02-18,4330.000,4362.000,4329.000,4339.000,192489,473103,4343.000
2020-02-19,4410.000,4457.000,4409.000,4442.000,322666,497503,4435.000
2020-02-20,4455.000,4488.000,4433.000,4457.000,337565,500135,4461.000
2020-02-21,4478.000,4524.000,4473.000,4512.000,343040,503389,4500.000
2020-02-24,4546.000,4584.000,4527.000,4546.000,361456,502435,4552.000
2020-02-25,4498.000,4525.000,4436.000,4449.000,478820,478427,4484.000
2020-02-26,4389.000,4431.000,4380.000,4402.000,388605,471370,4405.000
2020-02-27,4375.000,4489.000,4371.000,4387.000,349706,477017,4391.000
2020-02-28,4347.000,4353.000,4127.000,4164.000,883621,464254,4234.000
2020-03-02,4078.000,4125.000,4062.000,4095.000,497770,461934,4092.000
2020-03-03,4073.000,4116.000,4052.000,4071.000,361821,466765,4088.000
2020-03-04,4168.000,4177.000,4138.000,4155.000,386587,449702,4154.000
2020-03-05,4149.000,4155.000,4127.000,4146.000,168184,443568,4140.000
2020-03-06,4202.000,4212.000,4162.000,4177.000,320825,442510,4185.000
2020-03-09,4175.000,4183.000,3953.000,4000.000,811443,465778,4049.000
2020-03-10,4030.000,4103.000,4004.000,4086.000,462591,443145,4071.000
2020-03-11,4088.000,4111.000,4074.000,4090.000,237575,436097,4096.000
2020-03-12,4071.000,4082.000,3951.000,3996.000,466128,433201,4006.000
2020-03-13,3782.000,3838.000,3765.000,3791.000,510242,417641,3789.000
2020-03-16,3571.000,3587.000,3561.000,3561.000,267021,416315,3568.000
2020-03-17,3211.000,3211.000,3211.000,3211.000,24570,410360,3211.000
2020-03-18,3080.000,3126.000,2944.000,3003.000,729359,392236,3055.000
2020-03-19,2950.000,2986.000,2857.000,2937.000,679141,385659,2928.000
2020-03-20,2967.000,3132.000,2965.000,3132.000,664268,389159,3068.000
2020-03-23,3101.000,3158.000,3066.000,3121.000,572493,369163,3117.000
2020-03-24,3335.000,3335.000,3238.000,3335.000,343565,374925,3304.000
2020-03-25,3520.000,3551.000,3456.000,3538.000,586142,382741,3499.000
2020-03-26,3535.000,3542.000,3482.000,3514.000,403837,383426,3510.000
2020-03-27,3522.000,3587.000,3516.000,3564.000,380621,386295,3561.000
2020-03-30,3501.000,3506.000,3343.000,3364.000,517183,388634,3385.000
2020-03-31,3390.000,3444.000,3390.000,3433.000,283265,378120,3424.000
2020-04-01,3415.000,3423.000,3386.000,3402.000,224870,379983,3404.000
2020-04-02,3390.000,3498.000,3380.000,3491.000,309231,370991,3439.000
2020-04-03,3529.000,3563.000,3512.000,3553.000,281515,369175,3542.000
2020-04-07,3786.000,3795.000,3704.000,3764.000,313786,374318,3743.000
2020-04-08,3662.000,3717.000,3643.000,3690.000,279734,363169,3683.000
2020-04-09,3699.000,3706.000,3673.000,3700.000,167663,356448,3690.000
2020-04-10,3773.000,3780.000,3723.000,3727.000,153379,357459,3739.000
2020-04-13,3737.000,3754.000,3637.000,3705.000,349931,349678,3687.000
2020-04-14,3726.000,3818.000,3715.000,3778.000,345876,346402,3773.000
2020-04-15,3791.000,3832.000,3700.000,3708.000,304886,349754,3783.000
2020-04-16,3714.000,3787.000,3683.000,3778.000,294576,352060,3732.000
2020-04-17,3764.000,3768.000,3624.000,3681.000,422961,353687,3688.000
2020-04-20,3640.000,3704.000,3615.000,3677.000,314632,327171,3664.000
2020-04-21,3680.000,3727.000,3664.000,3698.000,308053,312187,3692.000
2020-04-22,3633.000,3635.000,3533.000,3549.000,402575,316469,3572.000
2020-04-23,3635.000,3729.000,3608.000,3699.000,369846,281084,3676.000
2020-04-24,3666.000,3723.000,3661.000,3713.000,226637,268285,3689.000
2020-04-27,3709.000,3736.000,3666.000,3674.000,225001,254927,3703.000
2020-04-28,3681.000,3681.000,3584.000,3600.000,288319,235935,3622.000
2020-04-29,3658.000,3679.000,3633.000,3664.000,172742,219237,3658.000
2020-04-30,3675.000,3708.000,3646.000,3696.000,199311,202509,3678.000
2020-05-06,3606.000,3695.000,3590.000,3672.000,172640,189010,3661.000
2020-05-07,3660.000,3668.000,3637.000,3652.000,281552,175322,3651.000
2020-05-08,3674.000,3795.000,3667.000,3777.000,561059,189787,3734.000
2020-05-11,3757.000,3805.000,3727.000,3782.000,633329,161607,3775.000
2020-05-12,3780.000,3794.000,3743.000,3762.000,328883,142911,3764.000
2020-05-13,3766.000,3808.000,3756.000,3785.000,355641,126155,3779.000
2020-05-14,3798.000,3822.000,3743.000,3792.000,360458,111494,3782.000
2020-05-15,3793.000,3991.000,3772.000,3962.000,659983,113749,3890.000
2020-05-18,4044.000,4201.000,3990.000,4201.000,575198,104218,4082.000
2020-05-19,4243.000,4261.000,4138.000,4190.000,937585,379873,4191.000
2020-05-20,4203.000,4346.000,4195.000,4329.000,1109965,438829,4289.000
2020-05-21,4289.000,4326.000,4190.000,4214.000,965581,424081,4258.000
2020-05-22,4226.000,4247.000,4100.000,4150.000,1314484,412569,4156.000
2020-05-25,4198.000,4250.000,4153.000,4167.000,1122137,416148,4212.000
2020-05-26,4195.000,4319.000,4180.000,4288.000,1012424,466131,4257.000
2020-05-27,4284.000,4310.000,4194.000,4225.000,1172064,442019,4239.000
2020-05-28,4185.000,4310.000,4148.000,4291.000,1419770,491258,4242.000
2020-05-29,4281.000,4345.000,4273.000,4306.000,1362173,496199,4302.000
2020-06-01,4375.000,4519.000,4373.000,4515.000,1364182,531291,4433.000
2020-06-02,4474.000,4505.000,4430.000,4481.000,1047036,518276,4473.000
2020-06-03,4479.000,4495.000,4349.000,4388.000,1454951,496385,4412.000
2020-06-04,4330.000,4356.000,4283.000,4299.000,1280719,479173,4322.000
2020-06-05,4356.000,4367.000,4310.000,4325.000,963162,467660,4338.000
2020-06-08,4235.000,4335.000,4213.000,4311.000,999988,478852,4259.000
2020-06-09,4311.000,4329.000,4262.000,4297.000,815489,478201,4293.000
2020-06-10,4317.000,4347.000,4308.000,4333.000,651667,496927,4329.000
2020-06-11,4383.000,4403.000,4285.000,4364.000,1116815,481711,4354.000
2020-06-12,4362.000,4398.000,4234.000,4297.000,1320935,466526,4324.000
2020-06-15,4302.000,4328.000,4167.000,4191.000,1339702,477605,4259.000
2020-06-16,4151.000,4250.000,4141.000,4221.000,1104467,472843,4201.000
2020-06-17,4238.000,4279.000,4209.000,4259.000,1036846,467210,4248.000
2020-06-18,4265.000,4284.000,4243.000,4261.000,616594,464126,4264.000
2020-06-19,4249.000,4295.000,4221.000,4287.000,718908,475947,4249.000
2020-06-22,4313.000,4400.000,4292.000,4363.000,1112715,479015,4344.000
2020-06-23,4382.000,4387.000,4307.000,4322.000,930480,459195,4346.000
2020-06-24,4350.000,4377.000,4335.000,4356.000,713311,444880,4352.000
2020-06-29,4366.000,4376.000,4329.000,4335.000,269221,437340,4349.000
2020-06-30,4321.000,4350.000,4302.000,4346.000,534856,432789,4326.000
2020-07-01,4340.000,4453.000,4323.000,4436.000,1143975,499920,4408.000
2020-07-02,4429.000,4432.000,4333.000,4357.000,1135405,446561,4373.000
2020-07-03,4333.000,4398.000,4311.000,4376.000,902825,450519,4367.000
2020-07-06,4376.000,4395.000,4356.000,4379.000,505595,443834,4373.000
2020-07-07,4417.000,4444.000,4375.000,4388.000,786865,450262,4413.000
2020-07-08,4369.000,4439.000,4362.000,4429.000,712522,469547,4415.000
2020-07-09,4457.000,4545.000,4455.000,4536.000,1167621,548648,4501.000
2020-07-10,4536.000,4555.000,4430.000,4450.000,1278836,490553,4484.000
2020-07-13,4488.000,4585.000,4464.000,4580.000,996758,581178,4515.000
2020-07-14,4582.000,4643.000,4546.000,4575.000,1253665,550767,4594.000
2020-07-15,4590.000,4633.000,4573.000,4611.000,825060,550091,4602.000
2020-07-16,4619.000,4628.000,4573.000,4594.000,879332,519639,4602.000
2020-07-17,4590.000,4619.000,4514.000,4544.000,848281,503062,4573.000
2020-07-20,4569.000,4615.000,4562.000,4599.000,739398,514334,4591.000
2020-07-21,4668.000,4865.000,4666.000,4851.000,1370339,622575,4744.000
2020-07-22,5001.000,5123.000,4963.000,5123.000,870309,611064,5004.000
2020-07-23,5280.000,5442.000,5168.000,5400.000,2557206,555093,5307.000
2020-07-24,5340.000,5468.000,5315.000,5346.000,2027448,557877,5380.000
2020-07-27,5375.000,5800.000,5355.000,5718.000,2776420,581657,5545.000
2020-07-28,5729.000,5988.000,5650.000,5778.000,2749676,576989,5770.000
2020-07-29,5650.000,5822.000,5601.000,5750.000,3092092,574105,5726.000
2020-07-30,5765.000,5783.000,5516.000,5569.000,2168767,579847,5690.000
2020-07-31,5469.000,5758.000,5454.000,5723.000,2891500,593427,5569.000
2020-08-03,5731.000,5764.000,5613.000,5720.000,2245043,592199,5690.000
2020-08-04,5718.000,5768.000,5671.000,5729.000,1250441,601561,5715.000
2020-08-05,5724.000,6172.000,5715.000,6172.000,3494818,638981,6009.000
2020-08-06,6221.000,6528.000,6177.000,6472.000,3053965,616556,6327.000
2020-08-07,6560.000,6833.000,6511.000,6594.000,3376097,625227,6652.000
2020-08-10,6661.000,6706.000,6412.000,6635.000,3395419,636760,6543.000
2020-08-11,6664.000,6877.000,6450.000,6535.000,4250813,630813,6710.000
2020-08-12,6350.000,6394.000,6173.000,6173.000,2210889,604538,6313.000
2020-08-13,6040.000,6109.000,5905.000,6024.000,3366130,577161,6013.000
2020-08-14,6122.000,6462.000,6083.000,6116.000,4747297,583410,6267.000
2020-08-17,6152.000,6296.000,5953.000,6222.000,5045827,589125,6144.000
2020-08-18,6305.000,6460.000,6260.000,6459.000,3364969,612318,6353.000
2020-08-19,6533.000,6558.000,6208.000,6257.000,5271543,575641,6353.000
2020-08-20,6295.000,6350.000,6031.000,6113.000,4785301,595880,6185.000
2020-08-21,6138.000,6188.000,6052.000,6088.000,2674014,572683,6115.000
2020-08-24,5900.000,5944.000,5756.000,5791.000,3349166,590937,5835.000
2020-08-25,5956.000,5976.000,5813.000,5857.000,2394478,573349,5878.000
2020-08-26,5845.000,5873.000,5781.000,5833.000,1645256,582090,5828.000
2020-08-27,5829.000,6079.000,5819.000,6058.000,2571255,589277,5994.000
2020-08-28,6041.000,6205.000,5925.000,6099.000,3224310,581847,6046.000
2020-08-31,6120.000,6284.000,6082.000,6215.000,1911756,588533,6170.000
2020-09-01,6230.000,6406.000,6215.000,6375.000,1670387,610769,6302.000
2020-09-02,6380.000,6398.000,6210.000,6223.000,1765243,586439,6303.000
2020-09-03,6210.000,6226.000,5957.000,5975.000,2368258,598158,6124.000
2020-09-04,6021.000,6111.000,5855.000,5931.000,3177061,573627,5984.000
2020-09-07,5920.000,6069.000,5851.000,5948.000,2481925,571680,5948.000
2020-09-08,5948.000,6017.000,5918.000,5998.000,1293477,565793,5967.000
2020-09-09,5900.000,5986.000,5726.000,5880.000,2737191,566202,5871.000
2020-09-10,5927.000,6039.000,5915.000,5970.000,1641158,569081,5969.000
2020-09-11,6050.000,6066.000,5859.000,5910.000,1587192,567084,5963.000
2020-09-14,5916.000,5947.000,5841.000,5888.000,1207678,573062,5905.000
2020-09-15,5938.000,6002.000,5915.000,5973.000,1156467,572608,5953.000
2020-09-16,5987.000,5996.000,5885.000,5939.000,1078218,565403,5930.000
2020-09-17,5940.000,5970.000,5785.000,5805.000,1387242,609468,5889.000
2020-09-18,5801.000,5890.000,5686.000,5887.000,1646349,576388,5792.000
2020-09-21,5834.000,5881.000,5748.000,5764.000,1221963,577138,5821.000
2020-09-22,5652.000,5695.000,5238.000,5238.000,3304647,571353,5385.000
2020-09-23,5232.000,5310.000,4890.000,4984.000,2759776,569777,5141.000
2020-09-24,4971.000,5047.000,4690.000,4757.000,3037322,616008,4891.000
2020-09-25,4786.000,5020.000,4752.000,4987.000,2912603,571034,4901.000
2020-09-28,4921.000,4984.000,4812.000,4875.000,1981923,573213,4920.000
2020-09-29,4944.000,5085.000,4941.000,5026.000,1667789,553923,5017.000
2020-09-30,5061.000,5128.000,5032.000,5076.000,1352046,537369,5079.000
2020-10-09,5095.000,5156.000,5085.000,5111.000,420006,536983,5114.000
2020-10-12,5170.000,5460.000,5166.000,5374.000,1589790,565140,5314.000
2020-10-13,5396.000,5400.000,5247.000,5312.000,1339586,558922,5335.000
2020-10-14,5276.000,5277.000,5061.000,5149.000,1860826,561261,5141.000
2020-10-15,5207.000,5229.000,5087.000,5123.000,1384946,546761,5164.000
2020-10-16,5033.000,5192.000,4994.000,5133.000,1628592,539150,5103.000
2020-10-19,5152.000,5273.000,5091.000,5239.000,1569669,546079,5159.000
2020-10-20,5266.000,5274.000,5158.000,5192.000,1195973,519109,5207.000
2020-10-21,5234.000,5316.000,5193.000,5286.000,1279635,530534,5257.000
2020-10-22,5334.000,5366.000,5212.000,5278.000,1402279,500541,5292.000
2020-10-23,5233.000,5260.000,5163.000,5205.000,1187392,486546,5210.000
2020-10-26,5235.000,5254.000,5068.000,5096.000,1201013,490494,5167.000
2020-10-27,5111.000,5209.000,5101.000,5198.000,1039131,463033,5158.000
2020-10-28,5175.000,5234.000,5145.000,5202.000,839967,452463,5181.000
2020-10-29,5048.000,5050.000,4898.000,4958.000,1697049,429767,4961.000
2020-10-30,4810.000,4998.000,4774.000,4921.000,1621216,408417,4916.000
2020-11-02,5000.000,5116.000,4960.000,5086.000,1328472,392185,5027.000
2020-11-03,5114.000,5165.000,5077.000,5136.000,903571,379732,5119.000
2020-11-04,5186.000,5229.000,4995.000,5062.000,1374387,369049,5134.000
2020-11-05,5124.000,5172.000,5065.000,5168.000,947890,362928,5112.000
2020-11-06,5279.000,5394.000,5212.000,5335.000,1408211,362665,5288.000
2020-11-09,5414.000,5458.000,5339.000,5369.000,1298100,346771,5392.000
2020-11-10,5172.000,5214.000,4999.000,5068.000,1587837,328567,5096.000
2020-11-11,5068.000,5118.000,5059.000,5107.000,647213,312476,5093.000
2020-11-12,5085.000,5128.000,4980.000,5079.000,1070947,311228,5060.000
2020-11-13,5075.000,5114.000,5060.000,5089.000,500781,296307,5090.000
2020-11-16,5111.000,5268.000,5110.000,5228.000,817143,275858,5205.000
2020-11-17,5123.000,5213.000,5092.000,5157.000,671493,255786,5157.000
2020-11-18,5154.000,5185.000,5088.000,5101.000,532854,242262,5135.000
2020-11-19,5086.000,5172.000,5002.000,5023.000,750217,244171,5090.000
2020-11-20,5030.000,5069.000,4962.000,5050.000,696133,216287,5020.000
2020-11-23,5056.000,5122.000,5043.000,5065.000,560559,198102,5086.000
2020-11-24,5030.000,5049.000,4852.000,4899.000,903961,202636,4944.000
2020-11-25,4847.000,4913.000,4801.000,4856.000,648066,176163,4861.000
2020-11-26,4902.000,4920.000,4843.000,4895.000,333161,146852,4890.000
2020-11-27,4923.000,4942.000,4886.000,4910.000,559802,237599,4914.000
2020-11-30,4903.000,4909.000,4625.000,4686.000,1695627,289020,4747.000
2020-12-01,4669.000,4857.000,4653.000,4838.000,1211086,300433,4760.000
2020-12-02,4940.000,5073.000,4936.000,5019.000,1484782,297296,5003.000
2020-12-03,5034.000,5076.000,4982.000,5062.000,1167402,312647,5031.000
2020-12-04,5097.000,5112.000,4991.000,5104.000,1233085,322925,5041.000
2020-12-07,5095.000,5137.000,5027.000,5052.000,1190170,307301,5065.000
2020-12-08,4999.000,5213.000,4949.000,5189.000,1587521,327217,5129.000
2020-12-09,5170.000,5230.000,5075.000,5082.000,1222280,311108,5151.000
2020-12-10,5053.000,5130.000,4977.000,4979.000,1239296,298569,5056.000
2020-12-11,5008.000,5105.000,4990.000,5013.000,1115269,286199,5046.000
2020-12-14,5001.000,5060.000,4967.000,5009.000,977808,293490,5021.000
2020-12-15,4996.000,5094.000,4987.000,5093.000,1202712,306991,5039.000
2020-12-16,5109.000,5259.000,5097.000,5246.000,1292755,356569,5168.000
2020-12-17,5310.000,5387.000,5197.000,5374.000,1513521,348095,5281.000
2020-12-18,5450.000,5470.000,5379.000,5414.000,1485576,333068,5425.000
2020-12-21,5435.000,5805.000,5383.000,5718.000,1861595,327642,5544.000
2020-12-22,5559.000,5614.000,5339.000,5398.000,2084450,292998,5496.000
2020-12-23,5404.000,5492.000,5272.000,5342.000,1762609,289629,5378.000
2020-12-24,5321.000,5465.000,5321.000,5430.000,1188110,281957,5405.000
2020-12-25,5405.000,5445.000,5337.000,5423.000,933596,281162,5402.000
2020-12-28,5423.000,5679.000,5411.000,5582.000,1247274,291953,5561.000
2020-12-29,5552.000,5664.000,5480.000,5502.000,1532121,276115,5594.000
2020-12-30,5523.000,5599.000,5485.000,5568.000,1388708,271867,5537.000
2020-12-31,5565.000,5645.000,5535.000,5586.000,1169312,258538,5585.000
2021-01-04,5680.000,5761.000,5661.000,5705.000,532691,254240,5712.000
2021-01-05,5718.000,5790.000,5621.000,5728.000,1203318,241784,5724.000
2021-01-06,5743.000,5768.000,5681.000,5708.000,820975,231961,5722.000
2021-01-07,5700.000,5725.000,5551.000,5678.000,1256750,220279,5639.000
2021-01-08,5658.000,5683.000,5590.000,5607.000,835794,208888,5639.000
2021-01-11,5521.000,5544.000,5075.000,5123.000,2075594,186499,5295.000
2021-01-12,5125.000,5265.000,5051.000,5247.000,1262848,170900,5164.000
2021-01-13,5235.000,5282.000,5174.000,5248.000,853838,163547,5224.000
2021-01-14,5202.000,5263.000,5162.000,5200.000,751347,155614,5221.000
2021-01-15,5220.000,5355.000,5204.000,5229.000,889094,138498,5277.000
2021-01-18,5226.000,5243.000,5069.000,5202.000,1198025,129915,5142.000
2021-01-19,5180.000,5274.000,5165.000,5224.000,525199,122159,5212.000
2021-01-20,5234.000,5295.000,5177.000,5281.000,651221,117755,5233.000
2021-01-21,5237.000,5392.000,5182.000,5362.000,867845,113698,5301.000
2021-01-22,5337.000,5361.000,5222.000,5270.000,598429,102555,5308.000
2021-01-25,5215.000,5315.000,5160.000,5257.000,593422,92874,5250.000
2021-01-26,5286.000,5328.000,5204.000,5222.000,514078,87766,5258.000
2021-01-27,5324.000,5361.000,5262.000,5295.000,680168,396940,5318.000
2021-01-28,5246.000,5330.000,5169.000,5243.000,1117733,414656,5252.000
2021-01-29,5283.000,5550.000,5263.000,5479.000,2118281,437072,5435.000
2021-02-01,5654.000,5949.000,5522.000,5939.000,2285710,516568,5707.000
2021-02-02,6049.000,6085.000,5804.000,5879.000,2532280,497535,5950.000
2021-02-03,5700.000,5756.000,5490.000,5590.000,2379612,455446,5622.000
2021-02-04,5607.000,5638.000,5446.000,5517.000,1385000,455704,5564.000
2021-02-05,5502.000,5533.000,5385.000,5467.000,1479420,454447,5451.000
2021-02-08,5475.000,5613.000,5441.000,5583.000,1280746,450260,5543.000
2021-02-09,5608.000,5678.000,5576.000,5636.000,805495,440720,5635.000
2021-02-10,5647.000,5688.000,5533.000,5607.000,878925,416119,5604.000
2021-02-18,5610.000,5662.000,5572.000,5599.000,337866,425168,5613.000
2021-02-19,5598.000,5650.000,5480.000,5542.000,1007046,443967,5571.000
2021-02-22,5576.000,5789.000,5574.000,5744.000,1270007,486383,5710.000
2021-02-23,5732.000,5908.000,5686.000,5859.000,1244271,507234,5812.000
2021-02-24,5830.000,5844.000,5691.000,5753.000,1141322,484027,5766.000
2021-02-25,5779.000,5888.000,5673.000,5811.000,1292160,498236,5777.000
2021-02-26,5811.000,5848.000,5534.000,5552.000,1549990,460106,5713.000
2021-03-01,5510.000,5598.000,5440.000,5573.000,1463999,440822,5523.000
2021-03-02,5551.000,5585.000,5351.000,5414.000,1098347,440446,5485.000
2021-03-03,5467.000,5559.000,5442.000,5517.000,866443,426427,5493.000
2021-03-04,5500.000,5504.000,5365.000,5381.000,1259863,441301,5421.000
2021-03-05,5393.000,5432.000,5161.000,5187.000,1546761,462835,5315.000
2021-03-08,5223.000,5399.000,5149.000,5316.000,1459478,440274,5254.000
2021-03-09,5259.000,5312.000,5193.000,5293.000,1056171,446461,5258.000
2021-03-10,5351.000,5450.000,5313.000,5360.000,1087909,436235,5385.000
2021-03-11,5362.000,5480.000,5350.000,5455.000,921485,438464,5413.000
2021-03-12,5456.000,5468.000,5319.000,5344.000,951411,444977,5403.000
2021-03-15,5330.000,5460.000,5273.000,5400.000,1040568,429916,5358.000
2021-03-16,5455.000,5488.000,5411.000,5430.000,763192,431900,5448.000
2021-03-17,5411.000,5442.000,5356.000,5412.000,768902,429997,5397.000
2021-03-18,5394.000,5560.000,5378.000,5558.000,884500,480425,5471.000
2021-03-19,5470.000,5485.000,5382.000,5446.000,1014501,431354,5435.000
2021-03-22,5457.000,5476.000,5303.000,5311.000,905415,449775,5395.000
2021-03-23,5310.000,5368.000,5290.000,5331.000,663828,439532,5333.000
2021-03-24,5332.000,5342.000,5188.000,5237.000,940748,450706,5241.000
2021-03-25,5260.000,5276.000,5197.000,5213.000,650970,457027,5240.000
2021-03-26,5109.000,5279.000,5090.000,5262.000,1222123,437977,5209.000
2021-03-29,5244.000,5246.000,5172.000,5200.000,767148,442211,5213.000
2021-03-30,5193.000,5228.000,5127.000,5138.000,851847,454615,5171.000
2021-03-31,5057.000,5088.000,4971.000,5052.000,1033068,467765,5037.000
2021-04-01,5030.000,5140.000,5024.000,5103.000,836577,443570,5091.000
2021-04-02,5138.000,5265.000,5135.000,5264.000,710425,415610,5204.000
2021-04-06,5210.000,5296.000,5181.000,5219.000,330430,408785,5241.000
2021-04-07,5250.000,5299.000,5234.000,5260.000,625628,409633,5267.000
2021-04-08,5257.000,5330.000,5220.000,5310.000,759589,417498,5268.000
2021-04-09,5329.000,5380.000,5283.000,5302.000,680789,412162,5341.000
2021-04-12,5282.000,5310.000,5239.000,5265.000,654568,393473,5278.000
2021-04-13,5262.000,5284.000,5166.000,5197.000,770430,393003,5209.000
2021-04-14,5269.000,5349.000,5268.000,5338.000,721171,403868,5311.000
2021-04-15,5325.000,5375.000,5270.000,5351.000,746300,407081,5315.000
2021-04-16,5342.000,5437.000,5333.000,5401.000,806267,420492,5404.000
2021-04-19,5485.000,5493.000,5361.000,5408.000,738043,398379,5425.000
2021-04-20,5399.000,5414.000,5340.000,5392.000,688547,399420,5381.000
2021-04-21,5388.000,5442.000,5358.000,5433.000,848432,406863,5396.000
2021-04-22,5432.000,5531.000,5411.000,5506.000,880991,413340,5490.000
2021-04-23,5475.000,5486.000,5402.000,5431.000,716534,391487,5449.000
2021-04-26,5477.000,5497.000,5363.000,5381.000,846995,380185,5415.000
2021-04-27,5409.000,5454.000,5400.000,5430.000,524569,370800,5423.000
2021-04-28,5451.000,5501.000,5376.000,5393.000,762563,361915,5442.000
2021-04-29,5391.000,5490.000,5357.000,5456.000,686146,360328,5428.000
2021-04-30,5473.000,5473.000,5330.000,5333.000,730348,336591,5376.000
2021-05-06,5430.000,5569.000,5402.000,5551.000,451872,350804,5492.000
2021-05-07,5564.000,5722.000,5550.000,5655.000,904097,354268,5657.000
2021-05-10,5690.000,5762.000,5610.000,5732.000,865718,344790,5683.000
2021-05-11,5732.000,5747.000,5587.000,5642.000,796519,307050,5664.000
2021-05-12,5620.000,5695.000,5593.000,5675.000,648363,298479,5652.000
2021-05-13,5675.000,5732.000,5541.000,5588.000,883372,285924,5636.000
2021-05-14,5557.000,5633.000,5519.000,5616.000,710562,272111,5578.000
2021-05-17,5628.000,5775.000,5622.000,5743.000,725983,290843,5687.000
2021-05-18,5707.000,5992.000,5685.000,5929.000,1097710,295933,5851.000
2021-05-19,5940.000,5963.000,5772.000,5838.000,954837,248252,5852.000
2021-05-20,5769.000,5863.000,5648.000,5738.000,1101719,213560,5759.000
2021-05-21,5734.000,5784.000,5674.000,5686.000,673413,193468,5732.000
2021-05-24,5746.000,5781.000,5592.000,5707.000,866327,169266,5680.000
2021-05-25,5707.000,5744.000,5624.000,5688.000,538792,143003,5685.000
2021-05-26,5648.000,5804.000,5633.000,5754.000,540825,128453,5736.000
2021-05-27,5858.000,5865.000,5713.000,5743.000,649921,346096,5775.000
2021-05-28,5743.000,5800.000,5706.000,5725.000,732934,371724,5753.000
2021-05-31,5706.000,5837.000,5650.000,5788.000,775619,381245,5772.000
2021-06-01,5788.000,5902.000,5775.000,5893.000,594549,452692,5835.000
2021-06-02,5917.000,5949.000,5743.000,5755.000,834168,402465,5824.000
2021-06-03,5779.000,5848.000,5760.000,5770.000,603638,396203,5802.000
2021-06-04,5700.000,5701.000,5577.000,5630.000,918932,405193,5627.000
2021-06-07,5680.000,5725.000,5657.000,5672.000,570477,397521,5690.000
2021-06-08,5672.000,5775.000,5667.000,5699.000,545318,394697,5733.000
2021-06-09,5685.000,5733.000,5655.000,5674.000,599418,399136,5696.000
2021-06-10,5712.000,5749.000,5664.000,5682.000,568045,403240,5708.000
2021-06-11,5731.000,5836.000,5689.000,5821.000,709240,441069,5754.000
2021-06-15,5750.000,5771.000,5675.000,5701.000,333847,404143,5706.000
2021-06-16,5684.000,5726.000,5640.000,5711.000,510446,406840,5688.000
2021-06-17,5711.000,5730.000,5541.000,5556.000,738195,456962,5628.000
2021-06-18,5444.000,5452.000,5361.000,5418.000,949013,459157,5411.000
2021-06-21,5404.000,5435.000,5312.000,5416.000,849472,464579,5393.000
2021-06-22,5403.000,5441.000,5375.000,5405.000,535643,465310,5412.000
2021-06-23,5375.000,5448.000,5367.000,5428.000,448623,450806,5411.000
2021-06-24,5425.000,5511.000,5403.000,5422.000,548084,445544,5452.000
2021-06-25,5445.000,5492.000,5421.000,5464.000,478760,448273,5451.000
2021-06-28,5483.000,5495.000,5372.000,5459.000,644594,437393,5443.000
2021-06-29,5460.000,5472.000,5409.000,5426.000,351854,437099,5441.000
2021-06-30,5353.000,5396.000,5332.000,5377.000,521110,449749,5369.000
2021-07-01,5380.000,5495.000,5378.000,5476.000,536650,440755,5440.000
2021-07-02,5494.000,5506.000,5426.000,5446.000,433505,423661,5455.000
2021-07-05,5505.000,5565.000,5484.000,5548.000,625507,436951,5528.000
2021-07-06,5545.000,5583.000,5433.000,5565.000,450845,443865,5533.000
2021-07-07,5565.000,5573.000,5445.000,5515.000,721318,420879,5496.000
2021-07-08,5493.000,5517.000,5415.000,5425.000,602367,436879,5463.000
2021-07-09,5450.000,5489.000,5400.000,5420.000,604888,443411,5447.000
2021-07-12,5440.000,5520.000,5431.000,5446.000,562988,423537,5473.000
2021-07-13,5452.000,5514.000,5437.000,5507.000,519782,440564,5487.000
2021-07-14,5450.000,5488.000,5429.000,5454.000,566864,432180,5456.000
2021-07-15,5494.000,5532.000,5457.000,5511.000,661818,450760,5499.000
2021-07-16,5493.000,5551.000,5483.000,5491.000,489115,458536,5509.000
2021-07-19,5475.000,5489.000,5303.000,5316.000,1010288,503248,5397.000
2021-07-20,5303.000,5332.000,5257.000,5265.000,701436,530956,5294.000
2021-07-21,5271.000,5296.000,5195.000,5284.000,771286,521348,5247.000
2021-07-22,5249.000,5321.000,5247.000,5308.000,521780,498843,5294.000
2021-07-23,5291.000,5361.000,5274.000,5338.000,587542,480018,5322.000
2021-07-26,5317.000,5369.000,5278.000,5329.000,586589,471718,5318.000
2021-07-27,5330.000,5341.000,5283.000,5310.000,463237,468692,5313.000
2021-07-28,5310.000,5337.000,5220.000,5275.000,729988,487619,5265.000
2021-07-29,5253.000,5370.000,5230.000,5366.000,602497,475676,5307.000
2021-07-30,5394.000,5429.000,5372.000,5404.000,549327,461845,5402.000
2021-08-02,5399.000,5419.000,5352.000,5386.000,563030,450117,5388.000
2021-08-03,5366.000,5400.000,5332.000,5340.000,492095,458862,5363.000
2021-08-04,5367.000,5422.000,5367.000,5415.000,506686,466368,5394.000
2021-08-05,5456.000,5472.000,5342.000,5355.000,672011,458695,5391.000
2021-08-06,5364.000,5379.000,5287.000,5305.000,569529,471938,5317.000
2021-08-09,5212.000,5213.000,5050.000,5104.000,1014300,528302,5136.000
2021-08-10,5084.000,5125.000,5002.000,5077.000,753297,533417,5062.000
2021-08-11,5018.000,5085.000,5017.000,5068.000,632650,531375,5052.000
2021-08-12,5092.000,5127.000,5080.000,5087.000,506328,519631,5103.000
2021-08-13,5078.000,5095.000,5023.000,5085.000,544823,523497,5063.000
2021-08-16,5093.000,5159.000,5093.000,5112.000,553027,502596,5133.000
2021-08-17,5132.000,5167.000,5117.000,5138.000,438070,497014,5142.000
2021-08-18,5129.000,5138.000,5082.000,5128.000,467872,495130,5110.000
2021-08-19,5112.000,5119.000,4983.000,5032.000,795832,536732,5045.000
2021-08-20,5032.000,5074.000,5002.000,5043.000,475644,526088,5036.000
2021-08-23,5024.000,5043.000,4930.000,5019.000,831719,525275,4994.000
2021-08-24,5078.000,5114.000,5064.000,5096.000,542515,498282,5092.000
2021-08-25,5131.000,5148.000,5092.000,5098.000,444115,491372,5124.000
2021-08-26,5126.000,5131.000,5064.000,5070.000,473760,495145,5100.000
2021-08-27,5050.000,5110.000,5023.000,5099.000,564910,499765,5062.000
2021-08-30,5083.000,5192.000,5013.000,5138.000,973645,505651,5109.000
2021-08-31,5150.000,5177.000,5117.000,5172.000,467974,500079,5141.000
2021-09-01,5142.000,5164.000,5092.000,5111.000,592421,495929,5128.000
2021-09-02,5163.000,5183.000,5142.000,5166.000,524781,491637,5163.000
2021-09-03,5151.000,5154.000,5105.000,5137.000,471382,484123,5123.000
2021-09-06,5197.000,5295.000,5187.000,5292.000,818177,526943,5248.000
2021-09-07,5271.000,5308.000,5238.000,5247.000,374092,505339,5268.000
2021-09-08,5220.000,5247.000,5185.000,5196.000,528185,492444,5210.000
2021-09-09,5183.000,5197.000,5101.000,5107.000,588729,491997,5142.000
2021-09-10,5150.000,5184.000,5123.000,5171.000,501091,467089,5152.000
2021-09-13,5133.000,5148.000,5038.000,5041.000,642508,492183,5096.000
2021-09-14,5004.000,5094.000,4996.000,5060.000,527006,494107,5055.000
2021-09-15,5080.000,5103.000,5036.000,5057.000,489458,488461,5068.000
2021-09-16,5050.000,5085.000,5000.000,5011.000,583250,498592,5049.000
2021-09-17,4907.000,4932.000,4830.000,4871.000,876873,504739,4873.000
2021-09-22,4810.000,4914.000,4803.000,4882.000,265202,498685,4875.000
2021-09-23,4876.000,4958.000,4816.000,4850.000,649678,503772,4880.000
2021-09-24,4850.000,4880.000,4827.000,4854.000,476352,495433,4848.000
2021-09-27,4808.000,4865.000,4728.000,4849.000,725300,493805,4792.000
2021-09-28,4851.000,4886.000,4763.000,4764.000,537491,504928,4831.000
2021-09-29,4732.000,4826.000,4720.000,4752.000,737359,493460,4783.000
2021-09-30,4720.000,4731.000,4595.000,4615.000,843767,492416,4637.000
2021-10-08,4797.000,4844.000,4770.000,4788.000,274576,462974,4795.000
2021-10-11,4900.000,4926.000,4813.000,4826.000,608641,454742,4870.000
2021-10-12,4809.000,4865.000,4788.000,4822.000,408548,444894,4830.000
2021-10-13,4782.000,4847.000,4769.000,4832.000,554083,444193,4810.000
2021-10-14,4821.000,4936.000,4815.000,4934.000,810842,472914,4881.000
2021-10-15,4980.000,4997.000,4922.000,4983.000,604990,466376,4963.000
2021-10-18,4920.000,4974.000,4904.000,4933.000,612480,441217,4944.000
2021-10-19,4925.000,4991.000,4878.000,4988.000,504564,450148,4934.000
2021-10-20,5045.000,5069.000,4943.000,5004.000,714742,444042,5002.000
2021-10-21,5063.000,5090.000,4992.000,5013.000,782170,426693,5047.000
2021-10-22,5013.000,5027.000,4951.000,5010.000,635435,396996,4980.000
2021-10-25,5043.000,5114.000,4977.000,5001.000,982902,384136,5038.000
2021-10-26,5019.000,5049.000,4985.000,4992.000,467287,378843,5017.000
2021-10-27,4985.000,4995.000,4879.000,4914.000,753717,376068,4917.000
2021-10-28,4921.000,4954.000,4894.000,4925.000,609805,356256,4925.000
2021-10-29,4920.000,4965.000,4844.000,4861.000,707837,362334,4906.000
2021-11-01,4847.000,4897.000,4832.000,4870.000,471491,351488,4866.000
2021-11-02,4888.000,4935.000,4885.000,4905.000,385287,341079,4912.000
2021-11-03,4881.000,4884.000,4788.000,4817.000,505026,359083,4825.000
2021-11-04,4794.000,4868.000,4738.000,4817.000,551345,338762,4791.000
2021-11-05,4885.000,4906.000,4866.000,4893.000,416708,326755,4888.000
2021-11-08,4882.000,5015.000,4869.000,4983.000,585420,329860,4949.000
2021-11-09,4988.000,5022.000,4974.000,4998.000,362482,327256,4999.000
2021-11-10,4996.000,5006.000,4931.000,5005.000,479293,309240,4975.000
2021-11-11,4987.000,5172.000,4950.000,5151.000,965741,335710,5098.000
2021-11-12,5148.000,5230.000,5134.000,5201.000,583431,337088,5183.000
2021-11-15,5138.000,5234.000,5106.000,5139.000,667879,309256,5170.000
2021-11-16,5160.000,5176.000,5112.000,5130.000,430246,288248,5139.000
2021-11-17,5162.000,5215.000,5109.000,5153.000,571511,281070,5146.000
2021-11-18,5172.000,5179.000,5093.000,5125.000,412359,266217,5144.000
2021-11-19,5142.000,5143.000,5063.000,5087.000,488803,249100,5098.000
2021-11-22,5063.000,5126.000,5039.000,5067.000,533144,242618,5081.000
2021-11-23,5057.000,5093.000,4912.000,4920.000,628415,244093,5015.000
2021-11-24,4885.000,4885.000,4817.000,4863.000,528912,213740,4849.000
2021-11-25,4821.000,4887.000,4821.000,4874.000,383369,181627,4860.000
2021-11-26,4865.000,4875.000,4844.000,4873.000,205617,165412,4860.000
2021-11-29,4870.000,4871.000,4745.000,4826.000,388400,145083,4815.000
2021-11-30,4875.000,4883.000,4763.000,4792.000,559825,375951,4812.000
2021-12-01,4790.000,4867.000,4724.000,4790.000,876775,391512,4794.000
2021-12-02,4785.000,4793.000,4674.000,4710.000,651566,431134,4728.000
2021-12-03,4719.000,4746.000,4687.000,4712.000,550585,417069,4718.000
2021-12-06,4720.000,4773.000,4662.000,4737.000,787919,428303,4723.000
2021-12-07,4724.000,4747.000,4688.000,4736.000,493549,442537,4716.000
2021-12-08,4745.000,4763.000,4692.000,4724.000,516024,452442,4729.000
2021-12-09,4712.000,4726.000,4675.000,4678.000,477881,472420,4704.000
2021-12-10,4660.000,4676.000,4588.000,4600.000,708334,521477,4636.000
2021-12-13,4616.000,4724.000,4613.000,4708.000,689467,472619,4675.000
2021-12-14,4720.000,4753.000,4715.000,4727.000,454379,465582,4734.000
2021-12-15,4702.000,4713.000,4653.000,4661.000,634283,468964,4681.000
2021-12-16,4660.000,4742.000,4608.000,4742.000,714818,460440,4674.000
2021-12-17,4743.000,4828.000,4742.000,4803.000,702953,474285,4794.000
2021-12-20,4834.000,4848.000,4760.000,4790.000,546452,457075,4802.000
2021-12-21,4773.000,4815.000,4744.000,4795.000,456651,468497,4773.000
2021-12-22,4860.000,4869.000,4803.000,4816.000,471529,457594,4829.000
2021-12-23,4848.000,4882.000,4820.000,4873.000,461008,460133,4852.000
2021-12-24,4865.000,4893.000,4830.000,4873.000,400628,454417,4860.000
2021-12-27,4861.000,4916.000,4824.000,4838.000,365529,459153,4855.000
2021-12-28,4838.000,4883.000,4802.000,4879.000,483587,454422,4855.000
2021-12-29,4886.000,4914.000,4831.000,4862.000,600477,454725,4866.000
2021-12-30,4805.000,4825.000,4776.000,4788.000,538301,473003,0.000
2021-12-31,4819.000,4883.000,4805.000,4880.000,561087,454058,4845.000
2022-01-04,4836.000,4861.000,4764.000,4774.000,306391,481556,4798.000
2022-01-05,4761.000,4819.000,4752.000,4773.000,519490,492232,4792.000
2022-01-06,4799.000,4829.000,4683.000,4694.000,640509,516394,4765.000
2022-01-07,4621.000,4668.000,4596.000,4613.000,654082,544029,4635.000
2022-01-10,4621.000,4667.000,4603.000,4627.000,686493,554928,4633.000
2022-01-11,4637.000,4722.000,4629.000,4697.000,556341,519484,4668.000
2022-01-12,4720.000,4742.000,4686.000,4740.000,453105,510680,4711.000
2022-01-13,4738.000,4820.000,4732.000,4787.000,559280,500971,4776.000
2022-01-14,4801.000,4810.000,4764.000,4796.000,425460,512345,4783.000
2022-01-17,4748.000,4793.000,4739.000,4760.000,516765,501890,4766.000
2022-01-18,4764.000,4780.000,4734.000,4763.000,343810,501376,4760.000
2022-01-19,4766.000,4919.000,4744.000,4913.000,810922,527369,4854.000
2022-01-20,4925.000,5012.000,4904.000,4984.000,661773,541028,4955.000
2022-01-21,4988.000,5118.000,4973.000,5081.000,726000,544280,5062.000
2022-01-24,5059.000,5088.000,4965.000,4985.000,662017,541486,5026.000
2022-01-25,4959.000,4973.000,4889.000,4926.000,547471,521725,4922.000
2022-01-26,4911.000,4979.000,4901.000,4903.000,530112,529692,4929.000
2022-01-27,4937.000,4956.000,4767.000,4777.000,625244,520597,4871.000
2022-01-28,4757.000,4787.000,4701.000,4703.000,594291,492333,4737.000
2022-02-07,4715.000,4770.000,4714.000,4737.000,229812,477122,4738.000
2022-02-08,4761.000,4807.000,4745.000,4766.000,362906,490435,4776.000
2022-02-09,4753.000,4848.000,4753.000,4820.000,405637,486901,4812.000
2022-02-10,4831.000,4845.000,4791.000,4836.000,361173,490414,4818.000
2022-02-11,4837.000,4914.000,4741.000,4750.000,784126,502324,4833.000
2022-02-14,4762.000,4933.000,4759.000,4905.000,649583,494591,4843.000
2022-02-15,4917.000,4964.000,4898.000,4918.000,543513,492297,4932.000
2022-02-16,4834.000,4834.000,4777.000,4824.000,496184,494519,4802.000
2022-02-17,4825.000,4864.000,4798.000,4835.000,383988,493393,4829.000
2022-02-18,4858.000,4940.000,4853.000,4915.000,498822,501969,4891.000
2022-02-21,4906.000,4945.000,4863.000,4876.000,444828,494976,4906.000
2022-02-22,4891.000,5005.000,4885.000,4976.000,465060,504205,4940.000
2022-02-23,4946.000,4995.000,4930.000,4962.000,401805,502133,4962.000
2022-02-24,4963.000,5158.000,4947.000,5119.000,691232,539981,5049.000
2022-02-25,5180.000,5200.000,4953.000,4987.000,980072,513980,5071.000
2022-02-28,4930.000,5000.000,4881.000,4962.000,613906,493491,4927.000
2022-03-01,4960.000,5012.000,4936.000,4981.000,468497,493539,4971.000
2022-03-02,5001.000,5130.000,4990.000,5065.000,843519,493558,5066.000
2022-03-03,5052.000,5112.000,5042.000,5094.000,601940,492056,5075.000
2022-03-04,5095.000,5135.000,5028.000,5062.000,605872,482751,5069.000
2022-03-07,5067.000,5274.000,5062.000,5159.000,988242,499689,5157.000
2022-03-08,5159.000,5340.000,5066.000,5317.000,992834,496631,5153.000
2022-03-09,5270.000,5424.000,5190.000,5371.000,1435720,482465,5325.000
2022-03-10,5250.000,5252.000,5051.000,5109.000,1083421,458246,5170.000
2022-03-11,5174.000,5203.000,5122.000,5145.000,664935,451382,5161.000
2022-03-14,5104.000,5178.000,5062.000,5087.000,649719,447195,5120.000
2022-03-15,5030.000,5059.000,4965.000,4973.000,544298,435254,5014.000
2022-03-16,4973.000,5037.000,4961.000,5016.000,466746,432057,5004.000
2022-03-17,5026.000,5116.000,4943.000,5098.000,644021,439497,5026.000
2022-03-18,5118.000,5164.000,5106.000,5123.000,414773,448543,5134.000
2022-03-21,5100.000,5110.000,5070.000,5081.000,389432,446824,5091.000
2022-03-22,5100.000,5199.000,5060.000,5168.000,467754,472347,5137.000
2022-03-23,5101.000,5107.000,5050.000,5084.000,421019,445322,5079.000
2022-03-24,5111.000,5177.000,5106.000,5127.000,416422,449554,5134.000
2022-03-25,5173.000,5259.000,5162.000,5237.000,605868,478916,5223.000
2022-03-28,5231.000,5236.000,5134.000,5152.000,544494,447200,5192.000
2022-03-29,5152.000,5165.000,5102.000,5118.000,337756,440008,5136.000
2022-03-30,4971.000,5082.000,4958.000,5061.000,569535,443005,5020.000
2022-03-31,5064.000,5092.000,4992.000,5011.000,421120,440501,5047.000
2022-04-01,5034.000,5074.000,5016.000,5038.000,361054,424877,5047.000
2022-04-06,4944.000,4996.000,4913.000,4980.000,191271,439486,4963.000
2022-04-07,4967.000,5011.000,4951.000,4961.000,358855,447201,4981.000
2022-04-08,4961.000,5045.000,4961.000,5030.000,399700,444974,5008.000
2022-04-11,5000.000,5102.000,4995.000,5083.000,439622,443135,5061.000
2022-04-12,5173.000,5188.000,5100.000,5179.000,536858,461354,5149.000
2022-04-13,5205.000,5234.000,5168.000,5208.000,491720,467745,5205.000
2022-04-14,5246.000,5274.000,5213.000,5251.000,448297,476900,5242.000
2022-04-15,5209.000,5241.000,5188.000,5235.000,405075,471622,5213.000
2022-04-18,5240.000,5339.000,5234.000,5275.000,417639,470116,5282.000
2022-04-19,5331.000,5335.000,5253.000,5258.000,417623,463983,5290.000
2022-04-20,5265.000,5266.000,5135.000,5147.000,603358,439350,5183.000
2022-04-21,5163.000,5191.000,5155.000,5174.000,334156,431165,5174.000
2022-04-22,5130.000,5138.000,5078.000,5098.000,537970,437389,5103.000
2022-04-25,5066.000,5094.000,4970.000,4985.000,567717,423529,5039.000
2022-04-26,4949.000,5013.000,4942.000,4971.000,465545,414742,4980.000
2022-04-27,4951.000,5006.000,4938.000,4941.000,415969,420752,4970.000
2022-04-28,4952.000,4980.000,4862.000,4905.000,551892,401250,4923.000
2022-04-29,4895.000,4961.000,4888.000,4954.000,410454,368557,4920.000
2022-05-05,4900.000,4974.000,4893.000,4920.000,181256,368231,4940.000
2022-05-06,4952.000,4957.000,4790.000,4821.000,622411,362776,4855.000
2022-05-09,4820.000,4869.000,4812.000,4824.000,384606,349681,4838.000
2022-05-10,4777.000,4827.000,4760.000,4801.000,483764,337472,4792.000
2022-05-11,4799.000,4825.000,4685.000,4739.000,561517,339199,4749.000
2022-05-12,4708.000,4788.000,4696.000,4718.000,514561,330906,4748.000
2022-05-13,4664.000,4695.000,4612.000,4629.000,567853,337355,4652.000
2022-05-16,4600.000,4699.000,4564.000,4662.000,605645,309809,4637.000
2022-05-17,4686.000,4765.000,4677.000,4750.000,403220,278386,4733.000
2022-05-18,4756.000,4757.000,4700.000,4707.000,304091,257762,4726.000
2022-05-19,4716.000,4731.000,4675.000,4707.000,346753,243298,4705.000
2022-05-20,4754.000,4787.000,4748.000,4775.000,366734,219154,4771.000
2022-05-23,4741.000,4767.000,4714.000,4757.000,340757,199351,4740.000
2022-05-24,4761.000,4764.000,4701.000,4731.000,233329,181357,4725.000
2022-05-25,4750.000,4793.000,4746.000,4763.000,252946,152869,4772.000
2022-05-26,4763.000,4763.000,4730.000,4745.000,168161,137642,4746.000
2022-05-27,4772.000,4841.000,4766.000,4836.000,336317,362246,4813.000
2022-05-30,4837.000,4853.000,4783.000,4795.000,325253,376708,4813.000
2022-05-31,4782.000,4783.000,4676.000,4716.000,364829,421157,4722.000
2022-06-01,4695.000,4727.000,4657.000,4673.000,336900,440890,4689.000
2022-06-02,4707.000,4751.000,4692.000,4743.000,374055,414716,4721.000
2022-06-06,4750.000,4834.000,4734.000,4824.000,242664,406441,4804.000
2022-06-07,4848.000,4850.000,4757.000,4777.000,343431,412660,4797.000
2022-06-08,4778.000,4814.000,4769.000,4811.000,299139,414956,4796.000
2022-06-09,4799.000,4818.000,4764.000,4778.000,326422,423154,4794.000
2022-06-10,4765.000,4781.000,4683.000,4705.000,455347,452554,4723.000
2022-06-13,4703.000,4796.000,4664.000,4738.000,657452,442663,4739.000
2022-06-14,4715.000,4726.000,4623.000,4663.000,627991,479436,4657.000
2022-06-15,4663.000,4668.000,4598.000,4647.000,470197,488138,4629.000
2022-06-16,4700.000,4745.000,4673.000,4724.000,559197,460583,4708.000
2022-06-17,4724.000,4789.000,4703.000,4778.000,537661,441773,4749.000
2022-06-20,4783.000,4790.000,4672.000,4715.000,509734,436765,4729.000
2022-06-21,4709.000,4729.000,4665.000,4669.000,336608,444694,4700.000
2022-06-22,4715.000,4753.000,4634.000,4649.000,513378,464406,4699.000
2022-06-23,4680.000,4690.000,4621.000,4649.000,445702,473402,4659.000
2022-06-24,4642.000,4667.000,4483.000,4525.000,790802,513139,4577.000
2022-06-27,4514.000,4648.000,4454.000,4633.000,722200,478055,4557.000
2022-06-28,4625.000,4649.000,4551.000,4607.000,484511,475213,4595.000
2022-06-29,4596.000,4613.000,4509.000,4527.000,520238,506485,4552.000
2022-06-30,4560.000,4586.000,4501.000,4522.000,524976,517656,4531.000
2022-07-01,4497.000,4524.000,4346.000,4351.000,816118,575737,4438.000
2022-07-04,4284.000,4365.000,4280.000,4327.000,691288,566946,4327.000
2022-07-05,4325.000,4429.000,4318.000,4382.000,449992,532189,4381.000
2022-07-06,4346.000,4351.000,4157.000,4229.000,950809,546259,4245.000
2022-07-07,4245.000,4286.000,4178.000,4242.000,871165,530908,4232.000
2022-07-08,4250.000,4287.000,4208.000,4233.000,530002,538488,4249.000
2022-07-11,4220.000,4273.000,4201.000,4232.000,596218,532211,4239.000
2022-07-12,4246.000,4258.000,4148.000,4209.000,661340,530807,4214.000
2022-07-13,4191.000,4221.000,4164.000,4194.000,523998,523376,4194.000
2022-07-14,4176.000,4284.000,4163.000,4199.000,866427,525309,4227.000
2022-07-15,4099.000,4101.000,4018.000,4021.000,836372,543648,4065.000
2022-07-18,4096.000,4164.000,4077.000,4151.000,678965,521637,4120.000
2022-07-19,4151.000,4181.000,4096.000,4131.000,490594,527727,4141.000
2022-07-20,4143.000,4160.000,4124.000,4144.000,392668,523237,4142.000
2022-07-21,4154.000,4234.000,4119.000,4123.000,609827,529993,4171.000
2022-07-22,4143.000,4203.000,4136.000,4182.000,610184,525382,4174.000
2022-07-25,4178.000,4216.000,4104.000,4147.000,648169,534413,4169.000
2022-07-26,4143.000,4166.000,4104.000,4152.000,450463,532395,4129.000
2022-07-27,4144.000,4194.000,4139.000,4165.000,434824,517416,4169.000
2022-07-28,4178.000,4323.000,4141.000,4318.000,735296,524922,4235.000
2022-07-29,4365.000,4472.000,4334.000,4462.000,875488,537198,4406.000
2022-08-01,4426.000,4484.000,4405.000,4443.000,724016,520122,4449.000
2022-08-02,4472.000,4507.000,4427.000,4461.000,623963,515283,4473.000
2022-08-03,4486.000,4497.000,4370.000,4405.000,743015,503618,4439.000
2022-08-04,4448.000,4457.000,4395.000,4423.000,487915,506390,4420.000
2022-08-05,4443.000,4486.000,4421.000,4470.000,472296,519907,4455.000
2022-08-08,4350.000,4405.000,4324.000,4396.000,668868,501075,4365.000
2022-08-09,4452.000,4544.000,4447.000,4517.000,624995,516192,4507.000
2022-08-10,4520.000,4541.000,4474.000,4488.000,450621,497497,4503.000
2022-08-11,4521.000,4550.000,4480.000,4501.000,491672,494721,4514.000
2022-08-12,4503.000,4513.000,4437.000,4488.000,488678,493360,4471.000
2022-08-15,4492.000,4595.000,4476.000,4532.000,639221,499295,4534.000
2022-08-16,4459.000,4481.000,4426.000,4455.000,530758,487952,4452.000
2022-08-17,4415.000,4461.000,4406.000,4441.000,412150,486215,4442.000
2022-08-18,4405.000,4416.000,4328.000,4336.000,610781,511727,4368.000
2022-08-19,4380.000,4383.000,4272.000,4300.000,594380,507487,4326.000
2022-08-22,4289.000,4300.000,4236.000,4257.000,510391,518627,4267.000
2022-08-23,4228.000,4313.000,4223.000,4270.000,553369,522174,4275.000
2022-08-24,4260.000,4331.000,4250.000,4310.000,553161,513548,4302.000
2022-08-25,4310.000,4345.000,4283.000,4334.000,509361,503924,4317.000
2022-08-26,4320.000,4331.000,4302.000,4318.000,400496,496785,4316.000
2022-08-29,4322.000,4365.000,4225.000,4234.000,894893,532175,4294.000
2022-08-30,4260.000,4283.000,4239.000,4247.000,418818,521786,4261.000
2022-08-31,4230.000,4252.000,4193.000,4202.000,510879,545440,4216.000
2022-09-01,4138.000,4177.000,4094.000,4120.000,652762,574729,4140.000
2022-09-02,4114.000,4172.000,4106.000,4160.000,593945,555416,4139.000
2022-09-05,4171.000,4207.000,4156.000,4191.000,594263,547676,4183.000
2022-09-06,4203.000,4235.000,4180.000,4230.000,330849,536881,4208.000
2022-09-07,4210.000,4213.000,4133.000,4185.000,575358,542218,4173.000
2022-09-08,4201.000,4260.000,4174.000,4253.000,531974,536936,4220.000
2022-09-09,4229.000,4329.000,4223.000,4326.000,608562,524099,4266.000
2022-09-13,4500.000,4500.000,4433.000,4466.000,320533,511403,4457.000
2022-09-14,4420.000,4453.000,4353.000,4402.000,626393,499794,4407.000
2022-09-15,4443.000,4452.000,4394.000,4399.000,478130,487046,4430.000
2022-09-16,4429.000,4442.000,4344.000,4362.000,692903,476568,4391.000
2022-09-19,4368.000,4450.000,4353.000,4405.000,605967,471961,4409.000
2022-09-20,4404.000,4464.000,4387.000,4426.000,481294,468453,4425.000
2022-09-21,4390.000,4455.000,4365.000,4443.000,481261,465290,4405.000
2022-09-22,4490.000,4508.000,4432.000,4474.000,683004,465198,4468.000
2022-09-23,4541.000,4555.000,4493.000,4542.000,576274,481254,4522.000
2022-09-26,4430.000,4471.000,4339.000,4364.000,829758,445512,4411.000
2022-09-27,4400.000,4419.000,4307.000,4355.000,631294,434549,4368.000
2022-09-28,4368.000,4378.000,4274.000,4281.000,668083,443956,4330.000
2022-09-29,4320.000,4416.000,4300.000,4385.000,813534,430354,4362.000
2022-09-30,4380.000,4427.000,4339.000,4424.000,615011,416766,4374.000
2022-10-10,4580.000,4585.000,4510.000,4544.000,326442,431959,4550.000
2022-10-11,4570.000,4574.000,4511.000,4524.000,461296,438001,4539.000
2022-10-12,4528.000,4538.000,4454.000,4490.000,530467,435669,4497.000
2022-10-13,4473.000,4479.000,4428.000,4436.000,470932,440683,4450.000
2022-10-14,4380.000,4455.000,4379.000,4447.000,689852,446175,4415.000
2022-10-17,4409.000,4428.000,4351.000,4369.000,703424,453494,4380.000
2022-10-18,4430.000,4430.000,4387.000,4421.000,445806,442592,4407.000
2022-10-19,4422.000,4430.000,4381.000,4388.000,432113,441525,4400.000
2022-10-20,4377.000,4399.000,4355.000,4370.000,450969,448135,4377.000
2022-10-21,4378.000,4440.000,4370.000,4384.000,551065,435017,4407.000
2022-10-24,4384.000,4561.000,4384.000,4542.000,1103519,471834,4478.000
2022-10-25,4550.000,4579.000,4527.000,4575.000,591243,463961,4553.000
2022-10-26,4515.000,4624.000,4515.000,4617.000,753965,475922,4587.000
2022-10-27,4567.000,4603.000,4561.000,4564.000,527311,454426,4584.000
2022-10-28,4582.000,4607.000,4571.000,4575.000,567080,440148,4588.000
2022-10-31,4555.000,4574.000,4489.000,4527.000,637352,418040,4524.000
2022-11-01,4525.000,4644.000,4490.000,4634.000,607745,430223,4563.000
2022-11-02,4660.000,4686.000,4603.000,4634.000,636257,422758,4641.000
2022-11-03,4663.000,4690.000,4552.000,4573.000,690472,406863,4627.000
2022-11-04,4520.000,4643.000,4516.000,4624.000,742166,407550,4585.000
2022-11-07,4704.000,4764.000,4688.000,4741.000,864542,432153,4723.000
2022-11-08,4753.000,4843.000,4742.000,4795.000,813562,423858,4799.000
2022-11-09,4802.000,4983.000,4799.000,4939.000,1165933,421717,4911.000
2022-11-10,4923.000,4993.000,4890.000,4919.000,977288,403363,4930.000
2022-11-11,4921.000,5033.000,4913.000,4996.000,1189956,385119,4989.000
2022-11-14,4954.000,4968.000,4850.000,4873.000,907132,346864,4919.000
2022-11-15,4899.000,4983.000,4886.000,4956.000,732375,352817,4947.000
2022-11-16,4943.000,4990.000,4870.000,4916.000,818276,334119,4922.000
2022-11-17,4970.000,4976.000,4867.000,4909.000,721039,320598,4916.000
2022-11-18,4880.000,4887.000,4815.000,4857.000,604000,300162,4849.000
2022-11-21,4855.000,4871.000,4784.000,4802.000,603243,279804,4825.000
2022-11-22,4790.000,4863.000,4781.000,4834.000,505523,262683,4825.000
2022-11-23,4849.000,4868.000,4815.000,4859.000,403144,250434,4837.000
2022-11-24,4861.000,4971.000,4843.000,4942.000,561144,242550,4905.000
2022-11-25,4946.000,4956.000,4915.000,4935.000,319733,208029,4936.000
2022-11-28,4928.000,4952.000,4897.000,4921.000,362225,159642,4920.000
2022-11-29,4939.000,4991.000,4887.000,4914.000,384672,121626,4925.000
2022-11-30,4950.000,4970.000,4921.000,4922.000,627192,306944,4941.000
2022-12-01,4945.000,5118.000,4943.000,5104.000,949524,370440,5022.000
2022-12-02,5085.000,5243.000,5085.000,5221.000,942897,389262,5147.000
2022-12-05,5180.000,5357.000,5139.000,5236.000,1352140,367282,5241.000
2022-12-06,5218.000,5232.000,5095.000,5104.000,952509,346447,5144.000
2022-12-07,5144.000,5144.000,5066.000,5095.000,723374,353786,5104.000
2022-12-08,5108.000,5170.000,5091.000,5159.000,814778,354737,5135.000
2022-12-09,5166.000,5281.000,5155.000,5255.000,867823,367335,5229.000
2022-12-12,5249.000,5355.000,5242.000,5303.000,1008241,372125,5290.000
2022-12-13,5297.000,5338.000,5247.000,5320.000,795492,380488,5296.000
2022-12-14,5324.000,5443.000,5308.000,5403.000,1197428,396093,5391.000
2022-12-15,5371.000,5432.000,5248.000,5285.000,903914,366162,5351.000
2022-12-16,5274.000,5303.000,5166.000,5208.000,1055897,366479,5243.000
2022-12-19,5200.000,5273.000,5174.000,5224.000,983739,354260,5226.000
2022-12-20,5240.000,5256.000,5170.000,5221.000,754977,346970,5214.000
2022-12-21,5313.000,5434.000,5285.000,5372.000,929127,349595,5359.000
2022-12-22,5365.000,5411.000,5310.000,5322.000,664828,333995,5378.000
2022-12-23,5333.000,5348.000,5239.000,5292.000,686072,311573,5285.000
2022-12-26,5300.000,5345.000,5281.000,5326.000,601794,245948,5310.000
2022-12-27,5323.000,5403.000,5306.000,5387.000,390535,232672,5345.000
2022-12-28,5379.000,5400.000,5327.000,5356.000,573023,220284,5363.000
2022-12-29,5347.000,5354.000,5254.000,5286.000,574448,216828,5299.000
2022-12-30,5316.000,5374.000,5312.000,5363.000,495278,199895,5349.000
2023-01-03,5372.000,5408.000,5307.000,5395.000,310707,188002,5361.000
2023-01-04,5378.000,5413.000,5313.000,5343.000,473048,170806,5361.000
2023-01-05,5346.000,5378.000,5209.000,5210.000,557300,163692,5305.000
2023-01-06,5190.000,5204.000,5123.000,5156.000,485436,146063,5158.000
2023-01-09,5158.000,5272.000,5149.000,5252.000,507219,140206,5216.000
2023-01-10,5242.000,5253.000,5157.000,5183.000,354933,131314,5209.000
2023-01-11,5171.000,5252.000,5156.000,5239.000,281584,116412,5200.000
2023-01-12,5260.000,5267.000,5155.000,5215.000,573028,422927,5206.000
2023-01-13,5245.000,5295.000,5196.000,5225.000,779092,429571,5241.000
2023-01-16,5194.000,5367.000,5181.000,5329.000,794529,466795,5281.000
2023-01-17,5299.000,5362.000,5270.000,5311.000,525749,474097,5321.000
2023-01-18,5314.000,5342.000,5274.000,5309.000,643008,472775,5307.000
2023-01-19,5333.000,5350.000,5144.000,5165.000,1024926,474493,5245.000
2023-01-20,5171.000,5320.000,5126.000,5311.000,857724,457959,5227.000
2023-01-30,5247.000,5267.000,5208.000,5243.000,243401,465016,5233.000
2023-01-31,5240.000,5253.000,5171.000,5185.000,514247,482683,5218.000
2023-02-01,5147.000,5239.000,5143.000,5222.000,567882,494636,5207.000
2023-02-02,5207.000,5351.000,5169.000,5305.000,864671,510715,5258.000
2023-02-03,5364.000,5397.000,5182.000,5197.000,1274557,506779,5274.000
2023-02-06,5200.000,5205.000,5005.000,5026.000,1326967,542159,5080.000
2023-02-07,5026.000,5034.000,4984.000,5008.000,729592,561049,5008.000
2023-02-08,5000.000,5023.000,4963.000,4993.000,866594,572810,4995.000
2023-02-09,5013.000,5026.000,4977.000,5002.000,684643,571408,4999.000
2023-02-10,5003.000,5046.000,4901.000,4928.000,1128205,586489,4970.000
2023-02-13,4951.000,4979.000,4920.000,4939.000,746178,571579,4948.000
2023-02-14,4950.000,4958.000,4916.000,4953.000,540187,579269,4941.000
2023-02-15,4922.000,4966.000,4894.000,4912.000,1111933,591573,4928.000
2023-02-16,4888.000,4943.000,4876.000,4918.000,696389,595024,4906.000
2023-02-17,4914.000,4936.000,4870.000,4879.000,716961,613399,4904.000
2023-02-20,4881.000,4982.000,4877.000,4965.000,854180,600399,4921.000
2023-02-21,4957.000,4988.000,4954.000,4964.000,414318,594750,4971.000
2023-02-22,4972.000,5017.000,4968.000,4989.000,680003,587622,4995.000
2023-02-23,5007.000,5016.000,4952.000,4961.000,554422,596221,4979.000
2023-02-24,4966.000,4980.000,4933.000,4944.000,652929,604474,4952.000
2023-02-27,4924.000,4939.000,4852.000,4870.000,814501,638158,4904.000
2023-02-28,4878.000,4895.000,4863.000,4875.000,492845,639929,4881.000
2023-03-01,4870.000,4944.000,4863.000,4935.000,676221,621001,4905.000
2023-03-02,4924.000,4935.000,4885.000,4890.000,646690,630533,4913.000
2023-03-03,4890.000,4942.000,4878.000,4931.000,586635,622189,4908.000
2023-03-06,4933.000,4986.000,4918.000,4978.000,701806,620338,4952.000
2023-03-07,4971.000,4982.000,4944.000,4948.000,435238,614980,4965.000
2023-03-08,4930.000,4934.000,4756.000,4781.000,1056827,685938,4837.000
2023-03-09,4797.000,4814.000,4773.000,4783.000,600322,680983,4791.000
2023-03-10,4797.000,4830.000,4758.000,4776.000,692784,667925,4800.000
2023-03-13,4799.000,4929.000,4791.000,4914.000,1173892,638118,4872.000
2023-03-14,5054.000,5068.000,5000.000,5057.000,1014666,609577,5031.000
2023-03-15,5050.000,5064.000,5025.000,5055.000,625403,599781,5047.000
2023-03-16,5140.000,5150.000,5034.000,5042.000,1056674,585341,5078.000
2023-03-17,5077.000,5082.000,4968.000,5059.000,923726,577491,5021.000
2023-03-20,5072.000,5175.000,5053.000,5146.000,1153836,577271,5112.000
2023-03-21,5106.000,5172.000,5077.000,5132.000,774081,578367,5125.000
2023-03-22,5137.000,5152.000,5085.000,5149.000,705934,581510,5114.000
2023-03-23,5117.000,5232.000,5111.000,5185.000,977882,590402,5178.000
2023-03-24,5180.000,5250.000,5162.000,5217.000,816553,593458,5204.000
2023-03-27,5288.000,5306.000,5175.000,5201.000,1134309,569303,5233.000
2023-03-28,5183.000,5216.000,5166.000,5180.000,513248,554575,5189.000
2023-03-29,5201.000,5256.000,5186.000,5212.000,620883,561075,5224.000
2023-03-30,5230.000,5297.000,5219.000,5296.000,586155,596811,5252.000
2023-03-31,5316.000,5349.000,5261.000,5344.000,763201,613255,5309.000
2023-04-03,5357.000,5373.000,5277.000,5294.000,818379,578722,5333.000
2023-04-04,5347.000,5376.000,5317.000,5354.000,706367,591924,5343.000
2023-04-06,5488.000,5565.000,5475.000,5554.000,435588,628425,5527.000
2023-04-07,5549.000,5606.000,5497.000,5599.000,781104,647112,5552.000
2023-04-10,5577.000,5583.000,5509.000,5528.000,587023,613692,5544.000
2023-04-11,5531.000,5602.000,5515.000,5578.000,637933,630503,5547.000
2023-04-12,5562.000,5692.000,5551.000,5673.000,858230,647107,5621.000
2023-04-13,5716.000,5735.000,5626.000,5688.000,965376,639662,5671.000
2023-04-14,5770.000,5822.000,5724.000,5786.000,1023030,659622,5767.000
2023-04-17,5765.000,5792.000,5644.000,5694.000,1339780,613246,5695.000
2023-04-18,5684.000,5688.000,5582.000,5626.000,818663,597941,5622.000
2023-04-19,5628.000,5677.000,5577.000,5610.000,792318,581343,5632.000
2023-04-20,5620.000,5689.000,5609.000,5664.000,776425,573478,5652.000
2023-04-21,5681.000,5697.000,5609.000,5609.000,884454,552720,5652.000
2023-04-24,5650.000,5675.000,5560.000,5582.000,1032480,516856,5612.000
2023-04-25,5614.000,5682.000,5577.000,5635.000,741417,493075,5631.000
2023-04-26,5595.000,5645.000,5553.000,5615.000,788089,456774,5597.000
2023-04-27,5598.000,5664.000,5590.000,5636.000,733270,435048,5629.000
2023-04-28,5611.000,5628.000,5535.000,5619.000,834060,400301,5587.000
2023-05-04,5760.000,5807.000,5740.000,5759.000,376989,409661,5777.000
2023-05-05,5760.000,5868.000,5754.000,5846.000,735571,427770,5816.000
2023-05-08,5770.000,5782.000,5706.000,5772.000,805274,387263,5751.000
2023-05-09,5779.000,5783.000,5730.000,5739.000,455654,361583,5754.000
2023-05-10,5721.000,5776.000,5704.000,5771.000,498614,358075,5746.000
2023-05-11,5798.000,5811.000,5653.000,5665.000,728044,340464,5740.000
2023-05-12,5640.000,5646.000,5416.000,5431.000,1017940,313016,5512.000
2023-05-15,5442.000,5491.000,5413.000,5445.000,622217,288799,5445.000
2023-05-16,5448.000,5476.000,5369.000,5388.000,534836,276515,5430.000
2023-05-17,5430.000,5444.000,5377.000,5400.000,509382,254903,5406.000
2023-05-18,5403.000,5435.000,5370.000,5401.000,440466,241162,5405.000
2023-05-19,5385.000,5451.000,5363.000,5435.000,523843,207848,5398.000
2023-05-22,5419.000,5494.000,5394.000,5445.000,541901,189753,5445.000
2023-05-23,5452.000,5472.000,5398.000,5405.000,314875,173798,5436.000
2023-05-24,5379.000,5456.000,5368.000,5397.000,688957,411474,5420.000
2023-05-25,5409.000,5418.000,5289.000,5336.000,924539,404633,5347.000
2023-05-26,5302.000,5337.000,5270.000,5336.000,785591,372900,5305.000
2023-05-29,5345.000,5403.000,5332.000,5397.000,751078,359614,5366.000
2023-05-30,5379.000,5387.000,5327.000,5354.000,472648,356497,5364.000
2023-05-31,5375.000,5474.000,5346.000,5452.000,853584,372029,5393.000
2023-06-01,5438.000,5501.000,5410.000,5492.000,822609,370985,5464.000
2023-06-02,5489.000,5585.000,5483.000,5554.000,653650,389436,5536.000
2023-06-05,5542.000,5558.000,5462.000,5462.000,601551,369566,5510.000
2023-06-06,5460.000,5521.000,5457.000,5489.000,447468,368445,5493.000
2023-06-07,5501.000,5528.000,5469.000,5495.000,458968,366323,5502.000
2023-06-08,5515.000,5593.000,5493.000,5538.000,702227,365062,5531.000
2023-06-09,5586.000,5717.000,5572.000,5708.000,693223,420193,5645.000
2023-06-12,5692.000,5739.000,5646.000,5674.000,555377,392568,5688.000
2023-06-13,5651.000,5708.000,5617.000,5690.000,445879,393380,5652.000
2023-06-14,5674.000,5704.000,5607.000,5632.000,540330,385944,5646.000
2023-06-15,5660.000,5684.000,5522.000,5528.000,628122,365819,5611.000
2023-06-16,5528.000,5629.000,5525.000,5614.000,620476,357266,5581.000
2023-06-19,5636.000,5662.000,5594.000,5638.000,536066,359421,5629.000
2023-06-20,5632.000,5645.000,5603.000,5626.000,329743,344797,5626.000
2023-06-21,5577.000,5581.000,5479.000,5483.000,667209,338551,5512.000
2023-06-26,5400.000,5465.000,5398.000,5427.000,236849,338789,5437.000
2023-06-27,5441.000,5489.000,5420.000,5474.000,370355,323188,5457.000
2023-06-28,5475.000,5498.000,5433.000,5446.000,409161,284280,5460.000
2023-06-29,5431.000,5476.000,5423.000,5450.000,388479,263606,5452.000
2023-06-30,5404.000,5470.000,5395.000,5439.000,489271,255987,5432.000
2023-07-03,5428.000,5525.000,5427.000,5501.000,468770,247409,5477.000
2023-07-04,5522.000,5530.000,5495.000,5510.000,293214,235905,5513.000
2023-07-05,5513.000,5531.000,5481.000,5489.000,238500,225255,5508.000
2023-07-06,5504.000,5574.000,5499.000,5565.000,459304,216765,5551.000
2023-07-07,5480.000,5510.000,5458.000,5464.000,443657,205486,5480.000
2023-07-10,5484.000,5549.000,5478.000,5531.000,332061,194968,5519.000
2023-07-11,5499.000,5585.000,5485.000,5580.000,321680,185221,5540.000
2023-07-12,5544.000,5565.000,5529.000,5554.000,225083,173345,5549.000
2023-07-13,5616.000,5744.000,5604.000,5727.000,488116,184504,5684.000
2023-07-14,5750.000,5820.000,5742.000,5773.000,416105,176264,5779.000
2023-07-17,5826.000,5842.000,5792.000,5818.000,652714,409374,5816.000
2023-07-18,5804.000,5865.000,5785.000,5839.000,566045,418884,5820.000
2023-07-19,5833.000,5946.000,5826.000,5924.000,1030207,443647,5902.000
2023-07-20,5950.000,5983.000,5917.000,5932.000,722886,439505,5950.000
2023-07-21,5917.000,5923.000,5835.000,5864.000,828744,406895,5875.000
2023-07-24,5849.000,5868.000,5827.000,5848.000,670759,401804,5847.000
2023-07-25,5834.000,5845.000,5792.000,5823.000,758352,393346,5816.000
2023-07-26,5829.000,5864.000,5814.000,5862.000,639871,397530,5840.000
2023-07-27,5845.000,5928.000,5822.000,5891.000,898317,402902,5877.000
2023-07-28,5864.000,5873.000,5733.000,5744.000,1066404,388284,5771.000
2023-07-31,5767.000,5782.000,5738.000,5745.000,636692,377021,5761.000
2023-08-01,5797.000,5850.000,5782.000,5817.000,586744,387832,5825.000
2023-08-02,5754.000,5805.000,5750.000,5774.000,589704,383729,5773.000
2023-08-03,5766.000,5768.000,5628.000,5632.000,788577,395883,5694.000
2023-08-04,5619.000,5668.000,5606.000,5616.000,584522,404429,5642.000
2023-08-07,5650.000,5693.000,5637.000,5649.000,521345,395832,5667.000
2023-08-08,5651.000,5672.000,5594.000,5614.000,462609,406353,5622.000
2023-08-09,5550.000,5589.000,5542.000,5582.000,460570,415971,5569.000
2023-08-10,5547.000,5600.000,5538.000,5554.000,480464,429689,5564.000
2023-08-11,5570.000,5627.000,5569.000,5606.000,613179,431464,5597.000
2023-08-14,5586.000,5635.000,5569.000,5596.000,486765,430367,5606.000
2023-08-15,5608.000,5628.000,5567.000,5620.000,485816,433930,5600.000
2023-08-16,5609.000,5646.000,5601.000,5638.000,534761,433951,5627.000
2023-08-17,5638.000,5656.000,5591.000,5629.000,466009,430628,5628.000
2023-08-18,5655.000,5689.000,5592.000,5599.000,619329,424849,5645.000
2023-08-21,5601.000,5637.000,5583.000,5622.000,474846,415398,5607.000
2023-08-22,5679.000,5691.000,5626.000,5687.000,541039,393706,5663.000
2023-08-23,5691.000,5788.000,5674.000,5779.000,567159,384645,5721.000
2023-08-24,5809.000,5892.000,5797.000,5842.000,666599,363297,5853.000
2023-08-25,5842.000,5864.000,5806.000,5823.000,455503,326532,5838.000
2023-08-28,5843.000,5873.000,5799.000,5839.000,555339,269653,0.000
2023-08-29,5839.000,5881.000,5821.000,5856.000,387966,247583,5853.000
2023-08-30,5863.000,5944.000,5850.000,5927.000,510403,219930,5914.000
2023-08-31,5984.000,6008.000,5902.000,5912.000,469775,204606,5951.000
2023-09-01,5910.000,5942.000,5890.000,5932.000,310585,187735,5914.000
2023-09-04,5967.000,5977.000,5852.000,5883.000,422786,177819,5900.000
2023-09-05,5871.000,5874.000,5819.000,5829.000,188983,168645,5853.000
2023-09-06,5851.000,5862.000,5811.000,5820.000,405473,504930,5834.000
2023-09-07,5792.000,5808.000,5752.000,5756.000,527828,512974,5779.000
2023-09-08,5730.000,5802.000,5730.000,5777.000,490208,530552,5765.000
2023-09-11,5748.000,5824.000,5743.000,5821.000,525214,554021,5793.000
2023-09-12,5815.000,5842.000,5783.000,5801.000,427204,546670,5818.000
2023-09-13,5795.000,5835.000,5783.000,5814.000,478288,547997,5809.000
2023-09-14,5817.000,5952.000,5816.000,5920.000,888978,593395,5887.000
2023-09-15,5916.000,6030.000,5861.000,5922.000,1165041,618820,5947.000
2023-09-18,5908.000,5931.000,5810.000,5834.000,749579,583235,5880.000
2023-09-19,5823.000,5900.000,5812.000,5870.000,420561,578303,5850.000
2023-09-20,5887.000,5918.000,5858.000,5915.000,398165,584020,5883.000
2023-09-21,5928.000,5956.000,5845.000,5885.000,575405,572666,5908.000
2023-09-22,5826.000,5966.000,5826.000,5963.000,690958,602297,5903.000
2023-09-25,5963.000,5984.000,5922.000,5942.000,499610,587121,5951.000
2023-09-26,5928.000,5941.000,5835.000,5837.000,518935,553454,5883.000
2023-09-27,5860.000,5877.000,5800.000,5839.000,454794,534134,5843.000
2023-09-28,5816.000,5824.000,5760.000,5775.000,527629,521712,5795.000
2023-10-09,5689.000,5735.000,5633.000,5657.000,313295,535460,5670.000
2023-10-10,5640.000,5705.000,5624.000,5631.000,460626,545620,5659.000
2023-10-11,5640.000,5653.000,5594.000,5644.000,464396,530096,5629.000
2023-10-12,5660.000,5697.000,5637.000,5697.000,406082,526673,5661.000
2023-10-13,5680.000,5716.000,5651.000,5714.000,435690,524986,5673.000
2023-10-16,5801.000,5841.000,5766.000,5813.000,654106,508667,5806.000
2023-10-17,5819.000,5832.000,5777.000,5793.000,365517,484680,5807.000
2023-10-18,5820.000,5873.000,5803.000,5855.000,506123,481075,5842.000
2023-10-19,5872.000,5878.000,5795.000,5835.000,513766,467638,5828.000
2023-10-20,5829.000,5862.000,5788.000,5831.000,582239,457510,5824.000
2023-10-23,5848.000,5904.000,5809.000,5840.000,704280,434386,5863.000
2023-10-24,5824.000,5846.000,5797.000,5837.000,401026,419915,5825.000
2023-10-25,5803.000,5832.000,5793.000,5812.000,392808,408353,5814.000
2023-10-26,5800.000,5853.000,5788.000,5849.000,518015,404746,5823.000
2023-10-27,5820.000,5865.000,5797.000,5861.000,525204,400540,5828.000
2023-10-30,5835.000,5903.000,5823.000,5870.000,474874,371189,5859.000
2023-10-31,5916.000,5928.000,5850.000,5862.000,429116,354152,5890.000
2023-11-01,5842.000,5888.000,5752.000,5762.000,492483,329689,5820.000
2023-11-02,5782.000,5830.000,5761.000,5821.000,402332,307775,5794.000
2023-11-03,5819.000,5832.000,5784.000,5800.000,307490,300155,5802.000
2023-11-06,5850.000,5885.000,5830.000,5856.000,453466,273105,5862.000
2023-11-07,5876.000,5881.000,5820.000,5828.000,519380,416519,5855.000
2023-11-08,5783.000,5794.000,5726.000,5753.000,751764,445943,5766.000
2023-11-09,5747.000,5794.000,5717.000,5731.000,793738,453960,5761.000
2023-11-10,5743.000,5810.000,5733.000,5779.000,843615,437815,5780.000
2023-11-13,5755.000,5772.000,5661.000,5688.000,947067,459708,5716.000
2023-11-14,5686.000,5741.000,5653.000,5733.000,711418,452314,5699.000
2023-11-15,5738.000,5885.000,5730.000,5883.000,1028302,469286,5820.000
2023-11-16,5903.000,5906.000,5849.000,5895.000,908240,481470,5874.000
2023-11-17,5896.000,5944.000,5882.000,5912.000,1092823,517577,5918.000
2023-11-20,5940.000,5940.000,5860.000,5868.000,846816,500990,5889.000
2023-11-21,5838.000,5878.000,5816.000,5875.000,841583,486628,5845.000
2023-11-22,5855.000,5916.000,5855.000,5891.000,830459,493146,5893.000
2023-11-23,5897.000,5904.000,5844.000,5877.000,833145,483511,5870.000
2023-11-24,5871.000,5892.000,5859.000,5872.000,443618,464359,5873.000
2023-11-27,5870.000,6279.000,5867.000,6111.000,1659755,557758,6043.000
2023-11-28,6125.000,6194.000,6087.000,6137.000,995751,557195,6147.000
2023-11-29,6140.000,6246.000,6111.000,6123.000,1188944,546249,6168.000
2023-11-30,6136.000,6191.000,6112.000,6170.000,962303,554982,6148.000
2023-12-01,6165.000,6236.000,6136.000,6178.000,673652,547065,6176.000
2023-12-04,6158.000,6343.000,6141.000,6209.000,931781,545220,6224.000
2023-12-05,6183.000,6220.000,5987.000,6006.000,1068705,462628,6077.000
2023-12-06,5985.000,6036.000,5952.000,5994.000,771688,443580,5985.000
2023-12-07,5980.000,6030.000,5931.000,5969.000,637227,441926,5984.000
2023-12-08,5980.000,6012.000,5937.000,6012.000,559368,439730,5973.000
2023-12-11,5999.000,6009.000,5834.000,5866.000,862899,423352,5914.000
2023-12-12,5856.000,5878.000,5816.000,5869.000,441856,426644,5844.000
2023-12-13,5869.000,5895.000,5803.000,5827.000,560516,426048,5849.000
2023-12-14,5837.000,6042.000,5808.000,6014.000,632861,419471,5933.000
2023-12-15,6051.000,6055.000,6006.000,6011.000,516726,402360,6029.000
2023-12-18,6019.000,6042.000,5962.000,6002.000,492437,385477,5995.000
2023-12-19,6002.000,6007.000,5972.000,5999.000,314669,384239,5992.000
2023-12-20,6013.000,6042.000,6002.000,6028.000,393514,388647,6023.000
2023-12-21,6020.000,6087.000,6004.000,6068.000,520536,381625,6051.000
2023-12-22,6056.000,6124.000,6039.000,6090.000,519624,379962,6079.000
2023-12-25,6088.000,6131.000,6039.000,6066.000,498391,365682,6090.000
2023-12-26,6067.000,6111.000,6053.000,6106.000,222982,367316,6078.000
2023-12-27,6096.000,6113.000,6055.000,6090.000,337719,358084,6086.000
2023-12-28,6079.000,6123.000,6051.000,6067.000,475657,321809,6090.000
2023-12-29,6062.000,6074.000,5945.000,5976.000,471554,299396,6012.000
2024-01-02,5972.000,6045.000,5963.000,6036.000,148856,289206,6008.000
2024-01-03,6010.000,6036.000,5968.000,5976.000,292811,280557,6004.000
2024-01-04,5927.000,5939.000,5853.000,5862.000,392553,290399,5879.000
2024-01-05,5863.000,5920.000,5828.000,5894.000,314759,271672,5877.000
2024-01-08,5888.000,5951.000,5844.000,5894.000,421032,257583,5902.000
2024-01-09,5879.000,5922.000,5867.000,5903.000,232868,249238,5900.000
2024-01-10,5910.000,5936.000,5870.000,5876.000,224977,241004,5900.000
2024-01-11,5888.000,5914.000,5877.000,5903.000,204439,234268,5895.000
2024-01-12,5910.000,5951.000,5829.000,5895.000,424975,221189,5882.000
2024-01-15,5924.000,5995.000,5917.000,5980.000,337184,208338,5965.000
2024-01-16,5971.000,5979.000,5942.000,5956.000,126631,190318,5963.000
2024-01-17,5949.000,5971.000,5899.000,5901.000,214517,171862,5940.000
2024-01-18,5924.000,5930.000,5866.000,5908.000,310406,399236,5896.000
2024-01-19,5902.000,5928.000,5873.000,5913.000,273379,411179,5899.000
2024-01-22,5921.000,5933.000,5751.000,5753.000,519980,462160,5857.000
2024-01-23,5779.000,5819.000,5743.000,5814.000,423401,462431,5776.000
2024-01-24,5807.000,5850.000,5797.000,5847.000,304836,464178,5819.000
2024-01-25,5890.000,5905.000,5858.000,5885.000,390250,461147,5880.000
2024-01-26,5890.000,5918.000,5870.000,5911.000,329306,459968,5900.000
2024-01-29,5906.000,5936.000,5877.000,5930.000,334406,470626,5903.000
2024-01-30,5939.000,5977.000,5905.000,5968.000,329647,476490,5942.000
2024-01-31,5956.000,5982.000,5936.000,5946.000,347442,479640,5957.000
2024-02-01,5957.000,5978.000,5913.000,5923.000,351377,478832,5946.000
2024-02-02,5889.000,5956.000,5852.000,5943.000,567531,484700,5910.000
2024-02-05,5943.000,5951.000,5842.000,5856.000,566088,490752,5875.000
2024-02-06,5839.000,5855.000,5813.000,5824.000,336477,489319,5831.000
2024-02-07,5816.000,5840.000,5768.000,5782.000,321494,480701,5808.000
2024-02-08,5786.000,5833.000,5778.000,5825.000,283710,461876,5803.000
2024-02-19,5988.000,5992.000,5930.000,5951.000,227231,448834,5956.000
2024-02-20,5949.000,5952.000,5922.000,5927.000,206221,458730,5934.000
2024-02-21,5950.000,5957.000,5931.000,5946.000,264109,464304,5945.000
2024-02-22,5941.000,5951.000,5906.000,5934.000,268724,469211,5928.000
2024-02-23,5936.000,5940.000,5870.000,5882.000,343401,476853,5904.000
2024-02-26,5901.000,5941.000,5881.000,5908.000,375350,473670,5909.000
2024-02-27,5868.000,5885.000,5857.000,5879.000,300624,492310,5870.000
2024-02-28,5888.000,5898.000,5848.000,5857.000,306399,517882,5873.000
2024-02-29,5850.000,5880.000,5848.000,5874.000,231977,528596,5864.000
2024-03-01,5850.000,5923.000,5843.000,5914.000,462134,531662,5896.000
2024-03-04,5914.000,6000.000,5891.000,5984.000,632286,558993,5955.000
2024-03-05,5989.000,6119.000,5984.000,6110.000,858618,594979,6069.000
2024-03-06,6124.000,6182.000,6082.000,6104.000,799933,588854,6124.000
2024-03-07,6120.000,6178.000,6105.000,6141.000,689646,595415,6140.000
2024-03-08,6152.000,6179.000,6124.000,6163.000,539456,596001,6153.000
2024-03-11,6166.000,6190.000,6114.000,6157.000,781039,593045,6146.000
2024-03-12,6161.000,6180.000,6145.000,6155.000,366586,601348,6161.000
2024-03-13,6155.000,6157.000,6104.000,6146.000,512523,603725,6126.000
2024-03-14,6176.000,6349.000,6166.000,6287.000,994770,638680,6257.000
2024-03-15,6280.000,6387.000,6247.000,6344.000,711923,646558,6304.000
2024-03-18,6345.000,6424.000,6304.000,6328.000,912764,640340,6368.000
2024-03-19,6364.000,6382.000,6291.000,6305.000,514436,625329,6339.000
2024-03-20,6306.000,6341.000,6270.000,6329.000,426573,632350,6310.000
2024-03-21,6303.000,6511.000,6299.000,6499.000,801060,649809,6414.000
2024-03-22,6450.000,6466.000,6296.000,6316.000,932695,589476,6362.000
2024-03-25,6346.000,6419.000,6331.000,6353.000,767346,583351,6372.000
2024-03-26,6372.000,6393.000,6342.000,6350.000,390748,582650,6372.000
2024-03-27,6376.000,6406.000,6307.000,6346.000,543521,570862,6353.000
2024-03-28,6348.000,6388.000,6330.000,6385.000,501859,570225,6362.000
2024-03-29,6398.000,6494.000,6355.000,6471.000,797370,572723,6424.000
2024-04-01,6480.000,6532.000,6442.000,6495.000,454272,569358,6483.000
2024-04-02,6480.000,6566.000,6410.000,6562.000,783877,587109,6474.000
2024-04-03,6590.000,6798.000,6541.000,6791.000,1358294,602583,6662.000
2024-04-08,6879.000,7128.000,6802.000,7128.000,1046959,604529,7024.000
2024-04-09,7101.000,7284.000,7007.000,7170.000,2246670,608128,7143.000
2024-04-10,7223.000,7271.000,7135.000,7204.000,1999764,601012,7206.000
2024-04-11,7177.000,7261.000,7088.000,7164.000,2207334,589050,7180.000
2024-04-12,7192.000,7479.000,7146.000,7472.000,1980210,641801,7292.000
2024-04-15,7497.000,7790.000,7303.000,7436.000,4756248,591936,7508.000
2024-04-16,7490.000,7508.000,7320.000,7368.000,2717032,560118,7416.000
2024-04-17,7361.000,7415.000,7296.000,7389.000,2166222,553459,7356.000
2024-04-18,7403.000,7500.000,7313.000,7440.000,1739582,584990,7412.000
2024-04-19,7447.000,7546.000,7334.000,7418.000,1627442,551686,7406.000
2024-04-22,7390.000,7471.000,7157.000,7178.000,1418627,510033,7340.000
2024-04-23,7104.000,7149.000,6955.000,6989.000,1331511,464089,7064.000
2024-04-24,7012.000,7145.000,6997.000,7106.000,921818,436980,7066.000
2024-04-25,7106.000,7116.000,7001.000,7086.000,729494,412993,7070.000
2024-04-26,7131.000,7180.000,7054.000,7173.000,789584,403403,7110.000
2024-04-29,7148.000,7178.000,7032.000,7089.000,733568,373222,7104.000
2024-04-30,7082.000,7111.000,6972.000,7011.000,575164,335518,7053.000
2024-05-06,6928.000,7072.000,6926.000,7058.000,231457,333266,7012.000
2024-05-07,7090.000,7168.000,7083.000,7097.000,479476,325251,7122.000
2024-05-08,7112.000,7146.000,7048.000,7108.000,395454,294412,7107.000
2024-05-09,7108.000,7196.000,7079.000,7159.000,400964,291073,7126.000
2024-05-10,7217.000,7416.000,7150.000,7414.000,663631,292443,7281.000
2024-05-13,7367.000,7387.000,7251.000,7305.000,521272,261796,7322.000
2024-05-14,7340.000,7369.000,7267.000,7313.000,315637,238252,7316.000
2024-05-15,7369.000,7414.000,7339.000,7380.000,583529,337720,7367.000
2024-05-16,7474.000,7661.000,7368.000,7581.000,1432080,391353,7523.000
2024-05-17,7583.000,7649.000,7555.000,7649.000,832369,394733,7603.000
2024-05-20,7764.000,8211.000,7748.000,8211.000,1586066,434760,7928.000
2024-05-21,8105.000,8733.000,8092.000,8231.000,3348747,425318,8317.000
2024-05-22,8300.000,8506.000,8231.000,8343.000,2653457,443200,8372.000
2024-05-23,8315.000,8328.000,7863.000,7954.000,2433207,413251,8088.000
2024-05-24,7990.000,8075.000,7836.000,7994.000,2016565,400735,7955.000
2024-05-27,8000.000,8156.000,7927.000,8081.000,1444656,415004,8032.000
2024-05-28,8130.000,8445.000,8124.000,8286.000,2399913,465101,8335.000
2024-05-29,8363.000,8547.000,8291.000,8539.000,2830453,481611,8424.000
2024-05-30,8400.000,8522.000,8186.000,8270.000,2240753,462637,8386.000
2024-05-31,8230.000,8377.000,8110.000,8232.000,1944600,436217,8250.000
2024-06-03,8338.000,8388.000,7822.000,7957.000,2774068,388913,8070.000
2024-06-04,8050.000,8119.000,7938.000,8086.000,1583713,391039,8024.000
2024-06-05,7900.000,7928.000,7728.000,7776.000,1761979,379321,7799.000
2024-06-06,7810.000,8083.000,7758.000,8036.000,1731678,385745,7923.000
2024-06-07,7982.000,8332.000,7963.000,8221.000,2104715,402366,8177.000
2024-06-11,7845.000,7850.000,7653.000,7680.000,811926,383255,7737.000
2024-06-12,7739.000,7792.000,7678.000,7762.000,981070,388378,7731.000
2024-06-13,7900.000,7976.000,7581.000,7744.000,1828905,389582,7810.000
2024-06-14,7750.000,7763.000,7560.000,7675.000,1441175,383540,7662.000
2024-06-17,7708.000,7805.000,7657.000,7680.000,1291785,374427,7724.000
2024-06-18,7720.000,7825.000,7683.000,7752.000,1091953,380857,7758.000
2024-06-19,7661.000,7819.000,7656.000,7772.000,1082493,388573,7767.000
2024-06-20,7778.000,8066.000,7775.000,8015.000,1278410,397642,7913.000
2024-06-21,7990.000,8185.000,7982.000,8036.000,1414526,388719,8089.000
2024-06-24,7991.000,8044.000,7776.000,7821.000,1421488,359680,7884.000
2024-06-25,7830.000,7875.000,7754.000,7830.000,854728,348959,7826.000
2024-06-26,7830.000,7830.000,7603.000,7672.000,1165052,327136,7689.000
2024-06-27,7655.000,7668.000,7571.000,7629.000,939655,322299,7625.000
2024-06-28,7720.000,7770.000,7633.000,7761.000,1011908,313962,7704.000
2024-07-01,7827.000,7856.000,7675.000,7728.000,908048,305631,7759.000
2024-07-02,7750.000,7819.000,7738.000,7795.000,682001,301314,7777.000
2024-07-03,7835.000,7968.000,7785.000,7966.000,1066910,315658,7858.000
2024-07-04,8089.000,8113.000,7979.000,8010.000,1018847,302362,8058.000
2024-07-05,8000.000,8117.000,7998.000,8086.000,726072,291172,8056.000
2024-07-08,8125.000,8304.000,8088.000,8126.000,1538071,278236,8194.000
2024-07-09,8160.000,8193.000,8015.000,8164.000,967576,271089,8119.000
2024-07-10,8135.000,8185.000,8036.000,8128.000,1090288,265243,8112.000
2024-07-11,8160.000,8207.000,8075.000,8184.000,894583,261518,8146.000
2024-07-12,8317.000,8333.000,8058.000,8080.000,1313263,246413,8214.000
2024-07-15,8013.000,8152.000,8010.000,8048.000,873991,228025,8093.000
2024-07-16,8054.000,8135.000,8025.000,8108.000,742892,224138,8086.000
2024-07-17,8063.000,8231.000,8050.000,8082.000,1130812,220184,8146.000
2024-07-18,8096.000,8124.000,7876.000,7974.000,1032533,206553,7971.000
2024-07-19,7939.000,7950.000,7653.000,7679.000,987800,195141,7815.000
2024-07-22,7618.000,7708.000,7574.000,7602.000,768570,191672,7641.000
2024-07-23,7547.000,7695.000,7525.000,7536.000,681012,179329,7604.000
2024-07-24,7606.000,7691.000,7576.000,7688.000,603785,151270,7624.000
2024-07-25,7698.000,7712.000,7192.000,7220.000,967954,145670,7440.000
2024-07-26,7160.000,7298.000,7143.000,7234.000,614829,110974,7217.000
2024-07-29,7295.000,7369.000,7236.000,7337.000,744019,384639,7303.000
2024-07-30,7340.000,7348.000,7139.000,7301.000,1060071,398999,7244.000
2024-07-31,7274.000,7514.000,7251.000,7467.000,1190560,417610,7369.000
2024-08-01,7480.000,7582.000,7451.000,7524.000,1049306,412982,7512.000
2024-08-02,7545.000,7570.000,7317.000,7498.000,1494910,410078,7441.000
2024-08-05,7535.000,7538.000,7185.000,7249.000,2403431,435512,7315.000
2024-08-06,6934.000,7113.000,6835.000,6907.000,1882196,442232,6986.000
2024-08-07,6883.000,7014.000,6883.000,6954.000,1381610,437628,6954.000
2024-08-08,6978.000,7008.000,6885.000,6929.000,1276448,428590,6948.000
2024-08-09,6952.000,7168.000,6940.000,7079.000,1538809,429095,7068.000
2024-08-12,7088.000,7199.000,7016.000,7197.000,1354909,430945,7089.000
2024-08-13,7205.000,7245.000,7130.000,7152.000,1128704,430679,7185.000
2024-08-14,7147.000,7209.000,7063.000,7159.000,1175279,425790,7126.000
2024-08-15,7147.000,7197.000,6967.000,7194.000,1544054,452151,7084.000
2024-08-16,7205.000,7349.000,7148.000,7286.000,1604655,444983,7273.000
2024-08-19,7318.000,7476.000,7255.000,7449.000,1579250,456769,7367.000
2024-08-20,7430.000,7566.000,7406.000,7554.000,1258724,474386,7491.000
2024-08-21,7620.000,7648.000,7495.000,7562.000,1312677,468785,7562.000
2024-08-22,7574.000,7596.000,7475.000,7512.000,1248813,469530,7529.000
2024-08-23,7553.000,7574.000,7388.000,7493.000,1407539,472273,7458.000
2024-08-26,7508.000,7678.000,7457.000,7676.000,1775958,489696,7572.000
2024-08-27,7658.000,7686.000,7604.000,7657.000,998590,475315,7641.000
2024-08-28,7640.000,7679.000,7501.000,7527.000,1220437,483243,7612.000
2024-08-29,7500.000,7567.000,7437.000,7537.000,1038083,476902,7506.000
2024-08-30,7507.000,7558.000,7454.000,7503.000,1130650,469866,7510.000
2024-09-02,7500.000,7500.000,7215.000,7223.000,1494276,478702,7356.000
2024-09-03,7268.000,7279.000,7184.000,7224.000,803606,472839,7240.000
2024-09-04,7211.000,7227.000,7065.000,7065.000,1144780,487513,7117.000
2024-09-05,7120.000,7175.000,7082.000,7104.000,955642,492972,7130.000
2024-09-06,7198.000,7278.000,7162.000,7245.000,1143682,479159,7212.000
2024-09-09,7260.000,7265.000,6884.000,6977.000,1971643,499827,7032.000
2024-09-10,7006.000,7062.000,6949.000,7055.000,1084221,505043,7008.000
2024-09-11,7075.000,7179.000,6941.000,7177.000,1258139,499151,7031.000
2024-09-12,7109.000,7187.000,7023.000,7157.000,1374324,486857,7108.000
2024-09-13,7220.000,7430.000,7186.000,7424.000,1489627,476615,7329.000
2024-09-18,7527.000,7530.000,7404.000,7449.000,474712,473193,7451.000
2024-09-19,7455.000,7519.000,7255.000,7482.000,1559003,483581,7394.000
2024-09-20,7486.000,7569.000,7428.000,7548.000,1238110,496525,7497.000
2024-09-23,7595.000,7596.000,7430.000,7483.000,1441599,486757,7509.000
2024-09-24,7460.000,7635.000,7415.000,7545.000,1383152,465982,7506.000
2024-09-25,7545.000,7929.000,7532.000,7782.000,1987132,492732,0.000
2024-09-26,7791.000,7897.000,7766.000,7857.000,1331965,485738,7831.000
2024-09-27,7904.000,7958.000,7795.000,7865.000,1562036,466236,7865.000
2024-09-30,7902.000,7944.000,7704.000,7793.000,1608713,430965,7816.000
2024-10-08,7826.000,7898.000,7663.000,7672.000,740834,430606,7782.000
2024-10-09,7680.000,7732.000,7448.000,7496.000,1313189,421407,7556.000
2024-10-10,7496.000,7584.000,7427.000,7527.000,1098254,418578,7513.000
2024-10-11,7560.000,7741.000,7539.000,7686.000,1108823,417805,7655.000
2024-10-14,7700.000,7834.000,7644.000,7784.000,1063872,416770,7755.000
2024-10-15,7724.000,7780.000,7623.000,7711.000,966085,411387,7719.000
2024-10-16,7674.000,7899.000,7673.000,7889.000,1125200,432568,7820.000
2024-10-17,7910.000,8015.000,7773.000,7814.000,1458740,422537,7909.000
2024-10-18,7850.000,7998.000,7750.000,7896.000,1634516,425539,7881.000
2024-10-21,7971.000,8378.000,7931.000,8343.000,1995674,487458,8126.000
2024-10-22,8368.000,8415.000,8198.000,8333.000,1488412,472889,8298.000
2024-10-23,8394.000,8443.000,8306.000,8350.000,1448155,445746,8378.000
2024-10-24,8290.000,8293.000,8092.000,8230.000,1557933,394511,8162.000
2024-10-25,8224.000,8273.000,8081.000,8140.000,1351214,379475,8161.000
2024-10-28,8131.000,8243.000,8088.000,8213.000,1234584,381598,8170.000
2024-10-29,8194.000,8326.000,8175.000,8279.000,946831,407220,8247.000
2024-10-30,8300.000,8373.000,8252.000,8319.000,887765,384199,8325.000
2024-10-31,8266.000,8284.000,8116.000,8148.000,889705,366028,8178.000
2024-11-01,8100.000,8108.000,7935.000,7964.000,821276,344236,7993.000
2024-11-04,8006.000,8074.000,7903.000,8006.000,766734,325963,7974.000
2024-11-05,8012.000,8025.000,7922.000,7993.000,518967,319237,7971.000
2024-11-06,7996.000,8081.000,7735.000,7780.000,851459,325655,7961.000
2024-11-07,7754.000,7780.000,7623.000,7699.000,762301,309761,7681.000
2024-11-08,7735.000,7858.000,7733.000,7760.000,575857,286218,7801.000
2024-11-11,7762.000,7888.000,7745.000,7800.000,565545,277373,7813.000
2024-11-12,7760.000,7761.000,7547.000,7581.000,510450,260612,7659.000
2024-11-13,7628.000,7746.000,7623.000,7707.000,571310,268966,7682.000
2024-11-14,7705.000,7780.000,7476.000,7504.000,1092578,298369,7651.000
2024-11-15,7511.000,7650.000,7503.000,7591.000,944782,302550,7591.000
2024-11-18,7654.000,7701.000,7562.000,7688.000,1167551,318063,7646.000
2024-11-19,7719.000,7856.000,7709.000,7817.000,976379,326946,7775.000
2024-11-20,7850.000,7854.000,7737.000,7761.000,1035688,330558,7789.000
2024-11-21,7765.000,7841.000,7724.000,7840.000,1091451,343723,7789.000
2024-11-22,7801.000,7830.000,7714.000,7804.000,1430042,343438,7775.000
2024-11-25,7852.000,7875.000,7611.000,7657.000,1643181,367546,7767.000
2024-11-26,7665.000,7687.000,7562.000,7602.000,1197117,362940,7608.000
2024-11-27,7659.000,7678.000,7585.000,7674.000,1112222,353244,7630.000
2024-11-28,7631.000,7677.000,7460.000,7532.000,1507500,376608,7570.000
2024-11-29,7569.000,7717.000,7540.000,7697.000,1083507,371248,7611.000
2024-12-02,7718.000,7748.000,7574.000,7596.000,1016719,362418,7665.000
2024-12-03,7633.000,7816.000,7620.000,7804.000,841386,377283,7692.000
2024-12-04,7788.000,7853.000,7768.000,7814.000,813342,372976,7807.000
2024-12-05,7738.000,7910.000,7720.000,7832.000,1006251,375637,7834.000
2024-12-06,7858.000,7874.000,7735.000,7823.000,879193,371657,7810.000
2024-12-09,7799.000,7848.000,7710.000,7795.000,1183336,344056,7775.000
2024-12-10,7920.000,7996.000,7894.000,7924.000,883754,353809,7950.000
2024-12-11,7940.000,7988.000,7879.000,7914.000,665416,357708,7938.000
2024-12-12,7930.000,8029.000,7885.000,8014.000,736240,374828,7947.000
2024-12-13,7938.000,7976.000,7768.000,7795.000,1004920,354232,7852.000
2024-12-16,7773.000,7793.000,7682.000,7736.000,693294,341256,7724.000
2024-12-17,7751.000,7778.000,7711.000,7717.000,476873,334736,7747.000
2024-12-18,7684.000,7744.000,7654.000,7701.000,568351,330584,7694.000
2024-12-19,7699.000,7709.000,7452.000,7505.000,820669,341927,7577.000
2024-12-20,7461.000,7480.000,7365.000,7444.000,784625,347725,7417.000
2024-12-23,7406.000,7596.000,7404.000,7583.000,782568,313892,7504.000
2024-12-24,7564.000,7594.000,7521.000,7580.000,458809,300376,7557.000
2024-12-25,7548.000,7624.000,7542.000,7582.000,424189,270959,7575.000
2024-12-26,7589.000,7668.000,7555.000,7583.000,335552,267087,7595.000
2024-12-27,7604.000,7638.000,7557.000,7601.000,462752,249409,7605.000
2024-12-30,7562.000,7588.000,7496.000,7560.000,570759,241938,7532.000
2024-12-31,7572.000,7578.000,7452.000,7470.000,497820,236268,7499.000
2025-01-02,7506.000,7627.000,7502.000,7614.000,260072,221998,7597.000
2025-01-03,7631.000,7678.000,7596.000,7637.000,440188,211062,7631.000
2025-01-06,7684.000,7715.000,7595.000,7611.000,523396,199581,7670.000
2025-01-07,7770.000,7778.000,7619.000,7733.000,656966,192811,7697.000
2025-01-08,7788.000,7797.000,7723.000,7759.000,295994,197677,7755.000
2025-01-09,7749.000,7794.000,7710.000,7774.000,358152,206996,7758.000
2025-01-10,7817.000,7830.000,7761.000,7824.000,298461,216283,7806.000
2025-01-13,7832.000,7866.000,7698.000,7788.000,591524,221122,7797.000
2025-01-14,7670.000,7696.000,7589.000,7608.000,619156,261148,7635.000
2025-01-15,7605.000,7691.000,7600.000,7689.000,582146,260755,7638.000
2025-01-16,7699.000,7884.000,7683.000,7872.000,866528,289443,7796.000
2025-01-17,7853.000,7924.000,7804.000,7833.000,722584,292208,7874.000
2025-01-20,7820.000,7824.000,7702.000,7770.000,789980,276277,7754.000
2025-01-21,7728.000,7822.000,7688.000,7783.000,820021,288342,7749.000
2025-01-22,7770.000,7865.000,7746.000,7812.000,733675,303437,7800.000
2025-01-23,7803.000,7819.000,7717.000,7720.000,702753,302681,7763.000
2025-01-24,7667.000,7794.000,7607.000,7778.000,868528,289666,7681.000
2025-01-27,7786.000,7826.000,7640.000,7687.000,736463,278433,7733.000
2025-02-05,8069.000,8125.000,8001.000,8107.000,432032,315547,8072.000
2025-02-06,8120.000,8121.000,8035.000,8042.000,497965,325769,8087.000
2025-02-07,8040.000,8091.000,7977.000,8055.000,526165,328149,8041.000
2025-02-10,8055.000,8146.000,8006.000,8062.000,903108,333012,8072.000
2025-02-11,8085.000,8105.000,7925.000,7972.000,801858,334145,8032.000
2025-02-12,7916.000,7995.000,7839.000,7967.000,700031,330836,7923.000
2025-02-13,7940.000,8055.000,7899.000,8028.000,678940,349099,7988.000
2025-02-14,8028.000,8263.000,7975.000,8254.000,894058,399863,8094.000
2025-02-17,8262.000,8286.000,7960.000,8016.000,1332445,343311,8116.000
2025-02-18,8016.000,8105.000,7990.000,8077.000,551463,341302,8034.000
2025-02-19,8089.000,8159.000,8061.000,8132.000,687386,346644,8110.000
2025-02-20,8136.000,8166.000,8063.000,8147.000,658101,345769,8118.000
2025-02-21,8163.000,8187.000,8066.000,8102.000,832367,331854,8129.000
2025-02-24,8096.000,8137.000,8008.000,8087.000,800695,315263,8075.000
2025-02-25,8072.000,8093.000,7984.000,8017.000,647022,304928,8031.000
2025-02-26,7950.000,8004.000,7864.000,7904.000,783725,273871,7926.000
2025-02-27,7923.000,7949.000,7862.000,7900.000,534895,259346,7913.000
2025-02-28,7950.000,7965.000,7845.000,7869.000,200686,288417,7905.000
2025-03-03,7858.000,7934.000,7822.000,7907.000,188556,292297,7876.000
2025-03-04,7978.000,7994.000,7924.000,7956.000,172136,288953,7962.000
2025-03-05,8000.000,8018.000,7921.000,8006.000,195356,295340,7973.000
2025-03-06,8031.000,8099.000,7959.000,8076.000,246884,301807,8031.000
2025-03-07,8038.000,8093.000,8025.000,8069.000,175093,305867,8058.000
2025-03-10,8044.000,8097.000,7996.000,8076.000,278363,307777,8045.000
2025-03-11,8076.000,8076.000,7934.000,8012.000,228372,314515,8003.000
2025-03-12,8056.000,8122.000,8035.000,8087.000,291996,327979,8086.000
2025-03-13,8160.000,8195.000,8106.000,8152.000,299922,352635,8151.000
2025-03-14,8149.000,8409.000,8138.000,8380.000,580854,398421,8307.000
2025-03-17,8390.000,8402.000,8305.000,8355.000,331396,399571,8345.000
2025-03-18,8310.000,8381.000,8271.000,8369.000,358571,403174,8337.000
2025-03-19,8430.000,8444.000,8357.000,8378.000,477693,422534,8391.000
2025-03-20,8353.000,8392.000,8305.000,8356.000,521519,423012,8347.000
2025-03-21,8300.000,8325.000,8167.000,8207.000,606671,409821,8262.000
2025-03-24,8208.000,8255.000,8142.000,8248.000,519113,401336,8202.000
2025-03-25,8233.000,8259.000,8196.000,8249.000,361891,405318,8226.000
2025-03-26,8298.000,8387.000,8283.000,8366.000,598927,438224,8351.000
2025-03-27,8387.000,8390.000,8330.000,8372.000,411376,444809,8357.000
2025-03-28,8448.000,8545.000,8378.000,8512.000,1054001,488491,8464.000
2025-03-31,8510.000,8515.000,8420.000,8506.000,760503,470575,8469.000
2025-04-01,8470.000,8483.000,8339.000,8432.000,880602,454230,8419.000
2025-04-02,8433.000,8444.000,8358.000,8401.000,714266,442148,8407.000
2025-04-03,8418.000,8461.000,8260.000,8286.000,1044703,414717,8373.000
2025-04-07,7535.000,7815.000,7535.000,7617.000,1004901,360207,7663.000
2025-04-08,7650.000,7745.000,7615.000,7683.000,1025904,345266,7674.000
2025-04-09,7690.000,7782.000,7598.000,7755.000,996524,348959,7709.000
2025-04-10,7746.000,7990.000,7735.000,7974.000,1105330,332956,7843.000
2025-04-11,7908.000,8012.000,7861.000,7970.000,922755,331473,7932.000
2025-04-14,8007.000,8179.000,7985.000,8091.000,1238730,334370,8094.000
2025-04-15,8111.000,8161.000,8054.000,8158.000,638825,339366,8111.000
2025-04-16,8158.000,8246.000,8120.000,8233.000,666713,345538,8180.000
2025-04-17,8271.000,8280.000,8108.000,8161.000,997086,347060,8209.000
2025-04-18,8170.000,8187.000,8072.000,8160.000,746753,343392,8134.000
2025-04-21,8159.000,8255.000,8127.000,8247.000,540406,341774,8193.000
2025-04-22,8284.000,8292.000,8142.000,8174.000,951414,339593,8201.000
2025-04-23,8175.000,8313.000,8138.000,8199.000,1391764,313731,8226.000
2025-04-24,8205.000,8380.000,8182.000,8296.000,1098950,321716,8293.000
2025-04-25,8298.000,8346.000,8246.000,8280.000,638127,312250,8294.000
2025-04-28,8260.000,8260.000,8163.000,8168.000,642831,280886,8205.000
2025-04-29,8190.000,8258.000,8176.000,8215.000,515398,264110,8216.000
2025-04-30,8259.000,8295.000,8172.000,8182.000,533859,240543,8238.000
2025-05-06,8156.000,8280.000,8155.000,8235.000,274975,232012,8238.000
2025-05-07,8240.000,8280.000,8177.000,8252.000,537686,230351,8241.000
2025-05-08,8235.000,8240.000,8073.000,8094.000,714176,228460,8164.000
2025-05-09,8140.000,8205.000,8128.000,8190.000,361708,243734,8172.000
2025-05-12,8200.000,8261.000,8143.000,8255.000,472442,259058,8206.000
2025-05-13,8155.000,8258.000,8126.000,8245.000,537090,271664,8182.000
2025-05-14,8186.000,8245.000,8156.000,8195.000,616045,280768,8200.000
2025-05-15,8090.000,8124.000,7944.000,8008.000,936043,342882,8052.000
2025-05-16,8054.000,8165.000,8052.000,8101.000,720107,325302,8105.000
2025-05-19,8020.000,8157.000,8016.000,8133.000,679297,329013,8091.000
2025-05-20,8125.000,8137.000,8073.000,8074.000,512126,336223,8107.000
2025-05-21,8158.000,8279.000,8130.000,8272.000,882938,363057,8214.000
2025-05-22,8265.000,8342.000,8246.000,8301.000,763503,383990,8294.000
2025-05-23,8236.000,8286.000,8200.000,8263.000,770049,355111,8240.000
2025-05-26,8251.000,8303.000,8230.000,8280.000,687105,371701,8270.000
2025-05-27,8279.000,8314.000,8200.000,8217.000,627779,364419,8255.000
2025-05-28,8180.000,8266.000,8178.000,8225.000,635600,350276,8224.000
2025-05-29,8236.000,8246.000,8166.000,8224.000,659531,345595,8212.000
2025-05-30,8249.000,8259.000,8178.000,8218.000,658243,334026,8222.000
2025-06-03,8520.000,8522.000,8410.000,8456.000,547586,370146,8459.000
2025-06-04,8475.000,8498.000,8451.000,8463.000,449279,379627,8474.000
2025-06-05,8454.000,8492.000,8450.000,8473.000,319303,378282,8470.000
2025-06-06,8719.000,8855.000,8659.000,8850.000,1310024,481044,8754.000
2025-06-09,8846.000,8912.000,8788.000,8909.000,802831,491386,8832.000
2025-06-10,8900.000,9020.000,8858.000,8887.000,969816,465983,8927.000
2025-06-11,8910.000,8942.000,8850.000,8902.000,601366,455232,8897.000
2025-06-12,8859.000,8885.000,8794.000,8819.000,662487,432670,8834.000
2025-06-13,8818.000,8913.000,8765.000,8791.000,804386,413597,8818.000
2025-06-16,8801.000,8894.000,8789.000,8858.000,571364,412329,8824.000
2025-06-17,8864.000,8875.000,8804.000,8864.000,457000,409050,8837.000
2025-06-18,8932.000,9075.000,8910.000,9045.000,776804,445981,8991.000
2025-06-19,9012.000,9025.000,8782.000,8819.000,746980,387527,8913.000
2025-06-20,8811.000,8823.000,8638.000,8664.000,653140,362640,8739.000
2025-06-23,8712.000,8778.000,8698.000,8770.000,436999,348332,8731.000
2025-06-24,8750.000,8811.000,8721.000,8739.000,446808,341851,8765.000
2025-06-25,8701.000,8729.000,8561.000,8726.000,606376,336670,8649.000
2025-06-26,8690.000,8805.000,8664.000,8796.000,427375,331807,8744.000
2025-06-27,8788.000,8858.000,8762.000,8792.000,469549,315448,8810.000
2025-06-30,8716.000,8765.000,8662.000,8762.000,504396,277702,8713.000
2025-07-01,8737.000,8810.000,8701.000,8810.000,342536,264724,8739.000
2025-07-02,8802.000,8825.000,8741.000,8747.000,323881,249023,8783.000
2025-07-03,8784.000,8967.000,8781.000,8944.000,427766,272055,8867.000
2025-07-04,8930.000,8975.000,8904.000,8948.000,357407,300760,8944.000
2025-07-07,8948.000,8980.000,8868.000,8897.000,316551,302244,8933.000
2025-07-08,8856.000,8973.000,8839.000,8953.000,418168,338144,8917.000
2025-07-09,8940.000,8941.000,8845.000,8899.000,613081,327567,8899.000
2025-07-10,8880.000,8920.000,8856.000,8919.000,488322,333179,8885.000
2025-07-11,8955.000,9118.000,8922.000,9040.000,1169445,402953,9017.000
2025-07-14,9118.000,9267.000,9088.000,9207.000,1093003,448095,9177.000
2025-07-15,9178.000,9226.000,9148.000,9225.000,735123,450115,9184.000
2025-07-16,9195.000,9207.000,9105.000,9152.000,764715,430521,9160.000
2025-07-17,9135.000,9191.000,9081.000,9166.000,906865,438247,9149.000
2025-07-18,9110.000,9282.000,9095.000,9273.000,854199,479676,9186.000
2025-07-21,9286.000,9290.000,9213.000,9271.000,694306,467496,9249.000
2025-07-22,9301.000,9437.000,9301.000,9393.000,961563,476010,9383.000
2025-07-23,9442.000,9526.000,9390.000,9492.000,1024798,478279,9465.000
2025-07-24,9507.000,9519.000,9287.000,9386.000,1253182,459484,9421.000
2025-07-25,9300.000,9447.000,9290.000,9392.000,742059,450827,9372.000
2025-07-28,9350.000,9369.000,9123.000,9212.000,1203307,398421,9225.000
2025-07-29,9190.000,9225.000,9152.000,9195.000,591927,392743,9192.000
2025-07-30,9193.000,9256.000,9176.000,9192.000,689866,392370,9212.000
2025-07-31,9145.000,9145.000,8964.000,9008.000,1100640,371110,9059.000
2025-08-01,8930.000,8965.000,8885.000,8918.000,587441,365193,8923.000
2025-08-04,8985.000,9045.000,8950.000,9039.000,513898,371051,9001.000
2025-08-05,9040.000,9105.000,9030.000,9075.000,313491,367528,9074.000
2025-08-06,9104.000,9200.000,9094.000,9182.000,372060,373376,9160.000
2025-08-07,9163.000,9260.000,9155.000,9258.000,326856,378070,9201.000
2025-08-08,9275.000,9318.000,9239.000,9278.000,420357,373954,9277.000
2025-08-11,9260.000,9293.000,9192.000,9210.000,386995,358701,9244.000
2025-08-12,9180.000,9218.000,9140.000,9187.000,291143,349123,9169.000
2025-08-13,9182.000,9310.000,9135.000,9300.000,415237,365333,9215.000
2025-08-14,9332.000,9368.000,9268.000,9286.000,350484,366680,9319.000
2025-08-15,9242.000,9262.000,9166.000,9204.000,420183,346128,9208.000
2025-08-18,9176.000,9260.000,9154.000,9258.000,298755,350742,9210.000
2025-08-19,9263.000,9277.000,9160.000,9187.000,272698,342500,9213.000
2025-08-20,9208.000,9219.000,9031.000,9042.000,515093,318678,9105.000
2025-08-21,9133.000,9197.000,9118.000,9162.000,311337,307098,9159.000
2025-08-22,9187.000,9254.000,9178.000,9192.000,317495,303690,9220.000
2025-08-25,9168.000,9418.000,9152.000,9394.000,631045,322774,9344.000
2025-08-26,9344.000,9380.000,9314.000,9354.000,295939,303822,9354.000
2025-08-27,9300.000,9350.000,9286.000,9305.000,268955,280655,9325.000
2025-08-28,9287.000,9385.000,9253.000,9377.000,337242,278545,9321.000
2025-08-29,9390.000,9409.000,9347.000,9386.000,325315,262871,9385.000
2025-09-01,9423.000,9832.000,9410.000,9798.000,301127,322353,9632.000
2025-09-02,9793.000,9940.000,9785.000,9845.000,197512,330789,9862.000
2025-09-03,9795.000,9887.000,9710.000,9844.000,238141,333080,9809.000
2025-09-04,9872.000,9988.000,9717.000,9793.000,382818,339737,9856.000
2025-09-05,9820.000,9847.000,9718.000,9834.000,193902,338386,9786.000
2025-09-08,9910.000,9943.000,9740.000,9835.000,364530,348554,9831.000
2025-09-09,9905.000,9950.000,9846.000,9867.000,277038,352855,9889.000
2025-09-10,9820.000,9877.000,9735.000,9816.000,284247,351570,9794.000
2025-09-11,9799.000,9871.000,9770.000,9821.000,196315,353668,9824.000
2025-09-12,9804.000,10089.000,9801.000,10061.000,485410,399292,9963.000
2025-09-15,10011.000,10104.000,10003.000,10045.000,274732,404977,10052.000
2025-09-16,10045.000,10178.000,10030.000,10134.000,348285,417082,10111.000
2025-09-17,10149.000,10173.000,9915.000,9933.000,505164,388338,10030.000
2025-09-18,9924.000,10009.000,9799.000,9835.000,646031,395854,9908.000
2025-09-19,9910.000,10038.000,9856.000,9971.000,571883,433982,9938.000
2025-09-22,9971.000,10336.000,9964.000,10317.000,789654,504050,10168.000
2025-09-23,10276.000,10395.000,10225.000,10349.000,811054,508755,10311.000
2025-09-24,10442.000,10482.000,10305.000,10397.000,753535,516112,10403.000
2025-09-25,10405.000,10466.000,10331.000,10411.000,700711,514351,10396.000
2025-09-26,10511.000,10646.000,10430.000,10632.000,957978,544232,10526.000
2025-09-29,10651.000,11008.000,10645.000,10939.000,1527077,508883,10835.000
2025-09-30,10883.000,11029.000,10833.000,10918.000,889020,476244,10926.000
2025-10-09,11200.000,11309.000,11082.000,11169.000,605570,477440,11209.000
2025-10-10,11424.000,11490.000,10962.000,11082.000,1701266,460115,11213.000
2025-10-13,11189.000,11584.000,10937.000,11531.000,1879156,495576,11236.000
2025-10-14,11582.000,12096.000,11368.000,11533.000,2421975,467689,11697.000
2025-10-15,11430.000,11973.000,11368.000,11966.000,2033514,477804,11675.000
2025-10-16,11938.000,12296.000,11835.000,12017.000,2204550,468345,12002.000
2025-10-17,12023.000,12366.000,12023.000,12249.000,2646240,471120,12230.000
2025-10-20,12057.000,12070.000,11592.000,11742.000,2455760,432661,11782.000
2025-10-21,11982.000,11991.000,11690.000,11805.000,1582985,424554,11862.000
2025-10-22,11400.000,11465.000,11205.000,11404.000,1682838,386233,11327.000
2025-10-23,11255.000,11486.000,11239.000,11467.000,977614,377229,11349.000
2025-10-24,11515.000,11575.000,11281.000,11332.000,906642,365976,11448.000
2025-10-27,11310.000,11510.000,11308.000,11394.000,762347,341694,11429.000
2025-10-28,11268.000,11307.000,11001.000,11049.000,1052828,321875,11125.000
2025-10-29,11029.000,11345.000,11020.000,11338.000,747886,304413,11193.000
2025-10-30,11427.000,11438.000,11122.000,11253.000,820874,283229,11282.000
2025-10-31,11245.000,11534.000,11235.000,11441.000,877344,279241,11410.000
2025-11-03,11449.000,11483.000,11245.000,11455.000,752034,261466,11389.000
2025-11-04,11455.000,11504.000,11188.000,11238.000,783853,257090,11359.000
2025-11-05,11230.000,11320.000,11103.000,11276.000,805726,244274,11204.000
2025-11-06,11297.000,11443.000,11255.000,11427.000,571201,245862,11347.000
2025-11-07,11449.000,11493.000,11264.000,11484.000,684427,245517,11394.000
2025-11-10,11455.000,11734.000,11367.000,11719.000,1015852,243107,11512.000
2025-11-11,11840.000,11984.000,11730.000,11907.000,520056,271116,11865.000
2025-11-12,11950.000,12098.000,11845.000,12098.000,604834,290033,11963.000
2025-11-13,12116.000,12664.000,12062.000,12610.000,1012852,320012,12382.000
2025-11-14,12599.000,12600.000,12331.000,12375.000,1038750,313877,12440.000
2025-11-17,12220.000,12251.000,11854.000,11933.000,1558545,311515,12004.000
2025-11-18,11975.000,12027.000,11696.000,11699.000,1157926,322401,11888.000
2025-11-19,11760.000,12173.000,11760.000,12148.000,1360286,340206,11960.000
2025-11-20,12290.000,12306.000,11912.000,12050.000,1878447,349594,12129.000
2025-11-21,12065.000,12145.000,11661.000,11680.000,2141453,346638,11944.000
2025-11-24,11715.000,11977.000,11689.000,11808.000,1574854,347468,11802.000
2025-11-25,11890.000,12227.000,11840.000,12127.000,1369380,366660,12012.000
2025-11-26,12081.000,12276.000,11950.000,12227.000,1643769,385232,12119.000
2025-11-27,12250.000,12540.000,12161.000,12525.000,1827650,427960,12331.000
2025-11-28,12500.000,12755.000,12384.000,12727.000,1631346,467799,12543.000
2025-12-01,12720.000,13520.000,12675.000,13278.000,2703384,473215,13101.000
2025-12-02,13303.000,13787.000,13303.000,13423.000,2464549,459318,13492.000
2025-12-03,13485.000,13866.000,13430.000,13582.000,2664394,458527,13618.000
2025-12-04,13691.000,13826.000,13322.000,13424.000,2280887,452402,13626.000
2025-12-05,13382.000,13750.000,13232.000,13687.000,1704214,452319,13429.000
2025-12-08,13666.000,13918.000,13470.000,13706.000,2033720,435712,13700.000
2025-12-09,13726.000,13759.000,13517.000,13607.000,1308988,417326,13632.000
2025-12-10,13761.000,14419.000,13735.000,14373.000,1814842,450524,14057.000
2025-12-11,14300.000,14665.000,14068.000,14488.000,1633485,423167,14354.000
2025-12-12,14525.000,15033.000,14486.000,14892.000,1726584,414776,14774.000
2025-12-15,14974.000,15192.000,14237.000,14793.000,2357087,381708,14710.000
2025-12-16,14944.000,14957.000,14454.000,14666.000,1571376,364016,14766.000
2025-12-17,14690.000,15555.000,14619.000,15512.000,1627067,388992,15005.000
2025-12-18,15447.000,15666.000,15224.000,15521.000,1571738,363401,15447.000
2025-12-19,15447.000,15519.000,15042.000,15376.000,1904057,337467,15284.000
2025-12-22,15374.000,16282.000,15340.000,16210.000,1704706,341342,15763.000
2025-12-23,16200.000,16573.000,16088.000,16441.000,1230156,340314,16287.000
2025-12-24,16510.000,17671.000,16360.000,17609.000,1366886,348841,16950.000
2025-12-25,17630.000,17650.000,16752.000,17397.000,1313777,304048,17185.000
2025-12-26,17397.000,18658.000,17339.000,18319.000,985185,279608,18112.000
2025-12-29,18210.000,19998.000,17500.000,18205.000,1442771,225900,18887.000
2025-12-30,18000.000,18636.000,17205.000,18140.000,1127382,195040,17859.000
2025-12-31,18518.000,18875.000,16870.000,17074.000,2299500,222890,18037.000
2026-01-05,18200.000,18399.000,17926.000,18247.000,671811,238881,18169.000
2026-01-06,18126.000,19714.000,18082.000,19452.000,1929939,277142,18899.000
2026-01-07,19460.000,20235.000,19050.000,19290.000,2172110,273458,19607.000
2026-01-08,19103.000,19443.000,18313.000,18450.000,2142359,281630,18901.000
2026-01-09,18200.000,18850.000,17803.000,18731.000,1273159,296031,18305.000
2026-01-12,18800.000,20998.000,18743.000,20945.000,1207190,325725,19834.000
2026-01-13,20900.000,21518.000,20600.000,21004.000,1141819,334657,21071.000
2026-01-14,21431.000,22995.000,21358.000,22763.000,1276377,344556,22290.000
2026-01-15,23488.000,23688.000,21580.000,22665.000,1463055,344462,22771.000
2026-01-16,22980.000,23123.000,22007.000,22483.000,1195161,326435,22569.000
2026-01-19,22200.000,23577.000,21447.000,23189.000,1278937,326648,22257.000
2026-01-20,23053.000,23568.000,22777.000,23062.000,715932,314709,23156.000
2026-01-21,23660.000,23690.000,22638.000,23131.000,870530,301907,23057.000
2026-01-22,23037.000,23380.000,22410.000,23339.000,770349,307787,23009.000
2026-01-23,23150.000,25050.000,23101.000,24965.000,753678,316326,24125.000
2026-01-26,25228.000,28226.000,24880.000,27207.000,965900,322562,26386.000
2026-01-27,27300.000,30020.000,27000.000,28300.000,1038660,310209,28390.000
2026-01-28,28601.000,29502.000,27018.000,29219.000,1085480,290131,28469.000
2026-01-29,28900.000,31488.000,28632.000,30891.000,759566,281207,29735.000
2026-01-30,31145.000,32382.000,27611.000,27941.000,1385181,260826,29919.000
2026-02-02,25960.000,26780.000,24832.000,24832.000,674117,252524,25750.000
2026-02-03,22000.000,22300.000,20600.000,21446.000,931055,226334,21140.000
2026-02-04,22000.000,23580.000,21919.000,23511.000,943212,237205,22720.000
2026-02-05,23550.000,24570.000,18500.000,20255.000,1653202,225422,22095.000
2026-02-06,19209.000,19998.000,17900.000,18799.000,1291544,227163,19167.000
2026-02-09,19500.000,21050.000,18850.000,20873.000,1015252,222363,19892.000
2026-02-10,20500.000,20963.000,20103.000,20284.000,611557,216295,20558.000
2026-02-11,20420.000,20968.000,20050.000,20944.000,504072,211818,20499.000
2026-02-12,21718.000,21720.000,20350.000,20626.000,508985,198298,20937.000
2026-02-13,20400.000,20819.000,18930.000,19782.000,556455,181220,19786.000
2026-02-24,22353.000,22660.000,21459.000,22327.000,210731,175096,22022.000
2026-02-25,22205.000,23311.000,21780.000,23029.000,413132,182556,22467.000
2026-02-26,22975.000,23394.000,22324.000,22572.000,357600,173522,22889.000
2026-02-27,22088.000,23138.000,21814.000,23019.000,389182,171167,22373.000
2026-03-02,23080.000,24460.000,22966.000,24431.000,525490,170813,23847.000
2026-03-03,24449.000,24500.000,21140.000,21645.000,713888,161166,22868.000
2026-03-04,21000.000,21780.000,20189.000,21578.000,482764,169813,21021.000
2026-03-05,21688.000,21958.000,20523.000,21369.000,412712,173457,21402.000
2026-03-06,21500.000,21647.000,20830.000,21533.000,356791,178177,21186.000
2026-03-09,21100.000,21850.000,20345.000,21547.000,619645,189060,21248.000
2026-03-10,21547.000,23000.000,21409.000,22758.000,471037,200036,22166.000
2026-03-11,22651.000,22948.000,22206.000,22256.000,394983,204352,22630.000
2026-03-12,21771.000,22148.000,21555.000,22062.000,414009,206073,21838.000
2026-03-13,22311.000,22388.000,20828.000,20923.000,519958,212096,21676.000
2026-03-16,21430.000,21457.000,19800.000,20301.000,723961,216658,20552.000
2026-03-17,20400.000,20780.000,20180.000,20308.000,550109,218466,20466.000
2026-03-18,20309.000,20486.000,19582.000,19980.000,552862,225308,20060.000
2026-03-19,19392.000,19450.000,17701.000,17984.000,774107,227107,18801.000
2026-03-20,16725.000,18598.000,16100.000,17625.000,1134221,219146,17448.000
2026-03-23,17693.000,17899.000,15070.000,15411.000,1259323,222721,16667.000
2026-03-24,17000.000,17518.000,16400.000,17085.000,1247893,211635,16919.000
2026-03-25,16900.000,18580.000,16731.000,18111.000,967928,214737,17622.000
2026-03-26,18089.000,18247.000,17231.000,17472.000,775118,219990,17852.000
2026-03-27,16938.000,17680.000,16808.000,17489.000,873570,225682,17225.000
2026-03-30,17080.000,17970.000,16950.000,17707.000,1060296,233884,17528.000
2026-03-31,17949.000,18599.000,17607.000,18126.000,881875,241055,18021.000
2026-04-01,18300.000,19160.000,18209.000,18918.000,928197,248865,18666.000
2026-04-02,18750.000,18988.000,17330.000,17621.000,1021111,237740,18353.000
2026-04-03,17500.000,18330.000,17258.000,17843.000,877251,229939,17900.000
2026-04-07,17920.000,18185.000,17725.000,17908.000,302892,231562,17976.000
2026-04-08,17766.000,19071.000,17300.000,18988.000,757977,235643,18151.000
2026-04-09,19066.000,19087.000,18005.000,18225.000,674282,234474,18526.000
2026-04-10,18350.000,18868.000,18300.000,18583.000,682983,237225,18606.000
2026-04-13,18723.000,18938.000,18313.000,18429.000,616805,236493,18667.000
2026-04-14,18320.000,19227.000,18261.000,19210.000,641526,248842,18659.000
2026-04-15,19180.000,20113.000,19160.000,19559.000,844915,256166,19645.000
2026-04-16,19470.000,20050.000,19453.000,19925.000,693154,262487,19803.000
2026-04-17,19700.000,19849.000,19350.000,19570.000,676778,255911,19590.000
2026-04-20,20300.000,20559.000,19724.000,19853.000,766604,253245,20209.000
2026-04-21,19835.000,20033.000,19538.000,19653.000,509800,257391,19843.000
2026-04-22,19619.000,19660.000,19000.000,19586.000,663507,253999,19346.000
2026-04-23,19400.000,19612.000,18836.000,18967.000,638253,247550,19271.000
2026-04-24,19092.000,19155.000,18333.000,18442.000,714129,222499,18840.000
2026-04-27,18640.000,18993.000,18590.000,18820.000,577395,208633,18796.000
2026-04-28,18753.000,18773.000,17951.000,18068.000,576563,198465,18454.000
2026-04-29,18122.000,18241.000,17790.000,18099.000,491846,189355,17987.000
2026-04-30,17802.000,18139.000,17554.000,18135.000,545989,176377,17809.000
2026-05-06,18422.000,18887.000,18350.000,18851.000,212844,180229,18641.000
2026-05-07,19026.000,19520.000,18984.000,19493.000,442053,181076,19229.000
2026-05-08,20060.000,20150.000,19517.000,19840.000,618771,178218,19847.000
2026-05-11,20050.000,20126.000,19575.000,19929.000,581789,175256,19868.000
2026-05-12,20600.000,21475.000,20555.000,20779.000,713894,167689,21021.000
2026-05-13,20888.000,21615.000,20567.000,21348.000,466547,188337,21090.000
2026-05-14,21275.000,22134.000,21244.000,21444.000,536603,200806,21636.000
2026-05-15,21335.000,21397.000,19105.000,19234.000,668034,196762,20296.000
2026-05-18,19008.000,19044.000,18164.000,18607.000,597810,198794,18650.000
2026-05-19,18949.000,19185.000,18500.000,18708.000,709099,212402,18841.000
2026-05-20,18651.000,18651.000,17850.000,18484.000,903196,224679,18171.000
2026-05-21,18530.000,18886.000,18201.000,18314.000,934419,231182,18536.000
2026-05-22,18266.000,18900.000,18165.000,18681.000,828347,233074,18587.000
2026-05-25,18634.000,19288.000,18378.000,18995.000,785903,245606,18782.000
2026-05-26,18995.000,19225.000,18485.000,18684.000,640449,255092,18862.000
2026-05-27,18624.000,18928.000,18135.000,18251.000,794258,264047,18591.000
2026-05-28,18080.000,18280.000,17455.000,17790.000,912466,269163,17943.000
2026-05-29,18000.000,18588.000,17800.000,18358.000,973127,265829,18206.000
2026-06-01,18294.000,18485.000,18050.000,18156.000,747027,267921,18263.000
2026-06-02,18253.000,18540.000,17850.000,18522.000,690899,272959,18159.000
2026-06-03,18375.000,18484.000,17920.000,18008.000,551038,279219,18202.000
2026-06-04,17951.000,18036.000,17650.000,17730.000,555102,287231,17845.000
2026-06-05,18038.000,18230.000,17170.000,17528.000,705714,289320,17774.000
2026-06-08,17242.000,17250.000,15970.000,16204.000,958488,284624,16614.000
2026-06-09,16580.000,16615.000,16223.000,16458.000,602609,279277,16424.000
2026-06-10,16500.000,16577.000,15240.000,15622.000,1087082,277658,15774.000
2026-06-11,15487.000,15834.000,15105.000,15416.000,1018532,279388,15492.000
2026-06-12,15250.000,16216.000,15244.000,15972.000,888629,268835,15670.000
2026-06-15,15940.000,17080.000,15901.000,16876.000,766795,263068,16445.000
2026-06-16,17110.000,17143.000,16560.000,16716.000,547167,261018,16858.000
2026-06-17,17050.000,17100.000,16657.000,16865.000,504513,257889,16818.000
2026-06-18,16800.000,17213.000,16373.000,16493.000,761372,245422,16765.000
2026-06-22,15988.000,16216.000,15738.000,16063.000,316802,246652,15964.000
2026-06-23,15995.000,16125.000,14970.000,14997.000,738930,250386,15546.000
2026-06-24,14937.000,15057.000,14621.000,14950.000,676228,246458,14896.000
2026-06-25,14090.000,14472.000,13560.000,13811.000,984914,245299,14063.000
2026-06-26,14091.000,14367.000,13513.000,14212.000,1056428,240550,14019.000
2026-06-29,14371.000,14464.000,14014.000,14272.000,809605,234605,14282.000
2026-06-30,14242.000,14525.000,13733.000,14410.000,792206,230550,14094.000
2026-07-01,14250.000,14749.000,13982.000,14032.000,724165,222833,14375.000
2026-07-02,14366.000,14898.000,14233.000,14650.000,795210,213462,14626.000
2026-07-03,15000.000,15296.000,14762.000,15256.000,742255,212260,15052.000
2026-07-06,15250.000,15423.000,15026.000,15083.000,461517,207484,15197.000
2026-07-07,15083.000,15150.000,14655.000,14880.000,497005,205282,14960.000
2026-07-08,15000.000,15080.000,14560.000,14860.000,536379,201361,14836.000
2026-07-09,14410.000,14470.000,14001.000,14403.000,656508,197738,14234.000
2026-07-10,14484.000,14820.000,14441.000,14656.000,489210,195687,14674.000
2026-07-13,14537.000,14660.000,14083.000,14135.000,491718,192690,14425.000
2026-07-14,14286.000,14310.000,13851.000,14217.000,469083,189888,14102.000
2026-07-15,14430.000,14566.000,14172.000,14241.000,454895,185011,14390.000
2026-07-16,14340.000,14392.000,13815.000,13937.000,505936,196054,14052.000
2026-07-17,13611.000,13812.000,13329.000,13545.000,603692,198790,13587.000
2026-07-20,13480.000,13986.000,13386.000,13753.000,646870,210628,13686.000
2026-07-21,13823.000,14453.000,13740.000,14420.000,702545,230338,14000.000
2026-07-22,14431.000,14695.000,14258.000,14531.000,731513,236745,14490.000
2026-07-23,14481.000,14950.000,14444.000,14614.000,787649,254670,14731.000
2026-07-24,14210.000,14237.000,13986.000,14154.000,813225,253963,14126.000
2026-07-27,14295.000,14675.000,14170.000,14558.000,747713,261087,14426.000
2026-07-28,14440.000,14488.000,13874.000,14088.000,773693,266221,14220.000
2026-07-29,14070.000,14269.000,13909.000,14268.000,745286,274265,14065.000
2026-07-30,14060.000,14598.000,13945.000,14032.000,984527,282476,14144.000
2026-07-31,14200.000,14455.000,14132.000,14264.000,827922,285736,14288.000
2026-08-03,14108.000,14330.000,13952.000,14218.000,651016,286111,14105.000
2026-08-04,14066.000,14452.000,13813.000,14373.000,663822,296603,14106.000
2026-08-05,14600.000,15127.000,14480.000,15105.000,709794,315307,14712.000
2026-08-06,15027.000,15435.000,15027.000,15091.000,838090,313530,15217.000
2026-08-07,15035.000,15650.000,14942.000,15635.000,743843,322722,15198.000
2026-08-10,15875.000,15900.000,15402.000,15705.000,799758,322631,15589.000
2026-08-11,15624.000,16249.000,15540.000,15748.000,846185,313807,15861.000
2026-08-12,15805.000,16196.000,15738.000,16154.000,642956,324253,15923.000
2026-08-13,16250.000,16340.000,15786.000,15823.000,784877,314536,16043.000
2026-08-14,15950.000,15992.000,15503.000,15722.000,657498,312556,15752.000
2026-08-17,15895.000,16215.000,15822.000,16143.000,588026,317332,16003.000
2026-08-18,15997.000,16315.000,15835.000,15961.000,669549,308946,16095.000
2026-08-19,15925.000,15986.000,15320.000,15432.000,685265,301327,15624.000
2026-08-20,15850.000,16444.000,15780.000,16361.000,759355,302418,16110.000
2026-08-21,16220.000,16872.000,16201.000,16771.000,773037,306819,16611.000
2026-08-24,16896.000,17052.000,16664.000,16843.000,757231,298269,16885.000
2026-08-25,16841.000,17072.000,16460.000,16631.000,752304,282243,16775.000
2026-08-26,16598.000,16989.000,16402.000,16756.000,643479,269979,16670.000
2026-08-27,16659.000,16977.000,16445.000,16728.000,672442,260536,16690.000
2026-08-28,16600.000,17223.000,16478.000,17215.000,765262,261945,16818.000
2026-08-31,17284.000,17388.000,16047.000,16293.000,1214282,239957,16669.000
2026-09-01,16280.000,16380.000,16134.000,16245.000,466577,232962,16259.000
2026-09-02,15850.000,15944.000,15441.000,15631.000,564360,223864,15720.000
2026-09-03,15681.000,16167.000,15676.000,16045.000,492625,216412,15960.000
2026-09-04,16304.000,16472.000,16150.000,16250.000,466952,207813,16318.000
