date,open,high,low,close,volume,open_interest,settle
2019-09-26,8100.000,8160.000,7983.000,8056.000,113696,17058,8070.000
2019-09-27,8020.000,8068.000,7901.000,7940.000,39914,15074,7977.000
2019-09-30,7905.000,7999.000,7905.000,7976.000,13738,13464,7956.000
2019-10-08,7950.000,7998.000,7920.000,7968.000,5470,14208,7962.000
2019-10-09,7971.000,8018.000,7940.000,7952.000,12898,15982,7974.000
2019-10-10,7950.000,7968.000,7835.000,7843.000,44770,21110,7872.000
2019-10-11,7832.000,7880.000,7794.000,7826.000,29642,22516,7834.000
2019-10-14,7828.000,7850.000,7756.000,7770.000,29722,29566,7796.000
2019-10-15,7760.000,7760.000,7592.000,7649.000,63492,41682,7667.000
2019-10-16,7675.000,7676.000,7490.000,7526.000,72992,49354,7579.000
2019-10-17,7510.000,7518.000,7425.000,7478.000,77818,56138,7463.000
2019-10-18,7490.000,7574.000,7467.000,7546.000,83618,52790,7528.000
2019-10-21,7560.000,7585.000,7466.000,7494.000,51658,50434,7525.000
2019-10-22,7503.000,7509.000,7409.000,7469.000,45254,53952,7467.000
2019-10-23,7502.000,7515.000,7442.000,7447.000,35850,57744,7470.000
2019-10-24,7430.000,7544.000,7400.000,7509.000,68886,58202,7502.000
2019-10-25,7520.000,7530.000,7455.000,7456.000,30064,57380,7493.000
2019-10-28,7450.000,7502.000,7411.000,7430.000,43822,62422,7458.000
2019-10-29,7430.000,7456.000,7370.000,7383.000,48806,68518,7411.000
2019-10-30,7370.000,7399.000,7325.000,7336.000,78382,85466,7357.000
2019-10-31,7320.000,7354.000,7316.000,7325.000,46746,90862,7331.000
2019-11-01,7316.000,7350.000,7244.000,7248.000,90632,100808,7293.000
2019-11-04,7251.000,7321.000,7250.000,7312.000,62688,104660,7280.000
2019-11-05,7313.000,7372.000,7305.000,7331.000,73658,99802,7336.000
2019-11-06,7356.000,7362.000,7324.000,7330.000,40314,103980,7338.000
2019-11-07,7327.000,7336.000,7228.000,7258.000,69388,115178,7279.000
2019-11-08,7293.000,7294.000,7070.000,7087.000,144936,141620,7169.000
2019-11-11,7088.000,7097.000,6953.000,6963.000,159342,146960,7022.000
2019-11-12,6958.000,6982.000,6905.000,6951.000,140044,153906,6939.000
2019-11-13,6950.000,7068.000,6941.000,6964.000,216358,148480,7002.000
2019-11-14,6976.000,6982.000,6872.000,6940.000,151534,151002,6920.000
2019-11-15,6940.000,6992.000,6925.000,6949.000,127474,146132,6956.000
2019-11-18,6950.000,7019.000,6935.000,7004.000,124220,143798,6980.000
2019-11-19,6997.000,7020.000,6911.000,6954.000,121994,146794,6960.000
2019-11-20,6947.000,6950.000,6888.000,6930.000,115786,156852,6922.000
2019-11-21,6932.000,6992.000,6912.000,6974.000,120230,167874,6957.000
2019-11-22,6976.000,7046.000,6962.000,6986.000,141002,173650,7000.000
2019-11-25,6986.000,7087.000,6986.000,7086.000,136864,176850,7031.000
2019-11-26,7085.000,7156.000,7036.000,7150.000,196082,177746,7101.000
2019-11-27,7153.000,7235.000,7126.000,7141.000,273166,188986,7180.000
2019-11-28,7160.000,7194.000,7106.000,7152.000,161864,189910,7153.000
2019-11-29,7164.000,7164.000,7070.000,7125.000,135114,189486,7116.000
2019-12-02,7114.000,7144.000,7010.000,7056.000,153790,193284,7069.000
2019-12-03,7055.000,7191.000,7053.000,7167.000,191566,183236,7125.000
2019-12-04,7170.000,7264.000,7156.000,7176.000,217702,185188,7204.000
2019-12-05,7200.000,7324.000,7200.000,7302.000,220546,180650,7266.000
2019-12-06,7330.000,7343.000,7281.000,7327.000,128312,180614,7315.000
2019-12-09,7326.000,7494.000,7268.000,7276.000,301988,153414,7387.000
2019-12-10,7270.000,7381.000,7266.000,7376.000,250584,151446,0.000
2019-12-11,7396.000,7443.000,7246.000,7268.000,300926,160198,7346.000
2019-12-12,7270.000,7331.000,7220.000,7326.000,189860,165808,7279.000
2019-12-13,7333.000,7388.000,7261.000,7323.000,217204,162126,7327.000
2019-12-16,7330.000,7383.000,7302.000,7346.000,184424,158658,7344.000
2019-12-17,7330.000,7447.000,7330.000,7430.000,171806,158610,7397.000
2019-12-18,7450.000,7480.000,7343.000,7364.000,164856,150836,7414.000
2019-12-19,7376.000,7442.000,7344.000,7434.000,141424,158528,7394.000
2019-12-20,7430.000,7466.000,7394.000,7404.000,139676,157878,7425.000
2019-12-23,7420.000,7424.000,7315.000,7350.000,169854,159432,0.000
2019-12-24,7356.000,7380.000,7323.000,7359.000,103132,158158,7350.000
2019-12-25,7370.000,7392.000,7346.000,7351.000,91274,157148,7369.000
2019-12-26,7348.000,7375.000,7320.000,7366.000,78036,159656,7349.000
2019-12-27,7367.000,7419.000,7352.000,7408.000,133284,154914,0.000
2019-12-30,7408.000,7426.000,7373.000,7375.000,125352,149130,7403.000
2019-12-31,7382.000,7397.000,7237.000,7276.000,210796,161604,7304.000
2020-01-02,7288.000,7336.000,7261.000,7291.000,38527,81424,7295.000
2020-01-03,7294.000,7345.000,7271.000,7321.000,49829,79582,7306.000
2020-01-06,7330.000,7410.000,7316.000,7387.000,59768,75131,7367.000
2020-01-07,7390.000,7390.000,7281.000,7318.000,51068,75409,7329.000
2020-01-08,7308.000,7438.000,7303.000,7374.000,72616,68952,7367.000
2020-01-09,7344.000,7385.000,7266.000,7305.000,58620,67645,7319.000
2020-01-10,7311.000,7428.000,7259.000,7428.000,72901,68950,7338.000
2020-01-13,7438.000,7566.000,7422.000,7541.000,156246,81191,0.000
2020-01-14,7541.000,7587.000,7478.000,7541.000,89977,84049,7518.000
2020-01-15,7551.000,7576.000,7480.000,7531.000,84802,85644,7513.000
2020-01-16,7530.000,7550.000,7389.000,7467.000,85693,75426,7472.000
2020-01-17,7459.000,7498.000,7440.000,7459.000,50251,75284,7473.000
2020-01-20,7470.000,7530.000,7456.000,7515.000,59879,75192,7505.000
2020-01-21,7510.000,7538.000,7421.000,7434.000,52832,68443,7476.000
2020-01-22,7420.000,7438.000,7310.000,7394.000,57500,59901,7370.000
2020-01-23,7395.000,7410.000,7266.000,7282.000,31343,58260,7329.000
2020-02-03,6890.000,6930.000,6890.000,6890.000,23458,52889,6896.000
2020-02-04,6700.000,6876.000,6497.000,6865.000,52335,50829,6792.000
2020-02-05,6810.000,7013.000,6810.000,6945.000,54850,53123,0.000
2020-02-06,6980.000,7022.000,6925.000,6991.000,33204,54077,0.000
2020-02-07,6973.000,6985.000,6943.000,6971.000,21261,54337,0.000
2020-02-10,6950.000,6989.000,6923.000,6966.000,18906,56366,0.000
2020-02-11,6943.000,6980.000,6913.000,6938.000,31114,58774,6954.000
2020-02-12,6920.000,6948.000,6816.000,6868.000,52092,63052,6882.000
2020-02-13,6890.000,6898.000,6831.000,6879.000,32509,64599,0.000
2020-02-14,6883.000,6915.000,6841.000,6886.000,31708,63968,6874.000
2020-02-17,6899.000,6990.000,6870.000,6956.000,34639,64734,6933.000
2020-02-18,6956.000,7008.000,6930.000,6938.000,35577,67270,0.000
2020-02-19,6956.000,7030.000,6935.000,7000.000,37556,70837,0.000
2020-02-20,7020.000,7068.000,6983.000,7027.000,43138,73354,0.000
2020-02-21,7027.000,7078.000,7012.000,7044.000,40470,75500,0.000
2020-02-24,7007.000,7030.000,6951.000,7024.000,34752,73266,6998.000
2020-02-25,6966.000,7020.000,6954.000,7009.000,26606,73157,0.000
2020-02-26,6980.000,7044.000,6907.000,6911.000,46827,73694,0.000
2020-02-27,6883.000,6890.000,6820.000,6840.000,31452,74043,0.000
2020-02-28,6800.000,6829.000,6681.000,6697.000,44962,70808,0.000
2020-03-02,6680.000,6788.000,6646.000,6759.000,43432,73314,0.000
2020-03-03,6808.000,6850.000,6700.000,6701.000,50841,78601,0.000
2020-03-04,6752.000,6785.000,6714.000,6759.000,40547,77508,0.000
2020-03-05,6760.000,6777.000,6722.000,6751.000,37279,75870,0.000
2020-03-06,6730.000,6748.000,6660.000,6714.000,45951,73505,0.000
2020-03-09,6434.000,6434.000,6434.000,6434.000,1553,72647,0.000
2020-03-10,6000.000,6332.000,6000.000,6276.000,64130,68113,6199.000
2020-03-11,6300.000,6350.000,6176.000,6189.000,35474,68980,0.000
2020-03-12,6150.000,6195.000,6011.000,6120.000,51533,69564,0.000
2020-03-13,6030.000,6098.000,5923.000,6083.000,54584,66856,0.000
2020-03-16,6065.000,6075.000,5939.000,5943.000,56941,64478,0.000
2020-03-17,5900.000,5945.000,5776.000,5776.000,103445,71276,0.000
2020-03-18,5692.000,5695.000,5400.000,5400.000,133892,71188,5561.000
2020-03-19,5110.000,5278.000,5061.000,5061.000,96187,63573,0.000
2020-03-20,5288.000,5313.000,4984.000,5177.000,192060,62913,0.000
2020-03-23,4723.000,5000.000,4658.000,4832.000,134934,62829,0.000
2020-03-24,4900.000,4916.000,4573.000,4783.000,147460,62858,0.000
2020-03-25,4663.000,4746.000,4505.000,4561.000,221048,78514,0.000
2020-03-26,4534.000,4706.000,4466.000,4612.000,223459,86579,0.000
2020-03-27,4651.000,4698.000,4520.000,4645.000,199424,92488,0.000
2020-03-30,4550.000,4597.000,4338.000,4341.000,201547,80809,0.000
2020-03-31,4378.000,4599.000,4366.000,4425.000,208540,82014,0.000
2020-04-01,4396.000,4485.000,4380.000,4424.000,97146,78269,0.000
2020-04-02,4380.000,4777.000,4380.000,4666.000,182364,74460,0.000
2020-04-03,4756.000,4920.000,4620.000,4884.000,142198,66333,0.000
2020-04-07,4978.000,4994.000,4853.000,4940.000,134277,58340,0.000
2020-04-08,4880.000,5066.000,4791.000,4999.000,112475,49438,0.000
2020-04-09,5124.000,5392.000,5000.000,5392.000,214241,53919,0.000
2020-04-10,5284.000,5513.000,5230.000,5299.000,315699,45230,0.000
2020-04-13,5385.000,5617.000,5288.000,5362.000,177651,38500,0.000
2020-04-14,5398.000,5398.000,5128.000,5220.000,113390,32541,0.000
2020-04-15,5314.000,5488.000,5237.000,5414.000,162170,90989,0.000
2020-04-16,5350.000,5498.000,5350.000,5426.000,158744,95343,0.000
2020-04-17,5500.000,5648.000,5456.000,5526.000,196991,99776,0.000
2020-04-20,5401.000,5555.000,5380.000,5548.000,131163,105949,0.000
2020-04-21,5490.000,5546.000,5065.000,5200.000,300601,103015,0.000
2020-04-22,4950.000,5043.000,4819.000,4819.000,243539,106368,0.000
2020-04-23,4920.000,5319.000,4919.000,5305.000,285919,113223,0.000
2020-04-24,5350.000,5397.000,5203.000,5301.000,253528,112043,0.000
2020-04-27,5290.000,5430.000,5228.000,5326.000,200544,109721,0.000
2020-04-28,5288.000,5419.000,5262.000,5354.000,194034,114904,0.000
2020-04-29,5400.000,5492.000,5400.000,5456.000,137626,113970,0.000
2020-04-30,5587.000,5588.000,5461.000,5530.000,100450,111767,0.000
2020-05-06,5800.000,5810.000,5661.000,5725.000,120518,118527,0.000
2020-05-07,5700.000,5730.000,5517.000,5528.000,205031,128057,0.000
2020-05-08,5602.000,5618.000,5440.000,5535.000,194432,123657,0.000
2020-05-11,5515.000,5577.000,5424.000,5446.000,116671,125678,0.000
2020-05-12,5487.000,5495.000,5392.000,5452.000,105218,122850,0.000
2020-05-13,5475.000,5563.000,5356.000,5484.000,184650,122107,0.000
2020-05-14,5510.000,5543.000,5435.000,5508.000,115359,122473,0.000
2020-05-15,5500.000,5627.000,5475.000,5588.000,130023,125021,0.000
2020-05-18,5600.000,5801.000,5552.000,5731.000,161349,130004,0.000
2020-05-19,5760.000,5889.000,5682.000,5740.000,202625,128671,0.000
2020-05-20,5750.000,5818.000,5711.000,5780.000,120974,130118,0.000
2020-05-21,5780.000,5825.000,5733.000,5771.000,142624,128622,0.000
2020-05-22,5780.000,5845.000,5586.000,5607.000,184028,122826,0.000
2020-05-25,5610.000,5729.000,5570.000,5702.000,110913,122163,0.000
2020-05-26,5722.000,5745.000,5670.000,5689.000,81757,122825,0.000
2020-05-27,5730.000,5767.000,5646.000,5730.000,112098,120899,0.000
2020-05-28,5720.000,5745.000,5605.000,5671.000,123815,119725,0.000
2020-05-29,5686.000,5744.000,5650.000,5670.000,104111,117706,0.000
2020-06-01,5670.000,5806.000,5643.000,5794.000,117554,115660,0.000
2020-06-02,5790.000,5850.000,5750.000,5804.000,82354,116117,0.000
2020-06-03,5810.000,5988.000,5801.000,5951.000,148721,129515,0.000
2020-06-04,5920.000,5935.000,5788.000,5811.000,113950,121767,0.000
2020-06-05,5811.000,5890.000,5788.000,5876.000,73092,122276,0.000
2020-06-08,5950.000,5986.000,5863.000,5904.000,84790,121205,0.000
2020-06-09,5888.000,5917.000,5822.000,5847.000,73088,121963,0.000
2020-06-10,5840.000,5895.000,5815.000,5850.000,64098,121153,0.000
2020-06-11,5850.000,5870.000,5764.000,5780.000,77761,122393,0.000
2020-06-12,5751.000,5759.000,5580.000,5680.000,106151,117997,0.000
2020-06-15,5707.000,5780.000,5622.000,5666.000,85589,115747,0.000
2020-06-16,5672.000,5798.000,5656.000,5793.000,75466,113021,0.000
2020-06-17,5825.000,5859.000,5741.000,5768.000,65602,113420,0.000
2020-06-18,5768.000,5818.000,5744.000,5799.000,52292,112971,0.000
2020-06-19,5829.000,5880.000,5786.000,5841.000,59351,111141,0.000
2020-06-22,5860.000,5865.000,5736.000,5757.000,78118,112209,0.000
2020-06-23,5768.000,5805.000,5719.000,5773.000,62446,111367,0.000
2020-06-24,5780.000,5794.000,5735.000,5757.000,44806,110589,0.000
2020-06-29,5653.000,5719.000,5621.000,5638.000,53353,114918,0.000
2020-06-30,5659.000,5698.000,5646.000,5660.000,47434,113671,0.000
2020-07-01,5650.000,5680.000,5552.000,5660.000,124744,118512,0.000
2020-07-02,5650.000,5700.000,5604.000,5686.000,78671,116174,0.000
2020-07-03,5680.000,5750.000,5660.000,5715.000,76188,113336,0.000
2020-07-06,5702.000,5772.000,5635.000,5744.000,144290,112832,0.000
2020-07-07,5744.000,5790.000,5680.000,5699.000,125164,110908,0.000
2020-07-08,5712.000,5748.000,5675.000,5714.000,66267,109937,0.000
2020-07-09,5714.000,5739.000,5657.000,5682.000,74377,116268,0.000
2020-07-10,5681.000,5690.000,5500.000,5501.000,159280,138347,0.000
2020-07-13,5535.000,5637.000,5529.000,5587.000,96890,131042,0.000
2020-07-14,5576.000,5625.000,5466.000,5599.000,125164,126216,0.000
2020-07-15,5598.000,5686.000,5584.000,5668.000,113562,112519,0.000
2020-07-16,5670.000,5699.000,5618.000,5631.000,76164,108442,0.000
2020-07-17,5603.000,5655.000,5526.000,5560.000,83944,112003,0.000
2020-07-20,5580.000,5628.000,5532.000,5598.000,85639,111324,5584.000
2020-07-21,5570.000,5625.000,5550.000,5572.000,66411,109519,5585.000
2020-07-22,5619.000,5650.000,5578.000,5592.000,84820,106230,5612.000
2020-07-23,5593.000,5717.000,5520.000,5701.000,137523,112563,5611.000
2020-07-24,5686.000,5760.000,5632.000,5678.000,159225,109942,5709.000
2020-07-27,5693.000,5734.000,5660.000,5729.000,77133,108084,5699.000
2020-07-28,5725.000,5742.000,5641.000,5672.000,84918,107492,5696.000
2020-07-29,5670.000,5715.000,5657.000,5694.000,61756,107950,5691.000
2020-07-30,5700.000,5714.000,5582.000,5631.000,98533,104183,5651.000
2020-07-31,5631.000,5643.000,5553.000,5560.000,97277,104846,5585.000
2020-08-03,5550.000,5570.000,5511.000,5520.000,75561,105655,5539.000
2020-08-04,5541.000,5609.000,5523.000,5544.000,71234,101220,5559.000
2020-08-05,5535.000,5596.000,5516.000,5551.000,53654,97453,5562.000
2020-08-06,5598.000,5605.000,5526.000,5570.000,61995,97660,5562.000
2020-08-07,5580.000,5590.000,5422.000,5432.000,106191,104990,5484.000
2020-08-10,5450.000,5450.000,5322.000,5433.000,103991,101072,5374.000
2020-08-11,5433.000,5518.000,5406.000,5445.000,73623,91367,5458.000
2020-08-12,5445.000,5460.000,5385.000,5437.000,58658,87568,5429.000
2020-08-13,5440.000,5465.000,5400.000,5444.000,45020,83616,5435.000
2020-08-14,5444.000,5471.000,5370.000,5375.000,53194,84746,5431.000
2020-08-17,5380.000,5388.000,5308.000,5323.000,60082,84613,5344.000
2020-08-18,5313.000,5346.000,5245.000,5253.000,67507,76869,5298.000
2020-08-19,5256.000,5272.000,5092.000,5108.000,96588,66714,5158.000
2020-08-20,5070.000,5241.000,5070.000,5158.000,64420,51691,5167.000
2020-08-21,5195.000,5304.000,5141.000,5299.000,58966,38026,5236.000
2020-08-24,5640.000,5720.000,5616.000,5720.000,81239,81507,5670.000
2020-08-25,5720.000,5743.000,5685.000,5716.000,61642,84098,5712.000
2020-08-26,5720.000,5730.000,5620.000,5642.000,81282,87313,5684.000
2020-08-27,5644.000,5750.000,5632.000,5741.000,82593,95215,5693.000
2020-08-28,5741.000,5780.000,5682.000,5728.000,79187,94508,5732.000
2020-08-31,5723.000,5808.000,5722.000,5782.000,57136,98273,5771.000
2020-09-01,5786.000,5799.000,5715.000,5784.000,63604,98106,5761.000
2020-09-02,5805.000,5880.000,5796.000,5834.000,99427,98826,5843.000
2020-09-03,5835.000,5845.000,5755.000,5774.000,68593,95554,5811.000
2020-09-04,5757.000,5782.000,5696.000,5736.000,79386,87760,5735.000
2020-09-07,5745.000,5807.000,5666.000,5682.000,93431,89436,5723.000
2020-09-08,5691.000,5714.000,5625.000,5635.000,78436,88007,5674.000
2020-09-09,5600.000,5656.000,5517.000,5605.000,96066,83306,5591.000
2020-09-10,5612.000,5747.000,5582.000,5714.000,136254,95694,5685.000
2020-09-11,5738.000,5738.000,5655.000,5694.000,73887,94280,5700.000
2020-09-14,5730.000,5764.000,5636.000,5742.000,87569,100784,5709.000
2020-09-15,5745.000,5780.000,5700.000,5710.000,101330,100623,5740.000
2020-09-16,5757.000,5784.000,5703.000,5780.000,105674,105840,5751.000
2020-09-17,5788.000,5805.000,5721.000,5742.000,72718,105099,5758.000
2020-09-18,5730.000,5856.000,5730.000,5812.000,124486,115810,5800.000
2020-09-21,5801.000,5810.000,5731.000,5746.000,83214,108991,5776.000
2020-09-22,5740.000,5740.000,5570.000,5629.000,108013,95756,5663.000
2020-09-23,5629.000,5678.000,5602.000,5670.000,76749,96736,5639.000
2020-09-24,5670.000,5694.000,5573.000,5590.000,80128,97075,5621.000
2020-09-25,5585.000,5656.000,5554.000,5622.000,70136,92155,5612.000
2020-09-28,5453.000,5528.000,5421.000,5470.000,26188,4118,5478.000
2020-09-29,5682.000,5720.000,5643.000,5665.000,61084,85745,5679.000
2020-09-30,5657.000,5668.000,5538.000,5596.000,85409,77608,5597.000
2020-10-09,5668.000,5749.000,5640.000,5648.000,49251,81578,5681.000
2020-10-12,5652.000,5745.000,5629.000,5740.000,80147,90791,5697.000
2020-10-13,5756.000,5970.000,5750.000,5942.000,188850,120742,5867.000
2020-10-14,5960.000,6310.000,5935.000,6171.000,467578,147844,6162.000
2020-10-15,6200.000,6248.000,6108.000,6194.000,209420,143840,6180.000
2020-10-16,6164.000,6265.000,6116.000,6173.000,208446,137919,6181.000
2020-10-19,6190.000,6618.000,6190.000,6324.000,396701,144634,6380.000
2020-10-20,6365.000,6467.000,6324.000,6422.000,175375,144807,6399.000
2020-10-21,6480.000,6676.000,6383.000,6405.000,345024,139060,6528.000
2020-10-22,6411.000,6527.000,6300.000,6506.000,213699,144436,6428.000
2020-10-23,6511.000,6513.000,6266.000,6271.000,187021,133268,6375.000
2020-10-26,6315.000,6460.000,6283.000,6359.000,164762,130337,6371.000
2020-10-27,6348.000,6509.000,6310.000,6437.000,205350,138574,6407.000
2020-10-28,6520.000,6625.000,6472.000,6599.000,240808,147428,6553.000
2020-10-29,6597.000,6861.000,6553.000,6832.000,407476,179279,6706.000
2020-10-30,6790.000,6946.000,6678.000,6746.000,492186,154798,6817.000
2020-11-02,6770.000,7021.000,6684.000,7004.000,314155,164508,6846.000
2020-11-03,6988.000,7041.000,6884.000,6961.000,228916,152494,6971.000
2020-11-04,7084.000,7303.000,7023.000,7276.000,423650,173960,7180.000
2020-11-05,7280.000,7406.000,7075.000,7081.000,490501,159490,7250.000
2020-11-06,7118.000,7177.000,6934.000,6990.000,399610,146818,7061.000
2020-11-09,7040.000,7400.000,7030.000,7391.000,497482,165287,7247.000
2020-11-10,7505.000,7580.000,7278.000,7388.000,442229,159238,7443.000
2020-11-11,7420.000,7600.000,7309.000,7600.000,335552,169658,7433.000
2020-11-12,7632.000,7700.000,7508.000,7600.000,501185,171319,7621.000
2020-11-13,7566.000,7872.000,7548.000,7860.000,551190,190442,7697.000
2020-11-16,7850.000,8435.000,7825.000,8299.000,890486,197981,8148.000
2020-11-17,8150.000,8200.000,7861.000,7960.000,980632,164027,8018.000
2020-11-18,7939.000,7954.000,7660.000,7677.000,808449,159189,7769.000
2020-11-19,7688.000,7918.000,7498.000,7518.000,963408,156024,7706.000
2020-11-20,7550.000,7597.000,7433.000,7527.000,577766,152689,7512.000
2020-11-23,7550.000,7740.000,7444.000,7612.000,594957,149280,7590.000
2020-11-24,7612.000,7646.000,7226.000,7280.000,502292,147243,7395.000
2020-11-25,7262.000,7388.000,7241.000,7340.000,249499,131921,7322.000
2020-11-26,7347.000,7538.000,7250.000,7350.000,488976,142641,7427.000
2020-11-27,7350.000,7533.000,7240.000,7532.000,351105,138335,7397.000
2020-11-30,7550.000,7773.000,7462.000,7623.000,408446,139580,7614.000
2020-12-01,7654.000,7699.000,7410.000,7411.000,288609,128141,7562.000
2020-12-02,7412.000,7465.000,7280.000,7318.000,277061,131437,7375.000
2020-12-03,7300.000,7440.000,7190.000,7349.000,213112,123293,7332.000
2020-12-04,7329.000,7346.000,7046.000,7090.000,298099,124723,7175.000
2020-12-07,7063.000,7320.000,7022.000,7290.000,241229,111606,7172.000
2020-12-08,7297.000,7347.000,7087.000,7139.000,187695,106307,7182.000
2020-12-09,7092.000,7257.000,6902.000,6930.000,227545,105871,7107.000
2020-12-10,6990.000,6992.000,6690.000,6756.000,221535,103326,6837.000
2020-12-11,6760.000,6869.000,6684.000,6810.000,174415,88552,6776.000
2020-12-14,6791.000,6925.000,6713.000,6820.000,162206,83246,6817.000
2020-12-15,6850.000,6895.000,6642.000,6834.000,205177,76577,6794.000
2020-12-16,6860.000,6928.000,6620.000,6648.000,155140,77226,6756.000
2020-12-17,6655.000,6885.000,6570.000,6881.000,194292,74389,6711.000
2020-12-18,6888.000,7155.000,6860.000,6943.000,184644,58458,6977.000
2020-12-21,6943.000,6976.000,6650.000,6674.000,112550,52828,6798.000
2020-12-22,6688.000,6788.000,6445.000,6490.000,217391,44934,6649.000
2020-12-23,6507.000,6545.000,6292.000,6375.000,225341,58491,6411.000
2020-12-24,6403.000,6606.000,6387.000,6483.000,181943,56192,6494.000
2020-12-25,6440.000,6665.000,6416.000,6447.000,198499,60194,6524.000
2020-12-28,6450.000,6455.000,6095.000,6130.000,358233,82157,6220.000
2020-12-29,6141.000,6155.000,6011.000,6082.000,322465,83419,6088.000
2020-12-30,6120.000,6237.000,6072.000,6185.000,282768,70904,6154.000
2020-12-31,6204.000,6367.000,6126.000,6356.000,156813,57144,6249.000
2021-01-04,6375.000,6415.000,6233.000,6364.000,87417,52965,6321.000
2021-01-05,6335.000,6532.000,6325.000,6412.000,222354,46622,6429.000
2021-01-06,6430.000,6688.000,6428.000,6600.000,317611,48554,6578.000
2021-01-07,6580.000,6730.000,6462.000,6655.000,255338,51511,6610.000
2021-01-08,6675.000,6795.000,6536.000,6698.000,249542,47439,6658.000
2021-01-11,6671.000,6885.000,6570.000,6679.000,332150,43030,6696.000
2021-01-12,6721.000,6808.000,6551.000,6758.000,276817,43990,6679.000
2021-01-13,6752.000,6997.000,6747.000,6898.000,255002,50087,6866.000
2021-01-14,6891.000,6969.000,6652.000,6689.000,252080,38138,6799.000
2021-01-15,6703.000,6868.000,6674.000,6790.000,116021,43787,6767.000
2021-01-18,6790.000,7369.000,6729.000,6858.000,152123,45411,6879.000
2021-01-19,6858.000,7200.000,6830.000,7116.000,204264,64115,7059.000
2021-01-20,7116.000,7280.000,7061.000,7125.000,180662,63147,7169.000
2021-01-21,7128.000,7223.000,6840.000,6900.000,171864,58956,7002.000
2021-01-22,6900.000,7011.000,6738.000,6870.000,172451,56212,6850.000
2021-01-25,6812.000,6963.000,6769.000,6885.000,101569,45684,6871.000
2021-01-26,6910.000,7120.000,6894.000,7056.000,271350,76139,7040.000
2021-01-27,7089.000,7426.000,7088.000,7419.000,439618,130344,7283.000
2021-01-28,7397.000,7400.000,7071.000,7092.000,526318,94441,7236.000
2021-01-29,7120.000,7305.000,6965.000,7299.000,543476,94202,7109.000
2021-02-01,7300.000,7386.000,7225.000,7336.000,420483,91827,7313.000
2021-02-02,7364.000,7529.000,7355.000,7450.000,307472,91040,7456.000
2021-02-03,7485.000,7550.000,7308.000,7423.000,224671,89176,7408.000
2021-02-04,7450.000,7650.000,7345.000,7641.000,305399,104808,7468.000
2021-02-05,7617.000,7705.000,7582.000,7687.000,290367,108070,7641.000
2021-02-08,7716.000,7920.000,7643.000,7734.000,384181,99566,7781.000
2021-02-09,7762.000,7960.000,7687.000,7914.000,292098,100064,7806.000
2021-02-10,7911.000,7912.000,7625.000,7678.000,272661,73209,7731.000
2021-02-18,8581.000,8581.000,8410.000,8581.000,193586,92230,8528.000
2021-02-19,8780.000,8928.000,8586.000,8811.000,455570,81296,8772.000
2021-02-22,8851.000,9500.000,8780.000,9338.000,487373,80170,9192.000
2021-02-23,9358.000,9580.000,9038.000,9244.000,477176,62298,9312.000
2021-02-24,9160.000,9318.000,9072.000,9255.000,322615,46089,9226.000
2021-02-25,9320.000,9822.000,9155.000,9574.000,359135,24922,9430.000
2021-02-26,9700.000,10090.000,9384.000,9900.000,174886,8604,9669.000
2021-03-01,9670.000,9940.000,9270.000,9370.000,634168,95508,9587.000
2021-03-02,9340.000,9387.000,8845.000,9050.000,541821,87921,9062.000
2021-03-03,9119.000,9310.000,8893.000,9041.000,428739,87573,9125.000
2021-03-04,9140.000,9488.000,9022.000,9170.000,509507,97524,9243.000
2021-03-05,9160.000,9440.000,9066.000,9247.000,495817,96896,9269.000
2021-03-08,9299.000,9829.000,9269.000,9416.000,471208,102641,9503.000
2021-03-09,9330.000,9443.000,8778.000,8820.000,396680,97003,9207.000
2021-03-10,8912.000,9040.000,8616.000,8873.000,327514,96336,8836.000
2021-03-11,8932.000,9032.000,8710.000,8983.000,280888,98654,8865.000
2021-03-12,9035.000,9100.000,8750.000,8781.000,257300,99249,8909.000
2021-03-15,8760.000,9055.000,8580.000,8767.000,390039,106326,8770.000
2021-03-16,8650.000,8836.000,8552.000,8587.000,247108,102932,8699.000
2021-03-17,8577.000,8577.000,8305.000,8329.000,293343,115204,8433.000
2021-03-18,8277.000,8400.000,8188.000,8338.000,240759,101484,8284.000
2021-03-19,8288.000,8359.000,7785.000,7855.000,294574,119605,8045.000
2021-03-22,7858.000,8138.000,7805.000,8077.000,225901,98600,7949.000
2021-03-23,8085.000,8146.000,7861.000,7978.000,165372,100870,8005.000
2021-03-24,7880.000,8222.000,7846.000,8177.000,256142,101703,8059.000
2021-03-25,8225.000,8326.000,8131.000,8172.000,234461,97663,8223.000
2021-03-26,8150.000,8391.000,8120.000,8360.000,265127,106370,8273.000
2021-03-29,8341.000,8488.000,8165.000,8208.000,209385,97047,8323.000
2021-03-30,8263.000,8420.000,8222.000,8413.000,168516,93388,8323.000
2021-03-31,8400.000,8553.000,8358.000,8522.000,212454,97710,8473.000
2021-04-01,8522.000,8950.000,8522.000,8943.000,286877,130945,8714.000
2021-04-02,8900.000,8986.000,8720.000,8913.000,278385,115641,8850.000
2021-04-06,8849.000,9196.000,8813.000,9149.000,181743,130846,9087.000
2021-04-07,9187.000,9244.000,8953.000,9023.000,256988,127085,9094.000
2021-04-08,9020.000,9058.000,8651.000,8696.000,287755,116719,8827.000
2021-04-09,8696.000,8739.000,8530.000,8543.000,250091,100464,8600.000
2021-04-12,8550.000,8665.000,8452.000,8523.000,218949,90149,8550.000
2021-04-13,8550.000,8771.000,8361.000,8634.000,304263,94544,8525.000
2021-04-14,8721.000,8921.000,8606.000,8911.000,243918,97309,8749.000
2021-04-15,8911.000,9025.000,8871.000,8954.000,212000,104819,8950.000
2021-04-16,8954.000,9096.000,8860.000,8958.000,235576,104593,8964.000
2021-04-19,8962.000,9297.000,8930.000,9237.000,287724,113278,9127.000
2021-04-20,9237.000,9450.000,9205.000,9446.000,279117,116925,9326.000
2021-04-21,9446.000,9598.000,9264.000,9537.000,283327,131543,9434.000
2021-04-22,9520.000,9520.000,9175.000,9219.000,323704,84918,9301.000
2021-04-23,9219.000,9392.000,9101.000,9348.000,216482,58263,9227.000
2021-04-26,9348.000,9530.000,9207.000,9240.000,149502,41111,9365.000
2021-04-27,9047.000,9088.000,8866.000,9037.000,277426,133571,8986.000
2021-04-28,9037.000,9150.000,8924.000,9020.000,235393,134743,9004.000
2021-04-29,9018.000,9246.000,8985.000,9062.000,284903,136452,9112.000
2021-04-30,9070.000,9179.000,8880.000,8936.000,263511,117842,9013.000
2021-05-06,9100.000,9370.000,8990.000,9362.000,210105,126619,9261.000
2021-05-07,9362.000,9766.000,9313.000,9761.000,296870,143067,9553.000
2021-05-10,9748.000,10112.000,9610.000,9951.000,259254,131839,9855.000
2021-05-11,9951.000,9952.000,9657.000,9798.000,223510,123170,9806.000
2021-05-12,9786.000,10072.000,9690.000,9890.000,280378,121877,9849.000
2021-05-13,9890.000,10242.000,9605.000,9749.000,367296,112392,9937.000
2021-05-14,9738.000,9845.000,9540.000,9755.000,289509,108284,9688.000
2021-05-17,9835.000,10109.000,9801.000,9929.000,267388,116019,9932.000
2021-05-18,9880.000,10190.000,9870.000,10029.000,246137,111447,10023.000
2021-05-19,10029.000,10098.000,9757.000,9908.000,242200,100628,9907.000
2021-05-20,9800.000,9842.000,9475.000,9733.000,263028,93845,9705.000
2021-05-21,9600.000,9690.000,9300.000,9301.000,242713,80071,9520.000
2021-05-24,9310.000,9394.000,9173.000,9225.000,226778,53872,9270.000
2021-05-25,9225.000,9358.000,9181.000,9306.000,159398,40099,9268.000
2021-05-26,9270.000,9328.000,9051.000,9179.000,91901,27848,9190.000
2021-05-27,8920.000,8958.000,8515.000,8537.000,299872,143406,8701.000
2021-05-28,8530.000,8865.000,8437.000,8499.000,348114,137998,8612.000
2021-05-31,8500.000,8753.000,8500.000,8739.000,271845,117855,8638.000
2021-06-01,8800.000,8966.000,8726.000,8926.000,251601,98287,8851.000
2021-06-02,9050.000,9189.000,8910.000,8913.000,240855,90836,9052.000
2021-06-03,8964.000,9200.000,8943.000,9043.000,242126,90098,9065.000
2021-06-04,9043.000,9059.000,8785.000,8887.000,234435,87889,8902.000
2021-06-07,8940.000,8978.000,8550.000,8580.000,250274,97238,8748.000
2021-06-08,8600.000,8644.000,8325.000,8588.000,331509,99382,8469.000
2021-06-09,8560.000,8567.000,8380.000,8520.000,277580,107240,8460.000
2021-06-10,8455.000,8536.000,8254.000,8287.000,275069,118783,8365.000
2021-06-11,8330.000,8509.000,8288.000,8437.000,315257,99866,8409.000
2021-06-15,8520.000,8590.000,8195.000,8494.000,223281,96318,8395.000
2021-06-16,8494.000,8636.000,8452.000,8606.000,209309,85840,8551.000
2021-06-17,8595.000,8600.000,8350.000,8521.000,237510,69577,8488.000
2021-06-18,8521.000,8521.000,8295.000,8434.000,219727,60194,8435.000
2021-06-21,8390.000,8475.000,8238.000,8287.000,194106,53567,8339.000
2021-06-22,8305.000,8633.000,8253.000,8625.000,161519,43006,8452.000
2021-06-23,8535.000,8830.000,8495.000,8769.000,285928,171561,8671.000
2021-06-24,8800.000,8896.000,8669.000,8749.000,277915,177645,8791.000
2021-06-25,8749.000,8954.000,8692.000,8829.000,261848,184657,8834.000
2021-06-28,8880.000,8997.000,8761.000,8986.000,286488,195006,8885.000
2021-06-29,8980.000,8988.000,8806.000,8909.000,253690,175345,8900.000
2021-06-30,9000.000,9220.000,8997.000,9122.000,346254,183867,9140.000
2021-07-01,9122.000,9353.000,9120.000,9345.000,283673,181772,9251.000
2021-07-02,9500.000,9570.000,9323.000,9461.000,312646,168901,9425.000
2021-07-05,9461.000,9587.000,9300.000,9374.000,325782,152825,9424.000
2021-07-06,9374.000,9493.000,9100.000,9114.000,378752,136219,9287.000
2021-07-07,9086.000,9114.000,8940.000,9106.000,292488,121882,9029.000
2021-07-08,9055.000,9185.000,8982.000,9156.000,255058,116411,9074.000
2021-07-09,9120.000,9222.000,9021.000,9160.000,248087,115248,9129.000
2021-07-12,9190.000,9389.000,9031.000,9077.000,325194,106076,9209.000
2021-07-13,9035.000,9099.000,8950.000,9097.000,258176,95152,9013.000
2021-07-14,9080.000,9331.000,8943.000,9266.000,316352,84760,9118.000
2021-07-15,9266.000,9308.000,9050.000,9132.000,232939,67267,9177.000
2021-07-16,9190.000,9225.000,9022.000,9121.000,238596,55796,9115.000
2021-07-19,9190.000,9353.000,9118.000,9288.000,247056,53915,9251.000
2021-07-20,9155.000,9170.000,8782.000,8833.000,248847,40880,8922.000
2021-07-21,8800.000,9065.000,8788.000,8995.000,144705,30577,8937.000
2021-07-22,9020.000,9191.000,8970.000,9161.000,298444,167427,9085.000
2021-07-23,9189.000,9346.000,9135.000,9240.000,276703,188732,9254.000
2021-07-26,9240.000,9390.000,9182.000,9204.000,226627,189398,9275.000
2021-07-27,9230.000,9423.000,9192.000,9285.000,241139,201414,9305.000
2021-07-28,9285.000,9295.000,9120.000,9250.000,216687,193811,9211.000
2021-07-29,9231.000,9304.000,9100.000,9121.000,271484,183156,9199.000
2021-07-30,9121.000,9199.000,8914.000,8965.000,305120,166557,9064.000
2021-08-02,9050.000,9114.000,8804.000,8839.000,283170,138715,8953.000
2021-08-03,8770.000,8830.000,8565.000,8578.000,256896,132626,8714.000
2021-08-04,8550.000,8804.000,8530.000,8760.000,272312,115594,8695.000
2021-08-05,8688.000,8796.000,8571.000,8602.000,243433,112222,8698.000
2021-08-06,8632.000,8710.000,8500.000,8662.000,216686,103435,8598.000
2021-08-09,8662.000,8724.000,8435.000,8552.000,239568,105241,8574.000
2021-08-10,8508.000,8722.000,8500.000,8669.000,237692,92259,8627.000
2021-08-11,8603.000,8860.000,8603.000,8818.000,218567,79172,8711.000
2021-08-12,8785.000,8958.000,8733.000,8812.000,205462,63364,8841.000
2021-08-13,8806.000,8877.000,8718.000,8769.000,152511,58132,8799.000
2021-08-16,8765.000,8910.000,8727.000,8759.000,153574,48024,8822.000
2021-08-17,8708.000,8780.000,8570.000,8570.000,134929,40593,8671.000
2021-08-18,8529.000,8606.000,8470.000,8586.000,227780,179544,8535.000
2021-08-19,8620.000,8633.000,8283.000,8310.000,287146,201051,8436.000
2021-08-20,8293.000,8435.000,8252.000,8406.000,208925,189702,8337.000
2021-08-23,8331.000,8640.000,8270.000,8601.000,247582,176571,8487.000
2021-08-24,8601.000,8648.000,8543.000,8584.000,183367,174444,8595.000
2021-08-25,8635.000,8675.000,8455.000,8471.000,237179,178284,8555.000
2021-08-26,8520.000,8525.000,8350.000,8352.000,229551,181045,8437.000
2021-08-27,8358.000,8650.000,8358.000,8613.000,255447,172134,8494.000
2021-08-30,8654.000,8775.000,8587.000,8681.000,228670,164307,8684.000
2021-08-31,8700.000,8848.000,8652.000,8846.000,226258,173063,8751.000
2021-09-01,8850.000,8885.000,8705.000,8821.000,227805,154092,8800.000
2021-09-02,8850.000,8919.000,8762.000,8835.000,211152,154420,8853.000
2021-09-03,8855.000,8970.000,8770.000,8851.000,251274,146956,8853.000
2021-09-06,8860.000,8921.000,8702.000,8845.000,264063,144592,8821.000
2021-09-07,8845.000,8950.000,8746.000,8834.000,278109,135181,8835.000
2021-09-08,8810.000,9346.000,8760.000,9270.000,399289,161097,9052.000
2021-09-09,9270.000,9520.000,9145.000,9149.000,393451,153749,9390.000
2021-09-10,9143.000,9242.000,9061.000,9143.000,290138,136356,9153.000
2021-09-13,9208.000,9568.000,9163.000,9474.000,290023,136196,9374.000
2021-09-14,9480.000,9633.000,9470.000,9539.000,301725,131486,9550.000
2021-09-15,9539.000,9599.000,9368.000,9533.000,254537,120032,9493.000
2021-09-16,9564.000,9846.000,9465.000,9482.000,348600,109780,9676.000
2021-09-17,9430.000,9430.000,9105.000,9182.000,271853,87606,9270.000
2021-09-22,9100.000,9213.000,9005.000,9096.000,149474,75548,9098.000
2021-09-23,9066.000,9152.000,9000.000,9036.000,218948,53840,9071.000
2021-09-24,9036.000,9186.000,8887.000,9057.000,220229,37230,9055.000
2021-09-27,9020.000,9365.000,8930.000,9000.000,156395,26814,9109.000
2021-09-28,9010.000,9411.000,8973.000,9365.000,348124,137546,9136.000
2021-09-29,9365.000,9398.000,9005.000,9034.000,304016,111972,9151.000
2021-09-30,9060.000,9353.000,9059.000,9320.000,226505,101410,9238.000
2021-10-08,9511.000,9742.000,9357.000,9640.000,178308,102920,9561.000
2021-10-11,9640.000,10117.000,9555.000,10026.000,260061,109124,9867.000
2021-10-12,10100.000,10279.000,9785.000,9828.000,289723,96470,10030.000
2021-10-13,9850.000,9930.000,9350.000,9559.000,246929,86317,9701.000
2021-10-14,9540.000,9660.000,9460.000,9660.000,176728,75881,9551.000
2021-10-15,9701.000,9845.000,9590.000,9791.000,214646,72024,9711.000
2021-10-18,9855.000,9855.000,9565.000,9733.000,181814,61161,9737.000
2021-10-19,9733.000,9775.000,9450.000,9536.000,192714,56379,9598.000
2021-10-20,9500.000,9551.000,9070.000,9409.000,207938,42308,9316.000
2021-10-21,9409.000,9648.000,9357.000,9385.000,147601,33329,9490.000
2021-10-22,9563.000,9566.000,9105.000,9285.000,187760,26862,9379.000
2021-10-25,9311.000,9791.000,9311.000,9727.000,133026,20905,9572.000
2021-10-26,9683.000,9781.000,9390.000,9419.000,292073,103930,9566.000
2021-10-27,9430.000,9461.000,9020.000,9055.000,323066,106837,9267.000
2021-10-28,9060.000,9250.000,8895.000,9167.000,315533,96948,9106.000
2021-10-29,9180.000,9470.000,9133.000,9367.000,251475,98615,9291.000
2021-11-01,9281.000,9545.000,9260.000,9290.000,243227,93019,9403.000
2021-11-02,9370.000,9395.000,9103.000,9172.000,217006,86327,9251.000
2021-11-03,9150.000,9310.000,8960.000,9293.000,253782,78875,9145.000
2021-11-04,9240.000,9240.000,9001.000,9210.000,226190,79567,9129.000
2021-11-05,9295.000,9350.000,9011.000,9045.000,196119,82747,9168.000
2021-11-08,9000.000,9299.000,8987.000,9279.000,194023,82304,9201.000
2021-11-09,9279.000,9279.000,8863.000,8955.000,300807,91442,9014.000
2021-11-10,8955.000,9066.000,8855.000,9042.000,198011,79097,8960.000
2021-11-11,9030.000,9031.000,8612.000,8762.000,302919,92557,8749.000
2021-11-12,8730.000,8878.000,8705.000,8790.000,174930,79486,8796.000
2021-11-15,8700.000,8800.000,8532.000,8542.000,211009,78686,8672.000
2021-11-16,8541.000,8694.000,8460.000,8622.000,166108,65810,8578.000
2021-11-17,8565.000,8640.000,8341.000,8381.000,169262,61390,8489.000
2021-11-18,8386.000,8440.000,8217.000,8235.000,141825,53311,8318.000
2021-11-19,8260.000,8535.000,8196.000,8436.000,130243,37778,8344.000
2021-11-22,8215.000,8498.000,8162.000,8293.000,269926,115275,8327.000
2021-11-23,8221.000,8336.000,8110.000,8118.000,242474,122881,8241.000
2021-11-24,8118.000,8217.000,7974.000,8180.000,294874,131296,8097.000
2021-11-25,8210.000,8210.000,8009.000,8026.000,242414,148522,8083.000
2021-11-26,8006.000,8020.000,7712.000,7728.000,271250,179090,7855.000
2021-11-29,7605.000,7696.000,7465.000,7569.000,303387,166774,7577.000
2021-11-30,7577.000,7745.000,7508.000,7524.000,293753,149666,7618.000
2021-12-01,7524.000,7798.000,7481.000,7777.000,282078,127821,7633.000
2021-12-02,7848.000,7899.000,7705.000,7721.000,268269,114498,7798.000
2021-12-03,7721.000,8005.000,7661.000,8004.000,309012,104018,7849.000
2021-12-06,8020.000,8090.000,7850.000,7872.000,244120,97352,8003.000
2021-12-07,7926.000,8094.000,7873.000,8057.000,220320,88793,7977.000
2021-12-08,8090.000,8120.000,7964.000,8051.000,188064,80970,8035.000
2021-12-09,8070.000,8080.000,7788.000,7863.000,229562,77414,7890.000
2021-12-10,7850.000,8155.000,7802.000,8079.000,252120,78204,8014.000
2021-12-13,8088.000,8215.000,8045.000,8154.000,207593,67505,8133.000
2021-12-14,8118.000,8244.000,8037.000,8242.000,170143,63818,8152.000
2021-12-15,8247.000,8260.000,8105.000,8152.000,125492,54019,8171.000
2021-12-16,8140.000,8221.000,8022.000,8119.000,134993,44726,8109.000
2021-12-17,8180.000,8242.000,7974.000,8027.000,274107,119872,8110.000
2021-12-20,8000.000,8000.000,7808.000,7897.000,257857,116058,7895.000
2021-12-21,7850.000,7884.000,7731.000,7795.000,220242,122492,7807.000
2021-12-22,7795.000,7831.000,7701.000,7730.000,216705,135123,7748.000
2021-12-23,7729.000,7986.000,7707.000,7979.000,236127,115500,7857.000
2021-12-24,8050.000,8364.000,8021.000,8283.000,393333,134648,8228.000
2021-12-27,8265.000,8340.000,8127.000,8136.000,213017,127539,8234.000
2021-12-28,8186.000,8350.000,8148.000,8309.000,226274,130348,8256.000
2021-12-29,8350.000,8385.000,8221.000,8350.000,191624,126774,8293.000
2021-12-30,8360.000,8543.000,8310.000,8471.000,235735,134418,0.000
2021-12-31,8491.000,8616.000,8458.000,8552.000,227687,137265,8534.000
2022-01-04,8550.000,8884.000,8534.000,8606.000,153518,134719,8618.000
2022-01-05,8606.000,8652.000,8401.000,8434.000,212514,123690,8533.000
2022-01-06,8460.000,8516.000,8370.000,8429.000,168043,116875,8428.000
2022-01-07,8505.000,8740.000,8403.000,8645.000,224498,119269,8580.000
2022-01-10,8608.000,8636.000,8305.000,8343.000,220112,99164,8451.000
2022-01-11,8343.000,8502.000,8325.000,8475.000,148882,96426,8420.000
2022-01-12,8490.000,8745.000,8480.000,8635.000,227025,105334,8602.000
2022-01-13,8635.000,8685.000,8481.000,8494.000,205774,95052,8589.000
2022-01-14,8494.000,8762.000,8423.000,8733.000,216212,102156,8574.000
2022-01-17,8733.000,8796.000,8630.000,8734.000,155395,98522,8718.000
2022-01-18,8700.000,8707.000,8456.000,8590.000,231414,76649,8542.000
2022-01-19,8625.000,8884.000,8594.000,8658.000,219488,74708,8723.000
2022-01-20,8600.000,8673.000,8510.000,8590.000,179712,57597,8594.000
2022-01-21,8585.000,8585.000,8322.000,8325.000,171674,47007,8433.000
2022-01-24,8400.000,8525.000,8354.000,8442.000,115222,26985,8456.000
2022-01-25,8493.000,8710.000,8451.000,8596.000,267916,115867,8608.000
2022-01-26,8560.000,8970.000,8560.000,8925.000,308594,161271,8796.000
2022-01-27,8963.000,9123.000,8931.000,9069.000,250392,154336,9043.000
2022-01-28,9100.000,9282.000,9038.000,9093.000,246939,128802,9142.000
2022-02-07,9406.000,9600.000,9257.000,9289.000,184406,129097,9411.000
2022-02-08,9260.000,9347.000,9175.000,9292.000,183204,115407,9264.000
2022-02-09,9200.000,9200.000,8934.000,9023.000,174889,105505,9014.000
2022-02-10,9023.000,9085.000,8920.000,8978.000,144635,104983,9001.000
2022-02-11,9038.000,9136.000,8938.000,9000.000,259844,110480,9040.000
2022-02-14,9085.000,9345.000,9033.000,9081.000,259002,105600,9182.000
2022-02-15,9020.000,9175.000,8986.000,9126.000,180627,102565,9069.000
2022-02-16,9011.000,9013.000,8832.000,8921.000,186167,95528,8903.000
2022-02-17,9000.000,9000.000,8706.000,8770.000,163040,88380,8824.000
2022-02-18,8790.000,8925.000,8775.000,8900.000,127121,75146,8857.000
2022-02-21,8820.000,9014.000,8791.000,8991.000,130955,69268,8909.000
2022-02-22,8991.000,9182.000,8961.000,9119.000,142170,51804,9075.000
2022-02-23,9035.000,9212.000,9035.000,9158.000,104284,33703,9134.000
2022-02-24,9187.000,9510.000,9126.000,9346.000,93982,18897,9306.000
2022-02-25,9400.000,9570.000,9185.000,9264.000,189734,120986,9347.000
2022-02-28,9180.000,9408.000,9169.000,9270.000,165497,114510,9307.000
2022-03-01,9270.000,9307.000,9050.000,9200.000,191292,99481,9140.000
2022-03-02,9270.000,9550.000,9251.000,9540.000,182945,109396,9409.000
2022-03-03,9579.000,9936.000,9517.000,9871.000,203456,113249,9714.000
2022-03-04,9900.000,9909.000,9685.000,9796.000,182790,106244,9789.000
2022-03-07,9806.000,10442.000,9806.000,10290.000,256187,113922,10174.000
2022-03-08,10200.000,10520.000,10045.000,10483.000,225937,117334,10287.000
2022-03-09,10430.000,10608.000,10300.000,10510.000,205976,111948,10472.000
2022-03-10,10299.000,10299.000,9850.000,10071.000,230462,93205,10066.000
2022-03-11,10192.000,10238.000,9890.000,9966.000,152599,87856,10059.000
2022-03-14,9886.000,9960.000,9655.000,9673.000,121129,82454,9793.000
2022-03-15,9613.000,9793.000,9560.000,9564.000,154161,81687,9673.000
2022-03-16,9514.000,9555.000,9341.000,9513.000,162653,66966,9439.000
2022-03-17,9530.000,9656.000,9409.000,9526.000,133096,54124,9521.000
2022-03-18,9650.000,9732.000,9560.000,9699.000,118739,40612,9656.000
2022-03-21,9587.000,9669.000,9491.000,9582.000,175666,124154,9585.000
2022-03-22,9613.000,9766.000,9580.000,9649.000,152616,129455,9681.000
2022-03-23,9600.000,9827.000,9600.000,9775.000,182280,143642,9738.000
2022-03-24,9858.000,10045.000,9851.000,9881.000,165784,148015,9936.000
2022-03-25,9881.000,10017.000,9877.000,9977.000,143812,146700,9955.000
2022-03-28,9868.000,9983.000,9830.000,9884.000,179644,140932,9896.000
2022-03-29,9854.000,9912.000,9722.000,9868.000,156997,138141,9810.000
2022-03-30,9750.000,9910.000,9703.000,9876.000,173108,135161,9802.000
2022-03-31,9880.000,9920.000,9630.000,9674.000,179204,123019,9753.000
2022-04-01,9610.000,9845.000,9610.000,9726.000,160214,120139,9758.000
2022-04-06,9790.000,9998.000,9669.000,9958.000,160059,131639,9868.000
2022-04-07,9988.000,10132.000,9900.000,9958.000,192081,137876,10015.000
2022-04-08,9958.000,10038.000,9828.000,10038.000,178652,138748,9940.000
2022-04-11,10038.000,10088.000,9725.000,9760.000,193394,120119,9846.000
2022-04-12,9710.000,9870.000,9662.000,9870.000,139758,115662,9761.000
2022-04-13,9870.000,9870.000,9680.000,9684.000,147961,110579,9778.000
2022-04-14,9684.000,9856.000,9684.000,9726.000,149562,104055,9769.000
2022-04-15,9711.000,9726.000,9470.000,9520.000,206041,102582,9577.000
2022-04-18,9520.000,9691.000,9470.000,9656.000,135497,90037,9595.000
2022-04-19,9656.000,9656.000,9517.000,9532.000,144519,89726,9579.000
2022-04-20,9514.000,9764.000,9472.000,9732.000,157264,67916,9628.000
2022-04-21,9732.000,9948.000,9732.000,9768.000,198066,47829,9862.000
2022-04-22,9750.000,9890.000,9750.000,9790.000,84534,31156,9828.000
2022-04-25,9755.000,9800.000,9376.000,9413.000,238696,147069,9564.000
2022-04-26,9400.000,9583.000,9334.000,9471.000,177846,146329,9454.000
2022-04-27,9471.000,9748.000,9471.000,9728.000,223208,143253,9639.000
2022-04-28,9722.000,9722.000,9575.000,9631.000,172184,142447,9626.000
2022-04-29,9631.000,9920.000,9631.000,9904.000,204407,136356,9788.000
2022-05-05,9951.000,10020.000,9872.000,9987.000,120074,143833,9957.000
2022-05-06,10014.000,10195.000,9979.000,10107.000,219328,152981,10092.000
2022-05-09,10100.000,10129.000,9969.000,10005.000,208555,150852,10043.000
2022-05-10,9943.000,9943.000,9650.000,9666.000,256264,124626,9773.000
2022-05-11,9686.000,9885.000,9630.000,9867.000,181566,113763,9769.000
2022-05-12,9876.000,10047.000,9779.000,10033.000,223933,126771,9917.000
2022-05-13,10033.000,10178.000,9977.000,10150.000,200479,138590,10063.000
2022-05-16,10210.000,10248.000,10008.000,10040.000,152416,131678,10114.000
2022-05-17,10090.000,10178.000,10026.000,10126.000,135729,131860,10104.000
2022-05-18,10126.000,10227.000,10039.000,10103.000,178710,127086,10151.000
2022-05-19,10140.000,10145.000,9982.000,10111.000,162138,109883,10065.000
2022-05-20,10048.000,10164.000,9905.000,10037.000,194983,92948,10033.000
2022-05-23,10045.000,10154.000,9978.000,10003.000,154445,71217,10070.000
2022-05-24,10080.000,10080.000,9901.000,9915.000,128673,45454,9987.000
2022-05-25,9929.000,10116.000,9908.000,10009.000,218118,152102,10015.000
2022-05-26,10033.000,10298.000,10004.000,10296.000,256333,202041,10153.000
2022-05-27,10333.000,10450.000,10294.000,10372.000,215299,220072,10381.000
2022-05-30,10300.000,10488.000,10300.000,10355.000,203164,208126,10402.000
2022-05-31,10380.000,10574.000,10330.000,10543.000,224708,223600,10485.000
2022-06-01,10547.000,10610.000,10379.000,10494.000,232759,214644,10495.000
2022-06-02,10520.000,10572.000,10415.000,10564.000,192704,214563,10505.000
2022-06-06,10750.000,11036.000,10652.000,11016.000,202798,247171,10869.000
2022-06-07,11014.000,11031.000,10852.000,10927.000,189278,232610,10920.000
2022-06-08,10900.000,11289.000,10835.000,11262.000,284617,240512,11108.000
2022-06-09,11298.000,11515.000,11206.000,11231.000,330965,234125,11343.000
2022-06-10,11250.000,11463.000,11223.000,11396.000,328361,241588,11349.000
2022-06-13,11326.000,11386.000,10971.000,11014.000,324515,212596,11173.000
2022-06-14,11001.000,11065.000,10883.000,10968.000,264166,192502,10977.000
2022-06-15,11001.000,11091.000,10813.000,10840.000,247404,168157,10936.000
2022-06-16,10830.000,10919.000,10734.000,10736.000,217970,155184,10828.000
2022-06-17,10720.000,10731.000,10445.000,10536.000,301116,112912,10545.000
2022-06-20,10536.000,10593.000,10305.000,10324.000,273197,90764,10453.000
2022-06-21,10354.000,10532.000,10305.000,10411.000,174513,75864,10424.000
2022-06-22,10412.000,10476.000,10253.000,10272.000,157957,58762,10350.000
2022-06-23,10223.000,10428.000,10180.000,10241.000,107392,42562,10283.000
2022-06-24,10234.000,10259.000,9808.000,9840.000,311732,150839,9995.000
2022-06-27,9960.000,10178.000,9787.000,10056.000,300003,150514,10014.000
2022-06-28,10056.000,10222.000,10040.000,10169.000,188617,143790,10144.000
2022-06-29,10169.000,10212.000,9914.000,9962.000,236188,144235,10039.000
2022-06-30,10128.000,10128.000,9902.000,10055.000,202789,144264,10028.000
2022-07-01,10055.000,10145.000,9840.000,9840.000,233282,149787,9980.000
2022-07-04,9918.000,10150.000,9805.000,10099.000,211185,144809,9966.000
2022-07-05,10112.000,10196.000,9970.000,9984.000,198326,142971,10084.000
2022-07-06,9938.000,9941.000,9458.000,9703.000,357069,133955,9665.000
2022-07-07,9760.000,9760.000,9423.000,9456.000,237612,135304,9559.000
2022-07-08,9524.000,9687.000,9508.000,9600.000,223960,128481,9597.000
2022-07-11,9597.000,9655.000,9436.000,9579.000,237522,122004,9544.000
2022-07-12,9490.000,9544.000,9161.000,9203.000,291341,122461,9306.000
2022-07-13,9142.000,9243.000,9020.000,9192.000,232521,116756,9125.000
2022-07-14,9125.000,9125.000,8817.000,8831.000,297835,116095,8950.000
2022-07-15,8831.000,8977.000,8681.000,8778.000,263830,104213,8803.000
2022-07-18,8851.000,9266.000,8750.000,9247.000,272899,87493,9016.000
2022-07-19,9210.000,9265.000,9031.000,9085.000,208045,70723,9149.000
2022-07-20,9047.000,9198.000,8932.000,9066.000,178987,56587,9058.000
2022-07-21,9065.000,9150.000,8870.000,8874.000,147778,47378,9031.000
2022-07-22,8700.000,8960.000,8694.000,8850.000,114823,36565,8824.000
2022-07-25,8455.000,8640.000,8155.000,8156.000,346145,172946,8385.000
2022-07-26,8258.000,8748.000,8196.000,8706.000,335068,161934,8453.000
2022-07-27,8700.000,8732.000,8530.000,8642.000,239658,158398,8620.000
2022-07-28,8667.000,8997.000,8663.000,8991.000,296629,160488,8877.000
2022-07-29,9000.000,9026.000,8674.000,8728.000,277937,152993,8859.000
2022-08-01,8800.000,9050.000,8770.000,8859.000,320815,143668,8915.000
2022-08-02,8730.000,8756.000,8516.000,8642.000,293753,141847,8635.000
2022-08-03,8642.000,8823.000,8633.000,8678.000,258669,135726,8742.000
2022-08-04,8823.000,8830.000,8409.000,8440.000,263000,144072,8601.000
2022-08-05,8446.000,8485.000,8215.000,8275.000,260824,144107,8331.000
2022-08-08,8210.000,8397.000,8069.000,8386.000,300457,140049,8240.000
2022-08-09,8240.000,8557.000,8240.000,8509.000,235550,127225,8452.000
2022-08-10,8598.000,8611.000,8335.000,8381.000,230733,126915,8463.000
2022-08-11,8453.000,8552.000,8366.000,8492.000,197543,122313,8475.000
2022-08-12,8534.000,8586.000,8431.000,8502.000,203513,121576,8502.000
2022-08-15,8452.000,8533.000,8256.000,8291.000,294587,127295,8409.000
2022-08-16,8180.000,8200.000,7920.000,7960.000,283588,134879,8079.000
2022-08-17,8008.000,8042.000,7835.000,7839.000,224055,133117,7943.000
2022-08-18,7808.000,7887.000,7663.000,7680.000,240139,117152,7792.000
2022-08-19,7755.000,8087.000,7745.000,8075.000,334489,75742,7954.000
2022-08-22,8063.000,8373.000,8037.000,8308.000,223793,60822,8235.000
2022-08-23,8322.000,8368.000,8180.000,8313.000,136617,42833,8268.000
2022-08-24,8123.000,8315.000,8108.000,8270.000,335004,151136,8223.000
2022-08-25,8223.000,8260.000,8088.000,8204.000,341051,161570,8164.000
2022-08-26,8121.000,8365.000,8121.000,8193.000,346291,162293,8267.000
2022-08-29,8150.000,8320.000,8115.000,8311.000,300864,163123,8227.000
2022-08-30,8335.000,8572.000,8318.000,8525.000,392338,188947,8486.000
2022-08-31,8486.000,8637.000,8456.000,8566.000,338797,194287,8531.000
2022-09-01,8490.000,8675.000,8480.000,8666.000,337133,208314,8593.000
2022-09-02,8650.000,8725.000,8432.000,8556.000,492270,202526,8589.000
2022-09-05,8580.000,8791.000,8510.000,8768.000,401665,218566,8657.000
2022-09-06,8800.000,8836.000,8642.000,8779.000,308527,212640,8745.000
2022-09-07,8769.000,8908.000,8606.000,8638.000,498113,220319,8789.000
2022-09-08,8660.000,8809.000,8538.000,8765.000,387299,214292,8661.000
2022-09-09,8765.000,8968.000,8700.000,8967.000,333598,220158,8837.000
2022-09-13,9079.000,9278.000,9015.000,9079.000,268094,210749,9121.000
2022-09-14,9025.000,9137.000,8873.000,9005.000,329882,197796,9016.000
2022-09-15,9016.000,9029.000,8810.000,8820.000,295577,184136,8919.000
2022-09-16,8799.000,8953.000,8706.000,8915.000,333137,174550,8809.000
2022-09-19,8870.000,9075.000,8870.000,8970.000,316003,177095,9000.000
2022-09-20,8915.000,9400.000,8902.000,9143.000,390459,173077,9132.000
2022-09-21,9145.000,9172.000,8926.000,9155.000,319200,138623,9036.000
2022-09-22,9134.000,9211.000,9006.000,9061.000,287241,123122,9096.000
2022-09-23,9083.000,9180.000,9008.000,9066.000,277947,90937,9095.000
2022-09-26,9007.000,9033.000,8766.000,8772.000,231481,55127,8899.000
2022-09-27,8580.000,8648.000,8405.000,8508.000,316778,168566,8509.000
2022-09-28,8509.000,8583.000,8366.000,8430.000,292529,172039,8462.000
2022-09-29,8477.000,8645.000,8425.000,8572.000,276431,166107,8520.000
2022-09-30,8520.000,8565.000,8438.000,8560.000,237957,146097,8497.000
2022-10-10,8815.000,8948.000,8746.000,8845.000,224455,162715,8843.000
2022-10-11,8840.000,8857.000,8481.000,8503.000,302934,153655,8635.000
2022-10-12,8460.000,8575.000,8330.000,8403.000,292645,148279,8452.000
2022-10-13,8403.000,8444.000,8225.000,8275.000,335963,145497,8317.000
2022-10-14,8216.000,8410.000,8216.000,8375.000,248921,136348,8332.000
2022-10-17,8300.000,8490.000,8258.000,8409.000,323809,138486,8351.000
2022-10-18,8400.000,8480.000,8249.000,8347.000,310654,125524,8357.000
2022-10-19,8357.000,8364.000,8046.000,8133.000,323518,135977,8184.000
2022-10-20,8150.000,8470.000,8149.000,8451.000,380761,124857,8334.000
2022-10-21,8420.000,8520.000,8360.000,8433.000,274631,117601,8418.000
2022-10-24,8420.000,8562.000,8364.000,8408.000,277692,100678,8431.000
2022-10-25,8368.000,8442.000,8273.000,8359.000,263291,78310,8355.000
2022-10-26,8369.000,8396.000,8142.000,8153.000,220036,53189,8273.000
2022-10-27,8205.000,8234.000,8040.000,8059.000,161310,33378,8134.000
2022-10-28,7770.000,7888.000,7733.000,7855.000,290286,179921,7818.000
2022-10-31,7880.000,7880.000,7580.000,7643.000,323198,186432,7699.000
2022-11-01,7636.000,7912.000,7598.000,7833.000,351120,169557,7806.000
2022-11-02,7856.000,7869.000,7680.000,7768.000,350722,165950,7752.000
2022-11-03,7752.000,7796.000,7638.000,7685.000,296744,179180,7707.000
2022-11-04,7640.000,7922.000,7552.000,7907.000,402545,165596,7727.000
2022-11-07,7920.000,7994.000,7706.000,7818.000,277715,154420,7831.000
2022-11-08,7783.000,7887.000,7691.000,7766.000,243826,154491,7795.000
2022-11-09,7790.000,7875.000,7730.000,7788.000,262677,142389,7808.000
2022-11-10,7718.000,7843.000,7665.000,7783.000,298255,145919,7757.000
2022-11-11,7800.000,8188.000,7786.000,8156.000,459247,148156,8030.000
2022-11-14,8178.000,8235.000,8124.000,8194.000,251845,139792,8181.000
2022-11-15,8194.000,8320.000,8159.000,8181.000,312087,137939,8228.000
2022-11-16,8200.000,8230.000,8120.000,8193.000,204427,123774,8180.000
2022-11-17,8210.000,8348.000,8144.000,8269.000,368090,124760,8234.000
2022-11-18,8246.000,8380.000,8232.000,8281.000,286948,122283,8293.000
2022-11-21,8238.000,8350.000,8092.000,8184.000,302123,94590,8218.000
2022-11-22,8184.000,8203.000,8038.000,8050.000,211425,71422,8121.000
2022-11-23,8120.000,8120.000,8010.000,8036.000,121898,54373,8071.000
2022-11-24,7880.000,8006.000,7792.000,7951.000,325251,147961,7894.000
2022-11-25,7956.000,7957.000,7716.000,7773.000,345451,158343,7808.000
2022-11-28,7803.000,7841.000,7571.000,7610.000,321809,157738,7702.000
2022-11-29,7610.000,7744.000,7550.000,7674.000,246620,152411,7654.000
2022-11-30,7656.000,7719.000,7573.000,7691.000,263590,155144,7651.000
2022-12-01,7758.000,7964.000,7735.000,7917.000,332010,147238,7888.000
2022-12-02,7932.000,8155.000,7901.000,8110.000,356638,156135,8035.000
2022-12-05,8110.000,8192.000,8034.000,8110.000,251204,149310,8100.000
2022-12-06,8140.000,8170.000,8008.000,8077.000,222799,154457,8102.000
2022-12-07,8040.000,8092.000,7830.000,7873.000,303325,130929,7952.000
2022-12-08,7910.000,7986.000,7823.000,7979.000,229742,119485,7899.000
2022-12-09,8022.000,8254.000,7991.000,8201.000,361982,146050,8156.000
2022-12-12,8151.000,8316.000,8135.000,8153.000,258076,145464,8232.000
2022-12-13,8130.000,8232.000,8090.000,8191.000,198825,144546,8173.000
2022-12-14,8173.000,8266.000,8130.000,8245.000,195469,143367,8190.000
2022-12-15,8244.000,8349.000,8174.000,8246.000,213330,136382,8271.000
2022-12-16,8271.000,8365.000,8146.000,8221.000,248042,121109,8246.000
2022-12-19,8155.000,8205.000,8015.000,8050.000,215098,99544,8118.000
2022-12-20,8098.000,8123.000,7999.000,8061.000,185943,67236,8058.000
2022-12-21,8026.000,8217.000,8026.000,8207.000,126164,55195,8114.000
2022-12-22,8280.000,8402.000,8223.000,8319.000,268840,199367,8318.000
2022-12-23,8341.000,8351.000,8195.000,8268.000,242944,195006,8281.000
2022-12-26,8281.000,8422.000,8270.000,8338.000,246613,209565,8340.000
2022-12-27,8339.000,8430.000,8314.000,8412.000,177378,216242,8370.000
2022-12-28,8412.000,8417.000,8284.000,8351.000,212855,202891,8349.000
2022-12-29,8330.000,8345.000,8216.000,8311.000,218089,191037,8274.000
2022-12-30,8286.000,8479.000,8266.000,8455.000,229616,206174,8361.000
2023-01-03,8450.000,8544.000,8391.000,8531.000,144051,216037,8484.000
2023-01-04,8530.000,8577.000,8355.000,8375.000,227886,188614,8458.000
2023-01-05,8368.000,8368.000,8216.000,8238.000,208441,163842,8276.000
2023-01-06,8276.000,8420.000,8158.000,8406.000,259974,155491,8272.000
2023-01-09,8343.000,8409.000,8210.000,8294.000,186921,138137,8317.000
2023-01-10,8337.000,8354.000,8178.000,8194.000,183432,133496,8233.000
2023-01-11,8228.000,8490.000,8151.000,8468.000,282066,139644,8338.000
2023-01-12,8500.000,8689.000,8441.000,8660.000,226603,145371,8546.000
2023-01-13,8708.000,8784.000,8655.000,8719.000,201512,147605,8731.000
2023-01-16,8719.000,8762.000,8661.000,8706.000,160686,126414,8701.000
2023-01-17,8706.000,8795.000,8621.000,8707.000,177019,81675,8714.000
2023-01-18,8716.000,8877.000,8675.000,8846.000,128858,61200,8773.000
2023-01-19,8888.000,8909.000,8764.000,8812.000,175111,213759,8836.000
2023-01-20,8830.000,8992.000,8825.000,8978.000,155306,221232,8908.000
2023-01-30,8978.000,9068.000,8785.000,8810.000,179839,221881,8894.000
2023-01-31,8830.000,8830.000,8632.000,8699.000,216548,210615,8700.000
2023-02-01,8700.000,8817.000,8689.000,8717.000,183468,205518,8757.000
2023-02-02,8717.000,8735.000,8561.000,8595.000,223564,195881,8646.000
2023-02-03,8568.000,8583.000,8428.000,8521.000,205937,179909,8503.000
2023-02-06,8511.000,8533.000,8304.000,8357.000,219761,178759,8392.000
2023-02-07,8365.000,8468.000,8343.000,8404.000,158069,173385,8402.000
2023-02-08,8402.000,8476.000,8350.000,8384.000,155249,170594,8396.000
2023-02-09,8390.000,8434.000,8336.000,8367.000,158554,173019,8378.000
2023-02-10,8367.000,8439.000,8250.000,8435.000,257110,171344,8321.000
2023-02-13,8501.000,8510.000,8340.000,8342.000,200094,160589,8402.000
2023-02-14,8345.000,8405.000,8310.000,8349.000,147366,146354,8360.000
2023-02-15,8361.000,8368.000,8275.000,8323.000,161476,151635,8314.000
2023-02-16,8354.000,8486.000,8331.000,8439.000,190912,131324,8414.000
2023-02-17,8392.000,8450.000,8345.000,8348.000,129131,129435,8409.000
2023-02-20,8316.000,8480.000,8260.000,8472.000,176172,103337,8376.000
2023-02-21,8512.000,8614.000,8487.000,8579.000,131546,78991,8555.000
2023-02-22,8570.000,8629.000,8529.000,8563.000,79172,58510,8582.000
2023-02-23,8624.000,8624.000,8521.000,8559.000,135033,151714,8563.000
2023-02-24,8578.000,8682.000,8535.000,8569.000,207680,159688,8613.000
2023-02-27,8569.000,8645.000,8500.000,8502.000,192302,159619,8591.000
2023-02-28,8554.000,8554.000,8421.000,8511.000,194323,162444,8465.000
2023-03-01,8550.000,8584.000,8455.000,8557.000,177261,155851,8530.000
2023-03-02,8550.000,8595.000,8514.000,8569.000,143742,157324,8560.000
2023-03-03,8517.000,8649.000,8440.000,8620.000,274920,160105,8533.000
2023-03-06,8615.000,8615.000,8462.000,8527.000,241062,144366,8520.000
2023-03-07,8512.000,8647.000,8491.000,8566.000,182612,149458,8589.000
2023-03-08,8550.000,8636.000,8512.000,8544.000,205061,140681,8558.000
2023-03-09,8563.000,8583.000,8449.000,8507.000,190753,141101,8498.000
2023-03-10,8530.000,8538.000,8352.000,8364.000,215868,150408,8436.000
2023-03-13,8412.000,8564.000,8379.000,8526.000,225216,128436,8472.000
2023-03-14,8400.000,8459.000,8327.000,8335.000,220197,135408,8389.000
2023-03-15,8377.000,8388.000,8295.000,8365.000,176666,127388,8344.000
2023-03-16,8300.000,8319.000,8083.000,8103.000,179566,120177,8207.000
2023-03-17,8130.000,8299.000,8049.000,8247.000,177919,92971,8185.000
2023-03-20,8223.000,8357.000,8212.000,8295.000,144601,62451,8298.000
2023-03-21,8234.000,8318.000,8210.000,8270.000,186988,174266,8260.000
2023-03-22,8320.000,8345.000,8268.000,8291.000,157904,179792,8304.000
2023-03-23,8301.000,8349.000,8271.000,8298.000,164215,176666,8313.000
2023-03-24,8275.000,8335.000,8209.000,8316.000,216050,176541,8274.000
2023-03-27,8280.000,8400.000,8243.000,8394.000,198180,169758,8339.000
2023-03-28,8406.000,8498.000,8405.000,8465.000,186681,172932,8462.000
2023-03-29,8443.000,8490.000,8426.000,8482.000,143843,177295,8458.000
2023-03-30,8496.000,8530.000,8401.000,8459.000,163295,180571,8463.000
2023-03-31,8469.000,8558.000,8465.000,8518.000,149922,184765,8514.000
2023-04-03,8507.000,8765.000,8495.000,8679.000,212104,196765,8643.000
2023-04-04,8657.000,8750.000,8622.000,8747.000,164609,200514,8685.000
2023-04-06,8695.000,8717.000,8565.000,8662.000,131265,195581,8672.000
2023-04-07,8662.000,8705.000,8630.000,8671.000,125114,192560,8668.000
2023-04-10,8663.000,8748.000,8602.000,8622.000,171962,186373,8678.000
2023-04-11,8620.000,8693.000,8591.000,8625.000,149493,181433,8648.000
2023-04-12,8590.000,8696.000,8573.000,8693.000,166781,179680,8634.000
2023-04-13,8710.000,8735.000,8592.000,8601.000,175820,172834,8668.000
2023-04-14,8601.000,8674.000,8560.000,8623.000,170197,156517,8610.000
2023-04-17,8650.000,8775.000,8623.000,8697.000,230077,155705,8729.000
2023-04-18,8668.000,8682.000,8572.000,8631.000,177327,127294,8610.000
2023-04-19,8631.000,8695.000,8550.000,8567.000,157933,94844,8629.000
2023-04-20,8561.000,8585.000,8455.000,8528.000,212249,194787,8514.000
2023-04-21,8540.000,8584.000,8453.000,8462.000,192814,207655,8509.000
2023-04-24,8493.000,8512.000,8380.000,8384.000,178123,217357,8433.000
2023-04-25,8428.000,8480.000,8371.000,8390.000,164099,211849,8420.000
2023-04-26,8368.000,8373.000,8280.000,8320.000,168483,219085,8324.000
2023-04-27,8290.000,8343.000,8228.000,8230.000,167652,227772,8285.000
2023-04-28,8230.000,8280.000,8208.000,8251.000,126212,218321,8240.000
2023-05-04,8050.000,8080.000,7943.000,8029.000,170746,218418,8005.000
2023-05-05,8030.000,8044.000,7950.000,8019.000,164091,215650,7999.000
2023-05-08,8050.000,8225.000,8050.000,8212.000,202196,187794,8159.000
2023-05-09,8225.000,8231.000,8108.000,8113.000,140956,180849,8168.000
2023-05-10,8140.000,8200.000,8076.000,8145.000,169307,171060,8144.000
2023-05-11,8160.000,8166.000,8005.000,8023.000,203437,173279,8092.000
2023-05-12,7974.000,8040.000,7850.000,7855.000,202223,177597,7954.000
2023-05-15,7886.000,7910.000,7708.000,7809.000,177293,168262,7817.000
2023-05-16,7879.000,7909.000,7704.000,7735.000,176192,160549,7820.000
2023-05-17,7735.000,7805.000,7642.000,7789.000,186071,145279,7720.000
2023-05-18,7808.000,7897.000,7792.000,7888.000,182159,122390,7846.000
2023-05-19,7888.000,7935.000,7744.000,7816.000,179058,96074,7853.000
2023-05-22,7765.000,7803.000,7543.000,7615.000,286965,238944,7663.000
2023-05-23,7668.000,7681.000,7378.000,7455.000,443908,277330,7482.000
2023-05-24,7482.000,7565.000,7460.000,7502.000,264006,273646,7506.000
2023-05-25,7505.000,7600.000,7385.000,7563.000,352616,266564,7496.000
2023-05-26,7521.000,7730.000,7465.000,7709.000,401870,254740,7577.000
2023-05-29,7720.000,7820.000,7703.000,7765.000,287471,247145,7748.000
2023-05-30,7734.000,7798.000,7685.000,7741.000,209274,240254,7756.000
2023-05-31,7711.000,7745.000,7580.000,7706.000,298897,225756,7654.000
2023-06-01,7640.000,7778.000,7631.000,7692.000,270543,219141,7709.000
2023-06-02,7677.000,7835.000,7542.000,7770.000,431188,201174,7668.000
2023-06-05,7792.000,7850.000,7681.000,7719.000,253599,193484,7764.000
2023-06-06,7762.000,7762.000,7585.000,7642.000,281580,190740,7660.000
2023-06-07,7630.000,7732.000,7600.000,7612.000,219967,185063,7652.000
2023-06-08,7640.000,7672.000,7415.000,7436.000,373798,202371,7556.000
2023-06-09,7463.000,7542.000,7395.000,7500.000,334272,179049,7469.000
2023-06-12,7500.000,7527.000,7256.000,7278.000,329059,180763,7376.000
2023-06-13,7230.000,7266.000,7094.000,7251.000,395252,151336,7190.000
2023-06-14,7300.000,7425.000,7181.000,7355.000,338831,123070,7295.000
2023-06-15,7111.000,7139.000,6980.000,7052.000,316835,247864,7058.000
2023-06-16,7080.000,7261.000,7062.000,7256.000,358390,242756,7171.000
2023-06-19,7256.000,7295.000,7093.000,7126.000,363590,248367,7198.000
2023-06-20,7177.000,7238.000,7107.000,7157.000,298811,247318,7170.000
2023-06-21,7131.000,7318.000,7120.000,7260.000,337442,243486,7228.000
2023-06-26,7180.000,7200.000,7028.000,7067.000,265346,252237,7093.000
2023-06-27,7090.000,7117.000,6981.000,7058.000,310244,252064,7051.000
2023-06-28,6996.000,7080.000,6991.000,7036.000,237657,257185,7035.000
2023-06-29,7038.000,7186.000,7014.000,7117.000,334443,249250,7120.000
2023-06-30,7083.000,7213.000,7081.000,7173.000,263306,236888,7160.000
2023-07-03,7175.000,7349.000,7175.000,7277.000,308926,224812,7276.000
2023-07-04,7296.000,7325.000,7218.000,7317.000,292563,212854,7266.000
2023-07-05,7342.000,7396.000,7310.000,7351.000,312447,208661,7358.000
2023-07-06,7350.000,7370.000,7286.000,7340.000,268853,196726,7332.000
2023-07-07,7340.000,7525.000,7320.000,7450.000,418943,193233,7441.000
2023-07-10,7450.000,7552.000,7426.000,7499.000,257739,188475,7488.000
2023-07-11,7500.000,7594.000,7480.000,7526.000,226472,178702,7542.000
2023-07-12,7538.000,7584.000,7513.000,7560.000,239761,167992,7550.000
2023-07-13,7580.000,7765.000,7578.000,7759.000,300635,161983,7667.000
2023-07-14,7732.000,7954.000,7715.000,7868.000,391012,148445,7856.000
2023-07-17,7902.000,7905.000,7760.000,7835.000,295778,131926,7820.000
2023-07-18,7871.000,7978.000,7764.000,7937.000,257744,128420,7864.000
2023-07-19,7930.000,8074.000,7914.000,7956.000,257181,106628,7991.000
2023-07-20,7900.000,7957.000,7801.000,7887.000,376820,271058,7879.000
2023-07-21,7909.000,8055.000,7909.000,8021.000,466067,285516,8008.000
2023-07-24,8048.000,8088.000,7882.000,7890.000,313442,284345,7953.000
2023-07-25,7940.000,8049.000,7842.000,8027.000,372430,288390,7940.000
2023-07-26,8030.000,8188.000,8003.000,8159.000,393427,287286,8127.000
2023-07-27,8055.000,8138.000,7983.000,8054.000,376983,280768,8066.000
2023-07-28,8080.000,8226.000,8022.000,8212.000,376406,297641,8106.000
2023-07-31,8238.000,8410.000,8238.000,8327.000,464631,300480,8325.000
2023-08-01,8388.000,8464.000,8303.000,8326.000,397550,286067,8386.000
2023-08-02,8310.000,8493.000,8262.000,8399.000,399755,284247,8385.000
2023-08-03,8427.000,8430.000,8198.000,8236.000,427444,274616,8308.000
2023-08-04,8300.000,8439.000,8268.000,8343.000,379413,275519,8352.000
2023-08-07,8376.000,8376.000,8181.000,8300.000,399610,265711,8268.000
2023-08-08,8286.000,8354.000,8174.000,8301.000,423179,268454,8263.000
2023-08-09,8220.000,8394.000,8220.000,8354.000,338599,262546,8314.000
2023-08-10,8380.000,8546.000,8363.000,8494.000,391315,270540,8472.000
2023-08-11,8490.000,8497.000,8381.000,8442.000,313009,245005,8424.000
2023-08-14,8464.000,8508.000,8246.000,8280.000,333506,206398,8353.000
2023-08-15,8280.000,8326.000,8221.000,8305.000,269920,191186,8270.000
2023-08-16,8248.000,8349.000,8242.000,8317.000,215577,179812,8290.000
2023-08-17,8350.000,8388.000,8213.000,8386.000,287649,147355,8292.000
2023-08-18,8410.000,8694.000,8410.000,8492.000,394767,117737,8578.000
2023-08-21,8310.000,8573.000,8310.000,8553.000,389218,294853,8443.000
2023-08-22,8553.000,8590.000,8355.000,8460.000,345055,282072,8459.000
2023-08-23,8485.000,8606.000,8461.000,8543.000,379263,295626,8530.000
2023-08-24,8512.000,8576.000,8437.000,8467.000,379899,286120,8503.000
2023-08-25,8460.000,8476.000,8352.000,8392.000,413172,277428,8416.000
2023-08-28,8424.000,8458.000,8314.000,8349.000,393586,265032,8378.000
2023-08-29,8333.000,8450.000,8323.000,8372.000,406694,268928,8388.000
2023-08-30,8390.000,8575.000,8358.000,8534.000,406644,294174,8486.000
2023-08-31,8534.000,8543.000,8427.000,8458.000,321087,274581,8481.000
2023-09-01,8506.000,8747.000,8500.000,8722.000,400866,289460,8633.000
2023-09-04,8750.000,8850.000,8710.000,8762.000,342795,282623,8763.000
2023-09-05,8762.000,8880.000,8762.000,8827.000,259414,279814,8813.000
2023-09-06,8850.000,9330.000,8778.000,9270.000,639018,312375,9062.000
2023-09-07,9290.000,9405.000,9179.000,9268.000,890707,298011,9289.000
2023-09-08,9292.000,9325.000,9083.000,9133.000,609855,277037,9225.000
2023-09-11,9200.000,9365.000,9145.000,9262.000,508168,279005,9253.000
2023-09-12,9255.000,9666.000,9233.000,9566.000,834884,296087,9484.000
2023-09-13,9680.000,9820.000,9590.000,9811.000,858787,309453,9695.000
2023-09-14,9860.000,9998.000,9757.000,9817.000,1305396,303104,9883.000
2023-09-15,9890.000,9900.000,9611.000,9729.000,980300,252439,9744.000
2023-09-18,9720.000,9720.000,9353.000,9467.000,742072,206201,9491.000
2023-09-19,9491.000,9575.000,9392.000,9464.000,448396,174901,9476.000
2023-09-20,9488.000,9554.000,9142.000,9186.000,547983,146214,9325.000
2023-09-21,9175.000,9193.000,8919.000,8926.000,412106,125524,9095.000
2023-09-22,8960.000,9175.000,8941.000,9104.000,350145,95167,9023.000
2023-09-25,9077.000,9167.000,8775.000,8826.000,723192,287615,8971.000
2023-09-26,8796.000,8847.000,8674.000,8690.000,561241,284436,8744.000
2023-09-27,8696.000,8855.000,8696.000,8809.000,500150,268227,8786.000
2023-09-28,8855.000,9045.000,8825.000,8846.000,484855,241467,8917.000
2023-10-09,8588.000,8624.000,8475.000,8602.000,275583,238276,8558.000
2023-10-10,8616.000,8637.000,8361.000,8391.000,448985,240018,8468.000
2023-10-11,8414.000,8498.000,8333.000,8469.000,396397,228452,8421.000
2023-10-12,8421.000,8436.000,8235.000,8401.000,500015,223691,8328.000
2023-10-13,8470.000,8556.000,8355.000,8458.000,579618,208308,8448.000
2023-10-16,8600.000,8686.000,8506.000,8609.000,496234,199476,8589.000
2023-10-17,8615.000,8643.000,8415.000,8515.000,435868,186597,8500.000
2023-10-18,8515.000,8671.000,8496.000,8615.000,435191,165247,8587.000
2023-10-19,8625.000,8686.000,8478.000,8619.000,503239,146744,8588.000
2023-10-20,8619.000,8765.000,8544.000,8576.000,532975,128297,8633.000
2023-10-23,8576.000,8626.000,8433.000,8593.000,504315,103856,8529.000
2023-10-24,8621.000,8662.000,8483.000,8572.000,379450,83412,8589.000
2023-10-25,8545.000,8570.000,8412.000,8461.000,298094,65200,8491.000
2023-10-26,8430.000,8484.000,8340.000,8418.000,424855,240617,8413.000
2023-10-27,8301.000,8587.000,8300.000,8559.000,547580,262093,8446.000
2023-10-30,8559.000,8756.000,8548.000,8720.000,562861,296325,8667.000
2023-10-31,8699.000,8800.000,8573.000,8795.000,626272,299356,8681.000
2023-11-01,8780.000,8836.000,8715.000,8767.000,549992,288568,8777.000
2023-11-02,8818.000,8825.000,8628.000,8668.000,464034,269626,8724.000
2023-11-03,8630.000,8750.000,8604.000,8679.000,514544,265495,8683.000
2023-11-06,8700.000,8704.000,8512.000,8644.000,518251,251808,8606.000
2023-11-07,8655.000,8709.000,8479.000,8499.000,516260,235776,8613.000
2023-11-08,8480.000,8517.000,8351.000,8439.000,469732,223601,8430.000
2023-11-09,8370.000,8475.000,8313.000,8440.000,485134,208836,8399.000
2023-11-10,8450.000,8507.000,8364.000,8471.000,497650,197741,8440.000
2023-11-13,8490.000,8493.000,8274.000,8376.000,446413,185763,8371.000
2023-11-14,8400.000,8456.000,8345.000,8417.000,302833,175186,8394.000
2023-11-15,8400.000,8735.000,8394.000,8665.000,667127,178254,8577.000
2023-11-16,8633.000,8704.000,8562.000,8697.000,373557,164431,8627.000
2023-11-17,8688.000,8888.000,8659.000,8703.000,612614,149747,8768.000
2023-11-20,8751.000,8784.000,8620.000,8711.000,348545,112462,8705.000
2023-11-21,8738.000,8744.000,8486.000,8499.000,291787,71491,8615.000
2023-11-22,8469.000,8544.000,8405.000,8450.000,383441,224591,8470.000
2023-11-23,8397.000,8449.000,8277.000,8425.000,487385,229082,8366.000
2023-11-24,8428.000,8465.000,8315.000,8358.000,435239,233825,8385.000
2023-11-27,8370.000,8446.000,8190.000,8238.000,485871,241094,8355.000
2023-11-28,8246.000,8278.000,8028.000,8044.000,589193,259363,8133.000
2023-11-29,8052.000,8145.000,8013.000,8046.000,481126,256473,8074.000
2023-11-30,8088.000,8176.000,8023.000,8153.000,466448,243820,8095.000
2023-12-01,8150.000,8193.000,7905.000,7954.000,497856,242794,8031.000
2023-12-04,7950.000,8011.000,7819.000,7841.000,495398,241249,7913.000
2023-12-05,7841.000,7898.000,7756.000,7882.000,465640,240080,7836.000
2023-12-06,7852.000,8035.000,7823.000,8033.000,440693,233682,7900.000
2023-12-07,8000.000,8029.000,7825.000,7977.000,435288,223517,7937.000
2023-12-08,7998.000,8137.000,7974.000,8097.000,344159,204043,8071.000
2023-12-11,8098.000,8148.000,8010.000,8103.000,291209,190837,8074.000
2023-12-12,8100.000,8177.000,7975.000,8141.000,356942,171021,8073.000
2023-12-13,8109.000,8163.000,7931.000,7956.000,385258,161856,8044.000
2023-12-14,7974.000,8255.000,7974.000,8090.000,459489,133483,8118.000
2023-12-15,8118.000,8165.000,8045.000,8124.000,262318,118810,8109.000
2023-12-18,8124.000,8232.000,8073.000,8226.000,240478,105082,8144.000
2023-12-19,8246.000,8290.000,8191.000,8240.000,293772,241222,8241.000
2023-12-20,8240.000,8489.000,8212.000,8473.000,484763,274645,8382.000
2023-12-21,8500.000,8617.000,8462.000,8584.000,514504,301945,8542.000
2023-12-22,8530.000,8628.000,8441.000,8520.000,493313,299196,8532.000
2023-12-25,8521.000,8675.000,8466.000,8553.000,475998,302342,8539.000
2023-12-26,8575.000,8624.000,8525.000,8540.000,351617,310646,8568.000
2023-12-27,8570.000,8654.000,8543.000,8578.000,420688,318296,8601.000
2023-12-28,8578.000,8582.000,8420.000,8456.000,418680,317793,8492.000
2023-12-29,8440.000,8485.000,8371.000,8484.000,353870,309036,8419.000
2024-01-02,8480.000,8630.000,8437.000,8618.000,251123,322680,8559.000
2024-01-03,8630.000,8665.000,8476.000,8543.000,290594,285722,8557.000
2024-01-04,8543.000,8599.000,8448.000,8468.000,307274,268346,8522.000
2024-01-05,8450.000,8468.000,8306.000,8366.000,332520,232255,8379.000
2024-01-08,8414.000,8502.000,8276.000,8279.000,397116,204107,8388.000
2024-01-09,8266.000,8328.000,8227.000,8257.000,298350,185888,8271.000
2024-01-10,8326.000,8445.000,8267.000,8418.000,356902,174563,8350.000
2024-01-11,8399.000,8475.000,8292.000,8469.000,399298,162094,8383.000
2024-01-12,8480.000,8534.000,8420.000,8477.000,320780,149366,8477.000
2024-01-15,8515.000,8515.000,8370.000,8466.000,293847,131038,8444.000
2024-01-16,8447.000,8803.000,8433.000,8796.000,566799,161449,8651.000
2024-01-17,8820.000,8825.000,8629.000,8640.000,368417,131534,8725.000
2024-01-18,8600.000,8719.000,8597.000,8673.000,285436,115229,8656.000
2024-01-19,8656.000,8767.000,8647.000,8726.000,273903,101687,8712.000
2024-01-22,8730.000,8888.000,8702.000,8768.000,261626,79584,8777.000
2024-01-23,8801.000,8898.000,8736.000,8894.000,376857,266258,8809.000
2024-01-24,8886.000,8948.000,8850.000,8916.000,445651,280775,8902.000
2024-01-25,8915.000,8937.000,8794.000,8795.000,412334,267021,8862.000
2024-01-26,8792.000,9000.000,8765.000,8767.000,633953,266376,8864.000
2024-01-29,8777.000,8886.000,8743.000,8784.000,456465,259211,8803.000
2024-01-30,8796.000,8938.000,8760.000,8892.000,478177,285893,8855.000
2024-01-31,8878.000,8879.000,8698.000,8796.000,560884,254192,8779.000
2024-02-01,8787.000,8865.000,8755.000,8826.000,453721,256553,8806.000
2024-02-02,8824.000,8830.000,8621.000,8649.000,562622,221012,8719.000
2024-02-05,8613.000,8845.000,8613.000,8795.000,434820,209709,8753.000
2024-02-06,8766.000,8914.000,8711.000,8906.000,462416,221259,8802.000
2024-02-07,8918.000,9117.000,8918.000,9091.000,534002,234558,9045.000
2024-02-08,9099.000,9196.000,9030.000,9093.000,345812,186440,9099.000
2024-02-19,9330.000,9387.000,9218.000,9273.000,255067,205814,9310.000
2024-02-20,9294.000,9296.000,9130.000,9145.000,296695,190413,9220.000
2024-02-21,9080.000,9192.000,9025.000,9123.000,303448,172722,9110.000
2024-02-22,9110.000,9234.000,9101.000,9177.000,284196,162049,9177.000
2024-02-23,9160.000,9178.000,9062.000,9067.000,275292,112803,9124.000
2024-02-26,9048.000,9124.000,9023.000,9036.000,177345,78523,9080.000
2024-02-27,9055.000,9143.000,9013.000,9141.000,309860,251119,9072.000
2024-02-28,9151.000,9197.000,9007.000,9018.000,387429,259907,9123.000
2024-02-29,9000.000,9078.000,8961.000,9050.000,338404,266973,9035.000
2024-03-01,9050.000,9089.000,8990.000,9044.000,338316,265300,9040.000
2024-03-04,9098.000,9174.000,9058.000,9097.000,371841,262191,9110.000
2024-03-05,9097.000,9170.000,9025.000,9166.000,344140,264632,9082.000
2024-03-06,9169.000,9235.000,9115.000,9182.000,488515,268874,9179.000
2024-03-07,9170.000,9195.000,9080.000,9130.000,411300,260758,9134.000
2024-03-08,9148.000,9255.000,9135.000,9226.000,352889,266643,9201.000
2024-03-11,9190.000,9358.000,9190.000,9351.000,396375,278696,9284.000
2024-03-12,9352.000,9375.000,9251.000,9299.000,292590,250631,9313.000
2024-03-13,9320.000,9348.000,9273.000,9319.000,226191,249068,9307.000
2024-03-14,9350.000,9499.000,9313.000,9492.000,350220,243517,9394.000
2024-03-15,9496.000,9577.000,9428.000,9428.000,335797,208623,9503.000
2024-03-18,9419.000,9470.000,9352.000,9401.000,243147,180370,9414.000
2024-03-19,9390.000,9420.000,9305.000,9314.000,360047,355154,9357.000
2024-03-20,9314.000,9328.000,9243.000,9251.000,335366,353712,9280.000
2024-03-21,9125.000,9246.000,9104.000,9217.000,437753,345792,9168.000
2024-03-22,9194.000,9253.000,9140.000,9188.000,366462,338645,9194.000
2024-03-25,9207.000,9288.000,9155.000,9218.000,426395,343869,9225.000
2024-03-26,9205.000,9365.000,9205.000,9296.000,419950,362196,9302.000
2024-03-27,9300.000,9379.000,9241.000,9265.000,436359,352805,9306.000
2024-03-28,9240.000,9340.000,9190.000,9289.000,521687,347164,9257.000
2024-03-29,9337.000,9378.000,9259.000,9346.000,430557,356426,9325.000
2024-04-01,9360.000,9498.000,9355.000,9397.000,465997,351847,9426.000
2024-04-02,9370.000,9468.000,9366.000,9442.000,316592,353512,9408.000
2024-04-03,9470.000,9500.000,9425.000,9481.000,307591,345146,9463.000
2024-04-08,9535.000,9579.000,9447.000,9510.000,334059,340288,9513.000
2024-04-09,9543.000,9646.000,9520.000,9596.000,363327,349985,9595.000
2024-04-10,9568.000,9589.000,9411.000,9432.000,379728,306687,9490.000
2024-04-11,9435.000,9459.000,9382.000,9416.000,248747,291555,9421.000
2024-04-12,9400.000,9453.000,9376.000,9430.000,256652,271440,9413.000
2024-04-15,9451.000,9575.000,9451.000,9528.000,305025,261838,9511.000
2024-04-16,9546.000,9674.000,9490.000,9612.000,360026,255159,9578.000
2024-04-17,9572.000,9648.000,9561.000,9594.000,253059,235909,9601.000
2024-04-18,9567.000,9665.000,9526.000,9646.000,284763,223233,9605.000
2024-04-19,9652.000,9780.000,9580.000,9652.000,353146,182053,9668.000
2024-04-22,9605.000,9685.000,9528.000,9531.000,215494,131035,9613.000
2024-04-23,9460.000,9525.000,9405.000,9415.000,303103,290576,9473.000
2024-04-24,9386.000,9535.000,9386.000,9498.000,295516,295796,9457.000
2024-04-25,9498.000,9548.000,9455.000,9499.000,268926,301802,9494.000
2024-04-26,9500.000,9539.000,9440.000,9495.000,316618,298454,9486.000
2024-04-29,9520.000,9530.000,9326.000,9359.000,418441,291491,9398.000
2024-04-30,9383.000,9418.000,9333.000,9387.000,260542,269488,9384.000
2024-05-06,9287.000,9412.000,9276.000,9411.000,222349,280962,9348.000
2024-05-07,9410.000,9446.000,9338.000,9397.000,284524,274684,9382.000
2024-05-08,9397.000,9397.000,9291.000,9295.000,269341,280269,9331.000
2024-05-09,9285.000,9349.000,9215.000,9216.000,341362,283856,9284.000
2024-05-10,9233.000,9293.000,9185.000,9278.000,305940,268583,9235.000
2024-05-13,9265.000,9269.000,9076.000,9187.000,460265,249335,9143.000
2024-05-14,9247.000,9247.000,9141.000,9144.000,242090,231099,9185.000
2024-05-15,9133.000,9175.000,9089.000,9146.000,228766,224422,9128.000
2024-05-16,9126.000,9280.000,9121.000,9274.000,270446,209521,9209.000
2024-05-17,9279.000,9314.000,9222.000,9306.000,229656,180388,9263.000
2024-05-20,9311.000,9575.000,9311.000,9572.000,321647,178942,9451.000
2024-05-21,9585.000,9691.000,9530.000,9612.000,267828,157196,9605.000
2024-05-22,9612.000,9646.000,9465.000,9488.000,186193,119000,9554.000
2024-05-23,9444.000,9485.000,9353.000,9392.000,293491,263135,9410.000
2024-05-24,9418.000,9503.000,9385.000,9444.000,260715,271505,9437.000
2024-05-27,9452.000,9620.000,9425.000,9618.000,329566,306336,9511.000
2024-05-28,9650.000,9705.000,9561.000,9576.000,336751,298192,9631.000
2024-05-29,9600.000,9696.000,9567.000,9663.000,289157,301949,9629.000
2024-05-30,9675.000,9720.000,9588.000,9663.000,364386,301428,9658.000
2024-05-31,9653.000,9773.000,9634.000,9730.000,398454,313050,9714.000
2024-06-03,9768.000,9819.000,9550.000,9587.000,503473,295934,9692.000
2024-06-04,9587.000,9624.000,9514.000,9570.000,318290,290550,9572.000
2024-06-05,9538.000,9546.000,9336.000,9337.000,391210,248082,9435.000
2024-06-06,9366.000,9429.000,9353.000,9383.000,237243,230652,9387.000
2024-06-07,9374.000,9493.000,9370.000,9424.000,265705,221761,9436.000
2024-06-11,9493.000,9548.000,9446.000,9515.000,229291,228242,9493.000
2024-06-12,9498.000,9628.000,9463.000,9610.000,295453,242557,9545.000
2024-06-13,9630.000,9645.000,9411.000,9426.000,301301,218236,9508.000
2024-06-14,9426.000,9445.000,9353.000,9365.000,252110,211012,9392.000
2024-06-17,9385.000,9399.000,9305.000,9320.000,300054,201648,9345.000
2024-06-18,9355.000,9386.000,9276.000,9281.000,232782,187318,9323.000
2024-06-19,9285.000,9373.000,9213.000,9223.000,239601,179004,9302.000
2024-06-20,9242.000,9310.000,9207.000,9250.000,186512,161998,9254.000
2024-06-21,9236.000,9283.000,9203.000,9217.000,178425,131388,9241.000
2024-06-24,9192.000,9262.000,9133.000,9212.000,141126,97079,9204.000
2024-06-25,9182.000,9303.000,9127.000,9281.000,336379,256652,9227.000
2024-06-26,9295.000,9326.000,9171.000,9222.000,330635,262843,9240.000
2024-06-27,9222.000,9295.000,9152.000,9224.000,346810,270536,9221.000
2024-06-28,9250.000,9478.000,9250.000,9472.000,546663,302337,9392.000
2024-07-01,9481.000,9481.000,9372.000,9441.000,265881,290563,9421.000
2024-07-02,9412.000,9478.000,9385.000,9447.000,214977,284977,9430.000
2024-07-03,9451.000,9489.000,9374.000,9442.000,266553,279408,9421.000
2024-07-04,9422.000,9488.000,9392.000,9450.000,313492,285000,9445.000
2024-07-05,9450.000,9535.000,9343.000,9348.000,421555,274778,9438.000
2024-07-08,9348.000,9479.000,9342.000,9378.000,321993,266529,9404.000
2024-07-09,9380.000,9502.000,9328.000,9398.000,447135,263679,9424.000
2024-07-10,9388.000,9388.000,9232.000,9282.000,362293,251277,9302.000
2024-07-11,9309.000,9443.000,9300.000,9416.000,343570,261086,9381.000
2024-07-12,9416.000,9420.000,9253.000,9271.000,339445,222845,9332.000
2024-07-15,9276.000,9315.000,9223.000,9244.000,221007,209639,9260.000
2024-07-16,9248.000,9276.000,9197.000,9221.000,206007,192094,9229.000
2024-07-17,9194.000,9278.000,9187.000,9229.000,154484,179060,9240.000
2024-07-18,9250.000,9296.000,9210.000,9287.000,160428,154085,9247.000
2024-07-19,9275.000,9276.000,9203.000,9225.000,129634,118661,9239.000
2024-07-22,9139.000,9139.000,9014.000,9031.000,287348,252796,9064.000
2024-07-23,9000.000,9071.000,8984.000,9032.000,208004,260781,9032.000
2024-07-24,9000.000,9015.000,8831.000,8947.000,520032,293296,8906.000
2024-07-25,8969.000,8969.000,8841.000,8852.000,290421,301224,8894.000
2024-07-26,8822.000,9012.000,8804.000,8944.000,344390,291926,8921.000
2024-07-29,8929.000,8965.000,8867.000,8931.000,275320,288615,8913.000
2024-07-30,8948.000,8984.000,8900.000,8940.000,315236,301547,8939.000
2024-07-31,8975.000,9189.000,8925.000,9183.000,541553,309918,9064.000
2024-08-01,9208.000,9359.000,9180.000,9322.000,442742,316886,9279.000
2024-08-02,9322.000,9325.000,9228.000,9299.000,296179,308005,9270.000
2024-08-05,9240.000,9287.000,9089.000,9107.000,387330,280296,9199.000
2024-08-06,9078.000,9229.000,9070.000,9132.000,327133,273897,9148.000
2024-08-07,9110.000,9195.000,9080.000,9101.000,272146,268858,9139.000
2024-08-08,9160.000,9182.000,9110.000,9130.000,254267,257584,9143.000
2024-08-09,9146.000,9260.000,9063.000,9228.000,373368,263797,9165.000
2024-08-12,9225.000,9289.000,9178.000,9285.000,226632,260308,9228.000
2024-08-13,9286.000,9383.000,9267.000,9361.000,211300,251995,9321.000
2024-08-14,9327.000,9354.000,9240.000,9254.000,213341,237206,9304.000
2024-08-15,9254.000,9300.000,9150.000,9204.000,237540,205043,9213.000
2024-08-16,9228.000,9375.000,9224.000,9277.000,201205,203691,9295.000
2024-08-19,9250.000,9314.000,9171.000,9175.000,205664,177304,9239.000
2024-08-20,9200.000,9243.000,9121.000,9213.000,184593,119457,9170.000
2024-08-21,9060.000,9069.000,8970.000,9051.000,252435,264109,9021.000
2024-08-22,9065.000,9174.000,8925.000,8940.000,425241,290056,9062.000
2024-08-23,8949.000,9075.000,8936.000,9054.000,338091,287094,8993.000
2024-08-26,9088.000,9217.000,9040.000,9197.000,337279,312887,9125.000
2024-08-27,9230.000,9250.000,9137.000,9185.000,257074,309284,9185.000
2024-08-28,9170.000,9182.000,9116.000,9152.000,213549,305322,9147.000
2024-08-29,9135.000,9237.000,9135.000,9199.000,273197,315032,9188.000
2024-08-30,9225.000,9334.000,9201.000,9315.000,333849,326184,9271.000
2024-09-02,9315.000,9315.000,9212.000,9238.000,302450,304268,9258.000
2024-09-03,9252.000,9297.000,9242.000,9263.000,255189,304523,9268.000
2024-09-04,9222.000,9223.000,9030.000,9039.000,403253,249899,9109.000
2024-09-05,9042.000,9075.000,8910.000,8955.000,285032,238031,8996.000
2024-09-06,8983.000,8993.000,8880.000,8939.000,293953,225974,8930.000
2024-09-09,8930.000,8970.000,8792.000,8873.000,287705,212407,8884.000
2024-09-10,8856.000,8896.000,8563.000,8580.000,307228,208457,8769.000
2024-09-11,8500.000,8547.000,8265.000,8536.000,636376,184625,8414.000
2024-09-12,8553.000,8654.000,8420.000,8644.000,388842,165552,8526.000
2024-09-13,8644.000,8717.000,8545.000,8667.000,365195,146805,8635.000
2024-09-18,9000.000,9120.000,8690.000,8791.000,303265,124191,8819.000
2024-09-19,8812.000,8942.000,8717.000,8938.000,229975,104662,8800.000
2024-09-20,8920.000,8958.000,8785.000,8795.000,167474,82337,8871.000
2024-09-23,8611.000,8611.000,8382.000,8390.000,358753,215302,8500.000
2024-09-24,8382.000,8570.000,8342.000,8559.000,384093,208584,8436.000
2024-09-25,8576.000,8646.000,8411.000,8440.000,416970,205171,0.000
2024-09-26,8330.000,8489.000,8283.000,8381.000,479880,199065,8399.000
2024-09-27,8395.000,8535.000,8386.000,8516.000,331508,187869,8454.000
2024-09-30,8516.000,8885.000,8457.000,8860.000,362544,173045,8679.000
2024-10-08,9108.000,9188.000,8945.000,8984.000,253431,173208,9032.000
2024-10-09,8952.000,8964.000,8853.000,8896.000,246923,170235,8898.000
2024-10-10,8860.000,8866.000,8730.000,8764.000,253403,164939,8798.000
2024-10-11,8765.000,8790.000,8621.000,8713.000,270321,153038,8704.000
2024-10-14,8713.000,8772.000,8584.000,8608.000,241195,150170,8675.000
2024-10-15,8596.000,8634.000,8440.000,8455.000,230385,144773,8545.000
2024-10-16,8435.000,8529.000,8403.000,8411.000,174989,140589,8470.000
2024-10-17,8440.000,8527.000,8420.000,8433.000,191674,132172,8473.000
2024-10-18,8454.000,8534.000,8432.000,8513.000,181129,120013,8483.000
2024-10-21,8470.000,8506.000,8372.000,8498.000,187150,102895,8447.000
2024-10-22,8530.000,8642.000,8495.000,8635.000,171631,84420,8569.000
2024-10-23,8667.000,8672.000,8587.000,8600.000,99846,65226,8635.000
2024-10-24,8500.000,8546.000,8436.000,8531.000,203901,196029,8499.000
2024-10-25,8531.000,8565.000,8472.000,8526.000,179896,205801,8516.000
2024-10-28,8536.000,8666.000,8512.000,8575.000,283894,221877,8594.000
2024-10-29,8519.000,8554.000,8325.000,8327.000,285256,223421,8424.000
2024-10-30,8366.000,8450.000,8300.000,8446.000,255941,209251,8371.000
2024-10-31,8480.000,8516.000,8411.000,8449.000,194270,208145,8459.000
2024-11-01,8460.000,8474.000,8391.000,8420.000,181046,206241,8430.000
2024-11-04,8420.000,8490.000,8354.000,8434.000,196022,198661,8407.000
2024-11-05,8450.000,8475.000,8398.000,8445.000,157437,195394,8433.000
2024-11-06,8465.000,8562.000,8300.000,8333.000,288519,194475,8440.000
2024-11-07,8296.000,8466.000,8275.000,8443.000,227287,184619,8391.000
2024-11-08,8391.000,8458.000,8320.000,8343.000,193358,180042,8388.000
2024-11-11,8320.000,8372.000,8263.000,8325.000,178921,175217,8323.000
2024-11-12,8278.000,8344.000,8278.000,8301.000,147010,167081,8310.000
2024-11-13,8321.000,8403.000,8301.000,8374.000,157982,160590,8360.000
2024-11-14,8400.000,8400.000,8277.000,8309.000,151702,153146,8331.000
2024-11-15,8345.000,8380.000,8296.000,8312.000,143203,144388,8337.000
2024-11-18,8340.000,8438.000,8299.000,8363.000,238531,140131,8370.000
2024-11-19,8346.000,8495.000,8338.000,8475.000,173577,139566,8437.000
2024-11-20,8458.000,8517.000,8433.000,8487.000,115176,116967,8476.000
2024-11-21,8520.000,8520.000,8443.000,8471.000,93503,86641,8475.000
2024-11-22,8465.000,8481.000,8407.000,8439.000,147082,212060,8443.000
2024-11-25,8413.000,8492.000,8364.000,8392.000,177166,208171,8418.000
2024-11-26,8415.000,8428.000,8291.000,8308.000,180387,200456,8334.000
2024-11-27,8334.000,8350.000,8234.000,8299.000,178944,207737,8283.000
2024-11-28,8303.000,8378.000,8288.000,8308.000,172839,205363,8331.000
2024-11-29,8315.000,8419.000,8288.000,8404.000,181166,212499,8364.000
2024-12-02,8410.000,8547.000,8350.000,8543.000,234659,246150,8466.000
2024-12-03,8550.000,8550.000,8476.000,8507.000,145953,250029,8505.000
2024-12-04,8524.000,8570.000,8461.000,8525.000,187858,251166,8508.000
2024-12-05,8523.000,8576.000,8445.000,8484.000,182759,239421,8507.000
2024-12-06,8484.000,8518.000,8372.000,8402.000,176640,222390,8442.000
2024-12-09,8396.000,8432.000,8330.000,8371.000,158769,205966,8374.000
2024-12-10,8404.000,8480.000,8391.000,8420.000,164404,198726,8434.000
2024-12-11,8420.000,8524.000,8404.000,8464.000,146642,207643,8470.000
2024-12-12,8447.000,8525.000,8447.000,8494.000,101478,204080,8487.000
2024-12-13,8520.000,8538.000,8455.000,8513.000,128991,205988,8503.000
2024-12-16,8517.000,8531.000,8476.000,8510.000,126949,196758,8500.000
2024-12-17,8480.000,8525.000,8464.000,8509.000,130372,186962,8495.000
2024-12-18,8484.000,8542.000,8460.000,8484.000,163075,159451,8490.000
2024-12-19,8505.000,8516.000,8448.000,8483.000,148148,114500,8483.000
2024-12-20,8483.000,8574.000,8384.000,8424.000,151259,82466,8468.000
2024-12-23,8471.000,8527.000,8415.000,8442.000,226004,213019,8465.000
2024-12-24,8439.000,8484.000,8390.000,8439.000,174422,223312,8437.000
2024-12-25,8422.000,8429.000,8320.000,8328.000,199450,234400,8375.000
2024-12-26,8303.000,8328.000,8261.000,8279.000,177092,236462,8293.000
2024-12-27,8321.000,8321.000,8153.000,8185.000,226849,250809,8214.000
2024-12-30,8188.000,8198.000,8047.000,8106.000,229452,255794,8113.000
2024-12-31,8120.000,8130.000,8073.000,8098.000,186309,245181,8098.000
2025-01-02,8131.000,8230.000,8131.000,8196.000,174729,230030,8193.000
2025-01-03,8230.000,8259.000,8200.000,8207.000,191344,219489,8228.000
2025-01-06,8204.000,8276.000,8171.000,8189.000,173584,202475,8215.000
2025-01-07,8213.000,8225.000,8123.000,8145.000,174855,196414,8166.000
2025-01-08,8158.000,8160.000,8007.000,8117.000,219697,184185,8089.000
2025-01-09,8120.000,8214.000,8094.000,8185.000,195964,173712,8147.000
2025-01-10,8185.000,8312.000,8160.000,8299.000,207181,157711,8246.000
2025-01-13,8352.000,8535.000,8350.000,8449.000,259956,138100,8439.000
2025-01-14,8512.000,8514.000,8439.000,8499.000,100302,184971,8476.000
2025-01-15,8493.000,8580.000,8458.000,8570.000,117865,197337,8525.000
2025-01-16,8582.000,8665.000,8528.000,8584.000,150336,205482,8591.000
2025-01-17,8552.000,8625.000,8524.000,8595.000,144160,223570,8577.000
2025-01-20,8577.000,8586.000,8478.000,8501.000,162099,224280,8522.000
2025-01-21,8490.000,8534.000,8474.000,8520.000,126743,234067,8507.000
2025-01-22,8490.000,8561.000,8445.000,8551.000,170685,236882,8502.000
2025-01-23,8565.000,8585.000,8495.000,8518.000,124378,234864,8535.000
2025-01-24,8555.000,8723.000,8535.000,8694.000,257324,241391,8632.000
2025-01-27,8727.000,8777.000,8648.000,8704.000,186455,228023,8703.000
2025-02-05,8715.000,8815.000,8705.000,8738.000,142248,233685,8766.000
2025-02-06,8692.000,8700.000,8576.000,8605.000,187957,210806,8629.000
2025-02-07,8605.000,8660.000,8532.000,8632.000,199919,199070,8601.000
2025-02-10,8606.000,8634.000,8570.000,8601.000,137169,193457,8601.000
2025-02-11,8610.000,8664.000,8523.000,8633.000,197953,181656,8595.000
2025-02-12,8655.000,8675.000,8615.000,8643.000,106902,171942,8643.000
2025-02-13,8611.000,8622.000,8531.000,8575.000,122571,152378,8572.000
2025-02-14,8536.000,8609.000,8511.000,8534.000,110566,137703,8563.000
2025-02-17,8621.000,8669.000,8545.000,8659.000,129356,174966,8607.000
2025-02-18,8644.000,8663.000,8613.000,8643.000,98968,188043,8637.000
2025-02-19,8631.000,8683.000,8591.000,8616.000,162689,202199,8639.000
2025-02-20,8636.000,8659.000,8607.000,8640.000,114069,207243,8635.000
2025-02-21,8654.000,8688.000,8562.000,8597.000,201529,212623,8628.000
2025-02-24,8581.000,8612.000,8476.000,8483.000,175469,233292,8533.000
2025-02-25,8472.000,8525.000,8454.000,8470.000,154023,234547,8482.000
2025-02-26,8441.000,8458.000,8353.000,8356.000,165071,248670,8400.000
2025-02-27,8327.000,8420.000,8322.000,8397.000,164795,238160,8366.000
2025-02-28,8410.000,8436.000,8366.000,8380.000,157850,230023,8404.000
2025-03-03,8379.000,8448.000,8355.000,8378.000,165591,213259,8398.000
2025-03-04,8386.000,8386.000,8230.000,8246.000,188885,223910,8288.000
2025-03-05,8191.000,8232.000,8142.000,8147.000,149725,226830,8194.000
2025-03-06,8105.000,8140.000,7963.000,8139.000,285627,218128,8064.000
2025-03-07,8112.000,8155.000,8045.000,8127.000,193114,216720,8109.000
2025-03-10,8165.000,8206.000,8117.000,8151.000,201939,200955,8161.000
2025-03-11,8150.000,8174.000,8038.000,8088.000,198973,195411,8099.000
2025-03-12,8092.000,8150.000,7892.000,7911.000,285622,200192,8022.000
2025-03-13,7950.000,8074.000,7936.000,8055.000,285853,183341,8017.000
2025-03-14,8050.000,8145.000,8049.000,8123.000,222577,170070,8097.000
2025-03-17,8028.000,8098.000,7944.000,7978.000,127380,191688,8018.000
2025-03-18,7980.000,8005.000,7897.000,7956.000,167031,212306,7947.000
2025-03-19,7958.000,7985.000,7903.000,7934.000,151949,231020,7946.000
2025-03-20,7935.000,8014.000,7917.000,7985.000,207179,253526,7972.000
2025-03-21,7967.000,7980.000,7806.000,7849.000,372538,277141,7872.000
2025-03-24,7826.000,7924.000,7715.000,7916.000,410639,294228,7811.000
2025-03-25,7920.000,7935.000,7736.000,7762.000,286989,315418,7833.000
2025-03-26,7762.000,7792.000,7667.000,7762.000,373045,321885,7729.000
2025-03-27,7777.000,7855.000,7736.000,7851.000,320053,308545,7801.000
2025-03-28,7851.000,7964.000,7843.000,7883.000,400642,288538,7896.000
2025-03-31,7896.000,7910.000,7826.000,7837.000,282213,285634,7863.000
2025-04-01,7856.000,8008.000,7839.000,7983.000,341896,279107,7928.000
2025-04-02,7971.000,7980.000,7833.000,7844.000,295214,268229,7918.000
2025-04-03,7827.000,7908.000,7786.000,7825.000,320883,243622,7844.000
2025-04-07,7374.000,7374.000,7374.000,7374.000,20016,235103,7375.000
2025-04-08,7100.000,7291.000,7079.000,7205.000,486889,205463,7204.000
2025-04-09,7181.000,7257.000,6780.000,7034.000,440643,195306,7019.000
2025-04-10,6949.000,7440.000,6928.000,7440.000,462437,186018,7234.000
2025-04-11,7380.000,7536.000,7277.000,7520.000,449479,163671,7395.000
2025-04-14,7384.000,7439.000,7350.000,7392.000,187008,191398,7388.000
2025-04-15,7424.000,7424.000,7277.000,7300.000,191395,212789,7329.000
2025-04-16,7264.000,7311.000,7161.000,7173.000,205568,233274,7243.000
2025-04-17,7212.000,7318.000,7202.000,7242.000,255860,251185,7261.000
2025-04-18,7266.000,7330.000,7211.000,7266.000,304683,268503,7267.000
2025-04-21,7260.000,7337.000,7204.000,7315.000,318176,274938,7269.000
2025-04-22,7294.000,7316.000,7216.000,7236.000,342891,282446,7267.000
2025-04-23,7257.000,7384.000,7176.000,7384.000,447348,288564,7278.000
2025-04-24,7342.000,7404.000,7185.000,7248.000,450189,292458,7291.000
2025-04-25,7257.000,7293.000,7136.000,7197.000,621351,304231,7207.000
2025-04-28,7138.000,7170.000,7055.000,7079.000,499258,322306,7121.000
2025-04-29,7054.000,7128.000,7030.000,7072.000,350427,290962,7079.000
2025-04-30,7060.000,7106.000,6974.000,6983.000,334345,267780,7048.000
2025-05-06,6920.000,7019.000,6907.000,6944.000,293446,272425,6965.000
2025-05-07,6960.000,7124.000,6959.000,7048.000,361433,256942,7041.000
2025-05-08,7022.000,7029.000,6936.000,6936.000,309574,255711,6981.000
2025-05-09,6951.000,7010.000,6944.000,7005.000,258690,237750,6979.000
2025-05-12,7040.000,7327.000,6942.000,7320.000,555381,236714,7123.000
2025-05-13,7448.000,7550.000,7266.000,7550.000,798045,249336,7412.000
2025-05-14,7620.000,7845.000,7528.000,7746.000,1239157,206482,7681.000
2025-05-15,7706.000,7853.000,7659.000,7739.000,1078010,216472,7771.000
2025-05-16,7748.000,7832.000,7644.000,7661.000,803391,202102,7744.000
2025-05-19,7530.000,7626.000,7504.000,7613.000,232393,215033,7565.000
2025-05-20,7615.000,7644.000,7374.000,7420.000,342931,229390,7467.000
2025-05-21,7400.000,7465.000,7353.000,7422.000,264564,236732,7410.000
2025-05-22,7444.000,7444.000,7280.000,7286.000,284892,254727,7364.000
2025-05-23,7274.000,7344.000,7270.000,7281.000,263854,272746,7305.000
2025-05-26,7273.000,7326.000,7170.000,7195.000,468123,295002,7249.000
2025-05-27,7184.000,7194.000,7103.000,7167.000,401838,290609,7144.000
2025-05-28,7166.000,7185.000,7063.000,7068.000,388976,302805,7134.000
2025-05-29,7100.000,7269.000,7056.000,7226.000,588264,295944,7165.000
2025-05-30,7168.000,7170.000,7064.000,7140.000,437343,281638,7120.000
2025-06-03,7221.000,7274.000,7003.000,7018.000,374550,303349,7118.000
2025-06-04,7032.000,7143.000,7005.000,7090.000,456927,297614,7074.000
2025-06-05,7070.000,7100.000,6985.000,7085.000,426963,297064,7052.000
2025-06-06,7108.000,7178.000,7035.000,7078.000,434639,286895,7100.000
2025-06-09,7095.000,7233.000,7065.000,7211.000,483357,274870,7160.000
2025-06-10,7233.000,7437.000,7195.000,7346.000,770522,266363,7322.000
2025-06-11,7333.000,7394.000,7277.000,7349.000,566913,257237,7332.000
2025-06-12,7394.000,7446.000,7350.000,7353.000,493269,256190,7387.000
2025-06-13,7338.000,7787.000,7312.000,7640.000,999109,237659,7613.000
2025-06-16,7675.000,7697.000,7546.000,7589.000,556471,222348,7603.000
2025-06-17,7515.000,7529.000,7395.000,7474.000,555027,196370,7467.000
2025-06-18,7500.000,7710.000,7474.000,7693.000,577130,177095,7606.000
2025-06-19,7595.000,7660.000,7527.000,7660.000,221515,205485,7599.000
2025-06-20,7642.000,7733.000,7563.000,7621.000,255670,225936,7635.000
2025-06-23,7592.000,7721.000,7502.000,7583.000,323548,246241,7595.000
2025-06-24,7545.000,7562.000,7180.000,7226.000,611529,268569,7339.000
2025-06-25,7249.000,7303.000,7195.000,7298.000,377612,280451,7248.000
2025-06-26,7265.000,7369.000,7250.000,7316.000,457825,280815,7299.000
2025-06-27,7316.000,7343.000,7283.000,7298.000,324307,277502,7312.000
2025-06-30,7287.000,7346.000,7265.000,7287.000,313629,280966,7306.000
2025-07-01,7307.000,7319.000,7225.000,7275.000,313250,287004,7273.000
2025-07-02,7279.000,7300.000,7214.000,7262.000,279557,289360,7250.000
2025-07-03,7289.000,7325.000,7255.000,7297.000,276215,282249,7288.000
2025-07-04,7308.000,7406.000,7300.000,7340.000,498757,274778,7357.000
2025-07-07,7335.000,7397.000,7322.000,7337.000,353422,275482,7354.000
2025-07-08,7356.000,7396.000,7260.000,7276.000,416313,272942,7334.000
2025-07-09,7305.000,7368.000,7275.000,7350.000,295912,263168,7320.000
2025-07-10,7356.000,7531.000,7331.000,7520.000,425364,263392,7436.000
2025-07-11,7500.000,7527.000,7392.000,7416.000,342653,242009,7466.000
2025-07-14,7429.000,7518.000,7416.000,7478.000,294934,238912,7467.000
2025-07-15,7481.000,7506.000,7324.000,7340.000,420738,223602,7395.000
2025-07-16,7356.000,7396.000,7286.000,7343.000,363590,204378,7340.000
2025-07-17,7220.000,7256.000,7185.000,7221.000,168025,245144,7221.000
2025-07-18,7233.000,7293.000,7205.000,7259.000,197939,263530,7246.000
2025-07-21,7288.000,7455.000,7283.000,7423.000,336511,266241,7371.000
2025-07-22,7401.000,7492.000,7373.000,7481.000,401499,284653,7429.000
2025-07-23,7491.000,7508.000,7355.000,7397.000,348808,291849,7433.000
2025-07-24,7381.000,7471.000,7363.000,7440.000,319185,299441,7406.000
2025-07-25,7446.000,7590.000,7428.000,7587.000,397029,317074,7506.000
2025-07-28,7580.000,7593.000,7330.000,7358.000,431585,295650,7441.000
2025-07-29,7372.000,7398.000,7307.000,7374.000,267358,296030,7359.000
2025-07-30,7377.000,7443.000,7371.000,7387.000,240665,291062,7404.000
2025-07-31,7384.000,7417.000,7317.000,7332.000,221025,279870,7373.000
2025-08-01,7310.000,7375.000,7281.000,7296.000,241031,275668,7319.000
2025-08-04,7296.000,7323.000,7215.000,7291.000,219741,264170,7273.000
2025-08-05,7250.000,7299.000,7242.000,7282.000,156678,263947,7267.000
2025-08-06,7267.000,7331.000,7234.000,7285.000,190047,249986,7283.000
2025-08-07,7309.000,7355.000,7274.000,7296.000,208078,236843,7309.000
2025-08-08,7300.000,7309.000,7233.000,7235.000,158840,235455,7268.000
2025-08-11,7251.000,7306.000,7206.000,7250.000,195362,227178,7253.000
2025-08-12,7275.000,7360.000,7269.000,7322.000,214365,210323,7314.000
2025-08-13,7306.000,7327.000,7271.000,7297.000,146871,201525,7299.000
2025-08-14,7310.000,7325.000,7223.000,7238.000,193870,195195,7278.000
2025-08-15,7249.000,7269.000,7190.000,7240.000,148869,184765,7235.000
2025-08-18,7225.000,7243.000,7180.000,7230.000,148790,167851,7207.000
2025-08-19,7235.000,7266.000,7218.000,7244.000,121770,208920,7239.000
2025-08-20,7230.000,7333.000,7141.000,7285.000,360058,256661,7224.000
2025-08-21,7285.000,7324.000,7210.000,7289.000,315121,275513,7267.000
2025-08-22,7288.000,7392.000,7271.000,7378.000,411807,277996,7346.000
2025-08-25,7380.000,7433.000,7318.000,7330.000,351235,301435,7380.000
2025-08-26,7345.000,7365.000,7252.000,7257.000,295569,295747,7317.000
2025-08-27,7247.000,7283.000,7166.000,7170.000,253726,310608,7227.000
2025-08-28,7180.000,7193.000,7116.000,7164.000,253560,338801,7148.000
2025-08-29,7181.000,7181.000,7081.000,7084.000,232574,369897,7117.000
2025-09-01,7091.000,7094.000,6952.000,7013.000,268617,379236,7018.000
2025-09-02,7020.000,7025.000,6931.000,6934.000,262133,392840,6968.000
2025-09-03,6936.000,7050.000,6925.000,7040.000,329688,368926,7002.000
2025-09-04,7012.000,7018.000,6965.000,6985.000,261082,363549,6992.000
2025-09-05,6980.000,7140.000,6980.000,7107.000,340505,335352,7064.000
2025-09-08,7089.000,7089.000,7034.000,7077.000,232249,317336,7062.000
2025-09-09,7090.000,7090.000,7016.000,7062.000,191065,305255,7047.000
2025-09-10,7063.000,7079.000,7028.000,7065.000,171741,292319,7059.000
2025-09-11,7070.000,7104.000,7061.000,7081.000,166888,272099,7083.000
2025-09-12,7033.000,7060.000,7000.000,7020.000,190181,255523,7027.000
2025-09-15,7073.000,7116.000,7029.000,7087.000,218394,220017,7072.000
2025-09-16,7108.000,7194.000,7098.000,7158.000,232949,186459,7158.000
2025-09-17,7197.000,7208.000,7137.000,7152.000,119068,235341,7176.000
2025-09-18,7132.000,7156.000,7041.000,7074.000,190006,276462,7090.000
2025-09-19,7080.000,7086.000,6962.000,6992.000,264079,336529,7024.000
2025-09-22,6992.000,7008.000,6902.000,6928.000,253473,379614,6952.000
2025-09-23,6892.000,6908.000,6821.000,6870.000,234360,400920,6865.000
2025-09-24,6900.000,6957.000,6876.000,6928.000,245568,399631,6923.000
2025-09-25,6938.000,6983.000,6923.000,6958.000,192730,376159,6958.000
2025-09-26,6945.000,6966.000,6904.000,6949.000,208848,364288,6939.000
2025-09-29,6961.000,6977.000,6897.000,6932.000,176634,339752,6939.000
2025-09-30,6903.000,6911.000,6783.000,6835.000,213060,332781,6838.000
2025-10-09,6828.000,6840.000,6734.000,6818.000,181486,336620,6787.000
2025-10-10,6810.000,6838.000,6727.000,6743.000,175927,340052,6782.000
2025-10-13,6728.000,6763.000,6675.000,6690.000,224685,318521,6714.000
2025-10-14,6688.000,6688.000,6541.000,6544.000,219541,319760,6608.000
2025-10-15,6513.000,6579.000,6495.000,6540.000,212232,299752,6544.000
2025-10-16,6550.000,6606.000,6437.000,6600.000,291338,277496,6524.000
2025-10-17,6600.000,6600.000,6464.000,6483.000,223607,265036,6519.000
2025-10-20,6505.000,6568.000,6362.000,6365.000,266688,263109,6469.000
2025-10-21,6432.000,6523.000,6415.000,6463.000,220994,310167,6470.000
2025-10-22,6502.000,6567.000,6464.000,6566.000,194315,323909,6511.000
2025-10-23,6535.000,6627.000,6535.000,6574.000,204245,345320,6589.000
2025-10-24,6618.000,6630.000,6537.000,6539.000,248423,375170,6580.000
2025-10-27,6536.000,6579.000,6476.000,6531.000,309791,403511,6528.000
2025-10-28,6530.000,6540.000,6460.000,6466.000,243774,420642,6488.000
2025-10-29,6440.000,6520.000,6433.000,6513.000,255646,412877,6479.000
2025-10-30,6520.000,6554.000,6418.000,6421.000,316212,430156,6492.000
2025-10-31,6430.000,6517.000,6416.000,6471.000,286631,404161,6472.000
2025-11-03,6503.000,6536.000,6431.000,6446.000,329916,413577,6483.000
2025-11-04,6431.000,6456.000,6321.000,6354.000,515106,401028,6386.000
2025-11-05,6316.000,6341.000,6257.000,6321.000,389583,384902,6299.000
2025-11-06,6301.000,6321.000,6245.000,6300.000,273144,393351,6285.000
2025-11-07,6306.000,6372.000,6277.000,6317.000,319361,380010,6320.000
2025-11-10,6305.000,6348.000,6253.000,6315.000,293435,366370,6305.000
2025-11-11,6313.000,6334.000,6230.000,6231.000,239506,376954,6287.000
2025-11-12,6238.000,6316.000,6232.000,6306.000,285274,349196,6277.000
2025-11-13,6306.000,6443.000,6272.000,6437.000,489053,295768,6366.000
2025-11-14,6466.000,6516.000,6422.000,6450.000,367794,263214,6463.000
2025-11-17,6460.000,6547.000,6446.000,6496.000,362909,227622,6507.000
2025-11-18,6507.000,6526.000,6408.000,6465.000,263018,184040,6461.000
2025-11-19,6500.000,6600.000,6445.000,6583.000,302731,266122,6515.000
2025-11-20,6524.000,6640.000,6507.000,6595.000,388192,304789,6573.000
2025-11-21,6585.000,6617.000,6481.000,6507.000,371705,304712,6549.000
2025-11-24,6505.000,6505.000,6365.000,6436.000,469884,321178,6424.000
2025-11-25,6448.000,6484.000,6420.000,6446.000,285577,323405,6449.000
2025-11-26,6425.000,6558.000,6404.000,6533.000,402114,319939,6494.000
2025-11-27,6524.000,6582.000,6483.000,6520.000,373095,325911,6524.000
2025-11-28,6529.000,6577.000,6472.000,6566.000,290349,315722,6530.000
2025-12-01,6543.000,6566.000,6488.000,6549.000,270098,308914,6531.000
2025-12-02,6539.000,6589.000,6454.000,6564.000,396054,298006,6505.000
2025-12-03,6560.000,6635.000,6534.000,6585.000,407376,296579,6581.000
2025-12-04,6601.000,6650.000,6518.000,6574.000,338614,279557,6574.000
2025-12-05,6570.000,6610.000,6532.000,6556.000,246171,264770,6569.000
2025-12-08,6600.000,6676.000,6572.000,6669.000,373652,266450,6617.000
2025-12-09,6635.000,6647.000,6560.000,6576.000,290674,239663,6607.000
2025-12-10,6577.000,6595.000,6425.000,6469.000,354080,233470,6484.000
2025-12-11,6469.000,6578.000,6469.000,6505.000,307310,220575,6524.000
2025-12-12,6480.000,6525.000,6433.000,6442.000,245783,207247,6475.000
2025-12-15,6441.000,6541.000,6402.000,6487.000,223769,185633,6489.000
2025-12-16,6482.000,6521.000,6466.000,6513.000,151332,210094,6497.000
2025-12-17,6490.000,6509.000,6390.000,6404.000,325689,265060,6442.000
2025-12-18,6383.000,6445.000,6355.000,6385.000,316116,305922,6396.000
2025-12-19,6382.000,6439.000,6343.000,6402.000,340222,307791,6387.000
2025-12-22,6437.000,6543.000,6406.000,6540.000,385884,314830,6458.000
2025-12-23,6557.000,6613.000,6450.000,6509.000,445526,314602,6541.000
2025-12-24,6500.000,6628.000,6459.000,6598.000,460877,323250,6529.000
2025-12-25,6597.000,6645.000,6537.000,6638.000,337260,326601,6592.000
2025-12-26,6650.000,6790.000,6585.000,6787.000,449985,341890,6681.000
2025-12-29,6765.000,6818.000,6703.000,6737.000,450115,328738,6755.000
2025-12-30,6783.000,6843.000,6716.000,6781.000,328179,320085,6779.000
2025-12-31,6785.000,6862.000,6766.000,6791.000,300539,311328,6815.000
2026-01-05,6800.000,6830.000,6688.000,6739.000,269802,302675,6755.000
2026-01-06,6775.000,6820.000,6752.000,6811.000,255208,300124,6786.000
2026-01-07,6830.000,6875.000,6736.000,6828.000,340567,278675,6812.000
2026-01-08,6843.000,6890.000,6767.000,6807.000,366196,253761,6828.000
2026-01-09,6836.000,6903.000,6777.000,6895.000,331095,255487,6847.000
2026-01-12,6900.000,7112.000,6854.000,7074.000,507217,257876,7006.000
2026-01-13,7074.000,7099.000,6991.000,7028.000,352157,242728,7040.000
2026-01-14,7045.000,7157.000,7032.000,7116.000,347672,241444,7091.000
2026-01-15,7163.000,7192.000,7072.000,7103.000,301615,228996,7126.000
2026-01-16,7110.000,7240.000,7060.000,7178.000,538750,209046,7163.000
2026-01-19,7250.000,7367.000,7225.000,7348.000,384150,275395,7296.000
2026-01-20,7350.000,7350.000,7180.000,7248.000,340250,293966,7266.000
2026-01-21,7327.000,7506.000,7305.000,7340.000,721462,331077,7393.000
2026-01-22,7370.000,7696.000,7344.000,7694.000,981455,421325,7514.000
2026-01-23,7654.000,7850.000,7534.000,7708.000,1533070,423447,7694.000
2026-01-26,7750.000,7817.000,7636.000,7702.000,1006360,416309,7701.000
2026-01-27,7700.000,7715.000,7550.000,7649.000,949985,411474,7627.000
2026-01-28,7651.000,7876.000,7577.000,7785.000,980168,411154,7708.000
2026-01-29,7829.000,7919.000,7748.000,7913.000,910425,420911,7831.000
2026-01-30,7950.000,8027.000,7625.000,7714.000,1126398,385462,7824.000
2026-02-02,7775.000,7775.000,7394.000,7438.000,815340,327733,7593.000
2026-02-03,7452.000,7683.000,7452.000,7661.000,716053,319887,7583.000
2026-02-04,7690.000,7842.000,7670.000,7777.000,698161,318812,7747.000
2026-02-05,7808.000,7878.000,7641.000,7689.000,858820,308099,7756.000
2026-02-06,7615.000,7722.000,7588.000,7625.000,640235,287536,7658.000
2026-02-09,7603.000,7640.000,7414.000,7438.000,703453,266864,7547.000
2026-02-10,7433.000,7517.000,7337.000,7473.000,861459,226476,7434.000
2026-02-11,7465.000,7530.000,7392.000,7487.000,177083,255643,7465.000
2026-02-12,7510.000,7560.000,7426.000,7440.000,180260,264522,7474.000
2026-02-13,7400.000,7454.000,7323.000,7338.000,170776,264964,7370.000
2026-02-24,7500.000,7687.000,7486.000,7651.000,251826,291864,7599.000
2026-02-25,7645.000,7699.000,7555.000,7578.000,407910,333389,7621.000
2026-02-26,7575.000,7675.000,7545.000,7570.000,622477,376042,7602.000
2026-02-27,7540.000,7599.000,7474.000,7524.000,554087,384919,7528.000
2026-03-02,7598.000,7979.000,7509.000,7966.000,1072124,408114,7728.000
2026-03-03,7966.000,8163.000,7875.000,8081.000,1059462,378353,8031.000
2026-03-04,8190.000,8358.000,7972.000,8213.000,1158287,349754,8169.000
2026-03-05,8120.000,8659.000,8050.000,8656.000,1248518,379182,8405.000
2026-03-06,8706.000,8909.000,8672.000,8909.000,1485768,397749,8796.000
2026-03-09,9587.000,9587.000,9511.000,9587.000,132377,355215,9579.000
2026-03-10,10632.000,10632.000,8990.000,9915.000,2364949,281119,9867.000
2026-03-11,9999.000,10195.000,9226.000,9820.000,2187541,285112,9717.000
2026-03-12,10022.000,10785.000,9754.000,9926.000,2385494,249012,10295.000
2026-03-13,10150.000,10235.000,9671.000,10000.000,1674233,225866,10009.000
2026-03-16,9800.000,10370.000,9630.000,10146.000,1316900,201704,10128.000
2026-03-17,9900.000,10315.000,9650.000,10204.000,1006004,185023,9980.000
2026-03-18,10068.000,10220.000,9726.000,9968.000,793383,131879,10038.000
2026-03-19,10300.000,10630.000,10170.000,10221.000,585947,173834,10351.000
2026-03-20,10170.000,10306.000,9752.000,10151.000,523419,183980,10037.000
2026-03-23,10110.000,11132.000,10110.000,11070.000,835232,238613,10632.000
2026-03-24,10006.000,10583.000,10006.000,10242.000,888114,205118,10378.000
2026-03-25,10380.000,10419.000,9580.000,10105.000,760498,202095,9979.000
2026-03-26,10056.000,10150.000,9936.000,10046.000,520157,197934,10029.000
2026-03-27,10249.000,10660.000,10204.000,10624.000,968319,244460,10431.000
2026-03-30,10850.000,11100.000,10628.000,10789.000,890145,235481,10832.000
2026-03-31,10652.000,10920.000,10412.000,10597.000,791380,223609,10641.000
2026-04-01,10668.000,10668.000,9849.000,9856.000,885149,207278,10288.000
2026-04-02,10016.000,10495.000,9786.000,10331.000,802246,203591,10131.000
2026-04-03,10641.000,10730.000,10137.000,10596.000,728358,192876,10393.000
2026-04-07,10650.000,10874.000,10505.000,10669.000,446795,200880,10699.000
2026-04-08,10744.000,10744.000,9680.000,9915.000,647882,174162,10169.000
2026-04-09,9770.000,10317.000,9770.000,10171.000,536855,171888,10091.000
2026-04-10,10224.000,10270.000,9801.000,9943.000,492398,167587,10021.000
2026-04-13,9850.000,10220.000,9808.000,9971.000,412945,158282,9969.000
2026-04-14,9912.000,10038.000,9652.000,9880.000,487691,156988,9842.000
2026-04-15,9812.000,10060.000,9751.000,9953.000,420623,148606,9918.000
2026-04-16,10000.000,10031.000,9826.000,9928.000,272260,137011,9916.000
2026-04-17,9700.000,9858.000,9690.000,9748.000,112666,159431,9779.000
2026-04-20,9300.000,9743.000,9300.000,9666.000,173399,175155,9600.000
2026-04-21,9662.000,9668.000,9421.000,9525.000,156452,183849,9506.000
2026-04-22,9550.000,9733.000,9492.000,9630.000,165251,194681,9609.000
2026-04-23,9681.000,9886.000,9620.000,9867.000,297482,237083,9746.000
2026-04-24,9800.000,9963.000,9762.000,9785.000,229856,237091,9841.000
2026-04-27,9795.000,9908.000,9742.000,9853.000,200959,238613,9823.000
2026-04-28,9820.000,9900.000,9728.000,9881.000,219120,240764,9820.000
2026-04-29,9950.000,10098.000,9793.000,9845.000,300118,239789,9949.000
2026-04-30,9950.000,10056.000,9911.000,10018.000,247595,227948,9985.000
2026-05-06,9900.000,10041.000,9741.000,9873.000,231422,221189,9878.000
2026-05-07,9766.000,9770.000,9323.000,9372.000,355733,202509,9525.000
2026-05-08,9040.000,9257.000,9003.000,9059.000,183256,237142,9093.000
2026-05-11,9021.000,9445.000,9021.000,9379.000,265408,257983,9266.000
2026-05-12,9333.000,9379.000,9193.000,9283.000,197064,268179,9283.000
2026-05-13,9303.000,9303.000,9120.000,9164.000,242714,286633,9210.000
2026-05-14,9186.000,9197.000,8873.000,8950.000,346724,317042,9010.000
2026-05-15,8950.000,9265.000,8922.000,9231.000,467780,327002,9147.000
2026-05-18,9235.000,9435.000,9136.000,9364.000,364616,333027,9305.000
2026-05-19,9232.000,9409.000,9159.000,9359.000,409094,346692,9300.000
2026-05-20,9359.000,9513.000,9314.000,9336.000,406212,346402,9399.000
2026-05-21,9294.000,9473.000,9262.000,9388.000,403407,372365,9359.000
2026-05-22,9433.000,9452.000,9070.000,9284.000,530233,372506,9252.000
2026-05-25,9245.000,9352.000,8841.000,8968.000,584167,364450,9102.000
2026-05-26,8963.000,8968.000,8726.000,8779.000,455185,361087,8835.000
2026-05-27,8811.000,8881.000,8635.000,8730.000,416673,361579,8754.000
2026-05-28,8635.000,8860.000,8582.000,8774.000,451458,359043,8772.000
2026-05-29,8780.000,8896.000,8622.000,8699.000,458875,361911,8750.000
2026-06-01,8659.000,8835.000,8578.000,8758.000,435461,359238,8710.000
2026-06-02,8758.000,8862.000,8607.000,8698.000,477030,360833,8740.000
2026-06-03,8687.000,8995.000,8681.000,8860.000,519091,354463,8842.000
2026-06-04,8934.000,8934.000,8655.000,8661.000,363533,349466,8793.000
2026-06-05,8600.000,8755.000,8574.000,8686.000,330441,340141,8675.000
2026-06-08,8670.000,8880.000,8529.000,8873.000,538072,334738,8685.000
2026-06-09,8752.000,8779.000,8485.000,8510.000,453496,337897,8647.000
2026-06-10,8489.000,8699.000,8415.000,8476.000,472414,332257,8542.000
2026-06-11,8500.000,8685.000,8460.000,8630.000,491464,315832,8556.000
2026-06-12,8600.000,8654.000,8378.000,8483.000,447119,282375,8496.000
2026-06-15,8454.000,8534.000,8064.000,8173.000,524694,286049,8252.000
2026-06-16,8180.000,8180.000,7885.000,7928.000,377874,270536,8015.000
2026-06-17,7800.000,7925.000,7740.000,7798.000,295235,146451,7839.000
2026-06-18,7707.000,7827.000,7637.000,7716.000,254881,324065,7730.000
2026-06-22,7778.000,7799.000,7584.000,7686.000,239159,353437,7682.000
2026-06-23,7641.000,7713.000,7490.000,7535.000,415143,399542,7601.000
2026-06-24,7564.000,7588.000,7357.000,7384.000,379720,431330,7486.000
2026-06-25,7329.000,7380.000,7213.000,7297.000,479949,434418,7306.000
2026-06-26,7266.000,7417.000,7091.000,7117.000,522891,469636,7260.000
2026-06-29,7080.000,7290.000,7053.000,7249.000,413459,459824,7197.000
2026-06-30,7250.000,7386.000,7220.000,7324.000,395708,458661,7311.000
2026-07-01,7370.000,7445.000,7183.000,7191.000,371630,440608,7303.000
2026-07-02,7164.000,7319.000,7126.000,7232.000,376237,419844,7223.000
2026-07-03,7232.000,7415.000,7232.000,7362.000,340990,406292,7314.000
2026-07-06,7350.000,7420.000,7305.000,7337.000,285722,393158,7352.000
2026-07-07,7337.000,7517.000,7316.000,7511.000,318113,381105,7436.000
2026-07-08,7515.000,7873.000,7487.000,7776.000,596045,320643,7697.000
2026-07-09,7845.000,7910.000,7745.000,7815.000,480545,286690,7832.000
2026-07-10,7826.000,7903.000,7692.000,7776.000,523089,258607,7794.000
2026-07-13,7806.000,8096.000,7751.000,8022.000,532873,241441,7943.000
2026-07-14,8020.000,8481.000,7920.000,8449.000,750333,215265,8228.000
2026-07-15,8498.000,8562.000,8364.000,8519.000,563853,205370,8473.000
2026-07-16,8549.000,8657.000,8484.000,8593.000,642040,196136,8568.000
2026-07-17,8639.000,8766.000,8555.000,8595.000,577910,128011,8641.000
2026-07-20,8545.000,9008.000,8541.000,8966.000,368122,181176,8775.000
2026-07-21,8844.000,8860.000,8594.000,8665.000,334119,186355,8688.000
2026-07-22,8801.000,8853.000,8559.000,8738.000,446964,199790,8694.000
2026-07-23,8758.000,8950.000,8597.000,8944.000,637832,240007,8741.000
2026-07-24,9066.000,9078.000,8788.000,8850.000,770358,231433,8941.000
2026-07-27,8723.000,8892.000,8331.000,8388.000,688424,229096,8563.000
2026-07-28,8396.000,8450.000,8308.000,8331.000,518038,227620,8375.000
2026-07-29,8313.000,8574.000,8287.000,8501.000,459634,227869,8461.000
2026-07-30,8638.000,8682.000,8477.000,8618.000,497811,220415,8589.000
2026-07-31,8542.000,8589.000,8330.000,8385.000,451201,206882,8443.000
2026-08-03,8550.000,8600.000,8240.000,8359.000,473165,210475,8418.000
2026-08-04,8390.000,8580.000,8361.000,8448.000,402629,214474,8477.000
2026-08-05,8312.000,8393.000,8009.000,8057.000,621310,202281,8203.000
2026-08-06,8093.000,8142.000,7929.000,8133.000,519308,193798,8035.000
2026-08-07,8176.000,8277.000,8124.000,8271.000,391625,194498,8200.000
2026-08-10,8031.000,8202.000,8020.000,8115.000,225959,208260,8120.000
2026-08-11,8220.000,8317.000,8084.000,8298.000,294814,221610,8190.000
2026-08-12,8211.000,8278.000,8139.000,8208.000,257751,235878,8208.000
2026-08-13,8166.000,8294.000,8162.000,8267.000,278909,246332,8223.000
2026-08-14,8200.000,8405.000,8187.000,8393.000,495132,267560,8257.000
2026-08-17,8350.000,8603.000,8339.000,8545.000,513050,280932,8478.000
2026-08-18,8533.000,8688.000,8513.000,8630.000,575577,299954,8600.000
2026-08-19,8629.000,8753.000,8602.000,8681.000,556877,308783,8663.000
2026-08-20,8650.000,8726.000,8566.000,8703.000,618736,317038,8651.000
2026-08-21,8800.000,8820.000,8609.000,8768.000,657658,321821,8725.000
2026-08-24,8799.000,8880.000,8673.000,8760.000,703250,326807,8782.000
2026-08-25,8751.000,9207.000,8740.000,8888.000,1149706,354547,8967.000
2026-08-26,8754.000,8828.000,8441.000,8528.000,937367,317821,8612.000
2026-08-27,8500.000,8680.000,8485.000,8539.000,729089,313646,8578.000
2026-08-28,8633.000,8739.000,8570.000,8639.000,644918,306520,8639.000
2026-08-31,8625.000,9146.000,8619.000,9120.000,828643,330278,8913.000
2026-09-01,9140.000,9275.000,9099.000,9165.000,757676,324098,9180.000
2026-09-02,9225.000,9680.000,9154.000,9450.000,945554,300936,9427.000
2026-09-03,9380.000,9744.000,9332.000,9565.000,1076406,320070,9563.000
2026-09-04,9695.000,9810.000,9537.000,9612.000,1089047,307071,9677.000
