date,open,high,low,close,volume,open_interest,settle
2012-12-28,2430.000,2458.000,2385.000,2398.000,421116,44712,2410.000
2012-12-31,2399.000,2399.000,2336.000,2340.000,237194,39290,2365.000
2013-01-04,2322.000,2380.000,2316.000,2370.000,193838,38492,2362.000
2013-01-07,2365.000,2457.000,2360.000,2455.000,406058,64540,2438.000
2013-01-08,2470.000,2500.000,2438.000,2480.000,899582,77626,2478.000
2013-01-09,2488.000,2514.000,2472.000,2478.000,696804,94100,2498.000
2013-01-10,2473.000,2490.000,2459.000,2463.000,591084,96660,2474.000
2013-01-11,2465.000,2525.000,2463.000,2509.000,1621400,165614,2508.000
2013-01-14,2527.000,2548.000,2505.000,2541.000,1299700,150852,2528.000
2013-01-15,2549.000,2618.000,2542.000,2561.000,1674300,178180,2584.000
2013-01-16,2565.000,2595.000,2542.000,2586.000,1070800,192280,2571.000
2013-01-17,2602.000,2612.000,2565.000,2572.000,815338,162724,2584.000
2013-01-18,2580.000,2612.000,2561.000,2573.000,947392,147836,2585.000
2013-01-21,2575.000,2591.000,2562.000,2573.000,568840,137418,2576.000
2013-01-22,2574.000,2595.000,2574.000,2590.000,542938,146874,2586.000
2013-01-23,2591.000,2604.000,2573.000,2576.000,411626,132690,2590.000
2013-01-24,2569.000,2569.000,2486.000,2493.000,771526,152044,2518.000
2013-01-25,2500.000,2518.000,2493.000,2504.000,595570,135610,2508.000
2013-01-28,2513.000,2524.000,2484.000,2521.000,554936,130358,2507.000
2013-01-29,2521.000,2528.000,2506.000,2515.000,375244,125532,2516.000
2013-01-30,2518.000,2538.000,2516.000,2532.000,301474,119122,2529.000
2013-01-31,2542.000,2550.000,2533.000,2537.000,174358,112210,2539.000
2013-02-01,2530.000,2532.000,2477.000,2521.000,639604,118036,2500.000
2013-02-04,2521.000,2579.000,2520.000,2561.000,496364,107596,2561.000
2013-02-05,2558.000,2614.000,2549.000,2586.000,986150,118314,2591.000
2013-02-06,2600.000,2609.000,2576.000,2579.000,308816,107738,2591.000
2013-02-07,2576.000,2586.000,2563.000,2567.000,172946,86026,2573.000
2013-02-08,2463.000,2510.000,2460.000,2477.000,209840,77300,2491.000
2013-02-18,2442.000,2478.000,2428.000,2473.000,178628,102578,2458.000
2013-02-19,2508.000,2557.000,2488.000,2542.000,972538,243906,2536.000
2013-02-20,2556.000,2562.000,2543.000,2545.000,651392,261594,2552.000
2013-02-21,2535.000,2584.000,2517.000,2582.000,1542900,382434,2552.000
2013-02-22,2580.000,2639.000,2565.000,2572.000,2491100,401248,2600.000
2013-02-25,2550.000,2560.000,2496.000,2504.000,1683200,259830,2524.000
2013-02-26,2496.000,2538.000,2482.000,2498.000,1923200,240854,2510.000
2013-02-27,2518.000,2538.000,2494.000,2514.000,1649002,255540,2515.000
2013-02-28,2530.000,2538.000,2485.000,2486.000,1532204,302016,2507.000
2013-03-01,2495.000,2515.000,2475.000,2504.000,1848742,273402,2497.000
2013-03-04,2497.000,2513.000,2480.000,2496.000,1036422,263026,2497.000
2013-03-05,2513.000,2530.000,2508.000,2520.000,906504,286496,2519.000
2013-03-06,2519.000,2526.000,2480.000,2497.000,1362960,286186,2499.000
2013-03-07,2497.000,2506.000,2485.000,2495.000,617866,275398,2495.000
2013-03-08,2506.000,2510.000,2491.000,2493.000,555146,281428,2502.000
2013-03-11,2495.000,2495.000,2438.000,2439.000,1262590,359568,2457.000
2013-03-12,2445.000,2445.000,2406.000,2409.000,825834,336730,2427.000
2013-03-13,2412.000,2435.000,2388.000,2431.000,1206208,314546,2417.000
2013-03-14,2415.000,2450.000,2401.000,2442.000,1392024,318818,2428.000
2013-03-15,2453.000,2464.000,2433.000,2449.000,1384360,326162,2447.000
2013-03-18,2428.000,2445.000,2370.000,2426.000,893778,307992,2421.000
2013-03-19,2434.000,2446.000,2419.000,2421.000,763568,321104,2431.000
2013-03-20,2416.000,2430.000,2410.000,2426.000,544530,309114,2423.000
2013-03-21,2431.000,2457.000,2431.000,2452.000,446930,286076,2447.000
2013-03-22,2454.000,2456.000,2418.000,2418.000,530536,284996,2433.000
2013-03-25,2421.000,2430.000,2404.000,2409.000,562204,300540,2416.000
2013-03-26,2407.000,2424.000,2404.000,2421.000,348862,267862,2416.000
2013-03-27,2427.000,2435.000,2413.000,2424.000,237050,264100,2421.000
2013-03-28,2428.000,2431.000,2386.000,2388.000,469982,268856,2403.000
2013-03-29,2350.000,2378.000,2340.000,2365.000,390982,231440,2362.000
2013-04-01,2363.000,2367.000,2321.000,2328.000,365128,242052,2342.000
2013-04-02,2336.000,2350.000,2323.000,2340.000,417420,239100,2336.000
2013-04-03,2330.000,2337.000,2304.000,2334.000,440064,218542,2320.000
2013-04-08,2320.000,2363.000,2311.000,2353.000,478260,223902,2345.000
2013-04-09,2356.000,2368.000,2345.000,2350.000,342182,238802,2355.000
2013-04-10,2354.000,2375.000,2350.000,2371.000,409600,228552,2365.000
2013-04-11,2368.000,2375.000,2355.000,2370.000,294566,226988,2365.000
2013-04-12,2378.000,2410.000,2375.000,2409.000,768530,294338,2390.000
2013-04-15,2403.000,2430.000,2392.000,2417.000,1442540,390282,2413.000
2013-04-16,2393.000,2435.000,2372.000,2430.000,1568516,405208,2416.000
2013-04-17,2437.000,2443.000,2402.000,2411.000,1104508,360612,2421.000
2013-04-18,2403.000,2423.000,2396.000,2415.000,1036706,338810,2412.000
2013-04-19,2420.000,2426.000,2397.000,2403.000,710028,321126,2413.000
2013-04-22,2399.000,2424.000,2385.000,2409.000,835978,336216,2413.000
2013-04-23,2406.000,2417.000,2382.000,2393.000,637962,312922,2398.000
2013-04-24,2388.000,2391.000,2334.000,2344.000,944866,298738,2356.000
2013-04-25,2343.000,2348.000,2317.000,2340.000,550706,260554,2331.000
2013-04-26,2352.000,2363.000,2325.000,2342.000,394992,241220,2343.000
2013-05-02,2330.000,2355.000,2321.000,2347.000,323828,253028,2340.000
2013-05-03,2345.000,2351.000,2310.000,2328.000,922030,301506,2328.000
2013-05-06,2338.000,2343.000,2321.000,2342.000,560294,265608,2333.000
2013-05-07,2332.000,2356.000,2332.000,2343.000,387610,249474,2345.000
2013-05-08,2345.000,2362.000,2338.000,2356.000,353412,244316,2353.000
2013-05-09,2355.000,2365.000,2345.000,2350.000,253098,244076,2354.000
2013-05-10,2357.000,2365.000,2348.000,2355.000,275738,243342,2356.000
2013-05-13,2350.000,2362.000,2330.000,2339.000,457152,242494,2348.000
2013-05-14,2350.000,2356.000,2337.000,2351.000,255474,225052,2347.000
2013-05-15,2351.000,2387.000,2351.000,2373.000,734810,245466,2374.000
2013-05-16,2376.000,2383.000,2356.000,2372.000,465412,232168,2370.000
2013-05-17,2378.000,2390.000,2376.000,2387.000,284280,212248,2383.000
2013-05-20,2398.000,2406.000,2388.000,2391.000,165486,206016,2398.000
2013-05-21,2398.000,2408.000,2385.000,2394.000,150392,200796,2397.000
2013-05-22,2396.000,2406.000,2391.000,2399.000,109214,204662,2399.000
2013-05-23,2408.000,2412.000,2386.000,2389.000,137214,207054,2402.000
2013-05-24,2149.000,2152.000,2133.000,2141.000,93044,204392,2142.000
2013-05-27,2135.000,2156.000,2133.000,2156.000,79680,194734,2147.000
2013-05-28,2162.000,2166.000,2153.000,2159.000,58246,199574,2158.000
2013-05-29,2172.000,2232.000,2168.000,2207.000,354888,190040,2206.000
2013-05-30,2207.000,2219.000,2198.000,2217.000,195686,191326,2210.000
2013-05-31,2220.000,2240.000,2210.000,2231.000,220796,208178,2226.000
2013-06-03,2238.000,2288.000,2237.000,2268.000,334240,212480,2266.000
2013-06-04,2270.000,2277.000,2252.000,2260.000,298972,212852,2266.000
2013-06-05,2263.000,2333.000,2261.000,2311.000,823550,287456,2311.000
2013-06-06,2299.000,2303.000,2276.000,2278.000,349718,280604,2290.000
2013-06-07,2284.000,2294.000,2246.000,2261.000,347012,0,2263.000
2013-06-13,2269.000,2278.000,2226.000,2228.000,218032,219126,2242.000
2013-06-14,2223.000,2264.000,2222.000,2260.000,329560,250438,2250.000
2013-06-17,2248.000,2292.000,2232.000,2280.000,674092,329232,2267.000
2013-06-18,2286.000,2305.000,2271.000,2273.000,675696,358558,2286.000
2013-06-19,2271.000,2281.000,2253.000,2262.000,504842,354028,2266.000
2013-06-20,2262.000,2286.000,2254.000,2257.000,463138,369386,2270.000
2013-06-21,2235.000,2242.000,2205.000,2207.000,658966,373394,2224.000
2013-06-24,2198.000,2216.000,2176.000,2181.000,521148,383298,2198.000
2013-06-25,2200.000,2225.000,2193.000,2221.000,692078,374198,2208.000
2013-06-26,2222.000,2237.000,2209.000,2223.000,701566,409188,2222.000
2013-06-27,2230.000,2240.000,2220.000,2237.000,609248,422020,2230.000
2013-06-28,2231.000,2244.000,2212.000,2214.000,493996,420078,2225.000
2013-07-01,2190.000,2199.000,2180.000,2189.000,433806,436906,2189.000
2013-07-02,2180.000,2235.000,2178.000,2229.000,701860,501588,2209.000
2013-07-03,2229.000,2252.000,2221.000,2238.000,880818,545610,2236.000
2013-07-04,2239.000,2245.000,2220.000,2225.000,633774,550450,2234.000
2013-07-05,2225.000,2234.000,2215.000,2231.000,539822,526912,2227.000
2013-07-08,2220.000,2224.000,2189.000,2199.000,495380,531586,2205.000
2013-07-09,2215.000,2256.000,2215.000,2253.000,851624,507024,2239.000
2013-07-10,2262.000,2270.000,2246.000,2256.000,662694,468790,2257.000
2013-07-11,2264.000,2286.000,2252.000,2270.000,763076,491366,2273.000
2013-07-12,2274.000,2298.000,2268.000,2270.000,858772,512116,2286.000
2013-07-15,2242.000,2265.000,2242.000,2262.000,514986,543884,2255.000
2013-07-16,2275.000,2288.000,2266.000,2288.000,680744,592146,2277.000
2013-07-17,2301.000,2307.000,2280.000,2284.000,670470,604312,2290.000
2013-07-18,2279.000,2298.000,2271.000,2296.000,490838,645476,2282.000
2013-07-19,2286.000,2326.000,2281.000,2281.000,1698634,814724,2307.000
2013-07-22,2292.000,2295.000,2261.000,2270.000,1038912,772586,2275.000
2013-07-23,2283.000,2323.000,2277.000,2313.000,1570038,814214,2305.000
2013-07-24,2290.000,2316.000,2287.000,2308.000,1196206,872826,2304.000
2013-07-25,2293.000,2301.000,2281.000,2287.000,785910,874642,2292.000
2013-07-26,2258.000,2262.000,2201.000,2213.000,1604576,807588,2225.000
2013-07-29,2213.000,2221.000,2200.000,2216.000,777502,815316,2213.000
2013-07-30,2230.000,2233.000,2213.000,2217.000,722316,829018,2223.000
2013-07-31,2202.000,2220.000,2190.000,2216.000,796918,824444,2208.000
2013-08-01,2214.000,2230.000,2212.000,2222.000,620626,823812,2223.000
2013-08-02,2212.000,2239.000,2211.000,2238.000,671568,821190,2224.000
2013-08-05,2230.000,2273.000,2230.000,2249.000,2023300,995574,2256.000
2013-08-06,2247.000,2256.000,2241.000,2244.000,1200742,1027200,2248.000
2013-08-07,2233.000,2236.000,2200.000,2203.000,1235538,1031200,2222.000
2013-08-08,2208.000,2240.000,2203.000,2229.000,1091438,962886,2224.000
2013-08-09,2245.000,2252.000,2230.000,2233.000,906784,986630,2242.000
2013-08-12,2236.000,2257.000,2235.000,2253.000,812798,989596,2247.000
2013-08-13,2278.000,2317.000,2277.000,2306.000,1148674,929288,2302.000
2013-08-14,2301.000,2339.000,2298.000,2304.000,1556108,999468,2319.000
2013-08-15,2320.000,2387.000,2320.000,2358.000,2065448,993408,2358.000
2013-08-16,2396.000,2416.000,2360.000,2367.000,1716010,977810,2385.000
2013-08-19,2398.000,2410.000,2376.000,2388.000,1298504,980950,2391.000
2013-08-20,2430.000,2433.000,2366.000,2389.000,1679058,943650,2393.000
2013-08-21,2390.000,2409.000,2373.000,2402.000,1417200,987282,2392.000
2013-08-22,2395.000,2427.000,2392.000,2424.000,1819998,1040400,2408.000
2013-08-23,2424.000,2427.000,2407.000,2423.000,1265250,1010700,2417.000
2013-08-26,2503.000,2514.000,2496.000,2514.000,696194,938034,2510.000
2013-08-27,2540.000,2550.000,2517.000,2546.000,1407532,823856,2534.000
2013-08-28,2533.000,2541.000,2483.000,2492.000,1295226,828766,2520.000
2013-08-29,2500.000,2504.000,2426.000,2458.000,1912436,773648,2464.000
2013-08-30,2449.000,2456.000,2413.000,2433.000,1536850,817358,2433.000
2013-09-02,2433.000,2484.000,2433.000,2482.000,1132060,800330,2466.000
2013-09-03,2500.000,2508.000,2427.000,2473.000,2029154,807620,2460.000
2013-09-04,2453.000,2463.000,2430.000,2440.000,1618944,859432,2444.000
2013-09-05,2422.000,2444.000,2403.000,2410.000,1597560,854954,2422.000
2013-09-06,2430.000,2445.000,2415.000,2444.000,1094544,825840,2429.000
2013-09-09,2442.000,2457.000,2406.000,2408.000,1481744,931136,2426.000
2013-09-10,2385.000,2393.000,2367.000,2375.000,1576638,927366,2380.000
2013-09-11,2390.000,2405.000,2371.000,2404.000,1487444,936358,2388.000
2013-09-12,2401.000,2418.000,2392.000,2401.000,1424494,940432,2403.000
2013-09-13,2445.000,2450.000,2410.000,2418.000,1456184,919702,2424.000
2013-09-16,2392.000,2397.000,2357.000,2361.000,1047532,895408,2380.000
2013-09-17,2350.000,2378.000,2346.000,2377.000,1076168,874416,2365.000
2013-09-18,2370.000,2393.000,2363.000,2384.000,767598,823776,2375.000
2013-09-23,2357.000,2409.000,2352.000,2384.000,1449098,858734,2388.000
2013-09-24,2385.000,2426.000,2376.000,2421.000,1979580,977022,2406.000
2013-09-25,2421.000,2445.000,2414.000,2427.000,2661518,1005500,2430.000
2013-09-26,2430.000,2442.000,2418.000,2437.000,1134892,944796,2431.000
2013-09-27,2437.000,2494.000,2425.000,2488.000,1892182,930038,2467.000
2013-09-30,2481.000,2518.000,2450.000,2483.000,1329634,857524,2478.000
2013-10-03,2483.000,2483.000,2483.000,2483.000,1329600,857524,2478.000
2013-10-08,2486.000,2546.000,2486.000,2536.000,1196240,864092,2524.000
2013-10-09,2530.000,2544.000,2523.000,2535.000,1447168,983496,2534.000
2013-10-10,2541.000,2556.000,2498.000,2503.000,1998192,957836,2528.000
2013-10-11,2498.000,2501.000,2461.000,2470.000,1763974,971236,2477.000
2013-10-14,2456.000,2489.000,2452.000,2470.000,1507618,953592,2476.000
2013-10-15,2474.000,2480.000,2399.000,2414.000,2704874,884756,2434.000
2013-10-16,2410.000,2425.000,2394.000,2412.000,2612010,868126,2414.000
2013-10-17,2427.000,2434.000,2398.000,2411.000,1940842,903800,2414.000
2013-10-18,2421.000,2431.000,2404.000,2405.000,1509052,887854,2419.000
2013-10-21,2400.000,2429.000,2382.000,2426.000,1595758,894814,2401.000
2013-10-22,2429.000,2430.000,2406.000,2408.000,1320364,921728,2420.000
2013-10-23,2411.000,2431.000,2399.000,2424.000,1459108,886944,2417.000
2013-10-24,2429.000,2432.000,2396.000,2406.000,1427946,842528,2408.000
2013-10-25,2407.000,2410.000,2358.000,2359.000,1859910,919974,2387.000
2013-10-28,2360.000,2371.000,2349.000,2361.000,1397190,878742,2362.000
2013-10-29,2350.000,2386.000,2343.000,2386.000,1317284,806790,2371.000
2013-10-30,2386.000,2393.000,2365.000,2371.000,1103006,816000,2381.000
2013-10-31,2371.000,2384.000,2358.000,2374.000,972750,817766,2372.000
2013-11-01,2365.000,2385.000,2364.000,2381.000,567952,770090,2375.000
2013-11-04,2372.000,2436.000,2370.000,2435.000,1515212,862932,2412.000
2013-11-05,2438.000,2451.000,2427.000,2437.000,1309242,815572,2439.000
2013-11-06,2430.000,2453.000,2426.000,2452.000,1395308,906372,2441.000
2013-11-07,2448.000,2449.000,2400.000,2402.000,1808948,727384,2421.000
2013-11-08,2407.000,2416.000,2375.000,2378.000,1011462,608276,2398.000
2013-11-11,2428.000,2444.000,2408.000,2415.000,1212768,563570,2427.000
2013-11-12,2416.000,2434.000,2410.000,2432.000,1153618,523830,2419.000
2013-11-13,2438.000,2440.000,2424.000,2434.000,1066036,520162,2432.000
2013-11-14,2430.000,2434.000,2402.000,2406.000,1112692,613744,2415.000
2013-11-15,2408.000,2412.000,2392.000,2401.000,1408668,591948,2401.000
2013-11-18,2382.000,2385.000,2365.000,2374.000,1221376,690638,2374.000
2013-11-19,2378.000,2394.000,2375.000,2381.000,1097130,643326,2384.000
2013-11-21,2386.000,2400.000,2377.000,2389.000,1512618,674492,2388.000
2013-11-22,2396.000,2410.000,2388.000,2406.000,1486166,615166,2402.000
2013-11-25,2422.000,2431.000,2407.000,2407.000,910754,559328,2418.000
2013-11-26,2420.000,2421.000,2396.000,2399.000,895482,583650,2406.000
2013-11-27,2402.000,2423.000,2396.000,2419.000,1302954,649746,2411.000
2013-11-28,2413.000,2433.000,2411.000,2428.000,808328,630770,2422.000
2013-11-29,2428.000,2445.000,2428.000,2445.000,937718,632314,2437.000
2013-12-02,2449.000,2458.000,2439.000,2456.000,1080568,679114,2448.000
2013-12-03,2440.000,2451.000,2437.000,2438.000,842580,684460,2442.000
2013-12-04,2440.000,2478.000,2439.000,2477.000,1264838,750032,2462.000
2013-12-05,2479.000,2495.000,2476.000,2485.000,1201458,790774,2485.000
2013-12-06,2486.000,2498.000,2470.000,2498.000,1859564,799754,2484.000
2013-12-09,2495.000,2525.000,2491.000,2516.000,2160790,792602,2510.000
2013-12-10,2526.000,2528.000,2512.000,2515.000,955006,753438,2520.000
2013-12-11,2513.000,2517.000,2501.000,2511.000,1144664,789358,2509.000
2013-12-12,2514.000,2524.000,2491.000,2494.000,1016372,774136,2506.000
2013-12-13,2486.000,2488.000,2461.000,2479.000,1000730,736376,2475.000
2013-12-16,2485.000,2519.000,2483.000,2513.000,1827076,816126,2510.000
2013-12-17,2530.000,2544.000,2522.000,2536.000,1933912,828580,2534.000
2013-12-18,2540.000,2546.000,2502.000,2516.000,1547256,806432,2516.000
2013-12-19,2506.000,2522.000,2498.000,2517.000,1772200,845168,2512.000
2013-12-20,2520.000,2525.000,2504.000,2523.000,1078214,825738,2512.000
2013-12-23,2520.000,2526.000,2505.000,2514.000,1255386,785834,2516.000
2013-12-24,2505.000,2506.000,2476.000,2495.000,1564816,877220,2491.000
2013-12-25,2502.000,2566.000,2495.000,2563.000,2193230,983218,2528.000
2013-12-26,2567.000,2588.000,2553.000,2562.000,1993464,939026,2566.000
2013-12-27,2551.000,2629.000,2548.000,2624.000,2539900,1019100,2583.000
2013-12-30,2628.000,2645.000,2585.000,2594.000,3580200,932620,2618.000
2013-12-31,2596.000,2634.000,2591.000,2624.000,3351688,941064,2618.000
2014-01-02,2616.000,2642.000,2606.000,2641.000,2447362,1106300,2622.000
2014-01-03,2629.000,2642.000,2602.000,2627.000,3208056,1100232,2623.000
2014-01-06,2628.000,2639.000,2612.000,2620.000,2462186,1104000,2624.000
2014-01-07,2630.000,2630.000,2569.000,2582.000,3355716,1067800,2597.000
2014-01-08,2587.000,2592.000,2563.000,2586.000,2211700,1038868,2576.000
2014-01-09,2578.000,2610.000,2571.000,2578.000,2487266,994140,2592.000
2014-01-10,2579.000,2595.000,2570.000,2592.000,1807142,985004,2578.000
2014-01-13,2590.000,2609.000,2577.000,2578.000,1832898,981470,2591.000
2014-01-14,2599.000,2629.000,2580.000,2627.000,2568450,1034500,2606.000
2014-01-15,2632.000,2655.000,2626.000,2653.000,2015504,1086842,2637.000
2014-01-17,2675.000,2711.000,2666.000,2675.000,2587322,1064148,2686.000
2014-01-20,2678.000,2691.000,2662.000,2688.000,1601246,1027700,2677.000
2014-01-21,2689.000,2695.000,2656.000,2662.000,1666942,955386,2671.000
2014-01-22,2630.000,2641.000,2579.000,2594.000,2378376,832704,2610.000
2014-01-23,2469.000,2478.000,2458.000,2469.000,335574,825902,0.000
2014-01-24,2450.000,2463.000,2445.000,2454.000,257666,816336,2456.000
2014-01-27,2604.000,2629.000,2595.000,2616.000,1287240,827046,2615.000
2014-01-28,2481.000,2482.000,2458.000,2463.000,256708,769754,2470.000
2014-01-29,2463.000,2489.000,2456.000,2462.000,353130,738550,2471.000
2014-01-30,2455.000,2483.000,2448.000,2482.000,202432,725520,2467.000
2014-02-07,2520.000,2589.000,2518.000,2568.000,488472,761898,2563.000
2014-02-10,2583.000,2587.000,2557.000,2567.000,493336,837442,2568.000
2014-02-11,2553.000,2564.000,2547.000,2555.000,401972,871454,2555.000
2014-02-12,2570.000,2574.000,2542.000,2544.000,486844,899260,2555.000
2014-02-13,2532.000,2571.000,2527.000,2564.000,541412,930550,2557.000
2014-02-14,2578.000,2580.000,2551.000,2554.000,514872,909334,2560.000
2014-02-17,2554.000,2575.000,2531.000,2533.000,692168,893026,2551.000
2014-02-18,2536.000,2548.000,2518.000,2526.000,684450,875712,2534.000
2014-02-19,2545.000,2548.000,2525.000,2534.000,553368,868734,2536.000
2014-02-20,2530.000,2564.000,2525.000,2550.000,1129690,913662,2550.000
2014-02-21,2552.000,2557.000,2521.000,2524.000,1002030,906160,2540.000
2014-02-24,2534.000,2548.000,2505.000,2547.000,1106348,892278,2531.000
2014-02-25,2553.000,2559.000,2529.000,2534.000,1315064,869890,2544.000
2014-02-26,2543.000,2572.000,2528.000,2534.000,2340722,931118,2550.000
2014-02-27,2537.000,2544.000,2522.000,2536.000,1357014,934356,2532.000
2014-02-28,2523.000,2540.000,2512.000,2519.000,1328614,885152,2526.000
2014-03-03,2535.000,2538.000,2520.000,2532.000,912306,851830,2530.000
2014-03-04,2522.000,2536.000,2511.000,2533.000,857564,859620,2523.000
2014-03-05,2539.000,2570.000,2530.000,2568.000,1588300,1014254,2551.000
2014-03-06,2570.000,2579.000,2558.000,2565.000,1370314,996142,2567.000
2014-03-10,2588.000,2610.000,2579.000,2584.000,2272248,1004778,2594.000
2014-03-11,2564.000,2604.000,2560.000,2589.000,1719086,1041600,2586.000
2014-03-12,2582.000,2596.000,2562.000,2572.000,1207966,1018142,2578.000
2014-03-14,2540.000,2544.000,2499.000,2500.000,1406716,998306,2523.000
2014-03-17,2503.000,2507.000,2466.000,2483.000,1469956,999850,2480.000
2014-03-18,2483.000,2503.000,2475.000,2492.000,1127000,963476,2489.000
2014-03-19,2506.000,2538.000,2502.000,2532.000,1440374,913108,2521.000
2014-03-20,2535.000,2564.000,2526.000,2550.000,1487890,849454,2546.000
2014-03-21,2549.000,2551.000,2521.000,2536.000,1002292,837834,2531.000
2014-03-24,2514.000,2555.000,2514.000,2545.000,1130282,870926,2542.000
2014-03-25,2550.000,2589.000,2544.000,2573.000,1526312,867054,2570.000
2014-03-26,2575.000,2586.000,2562.000,2574.000,998732,838412,2573.000
2014-03-27,2579.000,2606.000,2574.000,2578.000,1320914,811874,2588.000
2014-03-28,2579.000,2598.000,2571.000,2587.000,928704,820102,2585.000
2014-03-31,2583.000,2594.000,2566.000,2575.000,889520,802568,2578.000
2014-04-01,2595.000,2668.000,2593.000,2638.000,2215660,733226,2632.000
2014-04-02,2645.000,2650.000,2618.000,2640.000,1283446,724744,2631.000
2014-04-03,2632.000,2657.000,2626.000,2651.000,1542770,756832,2641.000
2014-04-04,2656.000,2681.000,2644.000,2680.000,1245852,759992,2662.000
2014-04-08,2671.000,2699.000,2666.000,2691.000,1148782,754716,2681.000
2014-04-09,2702.000,2749.000,2701.000,2716.000,2188912,739346,2726.000
2014-04-10,2721.000,2728.000,2699.000,2714.000,1438864,763762,2714.000
2014-04-11,2706.000,2710.000,2676.000,2708.000,1309270,784618,2694.000
2014-04-14,2701.000,2728.000,2692.000,2713.000,1634304,805266,2713.000
2014-04-15,2723.000,2738.000,2716.000,2726.000,1812812,844912,2726.000
2014-04-16,2741.000,2750.000,2722.000,2738.000,1683154,772928,2735.000
2014-04-17,2744.000,2766.000,2737.000,2761.000,1534118,802458,2754.000
2014-04-18,2753.000,2781.000,2742.000,2780.000,1235586,807368,2759.000
2014-04-21,2786.000,2793.000,2760.000,2771.000,1321630,831878,2777.000
2014-04-22,2763.000,2795.000,2751.000,2791.000,1155010,870732,2773.000
2014-04-23,2779.000,2790.000,2752.000,2756.000,1934200,895890,2771.000
2014-04-24,2762.000,2769.000,2733.000,2763.000,2084894,900786,2753.000
2014-04-25,2767.000,2780.000,2754.000,2776.000,1898592,844858,2769.000
2014-04-28,2808.000,2874.000,2805.000,2866.000,2213938,815772,2841.000
2014-04-29,2860.000,2874.000,2853.000,2871.000,1381750,834340,2863.000
2014-04-30,2896.000,2902.000,2881.000,2895.000,1475136,811776,2892.000
2014-05-05,2870.000,2875.000,2847.000,2869.000,1422936,846054,2864.000
2014-05-06,2860.000,2880.000,2851.000,2873.000,1875040,969976,2868.000
2014-05-07,2868.000,2875.000,2848.000,2869.000,1633902,1010614,2862.000
2014-05-08,2866.000,2899.000,2856.000,2896.000,2698296,1168874,2884.000
2014-05-09,2909.000,2919.000,2868.000,2873.000,2770282,1058000,2897.000
2014-05-12,2892.000,2900.000,2876.000,2893.000,1727262,996316,2889.000
2014-05-13,2872.000,2912.000,2868.000,2911.000,1455556,1074900,2889.000
2014-05-14,2917.000,2962.000,2908.000,2960.000,2573990,1140334,2937.000
2014-05-15,2967.000,2984.000,2956.000,2975.000,2428232,1138224,2973.000
2014-05-16,2965.000,2993.000,2963.000,2991.000,2184418,1149000,2979.000
2014-05-19,2993.000,3006.000,2968.000,2982.000,2347762,1165008,2986.000
2014-05-20,3010.000,3031.000,2988.000,3026.000,2100574,1094096,3006.000
2014-05-21,3010.000,3034.000,3006.000,3021.000,2276672,1096500,3021.000
2014-05-22,3045.000,3098.000,3037.000,3092.000,2332286,1013890,3069.000
2014-05-23,3085.000,3096.000,3070.000,3096.000,1620426,991352,3083.000
2014-05-26,3094.000,3110.000,3082.000,3107.000,1399764,1034444,3094.000
2014-05-27,3102.000,3118.000,3012.000,3035.000,4589534,924190,3049.000
2014-05-28,3029.000,3047.000,3006.000,3035.000,2627464,897540,3032.000
2014-05-29,3038.000,3075.000,3031.000,3071.000,1893940,916332,3052.000
2014-05-30,3072.000,3083.000,3042.000,3074.000,2287812,882708,3067.000
2014-06-03,3078.000,3087.000,3058.000,3080.000,1768850,940798,3074.000
2014-06-04,3067.000,3076.000,3052.000,3067.000,1613960,935572,3066.000
2014-06-05,3059.000,3065.000,2989.000,2994.000,2886810,830028,3032.000
2014-06-06,2986.000,2996.000,2937.000,2965.000,2823568,771102,2962.000
2014-06-09,2973.000,3054.000,2968.000,3045.000,3572050,1029732,3025.000
2014-06-10,3045.000,3060.000,3027.000,3032.000,3497044,983518,3044.000
2014-06-11,3040.000,3044.000,3018.000,3036.000,2418636,926220,3030.000
2014-06-12,3026.000,3089.000,3022.000,3086.000,3336564,1043800,3067.000
2014-06-13,3059.000,3074.000,3031.000,3074.000,3057992,986750,3057.000
2014-06-16,3079.000,3105.000,3064.000,3101.000,2383640,1040052,3086.000
2014-06-17,3096.000,3116.000,3036.000,3044.000,4084082,1009724,3076.000
2014-06-18,3029.000,3046.000,3001.000,3037.000,3863366,1053388,3025.000
2014-06-19,3040.000,3048.000,3019.000,3035.000,3262000,1030500,3033.000
2014-06-20,3037.000,3048.000,3009.000,3025.000,2396772,936280,3028.000
2014-06-23,3042.000,3081.000,3040.000,3072.000,2162974,857970,3068.000
2014-06-24,3060.000,3064.000,3013.000,3023.000,2391540,862246,3033.000
2014-06-25,3027.000,3062.000,3003.000,3028.000,3254024,919802,3037.000
2014-06-26,3029.000,3040.000,3018.000,3034.000,2074688,901554,3029.000
2014-06-27,3055.000,3077.000,3047.000,3058.000,2588828,853480,3061.000
2014-06-30,3041.000,3092.000,3036.000,3091.000,2517512,993362,3066.000
2014-07-01,3010.000,3027.000,2964.000,2996.000,4029006,929548,2991.000
2014-07-02,3004.000,3034.000,2985.000,3026.000,2617412,1045296,3013.000
2014-07-03,3023.000,3029.000,3011.000,3020.000,1635110,1012748,3021.000
2014-07-04,3012.000,3015.000,2955.000,2958.000,2474162,1037934,2986.000
2014-07-07,2960.000,2966.000,2904.000,2917.000,2615440,960186,2930.000
2014-07-08,2923.000,2936.000,2898.000,2926.000,1848530,949376,2921.000
2014-07-09,2909.000,2911.000,2834.000,2837.000,2925070,908084,2870.000
2014-07-10,2841.000,2873.000,2835.000,2852.000,2090028,846512,2852.000
2014-07-11,2840.000,2867.000,2819.000,2861.000,2468042,810080,2848.000
2014-07-14,2823.000,2873.000,2819.000,2872.000,1934132,884978,2853.000
2014-07-15,2875.000,2883.000,2841.000,2843.000,1885658,833116,2864.000
2014-07-16,2850.000,2867.000,2838.000,2857.000,1529228,769866,2855.000
2014-07-17,2869.000,2872.000,2806.000,2809.000,2098784,847256,2834.000
2014-07-18,2804.000,2835.000,2797.000,2812.000,2000752,741800,2818.000
2014-07-21,2795.000,2812.000,2789.000,2797.000,1345562,742672,2801.000
2014-07-22,2799.000,2838.000,2798.000,2826.000,1589678,681312,2827.000
2014-07-23,2404.000,2438.000,2381.000,2386.000,1398354,696008,2406.000
2014-07-24,2410.000,2431.000,2404.000,2414.000,1141882,672376,2414.000
2014-07-25,2417.000,2422.000,2387.000,2403.000,1087732,676386,2402.000
2014-07-28,2430.000,2438.000,2412.000,2432.000,849750,660968,2425.000
2014-07-29,2452.000,2493.000,2450.000,2488.000,1188274,630782,2477.000
2014-07-30,2470.000,2490.000,2447.000,2480.000,1424154,658254,2468.000
2014-07-31,2465.000,2479.000,2451.000,2459.000,1043596,694898,2461.000
2014-08-01,2452.000,2456.000,2409.000,2423.000,1381664,721076,2422.000
2014-08-04,2417.000,2435.000,2405.000,2427.000,1436220,747762,2422.000
2014-08-05,2436.000,2457.000,2425.000,2442.000,1404530,725454,2445.000
2014-08-06,2438.000,2452.000,2417.000,2426.000,1465832,764946,2435.000
2014-08-07,2445.000,2466.000,2441.000,2451.000,1304618,726370,2453.000
2014-08-08,2447.000,2458.000,2424.000,2435.000,1588550,794068,2439.000
2014-08-11,2434.000,2458.000,2433.000,2436.000,1745042,770186,2446.000
2014-08-12,2426.000,2430.000,2398.000,2407.000,1791760,825416,2410.000
2014-08-13,2407.000,2424.000,2363.000,2382.000,2586222,869008,2397.000
2014-08-14,2378.000,2383.000,2308.000,2353.000,3557502,795524,2343.000
2014-08-15,2375.000,2375.000,2347.000,2357.000,1968120,756556,2357.000
2014-08-18,2352.000,2353.000,2306.000,2344.000,2390140,750372,2335.000
2014-08-19,2347.000,2350.000,2321.000,2327.000,1839328,807894,2333.000
2014-08-20,2330.000,2342.000,2318.000,2331.000,1843722,758900,2332.000
2014-08-21,2321.000,2347.000,2307.000,2341.000,1755660,722340,2333.000
2014-08-22,2350.000,2362.000,2344.000,2360.000,1198426,693200,2354.000
2014-08-25,2365.000,2369.000,2331.000,2341.000,1451340,706214,2343.000
2014-08-26,2322.000,2341.000,2319.000,2338.000,1374854,662706,2329.000
2014-08-27,2344.000,2368.000,2331.000,2357.000,1960446,627604,2352.000
2014-08-28,2356.000,2358.000,2339.000,2342.000,1201442,626206,2347.000
2014-08-29,2354.000,2354.000,2308.000,2324.000,2605382,687120,2325.000
2014-09-01,2324.000,2330.000,2311.000,2312.000,1175836,692460,2320.000
2014-09-02,2307.000,2328.000,2296.000,2321.000,1360596,672834,2317.000
2014-09-03,2325.000,2330.000,2275.000,2284.000,1760816,734120,2305.000
2014-09-04,2279.000,2280.000,2224.000,2231.000,2337050,754340,2247.000
2014-09-05,2221.000,2233.000,2212.000,2225.000,1747822,686566,2223.000
2014-09-09,2220.000,2240.000,2206.000,2217.000,1285248,689346,2222.000
2014-09-10,2198.000,2204.000,2146.000,2175.000,2326498,696006,2166.000
2014-09-11,2165.000,2177.000,2152.000,2168.000,1816036,686502,2166.000
2014-09-12,2150.000,2223.000,2150.000,2214.000,2650476,686090,2193.000
2014-09-15,2203.000,2219.000,2193.000,2206.000,1678932,677990,2206.000
2014-09-16,2211.000,2222.000,2195.000,2197.000,1929906,664390,2208.000
2014-09-17,2192.000,2230.000,2186.000,2225.000,2076406,682708,2209.000
2014-09-18,2225.000,2235.000,2210.000,2224.000,1420090,676148,2220.000
2014-09-19,2208.000,2208.000,2157.000,2180.000,2261426,726080,2179.000
2014-09-22,2157.000,2169.000,2095.000,2113.000,1924842,726768,2126.000
2014-09-23,2100.000,2142.000,2088.000,2134.000,1959384,753028,2125.000
2014-09-24,2132.000,2148.000,2121.000,2128.000,1480508,755842,2131.000
2014-09-25,2130.000,2138.000,2110.000,2135.000,1548696,766396,2125.000
2014-09-26,2117.000,2143.000,2081.000,2123.000,2480822,740466,2114.000
2014-09-29,2110.000,2140.000,2094.000,2113.000,1648534,682656,2118.000
2014-09-30,2135.000,2143.000,2111.000,2118.000,940944,618978,2127.000
2014-10-08,2220.000,2231.000,2160.000,2179.000,3158,12424,2179.000
2014-10-09,2135.000,2148.000,2122.000,2131.000,1304640,616558,2134.000
2014-10-10,2128.000,2131.000,2076.000,2084.000,1859028,693500,2102.000
2014-10-13,2068.000,2136.000,2067.000,2131.000,1953336,618658,2119.000
2014-10-14,2154.000,2196.000,2145.000,2179.000,2250240,566140,2174.000
2014-10-15,2185.000,2189.000,2167.000,2173.000,1181662,569600,2178.000
2014-10-16,2170.000,2202.000,2157.000,2173.000,1726100,574472,2181.000
2014-10-17,2199.000,2215.000,2181.000,2192.000,1688362,561384,2196.000
2014-10-20,2176.000,2185.000,2165.000,2176.000,979050,559340,2174.000
2014-10-21,2183.000,2220.000,2183.000,2205.000,1562276,583638,2206.000
2014-10-22,2229.000,2231.000,2203.000,2211.000,1221316,558112,2218.000
2014-10-23,2203.000,2222.000,2189.000,2222.000,1367232,567520,2208.000
2014-10-24,2256.000,2282.000,2253.000,2273.000,2115782,620194,2267.000
2014-10-27,2250.000,2266.000,2244.000,2265.000,1445220,624118,2256.000
2014-10-28,2330.000,2332.000,2282.000,2283.000,1520366,629528,2306.000
2014-10-29,2280.000,2327.000,2278.000,2323.000,2058522,701754,2298.000
2014-10-30,2354.000,2355.000,2315.000,2329.000,2010598,651310,2334.000
2014-10-31,2320.000,2372.000,2315.000,2359.000,1656082,628372,2337.000
2014-11-03,2358.000,2366.000,2326.000,2328.000,1662928,640170,2350.000
2014-11-04,2309.000,2316.000,2256.000,2256.000,1740074,631256,2285.000
2014-11-05,2239.000,2252.000,2213.000,2215.000,1456432,591824,2235.000
2014-11-06,2234.000,2264.000,2231.000,2262.000,1487620,637200,2246.000
2014-11-07,2277.000,2322.000,2267.000,2295.000,2215236,585682,2293.000
2014-11-10,2299.000,2316.000,2274.000,2314.000,1514242,581936,2295.000
2014-11-11,2288.000,2289.000,2246.000,2255.000,1233976,573246,2265.000
2014-11-12,2334.000,2358.000,2332.000,2345.000,1210386,575512,2345.000
2014-11-13,2316.000,2343.000,2316.000,2341.000,1017026,622220,2331.000
2014-11-14,2331.000,2331.000,2272.000,2278.000,1726720,609978,2293.000
2014-11-17,2258.000,2287.000,2251.000,2261.000,1514974,615544,2265.000
2014-11-18,2275.000,2283.000,2222.000,2252.000,1710540,607862,2244.000
2014-11-19,2237.000,2245.000,2193.000,2201.000,2335188,665412,2208.000
2014-11-20,2188.000,2211.000,2179.000,2201.000,2011358,681496,2196.000
2014-11-21,2213.000,2234.000,2188.000,2231.000,2322638,723124,2207.000
2014-11-24,2245.000,2248.000,2210.000,2212.000,1786392,725334,2230.000
2014-11-25,2215.000,2240.000,2209.000,2239.000,1744612,746304,2222.000
2014-11-26,2244.000,2262.000,2233.000,2236.000,2127840,790096,2244.000
2014-11-27,2236.000,2269.000,2231.000,2259.000,1379514,758484,2246.000
2014-11-28,2250.000,2302.000,2239.000,2281.000,2062680,723130,2269.000
2014-12-01,2238.000,2238.000,2192.000,2213.000,1843438,714892,2214.000
2014-12-02,2230.000,2260.000,2225.000,2240.000,1982798,706596,2248.000
2014-12-03,2212.000,2229.000,2184.000,2226.000,2693530,800876,2209.000
2014-12-04,2230.000,2246.000,2210.000,2212.000,2060520,844554,2231.000
2014-12-05,2228.000,2248.000,2203.000,2246.000,1996454,843956,2228.000
2014-12-08,2268.000,2296.000,2257.000,2274.000,1944532,832580,2275.000
2014-12-09,2270.000,2295.000,2258.000,2286.000,2003264,863972,2276.000
2014-12-10,2296.000,2368.000,2294.000,2367.000,2325762,939588,2339.000
2014-12-11,2338.000,2372.000,2332.000,2372.000,2184228,991158,2351.000
2014-12-12,2370.000,2377.000,2342.000,2351.000,1935622,987822,2357.000
2014-12-15,2362.000,2366.000,2307.000,2338.000,2888474,986234,2340.000
2014-12-16,2341.000,2345.000,2298.000,2306.000,2506612,978758,2322.000
2014-12-17,2291.000,2297.000,2248.000,2256.000,2438084,1010842,2276.000
2014-12-18,2267.000,2271.000,2242.000,2244.000,2195658,1035104,2258.000
2014-12-19,2260.000,2276.000,2256.000,2264.000,1205402,1023336,2266.000
2014-12-22,2261.000,2262.000,2245.000,2250.000,1591942,1001392,2253.000
2014-12-23,2252.000,2252.000,2221.000,2230.000,2343732,988836,2236.000
2014-12-24,2227.000,2244.000,2210.000,2221.000,1795562,1030440,2228.000
2014-12-25,2218.000,2228.000,2213.000,2220.000,1292416,1040126,2220.000
2014-12-26,2219.000,2256.000,2218.000,2246.000,1646932,1015800,2242.000
2014-12-29,2246.000,2303.000,2242.000,2283.000,1983638,926784,2279.000
2014-12-30,2282.000,2294.000,2257.000,2286.000,1436444,896644,2278.000
2014-12-31,2281.000,2304.000,2246.000,2253.000,1407586,872298,2272.000
2015-01-05,2214.000,2231.000,2203.000,2207.000,1100870,913176,2217.000
2015-01-06,2220.000,2263.000,2212.000,2243.000,1277816,862134,2241.000
2015-01-07,2251.000,2269.000,2234.000,2244.000,1348504,888732,2252.000
2015-01-08,2248.000,2265.000,2238.000,2257.000,1142558,882012,2250.000
2015-01-09,2257.000,2267.000,2223.000,2230.000,1421152,925856,2242.000
2015-01-12,2232.000,2243.000,2225.000,2231.000,879768,904518,2233.000
2015-01-13,2226.000,2236.000,2175.000,2195.000,1331602,981434,2198.000
2015-01-14,2187.000,2198.000,2126.000,2129.000,1722766,1000516,2157.000
2015-01-15,2128.000,2162.000,2110.000,2154.000,1419910,954094,2140.000
2015-01-16,2153.000,2169.000,2107.000,2132.000,1895974,1029920,2133.000
2015-01-19,2138.000,2167.000,2062.000,2108.000,2760126,919774,2118.000
2015-01-20,2110.000,2115.000,2081.000,2108.000,2013796,920812,2099.000
2015-01-21,2106.000,2161.000,2095.000,2141.000,2710326,971446,2130.000
2015-01-22,2136.000,2168.000,2133.000,2152.000,1617230,995964,2154.000
2015-01-23,2164.000,2164.000,2115.000,2133.000,1651454,1032376,2131.000
2015-01-26,2125.000,2139.000,2100.000,2128.000,1669960,1044194,2121.000
2015-01-27,2128.000,2165.000,2121.000,2142.000,1958020,960232,2144.000
2015-01-28,2147.000,2154.000,2117.000,2125.000,1819114,948014,2134.000
2015-01-29,2119.000,2129.000,2108.000,2120.000,1464150,968860,2116.000
2015-01-30,2117.000,2138.000,2113.000,2131.000,1531216,916972,2127.000
2015-02-02,2130.000,2131.000,2087.000,2099.000,2048912,1016280,2105.000
2015-02-03,2104.000,2146.000,2100.000,2137.000,1841010,931860,2125.000
2015-02-04,2146.000,2195.000,2132.000,2158.000,1725790,810250,2163.000
2015-02-05,2163.000,2171.000,2146.000,2160.000,1400000,812122,2159.000
2015-02-06,2164.000,2183.000,2161.000,2168.000,1353480,813976,2172.000
2015-02-09,2172.000,2183.000,2152.000,2182.000,1240502,811744,2168.000
2015-02-10,2177.000,2202.000,2173.000,2187.000,1347078,812872,2188.000
2015-02-11,2182.000,2194.000,2168.000,2188.000,1166534,788192,2182.000
2015-02-12,2183.000,2189.000,2174.000,2186.000,727658,729996,2183.000
2015-02-13,2192.000,2249.000,2186.000,2248.000,1532026,746810,2219.000
2015-02-16,2244.000,2275.000,2241.000,2261.000,1104356,694120,2259.000
2015-02-17,2258.000,2293.000,2250.000,2279.000,631366,659016,2267.000
2015-02-24,2280.000,2280.000,2280.000,2280.000,94,659110,2280.000
2015-02-25,2305.000,2320.000,2285.000,2298.000,564534,646864,2302.000
2015-02-26,2295.000,2331.000,2293.000,2323.000,1082050,706064,2314.000
2015-02-27,2328.000,2382.000,2328.000,2375.000,1743200,693860,2355.000
2015-03-02,2375.000,2418.000,2363.000,2405.000,1648948,661716,2392.000
2015-03-03,2295.000,2305.000,2233.000,2245.000,1117188,717064,2267.000
2015-03-04,2247.000,2260.000,2226.000,2248.000,799528,731552,2245.000
2015-03-05,2239.000,2243.000,2202.000,2219.000,858176,729528,2218.000
2015-03-06,2216.000,2238.000,2197.000,2201.000,869224,766284,2219.000
2015-03-09,2204.000,2245.000,2181.000,2238.000,1305996,829284,2218.000
2015-03-10,2232.000,2255.000,2232.000,2238.000,1326972,898814,2245.000
2015-03-11,2236.000,2325.000,2214.000,2296.000,3731826,1153664,2281.000
2015-03-12,2295.000,2334.000,2292.000,2317.000,3358374,1308258,2311.000
2015-03-13,2311.000,2332.000,2256.000,2261.000,4320886,1322408,2289.000
2015-03-16,2255.000,2261.000,2216.000,2238.000,2730750,1289148,2242.000
2015-03-17,2246.000,2267.000,2226.000,2242.000,2519030,1352232,2248.000
2015-03-18,2234.000,2241.000,2209.000,2210.000,2066958,1365306,2226.000
2015-03-19,2215.000,2248.000,2201.000,2229.000,2336800,1384906,2228.000
2015-03-20,2221.000,2240.000,2206.000,2234.000,2136052,1404120,2223.000
2015-03-23,2235.000,2286.000,2232.000,2275.000,2786000,1514928,2263.000
2015-03-24,2277.000,2298.000,2253.000,2288.000,3415748,1573708,2280.000
2015-03-25,2288.000,2295.000,2264.000,2268.000,3264014,1563924,2279.000
2015-03-26,2271.000,2285.000,2241.000,2243.000,2486134,1548188,2261.000
2015-03-27,2239.000,2249.000,2221.000,2248.000,2083550,1565656,2236.000
2015-03-30,2241.000,2258.000,2228.000,2231.000,2412568,1624372,2242.000
2015-03-31,2225.000,2242.000,2212.000,2228.000,2594546,1616478,2230.000
2015-04-01,2226.000,2301.000,2221.000,2273.000,3829510,1691244,2271.000
2015-04-02,2270.000,2295.000,2252.000,2257.000,2494722,1682330,2271.000
2015-04-03,2250.000,2256.000,2230.000,2238.000,2095596,1611646,2242.000
2015-04-07,2223.000,2252.000,2223.000,2237.000,1516544,1672258,2238.000
2015-04-08,2232.000,2242.000,2202.000,2234.000,2195730,1751128,2229.000
2015-04-09,2232.000,2237.000,2165.000,2165.000,2997358,1759304,2198.000
2015-04-10,2161.000,2172.000,2130.000,2132.000,2799228,1674206,2153.000
2015-04-13,2135.000,2156.000,2117.000,2147.000,2438264,1654326,2139.000
2015-04-14,2150.000,2162.000,2139.000,2162.000,1946128,1628284,2151.000
2015-04-15,2170.000,2185.000,2159.000,2166.000,2062010,1615712,2174.000
2015-04-16,2163.000,2185.000,2147.000,2160.000,2877446,1582972,2168.000
2015-04-17,2163.000,2178.000,2160.000,2169.000,1738084,1584978,2170.000
2015-04-20,2171.000,2195.000,2155.000,2182.000,2287588,1542390,2176.000
2015-04-21,2182.000,2199.000,2173.000,2191.000,1811884,1510916,2186.000
2015-04-22,2188.000,2196.000,2166.000,2174.000,1628064,1549612,2180.000
2015-04-23,2170.000,2193.000,2167.000,2182.000,1548912,1560718,2181.000
2015-04-24,2185.000,2228.000,2183.000,2215.000,2275918,1598078,2209.000
2015-04-27,2215.000,2238.000,2201.000,2231.000,2055194,1656184,2218.000
2015-04-28,2232.000,2268.000,2230.000,2247.000,2715508,1679452,2253.000
2015-04-29,2260.000,2265.000,2217.000,2232.000,2296072,1631998,2245.000
2015-04-30,2233.000,2262.000,2227.000,2259.000,1992224,1619986,2249.000
2015-05-04,2222.000,2239.000,2219.000,2233.000,1092716,1653182,2230.000
2015-05-05,2231.000,2274.000,2203.000,2235.000,3349936,1696596,2242.000
2015-05-06,2237.000,2261.000,2233.000,2250.000,2470282,1735404,2247.000
2015-05-07,2248.000,2284.000,2238.000,2266.000,4209296,1808384,2264.000
2015-05-08,2262.000,2272.000,2225.000,2229.000,3024406,1742394,2245.000
2015-05-11,2230.000,2252.000,2229.000,2245.000,1756578,1720976,2239.000
2015-05-12,2240.000,2248.000,2197.000,2205.000,2540988,1673658,2218.000
2015-05-13,2211.000,2226.000,2190.000,2210.000,2049416,1691910,2214.000
2015-05-14,2216.000,2219.000,2169.000,2176.000,2581696,1769046,2194.000
2015-05-15,2178.000,2185.000,2166.000,2168.000,1634928,1781178,2177.000
2015-05-18,2168.000,2188.000,2162.000,2183.000,1583182,1730378,2173.000
2015-05-19,2191.000,2196.000,2165.000,2167.000,1578916,1704658,2183.000
2015-05-20,2162.000,2162.000,2095.000,2096.000,2429624,1649206,2129.000
2015-05-21,2095.000,2101.000,2072.000,2073.000,2661332,1734298,2089.000
2015-05-22,2070.000,2092.000,2063.000,2088.000,2330318,1712008,2080.000
2015-05-25,2087.000,2092.000,2037.000,2041.000,1959736,1742198,2064.000
2015-05-26,2044.000,2067.000,2039.000,2045.000,1785336,1657188,2055.000
2015-05-27,2037.000,2079.000,2031.000,2061.000,2391950,1623580,2064.000
2015-05-28,2067.000,2096.000,2065.000,2080.000,1914270,1520662,2083.000
2015-05-29,2083.000,2087.000,2063.000,2071.000,1606386,1509880,2075.000
2015-06-01,2068.000,2083.000,2052.000,2054.000,1651104,1575066,2068.000
2015-06-02,2056.000,2108.000,2055.000,2098.000,2606380,1462864,2082.000
2015-06-03,2104.000,2125.000,2103.000,2114.000,2170928,1398194,2115.000
2015-06-04,2108.000,2122.000,2083.000,2116.000,2428588,1353798,2104.000
2015-06-05,2119.000,2120.000,2096.000,2107.000,1869662,1356576,2109.000
2015-06-08,2108.000,2115.000,2087.000,2093.000,1360772,1390528,2099.000
2015-06-09,2099.000,2109.000,2096.000,2100.000,1056324,1391618,2102.000
2015-06-10,2101.000,2115.000,2086.000,2096.000,1475470,1384082,2104.000
2015-06-11,2106.000,2110.000,2092.000,2097.000,1130180,1387316,2101.000
2015-06-12,2091.000,2093.000,2027.000,2038.000,2108272,1426622,2060.000
2015-06-15,2043.000,2048.000,2001.000,2010.000,1713438,1417532,2023.000
2015-06-16,2002.000,2028.000,1998.000,2021.000,1487310,1368270,2014.000
2015-06-17,2021.000,2076.000,1985.000,2062.000,2838638,1265780,2041.000
2015-06-18,2063.000,2072.000,2036.000,2039.000,1507054,1223604,2055.000
2015-06-19,2038.000,2074.000,2035.000,2048.000,1824416,1179628,2056.000
2015-06-23,1950.000,1959.000,1944.000,1959.000,214,2716,1952.000
2015-06-24,2085.000,2089.000,2074.000,2080.000,1065786,1143792,2081.000
2015-06-25,2080.000,2089.000,2064.000,2069.000,1009110,1120354,2078.000
2015-06-26,2085.000,2108.000,2057.000,2077.000,1807038,1042190,2087.000
2015-06-29,2103.000,2106.000,2062.000,2081.000,1677506,1011322,2086.000
2015-06-30,2084.000,2095.000,2041.000,2049.000,1807040,998262,2066.000
2015-07-01,2049.000,2149.000,2042.000,2149.000,2207976,875642,2118.000
2015-07-02,2140.000,2158.000,2128.000,2158.000,1796206,814580,2140.000
2015-07-03,2150.000,2220.000,2148.000,2212.000,2322588,855038,2190.000
2015-07-06,2211.000,2219.000,2150.000,2177.000,2022846,714296,2189.000
2015-07-07,2172.000,2274.000,2161.000,2226.000,3520988,668432,2231.000
2015-07-08,2223.000,2234.000,2141.000,2141.000,2605972,505470,2170.000
2015-07-09,2139.000,2288.000,2018.000,2210.000,3436310,415750,2169.000
2015-07-10,2227.000,2256.000,2224.000,2256.000,1802892,449664,2243.000
2015-07-13,2279.000,2312.000,2226.000,2289.000,2487366,472808,2277.000
2015-07-14,2281.000,2369.000,2270.000,2369.000,3740198,644918,2330.000
2015-07-15,2367.000,2401.000,2330.000,2345.000,3756768,508668,2367.000
2015-07-16,2336.000,2357.000,2277.000,2356.000,3889256,492690,2315.000
2015-07-17,2365.000,2375.000,2260.000,2286.000,4619488,429088,2310.000
2015-07-20,2271.000,2300.000,2234.000,2264.000,3398574,405926,2267.000
2015-07-21,2257.000,2302.000,2253.000,2276.000,2645434,401836,2277.000
2015-07-22,2272.000,2315.000,2260.000,2315.000,2554084,394528,2286.000
2015-07-23,2303.000,2321.000,2284.000,2298.000,3051528,360054,2305.000
2015-07-24,2220.000,2234.000,2181.000,2187.000,1525820,417920,2206.000
2015-07-27,2183.000,2186.000,2135.000,2137.000,1272440,406986,2161.000
2015-07-28,2128.000,2156.000,2115.000,2146.000,1342974,394664,2138.000
2015-07-29,2154.000,2168.000,2124.000,2134.000,1588002,438440,2145.000
2015-07-30,2134.000,2157.000,2128.000,2135.000,1512102,441468,2143.000
2015-07-31,2147.000,2152.000,2109.000,2122.000,1870372,486498,2129.000
2015-08-03,2118.000,2131.000,2076.000,2083.000,1660260,518070,2104.000
2015-08-04,2075.000,2111.000,2073.000,2104.000,1683502,524996,2094.000
2015-08-05,2108.000,2121.000,2096.000,2103.000,1403350,520152,2110.000
2015-08-06,2115.000,2129.000,2086.000,2098.000,1352050,519998,2104.000
2015-08-07,2093.000,2102.000,2046.000,2072.000,1775548,513670,2074.000
2015-08-10,2072.000,2125.000,2066.000,2119.000,1974258,481412,2101.000
2015-08-11,2120.000,2183.000,2115.000,2151.000,2490304,449116,2150.000
2015-08-12,2145.000,2182.000,2141.000,2180.000,2440890,499034,2162.000
2015-08-13,2187.000,2224.000,2080.000,2143.000,3300644,475364,2162.000
2015-08-14,2143.000,2159.000,2127.000,2135.000,1813162,465452,2145.000
2015-08-17,2130.000,2142.000,2113.000,2126.000,1220492,503784,2130.000
2015-08-18,2139.000,2148.000,2113.000,2115.000,1593702,543416,2131.000
2015-08-19,2106.000,2111.000,2064.000,2086.000,2080976,573974,2081.000
2015-08-20,2092.000,2096.000,2052.000,2056.000,1752604,638604,2071.000
2015-08-21,2064.000,2084.000,2048.000,2054.000,1629894,643900,2062.000
2015-08-24,2057.000,2063.000,1979.000,1979.000,1835338,635556,2014.000
2015-08-25,1945.000,2026.000,1941.000,1998.000,2204720,539620,1990.000
2015-08-26,2038.000,2045.000,1996.000,2002.000,1795718,572416,2019.000
2015-08-27,2009.000,2060.000,1997.000,2056.000,2242772,537302,2026.000
2015-08-28,2056.000,2105.000,2033.000,2054.000,3288430,496716,2067.000
2015-08-31,2050.000,2079.000,2030.000,2039.000,2735724,476418,2053.000
2015-09-01,2035.000,2070.000,2029.000,2062.000,1968354,498312,2049.000
2015-09-02,2054.000,2080.000,2038.000,2079.000,1681184,449332,2061.000
2015-09-07,1932.000,1935.000,1855.000,1870.000,1122,7200,1875.000
2015-09-08,2009.000,2023.000,2000.000,2015.000,1641778,584102,2012.000
2015-09-09,2020.000,2050.000,2007.000,2010.000,2892214,665178,2025.000
2015-09-10,2015.000,2032.000,2003.000,2025.000,2087196,601976,2016.000
2015-09-11,2015.000,2041.000,2012.000,2022.000,1885610,591432,2028.000
2015-09-14,2025.000,2050.000,2005.000,2035.000,2382874,584552,2034.000
2015-09-15,2040.000,2067.000,2035.000,2051.000,2534114,629862,2053.000
2015-09-16,2047.000,2064.000,2035.000,2063.000,2077840,589660,2050.000
2015-09-17,2060.000,2063.000,2038.000,2042.000,1850992,610688,2050.000
2015-09-18,2032.000,2045.000,2016.000,2019.000,1666984,685402,2032.000
2015-09-21,2017.000,2023.000,1978.000,2020.000,2077980,658030,2002.000
2015-09-22,2017.000,2029.000,2010.000,2014.000,1596550,663428,2019.000
2015-09-23,2005.000,2024.000,2001.000,2022.000,1402840,649132,2012.000
2015-09-24,2024.000,2035.000,2012.000,2016.000,1198706,642030,2022.000
2015-09-25,2011.000,2040.000,2008.000,2033.000,1455254,601546,2027.000
2015-09-28,2050.000,2050.000,2012.000,2017.000,962616,599656,2023.000
2015-09-29,2015.000,2018.000,1962.000,1989.000,2002862,540758,1994.000
2015-09-30,1995.000,2003.000,1982.000,1985.000,971498,490874,1992.000
2015-10-08,1998.000,1998.000,1957.000,1957.000,220,2288,1972.000
2015-10-09,1970.000,1988.000,1962.000,1970.000,1723964,624260,1975.000
2015-10-12,1978.000,2007.000,1971.000,2000.000,1927894,624012,1989.000
2015-10-13,2000.000,2014.000,1986.000,2005.000,1391220,652346,1998.000
2015-10-14,2008.000,2028.000,2003.000,2012.000,1510690,630034,2016.000
2015-10-15,2018.000,2021.000,2006.000,2013.000,925340,632364,2014.000
2015-10-16,2009.000,2012.000,1983.000,1987.000,1139202,686576,2001.000
2015-10-19,1982.000,1987.000,1966.000,1969.000,1061376,723970,1977.000
2015-10-20,1971.000,1973.000,1934.000,1952.000,1561592,781652,1957.000
2015-10-21,1960.000,1964.000,1927.000,1943.000,1838322,804838,1944.000
2015-10-22,1943.000,1964.000,1937.000,1961.000,1087174,744684,1951.000
2015-10-23,1964.000,1967.000,1931.000,1950.000,1615236,718438,1947.000
2015-10-26,1954.000,1967.000,1943.000,1963.000,1201606,685840,1955.000
2015-10-27,1962.000,1972.000,1939.000,1964.000,1170978,661528,1955.000
2015-10-28,1967.000,1977.000,1962.000,1970.000,983432,652398,1969.000
2015-10-29,1969.000,1971.000,1953.000,1966.000,938910,655066,1961.000
2015-10-30,1963.000,1969.000,1944.000,1949.000,911678,645118,1958.000
2015-11-02,1953.000,1958.000,1941.000,1950.000,707262,665708,1951.000
2015-11-03,1950.000,1954.000,1932.000,1945.000,882310,637552,1942.000
2015-11-04,1942.000,1967.000,1941.000,1961.000,554058,616106,1955.000
2015-11-05,1965.000,1975.000,1957.000,1967.000,752190,578764,1966.000
2015-11-06,1970.000,1972.000,1950.000,1969.000,854024,566070,1959.000
2015-11-09,1968.000,1997.000,1960.000,1986.000,727926,519370,1981.000
2015-11-10,1985.000,1987.000,1950.000,1952.000,717108,510512,1966.000
2015-11-11,1949.000,1952.000,1929.000,1932.000,977408,525892,1941.000
2015-11-12,1928.000,1940.000,1908.000,1922.000,984838,581924,1924.000
2015-11-13,1915.000,1934.000,1907.000,1908.000,652850,579844,1921.000
2015-11-16,1906.000,1909.000,1860.000,1862.000,1029102,611364,1886.000
2015-11-17,1864.000,1872.000,1851.000,1852.000,877864,622876,1862.000
2015-11-18,1854.000,1865.000,1819.000,1823.000,1063738,641990,1840.000
2015-11-19,1830.000,1830.000,1768.000,1779.000,1771172,587568,1794.000
2015-11-20,1775.000,1798.000,1765.000,1777.000,984038,546510,1781.000
2015-11-23,1777.000,1796.000,1709.000,1709.000,1436572,507074,1755.000
2015-11-24,1714.000,1773.000,1699.000,1769.000,1323278,418768,1731.000
2015-11-25,1771.000,1787.000,1751.000,1784.000,1132380,389680,1771.000
2015-11-26,1781.000,1840.000,1771.000,1822.000,1055818,341108,1805.000
2015-11-27,1820.000,1821.000,1789.000,1799.000,748124,316528,1805.000
2015-11-30,1794.000,1807.000,1756.000,1793.000,699516,290430,1780.000
2015-12-01,1863.000,1898.000,1858.000,1881.000,521956,323680,1881.000
2015-12-02,1893.000,1927.000,1883.000,1900.000,700566,352416,1895.000
2015-12-03,1898.000,1899.000,1851.000,1852.000,862506,413440,1869.000
2015-12-04,1850.000,1872.000,1838.000,1870.000,824968,427364,1853.000
2015-12-07,1867.000,1886.000,1857.000,1881.000,811986,438782,1873.000
2015-12-08,1875.000,1879.000,1819.000,1824.000,1063712,514916,1843.000
2015-12-09,1822.000,1852.000,1817.000,1842.000,947042,553536,1837.000
2015-12-10,1846.000,1862.000,1835.000,1844.000,738226,564386,1845.000
2015-12-11,1842.000,1891.000,1838.000,1888.000,1062570,517744,1863.000
2015-12-14,1887.000,1890.000,1867.000,1885.000,766534,502678,1880.000
2015-12-15,1880.000,1921.000,1873.000,1894.000,1105716,501130,1900.000
2015-12-16,1894.000,1908.000,1878.000,1899.000,1084126,538722,1894.000
2015-12-17,1897.000,1917.000,1864.000,1865.000,1318662,555838,1891.000
2015-12-18,1865.000,1907.000,1859.000,1906.000,1076426,568312,1885.000
2015-12-21,1911.000,1941.000,1899.000,1936.000,1273230,546054,1917.000
2015-12-22,1936.000,1947.000,1923.000,1931.000,1093574,541662,1934.000
2015-12-23,1933.000,1934.000,1909.000,1922.000,893198,521480,1921.000
2015-12-24,1920.000,1927.000,1904.000,1913.000,985276,520650,1917.000
2015-12-25,1910.000,1920.000,1896.000,1899.000,773746,535654,1907.000
2015-12-28,1896.000,1904.000,1868.000,1869.000,593152,562512,1885.000
2015-12-29,1870.000,1899.000,1868.000,1896.000,771598,560248,1884.000
2015-12-30,1894.000,1915.000,1893.000,1911.000,1079016,564370,1904.000
2015-12-31,1909.000,1924.000,1903.000,1918.000,788266,536740,1914.000
2016-01-04,1911.000,1924.000,1866.000,1870.000,683492,541854,1891.000
2016-01-05,1868.000,1885.000,1854.000,1883.000,950922,544460,1871.000
2016-01-06,1883.000,1886.000,1859.000,1872.000,945564,561082,1873.000
2016-01-07,1867.000,1902.000,1864.000,1893.000,1155884,560304,1889.000
2016-01-08,1893.000,1913.000,1885.000,1909.000,990160,575358,1901.000
2016-01-11,1910.000,1918.000,1888.000,1895.000,787338,567624,1901.000
2016-01-12,1895.000,1922.000,1885.000,1898.000,1381250,587602,1902.000
2016-01-13,1898.000,1928.000,1877.000,1886.000,1794782,681694,1901.000
2016-01-14,1889.000,1914.000,1878.000,1909.000,1360570,684138,1898.000
2016-01-15,1909.000,1922.000,1903.000,1910.000,1167196,664146,1912.000
2016-01-18,1902.000,1983.000,1900.000,1974.000,1804450,727538,1945.000
2016-01-19,1973.000,1976.000,1954.000,1962.000,1312468,671874,1963.000
2016-01-20,1956.000,1972.000,1944.000,1957.000,1199604,681608,1958.000
2016-01-21,1955.000,1960.000,1936.000,1944.000,1116288,656068,1949.000
2016-01-22,1945.000,1973.000,1943.000,1965.000,1003374,629676,1959.000
2016-01-25,1968.000,1978.000,1950.000,1954.000,876910,597326,1962.000
2016-01-26,1955.000,1969.000,1946.000,1959.000,645746,595482,1959.000
2016-01-27,1962.000,1968.000,1949.000,1964.000,771944,571974,1957.000
2016-01-28,1965.000,1985.000,1956.000,1963.000,1224576,576994,1970.000
2016-01-29,1965.000,1965.000,1929.000,1932.000,948928,543544,1944.000
2016-02-01,1930.000,1961.000,1930.000,1952.000,665332,516298,1946.000
2016-02-02,1948.000,1963.000,1942.000,1962.000,520216,514832,1953.000
2016-02-03,1959.000,1966.000,1951.000,1958.000,400924,480472,1957.000
2016-02-04,1959.000,1960.000,1940.000,1945.000,471340,435508,1950.000
2016-02-05,1946.000,1948.000,1913.000,1921.000,428712,389510,1932.000
2016-02-15,1901.000,1925.000,1892.000,1893.000,364630,417464,1913.000
2016-02-16,1895.000,1923.000,1893.000,1913.000,724918,480420,1912.000
2016-02-17,1914.000,1927.000,1897.000,1900.000,739154,475364,1912.000
2016-02-18,1900.000,1913.000,1895.000,1904.000,650750,480596,1905.000
2016-02-19,1904.000,1911.000,1880.000,1897.000,937312,499780,1896.000
2016-02-22,1896.000,1932.000,1891.000,1929.000,895464,519500,1913.000
2016-02-23,1930.000,1940.000,1914.000,1918.000,766174,506038,1926.000
2016-02-24,1919.000,1927.000,1882.000,1884.000,901272,516138,1902.000
2016-02-25,1885.000,1891.000,1873.000,1880.000,906360,573156,1882.000
2016-02-26,1884.000,1893.000,1861.000,1870.000,799178,576510,1879.000
2016-02-29,1871.000,1884.000,1824.000,1836.000,1112942,602462,1848.000
2016-03-01,1838.000,1851.000,1829.000,1848.000,837200,580940,1841.000
2016-03-02,1854.000,1874.000,1848.000,1859.000,977998,546402,1861.000
2016-03-03,1860.000,1892.000,1855.000,1887.000,1015976,511868,1875.000
2016-03-04,1884.000,1912.000,1882.000,1909.000,993140,492374,1898.000
2016-03-07,1913.000,1974.000,1912.000,1965.000,1753242,470460,1951.000
2016-03-08,1965.000,1998.000,1919.000,1927.000,1423306,431124,1957.000
2016-03-09,1930.000,1947.000,1910.000,1930.000,776928,425884,1930.000
2016-03-10,1935.000,1951.000,1896.000,1897.000,971216,403004,1916.000
2016-03-11,1899.000,1925.000,1878.000,1915.000,757268,395544,1902.000
2016-03-14,1918.000,1940.000,1914.000,1915.000,359046,438272,1928.000
2016-03-15,1914.000,1926.000,1896.000,1898.000,469436,445234,1911.000
2016-03-16,1894.000,1902.000,1881.000,1885.000,357976,456720,1891.000
2016-03-17,1885.000,1914.000,1875.000,1912.000,555088,449096,1899.000
2016-03-18,1918.000,1948.000,1906.000,1939.000,1197182,514806,1926.000
2016-03-21,1937.000,1945.000,1914.000,1926.000,905496,509570,1931.000
2016-03-22,1927.000,1988.000,1926.000,1975.000,1868526,638826,1963.000
2016-03-23,1975.000,2010.000,1968.000,1977.000,2027936,653568,1991.000
2016-03-24,1970.000,2026.000,1960.000,2009.000,2707410,848034,1998.000
2016-03-25,2000.000,2035.000,1999.000,2012.000,2954438,855576,2018.000
2016-03-28,2015.000,2031.000,1986.000,1990.000,2196130,863240,2011.000
2016-03-29,1988.000,2014.000,1978.000,1981.000,2040738,868914,1994.000
2016-03-30,1982.000,1996.000,1968.000,1984.000,1663068,861898,1985.000
2016-03-31,1990.000,1994.000,1938.000,1943.000,1627472,798440,1964.000
2016-04-01,1943.000,1961.000,1934.000,1946.000,1378382,754810,1949.000
2016-04-05,1861.000,1892.000,1842.000,1885.000,59554,127586,1879.000
2016-04-06,1967.000,1980.000,1948.000,1955.000,1209004,788400,1963.000
2016-04-07,1950.000,1972.000,1947.000,1961.000,847298,769826,1962.000
2016-04-08,1964.000,1975.000,1947.000,1952.000,908954,775204,1959.000
2016-04-11,1956.000,1999.000,1956.000,1984.000,1506566,832866,1977.000
2016-04-12,1986.000,2026.000,1981.000,2025.000,1780190,909370,2006.000
2016-04-13,2033.000,2083.000,2028.000,2050.000,2503406,803462,2055.000
2016-04-14,2054.000,2098.000,2047.000,2070.000,1836596,809924,2072.000
2016-04-15,2068.000,2081.000,2056.000,2065.000,1326138,819434,2068.000
2016-04-18,2056.000,2112.000,2044.000,2098.000,1705114,805614,2081.000
2016-04-19,2098.000,2116.000,2089.000,2110.000,1433626,820064,2102.000
2016-04-20,2118.000,2187.000,2118.000,2185.000,2701274,744702,2164.000
2016-04-21,2171.000,2251.000,2159.000,2251.000,1745276,704762,2209.000
2016-04-22,2242.000,2296.000,2124.000,2137.000,2321266,572176,2198.000
2016-04-25,2140.000,2214.000,2110.000,2139.000,2430788,642428,2149.000
2016-04-26,2143.000,2207.000,2131.000,2181.000,2683854,622256,2172.000
2016-04-27,2190.000,2216.000,2156.000,2192.000,2425692,644932,2188.000
2016-04-28,2198.000,2202.000,2132.000,2160.000,1894680,626126,2163.000
2016-04-29,2161.000,2209.000,2147.000,2151.000,2054066,603460,2178.000
2016-05-03,2120.000,2120.000,2025.000,2120.000,618,13148,2096.000
2016-05-04,2224.000,2237.000,2164.000,2192.000,2297164,584486,2199.000
2016-05-05,2185.000,2249.000,2179.000,2217.000,3215484,656552,2221.000
2016-05-06,2240.000,2251.000,2148.000,2176.000,3074180,610976,2196.000
2016-05-09,2180.000,2224.000,2159.000,2204.000,2674340,596856,2190.000
2016-05-10,2195.000,2202.000,2121.000,2174.000,2872132,613164,2163.000
2016-05-11,2188.000,2272.000,2151.000,2272.000,2103536,653272,2212.000
2016-05-12,2286.000,2337.000,2241.000,2300.000,3196446,609276,2284.000
2016-05-13,2300.000,2316.000,2220.000,2240.000,2967822,594944,2259.000
2016-05-16,2235.000,2281.000,2194.000,2272.000,3007292,599500,2240.000
2016-05-17,2264.000,2332.000,2260.000,2329.000,2467054,667810,2289.000
2016-05-18,2329.000,2404.000,2320.000,2363.000,3996630,717514,2371.000
2016-05-19,2364.000,2391.000,2335.000,2383.000,3707676,729678,2363.000
2016-05-20,2372.000,2409.000,2344.000,2409.000,3671050,805014,2374.000
2016-05-23,2430.000,2443.000,2326.000,2347.000,4171576,741244,2378.000
2016-05-24,2351.000,2353.000,2259.000,2259.000,3080588,713650,2301.000
2016-05-25,2231.000,2278.000,2203.000,2253.000,3338440,675558,2242.000
2016-05-26,2269.000,2352.000,2259.000,2346.000,4129700,695878,2306.000
2016-05-27,2351.000,2365.000,2286.000,2341.000,4230252,708954,2320.000
2016-05-30,2330.000,2436.000,2323.000,2436.000,4843350,817000,2382.000
2016-05-31,2440.000,2460.000,2412.000,2426.000,3367126,795744,2436.000
2016-06-01,2423.000,2453.000,2371.000,2399.000,4473308,870862,2412.000
2016-06-02,2398.000,2520.000,2386.000,2498.000,4632422,1016562,2462.000
2016-06-03,2507.000,2556.000,2481.000,2553.000,4176714,1054782,2520.000
2016-06-06,2570.000,2578.000,2526.000,2567.000,3651898,1010620,2552.000
2016-06-07,2568.000,2603.000,2541.000,2581.000,4226136,1004428,2571.000
2016-06-08,2573.000,2590.000,2538.000,2590.000,3385966,928260,2565.000
2016-06-13,2669.000,2694.000,2640.000,2694.000,968006,905916,2665.000
2016-06-14,2721.000,2781.000,2627.000,2655.000,4870246,754576,2704.000
2016-06-15,2669.000,2731.000,2643.000,2712.000,5904132,1008740,2689.000
2016-06-16,2730.000,2740.000,2607.000,2620.000,5676760,906788,2667.000
2016-06-17,2621.000,2660.000,2584.000,2657.000,4368494,950072,2620.000
2016-06-20,2662.000,2696.000,2642.000,2684.000,3696476,1001538,2667.000
2016-06-21,2677.000,2711.000,2652.000,2661.000,4044748,976328,2677.000
2016-06-22,2629.000,2675.000,2603.000,2675.000,3445900,967176,2638.000
2016-06-23,2655.000,2692.000,2613.000,2635.000,4167636,957184,2658.000
2016-06-24,2634.000,2694.000,2624.000,2632.000,6092828,937838,2657.000
2016-06-27,2619.000,2742.000,2612.000,2738.000,4043722,1020548,2680.000
2016-06-28,2730.000,2814.000,2718.000,2814.000,3766696,1031874,2766.000
2016-06-29,2850.000,2877.000,2775.000,2818.000,4740962,861656,2826.000
2016-06-30,2814.000,2895.000,2803.000,2889.000,4387536,1030086,2856.000
2016-07-01,2882.000,2972.000,2840.000,2908.000,4322182,958392,2894.000
2016-07-04,2900.000,3003.000,2894.000,2930.000,4055120,830648,2946.000
2016-07-05,2932.000,2944.000,2798.000,2814.000,4144514,733880,2852.000
2016-07-06,2805.000,2853.000,2710.000,2724.000,4949224,673726,2769.000
2016-07-07,2690.000,2755.000,2630.000,2630.000,3729152,680322,2687.000
2016-07-08,2639.000,2646.000,2507.000,2528.000,3866298,568960,2574.000
2016-07-11,2546.000,2595.000,2501.000,2540.000,4255516,689408,2545.000
2016-07-12,2544.000,2591.000,2512.000,2579.000,4565966,601080,2560.000
2016-07-13,2576.000,2688.000,2563.000,2688.000,5063136,572402,2652.000
2016-07-14,2710.000,2754.000,2675.000,2702.000,3395364,514348,2714.000
2016-07-15,2706.000,2711.000,2578.000,2578.000,2535116,549744,2634.000
2016-07-18,2560.000,2598.000,2522.000,2538.000,2132296,488602,2562.000
2016-07-19,2533.000,2606.000,2524.000,2589.000,2917416,534216,2567.000
2016-07-20,2577.000,2584.000,2460.000,2517.000,3588336,568412,2525.000
2016-07-21,2510.000,2568.000,2470.000,2554.000,2936482,576244,2511.000
2016-07-22,2555.000,2584.000,2439.000,2450.000,3264174,566106,2512.000
2016-07-25,2438.000,2476.000,2416.000,2458.000,2316252,541862,2450.000
2016-07-26,2464.000,2492.000,2435.000,2485.000,2195534,540456,2462.000
2016-07-27,2473.000,2537.000,2468.000,2492.000,2318196,530608,2504.000
2016-07-28,2512.000,2544.000,2474.000,2492.000,2195550,512310,2512.000
2016-07-29,2485.000,2539.000,2464.000,2474.000,2133200,518432,2503.000
2016-08-01,2483.000,2531.000,2479.000,2509.000,1459944,516974,2507.000
2016-08-02,2500.000,2511.000,2425.000,2466.000,1579688,453848,2469.000
2016-08-03,2460.000,2492.000,2448.000,2469.000,1158120,419044,2469.000
2016-08-04,2482.000,2485.000,2406.000,2453.000,1227374,369698,2451.000
2016-08-05,2316.000,2375.000,2307.000,2370.000,1475170,503702,2342.000
2016-08-08,2367.000,2406.000,2354.000,2357.000,1450448,522486,2374.000
2016-08-09,2361.000,2403.000,2346.000,2384.000,1541746,551164,2378.000
2016-08-10,2375.000,2446.000,2365.000,2442.000,1834610,637020,2420.000
2016-08-11,2436.000,2447.000,2403.000,2408.000,1465870,637674,2426.000
2016-08-12,2407.000,2427.000,2378.000,2390.000,1502164,672466,2402.000
2016-08-15,2381.000,2442.000,2338.000,2431.000,1866548,680374,2393.000
2016-08-16,2427.000,2463.000,2410.000,2419.000,1891252,693468,2440.000
2016-08-17,2422.000,2433.000,2399.000,2412.000,1446296,719260,2416.000
2016-08-18,2417.000,2444.000,2353.000,2359.000,2080200,740854,2408.000
2016-08-19,2360.000,2368.000,2289.000,2309.000,2157718,717662,2328.000
2016-08-22,2308.000,2336.000,2297.000,2325.000,1279528,696740,2318.000
2016-08-23,2321.000,2354.000,2306.000,2312.000,1293212,710486,2329.000
2016-08-24,2318.000,2326.000,2273.000,2278.000,1600962,745936,2298.000
2016-08-25,2279.000,2324.000,2261.000,2319.000,1805816,750214,2290.000
2016-08-26,2322.000,2328.000,2281.000,2294.000,1910288,712626,2301.000
2016-08-29,2305.000,2318.000,2268.000,2280.000,1554290,749226,2296.000
2016-08-30,2276.000,2290.000,2260.000,2268.000,1161526,749564,2275.000
2016-08-31,2270.000,2277.000,2226.000,2236.000,1208624,790192,2250.000
2016-09-01,2227.000,2233.000,2181.000,2214.000,1642392,834518,2211.000
2016-09-02,2214.000,2244.000,2202.000,2209.000,1299828,812106,2221.000
2016-09-05,2220.000,2233.000,2175.000,2185.000,1352306,838050,2208.000
2016-09-06,2190.000,2227.000,2181.000,2223.000,1150760,797022,2207.000
2016-09-07,2220.000,2275.000,2213.000,2266.000,1588302,758042,2243.000
2016-09-08,2268.000,2282.000,2253.000,2273.000,1173352,748902,2268.000
2016-09-09,2274.000,2282.000,2250.000,2262.000,924080,726126,2263.000
2016-09-12,2260.000,2311.000,2240.000,2270.000,1341938,694898,2270.000
2016-09-13,2277.000,2294.000,2245.000,2258.000,1246682,662424,2270.000
2016-09-14,2249.000,2254.000,2203.000,2221.000,1033886,630556,2222.000
2016-09-19,2259.000,2295.000,2253.000,2290.000,641914,624104,2277.000
2016-09-20,2289.000,2309.000,2276.000,2305.000,1125170,674098,2293.000
2016-09-21,2311.000,2335.000,2300.000,2308.000,1126184,672420,2316.000
2016-09-22,2310.000,2329.000,2269.000,2276.000,1479178,664800,2299.000
2016-09-23,2288.000,2294.000,2235.000,2241.000,1202412,679216,2264.000
2016-09-26,2242.000,2253.000,2218.000,2223.000,939856,669680,2240.000
2016-09-27,2219.000,2229.000,2190.000,2200.000,986652,659486,2213.000
2016-09-28,2204.000,2210.000,2182.000,2203.000,749026,639132,2199.000
2016-09-29,2201.000,2235.000,2197.000,2214.000,786738,565278,2219.000
2016-09-30,2214.000,2226.000,2152.000,2171.000,988838,498562,2179.000
2016-10-10,2168.000,2180.000,2121.000,2148.000,497364,543514,2143.000
2016-10-11,2147.000,2176.000,2145.000,2170.000,826084,569784,2162.000
2016-10-12,2171.000,2196.000,2132.000,2144.000,1175786,597518,2168.000
2016-10-13,2150.000,2174.000,2124.000,2135.000,1067380,622080,2149.000
2016-10-14,2144.000,2185.000,2121.000,2174.000,1179544,571582,2158.000
2016-10-17,2178.000,2221.000,2175.000,2219.000,1404292,585452,2199.000
2016-10-18,2223.000,2233.000,2196.000,2228.000,1032548,570942,2218.000
2016-10-19,2219.000,2239.000,2181.000,2195.000,1093024,574088,2212.000
2016-10-20,2192.000,2257.000,2187.000,2253.000,1162624,592498,2227.000
2016-10-21,2256.000,2269.000,2228.000,2266.000,1222936,592406,2250.000
2016-10-24,2270.000,2287.000,2244.000,2286.000,1009808,592194,2266.000
2016-10-25,2289.000,2297.000,2251.000,2259.000,1120800,565114,2273.000
2016-10-26,2261.000,2297.000,2234.000,2291.000,1448778,542398,2271.000
2016-10-27,2291.000,2358.000,2280.000,2351.000,1685326,586466,2320.000
2016-10-28,2338.000,2361.000,2330.000,2340.000,1024464,546954,2343.000
2016-10-31,2336.000,2353.000,2303.000,2305.000,915200,563904,2323.000
2016-11-01,2299.000,2330.000,2288.000,2298.000,1034632,578838,2312.000
2016-11-02,2302.000,2319.000,2196.000,2196.000,1439360,589794,2252.000
2016-11-03,2203.000,2212.000,2180.000,2192.000,1046170,592270,2196.000
2016-11-04,2199.000,2215.000,2153.000,2166.000,1153650,584850,2183.000
2016-11-07,2171.000,2219.000,2166.000,2210.000,960156,543514,2192.000
2016-11-08,2206.000,2247.000,2201.000,2233.000,1111942,522094,2221.000
2016-11-09,2233.000,2245.000,2177.000,2198.000,1215468,537176,2214.000
2016-11-10,2212.000,2325.000,2211.000,2325.000,2040344,517140,2267.000
2016-11-11,2329.000,2426.000,2327.000,2405.000,2019370,516354,2383.000
2016-11-14,2400.000,2447.000,2263.000,2263.000,1492738,440262,2316.000
2016-11-15,2246.000,2294.000,2209.000,2247.000,852174,371420,2251.000
2016-11-16,2251.000,2319.000,2251.000,2315.000,1084060,430510,2289.000
2016-11-17,2310.000,2336.000,2290.000,2318.000,1009110,441456,2314.000
2016-11-18,2320.000,2330.000,2273.000,2295.000,853508,419730,2294.000
2016-11-21,2295.000,2403.000,2295.000,2383.000,1226780,494658,2351.000
2016-11-22,2383.000,2445.000,2363.000,2414.000,1069704,449890,2409.000
2016-11-23,2406.000,2462.000,2370.000,2412.000,825710,438834,2425.000
2016-11-24,2410.000,2444.000,2362.000,2377.000,842414,378214,2408.000
2016-11-25,2386.000,2419.000,2366.000,2393.000,562684,344400,2390.000
2016-11-28,2437.000,2551.000,2436.000,2534.000,795102,532978,2503.000
2016-11-29,2528.000,2553.000,2483.000,2508.000,819504,571174,2522.000
2016-11-30,2490.000,2503.000,2414.000,2450.000,999372,513338,2459.000
2016-12-01,2460.000,2510.000,2426.000,2456.000,1078832,546998,2467.000
2016-12-02,2460.000,2471.000,2396.000,2422.000,933996,565972,2427.000
2016-12-05,2422.000,2455.000,2409.000,2447.000,779096,616304,2436.000
2016-12-06,2455.000,2483.000,2420.000,2446.000,867904,606450,2460.000
2016-12-07,2457.000,2484.000,2447.000,2468.000,866980,635900,2467.000
2016-12-08,2466.000,2478.000,2418.000,2429.000,820228,613744,2444.000
2016-12-09,2435.000,2436.000,2358.000,2388.000,873588,600414,2390.000
2016-12-12,2396.000,2464.000,2386.000,2443.000,788574,590814,2430.000
2016-12-13,2435.000,2473.000,2431.000,2470.000,790906,648938,2453.000
2016-12-14,2474.000,2480.000,2411.000,2418.000,876914,613668,2443.000
2016-12-15,2416.000,2435.000,2391.000,2426.000,612922,623042,2416.000
2016-12-16,2418.000,2458.000,2406.000,2431.000,710566,629688,2435.000
2016-12-19,2430.000,2463.000,2412.000,2429.000,902696,631930,2442.000
2016-12-20,2423.000,2433.000,2335.000,2343.000,1015272,591352,2381.000
2016-12-21,2348.000,2357.000,2320.000,2327.000,788458,611328,2339.000
2016-12-22,2330.000,2354.000,2300.000,2306.000,654310,620368,2329.000
2016-12-23,2302.000,2328.000,2288.000,2318.000,712160,615856,2311.000
2016-12-26,2324.000,2335.000,2265.000,2281.000,702348,625090,2297.000
2016-12-27,2280.000,2325.000,2279.000,2320.000,533988,585036,2304.000
2016-12-28,2329.000,2363.000,2325.000,2342.000,592668,549396,2341.000
2016-12-29,2349.000,2350.000,2307.000,2336.000,501190,527582,2332.000
2016-12-30,2344.000,2356.000,2302.000,2308.000,555082,513852,2324.000
2017-01-03,2496.000,2496.000,2372.000,2372.000,1658,10868,2424.000
2017-01-04,2279.000,2314.000,2261.000,2310.000,627512,571046,2291.000
2017-01-05,2312.000,2336.000,2297.000,2301.000,528206,564484,2313.000
2017-01-06,2298.000,2313.000,2282.000,2296.000,448700,566928,2296.000
2017-01-09,2296.000,2316.000,2270.000,2290.000,692348,617382,2293.000
2017-01-10,2292.000,2313.000,2272.000,2291.000,730262,661598,2291.000
2017-01-11,2290.000,2347.000,2286.000,2331.000,963544,645714,2321.000
2017-01-12,2329.000,2345.000,2312.000,2324.000,600514,607116,2330.000
2017-01-13,2327.000,2412.000,2324.000,2386.000,901686,642622,2373.000
2017-01-16,2388.000,2433.000,2377.000,2426.000,671720,663630,2408.000
2017-01-17,2425.000,2462.000,2416.000,2435.000,685680,644878,2437.000
2017-01-18,2448.000,2462.000,2419.000,2446.000,628656,624882,2439.000
2017-01-19,2441.000,2473.000,2431.000,2464.000,605942,664100,2453.000
2017-01-20,2461.000,2468.000,2422.000,2432.000,535538,606536,2440.000
2017-01-23,2432.000,2439.000,2407.000,2432.000,456828,629792,2426.000
2017-01-24,2430.000,2457.000,2419.000,2443.000,452302,631250,2439.000
2017-01-25,2445.000,2445.000,2385.000,2391.000,551462,595760,2407.000
2017-01-26,2396.000,2426.000,2396.000,2414.000,304004,530166,2411.000
2017-02-03,2400.000,2431.000,2364.000,2405.000,273584,552454,2402.000
2017-02-06,2404.000,2469.000,2403.000,2452.000,939964,753160,2439.000
2017-02-07,2455.000,2480.000,2444.000,2450.000,536126,776398,2456.000
2017-02-08,2448.000,2494.000,2420.000,2493.000,739534,824552,2468.000
2017-02-09,2494.000,2508.000,2474.000,2480.000,534478,770320,2490.000
2017-02-10,2480.000,2522.000,2476.000,2518.000,697612,834790,2498.000
2017-02-13,2518.000,2538.000,2496.000,2506.000,619212,793262,2516.000
2017-02-14,2511.000,2526.000,2480.000,2480.000,606304,794246,2502.000
2017-02-15,2488.000,2491.000,2461.000,2465.000,542894,782030,2477.000
2017-02-16,2458.000,2512.000,2450.000,2478.000,688224,779974,2488.000
2017-02-17,2478.000,2505.000,2421.000,2430.000,873734,724566,2465.000
2017-02-20,2434.000,2447.000,2423.000,2438.000,382390,691052,2436.000
2017-02-21,2442.000,2487.000,2432.000,2467.000,640358,661664,2461.000
2017-02-22,2467.000,2477.000,2414.000,2429.000,573610,658224,2444.000
2017-02-23,2430.000,2444.000,2384.000,2384.000,552650,619144,2417.000
2017-02-24,2385.000,2397.000,2360.000,2394.000,470470,610826,2382.000
2017-02-27,2396.000,2416.000,2384.000,2411.000,428776,602928,2404.000
2017-02-28,2415.000,2420.000,2391.000,2396.000,386186,606580,2403.000
2017-03-01,2396.000,2446.000,2393.000,2426.000,584536,598994,2425.000
2017-03-02,2434.000,2465.000,2425.000,2459.000,451766,587098,2448.000
2017-03-03,2453.000,2457.000,2427.000,2450.000,366322,581046,2442.000
2017-03-06,2451.000,2491.000,2440.000,2488.000,557836,644552,2468.000
2017-03-07,2484.000,2493.000,2471.000,2480.000,410510,620928,2482.000
2017-03-08,2477.000,2479.000,2421.000,2423.000,541972,576620,2447.000
2017-03-09,2415.000,2434.000,2406.000,2421.000,384184,537324,2422.000
2017-03-10,2413.000,2422.000,2380.000,2384.000,459766,534830,2399.000
2017-03-13,2385.000,2408.000,2375.000,2395.000,387710,494770,2392.000
2017-03-14,2395.000,2416.000,2342.000,2358.000,639526,552924,2376.000
2017-03-15,2352.000,2398.000,2335.000,2388.000,510598,447406,2371.000
2017-03-16,2392.000,2401.000,2361.000,2381.000,338342,469088,2382.000
2017-03-17,2387.000,2392.000,2347.000,2370.000,394532,455280,2366.000
2017-03-20,2386.000,2438.000,2380.000,2434.000,354602,539272,2416.000
2017-03-21,2429.000,2445.000,2398.000,2412.000,475334,591044,2422.000
2017-03-22,2411.000,2418.000,2388.000,2407.000,627296,647822,2405.000
2017-03-23,2404.000,2414.000,2354.000,2354.000,897572,710214,2383.000
2017-03-24,2351.000,2374.000,2331.000,2338.000,634322,665596,2348.000
2017-03-27,2340.000,2348.000,2310.000,2341.000,633482,710102,2333.000
2017-03-28,2339.000,2353.000,2330.000,2338.000,575496,704086,2343.000
2017-03-29,2345.000,2365.000,2326.000,2360.000,737514,748286,2345.000
2017-03-30,2359.000,2362.000,2327.000,2339.000,593020,740078,2343.000
2017-03-31,2339.000,2354.000,2302.000,2334.000,872198,749918,2332.000
2017-04-05,2306.000,2328.000,2299.000,2316.000,458744,792230,2316.000
2017-04-06,2316.000,2332.000,2305.000,2319.000,618666,874868,2318.000
2017-04-07,2321.000,2323.000,2283.000,2289.000,694136,864950,2300.000
2017-04-10,2293.000,2340.000,2292.000,2326.000,742592,853534,2316.000
2017-04-11,2331.000,2338.000,2309.000,2332.000,532954,847834,2326.000
2017-04-12,2328.000,2379.000,2306.000,2365.000,1020838,908484,2352.000
2017-04-13,2370.000,2408.000,2360.000,2408.000,770008,882566,2385.000
2017-04-14,2410.000,2423.000,2395.000,2410.000,795208,872004,2409.000
2017-04-17,2406.000,2429.000,2391.000,2419.000,795622,884808,2409.000
2017-04-18,2415.000,2428.000,2400.000,2405.000,807542,908902,2415.000
2017-04-19,2405.000,2450.000,2384.000,2449.000,983178,998990,2429.000
2017-04-20,2443.000,2455.000,2415.000,2441.000,859876,1036024,2433.000
2017-04-21,2442.000,2445.000,2418.000,2436.000,692256,1030796,2431.000
2017-04-24,2435.000,2479.000,2421.000,2464.000,1007502,1119082,2457.000
2017-04-25,2468.000,2474.000,2451.000,2460.000,528442,1061080,2462.000
2017-04-26,2459.000,2470.000,2403.000,2403.000,1149058,1068532,2432.000
2017-04-27,2409.000,2419.000,2389.000,2392.000,790776,1030846,2403.000
2017-04-28,2396.000,2414.000,2393.000,2399.000,609096,1005384,2403.000
2017-05-02,2424.000,2486.000,2424.000,2477.000,832042,1076436,2462.000
2017-05-03,2471.000,2478.000,2457.000,2467.000,606532,1059782,2468.000
2017-05-04,2468.000,2483.000,2446.000,2473.000,1166942,1096866,2468.000
2017-05-05,2467.000,2494.000,2446.000,2449.000,1279706,1102338,2470.000
2017-05-08,2462.000,2473.000,2412.000,2420.000,1204404,1048500,2442.000
2017-05-09,2420.000,2425.000,2400.000,2414.000,643954,1003548,2413.000
2017-05-10,2416.000,2438.000,2413.000,2430.000,614200,1001326,2428.000
2017-05-11,2429.000,2441.000,2402.000,2431.000,869842,1020934,2421.000
2017-05-12,2428.000,2433.000,2368.000,2372.000,1018510,1026590,2401.000
2017-05-15,2371.000,2384.000,2357.000,2358.000,702662,1006258,2369.000
2017-05-16,2365.000,2373.000,2336.000,2346.000,659628,1036198,2353.000
2017-05-17,2351.000,2379.000,2349.000,2373.000,611966,980466,2365.000
2017-05-18,2373.000,2376.000,2317.000,2327.000,695354,1041764,2339.000
2017-05-19,2310.000,2336.000,2296.000,2323.000,715870,1024004,2322.000
2017-05-22,2330.000,2356.000,2311.000,2345.000,850594,1054600,2338.000
2017-05-23,2342.000,2351.000,2319.000,2322.000,574934,1040684,2336.000
2017-05-24,2326.000,2343.000,2307.000,2330.000,814248,1103122,2326.000
2017-05-25,2338.000,2346.000,2322.000,2330.000,583418,1057100,2334.000
2017-05-26,2334.000,2334.000,2290.000,2293.000,651298,1094686,2307.000
2017-05-31,2266.000,2271.000,2176.000,2187.000,916950,1033388,2218.000
2017-06-01,2193.000,2217.000,2191.000,2205.000,564464,1007000,2206.000
2017-06-02,2215.000,2228.000,2192.000,2207.000,505586,1022662,2210.000
2017-06-05,2215.000,2249.000,2212.000,2219.000,654848,984802,2230.000
2017-06-06,2221.000,2229.000,2208.000,2218.000,493134,974316,2219.000
2017-06-07,2218.000,2245.000,2215.000,2223.000,526836,963044,2229.000
2017-06-08,2236.000,2240.000,2221.000,2232.000,494404,950422,2231.000
2017-06-09,2236.000,2258.000,2232.000,2237.000,614120,922636,2243.000
2017-06-12,2243.000,2255.000,2221.000,2235.000,617606,933488,2236.000
2017-06-13,2225.000,2229.000,2211.000,2221.000,473910,925386,2221.000
2017-06-14,2224.000,2252.000,2222.000,2243.000,585590,890578,2241.000
2017-06-15,2244.000,2268.000,2227.000,2238.000,480172,872464,2240.000
2017-06-16,2228.000,2267.000,2220.000,2253.000,563270,865062,2248.000
2017-06-19,2257.000,2286.000,2246.000,2272.000,552000,822194,2266.000
2017-06-20,2265.000,2277.000,2259.000,2275.000,318052,797514,2269.000
2017-06-21,2265.000,2279.000,2255.000,2273.000,455792,801166,2268.000
2017-06-22,2275.000,2282.000,2228.000,2232.000,572090,836558,2249.000
2017-06-23,2218.000,2235.000,2210.000,2219.000,440118,842384,2221.000
2017-06-26,2223.000,2236.000,2214.000,2228.000,322450,807478,2227.000
2017-06-27,2233.000,2234.000,2217.000,2230.000,333060,833270,2226.000
2017-06-28,2237.000,2245.000,2214.000,2224.000,414186,843976,2231.000
2017-06-29,2227.000,2240.000,2222.000,2234.000,416108,828644,2231.000
2017-06-30,2240.000,2262.000,2202.000,2216.000,803184,888284,2234.000
2017-07-03,2218.000,2337.000,2218.000,2328.000,1049980,775484,2301.000
2017-07-04,2332.000,2343.000,2319.000,2341.000,723954,703018,2332.000
2017-07-05,2341.000,2348.000,2326.000,2344.000,473992,687816,2337.000
2017-07-06,2344.000,2363.000,2333.000,2343.000,643976,679578,2346.000
2017-07-07,2341.000,2362.000,2334.000,2349.000,450938,650380,2349.000
2017-07-10,2355.000,2425.000,2325.000,2406.000,949176,702958,2380.000
2017-07-11,2403.000,2427.000,2389.000,2411.000,578632,625858,2410.000
2017-07-12,2400.000,2426.000,2397.000,2416.000,383156,616164,2415.000
2017-07-13,2415.000,2449.000,2381.000,2393.000,879872,672236,2409.000
2017-07-14,2383.000,2395.000,2330.000,2340.000,742938,623264,2355.000
2017-07-17,2346.000,2361.000,2332.000,2335.000,527334,631286,2345.000
2017-07-18,2350.000,2356.000,2320.000,2339.000,489812,612200,2342.000
2017-07-19,2351.000,2356.000,2323.000,2334.000,486764,609704,2341.000
2017-07-20,2340.000,2352.000,2328.000,2345.000,513046,582894,2341.000
2017-07-21,2355.000,2366.000,2340.000,2358.000,536132,563786,2354.000
2017-07-24,2350.000,2357.000,2281.000,2289.000,614484,506948,2312.000
2017-07-25,2288.000,2339.000,2284.000,2330.000,498628,474912,2315.000
2017-07-26,2324.000,2329.000,2267.000,2276.000,476992,464478,2292.000
2017-07-27,2267.000,2300.000,2251.000,2285.000,369486,450322,2278.000
2017-07-28,2294.000,2312.000,2280.000,2291.000,457388,404564,2295.000
2017-07-31,2293.000,2333.000,2282.000,2333.000,458790,389996,2307.000
2017-08-01,2328.000,2342.000,2316.000,2317.000,318260,373184,2330.000
2017-08-02,2240.000,2245.000,2206.000,2215.000,232564,424108,2221.000
2017-08-03,2215.000,2224.000,2163.000,2165.000,282104,478480,2198.000
2017-08-04,2166.000,2188.000,2160.000,2182.000,307550,533468,2175.000
2017-08-07,2187.000,2205.000,2173.000,2190.000,363638,572310,2190.000
2017-08-08,2192.000,2232.000,2188.000,2229.000,455882,568112,2211.000
2017-08-09,2232.000,2246.000,2221.000,2242.000,382786,587398,2232.000
2017-08-10,2241.000,2259.000,2234.000,2252.000,450572,604034,2247.000
2017-08-11,2255.000,2278.000,2165.000,2177.000,877206,663194,2207.000
2017-08-14,2186.000,2188.000,2151.000,2166.000,391512,692638,2169.000
2017-08-15,2162.000,2174.000,2153.000,2157.000,376796,731398,2165.000
2017-08-16,2152.000,2159.000,2129.000,2140.000,416010,799058,2141.000
2017-08-17,2144.000,2159.000,2138.000,2152.000,405362,794652,2150.000
2017-08-18,2156.000,2162.000,2148.000,2150.000,289266,793818,2157.000
2017-08-21,2147.000,2176.000,2147.000,2165.000,492950,827528,2163.000
2017-08-22,2161.000,2186.000,2131.000,2184.000,744928,820716,2165.000
2017-08-23,2179.000,2194.000,2171.000,2182.000,655714,841822,2184.000
2017-08-24,2188.000,2190.000,2161.000,2176.000,530238,827362,2174.000
2017-08-25,2178.000,2185.000,2167.000,2177.000,392312,827392,2178.000
2017-08-28,2182.000,2205.000,2170.000,2194.000,597970,839476,2189.000
2017-08-29,2198.000,2199.000,2170.000,2177.000,438820,854950,2181.000
2017-08-30,2169.000,2179.000,2148.000,2155.000,480218,881558,2166.000
2017-08-31,2156.000,2161.000,2145.000,2151.000,323138,888986,2154.000
2017-09-01,2150.000,2168.000,2140.000,2153.000,424936,898074,2159.000
2017-09-04,2160.000,2174.000,2147.000,2166.000,556814,895912,2161.000
2017-09-05,2164.000,2180.000,2162.000,2170.000,422546,914330,2172.000
2017-09-06,2175.000,2194.000,2170.000,2177.000,553508,906874,2181.000
2017-09-07,2180.000,2201.000,2170.000,2192.000,582486,918346,2184.000
2017-09-08,2194.000,2199.000,2152.000,2163.000,628578,907006,2179.000
2017-09-11,2164.000,2177.000,2150.000,2172.000,386886,866706,2165.000
2017-09-12,2170.000,2183.000,2158.000,2166.000,407688,898290,2171.000
2017-09-13,2166.000,2179.000,2113.000,2123.000,986520,1015814,2143.000
2017-09-14,2126.000,2146.000,2121.000,2146.000,471810,914608,2135.000
2017-09-15,2146.000,2169.000,2143.000,2159.000,586120,888886,2159.000
2017-09-18,2158.000,2175.000,2138.000,2172.000,499770,837148,2158.000
2017-09-19,2168.000,2180.000,2155.000,2157.000,385438,827314,2167.000
2017-09-20,2158.000,2165.000,2145.000,2162.000,310862,817076,2155.000
2017-09-21,2160.000,2188.000,2152.000,2184.000,581714,876814,2170.000
2017-09-22,2184.000,2258.000,2175.000,2248.000,1220566,993994,2221.000
2017-09-25,2251.000,2270.000,2238.000,2258.000,742718,950030,2254.000
2017-09-26,2255.000,2258.000,2229.000,2244.000,508612,973792,2241.000
2017-09-27,2239.000,2246.000,2218.000,2243.000,481808,989140,2231.000
2017-09-28,2238.000,2251.000,2208.000,2220.000,578416,937656,2231.000
2017-09-29,2215.000,2237.000,2161.000,2174.000,702100,781648,2202.000
2017-10-09,2270.000,2327.000,2270.000,2315.000,8,9934,2296.000
2017-10-10,2215.000,2225.000,2206.000,2213.000,329536,768314,2215.000
2017-10-11,2220.000,2236.000,2199.000,2207.000,487514,820224,2217.000
2017-10-12,2207.000,2218.000,2197.000,2204.000,317074,810670,2208.000
2017-10-13,2206.000,2285.000,2198.000,2284.000,713040,897946,2257.000
2017-10-16,2288.000,2292.000,2267.000,2276.000,476092,883508,2279.000
2017-10-17,2278.000,2295.000,2260.000,2269.000,360826,899318,2276.000
2017-10-18,2263.000,2275.000,2258.000,2264.000,333418,866624,2267.000
2017-10-19,2267.000,2280.000,2257.000,2275.000,404176,858548,2271.000
2017-10-20,2277.000,2283.000,2264.000,2273.000,355508,833044,2272.000
2017-10-23,2275.000,2298.000,2236.000,2249.000,553386,880314,2262.000
2017-10-24,2248.000,2257.000,2240.000,2242.000,236076,832488,2248.000
2017-10-25,2240.000,2257.000,2233.000,2254.000,286972,829210,2247.000
2017-10-26,2256.000,2262.000,2220.000,2224.000,413100,816304,2240.000
2017-10-27,2228.000,2235.000,2205.000,2209.000,318250,769878,2220.000
2017-10-30,2211.000,2226.000,2209.000,2216.000,257596,762214,2217.000
2017-10-31,2216.000,2219.000,2191.000,2192.000,287980,777916,2202.000
2017-11-01,2195.000,2208.000,2187.000,2199.000,256698,744798,2199.000
2017-11-02,2197.000,2220.000,2189.000,2207.000,325274,733798,2207.000
2017-11-03,2205.000,2216.000,2199.000,2202.000,278574,725382,2207.000
2017-11-06,2202.000,2205.000,2180.000,2193.000,345264,747356,2191.000
2017-11-07,2193.000,2219.000,2191.000,2215.000,457336,693280,2206.000
2017-11-08,2210.000,2231.000,2209.000,2222.000,460254,679030,2221.000
2017-11-09,2222.000,2238.000,2212.000,2236.000,381424,667352,2225.000
2017-11-10,2237.000,2245.000,2199.000,2206.000,502810,660572,2218.000
2017-11-13,2206.000,2230.000,2204.000,2227.000,334380,631056,2218.000
2017-11-14,2222.000,2243.000,2217.000,2226.000,473100,614012,2229.000
2017-11-15,2227.000,2271.000,2226.000,2256.000,1077308,642344,2253.000
2017-11-16,2260.000,2294.000,2252.000,2284.000,706652,648102,2271.000
2017-11-17,2281.000,2297.000,2272.000,2277.000,615658,641116,2281.000
2017-11-20,2283.000,2337.000,2267.000,2328.000,759988,668146,2310.000
2017-11-21,2324.000,2354.000,2316.000,2343.000,586098,677908,2333.000
2017-11-22,2341.000,2346.000,2310.000,2327.000,547398,651758,2327.000
2017-11-23,2335.000,2344.000,2317.000,2319.000,478686,593354,2330.000
2017-11-24,2319.000,2339.000,2317.000,2333.000,267546,591530,2328.000
2017-11-27,2336.000,2346.000,2306.000,2310.000,499946,576002,2327.000
2017-11-28,2313.000,2326.000,2304.000,2314.000,291926,564616,2315.000
2017-11-29,2308.000,2321.000,2299.000,2311.000,290704,541036,2310.000
2017-11-30,2312.000,2325.000,2296.000,2301.000,378666,504250,2310.000
2017-12-01,2302.000,2302.000,2277.000,2281.000,361814,448426,2288.000
2017-12-04,2283.000,2351.000,2283.000,2341.000,382824,441468,2320.000
2017-12-05,2341.000,2349.000,2323.000,2329.000,243956,398174,2334.000
2017-12-06,2359.000,2404.000,2358.000,2394.000,480852,485442,2387.000
2017-12-07,2400.000,2400.000,2366.000,2373.000,486054,512396,2384.000
2017-12-08,2360.000,2372.000,2347.000,2367.000,449762,532282,2361.000
2017-12-11,2370.000,2380.000,2335.000,2347.000,368028,529436,2353.000
2017-12-12,2340.000,2359.000,2337.000,2345.000,319966,554744,2348.000
2017-12-13,2341.000,2362.000,2330.000,2350.000,418170,576734,2348.000
2017-12-14,2348.000,2357.000,2323.000,2326.000,380756,559560,2341.000
2017-12-15,2325.000,2338.000,2320.000,2324.000,313040,560370,2328.000
2017-12-18,2330.000,2342.000,2322.000,2339.000,347492,591642,2331.000
2017-12-19,2342.000,2361.000,2329.000,2333.000,476504,588998,2343.000
2017-12-20,2333.000,2343.000,2308.000,2315.000,407048,593406,2323.000
2017-12-21,2316.000,2322.000,2297.000,2300.000,350976,591662,2312.000
2017-12-22,2300.000,2307.000,2292.000,2299.000,263838,595824,2301.000
2017-12-25,2308.000,2318.000,2297.000,2304.000,296676,593648,2309.000
2017-12-26,2300.000,2333.000,2300.000,2328.000,366516,603238,2320.000
2017-12-27,2329.000,2341.000,2321.000,2336.000,315396,612128,2333.000
2017-12-28,2333.000,2339.000,2318.000,2327.000,300304,592822,2328.000
2017-12-29,2324.000,2334.000,2285.000,2290.000,499556,597038,2310.000
2018-01-02,2302.000,2306.000,2279.000,2288.000,276174,606340,2291.000
2018-01-03,2290.000,2303.000,2288.000,2294.000,331632,608344,2295.000
2018-01-04,2297.000,2298.000,2276.000,2283.000,410686,625648,2288.000
2018-01-05,2282.000,2302.000,2271.000,2293.000,494790,614906,2287.000
2018-01-08,2299.000,2301.000,2280.000,2280.000,354590,612182,2289.000
2018-01-09,2285.000,2311.000,2284.000,2296.000,495240,609004,2300.000
2018-01-10,2293.000,2303.000,2283.000,2287.000,383704,627854,2292.000
2018-01-11,2286.000,2293.000,2263.000,2270.000,454168,653666,2275.000
2018-01-12,2272.000,2274.000,2243.000,2246.000,402038,674188,2256.000
2018-01-15,2247.000,2279.000,2241.000,2270.000,380952,646858,2263.000
2018-01-16,2271.000,2275.000,2262.000,2269.000,197930,654806,2268.000
2018-01-17,2272.000,2285.000,2267.000,2280.000,391752,649644,2279.000
2018-01-18,2281.000,2286.000,2269.000,2275.000,319286,664428,2277.000
2018-01-19,2274.000,2298.000,2268.000,2294.000,550706,684942,2288.000
2018-01-22,2302.000,2306.000,2293.000,2302.000,347478,685606,2300.000
2018-01-23,2308.000,2314.000,2297.000,2305.000,341270,673756,2305.000
2018-01-24,2307.000,2309.000,2281.000,2283.000,407674,672672,2293.000
2018-01-25,2285.000,2321.000,2283.000,2315.000,488486,702932,2304.000
2018-01-26,2315.000,2317.000,2287.000,2298.000,436468,686806,2304.000
2018-01-29,2297.000,2342.000,2295.000,2340.000,640942,736776,2321.000
2018-01-30,2340.000,2350.000,2326.000,2343.000,525670,765688,2336.000
2018-01-31,2346.000,2353.000,2332.000,2345.000,440646,750854,2344.000
2018-02-01,2335.000,2344.000,2326.000,2338.000,417636,767900,2334.000
2018-02-02,2334.000,2337.000,2308.000,2311.000,480784,740180,2322.000
2018-02-05,2313.000,2324.000,2304.000,2313.000,420124,727818,2313.000
2018-02-06,2308.000,2318.000,2301.000,2303.000,375222,716698,2308.000
2018-02-07,2312.000,2342.000,2309.000,2335.000,592962,735226,2328.000
2018-02-08,2327.000,2340.000,2324.000,2338.000,338152,714578,2331.000
2018-02-09,2343.000,2346.000,2331.000,2334.000,343900,678470,2338.000
2018-02-12,2335.000,2381.000,2332.000,2380.000,553734,719488,2360.000
2018-02-13,2375.000,2389.000,2370.000,2371.000,351772,648932,2378.000
2018-02-14,2375.000,2387.000,2375.000,2380.000,222234,621236,2381.000
2018-02-22,2460.000,2472.000,2435.000,2464.000,317436,642430,2457.000
2018-02-23,2462.000,2465.000,2454.000,2461.000,339116,685542,2460.000
2018-02-26,2468.000,2485.000,2462.000,2466.000,477940,698702,2472.000
2018-02-27,2473.000,2479.000,2456.000,2463.000,385084,682228,2467.000
2018-02-28,2470.000,2500.000,2461.000,2493.000,524708,708234,2484.000
2018-03-01,2495.000,2508.000,2477.000,2506.000,554608,730554,2493.000
2018-03-02,2495.000,2613.000,2492.000,2578.000,1369656,753440,2557.000
2018-03-05,2578.000,2598.000,2556.000,2570.000,877516,713304,2574.000
2018-03-06,2576.000,2581.000,2545.000,2565.000,651644,704254,2564.000
2018-03-07,2568.000,2579.000,2542.000,2553.000,856306,697780,2560.000
2018-03-08,2547.000,2561.000,2534.000,2548.000,638694,687282,2548.000
2018-03-09,2543.000,2570.000,2520.000,2537.000,928606,663334,2548.000
2018-03-12,2535.000,2536.000,2502.000,2517.000,744650,650228,2517.000
2018-03-13,2514.000,2537.000,2509.000,2517.000,561376,631986,2523.000
2018-03-14,2517.000,2535.000,2513.000,2525.000,490040,628090,2524.000
2018-03-15,2527.000,2530.000,2485.000,2494.000,549466,588876,2503.000
2018-03-16,2503.000,2514.000,2487.000,2510.000,623510,562160,2500.000
2018-03-19,2507.000,2523.000,2479.000,2484.000,580570,530530,2501.000
2018-03-20,2478.000,2487.000,2467.000,2477.000,444016,503414,2477.000
2018-03-21,2475.000,2490.000,2469.000,2475.000,333510,493822,2478.000
2018-03-22,2481.000,2486.000,2459.000,2461.000,412786,478446,2475.000
2018-03-23,2460.000,2553.000,2457.000,2502.000,873218,435112,2497.000
2018-03-26,2490.000,2540.000,2459.000,2518.000,779008,406052,2505.000
2018-03-27,2528.000,2535.000,2483.000,2497.000,307852,498534,2505.000
2018-03-28,2500.000,2510.000,2489.000,2496.000,294206,520622,2499.000
2018-03-29,2494.000,2496.000,2468.000,2473.000,292166,517484,2478.000
2018-03-30,2473.000,2599.000,2469.000,2573.000,702926,566738,2549.000
2018-04-02,2570.000,2614.000,2565.000,2589.000,519022,600142,2587.000
2018-04-03,2589.000,2595.000,2561.000,2578.000,563184,609022,2578.000
2018-04-04,2580.000,2624.000,2576.000,2623.000,825642,618374,2603.000
2018-04-09,2734.000,2734.000,2683.000,2712.000,1317936,616094,2722.000
2018-04-10,2710.000,2721.000,2663.000,2686.000,1138280,638392,2695.000
2018-04-11,2681.000,2690.000,2657.000,2686.000,737742,646494,2675.000
2018-04-12,2687.000,2690.000,2658.000,2663.000,569148,629258,2673.000
2018-04-13,2661.000,2697.000,2653.000,2675.000,648932,646698,2676.000
2018-04-16,2670.000,2675.000,2637.000,2660.000,561710,658240,2659.000
2018-04-17,2666.000,2706.000,2630.000,2697.000,801958,683442,2659.000
2018-04-18,2694.000,2695.000,2646.000,2664.000,785050,676158,2666.000
2018-04-19,2668.000,2670.000,2643.000,2657.000,569276,668304,2656.000
2018-04-20,2651.000,2676.000,2650.000,2664.000,600428,664418,2664.000
2018-04-23,2656.000,2680.000,2634.000,2653.000,675516,655938,2654.000
2018-04-24,2651.000,2657.000,2642.000,2645.000,437596,659460,2648.000
2018-04-25,2641.000,2692.000,2636.000,2662.000,867428,685602,2666.000
2018-04-26,2663.000,2676.000,2642.000,2650.000,623248,689944,2658.000
2018-04-27,2651.000,2660.000,2621.000,2646.000,735410,677034,2641.000
2018-05-02,2682.000,2697.000,2665.000,2676.000,429250,658806,2683.000
2018-05-03,2674.000,2687.000,2663.000,2680.000,437566,654740,2675.000
2018-05-04,2675.000,2682.000,2634.000,2650.000,574250,653624,2658.000
2018-05-07,2648.000,2670.000,2618.000,2623.000,590572,651334,2649.000
2018-05-08,2623.000,2627.000,2551.000,2559.000,785812,669128,2583.000
2018-05-09,2564.000,2568.000,2555.000,2561.000,438428,661340,2564.000
2018-05-10,2555.000,2578.000,2547.000,2573.000,441630,670414,2563.000
2018-05-11,2574.000,2575.000,2520.000,2528.000,554876,677516,2544.000
2018-05-14,2524.000,2537.000,2494.000,2500.000,568886,667110,2520.000
2018-05-15,2504.000,2525.000,2488.000,2495.000,558946,663480,2507.000
2018-05-16,2493.000,2497.000,2404.000,2444.000,972078,635354,2445.000
2018-05-17,2444.000,2465.000,2423.000,2445.000,867776,615122,2446.000
2018-05-18,2446.000,2456.000,2412.000,2444.000,645458,620518,2438.000
2018-05-21,2440.000,2470.000,2420.000,2443.000,811808,642954,2446.000
2018-05-22,2442.000,2458.000,2428.000,2441.000,546066,634752,2443.000
2018-05-23,2450.000,2489.000,2445.000,2475.000,886784,661170,2467.000
2018-05-24,2475.000,2537.000,2472.000,2533.000,1036686,687612,2504.000
2018-05-25,2532.000,2539.000,2507.000,2516.000,608906,652896,2520.000
2018-05-28,2521.000,2538.000,2512.000,2526.000,524132,651918,2525.000
2018-05-29,2525.000,2564.000,2522.000,2559.000,669988,651102,2546.000
2018-05-30,2545.000,2552.000,2518.000,2531.000,869750,631438,2536.000
2018-05-31,2530.000,2533.000,2486.000,2505.000,827636,628426,2507.000
2018-06-01,2510.000,2520.000,2496.000,2498.000,540792,620460,2509.000
2018-06-04,2498.000,2518.000,2481.000,2506.000,715068,621288,2499.000
2018-06-05,2506.000,2516.000,2452.000,2480.000,832910,619548,2487.000
2018-06-06,2480.000,2487.000,2468.000,2481.000,456052,611598,2478.000
2018-06-07,2475.000,2480.000,2444.000,2459.000,515598,620338,2464.000
2018-06-08,2463.000,2468.000,2343.000,2379.000,1262504,668132,2393.000
2018-06-11,2384.000,2395.000,2364.000,2370.000,701252,653018,2380.000
2018-06-12,2365.000,2377.000,2358.000,2367.000,648998,651448,2369.000
2018-06-13,2366.000,2391.000,2343.000,2379.000,850856,645118,2372.000
2018-06-14,2375.000,2394.000,2371.000,2384.000,706196,627576,2384.000
2018-06-15,2381.000,2407.000,2363.000,2380.000,889538,596072,2385.000
2018-06-19,2470.000,2497.000,2434.000,2454.000,1096166,532086,2461.000
2018-06-20,2455.000,2467.000,2426.000,2451.000,734758,522670,2451.000
2018-06-21,2453.000,2459.000,2428.000,2440.000,552446,513080,2446.000
2018-06-22,2444.000,2448.000,2365.000,2380.000,771304,527326,2400.000
2018-06-25,2389.000,2413.000,2384.000,2407.000,492302,500364,2399.000
2018-06-26,2411.000,2453.000,2396.000,2439.000,789178,484112,2426.000
2018-06-27,2441.000,2505.000,2426.000,2489.000,991948,499650,2461.000
2018-06-28,2495.000,2497.000,2462.000,2489.000,744412,475736,2485.000
2018-06-29,2494.000,2534.000,2489.000,2532.000,956026,472566,2517.000
2018-07-02,2535.000,2604.000,2521.000,2588.000,1237286,508166,2570.000
2018-07-03,2582.000,2589.000,2540.000,2569.000,1039312,485266,2569.000
2018-07-04,2572.000,2578.000,2523.000,2538.000,1119836,461288,2553.000
2018-07-05,2538.000,2562.000,2511.000,2553.000,1024414,478360,2540.000
2018-07-06,2551.000,2577.000,2502.000,2545.000,1649876,446122,2545.000
2018-07-09,2558.000,2577.000,2528.000,2537.000,1114170,450048,2549.000
2018-07-10,2535.000,2535.000,2504.000,2527.000,1002478,461968,2518.000
2018-07-11,2532.000,2558.000,2510.000,2516.000,971354,459360,2535.000
2018-07-12,2520.000,2530.000,2487.000,2502.000,893750,448380,2510.000
2018-07-13,2503.000,2507.000,2478.000,2490.000,623116,437962,2495.000
2018-07-16,2490.000,2512.000,2481.000,2508.000,626942,448730,2495.000
2018-07-17,2506.000,2543.000,2505.000,2534.000,724010,441780,2528.000
2018-07-18,2532.000,2538.000,2500.000,2500.000,642364,435030,2521.000
2018-07-19,2504.000,2520.000,2486.000,2518.000,736342,407492,2500.000
2018-07-20,2520.000,2547.000,2517.000,2524.000,747294,389548,2530.000
2018-07-23,2522.000,2538.000,2508.000,2513.000,561462,390258,2521.000
2018-07-24,2512.000,2521.000,2493.000,2520.000,615358,371036,2509.000
2018-07-25,2523.000,2543.000,2516.000,2520.000,638162,361356,2529.000
2018-07-26,2492.000,2520.000,2480.000,2514.000,250110,402400,2504.000
2018-07-27,2517.000,2520.000,2487.000,2492.000,251476,407932,2499.000
2018-07-30,2494.000,2527.000,2491.000,2522.000,260360,418528,2513.000
2018-07-31,2522.000,2534.000,2508.000,2516.000,250720,426174,2522.000
2018-08-01,2526.000,2533.000,2458.000,2466.000,528080,423038,2486.000
2018-08-02,2468.000,2485.000,2466.000,2476.000,262648,427726,2474.000
2018-08-03,2477.000,2488.000,2435.000,2437.000,441900,443300,2456.000
2018-08-06,2440.000,2482.000,2427.000,2480.000,447684,438428,2463.000
2018-08-07,2473.000,2510.000,2472.000,2501.000,553556,459570,2493.000
2018-08-08,2503.000,2556.000,2492.000,2544.000,830002,498582,2516.000
2018-08-09,2546.000,2569.000,2540.000,2544.000,907966,512844,2553.000
2018-08-10,2546.000,2565.000,2531.000,2549.000,667066,526940,2547.000
2018-08-13,2551.000,2575.000,2460.000,2489.000,820668,509376,2516.000
2018-08-14,2492.000,2538.000,2486.000,2534.000,656148,520740,2520.000
2018-08-15,2550.000,2562.000,2535.000,2557.000,677464,533122,2551.000
2018-08-16,2551.000,2567.000,2503.000,2518.000,1055854,515644,2532.000
2018-08-17,2519.000,2531.000,2492.000,2504.000,671092,508146,2517.000
2018-08-20,2508.000,2522.000,2452.000,2479.000,782430,504764,2481.000
2018-08-21,2476.000,2487.000,2458.000,2471.000,561182,501372,2473.000
2018-08-22,2471.000,2500.000,2453.000,2484.000,734406,513984,2475.000
2018-08-23,2482.000,2493.000,2408.000,2410.000,864896,537684,2459.000
2018-08-24,2408.000,2427.000,2398.000,2413.000,618262,532186,2416.000
2018-08-27,2418.000,2424.000,2335.000,2348.000,961302,562950,2369.000
2018-08-28,2349.000,2372.000,2345.000,2356.000,641360,551412,2357.000
2018-08-29,2360.000,2370.000,2346.000,2360.000,565184,554162,2359.000
2018-08-30,2367.000,2396.000,2363.000,2385.000,683868,544338,2381.000
2018-08-31,2384.000,2390.000,2358.000,2378.000,620116,535262,2376.000
2018-09-03,2380.000,2394.000,2369.000,2385.000,629710,563060,2381.000
2018-09-04,2383.000,2387.000,2341.000,2357.000,797082,584960,2357.000
2018-09-05,2359.000,2370.000,2338.000,2360.000,602154,588848,2357.000
2018-09-06,2356.000,2379.000,2345.000,2375.000,504468,580556,2361.000
2018-09-07,2377.000,2382.000,2328.000,2337.000,883398,645494,2350.000
2018-09-10,2339.000,2400.000,2317.000,2386.000,1051568,629074,2364.000
2018-09-11,2391.000,2418.000,2383.000,2404.000,820832,622818,2401.000
2018-09-12,2399.000,2410.000,2377.000,2384.000,809634,615386,2391.000
2018-09-13,2382.000,2391.000,2319.000,2334.000,1094714,624634,2348.000
2018-09-14,2339.000,2354.000,2334.000,2344.000,595048,592872,2343.000
2018-09-17,2345.000,2367.000,2327.000,2336.000,714760,619968,2347.000
2018-09-18,2337.000,2365.000,2311.000,2353.000,1085580,651330,2344.000
2018-09-19,2355.000,2361.000,2333.000,2357.000,672142,649762,2349.000
2018-09-20,2357.000,2398.000,2354.000,2383.000,891366,626010,2380.000
2018-09-21,2385.000,2398.000,2373.000,2390.000,576382,612674,2385.000
2018-09-25,2402.000,2458.000,2400.000,2452.000,768188,646970,2435.000
2018-09-26,2456.000,2473.000,2447.000,2464.000,695732,647300,2459.000
2018-09-27,2463.000,2487.000,2449.000,2487.000,559118,639020,2464.000
2018-09-28,2490.000,2508.000,2469.000,2508.000,714868,635532,2490.000
2018-10-08,2540.000,2587.000,2538.000,2581.000,519426,650456,2558.000
2018-10-09,2579.000,2632.000,2568.000,2609.000,1088024,704080,2599.000
2018-10-10,2604.000,2626.000,2590.000,2623.000,864086,727226,2606.000
2018-10-11,2619.000,2642.000,2583.000,2605.000,1170596,722760,2613.000
2018-10-12,2609.000,2626.000,2573.000,2593.000,1317454,708692,2596.000
2018-10-15,2592.000,2609.000,2577.000,2590.000,926382,713352,2593.000
2018-10-16,2591.000,2629.000,2574.000,2593.000,1361702,725638,2599.000
2018-10-17,2589.000,2592.000,2548.000,2580.000,1150894,697480,2568.000
2018-10-18,2580.000,2597.000,2560.000,2567.000,936728,696304,2578.000
2018-10-19,2562.000,2577.000,2542.000,2570.000,779586,685696,2562.000
2018-10-22,2573.000,2573.000,2506.000,2511.000,1044844,701988,2533.000
2018-10-23,2505.000,2524.000,2503.000,2505.000,580470,690636,2515.000
2018-10-24,2501.000,2535.000,2501.000,2534.000,701144,693744,2519.000
2018-10-25,2533.000,2534.000,2510.000,2514.000,660458,681362,2522.000
2018-10-26,2510.000,2559.000,2491.000,2558.000,1126132,720044,2520.000
2018-10-29,2560.000,2574.000,2528.000,2543.000,1246648,723400,2551.000
2018-10-30,2539.000,2546.000,2472.000,2482.000,1228318,680658,2507.000
2018-10-31,2482.000,2499.000,2478.000,2494.000,634458,659644,2488.000
2018-11-01,2497.000,2503.000,2439.000,2460.000,987008,618152,2470.000
2018-11-02,2456.000,2478.000,2346.000,2346.000,1645716,535782,2398.000
2018-11-05,2340.000,2396.000,2332.000,2378.000,1114808,460262,2373.000
2018-11-06,2380.000,2398.000,2366.000,2378.000,734084,478068,2385.000
2018-11-07,2376.000,2409.000,2362.000,2393.000,918448,470908,2382.000
2018-11-08,2396.000,2397.000,2283.000,2335.000,1162716,489146,2346.000
2018-11-09,2331.000,2339.000,2311.000,2326.000,668254,485604,2322.000
2018-11-12,2325.000,2335.000,2308.000,2326.000,648248,476752,2324.000
2018-11-13,2329.000,2340.000,2289.000,2326.000,839534,465926,2314.000
2018-11-14,2326.000,2327.000,2295.000,2316.000,571590,458010,2314.000
2018-11-15,2314.000,2325.000,2264.000,2285.000,923940,447058,2290.000
2018-11-16,2287.000,2363.000,2283.000,2356.000,1084438,423054,2333.000
2018-11-19,2357.000,2360.000,2339.000,2347.000,589814,413686,2348.000
2018-11-20,2342.000,2352.000,2304.000,2336.000,886828,404540,2331.000
2018-11-21,2344.000,2382.000,2317.000,2381.000,972956,411698,2353.000
2018-11-22,2378.000,2382.000,2347.000,2363.000,601664,394178,2362.000
2018-11-23,2361.000,2368.000,2289.000,2316.000,889320,379220,2332.000
2018-11-26,2308.000,2323.000,2219.000,2233.000,1012702,335814,2275.000
2018-11-27,2211.000,2235.000,2159.000,2167.000,389856,346644,2192.000
2018-11-28,2169.000,2196.000,2162.000,2185.000,184902,346158,2182.000
2018-11-29,2184.000,2207.000,2178.000,2187.000,217558,339242,2192.000
2018-11-30,2184.000,2197.000,2170.000,2186.000,218512,326650,2186.000
2018-12-03,2188.000,2206.000,2188.000,2203.000,436666,333250,2188.000
2018-12-04,2207.000,2210.000,2155.000,2178.000,354462,343822,2181.000
2018-12-05,2182.000,2221.000,2170.000,2213.000,394876,344016,2192.000
2018-12-06,2215.000,2240.000,2210.000,2232.000,398522,366262,2231.000
2018-12-07,2229.000,2244.000,2219.000,2235.000,389380,362098,2230.000
2018-12-10,2236.000,2238.000,2204.000,2210.000,410718,364386,2216.000
2018-12-11,2215.000,2230.000,2198.000,2216.000,409180,363300,2215.000
2018-12-12,2215.000,2234.000,2191.000,2227.000,550688,389062,2217.000
2018-12-13,2231.000,2234.000,2208.000,2222.000,584968,403428,2221.000
2018-12-14,2216.000,2226.000,2151.000,2177.000,1250076,484566,2181.000
2018-12-17,2179.000,2185.000,2156.000,2165.000,650652,498124,2171.000
2018-12-18,2164.000,2177.000,2153.000,2172.000,637068,496968,2167.000
2018-12-19,2172.000,2182.000,2163.000,2171.000,495308,497570,2172.000
2018-12-20,2171.000,2183.000,2164.000,2175.000,531234,497012,2173.000
2018-12-21,2176.000,2187.000,2163.000,2174.000,549212,483592,2175.000
2018-12-24,2176.000,2183.000,2108.000,2111.000,1001464,592450,2136.000
2018-12-25,2110.000,2121.000,2093.000,2107.000,721928,576842,2109.000
2018-12-26,2111.000,2116.000,2102.000,2108.000,439730,553552,2110.000
2018-12-27,2113.000,2129.000,2084.000,2102.000,622504,552152,2105.000
2018-12-28,2105.000,2109.000,2079.000,2097.000,565564,509414,2094.000
2019-01-02,2093.000,2129.000,2093.000,2123.000,328562,497888,2116.000
2019-01-03,2126.000,2143.000,2117.000,2139.000,442942,452780,2131.000
2019-01-04,2141.000,2179.000,2138.000,2177.000,655322,448888,2162.000
2019-01-07,2180.000,2197.000,2167.000,2176.000,657316,414176,2181.000
2019-01-08,2176.000,2185.000,2161.000,2171.000,588336,420756,2172.000
2019-01-09,2172.000,2189.000,2166.000,2179.000,556074,418692,2176.000
2019-01-10,2177.000,2186.000,2150.000,2170.000,762666,418288,2170.000
2019-01-11,2170.000,2173.000,2135.000,2139.000,616930,417396,2151.000
2019-01-14,2137.000,2144.000,2094.000,2100.000,789056,458666,2115.000
2019-01-15,2097.000,2112.000,2087.000,2110.000,561518,455140,2104.000
2019-01-16,2107.000,2114.000,2071.000,2091.000,934498,481544,2092.000
2019-01-17,2094.000,2118.000,2092.000,2103.000,793774,481528,2105.000
2019-01-18,2102.000,2122.000,2096.000,2115.000,757810,483428,2111.000
2019-01-21,2119.000,2151.000,2112.000,2145.000,901858,457198,2131.000
2019-01-22,2146.000,2161.000,2126.000,2159.000,918130,444586,2143.000
2019-01-23,2159.000,2167.000,2142.000,2148.000,807972,430354,2155.000
2019-01-24,2145.000,2160.000,2136.000,2158.000,726482,424996,2150.000
2019-01-25,2150.000,2153.000,2118.000,2138.000,981516,443214,2135.000
2019-01-28,2139.000,2150.000,2132.000,2136.000,672918,433488,2141.000
2019-01-29,2133.000,2140.000,2103.000,2112.000,754368,434120,2117.000
2019-01-30,2113.000,2122.000,2101.000,2108.000,603544,429292,2113.000
2019-01-31,2112.000,2143.000,2109.000,2133.000,634610,401748,2122.000
2019-02-01,2133.000,2159.000,2111.000,2131.000,713502,364906,2139.000
2019-02-11,2126.000,2191.000,2117.000,2185.000,630412,395940,2163.000
2019-02-12,2183.000,2216.000,2181.000,2208.000,922740,458596,2203.000
2019-02-13,2209.000,2211.000,2187.000,2204.000,745272,447780,2201.000
2019-02-14,2198.000,2211.000,2183.000,2192.000,791148,452574,2196.000
2019-02-15,2188.000,2196.000,2161.000,2163.000,675534,442598,2174.000
2019-02-18,2164.000,2175.000,2151.000,2158.000,533438,457244,2164.000
2019-02-19,2158.000,2168.000,2143.000,2154.000,661824,485856,2154.000
2019-02-20,2154.000,2157.000,2104.000,2114.000,981392,547582,2129.000
2019-02-21,2110.000,2128.000,2107.000,2116.000,558720,559350,2119.000
2019-02-22,2123.000,2134.000,2108.000,2115.000,695220,601318,2122.000
2019-02-25,2100.000,2102.000,2094.000,2098.000,867466,634174,2105.000
2019-02-26,2103.000,2118.000,2098.000,2108.000,713600,626056,2107.000
2019-02-27,2103.000,2113.000,2073.000,2074.000,942572,680622,2090.000
2019-02-28,2066.000,2090.000,2062.000,2079.000,753806,657024,2079.000
2019-03-01,2080.000,2181.000,2078.000,2172.000,3124322,744516,2150.000
2019-03-04,2185.000,2185.000,2126.000,2146.000,2062676,632718,2150.000
2019-03-05,2146.000,2189.000,2144.000,2158.000,1723584,657250,2166.000
2019-03-06,2164.000,2194.000,2153.000,2177.000,1528114,637050,2173.000
2019-03-07,2182.000,2195.000,2154.000,2180.000,1316592,564006,2172.000
2019-03-08,2185.000,2250.000,2159.000,2236.000,2510992,632076,2206.000
2019-03-11,2236.000,2254.000,2211.000,2226.000,1682080,558858,2233.000
2019-03-12,2228.000,2234.000,2166.000,2173.000,1772646,482050,2190.000
2019-03-13,2173.000,2177.000,2161.000,2170.000,1073942,485802,2170.000
2019-03-14,2172.000,2194.000,2140.000,2181.000,1458868,450930,2173.000
2019-03-15,2179.000,2196.000,2164.000,2193.000,1025464,442946,2180.000
2019-03-18,2190.000,2230.000,2188.000,2213.000,1330794,408300,2214.000
2019-03-19,2215.000,2235.000,2203.000,2220.000,946192,413314,2220.000
2019-03-20,2222.000,2237.000,2201.000,2210.000,911348,406412,2218.000
2019-03-21,2211.000,2218.000,2186.000,2208.000,915606,396156,2199.000
2019-03-22,2211.000,2238.000,2196.000,2230.000,1175324,426632,2221.000
2019-03-25,2228.000,2242.000,2208.000,2214.000,931028,390110,2222.000
2019-03-26,2215.000,2227.000,2212.000,2216.000,515958,380140,2218.000
2019-03-27,2222.000,2248.000,2219.000,2236.000,823810,399898,2235.000
2019-03-28,2236.000,2239.000,2171.000,2177.000,959808,362654,2208.000
2019-03-29,2177.000,2191.000,2148.000,2164.000,780916,341702,2172.000
2019-04-01,2180.000,2197.000,2168.000,2180.000,251588,366570,2181.000
2019-04-02,2181.000,2230.000,2181.000,2224.000,388604,359524,2207.000
2019-04-03,2224.000,2243.000,2216.000,2230.000,425924,383620,2231.000
2019-04-04,2231.000,2238.000,2225.000,2231.000,306098,392404,2231.000
2019-04-08,2225.000,2251.000,2217.000,2237.000,321298,413940,2240.000
2019-04-09,2236.000,2241.000,2197.000,2206.000,567288,450326,2215.000
2019-04-10,2207.000,2213.000,2202.000,2207.000,406004,471576,2208.000
2019-04-11,2209.000,2219.000,2202.000,2215.000,648014,483184,2212.000
2019-04-12,2211.000,2214.000,2188.000,2193.000,932906,534630,2197.000
2019-04-15,2194.000,2232.000,2191.000,2227.000,905380,522098,2214.000
2019-04-16,2232.000,2238.000,2222.000,2231.000,898194,526402,2229.000
2019-04-17,2231.000,2233.000,2207.000,2214.000,788736,528476,2219.000
2019-04-18,2216.000,2222.000,2198.000,2212.000,697982,534208,2211.000
2019-04-19,2213.000,2239.000,2208.000,2230.000,973376,559264,2225.000
2019-04-24,2223.000,2228.000,2206.000,2210.000,744976,592742,2213.000
2019-04-25,2207.000,2219.000,2178.000,2181.000,1015724,619114,2201.000
2019-04-26,2182.000,2183.000,2162.000,2172.000,789212,604944,2175.000
2019-04-29,2173.000,2188.000,2172.000,2185.000,547980,594820,2181.000
2019-04-30,2185.000,2188.000,2161.000,2183.000,645386,581060,2174.000
2019-05-06,2180.000,2211.000,2170.000,2184.000,618188,536988,2190.000
2019-05-07,2182.000,2222.000,2180.000,2209.000,1121352,528110,2205.000
2019-05-08,2208.000,2222.000,2203.000,2215.000,601322,533518,2213.000
2019-05-09,2216.000,2287.000,2214.000,2270.000,1720054,517354,2247.000
2019-05-10,2275.000,2290.000,2243.000,2261.000,1379102,496086,2265.000
2019-05-13,2267.000,2279.000,2250.000,2267.000,102261,539712,2265.000
2019-05-14,2274.000,2295.000,2246.000,2261.000,120008,519450,2269.000
2019-05-15,2268.000,2298.000,2259.000,2289.000,98660,543896,2277.000
2019-05-16,2299.000,2354.000,2291.000,2336.000,2006104,621240,2330.000
2019-05-17,2342.000,2352.000,2326.000,2335.000,901522,609620,2339.000
2019-05-20,2335.000,2366.000,2326.000,2358.000,1012738,650404,2348.000
2019-05-21,2361.000,2428.000,2353.000,2418.000,1825030,691846,2400.000
2019-05-22,2424.000,2443.000,2375.000,2407.000,1576112,645450,2415.000
2019-05-23,2404.000,2464.000,2403.000,2412.000,1980886,640088,2437.000
2019-05-24,2413.000,2424.000,2382.000,2417.000,1169382,635108,2406.000
2019-05-27,2426.000,2493.000,2402.000,2460.000,1841932,630354,2444.000
2019-05-28,2464.000,2502.000,2453.000,2478.000,1717196,652062,2473.000
2019-05-29,2480.000,2597.000,2454.000,2592.000,2968096,719904,2543.000
2019-05-30,2576.000,2585.000,2493.000,2510.000,2552930,609510,2540.000
2019-05-31,2523.000,2539.000,2502.000,2519.000,1579666,587782,2519.000
2019-06-03,2512.000,2543.000,2475.000,2541.000,1974208,592176,2513.000
2019-06-04,2538.000,2629.000,2527.000,2570.000,3138722,599064,2579.000
2019-06-05,2570.000,2583.000,2530.000,2533.000,2022264,580344,2556.000
2019-06-06,2531.000,2543.000,2454.000,2478.000,2530542,541274,2501.000
2019-06-10,2457.000,2477.000,2442.000,2468.000,882730,542960,2463.000
2019-06-11,2469.000,2492.000,2447.000,2466.000,1312494,546690,2470.000
2019-06-12,2476.000,2484.000,2427.000,2460.000,2015014,532962,2456.000
2019-06-13,2473.000,2554.000,2472.000,2523.000,2779972,560130,2523.000
2019-06-14,2530.000,2542.000,2510.000,2523.000,1340612,554194,2525.000
2019-06-17,2540.000,2589.000,2517.000,2565.000,1732778,556558,2554.000
2019-06-18,2565.000,2570.000,2518.000,2526.000,1234818,540948,2538.000
2019-06-19,2525.000,2534.000,2450.000,2475.000,1693114,506714,2485.000
2019-06-20,2474.000,2502.000,2471.000,2488.000,1128490,550652,2488.000
2019-06-21,2495.000,2562.000,2493.000,2531.000,1960150,643146,2536.000
2019-06-24,2530.000,2593.000,2511.000,2580.000,1908438,768316,2551.000
2019-06-25,2586.000,2624.000,2576.000,2600.000,2242110,815652,2597.000
2019-06-26,2598.000,2614.000,2558.000,2575.000,1825082,779866,2579.000
2019-06-27,2574.000,2608.000,2549.000,2565.000,1628666,735568,2573.000
2019-06-28,2570.000,2594.000,2535.000,2580.000,1471178,734134,2564.000
2019-07-01,2580.000,2605.000,2479.000,2511.000,2188380,674614,2544.000
2019-07-02,2512.000,2524.000,2468.000,2477.000,1333670,695700,2500.000
2019-07-03,2470.000,2498.000,2458.000,2468.000,1232676,701512,2476.000
2019-07-04,2476.000,2490.000,2431.000,2460.000,1291394,705462,2465.000
2019-07-05,2467.000,2477.000,2442.000,2454.000,862618,691724,2460.000
2019-07-08,2457.000,2459.000,2412.000,2443.000,1293324,706922,2434.000
2019-07-09,2435.000,2441.000,2382.000,2412.000,1254092,691178,2412.000
2019-07-10,2409.000,2445.000,2407.000,2433.000,1142632,686618,2428.000
2019-07-11,2441.000,2455.000,2412.000,2430.000,1009752,677468,2437.000
2019-07-12,2432.000,2444.000,2414.000,2432.000,961914,662026,2428.000
2019-07-15,2435.000,2506.000,2429.000,2487.000,1599722,654814,2469.000
2019-07-16,2480.000,2480.000,2420.000,2428.000,1055242,617024,2448.000
2019-07-17,2410.000,2448.000,2410.000,2446.000,1062810,575140,2433.000
2019-07-18,2458.000,2480.000,2433.000,2442.000,1154428,541812,2456.000
2019-07-19,2441.000,2448.000,2421.000,2435.000,837138,528588,2437.000
2019-07-22,2442.000,2448.000,2374.000,2389.000,1378226,549336,2408.000
2019-07-23,2389.000,2416.000,2376.000,2412.000,899116,502934,2398.000
2019-07-24,2408.000,2408.000,2362.000,2381.000,1051046,467720,2377.000
2019-07-25,2381.000,2397.000,2358.000,2387.000,850678,457886,2382.000
2019-07-26,2389.000,2391.000,2347.000,2362.000,907318,437588,2368.000
2019-07-29,2362.000,2390.000,2358.000,2375.000,804344,429548,2373.000
2019-07-30,2380.000,2418.000,2363.000,2392.000,1124572,415242,2389.000
2019-07-31,2390.000,2420.000,2386.000,2408.000,937812,409628,2402.000
2019-08-01,2411.000,2412.000,2374.000,2381.000,682514,416180,2390.000
2019-08-02,2384.000,2432.000,2358.000,2414.000,1051506,362430,2401.000
2019-08-05,2418.000,2492.000,2409.000,2470.000,1136916,344544,2445.000
2019-08-06,2469.000,2515.000,2452.000,2461.000,906904,324006,2479.000
2019-08-07,2461.000,2496.000,2458.000,2495.000,625694,325964,2476.000
2019-08-08,2496.000,2504.000,2451.000,2462.000,844524,319704,2473.000
2019-08-09,2466.000,2499.000,2453.000,2491.000,710688,298790,2479.000
2019-08-12,2493.000,2493.000,2462.000,2489.000,565014,272482,2476.000
2019-08-13,2488.000,2545.000,2453.000,2519.000,929948,257542,2504.000
2019-08-14,2522.000,2523.000,2410.000,2467.000,912538,203136,2463.000
2019-08-15,2465.000,2489.000,2453.000,2456.000,420242,180540,2468.000
2019-08-16,2462.000,2474.000,2425.000,2444.000,223888,145612,2452.000
2019-08-19,2304.000,2313.000,2291.000,2307.000,434028,402932,2303.000
2019-08-20,2302.000,2324.000,2294.000,2320.000,578528,418950,2308.000
2019-08-21,2320.000,2342.000,2309.000,2333.000,662094,443812,2322.000
2019-08-22,2333.000,2370.000,2331.000,2364.000,876954,459636,2351.000
2019-08-23,2367.000,2386.000,2348.000,2378.000,938796,468656,2367.000
2019-08-26,2385.000,2441.000,2358.000,2403.000,1227018,464674,2399.000
2019-08-27,2399.000,2408.000,2351.000,2365.000,837418,448734,2388.000
2019-08-28,2363.000,2394.000,2363.000,2384.000,708852,454830,2379.000
2019-08-29,2388.000,2414.000,2375.000,2396.000,867748,477952,2396.000
2019-08-30,2388.000,2390.000,2351.000,2354.000,803104,493708,2374.000
2019-09-02,2356.000,2416.000,2355.000,2395.000,1078032,499908,2391.000
2019-09-03,2393.000,2426.000,2391.000,2407.000,855204,518760,2408.000
2019-09-04,2409.000,2421.000,2376.000,2381.000,977932,526410,2401.000
2019-09-05,2384.000,2392.000,2326.000,2336.000,1093790,501922,2359.000
2019-09-06,2336.000,2345.000,2272.000,2280.000,1436494,473866,2298.000
2019-09-09,2284.000,2301.000,2262.000,2269.000,1013996,496550,2280.000
2019-09-10,2269.000,2288.000,2269.000,2274.000,599594,494308,2279.000
2019-09-11,2276.000,2280.000,2233.000,2244.000,1034542,538446,2256.000
2019-09-12,2244.000,2262.000,2231.000,2260.000,766930,507842,2250.000
2019-09-16,2262.000,2262.000,2242.000,2251.000,459240,517200,2251.000
2019-09-17,2251.000,2270.000,2244.000,2260.000,751404,525558,2259.000
2019-09-18,2260.000,2268.000,2247.000,2265.000,612406,523074,2260.000
2019-09-19,2263.000,2287.000,2253.000,2272.000,926962,498274,2270.000
2019-09-20,2277.000,2279.000,2243.000,2267.000,809216,481994,2265.000
2019-09-23,2265.000,2294.000,2265.000,2272.000,723354,474376,2277.000
2019-09-24,2276.000,2281.000,2261.000,2273.000,561296,475468,2272.000
2019-09-25,2275.000,2296.000,2235.000,2285.000,1046132,445250,2280.000
2019-09-26,2281.000,2284.000,2257.000,2266.000,600240,419542,2270.000
2019-09-27,2271.000,2277.000,2244.000,2252.000,509926,383690,2258.000
2019-09-30,2253.000,2289.000,2245.000,2282.000,544594,340066,2274.000
2019-10-08,2305.000,2343.000,2289.000,2313.000,620082,357060,2321.000
2019-10-09,2316.000,2355.000,2313.000,2355.000,717458,400434,2339.000
2019-10-10,2359.000,2360.000,2338.000,2355.000,632328,392396,2348.000
2019-10-11,2362.000,2384.000,2350.000,2377.000,789130,411952,2369.000
2019-10-14,2376.000,2376.000,2340.000,2349.000,927050,387302,2357.000
2019-10-15,2347.000,2362.000,2335.000,2351.000,699228,389062,2348.000
2019-10-16,2353.000,2373.000,2341.000,2354.000,724208,400666,2354.000
2019-10-17,2354.000,2359.000,2338.000,2350.000,576220,399850,2349.000
2019-10-18,2352.000,2394.000,2352.000,2360.000,1107416,406388,2372.000
2019-10-21,2361.000,2423.000,2356.000,2421.000,1112832,427672,2392.000
2019-10-22,2424.000,2429.000,2385.000,2397.000,819294,427746,2406.000
2019-10-23,2396.000,2406.000,2382.000,2392.000,622674,422112,2391.000
2019-10-24,2389.000,2389.000,2354.000,2362.000,874142,413742,2369.000
2019-10-25,2360.000,2366.000,2340.000,2349.000,608610,380386,2352.000
2019-10-28,2349.000,2359.000,2311.000,2322.000,767942,370056,2332.000
2019-10-29,2321.000,2332.000,2317.000,2324.000,444494,362408,2325.000
2019-10-30,2323.000,2347.000,2320.000,2323.000,628936,377170,2335.000
2019-10-31,2321.000,2337.000,2292.000,2292.000,763194,388646,2315.000
2019-11-01,2287.000,2296.000,2262.000,2287.000,760860,388858,2281.000
2019-11-04,2291.000,2293.000,2275.000,2276.000,421498,378296,2283.000
2019-11-05,2276.000,2294.000,2267.000,2269.000,552242,393142,2279.000
2019-11-06,2269.000,2275.000,2228.000,2234.000,848224,421688,2246.000
2019-11-07,2240.000,2248.000,2225.000,2240.000,641100,415874,2237.000
2019-11-08,2241.000,2258.000,2231.000,2246.000,666706,386118,2246.000
2019-11-11,2250.000,2251.000,2191.000,2197.000,1159684,397836,2217.000
2019-11-12,2195.000,2198.000,2158.000,2190.000,961760,398442,2181.000
2019-11-13,2187.000,2201.000,2174.000,2190.000,598838,405178,2189.000
2019-11-14,2191.000,2195.000,2172.000,2175.000,545500,404416,2184.000
2019-11-15,2176.000,2188.000,2143.000,2179.000,926472,378200,2166.000
2019-11-18,2178.000,2223.000,2162.000,2202.000,863776,366352,2196.000
2019-11-19,2200.000,2210.000,2189.000,2201.000,587794,350548,2201.000
2019-11-20,2202.000,2225.000,2181.000,2196.000,852432,342812,2202.000
2019-11-21,2195.000,2215.000,2176.000,2210.000,663880,340894,2199.000
2019-11-22,2215.000,2215.000,2183.000,2185.000,533066,351878,2196.000
2019-11-25,2182.000,2219.000,2173.000,2214.000,937758,338160,2198.000
2019-11-26,2213.000,2235.000,2209.000,2220.000,793444,316522,2221.000
2019-11-27,2217.000,2224.000,2188.000,2197.000,705454,318292,2204.000
2019-11-28,2199.000,2210.000,2189.000,2207.000,430296,301198,2200.000
2019-11-29,2206.000,2211.000,2171.000,2195.000,825736,317592,2189.000
2019-12-02,2195.000,2203.000,2168.000,2199.000,724860,284816,2187.000
2019-12-03,2202.000,2241.000,2199.000,2237.000,784180,283276,2220.000
2019-12-04,2239.000,2243.000,2220.000,2231.000,449334,249006,2230.000
2019-12-05,2228.000,2245.000,2214.000,2229.000,661456,232482,2229.000
2019-12-06,2227.000,2243.000,2218.000,2232.000,562150,211874,2232.000
2019-12-09,2230.000,2260.000,2226.000,2241.000,487812,201660,2242.000
2019-12-10,2244.000,2283.000,2236.000,2279.000,545206,186454,2259.000
2019-12-11,2279.000,2307.000,2275.000,2291.000,502706,165078,2292.000
2019-12-12,2293.000,2293.000,2237.000,2244.000,484724,140248,2255.000
2019-12-13,2304.000,2310.000,2272.000,2288.000,722856,399530,2291.000
2019-12-16,2288.000,2309.000,2280.000,2287.000,695454,449198,2292.000
2019-12-17,2286.000,2295.000,2268.000,2290.000,630428,450474,2283.000
2019-12-18,2294.000,2305.000,2284.000,2290.000,600150,480286,2295.000
2019-12-19,2290.000,2294.000,2271.000,2274.000,647614,506572,2282.000
2019-12-20,2272.000,2284.000,2262.000,2273.000,642530,515204,2274.000
2019-12-23,2275.000,2293.000,2263.000,2287.000,579634,507238,2278.000
2019-12-24,2288.000,2293.000,2271.000,2272.000,442664,515444,2283.000
2019-12-25,2271.000,2278.000,2265.000,2276.000,398800,514534,2271.000
2019-12-26,2280.000,2281.000,2256.000,2260.000,478478,551760,2265.000
2019-12-27,2259.000,2280.000,2252.000,2275.000,526422,510512,2268.000
2019-12-30,2277.000,2324.000,2272.000,2322.000,1020792,530724,2299.000
2019-12-31,2326.000,2334.000,2314.000,2327.000,678588,522930,2323.000
2020-01-02,2330.000,2337.000,2320.000,2327.000,181523,262937,2328.000
2020-01-03,2326.000,2346.000,2325.000,2329.000,307781,262382,2335.000
2020-01-06,2326.000,2328.000,2301.000,2308.000,258868,259399,2313.000
2020-01-07,2308.000,2338.000,2308.000,2337.000,233447,273730,2325.000
2020-01-08,2337.000,2354.000,2314.000,2318.000,402048,277889,2330.000
2020-01-09,2317.000,2328.000,2292.000,2314.000,365473,276514,2312.000
2020-01-10,2320.000,2331.000,2263.000,2263.000,468935,273225,2300.000
2020-01-13,2261.000,2288.000,2261.000,2269.000,316923,270459,2273.000
2020-01-14,2271.000,2275.000,2238.000,2248.000,341185,288251,2258.000
2020-01-15,2248.000,2276.000,2247.000,2275.000,306572,275496,2259.000
2020-01-16,2275.000,2277.000,2251.000,2271.000,245700,275696,2264.000
2020-01-17,2269.000,2271.000,2245.000,2261.000,260523,278648,2258.000
2020-01-20,2262.000,2276.000,2258.000,2274.000,205241,272612,2268.000
2020-01-21,2272.000,2306.000,2255.000,2304.000,445685,268737,2281.000
2020-01-22,2301.000,2301.000,2241.000,2249.000,455897,258449,2267.000
2020-01-23,2251.000,2256.000,2228.000,2234.000,277239,237118,2244.000
2020-02-03,2086.000,2176.000,2086.000,2163.000,274507,225338,2154.000
2020-02-04,2182.000,2249.000,2167.000,2243.000,347209,230990,2216.000
2020-02-05,2233.000,2247.000,2218.000,2231.000,286618,233711,2230.000
2020-02-06,2232.000,2239.000,2214.000,2229.000,297096,233855,2228.000
2020-02-07,2230.000,2239.000,2222.000,2232.000,168888,230224,2231.000
2020-02-10,2232.000,2263.000,2229.000,2253.000,306062,229780,2250.000
2020-02-11,2252.000,2261.000,2238.000,2246.000,242747,226931,2245.000
2020-02-12,2251.000,2265.000,2233.000,2241.000,276841,224974,2247.000
2020-02-13,2244.000,2299.000,2243.000,2294.000,525467,244357,2276.000
2020-02-14,2291.000,2307.000,2280.000,2293.000,402805,244307,2292.000
2020-02-17,2298.000,2327.000,2296.000,2318.000,360649,245395,2317.000
2020-02-18,2316.000,2320.000,2280.000,2295.000,400563,234886,2296.000
2020-02-19,2298.000,2306.000,2284.000,2294.000,238564,227753,2294.000
2020-02-20,2296.000,2312.000,2277.000,2293.000,348958,230224,2295.000
2020-02-21,2289.000,2311.000,2289.000,2294.000,274577,228423,2299.000
2020-02-24,2290.000,2291.000,2242.000,2243.000,368784,227762,2262.000
2020-02-25,2236.000,2265.000,2225.000,2264.000,254561,216337,2246.000
2020-02-26,2265.000,2279.000,2256.000,2265.000,299935,223766,2266.000
2020-02-27,2271.000,2306.000,2271.000,2298.000,403245,235194,2294.000
2020-02-28,2307.000,2325.000,2240.000,2240.000,674303,219871,2293.000
2020-03-02,2251.000,2389.000,2250.000,2370.000,785536,268419,2335.000
2020-03-03,2375.000,2398.000,2358.000,2377.000,593070,275141,2374.000
2020-03-04,2375.000,2404.000,2363.000,2372.000,528569,273994,2378.000
2020-03-05,2369.000,2398.000,2356.000,2374.000,485527,269361,2377.000
2020-03-06,2356.000,2357.000,2329.000,2334.000,471438,256479,2342.000
2020-03-09,2245.000,2306.000,2229.000,2269.000,763383,207996,2266.000
2020-03-10,2280.000,2311.000,2274.000,2296.000,421785,187600,2296.000
2020-03-11,2302.000,2321.000,2285.000,2290.000,350901,171346,2307.000
2020-03-12,2277.000,2300.000,2259.000,2279.000,394220,168088,2283.000
2020-03-13,2284.000,2321.000,2245.000,2308.000,646760,162428,2290.000
2020-03-16,2296.000,2349.000,2291.000,2305.000,631110,166320,2318.000
2020-03-17,2289.000,2346.000,2283.000,2332.000,488887,164988,2319.000
2020-03-18,2335.000,2353.000,2309.000,2317.000,431383,153030,2332.000
2020-03-19,2330.000,2332.000,2266.000,2295.000,488291,129748,2297.000
2020-03-20,2332.000,2378.000,2332.000,2361.000,495852,126825,2359.000
2020-03-23,2382.000,2477.000,2381.000,2477.000,540968,143841,2443.000
2020-03-24,2502.000,2502.000,2406.000,2410.000,458062,121601,2446.000
2020-03-25,2416.000,2466.000,2414.000,2449.000,397276,127219,2443.000
2020-03-26,2419.000,2422.000,2384.000,2398.000,341525,113307,2409.000
2020-03-27,2416.000,2515.000,2409.000,2504.000,729273,119065,2481.000
2020-03-30,2509.000,2581.000,2508.000,2519.000,420759,112500,2551.000
2020-03-31,2528.000,2559.000,2491.000,2508.000,550439,126438,2517.000
2020-04-01,2503.000,2503.000,2391.000,2391.000,562124,133026,2428.000
2020-04-02,2373.000,2394.000,2343.000,2380.000,531618,273659,2370.000
2020-04-03,2375.000,2375.000,2310.000,2325.000,625243,274308,2338.000
2020-04-07,2330.000,2377.000,2330.000,2358.000,417614,260527,2361.000
2020-04-08,2348.000,2388.000,2335.000,2379.000,412460,268938,2373.000
2020-04-09,2377.000,2402.000,2362.000,2390.000,550103,288681,2381.000
2020-04-10,2398.000,2416.000,2382.000,2387.000,465578,296066,2399.000
2020-04-13,2403.000,2428.000,2366.000,2369.000,501384,311998,2400.000
2020-04-14,2359.000,2381.000,2345.000,2375.000,408655,304370,2365.000
2020-04-15,2373.000,2407.000,2372.000,2392.000,448760,310469,2391.000
2020-04-16,2398.000,2409.000,2330.000,2334.000,585439,321397,2368.000
2020-04-17,2335.000,2355.000,2330.000,2347.000,315514,312051,2345.000
2020-04-20,2344.000,2350.000,2307.000,2314.000,376914,313403,2319.000
2020-04-21,2301.000,2329.000,2297.000,2322.000,410158,309231,2316.000
2020-04-22,2335.000,2355.000,2328.000,2350.000,425335,304392,2341.000
2020-04-23,2351.000,2374.000,2341.000,2373.000,366123,311790,2362.000
2020-04-24,2370.000,2382.000,2361.000,2372.000,318857,317512,2371.000
2020-04-27,2360.000,2412.000,2357.000,2412.000,515205,356400,2389.000
2020-04-28,2410.000,2415.000,2353.000,2353.000,538258,338649,2382.000
2020-04-29,2350.000,2353.000,2327.000,2333.000,383742,323579,2339.000
2020-04-30,2346.000,2347.000,2321.000,2328.000,299534,319068,2333.000
2020-05-06,2341.000,2379.000,2332.000,2375.000,328896,332808,2360.000
2020-05-07,2372.000,2388.000,2365.000,2375.000,482874,360376,2376.000
2020-05-08,2377.000,2397.000,2338.000,2339.000,799993,356878,2373.000
2020-05-11,2343.000,2369.000,2315.000,2322.000,681485,352482,2345.000
2020-05-12,2331.000,2334.000,2307.000,2324.000,469124,348659,2322.000
2020-05-13,2328.000,2332.000,2301.000,2314.000,484137,355345,2315.000
2020-05-14,2321.000,2325.000,2283.000,2298.000,524067,342129,2301.000
2020-05-15,2300.000,2314.000,2290.000,2294.000,356614,348339,2303.000
2020-05-18,2295.000,2337.000,2288.000,2331.000,548216,326555,2316.000
2020-05-19,2331.000,2332.000,2301.000,2310.000,397551,330532,2316.000
2020-05-20,2315.000,2331.000,2298.000,2323.000,449061,322744,2313.000
2020-05-21,2324.000,2333.000,2289.000,2295.000,567342,374839,2311.000
2020-05-22,2295.000,2327.000,2288.000,2306.000,719978,341152,2307.000
2020-05-25,2307.000,2341.000,2306.000,2333.000,683992,319864,2327.000
2020-05-26,2335.000,2337.000,2316.000,2329.000,400874,320882,2328.000
2020-05-27,2329.000,2355.000,2309.000,2345.000,805981,317439,2334.000
2020-05-28,2345.000,2384.000,2337.000,2355.000,656391,323511,2358.000
2020-05-29,2353.000,2369.000,2340.000,2365.000,555690,315099,2357.000
2020-06-01,2361.000,2375.000,2328.000,2334.000,672651,337889,2349.000
2020-06-02,2337.000,2346.000,2321.000,2334.000,506882,330251,2335.000
2020-06-03,2338.000,2354.000,2330.000,2343.000,493807,331583,2341.000
2020-06-04,2345.000,2394.000,2339.000,2382.000,730579,342170,2367.000
2020-06-05,2385.000,2413.000,2383.000,2394.000,662797,336965,2397.000
2020-06-08,2390.000,2399.000,2366.000,2370.000,592868,329190,2383.000
2020-06-09,2373.000,2391.000,2363.000,2375.000,541818,326606,2380.000
2020-06-10,2373.000,2375.000,2349.000,2365.000,538081,339463,2362.000
2020-06-11,2367.000,2374.000,2322.000,2330.000,596508,349740,2350.000
2020-06-12,2330.000,2360.000,2324.000,2358.000,506221,314127,2345.000
2020-06-15,2363.000,2364.000,2316.000,2320.000,519744,321567,2339.000
2020-06-16,2318.000,2340.000,2318.000,2333.000,343604,315942,2332.000
2020-06-17,2333.000,2336.000,2302.000,2325.000,506180,322509,2317.000
2020-06-18,2326.000,2339.000,2316.000,2334.000,349993,308876,2329.000
2020-06-19,2333.000,2334.000,2313.000,2321.000,364002,314489,2322.000
2020-06-22,2325.000,2355.000,2319.000,2346.000,513116,295541,2339.000
2020-06-23,2348.000,2369.000,2328.000,2332.000,622604,287484,2348.000
2020-06-24,2332.000,2340.000,2326.000,2331.000,269573,272337,2334.000
2020-06-29,2323.000,2330.000,2301.000,2309.000,288848,295412,2310.000
2020-06-30,2310.000,2323.000,2310.000,2320.000,266537,274434,2318.000
2020-07-01,2325.000,2378.000,2315.000,2372.000,583154,270967,2354.000
2020-07-02,2377.000,2388.000,2366.000,2382.000,434099,266295,2378.000
2020-07-03,2382.000,2384.000,2368.000,2382.000,323016,268485,2377.000
2020-07-06,2383.000,2404.000,2374.000,2387.000,631011,267001,2387.000
2020-07-07,2387.000,2405.000,2375.000,2384.000,521236,248838,2390.000
2020-07-08,2382.000,2397.000,2367.000,2384.000,435528,261539,2381.000
2020-07-09,2388.000,2395.000,2373.000,2387.000,383660,261021,2385.000
2020-07-10,2393.000,2414.000,2375.000,2387.000,600179,268377,2392.000
2020-07-13,2387.000,2396.000,2308.000,2331.000,657670,269816,2350.000
2020-07-14,2330.000,2335.000,2316.000,2326.000,355798,270703,2328.000
2020-07-15,2327.000,2340.000,2323.000,2333.000,402137,272180,2331.000
2020-07-16,2330.000,2365.000,2325.000,2363.000,492100,253201,2344.000
2020-07-17,2368.000,2373.000,2351.000,2372.000,348381,246030,2363.000
2020-07-20,2372.000,2441.000,2364.000,2430.000,846884,275985,2404.000
2020-07-21,2425.000,2463.000,2419.000,2437.000,807103,266826,2444.000
2020-07-22,2438.000,2452.000,2423.000,2442.000,530088,266808,2436.000
2020-07-23,2443.000,2471.000,2411.000,2444.000,855285,272159,2441.000
2020-07-24,2443.000,2465.000,2419.000,2454.000,778141,256227,2442.000
2020-07-27,2453.000,2527.000,2445.000,2464.000,1245474,266087,2489.000
2020-07-28,2466.000,2485.000,2387.000,2394.000,857593,251447,2431.000
2020-07-29,2396.000,2412.000,2392.000,2403.000,443289,225562,2402.000
2020-07-30,2400.000,2407.000,2372.000,2378.000,490700,216891,2388.000
2020-07-31,2377.000,2415.000,2361.000,2392.000,567542,196445,2393.000
2020-08-03,2392.000,2402.000,2371.000,2398.000,474510,196951,2387.000
2020-08-04,2394.000,2410.000,2368.000,2382.000,394908,190148,2389.000
2020-08-05,2381.000,2391.000,2345.000,2349.000,369619,184310,2362.000
2020-08-06,2353.000,2370.000,2345.000,2362.000,349870,168431,2360.000
2020-08-07,2366.000,2368.000,2324.000,2327.000,393334,166833,2342.000
2020-08-10,2335.000,2356.000,2304.000,2348.000,510160,142474,2334.000
2020-08-11,2347.000,2348.000,2310.000,2313.000,335451,136641,2331.000
2020-08-12,2312.000,2343.000,2312.000,2323.000,296744,125859,2329.000
2020-08-13,2323.000,2356.000,2307.000,2335.000,396006,105937,2333.000
2020-08-14,2342.000,2352.000,2321.000,2325.000,317422,95939,2340.000
2020-08-17,2323.000,2335.000,2297.000,2329.000,191731,74305,2320.000
2020-08-18,2301.000,2315.000,2289.000,2294.000,345737,261852,2301.000
2020-08-19,2294.000,2304.000,2278.000,2288.000,352533,272987,2291.000
2020-08-20,2292.000,2303.000,2275.000,2285.000,383206,268464,2290.000
2020-08-21,2282.000,2284.000,2256.000,2274.000,447392,284567,2269.000
2020-08-24,2270.000,2286.000,2261.000,2276.000,320836,283164,2274.000
2020-08-25,2283.000,2326.000,2282.000,2323.000,515086,275232,2307.000
2020-08-26,2328.000,2349.000,2317.000,2344.000,416642,294147,2336.000
2020-08-27,2342.000,2344.000,2326.000,2341.000,398297,307545,2336.000
2020-08-28,2351.000,2362.000,2336.000,2348.000,437913,299154,2349.000
2020-08-31,2350.000,2386.000,2342.000,2363.000,375560,296215,2368.000
2020-09-01,2365.000,2368.000,2315.000,2335.000,449107,297176,2334.000
2020-09-02,2332.000,2343.000,2328.000,2334.000,246242,300880,2334.000
2020-09-03,2332.000,2365.000,2321.000,2332.000,433664,301458,2345.000
2020-09-04,2336.000,2375.000,2317.000,2374.000,509584,335012,2345.000
2020-09-07,2377.000,2404.000,2356.000,2379.000,556353,332239,2382.000
2020-09-08,2379.000,2397.000,2371.000,2385.000,387427,330055,2384.000
2020-09-09,2370.000,2378.000,2345.000,2362.000,442343,310541,2363.000
2020-09-10,2372.000,2393.000,2346.000,2358.000,524183,311253,2374.000
2020-09-11,2363.000,2436.000,2359.000,2428.000,743603,377599,2395.000
2020-09-14,2427.000,2498.000,2421.000,2457.000,872786,383303,2460.000
2020-09-15,2451.000,2467.000,2428.000,2443.000,568323,367183,2445.000
2020-09-16,2442.000,2443.000,2383.000,2397.000,701741,354002,2407.000
2020-09-17,2406.000,2438.000,2391.000,2398.000,737840,347685,2413.000
2020-09-18,2396.000,2476.000,2393.000,2468.000,789980,352910,2443.000
2020-09-21,2465.000,2466.000,2434.000,2454.000,654068,334760,2449.000
2020-09-22,2450.000,2459.000,2398.000,2419.000,790871,317943,2429.000
2020-09-23,2428.000,2449.000,2378.000,2398.000,754202,314173,2417.000
2020-09-24,2403.000,2434.000,2368.000,2390.000,781960,302258,2399.000
2020-09-25,2390.000,2394.000,2364.000,2373.000,519718,297061,2381.000
2020-09-28,2374.000,2387.000,2352.000,2365.000,630167,271151,2370.000
2020-09-29,2366.000,2369.000,2322.000,2325.000,507834,258898,2340.000
2020-09-30,2323.000,2335.000,2312.000,2323.000,424599,237715,2325.000
2020-10-09,2400.000,2449.000,2383.000,2446.000,540546,248145,2426.000
2020-10-12,2440.000,2544.000,2435.000,2530.000,990211,335446,2496.000
2020-10-13,2524.000,2527.000,2470.000,2512.000,823158,325625,2497.000
2020-10-14,2507.000,2516.000,2477.000,2494.000,658521,306076,2499.000
2020-10-15,2499.000,2506.000,2476.000,2495.000,544137,304676,2493.000
2020-10-16,2482.000,2515.000,2459.000,2501.000,745379,297910,2489.000
2020-10-19,2505.000,2535.000,2470.000,2493.000,840569,282606,2496.000
2020-10-20,2497.000,2566.000,2482.000,2532.000,994712,343898,2527.000
2020-10-21,2532.000,2540.000,2513.000,2523.000,772520,323968,2525.000
2020-10-22,2532.000,2535.000,2496.000,2516.000,652386,318508,2522.000
2020-10-23,2520.000,2520.000,2477.000,2479.000,718382,277909,2500.000
2020-10-26,2483.000,2524.000,2483.000,2498.000,588031,277031,2502.000
2020-10-27,2491.000,2514.000,2485.000,2491.000,532690,287943,2499.000
2020-10-28,2492.000,2506.000,2453.000,2495.000,720331,302590,2484.000
2020-10-29,2470.000,2475.000,2430.000,2452.000,708872,279197,2453.000
2020-10-30,2442.000,2463.000,2440.000,2448.000,653266,261659,2451.000
2020-11-02,2453.000,2482.000,2430.000,2456.000,627308,277892,2458.000
2020-11-03,2457.000,2472.000,2446.000,2460.000,472558,283059,2457.000
2020-11-04,2468.000,2485.000,2457.000,2483.000,530004,282941,2470.000
2020-11-05,2488.000,2594.000,2484.000,2586.000,1522646,400034,2551.000
2020-11-06,2585.000,2591.000,2557.000,2573.000,845304,356656,2574.000
2020-11-09,2575.000,2579.000,2510.000,2510.000,766185,301131,2537.000
2020-11-10,2529.000,2530.000,2459.000,2471.000,789582,241002,2495.000
2020-11-11,2474.000,2540.000,2469.000,2523.000,727169,233199,2513.000
2020-11-12,2519.000,2531.000,2488.000,2497.000,554395,212411,2513.000
2020-11-13,2492.000,2505.000,2473.000,2485.000,505816,219373,2488.000
2020-11-16,2488.000,2499.000,2447.000,2456.000,632617,229064,2475.000
2020-11-17,2458.000,2476.000,2448.000,2469.000,442317,222306,2464.000
2020-11-18,2475.000,2505.000,2464.000,2490.000,619474,210208,2488.000
2020-11-19,2499.000,2541.000,2471.000,2528.000,721433,235051,2505.000
2020-11-20,2518.000,2569.000,2512.000,2559.000,650509,239085,2543.000
2020-11-23,2563.000,2607.000,2560.000,2595.000,775793,239369,2587.000
2020-11-24,2600.000,2600.000,2547.000,2555.000,605022,214084,2564.000
2020-11-25,2551.000,2567.000,2537.000,2558.000,532773,191988,2551.000
2020-11-26,2558.000,2560.000,2525.000,2554.000,385419,183677,2544.000
2020-11-27,2552.000,2556.000,2522.000,2530.000,348941,171894,2536.000
2020-11-30,2533.000,2579.000,2521.000,2570.000,563970,181964,2551.000
2020-12-01,2563.000,2586.000,2498.000,2507.000,640278,162744,2536.000
2020-12-02,2511.000,2516.000,2460.000,2465.000,432699,154483,2491.000
2020-12-03,2446.000,2471.000,2438.000,2463.000,443058,153147,2455.000
2020-12-04,2475.000,2482.000,2448.000,2471.000,425127,149424,2463.000
2020-12-07,2465.000,2480.000,2444.000,2478.000,386328,135269,2464.000
2020-12-08,2474.000,2501.000,2455.000,2464.000,401605,119398,2476.000
2020-12-09,2458.000,2481.000,2451.000,2469.000,301996,109732,2466.000
2020-12-10,2475.000,2507.000,2469.000,2505.000,384720,99305,2490.000
2020-12-11,2510.000,2514.000,2440.000,2446.000,365292,100717,2475.000
2020-12-14,2440.000,2491.000,2438.000,2482.000,231106,77283,2464.000
2020-12-15,2544.000,2547.000,2505.000,2525.000,450201,304397,2524.000
2020-12-16,2523.000,2572.000,2516.000,2571.000,536551,319924,2548.000
2020-12-17,2580.000,2600.000,2567.000,2592.000,540366,315061,2583.000
2020-12-18,2582.000,2640.000,2575.000,2622.000,523966,323908,2610.000
2020-12-21,2622.000,2724.000,2616.000,2722.000,675612,357342,2670.000
2020-12-22,2711.000,2783.000,2670.000,2731.000,982610,349430,2730.000
2020-12-23,2735.000,2778.000,2718.000,2759.000,1007158,376290,2752.000
2020-12-24,2780.000,2793.000,2733.000,2741.000,773792,362128,2754.000
2020-12-25,2743.000,2755.000,2705.000,2745.000,689076,357088,2731.000
2020-12-28,2749.000,2795.000,2730.000,2747.000,805487,353984,2758.000
2020-12-29,2747.000,2753.000,2696.000,2708.000,640080,340525,2723.000
2020-12-30,2708.000,2813.000,2698.000,2793.000,859848,371278,2765.000
2020-12-31,2785.000,2886.000,2785.000,2883.000,874112,395271,2831.000
2021-01-04,2880.000,2922.000,2863.000,2872.000,664379,392444,2886.000
2021-01-05,2869.000,2885.000,2832.000,2873.000,670209,385630,2861.000
2021-01-06,2877.000,2926.000,2861.000,2911.000,726926,399089,2893.000
2021-01-07,2916.000,2930.000,2875.000,2895.000,617490,393462,2900.000
2021-01-08,2892.000,2928.000,2865.000,2926.000,822744,402579,2894.000
2021-01-11,2931.000,3008.000,2901.000,2986.000,1014208,403881,2960.000
2021-01-12,2994.000,3027.000,2976.000,3010.000,919384,406330,3003.000
2021-01-13,3012.000,3154.000,3004.000,3154.000,1302940,432576,3105.000
2021-01-14,3149.000,3161.000,3103.000,3131.000,1128739,431208,3132.000
2021-01-15,3132.000,3166.000,3084.000,3095.000,1180218,410732,3115.000
2021-01-18,3102.000,3122.000,3048.000,3062.000,840341,389040,3082.000
2021-01-19,3059.000,3090.000,3036.000,3052.000,672314,387209,3059.000
2021-01-20,3060.000,3063.000,2906.000,2918.000,1353283,392887,2959.000
2021-01-21,2915.000,2953.000,2905.000,2940.000,841199,374844,2930.000
2021-01-22,2950.000,2956.000,2849.000,2861.000,1008637,363591,2890.000
2021-01-25,2857.000,2895.000,2785.000,2810.000,1042842,352138,2828.000
2021-01-26,2806.000,2858.000,2801.000,2803.000,775870,360194,2822.000
2021-01-27,2823.000,2890.000,2815.000,2872.000,936481,362885,2856.000
2021-01-28,2873.000,2880.000,2826.000,2841.000,804169,360287,2853.000
2021-01-29,2859.000,2870.000,2785.000,2857.000,896912,368461,2842.000
2021-02-01,2859.000,2907.000,2823.000,2867.000,1007208,369208,2861.000
2021-02-02,2861.000,2865.000,2805.000,2810.000,832349,391490,2832.000
2021-02-03,2790.000,2808.000,2763.000,2788.000,1005903,383679,2780.000
2021-02-04,2788.000,2875.000,2784.000,2871.000,1036425,381890,2836.000
2021-02-05,2868.000,2923.000,2859.000,2919.000,1087729,374914,2892.000
2021-02-08,2920.000,2942.000,2869.000,2886.000,942500,345645,2905.000
2021-02-09,2889.000,2964.000,2875.000,2942.000,779168,351797,2919.000
2021-02-10,2947.000,2948.000,2883.000,2906.000,612449,326643,2915.000
2021-02-18,2922.000,2967.000,2909.000,2937.000,480880,343340,2937.000
2021-02-19,2931.000,2984.000,2893.000,2918.000,928182,372642,2931.000
2021-02-22,2923.000,2989.000,2920.000,2964.000,1062094,399027,2960.000
2021-02-23,2959.000,3045.000,2915.000,3038.000,1203933,420084,2978.000
2021-02-24,3030.000,3060.000,3025.000,3048.000,1037900,416512,3043.000
2021-02-25,3064.000,3088.000,3028.000,3043.000,1044571,410359,3060.000
2021-02-26,3056.000,3057.000,2907.000,2907.000,1297581,395831,2966.000
2021-03-01,2866.000,2915.000,2844.000,2874.000,1111848,369871,2881.000
2021-03-02,2883.000,2933.000,2809.000,2817.000,1173124,376293,2866.000
2021-03-03,2824.000,2895.000,2823.000,2868.000,852525,362161,2865.000
2021-03-04,2868.000,2876.000,2825.000,2838.000,812923,354540,2847.000
2021-03-05,2842.000,2889.000,2802.000,2876.000,1000119,340574,2849.000
2021-03-08,2874.000,2972.000,2858.000,2954.000,948584,333418,2925.000
2021-03-09,2954.000,2954.000,2872.000,2874.000,915046,321618,2909.000
2021-03-10,2874.000,2885.000,2792.000,2803.000,1161315,329080,2840.000
2021-03-11,2790.000,2800.000,2698.000,2709.000,1358953,346311,2726.000
2021-03-12,2713.000,2748.000,2692.000,2732.000,1184971,326432,2724.000
2021-03-15,2734.000,2793.000,2677.000,2780.000,1158142,324812,2738.000
2021-03-16,2788.000,2831.000,2778.000,2808.000,1090895,303112,2803.000
2021-03-17,2813.000,2862.000,2813.000,2843.000,921889,285616,2845.000
2021-03-18,2840.000,2877.000,2822.000,2831.000,926753,270726,2849.000
2021-03-19,2831.000,2878.000,2806.000,2861.000,1097356,274909,2843.000
2021-03-22,2861.000,2895.000,2818.000,2863.000,965494,258864,2862.000
2021-03-23,2856.000,2861.000,2786.000,2824.000,1064189,255660,2814.000
2021-03-24,2824.000,2872.000,2816.000,2856.000,834022,260620,2845.000
2021-03-25,2858.000,2906.000,2857.000,2890.000,931020,273487,2886.000
2021-03-26,2880.000,2945.000,2862.000,2933.000,1054699,290712,2909.000
2021-03-29,2933.000,2936.000,2864.000,2891.000,885536,255144,2898.000
2021-03-30,2877.000,2894.000,2844.000,2879.000,790062,253611,2870.000
2021-03-31,2876.000,2891.000,2798.000,2832.000,840239,242027,2839.000
2021-04-01,2832.000,2981.000,2826.000,2981.000,1495525,277241,2942.000
2021-04-02,2985.000,2996.000,2940.000,2989.000,969499,235137,2970.000
2021-04-06,2976.000,3000.000,2937.000,2942.000,413978,209659,2960.000
2021-04-07,2955.000,2987.000,2916.000,2969.000,814961,184186,2947.000
2021-04-08,2973.000,2976.000,2923.000,2961.000,603272,167079,2945.000
2021-04-09,2956.000,2991.000,2925.000,2977.000,737715,160260,2960.000
2021-04-12,2994.000,3008.000,2896.000,2905.000,706297,141109,2957.000
2021-04-13,2897.000,2912.000,2855.000,2867.000,607603,131342,2878.000
2021-04-14,2861.000,2881.000,2779.000,2799.000,577215,115336,2832.000
2021-04-15,2795.000,2817.000,2781.000,2792.000,449552,110122,2800.000
2021-04-16,2795.000,2825.000,2766.000,2798.000,434170,75610,2798.000
2021-04-19,2883.000,2949.000,2866.000,2943.000,952245,401069,2906.000
2021-04-20,2947.000,2988.000,2922.000,2984.000,852114,415487,2957.000
2021-04-21,2993.000,3030.000,2977.000,3015.000,960974,451070,3006.000
2021-04-22,2998.000,3069.000,2985.000,3047.000,925952,452968,3033.000
2021-04-23,3041.000,3065.000,3017.000,3052.000,840882,457122,3042.000
2021-04-26,3049.000,3109.000,3022.000,3055.000,1060781,461047,3062.000
2021-04-27,3055.000,3094.000,3049.000,3080.000,987183,472400,3074.000
2021-04-28,3070.000,3080.000,2992.000,3033.000,1212438,442823,3037.000
2021-04-29,3040.000,3054.000,3010.000,3024.000,834963,432069,3034.000
2021-04-30,3024.000,3062.000,2995.000,3020.000,894103,408457,3027.000
2021-05-06,3060.000,3147.000,3057.000,3119.000,654917,430816,3112.000
2021-05-07,3121.000,3218.000,3120.000,3174.000,1127945,471201,3171.000
2021-05-10,3178.000,3180.000,3120.000,3143.000,1010674,470742,3147.000
2021-05-11,3143.000,3154.000,3061.000,3089.000,1150901,462381,3102.000
2021-05-12,3107.000,3211.000,3106.000,3190.000,1316975,466111,3169.000
2021-05-13,3180.000,3202.000,3064.000,3094.000,1399648,455024,3123.000
2021-05-14,3072.000,3083.000,2979.000,3008.000,1377060,437978,3029.000
2021-05-17,3018.000,3034.000,2966.000,3001.000,1020866,446779,3002.000
2021-05-18,3005.000,3029.000,2993.000,3013.000,803998,453867,3011.000
2021-05-19,3011.000,3019.000,2960.000,2989.000,1095691,447403,2994.000
2021-05-20,2969.000,2989.000,2934.000,2982.000,1027227,433005,2963.000
2021-05-21,2967.000,2973.000,2915.000,2920.000,923635,427102,2950.000
2021-05-24,2925.000,2948.000,2873.000,2939.000,944198,408428,2916.000
2021-05-25,2947.000,2954.000,2922.000,2938.000,815152,402638,2939.000
2021-05-26,2922.000,2946.000,2893.000,2931.000,816740,398168,2927.000
2021-05-27,2921.000,2947.000,2886.000,2894.000,952125,393570,2911.000
2021-05-28,2911.000,2992.000,2906.000,2963.000,877582,378470,2952.000
2021-05-31,2950.000,2983.000,2942.000,2943.000,674455,381923,2959.000
2021-06-01,2941.000,2995.000,2941.000,2960.000,681820,401190,2968.000
2021-06-02,2980.000,3008.000,2973.000,2996.000,767156,415189,2989.000
2021-06-03,2996.000,3026.000,2965.000,3025.000,1020279,448861,2998.000
2021-06-04,3021.000,3027.000,2929.000,2935.000,1046208,466529,2963.000
2021-06-07,2943.000,3043.000,2942.000,3036.000,1142986,443047,3003.000
2021-06-08,3059.000,3060.000,3013.000,3047.000,1051048,431447,3036.000
2021-06-09,3050.000,3091.000,3030.000,3044.000,1160287,411277,3061.000
2021-06-10,3037.000,3055.000,3023.000,3047.000,759803,415074,3039.000
2021-06-11,3050.000,3080.000,3027.000,3047.000,960357,407052,3052.000
2021-06-15,2960.000,2985.000,2890.000,2906.000,938436,436750,2921.000
2021-06-16,2925.000,2925.000,2889.000,2891.000,877151,429899,2900.000
2021-06-17,2905.000,2911.000,2826.000,2869.000,926097,417445,2872.000
2021-06-18,2840.000,2860.000,2745.000,2792.000,1206666,417073,2796.000
2021-06-21,2819.000,2838.000,2797.000,2809.000,845815,408724,2811.000
2021-06-22,2801.000,2846.000,2798.000,2816.000,686647,403664,2819.000
2021-06-23,2816.000,2837.000,2805.000,2814.000,812314,393550,2817.000
2021-06-24,2805.000,2843.000,2780.000,2831.000,980748,394693,2817.000
2021-06-25,2814.000,2843.000,2795.000,2830.000,861712,387659,2819.000
2021-06-28,2830.000,2897.000,2804.000,2883.000,1109052,405004,2850.000
2021-06-29,2880.000,2908.000,2872.000,2891.000,661112,388993,2888.000
2021-06-30,2893.000,2931.000,2881.000,2920.000,694172,388613,2903.000
2021-07-01,2913.000,3078.000,2897.000,3048.000,943046,401954,2994.000
2021-07-02,3079.000,3110.000,3064.000,3108.000,857146,431738,3088.000
2021-07-05,3110.000,3115.000,3053.000,3082.000,740392,418111,3081.000
2021-07-06,3082.000,3099.000,3055.000,3067.000,570582,416785,3074.000
2021-07-07,3053.000,3059.000,2960.000,2997.000,987953,393310,2998.000
2021-07-08,2986.000,2999.000,2974.000,2988.000,678187,387859,2987.000
2021-07-09,2970.000,3001.000,2952.000,2980.000,782905,390599,2980.000
2021-07-12,2978.000,3021.000,2948.000,3001.000,1020208,363688,2983.000
2021-07-13,3002.000,3043.000,2990.000,3023.000,694319,359286,3018.000
2021-07-14,3025.000,3049.000,2997.000,3046.000,712356,384729,3030.000
2021-07-15,3050.000,3094.000,3041.000,3069.000,736295,393790,3070.000
2021-07-16,3068.000,3079.000,3047.000,3060.000,553008,386067,3062.000
2021-07-19,3072.000,3162.000,3072.000,3086.000,891279,401152,3112.000
2021-07-20,3075.000,3110.000,3033.000,3101.000,761008,395866,3075.000
2021-07-21,3113.000,3146.000,3052.000,3078.000,845393,382358,3099.000
2021-07-22,3093.000,3096.000,3001.000,3007.000,754458,393941,3048.000
2021-07-23,2974.000,2985.000,2940.000,2947.000,854340,390464,2958.000
2021-07-26,2950.000,2957.000,2871.000,2896.000,760469,398618,2908.000
2021-07-27,2900.000,2935.000,2882.000,2908.000,721499,388271,2907.000
2021-07-28,2913.000,2953.000,2908.000,2919.000,673862,383943,2928.000
2021-07-29,2930.000,2966.000,2911.000,2965.000,627950,367141,2936.000
2021-07-30,2970.000,3016.000,2952.000,3012.000,770779,357678,2983.000
2021-08-02,2995.000,3012.000,2942.000,3007.000,780671,353343,2982.000
2021-08-03,3009.000,3023.000,2974.000,3013.000,768218,339708,3001.000
2021-08-04,2994.000,2995.000,2954.000,2976.000,859407,338695,2971.000
2021-08-05,2972.000,2983.000,2934.000,2937.000,782794,354443,2961.000
2021-08-06,2933.000,2969.000,2926.000,2955.000,756213,350564,2947.000
2021-08-09,2957.000,3015.000,2926.000,3010.000,932986,338214,2978.000
2021-08-10,3009.000,3041.000,2996.000,3029.000,775101,321237,3022.000
2021-08-11,3017.000,3033.000,2987.000,3016.000,725822,269978,3012.000
2021-08-12,3004.000,3021.000,2919.000,2934.000,810989,231724,2967.000
2021-08-13,2945.000,3026.000,2928.000,3025.000,649781,196783,2962.000
2021-08-16,2939.000,2983.000,2927.000,2969.000,989747,426081,2954.000
2021-08-17,2969.000,3026.000,2955.000,2991.000,1026643,492724,2987.000
2021-08-18,2991.000,3006.000,2953.000,2991.000,1024159,510489,2983.000
2021-08-19,2987.000,2990.000,2919.000,2924.000,1097984,455522,2943.000
2021-08-20,2906.000,2932.000,2869.000,2885.000,958926,451507,2899.000
2021-08-23,2874.000,2889.000,2846.000,2857.000,766097,446196,2863.000
2021-08-24,2860.000,2878.000,2836.000,2862.000,876606,450899,2857.000
2021-08-25,2858.000,2887.000,2838.000,2849.000,970253,477719,2860.000
2021-08-26,2855.000,2904.000,2822.000,2892.000,1281244,441860,2865.000
2021-08-27,2898.000,2910.000,2866.000,2883.000,919897,417946,2888.000
2021-08-30,2884.000,2932.000,2867.000,2894.000,941541,405010,2900.000
2021-08-31,2896.000,2901.000,2846.000,2887.000,987553,402453,2869.000
2021-09-01,2876.000,2891.000,2842.000,2849.000,802433,406634,2860.000
2021-09-02,2850.000,2887.000,2833.000,2871.000,1005348,388818,2853.000
2021-09-03,2871.000,2877.000,2839.000,2848.000,779900,394042,2858.000
2021-09-06,2853.000,2858.000,2816.000,2851.000,895307,397469,2840.000
2021-09-07,2852.000,2894.000,2837.000,2888.000,864039,388923,2868.000
2021-09-08,2888.000,2888.000,2820.000,2822.000,996222,429555,2858.000
2021-09-09,2822.000,2834.000,2774.000,2788.000,1151922,481924,2804.000
2021-09-10,2788.000,2825.000,2779.000,2824.000,892184,451161,2799.000
2021-09-13,2828.000,2877.000,2825.000,2868.000,1109803,405552,2856.000
2021-09-14,2861.000,2901.000,2849.000,2892.000,936512,420139,2876.000
2021-09-15,2896.000,2907.000,2881.000,2901.000,715450,425946,2894.000
2021-09-16,2902.000,2927.000,2884.000,2924.000,866634,436776,2907.000
2021-09-17,2923.000,2965.000,2916.000,2939.000,962349,430461,2940.000
2021-09-22,2922.000,2933.000,2886.000,2895.000,612623,426047,2902.000
2021-09-23,2896.000,2935.000,2896.000,2901.000,728492,427358,2912.000
2021-09-24,2899.000,2919.000,2861.000,2871.000,933279,417771,2890.000
2021-09-27,2867.000,2894.000,2830.000,2883.000,943777,398124,2867.000
2021-09-28,2890.000,2898.000,2813.000,2821.000,902469,382198,2853.000
2021-09-29,2818.000,2827.000,2791.000,2802.000,688986,361314,2809.000
2021-09-30,2803.000,2808.000,2757.000,2771.000,630604,341729,2782.000
2021-10-08,2725.000,2725.000,2647.000,2681.000,662651,369379,2675.000
2021-10-11,2681.000,2730.000,2681.000,2700.000,944738,375606,2703.000
2021-10-12,2704.000,2719.000,2653.000,2688.000,1018487,387568,2693.000
2021-10-13,2681.000,2690.000,2611.000,2620.000,1094049,412468,2649.000
2021-10-14,2614.000,2647.000,2575.000,2638.000,1036147,416994,2608.000
2021-10-15,2642.000,2655.000,2612.000,2626.000,788820,414625,2627.000
2021-10-18,2634.000,2646.000,2584.000,2585.000,1011352,430431,2614.000
2021-10-19,2578.000,2612.000,2549.000,2599.000,933237,428582,2585.000
2021-10-20,2602.000,2638.000,2594.000,2614.000,1100091,430382,2618.000
2021-10-21,2621.000,2634.000,2602.000,2609.000,1111152,441299,2616.000
2021-10-22,2600.000,2652.000,2584.000,2646.000,1272106,416683,2627.000
2021-10-25,2646.000,2680.000,2617.000,2657.000,1212684,420923,2653.000
2021-10-26,2656.000,2661.000,2605.000,2628.000,856499,438070,2627.000
2021-10-27,2625.000,2633.000,2583.000,2628.000,913707,422721,2608.000
2021-10-28,2620.000,2666.000,2595.000,2655.000,1264379,387846,2639.000
2021-10-29,2648.000,2679.000,2643.000,2647.000,936723,376397,2657.000
2021-11-01,2640.000,2653.000,2539.000,2553.000,1276422,419405,2597.000
2021-11-02,2555.000,2565.000,2517.000,2522.000,901069,418376,2542.000
2021-11-03,2522.000,2546.000,2501.000,2532.000,937627,393036,2526.000
2021-11-04,2541.000,2579.000,2527.000,2570.000,865669,349536,2551.000
2021-11-05,2570.000,2579.000,2476.000,2496.000,1142551,344225,2532.000
2021-11-08,2491.000,2551.000,2480.000,2545.000,950129,321267,2520.000
2021-11-09,2545.000,2595.000,2525.000,2587.000,791738,321415,2560.000
2021-11-10,2593.000,2652.000,2585.000,2628.000,872522,296813,2619.000
2021-11-11,2628.000,2670.000,2615.000,2669.000,625002,292928,2642.000
2021-11-12,2672.000,2705.000,2657.000,2689.000,652995,288850,2682.000
2021-11-15,2687.000,2754.000,2673.000,2702.000,824589,286682,2703.000
2021-11-16,2711.000,2756.000,2698.000,2750.000,661116,303259,2727.000
2021-11-17,2750.000,2759.000,2707.000,2746.000,678487,308770,2734.000
2021-11-18,2755.000,2798.000,2740.000,2749.000,849589,302064,2765.000
2021-11-19,2743.000,2794.000,2715.000,2792.000,863985,320242,2755.000
2021-11-22,2770.000,2773.000,2686.000,2710.000,872706,297507,2725.000
2021-11-23,2701.000,2774.000,2683.000,2759.000,825136,313534,2729.000
2021-11-24,2757.000,2769.000,2714.000,2764.000,914065,313264,2743.000
2021-11-25,2757.000,2777.000,2715.000,2738.000,670984,298527,2742.000
2021-11-26,2733.000,2733.000,2664.000,2688.000,693426,287758,2687.000
2021-11-29,2678.000,2721.000,2649.000,2715.000,863492,279011,2681.000
2021-11-30,2715.000,2722.000,2633.000,2680.000,853933,270316,2673.000
2021-12-01,2666.000,2675.000,2639.000,2670.000,625987,250292,2661.000
2021-12-02,2666.000,2691.000,2625.000,2688.000,765994,253415,2657.000
2021-12-03,2689.000,2736.000,2671.000,2734.000,783663,240968,2708.000
2021-12-06,2734.000,2745.000,2701.000,2717.000,661043,227747,2723.000
2021-12-07,2722.000,2734.000,2688.000,2700.000,764103,214588,2713.000
2021-12-08,2700.000,2708.000,2674.000,2695.000,661390,197387,2690.000
2021-12-09,2693.000,2816.000,2681.000,2798.000,825379,204837,2758.000
2021-12-10,2786.000,2851.000,2766.000,2831.000,661187,175838,2811.000
2021-12-13,2839.000,2867.000,2809.000,2815.000,477228,151826,2833.000
2021-12-14,2810.000,2876.000,2795.000,2854.000,570872,139713,2829.000
2021-12-15,2870.000,2998.000,2865.000,2958.000,699915,133567,2947.000
2021-12-16,2885.000,2909.000,2857.000,2891.000,796730,453684,2884.000
2021-12-17,2900.000,2932.000,2880.000,2924.000,652907,498610,2903.000
2021-12-20,2931.000,2931.000,2873.000,2904.000,768237,491841,2897.000
2021-12-21,2904.000,2916.000,2881.000,2893.000,669789,473955,2896.000
2021-12-22,2880.000,2935.000,2865.000,2896.000,692719,460064,2899.000
2021-12-23,2900.000,2965.000,2900.000,2955.000,719224,514126,2930.000
2021-12-24,2946.000,2988.000,2930.000,2983.000,631254,536269,2958.000
2021-12-27,2989.000,2989.000,2926.000,2936.000,548832,484351,2954.000
2021-12-28,2947.000,2998.000,2942.000,2963.000,745849,510129,2966.000
2021-12-29,2963.000,2964.000,2914.000,2931.000,636693,486394,2937.000
2021-12-30,2920.000,2950.000,2901.000,2936.000,536813,487990,2916.000
2021-12-31,2925.000,2925.000,2875.000,2912.000,620561,463901,2903.000
2022-01-04,2930.000,3002.000,2930.000,2981.000,464637,523048,2979.000
2022-01-05,2970.000,3023.000,2970.000,2996.000,516010,513346,2992.000
2022-01-06,2989.000,2989.000,2907.000,2918.000,707237,476814,2946.000
2022-01-07,2927.000,2952.000,2920.000,2938.000,457391,476460,2935.000
2022-01-10,2931.000,2988.000,2911.000,2941.000,585989,474365,2944.000
2022-01-11,2941.000,2964.000,2916.000,2930.000,464046,471618,2937.000
2022-01-12,2931.000,2970.000,2897.000,2956.000,621201,509641,2934.000
2022-01-13,2946.000,2962.000,2916.000,2946.000,650307,493217,2936.000
2022-01-14,2938.000,2938.000,2876.000,2890.000,587895,490990,2904.000
2022-01-17,2908.000,2916.000,2852.000,2868.000,587376,468397,2883.000
2022-01-18,2871.000,2886.000,2855.000,2872.000,360949,464893,2872.000
2022-01-19,2856.000,2909.000,2832.000,2899.000,609735,477067,2872.000
2022-01-20,2903.000,2969.000,2892.000,2959.000,563170,474449,2937.000
2022-01-21,2959.000,3020.000,2955.000,3004.000,536218,503479,2987.000
2022-01-24,2999.000,3042.000,2996.000,3022.000,610340,517771,3021.000
2022-01-25,3020.000,3039.000,2990.000,3033.000,536015,529914,3017.000
2022-01-26,3031.000,3060.000,3017.000,3055.000,481075,528474,3036.000
2022-01-27,3056.000,3197.000,3056.000,3153.000,854964,501204,3144.000
2022-01-28,3160.000,3184.000,3120.000,3161.000,487410,454090,3160.000
2022-02-07,3395.000,3445.000,3352.000,3425.000,531825,469332,3430.000
2022-02-08,3440.000,3462.000,3363.000,3390.000,737458,466335,3406.000
2022-02-09,3395.000,3427.000,3355.000,3420.000,650646,488076,3391.000
2022-02-10,3414.000,3489.000,3393.000,3444.000,708545,503728,3442.000
2022-02-11,3480.000,3530.000,3380.000,3423.000,860383,485826,3447.000
2022-02-14,3457.000,3461.000,3395.000,3423.000,633344,490984,3427.000
2022-02-15,3393.000,3437.000,3376.000,3416.000,615804,493826,3404.000
2022-02-16,3392.000,3467.000,3374.000,3428.000,729176,520342,3414.000
2022-02-17,3419.000,3488.000,3384.000,3486.000,742811,556977,3433.000
2022-02-18,3502.000,3528.000,3461.000,3505.000,677794,555722,3491.000
2022-02-21,3513.000,3556.000,3465.000,3502.000,797718,523287,3506.000
2022-02-22,3499.000,3598.000,3493.000,3592.000,682542,538893,3555.000
2022-02-23,3558.000,3670.000,3504.000,3641.000,1020358,549456,3594.000
2022-02-24,3641.000,3863.000,3620.000,3825.000,876410,497027,3727.000
2022-02-25,3800.000,3857.000,3589.000,3612.000,1051689,405257,3721.000
2022-02-28,3555.000,3600.000,3480.000,3587.000,784223,393936,3539.000
2022-03-01,3580.000,3720.000,3540.000,3655.000,588393,397172,3629.000
2022-03-02,3690.000,3800.000,3630.000,3686.000,708848,402024,3714.000
2022-03-03,3706.000,3725.000,3569.000,3694.000,637502,400743,3655.000
2022-03-04,3660.000,3752.000,3632.000,3688.000,581106,402096,3684.000
2022-03-07,3715.000,3921.000,3715.000,3913.000,608353,439849,3820.000
2022-03-08,3880.000,4098.000,3790.000,4052.000,784125,429816,3935.000
2022-03-09,4018.000,4197.000,4011.000,4131.000,870708,369339,4115.000
2022-03-10,4052.000,4100.000,3981.000,4069.000,564879,349637,4040.000
2022-03-11,4090.000,4150.000,4046.000,4084.000,257734,334692,4095.000
2022-03-14,4050.000,4061.000,3946.000,4038.000,333714,318552,4008.000
2022-03-15,4028.000,4076.000,3906.000,3910.000,330876,303707,3987.000
2022-03-16,3905.000,4032.000,3856.000,4021.000,251560,294251,3943.000
2022-03-17,4021.000,4085.000,3947.000,3982.000,218135,287794,4005.000
2022-03-18,4010.000,4097.000,3983.000,4093.000,158283,291778,4040.000
2022-03-21,4065.000,4174.000,4040.000,4134.000,180074,295729,4108.000
2022-03-22,4154.000,4310.000,4120.000,4285.000,220866,296599,4238.000
2022-03-23,3960.000,4012.000,3916.000,4000.000,208792,213662,3962.000
2022-03-24,4030.000,4076.000,3953.000,3959.000,258541,217355,4014.000
2022-03-25,3974.000,4036.000,3880.000,3940.000,289979,224653,3965.000
2022-03-28,3930.000,3983.000,3900.000,3906.000,259795,240703,3943.000
2022-03-29,3898.000,3959.000,3860.000,3911.000,320568,268593,3902.000
2022-03-30,3789.000,3869.000,3714.000,3831.000,458783,269590,3795.000
2022-03-31,3847.000,3883.000,3806.000,3848.000,277816,280619,3846.000
2022-04-01,3849.000,3892.000,3623.000,3624.000,466771,248468,3747.000
2022-04-06,3690.000,3715.000,3631.000,3660.000,219858,254181,3680.000
2022-04-07,3665.000,3764.000,3637.000,3709.000,361169,276954,3705.000
2022-04-08,3728.000,3781.000,3700.000,3745.000,280817,282843,3741.000
2022-04-11,3752.000,3840.000,3752.000,3765.000,262504,290988,3785.000
2022-04-12,3779.000,3779.000,3685.000,3735.000,322274,286707,3717.000
2022-04-13,3743.000,3768.000,3653.000,3687.000,395812,303701,3699.000
2022-04-14,3672.000,3785.000,3627.000,3771.000,373734,306753,3711.000
2022-04-15,3772.000,3794.000,3695.000,3760.000,331393,298005,3742.000
2022-04-18,3749.000,3866.000,3721.000,3803.000,423142,320584,3798.000
2022-04-19,3802.000,3881.000,3759.000,3866.000,412107,331823,3809.000
2022-04-20,3826.000,3868.000,3793.000,3836.000,379928,334072,3829.000
2022-04-21,3842.000,3874.000,3814.000,3862.000,204844,324638,3846.000
2022-04-22,3855.000,3855.000,3745.000,3749.000,235177,303233,3805.000
2022-04-25,3767.000,3785.000,3591.000,3597.000,249376,281664,3681.000
2022-04-26,3597.000,3702.000,3593.000,3667.000,185903,278315,3644.000
2022-04-27,3667.000,3732.000,3636.000,3728.000,180530,276265,3686.000
2022-04-28,3740.000,3836.000,3704.000,3825.000,195344,277842,3771.000
2022-04-29,3826.000,3850.000,3785.000,3835.000,161104,271055,3820.000
2022-05-05,3780.000,3835.000,3768.000,3799.000,95920,273158,3802.000
2022-05-06,3780.000,3811.000,3631.000,3645.000,215024,248518,3721.000
2022-05-09,3632.000,3652.000,3534.000,3551.000,193499,247637,3586.000
2022-05-10,3549.000,3614.000,3487.000,3611.000,187239,232898,3554.000
2022-05-11,3615.000,3629.000,3585.000,3609.000,125247,229867,3604.000
2022-05-12,3599.000,3663.000,3571.000,3597.000,157634,223874,3613.000
2022-05-13,3589.000,3716.000,3565.000,3685.000,176157,215623,3649.000
2022-05-16,3695.000,3778.000,3685.000,3761.000,126841,216629,3737.000
2022-05-17,3761.000,3776.000,3725.000,3759.000,105054,213946,3751.000
2022-05-18,3761.000,3806.000,3737.000,3752.000,137032,217059,3775.000
2022-05-19,3754.000,3795.000,3706.000,3730.000,146789,216772,3749.000
2022-05-20,3710.000,3821.000,3710.000,3796.000,147963,218227,3772.000
2022-05-23,3787.000,3843.000,3752.000,3755.000,132544,215214,3795.000
2022-05-24,3740.000,3755.000,3605.000,3629.000,209673,205403,3662.000
2022-05-25,3629.000,3678.000,3605.000,3664.000,130337,196125,3642.000
2022-05-26,3632.000,3670.000,3597.000,3653.000,122482,195203,3630.000
2022-05-27,3649.000,3745.000,3642.000,3712.000,141675,192183,3700.000
2022-05-30,3712.000,3771.000,3685.000,3763.000,121693,196806,3724.000
2022-05-31,3769.000,3798.000,3738.000,3781.000,112402,192778,3775.000
2022-06-01,3781.000,3781.000,3658.000,3671.000,153119,185502,3704.000
2022-06-02,3671.000,3717.000,3639.000,3710.000,107438,180961,3683.000
2022-06-06,3731.000,3774.000,3715.000,3734.000,79901,184309,3743.000
2022-06-07,3734.000,3760.000,3650.000,3655.000,152379,191757,3701.000
2022-06-08,3652.000,3783.000,3636.000,3767.000,178445,197105,3721.000
2022-06-09,3779.000,3818.000,3743.000,3748.000,130218,200284,3781.000
2022-06-10,3754.000,3872.000,3753.000,3851.000,190314,214628,3823.000
2022-06-13,3851.000,3895.000,3710.000,3721.000,180554,191313,3789.000
2022-06-14,3721.000,3732.000,3661.000,3687.000,129634,186062,3690.000
2022-06-15,3682.000,3704.000,3639.000,3662.000,106707,186039,3671.000
2022-06-16,3662.000,3713.000,3640.000,3661.000,119088,189200,3674.000
2022-06-17,3671.000,3746.000,3642.000,3744.000,156849,189053,3697.000
2022-06-20,3744.000,3766.000,3616.000,3648.000,179372,184267,3689.000
2022-06-21,3648.000,3666.000,3580.000,3621.000,172525,182837,3626.000
2022-06-22,3604.000,3672.000,3550.000,3554.000,158781,183189,3610.000
2022-06-23,3554.000,3582.000,3337.000,3425.000,258729,171354,3459.000
2022-06-24,3408.000,3422.000,3291.000,3327.000,199998,164533,3351.000
2022-06-27,3342.000,3393.000,3264.000,3356.000,151962,153833,3337.000
2022-06-28,2792.000,2839.000,2776.000,2838.000,211756,185580,2811.000
2022-06-29,2835.000,2853.000,2801.000,2815.000,244673,200833,2825.000
2022-06-30,2830.000,2861.000,2815.000,2831.000,231498,198009,2835.000
2022-07-01,2830.000,2888.000,2795.000,2834.000,440388,207641,2839.000
2022-07-04,2837.000,2856.000,2718.000,2769.000,368995,208419,2779.000
2022-07-05,2769.000,2814.000,2716.000,2767.000,351948,217205,2766.000
2022-07-06,2750.000,2755.000,2596.000,2688.000,577693,225196,2677.000
2022-07-07,2701.000,2810.000,2686.000,2780.000,490867,226044,2742.000
2022-07-08,2800.000,2879.000,2800.000,2823.000,412837,231451,2831.000
2022-07-11,2818.000,2965.000,2789.000,2880.000,395474,238462,2863.000
2022-07-12,2874.000,2902.000,2846.000,2852.000,315385,242434,2871.000
2022-07-13,2830.000,2862.000,2754.000,2819.000,431230,257440,2803.000
2022-07-14,2800.000,2860.000,2768.000,2839.000,386732,258968,2817.000
2022-07-15,2814.000,2828.000,2751.000,2751.000,492617,263993,2792.000
2022-07-18,2763.000,2873.000,2736.000,2863.000,477031,283761,2802.000
2022-07-19,2873.000,2908.000,2784.000,2785.000,355928,270321,2836.000
2022-07-20,2760.000,2773.000,2683.000,2703.000,557686,282862,2723.000
2022-07-21,2703.000,2727.000,2682.000,2695.000,325881,290964,2706.000
2022-07-22,2680.000,2699.000,2611.000,2636.000,535442,292557,2651.000
2022-07-25,2638.000,2725.000,2614.000,2625.000,545701,305848,2663.000
2022-07-26,2646.000,2722.000,2620.000,2683.000,482935,297987,2672.000
2022-07-27,2693.000,2739.000,2681.000,2714.000,507680,292838,2711.000
2022-07-28,2735.000,2793.000,2712.000,2768.000,437523,290724,2757.000
2022-07-29,2749.000,2776.000,2696.000,2752.000,502923,285466,2734.000
2022-08-01,2786.000,2854.000,2742.000,2761.000,501474,275595,2801.000
2022-08-02,2744.000,2767.000,2691.000,2721.000,419007,281746,2725.000
2022-08-03,2713.000,2739.000,2670.000,2718.000,402195,276809,2703.000
2022-08-04,2728.000,2749.000,2695.000,2729.000,423770,286573,2722.000
2022-08-05,2755.000,2860.000,2737.000,2852.000,529306,305671,2799.000
2022-08-08,2830.000,2844.000,2795.000,2811.000,440881,295389,2819.000
2022-08-09,2785.000,2818.000,2785.000,2792.000,303928,304149,2800.000
2022-08-10,2813.000,2859.000,2813.000,2837.000,398458,304654,2836.000
2022-08-11,2864.000,2892.000,2818.000,2845.000,469480,314439,2859.000
2022-08-12,2872.000,2912.000,2850.000,2906.000,430274,333252,2882.000
2022-08-15,2892.000,2899.000,2821.000,2830.000,460295,331467,2861.000
2022-08-16,2806.000,2838.000,2785.000,2829.000,393967,330478,2816.000
2022-08-17,2821.000,2839.000,2804.000,2827.000,334857,343710,2823.000
2022-08-18,2830.000,2842.000,2770.000,2770.000,408716,353977,2808.000
2022-08-19,2784.000,2850.000,2738.000,2833.000,606030,359806,2797.000
2022-08-22,2825.000,2860.000,2805.000,2848.000,401727,358659,2834.000
2022-08-23,2869.000,3000.000,2861.000,2980.000,641507,392475,2938.000
2022-08-24,2980.000,3033.000,2972.000,3019.000,486142,408032,3000.000
2022-08-25,3019.000,3030.000,2950.000,2976.000,531056,394717,2985.000
2022-08-26,2955.000,2957.000,2891.000,2910.000,550668,388882,2919.000
2022-08-29,2917.000,2926.000,2877.000,2894.000,545790,373140,2903.000
2022-08-30,2900.000,2909.000,2834.000,2867.000,411801,366146,2870.000
2022-08-31,2848.000,2908.000,2840.000,2901.000,370431,361187,2874.000
2022-09-01,2880.000,2907.000,2859.000,2887.000,433868,361208,2884.000
2022-09-02,2880.000,2934.000,2865.000,2927.000,564032,367857,2899.000
2022-09-05,2939.000,2974.000,2924.000,2946.000,516305,383399,2950.000
2022-09-06,2959.000,2983.000,2902.000,2914.000,456894,381825,2939.000
2022-09-07,2901.000,2970.000,2889.000,2953.000,542581,391671,2926.000
2022-09-08,2970.000,3024.000,2937.000,2939.000,615042,399834,2975.000
2022-09-09,2944.000,2971.000,2909.000,2957.000,550769,393726,2946.000
2022-09-13,3110.000,3164.000,3110.000,3149.000,570850,423705,3147.000
2022-09-14,3147.000,3150.000,3104.000,3132.000,467111,418055,3134.000
2022-09-15,3131.000,3131.000,3056.000,3073.000,529556,398621,3089.000
2022-09-16,3068.000,3095.000,3061.000,3079.000,395483,388862,3077.000
2022-09-19,3064.000,3100.000,3032.000,3067.000,509709,393148,3064.000
2022-09-20,3053.000,3087.000,3040.000,3044.000,456690,399148,3059.000
2022-09-21,3031.000,3074.000,3015.000,3065.000,470284,396403,3043.000
2022-09-22,3050.000,3139.000,3047.000,3108.000,670080,414827,3094.000
2022-09-23,3110.000,3120.000,3070.000,3085.000,559179,410769,3094.000
2022-09-26,3067.000,3115.000,3034.000,3053.000,633187,397763,3069.000
2022-09-27,3063.000,3115.000,3054.000,3104.000,551640,421897,3084.000
2022-09-28,3112.000,3179.000,3103.000,3169.000,759017,451913,3140.000
2022-09-29,3189.000,3242.000,3161.000,3239.000,619423,475586,3198.000
2022-09-30,3239.000,3270.000,3166.000,3201.000,682247,434582,3212.000
2022-10-10,3245.000,3257.000,3153.000,3177.000,440550,437497,3191.000
2022-10-11,3188.000,3200.000,3141.000,3155.000,459558,452531,3167.000
2022-10-12,3147.000,3175.000,3118.000,3168.000,517410,455093,3144.000
2022-10-13,3158.000,3209.000,3153.000,3157.000,539622,461108,3175.000
2022-10-14,3150.000,3231.000,3128.000,3225.000,647059,504514,3190.000
2022-10-17,3219.000,3239.000,3084.000,3089.000,798575,472534,3153.000
2022-10-18,3100.000,3101.000,3035.000,3047.000,658504,457376,3066.000
2022-10-19,3050.000,3065.000,3018.000,3040.000,624499,460779,3045.000
2022-10-20,3025.000,3065.000,3004.000,3048.000,612446,450420,3041.000
2022-10-21,3060.000,3096.000,2996.000,3002.000,697871,443358,3047.000
2022-10-24,2999.000,3032.000,2984.000,3016.000,696075,405785,3008.000
2022-10-25,3008.000,3021.000,2962.000,2993.000,657132,402821,2992.000
2022-10-26,2994.000,3040.000,2985.000,3029.000,514202,398909,3019.000
2022-10-27,3035.000,3042.000,2965.000,2976.000,567791,390783,2993.000
2022-10-28,2988.000,3024.000,2971.000,2981.000,621977,383211,2992.000
2022-10-31,2970.000,3014.000,2905.000,2994.000,887799,384161,2971.000
2022-11-01,2985.000,3130.000,2960.000,3112.000,1054138,404108,3063.000
2022-11-02,3122.000,3145.000,3049.000,3069.000,917986,400599,3105.000
2022-11-03,3055.000,3070.000,3015.000,3038.000,803684,391903,3040.000
2022-11-04,3017.000,3113.000,3009.000,3078.000,899412,379742,3059.000
2022-11-07,3086.000,3118.000,3052.000,3074.000,758967,381979,3085.000
2022-11-08,3082.000,3161.000,3076.000,3159.000,738343,399719,3117.000
2022-11-09,3154.000,3191.000,3135.000,3186.000,682946,411866,3159.000
2022-11-10,3185.000,3238.000,3179.000,3219.000,744406,438128,3206.000
2022-11-11,3200.000,3238.000,3152.000,3168.000,795995,427043,3192.000
2022-11-14,3160.000,3178.000,3060.000,3073.000,798303,407812,3119.000
2022-11-15,3073.000,3083.000,3036.000,3040.000,570206,403732,3062.000
2022-11-16,3035.000,3043.000,2997.000,3016.000,708929,390654,3017.000
2022-11-17,3011.000,3028.000,2988.000,3004.000,599868,374186,3010.000
2022-11-18,2991.000,3022.000,2948.000,2957.000,739592,372679,2986.000
2022-11-21,2961.000,3012.000,2961.000,2990.000,586137,353816,2989.000
2022-11-22,2990.000,3030.000,2983.000,3012.000,485817,350566,3013.000
2022-11-23,3016.000,3049.000,2982.000,3038.000,692496,345597,3019.000
2022-11-24,3030.000,3055.000,3010.000,3019.000,519493,347689,3028.000
2022-11-25,3020.000,3066.000,2987.000,3058.000,617199,348654,3036.000
2022-11-28,3058.000,3061.000,2964.000,3047.000,853862,338604,3023.000
2022-11-29,3050.000,3116.000,3036.000,3091.000,569791,330639,3078.000
2022-11-30,3090.000,3097.000,3046.000,3062.000,474376,307461,3069.000
2022-12-01,3073.000,3080.000,3036.000,3049.000,454262,294401,3058.000
2022-12-02,3032.000,3106.000,3032.000,3079.000,536882,300283,3077.000
2022-12-05,3078.000,3080.000,3013.000,3046.000,617664,267543,3043.000
2022-12-06,3052.000,3116.000,3050.000,3088.000,544659,271316,3083.000
2022-12-07,3102.000,3120.000,3077.000,3092.000,411951,266392,3097.000
2022-12-08,3093.000,3174.000,3093.000,3169.000,485759,252192,3133.000
2022-12-09,3166.000,3194.000,3141.000,3183.000,384997,219483,3170.000
2022-12-12,3177.000,3181.000,3068.000,3080.000,521810,165016,3120.000
2022-12-13,3061.000,3081.000,3050.000,3061.000,276253,143986,3065.000
2022-12-14,3064.000,3085.000,2995.000,3011.000,365052,115641,3042.000
2022-12-15,3016.000,3045.000,3006.000,3031.000,203288,96090,3024.000
2022-12-16,3001.000,3038.000,3001.000,3019.000,412026,398751,3023.000
2022-12-19,3010.000,3053.000,2953.000,2980.000,592828,403658,3002.000
2022-12-20,2987.000,2997.000,2963.000,2984.000,359190,408960,2982.000
2022-12-21,2978.000,3046.000,2978.000,3028.000,403409,411347,3021.000
2022-12-22,3031.000,3057.000,3030.000,3043.000,271426,421187,3044.000
2022-12-23,3045.000,3067.000,3016.000,3054.000,414476,418130,3043.000
2022-12-26,3053.000,3166.000,3045.000,3134.000,516431,445775,3110.000
2022-12-27,3145.000,3171.000,3126.000,3157.000,327999,457428,3150.000
2022-12-28,3157.000,3159.000,3106.000,3135.000,438042,458594,3132.000
2022-12-29,3131.000,3176.000,3122.000,3153.000,388202,465531,3151.000
2022-12-30,3147.000,3225.000,3124.000,3223.000,487155,484609,3173.000
2023-01-03,3231.000,3270.000,3201.000,3222.000,393839,497369,3231.000
2023-01-04,3222.000,3241.000,3168.000,3184.000,476475,494877,3201.000
2023-01-05,3179.000,3191.000,3151.000,3158.000,343926,487085,3168.000
2023-01-06,3155.000,3157.000,3101.000,3140.000,415982,473787,3128.000
2023-01-09,3131.000,3189.000,3129.000,3152.000,430440,485131,3156.000
2023-01-10,3149.000,3165.000,3115.000,3138.000,411937,500006,3137.000
2023-01-11,3146.000,3174.000,3128.000,3170.000,393759,516255,3153.000
2023-01-12,3177.000,3229.000,3156.000,3204.000,454709,532892,3196.000
2023-01-13,3215.000,3255.000,3203.000,3238.000,450003,546647,3224.000
2023-01-16,3227.000,3236.000,3191.000,3210.000,375186,537091,3220.000
2023-01-17,3210.000,3218.000,3169.000,3201.000,411236,531491,3196.000
2023-01-18,3212.000,3291.000,3200.000,3281.000,513287,553361,3253.000
2023-01-19,3280.000,3280.000,3193.000,3198.000,454774,532754,3222.000
2023-01-20,3198.000,3208.000,3145.000,3148.000,416685,494804,3173.000
2023-01-30,3164.000,3204.000,3152.000,3194.000,310153,501797,3187.000
2023-01-31,3205.000,3244.000,3205.000,3222.000,482483,517664,3226.000
2023-02-01,3215.000,3232.000,3172.000,3224.000,457577,516717,3201.000
2023-02-02,3235.000,3248.000,3195.000,3223.000,487172,537671,3225.000
2023-02-03,3223.000,3238.000,3163.000,3224.000,630117,507836,3200.000
2023-02-06,3229.000,3281.000,3225.000,3257.000,608840,541442,3256.000
2023-02-07,3256.000,3257.000,3179.000,3193.000,561908,504485,3207.000
2023-02-08,3190.000,3200.000,3171.000,3190.000,394427,490002,3186.000
2023-02-09,3200.000,3220.000,3150.000,3154.000,664929,497919,3185.000
2023-02-10,3170.000,3198.000,3143.000,3181.000,533131,484020,3173.000
2023-02-13,3177.000,3256.000,3170.000,3225.000,571468,499350,3221.000
2023-02-14,3222.000,3238.000,3203.000,3231.000,400103,512447,3220.000
2023-02-15,3230.000,3237.000,3165.000,3174.000,559785,496128,3194.000
2023-02-16,3161.000,3173.000,3136.000,3171.000,405938,503211,3159.000
2023-02-17,3168.000,3185.000,3153.000,3172.000,387402,504673,3168.000
2023-02-20,3182.000,3217.000,3134.000,3204.000,533271,507898,3181.000
2023-02-21,3210.000,3215.000,3185.000,3199.000,339223,501366,3199.000
2023-02-22,3196.000,3240.000,3190.000,3214.000,517106,514163,3213.000
2023-02-23,3211.000,3213.000,3172.000,3179.000,428359,489760,3188.000
2023-02-24,3179.000,3199.000,3157.000,3192.000,392822,489795,3181.000
2023-02-27,3187.000,3188.000,3135.000,3154.000,492205,492699,3157.000
2023-02-28,3155.000,3163.000,3093.000,3103.000,469612,508686,3125.000
2023-03-01,3103.000,3104.000,3054.000,3060.000,449625,511456,3075.000
2023-03-02,3060.000,3064.000,3039.000,3041.000,415475,520468,3051.000
2023-03-03,3040.000,3064.000,3029.000,3035.000,501559,527819,3044.000
2023-03-06,3041.000,3056.000,3034.000,3047.000,412351,509113,3044.000
2023-03-07,3043.000,3089.000,3043.000,3067.000,428147,479534,3069.000
2023-03-08,3060.000,3083.000,3044.000,3061.000,443378,465729,3059.000
2023-03-09,3056.000,3082.000,3052.000,3070.000,413489,449353,3070.000
2023-03-10,3073.000,3092.000,3034.000,3044.000,564008,446253,3063.000
2023-03-13,3031.000,3069.000,2996.000,3060.000,600463,426368,3034.000
2023-03-14,3041.000,3067.000,3012.000,3046.000,633688,417032,3042.000
2023-03-15,3041.000,3051.000,3012.000,3019.000,531168,401728,3029.000
2023-03-16,3005.000,3013.000,2975.000,2988.000,548469,393219,2994.000
2023-03-17,2994.000,3028.000,2966.000,2969.000,681490,405999,2997.000
2023-03-20,2975.000,2977.000,2899.000,2905.000,540090,419785,2942.000
2023-03-21,2910.000,2931.000,2885.000,2903.000,485902,412423,2905.000
2023-03-22,2922.000,2929.000,2825.000,2872.000,626145,403845,2870.000
2023-03-23,2866.000,2868.000,2806.000,2819.000,542631,407896,2834.000
2023-03-24,2812.000,2819.000,2733.000,2776.000,883220,398578,2774.000
2023-03-27,2759.000,2808.000,2756.000,2773.000,621445,393679,2780.000
2023-03-28,2786.000,2807.000,2764.000,2797.000,590728,387459,2782.000
2023-03-29,2813.000,2837.000,2779.000,2786.000,512535,365850,2810.000
2023-03-30,2793.000,2806.000,2786.000,2792.000,400219,351268,2796.000
2023-03-31,2800.000,2810.000,2745.000,2750.000,657795,359737,2776.000
2023-04-03,2755.000,2895.000,2741.000,2885.000,860430,309785,2820.000
2023-04-04,2891.000,2928.000,2886.000,2909.000,448252,281618,2903.000
2023-04-06,2879.000,2910.000,2865.000,2880.000,290576,263562,2891.000
2023-04-07,2872.000,2875.000,2821.000,2845.000,422994,235318,2841.000
2023-04-10,2854.000,2854.000,2814.000,2841.000,294027,229512,2837.000
2023-04-11,2832.000,2878.000,2816.000,2869.000,398157,218774,2842.000
2023-04-12,2869.000,2884.000,2831.000,2867.000,384809,187144,2862.000
2023-04-13,2876.000,2921.000,2867.000,2911.000,354316,151166,2891.000
2023-04-14,2920.000,2933.000,2893.000,2897.000,264593,118757,2914.000
2023-04-17,2876.000,2891.000,2825.000,2891.000,423293,330512,2861.000
2023-04-18,2901.000,2962.000,2897.000,2949.000,579107,351930,2941.000
2023-04-19,2941.000,2945.000,2901.000,2913.000,506162,359851,2923.000
2023-04-20,2911.000,2920.000,2812.000,2832.000,604317,357065,2859.000
2023-04-21,2816.000,2841.000,2785.000,2790.000,554990,367002,2818.000
2023-04-24,2785.000,2864.000,2753.000,2853.000,678179,369488,2804.000
2023-04-25,2852.000,2893.000,2832.000,2884.000,636818,383908,2862.000
2023-04-26,2879.000,2929.000,2857.000,2927.000,672775,386371,2897.000
2023-04-27,2928.000,2943.000,2903.000,2926.000,548715,390007,2928.000
2023-04-28,2920.000,3012.000,2903.000,2998.000,760452,410417,2964.000
2023-05-04,2973.000,3007.000,2915.000,2919.000,622497,399884,2955.000
2023-05-05,2917.000,2991.000,2883.000,2987.000,766738,421148,2932.000
2023-05-08,2981.000,3048.000,2981.000,3024.000,865177,451974,3019.000
2023-05-09,3030.000,3071.000,3006.000,3042.000,766575,471176,3037.000
2023-05-10,3035.000,3039.000,2957.000,2988.000,858102,446540,3004.000
2023-05-11,2997.000,3022.000,2975.000,2983.000,664240,457799,2997.000
2023-05-12,2964.000,3054.000,2937.000,3045.000,832349,479796,3003.000
2023-05-15,3051.000,3053.000,2962.000,3023.000,891236,465637,3008.000
2023-05-16,3033.000,3065.000,3017.000,3053.000,675374,489727,3044.000
2023-05-17,3046.000,3047.000,2975.000,2994.000,710053,462020,3007.000
2023-05-18,2990.000,3069.000,2967.000,3057.000,898995,521382,3023.000
2023-05-19,3057.000,3095.000,3016.000,3022.000,952912,506558,3056.000
2023-05-22,3030.000,3046.000,2970.000,3012.000,837906,483537,3011.000
2023-05-23,3027.000,3119.000,3023.000,3082.000,839573,548077,3083.000
2023-05-24,3094.000,3096.000,2997.000,3007.000,748977,502855,3049.000
2023-05-25,3011.000,3037.000,2967.000,2988.000,713978,489682,3002.000
2023-05-26,2988.000,2997.000,2931.000,2981.000,683251,465019,2964.000
2023-05-29,2983.000,3017.000,2923.000,2930.000,818836,472777,2961.000
2023-05-30,2924.000,2945.000,2908.000,2925.000,571887,468925,2926.000
2023-05-31,2927.000,2945.000,2894.000,2924.000,716068,459073,2920.000
2023-06-01,2905.000,2996.000,2889.000,2981.000,604345,473675,2948.000
2023-06-02,2987.000,2995.000,2877.000,2898.000,820137,449993,2921.000
2023-06-05,2891.000,3045.000,2891.000,3018.000,943063,474180,2984.000
2023-06-06,3028.000,3045.000,2971.000,2976.000,704656,435710,3013.000
2023-06-07,2970.000,2987.000,2950.000,2974.000,546693,433923,2969.000
2023-06-08,2977.000,3006.000,2943.000,2952.000,633591,402123,2978.000
2023-06-09,2968.000,3005.000,2948.000,2996.000,560249,392513,2978.000
2023-06-12,3003.000,3041.000,2994.000,3005.000,630516,408947,3017.000
2023-06-13,3008.000,3063.000,2993.000,3051.000,666416,453327,3023.000
2023-06-14,3068.000,3071.000,3025.000,3033.000,437617,436192,3046.000
2023-06-15,3026.000,3103.000,3019.000,3089.000,621314,473934,3062.000
2023-06-16,3095.000,3177.000,3093.000,3167.000,746926,492274,3148.000
2023-06-19,3189.000,3243.000,3168.000,3213.000,799232,484187,3198.000
2023-06-20,3210.000,3306.000,3210.000,3276.000,825426,502253,3268.000
2023-06-21,3265.000,3351.000,3255.000,3350.000,900054,524666,3308.000
2023-06-26,3277.000,3334.000,3264.000,3331.000,522296,532162,3301.000
2023-06-27,3340.000,3357.000,3262.000,3285.000,829900,511300,3304.000
2023-06-28,3261.000,3296.000,3226.000,3279.000,683809,517861,3258.000
2023-06-29,3258.000,3330.000,3254.000,3322.000,863730,561276,3289.000
2023-06-30,3312.000,3350.000,3283.000,3338.000,908823,550953,3318.000
2023-07-03,3338.000,3584.000,3330.000,3584.000,862410,541750,3480.000
2023-07-04,3600.000,3610.000,3496.000,3523.000,951873,498699,3544.000
2023-07-05,3520.000,3554.000,3507.000,3529.000,584590,503050,3528.000
2023-07-06,3518.000,3620.000,3500.000,3618.000,990002,555383,3561.000
2023-07-07,3606.000,3664.000,3577.000,3606.000,1389886,559255,3623.000
2023-07-10,3611.000,3623.000,3557.000,3617.000,916989,542925,3589.000
2023-07-11,3630.000,3690.000,3614.000,3637.000,1010328,536868,3651.000
2023-07-12,3660.000,3736.000,3633.000,3689.000,831737,551036,3691.000
2023-07-13,3707.000,3757.000,3640.000,3753.000,1122107,570253,3705.000
2023-07-14,3766.000,3819.000,3744.000,3757.000,1183737,554408,3784.000
2023-07-17,3770.000,3817.000,3713.000,3720.000,1182247,537233,3767.000
2023-07-18,3743.000,3799.000,3674.000,3680.000,1112101,524377,3740.000
2023-07-19,3707.000,3783.000,3695.000,3753.000,1106302,507225,3736.000
2023-07-20,3786.000,3846.000,3716.000,3767.000,1186409,494938,3778.000
2023-07-21,3772.000,3773.000,3667.000,3701.000,1340234,483987,3707.000
2023-07-24,3690.000,3758.000,3640.000,3656.000,1197112,471038,3697.000
2023-07-25,3675.000,3774.000,3648.000,3749.000,988908,469976,3713.000
2023-07-26,3733.000,3755.000,3670.000,3715.000,911237,432971,3714.000
2023-07-27,3715.000,3835.000,3690.000,3720.000,1165197,414341,3758.000
2023-07-28,3719.000,3753.000,3660.000,3683.000,835015,393633,3705.000
2023-07-31,3671.000,3675.000,3539.000,3606.000,920501,351143,3599.000
2023-08-01,3597.000,3697.000,3595.000,3670.000,793461,341576,3658.000
2023-08-02,3655.000,3692.000,3617.000,3671.000,735572,322134,3656.000
2023-08-03,3644.000,3750.000,3606.000,3737.000,928401,325232,3674.000
2023-08-04,3751.000,3777.000,3715.000,3747.000,641444,300397,3749.000
2023-08-07,3750.000,3790.000,3705.000,3765.000,671895,292534,3740.000
2023-08-08,3750.000,3756.000,3673.000,3732.000,675691,259788,3715.000
2023-08-09,3715.000,3841.000,3685.000,3755.000,758910,231485,3764.000
2023-08-10,3754.000,3865.000,3727.000,3862.000,593750,229233,3784.000
2023-08-11,3856.000,3905.000,3787.000,3850.000,729776,198847,3848.000
2023-08-14,3850.000,3936.000,3801.000,3921.000,571307,188356,3876.000
2023-08-15,3910.000,3965.000,3886.000,3948.000,436518,164818,3932.000
2023-08-16,3922.000,3983.000,3922.000,3969.000,260033,137543,3946.000
2023-08-17,3283.000,3373.000,3276.000,3345.000,806748,463504,3324.000
2023-08-18,3342.000,3412.000,3336.000,3407.000,704682,489398,3377.000
2023-08-21,3414.000,3523.000,3395.000,3472.000,994835,509537,3466.000
2023-08-22,3475.000,3492.000,3321.000,3332.000,1114210,509890,3403.000
2023-08-23,3345.000,3368.000,3304.000,3311.000,812261,518870,3337.000
2023-08-24,3312.000,3358.000,3305.000,3321.000,726953,516650,3326.000
2023-08-25,3313.000,3427.000,3285.000,3381.000,911772,524287,3369.000
2023-08-28,3390.000,3460.000,3363.000,3392.000,996276,510788,3408.000
2023-08-29,3392.000,3452.000,3373.000,3382.000,893829,516161,3413.000
2023-08-30,3370.000,3399.000,3339.000,3383.000,817912,516606,3373.000
2023-08-31,3400.000,3447.000,3373.000,3399.000,880932,526030,3407.000
2023-09-01,3402.000,3422.000,3345.000,3400.000,1064560,520852,3391.000
2023-09-04,3393.000,3426.000,3257.000,3262.000,1153847,520794,3327.000
2023-09-05,3254.000,3344.000,3244.000,3302.000,847332,510136,3297.000
2023-09-06,3310.000,3368.000,3296.000,3352.000,688110,519104,3337.000
2023-09-07,3366.000,3396.000,3341.000,3381.000,812070,545525,3372.000
2023-09-08,3390.000,3390.000,3221.000,3234.000,1096150,526110,3288.000
2023-09-11,3248.000,3300.000,3225.000,3286.000,789601,517291,3266.000
2023-09-12,3287.000,3307.000,3191.000,3196.000,836927,552001,3255.000
2023-09-13,3201.000,3213.000,3109.000,3136.000,1010254,561367,3148.000
2023-09-14,3142.000,3146.000,3076.000,3102.000,919242,569520,3105.000
2023-09-15,3106.000,3180.000,3091.000,3174.000,860100,552503,3140.000
2023-09-18,3161.000,3191.000,3098.000,3152.000,911493,549137,3150.000
2023-09-19,3152.000,3165.000,3087.000,3128.000,903380,538339,3122.000
2023-09-20,3140.000,3198.000,3121.000,3184.000,913386,532655,3157.000
2023-09-21,3188.000,3192.000,3110.000,3123.000,857299,507939,3150.000
2023-09-22,3110.000,3137.000,3071.000,3115.000,922466,493199,3111.000
2023-09-25,3120.000,3184.000,3111.000,3116.000,1090084,487533,3140.000
2023-09-26,3127.000,3176.000,3080.000,3113.000,1044202,495927,3132.000
2023-09-27,3119.000,3164.000,3047.000,3148.000,1206868,512728,3096.000
2023-09-28,3146.000,3185.000,3082.000,3100.000,857549,481618,3129.000
2023-10-09,3040.000,3050.000,2977.000,2986.000,594932,493657,3001.000
2023-10-10,2986.000,2992.000,2916.000,2921.000,766025,526155,2951.000
2023-10-11,2927.000,2938.000,2853.000,2873.000,811954,555971,2900.000
2023-10-12,2862.000,2896.000,2856.000,2888.000,659444,549031,2879.000
2023-10-13,2890.000,2932.000,2857.000,2913.000,723560,533674,2894.000
2023-10-16,2922.000,2947.000,2875.000,2938.000,780085,520431,2916.000
2023-10-17,2929.000,2956.000,2910.000,2926.000,653040,520318,2933.000
2023-10-18,2929.000,2973.000,2888.000,2890.000,711262,538859,2930.000
2023-10-19,2891.000,2942.000,2874.000,2917.000,651768,531966,2909.000
2023-10-20,2927.000,2966.000,2909.000,2925.000,917778,525552,2936.000
2023-10-23,2921.000,2989.000,2906.000,2945.000,1221592,519641,2945.000
2023-10-24,2943.000,2949.000,2885.000,2926.000,950849,523553,2916.000
2023-10-25,2932.000,3024.000,2929.000,2931.000,1125975,530484,2968.000
2023-10-26,2930.000,2936.000,2890.000,2928.000,890860,527881,2916.000
2023-10-27,2925.000,2956.000,2922.000,2947.000,798767,518226,2941.000
2023-10-30,2958.000,3021.000,2952.000,2983.000,967630,559288,2985.000
2023-10-31,2970.000,2971.000,2869.000,2873.000,1071478,629717,2905.000
2023-11-01,2885.000,2898.000,2834.000,2865.000,1090190,643174,2863.000
2023-11-02,2868.000,2933.000,2863.000,2922.000,882667,593014,2897.000
2023-11-03,2924.000,2965.000,2909.000,2960.000,863068,572740,2939.000
2023-11-06,2970.000,3033.000,2954.000,3007.000,863048,570046,2992.000
2023-11-07,3007.000,3082.000,2987.000,3058.000,983796,586315,3039.000
2023-11-08,3058.000,3105.000,3056.000,3059.000,1005709,602214,3080.000
2023-11-09,3072.000,3081.000,3033.000,3055.000,764953,593559,3059.000
2023-11-10,3055.000,3058.000,2924.000,2928.000,1091873,567394,2983.000
2023-11-13,2928.000,2953.000,2911.000,2948.000,656076,545339,2932.000
2023-11-14,2952.000,3006.000,2932.000,2983.000,673841,531375,2974.000
2023-11-15,2977.000,3020.000,2967.000,3002.000,650842,541858,2992.000
2023-11-16,3007.000,3011.000,2971.000,2991.000,584876,548425,2988.000
2023-11-17,2969.000,2974.000,2887.000,2895.000,781002,534537,2926.000
2023-11-20,2900.000,2908.000,2872.000,2884.000,603510,514760,2891.000
2023-11-21,2880.000,2912.000,2862.000,2900.000,651326,508699,2888.000
2023-11-22,2905.000,2938.000,2844.000,2858.000,770291,509670,2896.000
2023-11-23,2855.000,2885.000,2828.000,2861.000,701066,489180,2858.000
2023-11-24,2859.000,2897.000,2852.000,2893.000,487375,477049,2875.000
2023-11-27,2885.000,2920.000,2831.000,2839.000,586974,455745,2878.000
2023-11-28,2848.000,2854.000,2775.000,2845.000,656599,437612,2816.000
2023-11-29,2849.000,2862.000,2820.000,2841.000,443383,422361,2843.000
2023-11-30,2850.000,2869.000,2812.000,2833.000,518710,415503,2838.000
2023-12-01,2824.000,2840.000,2737.000,2754.000,593243,396973,2790.000
2023-12-04,2754.000,2796.000,2727.000,2735.000,485336,368959,2764.000
2023-12-05,2738.000,2800.000,2737.000,2773.000,508340,346484,2769.000
2023-12-06,2768.000,2799.000,2746.000,2796.000,419583,320069,2770.000
2023-12-07,2802.000,2815.000,2752.000,2807.000,418890,291796,2790.000
2023-12-08,2818.000,2851.000,2806.000,2843.000,368589,250455,2829.000
2023-12-11,2850.000,2907.000,2844.000,2863.000,426775,214866,2874.000
2023-12-12,2867.000,2915.000,2854.000,2909.000,298058,197915,2888.000
2023-12-13,2903.000,2913.000,2863.000,2883.000,299173,174517,2885.000
2023-12-14,2913.000,2913.000,2852.000,2863.000,419309,757512,2881.000
2023-12-15,2866.000,2912.000,2861.000,2864.000,428702,748481,2882.000
2023-12-18,2867.000,2872.000,2793.000,2815.000,439922,733481,2829.000
2023-12-19,2817.000,2868.000,2811.000,2836.000,469512,728775,2844.000
2023-12-20,2830.000,2864.000,2816.000,2831.000,515864,721598,2839.000
2023-12-21,2832.000,2887.000,2812.000,2879.000,649221,726256,2843.000
2023-12-22,2885.000,2903.000,2792.000,2835.000,799935,705807,2841.000
2023-12-25,2834.000,2879.000,2826.000,2847.000,595265,684126,2856.000
2023-12-26,2844.000,2899.000,2832.000,2835.000,643504,674695,2865.000
2023-12-27,2828.000,2922.000,2828.000,2913.000,758466,667870,2887.000
2023-12-28,2908.000,2934.000,2887.000,2924.000,573988,638523,2912.000
2023-12-29,2928.000,2957.000,2868.000,2870.000,797818,580201,2923.000
2024-01-02,2842.000,2850.000,2767.000,2778.000,523149,598687,2789.000
2024-01-03,2778.000,2781.000,2735.000,2762.000,445602,588542,2760.000
2024-01-04,2765.000,2794.000,2755.000,2778.000,412852,550452,2770.000
2024-01-05,2771.000,2775.000,2706.000,2711.000,471150,553103,2743.000
2024-01-08,2708.000,2716.000,2654.000,2681.000,403675,549180,2689.000
2024-01-09,2673.000,2682.000,2634.000,2659.000,395626,540567,2658.000
2024-01-10,2655.000,2675.000,2631.000,2643.000,354907,503035,2656.000
2024-01-11,2643.000,2643.000,2573.000,2629.000,521156,467956,2612.000
2024-01-12,2632.000,2632.000,2585.000,2618.000,431648,420302,2610.000
2024-01-15,2624.000,2656.000,2602.000,2637.000,447321,383920,2633.000
2024-01-16,2644.000,2648.000,2561.000,2602.000,574377,333852,2601.000
2024-01-17,2610.000,2612.000,2571.000,2579.000,354306,303430,2591.000
2024-01-18,2576.000,2576.000,2504.000,2564.000,852525,558189,2542.000
2024-01-19,2571.000,2586.000,2545.000,2549.000,553904,560913,2564.000
2024-01-22,2545.000,2566.000,2522.000,2524.000,590113,582955,2546.000
2024-01-23,2520.000,2553.000,2513.000,2529.000,489378,594681,2534.000
2024-01-24,2535.000,2560.000,2530.000,2555.000,455877,590535,2545.000
2024-01-25,2549.000,2565.000,2516.000,2528.000,535212,640382,2543.000
2024-01-26,2525.000,2547.000,2502.000,2509.000,783720,643509,2522.000
2024-01-29,2496.000,2496.000,2436.000,2451.000,783722,685057,2459.000
2024-01-30,2452.000,2485.000,2428.000,2462.000,703439,672639,2456.000
2024-01-31,2474.000,2508.000,2459.000,2480.000,629720,632568,2483.000
2024-02-01,2473.000,2540.000,2473.000,2528.000,628199,613129,2514.000
2024-02-02,2523.000,2532.000,2497.000,2502.000,534694,596116,2518.000
2024-02-05,2505.000,2526.000,2475.000,2484.000,575297,590522,2501.000
2024-02-06,2471.000,2493.000,2463.000,2483.000,496848,600401,2475.000
2024-02-07,2483.000,2498.000,2425.000,2437.000,553566,627185,2463.000
2024-02-08,2428.000,2482.000,2417.000,2470.000,507584,574595,2447.000
2024-02-19,2459.000,2491.000,2454.000,2484.000,335653,596646,2475.000
2024-02-20,2491.000,2506.000,2468.000,2475.000,507037,653320,2485.000
2024-02-21,2472.000,2490.000,2438.000,2447.000,645011,699425,2461.000
2024-02-22,2438.000,2449.000,2423.000,2449.000,663060,758890,2437.000
2024-02-23,2449.000,2456.000,2420.000,2447.000,654297,783590,2440.000
2024-02-26,2449.000,2466.000,2428.000,2438.000,707388,793733,2445.000
2024-02-27,2440.000,2473.000,2430.000,2469.000,723796,781041,2456.000
2024-02-28,2475.000,2492.000,2454.000,2463.000,653851,793389,2471.000
2024-02-29,2463.000,2470.000,2442.000,2448.000,691940,825288,2457.000
2024-03-01,2435.000,2497.000,2429.000,2495.000,838525,794539,2464.000
2024-03-04,2498.000,2523.000,2489.000,2521.000,698505,760631,2506.000
2024-03-05,2524.000,2549.000,2510.000,2529.000,861885,747600,2529.000
2024-03-06,2525.000,2548.000,2523.000,2527.000,660164,734421,2534.000
2024-03-07,2523.000,2537.000,2513.000,2529.000,601644,733233,2525.000
2024-03-08,2541.000,2592.000,2530.000,2591.000,845377,691964,2557.000
2024-03-11,2583.000,2644.000,2577.000,2607.000,855773,664184,2603.000
2024-03-12,2602.000,2675.000,2594.000,2654.000,1143884,682006,2643.000
2024-03-13,2657.000,2669.000,2615.000,2627.000,954388,692263,2644.000
2024-03-14,2623.000,2653.000,2599.000,2647.000,1105462,675602,2624.000
2024-03-15,2644.000,2689.000,2617.000,2660.000,1203096,630878,2655.000
2024-03-18,2650.000,2709.000,2641.000,2649.000,1088430,602472,2670.000
2024-03-19,2656.000,2706.000,2651.000,2702.000,887100,589585,2671.000
2024-03-20,2696.000,2726.000,2685.000,2716.000,1116727,579751,2706.000
2024-03-21,2723.000,2800.000,2715.000,2767.000,1046706,568893,2757.000
2024-03-22,2764.000,2777.000,2710.000,2713.000,961501,567330,2743.000
2024-03-25,2717.000,2720.000,2622.000,2645.000,1148159,569858,2661.000
2024-03-26,2648.000,2667.000,2637.000,2640.000,724539,535714,2651.000
2024-03-27,2641.000,2653.000,2619.000,2642.000,685877,505549,2637.000
2024-03-28,2637.000,2653.000,2571.000,2593.000,855206,464333,2611.000
2024-03-29,2591.000,2630.000,2580.000,2622.000,612458,408314,2607.000
2024-04-01,2625.000,2646.000,2579.000,2644.000,614726,377030,2618.000
2024-04-02,2636.000,2650.000,2620.000,2620.000,518812,324110,2636.000
2024-04-03,2620.000,2657.000,2598.000,2630.000,678849,272063,2632.000
2024-04-08,2644.000,2678.000,2636.000,2652.000,327204,234321,2662.000
2024-04-09,2720.000,2731.000,2692.000,2720.000,610755,619318,2716.000
2024-04-10,2716.000,2732.000,2698.000,2720.000,676404,648792,2720.000
2024-04-11,2715.000,2718.000,2680.000,2701.000,759247,638473,2696.000
2024-04-12,2698.000,2717.000,2668.000,2716.000,629811,630308,2695.000
2024-04-15,2723.000,2778.000,2722.000,2770.000,864252,660788,2756.000
2024-04-16,2775.000,2849.000,2755.000,2822.000,1201173,726764,2808.000
2024-04-17,2816.000,2832.000,2687.000,2699.000,1528760,708507,2743.000
2024-04-18,2703.000,2721.000,2688.000,2715.000,783050,708120,2706.000
2024-04-19,2703.000,2767.000,2697.000,2758.000,942959,699685,2728.000
2024-04-22,2760.000,2773.000,2726.000,2734.000,839147,710490,2751.000
2024-04-23,2729.000,2814.000,2708.000,2767.000,1230299,729467,2770.000
2024-04-24,2754.000,2806.000,2754.000,2796.000,831527,769073,2782.000
2024-04-25,2799.000,2810.000,2766.000,2787.000,853266,773686,2785.000
2024-04-26,2781.000,2809.000,2757.000,2791.000,849071,760691,2786.000
2024-04-29,2788.000,2812.000,2747.000,2770.000,835390,755793,2776.000
2024-04-30,2779.000,2793.000,2749.000,2783.000,756451,711975,2774.000
2024-05-06,2848.000,2864.000,2823.000,2842.000,671816,717721,2850.000
2024-05-07,2849.000,2938.000,2849.000,2924.000,1010415,772989,2904.000
2024-05-08,2910.000,2937.000,2890.000,2909.000,892217,781037,2913.000
2024-05-09,2900.000,2921.000,2876.000,2893.000,846575,761861,2897.000
2024-05-10,2883.000,2900.000,2841.000,2857.000,840610,750606,2871.000
2024-05-13,2858.000,2889.000,2854.000,2879.000,612956,759096,2871.000
2024-05-14,2871.000,2920.000,2867.000,2878.000,868341,748863,2897.000
2024-05-15,2874.000,2915.000,2867.000,2896.000,770112,761081,2892.000
2024-05-16,2905.000,2912.000,2861.000,2875.000,721766,764467,2886.000
2024-05-17,2877.000,2908.000,2858.000,2902.000,766861,761503,2883.000
2024-05-20,2899.000,2913.000,2855.000,2875.000,831731,787723,2880.000
2024-05-21,2875.000,2919.000,2850.000,2859.000,1024049,790846,2887.000
2024-05-22,2861.000,2941.000,2842.000,2940.000,1101226,804050,2888.000
2024-05-23,2937.000,2963.000,2900.000,2923.000,1574266,833040,2934.000
2024-05-24,2941.000,2950.000,2888.000,2895.000,938467,838124,2922.000
2024-05-27,2905.000,2927.000,2870.000,2879.000,944731,877490,2893.000
2024-05-28,2872.000,2904.000,2851.000,2857.000,819126,892400,2880.000
2024-05-29,2840.000,2851.000,2771.000,2803.000,1314597,908688,2801.000
2024-05-30,2796.000,2805.000,2773.000,2791.000,803768,905852,2791.000
2024-05-31,2790.000,2796.000,2762.000,2786.000,770368,897939,2781.000
2024-06-03,2797.000,2805.000,2726.000,2735.000,823187,886752,2761.000
2024-06-04,2741.000,2767.000,2716.000,2758.000,785508,856299,2745.000
2024-06-05,2757.000,2795.000,2751.000,2779.000,813994,857835,2777.000
2024-06-06,2782.000,2795.000,2745.000,2778.000,835741,860892,2771.000
2024-06-07,2776.000,2806.000,2753.000,2756.000,898234,892807,2778.000
2024-06-11,2760.000,2777.000,2737.000,2742.000,572812,883787,2755.000
2024-06-12,2741.000,2751.000,2711.000,2747.000,831338,899020,2734.000
2024-06-13,2747.000,2752.000,2660.000,2660.000,1072379,955530,2714.000
2024-06-14,2670.000,2707.000,2661.000,2698.000,929447,907092,2682.000
2024-06-17,2696.000,2699.000,2612.000,2628.000,942376,914085,2649.000
2024-06-18,2629.000,2630.000,2592.000,2593.000,876115,921066,2607.000
2024-06-19,2597.000,2604.000,2576.000,2586.000,769777,933503,2590.000
2024-06-20,2588.000,2598.000,2561.000,2583.000,915589,943769,2581.000
2024-06-21,2573.000,2595.000,2548.000,2581.000,1032283,926400,2573.000
2024-06-24,2580.000,2619.000,2574.000,2593.000,1011901,945922,2598.000
2024-06-25,2588.000,2612.000,2562.000,2591.000,927767,978208,2583.000
2024-06-26,2577.000,2615.000,2574.000,2606.000,891728,1002367,2592.000
2024-06-27,2601.000,2644.000,2595.000,2628.000,1322911,1015010,2624.000
2024-06-28,2634.000,2645.000,2612.000,2637.000,832142,1004755,2632.000
2024-07-01,2635.000,2659.000,2612.000,2653.000,1213537,1021447,2638.000
2024-07-02,2645.000,2685.000,2638.000,2678.000,1074823,1020540,2659.000
2024-07-03,2685.000,2714.000,2663.000,2671.000,1228556,1058109,2689.000
2024-07-04,2674.000,2682.000,2596.000,2604.000,1541811,1057407,2642.000
2024-07-05,2602.000,2642.000,2597.000,2628.000,1054899,1017792,2619.000
2024-07-08,2633.000,2659.000,2617.000,2623.000,1177993,998437,2638.000
2024-07-09,2613.000,2614.000,2536.000,2551.000,1392279,1040074,2565.000
2024-07-10,2555.000,2560.000,2490.000,2514.000,1111558,1009325,2520.000
2024-07-11,2528.000,2530.000,2479.000,2485.000,926152,1027340,2502.000
2024-07-12,2497.000,2509.000,2467.000,2470.000,1049813,1038138,2490.000
2024-07-15,2472.000,2477.000,2396.000,2412.000,1477621,1069961,2428.000
2024-07-16,2407.000,2465.000,2401.000,2462.000,1637718,1123162,2441.000
2024-07-17,2464.000,2585.000,2456.000,2479.000,4926639,1239807,2520.000
2024-07-18,2485.000,2510.000,2442.000,2470.000,3191507,1203637,2477.000
2024-07-19,2470.000,2532.000,2460.000,2518.000,3188470,1205433,2500.000
2024-07-22,2527.000,2533.000,2487.000,2503.000,2080035,1168139,2513.000
2024-07-23,2495.000,2526.000,2446.000,2447.000,2177844,1066442,2490.000
2024-07-24,2460.000,2493.000,2458.000,2473.000,1456556,979905,2474.000
2024-07-25,2479.000,2479.000,2413.000,2429.000,1345416,972847,2441.000
2024-07-26,2441.000,2493.000,2435.000,2479.000,1442418,905928,2466.000
2024-07-29,2469.000,2507.000,2383.000,2449.000,2020142,905363,2448.000
2024-07-30,2440.000,2465.000,2397.000,2411.000,1133318,895843,2429.000
2024-07-31,2396.000,2435.000,2390.000,2426.000,987173,857278,2416.000
2024-08-01,2420.000,2427.000,2365.000,2412.000,1328637,858467,2401.000
2024-08-02,2408.000,2411.000,2368.000,2403.000,983576,812671,2391.000
2024-08-05,2400.000,2407.000,2363.000,2366.000,918212,816576,2386.000
2024-08-06,2345.000,2378.000,2303.000,2306.000,1245753,743759,2340.000
2024-08-07,2317.000,2317.000,2246.000,2257.000,1140495,675232,2278.000
2024-08-08,2257.000,2263.000,2235.000,2237.000,736927,565195,2248.000
2024-08-09,2241.000,2260.000,2221.000,2238.000,527498,496202,2238.000
2024-08-12,2276.000,2283.000,2237.000,2268.000,1026584,948030,2264.000
2024-08-13,2268.000,2278.000,2157.000,2175.000,1800612,1037639,2224.000
2024-08-14,2175.000,2176.000,2116.000,2148.000,1639174,1057745,2145.000
2024-08-15,2151.000,2190.000,2148.000,2188.000,1313141,1052552,2173.000
2024-08-16,2184.000,2207.000,2158.000,2166.000,1253473,1050440,2184.000
2024-08-19,2161.000,2189.000,2151.000,2165.000,1136985,1074819,2167.000
2024-08-20,2160.000,2200.000,2160.000,2183.000,1032899,1070563,2180.000
2024-08-21,2186.000,2218.000,2176.000,2217.000,1134587,1075185,2193.000
2024-08-22,2217.000,2232.000,2180.000,2185.000,1185883,1095707,2209.000
2024-08-23,2175.000,2195.000,2162.000,2165.000,1112391,1105238,2179.000
2024-08-26,2166.000,2209.000,2153.000,2205.000,1477342,1112916,2181.000
2024-08-27,2190.000,2228.000,2190.000,2222.000,1139037,1120704,2210.000
2024-08-28,2225.000,2254.000,2221.000,2231.000,1214555,1117487,2237.000
2024-08-29,2221.000,2253.000,2212.000,2240.000,984473,1082142,2235.000
2024-08-30,2252.000,2271.000,2241.000,2248.000,1109171,1063470,2256.000
2024-09-02,2253.000,2259.000,2222.000,2240.000,1240303,1048846,2240.000
2024-09-03,2246.000,2375.000,2221.000,2375.000,2849579,1018521,2306.000
2024-09-04,2385.000,2464.000,2378.000,2418.000,3109188,876625,2413.000
2024-09-05,2426.000,2542.000,2421.000,2524.000,4692224,1031836,2501.000
2024-09-06,2513.000,2586.000,2500.000,2549.000,4856914,987616,2541.000
2024-09-09,2560.000,2563.000,2425.000,2532.000,5618060,925715,2499.000
2024-09-10,2548.000,2556.000,2457.000,2462.000,3833652,863865,2497.000
2024-09-11,2453.000,2530.000,2446.000,2522.000,2796115,847064,2488.000
2024-09-12,2522.000,2570.000,2499.000,2547.000,1995672,824335,2530.000
2024-09-13,2554.000,2578.000,2512.000,2573.000,1570511,747254,2543.000
2024-09-18,2580.000,2598.000,2547.000,2580.000,858531,747513,2572.000
2024-09-19,2576.000,2596.000,2506.000,2534.000,1072169,729281,2549.000
2024-09-20,2537.000,2564.000,2493.000,2528.000,1256752,691124,2524.000
2024-09-23,2514.000,2524.000,2472.000,2500.000,974934,644625,2498.000
2024-09-24,2511.000,2560.000,2502.000,2555.000,790560,612847,2532.000
2024-09-25,2580.000,2586.000,2508.000,2514.000,947441,609090,2560.000
2024-09-26,2500.000,2627.000,2497.000,2588.000,1220379,581483,2571.000
2024-09-27,2600.000,2613.000,2528.000,2571.000,888920,533703,2570.000
2024-09-30,2565.000,2648.000,2565.000,2618.000,808648,482300,2604.000
2024-10-08,2594.000,2595.000,2447.000,2489.000,682385,514922,2508.000
2024-10-09,2483.000,2570.000,2468.000,2470.000,917867,512019,2517.000
2024-10-10,2470.000,2509.000,2458.000,2492.000,649942,509561,2489.000
2024-10-11,2480.000,2488.000,2432.000,2441.000,708391,526775,2463.000
2024-10-14,2448.000,2487.000,2406.000,2473.000,795271,511925,2450.000
2024-10-15,2465.000,2499.000,2439.000,2449.000,635194,521774,2464.000
2024-10-16,2445.000,2484.000,2430.000,2466.000,589457,542940,2457.000
2024-10-17,2470.000,2504.000,2411.000,2416.000,623665,610927,2453.000
2024-10-18,2405.000,2460.000,2380.000,2449.000,582428,589474,2420.000
2024-10-21,2456.000,2465.000,2267.000,2322.000,1226576,629283,2349.000
2024-10-22,2329.000,2356.000,2309.000,2345.000,427665,618188,2330.000
2024-10-23,2341.000,2426.000,2339.000,2400.000,558049,611519,2385.000
2024-10-24,2400.000,2424.000,2376.000,2402.000,362885,604140,2398.000
2024-10-25,2417.000,2432.000,2371.000,2380.000,348791,608083,2400.000
2024-10-28,2375.000,2410.000,2357.000,2406.000,368262,598160,2385.000
2024-10-29,2400.000,2404.000,2353.000,2390.000,456561,600935,2380.000
2024-10-30,2380.000,2393.000,2333.000,2365.000,467517,615518,2358.000
2024-10-31,2370.000,2380.000,2329.000,2338.000,393897,643230,2351.000
2024-11-01,2346.000,2384.000,2336.000,2340.000,469385,609204,2357.000
2024-11-04,2350.000,2395.000,2334.000,2358.000,511714,585278,2362.000
2024-11-05,2361.000,2371.000,2324.000,2332.000,386628,613670,2344.000
2024-11-06,2338.000,2368.000,2336.000,2357.000,366633,574846,2353.000
2024-11-07,2360.000,2482.000,2351.000,2448.000,825276,558273,2429.000
2024-11-08,2455.000,2463.000,2372.000,2383.000,608483,549274,2423.000
2024-11-11,2390.000,2477.000,2375.000,2461.000,539019,504828,2438.000
2024-11-12,2450.000,2489.000,2405.000,2423.000,470027,516075,2446.000
2024-11-13,2419.000,2430.000,2399.000,2427.000,273816,510047,2416.000
2024-11-14,2432.000,2446.000,2410.000,2430.000,346180,477207,2431.000
2024-11-15,2438.000,2452.000,2334.000,2341.000,579240,517059,2381.000
2024-11-18,2345.000,2404.000,2335.000,2395.000,366914,492062,2372.000
2024-11-19,2401.000,2427.000,2382.000,2388.000,317633,484643,2403.000
2024-11-20,2395.000,2398.000,2349.000,2356.000,330706,510519,2369.000
2024-11-21,2348.000,2353.000,2307.000,2315.000,350151,556870,2326.000
2024-11-22,2306.000,2314.000,2220.000,2255.000,783599,565321,2254.000
2024-11-25,2254.000,2294.000,2244.000,2284.000,431541,516105,2276.000
2024-11-26,2284.000,2288.000,2243.000,2257.000,402712,458134,2266.000
2024-11-27,2260.000,2278.000,2252.000,2262.000,261662,410555,2266.000
2024-11-28,2367.000,2372.000,2347.000,2364.000,289093,435387,2360.000
2024-11-29,2364.000,2376.000,2353.000,2373.000,370820,484751,2365.000
2024-12-02,2370.000,2382.000,2351.000,2351.000,401571,510464,2366.000
2024-12-03,2353.000,2360.000,2301.000,2332.000,569997,567177,2330.000
2024-12-04,2332.000,2345.000,2265.000,2274.000,580782,626014,2303.000
2024-12-05,2270.000,2274.000,2230.000,2239.000,674918,675056,2247.000
2024-12-06,2239.000,2245.000,2218.000,2226.000,550650,695415,2231.000
2024-12-09,2226.000,2265.000,2216.000,2263.000,582725,687034,2235.000
2024-12-10,2267.000,2291.000,2253.000,2276.000,690654,703497,2273.000
2024-12-11,2278.000,2296.000,2264.000,2274.000,579923,728864,2279.000
2024-12-12,2274.000,2287.000,2256.000,2272.000,544969,726619,2275.000
2024-12-13,2267.000,2278.000,2238.000,2257.000,708797,748984,2260.000
2024-12-16,2255.000,2316.000,2236.000,2297.000,1011086,754137,2280.000
2024-12-17,2295.000,2316.000,2261.000,2274.000,753516,778541,2286.000
2024-12-18,2269.000,2278.000,2219.000,2236.000,866532,808067,2253.000
2024-12-19,2230.000,2274.000,2224.000,2269.000,1028584,795395,2251.000
2024-12-20,2265.000,2365.000,2263.000,2349.000,1625423,842815,2322.000
2024-12-23,2352.000,2363.000,2316.000,2327.000,1166066,798419,2337.000
2024-12-24,2326.000,2334.000,2313.000,2329.000,688423,804562,2324.000
2024-12-25,2329.000,2381.000,2324.000,2365.000,1082080,805225,2350.000
2024-12-26,2362.000,2375.000,2340.000,2373.000,784526,797075,2359.000
2024-12-27,2368.000,2396.000,2365.000,2372.000,822266,756168,2379.000
2024-12-30,2375.000,2394.000,2366.000,2383.000,813420,733533,2383.000
2024-12-31,2386.000,2412.000,2377.000,2410.000,814903,722054,2398.000
2025-01-02,2420.000,2444.000,2403.000,2409.000,759764,707506,2423.000
2025-01-03,2408.000,2419.000,2348.000,2357.000,1137968,683281,2384.000
2025-01-06,2350.000,2385.000,2333.000,2356.000,1003866,687180,2358.000
2025-01-07,2359.000,2367.000,2274.000,2284.000,1174961,740432,2310.000
2025-01-08,2282.000,2301.000,2261.000,2263.000,752532,754536,2279.000
2025-01-09,2257.000,2269.000,2242.000,2261.000,782847,802284,2258.000
2025-01-10,2265.000,2281.000,2254.000,2271.000,851448,780218,2266.000
2025-01-13,2274.000,2363.000,2264.000,2359.000,978868,728594,2320.000
2025-01-14,2366.000,2412.000,2360.000,2383.000,967541,696818,2382.000
2025-01-15,2379.000,2438.000,2376.000,2433.000,936704,695608,2407.000
2025-01-16,2433.000,2453.000,2393.000,2413.000,1053893,676320,2420.000
2025-01-17,2412.000,2438.000,2384.000,2433.000,946848,652521,2411.000
2025-01-20,2425.000,2469.000,2411.000,2467.000,1108559,691030,2436.000
2025-01-21,2469.000,2484.000,2432.000,2479.000,934321,677206,2462.000
2025-01-22,2482.000,2495.000,2458.000,2473.000,794861,652935,2475.000
2025-01-23,2476.000,2507.000,2461.000,2465.000,878790,614094,2482.000
2025-01-24,2475.000,2519.000,2445.000,2497.000,966831,571168,2484.000
2025-01-27,2488.000,2495.000,2417.000,2465.000,799557,502766,2458.000
2025-02-05,2501.000,2577.000,2501.000,2565.000,635534,544968,2546.000
2025-02-06,2564.000,2567.000,2485.000,2500.000,1002640,567394,2518.000
2025-02-07,2506.000,2517.000,2450.000,2501.000,1141638,589372,2483.000
2025-02-10,2491.000,2571.000,2474.000,2525.000,1501577,634914,2530.000
2025-02-11,2531.000,2559.000,2520.000,2529.000,1154490,657263,2537.000
2025-02-12,2539.000,2539.000,2475.000,2520.000,1379219,646339,2507.000
2025-02-13,2508.000,2515.000,2456.000,2494.000,1025714,652055,2487.000
2025-02-14,2491.000,2546.000,2478.000,2533.000,1295376,686922,2515.000
2025-02-17,2534.000,2551.000,2489.000,2495.000,1206271,698638,2515.000
2025-02-18,2502.000,2558.000,2496.000,2528.000,1369287,705667,2531.000
2025-02-19,2536.000,2592.000,2536.000,2592.000,1419796,780348,2572.000
2025-02-20,2594.000,2616.000,2564.000,2615.000,1077787,792297,2591.000
2025-02-21,2602.000,2655.000,2602.000,2621.000,1319547,789702,2629.000
2025-02-24,2625.000,2665.000,2586.000,2587.000,1668170,766867,2629.000
2025-02-25,2586.000,2596.000,2560.000,2574.000,1090942,772447,2580.000
2025-02-26,2566.000,2575.000,2539.000,2555.000,1198070,767167,2558.000
2025-02-27,2550.000,2606.000,2535.000,2596.000,1380305,784831,2568.000
2025-02-28,2602.000,2610.000,2544.000,2566.000,1347115,768351,2568.000
2025-03-03,2561.000,2638.000,2550.000,2636.000,1615400,773797,2598.000
2025-03-04,2636.000,2648.000,2571.000,2576.000,1862958,751298,2610.000
2025-03-05,2566.000,2576.000,2472.000,2477.000,1919236,767574,2519.000
2025-03-06,2485.000,2494.000,2452.000,2464.000,1355141,778595,2472.000
2025-03-07,2463.000,2478.000,2445.000,2456.000,1272805,786213,2463.000
2025-03-10,2463.000,2611.000,2453.000,2611.000,555887,686498,2503.000
2025-03-11,2729.000,2729.000,2648.000,2684.000,2921346,734491,2685.000
2025-03-12,2697.000,2736.000,2642.000,2730.000,2869845,780121,2682.000
2025-03-13,2732.000,2745.000,2640.000,2695.000,2527877,728653,2700.000
2025-03-14,2694.000,2694.000,2656.000,2679.000,1345932,743633,2675.000
2025-03-17,2680.000,2696.000,2653.000,2658.000,1022082,745005,2672.000
2025-03-18,2660.000,2691.000,2637.000,2674.000,851396,733831,2666.000
2025-03-19,2669.000,2697.000,2661.000,2677.000,854398,712539,2681.000
2025-03-20,2684.000,2690.000,2592.000,2597.000,1580315,713429,2643.000
2025-03-21,2594.000,2618.000,2573.000,2598.000,868671,667699,2596.000
2025-03-24,2595.000,2602.000,2544.000,2577.000,851932,620730,2569.000
2025-03-25,2579.000,2619.000,2569.000,2615.000,684778,612715,2597.000
2025-03-26,2616.000,2619.000,2571.000,2576.000,633276,604366,2597.000
2025-03-27,2583.000,2604.000,2573.000,2602.000,542344,586513,2588.000
2025-03-28,2605.000,2623.000,2566.000,2569.000,584961,576338,2599.000
2025-03-31,2576.000,2623.000,2560.000,2601.000,692979,565083,2594.000
2025-04-01,2739.000,2740.000,2657.000,2665.000,413078,620367,2690.000
2025-04-02,2667.000,2715.000,2649.000,2694.000,341551,634442,2686.000
2025-04-03,2690.000,2752.000,2675.000,2749.000,366630,640874,2706.000
2025-04-07,2781.000,2796.000,2717.000,2723.000,478757,607677,2756.000
2025-04-08,2730.000,2810.000,2705.000,2800.000,687601,540290,2739.000
2025-04-09,2796.000,2805.000,2714.000,2736.000,657731,532522,2750.000
2025-04-10,2751.000,2759.000,2667.000,2673.000,588170,567860,2699.000
2025-04-11,2670.000,2697.000,2658.000,2690.000,404146,581123,2678.000
2025-04-14,2690.000,2724.000,2676.000,2721.000,477555,571496,2701.000
2025-04-15,2729.000,2742.000,2666.000,2673.000,585990,584507,2705.000
2025-04-16,2669.000,2693.000,2589.000,2594.000,697224,627407,2640.000
2025-04-17,2600.000,2603.000,2566.000,2586.000,500450,635907,2589.000
2025-04-18,2586.000,2612.000,2569.000,2597.000,507248,628479,2594.000
2025-04-21,2592.000,2655.000,2587.000,2631.000,549380,613642,2622.000
2025-04-22,2638.000,2669.000,2613.000,2658.000,468872,599721,2642.000
2025-04-23,2654.000,2688.000,2652.000,2679.000,465304,601645,2669.000
2025-04-24,2675.000,2739.000,2672.000,2725.000,639703,605478,2713.000
2025-04-25,2721.000,2728.000,2673.000,2684.000,476352,566151,2703.000
2025-04-28,2690.000,2691.000,2621.000,2641.000,555773,557196,2645.000
2025-04-29,2633.000,2639.000,2568.000,2588.000,484955,555204,2607.000
2025-04-30,2578.000,2593.000,2532.000,2536.000,468554,560550,2563.000
2025-05-06,2537.000,2572.000,2525.000,2548.000,299136,565683,2555.000
2025-05-07,2554.000,2575.000,2518.000,2565.000,450770,575512,2552.000
2025-05-08,2560.000,2583.000,2551.000,2563.000,406780,561732,2567.000
2025-05-09,2568.000,2573.000,2540.000,2551.000,314979,572386,2557.000
2025-05-12,2557.000,2573.000,2506.000,2544.000,621178,576482,2535.000
2025-05-13,2535.000,2549.000,2471.000,2487.000,639508,637424,2505.000
2025-05-14,2483.000,2512.000,2468.000,2509.000,400624,630254,2492.000
2025-05-15,2504.000,2544.000,2490.000,2537.000,382218,612824,2515.000
2025-05-16,2530.000,2548.000,2502.000,2513.000,464230,611212,2525.000
2025-05-19,2505.000,2523.000,2486.000,2509.000,289928,614111,2511.000
2025-05-20,2511.000,2518.000,2476.000,2510.000,323507,623440,2497.000
2025-05-21,2516.000,2564.000,2496.000,2552.000,442343,615440,2527.000
2025-05-22,2547.000,2567.000,2535.000,2562.000,315484,608010,2550.000
2025-05-23,2563.000,2588.000,2545.000,2556.000,351922,601832,2565.000
2025-05-26,2549.000,2581.000,2535.000,2566.000,332092,606583,2560.000
2025-05-27,2561.000,2605.000,2557.000,2599.000,354434,615879,2584.000
2025-05-28,2603.000,2639.000,2586.000,2604.000,488864,602245,2612.000
2025-05-29,2598.000,2620.000,2584.000,2618.000,377556,578743,2605.000
2025-05-30,2610.000,2649.000,2604.000,2637.000,409980,570876,2631.000
2025-06-03,2615.000,2630.000,2553.000,2557.000,482401,552037,2592.000
2025-06-04,2563.000,2564.000,2524.000,2543.000,464176,541628,2545.000
2025-06-05,2548.000,2575.000,2534.000,2567.000,373962,545017,2554.000
2025-06-06,2574.000,2622.000,2568.000,2608.000,556199,541873,2596.000
2025-06-09,2598.000,2622.000,2582.000,2614.000,349171,542050,2601.000
2025-06-10,2614.000,2636.000,2597.000,2629.000,314462,552069,2616.000
2025-06-11,2625.000,2665.000,2620.000,2638.000,306564,547917,2638.000
2025-06-12,2643.000,2677.000,2637.000,2674.000,372178,573176,2655.000
2025-06-13,2677.000,2686.000,2659.000,2674.000,339348,565236,2673.000
2025-06-16,2677.000,2677.000,2644.000,2671.000,327941,534182,2661.000
2025-06-17,2666.000,2696.000,2643.000,2682.000,365556,526769,2670.000
2025-06-18,2680.000,2704.000,2675.000,2688.000,268716,517117,2690.000
2025-06-19,2683.000,2697.000,2666.000,2694.000,234593,520552,2681.000
2025-06-20,2690.000,2696.000,2667.000,2679.000,264257,523058,2684.000
2025-06-23,2686.000,2692.000,2641.000,2657.000,264589,519120,2662.000
2025-06-24,2650.000,2669.000,2639.000,2662.000,235253,516620,2653.000
2025-06-25,2658.000,2674.000,2578.000,2588.000,523033,550961,2620.000
2025-06-26,2586.000,2588.000,2514.000,2550.000,685426,600032,2548.000
2025-06-27,2553.000,2562.000,2520.000,2559.000,439012,593101,2543.000
2025-06-30,2558.000,2583.000,2551.000,2572.000,373772,577028,2569.000
2025-07-01,2575.000,2597.000,2561.000,2586.000,369505,576397,2583.000
2025-07-02,2581.000,2588.000,2559.000,2578.000,302980,579524,2577.000
2025-07-03,2583.000,2626.000,2578.000,2601.000,380413,571649,2601.000
2025-07-04,2607.000,2622.000,2587.000,2597.000,297362,564558,2607.000
2025-07-07,2597.000,2621.000,2576.000,2579.000,333272,565758,2600.000
2025-07-08,2585.000,2592.000,2571.000,2576.000,246001,568141,2581.000
2025-07-09,2568.000,2595.000,2548.000,2586.000,280603,567429,2573.000
2025-07-10,2582.000,2622.000,2571.000,2611.000,356874,567403,2595.000
2025-07-11,2610.000,2646.000,2610.000,2633.000,383556,555041,2630.000
2025-07-14,2627.000,2673.000,2602.000,2659.000,483941,560897,2637.000
2025-07-15,2659.000,2677.000,2639.000,2655.000,374562,535658,2657.000
2025-07-16,2662.000,2664.000,2643.000,2653.000,300375,532049,2655.000
2025-07-17,2651.000,2723.000,2647.000,2719.000,521660,544567,2694.000
2025-07-18,2719.000,2743.000,2707.000,2722.000,373712,538450,2721.000
2025-07-21,2726.000,2745.000,2713.000,2727.000,306326,548927,2727.000
2025-07-22,2725.000,2760.000,2702.000,2736.000,391923,551501,2726.000
2025-07-23,2732.000,2791.000,2725.000,2758.000,358824,538617,2754.000
2025-07-24,2757.000,2777.000,2661.000,2682.000,559845,512685,2706.000
2025-07-25,2690.000,2702.000,2663.000,2675.000,300978,483508,2682.000
2025-07-28,2672.000,2682.000,2644.000,2660.000,288201,468326,2664.000
2025-07-29,2662.000,2668.000,2621.000,2660.000,324482,453220,2640.000
2025-07-30,2661.000,2735.000,2658.000,2735.000,452891,446780,2703.000
2025-07-31,2730.000,2756.000,2683.000,2699.000,481034,442984,2721.000
2025-08-01,2692.000,2702.000,2665.000,2675.000,296815,419679,2679.000
2025-08-04,2668.000,2706.000,2666.000,2678.000,263514,400411,2686.000
2025-08-05,2677.000,2752.000,2677.000,2724.000,413488,413741,2720.000
2025-08-06,2728.000,2793.000,2727.000,2745.000,546332,397721,2761.000
2025-08-07,2749.000,2750.000,2693.000,2739.000,373422,365846,2723.000
2025-08-08,2468.000,2508.000,2467.000,2506.000,238450,435837,2486.000
2025-08-11,2499.000,2499.000,2422.000,2455.000,344291,452004,2464.000
2025-08-12,2442.000,2566.000,2438.000,2562.000,614038,433814,2488.000
2025-08-13,2688.000,2688.000,2670.000,2688.000,327725,431061,2687.000
2025-08-14,2702.000,2708.000,2592.000,2606.000,932430,404448,2638.000
2025-08-15,2599.000,2599.000,2523.000,2546.000,601227,448607,2563.000
2025-08-18,2557.000,2607.000,2548.000,2590.000,470562,434330,2578.000
2025-08-19,2591.000,2626.000,2584.000,2604.000,408166,437985,2611.000
2025-08-20,2602.000,2632.000,2568.000,2627.000,384930,436474,2593.000
2025-08-21,2620.000,2632.000,2546.000,2561.000,445845,417790,2584.000
2025-08-22,2563.000,2566.000,2526.000,2543.000,288806,421028,2548.000
2025-08-25,2544.000,2577.000,2538.000,2547.000,310617,422516,2559.000
2025-08-26,2552.000,2567.000,2520.000,2526.000,310537,432019,2544.000
2025-08-27,2520.000,2520.000,2481.000,2501.000,428608,419022,2501.000
2025-08-28,2498.000,2516.000,2438.000,2483.000,503056,410500,2478.000
2025-08-29,2481.000,2521.000,2463.000,2513.000,321780,414170,2496.000
2025-09-01,2509.000,2530.000,2488.000,2513.000,331859,404322,2511.000
2025-09-02,2519.000,2538.000,2495.000,2500.000,326531,398350,2516.000
2025-09-03,2494.000,2534.000,2489.000,2521.000,316850,396028,2514.000
2025-09-04,2516.000,2539.000,2508.000,2519.000,305618,395062,2524.000
2025-09-05,2514.000,2556.000,2512.000,2550.000,368621,396574,2536.000
2025-09-08,2545.000,2564.000,2524.000,2542.000,371381,393462,2543.000
2025-09-09,2537.000,2557.000,2522.000,2550.000,249787,394346,2539.000
2025-09-10,2555.000,2560.000,2527.000,2533.000,303031,386706,2542.000
2025-09-11,2538.000,2568.000,2535.000,2567.000,341171,407316,2554.000
2025-09-12,2560.000,2572.000,2524.000,2531.000,309614,402900,2555.000
2025-09-15,2533.000,2534.000,2486.000,2504.000,402346,393656,2509.000
2025-09-16,2504.000,2533.000,2495.000,2518.000,283948,376582,2517.000
2025-09-17,2523.000,2528.000,2457.000,2460.000,394731,399317,2485.000
2025-09-18,2462.000,2487.000,2450.000,2470.000,304376,385353,2469.000
2025-09-19,2475.000,2530.000,2459.000,2522.000,376413,381171,2498.000
2025-09-22,2519.000,2552.000,2511.000,2528.000,339716,391260,2533.000
2025-09-23,2519.000,2519.000,2424.000,2447.000,488999,400933,2468.000
2025-09-24,2445.000,2451.000,2377.000,2395.000,516024,398111,2406.000
2025-09-25,2408.000,2450.000,2404.000,2444.000,370416,378057,2424.000
2025-09-26,2440.000,2452.000,2399.000,2405.000,302757,371100,2429.000
2025-09-29,2411.000,2430.000,2397.000,2416.000,216668,359652,2413.000
2025-09-30,2422.000,2440.000,2414.000,2421.000,217653,352864,2427.000
2025-10-09,2441.000,2455.000,2411.000,2435.000,206329,356202,2429.000
2025-10-10,2431.000,2437.000,2374.000,2391.000,296776,371708,2406.000
2025-10-13,2390.000,2425.000,2376.000,2392.000,287966,363923,2398.000
2025-10-14,2390.000,2407.000,2338.000,2348.000,274532,370714,2369.000
2025-10-15,2345.000,2380.000,2338.000,2357.000,184143,361931,2359.000
2025-10-16,2361.000,2377.000,2353.000,2364.000,138837,354755,2365.000
2025-10-17,2366.000,2376.000,2301.000,2306.000,259810,367868,2338.000
2025-10-20,2304.000,2367.000,2303.000,2350.000,251107,363626,2347.000
2025-10-21,2353.000,2363.000,2320.000,2321.000,190258,377520,2340.000
2025-10-22,2320.000,2327.000,2297.000,2307.000,286297,377467,2311.000
2025-10-23,2311.000,2344.000,2293.000,2339.000,239891,364445,2322.000
2025-10-24,2342.000,2352.000,2323.000,2325.000,244910,371495,2339.000
2025-10-27,2328.000,2365.000,2321.000,2335.000,256734,368836,2340.000
2025-10-28,2336.000,2399.000,2330.000,2396.000,321692,366983,2364.000
2025-10-29,2392.000,2410.000,2354.000,2373.000,330938,351848,2379.000
2025-10-30,2377.000,2407.000,2372.000,2401.000,242253,350537,2392.000
2025-10-31,2410.000,2415.000,2365.000,2388.000,349973,343443,2390.000
2025-11-03,2384.000,2497.000,2378.000,2491.000,559625,368657,2459.000
2025-11-04,2483.000,2513.000,2482.000,2497.000,421278,375310,2497.000
2025-11-05,2497.000,2548.000,2473.000,2537.000,496697,408101,2512.000
2025-11-06,2535.000,2554.000,2532.000,2549.000,362939,442304,2543.000
2025-11-07,2548.000,2551.000,2527.000,2539.000,334297,463486,2539.000
2025-11-10,2547.000,2547.000,2496.000,2527.000,399239,451261,2520.000
2025-11-11,2527.000,2530.000,2484.000,2500.000,356482,465838,2507.000
2025-11-12,2495.000,2510.000,2468.000,2494.000,310875,468864,2489.000
2025-11-13,2486.000,2508.000,2472.000,2492.000,299956,479461,2489.000
2025-11-14,2492.000,2507.000,2465.000,2490.000,355883,472680,2489.000
2025-11-17,2492.000,2514.000,2415.000,2449.000,455503,424781,2451.000
2025-11-18,2452.000,2485.000,2425.000,2431.000,286235,411174,2450.000
2025-11-19,2435.000,2446.000,2401.000,2419.000,288071,387335,2421.000
2025-11-20,2417.000,2425.000,2387.000,2412.000,217806,377665,2407.000
2025-11-21,2413.000,2443.000,2402.000,2431.000,341791,356199,2427.000
2025-11-24,2431.000,2455.000,2413.000,2446.000,254616,360472,2437.000
2025-11-25,2440.000,2468.000,2420.000,2431.000,261245,355847,2444.000
2025-11-26,2420.000,2449.000,2420.000,2439.000,189593,345210,2437.000
2025-11-27,2438.000,2481.000,2422.000,2469.000,257533,338327,2456.000
2025-11-28,2412.000,2426.000,2412.000,2415.000,96169,361719,2418.000
2025-12-01,2416.000,2426.000,2393.000,2403.000,160709,387607,2408.000
2025-12-02,2399.000,2413.000,2394.000,2413.000,133255,409254,2403.000
2025-12-03,2412.000,2419.000,2396.000,2409.000,135991,432354,2407.000
2025-12-04,2407.000,2414.000,2380.000,2395.000,225766,461656,2396.000
2025-12-05,2401.000,2416.000,2374.000,2377.000,295977,494958,2390.000
2025-12-08,2374.000,2384.000,2322.000,2342.000,366808,536927,2351.000
2025-12-09,2347.000,2351.000,2316.000,2317.000,264911,552863,2331.000
2025-12-10,2316.000,2331.000,2299.000,2329.000,309360,579246,2315.000
2025-12-11,2330.000,2342.000,2321.000,2323.000,290115,590971,2332.000
2025-12-12,2330.000,2359.000,2326.000,2347.000,293158,581668,2344.000
2025-12-15,2336.000,2354.000,2333.000,2341.000,237997,583558,2343.000
2025-12-16,2347.000,2369.000,2335.000,2359.000,314197,577756,2348.000
2025-12-17,2355.000,2368.000,2326.000,2331.000,269146,592352,2349.000
2025-12-18,2332.000,2346.000,2313.000,2340.000,294457,591613,2330.000
2025-12-19,2340.000,2343.000,2314.000,2323.000,232500,598488,2324.000
2025-12-22,2320.000,2352.000,2311.000,2337.000,343580,604362,2332.000
2025-12-23,2343.000,2353.000,2335.000,2349.000,230737,620191,2343.000
2025-12-24,2350.000,2362.000,2341.000,2344.000,228602,630650,2351.000
2025-12-25,2343.000,2358.000,2309.000,2352.000,434921,638009,2333.000
2025-12-26,2356.000,2404.000,2356.000,2391.000,432299,650686,2386.000
2025-12-29,2392.000,2410.000,2380.000,2387.000,298025,651735,2398.000
2025-12-30,2380.000,2404.000,2378.000,2403.000,254733,655159,2388.000
2025-12-31,2400.000,2406.000,2361.000,2365.000,317781,631470,2380.000
2026-01-05,2354.000,2382.000,2350.000,2361.000,271120,644700,2365.000
2026-01-06,2368.000,2394.000,2366.000,2390.000,297437,662451,2378.000
2026-01-07,2371.000,2424.000,2371.000,2419.000,536371,720911,2399.000
2026-01-08,2423.000,2430.000,2347.000,2358.000,701628,785807,2379.000
2026-01-09,2354.000,2359.000,2330.000,2338.000,462002,809345,2343.000
2026-01-12,2330.000,2341.000,2317.000,2330.000,450615,827782,2328.000
2026-01-13,2330.000,2337.000,2305.000,2314.000,480155,834183,2323.000
2026-01-14,2307.000,2318.000,2285.000,2289.000,472524,870951,2300.000
2026-01-15,2288.000,2294.000,2278.000,2283.000,363726,869905,2287.000
2026-01-16,2290.000,2302.000,2252.000,2255.000,737095,917639,2275.000
2026-01-19,2210.000,2242.000,2195.000,2221.000,902693,1013517,2225.000
2026-01-20,2219.000,2237.000,2202.000,2229.000,563126,1001168,2220.000
2026-01-21,2229.000,2234.000,2213.000,2228.000,426448,1027084,2223.000
2026-01-22,2237.000,2253.000,2229.000,2250.000,484503,1006148,2241.000
2026-01-23,2253.000,2261.000,2230.000,2235.000,400506,1014253,2245.000
2026-01-26,2237.000,2279.000,2235.000,2269.000,513795,968068,2261.000
2026-01-27,2266.000,2277.000,2257.000,2271.000,344500,970411,2268.000
2026-01-28,2275.000,2301.000,2265.000,2297.000,490702,940606,2283.000
2026-01-29,2302.000,2331.000,2299.000,2325.000,430832,911550,2314.000
2026-01-30,2323.000,2329.000,2276.000,2287.000,661019,914363,2295.000
2026-02-02,2286.000,2294.000,2259.000,2276.000,495138,912962,2279.000
2026-02-03,2279.000,2291.000,2246.000,2249.000,442481,922401,2267.000
2026-02-04,2253.000,2262.000,2241.000,2247.000,328156,926083,2251.000
2026-02-05,2225.000,2261.000,2225.000,2238.000,584370,945034,2239.000
2026-02-06,2238.000,2258.000,2232.000,2239.000,336314,932849,2245.000
2026-02-09,2245.000,2257.000,2235.000,2238.000,356161,934874,2244.000
2026-02-10,2243.000,2247.000,2230.000,2244.000,250134,934733,2238.000
2026-02-11,2248.000,2290.000,2246.000,2288.000,461610,914902,2271.000
2026-02-12,2292.000,2320.000,2282.000,2303.000,387940,876987,2301.000
2026-02-13,2313.000,2317.000,2293.000,2309.000,341197,832836,2308.000
2026-02-24,2320.000,2323.000,2282.000,2290.000,348590,855671,2299.000
2026-02-25,2290.000,2340.000,2278.000,2312.000,499622,868002,2312.000
2026-02-26,2314.000,2324.000,2290.000,2296.000,412843,904520,2307.000
2026-02-27,2291.000,2296.000,2268.000,2287.000,329069,908742,2285.000
2026-03-02,2270.000,2299.000,2266.000,2295.000,487190,909258,2280.000
2026-03-03,2294.000,2326.000,2283.000,2310.000,521031,888198,2307.000
2026-03-04,2324.000,2335.000,2293.000,2303.000,455854,880720,2315.000
2026-03-05,2303.000,2323.000,2296.000,2318.000,315684,878387,2309.000
2026-03-06,2317.000,2391.000,2315.000,2374.000,706317,854490,2361.000
2026-03-09,2391.000,2503.000,2378.000,2433.000,1049488,746843,2452.000
2026-03-10,2430.000,2438.000,2372.000,2402.000,682599,717350,2402.000
2026-03-11,2404.000,2483.000,2404.000,2480.000,1001478,652140,2448.000
2026-03-12,2500.000,2516.000,2464.000,2492.000,811092,606359,2490.000
2026-03-13,2501.000,2634.000,2479.000,2591.000,1669132,600522,2571.000
2026-03-16,2580.000,2585.000,2450.000,2482.000,1181783,619502,2516.000
2026-03-17,2462.000,2495.000,2431.000,2485.000,769979,621061,2470.000
2026-03-18,2495.000,2495.000,2436.000,2443.000,642501,600206,2464.000
2026-03-19,2451.000,2488.000,2437.000,2443.000,640449,586673,2460.000
2026-03-20,2445.000,2460.000,2420.000,2423.000,575033,578376,2438.000
2026-03-23,2414.000,2438.000,2397.000,2399.000,606303,570722,2417.000
2026-03-24,2387.000,2396.000,2363.000,2365.000,519321,569315,2379.000
2026-03-25,2361.000,2368.000,2333.000,2339.000,490605,555556,2351.000
2026-03-26,2342.000,2374.000,2337.000,2344.000,449238,543966,2353.000
2026-03-27,2341.000,2346.000,2306.000,2315.000,520647,527901,2322.000
2026-03-30,2315.000,2333.000,2298.000,2320.000,545451,533529,2317.000
2026-03-31,2318.000,2329.000,2284.000,2299.000,484885,541727,2304.000
2026-04-01,2303.000,2305.000,2255.000,2265.000,461866,542762,2282.000
2026-04-02,2264.000,2274.000,2249.000,2256.000,410945,541500,2260.000
2026-04-03,2256.000,2260.000,2212.000,2215.000,407815,528876,2239.000
2026-04-07,2220.000,2246.000,2212.000,2239.000,293856,503940,2232.000
2026-04-08,2238.000,2246.000,2217.000,2231.000,353674,498596,2233.000
2026-04-09,2226.000,2265.000,2224.000,2241.000,470998,480020,2248.000
2026-04-10,2246.000,2269.000,2234.000,2241.000,404666,431760,2251.000
2026-04-13,2346.000,2357.000,2340.000,2347.000,310650,571473,2349.000
2026-04-14,2349.000,2356.000,2335.000,2350.000,272454,575110,2347.000
2026-04-15,2352.000,2359.000,2327.000,2343.000,448966,630856,2340.000
2026-04-16,2346.000,2348.000,2327.000,2344.000,439050,646108,2338.000
2026-04-17,2338.000,2344.000,2315.000,2320.000,400695,685617,2329.000
2026-04-20,2319.000,2342.000,2294.000,2336.000,617728,700177,2318.000
2026-04-21,2333.000,2361.000,2330.000,2356.000,531165,721878,2346.000
2026-04-22,2360.000,2416.000,2354.000,2410.000,883531,769564,2392.000
2026-04-23,2405.000,2410.000,2374.000,2381.000,691113,773323,2391.000
2026-04-24,2381.000,2404.000,2362.000,2371.000,653922,786891,2381.000
2026-04-27,2373.000,2379.000,2360.000,2379.000,498939,785388,2370.000
2026-04-28,2384.000,2403.000,2371.000,2395.000,635405,744054,2388.000
2026-04-29,2403.000,2427.000,2387.000,2417.000,684625,744542,2409.000
2026-04-30,2416.000,2430.000,2403.000,2421.000,495976,734149,2417.000
2026-05-06,2425.000,2437.000,2380.000,2393.000,510396,780612,2404.000
2026-05-07,2388.000,2394.000,2366.000,2369.000,568731,825705,2379.000
2026-05-08,2365.000,2390.000,2345.000,2387.000,756254,807755,2366.000
2026-05-11,2392.000,2410.000,2374.000,2404.000,634092,806229,2391.000
2026-05-12,2405.000,2413.000,2364.000,2376.000,685328,834786,2388.000
2026-05-13,2376.000,2400.000,2370.000,2378.000,683254,838160,2385.000
2026-05-14,2385.000,2399.000,2356.000,2360.000,740763,853491,2380.000
2026-05-15,2348.000,2356.000,2323.000,2324.000,684835,877491,2340.000
2026-05-18,2319.000,2336.000,2309.000,2319.000,496959,888632,2322.000
2026-05-19,2321.000,2380.000,2316.000,2373.000,745334,859076,2348.000
2026-05-20,2375.000,2379.000,2358.000,2375.000,588253,858009,2371.000
2026-05-21,2372.000,2372.000,2328.000,2333.000,607834,859638,2349.000
2026-05-22,2332.000,2346.000,2325.000,2337.000,466586,868388,2335.000
2026-05-25,2340.000,2349.000,2310.000,2312.000,578907,927311,2331.000
2026-05-26,2307.000,2313.000,2297.000,2300.000,540665,961018,2306.000
2026-05-27,2298.000,2302.000,2279.000,2286.000,563239,1019109,2292.000
2026-05-28,2281.000,2312.000,2280.000,2304.000,531514,1000012,2294.000
2026-05-29,2304.000,2315.000,2294.000,2301.000,519378,1000025,2304.000
2026-06-01,2302.000,2328.000,2295.000,2327.000,648727,982202,2310.000
2026-06-02,2329.000,2329.000,2298.000,2299.000,526783,989415,2312.000
2026-06-03,2300.000,2322.000,2277.000,2310.000,768131,983291,2300.000
2026-06-04,2312.000,2317.000,2277.000,2283.000,664247,1023630,2293.000
2026-06-05,2280.000,2290.000,2253.000,2256.000,724378,1031037,2269.000
2026-06-08,2261.000,2263.000,2234.000,2240.000,599349,1030232,2248.000
2026-06-09,2234.000,2255.000,2221.000,2231.000,578883,1051091,2237.000
2026-06-10,2235.000,2243.000,2214.000,2239.000,514345,1062002,2228.000
2026-06-11,2244.000,2255.000,2228.000,2250.000,592122,1049049,2243.000
2026-06-12,2255.000,2263.000,2247.000,2259.000,454413,1022109,2255.000
2026-06-15,2257.000,2276.000,2252.000,2262.000,497687,1021100,2264.000
2026-06-16,2259.000,2282.000,2254.000,2280.000,481522,981345,2270.000
2026-06-17,2275.000,2292.000,2273.000,2280.000,473271,956208,2283.000
2026-06-18,2281.000,2287.000,2265.000,2286.000,535381,920784,2275.000
2026-06-22,2285.000,2304.000,2261.000,2271.000,403608,924125,2275.000
2026-06-23,2268.000,2305.000,2250.000,2303.000,656972,899203,2279.000
2026-06-24,2306.000,2321.000,2297.000,2316.000,715686,885481,2309.000
2026-06-25,2317.000,2317.000,2251.000,2266.000,1103226,891513,2276.000
2026-06-26,2271.000,2310.000,2267.000,2305.000,859786,866278,2289.000
2026-06-29,2307.000,2315.000,2285.000,2296.000,564140,844299,2301.000
2026-06-30,2288.000,2294.000,2246.000,2247.000,811629,840916,2267.000
2026-07-01,2240.000,2280.000,2232.000,2268.000,833341,814058,2254.000
2026-07-02,2277.000,2291.000,2265.000,2275.000,605710,811560,2279.000
2026-07-03,2278.000,2287.000,2255.000,2257.000,514160,812759,2269.000
2026-07-06,2256.000,2308.000,2254.000,2304.000,753145,799179,2287.000
2026-07-07,2312.000,2326.000,2301.000,2318.000,701991,775433,2315.000
2026-07-08,2322.000,2333.000,2297.000,2305.000,743715,770425,2315.000
2026-07-09,2311.000,2340.000,2308.000,2338.000,904700,777440,2329.000
2026-07-10,2335.000,2343.000,2317.000,2325.000,677098,744035,2328.000
2026-07-13,2327.000,2353.000,2290.000,2295.000,835434,723655,2320.000
2026-07-14,2302.000,2328.000,2295.000,2308.000,605595,710327,2311.000
2026-07-15,2306.000,2324.000,2297.000,2315.000,516108,710237,2313.000
2026-07-16,2311.000,2336.000,2304.000,2308.000,596898,714865,2318.000
2026-07-17,2314.000,2322.000,2279.000,2286.000,667031,708334,2302.000
2026-07-20,2293.000,2335.000,2289.000,2333.000,791482,691041,2317.000
2026-07-21,2340.000,2356.000,2329.000,2342.000,714103,677763,2342.000
2026-07-22,2340.000,2375.000,2340.000,2350.000,769072,651185,2354.000
2026-07-23,2360.000,2397.000,2359.000,2360.000,898445,624717,2377.000
2026-07-24,2368.000,2472.000,2364.000,2467.000,1186662,674878,2406.000
2026-07-27,2441.000,2446.000,2378.000,2387.000,1282007,552745,2406.000
2026-07-28,2371.000,2374.000,2331.000,2335.000,897962,492229,2353.000
2026-07-29,2331.000,2350.000,2329.000,2337.000,561080,483258,2340.000
2026-07-30,2324.000,2334.000,2271.000,2289.000,804746,473086,2298.000
2026-07-31,2289.000,2321.000,2287.000,2316.000,532365,473462,2301.000
2026-08-03,2316.000,2322.000,2294.000,2319.000,542279,473337,2313.000
2026-08-04,2313.000,2331.000,2304.000,2308.000,517353,441491,2318.000
2026-08-05,2196.000,2205.000,2178.000,2186.000,244633,518598,2186.000
2026-08-06,2176.000,2188.000,2169.000,2173.000,202286,559286,2178.000
2026-08-07,2168.000,2181.000,2165.000,2173.000,213699,592256,2173.000
2026-08-10,2170.000,2180.000,2169.000,2174.000,241098,622196,2174.000
2026-08-11,2175.000,2177.000,2163.000,2171.000,200226,638273,2171.000
2026-08-12,2171.000,2189.000,2164.000,2180.000,254104,606180,2177.000
2026-08-13,2178.000,2190.000,2165.000,2178.000,304331,626902,2176.000
2026-08-14,2171.000,2205.000,2171.000,2191.000,287469,612060,2189.000
2026-08-17,2192.000,2214.000,2187.000,2196.000,429240,632857,2201.000
2026-08-18,2193.000,2259.000,2193.000,2251.000,622091,631466,2231.000
2026-08-19,2260.000,2273.000,2240.000,2272.000,521646,632273,2258.000
2026-08-20,2268.000,2293.000,2263.000,2282.000,564978,640782,2277.000
2026-08-21,2282.000,2283.000,2224.000,2238.000,747569,651265,2246.000
2026-08-24,2240.000,2250.000,2229.000,2235.000,492308,647574,2240.000
2026-08-25,2241.000,2245.000,2225.000,2243.000,476350,637652,2236.000
2026-08-26,2237.000,2325.000,2230.000,2314.000,989628,671302,2282.000
2026-08-27,2322.000,2359.000,2311.000,2348.000,888870,672633,2335.000
2026-08-28,2348.000,2355.000,2324.000,2339.000,738804,657924,2341.000
2026-08-31,2346.000,2361.000,2315.000,2323.000,683263,640271,2337.000
2026-09-01,2318.000,2369.000,2294.000,2339.000,777406,627145,2331.000
2026-09-02,2338.000,2370.000,2307.000,2317.000,744722,627661,2336.000
2026-09-03,2318.000,2392.000,2317.000,2361.000,898762,609592,2355.000
2026-09-04,2352.000,2393.000,2331.000,2382.000,736150,612110,2359.000
