date,open,high,low,close,volume,open_interest,settle
2019-08-16,3600.000,3735.000,3597.000,3685.000,268800,28664,3686.000
2019-08-19,3690.000,3696.000,3662.000,3673.000,52502,25730,3679.000
2019-08-20,3679.000,3679.000,3655.000,3662.000,21768,24242,3666.000
2019-08-21,3664.000,3675.000,3663.000,3671.000,15386,21638,3670.000
2019-08-22,3675.000,3675.000,3616.000,3633.000,23448,21882,3639.000
2019-08-23,3630.000,3639.000,3625.000,3635.000,7190,20906,3632.000
2019-08-26,3640.000,3664.000,3623.000,3632.000,13120,21592,3642.000
2019-08-27,3633.000,3648.000,3628.000,3641.000,6742,20960,3639.000
2019-08-28,3640.000,3643.000,3626.000,3627.000,6666,23000,3629.000
2019-08-29,3621.000,3636.000,3600.000,3623.000,7224,23748,3624.000
2019-08-30,3624.000,3640.000,3611.000,3619.000,11028,24854,3626.000
2019-09-02,3626.000,3635.000,3619.000,3623.000,8028,25300,3626.000
2019-09-03,3626.000,3626.000,3611.000,3618.000,5222,25322,3618.000
2019-09-04,3620.000,3635.000,3601.000,3625.000,14308,26442,3618.000
2019-09-05,3635.000,3635.000,3616.000,3618.000,7620,26050,3622.000
2019-09-06,3617.000,3709.000,3616.000,3658.000,60784,32904,3663.000
2019-09-09,3663.000,3673.000,3623.000,3660.000,17402,33122,3651.000
2019-09-10,3663.000,3672.000,3645.000,3652.000,6618,33064,3654.000
2019-09-11,3653.000,3664.000,3630.000,3637.000,6696,31990,3643.000
2019-09-12,3635.000,3642.000,3628.000,3631.000,4166,31176,3635.000
2019-09-16,3635.000,3651.000,3629.000,3639.000,4980,31416,3644.000
2019-09-17,3642.000,3685.000,3639.000,3673.000,11958,32256,3658.000
2019-09-18,3681.000,3685.000,3656.000,3670.000,11186,31138,3669.000
2019-09-19,3666.000,3676.000,3663.000,3671.000,4758,29970,3670.000
2019-09-20,3668.000,3692.000,3645.000,3667.000,11402,28356,3671.000
2019-09-23,3664.000,3678.000,3662.000,3670.000,4758,27460,3671.000
2019-09-24,3666.000,3677.000,3655.000,3673.000,2942,26832,3667.000
2019-09-25,3666.000,3674.000,3645.000,3655.000,3610,26030,3657.000
2019-09-26,3651.000,3680.000,3650.000,3665.000,3314,25876,3667.000
2019-09-27,3650.000,3668.000,3640.000,3645.000,3812,24018,3648.000
2019-09-30,3642.000,3654.000,3638.000,3639.000,1928,23088,3645.000
2019-10-08,3636.000,3649.000,3630.000,3642.000,1454,22714,3638.000
2019-10-09,3642.000,3660.000,3640.000,3648.000,1762,22348,3648.000
2019-10-10,3655.000,3655.000,3643.000,3648.000,894,22356,3646.000
2019-10-11,3650.000,3650.000,3639.000,3641.000,1108,22272,3643.000
2019-10-14,3641.000,3648.000,3631.000,3641.000,1858,21648,3641.000
2019-10-15,3634.000,3649.000,3634.000,3634.000,1006,21720,3639.000
2019-10-16,3631.000,3643.000,3630.000,3637.000,1198,21184,3635.000
2019-10-17,3642.000,3643.000,3632.000,3639.000,668,20982,3636.000
2019-10-18,3635.000,3640.000,3634.000,3639.000,1240,20754,3637.000
2019-10-21,3636.000,3640.000,3630.000,3630.000,1008,20394,3634.000
2019-10-22,3630.000,3635.000,3609.000,3618.000,6528,16792,3618.000
2019-10-23,3616.000,3629.000,3610.000,3618.000,1394,16604,3618.000
2019-10-24,3629.000,3640.000,3609.000,3624.000,846,16546,3620.000
2019-10-25,3619.000,3627.000,3613.000,3617.000,710,16262,3619.000
2019-10-28,3617.000,3625.000,3617.000,3620.000,576,16136,3621.000
2019-10-29,3618.000,3624.000,3614.000,3622.000,944,15986,3619.000
2019-10-30,3624.000,3624.000,3617.000,3620.000,780,15916,3619.000
2019-10-31,3620.000,3649.000,3618.000,3629.000,2760,15406,3631.000
2019-11-01,3628.000,3630.000,3620.000,3624.000,728,15324,3623.000
2019-11-04,3624.000,3630.000,3621.000,3621.000,870,15170,3624.000
2019-11-05,3624.000,3631.000,3596.000,3615.000,5278,13270,3612.000
2019-11-06,3615.000,3620.000,3610.000,3620.000,1284,12588,3615.000
2019-11-07,3620.000,3626.000,3610.000,3619.000,910,12308,3616.000
2019-11-08,3619.000,3624.000,3610.000,3610.000,1448,11840,3617.000
2019-11-11,3610.000,3617.000,3603.000,3603.000,630,11766,3610.000
2019-11-12,3605.000,3614.000,3605.000,3605.000,242,11716,3608.000
2019-11-13,3610.000,3616.000,3608.000,3610.000,338,11588,3612.000
2019-11-14,3608.000,3614.000,3606.000,3612.000,254,11520,3611.000
2019-11-15,3611.000,3625.000,3607.000,3612.000,1024,11394,3617.000
2019-11-18,3611.000,3626.000,3610.000,3621.000,946,10984,3620.000
2019-11-19,3622.000,3756.000,3589.000,3620.000,1406,10508,3618.000
2019-11-20,3620.000,3620.000,3612.000,3619.000,472,10502,3615.000
2019-11-21,3614.000,3619.000,3603.000,3613.000,1110,10638,3609.000
2019-11-22,3615.000,3615.000,3603.000,3603.000,394,10644,3607.000
2019-11-25,3608.000,3613.000,3604.000,3608.000,716,10688,3607.000
2019-11-26,3609.000,3614.000,3605.000,3608.000,578,10546,3608.000
2019-11-27,3605.000,3609.000,3591.000,3593.000,618,10770,3600.000
2019-11-28,3598.000,3598.000,3565.000,3565.000,1686,10482,3582.000
2019-11-29,3576.000,3577.000,3563.000,3575.000,954,10220,3568.000
2019-12-02,3572.000,3577.000,3534.000,3544.000,2060,10116,3554.000
2019-12-03,3536.000,3544.000,3502.000,3508.000,1338,10002,3520.000
2019-12-04,3508.000,3515.000,3435.000,3439.000,4782,10036,3467.000
2019-12-05,3440.000,3461.000,3417.000,3423.000,4706,10300,3428.000
2019-12-06,3426.000,3449.000,3425.000,3436.000,2722,9700,3438.000
2019-12-09,3432.000,3448.000,3419.000,3419.000,1682,9170,3439.000
2019-12-10,3429.000,3450.000,3310.000,3418.000,1808,8986,0.000
2019-12-11,3423.000,3424.000,3383.000,3400.000,1218,8982,3396.000
2019-12-12,3406.000,3406.000,3390.000,3396.000,480,8840,3396.000
2019-12-13,3460.000,3462.000,3443.000,3455.000,668,8984,3456.000
2019-12-16,3410.000,3418.000,3380.000,3403.000,1430,7974,3395.000
2019-12-17,3463.000,3475.000,3460.000,3463.000,1088,8942,3464.000
2019-12-18,3462.000,3471.000,3451.000,3451.000,832,9020,3457.000
2019-12-19,3346.000,3346.000,3297.000,3297.000,3102,6430,3316.000
2019-12-20,3298.000,3308.000,3211.000,3216.000,5172,5000,3246.000
2019-12-23,3401.000,3425.000,3381.000,3417.000,5542,12788,0.000
2019-12-24,3428.000,3428.000,3403.000,3411.000,2028,12822,3411.000
2019-12-25,3407.000,3407.000,3277.000,3367.000,28958,15666,3342.000
2019-12-26,3360.000,3380.000,3351.000,3370.000,4454,15674,3369.000
2019-12-27,3384.000,3396.000,3364.000,3375.000,4800,15240,0.000
2019-12-30,3371.000,3383.000,3367.000,3380.000,2846,15000,3376.000
2019-12-31,3376.000,3376.000,3331.000,3367.000,4988,15168,3363.000
2020-01-02,3369.000,3373.000,3353.000,3359.000,989,7681,3364.000
2020-01-03,3353.000,3370.000,3341.000,3348.000,1241,7599,3356.000
2020-01-06,3344.000,3355.000,3325.000,3326.000,1290,7904,3339.000
2020-01-07,3321.000,3340.000,3321.000,3338.000,1398,8134,3332.000
2020-01-08,3333.000,3370.000,3326.000,3349.000,1946,8151,3353.000
2020-01-09,3347.000,3358.000,3339.000,3339.000,1428,8318,3348.000
2020-01-10,3339.000,3357.000,3339.000,3348.000,796,8295,3349.000
2020-01-13,3350.000,3362.000,3342.000,3361.000,1431,8328,0.000
2020-01-14,3356.000,3373.000,3352.000,3362.000,1490,8394,3360.000
2020-01-15,3360.000,3364.000,3340.000,3341.000,1190,8501,3348.000
2020-01-16,3348.000,3352.000,3341.000,3347.000,883,8692,3347.000
2020-01-17,3348.000,3360.000,3338.000,3339.000,1644,8797,3343.000
2020-01-20,3343.000,3355.000,3334.000,3340.000,1179,8624,3343.000
2020-01-21,3338.000,3348.000,3338.000,3340.000,614,8485,3342.000
2020-01-22,3347.000,3347.000,3324.000,3325.000,1114,8282,3331.000
2020-01-23,3315.000,3334.000,3312.000,3327.000,942,8129,3324.000
2020-02-03,3324.000,3405.000,3280.000,3369.000,8395,8336,3368.000
2020-02-04,3380.000,3397.000,3362.000,3383.000,5098,8111,3379.000
2020-02-05,3385.000,3395.000,3357.000,3384.000,3491,8104,0.000
2020-02-06,3384.000,3404.000,3378.000,3401.000,3797,8065,0.000
2020-02-07,3405.000,3428.000,3390.000,3418.000,5722,8809,0.000
2020-02-10,3425.000,3429.000,3365.000,3413.000,2741,8775,0.000
2020-02-11,3414.000,3420.000,3388.000,3394.000,1662,8729,3399.000
2020-02-12,3390.000,3410.000,3390.000,3396.000,1556,8640,3399.000
2020-02-13,3399.000,3410.000,3395.000,3400.000,1434,8681,0.000
2020-02-14,3407.000,3407.000,3351.000,3383.000,2894,7753,3380.000
2020-02-17,3388.000,3515.000,3388.000,3515.000,30073,14200,3486.000
2020-02-18,3490.000,3496.000,3445.000,3450.000,18650,12026,0.000
2020-02-19,3455.000,3480.000,3454.000,3460.000,5451,11570,0.000
2020-02-20,3444.000,3463.000,3438.000,3447.000,4329,11000,0.000
2020-02-21,3454.000,3464.000,3443.000,3445.000,2623,10840,0.000
2020-02-24,3445.000,3552.000,3445.000,3476.000,14104,10682,3509.000
2020-02-25,3470.000,3484.000,3440.000,3465.000,3716,10401,0.000
2020-02-26,3471.000,3501.000,3450.000,3466.000,5379,10451,0.000
2020-02-27,3478.000,3479.000,3452.000,3456.000,2528,9915,0.000
2020-02-28,3456.000,3461.000,3415.000,3425.000,5247,8193,0.000
2020-03-02,3430.000,3474.000,3398.000,3451.000,3904,8406,0.000
2020-03-03,3456.000,3476.000,3444.000,3455.000,2996,8476,0.000
2020-03-04,3460.000,3482.000,3445.000,3454.000,3783,8615,0.000
2020-03-05,3465.000,3469.000,3447.000,3464.000,1786,8283,0.000
2020-03-06,3470.000,3480.000,3453.000,3458.000,2448,8088,0.000
2020-03-09,3452.000,3453.000,3380.000,3414.000,3851,7006,0.000
2020-03-10,3438.000,3440.000,3394.000,3410.000,1516,6940,3409.000
2020-03-11,3410.000,3413.000,3382.000,3386.000,1915,6863,0.000
2020-03-12,3366.000,3384.000,3353.000,3373.000,1709,6260,0.000
2020-03-13,3365.000,3378.000,3348.000,3355.000,1664,5942,0.000
2020-03-16,3355.000,3380.000,3341.000,3343.000,1311,5893,0.000
2020-03-17,3358.000,3358.000,3301.000,3334.000,2198,5529,0.000
2020-03-18,3326.000,3360.000,3323.000,3333.000,1576,5142,3337.000
2020-03-19,3333.000,3358.000,3305.000,3346.000,1888,4671,0.000
2020-03-20,3346.000,3358.000,3323.000,3342.000,965,4460,0.000
2020-03-23,3334.000,3428.000,3334.000,3404.000,5573,4430,0.000
2020-03-24,3390.000,3432.000,3366.000,3382.000,2019,4223,0.000
2020-03-25,3382.000,3414.000,3382.000,3404.000,1126,4201,0.000
2020-03-26,3460.000,3574.000,3460.000,3561.000,11677,7801,0.000
2020-03-27,3560.000,3630.000,3507.000,3539.000,12044,8964,0.000
2020-03-30,3579.000,3700.000,3560.000,3674.000,23971,13974,0.000
2020-03-31,3670.000,3682.000,3605.000,3626.000,16398,16568,0.000
2020-04-01,3629.000,3640.000,3541.000,3558.000,18608,16405,0.000
2020-04-02,3560.000,3618.000,3503.000,3569.000,19139,17441,0.000
2020-04-03,3584.000,3608.000,3541.000,3563.000,10587,18306,0.000
2020-04-07,3573.000,3597.000,3533.000,3587.000,12683,19741,0.000
2020-04-08,3568.000,3584.000,3545.000,3552.000,9344,19781,0.000
2020-04-09,3558.000,3563.000,3544.000,3549.000,6099,19648,0.000
2020-04-10,3550.000,3588.000,3531.000,3553.000,10152,19442,0.000
2020-04-13,3540.000,3540.000,3470.000,3476.000,17139,22908,0.000
2020-04-14,3479.000,3480.000,3457.000,3473.000,6865,23268,0.000
2020-04-15,3488.000,3538.000,3463.000,3469.000,6905,23425,0.000
2020-04-16,3477.000,3489.000,3462.000,3475.000,5657,23161,0.000
2020-04-17,3474.000,3491.000,3458.000,3460.000,5743,23402,0.000
2020-04-20,3471.000,3508.000,3462.000,3488.000,10573,24538,0.000
2020-04-21,3490.000,3495.000,3423.000,3476.000,9079,24052,0.000
2020-04-22,3495.000,3499.000,3461.000,3480.000,8694,24807,0.000
2020-04-23,3488.000,3514.000,3484.000,3509.000,11070,26166,0.000
2020-04-24,3511.000,3524.000,3488.000,3492.000,10713,27248,0.000
2020-04-27,3500.000,3500.000,3444.000,3456.000,9965,28140,0.000
2020-04-28,3459.000,3460.000,3438.000,3442.000,5878,27302,0.000
2020-04-29,3436.000,3455.000,3428.000,3440.000,5342,26578,0.000
2020-04-30,3441.000,3454.000,3432.000,3434.000,4149,26403,0.000
2020-05-06,3441.000,3448.000,3420.000,3436.000,3650,25899,0.000
2020-05-07,3435.000,3457.000,3433.000,3442.000,6458,26648,0.000
2020-05-08,3449.000,3449.000,3355.000,3435.000,6804,25689,0.000
2020-05-11,3439.000,3446.000,3423.000,3423.000,3383,25996,0.000
2020-05-12,3422.000,3432.000,3409.000,3411.000,3347,25597,0.000
2020-05-13,3410.000,3420.000,3402.000,3412.000,2522,25579,0.000
2020-05-14,3415.000,3416.000,3388.000,3406.000,4029,24787,0.000
2020-05-15,3403.000,3434.000,3399.000,3426.000,6866,23944,0.000
2020-05-18,3427.000,3433.000,3401.000,3413.000,5476,23537,0.000
2020-05-19,3410.000,3435.000,3410.000,3431.000,5209,24134,0.000
2020-05-20,3431.000,3448.000,3424.000,3444.000,6127,25034,0.000
2020-05-21,3440.000,3447.000,3430.000,3433.000,5406,24644,0.000
2020-05-22,3432.000,3437.000,3399.000,3402.000,5655,24147,0.000
2020-05-25,3406.000,3420.000,3402.000,3410.000,2375,23774,0.000
2020-05-26,3409.000,3418.000,3406.000,3412.000,2131,23716,0.000
2020-05-27,3414.000,3429.000,3404.000,3426.000,4309,23265,0.000
2020-05-28,3428.000,3483.000,3424.000,3455.000,18572,25578,0.000
2020-05-29,3460.000,3463.000,3438.000,3450.000,9564,25271,0.000
2020-06-01,3450.000,3469.000,3443.000,3446.000,7833,25177,0.000
2020-06-02,3454.000,3465.000,3446.000,3452.000,6563,25324,0.000
2020-06-03,3448.000,3454.000,3441.000,3444.000,4665,24751,0.000
2020-06-04,3446.000,3448.000,3433.000,3434.000,5879,23965,0.000
2020-06-05,3431.000,3459.000,3431.000,3449.000,6338,23944,0.000
2020-06-08,3450.000,3462.000,3437.000,3461.000,5203,23846,0.000
2020-06-09,3460.000,3470.000,3435.000,3444.000,6932,23135,0.000
2020-06-10,3445.000,3453.000,3443.000,3448.000,3188,22162,0.000
2020-06-11,3455.000,3470.000,3448.000,3453.000,10750,22701,0.000
2020-06-12,3455.000,3456.000,3435.000,3442.000,5019,21402,0.000
2020-06-15,3449.000,3460.000,3444.000,3460.000,6576,21762,0.000
2020-06-16,3462.000,3465.000,3451.000,3458.000,4954,22500,0.000
2020-06-17,3463.000,3464.000,3444.000,3448.000,3478,21699,0.000
2020-06-18,3448.000,3453.000,3446.000,3450.000,1789,21519,0.000
2020-06-19,3449.000,3453.000,3438.000,3438.000,3169,20931,0.000
2020-06-22,3442.000,3450.000,3424.000,3427.000,4658,20719,0.000
2020-06-23,3428.000,3428.000,3408.000,3412.000,6378,22631,0.000
2020-06-24,3412.000,3415.000,3392.000,3398.000,7179,22153,0.000
2020-06-29,3404.000,3435.000,3400.000,3423.000,4748,21331,0.000
2020-06-30,3425.000,3425.000,3412.000,3419.000,2106,21102,0.000
2020-07-01,3420.000,3423.000,3413.000,3414.000,2733,20750,0.000
2020-07-02,3414.000,3425.000,3414.000,3422.000,3203,20339,0.000
2020-07-03,3422.000,3476.000,3422.000,3425.000,3020,4683,0.000
2020-07-06,3420.000,3432.000,3415.000,3426.000,4789,20639,0.000
2020-07-07,3456.000,3462.000,3451.000,3455.000,2259,1727,0.000
2020-07-08,3425.000,3431.000,3425.000,3427.000,3111,20797,0.000
2020-07-09,3436.000,3454.000,3436.000,3445.000,5093,8142,0.000
2020-07-10,3438.000,3448.000,3425.000,3435.000,7072,18433,0.000
2020-07-13,3438.000,3456.000,3427.000,3455.000,7336,18950,0.000
2020-07-14,3485.000,3500.000,3470.000,3478.000,10187,10859,0.000
2020-07-15,3478.000,3478.000,3461.000,3471.000,2472,10965,0.000
2020-07-16,3444.000,3446.000,3428.000,3431.000,4106,17320,0.000
2020-07-17,3431.000,3433.000,3426.000,3427.000,3499,16306,0.000
2020-07-20,3428.000,3448.000,3427.000,3443.000,4189,16255,3438.000
2020-07-21,3440.000,3450.000,3430.000,3438.000,5540,16220,3439.000
2020-07-22,3436.000,3445.000,3425.000,3434.000,4412,15745,3436.000
2020-07-23,3436.000,3444.000,3433.000,3442.000,5118,15288,3438.000
2020-07-24,3483.000,3512.000,3483.000,3498.000,5285,12392,3491.000
2020-07-27,3460.000,3478.000,3426.000,3466.000,15507,18068,3461.000
2020-07-28,3470.000,3613.000,3468.000,3516.000,90137,25671,3548.000
2020-07-29,3520.000,3539.000,3495.000,3509.000,22223,24034,3508.000
2020-07-30,3510.000,3536.000,3500.000,3513.000,18457,23013,3516.000
2020-07-31,3505.000,3527.000,3501.000,3517.000,13514,21647,3514.000
2020-08-03,3535.000,3535.000,3507.000,3524.000,9710,21195,3518.000
2020-08-04,3540.000,3542.000,3512.000,3523.000,12121,14776,3528.000
2020-08-05,3518.000,3529.000,3499.000,3503.000,13371,15244,3509.000
2020-08-06,3502.000,3512.000,3482.000,3506.000,6287,15044,3498.000
2020-08-07,3518.000,3536.000,3510.000,3510.000,6024,6097,3524.000
2020-08-10,3497.000,3525.000,3492.000,3514.000,19428,15176,3512.000
2020-08-11,3512.000,3532.000,3475.000,3476.000,22746,15840,3492.000
2020-08-12,3475.000,3475.000,3441.000,3455.000,22448,14819,3451.000
2020-08-13,3462.000,3474.000,3445.000,3460.000,21449,14773,3462.000
2020-08-14,3463.000,3484.000,3454.000,3479.000,19463,15695,3468.000
2020-08-17,3480.000,3487.000,3464.000,3467.000,27830,16081,3472.000
2020-08-18,3471.000,3475.000,3449.000,3459.000,11415,16445,3465.000
2020-08-19,3465.000,3465.000,3451.000,3457.000,8668,15983,3456.000
2020-08-20,3463.000,3466.000,3455.000,3461.000,13321,15355,3461.000
2020-08-21,3460.000,3470.000,3458.000,3461.000,14223,15997,3463.000
2020-08-24,3460.000,3465.000,3450.000,3456.000,14865,14742,3456.000
2020-08-25,3458.000,3463.000,3453.000,3457.000,8583,14424,3457.000
2020-08-26,3461.000,3479.000,3458.000,3475.000,16612,13772,3470.000
2020-08-27,3467.000,3481.000,3464.000,3465.000,14338,13859,3471.000
2020-08-28,3462.000,3476.000,3435.000,3441.000,16471,13110,3466.000
2020-08-31,3446.000,3446.000,3412.000,3422.000,16970,12371,3424.000
2020-09-01,3430.000,3430.000,3415.000,3418.000,5059,10836,3417.000
2020-09-02,3362.000,3529.000,3362.000,3506.000,4826,1436,3513.000
2020-09-03,3491.000,3492.000,3450.000,3455.000,14507,10251,3472.000
2020-09-04,3455.000,3480.000,3422.000,3469.000,16123,10728,3458.000
2020-09-07,3448.000,3481.000,3430.000,3473.000,16171,11381,3469.000
2020-09-08,3473.000,3483.000,3465.000,3471.000,10276,12217,3471.000
2020-09-09,3417.000,3443.000,3401.000,3408.000,13363,8732,3419.000
2020-09-10,3469.000,3471.000,3434.000,3456.000,12988,13314,3456.000
2020-09-11,3459.000,3482.000,3451.000,3461.000,12881,13601,3460.000
2020-09-14,3461.000,3488.000,3459.000,3487.000,29022,14633,3474.000
2020-09-15,3488.000,3503.000,3472.000,3476.000,26029,15551,3483.000
2020-09-16,3477.000,3489.000,3474.000,3478.000,16475,15816,3480.000
2020-09-17,3480.000,3481.000,3452.000,3456.000,33015,16275,3473.000
2020-09-18,3452.000,3483.000,3451.000,3476.000,25201,16582,3466.000
2020-09-21,3476.000,3482.000,3462.000,3469.000,25197,18144,3468.000
2020-09-22,3468.000,3475.000,3441.000,3468.000,27023,18493,3455.000
2020-09-23,3465.000,3480.000,3449.000,3450.000,20102,17513,3465.000
2020-09-24,3441.000,3458.000,3441.000,3455.000,16617,17684,3453.000
2020-09-25,3457.000,3459.000,3446.000,3453.000,14644,17611,3450.000
2020-09-28,3452.000,3470.000,3452.000,3455.000,23198,18141,3462.000
2020-09-29,3451.000,3457.000,3446.000,3455.000,11073,18187,3452.000
2020-09-30,3454.000,3461.000,3447.000,3457.000,5047,17827,3454.000
2020-10-09,3478.000,3480.000,3458.000,3465.000,5912,18635,3464.000
2020-10-12,3464.000,3474.000,3401.000,3447.000,17236,20542,3452.000
2020-10-13,3450.000,3464.000,3422.000,3428.000,23834,21096,3441.000
2020-10-14,3436.000,3438.000,3424.000,3432.000,18224,21579,3431.000
2020-10-15,3431.000,3443.000,3430.000,3435.000,24858,22089,3435.000
2020-10-16,3433.000,3438.000,3422.000,3434.000,23003,22083,3430.000
2020-10-19,3430.000,3465.000,3430.000,3464.000,30280,23364,3449.000
2020-10-20,3464.000,3469.000,3421.000,3438.000,28359,22310,3445.000
2020-10-21,3439.000,3458.000,3431.000,3455.000,22208,21695,3449.000
2020-10-22,3456.000,3465.000,3445.000,3448.000,22110,20318,3454.000
2020-10-23,3452.000,3524.000,3442.000,3514.000,42368,19062,3477.000
2020-10-26,3514.000,3518.000,3471.000,3491.000,39113,18229,3501.000
2020-10-27,3491.000,3567.000,3488.000,3491.000,44150,15522,3523.000
2020-10-28,3481.000,3506.000,3475.000,3497.000,19008,13481,3489.000
2020-10-29,3483.000,3503.000,3471.000,3481.000,11254,11895,3482.000
2020-10-30,3478.000,3496.000,3474.000,3485.000,10154,11163,3483.000
2020-11-02,3486.000,3495.000,3465.000,3485.000,7540,8231,3480.000
2020-11-03,3546.000,3562.000,3540.000,3554.000,16024,13819,3549.000
2020-11-04,3554.000,3558.000,3537.000,3550.000,9919,14203,3547.000
2020-11-05,3551.000,3569.000,3550.000,3554.000,12249,13744,3559.000
2020-11-06,3549.000,3561.000,3495.000,3549.000,10493,13022,3547.000
2020-11-09,3560.000,3589.000,3548.000,3576.000,21469,13695,3569.000
2020-11-10,3562.000,3584.000,3562.000,3570.000,13652,13562,3572.000
2020-11-11,3570.000,3577.000,3567.000,3571.000,16735,13663,3571.000
2020-11-12,3565.000,3570.000,3561.000,3565.000,14606,13818,3563.000
2020-11-13,3565.000,3575.000,3563.000,3567.000,19201,13794,3567.000
2020-11-16,3567.000,3568.000,3548.000,3548.000,21803,12345,3562.000
2020-11-17,3548.000,3557.000,3534.000,3538.000,9240,11877,3544.000
2020-11-18,3635.000,3651.000,3625.000,3651.000,13894,4490,3638.000
2020-11-19,3660.000,3660.000,3639.000,3655.000,15795,4523,3646.000
2020-11-20,3559.000,3569.000,3549.000,3549.000,9917,12580,3554.000
2020-11-23,3640.000,3649.000,3631.000,3638.000,10273,5008,3642.000
2020-11-24,3593.000,3624.000,3583.000,3585.000,20224,14404,3595.000
2020-11-25,3580.000,3590.000,3571.000,3577.000,16689,15438,3581.000
2020-11-26,3572.000,3582.000,3552.000,3571.000,19280,16995,3565.000
2020-11-27,3567.000,3593.000,3567.000,3591.000,14918,17523,3581.000
2020-11-30,3591.000,3613.000,3566.000,3570.000,14091,18417,3584.000
2020-12-01,3575.000,3585.000,3555.000,3569.000,11053,18387,3566.000
2020-12-02,3568.000,3585.000,3564.000,3575.000,8634,17587,3571.000
2020-12-03,3644.000,3669.000,3634.000,3660.000,13466,1438,3648.000
2020-12-04,3621.000,3683.000,3620.000,3639.000,31956,22418,3648.000
2020-12-07,3639.000,3665.000,3610.000,3621.000,14338,21858,3638.000
2020-12-08,3622.000,3640.000,3615.000,3635.000,12242,21481,3626.000
2020-12-09,3633.000,3650.000,3605.000,3611.000,14800,20496,3621.000
2020-12-10,3609.000,3620.000,3604.000,3612.000,13830,20603,3612.000
2020-12-11,3606.000,3616.000,3592.000,3603.000,10877,20100,3604.000
2020-12-14,3595.000,3613.000,3595.000,3610.000,5108,19949,3605.000
2020-12-15,3615.000,3615.000,3580.000,3604.000,17001,20243,3604.000
2020-12-16,3608.000,3608.000,3586.000,3590.000,17570,20817,3597.000
2020-12-17,3593.000,3594.000,3582.000,3587.000,11172,21398,3587.000
2020-12-18,3620.000,3660.000,3617.000,3632.000,22832,12989,3624.000
2020-12-21,3620.000,3620.000,3591.000,3612.000,28570,22067,3609.000
2020-12-22,3611.000,3625.000,3605.000,3624.000,31130,22152,3615.000
2020-12-23,3626.000,3639.000,3612.000,3618.000,32097,21862,3619.000
2020-12-24,3618.000,3622.000,3606.000,3607.000,27410,21517,3612.000
2020-12-25,3609.000,3619.000,3598.000,3603.000,24612,21339,3611.000
2020-12-28,3609.000,3624.000,3587.000,3624.000,28029,21587,3605.000
2020-12-29,3625.000,3657.000,3600.000,3606.000,42321,19783,3624.000
2020-12-30,3609.000,3616.000,3597.000,3611.000,20314,16796,3606.000
2020-12-31,3611.000,3626.000,3603.000,3622.000,17246,14898,3614.000
2021-01-04,3630.000,3637.000,3617.000,3627.000,7944,12565,3625.000
2021-01-05,3660.000,3795.000,3650.000,3652.000,11981,8300,3657.000
2021-01-06,3655.000,3660.000,3642.000,3647.000,14792,8190,3650.000
2021-01-07,3646.000,3696.000,3640.000,3681.000,26750,8519,3673.000
2021-01-08,3678.000,3703.000,3671.000,3696.000,20491,9651,3687.000
2021-01-11,3699.000,3784.000,3699.000,3744.000,32530,10406,3734.000
2021-01-12,3745.000,3757.000,3686.000,3727.000,18426,9602,3720.000
2021-01-13,3731.000,3755.000,3708.000,3718.000,25593,9988,3734.000
2021-01-14,3680.000,3738.000,3680.000,3709.000,15078,9453,3720.000
2021-01-15,3711.000,3722.000,3700.000,3708.000,17097,9384,3711.000
2021-01-18,3712.000,3760.000,3706.000,3759.000,31209,10658,3741.000
2021-01-19,3760.000,3772.000,3729.000,3738.000,27444,10280,3741.000
2021-01-20,3738.000,3751.000,3707.000,3726.000,37533,10392,3724.000
2021-01-21,3726.000,3726.000,3698.000,3717.000,20127,11333,3715.000
2021-01-22,3719.000,3719.000,3650.000,3653.000,20102,10968,3674.000
2021-01-25,3641.000,3668.000,3639.000,3641.000,13688,11453,3652.000
2021-01-26,3636.000,3660.000,3631.000,3644.000,13179,12342,3650.000
2021-01-27,3645.000,3656.000,3640.000,3644.000,12310,12861,3649.000
2021-01-28,3644.000,3648.000,3620.000,3633.000,18579,13342,3638.000
2021-01-29,3636.000,3647.000,3630.000,3642.000,15415,13874,3638.000
2021-02-01,3625.000,3631.000,3620.000,3627.000,3965,3179,3624.000
2021-02-02,3655.000,3660.000,3646.000,3655.000,15500,14928,3654.000
2021-02-03,3652.000,3668.000,3649.000,3661.000,23723,16358,3659.000
2021-02-04,3664.000,3665.000,3647.000,3658.000,22005,15597,3657.000
2021-02-05,3659.000,3670.000,3657.000,3665.000,20305,14481,3662.000
2021-02-08,3664.000,3668.000,3653.000,3654.000,15303,14099,3657.000
2021-02-09,3654.000,3659.000,3637.000,3646.000,14291,12358,3651.000
2021-02-10,3646.000,3658.000,3628.000,3657.000,12503,12583,3647.000
2021-02-18,3657.000,3699.000,3634.000,3643.000,8865,12682,3647.000
2021-02-19,3645.000,3655.000,3641.000,3643.000,17032,12623,3647.000
2021-02-22,3644.000,3652.000,3639.000,3639.000,17892,12938,3646.000
2021-02-23,3639.000,3650.000,3639.000,3649.000,15900,12573,3643.000
2021-02-24,3650.000,3653.000,3636.000,3638.000,18442,12020,3643.000
2021-02-25,3639.000,3645.000,3619.000,3623.000,19059,10120,3634.000
2021-02-26,3623.000,3644.000,3610.000,3641.000,14609,9944,3624.000
2021-03-01,3645.000,3650.000,3618.000,3618.000,5683,7378,3632.000
2021-03-02,3650.000,3653.000,3593.000,3598.000,16897,13202,3617.000
2021-03-03,3599.000,3627.000,3595.000,3626.000,13459,13875,3608.000
2021-03-04,3622.000,3631.000,3602.000,3612.000,10801,14319,3616.000
2021-03-05,3615.000,3615.000,3581.000,3581.000,14744,15628,3598.000
2021-03-08,3586.000,3609.000,3580.000,3597.000,16396,15109,3597.000
2021-03-09,3619.000,3625.000,3601.000,3614.000,15645,14779,3610.000
2021-03-10,3615.000,3629.000,3612.000,3621.000,9366,15028,3620.000
2021-03-11,3622.000,3641.000,3618.000,3641.000,11497,15134,3631.000
2021-03-12,3642.000,3642.000,3625.000,3628.000,9671,15182,3632.000
2021-03-15,3627.000,3649.000,3621.000,3648.000,11070,14898,3634.000
2021-03-16,3644.000,3654.000,3630.000,3649.000,7911,14850,3640.000
2021-03-17,3649.000,3663.000,3643.000,3648.000,11492,14749,3653.000
2021-03-18,3645.000,3665.000,3640.000,3652.000,11091,14804,3653.000
2021-03-19,3653.000,3689.000,3649.000,3682.000,18924,15843,3671.000
2021-03-22,3675.000,3682.000,3606.000,3641.000,19761,14728,3644.000
2021-03-23,3645.000,3672.000,3621.000,3671.000,16804,15680,3655.000
2021-03-24,3671.000,3672.000,3585.000,3586.000,22789,14644,3611.000
2021-03-25,3587.000,3598.000,3583.000,3586.000,18083,14714,3592.000
2021-03-26,3592.000,3595.000,3562.000,3579.000,22496,14946,3576.000
2021-03-29,3580.000,3608.000,3568.000,3602.000,21211,13302,3591.000
2021-03-30,3592.000,3607.000,3563.000,3565.000,24581,12023,3573.000
2021-03-31,3449.000,3573.000,3449.000,3554.000,19359,9011,3561.000
2021-04-01,3546.000,3574.000,3534.000,3540.000,5088,5032,3548.000
2021-04-02,3610.000,3629.000,3600.000,3613.000,7432,6217,3614.000
2021-04-06,3572.000,3581.000,3552.000,3564.000,9678,12428,3567.000
2021-04-07,3560.000,3573.000,3555.000,3561.000,14300,12827,3563.000
2021-04-08,3556.000,3598.000,3556.000,3578.000,19511,12506,3577.000
2021-04-09,3577.000,3593.000,3568.000,3588.000,16094,13484,3577.000
2021-04-12,3580.000,3635.000,3580.000,3615.000,20236,14427,3613.000
2021-04-13,3626.000,3633.000,3617.000,3624.000,17031,14985,3626.000
2021-04-14,3615.000,3642.000,3615.000,3633.000,13012,15664,3630.000
2021-04-15,3634.000,3646.000,3631.000,3644.000,11082,16751,3640.000
2021-04-16,3640.000,3658.000,3640.000,3645.000,10371,16568,3648.000
2021-04-19,3646.000,3654.000,3631.000,3634.000,8634,16285,3637.000
2021-04-20,3639.000,3643.000,3622.000,3642.000,9985,16656,3639.000
2021-04-21,3631.000,3654.000,3631.000,3645.000,6430,17294,3646.000
2021-04-22,3646.000,3658.000,3643.000,3656.000,6386,17803,3649.000
2021-04-23,3663.000,3669.000,3650.000,3655.000,7452,17027,3658.000
2021-04-26,3659.000,3661.000,3641.000,3641.000,4599,17024,3650.000
2021-04-27,3637.000,3645.000,3633.000,3636.000,7874,16536,3638.000
2021-04-28,3631.000,3645.000,3623.000,3638.000,7612,15321,3640.000
2021-04-29,3634.000,3642.000,3633.000,3641.000,11826,13106,3638.000
2021-04-30,3645.000,3646.000,3628.000,3640.000,6646,11526,3633.000
2021-05-06,3620.000,3700.000,3619.000,3621.000,14079,15145,3625.000
2021-05-07,3620.000,3637.000,3620.000,3633.000,22349,13793,3628.000
2021-05-10,3630.000,3634.000,3620.000,3620.000,10805,13214,3624.000
2021-05-11,3628.000,3628.000,3601.000,3608.000,8770,12172,3611.000
2021-05-12,3605.000,3619.000,3601.000,3610.000,10628,11876,3613.000
2021-05-13,3614.000,3622.000,3605.000,3613.000,7394,11601,3615.000
2021-05-14,3611.000,3619.000,3611.000,3612.000,6566,11717,3614.000
2021-05-17,3615.000,3619.000,3584.000,3605.000,8447,11678,3604.000
2021-05-18,3629.000,3639.000,3627.000,3638.000,4306,9918,3634.000
2021-05-19,3639.000,3645.000,3620.000,3621.000,4872,9892,3631.000
2021-05-20,3595.000,3598.000,3576.000,3579.000,7985,12370,3588.000
2021-05-21,3578.000,3585.000,3571.000,3577.000,5751,12497,3578.000
2021-05-24,3579.000,3580.000,3540.000,3555.000,8143,12525,3564.000
2021-05-25,3555.000,3580.000,3555.000,3570.000,8743,11410,3568.000
2021-05-26,3583.000,3589.000,3582.000,3583.000,4374,11259,3585.000
2021-05-27,3569.000,3574.000,3559.000,3562.000,5031,10602,3564.000
2021-05-28,3565.000,3572.000,3558.000,3561.000,3815,10515,3566.000
2021-05-31,3591.000,3597.000,3578.000,3585.000,4668,13083,3585.000
2021-06-01,3568.000,3568.000,3550.000,3551.000,6114,4088,3563.000
2021-06-02,3568.000,3568.000,3533.000,3535.000,6402,12953,3545.000
2021-06-03,3534.000,3555.000,3526.000,3539.000,8927,12260,3544.000
2021-06-04,3543.000,3554.000,3536.000,3545.000,9125,12697,3547.000
2021-06-07,3545.000,3552.000,3537.000,3539.000,8877,12490,3543.000
2021-06-08,3534.000,3541.000,3522.000,3538.000,9946,13050,3532.000
2021-06-09,3540.000,3542.000,3528.000,3530.000,7346,13237,3533.000
2021-06-10,3530.000,3530.000,3519.000,3520.000,6610,13312,3524.000
2021-06-11,3521.000,3540.000,3521.000,3536.000,14372,12623,3534.000
2021-06-15,3533.000,3537.000,3523.000,3530.000,6479,12176,3530.000
2021-06-16,3530.000,3535.000,3526.000,3528.000,4969,12271,3530.000
2021-06-17,3530.000,3538.000,3526.000,3538.000,7377,12625,3532.000
2021-06-18,3535.000,3551.000,3530.000,3542.000,11126,12155,3537.000
2021-06-21,3539.000,3545.000,3531.000,3532.000,5374,12114,3533.000
2021-06-22,3531.000,3536.000,3524.000,3530.000,7100,12816,3528.000
2021-06-23,3528.000,3534.000,3526.000,3532.000,7004,13129,3529.000
2021-06-24,3530.000,3535.000,3512.000,3519.000,9463,13069,3524.000
2021-06-25,3518.000,3525.000,3509.000,3518.000,8438,11982,3519.000
2021-06-28,3520.000,3532.000,3509.000,3527.000,13130,10310,3521.000
2021-06-29,3528.000,3534.000,3518.000,3522.000,12576,9989,3523.000
2021-06-30,3527.000,3530.000,3516.000,3517.000,9052,8167,3522.000
2021-07-01,3520.000,3533.000,3511.000,3524.000,8540,3160,3519.000
2021-07-02,3521.000,3528.000,3516.000,3527.000,2597,1546,3523.000
2021-07-05,3524.000,3532.000,3515.000,3526.000,7736,12587,3526.000
2021-07-06,3528.000,3530.000,3518.000,3518.000,5007,12467,3522.000
2021-07-07,3520.000,3521.000,3510.000,3511.000,5255,12730,3514.000
2021-07-08,3546.000,3552.000,3541.000,3546.000,4277,5350,3545.000
2021-07-09,3531.000,3532.000,3517.000,3527.000,5176,9547,3525.000
2021-07-12,3525.000,3525.000,3509.000,3519.000,5788,9639,3517.000
2021-07-13,3514.000,3522.000,3509.000,3518.000,5864,9910,3515.000
2021-07-14,3522.000,3539.000,3517.000,3538.000,6797,9775,3530.000
2021-07-15,3535.000,3538.000,3525.000,3528.000,4853,9600,3530.000
2021-07-16,3527.000,3530.000,3521.000,3527.000,4678,9605,3524.000
2021-07-19,3525.000,3539.000,3522.000,3537.000,5486,9841,3531.000
2021-07-20,3525.000,3554.000,3521.000,3530.000,12924,13266,3536.000
2021-07-21,3546.000,3546.000,3516.000,3519.000,4654,12818,3525.000
2021-07-22,3521.000,3538.000,3521.000,3525.000,4354,10913,3529.000
2021-07-23,3525.000,3533.000,3524.000,3527.000,3173,11042,3529.000
2021-07-26,3524.000,3530.000,3506.000,3527.000,6081,12338,3523.000
2021-07-27,3527.000,3529.000,3502.000,3508.000,4277,12080,3514.000
2021-07-28,3506.000,3515.000,3503.000,3507.000,3113,11906,3511.000
2021-07-29,3524.000,3533.000,3520.000,3529.000,4163,11785,3527.000
2021-07-30,3520.000,3530.000,3515.000,3516.000,5744,8856,3521.000
2021-08-02,3519.000,3524.000,3486.000,3490.000,6255,5112,3509.000
2021-08-03,3494.000,3504.000,3490.000,3502.000,1234,4423,3496.000
2021-08-04,3519.000,3531.000,3517.000,3528.000,4866,12323,3527.000
2021-08-05,3529.000,3529.000,3524.000,3528.000,5355,12335,3526.000
2021-08-06,3528.000,3531.000,3525.000,3525.000,3569,12412,3526.000
2021-08-09,3523.000,3537.000,3522.000,3536.000,4486,12543,3531.000
2021-08-10,3540.000,3540.000,3525.000,3531.000,4755,12735,3534.000
2021-08-11,3535.000,3536.000,3525.000,3531.000,3571,12747,3531.000
2021-08-12,3533.000,3537.000,3528.000,3535.000,3194,12854,3531.000
2021-08-13,3559.000,3560.000,3550.000,3552.000,3891,7645,3554.000
2021-08-16,3534.000,3538.000,3529.000,3535.000,3149,12381,3533.000
2021-08-17,3575.000,3576.000,3568.000,3576.000,2968,5019,3572.000
2021-08-18,3545.000,3545.000,3529.000,3533.000,10244,11851,3536.000
2021-08-19,3536.000,3536.000,3516.000,3516.000,6505,11646,3526.000
2021-08-20,3514.000,3518.000,3506.000,3511.000,4224,11702,3514.000
2021-08-23,3532.000,3543.000,3522.000,3533.000,2941,7899,3535.000
2021-08-24,3560.000,3567.000,3554.000,3567.000,4536,6049,3559.000
2021-08-25,3522.000,3525.000,3515.000,3518.000,7684,11982,3519.000
2021-08-26,3516.000,3525.000,3510.000,3515.000,10294,11416,3517.000
2021-08-27,3515.000,3531.000,3500.000,3524.000,9778,10856,3520.000
2021-08-30,3524.000,3525.000,3512.000,3515.000,7299,9062,3517.000
2021-08-31,3529.000,3542.000,3529.000,3538.000,5326,6677,3534.000
2021-09-01,3536.000,3537.000,3531.000,3533.000,3898,6560,3533.000
2021-09-02,3513.000,3514.000,3483.000,3509.000,4386,10952,3507.000
2021-09-03,3561.000,3568.000,3556.000,3561.000,4087,4180,3560.000
2021-09-06,3562.000,3566.000,3548.000,3559.000,5840,4427,3561.000
2021-09-07,3561.000,3562.000,3532.000,3532.000,7005,4672,3548.000
2021-09-08,3530.000,3532.000,3499.000,3514.000,6411,5251,3516.000
2021-09-09,3505.000,3508.000,3493.000,3507.000,7577,6947,3497.000
2021-09-10,3497.000,3501.000,3492.000,3500.000,4096,6998,3497.000
2021-09-13,3494.000,3500.000,3486.000,3489.000,4511,12378,3492.000
2021-09-14,3492.000,3498.000,3480.000,3498.000,5279,12228,3488.000
2021-09-15,3498.000,3499.000,3483.000,3483.000,5856,11978,3489.000
2021-09-16,3483.000,3491.000,3480.000,3482.000,2913,11855,3484.000
2021-09-17,3507.000,3516.000,3505.000,3516.000,2877,6324,3507.000
2021-09-22,3510.000,3522.000,3478.000,3482.000,4143,7155,3490.000
2021-09-23,3498.000,3505.000,3485.000,3491.000,3993,6645,3495.000
2021-09-24,3470.000,3470.000,3459.000,3467.000,5541,10446,3464.000
2021-09-27,3461.000,3465.000,3455.000,3461.000,6663,8650,3459.000
2021-09-28,3465.000,3468.000,3453.000,3461.000,6962,8612,3459.000
2021-09-29,3462.000,3463.000,3451.000,3453.000,7267,9114,3455.000
2021-09-30,3453.000,3457.000,3442.000,3453.000,7237,9176,3449.000
2021-10-08,3456.000,3479.000,3453.000,3462.000,1438,6273,3467.000
2021-10-11,3447.000,3449.000,3438.000,3440.000,6978,11158,3443.000
2021-10-12,3471.000,3471.000,3434.000,3436.000,6060,4490,3446.000
2021-10-13,3418.000,3425.000,3410.000,3412.000,6469,11305,3417.000
2021-10-14,3408.000,3412.000,3395.000,3397.000,8065,11526,3406.000
2021-10-15,3405.000,3410.000,3388.000,3408.000,8209,11063,3400.000
2021-10-18,3406.000,3417.000,3401.000,3417.000,8566,10489,3409.000
2021-10-19,3415.000,3417.000,3406.000,3411.000,3546,10327,3410.000
2021-10-20,3416.000,3419.000,3405.000,3411.000,6351,9954,3412.000
2021-10-21,3419.000,3425.000,3412.000,3414.000,2919,8309,3419.000
2021-10-22,3396.000,3425.000,3389.000,3425.000,13143,10311,3410.000
2021-10-25,3428.000,3467.000,3420.000,3461.000,17757,10729,3445.000
2021-10-26,3465.000,3487.000,3451.000,3458.000,10068,10495,3470.000
2021-10-27,3460.000,3467.000,3424.000,3431.000,6937,10143,3441.000
2021-10-28,3440.000,3446.000,3425.000,3441.000,6685,8682,3437.000
2021-10-29,3449.000,3454.000,3418.000,3432.000,5711,7498,3434.000
2021-11-01,3434.000,3436.000,3404.000,3409.000,5358,4383,3424.000
2021-11-02,3427.000,3473.000,3420.000,3473.000,7282,10422,3444.000
2021-11-03,3480.000,3602.000,3473.000,3549.000,47277,16113,3548.000
2021-11-04,3551.000,3574.000,3486.000,3497.000,26772,16406,3525.000
2021-11-05,3501.000,3508.000,3466.000,3476.000,14307,16040,3484.000
2021-11-08,3482.000,3488.000,3452.000,3461.000,11920,15385,3465.000
2021-11-09,3464.000,3516.000,3461.000,3491.000,17204,16559,3490.000
2021-11-10,3489.000,3506.000,3461.000,3484.000,15845,15638,3481.000
2021-11-11,3483.000,3484.000,3460.000,3467.000,10776,15868,3468.000
2021-11-12,3469.000,3495.000,3451.000,3475.000,15302,15248,3473.000
2021-11-15,3475.000,3489.000,3464.000,3477.000,8577,14809,3474.000
2021-11-16,3485.000,3486.000,3465.000,3475.000,8346,14677,3476.000
2021-11-17,3463.000,3475.000,3463.000,3464.000,4660,14047,3470.000
2021-11-18,3470.000,3470.000,3441.000,3443.000,6193,13671,3454.000
2021-11-19,3441.000,3454.000,3435.000,3440.000,5264,13276,3442.000
2021-11-22,3436.000,3443.000,3381.000,3409.000,10727,13263,3414.000
2021-11-23,3417.000,3419.000,3406.000,3409.000,6788,13109,3410.000
2021-11-24,3402.000,3415.000,3395.000,3413.000,4832,12793,3410.000
2021-11-25,3415.000,3435.000,3405.000,3422.000,10094,12506,3416.000
2021-11-26,3418.000,3445.000,3418.000,3428.000,9020,11159,3432.000
2021-11-29,3438.000,3438.000,3414.000,3419.000,5121,10834,3428.000
2021-11-30,3415.000,3427.000,3401.000,3402.000,4677,9795,3412.000
2021-12-01,3408.000,3413.000,3401.000,3412.000,3745,7362,3407.000
2021-12-02,3407.000,3421.000,3374.000,3387.000,5041,5617,3399.000
2021-12-03,3381.000,3391.000,3349.000,3378.000,3783,5326,3368.000
2021-12-06,3432.000,3445.000,3415.000,3422.000,6584,12176,3429.000
2021-12-07,3430.000,3430.000,3409.000,3410.000,9236,13270,3417.000
2021-12-08,3413.000,3414.000,3373.000,3379.000,9049,13548,3387.000
2021-12-09,3395.000,3397.000,3355.000,3370.000,11001,13960,3365.000
2021-12-10,3369.000,3372.000,3340.000,3359.000,11495,14284,3354.000
2021-12-13,3365.000,3366.000,3350.000,3359.000,7988,14147,3357.000
2021-12-14,3359.000,3364.000,3347.000,3354.000,8489,14134,3355.000
2021-12-15,3354.000,3354.000,3343.000,3348.000,5753,14180,3349.000
2021-12-16,3345.000,3352.000,3323.000,3348.000,11954,13376,3337.000
2021-12-17,3344.000,3364.000,3343.000,3353.000,10494,12844,3353.000
2021-12-20,3355.000,3362.000,3344.000,3347.000,10667,12705,3351.000
2021-12-21,3346.000,3349.000,3323.000,3326.000,7037,12889,3336.000
2021-12-22,3326.000,3333.000,3318.000,3321.000,8370,13041,3326.000
2021-12-23,3321.000,3353.000,3321.000,3339.000,13056,13072,3338.000
2021-12-24,3335.000,3393.000,3335.000,3361.000,22417,13960,3357.000
2021-12-27,3361.000,3371.000,3353.000,3355.000,18433,13723,3360.000
2021-12-28,3359.000,3359.000,3333.000,3334.000,15664,12524,3341.000
2021-12-29,3338.000,3343.000,3315.000,3318.000,15493,12363,3323.000
2021-12-30,3319.000,3330.000,3313.000,3316.000,11569,12055,0.000
2021-12-31,3317.000,3327.000,3315.000,3323.000,9377,10465,3320.000
2022-01-04,3311.000,3329.000,3285.000,3308.000,4163,8692,3311.000
2022-01-05,3321.000,3325.000,3303.000,3323.000,3535,7323,3313.000
2022-01-06,3364.000,3373.000,3356.000,3357.000,7083,12294,3363.000
2022-01-07,3359.000,3361.000,3352.000,3354.000,5374,12489,3355.000
2022-01-10,3353.000,3357.000,3337.000,3337.000,8357,12681,3347.000
2022-01-11,3337.000,3345.000,3337.000,3343.000,5108,12311,3340.000
2022-01-12,3348.000,3368.000,3342.000,3367.000,8148,12364,3350.000
2022-01-13,3365.000,3371.000,3356.000,3361.000,9298,11976,3362.000
2022-01-14,3362.000,3380.000,3357.000,3358.000,12495,11458,3363.000
2022-01-17,3363.000,3369.000,3355.000,3363.000,8943,12240,3361.000
2022-01-18,3361.000,3366.000,3333.000,3336.000,7117,12158,3352.000
2022-01-19,3333.000,3345.000,3332.000,3345.000,5610,12161,3339.000
2022-01-20,3345.000,3345.000,3338.000,3342.000,5195,12002,3340.000
2022-01-21,3343.000,3349.000,3333.000,3337.000,5826,11390,3337.000
2022-01-24,3333.000,3341.000,3333.000,3337.000,4753,11199,3336.000
2022-01-25,3337.000,3359.000,3336.000,3358.000,9600,11210,3346.000
2022-01-26,3358.000,3376.000,3348.000,3360.000,7102,10495,3358.000
2022-01-27,3366.000,3366.000,3343.000,3348.000,5681,9218,3348.000
2022-01-28,3350.000,3355.000,3342.000,3352.000,4363,8777,3349.000
2022-02-07,3352.000,3368.000,3349.000,3365.000,4780,8136,3358.000
2022-02-08,3362.000,3373.000,3359.000,3369.000,4201,7621,3367.000
2022-02-09,3374.000,3386.000,3358.000,3364.000,4561,7618,3372.000
2022-02-10,3477.000,3498.000,3470.000,3473.000,3568,7704,3481.000
2022-02-11,3348.000,3354.000,3344.000,3354.000,2198,6491,3348.000
2022-02-14,3465.000,3513.000,3463.000,3512.000,7839,9177,3486.000
2022-02-15,3521.000,3521.000,3485.000,3498.000,7438,9553,3498.000
2022-02-16,3499.000,3499.000,3475.000,3478.000,5197,9217,3482.000
2022-02-17,3474.000,3492.000,3460.000,3467.000,8035,9727,3476.000
2022-02-18,3466.000,3482.000,3466.000,3473.000,3125,9807,3471.000
2022-02-21,3477.000,3477.000,3454.000,3457.000,5782,9880,3466.000
2022-02-22,3454.000,3464.000,3453.000,3463.000,3690,9959,3459.000
2022-02-23,3465.000,3466.000,3440.000,3444.000,5348,10369,3451.000
2022-02-24,3443.000,3477.000,3435.000,3473.000,9308,11198,3450.000
2022-02-25,3479.000,3622.000,3446.000,3457.000,20070,12195,3477.000
2022-02-28,3461.000,3488.000,3450.000,3485.000,11922,12779,3472.000
2022-03-01,3487.000,3499.000,3480.000,3494.000,16012,14278,3489.000
2022-03-02,3495.000,3510.000,3483.000,3498.000,17994,15049,3498.000
2022-03-03,3502.000,3525.000,3486.000,3523.000,16778,14145,3507.000
2022-03-04,3528.000,3528.000,3496.000,3507.000,15691,13624,3510.000
2022-03-07,3511.000,3520.000,3491.000,3501.000,14009,15699,3506.000
2022-03-08,3500.000,3503.000,3482.000,3490.000,9813,15606,3490.000
2022-03-09,3492.000,3497.000,3484.000,3490.000,7667,15569,3489.000
2022-03-10,3485.000,3485.000,3460.000,3465.000,10309,15255,3470.000
2022-03-11,3466.000,3476.000,3466.000,3469.000,8241,14884,3471.000
2022-03-14,3465.000,3467.000,3448.000,3452.000,9450,14754,3457.000
2022-03-15,3454.000,3456.000,3430.000,3437.000,10120,14551,3440.000
2022-03-16,3428.000,3442.000,3409.000,3419.000,9515,15238,3430.000
2022-03-17,3423.000,3423.000,3391.000,3393.000,11668,16165,3400.000
2022-03-18,3401.000,3407.000,3396.000,3399.000,8631,15413,3401.000
2022-03-21,3401.000,3407.000,3393.000,3404.000,8435,15747,3399.000
2022-03-22,3400.000,3418.000,3400.000,3408.000,10342,16465,3409.000
2022-03-23,3412.000,3412.000,3404.000,3407.000,6576,16115,3407.000
2022-03-24,3409.000,3414.000,3403.000,3408.000,8630,16012,3409.000
2022-03-25,3405.000,3417.000,3400.000,3403.000,6628,15380,3407.000
2022-03-28,3407.000,3407.000,3396.000,3398.000,5524,15094,3400.000
2022-03-29,3398.000,3400.000,3387.000,3393.000,5398,14380,3393.000
2022-03-30,3390.000,3394.000,3382.000,3386.000,5416,14108,3386.000
2022-03-31,3388.000,3405.000,3388.000,3393.000,8079,13643,3396.000
2022-04-01,3386.000,3393.000,3353.000,3363.000,12943,11389,3377.000
2022-04-06,3370.000,3371.000,3345.000,3364.000,3429,11203,3362.000
2022-04-07,3363.000,3370.000,3356.000,3368.000,4639,10555,3364.000
2022-04-08,3369.000,3371.000,3357.000,3359.000,4118,10324,3363.000
2022-04-11,3355.000,3362.000,3329.000,3332.000,5819,10388,3345.000
2022-04-12,3331.000,3337.000,3321.000,3331.000,4217,9928,3327.000
2022-04-13,3330.000,3345.000,3329.000,3344.000,3865,9381,3335.000
2022-04-14,3346.000,3350.000,3337.000,3348.000,3118,8935,3342.000
2022-04-15,3348.000,3350.000,3332.000,3336.000,2789,8669,3339.000
2022-04-18,3339.000,3460.000,3339.000,3377.000,6717,6916,3368.000
2022-04-19,3415.000,3435.000,3415.000,3423.000,5335,9027,3426.000
2022-04-20,3416.000,3431.000,3414.000,3422.000,6021,9317,3422.000
2022-04-21,3422.000,3430.000,3418.000,3423.000,7098,9705,3424.000
2022-04-22,3428.000,3430.000,3419.000,3430.000,4158,9282,3423.000
2022-04-25,3434.000,3474.000,3426.000,3447.000,16168,10122,3447.000
2022-04-26,3442.000,3467.000,3430.000,3438.000,12834,9805,3449.000
2022-04-27,3435.000,3447.000,3433.000,3441.000,5651,9219,3440.000
2022-04-28,3442.000,3445.000,3417.000,3423.000,10426,8326,3429.000
2022-04-29,3420.000,3427.000,3407.000,3423.000,9813,8350,3416.000
2022-05-05,3438.000,3438.000,3419.000,3423.000,4735,7535,3427.000
2022-05-06,3431.000,3432.000,3418.000,3423.000,5273,7526,3425.000
2022-05-09,3425.000,3442.000,3422.000,3438.000,4201,7411,3433.000
2022-05-10,3436.000,3465.000,3435.000,3455.000,6170,7150,3448.000
2022-05-11,3469.000,3469.000,3439.000,3444.000,3935,6115,3452.000
2022-05-12,3465.000,3467.000,3442.000,3449.000,5451,11569,3454.000
2022-05-13,3449.000,3452.000,3445.000,3449.000,3814,11949,3449.000
2022-05-16,3449.000,3477.000,3445.000,3462.000,11763,14457,3462.000
2022-05-17,3462.000,3468.000,3449.000,3450.000,7479,15420,3458.000
2022-05-18,3450.000,3463.000,3448.000,3451.000,7640,15384,3454.000
2022-05-19,3453.000,3457.000,3438.000,3440.000,6139,14944,3445.000
2022-05-20,3441.000,3442.000,3424.000,3426.000,9744,15214,3432.000
2022-05-23,3425.000,3430.000,3332.000,3397.000,11690,15177,3410.000
2022-05-24,3388.000,3398.000,3380.000,3384.000,7019,15437,3389.000
2022-05-25,3389.000,3398.000,3385.000,3388.000,5522,14676,3392.000
2022-05-26,3386.000,3390.000,3371.000,3388.000,7000,13801,3380.000
2022-05-27,3384.000,3394.000,3366.000,3370.000,7133,12956,3376.000
2022-05-30,3372.000,3408.000,3368.000,3399.000,10576,13374,3392.000
2022-05-31,3400.000,3404.000,3376.000,3379.000,6742,12848,3386.000
2022-06-01,3378.000,3380.000,3361.000,3373.000,6786,10516,3373.000
2022-06-02,3375.000,3378.000,3362.000,3364.000,3565,10536,3368.000
2022-06-06,3367.000,3371.000,3353.000,3357.000,3321,10653,3358.000
2022-06-07,3358.000,3363.000,3351.000,3356.000,3316,10509,3356.000
2022-06-08,3356.000,3357.000,3344.000,3351.000,3190,10075,3349.000
2022-06-09,3353.000,3389.000,3350.000,3355.000,4530,9417,3357.000
2022-06-10,3362.000,3383.000,3362.000,3371.000,3946,12763,3371.000
2022-06-13,3373.000,3375.000,3362.000,3366.000,4826,13203,3367.000
2022-06-14,3369.000,3380.000,3362.000,3368.000,5758,13621,3372.000
2022-06-15,3372.000,3376.000,3365.000,3369.000,4287,13600,3369.000
2022-06-16,3380.000,3380.000,3368.000,3370.000,4503,13748,3374.000
2022-06-17,3369.000,3372.000,3351.000,3352.000,6584,14321,3358.000
2022-06-20,3352.000,3354.000,3334.000,3341.000,6260,14244,3344.000
2022-06-21,3341.000,3348.000,3327.000,3329.000,4664,14326,3338.000
2022-06-22,3324.000,3332.000,3304.000,3311.000,8140,14314,3318.000
2022-06-23,3314.000,3323.000,3309.000,3321.000,7624,13662,3317.000
2022-06-24,3323.000,3327.000,3313.000,3322.000,6052,12838,3319.000
2022-06-27,3321.000,3331.000,3318.000,3330.000,6211,12186,3324.000
2022-06-28,3330.000,3338.000,3321.000,3338.000,5124,12031,3329.000
2022-06-29,3337.000,3342.000,3324.000,3334.000,6213,11722,3332.000
2022-06-30,3340.000,3342.000,3328.000,3333.000,5194,11131,3333.000
2022-07-01,3334.000,3337.000,3313.000,3321.000,8932,9416,3323.000
2022-07-04,3323.000,3326.000,3317.000,3321.000,2463,9261,3321.000
2022-07-05,3336.000,3368.000,3336.000,3367.000,4735,10170,3352.000
2022-07-06,3363.000,3373.000,3348.000,3358.000,8184,10921,3363.000
2022-07-07,3358.000,3369.000,3286.000,3351.000,7409,10802,3352.000
2022-07-08,3350.000,3358.000,3342.000,3346.000,3394,10603,3347.000
2022-07-11,3347.000,3356.000,3344.000,3349.000,2499,10436,3348.000
2022-07-12,3349.000,3359.000,3347.000,3352.000,2306,10234,3352.000
2022-07-13,3351.000,3357.000,3345.000,3348.000,2581,10012,3349.000
2022-07-14,3348.000,3354.000,3344.000,3348.000,2934,9916,3348.000
2022-07-15,3348.000,3354.000,3331.000,3332.000,3653,10095,3343.000
2022-07-18,3332.000,3338.000,3325.000,3332.000,3950,10512,3331.000
2022-07-19,3331.000,3336.000,3326.000,3328.000,3754,10740,3329.000
2022-07-20,3329.000,3358.000,3323.000,3355.000,5921,10080,3340.000
2022-07-21,3359.000,3366.000,3338.000,3352.000,3245,9936,3349.000
2022-07-22,3355.000,3370.000,3346.000,3359.000,3357,9911,3352.000
2022-07-25,3359.000,3361.000,3348.000,3349.000,4677,9127,3353.000
2022-07-26,3350.000,3353.000,3341.000,3345.000,3648,9780,3347.000
2022-07-27,3347.000,3352.000,3343.000,3349.000,3614,9637,3348.000
2022-07-28,3348.000,3349.000,3339.000,3342.000,3335,9851,3345.000
2022-07-29,3343.000,3359.000,3336.000,3353.000,5179,9882,3347.000
2022-08-01,3351.000,3354.000,3343.000,3346.000,4056,9702,3347.000
2022-08-02,3346.000,3375.000,3344.000,3363.000,6301,9772,3355.000
2022-08-03,3372.000,3372.000,3347.000,3353.000,4647,9477,3357.000
2022-08-04,3349.000,3355.000,3345.000,3348.000,4079,9551,3349.000
2022-08-05,3349.000,3355.000,3347.000,3349.000,3259,9259,3350.000
2022-08-08,3348.000,3355.000,3343.000,3350.000,2819,9106,3349.000
2022-08-09,3350.000,3356.000,3345.000,3351.000,3402,8903,3351.000
2022-08-10,3349.000,3355.000,3346.000,3348.000,1885,8858,3350.000
2022-08-11,3350.000,3375.000,3346.000,3351.000,3593,8411,3354.000
2022-08-12,3352.000,3355.000,3349.000,3353.000,1968,8309,3351.000
2022-08-15,3352.000,3363.000,3352.000,3359.000,1238,8064,3356.000
2022-08-16,3371.000,3430.000,3367.000,3408.000,7596,11174,3397.000
2022-08-17,3410.000,3419.000,3396.000,3414.000,6943,11041,3408.000
2022-08-18,3418.000,3449.000,3407.000,3441.000,8318,10910,3427.000
2022-08-19,3442.000,3459.000,3428.000,3451.000,6553,11839,3444.000
2022-08-22,3451.000,3474.000,3423.000,3443.000,9805,12340,3444.000
2022-08-23,3440.000,3440.000,3406.000,3410.000,6225,12651,3417.000
2022-08-24,3412.000,3424.000,3403.000,3405.000,5493,12629,3413.000
2022-08-25,3410.000,3410.000,3378.000,3385.000,6505,11422,3393.000
2022-08-26,3382.000,3386.000,3363.000,3373.000,5635,10734,3371.000
2022-08-29,3375.000,3390.000,3371.000,3371.000,5954,10546,3379.000
2022-08-30,3373.000,3379.000,3355.000,3359.000,4314,9834,3366.000
2022-08-31,3359.000,3365.000,3351.000,3358.000,4150,9429,3359.000
2022-09-01,3358.000,3360.000,3331.000,3338.000,6937,8166,3344.000
2022-09-02,3333.000,3370.000,3331.000,3368.000,7494,8358,3360.000
2022-09-05,3368.000,3383.000,3362.000,3374.000,4775,7789,3372.000
2022-09-06,3374.000,3385.000,3370.000,3382.000,3035,7558,3379.000
2022-09-07,3381.000,3383.000,3375.000,3380.000,3575,6957,3378.000
2022-09-08,3374.000,3404.000,3373.000,3400.000,3776,6384,3389.000
2022-09-09,3401.000,3412.000,3398.000,3402.000,3970,6146,3404.000
2022-09-13,3407.000,3421.000,3403.000,3409.000,2165,6209,3411.000
2022-09-14,3409.000,3417.000,3403.000,3409.000,1988,5908,3409.000
2022-09-15,3408.000,3415.000,3401.000,3412.000,2193,5660,3408.000
2022-09-16,3423.000,3430.000,3414.000,3420.000,2847,9508,3421.000
2022-09-19,3420.000,3425.000,3411.000,3425.000,3305,9891,3418.000
2022-09-20,3424.000,3427.000,3413.000,3418.000,2561,10129,3418.000
2022-09-21,3418.000,3422.000,3411.000,3418.000,2224,10290,3417.000
2022-09-22,3418.000,3420.000,3412.000,3416.000,2184,10542,3416.000
2022-09-23,3415.000,3422.000,3406.000,3417.000,2752,10599,3415.000
2022-09-26,3415.000,3421.000,3410.000,3412.000,2383,10193,3414.000
2022-09-27,3414.000,3421.000,3412.000,3419.000,1945,9930,3415.000
2022-09-28,3420.000,3425.000,3401.000,3404.000,3123,9771,3410.000
2022-09-29,3403.000,3408.000,3391.000,3399.000,2376,9942,3398.000
2022-09-30,3399.000,3401.000,3388.000,3398.000,1924,9704,3394.000
2022-10-10,3429.000,3429.000,3370.000,3370.000,521,39,3390.000
2022-10-11,3374.000,3383.000,3370.000,3379.000,2471,8300,3376.000
2022-10-12,3379.000,3390.000,3372.000,3372.000,2757,7446,3378.000
2022-10-13,3380.000,3450.000,3368.000,3372.000,3229,6364,3383.000
2022-10-14,3363.000,3382.000,3361.000,3369.000,2765,11225,3373.000
2022-10-17,3373.000,3392.000,3364.000,3373.000,3085,11808,3379.000
2022-10-18,3374.000,3396.000,3373.000,3380.000,2767,12018,3386.000
2022-10-19,3383.000,3391.000,3379.000,3387.000,1024,12096,3383.000
2022-10-20,3407.000,3420.000,3402.000,3415.000,2143,7406,3409.000
2022-10-21,3401.000,3420.000,3396.000,3416.000,3282,12513,3411.000
2022-10-24,3418.000,3422.000,3405.000,3420.000,2686,12344,3415.000
2022-10-25,3397.000,3398.000,3385.000,3390.000,576,1868,3389.000
2022-10-26,3411.000,3413.000,3392.000,3393.000,2298,11916,3403.000
2022-10-27,3390.000,3395.000,3381.000,3382.000,2498,9819,3386.000
2022-10-28,3381.000,3392.000,3372.000,3375.000,3086,10476,3380.000
2022-10-31,3380.000,3387.000,3375.000,3382.000,3207,9542,3382.000
2022-11-01,3372.000,3389.000,3371.000,3379.000,3673,12850,3379.000
2022-11-02,3381.000,3389.000,3375.000,3377.000,3133,13864,3379.000
2022-11-03,3378.000,3401.000,3375.000,3390.000,4437,14625,3386.000
2022-11-04,3388.000,3403.000,3386.000,3398.000,4517,15252,3396.000
2022-11-07,3398.000,3415.000,3396.000,3412.000,5530,15009,3407.000
2022-11-08,3411.000,3416.000,3385.000,3396.000,3589,15107,3402.000
2022-11-09,3396.000,3402.000,3391.000,3399.000,2346,15353,3397.000
2022-11-10,3400.000,3405.000,3390.000,3400.000,2306,15656,3396.000
2022-11-11,3401.000,3405.000,3394.000,3402.000,2564,15629,3399.000
2022-11-14,3403.000,3408.000,3395.000,3396.000,2754,15550,3399.000
2022-11-15,3397.000,3398.000,3391.000,3396.000,1570,15485,3395.000
2022-11-16,3344.000,3353.000,3341.000,3348.000,694,1106,3346.000
2022-11-17,3409.000,3415.000,3398.000,3409.000,4722,14044,3406.000
2022-11-18,3406.000,3414.000,3400.000,3401.000,3817,13115,3406.000
2022-11-21,3399.000,3407.000,3387.000,3389.000,4259,13392,3397.000
2022-11-22,3388.000,3394.000,3385.000,3393.000,1864,13304,3389.000
2022-11-23,3394.000,3404.000,3390.000,3394.000,3040,12732,3396.000
2022-11-24,3396.000,3397.000,3386.000,3396.000,1763,12670,3392.000
2022-11-25,3396.000,3409.000,3394.000,3407.000,2563,12251,3402.000
2022-11-28,3407.000,3417.000,3403.000,3410.000,3036,11657,3410.000
2022-11-29,3410.000,3424.000,3406.000,3414.000,4675,10579,3414.000
2022-11-30,3413.000,3423.000,3402.000,3421.000,4920,9749,3414.000
2022-12-01,3424.000,3425.000,3399.000,3406.000,3752,8929,3412.000
2022-12-02,3408.000,3409.000,3396.000,3396.000,2888,8216,3400.000
2022-12-05,3395.000,3397.000,3383.000,3386.000,2746,7088,3389.000
2022-12-06,3386.000,3393.000,3386.000,3389.000,1352,6869,3390.000
2022-12-07,3397.000,3403.000,3394.000,3397.000,3528,8127,3398.000
2022-12-08,3396.000,3398.000,3380.000,3385.000,1816,8232,3387.000
2022-12-09,3384.000,3386.000,3380.000,3384.000,1904,8552,3383.000
2022-12-12,3384.000,3385.000,3358.000,3359.000,2882,9085,3372.000
2022-12-13,3358.000,3366.000,3357.000,3362.000,3319,10072,3362.000
2022-12-14,3360.000,3372.000,3355.000,3363.000,3435,11242,3364.000
2022-12-15,3362.000,3370.000,3359.000,3364.000,2554,12129,3365.000
2022-12-16,3363.000,3370.000,3360.000,3367.000,2114,12653,3364.000
2022-12-19,3365.000,3366.000,3360.000,3361.000,1239,12718,3362.000
2022-12-20,3363.000,3363.000,3356.000,3358.000,1327,12786,3360.000
2022-12-21,3358.000,3363.000,3350.000,3361.000,1728,12799,3356.000
2022-12-22,3362.000,3366.000,3354.000,3362.000,1451,12845,3360.000
2022-12-23,3362.000,3365.000,3358.000,3360.000,1286,12611,3361.000
2022-12-26,3362.000,3369.000,3356.000,3369.000,2423,12116,3363.000
2022-12-27,3366.000,3372.000,3364.000,3371.000,3288,10925,3368.000
2022-12-28,3369.000,3385.000,3360.000,3379.000,3689,9923,3373.000
2022-12-29,3380.000,3381.000,3373.000,3380.000,3683,8681,3378.000
2022-12-30,3379.000,3381.000,3363.000,3367.000,3201,8130,3369.000
2023-01-03,3367.000,3420.000,3366.000,3375.000,2147,7768,3377.000
2023-01-04,3375.000,3379.000,3360.000,3361.000,2366,6828,3367.000
2023-01-05,3361.000,3363.000,3355.000,3358.000,1905,5648,3358.000
2023-01-06,3359.000,3369.000,3356.000,3366.000,1421,9541,3364.000
2023-01-09,3356.000,3363.000,3332.000,3334.000,2845,3693,3346.000
2023-01-10,3334.000,3334.000,3280.000,3297.000,3614,3197,3304.000
2023-01-11,3300.000,3300.000,3287.000,3290.000,752,3033,3292.000
2023-01-12,3339.000,3342.000,3335.000,3336.000,1926,12146,3338.000
2023-01-13,3293.000,3298.000,3288.000,3291.000,1540,2385,3292.000
2023-01-16,3345.000,3355.000,3344.000,3353.000,2577,12323,3349.000
2023-01-17,3354.000,3356.000,3347.000,3356.000,2392,11882,3351.000
2023-01-18,3352.000,3361.000,3351.000,3358.000,2213,11605,3356.000
2023-01-19,3363.000,3367.000,3356.000,3361.000,2730,10575,3362.000
2023-01-20,3361.000,3369.000,3353.000,3366.000,2185,9995,3363.000
2023-01-30,3366.000,3369.000,3350.000,3351.000,2181,9793,3357.000
2023-01-31,3348.000,3348.000,3336.000,3345.000,1804,9859,3343.000
2023-02-01,3346.000,3349.000,3341.000,3345.000,1957,9492,3345.000
2023-02-02,3337.000,3356.000,3336.000,3354.000,4390,10464,3348.000
2023-02-03,3385.000,3396.000,3360.000,3383.000,7022,7200,3379.000
2023-02-06,3376.000,3396.000,3371.000,3387.000,3514,7038,3384.000
2023-02-07,3356.000,3364.000,3351.000,3360.000,2910,14319,3356.000
2023-02-08,3358.000,3364.000,3355.000,3360.000,3728,14941,3359.000
2023-02-09,3360.000,3367.000,3350.000,3364.000,3867,15055,3358.000
2023-02-10,3365.000,3393.000,3362.000,3391.000,5680,15194,3381.000
2023-02-13,3391.000,3398.000,3377.000,3385.000,4096,15089,3387.000
2023-02-14,3386.000,3389.000,3371.000,3379.000,3202,15300,3377.000
2023-02-15,3379.000,3387.000,3371.000,3371.000,2681,15784,3377.000
2023-02-16,3415.000,3420.000,3410.000,3415.000,1919,5912,3414.000
2023-02-17,3409.000,3435.000,3409.000,3429.000,1555,2827,3414.000
2023-02-20,3371.000,3372.000,3356.000,3361.000,3771,15386,3364.000
2023-02-21,3360.000,3369.000,3356.000,3359.000,2506,15619,3361.000
2023-02-22,3358.000,3363.000,3353.000,3362.000,2081,15466,3357.000
2023-02-23,3360.000,3370.000,3354.000,3358.000,5583,15663,3362.000
2023-02-24,3357.000,3359.000,3350.000,3351.000,3548,15034,3353.000
2023-02-27,3351.000,3361.000,3351.000,3358.000,3724,14357,3356.000
2023-02-28,3360.000,3362.000,3350.000,3352.000,3976,14241,3356.000
2023-03-01,3352.000,3352.000,3342.000,3346.000,2618,13530,3346.000
2023-03-02,3363.000,3367.000,3359.000,3365.000,1434,4564,3362.000
2023-03-03,3374.000,3379.000,3366.000,3368.000,2062,8829,3372.000
2023-03-06,3335.000,3345.000,3335.000,3345.000,2389,11982,3339.000
2023-03-07,3345.000,3367.000,3341.000,3352.000,4083,10808,3353.000
2023-03-08,3352.000,3355.000,3345.000,3347.000,1450,10635,3350.000
2023-03-09,3381.000,3396.000,3381.000,3386.000,2133,9465,3390.000
2023-03-10,3351.000,3351.000,3340.000,3341.000,2081,10040,3344.000
2023-03-13,3376.000,3380.000,3370.000,3380.000,1841,9758,3374.000
2023-03-14,3347.000,3347.000,3339.000,3344.000,2540,8050,3342.000
2023-03-15,3372.000,3379.000,3361.000,3364.000,3328,9997,3370.000
2023-03-16,3371.000,3382.000,3363.000,3380.000,1295,8282,3378.000
2023-03-17,3359.000,3381.000,3351.000,3370.000,4469,10397,3372.000
2023-03-20,3335.000,3352.000,3335.000,3339.000,641,1640,3341.000
2023-03-21,3368.000,3385.000,3367.000,3382.000,4023,14654,3374.000
2023-03-22,3378.000,3387.000,3372.000,3379.000,5623,14235,3378.000
2023-03-23,3372.000,3382.000,3351.000,3376.000,6515,14374,3368.000
2023-03-24,3371.000,3379.000,3358.000,3372.000,6937,14139,3367.000
2023-03-27,3372.000,3386.000,3367.000,3381.000,6517,14200,3377.000
2023-03-28,3383.000,3399.000,3372.000,3376.000,5273,13963,3378.000
2023-03-29,3376.000,3384.000,3372.000,3373.000,4593,13401,3377.000
2023-03-30,3375.000,3380.000,3366.000,3377.000,5843,12733,3374.000
2023-03-31,3376.000,3381.000,3367.000,3375.000,2760,12152,3374.000
2023-04-03,3376.000,3383.000,3363.000,3365.000,1597,12048,3369.000
2023-04-04,3391.000,3400.000,3387.000,3398.000,2101,13449,3393.000
2023-04-06,3397.000,3401.000,3391.000,3400.000,2274,13610,3394.000
2023-04-07,3401.000,3406.000,3388.000,3397.000,3296,13705,3396.000
2023-04-10,3398.000,3399.000,3391.000,3396.000,2542,13756,3395.000
2023-04-11,3399.000,3399.000,3390.000,3393.000,2117,13422,3392.000
2023-04-12,3364.000,3373.000,3356.000,3365.000,3488,6681,3363.000
2023-04-13,3391.000,3444.000,3385.000,3439.000,12365,17740,3419.000
2023-04-14,3439.000,3454.000,3430.000,3449.000,9712,17740,3441.000
2023-04-17,3444.000,3453.000,3425.000,3447.000,8793,17486,3441.000
2023-04-18,3442.000,3453.000,3433.000,3449.000,5404,17662,3444.000
2023-04-19,3444.000,3452.000,3425.000,3428.000,11406,18175,3441.000
2023-04-20,3428.000,3438.000,3413.000,3433.000,8056,17972,3423.000
2023-04-21,3429.000,3435.000,3418.000,3423.000,7451,17138,3426.000
2023-04-24,3431.000,3445.000,3418.000,3431.000,11212,20732,3428.000
2023-04-25,3433.000,3436.000,3422.000,3432.000,7493,22640,3428.000
2023-04-26,3434.000,3446.000,3424.000,3441.000,10861,24115,3432.000
2023-04-27,3437.000,3450.000,3429.000,3433.000,5919,24237,3438.000
2023-04-28,3432.000,3440.000,3412.000,3419.000,4318,24316,3427.000
2023-05-04,3421.000,3429.000,3417.000,3418.000,3546,24419,3424.000
2023-05-05,3422.000,3422.000,3396.000,3400.000,7659,24814,3405.000
2023-05-08,3400.000,3406.000,3396.000,3398.000,6035,23859,3399.000
2023-05-09,3400.000,3401.000,3383.000,3386.000,9626,23028,3392.000
2023-05-10,3386.000,3391.000,3371.000,3373.000,8016,22383,3380.000
2023-05-11,3376.000,3382.000,3365.000,3365.000,7593,21998,3371.000
2023-05-12,3367.000,3378.000,3361.000,3370.000,9323,21529,3370.000
2023-05-15,3370.000,3382.000,3365.000,3372.000,11669,21685,3371.000
2023-05-16,3376.000,3389.000,3373.000,3381.000,10783,23242,3380.000
2023-05-17,3377.000,3396.000,3376.000,3386.000,10812,22085,3384.000
2023-05-18,3390.000,3418.000,3385.000,3406.000,12553,22697,3402.000
2023-05-19,3403.000,3414.000,3403.000,3409.000,7580,23271,3408.000
2023-05-22,3407.000,3425.000,3406.000,3421.000,9798,24416,3417.000
2023-05-23,3422.000,3459.000,3417.000,3459.000,16598,25022,3437.000
2023-05-24,3457.000,3483.000,3451.000,3480.000,20739,23061,3460.000
2023-05-25,3481.000,3490.000,3467.000,3470.000,25121,22933,3479.000
2023-05-26,3470.000,3472.000,3446.000,3457.000,19012,21059,3458.000
2023-05-29,3457.000,3503.000,3456.000,3496.000,19965,20343,3484.000
2023-05-30,3489.000,3509.000,3481.000,3498.000,22040,19033,3494.000
2023-05-31,3492.000,3510.000,3468.000,3468.000,28978,16849,3491.000
2023-06-01,3471.000,3473.000,3447.000,3455.000,13463,13486,3460.000
2023-06-02,3457.000,3467.000,3423.000,3438.000,9800,10917,3444.000
2023-06-05,3441.000,3453.000,3435.000,3447.000,5831,10515,3445.000
2023-06-06,3446.000,3446.000,3434.000,3442.000,6728,9535,3440.000
2023-06-07,3468.000,3472.000,3454.000,3460.000,5425,26288,3462.000
2023-06-08,3464.000,3469.000,3456.000,3464.000,4213,27090,3462.000
2023-06-09,3463.000,3467.000,3460.000,3463.000,4616,28352,3463.000
2023-06-12,3463.000,3476.000,3456.000,3468.000,5614,29508,3466.000
2023-06-13,3462.000,3471.000,3456.000,3462.000,4760,28988,3461.000
2023-06-14,3461.000,3478.000,3459.000,3478.000,6726,27698,3468.000
2023-06-15,3515.000,3525.000,3513.000,3525.000,8414,22050,3518.000
2023-06-16,3523.000,3525.000,3512.000,3518.000,5003,22624,3517.000
2023-06-19,3470.000,3502.000,3470.000,3497.000,578,2918,3489.000
2023-06-20,3481.000,3489.000,3446.000,3452.000,11782,27456,3462.000
2023-06-21,3453.000,3468.000,3448.000,3455.000,9472,27139,3456.000
2023-06-26,3457.000,3470.000,3449.000,3456.000,5973,26513,3458.000
2023-06-27,3456.000,3465.000,3450.000,3461.000,8769,26563,3455.000
2023-06-28,3548.000,3555.000,3531.000,3548.000,14862,33266,3545.000
2023-06-29,3554.000,3560.000,3533.000,3536.000,25087,35769,3546.000
2023-06-30,3539.000,3540.000,3514.000,3517.000,26488,34409,3525.000
2023-07-03,3524.000,3533.000,3506.000,3512.000,12957,28477,3519.000
2023-07-04,3511.000,3525.000,3506.000,3515.000,6665,26711,3513.000
2023-07-05,3519.000,3521.000,3507.000,3512.000,4855,25590,3512.000
2023-07-06,3513.000,3525.000,3506.000,3521.000,5661,24010,3512.000
2023-07-07,3525.000,3528.000,3513.000,3518.000,6792,21885,3519.000
2023-07-10,3524.000,3525.000,3510.000,3519.000,5409,21210,3514.000
2023-07-11,3520.000,3529.000,3513.000,3524.000,3959,21433,3521.000
2023-07-12,3522.000,3529.000,3512.000,3515.000,3990,21270,3517.000
2023-07-13,3514.000,3550.000,3513.000,3546.000,9221,20902,3533.000
2023-07-14,3552.000,3577.000,3542.000,3545.000,12698,22417,3556.000
2023-07-17,3551.000,3551.000,3513.000,3519.000,12676,19309,3524.000
2023-07-18,3519.000,3528.000,3515.000,3519.000,4547,18907,3519.000
2023-07-19,3516.000,3523.000,3481.000,3498.000,7407,17651,3505.000
2023-07-20,3504.000,3505.000,3489.000,3493.000,6677,16342,3495.000
2023-07-21,3568.000,3576.000,3551.000,3566.000,7226,15732,3569.000
2023-07-24,3493.000,3502.000,3487.000,3492.000,4982,15484,3494.000
2023-07-25,3566.000,3572.000,3533.000,3535.000,7990,18491,3550.000
2023-07-26,3533.000,3554.000,3529.000,3544.000,7893,20575,3542.000
2023-07-27,3550.000,3565.000,3540.000,3544.000,6092,21821,3552.000
2023-07-28,3521.000,3544.000,3521.000,3537.000,4649,13729,3534.000
2023-07-31,3534.000,3567.000,3523.000,3545.000,7770,14432,3541.000
2023-08-01,3574.000,3574.000,3541.000,3553.000,6433,23236,3553.000
2023-08-02,3546.000,3558.000,3542.000,3558.000,3412,22909,3550.000
2023-08-03,3485.000,3486.000,3467.000,3472.000,2972,9475,3478.000
2023-08-04,3471.000,3479.000,3470.000,3473.000,2592,8974,3474.000
2023-08-07,3475.000,3535.000,3472.000,3473.000,5366,8200,3489.000
2023-08-08,3559.000,3564.000,3524.000,3528.000,14581,23561,3537.000
2023-08-09,3530.000,3535.000,3513.000,3519.000,9139,23464,3521.000
2023-08-10,3518.000,3530.000,3496.000,3500.000,8696,23529,3511.000
2023-08-11,3491.000,3508.000,3491.000,3504.000,5139,23681,3499.000
2023-08-14,3515.000,3515.000,3488.000,3505.000,8154,23358,3499.000
2023-08-15,3500.000,3523.000,3489.000,3523.000,8625,21034,3510.000
2023-08-16,3523.000,3563.000,3518.000,3548.000,14747,21791,3543.000
2023-08-17,3551.000,3562.000,3541.000,3554.000,12551,20847,3554.000
2023-08-18,3557.000,3595.000,3553.000,3583.000,10916,20490,3577.000
2023-08-21,3585.000,3617.000,3577.000,3597.000,11888,19618,3594.000
2023-08-22,3600.000,3614.000,3571.000,3607.000,7919,19165,3593.000
2023-08-23,3602.000,3613.000,3590.000,3599.000,7628,18401,3599.000
2023-08-24,3599.000,3620.000,3598.000,3610.000,6787,17988,3610.000
2023-08-25,3606.000,3630.000,3602.000,3626.000,6401,18228,3617.000
2023-08-28,3638.000,3638.000,3612.000,3625.000,7638,17070,3622.000
2023-08-29,3618.000,3645.000,3618.000,3637.000,7379,16931,3628.000
2023-08-30,3662.000,3679.000,3632.000,3670.000,10487,14274,3659.000
2023-08-31,3670.000,3679.000,3660.000,3665.000,8106,15563,3670.000
2023-09-01,3666.000,3673.000,3654.000,3657.000,5671,16514,3662.000
2023-09-04,3640.000,3675.000,3638.000,3666.000,5987,9729,3660.000
2023-09-05,3675.000,3682.000,3649.000,3654.000,5696,17346,3664.000
2023-09-06,3658.000,3663.000,3618.000,3619.000,9135,16786,3633.000
2023-09-07,3622.000,3623.000,3602.000,3605.000,6570,16401,3612.000
2023-09-08,3603.000,3609.000,3578.000,3579.000,6355,15227,3591.000
2023-09-11,3583.000,3597.000,3580.000,3589.000,3571,15086,3587.000
2023-09-12,3588.000,3596.000,3579.000,3583.000,6560,15102,3588.000
2023-09-13,3581.000,3592.000,3579.000,3587.000,3744,14941,3584.000
2023-09-14,3587.000,3589.000,3571.000,3585.000,5421,14703,3579.000
2023-09-15,3582.000,3602.000,3573.000,3589.000,10792,14580,3588.000
2023-09-18,3589.000,3595.000,3576.000,3576.000,6439,14485,3582.000
2023-09-19,3575.000,3583.000,3565.000,3566.000,5993,14078,3572.000
2023-09-20,3566.000,3573.000,3559.000,3568.000,5236,13893,3567.000
2023-09-21,3568.000,3572.000,3544.000,3552.000,6625,12698,3557.000
2023-09-22,3552.000,3562.000,3546.000,3557.000,7523,13146,3554.000
2023-09-25,3562.000,3570.000,3551.000,3569.000,6835,12752,3561.000
2023-09-26,3574.000,3584.000,3540.000,3541.000,9888,11306,3562.000
2023-09-27,3550.000,3550.000,3522.000,3537.000,7283,10359,3534.000
2023-09-28,3548.000,3548.000,3525.000,3526.000,3700,9454,3533.000
2023-10-09,3526.000,3526.000,3480.000,3482.000,4025,8683,3495.000
2023-10-10,3501.000,3511.000,3488.000,3490.000,5133,18936,3498.000
2023-10-11,3467.000,3484.000,3460.000,3477.000,5593,7496,3473.000
2023-10-12,3519.000,3552.000,3519.000,3544.000,7094,21074,3539.000
2023-10-13,3548.000,3559.000,3539.000,3541.000,7800,21504,3547.000
2023-10-16,3543.000,3546.000,3539.000,3541.000,3903,21300,3541.000
2023-10-17,3471.000,3474.000,3463.000,3463.000,4945,6643,3468.000
2023-10-18,3465.000,3468.000,3456.000,3456.000,5403,6059,3461.000
2023-10-19,3456.000,3461.000,3448.000,3453.000,3325,5393,3453.000
2023-10-20,3541.000,3545.000,3536.000,3540.000,3037,23693,3539.000
2023-10-23,3455.000,3465.000,3450.000,3462.000,3344,3934,3455.000
2023-10-24,3564.000,3577.000,3560.000,3562.000,9534,23517,3567.000
2023-10-25,3563.000,3570.000,3562.000,3566.000,8704,23587,3565.000
2023-10-26,3565.000,3576.000,3548.000,3575.000,11432,22672,3565.000
2023-10-27,3574.000,3577.000,3556.000,3558.000,10209,20910,3566.000
2023-10-30,3560.000,3583.000,3539.000,3577.000,21536,16917,3558.000
2023-10-31,3575.000,3630.000,3573.000,3594.000,15113,15533,3590.000
2023-11-01,3590.000,3604.000,3585.000,3600.000,5782,15035,3596.000
2023-11-02,3609.000,3618.000,3587.000,3594.000,9534,12151,3600.000
2023-11-03,3580.000,3600.000,3575.000,3597.000,5934,11395,3589.000
2023-11-06,3591.000,3601.000,3578.000,3586.000,10988,16623,3587.000
2023-11-07,3587.000,3592.000,3547.000,3550.000,12361,17691,3571.000
2023-11-08,3551.000,3554.000,3524.000,3536.000,12267,17003,3540.000
2023-11-09,3538.000,3543.000,3524.000,3531.000,7833,17582,3533.000
2023-11-10,3531.000,3545.000,3530.000,3535.000,6778,17712,3538.000
2023-11-13,3536.000,3536.000,3508.000,3511.000,7300,19366,3521.000
2023-11-14,3512.000,3567.000,3509.000,3564.000,13731,21466,3547.000
2023-11-15,3558.000,3583.000,3558.000,3577.000,10416,23251,3574.000
2023-11-16,3574.000,3584.000,3557.000,3568.000,11204,25238,3570.000
2023-11-17,3570.000,3573.000,3545.000,3553.000,11559,27941,3558.000
2023-11-20,3550.000,3558.000,3536.000,3546.000,7910,29258,3549.000
2023-11-21,3545.000,3554.000,3490.000,3492.000,21039,30317,3510.000
2023-11-22,3485.000,3512.000,3485.000,3498.000,11905,30978,3502.000
2023-11-23,3494.000,3524.000,3494.000,3517.000,10363,31810,3515.000
2023-11-24,3515.000,3559.000,3515.000,3553.000,12368,33419,3541.000
2023-11-27,3553.000,3559.000,3521.000,3536.000,16673,35507,3542.000
2023-11-28,3540.000,3540.000,3512.000,3515.000,10089,37937,3521.000
2023-11-29,3515.000,3525.000,3497.000,3505.000,10202,37611,3509.000
2023-11-30,3504.000,3508.000,3488.000,3501.000,8766,36735,3498.000
2023-12-01,3500.000,3507.000,3487.000,3487.000,6189,36096,3496.000
2023-12-04,3490.000,3503.000,3481.000,3503.000,6312,35506,3491.000
2023-12-05,3501.000,3508.000,3489.000,3492.000,7205,35724,3499.000
2023-12-06,3497.000,3516.000,3471.000,3513.000,10436,34990,3491.000
2023-12-07,3518.000,3519.000,3495.000,3501.000,7392,34435,3507.000
2023-12-08,3516.000,3540.000,3516.000,3536.000,6812,20897,3533.000
2023-12-11,3540.000,3549.000,3525.000,3530.000,9702,24541,3536.000
2023-12-12,3528.000,3540.000,3528.000,3536.000,6625,27688,3535.000
2023-12-13,3536.000,3547.000,3536.000,3541.000,5103,29758,3541.000
2023-12-14,3541.000,3545.000,3538.000,3543.000,5747,32879,3541.000
2023-12-15,3545.000,3553.000,3531.000,3534.000,8636,38161,3537.000
2023-12-18,3537.000,3541.000,3532.000,3540.000,6108,41019,3537.000
2023-12-19,3506.000,3508.000,3490.000,3496.000,15736,5519,3505.000
2023-12-20,3503.000,3503.000,3494.000,3500.000,3123,2705,3501.000
2023-12-21,3532.000,3540.000,3532.000,3534.000,3049,46569,3535.000
2023-12-22,3533.000,3536.000,3521.000,3525.000,5484,47616,3528.000
2023-12-25,3526.000,3526.000,3518.000,3523.000,4569,48621,3522.000
2023-12-26,3520.000,3531.000,3520.000,3530.000,4431,49382,3525.000
2023-12-27,3526.000,3545.000,3526.000,3540.000,7472,49794,3536.000
2023-12-28,3536.000,3555.000,3535.000,3538.000,12126,49372,3545.000
2023-12-29,3536.000,3540.000,3515.000,3518.000,7331,49845,3525.000
2024-01-02,3518.000,3532.000,3492.000,3530.000,14209,38312,3518.000
2024-01-03,3528.000,3541.000,3515.000,3516.000,23909,16375,3525.000
2024-01-04,3515.000,3525.000,3513.000,3515.000,6697,10907,3515.000
2024-01-05,3513.000,3524.000,3511.000,3519.000,5195,7292,3514.000
2024-01-08,3541.000,3541.000,3520.000,3535.000,3206,6345,3528.000
2024-01-09,3535.000,3550.000,3530.000,3548.000,3724,6141,3542.000
2024-01-10,3548.000,3571.000,3538.000,3550.000,2786,5742,3550.000
2024-01-11,3553.000,3555.000,3535.000,3551.000,3253,5217,3545.000
2024-01-12,3553.000,3560.000,3545.000,3546.000,2244,4401,3552.000
2024-01-15,3548.000,3559.000,3541.000,3549.000,2159,3619,3551.000
2024-01-16,3554.000,3554.000,3536.000,3545.000,1986,2742,3543.000
2024-01-17,3546.000,3546.000,3522.000,3530.000,1558,2267,3530.000
2024-01-18,3525.000,3530.000,3522.000,3527.000,482,2147,3526.000
2024-01-19,3531.000,3531.000,3523.000,3528.000,319,2120,3527.000
2024-01-22,3492.000,3519.000,3492.000,3513.000,427,3520,3510.000
2024-01-23,3520.000,3525.000,3508.000,3521.000,619,3522,3515.000
2024-01-24,3527.000,3531.000,3511.000,3511.000,1697,3591,3520.000
2024-01-25,3505.000,3525.000,3505.000,3524.000,1026,3466,3519.000
2024-01-26,3521.000,3529.000,3514.000,3525.000,946,3491,3520.000
2024-01-29,3526.000,3529.000,3516.000,3521.000,1140,3469,3521.000
2024-01-30,3526.000,3526.000,3496.000,3502.000,1246,3429,3510.000
2024-01-31,3498.000,3510.000,3491.000,3491.000,2237,3004,3502.000
2024-02-01,3491.000,3498.000,3458.000,3459.000,1906,2476,3476.000
2024-02-02,3465.000,3465.000,3450.000,3457.000,1768,1727,3455.000
2024-02-05,3463.000,3463.000,3452.000,3460.000,938,1365,3458.000
2024-02-06,3458.000,3482.000,3458.000,3480.000,920,1127,3469.000
2024-02-07,3473.000,3483.000,3450.000,3453.000,1004,909,3465.000
2024-02-08,3485.000,3516.000,3485.000,3515.000,311,1789,3500.000
2024-02-19,3436.000,3590.000,3432.000,3439.000,430,583,3478.000
2024-02-20,3446.000,3461.000,3442.000,3450.000,297,533,3452.000
2024-02-21,3482.000,3489.000,3476.000,3480.000,763,1236,3482.000
2024-02-22,3485.000,3485.000,3465.000,3466.000,1062,963,3473.000
2024-02-23,3469.000,3469.000,3449.000,3456.000,730,1080,3457.000
2024-02-26,3457.000,3457.000,3444.000,3445.000,649,1201,3449.000
2024-02-27,3443.000,3456.000,3441.000,3453.000,702,1229,3445.000
2024-02-28,3455.000,3459.000,3448.000,3455.000,385,1232,3453.000
2024-02-29,3453.000,3458.000,3445.000,3448.000,722,1267,3449.000
2024-03-01,3446.000,3448.000,3443.000,3447.000,745,1404,3445.000
2024-03-04,3452.000,3452.000,3437.000,3439.000,876,1443,3442.000
2024-03-05,3441.000,3446.000,3440.000,3445.000,679,1376,3444.000
2024-03-06,3442.000,3445.000,3441.000,3445.000,335,1347,3443.000
2024-03-07,3444.000,3457.000,3444.000,3451.000,852,1247,3449.000
2024-03-08,3452.000,3457.000,3450.000,3457.000,490,1197,3452.000
2024-03-11,3456.000,3460.000,3444.000,3446.000,511,1095,3450.000
2024-03-12,3449.000,3451.000,3442.000,3443.000,473,1020,3445.000
2024-03-13,3448.000,3449.000,3440.000,3444.000,390,982,3443.000
2024-03-14,3444.000,3446.000,3442.000,3445.000,216,911,3443.000
2024-03-15,3569.000,3592.000,3569.000,3584.000,382,6434,3582.000
2024-03-18,3418.000,3424.000,3418.000,3423.000,155,711,3420.000
2024-03-19,3580.000,3592.000,3580.000,3582.000,629,6704,3587.000
2024-03-20,3582.000,3600.000,3582.000,3590.000,893,6868,3591.000
2024-03-21,3599.000,3599.000,3591.000,3595.000,714,6993,3595.000
2024-03-22,3600.000,3601.000,3584.000,3588.000,757,7036,3592.000
2024-03-25,3590.000,3602.000,3588.000,3597.000,460,7179,3596.000
2024-03-26,3519.000,3519.000,3514.000,3515.000,53,1560,3515.000
2024-03-27,3593.000,3598.000,3587.000,3598.000,538,7185,3592.000
2024-03-28,3599.000,3599.000,3594.000,3599.000,298,7161,3596.000
2024-03-29,3598.000,3607.000,3597.000,3601.000,1177,7235,3601.000
2024-04-01,3598.000,3605.000,3595.000,3600.000,1000,7325,3599.000
2024-04-02,3600.000,3604.000,3596.000,3603.000,509,7345,3599.000
2024-04-03,3602.000,3614.000,3600.000,3600.000,949,7379,3607.000
2024-04-08,3605.000,3613.000,3596.000,3605.000,825,7219,3604.000
2024-04-09,3605.000,3607.000,3597.000,3599.000,406,7194,3601.000
2024-04-10,3599.000,3604.000,3591.000,3604.000,581,7165,3597.000
2024-04-11,3602.000,3629.000,3602.000,3607.000,1576,6994,3613.000
2024-04-12,3609.000,3610.000,3601.000,3609.000,430,6927,3605.000
2024-04-15,3609.000,3615.000,3605.000,3609.000,885,7102,3611.000
2024-04-16,3611.000,3614.000,3605.000,3605.000,442,7042,3609.000
2024-04-17,3606.000,3609.000,3602.000,3606.000,431,7047,3605.000
2024-04-18,3607.000,3615.000,3605.000,3610.000,719,6996,3609.000
2024-04-19,3561.000,3569.000,3556.000,3557.000,217,996,3560.000
2024-04-22,3602.000,3605.000,3589.000,3598.000,734,6854,3597.000
2024-04-23,3598.000,3604.000,3593.000,3602.000,734,6847,3600.000
2024-04-24,3563.000,3578.000,3563.000,3578.000,41,906,3569.000
2024-04-25,3602.000,3611.000,3602.000,3610.000,385,6842,3604.000
2024-04-26,3581.000,3590.000,3581.000,3585.000,130,416,3588.000
2024-04-29,3617.000,3625.000,3599.000,3609.000,1534,7228,3610.000
2024-04-30,3607.000,3613.000,3601.000,3601.000,364,7169,3605.000
2024-05-06,3535.000,3539.000,3530.000,3536.000,130,3070,3536.000
2024-05-07,3525.000,3534.000,3521.000,3534.000,1313,2143,3526.000
2024-05-08,3534.000,3535.000,3499.000,3502.000,2638,3285,3514.000
2024-05-09,3573.000,3578.000,3566.000,3566.000,1559,7583,3570.000
2024-05-10,3567.000,3574.000,3562.000,3570.000,1462,7613,3566.000
2024-05-13,3570.000,3572.000,3561.000,3562.000,1211,7493,3566.000
2024-05-14,3560.000,3565.000,3555.000,3565.000,1434,7416,3561.000
2024-05-15,3564.000,3568.000,3547.000,3549.000,5407,4612,3551.000
2024-05-16,3547.000,3553.000,3543.000,3549.000,2249,4922,3549.000
2024-05-17,3550.000,3553.000,3547.000,3551.000,1600,4962,3550.000
2024-05-20,3497.000,3499.000,3492.000,3494.000,1735,4220,3496.000
2024-05-21,3496.000,3502.000,3492.000,3499.000,2264,4113,3496.000
2024-05-22,3546.000,3548.000,3535.000,3544.000,3126,5046,3540.000
2024-05-23,3544.000,3552.000,3538.000,3541.000,3143,4745,3545.000
2024-05-24,3541.000,3545.000,3528.000,3534.000,3214,4953,3536.000
2024-05-27,3532.000,3543.000,3532.000,3536.000,1879,5122,3535.000
2024-05-28,3537.000,3538.000,3529.000,3534.000,2082,5091,3533.000
2024-05-29,3497.000,3499.000,3493.000,3496.000,4236,3541,3495.000
2024-05-30,3496.000,3504.000,3468.000,3473.000,4268,2486,3490.000
2024-05-31,3477.000,3490.000,3475.000,3480.000,3467,1812,3483.000
2024-06-03,3480.000,3489.000,3468.000,3472.000,1936,1040,3479.000
2024-06-04,3520.000,3523.000,3514.000,3514.000,2656,8216,3518.000
2024-06-05,3514.000,3518.000,3506.000,3512.000,3325,8433,3513.000
2024-06-06,3512.000,3516.000,3505.000,3505.000,2491,8514,3510.000
2024-06-07,3503.000,3510.000,3503.000,3507.000,1737,8676,3507.000
2024-06-11,3509.000,3519.000,3508.000,3519.000,1493,8497,3511.000
2024-06-12,3479.000,3482.000,3471.000,3475.000,2701,263,3475.000
2024-06-13,3501.000,3504.000,3495.000,3497.000,2595,8998,3500.000
2024-06-14,3500.000,3505.000,3496.000,3499.000,4786,7570,3500.000
2024-06-17,3500.000,3500.000,3489.000,3500.000,1722,7482,3494.000
2024-06-18,3467.000,3469.000,3461.000,3461.000,2013,225,3465.000
2024-06-19,3493.000,3493.000,3483.000,3485.000,2365,7383,3486.000
2024-06-20,3486.000,3487.000,3473.000,3474.000,3090,7391,3479.000
2024-06-21,3475.000,3482.000,3474.000,3475.000,1908,7243,3478.000
2024-06-24,3478.000,3483.000,3474.000,3481.000,2750,6960,3478.000
2024-06-25,3481.000,3484.000,3473.000,3474.000,2162,6458,3478.000
2024-06-26,3494.000,3496.000,3488.000,3496.000,2906,2447,3491.000
2024-06-27,3481.000,3494.000,3473.000,3482.000,4374,5958,3486.000
2024-06-28,3485.000,3489.000,3479.000,3487.000,4446,5568,3483.000
2024-07-01,3490.000,3492.000,3470.000,3470.000,2948,4297,3479.000
2024-07-02,3514.000,3529.000,3498.000,3519.000,2038,1009,3512.000
2024-07-03,3481.000,3485.000,3478.000,3485.000,2979,3226,3480.000
2024-07-04,3485.000,3490.000,3481.000,3482.000,3251,2906,3485.000
2024-07-05,3518.000,3528.000,3510.000,3517.000,2713,1172,3520.000
2024-07-08,3488.000,3496.000,3483.000,3491.000,1987,2146,3491.000
2024-07-09,3516.000,3516.000,3506.000,3506.000,1303,1217,3511.000
2024-07-10,3483.000,3493.000,3480.000,3488.000,1796,1980,3485.000
2024-07-11,3485.000,3491.000,3483.000,3489.000,1887,5239,3486.000
2024-07-12,3496.000,3502.000,3494.000,3502.000,1327,1817,3496.000
2024-07-15,3493.000,3502.000,3493.000,3494.000,1946,5354,3496.000
2024-07-16,3503.000,3505.000,3486.000,3486.000,1285,1714,3498.000
2024-07-17,3495.000,3506.000,3495.000,3497.000,2412,1673,3500.000
2024-07-18,3498.000,3505.000,3492.000,3505.000,1354,1897,3498.000
2024-07-19,3489.000,3492.000,3483.000,3486.000,2627,5521,3487.000
2024-07-22,3485.000,3487.000,3483.000,3484.000,2419,5512,3484.000
2024-07-23,3484.000,3486.000,3481.000,3482.000,2141,5445,3482.000
2024-07-24,3482.000,3486.000,3480.000,3486.000,2504,5441,3482.000
2024-07-25,3487.000,3489.000,3483.000,3484.000,1907,5371,3485.000
2024-07-26,3504.000,3505.000,3500.000,3503.000,1788,2522,3502.000
2024-07-29,3481.000,3483.000,3479.000,3479.000,2009,5360,3481.000
2024-07-30,3480.000,3481.000,3450.000,3460.000,3317,5003,3476.000
2024-07-31,3460.000,3529.000,3458.000,3526.000,5277,4875,3489.000
2024-08-01,3523.000,3538.000,3520.000,3529.000,2783,4048,3528.000
2024-08-02,3529.000,3538.000,3522.000,3529.000,3166,2811,3529.000
2024-08-05,3530.000,3534.000,3526.000,3530.000,1475,2485,3528.000
2024-08-06,3509.000,3535.000,3507.000,3525.000,890,1418,3517.000
2024-08-07,3532.000,3543.000,3528.000,3535.000,1730,1955,3532.000
2024-08-08,3521.000,3528.000,3510.000,3510.000,1984,1479,3514.000
2024-08-09,3502.000,3506.000,3490.000,3498.000,2634,5052,3497.000
2024-08-12,3499.000,3502.000,3490.000,3501.000,1627,4945,3496.000
2024-08-13,3500.000,3502.000,3496.000,3497.000,1048,5155,3499.000
2024-08-14,3526.000,3538.000,3516.000,3522.000,2364,995,3526.000
2024-08-15,3522.000,3526.000,3517.000,3517.000,1052,901,3522.000
2024-08-16,3512.000,3521.000,3508.000,3508.000,2393,1417,3515.000
2024-08-19,3506.000,3512.000,3504.000,3510.000,2000,1436,3508.000
2024-08-20,3508.000,3510.000,3488.000,3493.000,1174,1593,3501.000
2024-08-21,3488.000,3506.000,3481.000,3493.000,1521,1768,3493.000
2024-08-22,3490.000,3500.000,3486.000,3492.000,2051,2181,3492.000
2024-08-23,3490.000,3495.000,3484.000,3488.000,1671,2382,3489.000
2024-08-26,3485.000,3493.000,3482.000,3487.000,1624,2692,3487.000
2024-08-27,3486.000,3495.000,3486.000,3488.000,1388,2927,3489.000
2024-08-28,3468.000,3485.000,3463.000,3464.000,1950,5624,3475.000
2024-08-29,3484.000,3487.000,3474.000,3479.000,2517,3650,3480.000
2024-08-30,3480.000,3486.000,3476.000,3484.000,2455,4067,3480.000
2024-09-02,3481.000,3483.000,3470.000,3474.000,1466,4525,3475.000
2024-09-03,3454.000,3516.000,3432.000,3498.000,3523,3123,3467.000
2024-09-04,3505.000,3507.000,3488.000,3495.000,1858,2418,3499.000
2024-09-05,3503.000,3528.000,3501.000,3528.000,2524,3217,3515.000
2024-09-06,3521.000,3527.000,3512.000,3524.000,1930,1497,3521.000
2024-09-09,3481.000,3494.000,3480.000,3486.000,2045,6071,3486.000
2024-09-10,3488.000,3491.000,3480.000,3480.000,1632,5986,3483.000
2024-09-11,3483.000,3483.000,3463.000,3478.000,1958,5817,3474.000
2024-09-12,3488.000,3495.000,3482.000,3486.000,1443,3356,3488.000
2024-09-13,3472.000,3483.000,3469.000,3478.000,1861,5721,3475.000
2024-09-18,3477.000,3491.000,3467.000,3487.000,1037,5728,3482.000
2024-09-19,3475.000,3486.000,3468.000,3486.000,1707,102,3475.000
2024-09-20,3489.000,3495.000,3481.000,3490.000,1285,5461,3487.000
2024-09-23,3495.000,3496.000,3481.000,3487.000,2429,3617,3489.000
2024-09-24,3488.000,3495.000,3482.000,3492.000,1732,3609,3489.000
2024-09-25,3492.000,3504.000,3486.000,3488.000,2754,4998,0.000
2024-09-26,3492.000,3495.000,3471.000,3471.000,1937,3821,3485.000
2024-09-27,3478.000,3487.000,3473.000,3476.000,3067,3728,3481.000
2024-09-30,3481.000,3498.000,3475.000,3495.000,2018,3461,3484.000
2024-10-08,3499.000,3499.000,3477.000,3480.000,1161,4737,3484.000
2024-10-09,3480.000,3501.000,3473.000,3483.000,1381,1946,3480.000
2024-10-10,3482.000,3492.000,3480.000,3484.000,1560,5445,3486.000
2024-10-11,3480.000,3481.000,3454.000,3454.000,1786,624,3477.000
2024-10-14,3456.000,3488.000,3456.000,3483.000,1808,514,3466.000
2024-10-15,3491.000,3501.000,3489.000,3498.000,1557,6120,3493.000
2024-10-16,3473.000,3475.000,3460.000,3473.000,2497,190,3468.000
2024-10-17,3469.000,3483.000,3469.000,3478.000,1464,192,3475.000
2024-10-18,3488.000,3521.000,3486.000,3518.000,3718,5824,3503.000
2024-10-21,3518.000,3549.000,3510.000,3515.000,4857,6207,3529.000
2024-10-22,3515.000,3524.000,3496.000,3496.000,3086,6120,3514.000
2024-10-23,3498.000,3507.000,3489.000,3499.000,1887,6263,3496.000
2024-10-24,3465.000,3474.000,3464.000,3464.000,126,88,3468.000
2024-10-25,3496.000,3503.000,3493.000,3503.000,1875,5904,3496.000
2024-10-28,3562.000,3562.000,3549.000,3549.000,2450,4269,3554.000
2024-10-29,3555.000,3558.000,3544.000,3544.000,2384,4342,3552.000
2024-10-30,3547.000,3557.000,3546.000,3553.000,2128,4739,3550.000
2024-10-31,3556.000,3559.000,3535.000,3541.000,1772,5019,3548.000
2024-11-01,3473.000,3479.000,3462.000,3462.000,2343,3391,3469.000
2024-11-04,3464.000,3467.000,3452.000,3454.000,1464,2918,3457.000
2024-11-05,3531.000,3544.000,3530.000,3544.000,1031,3164,3537.000
2024-11-06,3544.000,3561.000,3537.000,3537.000,1646,3475,3549.000
2024-11-07,3537.000,3544.000,3531.000,3538.000,1769,6834,3536.000
2024-11-08,3548.000,3548.000,3533.000,3536.000,1713,4279,3537.000
2024-11-11,3436.000,3450.000,3434.000,3446.000,1358,977,3442.000
2024-11-12,3538.000,3540.000,3530.000,3530.000,1941,6620,3535.000
2024-11-13,3532.000,3543.000,3521.000,3528.000,2492,6283,3532.000
2024-11-14,3446.000,3452.000,3442.000,3443.000,1618,483,3445.000
2024-11-15,3536.000,3541.000,3523.000,3528.000,2811,5029,3536.000
2024-11-18,3526.000,3530.000,3483.000,3488.000,2243,5166,3507.000
2024-11-19,3505.000,3521.000,3501.000,3506.000,2768,6370,3509.000
2024-11-20,3508.000,3519.000,3498.000,3506.000,2493,6335,3509.000
2024-11-21,3469.000,3478.000,3469.000,3475.000,1437,5672,3473.000
2024-11-22,3475.000,3478.000,3469.000,3473.000,1140,5677,3474.000
2024-11-25,3506.000,3508.000,3502.000,3504.000,2293,6527,3505.000
2024-11-26,3506.000,3509.000,3492.000,3501.000,3206,6575,3502.000
2024-11-27,3501.000,3501.000,3490.000,3498.000,3453,6512,3495.000
2024-11-28,3498.000,3500.000,3490.000,3496.000,3086,6233,3494.000
2024-11-29,3453.000,3468.000,3452.000,3467.000,4778,6409,3456.000
2024-12-02,3466.000,3467.000,3448.000,3448.000,1782,6715,3457.000
2024-12-03,3473.000,3474.000,3431.000,3448.000,2898,2470,3450.000
2024-12-04,3438.000,3440.000,3434.000,3435.000,1657,6823,3437.000
2024-12-05,3449.000,3449.000,3427.000,3434.000,1273,3222,3439.000
2024-12-06,3430.000,3433.000,3417.000,3418.000,2574,6856,3425.000
2024-12-09,3436.000,3442.000,3432.000,3438.000,1278,3742,3436.000
2024-12-10,3425.000,3426.000,3419.000,3421.000,2124,6718,3422.000
2024-12-11,3422.000,3433.000,3420.000,3428.000,2617,6581,3426.000
2024-12-12,3430.000,3430.000,3421.000,3426.000,1812,6552,3423.000
2024-12-13,3436.000,3443.000,3436.000,3436.000,1484,4603,3438.000
2024-12-16,3422.000,3427.000,3417.000,3427.000,1271,6345,3420.000
2024-12-17,3438.000,3455.000,3438.000,3453.000,1110,4830,3449.000
2024-12-18,3515.000,3515.000,3492.000,3494.000,652,1886,3501.000
2024-12-19,3433.000,3433.000,3405.000,3420.000,3195,6574,3413.000
2024-12-20,3420.000,3431.000,3410.000,3427.000,2686,6334,3420.000
2024-12-23,3427.000,3434.000,3403.000,3405.000,2712,6471,3418.000
2024-12-24,3404.000,3408.000,3397.000,3403.000,2600,6551,3403.000
2024-12-25,3404.000,3406.000,3397.000,3402.000,2093,6512,3402.000
2024-12-26,3398.000,3404.000,3397.000,3397.000,1481,6499,3400.000
2024-12-27,3397.000,3408.000,3396.000,3404.000,1792,6531,3402.000
2024-12-30,3404.000,3436.000,3403.000,3421.000,2012,6542,3416.000
2024-12-31,3420.000,3430.000,3419.000,3427.000,1744,6341,3424.000
2025-01-02,3438.000,3445.000,3424.000,3441.000,2103,7147,3437.000
2025-01-03,3439.000,3445.000,3427.000,3442.000,2523,8348,3436.000
2025-01-06,3442.000,3477.000,3441.000,3464.000,2990,8829,3456.000
2025-01-07,3465.000,3493.000,3461.000,3480.000,2891,9419,3479.000
2025-01-08,3480.000,3514.000,3474.000,3507.000,3350,10053,3499.000
2025-01-09,3507.000,3525.000,3504.000,3515.000,2113,10359,3514.000
2025-01-10,3515.000,3531.000,3512.000,3529.000,2152,10741,3522.000
2025-01-13,3531.000,3539.000,3516.000,3521.000,2515,11513,3525.000
2025-01-14,3520.000,3527.000,3512.000,3514.000,1598,11424,3517.000
2025-01-15,3514.000,3525.000,3509.000,3515.000,1192,11417,3516.000
2025-01-16,3513.000,3522.000,3511.000,3511.000,1342,11260,3516.000
2025-01-17,3511.000,3520.000,3502.000,3518.000,1229,11017,3514.000
2025-01-20,3518.000,3525.000,3504.000,3513.000,1494,10774,3514.000
2025-01-21,3513.000,3543.000,3501.000,3514.000,2035,10193,3516.000
2025-01-22,3515.000,3524.000,3511.000,3514.000,1638,9816,3517.000
2025-01-23,3516.000,3522.000,3515.000,3520.000,996,9783,3518.000
2025-01-24,3518.000,3523.000,3501.000,3519.000,717,9645,3516.000
2025-01-27,3520.000,3542.000,3516.000,3531.000,1701,9737,3532.000
2025-02-05,3531.000,3541.000,3525.000,3540.000,473,9662,3536.000
2025-02-06,3539.000,3544.000,3532.000,3533.000,824,9424,3536.000
2025-02-07,3534.000,3543.000,3530.000,3542.000,1666,8358,3535.000
2025-02-10,3542.000,3555.000,3538.000,3549.000,391,8321,3545.000
2025-02-11,3550.000,3554.000,3545.000,3553.000,605,8104,3550.000
2025-02-12,3551.000,3559.000,3551.000,3558.000,318,8014,3556.000
2025-02-13,3558.000,3562.000,3547.000,3557.000,525,7958,3556.000
2025-02-14,3558.000,3565.000,3556.000,3561.000,525,7823,3561.000
2025-02-17,3563.000,3585.000,3550.000,3567.000,1917,6566,3570.000
2025-02-18,3567.000,3598.000,3561.000,3567.000,1739,5603,3566.000
2025-02-19,3567.000,3568.000,3535.000,3555.000,1612,5413,3551.000
2025-02-20,3501.000,3531.000,3499.000,3523.000,3229,6382,3518.000
2025-02-21,3525.000,3534.000,3509.000,3523.000,3640,6691,3522.000
2025-02-24,3523.000,3531.000,3517.000,3521.000,1670,6698,3522.000
2025-02-25,3522.000,3541.000,3516.000,3519.000,1750,6673,3527.000
2025-02-26,3518.000,3531.000,3511.000,3518.000,2239,6428,3517.000
2025-02-27,3516.000,3524.000,3501.000,3519.000,1804,5966,3513.000
2025-02-28,3517.000,3534.000,3514.000,3518.000,1015,5764,3523.000
2025-03-03,3518.000,3527.000,3504.000,3506.000,1401,5009,3520.000
2025-03-04,3500.000,3504.000,3491.000,3503.000,337,5111,3501.000
2025-03-05,3503.000,3507.000,3498.000,3502.000,1168,5742,3501.000
2025-03-06,3501.000,3505.000,3499.000,3502.000,1369,5377,3501.000
2025-03-07,3502.000,3506.000,3494.000,3501.000,2661,5368,3499.000
2025-03-10,3501.000,3503.000,3477.000,3477.000,2255,5929,3496.000
2025-03-11,3482.000,3489.000,3479.000,3484.000,2702,6026,3483.000
2025-03-12,3484.000,3490.000,3478.000,3488.000,1059,6427,3483.000
2025-03-13,3488.000,3513.000,3483.000,3500.000,3401,6968,3493.000
2025-03-14,3501.000,3502.000,3481.000,3493.000,1478,7196,3489.000
2025-03-17,3493.000,3504.000,3485.000,3504.000,995,7099,3495.000
2025-03-18,3504.000,3509.000,3494.000,3509.000,1464,7152,3501.000
2025-03-19,3506.000,3515.000,3496.000,3509.000,1968,7496,3506.000
2025-03-20,3506.000,3513.000,3502.000,3505.000,731,7508,3507.000
2025-03-21,3507.000,3511.000,3470.000,3474.000,2628,7694,3485.000
2025-03-24,3476.000,3525.000,3471.000,3517.000,3477,7452,3499.000
2025-03-25,3519.000,3537.000,3518.000,3531.000,1377,7584,3529.000
2025-03-26,3531.000,3535.000,3502.000,3506.000,2027,7349,3515.000
2025-03-27,3505.000,3505.000,3482.000,3488.000,2262,7451,3491.000
2025-03-28,3488.000,3505.000,3471.000,3471.000,1949,7206,3489.000
2025-03-31,3473.000,3494.000,3473.000,3493.000,1048,6953,3486.000
2025-04-01,3492.000,3503.000,3489.000,3503.000,465,6807,3496.000
2025-04-02,3499.000,3504.000,3489.000,3497.000,473,6690,3497.000
2025-04-03,3502.000,3502.000,3492.000,3495.000,868,6121,3495.000
2025-04-07,3495.000,3504.000,3490.000,3495.000,494,5957,3497.000
2025-04-08,3500.000,3506.000,3491.000,3495.000,951,5296,3497.000
2025-04-09,3520.000,3529.000,3513.000,3525.000,732,5937,3520.000
2025-04-10,3525.000,3529.000,3503.000,3507.000,1705,6098,3518.000
2025-04-11,3508.000,3518.000,3497.000,3506.000,1522,5979,3508.000
2025-04-14,3506.000,3514.000,3506.000,3512.000,426,6076,3510.000
2025-04-15,3510.000,3525.000,3509.000,3519.000,819,5954,3518.000
2025-04-16,3520.000,3524.000,3515.000,3521.000,534,5856,3518.000
2025-04-17,3522.000,3525.000,3512.000,3523.000,641,5836,3517.000
2025-04-18,3523.000,3526.000,3518.000,3526.000,572,6032,3522.000
2025-04-21,3526.000,3578.000,3525.000,3568.000,3890,6457,3555.000
2025-04-22,3576.000,3595.000,3564.000,3587.000,1814,6956,3577.000
2025-04-23,3586.000,3586.000,3565.000,3575.000,2033,7022,3578.000
2025-04-24,3580.000,3587.000,3572.000,3577.000,1296,6974,3579.000
2025-04-25,3577.000,3595.000,3577.000,3594.000,1085,7142,3587.000
2025-04-28,3589.000,3598.000,3583.000,3584.000,1461,7124,3589.000
2025-04-29,3582.000,3594.000,3575.000,3591.000,2851,6318,3585.000
2025-04-30,3589.000,3590.000,3580.000,3584.000,1086,5874,3586.000
2025-05-06,3583.000,3594.000,3583.000,3586.000,937,5487,3587.000
2025-05-07,3586.000,3587.000,3575.000,3580.000,1160,5016,3581.000
2025-05-08,3596.000,3602.000,3587.000,3596.000,882,5999,3595.000
2025-05-09,3592.000,3610.000,3592.000,3610.000,587,6219,3602.000
2025-05-12,3611.000,3630.000,3594.000,3596.000,1378,6603,3609.000
2025-05-13,3600.000,3603.000,3593.000,3603.000,631,6720,3597.000
2025-05-14,3604.000,3627.000,3602.000,3618.000,1182,7042,3618.000
2025-05-15,3620.000,3622.000,3614.000,3621.000,698,7121,3617.000
2025-05-16,3622.000,3638.000,3619.000,3623.000,1710,7495,3627.000
2025-05-19,3625.000,3644.000,3621.000,3641.000,1410,7853,3630.000
2025-05-20,3642.000,3644.000,3598.000,3631.000,2246,7883,3625.000
2025-05-21,3634.000,3639.000,3630.000,3632.000,518,7928,3633.000
2025-05-22,3633.000,3636.000,3627.000,3629.000,1188,7977,3631.000
2025-05-23,3630.000,3635.000,3625.000,3632.000,788,8016,3630.000
2025-05-26,3633.000,3638.000,3627.000,3628.000,649,7924,3631.000
2025-05-27,3630.000,3638.000,3621.000,3635.000,741,8037,3631.000
2025-05-28,3633.000,3637.000,3628.000,3632.000,833,7918,3631.000
2025-05-29,3630.000,3639.000,3629.000,3633.000,600,7956,3633.000
2025-05-30,3633.000,3638.000,3630.000,3634.000,693,7982,3634.000
2025-06-03,3634.000,3694.000,3621.000,3621.000,1761,7253,3640.000
2025-06-04,3626.000,3639.000,3621.000,3632.000,1348,6645,3630.000
2025-06-05,3631.000,3632.000,3626.000,3631.000,419,6520,3628.000
2025-06-06,3630.000,3637.000,3627.000,3630.000,699,6154,3631.000
2025-06-09,3630.000,3635.000,3619.000,3627.000,631,5840,3628.000
2025-06-10,3626.000,3633.000,3612.000,3633.000,1208,5404,3628.000
2025-06-11,3629.000,3629.000,3603.000,3605.000,935,6262,3618.000
2025-06-12,3606.000,3611.000,3600.000,3606.000,1201,6580,3606.000
2025-06-13,3600.000,3619.000,3600.000,3608.000,1541,6768,3608.000
2025-06-16,3607.000,3617.000,3602.000,3604.000,1212,6960,3608.000
2025-06-17,3608.000,3608.000,3598.000,3598.000,665,6950,3603.000
2025-06-18,3598.000,3607.000,3596.000,3601.000,725,6962,3600.000
2025-06-19,3598.000,3630.000,3598.000,3628.000,1102,7128,3613.000
2025-06-20,3631.000,3637.000,3613.000,3615.000,1285,7240,3621.000
2025-06-23,3619.000,3623.000,3594.000,3598.000,1962,7325,3605.000
2025-06-24,3598.000,3602.000,3585.000,3586.000,828,7233,3595.000
2025-06-25,3583.000,3586.000,3562.000,3579.000,1818,6921,3576.000
2025-06-26,3576.000,3596.000,3573.000,3588.000,1864,6570,3587.000
2025-06-27,3587.000,3592.000,3585.000,3587.000,826,6450,3587.000
2025-06-30,3586.000,3590.000,3582.000,3584.000,669,6377,3585.000
2025-07-01,3585.000,3589.000,3564.000,3568.000,2224,5407,3579.000
2025-07-02,3602.000,3606.000,3597.000,3598.000,1550,7438,3600.000
2025-07-03,3598.000,3605.000,3587.000,3593.000,1988,8064,3595.000
2025-07-04,3595.000,3607.000,3592.000,3601.000,3507,8101,3601.000
2025-07-07,3602.000,3607.000,3591.000,3598.000,1250,8021,3598.000
2025-07-08,3597.000,3600.000,3592.000,3596.000,1209,8364,3595.000
2025-07-09,3593.000,3598.000,3592.000,3596.000,1111,8510,3595.000
2025-07-10,3596.000,3605.000,3584.000,3595.000,1997,8457,3595.000
2025-07-11,3596.000,3600.000,3594.000,3599.000,397,8466,3596.000
2025-07-14,3598.000,3618.000,3589.000,3598.000,1523,8432,3603.000
2025-07-15,3599.000,3614.000,3596.000,3612.000,932,8551,3605.000
2025-07-16,3611.000,3622.000,3604.000,3620.000,1285,8736,3613.000
2025-07-17,3619.000,3621.000,3614.000,3619.000,1086,8712,3617.000
2025-07-18,3620.000,3621.000,3615.000,3619.000,843,8758,3618.000
2025-07-21,3619.000,3636.000,3585.000,3609.000,2749,8937,3622.000
2025-07-22,3610.000,3614.000,3594.000,3607.000,4099,7977,3603.000
2025-07-23,3605.000,3611.000,3593.000,3611.000,4935,7422,3601.000
2025-07-24,3612.000,3633.000,3601.000,3602.000,4856,7289,3618.000
2025-07-25,3602.000,3612.000,3598.000,3606.000,2105,7068,3605.000
2025-07-28,3607.000,3608.000,3603.000,3603.000,816,7028,3606.000
2025-07-29,3602.000,3627.000,3597.000,3624.000,1310,6926,3611.000
2025-07-30,3620.000,3627.000,3611.000,3618.000,1092,6720,3619.000
2025-07-31,3617.000,3626.000,3608.000,3612.000,1680,6096,3615.000
2025-08-01,3606.000,3620.000,3605.000,3614.000,847,5848,3615.000
2025-08-04,3627.000,3629.000,3618.000,3621.000,678,5922,3622.000
2025-08-05,3622.000,3625.000,3616.000,3617.000,521,5959,3618.000
2025-08-06,3621.000,3624.000,3615.000,3620.000,758,5924,3619.000
2025-08-07,3618.000,3620.000,3612.000,3612.000,1160,5875,3615.000
2025-08-08,3614.000,3617.000,3606.000,3608.000,1351,6012,3609.000
2025-08-11,3607.000,3618.000,3607.000,3616.000,1443,6393,3613.000
2025-08-12,3617.000,3618.000,3609.000,3615.000,1031,6483,3612.000
2025-08-13,3613.000,3618.000,3601.000,3612.000,1057,6592,3612.000
2025-08-14,3608.000,3616.000,3608.000,3615.000,1398,6714,3612.000
2025-08-15,3613.000,3618.000,3607.000,3612.000,926,6875,3612.000
2025-08-18,3613.000,3618.000,3610.000,3614.000,596,6841,3613.000
2025-08-19,3615.000,3615.000,3600.000,3603.000,311,6860,3609.000
2025-08-20,3605.000,3617.000,3604.000,3616.000,1024,6910,3612.000
2025-08-21,3614.000,3616.000,3606.000,3612.000,1228,6847,3611.000
2025-08-22,3612.000,3617.000,3607.000,3613.000,1395,6839,3612.000
2025-08-25,3611.000,3613.000,3609.000,3612.000,394,6834,3610.000
2025-08-26,3611.000,3613.000,3609.000,3613.000,116,6783,3610.000
2025-08-27,3612.000,3615.000,3609.000,3610.000,491,6627,3611.000
2025-08-28,3611.000,3613.000,3609.000,3613.000,850,6380,3610.000
2025-08-29,3613.000,3615.000,3605.000,3611.000,768,6173,3611.000
2025-09-01,3613.000,3615.000,3609.000,3613.000,447,6003,3611.000
2025-09-02,3613.000,3615.000,3610.000,3611.000,275,5898,3611.000
2025-09-03,3612.000,3613.000,3604.000,3610.000,518,6088,3610.000
2025-09-04,3610.000,3613.000,3606.000,3611.000,373,6255,3609.000
2025-09-05,3611.000,3616.000,3611.000,3616.000,1266,6490,3613.000
2025-09-08,3614.000,3618.000,3609.000,3612.000,397,6582,3613.000
2025-09-09,3612.000,3616.000,3610.000,3616.000,920,6629,3613.000
2025-09-10,3615.000,3616.000,3608.000,3610.000,562,6597,3611.000
2025-09-11,3608.000,3612.000,3596.000,3598.000,1546,6883,3603.000
2025-09-12,3595.000,3606.000,3595.000,3601.000,1243,6996,3599.000
2025-09-15,3602.000,3603.000,3598.000,3600.000,478,7091,3600.000
2025-09-16,3600.000,3604.000,3598.000,3604.000,448,7155,3602.000
2025-09-17,3604.000,3616.000,3597.000,3606.000,1993,6883,3605.000
2025-09-18,3605.000,3610.000,3600.000,3609.000,993,6903,3605.000
2025-09-19,3610.000,3619.000,3608.000,3614.000,1110,6914,3614.000
2025-09-22,3613.000,3620.000,3611.000,3618.000,1298,7133,3615.000
2025-09-23,3616.000,3619.000,3613.000,3616.000,1642,7656,3615.000
2025-09-24,3615.000,3616.000,3612.000,3615.000,628,7787,3614.000
2025-09-25,3615.000,3616.000,3609.000,3616.000,1078,7892,3612.000
2025-09-26,3616.000,3617.000,3610.000,3615.000,707,8014,3613.000
2025-09-29,3614.000,3617.000,3609.000,3613.000,1634,7982,3613.000
2025-09-30,3613.000,3627.000,3612.000,3627.000,4545,6965,3616.000
2025-10-09,3606.000,3606.000,3590.000,3594.000,1410,7945,3596.000
2025-10-10,3594.000,3614.000,3594.000,3610.000,2153,7949,3605.000
2025-10-13,3608.000,3623.000,3603.000,3609.000,1773,8080,3611.000
2025-10-14,3610.000,3614.000,3605.000,3608.000,1596,8305,3608.000
2025-10-15,3603.000,3613.000,3603.000,3607.000,2222,8788,3608.000
2025-10-16,3607.000,3610.000,3603.000,3610.000,1164,8982,3606.000
2025-10-17,3608.000,3611.000,3586.000,3595.000,2507,9384,3598.000
2025-10-20,3593.000,3601.000,3593.000,3597.000,2383,9772,3597.000
2025-10-21,3594.000,3607.000,3594.000,3607.000,2824,10226,3599.000
2025-10-22,3605.000,3605.000,3579.000,3585.000,9507,11099,3591.000
2025-10-23,3578.000,3590.000,3571.000,3582.000,5166,11594,3581.000
2025-10-24,3580.000,3585.000,3575.000,3576.000,2571,11809,3579.000
2025-10-27,3576.000,3583.000,3569.000,3580.000,1359,11887,3577.000
2025-10-28,3576.000,3583.000,3572.000,3577.000,1424,11937,3577.000
2025-10-29,3576.000,3581.000,3571.000,3580.000,2144,11987,3576.000
2025-10-30,3578.000,3578.000,3569.000,3573.000,2220,11649,3573.000
2025-10-31,3576.000,3577.000,3561.000,3570.000,4897,11670,3568.000
2025-11-03,3580.000,3583.000,3575.000,3578.000,1665,12403,3579.000
2025-11-04,3577.000,3583.000,3574.000,3580.000,2465,13727,3579.000
2025-11-05,3579.000,3597.000,3578.000,3582.000,2637,14385,3583.000
2025-11-06,3580.000,3586.000,3579.000,3582.000,1358,14955,3583.000
2025-11-07,3581.000,3590.000,3573.000,3587.000,3951,15664,3578.000
2025-11-10,3584.000,3589.000,3569.000,3588.000,3979,16019,3580.000
2025-11-11,3584.000,3588.000,3579.000,3582.000,2216,16507,3583.000
2025-11-12,3587.000,3596.000,3578.000,3591.000,3149,16678,3585.000
2025-11-13,3592.000,3597.000,3584.000,3596.000,4363,17054,3588.000
2025-11-14,3595.000,3601.000,3587.000,3590.000,3067,17103,3590.000
2025-11-17,3591.000,3592.000,3584.000,3590.000,2010,17379,3588.000
2025-11-18,3589.000,3592.000,3577.000,3584.000,3015,17707,3584.000
2025-11-19,3584.000,3591.000,3581.000,3590.000,906,17863,3586.000
2025-11-20,3590.000,3593.000,3586.000,3593.000,421,17848,3590.000
2025-11-21,3592.000,3597.000,3588.000,3596.000,1783,18141,3592.000
2025-11-24,3600.000,3608.000,3579.000,3586.000,4583,18519,3587.000
2025-11-25,3586.000,3595.000,3580.000,3594.000,2462,18596,3589.000
2025-11-26,3595.000,3605.000,3588.000,3594.000,2547,18605,3593.000
2025-11-27,3594.000,3594.000,3585.000,3587.000,850,18621,3588.000
2025-11-28,3587.000,3592.000,3585.000,3592.000,343,18622,3587.000
2025-12-01,3592.000,3596.000,3586.000,3595.000,473,18354,3592.000
2025-12-02,3594.000,3603.000,3593.000,3595.000,630,18097,3597.000
2025-12-03,3597.000,3603.000,3593.000,3601.000,4005,14640,3598.000
2025-12-04,3594.000,3599.000,3591.000,3596.000,609,15300,3595.000
2025-12-05,3595.000,3602.000,3595.000,3598.000,530,15469,3599.000
2025-12-08,3599.000,3605.000,3598.000,3603.000,921,15604,3601.000
2025-12-09,3603.000,3607.000,3600.000,3604.000,627,15619,3603.000
2025-12-10,3604.000,3607.000,3600.000,3607.000,815,15580,3604.000
2025-12-11,3606.000,3609.000,3603.000,3603.000,581,15463,3605.000
2025-12-12,3605.000,3608.000,3601.000,3605.000,496,15477,3604.000
2025-12-15,3604.000,3610.000,3602.000,3610.000,330,15506,3605.000
2025-12-16,3610.000,3610.000,3606.000,3606.000,291,15481,3607.000
2025-12-17,3607.000,3610.000,3605.000,3608.000,208,15466,3607.000
2025-12-18,3609.000,3609.000,3601.000,3607.000,448,15380,3605.000
2025-12-19,3606.000,3608.000,3597.000,3608.000,651,15390,3602.000
2025-12-22,3608.000,3608.000,3601.000,3604.000,471,15478,3603.000
2025-12-23,3604.000,3606.000,3597.000,3604.000,1275,15720,3601.000
2025-12-24,3604.000,3607.000,3593.000,3606.000,1135,15843,3601.000
2025-12-25,3603.000,3611.000,3602.000,3602.000,1123,15708,3606.000
2025-12-26,3601.000,3612.000,3600.000,3604.000,1037,16004,3607.000
2025-12-29,3604.000,3613.000,3600.000,3609.000,1815,16427,3606.000
2025-12-30,3608.000,3617.000,3596.000,3608.000,3420,15213,3607.000
2025-12-31,3607.000,3618.000,3605.000,3618.000,815,15350,3611.000
2026-01-05,3618.000,3638.000,3608.000,3631.000,1560,15368,3628.000
2026-01-06,3630.000,3638.000,3628.000,3637.000,2128,14645,3634.000
2026-01-07,3636.000,3650.000,3636.000,3648.000,1872,13700,3643.000
2026-01-08,3649.000,3653.000,3645.000,3650.000,1455,13032,3649.000
2026-01-09,3652.000,3653.000,3647.000,3650.000,491,12902,3649.000
2026-01-12,3649.000,3659.000,3648.000,3659.000,1087,12685,3654.000
2026-01-13,3658.000,3661.000,3656.000,3659.000,1891,11316,3658.000
2026-01-14,3655.000,3665.000,3653.000,3660.000,2379,10686,3657.000
2026-01-15,3661.000,3668.000,3659.000,3662.000,1584,9784,3662.000
2026-01-16,3579.000,3581.000,3575.000,3581.000,1753,10998,3577.000
2026-01-19,3581.000,3581.000,3570.000,3576.000,2253,11803,3574.000
2026-01-20,3576.000,3578.000,3571.000,3572.000,1175,12079,3574.000
2026-01-21,3574.000,3576.000,3571.000,3576.000,758,12124,3574.000
2026-01-22,3575.000,3578.000,3570.000,3577.000,997,12133,3574.000
2026-01-23,3577.000,3582.000,3567.000,3576.000,4660,12913,3573.000
2026-01-26,3578.000,3611.000,3576.000,3608.000,5445,14414,3591.000
2026-01-27,3611.000,3611.000,3596.000,3601.000,2589,14097,3602.000
2026-01-28,3601.000,3608.000,3586.000,3594.000,3270,13000,3594.000
2026-01-29,3617.000,3629.000,3581.000,3600.000,9105,11256,3609.000
2026-01-30,3600.000,3604.000,3552.000,3554.000,7228,12712,3567.000
2026-02-02,3545.000,3563.000,3541.000,3547.000,5663,10981,3552.000
2026-02-03,3607.000,3613.000,3597.000,3611.000,1858,14173,3607.000
2026-02-04,3607.000,3615.000,3596.000,3609.000,2287,14294,3605.000
2026-02-05,3608.000,3613.000,3592.000,3605.000,2870,14329,3600.000
2026-02-06,3599.000,3620.000,3599.000,3618.000,2296,15283,3612.000
2026-02-09,3622.000,3624.000,3613.000,3614.000,1054,15189,3618.000
2026-02-10,3614.000,3621.000,3611.000,3617.000,377,15221,3616.000
2026-02-11,3619.000,3619.000,3611.000,3614.000,1593,15125,3614.000
2026-02-12,3613.000,3619.000,3612.000,3615.000,523,14981,3615.000
2026-02-13,3616.000,3624.000,3608.000,3617.000,758,14839,3616.000
2026-02-24,3618.000,3631.000,3615.000,3629.000,551,14766,3626.000
2026-02-25,3629.000,3636.000,3623.000,3630.000,981,14569,3628.000
2026-02-26,3628.000,3642.000,3620.000,3626.000,1399,14316,3631.000
2026-02-27,3626.000,3635.000,3621.000,3635.000,816,14306,3628.000
2026-03-02,3635.000,3636.000,3626.000,3629.000,887,14062,3630.000
2026-03-03,3628.000,3633.000,3626.000,3629.000,973,13487,3630.000
2026-03-04,3633.000,3641.000,3627.000,3629.000,1177,13114,3632.000
2026-03-05,3627.000,3644.000,3627.000,3635.000,1667,12442,3635.000
2026-03-06,3633.000,3644.000,3631.000,3636.000,538,12287,3636.000
2026-03-09,3639.000,3672.000,3616.000,3626.000,5341,10795,3639.000
2026-03-10,3630.000,3640.000,3611.000,3638.000,2219,10423,3626.000
2026-03-11,3633.000,3644.000,3630.000,3639.000,1055,10251,3636.000
2026-03-12,3577.000,3587.000,3576.000,3576.000,2440,11143,3579.000
2026-03-13,3576.000,3583.000,3570.000,3576.000,1833,11566,3577.000
2026-03-16,3577.000,3582.000,3570.000,3575.000,1101,11750,3575.000
2026-03-17,3576.000,3582.000,3571.000,3576.000,2359,12424,3575.000
2026-03-18,3573.000,3580.000,3571.000,3579.000,970,12534,3574.000
2026-03-19,3578.000,3580.000,3571.000,3572.000,1421,12725,3576.000
2026-03-20,3571.000,3578.000,3571.000,3576.000,523,12881,3574.000
2026-03-23,3575.000,3585.000,3575.000,3582.000,1288,13386,3579.000
2026-03-24,3582.000,3597.000,3543.000,3585.000,5561,14951,3579.000
2026-03-25,3583.000,3737.000,3583.000,3603.000,64683,19869,3663.000
2026-03-26,3606.000,3632.000,3563.000,3576.000,20568,21096,3596.000
2026-03-27,3566.000,3587.000,3565.000,3575.000,6995,22101,3573.000
2026-03-30,3579.000,3616.000,3573.000,3609.000,8569,22661,3598.000
2026-03-31,3597.000,3608.000,3581.000,3586.000,6720,21011,3593.000
2026-04-01,3583.000,3597.000,3581.000,3587.000,3173,20172,3588.000
2026-04-02,3597.000,3604.000,3583.000,3600.000,4335,19533,3591.000
2026-04-03,3591.000,3605.000,3577.000,3583.000,5309,18820,3592.000
2026-04-07,3588.000,3588.000,3564.000,3573.000,3248,16884,3579.000
2026-04-08,3577.000,3580.000,3552.000,3569.000,1879,16298,3573.000
2026-04-09,3580.000,3585.000,3565.000,3579.000,1354,16029,3577.000
2026-04-10,3579.000,3603.000,3573.000,3603.000,3751,15610,3588.000
2026-04-13,3603.000,3613.000,3588.000,3600.000,3262,15291,3600.000
2026-04-14,3597.000,3611.000,3596.000,3601.000,1064,14985,3601.000
2026-04-15,3573.000,3575.000,3562.000,3571.000,1541,15933,3566.000
2026-04-16,3572.000,3573.000,3561.000,3566.000,2744,17317,3565.000
2026-04-17,3563.000,3576.000,3562.000,3568.000,2958,18315,3568.000
2026-04-20,3572.000,3607.000,3567.000,3599.000,6871,20449,3584.000
2026-04-21,3603.000,3614.000,3560.000,3607.000,11954,21465,3585.000
2026-04-22,3600.000,3620.000,3600.000,3608.000,4472,21798,3613.000
2026-04-23,3609.000,3619.000,3608.000,3617.000,3494,22746,3614.000
2026-04-24,3619.000,3620.000,3612.000,3618.000,1860,23162,3615.000
2026-04-27,3616.000,3624.000,3605.000,3614.000,3165,24153,3614.000
2026-04-28,3613.000,3618.000,3603.000,3613.000,3876,24592,3611.000
2026-04-29,3612.000,3614.000,3605.000,3610.000,4084,25795,3611.000
2026-04-30,3611.000,3614.000,3607.000,3611.000,2655,25809,3610.000
2026-05-06,3616.000,3616.000,3608.000,3611.000,1248,25974,3611.000
2026-05-07,3609.000,3634.000,3608.000,3617.000,7657,23557,3620.000
2026-05-08,3624.000,3624.000,3614.000,3623.000,2159,23689,3619.000
2026-05-11,3620.000,3625.000,3616.000,3624.000,1541,23250,3621.000
2026-05-12,3544.000,3549.000,3544.000,3545.000,1177,24268,3546.000
2026-05-13,3545.000,3549.000,3542.000,3543.000,1458,24887,3545.000
2026-05-14,3542.000,3549.000,3538.000,3543.000,2260,25461,3543.000
2026-05-15,3546.000,3547.000,3539.000,3544.000,1397,25825,3543.000
2026-05-18,3542.000,3547.000,3541.000,3544.000,1493,26414,3543.000
2026-05-19,3544.000,3547.000,3542.000,3543.000,1651,27218,3544.000
2026-05-20,3543.000,3549.000,3542.000,3544.000,1737,27657,3544.000
2026-05-21,3546.000,3546.000,3541.000,3542.000,1467,27994,3542.000
2026-05-22,3542.000,3547.000,3540.000,3544.000,1649,27994,3543.000
2026-05-25,3544.000,3548.000,3543.000,3545.000,1867,28084,3545.000
2026-05-26,3545.000,3551.000,3540.000,3543.000,2661,28517,3544.000
2026-05-27,3541.000,3547.000,3536.000,3543.000,4121,29235,3542.000
2026-05-28,3542.000,3554.000,3541.000,3546.000,5883,30574,3548.000
2026-05-29,3545.000,3591.000,3544.000,3584.000,13729,30755,3569.000
2026-06-01,3574.000,3583.000,3555.000,3563.000,6159,30288,3566.000
2026-06-02,3562.000,3569.000,3556.000,3569.000,2727,30025,3562.000
2026-06-03,3563.000,3570.000,3557.000,3567.000,4424,29976,3564.000
2026-06-04,3566.000,3573.000,3535.000,3550.000,7436,29975,3552.000
2026-06-05,3545.000,3551.000,3523.000,3536.000,5409,30090,3535.000
2026-06-08,3536.000,3618.000,3534.000,3613.000,17221,31405,3591.000
2026-06-09,3613.000,3617.000,3602.000,3611.000,5177,30863,3609.000
2026-06-10,3616.000,3618.000,3604.000,3615.000,2524,30347,3611.000
2026-06-11,3603.000,3609.000,3576.000,3599.000,5659,33640,3597.000
2026-06-12,3596.000,3610.000,3596.000,3608.000,2883,34821,3602.000
2026-06-15,3601.000,3615.000,3599.000,3610.000,3753,36498,3606.000
2026-06-16,3606.000,3615.000,3596.000,3613.000,4017,37603,3608.000
2026-06-17,3608.000,3612.000,3592.000,3607.000,3877,38138,3603.000
2026-06-18,3610.000,3617.000,3589.000,3603.000,6232,39808,3604.000
2026-06-22,3590.000,3631.000,3510.000,3599.000,9186,41452,3599.000
2026-06-23,3593.000,3613.000,3591.000,3596.000,5337,41392,3601.000
2026-06-24,3593.000,3610.000,3592.000,3603.000,4976,41770,3600.000
2026-06-25,3604.000,3633.000,3597.000,3631.000,8330,43290,3616.000
2026-06-26,3627.000,3638.000,3536.000,3548.000,13906,45513,3577.000
2026-06-29,3545.000,3560.000,3516.000,3521.000,9376,48374,3535.000
2026-06-30,3520.000,3533.000,3519.000,3524.000,11477,41373,3523.000
2026-07-01,3524.000,3535.000,3521.000,3529.000,2336,41352,3529.000
2026-07-02,3526.000,3535.000,3524.000,3529.000,1886,41305,3529.000
2026-07-03,3532.000,3541.000,3525.000,3526.000,2140,41101,3534.000
2026-07-06,3530.000,3534.000,3524.000,3531.000,1237,40876,3528.000
2026-07-07,3529.000,3533.000,3524.000,3524.000,1096,40665,3528.000
2026-07-08,3524.000,3539.000,3522.000,3536.000,2097,40643,3530.000
2026-07-09,3538.000,3538.000,3531.000,3533.000,2392,38904,3533.000
2026-07-10,3538.000,3538.000,3526.000,3529.000,3134,36244,3529.000
2026-07-13,3599.000,3608.000,3596.000,3597.000,618,36799,3601.000
2026-07-14,3598.000,3601.000,3597.000,3600.000,336,37009,3598.000
2026-07-15,3604.000,3606.000,3596.000,3601.000,780,37173,3601.000
2026-07-16,3605.000,3605.000,3596.000,3599.000,782,37433,3600.000
2026-07-17,3596.000,3610.000,3596.000,3601.000,1183,37738,3602.000
2026-07-20,3595.000,3608.000,3595.000,3597.000,1261,38038,3599.000
2026-07-21,3620.000,3620.000,3582.000,3603.000,1911,37869,3602.000
2026-07-22,3595.000,3612.000,3595.000,3608.000,1636,37855,3608.000
2026-07-23,3615.000,3615.000,3605.000,3611.000,1856,38047,3610.000
2026-07-24,3611.000,3612.000,3603.000,3612.000,1024,38086,3610.000
2026-07-27,3608.000,3624.000,3608.000,3621.000,3119,37440,3617.000
2026-07-28,3621.000,3622.000,3616.000,3620.000,3034,37228,3618.000
2026-07-29,3620.000,3623.000,3615.000,3623.000,1471,37174,3620.000
2026-07-30,3620.000,3624.000,3617.000,3621.000,1177,37266,3620.000
2026-07-31,3623.000,3629.000,3617.000,3620.000,3220,36365,3623.000
2026-08-03,3622.000,3623.000,3617.000,3620.000,1341,36225,3619.000
2026-08-04,3618.000,3625.000,3615.000,3624.000,919,36104,3620.000
2026-08-05,3623.000,3624.000,3618.000,3622.000,602,35981,3621.000
2026-08-06,3625.000,3635.000,3619.000,3628.000,2098,35138,3626.000
2026-08-07,3627.000,3630.000,3618.000,3619.000,1305,34936,3624.000
2026-08-10,3625.000,3628.000,3618.000,3627.000,856,34695,3624.000
2026-08-11,3621.000,3630.000,3616.000,3626.000,1001,34520,3626.000
2026-08-12,3626.000,3628.000,3620.000,3624.000,589,34292,3624.000
2026-08-13,3623.000,3630.000,3623.000,3627.000,324,34181,3625.000
2026-08-14,3629.000,3632.000,3625.000,3631.000,437,34115,3627.000
2026-08-17,3632.000,3635.000,3627.000,3635.000,2996,31592,3629.000
2026-08-18,3635.000,3644.000,3629.000,3630.000,1890,30464,3635.000
2026-08-19,3626.000,3643.000,3626.000,3638.000,11131,1625,3636.000
2026-08-20,3618.000,3618.000,3612.000,3615.000,408,21565,3614.000
2026-08-21,3615.000,3617.000,3610.000,3614.000,876,21990,3613.000
2026-08-24,3615.000,3616.000,3561.000,3566.000,5975,21849,3583.000
2026-08-25,3565.000,3583.000,3558.000,3561.000,1435,22179,3563.000
2026-08-26,3561.000,3576.000,3555.000,3560.000,2614,22589,3562.000
2026-08-27,3565.000,3580.000,3556.000,3574.000,2304,23191,3571.000
2026-08-28,3575.000,3585.000,3565.000,3579.000,3190,24376,3575.000
2026-08-31,3579.000,3589.000,3572.000,3577.000,2590,25068,3578.000
2026-09-01,3573.000,3580.000,3572.000,3580.000,1016,25079,3576.000
2026-09-02,3582.000,3583.000,3575.000,3578.000,840,25068,3579.000
2026-09-03,3578.000,3588.000,3573.000,3582.000,999,25293,3578.000
2026-09-04,3575.000,3586.000,3575.000,3580.000,359,25327,3579.000
