date,open,high,low,close,volume,open_interest,settle
2014-08-12,5810.000,5956.000,5808.000,5912.000,233812,46588,5906.000
2014-08-13,5920.000,5946.000,5880.000,5926.000,119328,46610,5910.000
2014-08-14,5918.000,5936.000,5710.000,5740.000,142708,35404,5784.000
2014-08-15,5740.000,5780.000,5730.000,5774.000,63946,33498,5754.000
2014-08-18,5776.000,5796.000,5730.000,5748.000,48440,33734,5756.000
2014-08-19,5740.000,5780.000,5690.000,5776.000,39674,32334,5744.000
2014-08-20,5778.000,5778.000,5514.000,5730.000,47588,33542,5730.000
2014-08-21,5746.000,5778.000,5722.000,5742.000,15598,33038,5742.000
2014-08-22,5736.000,5754.000,5706.000,5716.000,27818,33512,5726.000
2014-08-25,5710.000,5742.000,5676.000,5738.000,40176,29610,5722.000
2014-08-26,5742.000,5770.000,5726.000,5752.000,15454,24442,5742.000
2014-08-27,5744.000,5788.000,5744.000,5766.000,16096,21552,5770.000
2014-08-28,5760.000,5780.000,5734.000,5780.000,11954,20416,5756.000
2014-08-29,5776.000,5810.000,5756.000,5800.000,16324,19760,5778.000
2014-09-01,5804.000,5828.000,5776.000,5776.000,22664,21208,5804.000
2014-09-02,5772.000,5798.000,5714.000,5762.000,34782,24782,5754.000
2014-09-03,5762.000,5792.000,5750.000,5754.000,10766,24676,5774.000
2014-09-04,5750.000,5788.000,5720.000,5764.000,13020,24444,5750.000
2014-09-05,5768.000,5784.000,5736.000,5752.000,10634,24888,5758.000
2014-09-09,5740.000,5754.000,5648.000,5662.000,35286,32824,5682.000
2014-09-10,5638.000,5786.000,5636.000,5710.000,25276,27534,5698.000
2014-09-11,5708.000,5714.000,5686.000,5698.000,8168,27304,5702.000
2014-09-12,5700.000,5736.000,5690.000,5728.000,5146,25880,5718.000
2014-09-15,5722.000,5786.000,5716.000,5776.000,8792,24370,5766.000
2014-09-16,5788.000,5808.000,5758.000,5764.000,6570,22790,5782.000
2014-09-17,5778.000,5786.000,5762.000,5778.000,2508,22772,5774.000
2014-09-18,5780.000,5788.000,5754.000,5758.000,3976,22258,5768.000
2014-09-19,5760.000,5762.000,5694.000,5700.000,11852,21826,5728.000
2014-09-22,5682.000,5686.000,5510.000,5540.000,20942,22332,5566.000
2014-09-23,5522.000,5592.000,5522.000,5562.000,11374,22412,5556.000
2014-09-24,5570.000,5640.000,5556.000,5590.000,6288,21070,5598.000
2014-09-25,5604.000,5634.000,5444.000,5468.000,30972,23844,5494.000
2014-09-26,5456.000,5536.000,5450.000,5500.000,13168,23138,5496.000
2014-09-29,5500.000,5540.000,5462.000,5538.000,6662,21986,5498.000
2014-09-30,5540.000,5586.000,5530.000,5572.000,6968,18852,5564.000
2014-10-09,5560.000,5646.000,5532.000,5636.000,5898,18644,5586.000
2014-10-10,5634.000,5642.000,5584.000,5594.000,4890,17962,5614.000
2014-10-13,5602.000,5698.000,5602.000,5630.000,13556,16212,5658.000
2014-10-14,5620.000,5638.000,5564.000,5580.000,6462,15798,5582.000
2014-10-15,5584.000,5608.000,5532.000,5536.000,6656,15832,5554.000
2014-10-16,5530.000,5580.000,5524.000,5570.000,6804,14838,5556.000
2014-10-17,5600.000,5622.000,5566.000,5588.000,3240,14220,5596.000
2014-10-20,5590.000,5620.000,5570.000,5620.000,2064,14028,5608.000
2014-10-21,5616.000,5620.000,5602.000,5610.000,1346,13702,5610.000
2014-10-22,5612.000,5620.000,5534.000,5540.000,3878,14006,5574.000
2014-10-23,5534.000,5596.000,5530.000,5580.000,2328,13558,5560.000
2014-10-24,5612.000,5622.000,5576.000,5618.000,2080,12914,5610.000
2014-10-27,5618.000,5620.000,5588.000,5598.000,1116,12778,5604.000
2014-10-28,5604.000,5610.000,5572.000,5606.000,962,12592,5596.000
2014-10-29,5600.000,5626.000,5600.000,5614.000,2024,12358,5618.000
2014-10-30,5618.000,5620.000,5550.000,5568.000,2918,11966,5582.000
2014-10-31,5552.000,5600.000,5368.000,5428.000,13816,11502,5484.000
2014-11-03,5420.000,5432.000,5368.000,5390.000,4352,12310,5402.000
2014-11-04,5384.000,5540.000,5334.000,5506.000,20824,9570,5492.000
2014-11-05,5480.000,5520.000,5450.000,5452.000,4706,8452,5486.000
2014-11-06,5460.000,5510.000,5440.000,5492.000,1588,8126,5494.000
2014-11-07,5492.000,5512.000,5490.000,5506.000,1234,7538,5504.000
2014-11-10,5510.000,5510.000,5492.000,5510.000,878,7260,5504.000
2014-11-11,5508.000,5512.000,5492.000,5510.000,1096,6860,5506.000
2014-11-12,5510.000,5512.000,5494.000,5508.000,832,6676,5506.000
2014-11-13,5506.000,5508.000,5470.000,5508.000,1438,6532,5488.000
2014-11-14,5504.000,5508.000,5484.000,5506.000,318,6442,5502.000
2014-11-17,5508.000,5510.000,5482.000,5482.000,482,6224,5506.000
2014-11-18,5478.000,5490.000,5448.000,5474.000,2982,6216,5462.000
2014-11-19,5456.000,5512.000,5456.000,5512.000,1710,5658,5496.000
2014-11-20,5500.000,5510.000,5470.000,5508.000,2044,4206,5498.000
2014-11-21,5500.000,5510.000,5470.000,5500.000,1146,3226,5506.000
2014-11-24,5518.000,5526.000,5498.000,5514.000,340,3226,5520.000
2014-11-25,5510.000,5518.000,5482.000,5488.000,364,3186,5496.000
2014-11-26,5488.000,5530.000,5450.000,5520.000,1194,3112,5504.000
2014-11-27,5530.000,5542.000,5502.000,5538.000,2926,1896,5530.000
2014-11-28,5530.000,5534.000,5520.000,5532.000,712,1374,5530.000
2014-12-01,5530.000,5530.000,5484.000,5530.000,354,1264,5518.000
2014-12-02,5528.000,5530.000,5508.000,5524.000,526,1070,5526.000
2014-12-03,5522.000,5528.000,5522.000,5528.000,252,918,5528.000
2014-12-04,5528.000,5546.000,5490.000,5494.000,1126,728,5524.000
2014-12-05,5470.000,5510.000,5422.000,5468.000,1256,698,5456.000
2014-12-08,5440.000,5478.000,5408.000,5464.000,120,662,5462.000
2014-12-09,5440.000,5502.000,5430.000,5500.000,236,610,5476.000
2014-12-10,5462.000,5556.000,5462.000,5554.000,250,514,5532.000
2014-12-11,5556.000,5598.000,5542.000,5542.000,202,372,5558.000
2014-12-12,5542.000,5582.000,5440.000,5554.000,140,330,5538.000
2014-12-15,5522.000,5582.000,5440.000,5518.000,54,290,5524.000
2014-12-16,5500.000,5562.000,5500.000,5544.000,18,284,5528.000
2014-12-17,5496.000,5542.000,5496.000,5536.000,26,272,5530.000
2014-12-18,5510.000,5542.000,5496.000,5528.000,40,248,5512.000
2014-12-19,5528.000,5540.000,5524.000,5532.000,116,210,5532.000
2014-12-22,5508.000,5610.000,5480.000,5492.000,58,146,5536.000
2014-12-23,5510.000,5610.000,5432.000,5472.000,54,114,5482.000
2014-12-24,5428.000,5510.000,5428.000,5452.000,18,98,5460.000
2014-12-25,5332.000,5372.000,5332.000,5356.000,0,104,5356.000
2014-12-26,5360.000,5372.000,5332.000,5360.000,16,104,5360.000
2014-12-29,5370.000,5370.000,5330.000,5350.000,12,114,5348.000
2014-12-30,5382.000,5382.000,5348.000,5360.000,44,118,5360.000
2014-12-31,5332.000,5376.000,5332.000,5368.000,10,120,5354.000
2015-01-05,5300.000,5376.000,5300.000,5344.000,58,132,5334.000
2015-01-06,5320.000,5386.000,5320.000,5344.000,18,136,5342.000
2015-01-07,5346.000,5388.000,5342.000,5342.000,26,130,5360.000
2015-01-08,5368.000,5388.000,5338.000,5350.000,16,128,5348.000
2015-01-09,5322.000,5384.000,5322.000,5342.000,160,128,5358.000
2015-01-12,5332.000,5398.000,5300.000,5386.000,252,154,5374.000
2015-01-13,5380.000,5442.000,5300.000,5400.000,120,154,5410.000
2015-01-14,5392.000,5442.000,5378.000,5400.000,56,150,5398.000
2015-01-15,5400.000,5410.000,5364.000,5388.000,114,152,5392.000
2015-01-16,5386.000,5410.000,5360.000,5384.000,52,136,5382.000
2015-01-19,5376.000,5388.000,5342.000,5342.000,90,172,5374.000
2015-01-20,5374.000,5388.000,5342.000,5370.000,52,166,5370.000
2015-01-21,5350.000,5370.000,5350.000,5350.000,20,158,5358.000
2015-01-22,5370.000,5396.000,5342.000,5358.000,142,148,5360.000
2015-01-23,5370.000,5396.000,5342.000,5364.000,16,150,5358.000
2015-01-26,5340.000,5366.000,5340.000,5358.000,14,150,5348.000
2015-01-27,5378.000,5378.000,5212.000,5220.000,70,154,5308.000
2015-01-28,5194.000,5200.000,5100.000,5160.000,278,246,5120.000
2015-01-29,5124.000,5136.000,5004.000,5124.000,478,272,5084.000
2015-01-30,5044.000,5144.000,5004.000,5044.000,478,272,5106.000
2015-02-02,5240.000,5240.000,5122.000,5130.000,44,268,5152.000
2015-02-03,5196.000,5196.000,5118.000,5170.000,46,286,5140.000
2015-02-04,5164.000,5196.000,5102.000,5140.000,268,266,5156.000
2015-02-05,5160.000,5196.000,5102.000,5186.000,38,258,5152.000
2015-02-06,5170.000,5186.000,5132.000,5140.000,30,256,5160.000
2015-02-09,5140.000,5158.000,5140.000,5154.000,36,254,5150.000
2015-02-10,5140.000,5208.000,5070.000,5160.000,108,190,5136.000
2015-02-11,5134.000,5208.000,5070.000,5164.000,16,186,5144.000
2015-02-12,5166.000,5166.000,5116.000,5152.000,12,184,5152.000
2015-02-13,5198.000,5198.000,5146.000,5194.000,22,182,5168.000
2015-02-16,5162.000,5202.000,5144.000,5168.000,36,172,5174.000
2015-02-17,5160.000,5202.000,5160.000,5160.000,24,166,5166.000
2015-02-26,5162.000,5198.000,5102.000,5142.000,74,142,5156.000
2015-02-27,5140.000,5176.000,5100.000,5126.000,66,148,5142.000
2015-03-02,5084.000,5180.000,5084.000,5180.000,118,128,5138.000
2015-03-03,5084.000,5184.000,5084.000,5174.000,120,126,5174.000
2015-03-04,5148.000,5196.000,5102.000,5106.000,46,128,5138.000
2015-03-05,5126.000,5196.000,5014.000,5126.000,54,132,5082.000
2015-03-06,5084.000,5126.000,5014.000,5122.000,20,134,5096.000
2015-03-09,5100.000,5154.000,5050.000,5118.000,54,122,5122.000
2015-03-10,5100.000,5148.000,5100.000,5130.000,56,120,5130.000
2015-03-11,5038.000,5132.000,5038.000,5084.000,46,128,5092.000
2015-03-12,5038.000,5132.000,5038.000,5094.000,0,128,5094.000
2015-03-13,5114.000,5124.000,5086.000,5086.000,12,128,5102.000
2015-03-16,5046.000,5124.000,5046.000,5052.000,14,122,5046.000
2015-03-17,5068.000,5068.000,5038.000,5066.000,4,122,5068.000
2015-03-18,5080.000,5080.000,5050.000,5050.000,20,120,5064.000
2015-03-19,5080.000,5080.000,5050.000,5064.000,0,120,5064.000
2015-03-20,5028.000,5066.000,5028.000,5028.000,4,118,5048.000
2015-03-23,5030.000,5100.000,5028.000,5038.000,22,116,5068.000
2015-03-24,5030.000,5100.000,5030.000,5068.000,0,116,5068.000
2015-03-27,4922.000,5016.000,4862.000,4888.000,14,118,4920.000
2015-03-30,4922.000,5016.000,4862.000,4920.000,0,118,4920.000
2015-03-31,4922.000,5016.000,4862.000,4920.000,14,118,4920.000
2015-04-01,4922.000,5016.000,4862.000,4900.000,0,118,4900.000
2015-04-07,5100.000,5100.000,4726.000,4820.000,42,116,4796.000
2015-04-08,4666.000,5100.000,4660.000,4666.000,44,118,4666.000
2015-04-09,4648.000,4672.000,4648.000,4666.000,12,116,4666.000
2015-04-10,4648.000,4656.000,4464.000,4500.000,88,80,4490.000
2015-04-13,4670.000,4684.000,4566.000,4684.000,48,92,4646.000
2015-04-14,4888.000,4898.000,4808.000,4850.000,26,90,4854.000
2015-04-15,4908.000,4908.000,4780.000,4854.000,14,84,4866.000
2015-04-16,4826.000,4908.000,4780.000,4876.000,18,80,4844.000
2015-04-17,4872.000,4876.000,4856.000,4856.000,14,80,4866.000
2015-04-20,4866.000,4954.000,4808.000,4818.000,46,64,4868.000
2015-04-21,4866.000,4954.000,4808.000,4840.000,12,60,4864.000
2015-04-22,4864.000,4926.000,4864.000,4876.000,18,46,4882.000
2015-04-23,4864.000,4926.000,4860.000,4880.000,22,42,4880.000
2015-04-24,4850.000,4890.000,4762.000,4762.000,8,38,4802.000
2015-04-27,4886.000,4996.000,4886.000,4996.000,24,26,4950.000
2015-04-28,4886.000,4996.000,4766.000,4930.000,28,22,4930.000
2015-04-29,4770.000,5000.000,4766.000,4996.000,16,14,4898.000
2015-04-30,5160.000,5160.000,4850.000,4850.000,16,2,5072.000
2015-05-04,4978.000,4978.000,4848.000,4868.000,14,4,4872.000
2015-05-05,4968.000,5046.000,4968.000,5018.000,24,8,4986.000
2015-05-06,5002.000,5046.000,4750.000,4980.000,30,10,4980.000
2015-05-07,5002.000,5002.000,4884.000,4964.000,6,6,4964.000
2015-05-08,5002.000,5002.000,4884.000,4964.000,0,6,4964.000
2015-05-11,5056.000,5096.000,4962.000,4978.000,30,22,5036.000
2015-05-12,5056.000,5096.000,4962.000,5014.000,36,16,5014.000
2015-05-13,4980.000,5054.000,4896.000,4964.000,20,16,4964.000
2015-05-14,5012.000,5018.000,4896.000,4982.000,26,6,4974.000
2015-05-15,5002.000,5056.000,4890.000,4992.000,8,6,5000.000
2015-05-18,5002.000,5056.000,4950.000,5000.000,0,6,5000.000
2015-05-19,5042.000,5134.000,4950.000,5088.000,36,30,5090.000
2015-05-20,4970.000,5078.000,4970.000,5000.000,50,32,5026.000
2015-05-21,4988.000,5100.000,4956.000,5006.000,18,30,5008.000
2015-05-22,4894.000,5100.000,4894.000,4994.000,44,28,4976.000
2015-05-25,4990.000,5034.000,4894.000,5016.000,40,28,5012.000
2015-05-26,5002.000,5034.000,4982.000,5000.000,6,28,5002.000
2015-05-27,5098.000,5098.000,4950.000,4950.000,22,30,5018.000
2015-05-28,5098.000,5098.000,4950.000,5018.000,0,30,5018.000
2015-05-29,5040.000,5044.000,4920.000,5044.000,12,24,5004.000
2015-06-01,5020.000,5044.000,4920.000,5020.000,2,26,5020.000
2015-06-02,5020.000,5020.000,5020.000,5020.000,0,26,5020.000
2015-06-03,4994.000,5048.000,4972.000,5048.000,8,26,5016.000
2015-06-04,4994.000,5048.000,4972.000,5012.000,0,24,5012.000
2015-06-05,4994.000,5048.000,4972.000,5012.000,10,24,5012.000
2015-06-08,4994.000,5048.000,4972.000,5012.000,0,24,5012.000
2015-06-09,4994.000,5048.000,4972.000,5012.000,10,24,5012.000
2015-06-10,4994.000,5048.000,4972.000,5012.000,0,24,5012.000
2015-06-11,4994.000,5048.000,4972.000,5012.000,10,24,5012.000
2015-06-16,4994.000,4996.000,4990.000,4994.000,12,8,4994.000
2015-06-17,4994.000,4994.000,4990.000,4994.000,0,8,4994.000
2015-06-18,4994.000,4994.000,4990.000,4994.000,12,8,4994.000
2015-06-19,4994.000,4994.000,4990.000,4994.000,0,8,4994.000
2015-06-30,4952.000,4952.000,4950.000,4950.000,8,2,4952.000
2015-07-01,4270.000,4788.000,4270.000,4562.000,0,2,4562.000
2015-07-03,4986.000,4986.000,4986.000,4986.000,2,2,4986.000
2015-07-07,4484.000,4498.000,4484.000,4492.000,0,2,4492.000
2015-07-08,4920.000,4980.000,4704.000,4708.000,110,38,0.000
2015-07-09,4924.000,4986.000,4704.000,4948.000,24,36,4756.000
2015-07-10,5036.000,5128.000,5036.000,5082.000,8,36,5082.000
2015-07-13,5082.000,5082.000,4920.000,4946.000,36,30,4974.000
2015-07-14,5082.000,5082.000,4920.000,4974.000,0,30,4974.000
2015-07-15,4940.000,5022.000,4906.000,4930.000,14,28,4940.000
2015-07-16,5120.000,5120.000,4904.000,4904.000,12,36,4940.000
2015-07-17,4980.000,5120.000,4904.000,4962.000,30,34,4940.000
2015-07-20,4950.000,5068.000,4950.000,5068.000,20,28,5030.000
2015-07-21,5102.000,5136.000,4950.000,5086.000,38,36,5104.000
2015-07-22,5170.000,5170.000,4912.000,5048.000,36,22,5032.000
2015-07-23,5064.000,5170.000,4912.000,5052.000,18,22,5044.000
2015-07-24,5066.000,5076.000,4922.000,5066.000,2,24,5066.000
2015-07-27,5066.000,5066.000,5066.000,5066.000,0,24,5066.000
2015-07-28,5068.000,5070.000,5000.000,5000.000,12,20,5036.000
2015-07-29,5010.000,5070.000,5000.000,5010.000,2,18,5010.000
2015-07-30,5052.000,5052.000,5010.000,5052.000,4,14,5052.000
2015-07-31,5052.000,5052.000,5052.000,5052.000,0,14,5052.000
2015-08-03,4952.000,5052.000,4952.000,4952.000,4,14,4952.000
2015-08-04,4998.000,5000.000,4952.000,5000.000,4,14,5000.000
2015-08-05,5098.000,5098.000,4998.000,5068.000,8,14,5092.000
2015-08-06,5106.000,5106.000,5068.000,5106.000,2,14,5106.000
2015-08-07,5066.000,5106.000,5054.000,5054.000,8,6,5060.000
2015-08-10,5006.000,5006.000,5006.000,5006.000,0,12,5006.000
2015-08-11,5020.000,5020.000,5006.000,5020.000,4,12,5020.000
2015-08-12,4998.000,5020.000,4998.000,4998.000,2,12,4998.000
2015-08-13,5022.000,5088.000,4836.000,4902.000,10,12,4974.000
2015-08-14,4992.000,5088.000,4836.000,4994.000,6,14,4994.000
2015-08-17,5194.000,5194.000,4918.000,5018.000,58,32,5034.000
2015-08-18,4924.000,5194.000,4882.000,5048.000,38,34,4972.000
2015-08-19,4884.000,5048.000,4882.000,5000.000,16,28,4990.000
2015-08-20,4884.000,5010.000,4884.000,4990.000,0,28,4990.000
2015-08-21,5010.000,5010.000,4884.000,4990.000,16,28,4990.000
2015-08-24,4812.000,5010.000,4812.000,4838.000,12,28,4892.000
2015-08-25,4916.000,5004.000,4812.000,4916.000,2,28,4884.000
2015-08-26,4752.000,4752.000,4752.000,4752.000,0,26,4752.000
2015-08-27,4944.000,4944.000,4752.000,4810.000,10,26,4890.000
2015-08-28,4816.000,5084.000,4816.000,4886.000,30,28,4976.000
2015-08-31,4908.000,5084.000,4816.000,5030.000,16,32,4964.000
2015-09-01,4852.000,5054.000,4852.000,5020.000,26,34,5002.000
2015-09-02,5030.000,5054.000,4852.000,5036.000,6,36,5016.000
2015-09-03,5030.000,5036.000,5002.000,5024.000,0,36,5024.000
2015-09-08,5012.000,5046.000,5000.000,5010.000,4,40,5012.000
2015-09-09,5002.000,5056.000,4886.000,4958.000,12,40,4966.000
2015-09-10,5032.000,5056.000,4886.000,4990.000,20,40,5012.000
2015-09-11,5032.000,5032.000,4990.000,5012.000,0,40,5012.000
2015-09-14,5032.000,5032.000,4990.000,5012.000,20,40,5012.000
2015-09-15,5130.000,5214.000,4878.000,4878.000,362,36,5112.000
2015-09-16,4906.000,5086.000,4906.000,4906.000,68,46,4990.000
2015-09-17,5028.000,5086.000,4906.000,4974.000,40,42,5012.000
2015-09-18,4970.000,5030.000,4920.000,4920.000,6,46,4954.000
2015-09-21,4902.000,5046.000,4902.000,5006.000,26,52,4996.000
2015-09-22,5002.000,5046.000,4804.000,4980.000,30,48,4968.000
2015-09-23,5002.000,5002.000,4804.000,4968.000,0,48,4968.000
2015-09-24,5000.000,5006.000,4804.000,4944.000,30,48,4944.000
2015-09-25,4900.000,5006.000,4844.000,4956.000,10,50,4956.000
2015-09-28,4908.000,4992.000,4900.000,4908.000,16,50,4920.000
2015-09-29,4950.000,4978.000,4878.000,4958.000,10,48,4940.000
2015-09-30,4996.000,5020.000,4878.000,4986.000,20,42,4998.000
2015-10-01,4996.000,5020.000,4910.000,4998.000,0,42,4998.000
2015-10-09,4936.000,4938.000,4840.000,4930.000,40,38,4926.000
2015-10-12,4874.000,4938.000,4840.000,4906.000,6,38,4894.000
2015-10-13,4946.000,4946.000,4872.000,4876.000,8,40,4894.000
2015-10-14,4958.000,4958.000,4720.000,4762.000,76,44,4808.000
2015-10-15,4786.000,4958.000,4720.000,4754.000,20,40,4752.000
2015-10-16,4564.000,4856.000,4562.000,4790.000,42,54,4782.000
2015-10-19,4768.000,4856.000,4562.000,4780.000,6,50,4778.000
2015-10-20,4800.000,4806.000,4768.000,4784.000,12,42,4796.000
2015-10-21,4716.000,4806.000,4604.000,4656.000,18,44,4650.000
2015-10-22,4532.000,4612.000,4532.000,4534.000,26,44,4574.000
2015-10-23,4618.000,4710.000,4532.000,4560.000,58,52,4648.000
2015-10-26,4564.000,4710.000,4518.000,4538.000,106,74,4572.000
2015-10-27,4568.000,4568.000,4386.000,4386.000,104,94,4420.000
2015-10-28,4244.000,4468.000,4118.000,4134.000,222,160,4236.000
2015-10-29,4150.000,4178.000,4062.000,4062.000,826,542,4090.000
2015-10-30,3988.000,3988.000,3802.000,3802.000,2802,994,3858.000
2015-11-02,3802.000,4008.000,3754.000,4000.000,6408,1250,3954.000
2015-11-03,4000.000,4046.000,3938.000,4006.000,8452,1528,4010.000
2015-11-04,4010.000,4016.000,3848.000,3920.000,6746,1460,3924.000
2015-11-05,3898.000,3920.000,3856.000,3866.000,1966,1172,3896.000
2015-11-06,3846.000,3896.000,3810.000,3878.000,1032,826,3876.000
2015-11-09,3870.000,3984.000,3870.000,3922.000,1670,830,3950.000
2015-11-10,3914.000,3978.000,3870.000,3958.000,1366,640,3912.000
2015-11-11,3936.000,3960.000,3764.000,3770.000,1992,1100,3900.000
2015-11-12,3794.000,3860.000,3712.000,3712.000,4610,1912,3728.000
2015-11-13,3702.000,3738.000,3650.000,3718.000,3076,1298,3712.000
2015-11-16,3690.000,3790.000,3664.000,3698.000,2342,1042,3738.000
2015-11-17,3700.000,3736.000,3630.000,3720.000,1774,1004,3684.000
2015-11-18,3742.000,3770.000,3702.000,3738.000,1350,1018,3740.000
2015-11-19,3718.000,3718.000,3612.000,3680.000,1540,1082,3664.000
2015-11-20,3700.000,3726.000,3620.000,3652.000,1098,960,3662.000
2015-11-23,3652.000,3726.000,3620.000,3644.000,212,892,3670.000
2015-11-24,3530.000,3684.000,3450.000,3610.000,1554,990,3504.000
2015-11-25,3666.000,3682.000,3586.000,3608.000,538,878,3660.000
2015-11-26,3622.000,3682.000,3550.000,3550.000,1566,892,3628.000
2015-11-27,3544.000,3574.000,3506.000,3508.000,686,962,3528.000
2015-11-30,3474.000,3548.000,3452.000,3548.000,606,980,3508.000
2015-12-01,3576.000,3580.000,3530.000,3548.000,418,998,3552.000
2015-12-02,3570.000,3598.000,3466.000,3538.000,2192,1294,3506.000
2015-12-03,3518.000,3518.000,3404.000,3410.000,1462,1580,3428.000
2015-12-04,3410.000,3466.000,3366.000,3408.000,1976,1618,3420.000
2015-12-07,3398.000,3558.000,3388.000,3524.000,3130,1134,3518.000
2015-12-08,3482.000,3552.000,3432.000,3470.000,2346,884,3512.000
2015-12-09,3490.000,3524.000,3460.000,3468.000,726,668,3494.000
2015-12-10,3464.000,3500.000,3436.000,3474.000,294,606,3484.000
2015-12-11,3498.000,3530.000,3436.000,3504.000,222,504,3502.000
2015-12-14,3528.000,3556.000,3496.000,3500.000,356,414,3526.000
2015-12-15,3526.000,3578.000,3514.000,3546.000,542,380,3564.000
2015-12-16,3558.000,3638.000,3558.000,3626.000,354,320,3604.000
2015-12-17,3612.000,3638.000,3558.000,3628.000,112,286,3618.000
2015-12-18,3630.000,3734.000,3608.000,3734.000,194,204,3658.000
2015-12-21,3770.000,3788.000,3618.000,3766.000,282,136,3762.000
2015-12-22,3732.000,3788.000,3634.000,3702.000,256,142,3674.000
2015-12-23,3670.000,3746.000,3618.000,3640.000,78,98,3644.000
2015-12-24,3616.000,3678.000,3600.000,3640.000,28,90,3620.000
2015-12-25,3680.000,3680.000,3572.000,3588.000,42,80,3594.000
2015-12-28,3630.000,3714.000,3600.000,3688.000,16,84,3646.000
2015-12-29,3656.000,3706.000,3600.000,3706.000,30,86,3692.000
2015-12-30,3720.000,3720.000,3656.000,3696.000,34,92,3712.000
2015-12-31,3734.000,3738.000,3696.000,3738.000,16,102,3728.000
2016-01-04,3628.000,3738.000,3626.000,3706.000,42,114,3692.000
2016-01-05,3666.000,3668.000,3580.000,3614.000,150,154,3606.000
2016-01-06,3590.000,3648.000,3582.000,3616.000,88,180,3616.000
2016-01-07,3638.000,3648.000,3582.000,3648.000,52,198,3636.000
2016-01-08,3648.000,3784.000,3624.000,3782.000,432,254,3758.000
2016-01-11,3830.000,3884.000,3714.000,3878.000,532,486,3868.000
2016-01-12,3916.000,3978.000,3816.000,3850.000,494,512,3876.000
2016-01-13,3848.000,3904.000,3826.000,3898.000,340,472,3864.000
2016-01-14,3962.000,4020.000,3850.000,4020.000,1104,668,3988.000
2016-01-15,4138.000,4180.000,4020.000,4028.000,2788,756,4120.000
2016-01-18,4050.000,4194.000,4022.000,4052.000,2010,804,4118.000
2016-01-19,4052.000,4108.000,4050.000,4082.000,704,746,4080.000
2016-01-20,4048.000,4054.000,3972.000,4018.000,1548,742,4008.000
2016-01-21,4024.000,4126.000,4024.000,4050.000,794,702,4070.000
2016-01-22,4114.000,4148.000,4050.000,4078.000,816,660,4110.000
2016-01-25,4108.000,4108.000,4040.000,4068.000,306,692,4066.000
2016-01-26,4052.000,4120.000,4052.000,4102.000,336,588,4100.000
2016-01-27,4102.000,4148.000,4052.000,4120.000,264,534,4126.000
2016-01-28,4068.000,4178.000,4028.000,4064.000,348,560,4084.000
2016-01-29,4076.000,4178.000,4028.000,4120.000,336,558,4088.000
2016-02-01,4114.000,4126.000,4048.000,4124.000,266,516,4114.000
2016-02-02,4134.000,4148.000,4092.000,4112.000,124,502,4108.000
2016-02-03,4098.000,4132.000,4090.000,4126.000,104,462,4104.000
2016-02-04,4196.000,4196.000,4130.000,4132.000,416,328,4160.000
2016-02-05,4150.000,4186.000,4150.000,4186.000,150,242,4168.000
2016-02-15,4240.000,4240.000,4104.000,4218.000,70,234,4168.000
2016-02-16,4190.000,4240.000,4104.000,4214.000,144,262,4194.000
2016-02-17,4100.000,4218.000,4100.000,4150.000,128,228,4166.000
2016-02-18,4140.000,4190.000,4140.000,4156.000,64,234,4164.000
2016-02-19,4150.000,4214.000,4140.000,4214.000,62,234,4184.000
2016-02-22,4242.000,4330.000,4150.000,4302.000,252,218,4306.000
2016-02-23,4300.000,4300.000,4252.000,4284.000,80,202,4276.000
2016-02-24,4230.000,4300.000,4210.000,4288.000,138,246,4256.000
2016-02-25,4290.000,4338.000,4210.000,4276.000,96,232,4296.000
2016-02-26,4280.000,4280.000,4160.000,4258.000,250,200,4208.000
2016-02-29,4244.000,4308.000,4160.000,4290.000,144,226,4274.000
2016-03-01,4286.000,4446.000,4232.000,4446.000,456,350,4400.000
2016-03-02,4488.000,4708.000,4488.000,4702.000,2160,902,4686.000
2016-03-03,4740.000,4790.000,4690.000,4728.000,3138,1038,4734.000
2016-03-04,4766.000,4778.000,4614.000,4678.000,2264,740,4686.000
2016-03-07,4874.000,4874.000,4874.000,4874.000,208,726,4874.000
2016-03-08,5216.000,5216.000,4864.000,5098.000,1390,660,5084.000
2016-03-09,4902.000,4986.000,4900.000,4902.000,1258,488,4922.000
2016-03-10,5080.000,5150.000,4674.000,4722.000,954,508,4836.000
2016-03-11,4700.000,4988.000,4698.000,4788.000,1162,502,4844.000
2016-03-14,4844.000,4988.000,4698.000,4800.000,654,558,4860.000
2016-03-15,4850.000,4964.000,4762.000,4822.000,556,506,4822.000
2016-03-16,4872.000,4924.000,4762.000,4916.000,400,520,4844.000
2016-03-17,4952.000,4978.000,4842.000,4936.000,466,512,4926.000
2016-03-18,5014.000,5014.000,4870.000,4904.000,486,536,4946.000
2016-03-21,4850.000,5014.000,4748.000,4748.000,584,634,4818.000
2016-03-22,4704.000,4800.000,4704.000,4718.000,560,532,4752.000
2016-03-23,4800.000,4806.000,4606.000,4630.000,486,502,4738.000
2016-03-24,4618.000,4686.000,4548.000,4630.000,920,426,4608.000
2016-03-25,4706.000,4710.000,4608.000,4674.000,266,442,4666.000
2016-03-28,4664.000,4714.000,4478.000,4552.000,2544,524,4526.000
2016-03-29,4586.000,4714.000,4478.000,4528.000,618,558,4530.000
2016-03-30,4524.000,4540.000,4482.000,4482.000,352,622,4518.000
2016-03-31,4450.000,4530.000,4404.000,4510.000,224,612,4502.000
2016-04-01,4530.000,4600.000,4474.000,4520.000,510,584,4536.000
2016-04-06,4510.000,4510.000,4464.000,4510.000,236,528,4490.000
2016-04-07,4506.000,4528.000,4470.000,4498.000,204,550,4502.000
2016-04-08,4490.000,4498.000,4458.000,4496.000,146,512,4474.000
2016-04-11,4578.000,4590.000,4476.000,4480.000,430,556,4518.000
2016-04-12,4510.000,4520.000,4414.000,4502.000,536,474,4474.000
2016-04-13,4504.000,4654.000,4504.000,4546.000,1498,760,4584.000
2016-04-14,4526.000,4650.000,4520.000,4552.000,1018,1042,4604.000
2016-04-15,4554.000,4592.000,4418.000,4418.000,942,884,4472.000
2016-04-18,4390.000,4490.000,4204.000,4310.000,868,818,4378.000
2016-04-19,4374.000,4378.000,4216.000,4232.000,940,624,4298.000
2016-04-20,4288.000,4360.000,4208.000,4356.000,1102,540,4290.000
2016-04-21,4388.000,4452.000,4308.000,4404.000,1098,522,4390.000
2016-04-22,4366.000,4366.000,4290.000,4296.000,524,454,4314.000
2016-04-25,4288.000,4366.000,4270.000,4288.000,138,394,4308.000
2016-04-26,4224.000,4338.000,4224.000,4336.000,176,326,4310.000
2016-04-27,4310.000,4398.000,4224.000,4310.000,256,270,4312.000
2016-04-28,4184.000,4358.000,4184.000,4200.000,68,256,4248.000
2016-04-29,4238.000,4436.000,4130.000,4130.000,212,154,4196.000
2016-05-03,4352.000,4392.000,4342.000,4352.000,168,256,4368.000
2016-05-04,4366.000,4392.000,4334.000,4346.000,116,254,4352.000
2016-05-05,4348.000,4368.000,4286.000,4328.000,284,222,4328.000
2016-05-06,4258.000,4282.000,4212.000,4224.000,114,224,4236.000
2016-05-09,4220.000,4282.000,4066.000,4066.000,312,310,4096.000
2016-05-10,3984.000,4118.000,3984.000,4118.000,348,316,4046.000
2016-05-11,4152.000,4152.000,3988.000,4068.000,414,398,4046.000
2016-05-12,4026.000,4152.000,3988.000,4014.000,310,470,4034.000
2016-05-13,3996.000,4098.000,3874.000,4080.000,1072,422,4008.000
2016-05-16,4080.000,4134.000,4022.000,4092.000,216,388,4082.000
2016-05-17,4032.000,4116.000,4032.000,4084.000,268,396,4082.000
2016-05-18,4116.000,4138.000,4002.000,4020.000,184,378,4084.000
2016-05-19,4026.000,4094.000,4026.000,4088.000,88,374,4070.000
2016-05-20,4106.000,4106.000,3934.000,3952.000,1498,768,3970.000
2016-05-23,3862.000,3974.000,3862.000,3934.000,570,702,3940.000
2016-05-24,3964.000,3984.000,3890.000,3956.000,278,748,3956.000
2016-05-25,3990.000,4022.000,3890.000,3958.000,402,866,3980.000
2016-05-26,3970.000,3990.000,3960.000,3966.000,116,856,3978.000
2016-05-27,3950.000,3998.000,3950.000,3970.000,204,822,3978.000
2016-05-30,3872.000,4000.000,3872.000,3976.000,130,816,3970.000
2016-05-31,3958.000,4006.000,3872.000,3966.000,214,842,3974.000
2016-06-01,3904.000,3988.000,3904.000,3952.000,52,850,3962.000
2016-06-02,3994.000,4122.000,3904.000,4122.000,486,812,4064.000
2016-06-03,4142.000,4270.000,4142.000,4176.000,640,698,4222.000
2016-06-06,4208.000,4214.000,4120.000,4130.000,320,642,4168.000
2016-06-07,4216.000,4216.000,4132.000,4154.000,198,672,4172.000
2016-06-08,4162.000,4184.000,4116.000,4174.000,76,682,4166.000
2016-06-13,4150.000,4198.000,4116.000,4156.000,286,672,4156.000
2016-06-14,4066.000,4144.000,4066.000,4130.000,216,736,4112.000
2016-06-15,4146.000,4148.000,4066.000,4132.000,42,744,4128.000
2016-06-16,4132.000,4140.000,4096.000,4116.000,62,740,4122.000
2016-06-17,4180.000,4180.000,4110.000,4116.000,40,744,4124.000
2016-06-20,4136.000,4180.000,4110.000,4128.000,92,736,4154.000
2016-06-21,4108.000,4178.000,4098.000,4108.000,130,736,4118.000
2016-06-22,4118.000,4150.000,4098.000,4124.000,62,732,4128.000
2016-06-23,4100.000,4138.000,4100.000,4104.000,74,740,4110.000
2016-06-24,4080.000,4100.000,4006.000,4016.000,416,866,4036.000
2016-06-27,4016.000,4134.000,3958.000,4114.000,642,778,4052.000
2016-06-28,4136.000,4228.000,4076.000,4176.000,432,642,4158.000
2016-06-29,4182.000,4200.000,4110.000,4134.000,238,636,4156.000
2016-06-30,4120.000,4200.000,4110.000,4152.000,366,610,4146.000
2016-07-01,4178.000,4178.000,4136.000,4166.000,368,548,4162.000
2016-07-04,4244.000,4330.000,4200.000,4330.000,1086,644,4292.000
2016-07-05,4330.000,4330.000,4072.000,4150.000,698,576,4154.000
2016-07-06,4040.000,4108.000,4020.000,4078.000,666,616,4050.000
2016-07-07,4078.000,4118.000,4020.000,4078.000,298,582,4082.000
2016-07-08,4042.000,4122.000,4022.000,4098.000,194,526,4082.000
2016-07-11,4134.000,4486.000,4000.000,4160.000,10,4010,4156.000
2016-07-12,4434.000,4436.000,4274.000,4332.000,36,4012,4356.000
2016-07-13,4448.000,4474.000,4252.000,4252.000,24,4008,4372.000
2016-07-14,4212.000,4474.000,4212.000,4328.000,6,4010,4252.000
2016-07-15,4328.000,4418.000,4132.000,4310.000,20,4012,4330.000
2016-07-18,4328.000,4418.000,4132.000,4330.000,0,4012,4330.000
2016-07-19,4210.000,4210.000,4210.000,4210.000,4,4008,4210.000
2016-07-20,4210.000,4210.000,4210.000,4210.000,2,4008,4210.000
2016-07-21,4102.000,4210.000,4102.000,4102.000,0,4006,4102.000
2016-07-22,4102.000,4102.000,4102.000,4102.000,2,4006,4102.000
2016-07-26,4622.000,4624.000,4408.000,4624.000,10,2008,4580.000
2016-07-27,4736.000,4766.000,4502.000,4548.000,13116,3630,4652.000
2016-07-28,4234.000,4234.000,4234.000,4234.000,0,4006,4234.000
2016-07-29,4588.000,4598.000,4422.000,4438.000,1916,4308,4572.000
2016-08-01,4320.000,4320.000,4318.000,4320.000,0,4408,4320.000
2016-08-02,4320.000,4320.000,4318.000,4402.000,2400,4408,4402.000
2016-08-03,4478.000,4696.000,4202.000,4432.000,35064,4782,4620.000
2016-08-04,4592.000,4592.000,4418.000,4426.000,18116,4782,4484.000
2016-08-05,4484.000,4602.000,4464.000,4532.000,17462,4388,4548.000
2016-08-08,4320.000,4320.000,4318.000,4280.000,2400,4408,4280.000
2016-08-09,4320.000,4320.000,4318.000,4108.000,0,4408,4108.000
2016-08-10,4320.000,4320.000,4318.000,4268.000,2400,4408,4268.000
2016-08-11,4168.000,4440.000,4168.000,4440.000,10,4408,4386.000
2016-08-12,4168.000,4440.000,4168.000,4386.000,0,4408,4386.000
2016-08-15,4168.000,4440.000,4168.000,4402.000,10,4408,4402.000
2016-08-16,4168.000,4440.000,4168.000,4402.000,0,4408,4402.000
2016-08-17,4504.000,4696.000,4168.000,4550.000,10,4408,4550.000
2016-08-18,4664.000,4740.000,4504.000,4612.000,36,4414,4672.000
2016-08-19,4530.000,4740.000,4530.000,4530.000,4,4410,4530.000
2016-08-22,4530.000,4530.000,4530.000,4530.000,0,4410,4530.000
2016-08-23,4530.000,4530.000,4530.000,4530.000,4,4410,4530.000
2016-08-24,4382.000,4530.000,4382.000,4500.000,6,4408,4432.000
2016-08-25,4382.000,4500.000,4382.000,4432.000,0,4408,4432.000
2016-08-26,4382.000,4500.000,4382.000,4432.000,6,4408,4432.000
2016-08-29,4382.000,4500.000,4382.000,4432.000,0,4408,4432.000
2016-08-30,4382.000,4500.000,4382.000,4432.000,6,4408,4432.000
2016-08-31,4382.000,4500.000,4382.000,4432.000,0,4408,4432.000
2016-09-01,4382.000,4500.000,4382.000,4432.000,6,4408,4432.000
2016-09-02,4382.000,4500.000,4382.000,4444.000,0,4408,4444.000
2016-09-05,4538.000,4744.000,4382.000,4734.000,14,4418,4670.000
2016-09-06,4538.000,4744.000,4538.000,4732.000,0,4418,4732.000
2016-09-07,4862.000,4862.000,4538.000,4628.000,14,4416,4728.000
2016-09-08,4880.000,4880.000,4628.000,4780.000,6,4416,4826.000
2016-09-09,4880.000,4880.000,4772.000,4812.000,0,4416,4812.000
2016-09-12,4880.000,4880.000,4772.000,4812.000,6,4416,4812.000
2016-09-13,4880.000,4880.000,4772.000,4812.000,0,4416,4812.000
2016-09-14,4702.000,4880.000,4702.000,4702.000,6,4414,4702.000
2016-09-19,4702.000,4702.000,4702.000,4702.000,2,4414,4766.000
2016-09-20,5052.000,5052.000,4702.000,4884.000,4,4416,4968.000
2016-09-21,5052.000,5052.000,4884.000,4968.000,0,4416,4968.000
2016-09-22,5078.000,5108.000,4884.000,4982.000,8,4418,5068.000
2016-09-23,4920.000,5108.000,4914.000,4998.000,10,4418,4964.000
2016-09-26,5158.000,5158.000,4914.000,5148.000,406,4018,5102.000
2016-09-27,5000.000,5120.000,5000.000,5120.000,4000,18,5060.000
2016-09-28,5264.000,5290.000,5106.000,5128.000,5592,3402,5192.000
2016-09-29,5174.000,5230.000,5078.000,5120.000,4676,3530,5126.000
2016-09-30,5104.000,5190.000,4950.000,5134.000,3972,2536,5114.000
2016-10-10,5100.000,5450.000,4982.000,5134.000,2930,2092,5134.000
2016-10-11,5176.000,5338.000,5110.000,5310.000,7276,2992,5262.000
2016-10-12,5320.000,5476.000,5298.000,5476.000,15016,6974,5452.000
2016-10-13,5512.000,5686.000,5512.000,5660.000,25666,7346,5618.000
2016-10-14,5670.000,5746.000,5604.000,5710.000,17168,8050,5712.000
2016-10-17,5750.000,5862.000,5692.000,5770.000,17212,7674,5786.000
2016-10-18,5730.000,5754.000,5560.000,5598.000,25418,9378,5644.000
2016-10-19,5636.000,5788.000,5516.000,5548.000,28084,10782,5610.000
2016-10-20,5596.000,5628.000,5474.000,5492.000,15032,14808,5524.000
2016-10-21,5480.000,5480.000,5350.000,5374.000,15414,14250,5394.000
2016-10-24,5380.000,5460.000,5340.000,5392.000,15464,17632,5400.000
2016-10-27,5388.000,5450.000,5230.000,5260.000,32084,25226,5348.000
2016-10-28,5300.000,5412.000,5266.000,5380.000,26720,27274,5358.000
2016-10-31,5406.000,5442.000,5366.000,5412.000,23596,31496,5412.000
2016-11-01,5428.000,5502.000,5370.000,5388.000,38238,33080,5452.000
2016-11-02,5404.000,5458.000,5322.000,5416.000,28962,34104,5404.000
2016-11-03,5426.000,5622.000,5400.000,5456.000,91882,39572,5526.000
2016-11-04,5530.000,5600.000,5452.000,5494.000,42096,36562,5524.000
2016-11-07,5542.000,5650.000,5480.000,5540.000,43352,36744,5572.000
2016-11-08,5564.000,5594.000,5502.000,5542.000,37790,33302,5562.000
2016-11-09,5594.000,5600.000,5546.000,5566.000,25502,33162,5576.000
2016-11-10,5580.000,5590.000,5504.000,5540.000,16336,33076,5562.000
2016-11-11,5558.000,5688.000,5542.000,5560.000,35116,33508,5602.000
2016-11-14,5382.000,5600.000,5320.000,5448.000,35270,28094,5468.000
2016-11-15,5488.000,5580.000,5300.000,5404.000,20232,27756,5428.000
2016-11-16,5454.000,5532.000,5410.000,5500.000,14978,26364,5476.000
2016-11-17,5450.000,5496.000,5434.000,5476.000,8168,26054,5460.000
2016-11-18,5490.000,5560.000,5388.000,5528.000,19924,25544,5496.000
2016-11-21,5526.000,5586.000,5428.000,5580.000,14306,23552,5518.000
2016-11-22,5638.000,5656.000,5582.000,5630.000,16850,21642,5620.000
2016-11-23,5644.000,5734.000,5608.000,5654.000,10018,21568,5646.000
2016-11-24,5686.000,5750.000,5566.000,5656.000,10340,21300,5658.000
2016-11-25,5680.000,5710.000,5552.000,5672.000,14834,15686,5636.000
2016-11-28,5690.000,5816.000,5642.000,5792.000,7246,16318,5736.000
2016-11-29,5772.000,5898.000,5556.000,5706.000,16714,15382,5732.000
2016-11-30,5624.000,5716.000,5566.000,5686.000,7306,15426,5656.000
2016-12-01,5704.000,5710.000,5576.000,5596.000,5408,14726,5626.000
2016-12-02,5618.000,5618.000,5458.000,5480.000,5978,13962,5526.000
2016-12-05,5508.000,5534.000,5430.000,5446.000,5810,13932,5478.000
2016-12-06,5472.000,5504.000,5438.000,5448.000,3658,12738,5468.000
2016-12-07,5452.000,5540.000,5452.000,5452.000,2238,12528,5470.000
2016-12-08,5406.000,5414.000,5404.000,5414.000,1292,12580,0.000
2016-12-14,5400.000,5450.000,5328.000,5388.000,704,10204,5410.000
2016-12-15,5344.000,5398.000,5312.000,5364.000,1240,9442,5366.000
2016-12-16,5398.000,5398.000,5356.000,5374.000,474,9184,5380.000
2016-12-19,5360.000,5398.000,5360.000,5386.000,1020,8380,5376.000
2016-12-20,5430.000,5440.000,5340.000,5366.000,1338,7400,5370.000
2016-12-21,5416.000,5420.000,5182.000,5244.000,2270,6628,5278.000
2016-12-22,5220.000,5344.000,5220.000,5270.000,1198,6038,5292.000
2016-12-23,5310.000,5314.000,5180.000,5180.000,476,5954,5256.000
2016-12-26,5266.000,5266.000,5136.000,5176.000,1536,4822,5172.000
2016-12-27,5164.000,5168.000,5066.000,5154.000,1160,4130,5122.000
2016-12-28,5256.000,5256.000,5072.000,5186.000,1728,2684,5140.000
2016-12-29,5118.000,5152.000,5082.000,5120.000,414,2754,5126.000
2016-12-30,5042.000,5212.000,5040.000,5196.000,892,2578,5164.000
2017-01-03,4908.000,5378.000,4908.000,4908.000,8,98,4908.000
2017-01-04,5160.000,5200.000,5080.000,5190.000,1408,2550,5166.000
2017-01-05,5240.000,5240.000,5152.000,5164.000,886,2604,5190.000
2017-01-06,5120.000,5194.000,4986.000,5028.000,2444,2802,5116.000
2017-01-09,5008.000,5028.000,4858.000,4858.000,2602,3838,4922.000
2017-01-10,4830.000,5042.000,4820.000,5010.000,7830,3392,4952.000
2017-01-11,5038.000,5090.000,4968.000,5012.000,2946,3164,5026.000
2017-01-12,5034.000,5194.000,4968.000,5030.000,6204,3810,5056.000
2017-01-13,5056.000,5086.000,4990.000,5018.000,2492,3730,5024.000
2017-01-16,5096.000,5166.000,5070.000,5094.000,3138,3770,5104.000
2017-01-17,5088.000,5088.000,4894.000,4926.000,2700,3666,4982.000
2017-01-18,4926.000,4956.000,4860.000,4900.000,2598,4208,4914.000
2017-01-19,4908.000,4948.000,4888.000,4902.000,2132,4140,4920.000
2017-01-20,4886.000,4928.000,4842.000,4900.000,1588,3870,4908.000
2017-01-23,4942.000,4942.000,4896.000,4902.000,1884,3866,4916.000
2017-01-24,4918.000,5002.000,4902.000,4968.000,1588,3694,4954.000
2017-01-25,4968.000,4998.000,4888.000,4928.000,1174,3520,4962.000
2017-01-26,4948.000,4998.000,4888.000,4954.000,2014,3372,4914.000
2017-02-03,4994.000,5046.000,4890.000,4952.000,2610,3794,4992.000
2017-02-06,4960.000,5020.000,4912.000,4992.000,3154,4350,4984.000
2017-02-07,4992.000,5194.000,4750.000,4926.000,3016,4010,4932.000
2017-02-08,4932.000,4990.000,4932.000,4962.000,1928,4170,4958.000
2017-02-09,4970.000,5000.000,4940.000,4952.000,1780,4194,4982.000
2017-02-10,4978.000,5016.000,4958.000,4994.000,2394,4264,4988.000
2017-02-13,5004.000,5120.000,5004.000,5086.000,2972,4372,5074.000
2017-02-14,5090.000,5096.000,5012.000,5060.000,1402,4154,5048.000
2017-02-15,5026.000,5040.000,4890.000,4932.000,5068,4338,4942.000
2017-02-16,4938.000,5058.000,4882.000,5032.000,4458,3912,5000.000
2017-02-17,5034.000,5142.000,5012.000,5076.000,4592,4216,5078.000
2017-02-20,5100.000,5150.000,5074.000,5104.000,2464,4130,5110.000
2017-02-21,5154.000,5322.000,5154.000,5248.000,112,8058,5262.000
2017-02-22,5356.000,5356.000,5222.000,5316.000,108,8060,5294.000
2017-02-23,5276.000,5424.000,5276.000,5378.000,388,8104,5386.000
2017-02-24,5320.000,5378.000,5256.000,5366.000,284,8096,5326.000
2017-02-27,5400.000,5536.000,5322.000,5398.000,196,8138,5382.000
2017-02-28,5434.000,5536.000,5322.000,5354.000,56,8130,5376.000
2017-03-03,5348.000,5494.000,5318.000,5494.000,86,8136,5412.000
2017-03-06,5590.000,5598.000,5492.000,5566.000,182,8118,5560.000
2017-03-07,5534.000,5668.000,5534.000,5668.000,378,8220,5618.000
2017-03-08,5684.000,5684.000,5606.000,5676.000,692,8326,5644.000
2017-03-09,5688.000,5688.000,5406.000,5622.000,496,8280,5616.000
2017-03-10,5628.000,5722.000,5506.000,5586.000,642,8290,5634.000
2017-03-13,5534.000,5608.000,5512.000,5582.000,8398,274,5536.000
2017-03-15,5424.000,5588.000,5402.000,5536.000,4816,3384,5544.000
2017-03-17,5566.000,5854.000,5566.000,5854.000,19002,8434,5824.000
2017-03-20,5966.000,6232.000,5966.000,6232.000,84690,24718,6170.000
2017-03-21,6244.000,6286.000,6042.000,6124.000,166380,24016,6166.000
2017-03-22,6142.000,6198.000,5890.000,5928.000,164446,22082,6030.000
2017-03-23,6058.000,6116.000,5872.000,5924.000,110724,21684,5968.000
2017-03-24,5984.000,6030.000,5850.000,5922.000,71376,18558,5900.000
2017-03-27,5832.000,5930.000,5780.000,5846.000,61524,19334,5860.000
2017-03-28,5910.000,6040.000,5706.000,5808.000,141154,22612,5882.000
2017-03-29,5950.000,5978.000,5726.000,5760.000,96224,27020,5792.000
2017-03-30,5792.000,5814.000,5652.000,5712.000,97848,28600,5752.000
2017-03-31,5742.000,5766.000,5406.000,5492.000,76044,27438,5696.000
2017-04-05,5502.000,5606.000,5450.000,5530.000,40150,27266,5552.000
2017-04-06,5538.000,5584.000,5460.000,5488.000,34278,27764,5550.000
2017-04-07,5390.000,5440.000,5320.000,5358.000,42832,23720,5370.000
2017-04-10,5398.000,5398.000,5274.000,5318.000,21558,23656,5320.000
2017-04-11,5302.000,5400.000,5288.000,5340.000,21248,23406,5348.000
2017-04-12,5320.000,5376.000,5104.000,5192.000,45306,20172,5258.000
2017-04-13,5160.000,5244.000,5150.000,5186.000,19892,18344,5196.000
2017-04-14,5230.000,5230.000,5088.000,5150.000,17344,15050,5158.000
2017-04-17,5192.000,5196.000,5070.000,5100.000,9626,14076,5126.000
2017-04-18,5070.000,5162.000,5068.000,5146.000,10356,11558,5114.000
2017-04-19,5138.000,5272.000,5084.000,5152.000,13226,9328,5186.000
2017-04-20,5164.000,5282.000,5134.000,5174.000,10634,7120,5192.000
2017-04-21,5204.000,5264.000,5152.000,5160.000,8066,6474,5190.000
2017-04-24,5150.000,5250.000,5090.000,5202.000,10598,4660,5204.000
2017-04-25,5230.000,5290.000,5190.000,5256.000,4952,3116,5238.000
2017-04-26,5270.000,5494.000,5270.000,5462.000,13194,2938,5412.000
2017-04-28,5400.000,5480.000,5314.000,5364.000,11544,3464,5390.000
2017-05-03,5424.000,5462.000,5334.000,5446.000,13450,4104,5388.000
2017-05-04,5360.000,5360.000,5152.000,5244.000,26178,3782,5230.000
2017-05-05,5216.000,5260.000,5156.000,5204.000,16012,3740,5214.000
2017-05-08,5282.000,5374.000,5202.000,5278.000,19958,3674,5270.000
2017-05-09,5300.000,5322.000,5174.000,5210.000,19350,5262,5218.000
2017-05-10,5250.000,5266.000,5088.000,5154.000,28268,7036,5148.000
2017-05-11,5080.000,5198.000,5062.000,5192.000,20472,5100,5096.000
2017-05-12,5134.000,5168.000,5102.000,5150.000,14526,5030,5124.000
2017-05-15,5180.000,5206.000,5148.000,5172.000,7576,4772,5174.000
2017-05-16,5170.000,5196.000,5134.000,5178.000,9300,4390,5170.000
2017-05-17,5220.000,5388.000,5172.000,5366.000,27816,4994,5316.000
2017-05-18,5340.000,5368.000,5244.000,5302.000,21202,4578,5310.000
2017-05-19,5390.000,5440.000,5320.000,5392.000,18800,4536,5382.000
2017-05-22,5444.000,5450.000,5364.000,5388.000,10952,4312,5416.000
2017-05-23,5402.000,5668.000,5388.000,5514.000,50212,6366,5554.000
2017-05-24,5562.000,5640.000,5392.000,5538.000,57352,6856,5510.000
2017-05-25,5504.000,5560.000,5436.000,5448.000,38752,7874,5502.000
2017-05-26,5440.000,5512.000,5352.000,5508.000,24104,7248,5472.000
2017-05-31,5496.000,5538.000,5390.000,5414.000,23862,6556,5452.000
2017-06-01,5432.000,5476.000,5340.000,5442.000,37172,5686,5396.000
2017-06-02,5430.000,5490.000,5370.000,5460.000,23130,6996,5438.000
2017-06-05,5496.000,5544.000,5404.000,5448.000,27718,8568,5462.000
2017-06-06,5470.000,5480.000,5406.000,5450.000,15174,8370,5452.000
2017-06-07,5440.000,5506.000,5436.000,5492.000,19538,10496,5476.000
2017-06-08,5488.000,5516.000,5420.000,5478.000,25880,9126,5470.000
2017-06-09,5498.000,5498.000,5400.000,5400.000,11308,9166,5456.000
2017-06-12,5404.000,5430.000,5314.000,5330.000,21914,9696,5354.000
2017-06-13,5320.000,5378.000,5318.000,5356.000,13232,9164,5352.000
2017-06-14,5346.000,5490.000,5346.000,5464.000,20126,8236,5404.000
2017-06-15,5448.000,5520.000,5388.000,5392.000,13940,7532,5444.000
2017-06-16,5380.000,5470.000,5376.000,5416.000,14534,6510,5426.000
2017-06-19,5450.000,5486.000,5420.000,5436.000,10924,6690,5448.000
2017-06-20,5432.000,5440.000,5350.000,5422.000,17190,7256,5390.000
2017-06-21,5388.000,5538.000,5374.000,5526.000,26092,10132,5472.000
2017-06-22,5560.000,5644.000,5462.000,5494.000,42036,12918,5576.000
2017-06-23,5542.000,5542.000,5466.000,5482.000,18082,14330,5500.000
2017-06-26,5500.000,5506.000,5462.000,5488.000,12078,13516,5480.000
2017-06-27,5498.000,5526.000,5482.000,5512.000,18620,13228,5506.000
2017-06-28,5528.000,5560.000,5470.000,5486.000,10950,12726,5512.000
2017-06-29,5486.000,5594.000,5486.000,5518.000,20830,13744,5544.000
2017-06-30,5504.000,5566.000,5470.000,5508.000,10692,12138,5522.000
2017-07-03,5520.000,5608.000,5520.000,5570.000,14370,14064,5564.000
2017-07-04,5580.000,5602.000,5520.000,5590.000,17452,15774,5570.000
2017-07-05,5636.000,5670.000,5580.000,5602.000,22194,16438,5624.000
2017-07-06,5636.000,5648.000,5588.000,5618.000,11026,17794,5622.000
2017-07-07,5604.000,5656.000,5604.000,5636.000,11048,17304,5634.000
2017-07-10,5624.000,5656.000,5520.000,5616.000,17598,14298,5600.000
2017-07-11,5644.000,5696.000,5610.000,5642.000,10706,14950,5648.000
2017-07-12,5658.000,5674.000,5600.000,5636.000,8512,15138,5636.000
2017-07-13,5656.000,5672.000,5620.000,5646.000,6994,14840,5650.000
2017-07-14,5630.000,5686.000,5630.000,5656.000,6600,14924,5664.000
2017-07-17,5680.000,5896.000,5680.000,5850.000,30812,16438,5824.000
2017-07-18,5830.000,5974.000,5764.000,5830.000,39232,16538,5884.000
2017-07-19,5886.000,5936.000,5840.000,5904.000,17158,16340,5892.000
2017-07-20,5884.000,6148.000,5884.000,6024.000,64684,19898,6064.000
2017-07-21,5932.000,6028.000,5932.000,6014.000,24592,19812,6000.000
2017-07-24,6000.000,6126.000,5996.000,6086.000,31886,21086,6074.000
2017-07-25,6096.000,6210.000,6096.000,6138.000,28750,21718,6154.000
2017-07-26,6166.000,6208.000,6074.000,6124.000,28528,23464,6138.000
2017-07-27,6170.000,6180.000,6086.000,6150.000,23348,25542,6124.000
2017-07-28,6180.000,6180.000,6116.000,6128.000,20270,26588,6140.000
2017-07-31,6196.000,6276.000,6166.000,6242.000,28550,25678,6236.000
2017-08-01,6226.000,6256.000,6152.000,6192.000,18254,25694,6200.000
2017-08-02,6194.000,6238.000,6156.000,6190.000,15832,25300,6200.000
2017-08-03,6222.000,6246.000,6172.000,6206.000,17298,24174,6214.000
2017-08-04,6230.000,6312.000,6190.000,6238.000,17362,23622,6242.000
2017-08-07,6300.000,6350.000,6236.000,6330.000,22734,21830,6296.000
2017-08-08,6352.000,6416.000,6326.000,6372.000,17766,21364,6372.000
2017-08-09,6430.000,6650.000,6406.000,6628.000,34468,21092,6562.000
2017-08-10,6620.000,6844.000,6600.000,6800.000,54608,24328,6754.000
2017-08-11,6780.000,6888.000,6706.000,6770.000,73648,16624,6796.000
2017-08-14,6850.000,7020.000,6840.000,7000.000,79828,24976,6968.000
2017-08-15,7000.000,7104.000,6962.000,7102.000,68348,30634,7024.000
2017-08-16,7150.000,7384.000,7150.000,7384.000,91400,47134,7320.000
2017-08-17,7510.000,7660.000,7480.000,7552.000,115898,30342,7566.000
2017-08-18,7018.000,7158.000,6994.000,7154.000,94122,49616,7058.000
2017-08-21,7242.000,7412.000,7236.000,7412.000,34760,57220,7382.000
2017-08-22,7632.000,7822.000,7620.000,7800.000,354614,90632,7722.000
2017-08-23,7650.000,7650.000,7338.000,7452.000,559668,92990,7468.000
2017-08-24,7574.000,7792.000,7374.000,7460.000,559706,104306,7600.000
2017-08-25,7728.000,7820.000,7494.000,7700.000,558434,117734,7626.000
2017-08-28,7492.000,7582.000,7342.000,7518.000,417494,125824,7482.000
2017-08-29,7536.000,7548.000,7106.000,7106.000,566932,127324,7242.000
2017-08-30,7008.000,7082.000,6950.000,7056.000,391162,119886,7016.000
2017-08-31,6970.000,7050.000,6876.000,6980.000,380000,145848,6966.000
2017-09-01,7024.000,7112.000,6952.000,6956.000,337940,158410,7024.000
2017-09-04,7070.000,7078.000,6624.000,6672.000,443180,160946,6778.000
2017-09-05,6700.000,6810.000,6678.000,6712.000,287994,146004,6738.000
2017-09-06,6638.000,6818.000,6570.000,6694.000,291700,143690,6750.000
2017-09-07,6720.000,6800.000,6622.000,6678.000,178040,144600,6678.000
2017-09-08,6720.000,6864.000,6650.000,6716.000,411382,163106,6750.000
2017-09-11,6698.000,6790.000,6630.000,6694.000,300140,172630,6710.000
2017-09-12,6770.000,6778.000,6522.000,6610.000,366446,191732,6662.000
2017-09-13,6638.000,6650.000,6374.000,6400.000,329208,193288,6508.000
2017-09-14,6392.000,6442.000,6346.000,6390.000,237576,187238,6398.000
2017-09-15,6408.000,6458.000,6380.000,6412.000,199466,172302,6422.000
2017-09-18,6438.000,6482.000,6312.000,6392.000,156360,172028,6398.000
2017-09-19,6410.000,6424.000,6200.000,6208.000,245756,190312,6310.000
2017-09-20,6234.000,6244.000,6090.000,6126.000,339294,215764,6144.000
2017-09-21,6090.000,6100.000,5828.000,5828.000,455826,216788,5944.000
2017-09-22,5848.000,5930.000,5820.000,5892.000,268846,176848,5882.000
2017-09-25,5904.000,5912.000,5676.000,5800.000,276916,187520,5786.000
2017-09-26,5786.000,5850.000,5726.000,5752.000,217640,188674,5782.000
2017-09-27,5782.000,5844.000,5760.000,5800.000,211622,193324,5806.000
2017-09-28,5756.000,5866.000,5752.000,5826.000,250716,156828,5806.000
2017-09-29,5862.000,5878.000,5756.000,5822.000,177648,139566,5820.000
2017-10-09,5502.000,5502.000,5502.000,5502.000,2,2,5502.000
2017-10-10,5880.000,6088.000,5862.000,5934.000,306686,168200,6002.000
2017-10-11,5982.000,6030.000,5914.000,5970.000,138912,150902,5972.000
2017-10-12,6000.000,6036.000,5962.000,5986.000,155906,164110,5992.000
2017-10-13,6000.000,6044.000,5970.000,5996.000,198972,175152,6002.000
2017-10-16,6040.000,6100.000,5996.000,6012.000,135130,169442,6034.000
2017-10-17,5988.000,6026.000,5904.000,5990.000,136568,147036,5978.000
2017-10-18,6010.000,6204.000,6010.000,6158.000,289052,175610,6114.000
2017-10-19,6100.000,6200.000,6056.000,6160.000,196198,152630,6142.000
2017-10-20,6200.000,6400.000,6180.000,6370.000,273432,163624,6308.000
2017-10-23,6312.000,6578.000,6310.000,6550.000,290724,169194,6496.000
2017-10-24,6536.000,6596.000,6406.000,6484.000,258666,177250,6496.000
2017-10-25,6490.000,6520.000,6386.000,6456.000,166362,153368,6450.000
2017-10-26,6500.000,6816.000,6500.000,6650.000,487172,199818,6690.000
2017-10-27,6670.000,6744.000,6562.000,6646.000,265672,177616,6646.000
2017-10-30,6690.000,6746.000,6358.000,6394.000,331830,166132,6496.000
2017-10-31,6390.000,6494.000,6304.000,6454.000,237332,146904,6400.000
2017-11-01,6480.000,6604.000,6402.000,6468.000,249530,153124,6498.000
2017-11-02,6568.000,6596.000,6430.000,6476.000,184646,148290,6494.000
2017-11-03,6510.000,6522.000,6424.000,6474.000,119280,150528,6468.000
2017-11-06,6486.000,6628.000,6486.000,6590.000,219630,152128,6548.000
2017-11-07,6608.000,6620.000,6452.000,6534.000,162932,134378,6524.000
2017-11-08,6510.000,6698.000,6476.000,6692.000,209854,138122,6586.000
2017-11-09,6754.000,6800.000,6556.000,6634.000,193084,126542,6666.000
2017-11-10,6630.000,6788.000,6620.000,6760.000,235048,138908,6720.000
2017-11-13,6764.000,6882.000,6696.000,6754.000,213950,142078,6796.000
2017-11-14,6750.000,6792.000,6706.000,6766.000,100890,129434,6758.000
2017-11-15,6618.000,6872.000,6580.000,6852.000,217086,143844,6718.000
2017-11-16,6896.000,6900.000,6766.000,6824.000,149078,121660,6822.000
2017-11-17,6848.000,6992.000,6782.000,6842.000,247412,125926,6908.000
2017-11-20,6852.000,6906.000,6812.000,6882.000,128722,109416,6870.000
2017-11-21,6890.000,6940.000,6834.000,6884.000,120226,113928,6890.000
2017-11-22,6940.000,6940.000,6804.000,6852.000,123242,101326,6854.000
2017-11-23,6876.000,6912.000,6726.000,6864.000,277790,157902,6822.000
2017-11-24,6888.000,6970.000,6852.000,6904.000,205136,100068,6918.000
2017-11-27,6908.000,6950.000,6854.000,6886.000,159582,108948,6900.000
2017-11-28,6874.000,7064.000,6838.000,7048.000,196056,112926,6948.000
2017-11-29,7050.000,7198.000,7022.000,7170.000,277834,131428,7122.000
2017-11-30,7196.000,7228.000,7090.000,7154.000,128098,108458,7152.000
2017-12-01,7150.000,7350.000,7118.000,7348.000,140844,128806,7224.000
2017-12-04,7658.000,7658.000,7658.000,7658.000,10472,127062,7658.000
2017-12-05,8348.000,8348.000,7982.000,8348.000,577730,153154,8232.000
2017-12-06,8340.000,8990.000,8214.000,8850.000,753904,202326,8550.000
2017-12-07,8914.000,8918.000,8252.000,8604.000,837232,215554,8620.000
2017-12-08,8640.000,9236.000,8454.000,9062.000,578428,171746,8784.000
2017-12-11,9100.000,9222.000,8882.000,9050.000,366724,164682,9036.000
2017-12-12,9078.000,9186.000,8806.000,8832.000,249392,134572,8910.000
2017-12-13,8832.000,8878.000,8750.000,8798.000,107392,114590,8816.000
2017-12-14,8784.000,8828.000,8242.000,8364.000,218488,91644,8480.000
2017-12-15,8400.000,8400.000,7966.000,8080.000,173724,65170,8170.000
2017-12-18,6706.000,6918.000,6632.000,6770.000,343844,118538,6756.000
2017-12-19,6756.000,6796.000,6670.000,6726.000,216610,112072,6726.000
2017-12-20,6728.000,6810.000,6710.000,6730.000,145682,113820,6762.000
2017-12-21,6766.000,7168.000,6680.000,7168.000,681600,187896,7036.000
2017-12-22,7176.000,7280.000,7058.000,7080.000,408670,163208,7152.000
2017-12-25,7010.000,7046.000,6722.000,6722.000,341486,160692,6858.000
2017-12-26,6698.000,6818.000,6686.000,6748.000,227316,139316,6760.000
2017-12-27,6758.000,6844.000,6722.000,6802.000,296112,161508,6788.000
2017-12-28,6790.000,6818.000,6408.000,6486.000,582068,218316,6582.000
2017-12-29,6564.000,6600.000,6464.000,6510.000,383334,197974,6516.000
2018-01-02,6262.000,6534.000,6250.000,6466.000,309492,211072,6424.000
2018-01-03,6480.000,6610.000,6428.000,6468.000,388306,207286,6522.000
2018-01-04,6482.000,6550.000,6384.000,6454.000,284828,216670,6476.000
2018-01-05,6450.000,6506.000,6360.000,6396.000,305016,226432,6422.000
2018-01-08,6400.000,6428.000,6360.000,6418.000,148820,212702,6400.000
2018-01-09,6448.000,6522.000,6432.000,6460.000,205266,221524,6482.000
2018-01-10,6428.000,6506.000,6390.000,6472.000,166500,211936,6474.000
2018-01-11,6486.000,6534.000,6410.000,6440.000,205988,231598,6464.000
2018-01-12,6390.000,6496.000,6370.000,6456.000,203338,222168,6452.000
2018-01-15,6488.000,6488.000,6420.000,6466.000,166956,219320,6464.000
2018-01-16,6466.000,6758.000,6464.000,6692.000,505052,237822,6622.000
2018-01-17,6716.000,6748.000,6620.000,6688.000,256776,213296,6692.000
2018-01-18,6696.000,6916.000,6688.000,6896.000,391640,241342,6806.000
2018-01-19,6900.000,6952.000,6866.000,6914.000,310978,220164,6910.000
2018-01-22,6940.000,6992.000,6778.000,6812.000,295250,226768,6874.000
2018-01-23,6752.000,6786.000,6522.000,6760.000,534144,220848,6678.000
2018-01-24,6750.000,6788.000,6682.000,6740.000,239570,194332,6734.000
2018-01-25,6782.000,6828.000,6700.000,6744.000,284300,206948,6754.000
2018-01-26,6708.000,6736.000,6568.000,6582.000,292022,187750,6634.000
2018-01-29,6578.000,6678.000,6562.000,6650.000,211246,183420,6638.000
2018-01-30,6644.000,6710.000,6584.000,6628.000,190336,173060,6642.000
2018-01-31,6610.000,6640.000,6550.000,6594.000,148108,156256,6590.000
2018-02-01,6606.000,6688.000,6602.000,6624.000,157800,164014,6638.000
2018-02-02,6680.000,6690.000,6620.000,6644.000,120868,152444,6654.000
2018-02-05,6624.000,6820.000,6552.000,6758.000,244210,195622,6736.000
2018-02-06,6734.000,6746.000,6578.000,6688.000,195862,163316,6674.000
2018-02-07,6720.000,6810.000,6700.000,6718.000,192172,182992,6750.000
2018-02-08,6680.000,6762.000,6608.000,6622.000,224946,161180,6682.000
2018-02-09,6640.000,6690.000,6598.000,6614.000,152872,153274,6636.000
2018-02-12,6628.000,6678.000,6618.000,6656.000,85094,145910,6650.000
2018-02-13,6650.000,6688.000,6630.000,6638.000,93872,136156,6652.000
2018-02-14,6668.000,6800.000,6658.000,6766.000,118168,134122,6734.000
2018-02-22,6800.000,6840.000,6736.000,6774.000,64370,134124,6774.000
2018-02-23,6792.000,6806.000,6758.000,6796.000,123202,177690,6786.000
2018-02-26,6804.000,6888.000,6702.000,6778.000,218088,198276,6804.000
2018-02-27,6778.000,6786.000,6720.000,6776.000,91022,191944,6764.000
2018-02-28,6762.000,6828.000,6732.000,6794.000,143774,201792,6796.000
2018-03-01,6804.000,6838.000,6720.000,6734.000,144986,210266,6774.000
2018-03-02,6700.000,6708.000,6548.000,6610.000,188248,185336,6628.000
2018-03-05,6568.000,6596.000,6388.000,6400.000,231616,193582,6476.000
2018-03-06,6408.000,6464.000,6400.000,6416.000,123518,174282,6434.000
2018-03-07,6414.000,6422.000,6268.000,6318.000,209710,182646,6326.000
2018-03-08,6306.000,6370.000,6288.000,6304.000,103508,173042,6320.000
2018-03-09,6288.000,6300.000,6014.000,6094.000,305262,202182,6146.000
2018-03-12,6190.000,6208.000,6134.000,6178.000,145898,170920,6174.000
2018-03-13,6172.000,6200.000,6130.000,6164.000,96282,175742,6178.000
2018-03-14,6160.000,6190.000,6064.000,6152.000,156828,183610,6138.000
2018-03-15,6138.000,6206.000,6112.000,6168.000,124366,182608,6168.000
2018-03-16,6154.000,6194.000,6124.000,6164.000,92718,174938,6162.000
2018-03-19,6120.000,6182.000,6080.000,6152.000,118462,179294,6140.000
2018-03-20,6146.000,6288.000,6130.000,6268.000,278106,196960,6228.000
2018-03-21,6298.000,6308.000,6214.000,6244.000,127788,178870,6254.000
2018-03-22,6280.000,6280.000,6220.000,6246.000,89352,176424,6240.000
2018-03-23,6120.000,6162.000,5960.000,6120.000,277084,146148,6088.000
2018-03-26,6096.000,6144.000,5980.000,6000.000,139232,147104,6030.000
2018-03-27,6028.000,6050.000,5832.000,5850.000,260284,181412,5916.000
2018-03-28,5810.000,5886.000,5802.000,5846.000,113912,156970,5844.000
2018-03-29,5848.000,5868.000,5790.000,5802.000,106904,161776,5826.000
2018-03-30,5812.000,5878.000,5812.000,5862.000,113206,161668,5852.000
2018-04-02,5930.000,5960.000,5866.000,5894.000,161542,197728,5916.000
2018-04-03,5904.000,5928.000,5870.000,5876.000,93156,182950,5898.000
2018-04-04,5874.000,5878.000,5814.000,5834.000,80010,177888,5850.000
2018-04-09,5814.000,5888.000,5738.000,5850.000,73190,171632,5836.000
2018-04-10,5856.000,5916.000,5854.000,5892.000,101226,180838,5884.000
2018-04-11,5920.000,5930.000,5850.000,5870.000,98638,170822,5896.000
2018-04-12,5900.000,5900.000,5852.000,5866.000,64912,158732,5870.000
2018-04-13,5836.000,6224.000,5836.000,6224.000,325724,173524,6126.000
2018-04-16,6226.000,6260.000,6112.000,6196.000,223046,141608,6208.000
2018-04-17,6188.000,6546.000,6164.000,6500.000,293188,139728,6434.000
2018-04-18,6550.000,6584.000,6214.000,6260.000,256574,105314,6352.000
2018-04-19,6316.000,6316.000,6034.000,6150.000,155076,78720,6184.000
2018-04-20,6150.000,6260.000,6088.000,6110.000,182276,107916,6174.000
2018-04-23,6140.000,6246.000,6116.000,6174.000,148950,132010,6192.000
2018-04-24,6174.000,6540.000,6168.000,6410.000,533338,192530,6366.000
2018-04-25,6400.000,6566.000,6392.000,6536.000,350322,190440,6488.000
2018-04-26,6522.000,6558.000,6420.000,6460.000,293176,182592,6488.000
2018-04-27,6488.000,6502.000,6358.000,6476.000,209230,163506,6438.000
2018-05-02,6460.000,6500.000,6374.000,6430.000,160174,181280,6432.000
2018-05-03,6434.000,6608.000,6418.000,6458.000,319236,186770,6520.000
2018-05-04,6442.000,6530.000,6394.000,6516.000,165278,171670,6492.000
2018-05-07,6518.000,6670.000,6502.000,6626.000,291986,220232,6600.000
2018-05-08,6628.000,6636.000,6570.000,6600.000,120986,199680,6596.000
2018-05-09,6556.000,6660.000,6516.000,6590.000,176866,203646,6604.000
2018-05-10,6600.000,6614.000,6492.000,6508.000,171370,180856,6536.000
2018-05-11,6530.000,6626.000,6502.000,6544.000,184142,182238,6568.000
2018-05-14,6580.000,6722.000,6552.000,6690.000,236102,215338,6674.000
2018-05-15,6718.000,6786.000,6686.000,6748.000,209394,216760,6742.000
2018-05-16,6748.000,7042.000,6748.000,6892.000,372790,248390,6918.000
2018-05-17,6900.000,6928.000,6678.000,6704.000,229244,196170,6784.000
2018-05-18,6708.000,6880.000,6566.000,6768.000,288040,203274,6760.000
2018-05-21,6770.000,6970.000,6662.000,6740.000,220908,176782,6794.000
2018-05-22,6760.000,6790.000,6652.000,6670.000,148868,171990,6704.000
2018-05-23,6700.000,6898.000,6592.000,6620.000,354902,194314,6730.000
2018-05-24,6622.000,6650.000,6432.000,6440.000,259694,187124,6510.000
2018-05-25,6488.000,6530.000,6424.000,6480.000,168604,181922,6480.000
2018-05-28,6530.000,6566.000,6452.000,6492.000,132732,180296,6508.000
2018-05-29,6494.000,6666.000,6490.000,6616.000,223876,197152,6586.000
2018-05-30,6610.000,6610.000,6462.000,6512.000,159132,172082,6526.000
2018-05-31,6550.000,6646.000,6534.000,6556.000,170130,186400,6580.000
2018-06-01,6606.000,6654.000,6572.000,6618.000,184272,180482,6614.000
2018-06-04,6670.000,6738.000,6606.000,6640.000,151112,179680,6652.000
2018-06-05,6660.000,6660.000,6508.000,6526.000,168602,175116,6558.000
2018-06-06,6550.000,6644.000,6550.000,6586.000,155128,168092,6606.000
2018-06-07,6622.000,6650.000,6536.000,6580.000,150354,165952,6602.000
2018-06-08,6566.000,6686.000,6526.000,6616.000,266668,186258,6608.000
2018-06-11,6638.000,6680.000,6602.000,6638.000,147554,174018,6648.000
2018-06-12,6648.000,6694.000,6602.000,6658.000,159194,180968,6648.000
2018-06-13,6660.000,6718.000,6502.000,6542.000,227254,160912,6588.000
2018-06-14,6568.000,6608.000,6500.000,6550.000,162908,148842,6564.000
2018-06-15,6530.000,6530.000,6440.000,6480.000,140628,157010,6482.000
2018-06-19,6450.000,6640.000,6320.000,6342.000,253232,156588,6444.000
2018-06-20,6354.000,6444.000,6342.000,6422.000,97994,141856,6394.000
2018-06-21,6432.000,6488.000,6388.000,6408.000,154516,141576,6436.000
2018-06-22,6390.000,6610.000,6388.000,6552.000,262378,152298,6512.000
2018-06-25,6600.000,6686.000,6542.000,6678.000,220342,159096,6616.000
2018-06-26,6634.000,6976.000,6634.000,6860.000,463868,215874,6802.000
2018-06-27,6896.000,6924.000,6816.000,6848.000,215978,191504,6866.000
2018-06-28,6900.000,6912.000,6762.000,6880.000,218238,185828,6842.000
2018-06-29,6918.000,7030.000,6870.000,6946.000,380664,218380,6952.000
2018-07-02,6948.000,6948.000,6782.000,6834.000,167650,180828,6844.000
2018-07-03,6834.000,6886.000,6790.000,6844.000,149084,190830,6846.000
2018-07-04,6830.000,6848.000,6674.000,6704.000,234652,164976,6758.000
2018-07-05,6666.000,6748.000,6620.000,6718.000,124236,147492,6698.000
2018-07-06,6702.000,6786.000,6636.000,6736.000,168336,145120,6706.000
2018-07-09,6704.000,6756.000,6670.000,6682.000,99816,126196,6698.000
2018-07-10,6700.000,6712.000,6542.000,6566.000,196450,148566,6614.000
2018-07-11,6530.000,6598.000,6520.000,6554.000,99574,130020,6562.000
2018-07-12,6592.000,6666.000,6544.000,6588.000,177700,142482,6602.000
2018-07-13,6598.000,6598.000,6502.000,6534.000,115246,129166,6546.000
2018-07-16,6534.000,6692.000,6508.000,6610.000,211172,151318,6626.000
2018-07-17,6600.000,6648.000,6554.000,6570.000,155526,138122,6602.000
2018-07-18,6588.000,6640.000,6570.000,6590.000,87696,139608,6610.000
2018-07-19,6646.000,6680.000,6602.000,6644.000,159626,153114,6644.000
2018-07-20,6650.000,6760.000,6640.000,6760.000,161190,150422,6692.000
2018-07-23,6750.000,6852.000,6720.000,6824.000,176504,174374,6800.000
2018-07-24,6828.000,6900.000,6816.000,6828.000,141378,170582,6856.000
2018-07-25,6860.000,6908.000,6822.000,6876.000,125386,177692,6868.000
2018-07-26,6890.000,6958.000,6860.000,6898.000,107552,172828,6902.000
2018-07-27,6946.000,6996.000,6862.000,6918.000,147022,185324,6922.000
2018-07-30,6948.000,6972.000,6900.000,6946.000,94992,168668,6938.000
2018-07-31,6940.000,7198.000,6936.000,6960.000,322640,185540,7056.000
2018-08-01,6966.000,7160.000,6892.000,7128.000,256620,193544,7048.000
2018-08-02,7130.000,7216.000,7084.000,7200.000,192376,209334,7140.000
2018-08-03,7232.000,7416.000,7232.000,7388.000,286606,208454,7340.000
2018-08-06,7414.000,7484.000,7330.000,7342.000,223726,190182,7378.000
2018-08-07,7330.000,7330.000,7056.000,7080.000,241856,189958,7168.000
2018-08-08,7030.000,7216.000,7000.000,7016.000,198044,179080,7098.000
2018-08-09,7016.000,7080.000,6980.000,6996.000,135886,161884,7034.000
2018-08-10,6986.000,7066.000,6920.000,6932.000,171242,158086,6990.000
2018-08-13,6900.000,6952.000,6770.000,6886.000,175566,135056,6878.000
2018-08-14,6920.000,7030.000,6912.000,6974.000,134560,119544,6976.000
2018-08-15,6992.000,7110.000,6956.000,7028.000,142574,109126,7042.000
2018-08-16,7102.000,7220.000,6954.000,7156.000,220242,138798,7144.000
2018-08-17,7156.000,7270.000,7034.000,7048.000,258798,161512,7178.000
2018-08-20,7084.000,7088.000,6802.000,6888.000,257802,156450,6938.000
2018-08-21,6888.000,6888.000,6636.000,6690.000,253770,145630,6744.000
2018-08-22,6700.000,6796.000,6690.000,6698.000,182496,133406,6744.000
2018-08-23,6686.000,6754.000,6640.000,6686.000,148822,135064,6712.000
2018-08-24,6686.000,6740.000,6638.000,6722.000,149670,134982,6700.000
2018-08-27,6742.000,6788.000,6674.000,6678.000,133358,136904,6734.000
2018-08-28,6696.000,6760.000,6616.000,6726.000,151078,140674,6710.000
2018-08-29,6748.000,6748.000,6620.000,6626.000,151502,153634,6690.000
2018-08-30,6608.000,6612.000,6476.000,6536.000,197910,154506,6540.000
2018-08-31,6548.000,6592.000,6522.000,6578.000,108100,136830,6556.000
2018-09-03,6582.000,6582.000,6498.000,6540.000,94460,136068,6544.000
2018-09-04,6566.000,6580.000,6482.000,6518.000,98146,141286,6530.000
2018-09-05,6536.000,6570.000,6502.000,6544.000,86218,135792,6542.000
2018-09-06,6562.000,6570.000,6518.000,6554.000,70752,132820,6546.000
2018-09-07,6588.000,6708.000,6560.000,6592.000,209362,149010,6638.000
2018-09-10,6660.000,6690.000,6620.000,6644.000,95208,139870,6650.000
2018-09-11,6572.000,6648.000,6554.000,6612.000,84430,122996,6614.000
2018-09-12,6594.000,6642.000,6442.000,6514.000,147374,138044,6542.000
2018-09-13,6538.000,6658.000,6538.000,6636.000,115378,121528,6600.000
2018-09-14,6608.000,6836.000,6602.000,6786.000,243654,155590,6756.000
2018-09-17,6810.000,6840.000,6738.000,6784.000,114168,134448,6784.000
2018-09-18,6782.000,6820.000,6748.000,6766.000,120300,135880,6786.000
2018-09-19,6790.000,6850.000,6674.000,6706.000,162466,141122,6750.000
2018-09-20,6704.000,6748.000,6684.000,6700.000,64190,133838,6710.000
2018-09-21,6716.000,6784.000,6702.000,6718.000,99568,131876,6742.000
2018-09-25,6716.000,6728.000,6578.000,6628.000,164778,134556,6626.000
2018-09-26,6630.000,6648.000,6580.000,6602.000,77426,123490,6614.000
2018-09-27,6610.000,6654.000,6600.000,6638.000,72334,117682,6628.000
2018-09-28,6580.000,6750.000,6560.000,6708.000,151240,121512,6684.000
2018-10-08,6730.000,6740.000,6580.000,6620.000,108528,110222,6620.000
2018-10-09,6648.000,6746.000,6642.000,6736.000,124216,130496,6706.000
2018-10-10,6776.000,6820.000,6700.000,6748.000,118662,133578,6766.000
2018-10-11,6698.000,6820.000,6658.000,6718.000,122058,134152,6744.000
2018-10-12,6728.000,6838.000,6728.000,6806.000,144466,143598,6790.000
2018-10-15,6852.000,6882.000,6760.000,6778.000,88760,144800,6808.000
2018-10-16,6750.000,6838.000,6730.000,6774.000,101610,143112,6794.000
2018-10-17,6818.000,6864.000,6784.000,6822.000,100392,147482,6824.000
2018-10-18,6776.000,6824.000,6720.000,6760.000,91918,138006,6768.000
2018-10-19,6770.000,6868.000,6750.000,6850.000,138272,162486,6836.000
2018-10-22,6888.000,6908.000,6816.000,6854.000,122514,165506,6866.000
2018-10-23,6856.000,6890.000,6796.000,6800.000,75438,152510,6834.000
2018-10-24,6800.000,6808.000,6730.000,6774.000,92184,151150,6770.000
2018-10-25,6776.000,6826.000,6676.000,6826.000,110192,147740,6752.000
2018-10-26,6832.000,6896.000,6830.000,6876.000,117286,152592,6868.000
2018-10-29,6832.000,6946.000,6804.000,6858.000,130544,160160,6880.000
2018-10-30,6832.000,6862.000,6734.000,6742.000,134934,144804,6784.000
2018-10-31,6734.000,6754.000,6682.000,6722.000,91124,130930,6724.000
2018-11-01,6704.000,6766.000,6652.000,6672.000,78074,119954,6702.000
2018-11-02,6672.000,6730.000,6600.000,6668.000,124366,117776,6670.000
2018-11-05,6670.000,6698.000,6630.000,6684.000,60448,106630,6666.000
2018-11-06,6700.000,6750.000,6652.000,6712.000,74478,110980,6704.000
2018-11-07,6684.000,6734.000,6630.000,6702.000,93610,104330,6680.000
2018-11-08,6702.000,6730.000,6536.000,6604.000,167280,120998,6628.000
2018-11-09,6604.000,6638.000,6570.000,6586.000,68674,108932,6602.000
2018-11-12,6510.000,6590.000,6282.000,6296.000,205126,151688,6418.000
2018-11-13,6302.000,6388.000,6244.000,6304.000,160050,142774,6314.000
2018-11-14,6292.000,6410.000,6252.000,6396.000,104986,129354,6352.000
2018-11-15,6378.000,6450.000,6322.000,6430.000,110318,122542,6384.000
2018-11-16,6488.000,6586.000,6432.000,6514.000,149094,127218,6492.000
2018-11-19,6500.000,6544.000,6452.000,6528.000,77474,108534,6504.000
2018-11-20,6526.000,6540.000,6380.000,6468.000,135710,112816,6450.000
2018-11-21,6274.000,6500.000,6260.000,6464.000,131976,110182,6394.000
2018-11-22,6446.000,6576.000,6444.000,6468.000,113748,101776,6500.000
2018-11-23,6450.000,6498.000,6390.000,6404.000,83898,99704,6440.000
2018-11-26,6414.000,6416.000,6054.000,6100.000,235724,126998,6168.000
2018-11-27,6160.000,6250.000,5952.000,6150.000,194676,118964,6102.000
2018-11-28,6130.000,6222.000,6090.000,6188.000,92464,103300,6170.000
2018-11-29,6202.000,6300.000,6192.000,6260.000,95220,93776,6242.000
2018-11-30,6240.000,6268.000,6132.000,6216.000,108894,90066,6198.000
2018-12-03,6354.000,6560.000,6260.000,6310.000,106924,78414,6370.000
2018-12-04,6292.000,6396.000,6292.000,6382.000,74080,65444,6346.000
2018-12-05,6388.000,6412.000,6342.000,6382.000,48620,55122,6374.000
2018-12-06,6384.000,6388.000,6208.000,6312.000,81558,61894,6292.000
2018-12-07,6310.000,6342.000,6250.000,6282.000,71946,56168,6294.000
2018-12-10,6230.000,6272.000,6162.000,6222.000,66714,58640,6208.000
2018-12-11,6216.000,6302.000,6180.000,6272.000,58208,49782,6258.000
2018-12-12,6316.000,6328.000,6222.000,6222.000,45040,52044,6262.000
2018-12-13,6232.000,6296.000,6214.000,6230.000,42748,46834,6252.000
2018-12-14,6232.000,6240.000,6120.000,6126.000,47132,47950,6176.000
2018-12-17,6120.000,6138.000,6020.000,6074.000,47054,49772,6068.000
2018-12-18,6050.000,6160.000,6030.000,6140.000,36310,41390,6120.000
2018-12-19,6086.000,6166.000,6064.000,6100.000,24470,36998,6122.000
2018-12-20,6130.000,6130.000,5994.000,6040.000,41864,40970,6036.000
2018-12-21,6068.000,6086.000,6004.000,6060.000,26294,34548,6044.000
2018-12-24,5860.000,5926.000,5858.000,5882.000,46702,56622,5894.000
2018-12-25,5836.000,5870.000,5796.000,5826.000,56728,65846,5830.000
2018-12-26,5832.000,5860.000,5768.000,5782.000,55050,80956,5810.000
2018-12-27,5840.000,5868.000,5674.000,5736.000,122902,98830,5748.000
2018-12-28,5720.000,5760.000,5694.000,5732.000,53716,90802,5724.000
2019-01-02,5730.000,5730.000,5618.000,5704.000,93410,111748,5678.000
2019-01-03,5760.000,5796.000,5704.000,5736.000,67304,108434,5742.000
2019-01-04,5734.000,5800.000,5722.000,5768.000,68418,109288,5772.000
2019-01-07,5780.000,5800.000,5758.000,5796.000,62830,110342,5782.000
2019-01-08,5784.000,5844.000,5732.000,5784.000,90024,114560,5794.000
2019-01-09,5810.000,5850.000,5780.000,5828.000,66052,104842,5826.000
2019-01-10,5850.000,5858.000,5784.000,5798.000,63172,110836,5806.000
2019-01-11,5820.000,5920.000,5804.000,5916.000,95084,105858,5872.000
2019-01-14,5920.000,5966.000,5880.000,5896.000,69688,103044,5926.000
2019-01-15,5914.000,5942.000,5882.000,5934.000,46466,98178,5918.000
2019-01-16,5934.000,5946.000,5902.000,5902.000,38140,96834,5922.000
2019-01-17,5916.000,5950.000,5904.000,5930.000,45108,95282,5926.000
2019-01-18,5960.000,6048.000,5946.000,6016.000,82078,108780,6002.000
2019-01-21,6034.000,6086.000,5964.000,5998.000,63816,94760,6020.000
2019-01-22,6030.000,6050.000,5954.000,6000.000,65302,101752,6006.000
2019-01-23,5990.000,6028.000,5954.000,6010.000,58952,98354,6008.000
2019-01-24,6012.000,6040.000,5962.000,6028.000,52904,101956,6008.000
2019-01-25,6040.000,6116.000,6016.000,6028.000,73562,106802,6052.000
2019-01-28,6050.000,6078.000,6024.000,6056.000,43694,100550,6054.000
2019-01-29,6020.000,6020.000,5908.000,5920.000,77194,103176,5970.000
2019-01-30,5922.000,6050.000,5910.000,6018.000,78388,97596,6006.000
2019-01-31,6002.000,6040.000,5974.000,6018.000,43036,88126,6012.000
2019-02-01,6024.000,6060.000,5956.000,6038.000,61262,82226,6004.000
2019-02-11,6100.000,6200.000,6096.000,6158.000,72150,89656,6162.000
2019-02-12,6140.000,6140.000,6056.000,6084.000,48212,83946,6086.000
2019-02-13,6064.000,6070.000,5998.000,6006.000,53974,83216,6024.000
2019-02-14,6000.000,6022.000,5968.000,6004.000,44270,84972,6006.000
2019-02-15,5980.000,6004.000,5952.000,5968.000,56272,84470,5976.000
2019-02-18,6020.000,6046.000,5930.000,5932.000,51734,81564,5966.000
2019-02-19,5938.000,5970.000,5914.000,5964.000,38538,80298,5940.000
2019-02-20,5950.000,6048.000,5920.000,6048.000,68106,86294,5988.000
2019-02-21,6058.000,6072.000,5984.000,6000.000,65214,86342,6020.000
2019-02-22,6016.000,6056.000,6002.000,6030.000,46894,88140,6034.000
2019-02-25,6046.000,6080.000,5982.000,6026.000,81856,97528,6034.000
2019-02-26,6034.000,6094.000,6020.000,6068.000,82004,100162,6060.000
2019-02-27,6086.000,6120.000,6042.000,6052.000,82532,104992,6080.000
2019-02-28,6058.000,6070.000,6022.000,6032.000,49108,94220,6040.000
2019-03-01,6050.000,6100.000,6028.000,6090.000,65044,103772,6064.000
2019-03-04,6102.000,6158.000,6076.000,6120.000,87188,106206,6124.000
2019-03-05,6108.000,6152.000,6060.000,6146.000,60206,104592,6130.000
2019-03-06,6150.000,6234.000,6118.000,6226.000,81874,110336,6164.000
2019-03-07,6206.000,6280.000,6192.000,6212.000,96094,125358,6232.000
2019-03-08,6200.000,6216.000,6120.000,6188.000,62244,117884,6178.000
2019-03-11,6188.000,6250.000,6184.000,6194.000,71388,127594,6214.000
2019-03-12,6220.000,6234.000,6134.000,6188.000,72782,123520,6178.000
2019-03-13,6220.000,6240.000,6178.000,6234.000,69760,130024,6210.000
2019-03-14,6228.000,6270.000,6170.000,6264.000,95492,130966,6210.000
2019-03-15,6240.000,6260.000,6180.000,6182.000,96608,130110,6224.000
2019-03-18,6176.000,6188.000,6012.000,6030.000,97566,123914,6128.000
2019-03-19,6038.000,6068.000,6000.000,6010.000,83578,116486,6028.000
2019-03-20,6010.000,6056.000,6008.000,6018.000,57648,111498,6030.000
2019-03-21,6030.000,6040.000,5944.000,6010.000,66624,111614,6004.000
2019-03-22,6014.000,6018.000,5950.000,5950.000,64422,117176,5976.000
2019-03-25,5938.000,5950.000,5872.000,5938.000,74394,120080,5916.000
2019-03-26,5934.000,5970.000,5864.000,5864.000,68068,118798,5914.000
2019-03-27,5900.000,5900.000,5768.000,5828.000,106688,128610,5814.000
2019-03-28,5824.000,5858.000,5782.000,5788.000,55882,124482,5816.000
2019-03-29,5798.000,5820.000,5760.000,5790.000,60806,128448,5794.000
2019-04-01,5808.000,5856.000,5782.000,5828.000,65612,123350,5820.000
2019-04-02,5822.000,5846.000,5800.000,5802.000,48940,123640,5824.000
2019-04-03,5816.000,5852.000,5790.000,5792.000,65036,124608,5820.000
2019-04-04,5786.000,5796.000,5722.000,5788.000,89050,126564,5766.000
2019-04-08,5830.000,5838.000,5784.000,5812.000,62526,117330,5812.000
2019-04-09,5816.000,5888.000,5816.000,5862.000,90724,110240,5858.000
2019-04-10,5866.000,5866.000,5828.000,5854.000,35040,98642,5850.000
2019-04-11,5868.000,5870.000,5750.000,5756.000,65468,100390,5792.000
2019-04-12,5740.000,5800.000,5730.000,5786.000,42414,89370,5780.000
2019-04-15,5782.000,5822.000,5768.000,5788.000,34422,84408,5798.000
2019-04-16,5786.000,5796.000,5652.000,5666.000,71188,92784,5708.000
2019-04-17,5682.000,5736.000,5650.000,5730.000,31458,83952,5700.000
2019-04-18,5722.000,5756.000,5692.000,5698.000,36482,74518,5730.000
2019-04-19,5696.000,5750.000,5694.000,5706.000,27050,68070,5736.000
2019-04-24,5898.000,5978.000,5884.000,5900.000,93924,86938,5932.000
2019-04-25,5910.000,5968.000,5886.000,5940.000,55450,83658,5924.000
2019-04-26,5934.000,5998.000,5928.000,5986.000,70866,87510,5966.000
2019-04-29,6008.000,6030.000,5966.000,6016.000,71172,86596,5996.000
2019-04-30,6024.000,6058.000,6012.000,6056.000,49490,89414,6038.000
2019-05-06,6042.000,6054.000,5942.000,6016.000,67190,88254,5988.000
2019-05-07,6022.000,6044.000,5952.000,5966.000,61730,88964,5998.000
2019-05-08,5974.000,5998.000,5960.000,5994.000,34610,89588,5982.000
2019-05-09,5986.000,6050.000,5976.000,6046.000,59468,102470,6022.000
2019-05-10,6068.000,6094.000,5992.000,6010.000,87366,103834,6042.000
2019-05-13,6012.000,6012.000,5950.000,5976.000,10586,99372,5978.000
2019-05-14,5958.000,5980.000,5902.000,5904.000,14749,99694,5942.000
2019-05-15,5916.000,5932.000,5902.000,5920.000,9176,102004,5916.000
2019-05-16,5940.000,5948.000,5882.000,5932.000,79342,104904,5918.000
2019-05-17,5940.000,5946.000,5898.000,5936.000,60698,111636,5922.000
2019-05-20,5930.000,5934.000,5848.000,5850.000,77832,127162,5878.000
2019-05-21,5854.000,5888.000,5820.000,5826.000,70846,136956,5848.000
2019-05-22,5814.000,5910.000,5790.000,5834.000,116506,137676,5856.000
2019-05-23,5848.000,5866.000,5800.000,5830.000,84872,142008,5828.000
2019-05-24,5820.000,5874.000,5802.000,5838.000,57442,139310,5848.000
2019-05-27,5846.000,5870.000,5772.000,5778.000,103834,160764,5806.000
2019-05-28,5790.000,5834.000,5780.000,5830.000,56358,151264,5812.000
2019-05-29,5838.000,5888.000,5820.000,5868.000,66084,138350,5858.000
2019-05-30,5866.000,5908.000,5856.000,5872.000,49900,134012,5882.000
2019-05-31,5868.000,5916.000,5852.000,5852.000,47108,129070,5886.000
2019-06-03,5844.000,5844.000,5752.000,5762.000,105550,154636,5784.000
2019-06-04,5760.000,5832.000,5760.000,5828.000,70568,153914,5798.000
2019-06-05,5830.000,5876.000,5810.000,5854.000,79396,137114,5856.000
2019-06-06,5830.000,5866.000,5806.000,5866.000,63640,132242,5840.000
2019-06-10,5876.000,5914.000,5862.000,5894.000,66778,137492,5896.000
2019-06-11,5912.000,6000.000,5902.000,5994.000,92712,138910,5970.000
2019-06-12,5996.000,5996.000,5932.000,5940.000,49400,134386,5954.000
2019-06-13,5944.000,6030.000,5926.000,6018.000,77008,142904,5994.000
2019-06-14,6030.000,6138.000,6026.000,6060.000,123370,160758,6076.000
2019-06-17,6060.000,6100.000,6020.000,6078.000,57388,161770,6070.000
2019-06-18,6086.000,6100.000,6050.000,6076.000,43318,163270,6076.000
2019-06-19,6106.000,6136.000,6046.000,6094.000,81540,170234,6088.000
2019-06-20,6130.000,6178.000,6120.000,6138.000,85874,178584,6148.000
2019-06-21,6124.000,6140.000,6074.000,6098.000,68026,176490,6104.000
2019-06-24,6100.000,6138.000,6046.000,6070.000,77490,166754,6086.000
2019-06-25,6062.000,6120.000,6030.000,6120.000,78286,176512,6080.000
2019-06-26,6120.000,6196.000,6092.000,6176.000,93764,190944,6162.000
2019-06-27,6180.000,6408.000,6180.000,6182.000,198300,189040,6264.000
2019-06-28,6206.000,6242.000,6144.000,6218.000,101166,187756,6192.000
2019-07-01,6288.000,6288.000,6206.000,6218.000,87154,184426,6244.000
2019-07-02,6244.000,6246.000,6128.000,6178.000,91244,174196,6174.000
2019-07-03,6166.000,6204.000,6120.000,6134.000,58514,169940,6152.000
2019-07-04,6124.000,6188.000,6102.000,6164.000,52772,168180,6154.000
2019-07-05,6140.000,6182.000,6128.000,6146.000,40664,163296,6156.000
2019-07-08,6188.000,6212.000,6136.000,6140.000,90614,164282,6168.000
2019-07-09,6168.000,6168.000,5982.000,5982.000,141450,153306,6074.000
2019-07-10,5972.000,6032.000,5970.000,5990.000,70290,150470,6006.000
2019-07-11,6018.000,6018.000,5932.000,6008.000,90714,156456,5968.000
2019-07-12,6100.000,6304.000,6050.000,6244.000,360448,164020,6228.000
2019-07-15,6368.000,6374.000,6262.000,6338.000,179448,166086,6316.000
2019-07-16,6360.000,6378.000,6276.000,6324.000,109608,162630,6314.000
2019-07-17,6320.000,6394.000,6282.000,6342.000,158202,168638,6334.000
2019-07-18,6340.000,6438.000,6312.000,6356.000,190508,180032,6368.000
2019-07-19,6340.000,6456.000,6322.000,6432.000,153466,184436,6400.000
2019-07-22,6418.000,6422.000,6256.000,6266.000,121472,167178,6318.000
2019-07-23,6262.000,6262.000,6180.000,6212.000,93736,159668,6220.000
2019-07-24,6170.000,6208.000,6136.000,6160.000,68056,152006,6180.000
2019-07-25,6150.000,6168.000,6102.000,6116.000,94952,139942,6126.000
2019-07-26,6132.000,6156.000,6112.000,6122.000,53956,137646,6134.000
2019-07-29,6112.000,6116.000,6052.000,6080.000,67678,130482,6088.000
2019-07-30,6090.000,6096.000,5986.000,5996.000,96000,133596,6034.000
2019-07-31,6010.000,6028.000,5956.000,5966.000,79538,134402,5994.000
2019-08-01,5970.000,6006.000,5948.000,5972.000,69250,134976,5984.000
2019-08-02,5942.000,5986.000,5902.000,5910.000,72674,127930,5940.000
2019-08-05,5916.000,5926.000,5806.000,5900.000,100206,120078,5874.000
2019-08-06,5906.000,5952.000,5856.000,5896.000,75070,123198,5906.000
2019-08-07,5900.000,5920.000,5868.000,5900.000,38114,123940,5890.000
2019-08-08,5908.000,5926.000,5830.000,5834.000,75658,123084,5876.000
2019-08-09,5846.000,5890.000,5822.000,5882.000,56420,116660,5856.000
2019-08-12,5872.000,5940.000,5850.000,5864.000,59518,112230,5890.000
2019-08-13,5874.000,5892.000,5810.000,5842.000,58648,115724,5832.000
2019-08-14,5880.000,5900.000,5860.000,5896.000,69184,103676,5884.000
2019-08-15,5886.000,5912.000,5832.000,5834.000,55884,95708,5872.000
2019-08-16,5850.000,5986.000,5834.000,5970.000,67230,88800,5922.000
2019-08-19,6000.000,6048.000,5890.000,5894.000,77550,75860,5964.000
2019-08-20,5906.000,5916.000,5828.000,5836.000,47934,72936,5868.000
2019-08-21,5830.000,5876.000,5750.000,5848.000,50800,73888,5818.000
2019-08-22,5854.000,5916.000,5838.000,5912.000,43002,64094,5880.000
2019-08-23,5902.000,5968.000,5884.000,5948.000,43772,51674,5934.000
2019-08-26,5952.000,6092.000,5944.000,6014.000,55158,40178,6042.000
2019-08-27,6030.000,6050.000,5750.000,5992.000,24486,30824,5986.000
2019-08-28,5762.000,5768.000,5736.000,5740.000,38592,107898,5748.000
2019-08-29,5738.000,5748.000,5682.000,5682.000,56152,121096,5716.000
2019-08-30,5692.000,5888.000,5682.000,5878.000,114932,108778,5786.000
2019-09-02,5850.000,5896.000,5816.000,5854.000,95780,103106,5860.000
2019-09-03,5860.000,5876.000,5832.000,5832.000,42504,97846,5856.000
2019-09-04,5846.000,5866.000,5826.000,5846.000,50510,94046,5842.000
2019-09-05,5880.000,5892.000,5802.000,5810.000,65968,96816,5838.000
2019-09-06,5812.000,5870.000,5812.000,5860.000,55006,95466,5850.000
2019-09-09,5862.000,5904.000,5808.000,5824.000,76260,96254,5848.000
2019-09-10,5826.000,5886.000,5826.000,5864.000,62850,95276,5864.000
2019-09-11,5860.000,5886.000,5842.000,5844.000,53618,95782,5864.000
2019-09-12,5860.000,5872.000,5812.000,5860.000,60520,92230,5840.000
2019-09-16,5864.000,5896.000,5828.000,5832.000,68622,100008,5862.000
2019-09-17,5836.000,5940.000,5834.000,5930.000,120324,105092,5890.000
2019-09-18,5908.000,6002.000,5904.000,5958.000,127942,116490,5962.000
2019-09-19,5956.000,5990.000,5942.000,5970.000,59840,116160,5968.000
2019-09-20,5964.000,5974.000,5890.000,5938.000,81226,111748,5926.000
2019-09-23,5932.000,5974.000,5904.000,5912.000,67726,111142,5936.000
2019-09-24,5912.000,5970.000,5906.000,5948.000,54992,110926,5946.000
2019-09-25,5948.000,5998.000,5946.000,5990.000,73636,116784,5982.000
2019-09-26,6000.000,6010.000,5960.000,5984.000,53058,116096,5984.000
2019-09-27,5978.000,5982.000,5860.000,5860.000,104668,95504,5914.000
2019-09-30,5878.000,5910.000,5802.000,5866.000,78220,89638,5842.000
2019-10-08,5874.000,5896.000,5842.000,5860.000,51762,98066,5868.000
2019-10-09,5860.000,5888.000,5856.000,5878.000,37528,103794,5874.000
2019-10-10,5878.000,5928.000,5864.000,5920.000,54792,106746,5906.000
2019-10-11,5916.000,5918.000,5876.000,5878.000,45388,104814,5894.000
2019-10-14,5882.000,5882.000,5828.000,5832.000,56910,112330,5848.000
2019-10-15,5832.000,5886.000,5808.000,5862.000,67244,112070,5856.000
2019-10-16,5860.000,5870.000,5818.000,5838.000,56062,120106,5838.000
2019-10-17,5838.000,5852.000,5784.000,5824.000,80610,128746,5816.000
2019-10-18,5812.000,5838.000,5772.000,5830.000,63816,125774,5808.000
2019-10-21,5816.000,5844.000,5784.000,5818.000,57284,132080,5810.000
2019-10-22,5814.000,5832.000,5778.000,5796.000,44972,137994,5804.000
2019-10-23,5812.000,5832.000,5806.000,5810.000,41118,134634,5820.000
2019-10-24,5816.000,5830.000,5720.000,5776.000,119348,148628,5768.000
2019-10-25,5770.000,5826.000,5750.000,5810.000,55254,140234,5796.000
2019-10-28,5814.000,5814.000,5734.000,5762.000,72514,139842,5760.000
2019-10-29,5772.000,5820.000,5770.000,5814.000,59980,132132,5802.000
2019-10-30,5810.000,5812.000,5760.000,5780.000,43852,138432,5782.000
2019-10-31,5780.000,5802.000,5752.000,5756.000,63230,146502,5772.000
2019-11-01,5762.000,5790.000,5728.000,5782.000,57924,137894,5766.000
2019-11-04,5780.000,5782.000,5716.000,5740.000,78166,147788,5740.000
2019-11-05,5746.000,5766.000,5730.000,5766.000,37424,141246,5754.000
2019-11-06,5756.000,5764.000,5686.000,5738.000,92800,151418,5724.000
2019-11-07,5738.000,5796.000,5720.000,5738.000,97688,142222,5764.000
2019-11-08,5736.000,5744.000,5704.000,5724.000,71396,149834,5720.000
2019-11-11,5702.000,5728.000,5672.000,5692.000,71568,152112,5694.000
2019-11-12,5696.000,5718.000,5624.000,5662.000,137612,159240,5668.000
2019-11-13,5652.000,5678.000,5638.000,5664.000,52820,162790,5656.000
2019-11-14,5666.000,5722.000,5664.000,5690.000,79816,143354,5698.000
2019-11-15,5708.000,5740.000,5682.000,5726.000,53198,137720,5712.000
2019-11-18,5730.000,5818.000,5726.000,5798.000,109624,115442,5788.000
2019-11-19,5788.000,5888.000,5786.000,5884.000,113292,121724,5850.000
2019-11-20,5870.000,5882.000,5784.000,5800.000,82086,116262,5830.000
2019-11-21,5812.000,5838.000,5782.000,5826.000,46088,112088,5814.000
2019-11-22,5830.000,5840.000,5750.000,5802.000,68936,105452,5786.000
2019-11-25,5800.000,5824.000,5794.000,5816.000,31764,104018,5810.000
2019-11-26,5802.000,5850.000,5800.000,5846.000,53116,114132,5836.000
2019-11-27,5822.000,5856.000,5814.000,5826.000,40736,112556,5838.000
2019-11-28,5812.000,5816.000,5768.000,5780.000,50828,107268,5784.000
2019-11-29,5784.000,5830.000,5784.000,5828.000,47018,110146,5818.000
2019-12-02,5812.000,5814.000,5760.000,5768.000,57712,111254,5786.000
2019-12-03,5768.000,5782.000,5720.000,5754.000,68716,116974,5738.000
2019-12-04,5756.000,5758.000,5730.000,5738.000,28534,120858,5744.000
2019-12-05,5738.000,5786.000,5726.000,5748.000,39146,113440,5766.000
2019-12-06,5758.000,5764.000,5732.000,5740.000,35358,104918,5746.000
2019-12-09,5760.000,5786.000,5738.000,5772.000,53268,101576,5768.000
2019-12-10,5780.000,5792.000,5760.000,5784.000,37556,97464,5778.000
2019-12-11,5780.000,5916.000,5778.000,5908.000,92336,100574,5846.000
2019-12-12,5886.000,5886.000,5726.000,5730.000,104156,86046,5800.000
2019-12-13,5740.000,5756.000,5704.000,5728.000,59794,77284,5732.000
2019-12-16,5738.000,5740.000,5700.000,5730.000,31256,75094,5720.000
2019-12-17,5740.000,5744.000,5714.000,5730.000,23722,68200,5732.000
2019-12-18,5740.000,5788.000,5702.000,5780.000,29656,63864,5756.000
2019-12-19,5770.000,5820.000,5738.000,5812.000,30752,57704,5794.000
2019-12-20,5800.000,5840.000,5776.000,5794.000,25046,54178,5814.000
2019-12-23,5806.000,5838.000,5794.000,5832.000,42244,65018,5814.000
2019-12-24,5822.000,5860.000,5796.000,5820.000,43394,66252,5822.000
2019-12-25,5830.000,5838.000,5786.000,5790.000,32508,68618,5802.000
2019-12-26,5800.000,5838.000,5782.000,5822.000,42632,72758,5820.000
2019-12-27,5826.000,5848.000,5824.000,5840.000,49058,84396,5840.000
2019-12-30,5832.000,5858.000,5828.000,5836.000,42354,86454,5846.000
2019-12-31,5842.000,5860.000,5824.000,5850.000,34696,87494,5844.000
2020-01-02,5870.000,5870.000,5828.000,5834.000,13589,43510,5842.000
2020-01-03,5820.000,5866.000,5820.000,5858.000,16905,44734,5850.000
2020-01-06,5852.000,5866.000,5806.000,5812.000,30035,43623,5826.000
2020-01-07,5812.000,5832.000,5812.000,5824.000,12566,42869,5822.000
2020-01-08,5830.000,5830.000,5762.000,5798.000,33177,43253,5796.000
2020-01-09,5786.000,5822.000,5784.000,5798.000,15327,43054,5800.000
2020-01-10,5808.000,5810.000,5780.000,5800.000,15785,45518,5790.000
2020-01-13,5800.000,5812.000,5762.000,5776.000,21105,46405,5786.000
2020-01-14,5780.000,5794.000,5748.000,5794.000,34879,46210,5774.000
2020-01-15,5784.000,5790.000,5752.000,5786.000,38114,47093,5774.000
2020-01-16,5788.000,5792.000,5756.000,5764.000,22988,49828,5774.000
2020-01-17,5772.000,5788.000,5760.000,5786.000,14989,47951,5774.000
2020-01-20,5782.000,5812.000,5762.000,5812.000,22561,47675,5794.000
2020-01-21,5808.000,5850.000,5802.000,5850.000,39279,45562,5832.000
2020-01-22,5820.000,5862.000,5820.000,5862.000,25816,47246,5846.000
2020-01-23,5856.000,5856.000,5820.000,5850.000,20529,46526,5838.000
2020-02-03,5732.000,5994.000,5662.000,5942.000,83716,56366,5868.000
2020-02-04,5940.000,6106.000,5926.000,6100.000,87542,76587,6008.000
2020-02-05,6106.000,6150.000,5930.000,5940.000,97170,82558,6028.000
2020-02-06,5940.000,5972.000,5928.000,5956.000,43528,82295,5952.000
2020-02-07,5956.000,5966.000,5880.000,5930.000,47227,78404,5918.000
2020-02-10,5922.000,5932.000,5892.000,5898.000,26460,76588,5908.000
2020-02-11,5908.000,5950.000,5848.000,5948.000,42429,76523,5924.000
2020-02-12,5968.000,5976.000,5890.000,5910.000,38750,72112,5918.000
2020-02-13,5920.000,5922.000,5824.000,5864.000,43110,63778,5870.000
2020-02-14,5870.000,5870.000,5822.000,5832.000,24018,60733,5836.000
2020-02-17,5812.000,5814.000,5744.000,5780.000,51787,62648,5772.000
2020-02-18,5762.000,5780.000,5724.000,5730.000,30855,63235,5752.000
2020-02-19,5740.000,5752.000,5720.000,5740.000,22746,63254,5736.000
2020-02-20,5730.000,5788.000,5726.000,5784.000,37721,65184,5754.000
2020-02-21,5784.000,5798.000,5752.000,5762.000,43770,65801,5770.000
2020-02-24,5766.000,5778.000,5708.000,5716.000,42199,64401,5740.000
2020-02-25,5710.000,5720.000,5682.000,5716.000,27373,66158,5700.000
2020-02-26,5710.000,5740.000,5692.000,5720.000,24948,65545,5722.000
2020-02-27,5706.000,5722.000,5694.000,5720.000,16835,65603,5708.000
2020-02-28,5728.000,5736.000,5666.000,5716.000,41756,59552,5710.000
2020-03-02,5702.000,5728.000,5688.000,5710.000,37038,60422,5714.000
2020-03-03,5720.000,5758.000,5712.000,5714.000,38005,59814,5732.000
2020-03-04,5690.000,5692.000,5558.000,5644.000,147607,73113,5620.000
2020-03-05,5644.000,5728.000,5644.000,5674.000,49435,64768,5680.000
2020-03-06,5670.000,5670.000,5608.000,5650.000,34128,64560,5634.000
2020-03-09,5598.000,5634.000,5540.000,5606.000,51434,67513,5592.000
2020-03-10,5606.000,5622.000,5578.000,5606.000,32251,64030,5602.000
2020-03-11,5616.000,5634.000,5604.000,5620.000,22856,64652,5618.000
2020-03-12,5600.000,5620.000,5570.000,5602.000,36798,67207,5596.000
2020-03-13,5582.000,5610.000,5554.000,5596.000,41166,63575,5592.000
2020-03-16,5600.000,5626.000,5566.000,5592.000,48070,62150,5594.000
2020-03-17,5586.000,5616.000,5550.000,5608.000,43465,60855,5592.000
2020-03-18,5600.000,5678.000,5600.000,5638.000,46251,56553,5630.000
2020-03-19,5620.000,5624.000,5466.000,5522.000,86260,54642,5554.000
2020-03-20,5554.000,5572.000,5512.000,5536.000,42697,53724,5540.000
2020-03-23,5508.000,5510.000,5340.000,5364.000,68547,61714,5422.000
2020-03-24,5388.000,5430.000,5334.000,5426.000,54461,53774,5386.000
2020-03-25,5434.000,5474.000,5378.000,5408.000,43564,52217,5418.000
2020-03-26,5408.000,5596.000,5388.000,5530.000,155203,47888,5516.000
2020-03-27,5532.000,5546.000,5322.000,5332.000,108008,43807,5398.000
2020-03-30,5280.000,5386.000,5280.000,5350.000,60228,41032,5342.000
2020-03-31,5336.000,5434.000,5334.000,5410.000,44431,36770,5386.000
2020-04-01,5404.000,5508.000,5382.000,5416.000,77734,34283,5436.000
2020-04-02,5358.000,5464.000,5358.000,5446.000,40496,32630,5418.000
2020-04-03,5510.000,5510.000,5440.000,5490.000,36551,30596,5476.000
2020-04-07,5618.000,5628.000,5396.000,5576.000,37130,6978,5568.000
2020-04-08,5454.000,5636.000,5454.000,5612.000,38554,7270,5582.000
2020-04-09,5644.000,5646.000,5522.000,5532.000,36428,11431,5580.000
2020-04-10,5492.000,5658.000,5492.000,5548.000,77546,15167,5598.000
2020-04-13,5560.000,5654.000,5480.000,5532.000,84135,37044,5562.000
2020-04-14,5516.000,5548.000,5482.000,5538.000,62807,37709,5520.000
2020-04-15,5550.000,5578.000,5486.000,5490.000,56008,43392,5530.000
2020-04-16,5500.000,5590.000,5472.000,5522.000,77881,41430,5532.000
2020-04-17,5534.000,5598.000,5520.000,5590.000,65543,39168,5560.000
2020-04-20,5630.000,5746.000,5568.000,5714.000,118807,43607,5682.000
2020-04-21,5692.000,5788.000,5646.000,5708.000,91884,45266,5714.000
2020-04-22,5698.000,5740.000,5668.000,5708.000,59053,46770,5702.000
2020-04-23,5726.000,5730.000,5644.000,5662.000,75390,42122,5676.000
2020-04-24,5676.000,5768.000,5632.000,5690.000,88439,40593,5718.000
2020-04-27,5708.000,5746.000,5672.000,5734.000,53283,40897,5712.000
2020-04-28,5708.000,5766.000,5690.000,5744.000,62903,42393,5738.000
2020-04-29,5780.000,5864.000,5754.000,5800.000,106769,44746,5804.000
2020-04-30,5810.000,5834.000,5776.000,5830.000,72091,41345,5808.000
2020-05-06,5850.000,5850.000,5772.000,5782.000,60214,43334,5800.000
2020-05-07,5778.000,5804.000,5756.000,5796.000,49230,43760,5780.000
2020-05-08,5770.000,5848.000,5766.000,5846.000,66308,55553,5814.000
2020-05-11,5840.000,5878.000,5804.000,5816.000,75234,57261,5842.000
2020-05-12,5830.000,5842.000,5796.000,5840.000,38837,56817,5818.000
2020-05-13,5834.000,5838.000,5798.000,5834.000,37450,55540,5814.000
2020-05-14,5846.000,5868.000,5774.000,5774.000,61085,50779,5814.000
2020-05-15,5788.000,5848.000,5780.000,5846.000,56238,54009,5820.000
2020-05-18,5850.000,5858.000,5796.000,5798.000,64998,51050,5822.000
2020-05-19,5820.000,5862.000,5782.000,5860.000,69499,59184,5826.000
2020-05-20,5870.000,5906.000,5818.000,5896.000,69961,65710,5858.000
2020-05-21,5896.000,5992.000,5868.000,5930.000,109007,72618,5940.000
2020-05-22,5910.000,5980.000,5860.000,5880.000,68781,67923,5920.000
2020-05-25,5922.000,5980.000,5870.000,5912.000,63430,34009,5922.000
2020-05-26,5936.000,6004.000,5914.000,5974.000,87537,35718,5968.000
2020-05-27,5960.000,5972.000,5808.000,5860.000,76871,30898,5914.000
2020-05-28,5866.000,5866.000,5780.000,5810.000,100852,28806,5808.000
2020-05-29,5822.000,5822.000,5756.000,5766.000,68515,27426,5780.000
2020-06-01,5772.000,5842.000,5766.000,5832.000,22469,24193,5802.000
2020-06-02,5738.000,5764.000,5652.000,5762.000,45805,21725,5700.000
2020-06-03,5762.000,5808.000,5734.000,5788.000,54090,22389,5782.000
2020-06-04,5790.000,5826.000,5754.000,5786.000,71136,23794,5790.000
2020-06-05,5794.000,5796.000,5688.000,5700.000,58068,27990,5726.000
2020-06-08,5708.000,5756.000,5688.000,5716.000,76301,26560,5728.000
2020-06-09,5712.000,5796.000,5644.000,5770.000,79216,28776,5710.000
2020-06-10,5768.000,5786.000,5576.000,5590.000,97591,33609,5672.000
2020-06-11,5586.000,5614.000,5528.000,5562.000,120829,40221,5572.000
2020-06-12,5538.000,5688.000,5536.000,5598.000,118298,38069,5628.000
2020-06-15,5578.000,5638.000,5560.000,5600.000,84570,37632,5604.000
2020-06-16,5620.000,5662.000,5570.000,5626.000,81689,38596,5612.000
2020-06-17,5618.000,5824.000,5592.000,5788.000,181500,45671,5766.000
2020-06-18,5792.000,6090.000,5770.000,6032.000,455636,69787,5990.000
2020-06-19,6030.000,6072.000,5974.000,6032.000,275928,74137,6026.000
2020-06-22,6046.000,6122.000,5782.000,5836.000,362080,67492,5904.000
2020-06-23,5850.000,5928.000,5812.000,5856.000,184124,64077,5874.000
2020-06-24,5864.000,5904.000,5828.000,5888.000,138904,65408,5878.000
2020-06-29,5868.000,5922.000,5826.000,5850.000,156482,66852,5876.000
2020-06-30,5870.000,5902.000,5702.000,5740.000,220458,60287,5786.000
2020-07-01,5762.000,5774.000,5698.000,5726.000,87240,54702,5736.000
2020-07-02,5740.000,5760.000,5680.000,5730.000,67640,55018,5726.000
2020-07-03,5732.000,5750.000,5656.000,5658.000,87682,60385,5688.000
2020-07-06,5678.000,5720.000,5664.000,5684.000,67410,61035,5696.000
2020-07-07,5680.000,5724.000,5656.000,5694.000,80907,60388,5688.000
2020-07-08,5716.000,5734.000,5632.000,5632.000,138424,71042,5686.000
2020-07-09,5636.000,5712.000,5632.000,5690.000,145622,59826,5682.000
2020-07-10,5680.000,5686.000,5622.000,5640.000,127068,56767,5660.000
2020-07-13,5650.000,5684.000,5604.000,5634.000,87006,61501,5646.000
2020-07-14,5636.000,5640.000,5508.000,5540.000,123271,74452,5562.000
2020-07-15,5562.000,5590.000,5550.000,5556.000,58548,71084,5572.000
2020-07-16,5556.000,5572.000,5536.000,5566.000,54935,67178,5558.000
2020-07-17,5578.000,5580.000,5492.000,5544.000,78981,70723,5532.000
2020-07-20,5522.000,5628.000,5506.000,5564.000,74212,66510,5580.000
2020-07-21,5570.000,5588.000,5544.000,5576.000,43247,64681,5568.000
2020-07-22,5588.000,5596.000,5526.000,5534.000,53366,68361,5554.000
2020-07-23,5556.000,5604.000,5536.000,5602.000,62382,61329,5574.000
2020-07-24,5590.000,5620.000,5510.000,5514.000,67283,66146,5566.000
2020-07-27,5530.000,5550.000,5466.000,5540.000,64577,66772,5508.000
2020-07-28,5556.000,5586.000,5530.000,5564.000,48307,63003,5566.000
2020-07-29,5552.000,5604.000,5538.000,5544.000,60094,65140,5568.000
2020-07-30,5552.000,5592.000,5542.000,5584.000,43376,61515,5576.000
2020-07-31,5606.000,5606.000,5526.000,5530.000,65067,63667,5558.000
2020-08-03,5530.000,5572.000,5520.000,5570.000,49176,58709,5552.000
2020-08-04,5576.000,5872.000,5570.000,5724.000,302976,78382,5730.000
2020-08-05,5716.000,5770.000,5646.000,5662.000,115825,68356,5718.000
2020-08-06,5676.000,5726.000,5616.000,5624.000,78139,64249,5684.000
2020-08-07,5644.000,5674.000,5620.000,5660.000,53391,62128,5652.000
2020-08-10,5646.000,5772.000,5644.000,5714.000,101263,65353,5732.000
2020-08-11,5708.000,5776.000,5696.000,5732.000,68542,61538,5738.000
2020-08-12,5736.000,5774.000,5698.000,5750.000,71194,63076,5740.000
2020-08-13,5770.000,5806.000,5718.000,5746.000,79858,64773,5762.000
2020-08-14,5740.000,5764.000,5682.000,5710.000,64128,62799,5716.000
2020-08-17,5710.000,5758.000,5692.000,5730.000,65504,61940,5726.000
2020-08-18,5730.000,5746.000,5652.000,5708.000,79509,56205,5688.000
2020-08-19,5740.000,5876.000,5724.000,5788.000,167351,60443,5810.000
2020-08-20,5770.000,5812.000,5758.000,5768.000,56981,59321,5782.000
2020-08-21,5778.000,5862.000,5766.000,5824.000,93820,66505,5816.000
2020-08-24,5804.000,5862.000,5768.000,5772.000,70748,60632,5796.000
2020-08-25,5788.000,5788.000,5674.000,5688.000,89516,53768,5708.000
2020-08-26,5696.000,5712.000,5666.000,5680.000,38341,53607,5686.000
2020-08-27,5700.000,5778.000,5694.000,5744.000,60053,48986,5738.000
2020-08-28,5732.000,5764.000,5718.000,5726.000,34780,46675,5738.000
2020-08-31,5748.000,5812.000,5738.000,5786.000,56021,48853,5778.000
2020-09-01,5780.000,5882.000,5718.000,5856.000,70289,56921,5822.000
2020-09-02,5846.000,5908.000,5804.000,5840.000,85938,58311,5850.000
2020-09-03,5856.000,5924.000,5738.000,5738.000,136699,53227,5848.000
2020-09-04,5744.000,5756.000,5672.000,5686.000,84761,50360,5710.000
2020-09-07,5708.000,5736.000,5686.000,5700.000,46583,48107,5712.000
2020-09-08,5716.000,5720.000,5640.000,5674.000,62850,47138,5670.000
2020-09-09,5662.000,5684.000,5624.000,5638.000,49790,45222,5648.000
2020-09-10,5652.000,5674.000,5630.000,5642.000,42394,44974,5652.000
2020-09-11,5656.000,5662.000,5598.000,5608.000,59072,49685,5632.000
2020-09-14,5626.000,5686.000,5616.000,5650.000,45766,43923,5660.000
2020-09-15,5650.000,5680.000,5610.000,5630.000,34208,43170,5644.000
2020-09-16,5652.000,5652.000,5574.000,5612.000,46863,47555,5604.000
2020-09-17,5632.000,5646.000,5576.000,5644.000,41056,44425,5606.000
2020-09-18,5650.000,5650.000,5568.000,5614.000,56124,54304,5602.000
2020-09-21,5618.000,5680.000,5584.000,5592.000,65784,46236,5638.000
2020-09-22,5588.000,5642.000,5558.000,5608.000,47025,43770,5608.000
2020-09-23,5620.000,5622.000,5568.000,5608.000,47621,41262,5600.000
2020-09-24,5618.000,5638.000,5576.000,5622.000,42302,29860,5618.000
2020-09-25,5620.000,5668.000,5616.000,5624.000,38233,18683,5646.000
2020-09-28,5640.000,5708.000,5582.000,5696.000,22829,12053,5646.000
2020-09-29,5696.000,5784.000,5650.000,5700.000,18911,7863,5716.000
2020-09-30,5716.000,5746.000,5700.000,5708.000,50163,39828,5720.000
2020-10-09,5734.000,5850.000,5704.000,5850.000,67924,44401,5802.000
2020-10-12,5840.000,5900.000,5828.000,5898.000,52170,48472,5870.000
2020-10-13,5894.000,5950.000,5876.000,5936.000,55808,59619,5918.000
2020-10-14,5918.000,5980.000,5882.000,5912.000,63882,61721,5928.000
2020-10-15,5914.000,5928.000,5880.000,5916.000,32437,63551,5904.000
2020-10-16,5928.000,5980.000,5914.000,5968.000,60033,72147,5950.000
2020-10-19,5998.000,6000.000,5896.000,5940.000,64218,70666,5946.000
2020-10-20,5950.000,5954.000,5908.000,5918.000,30865,71082,5926.000
2020-10-21,5938.000,6046.000,5922.000,5946.000,123585,77796,5980.000
2020-10-22,5942.000,5956.000,5850.000,5854.000,82170,67733,5896.000
2020-10-23,5860.000,5884.000,5826.000,5844.000,53826,63428,5844.000
2020-10-26,5850.000,5850.000,5760.000,5760.000,69407,57458,5786.000
2020-10-27,5786.000,5818.000,5770.000,5778.000,45669,54584,5794.000
2020-10-28,5800.000,5844.000,5782.000,5792.000,47651,53314,5808.000
2020-10-29,5792.000,5856.000,5782.000,5782.000,46979,52840,5810.000
2020-10-30,5808.000,5834.000,5754.000,5774.000,63949,52118,5796.000
2020-11-02,5794.000,5906.000,5782.000,5904.000,62992,52422,5840.000
2020-11-03,5890.000,5918.000,5848.000,5878.000,50574,50879,5880.000
2020-11-04,5878.000,5958.000,5874.000,5958.000,69930,64014,5932.000
2020-11-05,5960.000,5972.000,5910.000,5912.000,51271,64236,5934.000
2020-11-06,5906.000,6006.000,5862.000,6002.000,81969,77372,5944.000
2020-11-09,6020.000,6036.000,5970.000,5988.000,85639,80284,6004.000
2020-11-10,5984.000,6040.000,5958.000,5982.000,88501,75805,5992.000
2020-11-11,6000.000,6028.000,5974.000,6000.000,60282,80274,6002.000
2020-11-12,5998.000,6032.000,5928.000,5938.000,93401,75904,5984.000
2020-11-13,5928.000,5946.000,5888.000,5916.000,59013,65990,5912.000
2020-11-16,5930.000,5958.000,5880.000,5886.000,64026,59573,5916.000
2020-11-17,5906.000,5924.000,5864.000,5900.000,53131,57195,5896.000
2020-11-18,5888.000,5930.000,5874.000,5890.000,45127,57582,5902.000
2020-11-19,5902.000,5998.000,5870.000,5998.000,81746,63194,5926.000
2020-11-20,6002.000,6228.000,5998.000,6184.000,345997,120204,6150.000
2020-11-23,6172.000,6248.000,6156.000,6180.000,167936,123652,6196.000
2020-11-24,6180.000,6192.000,6120.000,6128.000,130226,110156,6156.000
2020-11-25,6122.000,6146.000,6050.000,6108.000,120827,99306,6094.000
2020-11-26,6102.000,6144.000,6084.000,6084.000,74375,99682,6110.000
2020-11-27,6104.000,6320.000,6102.000,6116.000,294545,98165,6216.000
2020-11-30,6138.000,6230.000,6110.000,6160.000,117927,84227,6168.000
2020-12-01,6144.000,6262.000,6126.000,6196.000,137442,96230,6196.000
2020-12-02,6220.000,6396.000,6218.000,6346.000,214923,115839,6314.000
2020-12-03,6326.000,6376.000,6264.000,6268.000,125032,106439,6302.000
2020-12-04,6252.000,6682.000,6182.000,6682.000,323120,110698,6458.000
2020-12-07,6796.000,7040.000,6778.000,6982.000,232850,88697,6972.000
2020-12-08,6930.000,6930.000,6672.000,6688.000,389616,69418,6794.000
2020-12-09,6682.000,6732.000,6548.000,6628.000,231783,63119,6636.000
2020-12-10,6680.000,6728.000,6510.000,6542.000,168911,51335,6602.000
2020-12-11,6560.000,6644.000,6368.000,6392.000,193594,44262,6490.000
2020-12-14,6440.000,6454.000,6346.000,6384.000,85058,35981,6400.000
2020-12-15,6384.000,6566.000,6372.000,6414.000,126805,30387,6472.000
2020-12-16,6464.000,6470.000,6350.000,6362.000,88007,24271,6398.000
2020-12-17,6400.000,6418.000,6308.000,6332.000,77196,21529,6350.000
2020-12-18,6356.000,6544.000,6354.000,6472.000,90843,17455,6464.000
2020-12-21,6650.000,6846.000,6602.000,6800.000,61211,13945,6734.000
2020-12-22,6822.000,7002.000,6610.000,6724.000,270385,70101,6842.000
2020-12-23,6692.000,6988.000,6692.000,6982.000,195530,86678,6826.000
2020-12-24,7064.000,7116.000,6900.000,6920.000,237742,84100,6980.000
2020-12-25,6952.000,7200.000,6910.000,7200.000,243729,106026,7076.000
2020-12-28,7200.000,7356.000,6852.000,6880.000,293020,93981,7106.000
2020-12-29,6880.000,6960.000,6770.000,6814.000,152467,84894,6866.000
2020-12-30,6836.000,6846.000,6740.000,6790.000,159732,77226,6792.000
2020-12-31,6758.000,6794.000,6566.000,6616.000,205409,77504,6654.000
2021-01-04,6670.000,6716.000,6572.000,6656.000,136253,80654,6646.000
2021-01-05,6666.000,6844.000,6646.000,6830.000,166144,84745,6754.000
2021-01-06,6850.000,7160.000,6848.000,7160.000,310428,104035,7018.000
2021-01-07,7178.000,7366.000,7110.000,7298.000,450950,107670,7230.000
2021-01-08,7350.000,7664.000,7330.000,7664.000,735474,154420,7576.000
2021-01-11,7602.000,7862.000,7508.000,7816.000,694370,163236,7684.000
2021-01-12,7736.000,7740.000,7510.000,7620.000,491925,152709,7594.000
2021-01-13,7628.000,7934.000,7616.000,7930.000,532164,197186,7774.000
2021-01-14,7962.000,7962.000,7810.000,7882.000,528165,204629,7886.000
2021-01-15,7910.000,7980.000,7412.000,7412.000,640544,161345,7654.000
2021-01-18,7440.000,7614.000,7364.000,7602.000,383993,155729,7506.000
2021-01-19,7596.000,7600.000,7306.000,7572.000,444073,167386,7478.000
2021-01-20,7578.000,7578.000,7386.000,7482.000,325380,152046,7472.000
2021-01-21,7450.000,7450.000,7130.000,7180.000,438647,136866,7238.000
2021-01-22,7244.000,7256.000,7060.000,7076.000,228059,133843,7162.000
2021-01-25,7174.000,7238.000,7036.000,7126.000,238676,140853,7140.000
2021-01-26,7148.000,7166.000,6916.000,6988.000,211511,133175,7048.000
2021-01-27,7012.000,7086.000,6956.000,7012.000,168349,135716,7014.000
2021-01-28,7000.000,7156.000,6930.000,7086.000,253998,149529,7072.000
2021-01-29,7044.000,7084.000,6676.000,6752.000,348626,134943,6850.000
2021-02-01,6748.000,6878.000,6678.000,6820.000,171397,136682,6792.000
2021-02-02,6796.000,6854.000,6572.000,6582.000,222988,141335,6678.000
2021-02-03,6596.000,6658.000,6546.000,6614.000,137096,126058,6602.000
2021-02-04,6632.000,7000.000,6606.000,7000.000,393139,169153,6854.000
2021-02-05,7052.000,7072.000,6734.000,6740.000,422512,128107,6856.000
2021-02-08,6776.000,6922.000,6774.000,6814.000,212128,124647,6842.000
2021-02-09,6866.000,7036.000,6818.000,6942.000,190072,113241,6918.000
2021-02-10,6986.000,7160.000,6934.000,7158.000,196422,105018,7052.000
2021-02-18,7186.000,7410.000,7184.000,7338.000,146806,120065,7290.000
2021-02-19,7346.000,7346.000,7114.000,7224.000,152563,120307,7204.000
2021-02-22,7218.000,7510.000,7162.000,7370.000,274495,139867,7340.000
2021-02-23,7400.000,7604.000,7400.000,7530.000,230504,132879,7512.000
2021-02-24,7552.000,7782.000,7552.000,7746.000,263468,146889,7700.000
2021-02-25,7980.000,7998.000,7638.000,7684.000,321811,153824,7746.000
2021-02-26,7582.000,7882.000,7452.000,7796.000,286946,157855,7712.000
2021-03-01,8004.000,8112.000,7812.000,7920.000,317833,160843,7932.000
2021-03-02,7860.000,7914.000,7576.000,7692.000,290218,144451,7746.000
2021-03-03,7760.000,7924.000,7708.000,7762.000,290151,149358,7812.000
2021-03-04,7700.000,7808.000,7600.000,7726.000,218774,146445,7706.000
2021-03-05,7564.000,8080.000,7510.000,8078.000,374552,188196,7786.000
2021-03-08,8166.000,8254.000,7992.000,8076.000,423203,217430,8136.000
2021-03-09,8100.000,8188.000,7872.000,7968.000,321165,208416,8046.000
2021-03-10,7970.000,8386.000,7970.000,8110.000,631964,263483,8140.000
2021-03-11,8084.000,8084.000,7756.000,7846.000,436233,216764,7866.000
2021-03-12,7880.000,7910.000,7542.000,7552.000,370603,199164,7718.000
2021-03-15,7560.000,7564.000,7264.000,7370.000,346254,178758,7354.000
2021-03-16,7350.000,7406.000,7130.000,7134.000,259264,177424,7258.000
2021-03-17,7130.000,7180.000,7056.000,7096.000,195489,170197,7108.000
2021-03-18,7178.000,7350.000,7092.000,7254.000,281429,167372,7254.000
2021-03-19,7092.000,7282.000,6920.000,6962.000,274539,154233,7094.000
2021-03-22,6956.000,7218.000,6866.000,7190.000,252982,150402,7072.000
2021-03-23,7190.000,7190.000,6956.000,7018.000,220379,149369,7044.000
2021-03-24,6922.000,7062.000,6886.000,6928.000,177527,144235,6964.000
2021-03-25,6966.000,7136.000,6930.000,7036.000,217040,143531,7044.000
2021-03-26,7028.000,7078.000,6802.000,6978.000,240848,144672,6948.000
2021-03-29,7006.000,7080.000,6820.000,6828.000,251565,151228,6982.000
2021-03-30,6802.000,6886.000,6680.000,6682.000,219607,147609,6788.000
2021-03-31,6686.000,6726.000,6606.000,6666.000,193993,134680,6658.000
2021-04-01,6702.000,6850.000,6670.000,6768.000,187728,119959,6778.000
2021-04-02,6800.000,6910.000,6746.000,6884.000,192746,114627,6828.000
2021-04-06,6812.000,6946.000,6692.000,6820.000,203202,117203,6816.000
2021-04-07,6836.000,6920.000,6736.000,6766.000,195250,114932,6840.000
2021-04-08,6732.000,6886.000,6706.000,6754.000,175183,119096,6796.000
2021-04-09,6792.000,6826.000,6628.000,6630.000,148781,112314,6756.000
2021-04-12,6620.000,6686.000,6562.000,6616.000,154986,124973,6618.000
2021-04-13,6628.000,6710.000,6590.000,6610.000,149086,114175,6640.000
2021-04-14,6602.000,6806.000,6540.000,6796.000,175101,103277,6688.000
2021-04-15,6796.000,7062.000,6780.000,7050.000,209645,86097,6926.000
2021-04-16,7100.000,7328.000,6942.000,7258.000,228183,77789,7144.000
2021-04-19,7384.000,7458.000,7288.000,7402.000,215654,108979,7394.000
2021-04-20,7402.000,7430.000,7304.000,7366.000,180738,117299,7362.000
2021-04-21,7292.000,7452.000,7250.000,7350.000,251167,124176,7366.000
2021-04-22,7374.000,7514.000,7342.000,7412.000,272713,134544,7436.000
2021-04-23,7398.000,7644.000,7384.000,7608.000,330007,145340,7524.000
2021-04-26,7662.000,7676.000,7500.000,7502.000,241295,137643,7580.000
2021-04-27,7488.000,7552.000,7336.000,7378.000,285414,137073,7440.000
2021-04-28,7400.000,7554.000,7390.000,7448.000,290101,136121,7464.000
2021-04-29,7476.000,7722.000,7446.000,7658.000,315321,148715,7600.000
2021-04-30,7632.000,7676.000,7380.000,7414.000,366194,132597,7522.000
2021-05-06,7400.000,7656.000,7400.000,7576.000,320843,132017,7554.000
2021-05-07,7590.000,7866.000,7572.000,7688.000,502269,148090,7714.000
2021-05-10,7800.000,7962.000,7712.000,7904.000,553862,163988,7832.000
2021-05-11,7770.000,7914.000,7720.000,7802.000,403228,159229,7816.000
2021-05-12,7814.000,8286.000,7786.000,8286.000,430127,187578,8026.000
2021-05-13,8304.000,8548.000,7820.000,7952.000,675164,151058,8190.000
2021-05-14,7952.000,8292.000,7778.000,8062.000,1053684,167542,8058.000
2021-05-17,8070.000,8160.000,7888.000,7966.000,461385,169538,7998.000
2021-05-18,8010.000,8308.000,8006.000,8252.000,387191,197003,8166.000
2021-05-19,8210.000,8238.000,7860.000,8026.000,407237,183828,8078.000
2021-05-20,7702.000,8116.000,7652.000,8096.000,485947,205652,7888.000
2021-05-21,8054.000,8334.000,7912.000,8220.000,610592,220019,8124.000
2021-05-24,8140.000,8194.000,7862.000,7958.000,519231,196129,7982.000
2021-05-25,7978.000,8050.000,7680.000,7720.000,551494,191806,7862.000
2021-05-26,7730.000,7860.000,7650.000,7720.000,325355,190289,7762.000
2021-05-27,7774.000,7792.000,7482.000,7546.000,399788,171596,7600.000
2021-05-28,7720.000,7944.000,7684.000,7934.000,444380,183651,7814.000
2021-05-31,8080.000,8244.000,8012.000,8224.000,392578,191487,8126.000
2021-06-01,8312.000,8438.000,8186.000,8396.000,420538,223415,8316.000
2021-06-02,8350.000,8426.000,8226.000,8396.000,352278,210863,8306.000
2021-06-03,8530.000,8788.000,8410.000,8504.000,831860,273248,8570.000
2021-06-04,8450.000,8740.000,8398.000,8728.000,638701,281147,8596.000
2021-06-07,8728.000,8758.000,8566.000,8650.000,407473,287022,8654.000
2021-06-08,8624.000,8670.000,8468.000,8572.000,407453,270983,8572.000
2021-06-09,8620.000,8640.000,8512.000,8606.000,375772,294484,8576.000
2021-06-10,8592.000,8608.000,8452.000,8502.000,345338,272333,8520.000
2021-06-11,8558.000,8726.000,8516.000,8634.000,467380,303899,8616.000
2021-06-15,8572.000,8600.000,8332.000,8414.000,391671,258605,8424.000
2021-06-16,8374.000,8418.000,8200.000,8210.000,299982,259901,8304.000
2021-06-17,8188.000,8318.000,8076.000,8276.000,344841,249454,8206.000
2021-06-18,8192.000,8226.000,7902.000,7938.000,422130,218062,8018.000
2021-06-21,7938.000,8150.000,7938.000,8074.000,303012,208867,8060.000
2021-06-22,8136.000,8178.000,8034.000,8134.000,240436,194953,8106.000
2021-06-23,8150.000,8240.000,8112.000,8190.000,235482,188439,8172.000
2021-06-24,8210.000,8252.000,8066.000,8120.000,254399,182101,8172.000
2021-06-25,8142.000,8424.000,8052.000,8386.000,378285,190198,8236.000
2021-06-28,8368.000,8368.000,8152.000,8258.000,269035,173734,8244.000
2021-06-29,8300.000,8348.000,8234.000,8276.000,194662,168887,8292.000
2021-06-30,8300.000,8368.000,8252.000,8358.000,215520,179932,8320.000
2021-07-01,8358.000,8364.000,8036.000,8046.000,288066,189878,8168.000
2021-07-02,8060.000,8074.000,7930.000,7998.000,231008,188442,7994.000
2021-07-05,7998.000,8098.000,7906.000,8066.000,186003,178841,8016.000
2021-07-06,8072.000,8310.000,8072.000,8282.000,276583,170634,8228.000
2021-07-07,8200.000,8342.000,8178.000,8330.000,241861,170471,8276.000
2021-07-08,8298.000,8376.000,8048.000,8118.000,320121,186187,8178.000
2021-07-09,8150.000,8288.000,8096.000,8250.000,227225,173882,8232.000
2021-07-12,8300.000,8322.000,8104.000,8244.000,278041,176991,8214.000
2021-07-13,8230.000,8262.000,8142.000,8152.000,161373,166588,8194.000
2021-07-14,8196.000,8546.000,8176.000,8502.000,324910,187771,8372.000
2021-07-15,8460.000,8646.000,8442.000,8640.000,235165,187811,8554.000
2021-07-16,8658.000,8964.000,8654.000,8856.000,418879,231249,8796.000
2021-07-19,8860.000,8920.000,8724.000,8760.000,202531,203339,8804.000
2021-07-20,8600.000,8724.000,8560.000,8646.000,209888,177033,8628.000
2021-07-21,8646.000,8700.000,8408.000,8450.000,216121,161023,8500.000
2021-07-22,8448.000,8498.000,8396.000,8458.000,154652,150540,8450.000
2021-07-23,8478.000,8728.000,8478.000,8616.000,261999,183719,8606.000
2021-07-26,8700.000,8838.000,8664.000,8742.000,230558,186828,8744.000
2021-07-27,8778.000,8810.000,8618.000,8700.000,156304,182292,8722.000
2021-07-28,8700.000,9004.000,8700.000,8986.000,273344,223619,8898.000
2021-07-29,9010.000,9030.000,8902.000,8950.000,158902,196480,8948.000
2021-07-30,9032.000,9142.000,8912.000,9058.000,265243,223636,9028.000
2021-08-02,8900.000,9054.000,8868.000,9016.000,240879,214134,8958.000
2021-08-03,9000.000,9042.000,8846.000,8928.000,226724,201058,8920.000
2021-08-04,8966.000,9076.000,8938.000,8978.000,209430,192626,8990.000
2021-08-05,8972.000,8996.000,8828.000,8876.000,211546,185305,8906.000
2021-08-06,8876.000,8980.000,8804.000,8934.000,165478,159574,8898.000
2021-08-09,8934.000,9120.000,8830.000,8904.000,282844,170544,8952.000
2021-08-10,8958.000,9066.000,8910.000,9042.000,158285,152929,9004.000
2021-08-11,9120.000,9180.000,9004.000,9062.000,171476,145961,9068.000
2021-08-12,9010.000,9146.000,9010.000,9064.000,134477,128408,9088.000
2021-08-13,9060.000,9198.000,8922.000,9180.000,220835,130984,9066.000
2021-08-16,9198.000,9226.000,9016.000,9068.000,153060,104890,9114.000
2021-08-17,9062.000,9198.000,8956.000,9192.000,137268,96266,9078.000
2021-08-18,9050.000,9150.000,9018.000,9126.000,293821,186636,9092.000
2021-08-19,9020.000,9202.000,9020.000,9200.000,281102,208045,9114.000
2021-08-20,9180.000,9306.000,9130.000,9300.000,408830,220947,9216.000
2021-08-23,9376.000,9758.000,9358.000,9642.000,494321,231134,9570.000
2021-08-24,9684.000,9720.000,9474.000,9490.000,414945,227009,9610.000
2021-08-25,9548.000,9730.000,9524.000,9698.000,393731,235375,9624.000
2021-08-26,9820.000,9928.000,9722.000,9886.000,443276,258644,9828.000
2021-08-27,9860.000,10070.000,9786.000,10038.000,537450,303231,9902.000
2021-08-30,10120.000,10498.000,10102.000,10498.000,595109,314254,10380.000
2021-08-31,10516.000,10624.000,10324.000,10500.000,750067,280410,10468.000
2021-09-01,10450.000,10650.000,10336.000,10628.000,726050,303709,10500.000
2021-09-02,10640.000,11130.000,10606.000,10820.000,1042898,298401,10864.000
2021-09-03,10764.000,10836.000,10286.000,10420.000,1037715,248431,10510.000
2021-09-06,10480.000,10682.000,10412.000,10488.000,438303,243068,10514.000
2021-09-07,10570.000,10746.000,10428.000,10672.000,499814,238804,10566.000
2021-09-08,10576.000,10790.000,10526.000,10728.000,465523,239824,10694.000
2021-09-09,10750.000,11296.000,10750.000,11274.000,680229,251863,11054.000
2021-09-10,11274.000,11346.000,10952.000,11106.000,625288,245978,11146.000
2021-09-13,11226.000,11634.000,11162.000,11412.000,658383,238813,11444.000
2021-09-14,11300.000,11622.000,11258.000,11460.000,603821,238819,11466.000
2021-09-15,11550.000,12066.000,11548.000,12054.000,827547,264721,11834.000
2021-09-16,12136.000,12462.000,11726.000,12004.000,792224,223185,12126.000
2021-09-17,12004.000,12326.000,11878.000,12190.000,687740,219907,12080.000
2021-09-22,13048.000,13048.000,12806.000,13048.000,97454,220168,13012.000
2021-09-23,14444.000,14444.000,14352.000,14444.000,74482,204815,14436.000
2021-09-24,15980.000,15980.000,13132.000,14190.000,1044785,115578,14236.000
2021-09-27,14066.000,15214.000,13708.000,14766.000,837148,124361,14558.000
2021-09-28,14800.000,15870.000,14660.000,15870.000,578488,127551,15320.000
2021-09-29,15870.000,16618.000,15104.000,15936.000,714134,109507,15782.000
2021-09-30,16098.000,17038.000,15568.000,17024.000,409914,106088,16144.000
2021-10-08,17000.000,17018.000,16044.000,16334.000,304173,102971,16400.000
2021-10-11,17666.000,17886.000,16780.000,17780.000,376563,114043,17376.000
2021-10-12,17498.000,17950.000,16900.000,17364.000,348998,110186,17368.000
2021-10-13,17450.000,17500.000,15630.000,15630.000,470295,101840,16282.000
2021-10-14,15300.000,16250.000,15100.000,16174.000,384946,99829,15762.000
2021-10-15,16170.000,16180.000,15340.000,15982.000,387624,94768,15716.000
2021-10-18,15970.000,15970.000,14868.000,15710.000,363682,99801,15582.000
2021-10-19,15600.000,17142.000,15246.000,16870.000,366563,110100,16612.000
2021-10-20,14950.000,15300.000,14950.000,14950.000,207203,93527,15032.000
2021-10-21,15800.000,16420.000,14000.000,14468.000,389829,98573,15672.000
2021-10-22,14500.000,14966.000,14104.000,14104.000,257268,93049,14402.000
2021-10-25,14210.000,14228.000,12960.000,12960.000,324234,98417,13502.000
2021-10-26,12900.000,12980.000,11936.000,12596.000,420198,93087,12412.000
2021-10-27,11550.000,12000.000,11170.000,11170.000,211330,87873,11372.000
2021-10-28,10112.000,12200.000,9930.000,11382.000,520828,91264,10816.000
2021-10-29,11382.000,11624.000,10736.000,11262.000,381631,89926,11138.000
2021-11-01,11360.000,11396.000,10674.000,10978.000,253184,89640,11024.000
2021-11-02,10900.000,10950.000,9940.000,10166.000,318149,88899,10454.000
2021-11-03,10248.000,10952.000,9876.000,10586.000,346995,87521,10358.000
2021-11-04,10178.000,10448.000,9812.000,10022.000,263381,81648,10126.000
2021-11-05,10078.000,10080.000,9534.000,9548.000,224976,84917,9780.000
2021-11-08,9760.000,9910.000,9402.000,9504.000,187971,85291,9570.000
2021-11-09,9500.000,9600.000,9450.000,9478.000,127615,81786,9526.000
2021-11-10,9138.000,9150.000,8750.000,9010.000,191655,89742,8946.000
2021-11-11,9126.000,9676.000,9056.000,9450.000,206359,83115,9362.000
2021-11-12,9330.000,9398.000,9002.000,9052.000,142267,79922,9176.000
2021-11-15,9000.000,9000.000,8652.000,8740.000,122916,80430,8806.000
2021-11-16,8776.000,8996.000,8604.000,8630.000,119439,79511,8826.000
2021-11-17,8502.000,8752.000,8452.000,8568.000,91195,80185,8600.000
2021-11-18,8500.000,8590.000,8136.000,8144.000,119277,83466,8408.000
2021-11-19,8184.000,8430.000,8166.000,8318.000,130026,79485,8296.000
2021-11-22,8466.000,8654.000,8420.000,8490.000,112941,75032,8528.000
2021-11-23,8580.000,9248.000,8580.000,9028.000,225209,79824,8972.000
2021-11-24,9188.000,9408.000,9180.000,9382.000,139295,75333,9302.000
2021-11-25,9456.000,9644.000,9300.000,9382.000,123927,77839,9462.000
2021-11-26,9000.000,9148.000,8604.000,8666.000,161504,73266,8904.000
2021-11-29,8668.000,9068.000,8668.000,8866.000,150871,75014,8886.000
2021-11-30,8874.000,8998.000,8492.000,8626.000,124139,70915,8726.000
2021-12-01,8632.000,9188.000,8632.000,9024.000,141001,72818,8910.000
2021-12-02,8810.000,8888.000,8580.000,8616.000,113348,69922,8770.000
2021-12-03,8672.000,8880.000,8600.000,8712.000,109516,70993,8766.000
2021-12-06,8780.000,8950.000,8470.000,8610.000,141374,79265,8714.000
2021-12-07,8848.000,8872.000,8584.000,8584.000,104099,75158,8708.000
2021-12-08,8570.000,8570.000,8154.000,8270.000,143211,84821,8312.000
2021-12-09,8328.000,8390.000,8212.000,8318.000,78056,81634,8312.000
2021-12-10,8450.000,8540.000,8286.000,8324.000,92655,74266,8404.000
2021-12-13,8324.000,8408.000,8178.000,8348.000,85429,71716,8324.000
2021-12-14,8310.000,8520.000,8268.000,8356.000,79614,66806,8404.000
2021-12-15,8318.000,8390.000,8152.000,8238.000,68123,64123,8250.000
2021-12-16,8330.000,8380.000,8226.000,8306.000,55305,55078,8318.000
2021-12-17,8350.000,8570.000,8300.000,8330.000,64408,48493,8428.000
2021-12-20,8550.000,8700.000,8470.000,8566.000,140442,45167,8586.000
2021-12-21,8602.000,8728.000,8560.000,8570.000,161151,56362,8652.000
2021-12-22,8584.000,8674.000,8172.000,8192.000,282762,90161,8358.000
2021-12-23,8194.000,8346.000,8132.000,8258.000,168650,85144,8246.000
2021-12-24,8324.000,8460.000,8264.000,8446.000,168464,74394,8372.000
2021-12-27,8372.000,8528.000,8330.000,8444.000,163982,70958,8440.000
2021-12-28,8462.000,8528.000,8370.000,8448.000,139174,67780,8440.000
2021-12-29,8448.000,8758.000,8448.000,8730.000,220965,78443,8638.000
2021-12-30,8700.000,8714.000,8508.000,8518.000,160629,74684,0.000
2021-12-31,8510.000,8510.000,8300.000,8312.000,177330,74601,8388.000
2022-01-04,8386.000,8388.000,8230.000,8266.000,127828,81186,8302.000
2022-01-05,8266.000,8384.000,8250.000,8264.000,124040,83794,8326.000
2022-01-06,8264.000,8438.000,8250.000,8374.000,153223,83983,8364.000
2022-01-07,8400.000,8622.000,8378.000,8526.000,178407,87518,8488.000
2022-01-10,8520.000,8780.000,8492.000,8650.000,248113,101463,8654.000
2022-01-11,8650.000,8660.000,8522.000,8638.000,151435,99789,8588.000
2022-01-12,8706.000,8790.000,8656.000,8746.000,163049,105707,8722.000
2022-01-13,8844.000,9348.000,8842.000,9044.000,499366,125150,9148.000
2022-01-14,9146.000,9260.000,9056.000,9238.000,276698,131852,9174.000
2022-01-17,9162.000,9178.000,8792.000,8908.000,281688,119500,8922.000
2022-01-18,8890.000,9126.000,8808.000,9078.000,265154,122132,8964.000
2022-01-19,9200.000,9366.000,9060.000,9082.000,289669,127301,9200.000
2022-01-20,9122.000,9266.000,9066.000,9186.000,219510,126430,9166.000
2022-01-21,9272.000,9280.000,8930.000,9018.000,282083,113088,9090.000
2022-01-24,9000.000,9214.000,8882.000,8890.000,237296,107773,9086.000
2022-01-25,8850.000,8850.000,8676.000,8684.000,201480,98900,8746.000
2022-01-26,8686.000,8728.000,8522.000,8706.000,165319,101927,8658.000
2022-01-27,8736.000,8834.000,8656.000,8678.000,183621,96256,8746.000
2022-01-28,8710.000,9096.000,8710.000,9046.000,251746,91462,8952.000
2022-02-07,9100.000,9398.000,9052.000,9336.000,243247,112751,9250.000
2022-02-08,9448.000,9496.000,9200.000,9336.000,263323,117549,9328.000
2022-02-09,9270.000,9270.000,9072.000,9090.000,183045,112243,9146.000
2022-02-10,9160.000,9348.000,9156.000,9258.000,189643,123204,9270.000
2022-02-11,9330.000,9414.000,8978.000,8988.000,251782,112906,9214.000
2022-02-14,8948.000,9146.000,8850.000,8990.000,171486,112500,9042.000
2022-02-15,8890.000,8994.000,8828.000,8920.000,189087,109249,8900.000
2022-02-16,8940.000,9200.000,8940.000,9148.000,220966,112580,9094.000
2022-02-17,9034.000,9192.000,9028.000,9136.000,207354,112099,9122.000
2022-02-18,9210.000,9628.000,9210.000,9544.000,283299,136474,9400.000
2022-02-21,9574.000,9620.000,9342.000,9518.000,288144,133493,9470.000
2022-02-22,9560.000,9644.000,9260.000,9274.000,271591,129546,9452.000
2022-02-23,9290.000,9398.000,9170.000,9372.000,225820,127930,9298.000
2022-02-24,9388.000,9422.000,9222.000,9322.000,221560,120783,9316.000
2022-02-25,9220.000,9378.000,8700.000,8780.000,385977,114590,9066.000
2022-02-28,8874.000,9094.000,8828.000,9020.000,200025,106616,8982.000
2022-03-01,9028.000,9350.000,9028.000,9318.000,249145,104141,9242.000
2022-03-02,9404.000,9494.000,9250.000,9354.000,225010,100569,9378.000
2022-03-03,9370.000,9500.000,9310.000,9354.000,241848,106359,9404.000
2022-03-04,9354.000,9366.000,9058.000,9204.000,274408,104147,9182.000
2022-03-07,9550.000,10050.000,9410.000,9884.000,478141,114782,9676.000
2022-03-08,9800.000,10450.000,9736.000,10060.000,593408,119532,10186.000
2022-03-09,10170.000,10300.000,9804.000,9912.000,352033,115129,10056.000
2022-03-10,9550.000,10018.000,9500.000,9914.000,211758,133129,9806.000
2022-03-11,9900.000,10154.000,9810.000,10016.000,228396,131094,9968.000
2022-03-14,9880.000,9934.000,9670.000,9714.000,191800,129989,9800.000
2022-03-15,9712.000,9748.000,9270.000,9320.000,228557,127302,9428.000
2022-03-16,9458.000,9596.000,9338.000,9452.000,178636,125791,9474.000
2022-03-17,9452.000,9532.000,9260.000,9334.000,150516,129556,9382.000
2022-03-18,9402.000,9498.000,9304.000,9338.000,149505,130343,9406.000
2022-03-21,9390.000,9404.000,9156.000,9170.000,152382,139194,9246.000
2022-03-22,9256.000,9488.000,9150.000,9354.000,185697,128382,9326.000
2022-03-23,9300.000,9396.000,9284.000,9338.000,96263,117796,9342.000
2022-03-24,9498.000,9568.000,9324.000,9342.000,125445,119953,9426.000
2022-03-25,9342.000,9780.000,9322.000,9740.000,177536,113652,9594.000
2022-03-28,9740.000,10020.000,9712.000,9914.000,170062,116343,9892.000
2022-03-29,9952.000,9980.000,9666.000,9890.000,134015,104110,9804.000
2022-03-30,9904.000,9908.000,9748.000,9858.000,95217,102060,9834.000
2022-03-31,9858.000,10114.000,9756.000,9984.000,192144,118897,9938.000
2022-04-01,9954.000,10308.000,9824.000,10286.000,153601,99589,10056.000
2022-04-06,10280.000,10548.000,10126.000,10408.000,164445,110473,10362.000
2022-04-07,10324.000,10458.000,10178.000,10430.000,149572,101554,10330.000
2022-04-08,10400.000,10848.000,10358.000,10770.000,261151,128400,10664.000
2022-04-11,10600.000,10692.000,10200.000,10230.000,219666,98674,10372.000
2022-04-12,10328.000,10440.000,10186.000,10398.000,158746,87419,10306.000
2022-04-13,10422.000,10478.000,10170.000,10342.000,148101,78652,10336.000
2022-04-14,10338.000,10628.000,10312.000,10462.000,114058,67442,10456.000
2022-04-15,10686.000,11158.000,10604.000,11140.000,390291,120718,10914.000
2022-04-18,11102.000,11340.000,10932.000,11186.000,338515,131176,11146.000
2022-04-19,11186.000,11238.000,10758.000,10872.000,270412,148429,11020.000
2022-04-20,11000.000,11186.000,10910.000,11018.000,207632,139151,11036.000
2022-04-21,11050.000,11112.000,10900.000,11018.000,164748,144045,11002.000
2022-04-22,10972.000,10996.000,10758.000,10894.000,166601,133397,10880.000
2022-04-25,10600.000,10600.000,10080.000,10122.000,251297,124833,10368.000
2022-04-26,10130.000,10352.000,10130.000,10206.000,137072,107854,10248.000
2022-04-27,10298.000,10394.000,9854.000,9970.000,250781,123066,10100.000
2022-04-28,9990.000,10074.000,9806.000,9964.000,174018,111644,9936.000
2022-04-29,9968.000,10046.000,9828.000,9964.000,169767,120939,9948.000
2022-05-05,9904.000,9984.000,9616.000,9750.000,209993,130584,9770.000
2022-05-06,9608.000,9610.000,9224.000,9240.000,236774,146696,9460.000
2022-05-09,9200.000,9238.000,9018.000,9144.000,206002,138983,9126.000
2022-05-10,8970.000,8970.000,8680.000,8730.000,226033,140601,8814.000
2022-05-11,8712.000,8980.000,8710.000,8820.000,176326,142035,8858.000
2022-05-12,8940.000,8982.000,8580.000,8604.000,216241,152909,8764.000
2022-05-13,8700.000,8884.000,8656.000,8700.000,232918,156512,8764.000
2022-05-16,8772.000,8866.000,8740.000,8842.000,181005,151041,8806.000
2022-05-17,8898.000,9112.000,8858.000,8962.000,215027,149569,8988.000
2022-05-18,8922.000,8922.000,8682.000,8698.000,175855,154782,8792.000
2022-05-19,8530.000,8794.000,8462.000,8776.000,187205,158499,8670.000
2022-05-20,8860.000,8900.000,8766.000,8820.000,163007,144294,8832.000
2022-05-23,8920.000,8980.000,8740.000,8772.000,198568,156074,8868.000
2022-05-24,8772.000,8992.000,8772.000,8816.000,183816,144523,8870.000
2022-05-25,8886.000,8936.000,8710.000,8852.000,168445,141601,8842.000
2022-05-26,8800.000,8892.000,8666.000,8718.000,175263,151621,8772.000
2022-05-27,8860.000,9034.000,8840.000,8940.000,213774,142263,8934.000
2022-05-30,9070.000,9176.000,9002.000,9118.000,177888,140881,9096.000
2022-05-31,9210.000,9288.000,9156.000,9196.000,155793,135622,9222.000
2022-06-01,9140.000,9370.000,9050.000,9342.000,159541,131227,9230.000
2022-06-02,9320.000,9414.000,9256.000,9390.000,130898,123070,9344.000
2022-06-06,9430.000,9484.000,9346.000,9410.000,113799,123244,9418.000
2022-06-07,9410.000,9588.000,9372.000,9538.000,138472,122421,9518.000
2022-06-08,9580.000,9928.000,9556.000,9902.000,203221,149535,9788.000
2022-06-09,9902.000,10068.000,9738.000,9762.000,215220,145118,9918.000
2022-06-10,9760.000,9842.000,9594.000,9774.000,166265,147078,9718.000
2022-06-13,9618.000,9652.000,9308.000,9388.000,203570,138374,9432.000
2022-06-14,9300.000,9360.000,9054.000,9120.000,193759,138046,9172.000
2022-06-15,9050.000,9134.000,8868.000,8876.000,180202,143123,9022.000
2022-06-16,8970.000,9068.000,8812.000,8822.000,161332,135578,8934.000
2022-06-17,8730.000,8788.000,8642.000,8660.000,179165,147337,8706.000
2022-06-20,8500.000,8520.000,8168.000,8314.000,247031,161934,8290.000
2022-06-21,8400.000,8554.000,8294.000,8298.000,203848,144474,8408.000
2022-06-22,8280.000,8362.000,8132.000,8182.000,177076,164031,8264.000
2022-06-23,8316.000,8446.000,8214.000,8390.000,210840,145756,8336.000
2022-06-24,8300.000,8368.000,8192.000,8306.000,179360,148927,8276.000
2022-06-27,8428.000,8598.000,8394.000,8520.000,195709,137251,8516.000
2022-06-28,8510.000,8650.000,8360.000,8644.000,170720,135341,8482.000
2022-06-29,8660.000,8678.000,8510.000,8572.000,145956,130762,8580.000
2022-06-30,8570.000,8572.000,8354.000,8378.000,190066,152995,8422.000
2022-07-01,8258.000,8360.000,8202.000,8240.000,150682,140456,8260.000
2022-07-04,8080.000,8090.000,7698.000,7920.000,241709,182567,7854.000
2022-07-05,8000.000,8038.000,7832.000,7850.000,159958,161738,7934.000
2022-07-06,7800.000,8086.000,7690.000,8034.000,238930,166599,7894.000
2022-07-07,8020.000,8094.000,7902.000,7950.000,154200,147477,7990.000
2022-07-08,8080.000,8198.000,7968.000,8014.000,179846,147516,8086.000
2022-07-11,7838.000,7994.000,7816.000,7944.000,163237,140934,7906.000
2022-07-12,7920.000,7992.000,7782.000,7842.000,166247,152152,7882.000
2022-07-13,7782.000,7782.000,7518.000,7650.000,203301,159119,7614.000
2022-07-14,7666.000,7698.000,7444.000,7448.000,139904,159048,7590.000
2022-07-15,7200.000,7324.000,7070.000,7196.000,219279,178994,7194.000
2022-07-18,7384.000,7470.000,7218.000,7462.000,187159,159563,7354.000
2022-07-19,7540.000,7564.000,7402.000,7450.000,152148,157124,7474.000
2022-07-20,7498.000,7756.000,7484.000,7696.000,205690,148864,7654.000
2022-07-21,7616.000,7750.000,7516.000,7542.000,120236,138186,7610.000
2022-07-22,7546.000,7696.000,7502.000,7622.000,128648,140937,7606.000
2022-07-25,7698.000,7776.000,7418.000,7430.000,183543,151726,7632.000
2022-07-26,7382.000,7726.000,7352.000,7700.000,172079,139255,7618.000
2022-07-27,7696.000,7884.000,7604.000,7856.000,178879,139659,7740.000
2022-07-28,7970.000,8012.000,7860.000,7950.000,154809,127864,7934.000
2022-07-29,7970.000,8100.000,7860.000,7986.000,141213,127047,7976.000
2022-08-01,8072.000,8272.000,8060.000,8240.000,165306,130019,8188.000
2022-08-02,8140.000,8210.000,7990.000,8078.000,143059,119683,8098.000
2022-08-03,8118.000,8138.000,7918.000,8028.000,114152,112557,8046.000
2022-08-04,7898.000,7940.000,7760.000,7768.000,151547,121256,7844.000
2022-08-05,7820.000,7874.000,7708.000,7712.000,122628,114144,7792.000
2022-08-08,7828.000,7846.000,7708.000,7714.000,125930,124348,7762.000
2022-08-09,7730.000,7950.000,7700.000,7832.000,155448,110767,7834.000
2022-08-10,7790.000,7944.000,7754.000,7856.000,113023,102656,7848.000
2022-08-11,7862.000,8100.000,7840.000,8090.000,153252,113792,7958.000
2022-08-12,8136.000,8208.000,7994.000,8072.000,130899,90453,8108.000
2022-08-15,8100.000,8184.000,7970.000,8062.000,104034,83600,8066.000
2022-08-16,8088.000,8148.000,7904.000,7910.000,108989,72749,8060.000
2022-08-17,7900.000,7970.000,7508.000,7520.000,151300,84342,7726.000
2022-08-18,7600.000,7686.000,7480.000,7498.000,98720,70805,7614.000
2022-08-19,7530.000,7614.000,7406.000,7584.000,105597,62859,7518.000
2022-08-22,7500.000,7712.000,7424.000,7676.000,179682,139864,7576.000
2022-08-23,7658.000,7800.000,7658.000,7736.000,164448,132744,7742.000
2022-08-24,7816.000,7850.000,7666.000,7786.000,138286,133174,7746.000
2022-08-25,7804.000,8064.000,7712.000,7944.000,241199,138988,7904.000
2022-08-26,7904.000,8274.000,7904.000,8258.000,244547,153082,8144.000
2022-08-29,8204.000,8208.000,7910.000,7952.000,232041,131933,8046.000
2022-08-30,7952.000,8010.000,7810.000,7862.000,163584,114536,7900.000
2022-08-31,7860.000,7924.000,7760.000,7812.000,154606,103710,7840.000
2022-09-01,7856.000,7882.000,7628.000,7642.000,175916,88556,7728.000
2022-09-02,7642.000,7838.000,7522.000,7764.000,204271,82659,7676.000
2022-09-05,7806.000,7920.000,7714.000,7906.000,129621,68953,7818.000
2022-09-06,7902.000,7948.000,7778.000,7796.000,111574,62006,7856.000
2022-09-07,7740.000,7782.000,7622.000,7702.000,121382,56254,7708.000
2022-09-08,7718.000,7980.000,7700.000,7920.000,145906,50070,7884.000
2022-09-09,7938.000,8266.000,7928.000,8250.000,171640,45604,8158.000
2022-09-13,8244.000,8396.000,8126.000,8212.000,140611,38561,8244.000
2022-09-14,8130.000,8130.000,7908.000,8086.000,142815,37019,8018.000
2022-09-15,8200.000,8326.000,8106.000,8142.000,185646,163729,8216.000
2022-09-16,8142.000,8142.000,8000.000,8054.000,200206,160670,8048.000
2022-09-19,8150.000,8300.000,8080.000,8236.000,200584,167928,8220.000
2022-09-20,8296.000,8334.000,8154.000,8230.000,189910,164878,8260.000
2022-09-21,8212.000,8382.000,8132.000,8284.000,199122,163344,8258.000
2022-09-22,8258.000,8586.000,8230.000,8540.000,250050,186058,8444.000
2022-09-23,8512.000,8536.000,8310.000,8338.000,231036,166981,8400.000
2022-09-26,8242.000,8460.000,8212.000,8416.000,230224,163084,8378.000
2022-09-27,8484.000,8534.000,8336.000,8390.000,218980,153437,8424.000
2022-09-28,8382.000,8386.000,8152.000,8176.000,249196,136320,8262.000
2022-09-29,8266.000,8318.000,8178.000,8304.000,187801,122509,8250.000
2022-09-30,8306.000,8478.000,8250.000,8466.000,193237,106485,8400.000
2022-10-10,8620.000,8886.000,8620.000,8842.000,188781,110187,8756.000
2022-10-11,8810.000,8838.000,8614.000,8698.000,200457,91993,8754.000
2022-10-12,8638.000,8774.000,8584.000,8756.000,172544,83706,8686.000
2022-10-13,8758.000,8812.000,8480.000,8522.000,169006,64970,8632.000
2022-10-14,8596.000,8616.000,8402.000,8442.000,159348,53241,8488.000
2022-10-17,8368.000,8406.000,8254.000,8278.000,132830,48444,8314.000
2022-10-18,8278.000,8366.000,8222.000,8360.000,109276,44038,8304.000
2022-10-19,8388.000,8432.000,8288.000,8390.000,85246,42487,8354.000
2022-10-20,8400.000,8498.000,8300.000,8312.000,88130,38463,8402.000
2022-10-21,8012.000,8070.000,7902.000,7994.000,197291,124295,7988.000
2022-10-24,8062.000,8146.000,7976.000,7998.000,191870,131658,8050.000
2022-10-25,7998.000,7998.000,7792.000,7820.000,214943,160470,7870.000
2022-10-26,7850.000,7880.000,7782.000,7824.000,157343,165831,7840.000
2022-10-27,7862.000,7968.000,7802.000,7836.000,190846,170383,7878.000
2022-10-28,7770.000,7906.000,7750.000,7876.000,182736,166323,7848.000
2022-10-31,7806.000,7858.000,7678.000,7786.000,193538,170548,7762.000
2022-11-01,7820.000,7948.000,7766.000,7910.000,220593,158594,7856.000
2022-11-02,7910.000,8048.000,7870.000,8046.000,202369,156906,7954.000
2022-11-03,8000.000,8268.000,7974.000,8232.000,246883,154587,8150.000
2022-11-04,8234.000,8438.000,8214.000,8438.000,227034,167320,8338.000
2022-11-07,8376.000,8392.000,8262.000,8378.000,166344,162456,8322.000
2022-11-08,8378.000,8454.000,8320.000,8370.000,201202,167057,8378.000
2022-11-09,8370.000,8474.000,8330.000,8404.000,184224,170256,8394.000
2022-11-10,8320.000,8384.000,8226.000,8302.000,200167,163997,8310.000
2022-11-11,8398.000,8528.000,8368.000,8440.000,245507,171839,8448.000
2022-11-14,8518.000,8530.000,8316.000,8342.000,172217,165107,8406.000
2022-11-15,8342.000,8546.000,8332.000,8502.000,183885,176404,8462.000
2022-11-16,8512.000,8608.000,8468.000,8588.000,195931,191453,8550.000
2022-11-17,8488.000,8536.000,8414.000,8534.000,163954,181942,8476.000
2022-11-18,8550.000,8690.000,8502.000,8672.000,211039,210215,8612.000
2022-11-21,8546.000,8546.000,8270.000,8326.000,275042,161052,8378.000
2022-11-22,8342.000,8366.000,8070.000,8080.000,275596,147191,8180.000
2022-11-23,8120.000,8160.000,8070.000,8116.000,185245,139790,8112.000
2022-11-24,8180.000,8386.000,8162.000,8356.000,223187,139660,8302.000
2022-11-25,8356.000,8520.000,8302.000,8504.000,168142,145928,8418.000
2022-11-28,8430.000,8488.000,8350.000,8416.000,157942,151490,8426.000
2022-11-29,8540.000,8614.000,8370.000,8386.000,204799,145831,8464.000
2022-11-30,8348.000,8410.000,8262.000,8398.000,171428,144111,8350.000
2022-12-01,8470.000,8474.000,8266.000,8286.000,146039,135559,8360.000
2022-12-02,8306.000,8548.000,8300.000,8528.000,198700,155165,8456.000
2022-12-05,8614.000,8640.000,8356.000,8466.000,174004,144357,8474.000
2022-12-06,8374.000,8514.000,8366.000,8438.000,122445,142121,8444.000
2022-12-07,8498.000,8500.000,8276.000,8322.000,172849,128411,8360.000
2022-12-08,8380.000,8558.000,8352.000,8476.000,197273,139471,8472.000
2022-12-09,8476.000,8664.000,8458.000,8636.000,159852,143725,8566.000
2022-12-12,8652.000,8690.000,8496.000,8588.000,150726,143093,8590.000
2022-12-13,8598.000,8678.000,8460.000,8612.000,163071,134114,8566.000
2022-12-14,8586.000,8772.000,8578.000,8714.000,173444,143364,8678.000
2022-12-15,8760.000,8770.000,8580.000,8660.000,139048,124850,8666.000
2022-12-16,8692.000,8732.000,8506.000,8560.000,160536,102708,8628.000
2022-12-19,8490.000,8526.000,8302.000,8334.000,160431,83015,8410.000
2022-12-20,8360.000,8390.000,8268.000,8282.000,92442,70221,8334.000
2022-12-21,8100.000,8148.000,8038.000,8090.000,159874,162053,8088.000
2022-12-22,8090.000,8296.000,8056.000,8264.000,216405,154290,8196.000
2022-12-23,8234.000,8234.000,7942.000,7988.000,208189,165678,8012.000
2022-12-26,7988.000,8206.000,7976.000,8044.000,171990,162100,8114.000
2022-12-27,8070.000,8186.000,8064.000,8174.000,157248,163783,8124.000
2022-12-28,8120.000,8148.000,8012.000,8104.000,139070,165009,8100.000
2022-12-29,8050.000,8346.000,8044.000,8336.000,228881,170411,8180.000
2022-12-30,8310.000,8518.000,8310.000,8486.000,206026,180048,8450.000
2023-01-03,8416.000,8450.000,8358.000,8400.000,130698,180278,8402.000
2023-01-04,8394.000,8456.000,8222.000,8234.000,164149,177569,8312.000
2023-01-05,8174.000,8312.000,8170.000,8224.000,129742,172543,8250.000
2023-01-06,8260.000,8292.000,8136.000,8234.000,149704,171802,8220.000
2023-01-09,8278.000,8464.000,8254.000,8436.000,181919,176340,8392.000
2023-01-10,8396.000,8480.000,8360.000,8468.000,136459,178712,8428.000
2023-01-11,8468.000,8556.000,8422.000,8490.000,166299,187706,8510.000
2023-01-12,8460.000,8524.000,8384.000,8492.000,164471,177410,8472.000
2023-01-13,8520.000,8594.000,8442.000,8544.000,190776,179173,8520.000
2023-01-16,8474.000,8518.000,8398.000,8504.000,159397,169166,8470.000
2023-01-17,8500.000,8736.000,8500.000,8608.000,195213,184926,8642.000
2023-01-18,8642.000,8642.000,8532.000,8578.000,150155,165777,8574.000
2023-01-19,8590.000,8746.000,8558.000,8670.000,150450,155635,8650.000
2023-01-20,8670.000,8686.000,8564.000,8600.000,107024,138073,8608.000
2023-01-30,8650.000,8806.000,8462.000,8508.000,226553,123393,8610.000
2023-01-31,8510.000,8554.000,8296.000,8326.000,208227,103119,8422.000
2023-02-01,8380.000,8420.000,8202.000,8208.000,156784,83731,8302.000
2023-02-02,8242.000,8250.000,8104.000,8114.000,126363,71151,8186.000
2023-02-03,8150.000,8150.000,8014.000,8136.000,117058,62601,8084.000
2023-02-06,8022.000,8070.000,7984.000,8034.000,143241,145315,8028.000
2023-02-07,8026.000,8084.000,7964.000,8016.000,163505,155438,8026.000
2023-02-08,8026.000,8046.000,7978.000,8036.000,151736,164505,8010.000
2023-02-09,8042.000,8166.000,8034.000,8086.000,177274,163660,8108.000
2023-02-10,8088.000,8112.000,7918.000,7930.000,180494,180988,8002.000
2023-02-13,7890.000,7920.000,7772.000,7780.000,177253,207481,7848.000
2023-02-14,7800.000,7928.000,7780.000,7884.000,177085,197555,7862.000
2023-02-15,7920.000,7954.000,7870.000,7872.000,141499,200007,7906.000
2023-02-16,7864.000,7990.000,7836.000,7908.000,171078,198556,7924.000
2023-02-17,7930.000,7948.000,7814.000,7822.000,147445,211508,7886.000
2023-02-20,7854.000,7916.000,7836.000,7888.000,129936,209048,7880.000
2023-02-21,7960.000,8088.000,7956.000,8068.000,228612,187270,8042.000
2023-02-22,8070.000,8274.000,8058.000,8178.000,270518,176340,8184.000
2023-02-23,8270.000,8298.000,8206.000,8226.000,178014,170122,8256.000
2023-02-24,8256.000,8318.000,8146.000,8196.000,213691,170359,8238.000
2023-02-27,8142.000,8218.000,7990.000,8010.000,222874,158699,8082.000
2023-02-28,8040.000,8040.000,7950.000,7988.000,155336,156513,7994.000
2023-03-01,7972.000,8184.000,7954.000,8144.000,203247,152210,8086.000
2023-03-02,8132.000,8148.000,8084.000,8140.000,126133,153788,8122.000
2023-03-03,8118.000,8196.000,8074.000,8126.000,162710,157870,8142.000
2023-03-06,8058.000,8074.000,7880.000,7934.000,233996,170357,7942.000
2023-03-07,7954.000,7990.000,7916.000,7932.000,127094,166530,7960.000
2023-03-08,7888.000,7982.000,7860.000,7930.000,123058,169842,7934.000
2023-03-09,7900.000,7914.000,7804.000,7884.000,203901,187861,7856.000
2023-03-10,7910.000,7938.000,7742.000,7772.000,233712,199340,7840.000
2023-03-13,7850.000,7878.000,7800.000,7824.000,130530,198648,7834.000
2023-03-14,7824.000,7910.000,7790.000,7796.000,170671,202867,7844.000
2023-03-15,7816.000,7836.000,7720.000,7782.000,162822,212991,7770.000
2023-03-16,7732.000,7784.000,7590.000,7720.000,238327,218196,7682.000
2023-03-17,7774.000,7884.000,7754.000,7822.000,184437,199177,7826.000
2023-03-20,7830.000,7842.000,7780.000,7786.000,124032,200571,7810.000
2023-03-21,7800.000,7852.000,7760.000,7802.000,132613,194347,7810.000
2023-03-22,7816.000,7858.000,7740.000,7816.000,151366,198664,7792.000
2023-03-23,7850.000,7904.000,7788.000,7878.000,175759,191710,7842.000
2023-03-24,7856.000,8094.000,7844.000,8084.000,242967,189880,7992.000
2023-03-27,8080.000,8118.000,8024.000,8094.000,163626,177957,8078.000
2023-03-28,8110.000,8140.000,8048.000,8058.000,125650,163941,8084.000
2023-03-29,8058.000,8062.000,7804.000,7838.000,230357,143474,7894.000
2023-03-30,7850.000,7850.000,7756.000,7808.000,169938,160465,7796.000
2023-03-31,7816.000,7926.000,7816.000,7854.000,123100,147113,7876.000
2023-04-03,7894.000,7932.000,7810.000,7828.000,120052,140630,7874.000
2023-04-04,7800.000,7842.000,7772.000,7790.000,92929,141844,7810.000
2023-04-06,7774.000,7802.000,7680.000,7682.000,128935,153552,7726.000
2023-04-07,7708.000,7858.000,7688.000,7788.000,142769,139950,7778.000
2023-04-10,7736.000,7760.000,7656.000,7700.000,118717,139099,7712.000
2023-04-11,7718.000,7802.000,7662.000,7796.000,100163,130827,7728.000
2023-04-12,7760.000,7836.000,7746.000,7814.000,109409,122216,7802.000
2023-04-13,7800.000,7888.000,7800.000,7832.000,111133,106595,7850.000
2023-04-14,7852.000,7938.000,7842.000,7866.000,101524,95532,7884.000
2023-04-17,7866.000,7880.000,7734.000,7806.000,94546,94467,7792.000
2023-04-18,7550.000,7750.000,7542.000,7740.000,193147,172003,7666.000
2023-04-19,7740.000,7794.000,7724.000,7766.000,121861,171845,7762.000
2023-04-20,7740.000,7740.000,7558.000,7604.000,162537,177016,7610.000
2023-04-21,7528.000,7538.000,7412.000,7444.000,188550,200396,7468.000
2023-04-24,7390.000,7424.000,7336.000,7370.000,126229,201320,7378.000
2023-04-25,7370.000,7430.000,7310.000,7352.000,117864,203391,7358.000
2023-04-26,7340.000,7424.000,7332.000,7362.000,119294,177457,7374.000
2023-04-27,7370.000,7418.000,7288.000,7310.000,134491,169646,7350.000
2023-04-28,7340.000,7374.000,7274.000,7314.000,115611,152450,7312.000
2023-05-04,7260.000,7336.000,7174.000,7236.000,130158,137077,7258.000
2023-05-05,7220.000,7288.000,7178.000,7284.000,94315,120759,7230.000
2023-05-08,7350.000,7372.000,7258.000,7312.000,89369,107539,7320.000
2023-05-09,7300.000,7326.000,7216.000,7238.000,79129,98296,7260.000
2023-05-10,7254.000,7274.000,7160.000,7232.000,66661,88488,7224.000
2023-05-11,7368.000,7456.000,7340.000,7400.000,122523,231748,7398.000
2023-05-12,7396.000,7566.000,7372.000,7492.000,167114,223101,7478.000
2023-05-15,7542.000,7558.000,7468.000,7510.000,97441,220983,7506.000
2023-05-16,7510.000,7510.000,7376.000,7416.000,158555,237166,7424.000
2023-05-17,7436.000,7472.000,7418.000,7448.000,94953,230976,7444.000
2023-05-18,7448.000,7592.000,7426.000,7538.000,205118,217193,7524.000
2023-05-19,7478.000,7632.000,7452.000,7566.000,173215,216807,7550.000
2023-05-22,7506.000,7534.000,7280.000,7336.000,243389,243110,7370.000
2023-05-23,7420.000,7420.000,7296.000,7322.000,127439,242349,7352.000
2023-05-24,7282.000,7348.000,7242.000,7258.000,121620,242328,7296.000
2023-05-25,7258.000,7328.000,7224.000,7270.000,101416,234213,7274.000
2023-05-26,7238.000,7296.000,7146.000,7226.000,157673,218714,7218.000
2023-05-29,7280.000,7360.000,7240.000,7316.000,126202,188410,7304.000
2023-05-30,7314.000,7338.000,7226.000,7236.000,103122,164661,7280.000
2023-05-31,7216.000,7246.000,7058.000,7080.000,131140,156547,7138.000
2023-06-01,7138.000,7210.000,7122.000,7200.000,133375,128262,7162.000
2023-06-02,7186.000,7324.000,7162.000,7306.000,125150,104318,7258.000
2023-06-05,7338.000,7350.000,7258.000,7300.000,69918,89719,7302.000
2023-06-06,7072.000,7078.000,6952.000,7040.000,108662,166975,7020.000
2023-06-07,7040.000,7056.000,6890.000,6908.000,130663,183455,6970.000
2023-06-08,6948.000,6988.000,6856.000,6914.000,123178,187439,6926.000
2023-06-09,6960.000,7084.000,6954.000,7042.000,143565,174864,7028.000
2023-06-12,6986.000,7042.000,6914.000,6936.000,124290,181450,6978.000
2023-06-13,6970.000,7030.000,6910.000,7002.000,114889,174930,6972.000
2023-06-14,7000.000,7136.000,6990.000,7086.000,168685,175489,7080.000
2023-06-15,7070.000,7122.000,7062.000,7094.000,91277,176052,7094.000
2023-06-16,7094.000,7190.000,7094.000,7184.000,126550,179410,7162.000
2023-06-19,7184.000,7304.000,7178.000,7202.000,173031,182193,7228.000
2023-06-20,7270.000,7270.000,7172.000,7216.000,111461,179174,7220.000
2023-06-21,7198.000,7284.000,7184.000,7266.000,113787,175787,7246.000
2023-06-26,7236.000,7236.000,7040.000,7094.000,184932,157888,7098.000
2023-06-27,7102.000,7208.000,7098.000,7196.000,131769,161127,7166.000
2023-06-28,7164.000,7208.000,7128.000,7170.000,106585,159064,7172.000
2023-06-29,7150.000,7196.000,7106.000,7148.000,97337,158256,7154.000
2023-06-30,7178.000,7250.000,7056.000,7076.000,176393,160612,7160.000
2023-07-03,7116.000,7116.000,7022.000,7044.000,117862,162702,7060.000
2023-07-04,7074.000,7086.000,7006.000,7036.000,103801,160746,7038.000
2023-07-05,7042.000,7056.000,6980.000,6984.000,76236,163275,7008.000
2023-07-06,7006.000,7028.000,6960.000,6976.000,79247,161945,6996.000
2023-07-07,6960.000,7062.000,6960.000,6974.000,102028,152946,7022.000
2023-07-10,6968.000,7018.000,6926.000,6960.000,90214,152527,6978.000
2023-07-11,7002.000,7074.000,6982.000,7028.000,135186,152383,7024.000
2023-07-12,7034.000,7080.000,7026.000,7048.000,98555,148619,7054.000
2023-07-13,7066.000,7082.000,6990.000,7024.000,101557,142153,7032.000
2023-07-14,6944.000,7020.000,6932.000,6998.000,183672,340411,6980.000
2023-07-17,6906.000,6930.000,6764.000,6790.000,268145,375210,6806.000
2023-07-18,6844.000,6872.000,6796.000,6818.000,167070,373821,6830.000
2023-07-19,6818.000,6996.000,6816.000,6950.000,240655,370723,6934.000
2023-07-20,6990.000,7064.000,6974.000,7008.000,185732,377891,7014.000
2023-07-21,6982.000,6986.000,6914.000,6966.000,153894,374269,6952.000
2023-07-24,6966.000,6976.000,6824.000,6848.000,228070,387213,6880.000
2023-07-25,6910.000,6952.000,6874.000,6922.000,187320,377306,6912.000
2023-07-26,6962.000,7026.000,6950.000,6996.000,223605,386286,7000.000
2023-07-27,6986.000,7084.000,6940.000,6968.000,228914,388787,7038.000
2023-07-28,6950.000,6964.000,6866.000,6914.000,235585,394905,6910.000
2023-07-31,6914.000,7036.000,6912.000,7016.000,225227,405783,6988.000
2023-08-01,7052.000,7056.000,6962.000,6986.000,177081,411738,7006.000
2023-08-02,7010.000,7310.000,6988.000,7128.000,605311,442642,7164.000
2023-08-03,7016.000,7078.000,6942.000,6980.000,373117,425675,7012.000
2023-08-04,7034.000,7160.000,7022.000,7084.000,328609,438190,7094.000
2023-08-07,7050.000,7088.000,6968.000,7046.000,233469,438559,7024.000
2023-08-08,7080.000,7142.000,7034.000,7060.000,229160,435840,7098.000
2023-08-09,7060.000,7164.000,7060.000,7132.000,205294,441195,7124.000
2023-08-10,7132.000,7152.000,7048.000,7072.000,175215,433120,7096.000
2023-08-11,7092.000,7134.000,7044.000,7072.000,197510,431454,7092.000
2023-08-14,7070.000,7108.000,6892.000,6932.000,329623,417631,6962.000
2023-08-15,6960.000,6960.000,6860.000,6890.000,194324,425719,6906.000
2023-08-16,6884.000,6904.000,6816.000,6822.000,185897,432934,6848.000
2023-08-17,6818.000,6868.000,6786.000,6842.000,174022,428880,6830.000
2023-08-18,6874.000,6928.000,6850.000,6874.000,189080,408908,6886.000
2023-08-21,6870.000,6928.000,6772.000,6894.000,200665,380161,6870.000
2023-08-22,6894.000,6958.000,6860.000,6936.000,165015,354043,6912.000
2023-08-23,6954.000,7008.000,6938.000,6960.000,175001,330992,6970.000
2023-08-24,6996.000,7040.000,6928.000,6930.000,190356,294349,6998.000
2023-08-25,6972.000,6996.000,6942.000,6976.000,156102,262021,6972.000
2023-08-28,7138.000,7200.000,7050.000,7086.000,115163,394713,7124.000
2023-08-29,6942.000,6946.000,6858.000,6882.000,134063,221692,6892.000
2023-08-30,6922.000,6980.000,6900.000,6976.000,179604,183797,6946.000
2023-08-31,6998.000,7086.000,6982.000,7074.000,233204,137164,7040.000
2023-09-01,7118.000,7126.000,7066.000,7096.000,145452,123437,7100.000
2023-09-04,7318.000,7432.000,7302.000,7328.000,293751,435953,7358.000
2023-09-05,7334.000,7356.000,7260.000,7284.000,188007,444179,7314.000
2023-09-06,7320.000,7344.000,7282.000,7330.000,163616,445144,7318.000
2023-09-07,7330.000,7394.000,7230.000,7300.000,258735,437627,7308.000
2023-09-08,7296.000,7306.000,7164.000,7192.000,201354,428495,7232.000
2023-09-11,7258.000,7354.000,7252.000,7298.000,211235,424522,7314.000
2023-09-12,7338.000,7364.000,7268.000,7336.000,181949,432046,7312.000
2023-09-13,7312.000,7342.000,7210.000,7264.000,218921,418126,7282.000
2023-09-14,7288.000,7410.000,7252.000,7380.000,217727,420441,7326.000
2023-09-15,7420.000,7556.000,7356.000,7498.000,280903,434205,7446.000
2023-09-18,7498.000,7592.000,7498.000,7562.000,199520,425235,7558.000
2023-09-19,7588.000,7776.000,7558.000,7576.000,291140,393781,7646.000
2023-09-20,7636.000,7648.000,7546.000,7628.000,157235,371734,7606.000
2023-09-21,7578.000,7658.000,7532.000,7552.000,189038,337753,7596.000
2023-09-22,7560.000,7594.000,7458.000,7554.000,219055,288527,7514.000
2023-09-25,7670.000,7670.000,7468.000,7484.000,163435,248045,7512.000
2023-09-26,7440.000,7546.000,7416.000,7500.000,183877,205270,7492.000
2023-09-27,7540.000,7572.000,7478.000,7528.000,164701,156888,7526.000
2023-09-28,7580.000,7592.000,7458.000,7482.000,144516,109406,7530.000
2023-10-09,7480.000,7492.000,7318.000,7340.000,141913,89977,7358.000
2023-10-10,7336.000,7378.000,7250.000,7258.000,89892,69959,7310.000
2023-10-11,7246.000,7290.000,7140.000,7146.000,143305,297340,7226.000
2023-10-12,7156.000,7186.000,7068.000,7128.000,144372,319958,7124.000
2023-10-13,7106.000,7116.000,7040.000,7054.000,169881,338323,7080.000
2023-10-16,7084.000,7104.000,7016.000,7050.000,171413,346605,7058.000
2023-10-17,7032.000,7076.000,7012.000,7034.000,156119,358309,7048.000
2023-10-18,7060.000,7060.000,6934.000,6948.000,178876,369866,6998.000
2023-10-19,6932.000,7002.000,6924.000,6956.000,142645,364620,6970.000
2023-10-20,6964.000,7008.000,6908.000,6930.000,163242,366010,6964.000
2023-10-23,6938.000,7030.000,6916.000,7006.000,170126,332872,6982.000
2023-10-24,7020.000,7046.000,6978.000,7038.000,158060,296157,7014.000
2023-10-25,7088.000,7120.000,7044.000,7068.000,159392,266042,7072.000
2023-10-26,7080.000,7106.000,7014.000,7080.000,150528,239080,7072.000
2023-10-27,7080.000,7116.000,7040.000,7086.000,140469,205114,7078.000
2023-10-30,7096.000,7146.000,7076.000,7130.000,147204,172821,7116.000
2023-10-31,7088.000,7088.000,6940.000,7056.000,193305,138231,7006.000
2023-11-01,7042.000,7072.000,6976.000,7046.000,127650,113459,7026.000
2023-11-02,7022.000,7062.000,6984.000,7050.000,89948,96484,7028.000
2023-11-03,7084.000,7140.000,7070.000,7090.000,101687,79032,7106.000
2023-11-06,7120.000,7124.000,7006.000,7080.000,86407,69863,7060.000
2023-11-07,6846.000,7088.000,6846.000,7070.000,260944,358722,7010.000
2023-11-08,7070.000,7116.000,7004.000,7092.000,178776,384613,7058.000
2023-11-09,7092.000,7142.000,7068.000,7112.000,158389,393464,7104.000
2023-11-10,7152.000,7230.000,7120.000,7154.000,166135,403187,7166.000
2023-11-13,7170.000,7212.000,7012.000,7140.000,166785,397767,7128.000
2023-11-14,7112.000,7190.000,7100.000,7186.000,119813,404299,7148.000
2023-11-15,7250.000,7308.000,7164.000,7200.000,162424,416161,7218.000
2023-11-16,7192.000,7250.000,7172.000,7216.000,124174,421896,7210.000
2023-11-17,7170.000,7190.000,7072.000,7124.000,167430,410505,7122.000
2023-11-20,7140.000,7146.000,6948.000,6954.000,186892,399020,7024.000
2023-11-21,6954.000,6996.000,6850.000,6868.000,160648,399751,6930.000
2023-11-22,6878.000,6892.000,6796.000,6834.000,166410,391635,6838.000
2023-11-23,6804.000,6870.000,6790.000,6842.000,142190,385484,6838.000
2023-11-24,6870.000,6884.000,6814.000,6858.000,127409,370989,6846.000
2023-11-27,6858.000,6942.000,6846.000,6880.000,152855,361956,6892.000
2023-11-28,6862.000,6892.000,6818.000,6850.000,131486,360209,6856.000
2023-11-29,6870.000,6878.000,6802.000,6816.000,121902,367051,6828.000
2023-11-30,6808.000,6844.000,6760.000,6810.000,144716,385947,6806.000
2023-12-01,6810.000,6832.000,6708.000,6746.000,186458,396787,6762.000
2023-12-04,6780.000,6840.000,6734.000,6752.000,131610,398931,6784.000
2023-12-05,6736.000,6744.000,6584.000,6636.000,225374,430483,6654.000
2023-12-06,6636.000,6696.000,6622.000,6656.000,178299,429393,6660.000
2023-12-07,6680.000,6758.000,6636.000,6742.000,199742,423670,6694.000
2023-12-08,6788.000,6966.000,6776.000,6916.000,290969,380476,6882.000
2023-12-11,6908.000,6936.000,6804.000,6848.000,192408,362324,6852.000
2023-12-12,6848.000,6858.000,6760.000,6838.000,170925,365946,6806.000
2023-12-13,6840.000,6874.000,6718.000,6738.000,178639,369933,6792.000
2023-12-14,6772.000,6822.000,6762.000,6790.000,125701,361446,6796.000
2023-12-15,6800.000,6908.000,6794.000,6890.000,174043,357406,6862.000
2023-12-18,6882.000,6942.000,6856.000,6872.000,142452,351479,6896.000
2023-12-19,6872.000,6878.000,6776.000,6792.000,157410,340013,6814.000
2023-12-20,6792.000,6842.000,6766.000,6820.000,128592,327896,6814.000
2023-12-21,6810.000,6886.000,6810.000,6880.000,140079,306976,6854.000
2023-12-22,6906.000,6954.000,6856.000,6868.000,177222,285936,6902.000
2023-12-25,6874.000,6922.000,6842.000,6866.000,130614,265918,6882.000
2023-12-26,6866.000,6900.000,6712.000,6720.000,252612,254021,6776.000
2023-12-27,6700.000,6770.000,6700.000,6748.000,169022,209483,6742.000
2023-12-28,6742.000,6742.000,6662.000,6684.000,171780,171659,6698.000
2023-12-29,6704.000,6712.000,6654.000,6656.000,144274,134122,6682.000
2024-01-02,6650.000,6724.000,6618.000,6690.000,78903,124480,6686.000
2024-01-03,6802.000,6872.000,6758.000,6830.000,148805,311589,6824.000
2024-01-04,6830.000,6860.000,6772.000,6772.000,98966,310884,6814.000
2024-01-05,6758.000,6782.000,6708.000,6750.000,140312,320271,6742.000
2024-01-08,6758.000,6804.000,6708.000,6712.000,120759,319334,6756.000
2024-01-09,6702.000,6740.000,6664.000,6702.000,119121,319175,6698.000
2024-01-10,6702.000,6704.000,6652.000,6662.000,109491,307677,6674.000
2024-01-11,6680.000,6732.000,6678.000,6708.000,116477,284742,6708.000
2024-01-12,6688.000,6744.000,6680.000,6700.000,89625,265850,6714.000
2024-01-15,6700.000,6736.000,6668.000,6694.000,109611,254338,6708.000
2024-01-16,6698.000,6704.000,6658.000,6702.000,109644,241259,6682.000
2024-01-17,6728.000,6754.000,6638.000,6646.000,164876,241303,6698.000
2024-01-18,6650.000,6702.000,6626.000,6690.000,102388,228729,6668.000
2024-01-19,6668.000,6710.000,6660.000,6674.000,91521,218587,6684.000
2024-01-22,6674.000,6682.000,6596.000,6634.000,133253,222122,6638.000
2024-01-23,6640.000,6678.000,6618.000,6622.000,91905,213024,6646.000
2024-01-24,6628.000,6702.000,6608.000,6700.000,133601,180074,6666.000
2024-01-25,6706.000,6778.000,6688.000,6736.000,140792,147196,6734.000
2024-01-26,6736.000,6802.000,6706.000,6766.000,122252,130881,6764.000
2024-01-29,6778.000,6832.000,6758.000,6822.000,99945,117812,6800.000
2024-01-30,6844.000,6850.000,6750.000,6768.000,88787,103603,6808.000
2024-01-31,6774.000,6804.000,6632.000,6648.000,136617,103089,6708.000
2024-02-01,6640.000,6666.000,6576.000,6584.000,113586,104358,6608.000
2024-02-02,6582.000,6624.000,6576.000,6588.000,77771,80007,6600.000
2024-02-05,6514.000,6540.000,6494.000,6506.000,92441,182991,6514.000
2024-02-06,6478.000,6502.000,6458.000,6474.000,82252,193336,6486.000
2024-02-07,6482.000,6514.000,6472.000,6476.000,70197,200200,6486.000
2024-02-08,6494.000,6586.000,6450.000,6578.000,106695,173516,6528.000
2024-02-19,6570.000,6576.000,6520.000,6548.000,80544,175280,6548.000
2024-02-20,6574.000,6618.000,6544.000,6554.000,108687,172729,6584.000
2024-02-21,6540.000,6648.000,6534.000,6608.000,121973,162987,6598.000
2024-02-22,6620.000,6664.000,6598.000,6660.000,86123,158029,6636.000
2024-02-23,6664.000,6682.000,6638.000,6648.000,73679,154750,6660.000
2024-02-26,6646.000,6652.000,6596.000,6628.000,78306,156129,6624.000
2024-02-27,6614.000,6646.000,6592.000,6638.000,75567,156534,6618.000
2024-02-28,6646.000,6676.000,6622.000,6650.000,84517,155782,6652.000
2024-02-29,6650.000,6708.000,6650.000,6668.000,112490,160496,6680.000
2024-03-01,6668.000,6696.000,6642.000,6664.000,71315,157179,6674.000
2024-03-04,6660.000,6664.000,6558.000,6612.000,153449,155129,6590.000
2024-03-05,6608.000,6642.000,6594.000,6612.000,92084,149245,6618.000
2024-03-06,6612.000,6628.000,6576.000,6594.000,81968,149984,6600.000
2024-03-07,6596.000,6650.000,6586.000,6590.000,103327,151218,6616.000
2024-03-08,6590.000,6596.000,6554.000,6592.000,85053,154603,6572.000
2024-03-11,6566.000,6570.000,6500.000,6502.000,113359,172759,6526.000
2024-03-12,6498.000,6536.000,6498.000,6524.000,71851,173831,6524.000
2024-03-13,6524.000,6542.000,6486.000,6512.000,80982,176447,6518.000
2024-03-14,6502.000,6510.000,6472.000,6486.000,73459,181948,6494.000
2024-03-15,6484.000,6496.000,6426.000,6432.000,101965,199833,6458.000
2024-03-18,6440.000,6482.000,6412.000,6480.000,89649,197682,6448.000
2024-03-19,6480.000,6558.000,6452.000,6550.000,137264,189688,6512.000
2024-03-20,6544.000,6588.000,6516.000,6528.000,115712,183928,6548.000
2024-03-21,6528.000,6574.000,6508.000,6550.000,83433,184493,6544.000
2024-03-22,6550.000,6582.000,6494.000,6516.000,123267,180611,6538.000
2024-03-25,6516.000,6560.000,6480.000,6520.000,107442,178863,6520.000
2024-03-26,6520.000,6526.000,6394.000,6398.000,140776,186603,6458.000
2024-03-27,6402.000,6436.000,6364.000,6372.000,111164,194371,6394.000
2024-03-28,6372.000,6402.000,6340.000,6378.000,91989,191789,6372.000
2024-03-29,6380.000,6410.000,6352.000,6406.000,64720,188554,6376.000
2024-04-01,6398.000,6488.000,6340.000,6482.000,138313,168719,6416.000
2024-04-02,6492.000,6510.000,6450.000,6496.000,106248,152917,6486.000
2024-04-03,6502.000,6528.000,6480.000,6494.000,80575,141562,6502.000
2024-04-08,6494.000,6566.000,6474.000,6542.000,90081,133005,6514.000
2024-04-09,6534.000,6580.000,6500.000,6580.000,88461,123905,6546.000
2024-04-10,6570.000,6600.000,6520.000,6552.000,75521,116021,6556.000
2024-04-11,6532.000,6590.000,6526.000,6568.000,87739,103378,6572.000
2024-04-12,6530.000,6606.000,6510.000,6590.000,103683,88089,6560.000
2024-04-15,6594.000,6596.000,6486.000,6580.000,94480,71321,6536.000
2024-04-16,6592.000,6618.000,6542.000,6548.000,76387,55800,6582.000
2024-04-17,6536.000,6596.000,6520.000,6588.000,91264,151254,6564.000
2024-04-18,6620.000,6734.000,6618.000,6700.000,166156,163093,6672.000
2024-04-19,6688.000,6700.000,6638.000,6694.000,79903,160077,6672.000
2024-04-22,6714.000,6798.000,6680.000,6756.000,148138,157904,6742.000
2024-04-23,6748.000,6748.000,6574.000,6586.000,123851,150619,6654.000
2024-04-24,6604.000,6810.000,6604.000,6682.000,211298,139123,6704.000
2024-04-25,6732.000,6812.000,6666.000,6754.000,169081,126001,6740.000
2024-04-26,6910.000,7014.000,6836.000,6880.000,294513,156531,6924.000
2024-04-29,6900.000,6992.000,6842.000,6878.000,384899,181782,6914.000
2024-04-30,6930.000,7258.000,6920.000,7048.000,893492,206876,7110.000
2024-05-06,7046.000,7126.000,6984.000,7040.000,311285,214554,7054.000
2024-05-07,7100.000,7128.000,7008.000,7062.000,265194,218756,7056.000
2024-05-08,7062.000,7184.000,6986.000,7036.000,431282,217853,7086.000
2024-05-09,7070.000,7240.000,7046.000,7164.000,540444,235381,7162.000
2024-05-10,7180.000,7212.000,7060.000,7144.000,353641,228857,7128.000
2024-05-13,7152.000,7332.000,7124.000,7190.000,553390,255133,7210.000
2024-05-14,7180.000,7240.000,7030.000,7136.000,435265,227142,7152.000
2024-05-15,7152.000,7314.000,7124.000,7190.000,575287,234966,7204.000
2024-05-16,7200.000,7370.000,7142.000,7364.000,448807,270227,7254.000
2024-05-17,7410.000,7464.000,7266.000,7322.000,461373,251478,7356.000
2024-05-20,7360.000,7478.000,7346.000,7396.000,329821,239439,7400.000
2024-05-21,7404.000,7550.000,7308.000,7312.000,409762,226348,7424.000
2024-05-22,7372.000,7376.000,7240.000,7306.000,283403,223797,7310.000
2024-05-23,7296.000,7296.000,7088.000,7152.000,338885,211908,7176.000
2024-05-24,7182.000,7426.000,7154.000,7400.000,398602,211728,7280.000
2024-05-27,7420.000,7474.000,7314.000,7384.000,273494,200971,7384.000
2024-05-28,7412.000,7442.000,7246.000,7262.000,261386,197136,7342.000
2024-05-29,7268.000,7308.000,7188.000,7292.000,248121,190604,7244.000
2024-05-30,7440.000,7824.000,7366.000,7824.000,831919,282788,7702.000
2024-05-31,8056.000,8234.000,7810.000,8108.000,2285209,268570,8074.000
2024-06-03,7880.000,7980.000,7428.000,7428.000,1337744,288532,7694.000
2024-06-04,7302.000,7470.000,7260.000,7318.000,717187,206270,7362.000
2024-06-05,7322.000,7358.000,7130.000,7172.000,370821,217689,7246.000
2024-06-06,7200.000,7388.000,7172.000,7302.000,360470,185086,7286.000
2024-06-07,7418.000,7450.000,7232.000,7302.000,272434,179268,7320.000
2024-06-11,7280.000,7456.000,7202.000,7316.000,325777,179115,7336.000
2024-06-12,7342.000,7372.000,7232.000,7240.000,170993,185143,7298.000
2024-06-13,7212.000,7234.000,6840.000,7102.000,454457,176722,7034.000
2024-06-14,7102.000,7160.000,7032.000,7114.000,191737,170931,7094.000
2024-06-17,7094.000,7102.000,6990.000,7022.000,143929,170814,7038.000
2024-06-18,7060.000,7158.000,6994.000,7058.000,189046,158295,7084.000
2024-06-19,7090.000,7418.000,6968.000,7122.000,614887,172014,7204.000
2024-06-20,7108.000,7200.000,7062.000,7118.000,224969,166115,7140.000
2024-06-21,7140.000,7176.000,7010.000,7036.000,169726,168749,7074.000
2024-06-24,7020.000,7048.000,6892.000,6914.000,173208,164116,6958.000
2024-06-25,6950.000,6986.000,6900.000,6902.000,110051,163684,6940.000
2024-06-26,6878.000,6930.000,6810.000,6918.000,135944,151519,6872.000
2024-06-27,6948.000,6976.000,6842.000,6884.000,106781,155419,6886.000
2024-06-28,6894.000,6960.000,6856.000,6890.000,119782,150441,6914.000
2024-07-01,6870.000,6982.000,6820.000,6972.000,121923,147671,6922.000
2024-07-02,6998.000,7028.000,6932.000,6982.000,94932,145540,6984.000
2024-07-03,6954.000,7050.000,6952.000,7032.000,106759,144096,7010.000
2024-07-04,7032.000,7112.000,6988.000,7018.000,101401,141160,7060.000
2024-07-05,6950.000,6996.000,6870.000,6894.000,103632,140196,6922.000
2024-07-08,6894.000,6974.000,6802.000,6818.000,110908,147356,6870.000
2024-07-09,6824.000,6866.000,6708.000,6740.000,122856,161652,6760.000
2024-07-10,6706.000,6756.000,6652.000,6672.000,76007,163656,6696.000
2024-07-11,6684.000,6768.000,6652.000,6750.000,79468,153515,6716.000
2024-07-12,6750.000,6790.000,6680.000,6682.000,61331,153777,6726.000
2024-07-15,6720.000,6814.000,6672.000,6702.000,93407,147447,6750.000
2024-07-16,6702.000,6740.000,6662.000,6686.000,55395,146628,6700.000
2024-07-17,6720.000,6730.000,6630.000,6672.000,72035,149104,6674.000
2024-07-18,6646.000,6720.000,6612.000,6694.000,62254,141194,6670.000
2024-07-19,6660.000,6690.000,6624.000,6630.000,58614,145270,6658.000
2024-07-22,6636.000,6776.000,6636.000,6668.000,99429,135759,6706.000
2024-07-23,6702.000,6790.000,6652.000,6652.000,104645,133067,6718.000
2024-07-24,6710.000,6740.000,6662.000,6728.000,59880,128110,6700.000
2024-07-25,6688.000,6778.000,6580.000,6752.000,141959,125857,6680.000
2024-07-26,6806.000,6850.000,6752.000,6756.000,105499,119089,6798.000
2024-07-29,6756.000,6820.000,6716.000,6802.000,76066,120702,6774.000
2024-07-30,6802.000,6830.000,6552.000,6596.000,146326,127107,6646.000
2024-07-31,6626.000,6680.000,6588.000,6662.000,68791,116586,6642.000
2024-08-01,6696.000,6820.000,6612.000,6704.000,126695,104450,6716.000
2024-08-02,6690.000,6974.000,6672.000,6922.000,211233,124199,6842.000
2024-08-05,7080.000,7114.000,6916.000,6992.000,224551,128448,7014.000
2024-08-06,7026.000,7090.000,6968.000,7020.000,156643,129810,7028.000
2024-08-07,7000.000,7020.000,6842.000,6866.000,134562,112078,6902.000
2024-08-08,6840.000,6860.000,6500.000,6506.000,196336,98229,6640.000
2024-08-09,6538.000,6606.000,6490.000,6540.000,112052,95909,6550.000
2024-08-12,6540.000,6576.000,6466.000,6502.000,74750,91711,6518.000
2024-08-13,6502.000,6530.000,6430.000,6432.000,62162,89649,6478.000
2024-08-14,6416.000,6474.000,6336.000,6394.000,78412,80180,6398.000
2024-08-15,6418.000,6418.000,6300.000,6338.000,54256,71102,6356.000
2024-08-16,6392.000,6418.000,6316.000,6326.000,48887,61350,6360.000
2024-08-19,6326.000,6366.000,6236.000,6350.000,46803,51972,6314.000
2024-08-20,6316.000,6350.000,6238.000,6324.000,57432,118485,6292.000
2024-08-21,6346.000,6446.000,6326.000,6374.000,74415,113564,6376.000
2024-08-22,6340.000,6420.000,6312.000,6328.000,49421,110517,6372.000
2024-08-23,6360.000,6366.000,6284.000,6312.000,40330,107141,6320.000
2024-08-26,6360.000,6440.000,6320.000,6392.000,61157,98474,6382.000
2024-08-27,6392.000,6450.000,6370.000,6394.000,71152,91336,6410.000
2024-08-28,6402.000,6446.000,6346.000,6414.000,67189,80458,6392.000
2024-08-29,6460.000,6486.000,6344.000,6420.000,76038,71153,6414.000
2024-08-30,6420.000,6494.000,6400.000,6408.000,63050,60922,6440.000
2024-09-02,6380.000,6382.000,6200.000,6232.000,73317,62697,6250.000
2024-09-03,6232.000,6234.000,6176.000,6194.000,40343,59283,6200.000
2024-09-04,6170.000,6202.000,6130.000,6180.000,37764,55711,6168.000
2024-09-05,6178.000,6192.000,6116.000,6134.000,34392,51612,6154.000
2024-09-06,6152.000,6166.000,6078.000,6098.000,31319,48295,6116.000
2024-09-09,6050.000,6074.000,5948.000,6050.000,52115,40662,6010.000
2024-09-10,6060.000,6100.000,6006.000,6020.000,46182,39560,6052.000
2024-09-11,5994.000,6090.000,5986.000,6080.000,41611,36310,6036.000
2024-09-12,6150.000,6218.000,6120.000,6202.000,71630,123793,6174.000
2024-09-13,6190.000,6250.000,6138.000,6156.000,76440,122269,6194.000
2024-09-18,6180.000,6206.000,6114.000,6150.000,60327,122727,6160.000
2024-09-19,6174.000,6236.000,6014.000,6224.000,129847,124809,6128.000
2024-09-20,6224.000,6276.000,6122.000,6148.000,88746,122896,6172.000
2024-09-23,6100.000,6176.000,6058.000,6060.000,70012,130778,6108.000
2024-09-24,6062.000,6206.000,6062.000,6182.000,101928,124707,6146.000
2024-09-25,6250.000,6378.000,6234.000,6244.000,142862,121534,0.000
2024-09-26,6304.000,6320.000,6242.000,6266.000,73633,119170,6280.000
2024-09-27,6346.000,6432.000,6316.000,6430.000,102527,117843,6372.000
2024-09-30,6800.000,6820.000,6610.000,6794.000,166759,114312,6726.000
2024-10-08,6948.000,6960.000,6582.000,6632.000,170464,110488,6776.000
2024-10-09,6602.000,6674.000,6544.000,6602.000,96381,102816,6620.000
2024-10-10,6666.000,6724.000,6618.000,6624.000,102387,100294,6670.000
2024-10-11,6662.000,6694.000,6626.000,6678.000,68227,100429,6660.000
2024-10-14,6756.000,6756.000,6610.000,6618.000,86521,99991,6656.000
2024-10-15,6616.000,6700.000,6610.000,6670.000,78718,102587,6670.000
2024-10-16,6670.000,6670.000,6530.000,6558.000,97739,100260,6576.000
2024-10-17,6586.000,6634.000,6380.000,6386.000,96248,97545,6518.000
2024-10-18,6386.000,6514.000,6358.000,6436.000,72330,94011,6420.000
2024-10-21,6436.000,6436.000,6338.000,6366.000,65046,90920,6376.000
2024-10-22,6364.000,6364.000,6302.000,6316.000,55883,95326,6332.000
2024-10-23,6326.000,6368.000,6310.000,6314.000,52989,98090,6336.000
2024-10-24,6304.000,6314.000,6240.000,6292.000,59142,104816,6274.000
2024-10-25,6330.000,6604.000,6316.000,6584.000,216633,115878,6494.000
2024-10-28,6584.000,6614.000,6518.000,6592.000,124863,116099,6570.000
2024-10-29,6590.000,6622.000,6492.000,6532.000,108731,113734,6568.000
2024-10-30,6534.000,6584.000,6478.000,6546.000,84851,107610,6536.000
2024-10-31,6546.000,6564.000,6490.000,6560.000,53420,107073,6538.000
2024-11-01,6490.000,6530.000,6420.000,6504.000,86099,104285,6478.000
2024-11-04,6472.000,6512.000,6376.000,6458.000,105142,105464,6432.000
2024-11-05,6448.000,6498.000,6420.000,6436.000,57217,106895,6454.000
2024-11-06,6444.000,6454.000,6340.000,6354.000,77002,109927,6390.000
2024-11-07,6372.000,6522.000,6368.000,6464.000,85011,106942,6436.000
2024-11-08,6464.000,6500.000,6342.000,6352.000,109223,115541,6406.000
2024-11-11,6300.000,6350.000,6266.000,6314.000,75461,121437,6302.000
2024-11-12,6314.000,6332.000,6290.000,6308.000,51973,121336,6312.000
2024-11-13,6310.000,6380.000,6308.000,6352.000,63005,118548,6354.000
2024-11-14,6352.000,6356.000,6282.000,6304.000,58104,119827,6318.000
2024-11-15,6292.000,6316.000,6250.000,6262.000,65314,126949,6274.000
2024-11-18,6282.000,6378.000,6266.000,6350.000,88558,117889,6340.000
2024-11-19,6350.000,6404.000,6318.000,6366.000,66994,115766,6362.000
2024-11-20,6368.000,6418.000,6334.000,6386.000,50243,113162,6382.000
2024-11-21,6386.000,6450.000,6370.000,6442.000,68386,107618,6414.000
2024-11-22,6438.000,6466.000,6376.000,6386.000,69734,102158,6424.000
2024-11-25,6422.000,6444.000,6324.000,6352.000,80469,95862,6374.000
2024-11-26,6378.000,6410.000,6340.000,6354.000,53013,92849,6376.000
2024-11-27,6340.000,6386.000,6334.000,6366.000,47925,93620,6362.000
2024-11-28,6356.000,6438.000,6346.000,6362.000,76657,93368,6380.000
2024-11-29,6356.000,6364.000,6310.000,6318.000,68576,96450,6334.000
2024-12-02,6318.000,6458.000,6290.000,6438.000,100497,92090,6398.000
2024-12-03,6414.000,6450.000,6348.000,6372.000,79752,82213,6390.000
2024-12-04,6372.000,6418.000,6318.000,6360.000,70705,77344,6364.000
2024-12-05,6300.000,6300.000,6192.000,6232.000,121669,130453,6228.000
2024-12-06,6232.000,6374.000,6228.000,6264.000,165705,122636,6320.000
2024-12-09,6234.000,6320.000,6168.000,6260.000,144219,133788,6244.000
2024-12-10,6370.000,6386.000,6242.000,6274.000,125146,126432,6316.000
2024-12-11,6300.000,6366.000,6278.000,6356.000,102569,127136,6332.000
2024-12-12,6320.000,6340.000,6256.000,6302.000,106469,128004,6298.000
2024-12-13,6280.000,6310.000,6250.000,6272.000,85990,137432,6274.000
2024-12-16,6276.000,6442.000,6274.000,6376.000,169541,145619,6350.000
2024-12-17,6378.000,6380.000,6256.000,6308.000,169719,133814,6314.000
2024-12-18,6300.000,6308.000,6240.000,6248.000,120812,144115,6266.000
2024-12-19,6248.000,6294.000,6240.000,6262.000,97144,145041,6262.000
2024-12-20,6240.000,6240.000,6178.000,6214.000,112028,161643,6208.000
2024-12-23,6224.000,6238.000,6160.000,6224.000,98677,166517,6206.000
2024-12-24,6204.000,6278.000,6186.000,6242.000,107361,154687,6246.000
2024-12-25,6242.000,6266.000,6224.000,6238.000,61172,149780,6242.000
2024-12-26,6238.000,6276.000,6208.000,6220.000,75352,142649,6240.000
2024-12-27,6234.000,6244.000,6170.000,6176.000,84858,141523,6196.000
2024-12-30,6180.000,6242.000,6176.000,6222.000,106508,122276,6212.000
2024-12-31,6252.000,6302.000,6192.000,6256.000,144640,102736,6248.000
2025-01-02,6252.000,6314.000,6244.000,6298.000,83859,97613,6292.000
2025-01-03,6328.000,6340.000,6256.000,6292.000,66674,121917,6298.000
2025-01-06,6294.000,6336.000,6286.000,6312.000,53728,128842,6308.000
2025-01-07,6312.000,6312.000,6192.000,6216.000,93701,149947,6244.000
2025-01-08,6216.000,6264.000,6190.000,6242.000,82090,159701,6236.000
2025-01-09,6230.000,6372.000,6230.000,6346.000,149898,159161,6322.000
2025-01-10,6348.000,6396.000,6310.000,6378.000,110888,163796,6370.000
2025-01-13,6380.000,6380.000,6320.000,6368.000,97371,171076,6356.000
2025-01-14,6368.000,6426.000,6280.000,6408.000,134625,173476,6378.000
2025-01-15,6386.000,6500.000,6380.000,6496.000,126348,181484,6452.000
2025-01-16,6516.000,6548.000,6382.000,6480.000,146627,176532,6466.000
2025-01-17,6486.000,6578.000,6470.000,6510.000,131728,179761,6522.000
2025-01-20,6522.000,6546.000,6384.000,6396.000,128481,162098,6444.000
2025-01-21,6412.000,6500.000,6402.000,6462.000,96513,150159,6460.000
2025-01-22,6436.000,6438.000,6318.000,6338.000,119457,127227,6370.000
2025-01-23,6338.000,6406.000,6312.000,6342.000,104801,101281,6352.000
2025-01-24,6370.000,6406.000,6324.000,6360.000,88433,85257,6362.000
2025-01-27,6290.000,6404.000,6280.000,6352.000,56917,87268,6362.000
2025-02-05,6352.000,6392.000,6242.000,6260.000,72332,93679,6300.000
2025-02-06,6278.000,6442.000,6234.000,6404.000,126853,103207,6344.000
2025-02-07,6398.000,6594.000,6358.000,6520.000,277544,147562,6502.000
2025-02-10,6534.000,6536.000,6402.000,6438.000,159808,149623,6452.000
2025-02-11,6440.000,6480.000,6280.000,6336.000,266668,125058,6360.000
2025-02-12,6330.000,6398.000,6312.000,6342.000,109534,122696,6356.000
2025-02-13,6342.000,6350.000,6280.000,6282.000,88115,128926,6308.000
2025-02-14,6282.000,6302.000,6252.000,6258.000,99591,132966,6274.000
2025-02-17,6258.000,6276.000,6210.000,6248.000,106681,137234,6244.000
2025-02-18,6248.000,6264.000,6220.000,6238.000,87480,142707,6240.000
2025-02-19,6252.000,6262.000,6220.000,6226.000,67924,149153,6244.000
2025-02-20,6226.000,6254.000,6216.000,6238.000,66416,149225,6238.000
2025-02-21,6252.000,6272.000,6202.000,6212.000,81184,157568,6238.000
2025-02-24,6202.000,6236.000,6172.000,6212.000,74485,157741,6210.000
2025-02-25,6204.000,6204.000,6172.000,6182.000,79290,161748,6184.000
2025-02-26,6180.000,6212.000,6160.000,6178.000,87953,163518,6188.000
2025-02-27,6160.000,6190.000,6152.000,6174.000,67623,167960,6170.000
2025-02-28,6160.000,6172.000,6132.000,6138.000,76278,173618,6150.000
2025-03-03,6144.000,6176.000,6136.000,6138.000,60191,176457,6156.000
2025-03-04,6142.000,6142.000,6098.000,6108.000,61814,184804,6112.000
2025-03-05,6090.000,6110.000,6062.000,6076.000,68890,190627,6084.000
2025-03-06,6076.000,6104.000,6054.000,6090.000,67286,185657,6086.000
2025-03-07,6128.000,6136.000,6082.000,6082.000,70158,180774,6104.000
2025-03-10,6074.000,6086.000,6018.000,6022.000,70321,192031,6052.000
2025-03-11,6020.000,6048.000,6004.000,6044.000,59442,189235,6024.000
2025-03-12,6030.000,6040.000,5980.000,5994.000,65901,195792,6002.000
2025-03-13,5984.000,5992.000,5960.000,5982.000,60626,201201,5980.000
2025-03-14,5982.000,6114.000,5960.000,6046.000,129162,195886,6034.000
2025-03-17,6034.000,6072.000,6010.000,6058.000,67563,188781,6040.000
2025-03-18,6060.000,6094.000,6008.000,6020.000,88030,183765,6060.000
2025-03-19,6002.000,6008.000,5940.000,5982.000,97248,187085,5968.000
2025-03-20,5996.000,6036.000,5966.000,6004.000,80976,178371,6006.000
2025-03-21,6008.000,6022.000,5962.000,5976.000,61512,177195,5984.000
2025-03-24,6000.000,6058.000,6000.000,6022.000,85668,167984,6032.000
2025-03-25,6032.000,6064.000,5996.000,6002.000,74717,165028,6032.000
2025-03-26,6010.000,6084.000,6010.000,6020.000,104049,158294,6040.000
2025-03-27,6022.000,6038.000,5982.000,6002.000,75472,162437,6014.000
2025-03-28,6020.000,6030.000,5990.000,6016.000,81717,155358,6014.000
2025-03-31,6010.000,6010.000,5914.000,5972.000,114878,155986,5962.000
2025-04-01,5962.000,5992.000,5908.000,5984.000,86403,151738,5950.000
2025-04-02,5870.000,5906.000,5854.000,5868.000,63606,175269,5886.000
2025-04-03,5860.000,5888.000,5832.000,5880.000,67067,182668,5864.000
2025-04-07,5740.000,5838.000,5740.000,5808.000,103089,178878,5796.000
2025-04-08,5812.000,5872.000,5754.000,5866.000,145389,189424,5798.000
2025-04-09,5808.000,5942.000,5744.000,5904.000,205480,191965,5862.000
2025-04-10,5964.000,6030.000,5874.000,5900.000,139105,195566,5920.000
2025-04-11,5900.000,5900.000,5824.000,5878.000,112574,197812,5866.000
2025-04-14,5880.000,5898.000,5848.000,5860.000,97765,195445,5872.000
2025-04-15,5850.000,5860.000,5758.000,5774.000,120443,213344,5802.000
2025-04-16,5780.000,5792.000,5670.000,5686.000,156917,228238,5724.000
2025-04-17,5706.000,5714.000,5646.000,5658.000,110517,230276,5684.000
2025-04-18,5648.000,5706.000,5612.000,5682.000,134324,226196,5668.000
2025-04-21,5680.000,5738.000,5664.000,5726.000,95037,208390,5702.000
2025-04-22,5726.000,5726.000,5656.000,5666.000,91264,201343,5686.000
2025-04-23,5686.000,5716.000,5668.000,5704.000,105015,184386,5696.000
2025-04-24,5696.000,5720.000,5646.000,5658.000,113056,185287,5670.000
2025-04-25,5658.000,5694.000,5636.000,5640.000,118535,168404,5670.000
2025-04-28,5642.000,5654.000,5578.000,5648.000,136250,155881,5624.000
2025-04-29,5650.000,5672.000,5600.000,5608.000,101408,140498,5632.000
2025-04-30,5592.000,5606.000,5524.000,5590.000,134883,121753,5568.000
2025-05-06,5640.000,5670.000,5480.000,5504.000,103290,150978,5546.000
2025-05-07,5546.000,5592.000,5492.000,5520.000,83569,174428,5538.000
2025-05-08,5480.000,5564.000,5468.000,5534.000,97604,190388,5512.000
2025-05-09,5534.000,5578.000,5512.000,5544.000,94396,201423,5550.000
2025-05-12,5690.000,5746.000,5612.000,5636.000,211559,223072,5664.000
2025-05-13,5622.000,5666.000,5582.000,5612.000,121933,230093,5618.000
2025-05-14,5644.000,5704.000,5636.000,5678.000,124939,233090,5668.000
2025-05-15,5678.000,5678.000,5628.000,5660.000,101457,227810,5652.000
2025-05-16,5710.000,5760.000,5680.000,5704.000,199987,228186,5716.000
2025-05-19,5678.000,5698.000,5612.000,5690.000,138921,217169,5646.000
2025-05-20,5670.000,5712.000,5632.000,5638.000,120368,218280,5668.000
2025-05-21,5652.000,5656.000,5588.000,5620.000,111094,212746,5614.000
2025-05-22,5620.000,5668.000,5572.000,5622.000,199705,204871,5614.000
2025-05-23,5616.000,5622.000,5506.000,5512.000,162791,209455,5566.000
2025-05-26,5560.000,5598.000,5490.000,5506.000,179664,205005,5548.000
2025-05-27,5500.000,5520.000,5392.000,5452.000,237913,194866,5468.000
2025-05-28,5452.000,5476.000,5402.000,5452.000,161726,181913,5446.000
2025-05-29,5330.000,5342.000,5208.000,5226.000,133494,196164,5274.000
2025-05-30,5220.000,5222.000,5120.000,5172.000,135817,198768,5178.000
2025-06-03,5150.000,5154.000,5014.000,5080.000,134874,201964,5074.000
2025-06-04,5124.000,5170.000,5070.000,5146.000,121809,204082,5114.000
2025-06-05,5122.000,5138.000,5062.000,5102.000,120370,218301,5100.000
2025-06-06,5150.000,5188.000,5098.000,5104.000,163627,227014,5144.000
2025-06-09,5104.000,5212.000,5082.000,5174.000,166969,223753,5160.000
2025-06-10,5150.000,5202.000,5108.000,5174.000,132581,218102,5166.000
2025-06-11,5180.000,5246.000,5162.000,5184.000,159669,217041,5206.000
2025-06-12,5172.000,5196.000,5150.000,5166.000,107142,219450,5174.000
2025-06-13,5148.000,5242.000,5136.000,5192.000,173429,217219,5186.000
2025-06-16,5202.000,5296.000,5156.000,5292.000,177993,221404,5218.000
2025-06-17,5278.000,5288.000,5250.000,5264.000,105742,220773,5272.000
2025-06-18,5264.000,5320.000,5240.000,5290.000,163659,220226,5282.000
2025-06-19,5280.000,5310.000,5262.000,5310.000,97548,227326,5290.000
2025-06-20,5336.000,5362.000,5288.000,5300.000,162739,221331,5328.000
2025-06-23,5312.000,5352.000,5276.000,5316.000,118132,223541,5316.000
2025-06-24,5290.000,5308.000,5234.000,5288.000,151170,218647,5276.000
2025-06-25,5272.000,5374.000,5270.000,5374.000,178400,226267,5332.000
2025-06-26,5366.000,5410.000,5334.000,5384.000,197830,221410,5380.000
2025-06-27,5420.000,5422.000,5364.000,5370.000,134138,205175,5392.000
2025-06-30,5388.000,5412.000,5336.000,5344.000,164238,204314,5380.000
2025-07-01,5320.000,5326.000,5220.000,5270.000,201387,209470,5258.000
2025-07-02,5280.000,5468.000,5254.000,5436.000,274236,195900,5368.000
2025-07-03,5436.000,5448.000,5366.000,5390.000,151420,191545,5400.000
2025-07-04,5400.000,5462.000,5348.000,5364.000,142141,189849,5404.000
2025-07-07,5372.000,5404.000,5336.000,5364.000,98087,189407,5374.000
2025-07-08,5360.000,5402.000,5308.000,5350.000,123125,190661,5352.000
2025-07-09,5358.000,5418.000,5348.000,5392.000,107918,191282,5380.000
2025-07-10,5426.000,5594.000,5412.000,5576.000,290052,212474,5532.000
2025-07-11,5582.000,5594.000,5454.000,5460.000,206502,205812,5522.000
2025-07-14,5460.000,5502.000,5438.000,5484.000,166323,203424,5476.000
2025-07-15,5474.000,5536.000,5454.000,5494.000,167490,199955,5502.000
2025-07-16,5500.000,5500.000,5398.000,5408.000,126407,198842,5452.000
2025-07-17,5450.000,5484.000,5422.000,5482.000,122756,193107,5456.000
2025-07-18,5532.000,5592.000,5474.000,5508.000,209310,183514,5532.000
2025-07-21,5620.000,5728.000,5610.000,5668.000,307477,193450,5662.000
2025-07-22,5696.000,5914.000,5666.000,5874.000,310979,191798,5780.000
2025-07-23,5916.000,6020.000,5682.000,5832.000,403260,180117,5844.000
2025-07-24,5832.000,5858.000,5684.000,5754.000,259485,169545,5762.000
2025-07-25,5786.000,6166.000,5770.000,6166.000,566065,212806,5986.000
2025-07-28,5820.000,6178.000,5700.000,5840.000,1218323,196312,5902.000
2025-07-29,5840.000,6130.000,5780.000,6110.000,726721,197081,5962.000
2025-07-30,6256.000,6298.000,5954.000,6008.000,743430,196905,6100.000
2025-07-31,5948.000,5948.000,5672.000,5696.000,487969,169659,5786.000
2025-08-01,5736.000,5750.000,5664.000,5682.000,279553,155097,5706.000
2025-08-04,5650.000,5686.000,5622.000,5674.000,222955,150860,5658.000
2025-08-05,5662.000,5774.000,5588.000,5716.000,220383,145226,5666.000
2025-08-06,5708.000,6012.000,5708.000,5908.000,492599,145789,5906.000
2025-08-07,6060.000,6102.000,5976.000,6024.000,148584,177113,6024.000
2025-08-08,6018.000,6018.000,5926.000,5970.000,135411,177545,5962.000
2025-08-11,5980.000,6036.000,5958.000,6014.000,159616,183591,5998.000
2025-08-12,6032.000,6076.000,5984.000,6022.000,192452,195126,6038.000
2025-08-13,6016.000,6124.000,5970.000,5970.000,223621,194767,6050.000
2025-08-14,6000.000,6000.000,5890.000,5918.000,228456,198531,5954.000
2025-08-15,5924.000,5972.000,5850.000,5932.000,284110,202744,5902.000
2025-08-18,5930.000,5954.000,5844.000,5880.000,216787,214474,5886.000
2025-08-19,5880.000,5880.000,5628.000,5678.000,372552,233070,5722.000
2025-08-20,5628.000,5660.000,5590.000,5622.000,267911,228094,5626.000
2025-08-21,5630.000,5666.000,5606.000,5638.000,234935,231309,5636.000
2025-08-22,5640.000,5678.000,5608.000,5642.000,147003,227550,5630.000
2025-08-25,5708.000,5728.000,5650.000,5680.000,200580,224602,5688.000
2025-08-26,5680.000,5736.000,5656.000,5656.000,158229,219755,5692.000
2025-08-27,5656.000,5698.000,5620.000,5634.000,177877,218252,5658.000
2025-08-28,5628.000,5646.000,5602.000,5624.000,208650,222047,5620.000
2025-08-29,5594.000,5612.000,5524.000,5566.000,260904,222851,5566.000
2025-09-01,5526.000,5544.000,5438.000,5532.000,211723,228373,5486.000
2025-09-02,5534.000,5574.000,5518.000,5528.000,156157,237691,5544.000
2025-09-03,5556.000,5562.000,5508.000,5520.000,111272,238449,5536.000
2025-09-04,5482.000,5536.000,5450.000,5496.000,145918,241544,5492.000
2025-09-05,5510.000,5674.000,5496.000,5598.000,212383,240781,5584.000
2025-09-08,5570.000,5628.000,5544.000,5624.000,132549,233556,5578.000
2025-09-09,5624.000,5662.000,5606.000,5620.000,142273,223860,5630.000
2025-09-10,5586.000,5692.000,5558.000,5628.000,156976,219132,5636.000
2025-09-11,5640.000,5674.000,5610.000,5626.000,125843,213441,5640.000
2025-09-12,5626.000,5680.000,5584.000,5608.000,167116,217964,5620.000
2025-09-15,5606.000,5708.000,5596.000,5700.000,200143,213259,5660.000
2025-09-16,5764.000,5794.000,5692.000,5700.000,210936,212449,5752.000
2025-09-17,5696.000,5776.000,5674.000,5766.000,165669,207907,5726.000
2025-09-18,5746.000,5856.000,5726.000,5756.000,319809,213520,5780.000
2025-09-19,5768.000,5810.000,5730.000,5736.000,229723,211764,5764.000
2025-09-22,5760.000,5790.000,5590.000,5648.000,281849,200009,5692.000
2025-09-23,5642.000,5734.000,5630.000,5698.000,244716,187402,5692.000
2025-09-24,5722.000,5776.000,5674.000,5742.000,189681,188023,5732.000
2025-09-25,5722.000,5790.000,5650.000,5786.000,201194,177801,5724.000
2025-09-26,5750.000,5750.000,5632.000,5660.000,265734,159742,5680.000
2025-09-29,5620.000,5678.000,5506.000,5610.000,342306,133285,5590.000
2025-09-30,5610.000,5640.000,5494.000,5494.000,191448,118064,5534.000
2025-10-09,5502.000,5510.000,5436.000,5472.000,131169,124065,5472.000
2025-10-10,5460.000,5468.000,5376.000,5396.000,66154,148090,5422.000
2025-10-13,5356.000,5390.000,5330.000,5368.000,103684,162037,5362.000
2025-10-14,5360.000,5374.000,5308.000,5322.000,87575,173437,5334.000
2025-10-15,5328.000,5408.000,5328.000,5352.000,109840,189336,5370.000
2025-10-16,5332.000,5456.000,5324.000,5456.000,156438,201287,5410.000
2025-10-17,5450.000,5456.000,5386.000,5430.000,135133,203512,5414.000
2025-10-20,5452.000,5478.000,5416.000,5436.000,134692,208602,5444.000
2025-10-21,5432.000,5542.000,5410.000,5474.000,178926,197587,5480.000
2025-10-22,5474.000,5558.000,5468.000,5538.000,134081,189771,5522.000
2025-10-23,5550.000,5580.000,5514.000,5574.000,128690,184331,5546.000
2025-10-24,5570.000,5588.000,5496.000,5542.000,139738,174287,5544.000
2025-10-27,5560.000,5602.000,5504.000,5564.000,132349,166396,5546.000
2025-10-28,5564.000,5578.000,5528.000,5564.000,107258,167884,5556.000
2025-10-29,5586.000,5608.000,5544.000,5594.000,134717,162689,5576.000
2025-10-30,5588.000,5626.000,5536.000,5550.000,151336,166241,5592.000
2025-10-31,5532.000,5572.000,5484.000,5500.000,151902,163466,5524.000
2025-11-03,5494.000,5562.000,5472.000,5526.000,118520,158005,5526.000
2025-11-04,5524.000,5540.000,5464.000,5510.000,148202,160707,5506.000
2025-11-05,5484.000,5588.000,5448.000,5560.000,233915,168764,5512.000
2025-11-06,5560.000,5590.000,5492.000,5586.000,160696,169595,5548.000
2025-11-07,5574.000,5574.000,5518.000,5526.000,116814,165633,5542.000
2025-11-10,5532.000,5596.000,5488.000,5588.000,165588,162088,5546.000
2025-11-11,5576.000,5600.000,5478.000,5488.000,176685,158506,5536.000
2025-11-12,5512.000,5516.000,5470.000,5490.000,102893,162872,5494.000
2025-11-13,5470.000,5528.000,5464.000,5506.000,90301,149163,5500.000
2025-11-14,5488.000,5522.000,5468.000,5490.000,84914,150428,5490.000
2025-11-17,5500.000,5616.000,5482.000,5566.000,169453,147755,5562.000
2025-11-18,5550.000,5556.000,5440.000,5474.000,183880,152370,5486.000
2025-11-19,5480.000,5496.000,5450.000,5462.000,86181,151953,5468.000
2025-11-20,5486.000,5510.000,5446.000,5446.000,315918,188326,5480.000
2025-11-21,5446.000,5488.000,5420.000,5472.000,335582,205123,5454.000
2025-11-24,5456.000,5524.000,5438.000,5456.000,360902,208059,5480.000
2025-11-25,5456.000,5480.000,5430.000,5448.000,316787,217611,5454.000
2025-11-26,5436.000,5448.000,5388.000,5416.000,393103,229279,5414.000
2025-11-27,5416.000,5426.000,5368.000,5390.000,317259,248587,5388.000
2025-11-28,5380.000,5412.000,5362.000,5390.000,232546,254583,5384.000
2025-12-01,5390.000,5482.000,5390.000,5466.000,354243,251393,5446.000
2025-12-02,5442.000,5472.000,5432.000,5448.000,235192,259775,5452.000
2025-12-03,5442.000,5486.000,5436.000,5446.000,230908,259817,5456.000
2025-12-04,5440.000,5554.000,5434.000,5546.000,306562,259334,5504.000
2025-12-05,5510.000,5520.000,5454.000,5474.000,403523,262736,5482.000
2025-12-08,5466.000,5466.000,5404.000,5444.000,414480,267182,5432.000
2025-12-09,5424.000,5474.000,5400.000,5462.000,245113,270595,5422.000
2025-12-10,5450.000,5496.000,5434.000,5434.000,359824,265112,5466.000
2025-12-11,5434.000,5500.000,5414.000,5418.000,265759,264632,5446.000
2025-12-12,5424.000,5496.000,5388.000,5470.000,313348,256924,5450.000
2025-12-15,5530.000,5582.000,5492.000,5518.000,408236,257168,5538.000
2025-12-16,5514.000,5520.000,5458.000,5482.000,282348,257884,5488.000
2025-12-17,5494.000,5566.000,5476.000,5546.000,270107,251350,5524.000
2025-12-18,5596.000,5628.000,5562.000,5592.000,295666,253809,5594.000
2025-12-19,5608.000,5650.000,5582.000,5640.000,294284,256901,5618.000
2025-12-22,5646.000,5666.000,5614.000,5644.000,302998,250343,5638.000
2025-12-23,5644.000,5684.000,5628.000,5648.000,241006,250472,5660.000
2025-12-24,5650.000,5674.000,5604.000,5656.000,217070,248904,5644.000
2025-12-25,5632.000,5694.000,5630.000,5692.000,167658,255488,5662.000
2025-12-26,5662.000,5690.000,5634.000,5672.000,189524,246240,5666.000
2025-12-29,5672.000,5746.000,5640.000,5676.000,318089,231184,5684.000
2025-12-30,5654.000,5788.000,5652.000,5750.000,232982,230640,5736.000
2025-12-31,5730.000,5748.000,5656.000,5672.000,225315,218692,5702.000
2026-01-05,5692.000,5694.000,5580.000,5624.000,178709,227324,5618.000
2026-01-06,5666.000,5800.000,5626.000,5776.000,327232,257498,5714.000
2026-01-07,5848.000,5926.000,5782.000,5860.000,329097,245565,5854.000
2026-01-08,5860.000,5862.000,5652.000,5668.000,276442,233414,5744.000
2026-01-09,5650.000,5674.000,5602.000,5632.000,229932,233205,5630.000
2026-01-12,5680.000,5730.000,5616.000,5698.000,201427,224721,5688.000
2026-01-13,5662.000,5748.000,5658.000,5682.000,162961,220837,5704.000
2026-01-14,5682.000,5722.000,5638.000,5690.000,150108,216670,5682.000
2026-01-15,5692.000,5698.000,5604.000,5610.000,144251,215048,5642.000
2026-01-16,5612.000,5630.000,5552.000,5570.000,203694,219779,5592.000
2026-01-19,5580.000,5588.000,5532.000,5548.000,114689,229601,5556.000
2026-01-20,5548.000,5582.000,5496.000,5552.000,148515,245555,5534.000
2026-01-21,5548.000,5590.000,5530.000,5556.000,130814,244000,5558.000
2026-01-22,5556.000,5642.000,5550.000,5610.000,108864,232311,5596.000
2026-01-23,5624.000,5692.000,5624.000,5652.000,147842,215911,5672.000
2026-01-26,5664.000,5696.000,5620.000,5628.000,147708,196604,5660.000
2026-01-27,5612.000,5644.000,5596.000,5604.000,112403,185904,5614.000
2026-01-28,5622.000,5652.000,5572.000,5632.000,122823,172651,5614.000
2026-01-29,5634.000,5762.000,5634.000,5736.000,228839,138668,5712.000
2026-01-30,5736.000,5740.000,5626.000,5660.000,177087,111150,5682.000
2026-02-02,5652.000,5718.000,5614.000,5624.000,131521,110112,5660.000
2026-02-03,5626.000,5708.000,5608.000,5620.000,103675,102060,5648.000
2026-02-04,5614.000,5676.000,5590.000,5644.000,90122,129808,5642.000
2026-02-05,5630.000,5676.000,5618.000,5650.000,130009,142421,5654.000
2026-02-06,5640.000,5736.000,5620.000,5624.000,234888,159348,5676.000
2026-02-09,5622.000,5664.000,5588.000,5594.000,163653,167193,5620.000
2026-02-10,5594.000,5612.000,5572.000,5580.000,99225,166811,5590.000
2026-02-11,5578.000,5598.000,5564.000,5576.000,84609,162337,5582.000
2026-02-12,5574.000,5588.000,5496.000,5500.000,130697,187389,5542.000
2026-02-13,5500.000,5502.000,5458.000,5492.000,140909,200355,5476.000
2026-02-24,5492.000,5514.000,5452.000,5470.000,120747,216249,5470.000
2026-02-25,5472.000,5508.000,5462.000,5486.000,104314,224182,5484.000
2026-02-26,5464.000,5582.000,5464.000,5538.000,242990,222108,5540.000
2026-02-27,5530.000,5730.000,5506.000,5726.000,346957,221874,5640.000
2026-03-02,5732.000,5774.000,5652.000,5764.000,275339,207578,5722.000
2026-03-03,5760.000,5798.000,5716.000,5786.000,227583,208759,5764.000
2026-03-04,5770.000,5874.000,5758.000,5818.000,227441,207380,5806.000
2026-03-05,5818.000,5866.000,5792.000,5828.000,159825,208122,5830.000
2026-03-06,5828.000,5882.000,5770.000,5868.000,157951,223284,5838.000
2026-03-09,6096.000,6196.000,5866.000,5868.000,404791,198486,6032.000
2026-03-10,5810.000,5902.000,5780.000,5876.000,173099,197075,5864.000
2026-03-11,5858.000,5916.000,5834.000,5884.000,109672,191953,5880.000
2026-03-12,5936.000,5950.000,5892.000,5922.000,117753,180396,5922.000
2026-03-13,5940.000,5978.000,5882.000,5888.000,129096,173143,5944.000
2026-03-16,5860.000,5964.000,5842.000,5872.000,118885,172137,5898.000
2026-03-17,5894.000,5968.000,5866.000,5928.000,121759,180530,5926.000
2026-03-18,5920.000,5968.000,5762.000,5796.000,169781,169839,5844.000
2026-03-19,5860.000,5864.000,5804.000,5824.000,107932,165193,5840.000
2026-03-20,5850.000,6028.000,5818.000,5932.000,409548,180829,5938.000
2026-03-23,6032.000,6190.000,5980.000,6120.000,323783,181930,6088.000
2026-03-24,6080.000,6174.000,6012.000,6100.000,284622,178033,6110.000
2026-03-25,6004.000,6092.000,5928.000,6088.000,203056,174786,6010.000
2026-03-26,6072.000,6098.000,5962.000,5982.000,181701,171684,6022.000
2026-03-27,5968.000,6040.000,5912.000,6012.000,172292,167005,5972.000
2026-03-30,6054.000,6082.000,5996.000,6066.000,136027,171571,6044.000
2026-03-31,6030.000,6066.000,5870.000,5874.000,166212,158901,5954.000
2026-04-01,5884.000,5898.000,5810.000,5822.000,143423,151673,5850.000
2026-04-02,5824.000,5958.000,5820.000,5900.000,136177,147212,5902.000
2026-04-03,5914.000,5914.000,5780.000,5824.000,130759,138960,5842.000
2026-04-07,5840.000,5840.000,5710.000,5726.000,106588,140254,5746.000
2026-04-08,5804.000,5842.000,5756.000,5766.000,194100,169302,5796.000
2026-04-09,5768.000,5780.000,5680.000,5684.000,183542,195748,5708.000
2026-04-10,5682.000,5682.000,5616.000,5676.000,180992,208382,5650.000
2026-04-13,5684.000,5746.000,5648.000,5692.000,203701,214195,5700.000
2026-04-14,5680.000,5730.000,5680.000,5714.000,130632,215627,5706.000
2026-04-15,5710.000,5734.000,5682.000,5714.000,115088,221453,5714.000
2026-04-16,5714.000,5730.000,5700.000,5726.000,142228,219589,5714.000
2026-04-17,5712.000,5728.000,5674.000,5700.000,131723,223280,5700.000
2026-04-20,5690.000,5776.000,5686.000,5742.000,195929,228475,5740.000
2026-04-21,5760.000,5786.000,5710.000,5710.000,145481,229213,5742.000
2026-04-22,5710.000,5778.000,5710.000,5748.000,141009,224313,5754.000
2026-04-23,5774.000,5840.000,5740.000,5794.000,279172,223462,5800.000
2026-04-24,5798.000,5810.000,5722.000,5742.000,189742,224791,5760.000
2026-04-27,5772.000,5838.000,5736.000,5802.000,202962,222075,5808.000
2026-04-28,5800.000,5800.000,5730.000,5766.000,197668,222051,5754.000
2026-04-29,5766.000,5886.000,5752.000,5810.000,361673,221818,5832.000
2026-04-30,5812.000,5860.000,5776.000,5800.000,218096,215470,5812.000
2026-05-06,5790.000,5890.000,5790.000,5832.000,181748,234675,5842.000
2026-05-07,5832.000,5922.000,5770.000,5902.000,278909,257340,5844.000
2026-05-08,5884.000,5892.000,5754.000,5768.000,292098,264258,5820.000
2026-05-11,5768.000,5788.000,5690.000,5696.000,269805,277211,5722.000
2026-05-12,5728.000,5822.000,5700.000,5762.000,328817,254725,5768.000
2026-05-13,5776.000,5836.000,5736.000,5826.000,237202,259112,5800.000
2026-05-14,5822.000,5822.000,5754.000,5796.000,218606,249619,5794.000
2026-05-15,5796.000,5826.000,5724.000,5732.000,244370,259964,5764.000
2026-05-18,5732.000,5954.000,5714.000,5784.000,626459,277533,5870.000
2026-05-19,5784.000,5878.000,5778.000,5850.000,338209,267223,5828.000
2026-05-20,5850.000,5888.000,5806.000,5876.000,246685,267685,5852.000
2026-05-21,5890.000,5932.000,5862.000,5884.000,286995,266524,5902.000
2026-05-22,5870.000,5874.000,5800.000,5846.000,231923,243005,5840.000
2026-05-25,5996.000,6086.000,5934.000,6072.000,514041,286204,6016.000
2026-05-26,6000.000,6000.000,5828.000,5852.000,440747,244191,5878.000
2026-05-27,5850.000,5924.000,5840.000,5922.000,239388,214104,5896.000
2026-05-28,5936.000,5964.000,5872.000,5886.000,254394,188056,5918.000
2026-05-29,5874.000,5920.000,5804.000,5826.000,288316,171280,5868.000
2026-06-01,5850.000,5944.000,5844.000,5890.000,166699,162572,5896.000
2026-06-02,5890.000,5938.000,5864.000,5890.000,139179,158885,5902.000
2026-06-03,5912.000,5982.000,5866.000,5962.000,216668,171252,5932.000
2026-06-04,5970.000,6008.000,5916.000,5946.000,174362,160624,5962.000
2026-06-05,5930.000,5954.000,5840.000,5870.000,176544,151831,5882.000
2026-06-08,5896.000,5976.000,5868.000,5920.000,170109,144424,5924.000
2026-06-09,5890.000,5930.000,5834.000,5914.000,165911,133958,5880.000
2026-06-10,5840.000,5904.000,5826.000,5880.000,145817,168336,5874.000
2026-06-11,5876.000,5890.000,5794.000,5828.000,153735,174981,5834.000
2026-06-12,5830.000,5854.000,5790.000,5822.000,175224,185349,5826.000
2026-06-15,5832.000,5844.000,5742.000,5750.000,184195,204174,5786.000
2026-06-16,5766.000,5768.000,5712.000,5726.000,151788,219641,5734.000
2026-06-17,5722.000,5734.000,5666.000,5688.000,128890,230436,5696.000
2026-06-18,5688.000,5704.000,5660.000,5694.000,109993,222246,5686.000
2026-06-22,5688.000,5696.000,5650.000,5656.000,120384,225798,5674.000
2026-06-23,5652.000,5672.000,5614.000,5624.000,112407,233853,5636.000
2026-06-24,5608.000,5628.000,5584.000,5600.000,130510,238872,5608.000
2026-06-25,5602.000,5644.000,5594.000,5622.000,144572,242804,5624.000
2026-06-26,5600.000,5634.000,5584.000,5604.000,111631,248127,5604.000
2026-06-29,5610.000,5658.000,5610.000,5646.000,128446,254262,5636.000
2026-06-30,5642.000,5702.000,5626.000,5680.000,175369,246320,5668.000
2026-07-01,5698.000,5716.000,5632.000,5644.000,179723,244322,5666.000
2026-07-02,5640.000,5750.000,5604.000,5714.000,291651,232653,5684.000
2026-07-03,5718.000,5790.000,5704.000,5774.000,206955,227065,5758.000
2026-07-06,5800.000,5816.000,5776.000,5782.000,145347,222098,5794.000
2026-07-07,5782.000,5830.000,5778.000,5818.000,145578,216865,5806.000
2026-07-08,5826.000,5854.000,5814.000,5832.000,140326,214843,5836.000
2026-07-09,5810.000,5826.000,5790.000,5824.000,129535,207893,5806.000
2026-07-10,5810.000,5810.000,5756.000,5792.000,142288,206687,5778.000
2026-07-13,5792.000,5796.000,5734.000,5746.000,135893,204851,5760.000
2026-07-14,5750.000,5834.000,5738.000,5828.000,167361,218374,5796.000
2026-07-15,5850.000,5890.000,5796.000,5796.000,176252,223663,5840.000
2026-07-16,5790.000,5828.000,5786.000,5812.000,113186,214636,5806.000
2026-07-17,5834.000,5840.000,5758.000,5784.000,135912,215988,5804.000
2026-07-20,5802.000,5834.000,5764.000,5782.000,140887,214222,5802.000
2026-07-21,5764.000,5792.000,5722.000,5782.000,175741,209616,5760.000
2026-07-22,5800.000,5878.000,5786.000,5840.000,223066,216703,5836.000
2026-07-23,5838.000,5922.000,5808.000,5830.000,228971,212832,5868.000
2026-07-24,5826.000,5900.000,5776.000,5892.000,201722,225599,5838.000
2026-07-27,5888.000,5928.000,5860.000,5896.000,192527,239554,5890.000
2026-07-28,5864.000,5872.000,5782.000,5812.000,234992,211601,5828.000
2026-07-29,5812.000,5940.000,5812.000,5916.000,304216,253641,5900.000
2026-07-30,5900.000,5900.000,5756.000,5786.000,335243,200018,5818.000
2026-07-31,5774.000,5832.000,5764.000,5782.000,161398,191757,5792.000
2026-08-03,5770.000,5790.000,5710.000,5766.000,163647,181582,5748.000
2026-08-04,5700.000,5910.000,5668.000,5860.000,629179,278540,5838.000
2026-08-05,5880.000,5898.000,5844.000,5880.000,380129,304829,5870.000
2026-08-06,5880.000,5928.000,5870.000,5924.000,321447,326862,5896.000
2026-08-07,5926.000,5948.000,5880.000,5900.000,322999,339772,5920.000
2026-08-10,5886.000,5902.000,5852.000,5882.000,265923,337417,5884.000
2026-08-11,5888.000,5938.000,5856.000,5906.000,439635,359926,5886.000
2026-08-12,5894.000,5968.000,5874.000,5924.000,396585,382868,5926.000
2026-08-13,5904.000,5910.000,5868.000,5896.000,327322,374792,5890.000
2026-08-14,5922.000,5976.000,5904.000,5926.000,422655,404537,5936.000
2026-08-17,5918.000,5952.000,5888.000,5922.000,330449,408789,5920.000
2026-08-18,5920.000,5984.000,5914.000,5974.000,330346,433984,5946.000
2026-08-19,5990.000,6018.000,5918.000,5956.000,447292,434274,5968.000
2026-08-20,5976.000,6000.000,5938.000,5966.000,265350,450039,5970.000
2026-08-21,5952.000,6030.000,5938.000,6022.000,478969,470699,5986.000
2026-08-24,6050.000,6072.000,5962.000,5992.000,449211,466714,5998.000
2026-08-25,5992.000,6046.000,5958.000,6022.000,516703,473924,6008.000
2026-08-26,5988.000,6022.000,5906.000,5924.000,383774,434629,5952.000
2026-08-27,5924.000,6042.000,5904.000,6034.000,469228,468895,5982.000
2026-08-28,6050.000,6088.000,6022.000,6080.000,346704,480532,6054.000
2026-08-31,6118.000,6222.000,6094.000,6170.000,489668,470698,6158.000
2026-09-01,6102.000,6278.000,6082.000,6258.000,491312,473360,6170.000
2026-09-02,6254.000,6326.000,6128.000,6158.000,566088,440447,6210.000
2026-09-03,6162.000,6412.000,6132.000,6364.000,775873,462048,6248.000
2026-09-04,6404.000,6624.000,6400.000,6624.000,1335342,482865,6564.000
