bar_index,timestamp_utc,equity
0,2018-12-12T00:00:00Z,10000.0
1,2018-12-13T00:00:00Z,10000.0
2,2018-12-14T00:00:00Z,10000.0
3,2018-12-17T00:00:00Z,10000.0
4,2018-12-18T00:00:00Z,10000.0
5,2018-12-19T00:00:00Z,10000.0
6,2018-12-20T00:00:00Z,10000.0
7,2018-12-21T00:00:00Z,10000.0
8,2018-12-24T00:00:00Z,10000.0
9,2018-12-26T00:00:00Z,10000.0
10,2018-12-27T00:00:00Z,10000.0
11,2018-12-28T00:00:00Z,10000.0
12,2018-12-31T00:00:00Z,10000.0
13,2019-01-01T00:00:00Z,10000.0
14,2019-01-02T00:00:00Z,10000.0
15,2019-01-03T00:00:00Z,10000.0
16,2019-01-04T00:00:00Z,10000.0
17,2019-01-06T00:00:00Z,10000.0
18,2019-01-07T00:00:00Z,10000.0
19,2019-01-08T00:00:00Z,10000.0
20,2019-01-09T00:00:00Z,10000.0
21,2019-01-10T00:00:00Z,10000.0
22,2019-01-11T00:00:00Z,10000.0
23,2019-01-14T00:00:00Z,10000.0
24,2019-01-15T00:00:00Z,10000.0
25,2019-01-16T00:00:00Z,10000.0
26,2019-01-17T00:00:00Z,10000.0
27,2019-01-18T00:00:00Z,10000.0
28,2019-01-20T00:00:00Z,10000.0
29,2019-01-21T00:00:00Z,9965.197910165662
30,2019-01-22T00:00:00Z,9999.134775277551
31,2019-01-23T00:00:00Z,9993.571354767406
32,2019-01-24T00:00:00Z,9976.602922211461
33,2019-01-25T00:00:00Z,10127.510703549166
34,2019-01-27T00:00:00Z,10111.283988753945
35,2019-01-28T00:00:00Z,10111.283988753945
36,2019-01-29T00:00:00Z,10111.283988753945
37,2019-01-30T00:00:00Z,10111.283988753945
38,2019-01-31T00:00:00Z,10111.283988753945
39,2019-02-01T00:00:00Z,10070.755261819571
40,2019-02-03T00:00:00Z,10065.206651297392
41,2019-02-04T00:00:00Z,10000.170048295018
42,2019-02-05T00:00:00Z,10000.170048295018
43,2019-02-06T00:00:00Z,10000.170048295018
44,2019-02-07T00:00:00Z,10000.170048295018
45,2019-02-08T00:00:00Z,10000.170048295018
46,2019-02-10T00:00:00Z,10000.170048295018
47,2019-02-11T00:00:00Z,10000.170048295018
48,2019-02-12T00:00:00Z,10000.170048295018
49,2019-02-13T00:00:00Z,10000.170048295018
50,2019-02-14T00:00:00Z,10000.170048295018
51,2019-02-15T00:00:00Z,10000.170048295018
52,2019-02-17T00:00:00Z,10000.170048295018
53,2019-02-18T00:00:00Z,10000.170048295018
54,2019-02-19T00:00:00Z,10000.170048295018
55,2019-02-20T00:00:00Z,10000.170048295018
56,2019-02-21T00:00:00Z,10000.170048295018
57,2019-02-22T00:00:00Z,10000.170048295018
58,2019-02-24T00:00:00Z,9979.926211784954
59,2019-02-25T00:00:00Z,9978.42596496801
60,2019-02-26T00:00:00Z,9989.775658278813
61,2019-02-27T00:00:00Z,9936.940879073341
62,2019-02-28T00:00:00Z,9891.542691886165
63,2019-03-01T00:00:00Z,9891.542691886165
64,2019-03-03T00:00:00Z,9891.542691886165
65,2019-03-04T00:00:00Z,9891.542691886165
66,2019-03-05T00:00:00Z,9891.542691886165
67,2019-03-06T00:00:00Z,9891.542691886165
68,2019-03-07T00:00:00Z,9891.542691886165
69,2019-03-08T00:00:00Z,9891.542691886165
70,2019-03-10T00:00:00Z,9876.269398212648
71,2019-03-11T00:00:00Z,9848.958236089917
72,2019-03-12T00:00:00Z,9903.405488783306
73,2019-03-13T00:00:00Z,9946.939948064412
74,2019-03-14T00:00:00Z,9869.324893313918
75,2019-03-15T00:00:00Z,9856.759383512537
76,2019-03-17T00:00:00Z,9834.705684832068
77,2019-03-18T00:00:00Z,9851.965690804693
78,2019-03-19T00:00:00Z,9867.929723632613
79,2019-03-20T00:00:00Z,9922.242779969672
80,2019-03-21T00:00:00Z,9881.890888873268
81,2019-03-22T00:00:00Z,9869.449483387622
82,2019-03-24T00:00:00Z,9843.465689157334
83,2019-03-25T00:00:00Z,9905.418934871814
84,2019-03-26T00:00:00Z,9874.283131013251
85,2019-03-27T00:00:00Z,9829.521433441536
86,2019-03-28T00:00:00Z,9762.431966534617
87,2019-03-29T00:00:00Z,9762.431966534617
88,2019-03-31T00:00:00Z,9762.431966534617
89,2019-04-01T00:00:00Z,9762.431966534617
90,2019-04-02T00:00:00Z,9762.431966534617
91,2019-04-03T00:00:00Z,9762.431966534617
92,2019-04-04T00:00:00Z,9762.431966534617
93,2019-04-05T00:00:00Z,9762.431966534617
94,2019-04-07T00:00:00Z,9762.431966534617
95,2019-04-08T00:00:00Z,9762.431966534617
96,2019-04-09T00:00:00Z,9762.431966534617
97,2019-04-10T00:00:00Z,9762.431966534617
98,2019-04-11T00:00:00Z,9762.431966534617
99,2019-04-12T00:00:00Z,9762.431966534617
100,2019-04-14T00:00:00Z,9762.431966534617
101,2019-04-15T00:00:00Z,9762.431966534617
102,2019-04-16T00:00:00Z,9762.431966534617
103,2019-04-17T00:00:00Z,9762.431966534617
104,2019-04-18T00:00:00Z,9758.885918856071
105,2019-04-21T00:00:00Z,9766.024639287441
106,2019-04-22T00:00:00Z,9750.593465829734
107,2019-04-23T00:00:00Z,9727.230380781615
108,2019-04-24T00:00:00Z,9750.737682404104
109,2019-04-25T00:00:00Z,9735.443422753982
110,2019-04-26T00:00:00Z,9775.612589608922
111,2019-04-28T00:00:00Z,9774.701670926092
112,2019-04-29T00:00:00Z,9733.482600528
113,2019-04-30T00:00:00Z,9754.585550013579
114,2019-05-01T00:00:00Z,9708.356426859917
115,2019-05-02T00:00:00Z,9691.697723807225
116,2019-05-03T00:00:00Z,9736.361990643778
117,2019-05-05T00:00:00Z,9776.455288417006
118,2019-05-06T00:00:00Z,9766.394702544541
119,2019-05-07T00:00:00Z,9780.92665991588
120,2019-05-08T00:00:00Z,9754.769136647472
121,2019-05-09T00:00:00Z,9738.888319862966
122,2019-05-10T00:00:00Z,9738.888319862966
123,2019-05-12T00:00:00Z,9738.888319862966
124,2019-05-13T00:00:00Z,9738.888319862966
125,2019-05-14T00:00:00Z,9738.888319862966
126,2019-05-15T00:00:00Z,9738.888319862966
127,2019-05-16T00:00:00Z,9738.888319862966
128,2019-05-17T00:00:00Z,9738.888319862966
129,2019-05-19T00:00:00Z,9738.888319862966
130,2019-05-20T00:00:00Z,9738.888319862966
131,2019-05-21T00:00:00Z,9738.888319862966
132,2019-05-22T00:00:00Z,9738.888319862966
133,2019-05-23T00:00:00Z,9738.888319862966
134,2019-05-24T00:00:00Z,9729.874243182752
135,2019-05-26T00:00:00Z,9728.893322752785
136,2019-05-27T00:00:00Z,9736.04002874254
137,2019-05-28T00:00:00Z,9695.191699408939
138,2019-05-29T00:00:00Z,9694.981502173947
139,2019-05-30T00:00:00Z,9680.205756624951
140,2019-05-31T00:00:00Z,9777.580062952076
141,2019-06-02T00:00:00Z,9806.281576856065
142,2019-06-03T00:00:00Z,9924.53481168765
143,2019-06-04T00:00:00Z,9925.658891866658
144,2019-06-05T00:00:00Z,9967.774429240138
145,2019-06-06T00:00:00Z,9951.097990639848
146,2019-06-07T00:00:00Z,9984.133986793886
147,2019-06-09T00:00:00Z,9947.817067908414
148,2019-06-10T00:00:00Z,9910.320176929192
149,2019-06-11T00:00:00Z,9900.290414132302
150,2019-06-12T00:00:00Z,9938.246183147983
151,2019-06-13T00:00:00Z,9924.28696073473
152,2019-06-14T00:00:00Z,9898.175452981824
153,2019-06-16T00:00:00Z,9881.90563364428
154,2019-06-17T00:00:00Z,9887.947195222392
155,2019-06-18T00:00:00Z,9918.578972346497
156,2019-06-19T00:00:00Z,9984.71817278055
157,2019-06-20T00:00:00Z,9973.556488298696
158,2019-06-21T00:00:00Z,10000.915099521824
159,2019-06-23T00:00:00Z,10034.17922015573
160,2019-06-24T00:00:00Z,10115.638766568636
161,2019-06-25T00:00:00Z,10085.201875311319
162,2019-06-26T00:00:00Z,10051.319298251286
163,2019-06-27T00:00:00Z,10041.665813464078
164,2019-06-28T00:00:00Z,10027.295590642972
165,2019-06-30T00:00:00Z,9963.589513641093
166,2019-07-01T00:00:00Z,9936.130678790207
167,2019-07-02T00:00:00Z,10088.034092761103
168,2019-07-03T00:00:00Z,10043.261759354955
169,2019-07-04T00:00:00Z,10032.469050680067
170,2019-07-05T00:00:00Z,9975.54621621735
171,2019-07-07T00:00:00Z,9964.126834135532
172,2019-07-08T00:00:00Z,9956.110594226255
173,2019-07-09T00:00:00Z,9956.110594226255
174,2019-07-10T00:00:00Z,10031.478080342942
175,2019-07-11T00:00:00Z,9996.728392083995
176,2019-07-12T00:00:00Z,10011.179063871108
177,2019-07-14T00:00:00Z,10013.623610062075
178,2019-07-15T00:00:00Z,10011.24095111645
179,2019-07-16T00:00:00Z,10004.024411427263
180,2019-07-17T00:00:00Z,10004.024411427263
181,2019-07-18T00:00:00Z,10004.024411427263
182,2019-07-19T00:00:00Z,10004.024411427263
183,2019-07-21T00:00:00Z,10004.024411427263
184,2019-07-22T00:00:00Z,10004.024411427263
185,2019-07-23T00:00:00Z,10004.024411427263
186,2019-07-24T00:00:00Z,10004.024411427263
187,2019-07-25T00:00:00Z,9950.610178682004
188,2019-07-26T00:00:00Z,9966.44149364505
189,2019-07-28T00:00:00Z,9972.240665168947
190,2019-07-29T00:00:00Z,9990.696422719451
191,2019-07-30T00:00:00Z,10017.364145785546
192,2019-07-31T00:00:00Z,10007.394630605091
193,2019-08-01T00:00:00Z,10007.394630605091
194,2019-08-02T00:00:00Z,10006.456786276656
195,2019-08-04T00:00:00Z,10003.73609979316
196,2019-08-05T00:00:00Z,10139.494412295811
197,2019-08-06T00:00:00Z,10150.613739663151
198,2019-08-07T00:00:00Z,10248.75560426353
199,2019-08-08T00:00:00Z,10239.286001894441
200,2019-08-09T00:00:00Z,10239.286001894441
201,2019-08-11T00:00:00Z,10239.286001894441
202,2019-08-12T00:00:00Z,10239.286001894441
203,2019-08-13T00:00:00Z,10239.286001894441
204,2019-08-14T00:00:00Z,10239.286001894441
205,2019-08-15T00:00:00Z,10239.286001894441
206,2019-08-16T00:00:00Z,10239.286001894441
207,2019-08-18T00:00:00Z,10239.286001894441
208,2019-08-19T00:00:00Z,10191.194485648819
209,2019-08-20T00:00:00Z,10221.736191597804
210,2019-08-21T00:00:00Z,10210.917438047716
211,2019-08-22T00:00:00Z,10195.32749262301
212,2019-08-23T00:00:00Z,10283.153890824566
213,2019-08-25T00:00:00Z,10336.947220102289
214,2019-08-26T00:00:00Z,10336.947220102289
215,2019-08-27T00:00:00Z,10336.947220102289
216,2019-08-28T00:00:00Z,10336.947220102289
217,2019-08-29T00:00:00Z,10336.947220102289
218,2019-08-30T00:00:00Z,10336.947220102289
219,2019-09-01T00:00:00Z,10336.947220102289
220,2019-09-02T00:00:00Z,10336.947220102289
221,2019-09-03T00:00:00Z,10336.947220102289
222,2019-09-04T00:00:00Z,10336.947220102289
223,2019-09-05T00:00:00Z,10336.947220102289
224,2019-09-06T00:00:00Z,10336.947220102289
225,2019-09-08T00:00:00Z,10336.947220102289
226,2019-09-09T00:00:00Z,10336.947220102289
227,2019-09-10T00:00:00Z,10336.947220102289
228,2019-09-11T00:00:00Z,10336.947220102289
229,2019-09-12T00:00:00Z,10336.947220102289
230,2019-09-13T00:00:00Z,10336.947220102289
231,2019-09-15T00:00:00Z,10336.947220102289
232,2019-09-16T00:00:00Z,10336.947220102289
233,2019-09-17T00:00:00Z,10336.947220102289
234,2019-09-18T00:00:00Z,10336.947220102289
235,2019-09-19T00:00:00Z,10336.947220102289
236,2019-09-20T00:00:00Z,10336.947220102289
237,2019-09-22T00:00:00Z,10336.947220102289
238,2019-09-23T00:00:00Z,10336.947220102289
239,2019-09-24T00:00:00Z,10336.947220102289
240,2019-09-25T00:00:00Z,10336.947220102289
241,2019-09-26T00:00:00Z,10336.947220102289
242,2019-09-27T00:00:00Z,10336.947220102289
243,2019-09-29T00:00:00Z,10336.947220102289
244,2019-09-30T00:00:00Z,10336.947220102289
245,2019-10-01T00:00:00Z,10336.947220102289
246,2019-10-02T00:00:00Z,10336.947220102289
247,2019-10-03T00:00:00Z,10336.947220102289
248,2019-10-04T00:00:00Z,10336.947220102289
249,2019-10-06T00:00:00Z,10336.947220102289
250,2019-10-07T00:00:00Z,10336.947220102289
251,2019-10-08T00:00:00Z,10336.947220102289
252,2019-10-09T00:00:00Z,10336.947220102289
253,2019-10-10T00:00:00Z,10336.947220102289
254,2019-10-11T00:00:00Z,10336.947220102289
255,2019-10-13T00:00:00Z,10336.947220102289
256,2019-10-14T00:00:00Z,10336.947220102289
257,2019-10-15T00:00:00Z,10336.947220102289
258,2019-10-16T00:00:00Z,10355.533524690405
259,2019-10-17T00:00:00Z,10364.587444198836
260,2019-10-18T00:00:00Z,10355.696952840377
261,2019-10-20T00:00:00Z,10360.567111709533
262,2019-10-21T00:00:00Z,10336.085574843773
263,2019-10-22T00:00:00Z,10328.224017360875
264,2019-10-23T00:00:00Z,10332.350732238074
265,2019-10-24T00:00:00Z,10380.137005051503
266,2019-10-25T00:00:00Z,10387.298190138532
267,2019-10-27T00:00:00Z,10385.992062040896
268,2019-10-28T00:00:00Z,10330.504137341419
269,2019-10-29T00:00:00Z,10319.305713660004
270,2019-10-30T00:00:00Z,10352.758382895183
271,2019-10-31T00:00:00Z,10449.887008136378
272,2019-11-01T00:00:00Z,10459.634070880653
273,2019-11-03T00:00:00Z,10453.364030518838
274,2019-11-04T00:00:00Z,10418.36580522653
275,2019-11-05T00:00:00Z,10404.40572178599
276,2019-11-06T00:00:00Z,10404.40572178599
277,2019-11-07T00:00:00Z,10404.40572178599
278,2019-11-08T00:00:00Z,10404.40572178599
279,2019-11-10T00:00:00Z,10404.40572178599
280,2019-11-11T00:00:00Z,10404.40572178599
281,2019-11-12T00:00:00Z,10404.40572178599
282,2019-11-13T00:00:00Z,10404.40572178599
283,2019-11-14T00:00:00Z,10404.40572178599
284,2019-11-15T00:00:00Z,10404.40572178599
285,2019-11-17T00:00:00Z,10404.40572178599
286,2019-11-18T00:00:00Z,10404.40572178599
287,2019-11-19T00:00:00Z,10404.40572178599
288,2019-11-20T00:00:00Z,10404.40572178599
289,2019-11-21T00:00:00Z,10404.40572178599
290,2019-11-22T00:00:00Z,10404.40572178599
291,2019-11-24T00:00:00Z,10390.22359288099
292,2019-11-25T00:00:00Z,10355.218755897564
293,2019-11-26T00:00:00Z,10390.64983138307
294,2019-11-27T00:00:00Z,10370.88302084905
295,2019-11-28T00:00:00Z,10366.673915640999
296,2019-11-29T00:00:00Z,10354.562178188879
297,2019-12-01T00:00:00Z,10330.945818160671
298,2019-12-02T00:00:00Z,10336.527255084135
299,2019-12-03T00:00:00Z,10434.27216920628
300,2019-12-04T00:00:00Z,10426.80699732115
301,2019-12-05T00:00:00Z,10429.458179859796
302,2019-12-06T00:00:00Z,10412.623505102352
303,2019-12-08T00:00:00Z,10412.623505102352
304,2019-12-09T00:00:00Z,10412.623505102352
305,2019-12-10T00:00:00Z,10412.623505102352
306,2019-12-11T00:00:00Z,10412.623505102352
307,2019-12-12T00:00:00Z,10412.623505102352
308,2019-12-13T00:00:00Z,10412.623505102352
309,2019-12-16T00:00:00Z,10412.623505102352
310,2019-12-17T00:00:00Z,10412.623505102352
311,2019-12-18T00:00:00Z,10412.623505102352
312,2019-12-19T00:00:00Z,10414.159193114716
313,2019-12-20T00:00:00Z,10408.66658428937
314,2019-12-22T00:00:00Z,10414.159193114716
315,2019-12-23T00:00:00Z,10454.920132292284
316,2019-12-24T00:00:00Z,10535.921658232386
317,2019-12-25T00:00:00Z,10519.746067008866
318,2019-12-26T00:00:00Z,10584.499309233945
319,2019-12-27T00:00:00Z,10579.593755417489
320,2019-12-29T00:00:00Z,10600.687636828257
321,2019-12-30T00:00:00Z,10610.49874446117
322,2019-12-31T00:00:00Z,10630.331197747708
323,2020-01-01T00:00:00Z,10631.875502250066
324,2020-01-02T00:00:00Z,10631.875502250066
325,2020-01-03T00:00:00Z,10631.875502250066
326,2020-01-05T00:00:00Z,10631.875502250066
327,2020-01-06T00:00:00Z,10631.875502250066
328,2020-01-07T00:00:00Z,10631.875502250066
329,2020-01-08T00:00:00Z,10631.875502250066
330,2020-01-09T00:00:00Z,10631.875502250066
331,2020-01-10T00:00:00Z,10655.719233028889
332,2020-01-12T00:00:00Z,10646.885738338777
333,2020-01-13T00:00:00Z,10594.446221131797
334,2020-01-14T00:00:00Z,10610.728298208911
335,2020-01-15T00:00:00Z,10635.91873010063
336,2020-01-16T00:00:00Z,10626.847341687919
337,2020-01-17T00:00:00Z,10626.847341687919
338,2020-01-19T00:00:00Z,10626.847341687919
339,2020-01-20T00:00:00Z,10626.847341687919
340,2020-01-21T00:00:00Z,10626.847341687919
341,2020-01-22T00:00:00Z,10626.847341687919
342,2020-01-23T00:00:00Z,10626.847341687919
343,2020-01-24T00:00:00Z,10626.847341687919
344,2020-01-26T00:00:00Z,10626.847341687919
345,2020-01-27T00:00:00Z,10626.847341687919
346,2020-01-28T00:00:00Z,10626.847341687919
347,2020-01-29T00:00:00Z,10626.847341687919
348,2020-01-30T00:00:00Z,10626.847341687919
349,2020-01-31T00:00:00Z,10626.847341687919
350,2020-02-02T00:00:00Z,10626.847341687919
351,2020-02-03T00:00:00Z,10626.847341687919
352,2020-02-04T00:00:00Z,10626.847341687919
353,2020-02-05T00:00:00Z,10626.847341687919
354,2020-02-06T00:00:00Z,10626.847341687919
355,2020-02-07T00:00:00Z,10626.847341687919
356,2020-02-09T00:00:00Z,10626.847341687919
357,2020-02-10T00:00:00Z,10626.847341687919
358,2020-02-11T00:00:00Z,10626.847341687919
359,2020-02-12T00:00:00Z,10626.847341687919
360,2020-02-13T00:00:00Z,10626.847341687919
361,2020-02-14T00:00:00Z,10626.847341687919
362,2020-02-16T00:00:00Z,10626.847341687919
363,2020-02-17T00:00:00Z,10619.44439821444
364,2020-02-18T00:00:00Z,10710.058476213611
365,2020-02-19T00:00:00Z,10761.783329658589
366,2020-02-20T00:00:00Z,10825.961474112491
367,2020-02-21T00:00:00Z,10941.372894734703
368,2020-02-23T00:00:00Z,10994.5050943235
369,2020-02-24T00:00:00Z,10994.5050943235
370,2020-02-25T00:00:00Z,10994.5050943235
371,2020-02-26T00:00:00Z,10994.5050943235
372,2020-02-27T00:00:00Z,10994.5050943235
373,2020-02-28T00:00:00Z,10878.748980970377
374,2020-03-01T00:00:00Z,10856.654144265065
375,2020-03-02T00:00:00Z,10875.97157690993
376,2020-03-03T00:00:00Z,11026.162525092506
377,2020-03-04T00:00:00Z,11000.656823981322
378,2020-03-05T00:00:00Z,11106.275514156487
379,2020-03-06T00:00:00Z,11098.607809713654
380,2020-03-08T00:00:00Z,11098.607809713654
381,2020-03-09T00:00:00Z,11098.607809713654
382,2020-03-10T00:00:00Z,11098.607809713654
383,2020-03-11T00:00:00Z,11098.607809713654
384,2020-03-12T00:00:00Z,11098.607809713654
385,2020-03-13T00:00:00Z,11098.607809713654
386,2020-03-15T00:00:00Z,11084.841648348347
387,2020-03-16T00:00:00Z,10985.185290920967
388,2020-03-17T00:00:00Z,10985.185290920967
389,2020-03-18T00:00:00Z,10985.185290920967
390,2020-03-19T00:00:00Z,10947.996445807563
391,2020-03-20T00:00:00Z,10982.082208549875
392,2020-03-22T00:00:00Z,10973.363482829755
393,2020-03-23T00:00:00Z,11069.358562218295
394,2020-03-24T00:00:00Z,11155.59121441365
395,2020-03-25T00:00:00Z,11144.906817582325
396,2020-03-26T00:00:00Z,11144.906817582325
397,2020-03-27T00:00:00Z,11144.906817582325
398,2020-03-29T00:00:00Z,11144.906817582325
399,2020-03-30T00:00:00Z,11144.906817582325
400,2020-03-31T00:00:00Z,11144.906817582325
401,2020-04-01T00:00:00Z,11144.906817582325
402,2020-04-02T00:00:00Z,11144.906817582325
403,2020-04-03T00:00:00Z,11144.906817582325
404,2020-04-05T00:00:00Z,11144.906817582325
405,2020-04-06T00:00:00Z,11144.906817582325
406,2020-04-07T00:00:00Z,11109.178368177701
407,2020-04-08T00:00:00Z,11108.865387493792
408,2020-04-09T00:00:00Z,11179.520776886438
409,2020-04-12T00:00:00Z,11186.38679063971
410,2020-04-13T00:00:00Z,11245.99004963179
411,2020-04-14T00:00:00Z,11239.409529757631
412,2020-04-15T00:00:00Z,11239.409529757631
413,2020-04-16T00:00:00Z,11239.409529757631
414,2020-04-17T00:00:00Z,11239.409529757631
415,2020-04-19T00:00:00Z,11239.409529757631
416,2020-04-20T00:00:00Z,11239.409529757631
417,2020-04-21T00:00:00Z,11239.409529757631
418,2020-04-22T00:00:00Z,11239.409529757631
419,2020-04-23T00:00:00Z,11239.409529757631
420,2020-04-24T00:00:00Z,11239.409529757631
421,2020-04-26T00:00:00Z,11239.409529757631
422,2020-04-27T00:00:00Z,11239.409529757631
423,2020-04-28T00:00:00Z,11239.409529757631
424,2020-04-29T00:00:00Z,11239.409529757631
425,2020-04-30T00:00:00Z,11239.409529757631
426,2020-05-01T00:00:00Z,11239.409529757631
427,2020-05-03T00:00:00Z,11236.249371379941
428,2020-05-04T00:00:00Z,11246.59612193972
429,2020-05-05T00:00:00Z,11247.048293558013
430,2020-05-06T00:00:00Z,11209.704237553056
431,2020-05-07T00:00:00Z,11273.886009020263
432,2020-05-08T00:00:00Z,11266.27934384573
433,2020-05-10T00:00:00Z,11266.27934384573
434,2020-05-11T00:00:00Z,11266.27934384573
435,2020-05-12T00:00:00Z,11266.27934384573
436,2020-05-13T00:00:00Z,11266.27934384573
437,2020-05-14T00:00:00Z,11266.27934384573
438,2020-05-15T00:00:00Z,11266.27934384573
439,2020-05-17T00:00:00Z,11266.27934384573
440,2020-05-18T00:00:00Z,11266.27934384573
441,2020-05-19T00:00:00Z,11266.27934384573
442,2020-05-20T00:00:00Z,11266.27934384573
443,2020-05-21T00:00:00Z,11266.27934384573
444,2020-05-22T00:00:00Z,11266.27934384573
445,2020-05-24T00:00:00Z,11266.27934384573
446,2020-05-25T00:00:00Z,11266.27934384573
447,2020-05-26T00:00:00Z,11266.27934384573
448,2020-05-27T00:00:00Z,11266.27934384573
449,2020-05-28T00:00:00Z,11266.27934384573
450,2020-05-29T00:00:00Z,11266.27934384573
451,2020-05-31T00:00:00Z,11266.27934384573
452,2020-06-01T00:00:00Z,11266.27934384573
453,2020-06-02T00:00:00Z,11266.27934384573
454,2020-06-03T00:00:00Z,11266.27934384573
455,2020-06-04T00:00:00Z,11266.27934384573
456,2020-06-05T00:00:00Z,11147.233762139173
457,2020-06-07T00:00:00Z,11131.130471325569
458,2020-06-08T00:00:00Z,11183.888715111574
459,2020-06-09T00:00:00Z,11236.879081906067
460,2020-06-10T00:00:00Z,11310.760519464344
461,2020-06-11T00:00:00Z,11281.513020395045
462,2020-06-12T00:00:00Z,11272.363770465992
463,2020-06-14T00:00:00Z,11272.363770465992
464,2020-06-15T00:00:00Z,11272.363770465992
465,2020-06-16T00:00:00Z,11272.363770465992
466,2020-06-17T00:00:00Z,11272.363770465992
467,2020-06-18T00:00:00Z,11249.46826049958
468,2020-06-19T00:00:00Z,11310.996958381464
469,2020-06-21T00:00:00Z,11331.275962026744
470,2020-06-22T00:00:00Z,11348.851098519322
471,2020-06-23T00:00:00Z,11393.119063065922
472,2020-06-24T00:00:00Z,11384.246446690524
473,2020-06-25T00:00:00Z,11384.246446690524
474,2020-06-26T00:00:00Z,11384.246446690524
475,2020-06-28T00:00:00Z,11362.805652543859
476,2020-06-29T00:00:00Z,11369.322071982562
477,2020-06-30T00:00:00Z,11408.18505538206
478,2020-07-01T00:00:00Z,11350.126113515538
479,2020-07-02T00:00:00Z,11379.842556377578
480,2020-07-03T00:00:00Z,11368.566747504909
481,2020-07-05T00:00:00Z,11368.566747504909
482,2020-07-06T00:00:00Z,11368.566747504909
483,2020-07-07T00:00:00Z,11368.566747504909
484,2020-07-08T00:00:00Z,11419.237279381363
485,2020-07-09T00:00:00Z,11396.626910220195
486,2020-07-10T00:00:00Z,11370.43301085235
487,2020-07-12T00:00:00Z,11380.458363216265
488,2020-07-13T00:00:00Z,11390.142426989067
489,2020-07-14T00:00:00Z,11377.888251704515
490,2020-07-15T00:00:00Z,11377.888251704515
491,2020-07-16T00:00:00Z,11377.888251704515
492,2020-07-17T00:00:00Z,11414.554006196598
493,2020-07-19T00:00:00Z,11412.537331202628
494,2020-07-20T00:00:00Z,11453.094906081396
495,2020-07-21T00:00:00Z,11564.908330747174
496,2020-07-22T00:00:00Z,11686.088090384954
497,2020-07-23T00:00:00Z,11672.939660654534
498,2020-07-24T00:00:00Z,11672.939660654534
499,2020-07-26T00:00:00Z,11672.939660654534
500,2020-07-27T00:00:00Z,11672.939660654534
501,2020-07-28T00:00:00Z,11672.939660654534
502,2020-07-29T00:00:00Z,11672.939660654534
503,2020-07-30T00:00:00Z,11637.460420488256
504,2020-07-31T00:00:00Z,11685.90860395821
505,2020-08-02T00:00:00Z,11707.000747905942
506,2020-08-03T00:00:00Z,11692.588244814193
507,2020-08-04T00:00:00Z,11842.533709672573
508,2020-08-05T00:00:00Z,11833.76091725352
509,2020-08-06T00:00:00Z,11833.76091725352
510,2020-08-07T00:00:00Z,11833.76091725352
511,2020-08-09T00:00:00Z,11833.76091725352
512,2020-08-10T00:00:00Z,11833.76091725352
513,2020-08-11T00:00:00Z,11833.76091725352
514,2020-08-12T00:00:00Z,11833.76091725352
515,2020-08-13T00:00:00Z,11833.76091725352
516,2020-08-14T00:00:00Z,11833.76091725352
517,2020-08-16T00:00:00Z,11833.76091725352
518,2020-08-17T00:00:00Z,11919.233887603259
519,2020-08-18T00:00:00Z,11956.968554571067
520,2020-08-19T00:00:00Z,11820.178181654574
521,2020-08-20T00:00:00Z,11864.422475602803
522,2020-08-21T00:00:00Z,11841.294776493502
523,2020-08-23T00:00:00Z,11832.834491151429
524,2020-08-24T00:00:00Z,11832.834491151429
525,2020-08-25T00:00:00Z,11832.834491151429
526,2020-08-26T00:00:00Z,11832.834491151429
527,2020-08-27T00:00:00Z,11832.834491151429
528,2020-08-28T00:00:00Z,11832.834491151429
529,2020-08-30T00:00:00Z,11832.834491151429
530,2020-08-31T00:00:00Z,11832.834491151429
531,2020-09-01T00:00:00Z,11832.834491151429
532,2020-09-02T00:00:00Z,11832.834491151429
533,2020-09-03T00:00:00Z,11792.344729558568
534,2020-09-04T00:00:00Z,11802.26863689604
535,2020-09-06T00:00:00Z,11805.317424923429
536,2020-09-07T00:00:00Z,11797.56245403497
537,2020-09-08T00:00:00Z,11796.703064121211
538,2020-09-09T00:00:00Z,11790.453744504894
539,2020-09-10T00:00:00Z,11774.130280971416
540,2020-09-11T00:00:00Z,11763.465309687548
541,2020-09-13T00:00:00Z,11771.488725583977
542,2020-09-14T00:00:00Z,11807.063317297067
543,2020-09-15T00:00:00Z,11798.867089365944
544,2020-09-16T00:00:00Z,11791.239417768948
545,2020-09-17T00:00:00Z,11791.239417768948
546,2020-09-18T00:00:00Z,11791.239417768948
547,2020-09-20T00:00:00Z,11791.239417768948
548,2020-09-21T00:00:00Z,11791.239417768948
549,2020-09-22T00:00:00Z,11791.239417768948
550,2020-09-23T00:00:00Z,11791.239417768948
551,2020-09-24T00:00:00Z,11791.239417768948
552,2020-09-25T00:00:00Z,11762.35594158872
553,2020-09-27T00:00:00Z,11767.310314251203
554,2020-09-28T00:00:00Z,11826.264417353292
555,2020-09-29T00:00:00Z,11867.716979156552
556,2020-09-30T00:00:00Z,11840.893008824174
557,2020-10-01T00:00:00Z,11832.214351590022
558,2020-10-02T00:00:00Z,11832.214351590022
559,2020-10-04T00:00:00Z,11832.214351590022
560,2020-10-05T00:00:00Z,11832.214351590022
561,2020-10-06T00:00:00Z,11832.214351590022
562,2020-10-07T00:00:00Z,11832.214351590022
563,2020-10-08T00:00:00Z,11832.214351590022
564,2020-10-09T00:00:00Z,11832.214351590022
565,2020-10-11T00:00:00Z,11832.214351590022
566,2020-10-12T00:00:00Z,11832.214351590022
567,2020-10-13T00:00:00Z,11832.214351590022
568,2020-10-14T00:00:00Z,11832.214351590022
569,2020-10-15T00:00:00Z,11832.214351590022
570,2020-10-16T00:00:00Z,11832.214351590022
571,2020-10-18T00:00:00Z,11832.214351590022
572,2020-10-19T00:00:00Z,11832.214351590022
573,2020-10-20T00:00:00Z,11832.214351590022
574,2020-10-21T00:00:00Z,11832.214351590022
575,2020-10-22T00:00:00Z,11832.214351590022
576,2020-10-23T00:00:00Z,11832.214351590022
577,2020-10-25T00:00:00Z,11832.214351590022
578,2020-10-26T00:00:00Z,11832.214351590022
579,2020-10-27T00:00:00Z,11832.214351590022
580,2020-10-28T00:00:00Z,11832.214351590022
581,2020-10-29T00:00:00Z,11832.214351590022
582,2020-10-30T00:00:00Z,11832.214351590022
583,2020-11-01T00:00:00Z,11832.214351590022
584,2020-11-02T00:00:00Z,11832.214351590022
585,2020-11-03T00:00:00Z,11832.214351590022
586,2020-11-04T00:00:00Z,11832.214351590022
587,2020-11-05T00:00:00Z,11832.214351590022
588,2020-11-06T00:00:00Z,11832.214351590022
589,2020-11-08T00:00:00Z,11832.214351590022
590,2020-11-09T00:00:00Z,11832.214351590022
591,2020-11-10T00:00:00Z,11832.214351590022
592,2020-11-11T00:00:00Z,11832.214351590022
593,2020-11-12T00:00:00Z,11832.214351590022
594,2020-11-13T00:00:00Z,11832.214351590022
595,2020-11-15T00:00:00Z,11832.214351590022
596,2020-11-16T00:00:00Z,11832.214351590022
597,2020-11-17T00:00:00Z,11832.214351590022
598,2020-11-18T00:00:00Z,11832.214351590022
599,2020-11-19T00:00:00Z,11832.214351590022
600,2020-11-20T00:00:00Z,11844.586153111028
601,2020-11-22T00:00:00Z,11848.121339984547
602,2020-11-23T00:00:00Z,11752.514174982938
603,2020-11-24T00:00:00Z,11709.06748753086
604,2020-11-25T00:00:00Z,11709.06748753086
605,2020-11-26T00:00:00Z,11709.06748753086
606,2020-11-27T00:00:00Z,11709.06748753086
607,2020-11-29T00:00:00Z,11709.06748753086
608,2020-11-30T00:00:00Z,11709.06748753086
609,2020-12-01T00:00:00Z,11709.06748753086
610,2020-12-02T00:00:00Z,11709.06748753086
611,2020-12-03T00:00:00Z,11709.06748753086
612,2020-12-04T00:00:00Z,11709.06748753086
613,2020-12-06T00:00:00Z,11709.06748753086
614,2020-12-07T00:00:00Z,11709.06748753086
615,2020-12-08T00:00:00Z,11709.06748753086
616,2020-12-09T00:00:00Z,11709.06748753086
617,2020-12-10T00:00:00Z,11709.06748753086
618,2020-12-11T00:00:00Z,11709.06748753086
619,2020-12-13T00:00:00Z,11709.06748753086
620,2020-12-14T00:00:00Z,11664.82255142707
621,2020-12-15T00:00:00Z,11746.306273663577
622,2020-12-16T00:00:00Z,11785.998424994563
623,2020-12-17T00:00:00Z,11849.112225953917
624,2020-12-18T00:00:00Z,11841.96107802817
625,2020-12-20T00:00:00Z,11834.573289613016
626,2020-12-21T00:00:00Z,11834.573289613016
627,2020-12-22T00:00:00Z,11834.573289613016
628,2020-12-23T00:00:00Z,11834.573289613016
629,2020-12-24T00:00:00Z,11834.573289613016
630,2020-12-27T00:00:00Z,11834.573289613016
631,2020-12-28T00:00:00Z,11834.573289613016
632,2020-12-29T00:00:00Z,11834.573289613016
633,2020-12-30T00:00:00Z,11834.573289613016
634,2020-12-31T00:00:00Z,11834.573289613016
635,2021-01-03T00:00:00Z,11834.573289613016
636,2021-01-04T00:00:00Z,11834.573289613016
637,2021-01-05T00:00:00Z,11834.573289613016
638,2021-01-06T00:00:00Z,11834.573289613016
639,2021-01-07T00:00:00Z,11834.573289613016
640,2021-01-08T00:00:00Z,11834.573289613016
641,2021-01-10T00:00:00Z,11834.573289613016
642,2021-01-11T00:00:00Z,11834.573289613016
643,2021-01-12T00:00:00Z,11834.573289613016
644,2021-01-13T00:00:00Z,11834.573289613016
645,2021-01-14T00:00:00Z,11834.573289613016
646,2021-01-15T00:00:00Z,11834.573289613016
647,2021-01-17T00:00:00Z,11834.573289613016
648,2021-01-18T00:00:00Z,11834.573289613016
649,2021-01-19T00:00:00Z,11834.573289613016
650,2021-01-20T00:00:00Z,11834.573289613016
651,2021-01-21T00:00:00Z,11834.573289613016
652,2021-01-22T00:00:00Z,11834.573289613016
653,2021-01-24T00:00:00Z,11834.573289613016
654,2021-01-25T00:00:00Z,11834.573289613016
655,2021-01-26T00:00:00Z,11834.573289613016
656,2021-01-27T00:00:00Z,11834.573289613016
657,2021-01-28T00:00:00Z,11834.573289613016
658,2021-01-29T00:00:00Z,11834.573289613016
659,2021-01-31T00:00:00Z,11834.573289613016
660,2021-02-01T00:00:00Z,11834.573289613016
661,2021-02-02T00:00:00Z,11834.573289613016
662,2021-02-03T00:00:00Z,11834.573289613016
663,2021-02-04T00:00:00Z,11834.573289613016
664,2021-02-05T00:00:00Z,11834.573289613016
665,2021-02-07T00:00:00Z,11834.573289613016
666,2021-02-08T00:00:00Z,11834.573289613016
667,2021-02-09T00:00:00Z,11834.573289613016
668,2021-02-10T00:00:00Z,11834.573289613016
669,2021-02-11T00:00:00Z,11834.573289613016
670,2021-02-12T00:00:00Z,11834.573289613016
671,2021-02-14T00:00:00Z,11834.573289613016
672,2021-02-15T00:00:00Z,11834.573289613016
673,2021-02-16T00:00:00Z,11834.573289613016
674,2021-02-17T00:00:00Z,11834.573289613016
675,2021-02-18T00:00:00Z,11834.573289613016
676,2021-02-19T00:00:00Z,11868.336016607407
677,2021-02-21T00:00:00Z,11866.116113875314
678,2021-02-22T00:00:00Z,11961.46622170141
679,2021-02-23T00:00:00Z,11944.975515691576
680,2021-02-24T00:00:00Z,11935.673066147567
681,2021-02-25T00:00:00Z,11925.512347661148
682,2021-02-26T00:00:00Z,11925.512347661148
683,2021-02-28T00:00:00Z,11925.512347661148
684,2021-03-01T00:00:00Z,11925.512347661148
685,2021-03-02T00:00:00Z,11925.512347661148
686,2021-03-03T00:00:00Z,11925.512347661148
687,2021-03-04T00:00:00Z,11875.475560921963
688,2021-03-05T00:00:00Z,11892.61903158852
689,2021-03-07T00:00:00Z,11911.066896762315
690,2021-03-08T00:00:00Z,11849.653873737861
691,2021-03-09T00:00:00Z,11932.709197464039
692,2021-03-10T00:00:00Z,11925.407896860104
693,2021-03-11T00:00:00Z,11907.657340618272
694,2021-03-12T00:00:00Z,11918.808925038866
695,2021-03-14T00:00:00Z,11914.69906880874
696,2021-03-15T00:00:00Z,11928.808702617895
697,2021-03-16T00:00:00Z,11931.164671157456
698,2021-03-17T00:00:00Z,11923.766107330639
699,2021-03-18T00:00:00Z,11923.766107330639
700,2021-03-19T00:00:00Z,11923.766107330639
701,2021-03-21T00:00:00Z,11923.766107330639
702,2021-03-22T00:00:00Z,11923.766107330639
703,2021-03-23T00:00:00Z,11923.766107330639
704,2021-03-24T00:00:00Z,11923.766107330639
705,2021-03-25T00:00:00Z,11923.766107330639
706,2021-03-26T00:00:00Z,11923.766107330639
707,2021-03-28T00:00:00Z,11923.766107330639
708,2021-03-29T00:00:00Z,11923.766107330639
709,2021-03-30T00:00:00Z,11923.766107330639
710,2021-03-31T00:00:00Z,11923.766107330639
711,2021-04-01T00:00:00Z,11923.766107330639
712,2021-04-02T00:00:00Z,11923.766107330639
713,2021-04-04T00:00:00Z,11923.766107330639
714,2021-04-05T00:00:00Z,11923.766107330639
715,2021-04-06T00:00:00Z,11923.766107330639
716,2021-04-07T00:00:00Z,11923.766107330639
717,2021-04-08T00:00:00Z,11923.766107330639
718,2021-04-09T00:00:00Z,11923.766107330639
719,2021-04-11T00:00:00Z,11923.766107330639
720,2021-04-12T00:00:00Z,11923.766107330639
721,2021-04-13T00:00:00Z,11974.514228471335
722,2021-04-14T00:00:00Z,11931.844032660645
723,2021-04-15T00:00:00Z,12048.193996012315
724,2021-04-16T00:00:00Z,12101.585131911575
725,2021-04-18T00:00:00Z,12103.293648260353
726,2021-04-19T00:00:00Z,12091.188546582833
727,2021-04-20T00:00:00Z,12091.188546582833
728,2021-04-21T00:00:00Z,12091.188546582833
729,2021-04-22T00:00:00Z,12091.188546582833
730,2021-04-23T00:00:00Z,12091.188546582833
731,2021-04-25T00:00:00Z,12091.188546582833
732,2021-04-26T00:00:00Z,12091.188546582833
733,2021-04-27T00:00:00Z,12091.188546582833
734,2021-04-28T00:00:00Z,12115.495687342123
735,2021-04-29T00:00:00Z,12069.02195886509
736,2021-04-30T00:00:00Z,12050.267111511532
737,2021-05-02T00:00:00Z,12051.267950233416
738,2021-05-03T00:00:00Z,12153.266470411474
739,2021-05-04T00:00:00Z,12140.831098202623
740,2021-05-05T00:00:00Z,12140.831098202623
741,2021-05-06T00:00:00Z,12140.831098202623
742,2021-05-07T00:00:00Z,12140.831098202623
743,2021-05-09T00:00:00Z,12140.831098202623
744,2021-05-10T00:00:00Z,12140.831098202623
745,2021-05-11T00:00:00Z,12140.831098202623
746,2021-05-12T00:00:00Z,12140.831098202623
747,2021-05-13T00:00:00Z,12140.831098202623
748,2021-05-14T00:00:00Z,12140.831098202623
749,2021-05-16T00:00:00Z,12140.831098202623
750,2021-05-17T00:00:00Z,12140.831098202623
751,2021-05-18T00:00:00Z,12140.831098202623
752,2021-05-19T00:00:00Z,12140.831098202623
753,2021-05-20T00:00:00Z,12140.831098202623
754,2021-05-21T00:00:00Z,12140.831098202623
755,2021-05-23T00:00:00Z,12140.831098202623
756,2021-05-24T00:00:00Z,12140.831098202623
757,2021-05-25T00:00:00Z,12140.831098202623
758,2021-05-26T00:00:00Z,12140.831098202623
759,2021-05-27T00:00:00Z,12140.831098202623
760,2021-05-28T00:00:00Z,12140.831098202623
761,2021-05-30T00:00:00Z,12140.831098202623
762,2021-05-31T00:00:00Z,12140.831098202623
763,2021-06-01T00:00:00Z,12140.831098202623
764,2021-06-02T00:00:00Z,12140.831098202623
765,2021-06-03T00:00:00Z,12140.831098202623
766,2021-06-04T00:00:00Z,12140.831098202623
767,2021-06-06T00:00:00Z,12140.831098202623
768,2021-06-07T00:00:00Z,12140.831098202623
769,2021-06-08T00:00:00Z,12140.831098202623
770,2021-06-09T00:00:00Z,12140.831098202623
771,2021-06-10T00:00:00Z,12140.831098202623
772,2021-06-11T00:00:00Z,12140.831098202623
773,2021-06-13T00:00:00Z,12140.831098202623
774,2021-06-14T00:00:00Z,12140.831098202623
775,2021-06-15T00:00:00Z,12140.831098202623
776,2021-06-16T00:00:00Z,12140.831098202623
777,2021-06-17T00:00:00Z,12140.831098202623
778,2021-06-18T00:00:00Z,12140.831098202623
779,2021-06-20T00:00:00Z,12140.831098202623
780,2021-06-21T00:00:00Z,12140.831098202623
781,2021-06-22T00:00:00Z,12140.831098202623
782,2021-06-23T00:00:00Z,12140.831098202623
783,2021-06-24T00:00:00Z,12140.831098202623
784,2021-06-25T00:00:00Z,12140.831098202623
785,2021-06-27T00:00:00Z,12140.831098202623
786,2021-06-28T00:00:00Z,12140.831098202623
787,2021-06-29T00:00:00Z,12140.831098202623
788,2021-06-30T00:00:00Z,12140.831098202623
789,2021-07-01T00:00:00Z,12140.831098202623
790,2021-07-02T00:00:00Z,12140.831098202623
791,2021-07-04T00:00:00Z,12140.831098202623
792,2021-07-05T00:00:00Z,12140.831098202623
793,2021-07-06T00:00:00Z,12140.831098202623
794,2021-07-07T00:00:00Z,12140.831098202623
795,2021-07-08T00:00:00Z,12140.831098202623
796,2021-07-09T00:00:00Z,12140.831098202623
797,2021-07-11T00:00:00Z,12140.831098202623
798,2021-07-12T00:00:00Z,12140.831098202623
799,2021-07-13T00:00:00Z,12140.831098202623
800,2021-07-14T00:00:00Z,12140.831098202623
801,2021-07-15T00:00:00Z,12140.831098202623
802,2021-07-16T00:00:00Z,12140.831098202623
803,2021-07-18T00:00:00Z,12140.831098202623
804,2021-07-19T00:00:00Z,12140.831098202623
805,2021-07-20T00:00:00Z,12140.831098202623
806,2021-07-21T00:00:00Z,12140.831098202623
807,2021-07-22T00:00:00Z,12140.831098202623
808,2021-07-23T00:00:00Z,12140.831098202623
809,2021-07-25T00:00:00Z,12140.831098202623
810,2021-07-26T00:00:00Z,12140.831098202623
811,2021-07-27T00:00:00Z,12140.831098202623
812,2021-07-28T00:00:00Z,12140.831098202623
813,2021-07-29T00:00:00Z,12140.831098202623
814,2021-07-30T00:00:00Z,12140.831098202623
815,2021-08-01T00:00:00Z,12140.831098202623
816,2021-08-02T00:00:00Z,12140.831098202623
817,2021-08-03T00:00:00Z,12140.831098202623
818,2021-08-04T00:00:00Z,12140.831098202623
819,2021-08-05T00:00:00Z,12140.831098202623
820,2021-08-06T00:00:00Z,12009.922313754909
821,2021-08-08T00:00:00Z,12009.922313754909
822,2021-08-09T00:00:00Z,12044.64277948355
823,2021-08-10T00:00:00Z,12028.144331398444
824,2021-08-11T00:00:00Z,12119.459654930366
825,2021-08-12T00:00:00Z,12123.22560503675
826,2021-08-13T00:00:00Z,12216.908097206971
827,2021-08-15T00:00:00Z,12207.946121915382
828,2021-08-16T00:00:00Z,12207.946121915382
829,2021-08-17T00:00:00Z,12207.946121915382
830,2021-08-18T00:00:00Z,12207.946121915382
831,2021-08-19T00:00:00Z,12207.946121915382
832,2021-08-20T00:00:00Z,12205.884218393065
833,2021-08-22T00:00:00Z,12198.543277907831
834,2021-08-23T00:00:00Z,12275.578930469743
835,2021-08-24T00:00:00Z,12266.852350615809
836,2021-08-25T00:00:00Z,12236.663101391394
837,2021-08-26T00:00:00Z,12228.242248889845
838,2021-08-27T00:00:00Z,12228.242248889845
839,2021-08-29T00:00:00Z,12228.242248889845
840,2021-08-30T00:00:00Z,12228.242248889845
841,2021-08-31T00:00:00Z,12228.242248889845
842,2021-09-01T00:00:00Z,12228.242248889845
843,2021-09-02T00:00:00Z,12228.242248889845
844,2021-09-03T00:00:00Z,12228.242248889845
845,2021-09-05T00:00:00Z,12228.242248889845
846,2021-09-06T00:00:00Z,12228.242248889845
847,2021-09-07T00:00:00Z,12228.242248889845
848,2021-09-08T00:00:00Z,12228.242248889845
849,2021-09-09T00:00:00Z,12228.242248889845
850,2021-09-10T00:00:00Z,12228.242248889845
851,2021-09-12T00:00:00Z,12228.242248889845
852,2021-09-13T00:00:00Z,12228.242248889845
853,2021-09-14T00:00:00Z,12228.242248889845
854,2021-09-15T00:00:00Z,12228.242248889845
855,2021-09-16T00:00:00Z,12228.242248889845
856,2021-09-17T00:00:00Z,12228.242248889845
857,2021-09-19T00:00:00Z,12217.292664464587
858,2021-09-20T00:00:00Z,12263.455984890343
859,2021-09-21T00:00:00Z,12305.900593392913
860,2021-09-22T00:00:00Z,12271.91926030173
861,2021-09-23T00:00:00Z,12183.268587558197
862,2021-09-24T00:00:00Z,12171.350855504737
863,2021-09-26T00:00:00Z,12171.350855504737
864,2021-09-27T00:00:00Z,12171.350855504737
865,2021-09-28T00:00:00Z,12171.350855504737
866,2021-09-29T00:00:00Z,12171.350855504737
867,2021-09-30T00:00:00Z,12248.982937358565
868,2021-10-01T00:00:00Z,12274.55260170595
869,2021-10-03T00:00:00Z,12285.083408461149
870,2021-10-04T00:00:00Z,12303.079547402398
871,2021-10-05T00:00:00Z,12271.414998323407
872,2021-10-06T00:00:00Z,12261.288490229026
873,2021-10-07T00:00:00Z,12261.288490229026
874,2021-10-08T00:00:00Z,12261.288490229026
875,2021-10-10T00:00:00Z,12261.288490229026
876,2021-10-11T00:00:00Z,12246.151985378394
877,2021-10-12T00:00:00Z,12277.689339470304
878,2021-10-13T00:00:00Z,12415.70385828651
879,2021-10-14T00:00:00Z,12432.200320426895
880,2021-10-15T00:00:00Z,12307.682906998276
881,2021-10-17T00:00:00Z,12292.55903987116
882,2021-10-18T00:00:00Z,12248.276194216987
883,2021-10-19T00:00:00Z,12269.102323000245
884,2021-10-20T00:00:00Z,12327.661569141354
885,2021-10-21T00:00:00Z,12342.016559440535
886,2021-10-22T00:00:00Z,12379.476248411735
887,2021-10-24T00:00:00Z,12365.49572407564
888,2021-10-25T00:00:00Z,12365.49572407564
889,2021-10-26T00:00:00Z,12365.49572407564
890,2021-10-27T00:00:00Z,12365.49572407564
891,2021-10-28T00:00:00Z,12365.49572407564
892,2021-10-29T00:00:00Z,12365.49572407564
893,2021-10-31T00:00:00Z,12365.49572407564
894,2021-11-01T00:00:00Z,12365.49572407564
895,2021-11-02T00:00:00Z,12365.49572407564
896,2021-11-03T00:00:00Z,12365.49572407564
897,2021-11-04T00:00:00Z,12365.49572407564
898,2021-11-05T00:00:00Z,12365.49572407564
899,2021-11-07T00:00:00Z,12365.49572407564
900,2021-11-08T00:00:00Z,12365.49572407564
901,2021-11-09T00:00:00Z,12365.49572407564
902,2021-11-10T00:00:00Z,12365.49572407564
903,2021-11-11T00:00:00Z,12365.49572407564
904,2021-11-12T00:00:00Z,12365.49572407564
905,2021-11-14T00:00:00Z,12365.49572407564
906,2021-11-15T00:00:00Z,12365.49572407564
907,2021-11-16T00:00:00Z,12365.49572407564
908,2021-11-17T00:00:00Z,12365.49572407564
909,2021-11-18T00:00:00Z,12365.49572407564
910,2021-11-19T00:00:00Z,12365.49572407564
911,2021-11-21T00:00:00Z,12365.49572407564
912,2021-11-22T00:00:00Z,12365.49572407564
913,2021-11-23T00:00:00Z,12365.49572407564
914,2021-11-24T00:00:00Z,12365.49572407564
915,2021-11-25T00:00:00Z,12365.49572407564
916,2021-11-26T00:00:00Z,12365.49572407564
917,2021-11-28T00:00:00Z,12365.49572407564
918,2021-11-29T00:00:00Z,12365.49572407564
919,2021-11-30T00:00:00Z,12365.49572407564
920,2021-12-01T00:00:00Z,12365.49572407564
921,2021-12-02T00:00:00Z,12365.49572407564
922,2021-12-03T00:00:00Z,12365.49572407564
923,2021-12-05T00:00:00Z,12365.49572407564
924,2021-12-06T00:00:00Z,12365.49572407564
925,2021-12-07T00:00:00Z,12365.49572407564
926,2021-12-08T00:00:00Z,12365.49572407564
927,2021-12-09T00:00:00Z,12322.965644289976
928,2021-12-10T00:00:00Z,12350.57014485676
929,2021-12-12T00:00:00Z,12352.42732838113
930,2021-12-13T00:00:00Z,12362.895090063948
931,2021-12-14T00:00:00Z,12306.757497168193
932,2021-12-15T00:00:00Z,12294.822628815933
933,2021-12-16T00:00:00Z,12372.278246003287
934,2021-12-17T00:00:00Z,12369.07447112437
935,2021-12-19T00:00:00Z,12378.544452751754
936,2021-12-20T00:00:00Z,12338.450152428846
937,2021-12-21T00:00:00Z,12333.220461082381
938,2021-12-22T00:00:00Z,12319.771179959598
939,2021-12-23T00:00:00Z,12319.771179959598
940,2021-12-26T00:00:00Z,12319.771179959598
941,2021-12-27T00:00:00Z,12319.771179959598
942,2021-12-28T00:00:00Z,12319.771179959598
943,2021-12-29T00:00:00Z,12319.771179959598
944,2021-12-30T00:00:00Z,12319.771179959598
945,2021-12-31T00:00:00Z,12319.771179959598
946,2022-01-02T00:00:00Z,12298.402618059199
947,2022-01-03T00:00:00Z,12187.078418377987
948,2022-01-04T00:00:00Z,12187.078418377987
949,2022-01-05T00:00:00Z,12187.078418377987
950,2022-01-06T00:00:00Z,12187.078418377987
951,2022-01-07T00:00:00Z,12187.078418377987
952,2022-01-09T00:00:00Z,12187.078418377987
953,2022-01-10T00:00:00Z,12187.078418377987
954,2022-01-11T00:00:00Z,12187.078418377987
955,2022-01-12T00:00:00Z,12187.078418377987
956,2022-01-13T00:00:00Z,12187.078418377987
957,2022-01-14T00:00:00Z,12187.078418377987
958,2022-01-16T00:00:00Z,12187.078418377987
959,2022-01-17T00:00:00Z,12186.103766120115
960,2022-01-18T00:00:00Z,12160.867754419476
961,2022-01-19T00:00:00Z,12288.204463458953
962,2022-01-20T00:00:00Z,12290.412614482759
963,2022-01-21T00:00:00Z,12267.33217878155
964,2022-01-23T00:00:00Z,12245.362451352168
965,2022-01-24T00:00:00Z,12245.362451352168
966,2022-01-25T00:00:00Z,12245.362451352168
967,2022-01-26T00:00:00Z,12245.362451352168
968,2022-01-27T00:00:00Z,12245.362451352168
969,2022-01-28T00:00:00Z,12245.362451352168
970,2022-01-30T00:00:00Z,12228.077677661699
971,2022-01-31T00:00:00Z,12267.018229955127
972,2022-02-01T00:00:00Z,12280.972713585701
973,2022-02-02T00:00:00Z,12314.35032983721
974,2022-02-03T00:00:00Z,12304.35590237207
975,2022-02-04T00:00:00Z,12290.696196930903
976,2022-02-06T00:00:00Z,12287.521899794549
977,2022-02-07T00:00:00Z,12344.964718137817
978,2022-02-08T00:00:00Z,12363.649204504683
979,2022-02-09T00:00:00Z,12395.556558146565
980,2022-02-10T00:00:00Z,12367.62564647507
981,2022-02-11T00:00:00Z,12353.688975911109
982,2022-02-13T00:00:00Z,12336.225850930245
983,2022-02-14T00:00:00Z,12389.57530403109
984,2022-02-15T00:00:00Z,12305.14034282424
985,2022-02-16T00:00:00Z,12384.627760698902
986,2022-02-17T00:00:00Z,12524.605897050116
987,2022-02-18T00:00:00Z,12510.515876750036
988,2022-02-20T00:00:00Z,12510.515876750036
989,2022-02-21T00:00:00Z,12517.274307982709
990,2022-02-22T00:00:00Z,12469.423703882649
991,2022-02-23T00:00:00Z,12522.539148185377
992,2022-02-24T00:00:00Z,12504.834000084467
993,2022-02-25T00:00:00Z,12430.277069472484
994,2022-02-27T00:00:00Z,12555.227631120475
995,2022-02-28T00:00:00Z,12536.600630462028
996,2022-03-01T00:00:00Z,12633.481471811072
997,2022-03-02T00:00:00Z,12597.151156305179
998,2022-03-03T00:00:00Z,12613.576666433679
999,2022-03-04T00:00:00Z,12709.594426790749
1000,2022-03-06T00:00:00Z,12717.231481669147
1001,2022-03-07T00:00:00Z,12717.231481669147
1002,2022-03-08T00:00:00Z,12717.231481669147
1003,2022-03-09T00:00:00Z,12717.231481669147
1004,2022-03-10T00:00:00Z,12717.231481669147
1005,2022-03-11T00:00:00Z,12717.231481669147
1006,2022-03-13T00:00:00Z,12717.231481669147
1007,2022-03-14T00:00:00Z,12717.231481669147
1008,2022-03-15T00:00:00Z,12639.496034421602
1009,2022-03-16T00:00:00Z,12658.342678808212
1010,2022-03-17T00:00:00Z,12693.570442040831
1011,2022-03-18T00:00:00Z,12646.161311094915
1012,2022-03-20T00:00:00Z,12641.710828551293
1013,2022-03-21T00:00:00Z,12635.39556666977
1014,2022-03-22T00:00:00Z,12635.39556666977
1015,2022-03-23T00:00:00Z,12687.930491994895
1016,2022-03-24T00:00:00Z,12717.387301337867
1017,2022-03-25T00:00:00Z,12714.854105405024
1018,2022-03-27T00:00:00Z,12712.836515723999
1019,2022-03-28T00:00:00Z,12638.58921546226
1020,2022-03-29T00:00:00Z,12631.796673646508
1021,2022-03-30T00:00:00Z,12631.796673646508
1022,2022-03-31T00:00:00Z,12631.796673646508
1023,2022-04-01T00:00:00Z,12631.796673646508
1024,2022-04-03T00:00:00Z,12631.796673646508
1025,2022-04-04T00:00:00Z,12631.796673646508
1026,2022-04-05T00:00:00Z,12631.796673646508
1027,2022-04-06T00:00:00Z,12631.796673646508
1028,2022-04-07T00:00:00Z,12631.796673646508
1029,2022-04-08T00:00:00Z,12631.796673646508
1030,2022-04-10T00:00:00Z,12631.796673646508
1031,2022-04-11T00:00:00Z,12631.796673646508
1032,2022-04-12T00:00:00Z,12631.796673646508
1033,2022-04-13T00:00:00Z,12631.796673646508
1034,2022-04-14T00:00:00Z,12631.796673646508
1035,2022-04-17T00:00:00Z,12631.796673646508
1036,2022-04-18T00:00:00Z,12631.796673646508
1037,2022-04-19T00:00:00Z,12631.796673646508
1038,2022-04-20T00:00:00Z,12631.796673646508
1039,2022-04-21T00:00:00Z,12631.796673646508
1040,2022-04-22T00:00:00Z,12631.796673646508
1041,2022-04-24T00:00:00Z,12631.796673646508
1042,2022-04-25T00:00:00Z,12631.796673646508
1043,2022-04-26T00:00:00Z,12631.796673646508
1044,2022-04-27T00:00:00Z,12631.796673646508
1045,2022-04-28T00:00:00Z,12631.796673646508
1046,2022-04-29T00:00:00Z,12631.796673646508
1047,2022-05-01T00:00:00Z,12631.796673646508
1048,2022-05-02T00:00:00Z,12631.796673646508
1049,2022-05-03T00:00:00Z,12631.796673646508
1050,2022-05-04T00:00:00Z,12631.796673646508
1051,2022-05-05T00:00:00Z,12631.796673646508
1052,2022-05-06T00:00:00Z,12631.796673646508
1053,2022-05-08T00:00:00Z,12631.796673646508
1054,2022-05-09T00:00:00Z,12631.796673646508
1055,2022-05-10T00:00:00Z,12631.796673646508
1056,2022-05-11T00:00:00Z,12631.796673646508
1057,2022-05-12T00:00:00Z,12631.796673646508
1058,2022-05-13T00:00:00Z,12631.796673646508
1059,2022-05-15T00:00:00Z,12631.796673646508
1060,2022-05-16T00:00:00Z,12631.796673646508
1061,2022-05-17T00:00:00Z,12631.796673646508
1062,2022-05-18T00:00:00Z,12631.796673646508
1063,2022-05-19T00:00:00Z,12631.796673646508
1064,2022-05-20T00:00:00Z,12631.796673646508
1065,2022-05-22T00:00:00Z,12631.796673646508
1066,2022-05-23T00:00:00Z,12631.796673646508
1067,2022-05-24T00:00:00Z,12631.796673646508
1068,2022-05-25T00:00:00Z,12631.796673646508
1069,2022-05-26T00:00:00Z,12631.796673646508
1070,2022-05-27T00:00:00Z,12631.796673646508
1071,2022-05-29T00:00:00Z,12631.796673646508
1072,2022-05-30T00:00:00Z,12631.796673646508
1073,2022-05-31T00:00:00Z,12631.796673646508
1074,2022-06-01T00:00:00Z,12631.796673646508
1075,2022-06-02T00:00:00Z,12631.796673646508
1076,2022-06-03T00:00:00Z,12631.796673646508
1077,2022-06-05T00:00:00Z,12631.796673646508
1078,2022-06-06T00:00:00Z,12631.796673646508
1079,2022-06-07T00:00:00Z,12631.796673646508
1080,2022-06-08T00:00:00Z,12631.796673646508
1081,2022-06-09T00:00:00Z,12590.349281813365
1082,2022-06-10T00:00:00Z,12496.791501084233
1083,2022-06-12T00:00:00Z,12496.791501084233
1084,2022-06-13T00:00:00Z,12496.791501084233
1085,2022-06-14T00:00:00Z,12496.791501084233
1086,2022-06-15T00:00:00Z,12496.791501084233
1087,2022-06-16T00:00:00Z,12496.791501084233
1088,2022-06-17T00:00:00Z,12496.791501084233
1089,2022-06-19T00:00:00Z,12496.791501084233
1090,2022-06-20T00:00:00Z,12496.791501084233
1091,2022-06-21T00:00:00Z,12496.791501084233
1092,2022-06-22T00:00:00Z,12496.791501084233
1093,2022-06-23T00:00:00Z,12496.791501084233
1094,2022-06-24T00:00:00Z,12496.791501084233
1095,2022-06-26T00:00:00Z,12496.791501084233
1096,2022-06-27T00:00:00Z,12496.791501084233
1097,2022-06-28T00:00:00Z,12496.791501084233
1098,2022-06-29T00:00:00Z,12496.791501084233
1099,2022-06-30T00:00:00Z,12496.791501084233
1100,2022-07-01T00:00:00Z,12496.791501084233
1101,2022-07-03T00:00:00Z,12496.791501084233
1102,2022-07-04T00:00:00Z,12496.791501084233
1103,2022-07-05T00:00:00Z,12496.791501084233
1104,2022-07-06T00:00:00Z,12496.791501084233
1105,2022-07-07T00:00:00Z,12496.791501084233
1106,2022-07-08T00:00:00Z,12496.791501084233
1107,2022-07-10T00:00:00Z,12486.190455278878
1108,2022-07-11T00:00:00Z,12451.023199502744
1109,2022-07-12T00:00:00Z,12419.1226268893
1110,2022-07-13T00:00:00Z,12364.853962732663
1111,2022-07-14T00:00:00Z,12234.517771753064
1112,2022-07-15T00:00:00Z,12210.221522284517
1113,2022-07-17T00:00:00Z,12219.856960576133
1114,2022-07-18T00:00:00Z,12212.42593990105
1115,2022-07-19T00:00:00Z,12218.399200539394
1116,2022-07-20T00:00:00Z,12166.73760704228
1117,2022-07-21T00:00:00Z,12157.396850248813
1118,2022-07-22T00:00:00Z,12157.396850248813
1119,2022-07-24T00:00:00Z,12157.396850248813
1120,2022-07-25T00:00:00Z,12157.396850248813
1121,2022-07-26T00:00:00Z,12157.396850248813
1122,2022-07-27T00:00:00Z,12157.396850248813
1123,2022-07-28T00:00:00Z,12157.396850248813
1124,2022-07-29T00:00:00Z,12157.396850248813
1125,2022-07-31T00:00:00Z,12157.396850248813
1126,2022-08-01T00:00:00Z,12190.394487021944
1127,2022-08-02T00:00:00Z,12120.271404131787
1128,2022-08-03T00:00:00Z,12151.377284490753
1129,2022-08-04T00:00:00Z,12284.925796841173
1130,2022-08-05T00:00:00Z,12202.845829304362
1131,2022-08-07T00:00:00Z,12181.388026727675
1132,2022-08-08T00:00:00Z,12181.388026727675
1133,2022-08-09T00:00:00Z,12181.388026727675
1134,2022-08-10T00:00:00Z,12181.388026727675
1135,2022-08-11T00:00:00Z,12181.388026727675
1136,2022-08-12T00:00:00Z,12181.388026727675
1137,2022-08-14T00:00:00Z,12181.388026727675
1138,2022-08-15T00:00:00Z,12181.388026727675
1139,2022-08-16T00:00:00Z,12181.388026727675
1140,2022-08-17T00:00:00Z,12181.388026727675
1141,2022-08-18T00:00:00Z,12181.388026727675
1142,2022-08-19T00:00:00Z,12181.388026727675
1143,2022-08-21T00:00:00Z,12181.388026727675
1144,2022-08-22T00:00:00Z,12181.388026727675
1145,2022-08-23T00:00:00Z,12181.388026727675
1146,2022-08-24T00:00:00Z,12181.388026727675
1147,2022-08-25T00:00:00Z,12181.388026727675
1148,2022-08-26T00:00:00Z,12181.388026727675
1149,2022-08-28T00:00:00Z,12181.388026727675
1150,2022-08-29T00:00:00Z,12181.388026727675
1151,2022-08-30T00:00:00Z,12181.388026727675
1152,2022-08-31T00:00:00Z,12181.388026727675
1153,2022-09-01T00:00:00Z,12181.388026727675
1154,2022-09-02T00:00:00Z,12241.375729021283
1155,2022-09-04T00:00:00Z,12219.208739650758
1156,2022-09-05T00:00:00Z,12246.580556714152
1157,2022-09-06T00:00:00Z,12198.528843906766
1158,2022-09-07T00:00:00Z,12259.45321091884
1159,2022-09-08T00:00:00Z,12246.8178447622
1160,2022-09-09T00:00:00Z,12246.8178447622
1161,2022-09-11T00:00:00Z,12246.8178447622
1162,2022-09-12T00:00:00Z,12246.8178447622
1163,2022-09-13T00:00:00Z,12246.8178447622
1164,2022-09-14T00:00:00Z,12246.8178447622
1165,2022-09-15T00:00:00Z,12246.8178447622
1166,2022-09-16T00:00:00Z,12246.8178447622
1167,2022-09-18T00:00:00Z,12246.8178447622
1168,2022-09-19T00:00:00Z,12246.8178447622
1169,2022-09-20T00:00:00Z,12246.8178447622
1170,2022-09-21T00:00:00Z,12246.8178447622
1171,2022-09-22T00:00:00Z,12246.8178447622
1172,2022-09-23T00:00:00Z,12246.8178447622
1173,2022-09-25T00:00:00Z,12246.8178447622
1174,2022-09-26T00:00:00Z,12246.8178447622
1175,2022-09-27T00:00:00Z,12246.8178447622
1176,2022-09-28T00:00:00Z,12332.564443318019
1177,2022-09-29T00:00:00Z,12361.945282299896
1178,2022-09-30T00:00:00Z,12350.26248715444
1179,2022-10-02T00:00:00Z,12360.65878402495
1180,2022-10-03T00:00:00Z,12488.891368835797
1181,2022-10-04T00:00:00Z,12479.518787320972
1182,2022-10-05T00:00:00Z,12479.518787320972
1183,2022-10-06T00:00:00Z,12479.518787320972
1184,2022-10-07T00:00:00Z,12479.518787320972
1185,2022-10-09T00:00:00Z,12479.518787320972
1186,2022-10-10T00:00:00Z,12479.518787320972
1187,2022-10-11T00:00:00Z,12479.518787320972
1188,2022-10-12T00:00:00Z,12479.518787320972
1189,2022-10-13T00:00:00Z,12479.518787320972
1190,2022-10-14T00:00:00Z,12479.518787320972
1191,2022-10-16T00:00:00Z,12479.518787320972
1192,2022-10-17T00:00:00Z,12479.518787320972
1193,2022-10-18T00:00:00Z,12479.518787320972
1194,2022-10-19T00:00:00Z,12479.518787320972
1195,2022-10-20T00:00:00Z,12479.518787320972
1196,2022-10-21T00:00:00Z,12583.467458545478
1197,2022-10-23T00:00:00Z,12598.68661359816
1198,2022-10-24T00:00:00Z,12563.087352398195
1199,2022-10-25T00:00:00Z,12566.741456457874
1200,2022-10-26T00:00:00Z,12622.532467925756
1201,2022-10-27T00:00:00Z,12612.567146960682
1202,2022-10-28T00:00:00Z,12612.567146960682
1203,2022-10-30T00:00:00Z,12612.567146960682
1204,2022-10-31T00:00:00Z,12558.320112729612
1205,2022-11-01T00:00:00Z,12615.479166312729
1206,2022-11-02T00:00:00Z,12563.153268203796
1207,2022-11-03T00:00:00Z,12547.455498771116
1208,2022-11-04T00:00:00Z,12752.44520037039
1209,2022-11-06T00:00:00Z,12716.471823779832
1210,2022-11-07T00:00:00Z,12716.471823779832
1211,2022-11-08T00:00:00Z,12716.471823779832
1212,2022-11-09T00:00:00Z,12716.471823779832
1213,2022-11-10T00:00:00Z,12716.471823779832
1214,2022-11-11T00:00:00Z,12716.471823779832
1215,2022-11-13T00:00:00Z,12716.471823779832
1216,2022-11-14T00:00:00Z,12716.471823779832
1217,2022-11-15T00:00:00Z,12716.471823779832
1218,2022-11-16T00:00:00Z,12716.471823779832
1219,2022-11-17T00:00:00Z,12716.471823779832
1220,2022-11-18T00:00:00Z,12716.471823779832
1221,2022-11-20T00:00:00Z,12708.853108055702
1222,2022-11-21T00:00:00Z,12661.779429521966
1223,2022-11-22T00:00:00Z,12671.1259425062
1224,2022-11-23T00:00:00Z,12708.853108055702
1225,2022-11-24T00:00:00Z,12719.188850516372
1226,2022-11-25T00:00:00Z,12709.648210184563
1227,2022-11-27T00:00:00Z,12709.648210184563
1228,2022-11-28T00:00:00Z,12709.648210184563
1229,2022-11-29T00:00:00Z,12709.648210184563
1230,2022-11-30T00:00:00Z,12709.648210184563
1231,2022-12-01T00:00:00Z,12709.648210184563
1232,2022-12-02T00:00:00Z,12709.648210184563
1233,2022-12-04T00:00:00Z,12709.648210184563
1234,2022-12-05T00:00:00Z,12709.648210184563
1235,2022-12-06T00:00:00Z,12709.648210184563
1236,2022-12-07T00:00:00Z,12709.648210184563
1237,2022-12-08T00:00:00Z,12709.648210184563
1238,2022-12-09T00:00:00Z,12709.648210184563
1239,2022-12-11T00:00:00Z,12709.648210184563
1240,2022-12-12T00:00:00Z,12709.648210184563
1241,2022-12-13T00:00:00Z,12709.648210184563
1242,2022-12-14T00:00:00Z,12709.648210184563
1243,2022-12-15T00:00:00Z,12709.648210184563
1244,2022-12-16T00:00:00Z,12709.648210184563
1245,2022-12-18T00:00:00Z,12709.648210184563
1246,2022-12-19T00:00:00Z,12709.648210184563
1247,2022-12-20T00:00:00Z,12709.648210184563
1248,2022-12-21T00:00:00Z,12709.648210184563
1249,2022-12-22T00:00:00Z,12709.648210184563
1250,2022-12-23T00:00:00Z,12709.648210184563
1251,2022-12-26T00:00:00Z,12709.648210184563
1252,2022-12-27T00:00:00Z,12709.648210184563
1253,2022-12-28T00:00:00Z,12709.648210184563
1254,2022-12-29T00:00:00Z,12709.648210184563
1255,2022-12-30T00:00:00Z,12709.648210184563
1256,2023-01-02T00:00:00Z,12709.648210184563
1257,2023-01-03T00:00:00Z,12709.648210184563
1258,2023-01-04T00:00:00Z,12709.648210184563
1259,2023-01-05T00:00:00Z,12709.648210184563
1260,2023-01-06T00:00:00Z,12709.648210184563
1261,2023-01-08T00:00:00Z,12709.648210184563
1262,2023-01-09T00:00:00Z,12709.648210184563
1263,2023-01-10T00:00:00Z,12709.648210184563
1264,2023-01-11T00:00:00Z,12709.648210184563
1265,2023-01-12T00:00:00Z,12709.648210184563
1266,2023-01-13T00:00:00Z,12709.648210184563
1267,2023-01-15T00:00:00Z,12709.648210184563
1268,2023-01-16T00:00:00Z,12709.648210184563
1269,2023-01-17T00:00:00Z,12709.648210184563
1270,2023-01-18T00:00:00Z,12709.648210184563
1271,2023-01-19T00:00:00Z,12709.648210184563
1272,2023-01-20T00:00:00Z,12677.004679326425
1273,2023-01-22T00:00:00Z,12681.168629979791
1274,2023-01-23T00:00:00Z,12696.613101494098
1275,2023-01-24T00:00:00Z,12718.189936697909
1276,2023-01-25T00:00:00Z,12761.04077433074
1277,2023-01-26T00:00:00Z,12749.433351678557
1278,2023-01-27T00:00:00Z,12749.433351678557
1279,2023-01-29T00:00:00Z,12749.433351678557
1280,2023-01-30T00:00:00Z,12749.433351678557
1281,2023-01-31T00:00:00Z,12749.433351678557
1282,2023-02-01T00:00:00Z,12749.433351678557
1283,2023-02-02T00:00:00Z,12749.433351678557
1284,2023-02-03T00:00:00Z,12749.433351678557
1285,2023-02-05T00:00:00Z,12749.433351678557
1286,2023-02-06T00:00:00Z,12749.433351678557
1287,2023-02-07T00:00:00Z,12749.433351678557
1288,2023-02-08T00:00:00Z,12749.433351678557
1289,2023-02-09T00:00:00Z,12749.433351678557
1290,2023-02-10T00:00:00Z,12749.433351678557
1291,2023-02-12T00:00:00Z,12749.433351678557
1292,2023-02-13T00:00:00Z,12749.433351678557
1293,2023-02-14T00:00:00Z,12749.433351678557
1294,2023-02-15T00:00:00Z,12749.433351678557
1295,2023-02-16T00:00:00Z,12749.433351678557
1296,2023-02-17T00:00:00Z,12749.433351678557
1297,2023-02-19T00:00:00Z,12749.433351678557
1298,2023-02-20T00:00:00Z,12749.433351678557
1299,2023-02-21T00:00:00Z,12749.433351678557
1300,2023-02-22T00:00:00Z,12749.433351678557
1301,2023-02-23T00:00:00Z,12749.433351678557
1302,2023-02-24T00:00:00Z,12749.433351678557
1303,2023-02-26T00:00:00Z,12749.433351678557
1304,2023-02-27T00:00:00Z,12749.433351678557
1305,2023-02-28T00:00:00Z,12749.433351678557
1306,2023-03-01T00:00:00Z,12749.433351678557
1307,2023-03-02T00:00:00Z,12749.433351678557
1308,2023-03-03T00:00:00Z,12749.433351678557
1309,2023-03-05T00:00:00Z,12749.433351678557
1310,2023-03-06T00:00:00Z,12749.433351678557
1311,2023-03-07T00:00:00Z,12749.433351678557
1312,2023-03-08T00:00:00Z,12749.433351678557
1313,2023-03-09T00:00:00Z,12749.433351678557
1314,2023-03-10T00:00:00Z,12749.433351678557
1315,2023-03-12T00:00:00Z,12730.924810858118
1316,2023-03-13T00:00:00Z,12885.78433961983
1317,2023-03-14T00:00:00Z,12844.972495260672
1318,2023-03-15T00:00:00Z,12926.866759742696
1319,2023-03-16T00:00:00Z,12927.58829511258
1320,2023-03-17T00:00:00Z,12913.942632402532
1321,2023-03-19T00:00:00Z,12881.9853213154
1322,2023-03-20T00:00:00Z,12880.968214650879
1323,2023-03-21T00:00:00Z,12778.924942855809
1324,2023-03-22T00:00:00Z,12837.215908983386
1325,2023-03-23T00:00:00Z,12890.988107954387
1326,2023-03-24T00:00:00Z,12858.15353657348
1327,2023-03-26T00:00:00Z,12852.366505460204
1328,2023-03-27T00:00:00Z,12808.553960894456
1329,2023-03-28T00:00:00Z,12800.901609516533
1330,2023-03-29T00:00:00Z,12800.901609516533
1331,2023-03-30T00:00:00Z,12831.779674596977
1332,2023-03-31T00:00:00Z,12807.705370721915
1333,2023-04-02T00:00:00Z,12777.409332195599
1334,2023-04-03T00:00:00Z,12848.13394853742
1335,2023-04-04T00:00:00Z,12941.891680506542
1336,2023-04-05T00:00:00Z,12933.774077613743
1337,2023-04-06T00:00:00Z,12933.774077613743
1338,2023-04-07T00:00:00Z,12933.774077613743
1339,2023-04-09T00:00:00Z,12933.774077613743
1340,2023-04-10T00:00:00Z,12933.774077613743
1341,2023-04-11T00:00:00Z,12933.774077613743
1342,2023-04-12T00:00:00Z,12933.774077613743
1343,2023-04-13T00:00:00Z,12933.774077613743
1344,2023-04-14T00:00:00Z,12933.774077613743
1345,2023-04-16T00:00:00Z,12933.774077613743
1346,2023-04-17T00:00:00Z,12933.774077613743
1347,2023-04-18T00:00:00Z,12933.774077613743
1348,2023-04-19T00:00:00Z,12933.774077613743
1349,2023-04-20T00:00:00Z,12933.774077613743
1350,2023-04-21T00:00:00Z,12933.774077613743
1351,2023-04-23T00:00:00Z,12933.774077613743
1352,2023-04-24T00:00:00Z,12933.774077613743
1353,2023-04-25T00:00:00Z,12933.774077613743
1354,2023-04-26T00:00:00Z,12933.774077613743
1355,2023-04-27T00:00:00Z,12933.774077613743
1356,2023-04-28T00:00:00Z,12933.774077613743
1357,2023-04-30T00:00:00Z,12933.774077613743
1358,2023-05-01T00:00:00Z,12933.774077613743
1359,2023-05-02T00:00:00Z,12933.774077613743
1360,2023-05-03T00:00:00Z,12933.774077613743
1361,2023-05-04T00:00:00Z,12933.774077613743
1362,2023-05-05T00:00:00Z,12933.774077613743
1363,2023-05-07T00:00:00Z,12933.774077613743
1364,2023-05-08T00:00:00Z,12933.774077613743
1365,2023-05-09T00:00:00Z,12933.774077613743
1366,2023-05-10T00:00:00Z,12933.774077613743
1367,2023-05-11T00:00:00Z,12933.774077613743
1368,2023-05-12T00:00:00Z,12933.774077613743
1369,2023-05-14T00:00:00Z,12933.774077613743
1370,2023-05-15T00:00:00Z,12933.774077613743
1371,2023-05-16T00:00:00Z,12933.774077613743
1372,2023-05-17T00:00:00Z,12933.774077613743
1373,2023-05-18T00:00:00Z,12933.774077613743
1374,2023-05-19T00:00:00Z,12933.774077613743
1375,2023-05-21T00:00:00Z,12933.774077613743
1376,2023-05-22T00:00:00Z,12933.774077613743
1377,2023-05-23T00:00:00Z,12933.774077613743
1378,2023-05-24T00:00:00Z,12933.774077613743
1379,2023-05-25T00:00:00Z,12933.774077613743
1380,2023-05-26T00:00:00Z,12933.774077613743
1381,2023-05-28T00:00:00Z,12933.774077613743
1382,2023-05-29T00:00:00Z,12933.774077613743
1383,2023-05-30T00:00:00Z,12933.774077613743
1384,2023-05-31T00:00:00Z,12933.774077613743
1385,2023-06-01T00:00:00Z,12933.774077613743
1386,2023-06-02T00:00:00Z,12933.774077613743
1387,2023-06-04T00:00:00Z,12933.774077613743
1388,2023-06-05T00:00:00Z,12933.774077613743
1389,2023-06-06T00:00:00Z,12933.774077613743
1390,2023-06-07T00:00:00Z,12933.774077613743
1391,2023-06-08T00:00:00Z,12933.774077613743
1392,2023-06-09T00:00:00Z,12933.774077613743
1393,2023-06-11T00:00:00Z,12933.774077613743
1394,2023-06-12T00:00:00Z,12933.774077613743
1395,2023-06-13T00:00:00Z,12933.774077613743
1396,2023-06-14T00:00:00Z,12933.774077613743
1397,2023-06-15T00:00:00Z,12933.774077613743
1398,2023-06-16T00:00:00Z,12933.774077613743
1399,2023-06-18T00:00:00Z,12933.774077613743
1400,2023-06-19T00:00:00Z,12933.774077613743
1401,2023-06-20T00:00:00Z,12933.774077613743
1402,2023-06-21T00:00:00Z,12933.774077613743
1403,2023-06-22T00:00:00Z,12933.774077613743
1404,2023-06-23T00:00:00Z,12933.774077613743
1405,2023-06-25T00:00:00Z,12933.774077613743
1406,2023-06-26T00:00:00Z,12933.774077613743
1407,2023-06-27T00:00:00Z,12933.774077613743
1408,2023-06-28T00:00:00Z,12933.774077613743
1409,2023-06-29T00:00:00Z,12915.944052245668
1410,2023-06-30T00:00:00Z,12964.138950275388
1411,2023-07-02T00:00:00Z,12958.98661018328
1412,2023-07-03T00:00:00Z,12972.665389188876
1413,2023-07-04T00:00:00Z,12995.736929778317
1414,2023-07-05T00:00:00Z,12981.951937835094
1415,2023-07-06T00:00:00Z,12981.951937835094
1416,2023-07-07T00:00:00Z,12981.951937835094
1417,2023-07-09T00:00:00Z,12981.951937835094
1418,2023-07-10T00:00:00Z,12981.951937835094
1419,2023-07-11T00:00:00Z,12981.951937835094
1420,2023-07-12T00:00:00Z,12981.951937835094
1421,2023-07-13T00:00:00Z,12981.951937835094
1422,2023-07-14T00:00:00Z,12981.951937835094
1423,2023-07-16T00:00:00Z,12981.951937835094
1424,2023-07-17T00:00:00Z,12981.951937835094
1425,2023-07-18T00:00:00Z,12981.951937835094
1426,2023-07-19T00:00:00Z,12981.951937835094
1427,2023-07-20T00:00:00Z,12981.951937835094
1428,2023-07-21T00:00:00Z,12981.951937835094
1429,2023-07-23T00:00:00Z,12981.951937835094
1430,2023-07-24T00:00:00Z,12981.951937835094
1431,2023-07-25T00:00:00Z,12981.951937835094
1432,2023-07-26T00:00:00Z,12981.951937835094
1433,2023-07-27T00:00:00Z,12981.951937835094
1434,2023-07-28T00:00:00Z,12981.951937835094
1435,2023-07-30T00:00:00Z,12981.951937835094
1436,2023-07-31T00:00:00Z,12981.951937835094
1437,2023-08-01T00:00:00Z,12981.951937835094
1438,2023-08-02T00:00:00Z,12981.951937835094
1439,2023-08-03T00:00:00Z,12981.951937835094
1440,2023-08-04T00:00:00Z,12981.951937835094
1441,2023-08-06T00:00:00Z,12981.951937835094
1442,2023-08-07T00:00:00Z,12981.951937835094
1443,2023-08-08T00:00:00Z,12981.951937835094
1444,2023-08-09T00:00:00Z,12981.951937835094
1445,2023-08-10T00:00:00Z,12981.951937835094
1446,2023-08-11T00:00:00Z,12981.951937835094
1447,2023-08-13T00:00:00Z,12981.951937835094
1448,2023-08-14T00:00:00Z,12981.951937835094
1449,2023-08-15T00:00:00Z,12981.951937835094
1450,2023-08-16T00:00:00Z,12981.951937835094
1451,2023-08-17T00:00:00Z,12951.893937545281
1452,2023-08-18T00:00:00Z,12939.56299794651
1453,2023-08-20T00:00:00Z,12944.507287737322
1454,2023-08-21T00:00:00Z,12972.802922082326
1455,2023-08-22T00:00:00Z,12995.796848097421
1456,2023-08-23T00:00:00Z,12977.97492778148
1457,2023-08-24T00:00:00Z,12977.97492778148
1458,2023-08-25T00:00:00Z,12946.146813785102
1459,2023-08-27T00:00:00Z,12952.95356541969
1460,2023-08-28T00:00:00Z,12992.951334548645
1461,2023-08-29T00:00:00Z,13090.255469820217
1462,2023-08-30T00:00:00Z,13142.051608449123
1463,2023-08-31T00:00:00Z,13122.084161774636
1464,2023-09-01T00:00:00Z,13122.084161774636
1465,2023-09-03T00:00:00Z,13122.084161774636
1466,2023-09-04T00:00:00Z,13081.440977292174
1467,2023-09-05T00:00:00Z,13007.339084091247
1468,2023-09-06T00:00:00Z,12981.132950043235
1469,2023-09-07T00:00:00Z,12981.132950043235
1470,2023-09-08T00:00:00Z,12981.132950043235
1471,2023-09-10T00:00:00Z,12981.132950043235
1472,2023-09-11T00:00:00Z,12981.132950043235
1473,2023-09-12T00:00:00Z,12981.132950043235
1474,2023-09-13T00:00:00Z,12981.132950043235
1475,2023-09-14T00:00:00Z,12981.132950043235
1476,2023-09-15T00:00:00Z,12981.132950043235
1477,2023-09-17T00:00:00Z,12981.132950043235
1478,2023-09-18T00:00:00Z,12981.132950043235
1479,2023-09-19T00:00:00Z,12981.132950043235
1480,2023-09-20T00:00:00Z,12981.132950043235
1481,2023-09-21T00:00:00Z,12981.132950043235
1482,2023-09-22T00:00:00Z,12981.132950043235
1483,2023-09-24T00:00:00Z,12981.132950043235
1484,2023-09-25T00:00:00Z,12981.132950043235
1485,2023-09-26T00:00:00Z,12981.132950043235
1486,2023-09-27T00:00:00Z,12981.132950043235
1487,2023-09-28T00:00:00Z,12981.132950043235
1488,2023-09-29T00:00:00Z,12981.132950043235
1489,2023-10-01T00:00:00Z,12981.132950043235
1490,2023-10-02T00:00:00Z,12981.132950043235
1491,2023-10-03T00:00:00Z,12981.132950043235
1492,2023-10-04T00:00:00Z,12981.132950043235
1493,2023-10-05T00:00:00Z,12981.132950043235
1494,2023-10-06T00:00:00Z,12981.132950043235
1495,2023-10-08T00:00:00Z,12959.179100040441
1496,2023-10-09T00:00:00Z,13030.52589183112
1497,2023-10-10T00:00:00Z,13016.168330021594
1498,2023-10-11T00:00:00Z,13092.807328895648
1499,2023-10-12T00:00:00Z,13069.923433451797
1500,2023-10-13T00:00:00Z,13055.46905735344
1501,2023-10-15T00:00:00Z,13052.576941598227
1502,2023-10-16T00:00:00Z,13027.68390079979
1503,2023-10-17T00:00:00Z,13048.011916875002
1504,2023-10-18T00:00:00Z,13150.159222220316
1505,2023-10-19T00:00:00Z,13252.891787145529
1506,2023-10-20T00:00:00Z,13240.759008995261
1507,2023-10-22T00:00:00Z,13237.849280452045
1508,2023-10-23T00:00:00Z,13245.307911309534
1509,2023-10-24T00:00:00Z,13242.651911052964
1510,2023-10-25T00:00:00Z,13279.544846123663
1511,2023-10-26T00:00:00Z,13284.929613767117
1512,2023-10-27T00:00:00Z,13273.212921974027
1513,2023-10-29T00:00:00Z,13273.212921974027
1514,2023-10-30T00:00:00Z,13273.212921974027
1515,2023-10-31T00:00:00Z,13273.212921974027
1516,2023-11-01T00:00:00Z,13273.212921974027
1517,2023-11-02T00:00:00Z,13273.212921974027
1518,2023-11-03T00:00:00Z,13273.212921974027
1519,2023-11-05T00:00:00Z,13273.212921974027
1520,2023-11-06T00:00:00Z,13273.212921974027
1521,2023-11-07T00:00:00Z,13273.212921974027
1522,2023-11-08T00:00:00Z,13273.212921974027
1523,2023-11-09T00:00:00Z,13295.982483642325
1524,2023-11-10T00:00:00Z,13201.514622148046
1525,2023-11-12T00:00:00Z,13213.411227839955
1526,2023-11-13T00:00:00Z,13240.420928910848
1527,2023-11-14T00:00:00Z,13310.47871798543
1528,2023-11-15T00:00:00Z,13297.182801389172
1529,2023-11-16T00:00:00Z,13297.182801389172
1530,2023-11-17T00:00:00Z,13297.182801389172
1531,2023-11-19T00:00:00Z,13297.182801389172
1532,2023-11-20T00:00:00Z,13313.612991457423
1533,2023-11-21T00:00:00Z,13396.633117559315
1534,2023-11-22T00:00:00Z,13356.065942367144
1535,2023-11-23T00:00:00Z,13372.853945706307
1536,2023-11-24T00:00:00Z,13410.385481938521
1537,2023-11-26T00:00:00Z,13390.077346923954
1538,2023-11-27T00:00:00Z,13390.077346923954
1539,2023-11-28T00:00:00Z,13390.077346923954
1540,2023-11-29T00:00:00Z,13390.077346923954
1541,2023-11-30T00:00:00Z,13390.077346923954
1542,2023-12-01T00:00:00Z,13390.077346923954
1543,2023-12-03T00:00:00Z,13390.077346923954
1544,2023-12-04T00:00:00Z,13390.077346923954
1545,2023-12-05T00:00:00Z,13390.077346923954
1546,2023-12-06T00:00:00Z,13390.077346923954
1547,2023-12-07T00:00:00Z,13390.077346923954
1548,2023-12-08T00:00:00Z,13390.077346923954
1549,2023-12-10T00:00:00Z,13390.077346923954
1550,2023-12-11T00:00:00Z,13390.077346923954
1551,2023-12-12T00:00:00Z,13379.971193023022
1552,2023-12-13T00:00:00Z,13522.975483540155
1553,2023-12-14T00:00:00Z,13530.497543283513
1554,2023-12-15T00:00:00Z,13484.939407856757
1555,2023-12-17T00:00:00Z,13479.035300586498
1556,2023-12-18T00:00:00Z,13470.575967390512
1557,2023-12-19T00:00:00Z,13470.575967390512
1558,2023-12-20T00:00:00Z,13470.575967390512
1559,2023-12-21T00:00:00Z,13470.575967390512
1560,2023-12-22T00:00:00Z,13470.575967390512
1561,2023-12-25T00:00:00Z,13470.575967390512
1562,2023-12-26T00:00:00Z,13470.575967390512
1563,2023-12-27T00:00:00Z,13470.575967390512
1564,2023-12-28T00:00:00Z,13470.575967390512
1565,2023-12-29T00:00:00Z,13470.575967390512
1566,2024-01-01T00:00:00Z,13470.575967390512
1567,2024-01-02T00:00:00Z,13470.575967390512
1568,2024-01-03T00:00:00Z,13470.575967390512
1569,2024-01-04T00:00:00Z,13470.575967390512
1570,2024-01-05T00:00:00Z,13470.575967390512
1571,2024-01-07T00:00:00Z,13470.575967390512
1572,2024-01-08T00:00:00Z,13470.575967390512
1573,2024-01-09T00:00:00Z,13470.575967390512
1574,2024-01-10T00:00:00Z,13470.575967390512
1575,2024-01-11T00:00:00Z,13470.575967390512
1576,2024-01-12T00:00:00Z,13470.575967390512
1577,2024-01-14T00:00:00Z,13470.575967390512
1578,2024-01-15T00:00:00Z,13470.575967390512
1579,2024-01-16T00:00:00Z,13470.575967390512
1580,2024-01-17T00:00:00Z,13470.575967390512
1581,2024-01-18T00:00:00Z,13470.575967390512
1582,2024-01-19T00:00:00Z,13470.575967390512
1583,2024-01-21T00:00:00Z,13470.575967390512
1584,2024-01-22T00:00:00Z,13470.575967390512
1585,2024-01-23T00:00:00Z,13470.575967390512
1586,2024-01-24T00:00:00Z,13470.575967390512
1587,2024-01-25T00:00:00Z,13470.575967390512
1588,2024-01-26T00:00:00Z,13470.575967390512
1589,2024-01-28T00:00:00Z,13470.575967390512
1590,2024-01-29T00:00:00Z,13470.575967390512
1591,2024-01-30T00:00:00Z,13470.575967390512
1592,2024-01-31T00:00:00Z,13470.575967390512
1593,2024-02-01T00:00:00Z,13470.575967390512
1594,2024-02-02T00:00:00Z,13470.575967390512
1595,2024-02-04T00:00:00Z,13470.575967390512
1596,2024-02-05T00:00:00Z,13470.575967390512
1597,2024-02-06T00:00:00Z,13470.575967390512
1598,2024-02-07T00:00:00Z,13470.575967390512
1599,2024-02-08T00:00:00Z,13470.575967390512
1600,2024-02-09T00:00:00Z,13470.575967390512
1601,2024-02-11T00:00:00Z,13470.575967390512
1602,2024-02-12T00:00:00Z,13470.575967390512
1603,2024-02-13T00:00:00Z,13470.575967390512
1604,2024-02-14T00:00:00Z,13470.575967390512
1605,2024-02-15T00:00:00Z,13500.39567345648
1606,2024-02-16T00:00:00Z,13545.353015742188
1607,2024-02-18T00:00:00Z,13548.00025011028
1608,2024-02-19T00:00:00Z,13558.589187582651
1609,2024-02-20T00:00:00Z,13595.46790084849
1610,2024-02-21T00:00:00Z,13581.089559703089
1611,2024-02-22T00:00:00Z,13556.760976463047
1612,2024-02-23T00:00:00Z,13618.961916154632
1613,2024-02-25T00:00:00Z,13610.456299285179
1614,2024-02-26T00:00:00Z,13594.660153670478
1615,2024-02-27T00:00:00Z,13587.601070282224
1616,2024-02-28T00:00:00Z,13569.26505787202
1617,2024-02-29T00:00:00Z,13569.26505787202
1618,2024-03-01T00:00:00Z,13569.26505787202
1619,2024-03-03T00:00:00Z,13569.26505787202
1620,2024-03-04T00:00:00Z,13569.26505787202
1621,2024-03-05T00:00:00Z,13569.26505787202
1622,2024-03-06T00:00:00Z,13569.26505787202
1623,2024-03-07T00:00:00Z,13569.26505787202
1624,2024-03-08T00:00:00Z,13569.26505787202
1625,2024-03-10T00:00:00Z,13569.26505787202
1626,2024-03-11T00:00:00Z,13569.26505787202
1627,2024-03-12T00:00:00Z,13569.26505787202
1628,2024-03-13T00:00:00Z,13569.26505787202
1629,2024-03-14T00:00:00Z,13569.26505787202
1630,2024-03-15T00:00:00Z,13536.140603860824
1631,2024-03-17T00:00:00Z,13538.97313640032
1632,2024-03-18T00:00:00Z,13558.944283545874
1633,2024-03-19T00:00:00Z,13540.730023671653
1634,2024-03-20T00:00:00Z,13708.996798454564
1635,2024-03-21T00:00:00Z,13696.663824331567
1636,2024-03-22T00:00:00Z,13696.663824331567
1637,2024-03-24T00:00:00Z,13696.663824331567
1638,2024-03-25T00:00:00Z,13696.663824331567
1639,2024-03-26T00:00:00Z,13696.663824331567
1640,2024-03-27T00:00:00Z,13725.053397390739
1641,2024-03-28T00:00:00Z,13877.87261980719
1642,2024-03-29T00:00:00Z,13877.87261980719
1643,2024-03-31T00:00:00Z,13925.873529412356
1644,2024-04-01T00:00:00Z,13936.576680080178
1645,2024-04-02T00:00:00Z,13923.815610923255
1646,2024-04-03T00:00:00Z,13969.135864394744
1647,2024-04-04T00:00:00Z,13940.774268762723
1648,2024-04-05T00:00:00Z,14073.0744828227
1649,2024-04-07T00:00:00Z,14013.505430195353
1650,2024-04-08T00:00:00Z,14102.632633800657
1651,2024-04-09T00:00:00Z,14090.855107258574
1652,2024-04-10T00:00:00Z,14023.468541931128
1653,2024-04-11T00:00:00Z,14145.032002916158
1654,2024-04-12T00:00:00Z,14048.67036382582
1655,2024-04-14T00:00:00Z,14109.084077059359
1656,2024-04-15T00:00:00Z,14159.958782940234
1657,2024-04-16T00:00:00Z,14148.987271174494
1658,2024-04-17T00:00:00Z,14148.987271174494
1659,2024-04-18T00:00:00Z,14148.987271174494
1660,2024-04-19T00:00:00Z,14148.987271174494
1661,2024-04-21T00:00:00Z,14148.987271174494
1662,2024-04-22T00:00:00Z,14148.987271174494
1663,2024-04-23T00:00:00Z,14148.987271174494
1664,2024-04-24T00:00:00Z,14148.987271174494
1665,2024-04-25T00:00:00Z,14148.987271174494
1666,2024-04-26T00:00:00Z,14148.987271174494
1667,2024-04-28T00:00:00Z,14148.987271174494
1668,2024-04-29T00:00:00Z,14148.987271174494
1669,2024-04-30T00:00:00Z,14148.987271174494
1670,2024-05-01T00:00:00Z,14148.987271174494
1671,2024-05-02T00:00:00Z,14148.987271174494
1672,2024-05-03T00:00:00Z,14148.987271174494
1673,2024-05-05T00:00:00Z,14148.987271174494
1674,2024-05-06T00:00:00Z,14148.987271174494
1675,2024-05-07T00:00:00Z,14148.987271174494
1676,2024-05-08T00:00:00Z,14148.987271174494
1677,2024-05-09T00:00:00Z,14148.987271174494
1678,2024-05-10T00:00:00Z,14148.987271174494
1679,2024-05-12T00:00:00Z,14148.987271174494
1680,2024-05-13T00:00:00Z,14148.987271174494
1681,2024-05-14T00:00:00Z,14148.987271174494
1682,2024-05-15T00:00:00Z,14148.987271174494
1683,2024-05-16T00:00:00Z,14148.987271174494
1684,2024-05-17T00:00:00Z,14148.987271174494
1685,2024-05-19T00:00:00Z,14148.987271174494
1686,2024-05-20T00:00:00Z,14148.987271174494
1687,2024-05-21T00:00:00Z,14148.987271174494
1688,2024-05-22T00:00:00Z,14148.987271174494
1689,2024-05-23T00:00:00Z,14148.987271174494
1690,2024-05-24T00:00:00Z,14148.987271174494
1691,2024-05-26T00:00:00Z,14148.987271174494
1692,2024-05-27T00:00:00Z,14148.987271174494
1693,2024-05-28T00:00:00Z,14148.987271174494
1694,2024-05-29T00:00:00Z,14148.987271174494
1695,2024-05-30T00:00:00Z,14148.987271174494
1696,2024-05-31T00:00:00Z,14148.987271174494
1697,2024-06-02T00:00:00Z,14148.987271174494
1698,2024-06-03T00:00:00Z,14148.987271174494
1699,2024-06-04T00:00:00Z,14148.987271174494
1700,2024-06-05T00:00:00Z,14148.987271174494
1701,2024-06-06T00:00:00Z,14148.987271174494
1702,2024-06-07T00:00:00Z,14148.987271174494
1703,2024-06-09T00:00:00Z,14148.987271174494
1704,2024-06-10T00:00:00Z,14148.987271174494
1705,2024-06-11T00:00:00Z,14148.987271174494
1706,2024-06-12T00:00:00Z,14148.987271174494
1707,2024-06-13T00:00:00Z,14148.987271174494
1708,2024-06-14T00:00:00Z,14148.987271174494
1709,2024-06-16T00:00:00Z,14148.987271174494
1710,2024-06-17T00:00:00Z,14148.987271174494
1711,2024-06-18T00:00:00Z,14148.987271174494
1712,2024-06-19T00:00:00Z,14148.987271174494
1713,2024-06-20T00:00:00Z,14148.987271174494
1714,2024-06-21T00:00:00Z,14148.987271174494
1715,2024-06-23T00:00:00Z,14148.987271174494
1716,2024-06-24T00:00:00Z,14148.987271174494
1717,2024-06-25T00:00:00Z,14148.987271174494
1718,2024-06-26T00:00:00Z,14148.987271174494
1719,2024-06-27T00:00:00Z,14148.987271174494
1720,2024-06-28T00:00:00Z,14148.987271174494
1721,2024-06-30T00:00:00Z,14148.987271174494
1722,2024-07-01T00:00:00Z,14148.987271174494
1723,2024-07-02T00:00:00Z,14148.987271174494
1724,2024-07-03T00:00:00Z,14148.987271174494
1725,2024-07-04T00:00:00Z,14148.987271174494
1726,2024-07-05T00:00:00Z,14148.987271174494
1727,2024-07-07T00:00:00Z,14148.987271174494
1728,2024-07-08T00:00:00Z,14148.987271174494
1729,2024-07-09T00:00:00Z,14148.987271174494
1730,2024-07-10T00:00:00Z,14148.987271174494
1731,2024-07-11T00:00:00Z,14148.987271174494
1732,2024-07-12T00:00:00Z,14148.987271174494
1733,2024-07-14T00:00:00Z,14148.987271174494
1734,2024-07-15T00:00:00Z,14148.987271174494
1735,2024-07-16T00:00:00Z,14148.987271174494
1736,2024-07-17T00:00:00Z,14148.987271174494
1737,2024-07-18T00:00:00Z,14148.987271174494
1738,2024-07-19T00:00:00Z,14148.987271174494
1739,2024-07-21T00:00:00Z,14148.987271174494
1740,2024-07-22T00:00:00Z,14148.987271174494
1741,2024-07-23T00:00:00Z,14148.987271174494
1742,2024-07-24T00:00:00Z,14148.987271174494
1743,2024-07-25T00:00:00Z,14148.987271174494
1744,2024-07-26T00:00:00Z,14148.987271174494
1745,2024-07-28T00:00:00Z,14148.987271174494
1746,2024-07-29T00:00:00Z,14148.987271174494
1747,2024-07-30T00:00:00Z,14148.987271174494
1748,2024-07-31T00:00:00Z,14148.987271174494
1749,2024-08-01T00:00:00Z,14148.987271174494
1750,2024-08-02T00:00:00Z,14148.987271174494
1751,2024-08-04T00:00:00Z,14148.987271174494
1752,2024-08-05T00:00:00Z,14148.987271174494
1753,2024-08-06T00:00:00Z,14148.987271174494
1754,2024-08-07T00:00:00Z,14148.987271174494
1755,2024-08-08T00:00:00Z,14148.987271174494
1756,2024-08-09T00:00:00Z,14148.987271174494
1757,2024-08-11T00:00:00Z,14148.987271174494
1758,2024-08-12T00:00:00Z,14148.987271174494
1759,2024-08-13T00:00:00Z,14148.987271174494
1760,2024-08-14T00:00:00Z,14148.987271174494
1761,2024-08-15T00:00:00Z,14148.987271174494
1762,2024-08-16T00:00:00Z,14148.987271174494
1763,2024-08-18T00:00:00Z,14148.987271174494
1764,2024-08-19T00:00:00Z,14148.987271174494
1765,2024-08-20T00:00:00Z,14148.987271174494
1766,2024-08-21T00:00:00Z,14148.987271174494
1767,2024-08-22T00:00:00Z,14148.987271174494
1768,2024-08-23T00:00:00Z,14148.987271174494
1769,2024-08-25T00:00:00Z,14148.987271174494
1770,2024-08-26T00:00:00Z,14148.987271174494
1771,2024-08-27T00:00:00Z,14148.987271174494
1772,2024-08-28T00:00:00Z,14148.987271174494
1773,2024-08-29T00:00:00Z,14148.987271174494
1774,2024-08-30T00:00:00Z,14148.987271174494
1775,2024-09-01T00:00:00Z,14148.987271174494
1776,2024-09-02T00:00:00Z,14148.987271174494
1777,2024-09-03T00:00:00Z,14148.987271174494
1778,2024-09-04T00:00:00Z,14148.987271174494
1779,2024-09-05T00:00:00Z,14148.987271174494
1780,2024-09-06T00:00:00Z,14148.987271174494
1781,2024-09-08T00:00:00Z,14148.987271174494
1782,2024-09-09T00:00:00Z,14148.987271174494
1783,2024-09-10T00:00:00Z,14148.987271174494
1784,2024-09-11T00:00:00Z,14148.987271174494
1785,2024-09-12T00:00:00Z,14148.987271174494
1786,2024-09-13T00:00:00Z,14148.987271174494
1787,2024-09-15T00:00:00Z,14148.987271174494
1788,2024-09-16T00:00:00Z,14148.987271174494
1789,2024-09-17T00:00:00Z,14148.987271174494
1790,2024-09-18T00:00:00Z,14148.987271174494
1791,2024-09-19T00:00:00Z,14148.987271174494
1792,2024-09-20T00:00:00Z,14148.987271174494
1793,2024-09-22T00:00:00Z,14148.987271174494
1794,2024-09-23T00:00:00Z,14148.987271174494
1795,2024-09-24T00:00:00Z,14148.987271174494
1796,2024-09-25T00:00:00Z,14148.987271174494
1797,2024-09-26T00:00:00Z,14148.987271174494
1798,2024-09-27T00:00:00Z,14148.987271174494
1799,2024-09-29T00:00:00Z,14148.987271174494
1800,2024-09-30T00:00:00Z,14148.987271174494
1801,2024-10-01T00:00:00Z,14148.987271174494
1802,2024-10-02T00:00:00Z,14148.987271174494
1803,2024-10-03T00:00:00Z,14148.987271174494
1804,2024-10-04T00:00:00Z,14148.987271174494
1805,2024-10-06T00:00:00Z,14148.987271174494
1806,2024-10-07T00:00:00Z,14148.987271174494
1807,2024-10-08T00:00:00Z,14148.987271174494
1808,2024-10-09T00:00:00Z,14148.987271174494
1809,2024-10-10T00:00:00Z,14148.987271174494
1810,2024-10-11T00:00:00Z,14148.987271174494
1811,2024-10-13T00:00:00Z,14148.987271174494
1812,2024-10-14T00:00:00Z,14148.987271174494
1813,2024-10-15T00:00:00Z,14148.987271174494
1814,2024-10-16T00:00:00Z,14148.987271174494
1815,2024-10-17T00:00:00Z,14148.987271174494
1816,2024-10-18T00:00:00Z,14148.987271174494
1817,2024-10-20T00:00:00Z,14148.987271174494
1818,2024-10-21T00:00:00Z,14148.987271174494
1819,2024-10-22T00:00:00Z,14148.987271174494
1820,2024-10-23T00:00:00Z,14148.987271174494
1821,2024-10-24T00:00:00Z,14148.987271174494
1822,2024-10-25T00:00:00Z,14148.987271174494
1823,2024-10-27T00:00:00Z,14148.987271174494
1824,2024-10-28T00:00:00Z,14148.987271174494
1825,2024-10-29T00:00:00Z,14148.987271174494
1826,2024-10-30T00:00:00Z,14148.987271174494
1827,2024-10-31T00:00:00Z,14148.987271174494
1828,2024-11-01T00:00:00Z,14148.987271174494
1829,2024-11-03T00:00:00Z,14148.987271174494
1830,2024-11-04T00:00:00Z,14148.987271174494
1831,2024-11-05T00:00:00Z,14148.987271174494
1832,2024-11-06T00:00:00Z,14148.987271174494
1833,2024-11-07T00:00:00Z,14148.987271174494
1834,2024-11-08T00:00:00Z,14148.987271174494
1835,2024-11-10T00:00:00Z,14148.987271174494
1836,2024-11-11T00:00:00Z,14148.987271174494
1837,2024-11-12T00:00:00Z,14148.987271174494
1838,2024-11-13T00:00:00Z,14148.987271174494
1839,2024-11-14T00:00:00Z,14148.987271174494
1840,2024-11-15T00:00:00Z,14148.987271174494
1841,2024-11-17T00:00:00Z,14148.987271174494
1842,2024-11-18T00:00:00Z,14148.987271174494
1843,2024-11-19T00:00:00Z,14148.987271174494
1844,2024-11-20T00:00:00Z,14148.987271174494
1845,2024-11-21T00:00:00Z,14148.987271174494
1846,2024-11-22T00:00:00Z,14148.987271174494
1847,2024-11-24T00:00:00Z,14148.987271174494
1848,2024-11-25T00:00:00Z,14148.987271174494
1849,2024-11-26T00:00:00Z,14148.987271174494
1850,2024-11-27T00:00:00Z,14148.987271174494
1851,2024-11-28T00:00:00Z,14148.987271174494
1852,2024-11-29T00:00:00Z,14148.987271174494
1853,2024-12-01T00:00:00Z,14148.987271174494
1854,2024-12-02T00:00:00Z,14148.987271174494
1855,2024-12-03T00:00:00Z,14148.987271174494
1856,2024-12-04T00:00:00Z,14148.987271174494
1857,2024-12-05T00:00:00Z,14148.987271174494
1858,2024-12-06T00:00:00Z,14148.987271174494
1859,2024-12-08T00:00:00Z,14148.987271174494
1860,2024-12-09T00:00:00Z,14148.987271174494
1861,2024-12-10T00:00:00Z,14148.987271174494
1862,2024-12-11T00:00:00Z,14148.987271174494
1863,2024-12-12T00:00:00Z,14148.987271174494
1864,2024-12-13T00:00:00Z,14148.987271174494
1865,2024-12-15T00:00:00Z,14148.987271174494
1866,2024-12-16T00:00:00Z,14148.987271174494
1867,2024-12-17T00:00:00Z,14148.987271174494
1868,2024-12-18T00:00:00Z,14148.987271174494
1869,2024-12-19T00:00:00Z,14148.987271174494
1870,2024-12-20T00:00:00Z,14148.987271174494
1871,2024-12-22T00:00:00Z,14148.987271174494
1872,2024-12-23T00:00:00Z,14148.987271174494
1873,2024-12-24T00:00:00Z,14148.987271174494
1874,2024-12-25T00:00:00Z,14148.987271174494
1875,2024-12-26T00:00:00Z,14148.987271174494
1876,2024-12-27T00:00:00Z,14148.987271174494
1877,2024-12-29T00:00:00Z,14148.987271174494
1878,2024-12-30T00:00:00Z,14148.987271174494
1879,2024-12-31T00:00:00Z,14148.987271174494
1880,2025-01-01T00:00:00Z,14148.987271174494
1881,2025-01-02T00:00:00Z,14148.987271174494
1882,2025-01-03T00:00:00Z,14148.987271174494
1883,2025-01-05T00:00:00Z,14148.987271174494
1884,2025-01-06T00:00:00Z,14148.987271174494
1885,2025-01-07T00:00:00Z,14148.987271174494
1886,2025-01-08T00:00:00Z,14148.987271174494
1887,2025-01-09T00:00:00Z,14148.987271174494
1888,2025-01-10T00:00:00Z,14148.987271174494
1889,2025-01-12T00:00:00Z,14148.987271174494
1890,2025-01-13T00:00:00Z,14148.987271174494
1891,2025-01-14T00:00:00Z,14148.987271174494
1892,2025-01-15T00:00:00Z,14148.987271174494
1893,2025-01-16T00:00:00Z,14148.987271174494
1894,2025-01-17T00:00:00Z,14148.987271174494
1895,2025-01-19T00:00:00Z,14148.987271174494
1896,2025-01-20T00:00:00Z,14148.987271174494
1897,2025-01-21T00:00:00Z,14148.987271174494
1898,2025-01-22T00:00:00Z,14148.987271174494
1899,2025-01-23T00:00:00Z,14148.987271174494
1900,2025-01-24T00:00:00Z,14148.987271174494
1901,2025-01-26T00:00:00Z,14148.987271174494
1902,2025-01-27T00:00:00Z,14148.987271174494
1903,2025-01-28T00:00:00Z,14148.987271174494
1904,2025-01-29T00:00:00Z,14148.987271174494
1905,2025-01-30T00:00:00Z,14148.987271174494
1906,2025-01-31T00:00:00Z,14148.987271174494
1907,2025-02-02T00:00:00Z,14148.987271174494
1908,2025-02-03T00:00:00Z,14148.987271174494
1909,2025-02-04T00:00:00Z,14148.987271174494
1910,2025-02-05T00:00:00Z,14148.987271174494
1911,2025-02-06T00:00:00Z,14148.987271174494
1912,2025-02-07T00:00:00Z,14148.987271174494
1913,2025-02-09T00:00:00Z,14148.987271174494
1914,2025-02-10T00:00:00Z,14148.987271174494
1915,2025-02-11T00:00:00Z,14148.987271174494
1916,2025-02-12T00:00:00Z,14148.987271174494
1917,2025-02-13T00:00:00Z,14148.987271174494
1918,2025-02-14T00:00:00Z,14148.987271174494
1919,2025-02-16T00:00:00Z,14148.987271174494
1920,2025-02-17T00:00:00Z,14148.987271174494
1921,2025-02-18T00:00:00Z,14148.987271174494
1922,2025-02-19T00:00:00Z,14148.987271174494
1923,2025-02-20T00:00:00Z,14148.987271174494
1924,2025-02-21T00:00:00Z,14148.987271174494
1925,2025-02-23T00:00:00Z,14148.987271174494
1926,2025-02-24T00:00:00Z,14148.987271174494
1927,2025-02-25T00:00:00Z,14148.987271174494
1928,2025-02-26T00:00:00Z,14148.987271174494
1929,2025-02-27T00:00:00Z,14148.987271174494
1930,2025-02-28T00:00:00Z,14148.987271174494
1931,2025-03-02T00:00:00Z,14148.987271174494
1932,2025-03-03T00:00:00Z,14148.987271174494
1933,2025-03-04T00:00:00Z,14148.987271174494
1934,2025-03-05T00:00:00Z,14148.987271174494
1935,2025-03-06T00:00:00Z,14148.987271174494
1936,2025-03-07T00:00:00Z,14148.987271174494
1937,2025-03-09T00:00:00Z,14148.987271174494
1938,2025-03-10T00:00:00Z,14148.987271174494
1939,2025-03-11T00:00:00Z,14148.987271174494
1940,2025-03-12T00:00:00Z,14148.987271174494
1941,2025-03-13T00:00:00Z,14148.987271174494
1942,2025-03-14T00:00:00Z,14148.987271174494
1943,2025-03-16T00:00:00Z,14148.987271174494
1944,2025-03-17T00:00:00Z,14148.987271174494
1945,2025-03-18T00:00:00Z,14148.987271174494
1946,2025-03-19T00:00:00Z,14148.987271174494
1947,2025-03-20T00:00:00Z,14148.987271174494
1948,2025-03-21T00:00:00Z,14148.987271174494
1949,2025-03-23T00:00:00Z,14148.987271174494
1950,2025-03-24T00:00:00Z,14148.987271174494
1951,2025-03-25T00:00:00Z,14148.987271174494
1952,2025-03-26T00:00:00Z,14148.987271174494
1953,2025-03-27T00:00:00Z,14148.987271174494
1954,2025-03-28T00:00:00Z,14148.987271174494
1955,2025-03-30T00:00:00Z,14148.987271174494
1956,2025-03-31T00:00:00Z,14148.987271174494
1957,2025-04-01T00:00:00Z,14148.987271174494
1958,2025-04-02T00:00:00Z,14148.987271174494
1959,2025-04-03T00:00:00Z,14148.987271174494
1960,2025-04-04T00:00:00Z,14148.987271174494
1961,2025-04-06T00:00:00Z,14148.987271174494
1962,2025-04-07T00:00:00Z,14148.987271174494
1963,2025-04-08T00:00:00Z,14148.987271174494
1964,2025-04-09T00:00:00Z,14148.987271174494
1965,2025-04-10T00:00:00Z,14148.987271174494
1966,2025-04-11T00:00:00Z,14148.987271174494
1967,2025-04-13T00:00:00Z,14148.987271174494
1968,2025-04-14T00:00:00Z,14148.987271174494
1969,2025-04-15T00:00:00Z,14148.987271174494
1970,2025-04-16T00:00:00Z,14148.987271174494
1971,2025-04-17T00:00:00Z,14148.987271174494
1972,2025-04-18T00:00:00Z,14148.987271174494
1973,2025-04-20T00:00:00Z,14148.987271174494
1974,2025-04-21T00:00:00Z,14148.987271174494
1975,2025-04-22T00:00:00Z,14148.987271174494
1976,2025-04-23T00:00:00Z,14148.987271174494
1977,2025-04-24T00:00:00Z,14148.987271174494
1978,2025-04-25T00:00:00Z,14148.987271174494
1979,2025-04-27T00:00:00Z,14148.987271174494
1980,2025-04-28T00:00:00Z,14148.987271174494
1981,2025-04-29T00:00:00Z,14148.987271174494
1982,2025-04-30T00:00:00Z,14148.987271174494
1983,2025-05-01T00:00:00Z,14148.987271174494
1984,2025-05-02T00:00:00Z,14148.987271174494
1985,2025-05-04T00:00:00Z,14148.987271174494
1986,2025-05-05T00:00:00Z,14148.987271174494
1987,2025-05-06T00:00:00Z,14148.987271174494
1988,2025-05-07T00:00:00Z,14148.987271174494
1989,2025-05-08T00:00:00Z,14148.987271174494
1990,2025-05-09T00:00:00Z,14148.987271174494
1991,2025-05-11T00:00:00Z,14148.987271174494
1992,2025-05-12T00:00:00Z,14148.987271174494
1993,2025-05-13T00:00:00Z,14148.987271174494
1994,2025-05-14T00:00:00Z,14148.987271174494
1995,2025-05-15T00:00:00Z,14148.987271174494
1996,2025-05-16T00:00:00Z,14148.987271174494
1997,2025-05-18T00:00:00Z,14148.987271174494
1998,2025-05-19T00:00:00Z,14148.987271174494
1999,2025-05-20T00:00:00Z,14148.987271174494
2000,2025-05-21T00:00:00Z,14148.987271174494
2001,2025-05-22T00:00:00Z,14148.987271174494
2002,2025-05-23T00:00:00Z,14148.987271174494
2003,2025-05-25T00:00:00Z,14148.987271174494
2004,2025-05-26T00:00:00Z,14148.987271174494
2005,2025-05-27T00:00:00Z,14148.987271174494
2006,2025-05-28T00:00:00Z,14148.987271174494
2007,2025-05-29T00:00:00Z,14148.987271174494
2008,2025-05-30T00:00:00Z,14148.987271174494
2009,2025-06-01T00:00:00Z,14148.987271174494
2010,2025-06-02T00:00:00Z,14148.987271174494
2011,2025-06-03T00:00:00Z,14148.987271174494
2012,2025-06-04T00:00:00Z,14148.987271174494
2013,2025-06-05T00:00:00Z,14148.987271174494
2014,2025-06-06T00:00:00Z,14148.987271174494
2015,2025-06-08T00:00:00Z,14148.987271174494
2016,2025-06-09T00:00:00Z,14148.987271174494
2017,2025-06-10T00:00:00Z,14148.987271174494
2018,2025-06-11T00:00:00Z,14148.987271174494
2019,2025-06-12T00:00:00Z,14148.987271174494
2020,2025-06-13T00:00:00Z,14148.987271174494
2021,2025-06-15T00:00:00Z,14148.987271174494
2022,2025-06-16T00:00:00Z,14148.987271174494
2023,2025-06-17T00:00:00Z,14148.987271174494
2024,2025-06-18T00:00:00Z,14148.987271174494
2025,2025-06-19T00:00:00Z,14148.987271174494
2026,2025-06-20T00:00:00Z,14148.987271174494
2027,2025-06-22T00:00:00Z,14148.987271174494
2028,2025-06-23T00:00:00Z,14148.987271174494
2029,2025-06-24T00:00:00Z,14148.987271174494
2030,2025-06-25T00:00:00Z,14148.987271174494
2031,2025-06-26T00:00:00Z,14148.987271174494
2032,2025-06-27T00:00:00Z,14148.987271174494
2033,2025-06-29T00:00:00Z,14148.987271174494
2034,2025-06-30T00:00:00Z,14148.987271174494
2035,2025-07-01T00:00:00Z,14148.987271174494
2036,2025-07-02T00:00:00Z,14148.987271174494
2037,2025-07-03T00:00:00Z,14148.987271174494
2038,2025-07-04T00:00:00Z,14148.987271174494
2039,2025-07-06T00:00:00Z,14148.987271174494
2040,2025-07-07T00:00:00Z,14148.987271174494
2041,2025-07-08T00:00:00Z,14148.987271174494
2042,2025-07-09T00:00:00Z,14148.987271174494
2043,2025-07-10T00:00:00Z,14148.987271174494
2044,2025-07-11T00:00:00Z,14148.987271174494
2045,2025-07-13T00:00:00Z,14148.987271174494
2046,2025-07-14T00:00:00Z,14148.987271174494
2047,2025-07-15T00:00:00Z,14148.987271174494
2048,2025-07-16T00:00:00Z,14148.987271174494
2049,2025-07-17T00:00:00Z,14148.987271174494
2050,2025-07-18T00:00:00Z,14148.987271174494
2051,2025-07-20T00:00:00Z,14148.987271174494
2052,2025-07-21T00:00:00Z,14148.987271174494
2053,2025-07-22T00:00:00Z,14148.987271174494
2054,2025-07-23T00:00:00Z,14148.987271174494
2055,2025-07-24T00:00:00Z,14148.987271174494
2056,2025-07-25T00:00:00Z,14148.987271174494
2057,2025-07-27T00:00:00Z,14148.987271174494
2058,2025-07-28T00:00:00Z,14148.987271174494
2059,2025-07-29T00:00:00Z,14148.987271174494
2060,2025-07-30T00:00:00Z,14148.987271174494
2061,2025-07-31T00:00:00Z,14148.987271174494
2062,2025-08-01T00:00:00Z,14148.987271174494
2063,2025-08-03T00:00:00Z,14148.987271174494
2064,2025-08-04T00:00:00Z,14148.987271174494
2065,2025-08-05T00:00:00Z,14148.987271174494
2066,2025-08-06T00:00:00Z,14148.987271174494
2067,2025-08-07T00:00:00Z,14148.987271174494
2068,2025-08-08T00:00:00Z,14148.987271174494
2069,2025-08-10T00:00:00Z,14148.987271174494
2070,2025-08-11T00:00:00Z,14148.987271174494
2071,2025-08-12T00:00:00Z,14148.987271174494
2072,2025-08-13T00:00:00Z,14148.987271174494
2073,2025-08-14T00:00:00Z,14148.987271174494
2074,2025-08-15T00:00:00Z,14148.987271174494
2075,2025-08-17T00:00:00Z,14148.987271174494
2076,2025-08-18T00:00:00Z,14148.987271174494
2077,2025-08-19T00:00:00Z,14148.987271174494
2078,2025-08-20T00:00:00Z,14148.987271174494
2079,2025-08-21T00:00:00Z,14148.987271174494
2080,2025-08-22T00:00:00Z,14148.987271174494
2081,2025-08-24T00:00:00Z,14148.987271174494
2082,2025-08-25T00:00:00Z,14148.987271174494
2083,2025-08-26T00:00:00Z,14148.987271174494
2084,2025-08-27T00:00:00Z,14148.987271174494
2085,2025-08-28T00:00:00Z,14148.987271174494
2086,2025-08-29T00:00:00Z,14148.987271174494
2087,2025-08-31T00:00:00Z,14148.987271174494
2088,2025-09-01T00:00:00Z,14148.987271174494
2089,2025-09-02T00:00:00Z,14148.987271174494
2090,2025-09-03T00:00:00Z,14148.987271174494
2091,2025-09-04T00:00:00Z,14148.987271174494
2092,2025-09-05T00:00:00Z,14148.987271174494
2093,2025-09-07T00:00:00Z,14148.987271174494
2094,2025-09-08T00:00:00Z,14148.987271174494
2095,2025-09-09T00:00:00Z,14148.987271174494
2096,2025-09-10T00:00:00Z,14148.987271174494
2097,2025-09-11T00:00:00Z,14148.987271174494
2098,2025-09-12T00:00:00Z,14148.987271174494
2099,2025-09-14T00:00:00Z,14148.987271174494
2100,2025-09-15T00:00:00Z,14148.987271174494
2101,2025-09-16T00:00:00Z,14148.987271174494
2102,2025-09-17T00:00:00Z,14148.987271174494
2103,2025-09-18T00:00:00Z,14148.987271174494
2104,2025-09-19T00:00:00Z,14148.987271174494
2105,2025-09-21T00:00:00Z,14148.987271174494
2106,2025-09-22T00:00:00Z,14148.987271174494
2107,2025-09-23T00:00:00Z,14148.987271174494
2108,2025-09-24T00:00:00Z,14148.987271174494
2109,2025-09-25T00:00:00Z,14148.987271174494
2110,2025-09-26T00:00:00Z,14148.987271174494
2111,2025-09-28T00:00:00Z,14148.987271174494
2112,2025-09-29T00:00:00Z,14148.987271174494
2113,2025-09-30T00:00:00Z,14148.987271174494
2114,2025-10-01T00:00:00Z,14148.987271174494
2115,2025-10-02T00:00:00Z,14148.987271174494
2116,2025-10-03T00:00:00Z,14148.987271174494
2117,2025-10-05T00:00:00Z,14148.987271174494
2118,2025-10-06T00:00:00Z,14148.987271174494
2119,2025-10-07T00:00:00Z,14148.987271174494
2120,2025-10-08T00:00:00Z,14148.987271174494
2121,2025-10-09T00:00:00Z,14148.987271174494
2122,2025-10-10T00:00:00Z,14148.987271174494
2123,2025-10-12T00:00:00Z,14148.987271174494
2124,2025-10-13T00:00:00Z,14148.987271174494
2125,2025-10-14T00:00:00Z,14148.987271174494
2126,2025-10-15T00:00:00Z,14148.987271174494
2127,2025-10-16T00:00:00Z,14148.987271174494
2128,2025-10-17T00:00:00Z,14148.987271174494
2129,2025-10-19T00:00:00Z,14148.987271174494
2130,2025-10-20T00:00:00Z,14148.987271174494
2131,2025-10-21T00:00:00Z,14148.987271174494
2132,2025-10-22T00:00:00Z,14148.987271174494
2133,2025-10-23T00:00:00Z,14148.987271174494
2134,2025-10-24T00:00:00Z,14148.987271174494
2135,2025-10-26T00:00:00Z,14148.987271174494
2136,2025-10-27T00:00:00Z,14148.987271174494
2137,2025-10-28T00:00:00Z,14148.987271174494
2138,2025-10-29T00:00:00Z,14148.987271174494
2139,2025-10-30T00:00:00Z,14148.987271174494
2140,2025-10-31T00:00:00Z,14148.987271174494
2141,2025-11-02T00:00:00Z,14148.987271174494
2142,2025-11-03T00:00:00Z,14148.987271174494
2143,2025-11-04T00:00:00Z,14148.987271174494
2144,2025-11-05T00:00:00Z,14148.987271174494
2145,2025-11-06T00:00:00Z,14148.987271174494
2146,2025-11-07T00:00:00Z,14148.987271174494
2147,2025-11-09T00:00:00Z,14148.987271174494
2148,2025-11-10T00:00:00Z,14148.987271174494
2149,2025-11-11T00:00:00Z,14148.987271174494
2150,2025-11-12T00:00:00Z,14148.987271174494
2151,2025-11-13T00:00:00Z,14148.987271174494
2152,2025-11-14T00:00:00Z,14148.987271174494
2153,2025-11-16T00:00:00Z,14148.987271174494
2154,2025-11-17T00:00:00Z,14148.987271174494
2155,2025-11-18T00:00:00Z,14148.987271174494
2156,2025-11-19T00:00:00Z,14148.987271174494
2157,2025-11-20T00:00:00Z,14148.987271174494
2158,2025-11-21T00:00:00Z,14148.987271174494
2159,2025-11-23T00:00:00Z,14148.987271174494
2160,2025-11-24T00:00:00Z,14148.987271174494
2161,2025-11-25T00:00:00Z,14148.987271174494
2162,2025-11-26T00:00:00Z,14148.987271174494
2163,2025-11-27T00:00:00Z,14148.987271174494
2164,2025-11-28T00:00:00Z,14148.987271174494
2165,2025-11-30T00:00:00Z,14148.987271174494
2166,2025-12-01T00:00:00Z,14148.987271174494
2167,2025-12-02T00:00:00Z,14148.987271174494
2168,2025-12-03T00:00:00Z,14148.987271174494
2169,2025-12-04T00:00:00Z,14148.987271174494
2170,2025-12-05T00:00:00Z,14148.987271174494
2171,2025-12-07T00:00:00Z,14148.987271174494
2172,2025-12-08T00:00:00Z,14148.987271174494
2173,2025-12-09T00:00:00Z,14148.987271174494
2174,2025-12-10T00:00:00Z,14148.987271174494
2175,2025-12-11T00:00:00Z,14148.987271174494
2176,2025-12-12T00:00:00Z,14148.987271174494
2177,2025-12-14T00:00:00Z,14148.987271174494
2178,2025-12-15T00:00:00Z,14148.987271174494
2179,2025-12-16T00:00:00Z,14148.987271174494
2180,2025-12-17T00:00:00Z,14148.987271174494
2181,2025-12-18T00:00:00Z,14148.987271174494
2182,2025-12-19T00:00:00Z,14148.987271174494
2183,2025-12-21T00:00:00Z,14148.987271174494
2184,2025-12-22T00:00:00Z,14148.987271174494
2185,2025-12-23T00:00:00Z,14148.987271174494
2186,2025-12-24T00:00:00Z,14148.987271174494
2187,2025-12-25T00:00:00Z,14148.987271174494
2188,2025-12-26T00:00:00Z,14148.987271174494
2189,2025-12-28T00:00:00Z,14148.987271174494
2190,2025-12-29T00:00:00Z,14148.987271174494
2191,2025-12-30T00:00:00Z,14148.987271174494
2192,2025-12-31T00:00:00Z,14148.987271174494
2193,2026-01-01T00:00:00Z,14148.987271174494
2194,2026-01-02T00:00:00Z,14148.987271174494
2195,2026-01-04T00:00:00Z,14148.987271174494
2196,2026-01-05T00:00:00Z,14148.987271174494
2197,2026-01-06T00:00:00Z,14148.987271174494
2198,2026-01-07T00:00:00Z,14148.987271174494
2199,2026-01-08T00:00:00Z,14148.987271174494
2200,2026-01-09T00:00:00Z,14148.987271174494
2201,2026-01-11T00:00:00Z,14148.987271174494
2202,2026-01-12T00:00:00Z,14148.987271174494
2203,2026-01-13T00:00:00Z,14148.987271174494
2204,2026-01-14T00:00:00Z,14148.987271174494
2205,2026-01-15T00:00:00Z,14148.987271174494
2206,2026-01-16T00:00:00Z,14148.987271174494
2207,2026-01-18T00:00:00Z,14148.987271174494
2208,2026-01-19T00:00:00Z,14148.987271174494
2209,2026-01-20T00:00:00Z,14148.987271174494
2210,2026-01-21T00:00:00Z,14148.987271174494
2211,2026-01-22T00:00:00Z,14148.987271174494
2212,2026-01-23T00:00:00Z,14148.987271174494
2213,2026-01-25T00:00:00Z,14148.987271174494
2214,2026-01-26T00:00:00Z,14148.987271174494
2215,2026-01-27T00:00:00Z,14148.987271174494
2216,2026-01-28T00:00:00Z,14148.987271174494
2217,2026-01-29T00:00:00Z,14148.987271174494
2218,2026-01-30T00:00:00Z,14148.987271174494
2219,2026-02-01T00:00:00Z,14148.987271174494
2220,2026-02-02T00:00:00Z,14148.987271174494
2221,2026-02-03T00:00:00Z,14148.987271174494
2222,2026-02-04T00:00:00Z,14148.987271174494
2223,2026-02-05T00:00:00Z,14148.987271174494
2224,2026-02-06T00:00:00Z,14148.987271174494
2225,2026-02-08T00:00:00Z,14148.987271174494
2226,2026-02-09T00:00:00Z,14148.987271174494
2227,2026-02-10T00:00:00Z,14148.987271174494
2228,2026-02-11T00:00:00Z,14148.987271174494
2229,2026-02-12T00:00:00Z,14148.987271174494
2230,2026-02-13T00:00:00Z,14148.987271174494
2231,2026-02-15T00:00:00Z,14148.987271174494
2232,2026-02-16T00:00:00Z,14148.987271174494
2233,2026-02-17T00:00:00Z,14148.987271174494
2234,2026-02-18T00:00:00Z,14148.987271174494
2235,2026-02-19T00:00:00Z,14148.987271174494
2236,2026-02-20T00:00:00Z,14148.987271174494
2237,2026-02-22T00:00:00Z,14148.987271174494
2238,2026-02-23T00:00:00Z,14148.987271174494
2239,2026-02-24T00:00:00Z,14148.987271174494
2240,2026-02-25T00:00:00Z,14148.987271174494
2241,2026-02-26T00:00:00Z,14148.987271174494
2242,2026-02-27T00:00:00Z,14148.987271174494
2243,2026-03-01T00:00:00Z,14148.987271174494
2244,2026-03-02T00:00:00Z,14148.987271174494
2245,2026-03-03T00:00:00Z,14148.987271174494
2246,2026-03-04T00:00:00Z,14148.987271174494
2247,2026-03-05T00:00:00Z,14148.987271174494
2248,2026-03-06T00:00:00Z,14148.987271174494
2249,2026-03-08T00:00:00Z,14148.987271174494
2250,2026-03-09T00:00:00Z,14148.987271174494
2251,2026-03-10T00:00:00Z,14148.987271174494
2252,2026-03-11T00:00:00Z,14148.987271174494
2253,2026-03-12T00:00:00Z,14148.987271174494
2254,2026-03-13T00:00:00Z,14148.987271174494
2255,2026-03-15T00:00:00Z,14148.987271174494
2256,2026-03-16T00:00:00Z,14148.987271174494
2257,2026-03-17T00:00:00Z,14148.987271174494
2258,2026-03-18T00:00:00Z,14148.987271174494
2259,2026-03-19T00:00:00Z,14148.987271174494
2260,2026-03-20T00:00:00Z,14148.987271174494
2261,2026-03-22T00:00:00Z,14148.987271174494
2262,2026-03-23T00:00:00Z,14148.987271174494
2263,2026-03-24T00:00:00Z,14148.987271174494
2264,2026-03-25T00:00:00Z,14148.987271174494
2265,2026-03-26T00:00:00Z,14148.987271174494
2266,2026-03-27T00:00:00Z,14148.987271174494
2267,2026-03-29T00:00:00Z,14148.987271174494
2268,2026-03-30T00:00:00Z,14148.987271174494
2269,2026-03-31T00:00:00Z,14148.987271174494
2270,2026-04-01T00:00:00Z,14148.987271174494
2271,2026-04-02T00:00:00Z,14148.987271174494
2272,2026-04-03T00:00:00Z,14148.987271174494
2273,2026-04-05T00:00:00Z,14148.987271174494
2274,2026-04-06T00:00:00Z,14148.987271174494
2275,2026-04-07T00:00:00Z,14148.987271174494
2276,2026-04-08T00:00:00Z,14148.987271174494
2277,2026-04-09T00:00:00Z,14148.987271174494
2278,2026-04-10T00:00:00Z,14148.987271174494
2279,2026-04-12T00:00:00Z,14148.987271174494
2280,2026-04-13T00:00:00Z,14148.987271174494
2281,2026-04-14T00:00:00Z,14148.987271174494
2282,2026-04-15T00:00:00Z,14148.987271174494
2283,2026-04-16T00:00:00Z,14148.987271174494
2284,2026-04-17T00:00:00Z,14148.987271174494
2285,2026-04-19T00:00:00Z,14148.987271174494
2286,2026-04-20T00:00:00Z,14148.987271174494
2287,2026-04-21T00:00:00Z,14148.987271174494
2288,2026-04-22T00:00:00Z,14148.987271174494
2289,2026-04-23T00:00:00Z,14148.987271174494
2290,2026-04-24T00:00:00Z,14148.987271174494
2291,2026-04-26T00:00:00Z,14148.987271174494
2292,2026-04-27T00:00:00Z,14148.987271174494
2293,2026-04-28T00:00:00Z,14148.987271174494
2294,2026-04-29T00:00:00Z,14148.987271174494
2295,2026-04-30T00:00:00Z,14148.987271174494
2296,2026-05-01T00:00:00Z,14148.987271174494
2297,2026-05-03T00:00:00Z,14148.987271174494
2298,2026-05-04T00:00:00Z,14148.987271174494
2299,2026-05-05T00:00:00Z,14148.987271174494
2300,2026-05-06T00:00:00Z,14148.987271174494
2301,2026-05-07T00:00:00Z,14148.987271174494
2302,2026-05-08T00:00:00Z,14148.987271174494
2303,2026-05-10T00:00:00Z,14148.987271174494
2304,2026-05-11T00:00:00Z,14148.987271174494
2305,2026-05-12T00:00:00Z,14148.987271174494
2306,2026-05-13T00:00:00Z,14148.987271174494
2307,2026-05-14T00:00:00Z,14148.987271174494
2308,2026-05-15T00:00:00Z,14148.987271174494
2309,2026-05-17T00:00:00Z,14148.987271174494
2310,2026-05-18T00:00:00Z,14148.987271174494
2311,2026-05-19T00:00:00Z,14148.987271174494
2312,2026-05-20T00:00:00Z,14148.987271174494
2313,2026-05-21T00:00:00Z,14148.987271174494
2314,2026-05-22T00:00:00Z,14148.987271174494
2315,2026-05-24T00:00:00Z,14148.987271174494
2316,2026-05-25T00:00:00Z,14148.987271174494
2317,2026-05-26T00:00:00Z,14148.987271174494
2318,2026-05-27T00:00:00Z,14148.987271174494
2319,2026-05-28T00:00:00Z,14148.987271174494
2320,2026-05-29T00:00:00Z,14148.987271174494
2321,2026-05-31T00:00:00Z,14148.987271174494
2322,2026-06-01T00:00:00Z,14148.987271174494
2323,2026-06-02T00:00:00Z,14148.987271174494
2324,2026-06-03T00:00:00Z,14148.987271174494
2325,2026-06-04T00:00:00Z,14148.987271174494
2326,2026-06-05T00:00:00Z,14148.987271174494
2327,2026-06-07T00:00:00Z,14148.987271174494
2328,2026-06-08T00:00:00Z,14148.987271174494
2329,2026-06-09T00:00:00Z,14148.987271174494
2330,2026-06-10T00:00:00Z,14148.987271174494
2331,2026-06-11T00:00:00Z,14148.987271174494
2332,2026-06-12T00:00:00Z,14148.987271174494
2333,2026-06-14T00:00:00Z,14148.987271174494
2334,2026-06-15T00:00:00Z,14148.987271174494
2335,2026-06-16T00:00:00Z,14148.987271174494
2336,2026-06-17T00:00:00Z,14148.987271174494
2337,2026-06-18T00:00:00Z,14148.987271174494
2338,2026-06-19T00:00:00Z,14148.987271174494
2339,2026-06-21T00:00:00Z,14148.987271174494
2340,2026-06-22T00:00:00Z,14148.987271174494
2341,2026-06-23T00:00:00Z,14148.987271174494
2342,2026-06-24T00:00:00Z,14148.987271174494
2343,2026-06-25T00:00:00Z,14148.987271174494
2344,2026-06-26T00:00:00Z,14148.987271174494
2345,2026-06-28T00:00:00Z,14148.987271174494
2346,2026-06-29T00:00:00Z,14148.987271174494
2347,2026-06-30T00:00:00Z,14148.987271174494
2348,2026-07-01T00:00:00Z,14148.987271174494
2349,2026-07-02T00:00:00Z,14148.987271174494
2350,2026-07-03T00:00:00Z,14148.987271174494
2351,2026-07-05T00:00:00Z,14148.987271174494
2352,2026-07-06T00:00:00Z,14148.987271174494
2353,2026-07-07T00:00:00Z,14148.987271174494
2354,2026-07-08T00:00:00Z,14148.987271174494
2355,2026-07-09T00:00:00Z,14148.987271174494
2356,2026-07-10T00:00:00Z,14148.987271174494
2357,2026-07-12T00:00:00Z,14148.987271174494
2358,2026-07-13T00:00:00Z,14148.987271174494
2359,2026-07-14T00:00:00Z,14148.987271174494
2360,2026-07-15T00:00:00Z,14148.987271174494
2361,2026-07-16T00:00:00Z,14148.987271174494
2362,2026-07-17T00:00:00Z,14148.987271174494
2363,2026-07-19T00:00:00Z,14148.987271174494
2364,2026-07-20T00:00:00Z,14148.987271174494
2365,2026-07-21T00:00:00Z,14148.987271174494
2366,2026-07-22T00:00:00Z,14148.987271174494
2367,2026-07-23T00:00:00Z,14148.987271174494
2368,2026-07-24T00:00:00Z,14148.987271174494
2369,2026-07-26T00:00:00Z,14148.987271174494
2370,2026-07-27T00:00:00Z,14148.987271174494
2371,2026-07-28T00:00:00Z,14148.987271174494
2372,2026-07-29T00:00:00Z,14148.987271174494
2373,2026-07-30T00:00:00Z,14148.987271174494
2374,2026-07-31T00:00:00Z,14148.987271174494
2375,2026-08-02T00:00:00Z,14148.987271174494
2376,2026-08-03T00:00:00Z,14148.987271174494
2377,2026-08-04T00:00:00Z,14148.987271174494
2378,2026-08-05T00:00:00Z,14148.987271174494
2379,2026-08-06T00:00:00Z,14148.987271174494
2380,2026-08-07T00:00:00Z,14148.987271174494
2381,2026-08-09T00:00:00Z,14148.987271174494
2382,2026-08-10T00:00:00Z,14148.987271174494
2383,2026-08-11T00:00:00Z,14148.987271174494
2384,2026-08-12T00:00:00Z,14148.987271174494
2385,2026-08-13T00:00:00Z,14148.987271174494
2386,2026-08-14T00:00:00Z,14148.987271174494
2387,2026-08-16T00:00:00Z,14148.987271174494
2388,2026-08-17T00:00:00Z,14148.987271174494
2389,2026-08-18T00:00:00Z,14148.987271174494
2390,2026-08-19T00:00:00Z,14148.987271174494
2391,2026-08-20T00:00:00Z,14148.987271174494
2392,2026-08-21T00:00:00Z,14148.987271174494
2393,2026-08-23T00:00:00Z,14148.987271174494
2394,2026-08-24T00:00:00Z,14148.987271174494
2395,2026-08-25T00:00:00Z,14148.987271174494
2396,2026-08-26T00:00:00Z,14148.987271174494
2397,2026-08-27T00:00:00Z,14148.987271174494
2398,2026-08-28T00:00:00Z,14148.987271174494
