timestamp_utc,timestamp_unix,open,high,low,close,tick_volume,real_volume,spread
2019-10-01T00:00:00Z,1569888000,-0.549,-0.549,-0.549,-0.549,0,0,0
2019-10-02T00:00:00Z,1569974400,-0.551,-0.551,-0.551,-0.551,0,0,0
2019-10-03T00:00:00Z,1570060800,-0.555,-0.555,-0.555,-0.555,0,0,0
2019-10-04T00:00:00Z,1570147200,-0.553,-0.553,-0.553,-0.553,0,0,0
2019-10-07T00:00:00Z,1570406400,-0.554,-0.554,-0.554,-0.554,0,0,0
2019-10-08T00:00:00Z,1570492800,-0.552,-0.552,-0.552,-0.552,0,0,0
2019-10-09T00:00:00Z,1570579200,-0.552,-0.552,-0.552,-0.552,0,0,0
2019-10-10T00:00:00Z,1570665600,-0.552,-0.552,-0.552,-0.552,0,0,0
2019-10-11T00:00:00Z,1570752000,-0.55,-0.55,-0.55,-0.55,0,0,0
2019-10-14T00:00:00Z,1571011200,-0.549,-0.549,-0.549,-0.549,0,0,0
2019-10-15T00:00:00Z,1571097600,-0.551,-0.551,-0.551,-0.551,0,0,0
2019-10-16T00:00:00Z,1571184000,-0.548,-0.548,-0.548,-0.548,0,0,0
2019-10-17T00:00:00Z,1571270400,-0.548,-0.548,-0.548,-0.548,0,0,0
2019-10-18T00:00:00Z,1571356800,-0.547,-0.547,-0.547,-0.547,0,0,0
2019-10-21T00:00:00Z,1571616000,-0.549,-0.549,-0.549,-0.549,0,0,0
2019-10-22T00:00:00Z,1571702400,-0.548,-0.548,-0.548,-0.548,0,0,0
2019-10-23T00:00:00Z,1571788800,-0.547,-0.547,-0.547,-0.547,0,0,0
2019-10-24T00:00:00Z,1571875200,-0.548,-0.548,-0.548,-0.548,0,0,0
2019-10-25T00:00:00Z,1571961600,-0.548,-0.548,-0.548,-0.548,0,0,0
2019-10-28T00:00:00Z,1572220800,-0.548,-0.548,-0.548,-0.548,0,0,0
2019-10-29T00:00:00Z,1572307200,-0.545,-0.545,-0.545,-0.545,0,0,0
2019-10-30T00:00:00Z,1572393600,-0.545,-0.545,-0.545,-0.545,0,0,0
2019-10-31T00:00:00Z,1572480000,-0.543,-0.543,-0.543,-0.543,0,0,0
2019-11-01T00:00:00Z,1572566400,-0.549,-0.549,-0.549,-0.549,0,0,0
2019-11-04T00:00:00Z,1572825600,-0.536,-0.536,-0.536,-0.536,0,0,0
2019-11-05T00:00:00Z,1572912000,-0.541,-0.541,-0.541,-0.541,0,0,0
2019-11-06T00:00:00Z,1572998400,-0.539,-0.539,-0.539,-0.539,0,0,0
2019-11-07T00:00:00Z,1573084800,-0.537,-0.537,-0.537,-0.537,0,0,0
2019-11-08T00:00:00Z,1573171200,-0.54,-0.54,-0.54,-0.54,0,0,0
2019-11-11T00:00:00Z,1573430400,-0.541,-0.541,-0.541,-0.541,0,0,0
2019-11-12T00:00:00Z,1573516800,-0.537,-0.537,-0.537,-0.537,0,0,0
2019-11-13T00:00:00Z,1573603200,-0.531,-0.531,-0.531,-0.531,0,0,0
2019-11-14T00:00:00Z,1573689600,-0.536,-0.536,-0.536,-0.536,0,0,0
2019-11-15T00:00:00Z,1573776000,-0.541,-0.541,-0.541,-0.541,0,0,0
2019-11-18T00:00:00Z,1574035200,-0.541,-0.541,-0.541,-0.541,0,0,0
2019-11-19T00:00:00Z,1574121600,-0.542,-0.542,-0.542,-0.542,0,0,0
2019-11-20T00:00:00Z,1574208000,-0.511,-0.511,-0.511,-0.511,0,0,0
2019-11-21T00:00:00Z,1574294400,-0.542,-0.542,-0.542,-0.542,0,0,0
2019-11-22T00:00:00Z,1574380800,-0.536,-0.536,-0.536,-0.536,0,0,0
2019-11-25T00:00:00Z,1574640000,-0.533,-0.533,-0.533,-0.533,0,0,0
2019-11-26T00:00:00Z,1574726400,-0.533,-0.533,-0.533,-0.533,0,0,0
2019-11-27T00:00:00Z,1574812800,-0.533,-0.533,-0.533,-0.533,0,0,0
2019-11-28T00:00:00Z,1574899200,-0.531,-0.531,-0.531,-0.531,0,0,0
2019-11-29T00:00:00Z,1574985600,-0.532,-0.532,-0.532,-0.532,0,0,0
2019-12-02T00:00:00Z,1575244800,-0.541,-0.541,-0.541,-0.541,0,0,0
2019-12-03T00:00:00Z,1575331200,-0.539,-0.539,-0.539,-0.539,0,0,0
2019-12-04T00:00:00Z,1575417600,-0.54,-0.54,-0.54,-0.54,0,0,0
2019-12-05T00:00:00Z,1575504000,-0.54,-0.54,-0.54,-0.54,0,0,0
2019-12-06T00:00:00Z,1575590400,-0.541,-0.541,-0.541,-0.541,0,0,0
2019-12-09T00:00:00Z,1575849600,-0.541,-0.541,-0.541,-0.541,0,0,0
2019-12-10T00:00:00Z,1575936000,-0.544,-0.544,-0.544,-0.544,0,0,0
2019-12-11T00:00:00Z,1576022400,-0.544,-0.544,-0.544,-0.544,0,0,0
2019-12-12T00:00:00Z,1576108800,-0.544,-0.544,-0.544,-0.544,0,0,0
2019-12-13T00:00:00Z,1576195200,-0.543,-0.543,-0.543,-0.543,0,0,0
2019-12-16T00:00:00Z,1576454400,-0.543,-0.543,-0.543,-0.543,0,0,0
2019-12-17T00:00:00Z,1576540800,-0.536,-0.536,-0.536,-0.536,0,0,0
2019-12-18T00:00:00Z,1576627200,-0.54,-0.54,-0.54,-0.54,0,0,0
2019-12-19T00:00:00Z,1576713600,-0.54,-0.54,-0.54,-0.54,0,0,0
2019-12-20T00:00:00Z,1576800000,-0.54,-0.54,-0.54,-0.54,0,0,0
2019-12-23T00:00:00Z,1577059200,-0.545,-0.545,-0.545,-0.545,0,0,0
2019-12-24T00:00:00Z,1577145600,-0.549,-0.549,-0.549,-0.549,0,0,0
2019-12-27T00:00:00Z,1577404800,-0.542,-0.542,-0.542,-0.542,0,0,0
2019-12-30T00:00:00Z,1577664000,-0.541,-0.541,-0.541,-0.541,0,0,0
2019-12-31T00:00:00Z,1577750400,-0.531,-0.531,-0.531,-0.531,0,0,0
2020-01-02T00:00:00Z,1577923200,-0.539,-0.539,-0.539,-0.539,0,0,0
2020-01-03T00:00:00Z,1578009600,-0.537,-0.537,-0.537,-0.537,0,0,0
2020-01-06T00:00:00Z,1578268800,-0.539,-0.539,-0.539,-0.539,0,0,0
2020-01-07T00:00:00Z,1578355200,-0.54,-0.54,-0.54,-0.54,0,0,0
2020-01-08T00:00:00Z,1578441600,-0.536,-0.536,-0.536,-0.536,0,0,0
2020-01-09T00:00:00Z,1578528000,-0.539,-0.539,-0.539,-0.539,0,0,0
2020-01-10T00:00:00Z,1578614400,-0.538,-0.538,-0.538,-0.538,0,0,0
2020-01-13T00:00:00Z,1578873600,-0.537,-0.537,-0.537,-0.537,0,0,0
2020-01-14T00:00:00Z,1578960000,-0.538,-0.538,-0.538,-0.538,0,0,0
2020-01-15T00:00:00Z,1579046400,-0.538,-0.538,-0.538,-0.538,0,0,0
2020-01-16T00:00:00Z,1579132800,-0.536,-0.536,-0.536,-0.536,0,0,0
2020-01-17T00:00:00Z,1579219200,-0.537,-0.537,-0.537,-0.537,0,0,0
2020-01-20T00:00:00Z,1579478400,-0.538,-0.538,-0.538,-0.538,0,0,0
2020-01-21T00:00:00Z,1579564800,-0.535,-0.535,-0.535,-0.535,0,0,0
2020-01-22T00:00:00Z,1579651200,-0.536,-0.536,-0.536,-0.536,0,0,0
2020-01-23T00:00:00Z,1579737600,-0.537,-0.537,-0.537,-0.537,0,0,0
2020-01-24T00:00:00Z,1579824000,-0.537,-0.537,-0.537,-0.537,0,0,0
2020-01-27T00:00:00Z,1580083200,-0.538,-0.538,-0.538,-0.538,0,0,0
2020-01-28T00:00:00Z,1580169600,-0.536,-0.536,-0.536,-0.536,0,0,0
2020-01-29T00:00:00Z,1580256000,-0.54,-0.54,-0.54,-0.54,0,0,0
2020-01-30T00:00:00Z,1580342400,-0.539,-0.539,-0.539,-0.539,0,0,0
2020-01-31T00:00:00Z,1580428800,-0.539,-0.539,-0.539,-0.539,0,0,0
2020-02-03T00:00:00Z,1580688000,-0.537,-0.537,-0.537,-0.537,0,0,0
2020-02-04T00:00:00Z,1580774400,-0.536,-0.536,-0.536,-0.536,0,0,0
2020-02-05T00:00:00Z,1580860800,-0.536,-0.536,-0.536,-0.536,0,0,0
2020-02-06T00:00:00Z,1580947200,-0.535,-0.535,-0.535,-0.535,0,0,0
2020-02-07T00:00:00Z,1581033600,-0.537,-0.537,-0.537,-0.537,0,0,0
2020-02-10T00:00:00Z,1581292800,-0.537,-0.537,-0.537,-0.537,0,0,0
2020-02-11T00:00:00Z,1581379200,-0.541,-0.541,-0.541,-0.541,0,0,0
2020-02-12T00:00:00Z,1581465600,-0.541,-0.541,-0.541,-0.541,0,0,0
2020-02-13T00:00:00Z,1581552000,-0.54,-0.54,-0.54,-0.54,0,0,0
2020-02-14T00:00:00Z,1581638400,-0.538,-0.538,-0.538,-0.538,0,0,0
2020-02-17T00:00:00Z,1581897600,-0.541,-0.541,-0.541,-0.541,0,0,0
2020-02-18T00:00:00Z,1581984000,-0.536,-0.536,-0.536,-0.536,0,0,0
2020-02-19T00:00:00Z,1582070400,-0.538,-0.538,-0.538,-0.538,0,0,0
2020-02-20T00:00:00Z,1582156800,-0.538,-0.538,-0.538,-0.538,0,0,0
2020-02-21T00:00:00Z,1582243200,-0.539,-0.539,-0.539,-0.539,0,0,0
2020-02-24T00:00:00Z,1582502400,-0.54,-0.54,-0.54,-0.54,0,0,0
2020-02-25T00:00:00Z,1582588800,-0.539,-0.539,-0.539,-0.539,0,0,0
2020-02-26T00:00:00Z,1582675200,-0.539,-0.539,-0.539,-0.539,0,0,0
2020-02-27T00:00:00Z,1582761600,-0.538,-0.538,-0.538,-0.538,0,0,0
2020-02-28T00:00:00Z,1582848000,-0.54,-0.54,-0.54,-0.54,0,0,0
2020-03-02T00:00:00Z,1583107200,-0.542,-0.542,-0.542,-0.542,0,0,0
2020-03-03T00:00:00Z,1583193600,-0.542,-0.542,-0.542,-0.542,0,0,0
2020-03-04T00:00:00Z,1583280000,-0.541,-0.541,-0.541,-0.541,0,0,0
2020-03-05T00:00:00Z,1583366400,-0.54,-0.54,-0.54,-0.54,0,0,0
2020-03-06T00:00:00Z,1583452800,-0.541,-0.541,-0.541,-0.541,0,0,0
2020-03-09T00:00:00Z,1583712000,-0.539,-0.539,-0.539,-0.539,0,0,0
2020-03-10T00:00:00Z,1583798400,-0.541,-0.541,-0.541,-0.541,0,0,0
2020-03-11T00:00:00Z,1583884800,-0.543,-0.543,-0.543,-0.543,0,0,0
2020-03-12T00:00:00Z,1583971200,-0.54,-0.54,-0.54,-0.54,0,0,0
2020-03-13T00:00:00Z,1584057600,-0.541,-0.541,-0.541,-0.541,0,0,0
2020-03-16T00:00:00Z,1584316800,-0.536,-0.536,-0.536,-0.536,0,0,0
2020-03-17T00:00:00Z,1584403200,-0.531,-0.531,-0.531,-0.531,0,0,0
2020-03-18T00:00:00Z,1584489600,-0.529,-0.529,-0.529,-0.529,0,0,0
2020-03-19T00:00:00Z,1584576000,-0.526,-0.526,-0.526,-0.526,0,0,0
2020-03-20T00:00:00Z,1584662400,-0.524,-0.524,-0.524,-0.524,0,0,0
2020-03-23T00:00:00Z,1584921600,-0.525,-0.525,-0.525,-0.525,0,0,0
2020-03-24T00:00:00Z,1585008000,-0.527,-0.527,-0.527,-0.527,0,0,0
2020-03-25T00:00:00Z,1585094400,-0.527,-0.527,-0.527,-0.527,0,0,0
2020-03-26T00:00:00Z,1585180800,-0.529,-0.529,-0.529,-0.529,0,0,0
2020-03-27T00:00:00Z,1585267200,-0.53,-0.53,-0.53,-0.53,0,0,0
2020-03-30T00:00:00Z,1585526400,-0.528,-0.528,-0.528,-0.528,0,0,0
2020-03-31T00:00:00Z,1585612800,-0.522,-0.522,-0.522,-0.522,0,0,0
2020-04-01T00:00:00Z,1585699200,-0.527,-0.527,-0.527,-0.527,0,0,0
2020-04-02T00:00:00Z,1585785600,-0.534,-0.534,-0.534,-0.534,0,0,0
2020-04-03T00:00:00Z,1585872000,-0.539,-0.539,-0.539,-0.539,0,0,0
2020-04-06T00:00:00Z,1586131200,-0.533,-0.533,-0.533,-0.533,0,0,0
2020-04-07T00:00:00Z,1586217600,-0.533,-0.533,-0.533,-0.533,0,0,0
2020-04-08T00:00:00Z,1586304000,-0.535,-0.535,-0.535,-0.535,0,0,0
2020-04-09T00:00:00Z,1586390400,-0.536,-0.536,-0.536,-0.536,0,0,0
2020-04-14T00:00:00Z,1586822400,-0.534,-0.534,-0.534,-0.534,0,0,0
2020-04-15T00:00:00Z,1586908800,-0.535,-0.535,-0.535,-0.535,0,0,0
2020-04-16T00:00:00Z,1586995200,-0.534,-0.534,-0.534,-0.534,0,0,0
2020-04-17T00:00:00Z,1587081600,-0.538,-0.538,-0.538,-0.538,0,0,0
2020-04-20T00:00:00Z,1587340800,-0.541,-0.541,-0.541,-0.541,0,0,0
2020-04-21T00:00:00Z,1587427200,-0.541,-0.541,-0.541,-0.541,0,0,0
2020-04-22T00:00:00Z,1587513600,-0.539,-0.539,-0.539,-0.539,0,0,0
2020-04-23T00:00:00Z,1587600000,-0.539,-0.539,-0.539,-0.539,0,0,0
2020-04-24T00:00:00Z,1587686400,-0.539,-0.539,-0.539,-0.539,0,0,0
2020-04-27T00:00:00Z,1587945600,-0.539,-0.539,-0.539,-0.539,0,0,0
2020-04-28T00:00:00Z,1588032000,-0.541,-0.541,-0.541,-0.541,0,0,0
2020-04-29T00:00:00Z,1588118400,-0.543,-0.543,-0.543,-0.543,0,0,0
2020-04-30T00:00:00Z,1588204800,-0.531,-0.531,-0.531,-0.531,0,0,0
2020-05-04T00:00:00Z,1588550400,-0.543,-0.543,-0.543,-0.543,0,0,0
2020-05-05T00:00:00Z,1588636800,-0.539,-0.539,-0.539,-0.539,0,0,0
2020-05-06T00:00:00Z,1588723200,-0.542,-0.542,-0.542,-0.542,0,0,0
2020-05-07T00:00:00Z,1588809600,-0.541,-0.541,-0.541,-0.541,0,0,0
2020-05-08T00:00:00Z,1588896000,-0.541,-0.541,-0.541,-0.541,0,0,0
2020-05-11T00:00:00Z,1589155200,-0.544,-0.544,-0.544,-0.544,0,0,0
2020-05-12T00:00:00Z,1589241600,-0.543,-0.543,-0.543,-0.543,0,0,0
2020-05-13T00:00:00Z,1589328000,-0.542,-0.542,-0.542,-0.542,0,0,0
2020-05-14T00:00:00Z,1589414400,-0.541,-0.541,-0.541,-0.541,0,0,0
2020-05-15T00:00:00Z,1589500800,-0.543,-0.543,-0.543,-0.543,0,0,0
2020-05-18T00:00:00Z,1589760000,-0.542,-0.542,-0.542,-0.542,0,0,0
2020-05-19T00:00:00Z,1589846400,-0.542,-0.542,-0.542,-0.542,0,0,0
2020-05-20T00:00:00Z,1589932800,-0.545,-0.545,-0.545,-0.545,0,0,0
2020-05-21T00:00:00Z,1590019200,-0.545,-0.545,-0.545,-0.545,0,0,0
2020-05-22T00:00:00Z,1590105600,-0.539,-0.539,-0.539,-0.539,0,0,0
2020-05-25T00:00:00Z,1590364800,-0.54,-0.54,-0.54,-0.54,0,0,0
2020-05-26T00:00:00Z,1590451200,-0.541,-0.541,-0.541,-0.541,0,0,0
2020-05-27T00:00:00Z,1590537600,-0.541,-0.541,-0.541,-0.541,0,0,0
2020-05-28T00:00:00Z,1590624000,-0.541,-0.541,-0.541,-0.541,0,0,0
2020-05-29T00:00:00Z,1590710400,-0.54,-0.54,-0.54,-0.54,0,0,0
2020-06-01T00:00:00Z,1590969600,-0.546,-0.546,-0.546,-0.546,0,0,0
2020-06-02T00:00:00Z,1591056000,-0.542,-0.542,-0.542,-0.542,0,0,0
2020-06-03T00:00:00Z,1591142400,-0.543,-0.543,-0.543,-0.543,0,0,0
2020-06-04T00:00:00Z,1591228800,-0.545,-0.545,-0.545,-0.545,0,0,0
2020-06-05T00:00:00Z,1591315200,-0.544,-0.544,-0.544,-0.544,0,0,0
2020-06-08T00:00:00Z,1591574400,-0.547,-0.547,-0.547,-0.547,0,0,0
2020-06-09T00:00:00Z,1591660800,-0.542,-0.542,-0.542,-0.542,0,0,0
2020-06-10T00:00:00Z,1591747200,-0.548,-0.548,-0.548,-0.548,0,0,0
2020-06-11T00:00:00Z,1591833600,-0.547,-0.547,-0.547,-0.547,0,0,0
2020-06-12T00:00:00Z,1591920000,-0.546,-0.546,-0.546,-0.546,0,0,0
2020-06-15T00:00:00Z,1592179200,-0.547,-0.547,-0.547,-0.547,0,0,0
2020-06-16T00:00:00Z,1592265600,-0.546,-0.546,-0.546,-0.546,0,0,0
2020-06-17T00:00:00Z,1592352000,-0.544,-0.544,-0.544,-0.544,0,0,0
2020-06-18T00:00:00Z,1592438400,-0.544,-0.544,-0.544,-0.544,0,0,0
2020-06-19T00:00:00Z,1592524800,-0.546,-0.546,-0.546,-0.546,0,0,0
2020-06-22T00:00:00Z,1592784000,-0.545,-0.545,-0.545,-0.545,0,0,0
2020-06-23T00:00:00Z,1592870400,-0.544,-0.544,-0.544,-0.544,0,0,0
2020-06-24T00:00:00Z,1592956800,-0.546,-0.546,-0.546,-0.546,0,0,0
2020-06-25T00:00:00Z,1593043200,-0.547,-0.547,-0.547,-0.547,0,0,0
2020-06-26T00:00:00Z,1593129600,-0.547,-0.547,-0.547,-0.547,0,0,0
2020-06-29T00:00:00Z,1593388800,-0.545,-0.545,-0.545,-0.545,0,0,0
2020-06-30T00:00:00Z,1593475200,-0.555,-0.555,-0.555,-0.555,0,0,0
2020-07-01T00:00:00Z,1593561600,-0.548,-0.548,-0.548,-0.548,0,0,0
2020-07-02T00:00:00Z,1593648000,-0.548,-0.548,-0.548,-0.548,0,0,0
2020-07-03T00:00:00Z,1593734400,-0.549,-0.549,-0.549,-0.549,0,0,0
2020-07-06T00:00:00Z,1593993600,-0.55,-0.55,-0.55,-0.55,0,0,0
2020-07-07T00:00:00Z,1594080000,-0.55,-0.55,-0.55,-0.55,0,0,0
2020-07-08T00:00:00Z,1594166400,-0.549,-0.549,-0.549,-0.549,0,0,0
2020-07-09T00:00:00Z,1594252800,-0.549,-0.549,-0.549,-0.549,0,0,0
2020-07-10T00:00:00Z,1594339200,-0.549,-0.549,-0.549,-0.549,0,0,0
2020-07-13T00:00:00Z,1594598400,-0.552,-0.552,-0.552,-0.552,0,0,0
2020-07-14T00:00:00Z,1594684800,-0.551,-0.551,-0.551,-0.551,0,0,0
2020-07-15T00:00:00Z,1594771200,-0.551,-0.551,-0.551,-0.551,0,0,0
2020-07-16T00:00:00Z,1594857600,-0.541,-0.541,-0.541,-0.541,0,0,0
2020-07-17T00:00:00Z,1594944000,-0.551,-0.551,-0.551,-0.551,0,0,0
2020-07-20T00:00:00Z,1595203200,-0.551,-0.551,-0.551,-0.551,0,0,0
2020-07-21T00:00:00Z,1595289600,-0.549,-0.549,-0.549,-0.549,0,0,0
2020-07-22T00:00:00Z,1595376000,-0.55,-0.55,-0.55,-0.55,0,0,0
2020-07-23T00:00:00Z,1595462400,-0.55,-0.55,-0.55,-0.55,0,0,0
2020-07-24T00:00:00Z,1595548800,-0.551,-0.551,-0.551,-0.551,0,0,0
2020-07-27T00:00:00Z,1595808000,-0.552,-0.552,-0.552,-0.552,0,0,0
2020-07-28T00:00:00Z,1595894400,-0.551,-0.551,-0.551,-0.551,0,0,0
2020-07-29T00:00:00Z,1595980800,-0.553,-0.553,-0.553,-0.553,0,0,0
2020-07-30T00:00:00Z,1596067200,-0.552,-0.552,-0.552,-0.552,0,0,0
2020-07-31T00:00:00Z,1596153600,-0.55,-0.55,-0.55,-0.55,0,0,0
2020-08-03T00:00:00Z,1596412800,-0.552,-0.552,-0.552,-0.552,0,0,0
2020-08-04T00:00:00Z,1596499200,-0.551,-0.551,-0.551,-0.551,0,0,0
2020-08-05T00:00:00Z,1596585600,-0.552,-0.552,-0.552,-0.552,0,0,0
2020-08-06T00:00:00Z,1596672000,-0.553,-0.553,-0.553,-0.553,0,0,0
2020-08-07T00:00:00Z,1596758400,-0.553,-0.553,-0.553,-0.553,0,0,0
2020-08-10T00:00:00Z,1597017600,-0.554,-0.554,-0.554,-0.554,0,0,0
2020-08-11T00:00:00Z,1597104000,-0.552,-0.552,-0.552,-0.552,0,0,0
2020-08-12T00:00:00Z,1597190400,-0.552,-0.552,-0.552,-0.552,0,0,0
2020-08-13T00:00:00Z,1597276800,-0.552,-0.552,-0.552,-0.552,0,0,0
2020-08-14T00:00:00Z,1597363200,-0.549,-0.549,-0.549,-0.549,0,0,0
2020-08-17T00:00:00Z,1597622400,-0.553,-0.553,-0.553,-0.553,0,0,0
2020-08-18T00:00:00Z,1597708800,-0.554,-0.554,-0.554,-0.554,0,0,0
2020-08-19T00:00:00Z,1597795200,-0.553,-0.553,-0.553,-0.553,0,0,0
2020-08-20T00:00:00Z,1597881600,-0.553,-0.553,-0.553,-0.553,0,0,0
2020-08-21T00:00:00Z,1597968000,-0.554,-0.554,-0.554,-0.554,0,0,0
2020-08-24T00:00:00Z,1598227200,-0.552,-0.552,-0.552,-0.552,0,0,0
2020-08-25T00:00:00Z,1598313600,-0.553,-0.553,-0.553,-0.553,0,0,0
2020-08-26T00:00:00Z,1598400000,-0.554,-0.554,-0.554,-0.554,0,0,0
2020-08-27T00:00:00Z,1598486400,-0.552,-0.552,-0.552,-0.552,0,0,0
2020-08-28T00:00:00Z,1598572800,-0.552,-0.552,-0.552,-0.552,0,0,0
2020-08-31T00:00:00Z,1598832000,-0.557,-0.557,-0.557,-0.557,0,0,0
2020-09-01T00:00:00Z,1598918400,-0.554,-0.554,-0.554,-0.554,0,0,0
2020-09-02T00:00:00Z,1599004800,-0.555,-0.555,-0.555,-0.555,0,0,0
2020-09-03T00:00:00Z,1599091200,-0.551,-0.551,-0.551,-0.551,0,0,0
2020-09-04T00:00:00Z,1599177600,-0.552,-0.552,-0.552,-0.552,0,0,0
2020-09-07T00:00:00Z,1599436800,-0.551,-0.551,-0.551,-0.551,0,0,0
2020-09-08T00:00:00Z,1599523200,-0.553,-0.553,-0.553,-0.553,0,0,0
2020-09-09T00:00:00Z,1599609600,-0.554,-0.554,-0.554,-0.554,0,0,0
2020-09-10T00:00:00Z,1599696000,-0.554,-0.554,-0.554,-0.554,0,0,0
2020-09-11T00:00:00Z,1599782400,-0.553,-0.553,-0.553,-0.553,0,0,0
2020-09-14T00:00:00Z,1600041600,-0.555,-0.555,-0.555,-0.555,0,0,0
2020-09-15T00:00:00Z,1600128000,-0.551,-0.551,-0.551,-0.551,0,0,0
2020-09-16T00:00:00Z,1600214400,-0.556,-0.556,-0.556,-0.556,0,0,0
2020-09-17T00:00:00Z,1600300800,-0.553,-0.553,-0.553,-0.553,0,0,0
2020-09-18T00:00:00Z,1600387200,-0.552,-0.552,-0.552,-0.552,0,0,0
2020-09-21T00:00:00Z,1600646400,-0.552,-0.552,-0.552,-0.552,0,0,0
2020-09-22T00:00:00Z,1600732800,-0.552,-0.552,-0.552,-0.552,0,0,0
2020-09-23T00:00:00Z,1600819200,-0.551,-0.551,-0.551,-0.551,0,0,0
2020-09-24T00:00:00Z,1600905600,-0.553,-0.553,-0.553,-0.553,0,0,0
2020-09-25T00:00:00Z,1600992000,-0.554,-0.554,-0.554,-0.554,0,0,0
2020-09-28T00:00:00Z,1601251200,-0.555,-0.555,-0.555,-0.555,0,0,0
2020-09-29T00:00:00Z,1601337600,-0.556,-0.556,-0.556,-0.556,0,0,0
2020-09-30T00:00:00Z,1601424000,-0.57,-0.57,-0.57,-0.57,0,0,0
2020-10-01T00:00:00Z,1601510400,-0.558,-0.558,-0.558,-0.558,0,0,0
2020-10-02T00:00:00Z,1601596800,-0.555,-0.555,-0.555,-0.555,0,0,0
2020-10-05T00:00:00Z,1601856000,-0.555,-0.555,-0.555,-0.555,0,0,0
2020-10-06T00:00:00Z,1601942400,-0.556,-0.556,-0.556,-0.556,0,0,0
2020-10-07T00:00:00Z,1602028800,-0.555,-0.555,-0.555,-0.555,0,0,0
2020-10-08T00:00:00Z,1602115200,-0.553,-0.553,-0.553,-0.553,0,0,0
2020-10-09T00:00:00Z,1602201600,-0.553,-0.553,-0.553,-0.553,0,0,0
2020-10-12T00:00:00Z,1602460800,-0.556,-0.556,-0.556,-0.556,0,0,0
2020-10-13T00:00:00Z,1602547200,-0.555,-0.555,-0.555,-0.555,0,0,0
2020-10-14T00:00:00Z,1602633600,-0.556,-0.556,-0.556,-0.556,0,0,0
2020-10-15T00:00:00Z,1602720000,-0.556,-0.556,-0.556,-0.556,0,0,0
2020-10-16T00:00:00Z,1602806400,-0.553,-0.553,-0.553,-0.553,0,0,0
2020-10-19T00:00:00Z,1603065600,-0.553,-0.553,-0.553,-0.553,0,0,0
2020-10-20T00:00:00Z,1603152000,-0.553,-0.553,-0.553,-0.553,0,0,0
2020-10-21T00:00:00Z,1603238400,-0.552,-0.552,-0.552,-0.552,0,0,0
2020-10-22T00:00:00Z,1603324800,-0.554,-0.554,-0.554,-0.554,0,0,0
2020-10-23T00:00:00Z,1603411200,-0.553,-0.553,-0.553,-0.553,0,0,0
2020-10-26T00:00:00Z,1603670400,-0.552,-0.552,-0.552,-0.552,0,0,0
2020-10-27T00:00:00Z,1603756800,-0.554,-0.554,-0.554,-0.554,0,0,0
2020-10-28T00:00:00Z,1603843200,-0.555,-0.555,-0.555,-0.555,0,0,0
2020-10-29T00:00:00Z,1603929600,-0.552,-0.552,-0.552,-0.552,0,0,0
2020-10-30T00:00:00Z,1604016000,-0.557,-0.557,-0.557,-0.557,0,0,0
2020-11-02T00:00:00Z,1604275200,-0.555,-0.555,-0.555,-0.555,0,0,0
2020-11-03T00:00:00Z,1604361600,-0.553,-0.553,-0.553,-0.553,0,0,0
2020-11-04T00:00:00Z,1604448000,-0.558,-0.558,-0.558,-0.558,0,0,0
2020-11-05T00:00:00Z,1604534400,-0.556,-0.556,-0.556,-0.556,0,0,0
2020-11-06T00:00:00Z,1604620800,-0.558,-0.558,-0.558,-0.558,0,0,0
2020-11-09T00:00:00Z,1604880000,-0.558,-0.558,-0.558,-0.558,0,0,0
2020-11-10T00:00:00Z,1604966400,-0.557,-0.557,-0.557,-0.557,0,0,0
2020-11-11T00:00:00Z,1605052800,-0.558,-0.558,-0.558,-0.558,0,0,0
2020-11-12T00:00:00Z,1605139200,-0.548,-0.548,-0.548,-0.548,0,0,0
2020-11-13T00:00:00Z,1605225600,-0.556,-0.556,-0.556,-0.556,0,0,0
2020-11-16T00:00:00Z,1605484800,-0.558,-0.558,-0.558,-0.558,0,0,0
2020-11-17T00:00:00Z,1605571200,-0.557,-0.557,-0.557,-0.557,0,0,0
2020-11-18T00:00:00Z,1605657600,-0.557,-0.557,-0.557,-0.557,0,0,0
2020-11-19T00:00:00Z,1605744000,-0.557,-0.557,-0.557,-0.557,0,0,0
2020-11-20T00:00:00Z,1605830400,-0.557,-0.557,-0.557,-0.557,0,0,0
2020-11-23T00:00:00Z,1606089600,-0.557,-0.557,-0.557,-0.557,0,0,0
2020-11-24T00:00:00Z,1606176000,-0.556,-0.556,-0.556,-0.556,0,0,0
2020-11-25T00:00:00Z,1606262400,-0.554,-0.554,-0.554,-0.554,0,0,0
2020-11-26T00:00:00Z,1606348800,-0.556,-0.556,-0.556,-0.556,0,0,0
2020-11-27T00:00:00Z,1606435200,-0.557,-0.557,-0.557,-0.557,0,0,0
2020-11-30T00:00:00Z,1606694400,-0.56,-0.56,-0.56,-0.56,0,0,0
2020-12-01T00:00:00Z,1606780800,-0.557,-0.557,-0.557,-0.557,0,0,0
2020-12-02T00:00:00Z,1606867200,-0.556,-0.556,-0.556,-0.556,0,0,0
2020-12-03T00:00:00Z,1606953600,-0.556,-0.556,-0.556,-0.556,0,0,0
2020-12-04T00:00:00Z,1607040000,-0.555,-0.555,-0.555,-0.555,0,0,0
2020-12-07T00:00:00Z,1607299200,-0.555,-0.555,-0.555,-0.555,0,0,0
2020-12-08T00:00:00Z,1607385600,-0.559,-0.559,-0.559,-0.559,0,0,0
2020-12-09T00:00:00Z,1607472000,-0.556,-0.556,-0.556,-0.556,0,0,0
2020-12-10T00:00:00Z,1607558400,-0.556,-0.556,-0.556,-0.556,0,0,0
2020-12-11T00:00:00Z,1607644800,-0.557,-0.557,-0.557,-0.557,0,0,0
2020-12-14T00:00:00Z,1607904000,-0.558,-0.558,-0.558,-0.558,0,0,0
2020-12-15T00:00:00Z,1607990400,-0.551,-0.551,-0.551,-0.551,0,0,0
2020-12-16T00:00:00Z,1608076800,-0.557,-0.557,-0.557,-0.557,0,0,0
2020-12-17T00:00:00Z,1608163200,-0.556,-0.556,-0.556,-0.556,0,0,0
2020-12-18T00:00:00Z,1608249600,-0.558,-0.558,-0.558,-0.558,0,0,0
2020-12-21T00:00:00Z,1608508800,-0.557,-0.557,-0.557,-0.557,0,0,0
2020-12-22T00:00:00Z,1608595200,-0.558,-0.558,-0.558,-0.558,0,0,0
2020-12-23T00:00:00Z,1608681600,-0.559,-0.559,-0.559,-0.559,0,0,0
2020-12-24T00:00:00Z,1608768000,-0.555,-0.555,-0.555,-0.555,0,0,0
2020-12-28T00:00:00Z,1609113600,-0.553,-0.553,-0.553,-0.553,0,0,0
2020-12-29T00:00:00Z,1609200000,-0.557,-0.557,-0.557,-0.557,0,0,0
2020-12-30T00:00:00Z,1609286400,-0.555,-0.555,-0.555,-0.555,0,0,0
2020-12-31T00:00:00Z,1609372800,-0.583,-0.583,-0.583,-0.583,0,0,0
2021-01-04T00:00:00Z,1609718400,-0.566,-0.566,-0.566,-0.566,0,0,0
2021-01-05T00:00:00Z,1609804800,-0.563,-0.563,-0.563,-0.563,0,0,0
2021-01-06T00:00:00Z,1609891200,-0.566,-0.566,-0.566,-0.566,0,0,0
2021-01-07T00:00:00Z,1609977600,-0.565,-0.565,-0.565,-0.565,0,0,0
2021-01-08T00:00:00Z,1610064000,-0.562,-0.562,-0.562,-0.562,0,0,0
2021-01-11T00:00:00Z,1610323200,-0.564,-0.564,-0.564,-0.564,0,0,0
2021-01-12T00:00:00Z,1610409600,-0.563,-0.563,-0.563,-0.563,0,0,0
2021-01-13T00:00:00Z,1610496000,-0.562,-0.562,-0.562,-0.562,0,0,0
2021-01-14T00:00:00Z,1610582400,-0.564,-0.564,-0.564,-0.564,0,0,0
2021-01-15T00:00:00Z,1610668800,-0.566,-0.566,-0.566,-0.566,0,0,0
2021-01-18T00:00:00Z,1610928000,-0.565,-0.565,-0.565,-0.565,0,0,0
2021-01-19T00:00:00Z,1611014400,-0.564,-0.564,-0.564,-0.564,0,0,0
2021-01-20T00:00:00Z,1611100800,-0.564,-0.564,-0.564,-0.564,0,0,0
2021-01-21T00:00:00Z,1611187200,-0.562,-0.562,-0.562,-0.562,0,0,0
2021-01-22T00:00:00Z,1611273600,-0.561,-0.561,-0.561,-0.561,0,0,0
2021-01-25T00:00:00Z,1611532800,-0.564,-0.564,-0.564,-0.564,0,0,0
2021-01-26T00:00:00Z,1611619200,-0.558,-0.558,-0.558,-0.558,0,0,0
2021-01-27T00:00:00Z,1611705600,-0.563,-0.563,-0.563,-0.563,0,0,0
2021-01-28T00:00:00Z,1611792000,-0.561,-0.561,-0.561,-0.561,0,0,0
2021-01-29T00:00:00Z,1611878400,-0.564,-0.564,-0.564,-0.564,0,0,0
2021-02-01T00:00:00Z,1612137600,-0.566,-0.566,-0.566,-0.566,0,0,0
2021-02-02T00:00:00Z,1612224000,-0.564,-0.564,-0.564,-0.564,0,0,0
2021-02-03T00:00:00Z,1612310400,-0.558,-0.558,-0.558,-0.558,0,0,0
2021-02-04T00:00:00Z,1612396800,-0.564,-0.564,-0.564,-0.564,0,0,0
2021-02-05T00:00:00Z,1612483200,-0.565,-0.565,-0.565,-0.565,0,0,0
2021-02-08T00:00:00Z,1612742400,-0.563,-0.563,-0.563,-0.563,0,0,0
2021-02-09T00:00:00Z,1612828800,-0.564,-0.564,-0.564,-0.564,0,0,0
2021-02-10T00:00:00Z,1612915200,-0.564,-0.564,-0.564,-0.564,0,0,0
2021-02-11T00:00:00Z,1613001600,-0.565,-0.565,-0.565,-0.565,0,0,0
2021-02-12T00:00:00Z,1613088000,-0.564,-0.564,-0.564,-0.564,0,0,0
2021-02-15T00:00:00Z,1613347200,-0.563,-0.563,-0.563,-0.563,0,0,0
2021-02-16T00:00:00Z,1613433600,-0.564,-0.564,-0.564,-0.564,0,0,0
2021-02-17T00:00:00Z,1613520000,-0.563,-0.563,-0.563,-0.563,0,0,0
2021-02-18T00:00:00Z,1613606400,-0.562,-0.562,-0.562,-0.562,0,0,0
2021-02-19T00:00:00Z,1613692800,-0.563,-0.563,-0.563,-0.563,0,0,0
2021-02-22T00:00:00Z,1613952000,-0.564,-0.564,-0.564,-0.564,0,0,0
2021-02-23T00:00:00Z,1614038400,-0.565,-0.565,-0.565,-0.565,0,0,0
2021-02-24T00:00:00Z,1614124800,-0.564,-0.564,-0.564,-0.564,0,0,0
2021-02-25T00:00:00Z,1614211200,-0.564,-0.564,-0.564,-0.564,0,0,0
2021-02-26T00:00:00Z,1614297600,-0.566,-0.566,-0.566,-0.566,0,0,0
2021-03-01T00:00:00Z,1614556800,-0.563,-0.563,-0.563,-0.563,0,0,0
2021-03-02T00:00:00Z,1614643200,-0.565,-0.565,-0.565,-0.565,0,0,0
2021-03-03T00:00:00Z,1614729600,-0.565,-0.565,-0.565,-0.565,0,0,0
2021-03-04T00:00:00Z,1614816000,-0.565,-0.565,-0.565,-0.565,0,0,0
2021-03-05T00:00:00Z,1614902400,-0.562,-0.562,-0.562,-0.562,0,0,0
2021-03-08T00:00:00Z,1615161600,-0.558,-0.558,-0.558,-0.558,0,0,0
2021-03-09T00:00:00Z,1615248000,-0.56,-0.56,-0.56,-0.56,0,0,0
2021-03-10T00:00:00Z,1615334400,-0.562,-0.562,-0.562,-0.562,0,0,0
2021-03-11T00:00:00Z,1615420800,-0.561,-0.561,-0.561,-0.561,0,0,0
2021-03-12T00:00:00Z,1615507200,-0.562,-0.562,-0.562,-0.562,0,0,0
2021-03-15T00:00:00Z,1615766400,-0.564,-0.564,-0.564,-0.564,0,0,0
2021-03-16T00:00:00Z,1615852800,-0.562,-0.562,-0.562,-0.562,0,0,0
2021-03-17T00:00:00Z,1615939200,-0.561,-0.561,-0.561,-0.561,0,0,0
2021-03-18T00:00:00Z,1616025600,-0.566,-0.566,-0.566,-0.566,0,0,0
2021-03-19T00:00:00Z,1616112000,-0.565,-0.565,-0.565,-0.565,0,0,0
2021-03-22T00:00:00Z,1616371200,-0.566,-0.566,-0.566,-0.566,0,0,0
2021-03-23T00:00:00Z,1616457600,-0.563,-0.563,-0.563,-0.563,0,0,0
2021-03-24T00:00:00Z,1616544000,-0.564,-0.564,-0.564,-0.564,0,0,0
2021-03-25T00:00:00Z,1616630400,-0.564,-0.564,-0.564,-0.564,0,0,0
2021-03-26T00:00:00Z,1616716800,-0.568,-0.568,-0.568,-0.568,0,0,0
2021-03-29T00:00:00Z,1616976000,-0.57,-0.57,-0.57,-0.57,0,0,0
2021-03-30T00:00:00Z,1617062400,-0.57,-0.57,-0.57,-0.57,0,0,0
2021-03-31T00:00:00Z,1617148800,-0.574,-0.574,-0.574,-0.574,0,0,0
2021-04-01T00:00:00Z,1617235200,-0.566,-0.566,-0.566,-0.566,0,0,0
2021-04-06T00:00:00Z,1617667200,-0.567,-0.567,-0.567,-0.567,0,0,0
2021-04-07T00:00:00Z,1617753600,-0.567,-0.567,-0.567,-0.567,0,0,0
2021-04-08T00:00:00Z,1617840000,-0.57,-0.57,-0.57,-0.57,0,0,0
2021-04-09T00:00:00Z,1617926400,-0.568,-0.568,-0.568,-0.568,0,0,0
2021-04-12T00:00:00Z,1618185600,-0.567,-0.567,-0.567,-0.567,0,0,0
2021-04-13T00:00:00Z,1618272000,-0.563,-0.563,-0.563,-0.563,0,0,0
2021-04-14T00:00:00Z,1618358400,-0.56,-0.56,-0.56,-0.56,0,0,0
2021-04-15T00:00:00Z,1618444800,-0.566,-0.566,-0.566,-0.566,0,0,0
2021-04-16T00:00:00Z,1618531200,-0.565,-0.565,-0.565,-0.565,0,0,0
2021-04-19T00:00:00Z,1618790400,-0.567,-0.567,-0.567,-0.567,0,0,0
2021-04-20T00:00:00Z,1618876800,-0.567,-0.567,-0.567,-0.567,0,0,0
2021-04-21T00:00:00Z,1618963200,-0.565,-0.565,-0.565,-0.565,0,0,0
2021-04-22T00:00:00Z,1619049600,-0.565,-0.565,-0.565,-0.565,0,0,0
2021-04-23T00:00:00Z,1619136000,-0.565,-0.565,-0.565,-0.565,0,0,0
2021-04-26T00:00:00Z,1619395200,-0.567,-0.567,-0.567,-0.567,0,0,0
2021-04-27T00:00:00Z,1619481600,-0.56,-0.56,-0.56,-0.56,0,0,0
2021-04-28T00:00:00Z,1619568000,-0.566,-0.566,-0.566,-0.566,0,0,0
2021-04-29T00:00:00Z,1619654400,-0.566,-0.566,-0.566,-0.566,0,0,0
2021-04-30T00:00:00Z,1619740800,-0.569,-0.569,-0.569,-0.569,0,0,0
2021-05-03T00:00:00Z,1620000000,-0.567,-0.567,-0.567,-0.567,0,0,0
2021-05-04T00:00:00Z,1620086400,-0.564,-0.564,-0.564,-0.564,0,0,0
2021-05-05T00:00:00Z,1620172800,-0.566,-0.566,-0.566,-0.566,0,0,0
2021-05-06T00:00:00Z,1620259200,-0.565,-0.565,-0.565,-0.565,0,0,0
2021-05-07T00:00:00Z,1620345600,-0.563,-0.563,-0.563,-0.563,0,0,0
2021-05-10T00:00:00Z,1620604800,-0.567,-0.567,-0.567,-0.567,0,0,0
2021-05-11T00:00:00Z,1620691200,-0.564,-0.564,-0.564,-0.564,0,0,0
2021-05-12T00:00:00Z,1620777600,-0.564,-0.564,-0.564,-0.564,0,0,0
2021-05-13T00:00:00Z,1620864000,-0.564,-0.564,-0.564,-0.564,0,0,0
2021-05-14T00:00:00Z,1620950400,-0.564,-0.564,-0.564,-0.564,0,0,0
2021-05-17T00:00:00Z,1621209600,-0.565,-0.565,-0.565,-0.565,0,0,0
2021-05-18T00:00:00Z,1621296000,-0.558,-0.558,-0.558,-0.558,0,0,0
2021-05-19T00:00:00Z,1621382400,-0.564,-0.564,-0.564,-0.564,0,0,0
2021-05-20T00:00:00Z,1621468800,-0.563,-0.563,-0.563,-0.563,0,0,0
2021-05-21T00:00:00Z,1621555200,-0.564,-0.564,-0.564,-0.564,0,0,0
2021-05-24T00:00:00Z,1621814400,-0.566,-0.566,-0.566,-0.566,0,0,0
2021-05-25T00:00:00Z,1621900800,-0.565,-0.565,-0.565,-0.565,0,0,0
2021-05-26T00:00:00Z,1621987200,-0.565,-0.565,-0.565,-0.565,0,0,0
2021-05-27T00:00:00Z,1622073600,-0.564,-0.564,-0.564,-0.564,0,0,0
2021-05-28T00:00:00Z,1622160000,-0.566,-0.566,-0.566,-0.566,0,0,0
2021-05-31T00:00:00Z,1622419200,-0.571,-0.571,-0.571,-0.571,0,0,0
2021-06-01T00:00:00Z,1622505600,-0.564,-0.564,-0.564,-0.564,0,0,0
2021-06-02T00:00:00Z,1622592000,-0.563,-0.563,-0.563,-0.563,0,0,0
2021-06-03T00:00:00Z,1622678400,-0.563,-0.563,-0.563,-0.563,0,0,0
2021-06-04T00:00:00Z,1622764800,-0.563,-0.563,-0.563,-0.563,0,0,0
2021-06-07T00:00:00Z,1623024000,-0.564,-0.564,-0.564,-0.564,0,0,0
2021-06-08T00:00:00Z,1623110400,-0.563,-0.563,-0.563,-0.563,0,0,0
2021-06-09T00:00:00Z,1623196800,-0.564,-0.564,-0.564,-0.564,0,0,0
2021-06-10T00:00:00Z,1623283200,-0.561,-0.561,-0.561,-0.561,0,0,0
2021-06-11T00:00:00Z,1623369600,-0.566,-0.566,-0.566,-0.566,0,0,0
2021-06-14T00:00:00Z,1623628800,-0.565,-0.565,-0.565,-0.565,0,0,0
2021-06-15T00:00:00Z,1623715200,-0.561,-0.561,-0.561,-0.561,0,0,0
2021-06-16T00:00:00Z,1623801600,-0.562,-0.562,-0.562,-0.562,0,0,0
2021-06-17T00:00:00Z,1623888000,-0.563,-0.563,-0.563,-0.563,0,0,0
2021-06-18T00:00:00Z,1623974400,-0.563,-0.563,-0.563,-0.563,0,0,0
2021-06-21T00:00:00Z,1624233600,-0.564,-0.564,-0.564,-0.564,0,0,0
2021-06-22T00:00:00Z,1624320000,-0.564,-0.564,-0.564,-0.564,0,0,0
2021-06-23T00:00:00Z,1624406400,-0.563,-0.563,-0.563,-0.563,0,0,0
2021-06-24T00:00:00Z,1624492800,-0.565,-0.565,-0.565,-0.565,0,0,0
2021-06-25T00:00:00Z,1624579200,-0.565,-0.565,-0.565,-0.565,0,0,0
2021-06-28T00:00:00Z,1624838400,-0.566,-0.566,-0.566,-0.566,0,0,0
2021-06-29T00:00:00Z,1624924800,-0.568,-0.568,-0.568,-0.568,0,0,0
2021-06-30T00:00:00Z,1625011200,-0.581,-0.581,-0.581,-0.581,0,0,0
2021-07-01T00:00:00Z,1625097600,-0.565,-0.565,-0.565,-0.565,0,0,0
2021-07-02T00:00:00Z,1625184000,-0.565,-0.565,-0.565,-0.565,0,0,0
2021-07-05T00:00:00Z,1625443200,-0.566,-0.566,-0.566,-0.566,0,0,0
2021-07-06T00:00:00Z,1625529600,-0.565,-0.565,-0.565,-0.565,0,0,0
2021-07-07T00:00:00Z,1625616000,-0.565,-0.565,-0.565,-0.565,0,0,0
2021-07-08T00:00:00Z,1625702400,-0.566,-0.566,-0.566,-0.566,0,0,0
2021-07-09T00:00:00Z,1625788800,-0.566,-0.566,-0.566,-0.566,0,0,0
2021-07-12T00:00:00Z,1626048000,-0.568,-0.568,-0.568,-0.568,0,0,0
2021-07-13T00:00:00Z,1626134400,-0.566,-0.566,-0.566,-0.566,0,0,0
2021-07-14T00:00:00Z,1626220800,-0.566,-0.566,-0.566,-0.566,0,0,0
2021-07-15T00:00:00Z,1626307200,-0.566,-0.566,-0.566,-0.566,0,0,0
2021-07-16T00:00:00Z,1626393600,-0.567,-0.567,-0.567,-0.567,0,0,0
2021-07-19T00:00:00Z,1626652800,-0.566,-0.566,-0.566,-0.566,0,0,0
2021-07-20T00:00:00Z,1626739200,-0.567,-0.567,-0.567,-0.567,0,0,0
2021-07-21T00:00:00Z,1626825600,-0.568,-0.568,-0.568,-0.568,0,0,0
2021-07-22T00:00:00Z,1626912000,-0.563,-0.563,-0.563,-0.563,0,0,0
2021-07-23T00:00:00Z,1626998400,-0.567,-0.567,-0.567,-0.567,0,0,0
2021-07-26T00:00:00Z,1627257600,-0.567,-0.567,-0.567,-0.567,0,0,0
2021-07-27T00:00:00Z,1627344000,-0.563,-0.563,-0.563,-0.563,0,0,0
2021-07-28T00:00:00Z,1627430400,-0.567,-0.567,-0.567,-0.567,0,0,0
2021-07-29T00:00:00Z,1627516800,-0.567,-0.567,-0.567,-0.567,0,0,0
2021-07-30T00:00:00Z,1627603200,-0.571,-0.571,-0.571,-0.571,0,0,0
2021-08-02T00:00:00Z,1627862400,-0.565,-0.565,-0.565,-0.565,0,0,0
2021-08-03T00:00:00Z,1627948800,-0.57,-0.57,-0.57,-0.57,0,0,0
2021-08-04T00:00:00Z,1628035200,-0.57,-0.57,-0.57,-0.57,0,0,0
2021-08-05T00:00:00Z,1628121600,-0.566,-0.566,-0.566,-0.566,0,0,0
2021-08-06T00:00:00Z,1628208000,-0.569,-0.569,-0.569,-0.569,0,0,0
2021-08-09T00:00:00Z,1628467200,-0.568,-0.568,-0.568,-0.568,0,0,0
2021-08-10T00:00:00Z,1628553600,-0.567,-0.567,-0.567,-0.567,0,0,0
2021-08-11T00:00:00Z,1628640000,-0.567,-0.567,-0.567,-0.567,0,0,0
2021-08-12T00:00:00Z,1628726400,-0.568,-0.568,-0.568,-0.568,0,0,0
2021-08-13T00:00:00Z,1628812800,-0.569,-0.569,-0.569,-0.569,0,0,0
2021-08-16T00:00:00Z,1629072000,-0.569,-0.569,-0.569,-0.569,0,0,0
2021-08-17T00:00:00Z,1629158400,-0.568,-0.568,-0.568,-0.568,0,0,0
2021-08-18T00:00:00Z,1629244800,-0.567,-0.567,-0.567,-0.567,0,0,0
2021-08-19T00:00:00Z,1629331200,-0.567,-0.567,-0.567,-0.567,0,0,0
2021-08-20T00:00:00Z,1629417600,-0.567,-0.567,-0.567,-0.567,0,0,0
2021-08-23T00:00:00Z,1629676800,-0.568,-0.568,-0.568,-0.568,0,0,0
2021-08-24T00:00:00Z,1629763200,-0.567,-0.567,-0.567,-0.567,0,0,0
2021-08-25T00:00:00Z,1629849600,-0.564,-0.564,-0.564,-0.564,0,0,0
2021-08-26T00:00:00Z,1629936000,-0.57,-0.57,-0.57,-0.57,0,0,0
2021-08-27T00:00:00Z,1630022400,-0.57,-0.57,-0.57,-0.57,0,0,0
2021-08-30T00:00:00Z,1630281600,-0.568,-0.568,-0.568,-0.568,0,0,0
2021-08-31T00:00:00Z,1630368000,-0.57,-0.57,-0.57,-0.57,0,0,0
2021-09-01T00:00:00Z,1630454400,-0.569,-0.569,-0.569,-0.569,0,0,0
2021-09-02T00:00:00Z,1630540800,-0.569,-0.569,-0.569,-0.569,0,0,0
2021-09-03T00:00:00Z,1630627200,-0.568,-0.568,-0.568,-0.568,0,0,0
2021-09-06T00:00:00Z,1630886400,-0.569,-0.569,-0.569,-0.569,0,0,0
2021-09-07T00:00:00Z,1630972800,-0.569,-0.569,-0.569,-0.569,0,0,0
2021-09-08T00:00:00Z,1631059200,-0.569,-0.569,-0.569,-0.569,0,0,0
2021-09-09T00:00:00Z,1631145600,-0.57,-0.57,-0.57,-0.57,0,0,0
2021-09-10T00:00:00Z,1631232000,-0.57,-0.57,-0.57,-0.57,0,0,0
2021-09-13T00:00:00Z,1631491200,-0.571,-0.571,-0.571,-0.571,0,0,0
2021-09-14T00:00:00Z,1631577600,-0.568,-0.568,-0.568,-0.568,0,0,0
2021-09-15T00:00:00Z,1631664000,-0.573,-0.573,-0.573,-0.573,0,0,0
2021-09-16T00:00:00Z,1631750400,-0.567,-0.567,-0.567,-0.567,0,0,0
2021-09-17T00:00:00Z,1631836800,-0.571,-0.571,-0.571,-0.571,0,0,0
2021-09-20T00:00:00Z,1632096000,-0.566,-0.566,-0.566,-0.566,0,0,0
2021-09-21T00:00:00Z,1632182400,-0.571,-0.571,-0.571,-0.571,0,0,0
2021-09-22T00:00:00Z,1632268800,-0.566,-0.566,-0.566,-0.566,0,0,0
2021-09-23T00:00:00Z,1632355200,-0.57,-0.57,-0.57,-0.57,0,0,0
2021-09-24T00:00:00Z,1632441600,-0.569,-0.569,-0.569,-0.569,0,0,0
2021-09-27T00:00:00Z,1632700800,-0.571,-0.571,-0.571,-0.571,0,0,0
2021-09-28T00:00:00Z,1632787200,-0.573,-0.573,-0.573,-0.573,0,0,0
2021-09-29T00:00:00Z,1632873600,-0.572,-0.572,-0.572,-0.572,0,0,0
2021-09-30T00:00:00Z,1632960000,-0.58,-0.58,-0.58,-0.58,0,0,0
2021-10-01T00:00:00Z,1633046400,-0.571,-0.571,-0.571,-0.571,0,0,0
2021-10-04T00:00:00Z,1633305600,-0.569,-0.569,-0.569,-0.569,0,0,0
2021-10-05T00:00:00Z,1633392000,-0.569,-0.569,-0.569,-0.569,0,0,0
2021-10-06T00:00:00Z,1633478400,-0.569,-0.569,-0.569,-0.569,0,0,0
2021-10-07T00:00:00Z,1633564800,-0.568,-0.568,-0.568,-0.568,0,0,0
2021-10-08T00:00:00Z,1633651200,-0.568,-0.568,-0.568,-0.568,0,0,0
2021-10-11T00:00:00Z,1633910400,-0.57,-0.57,-0.57,-0.57,0,0,0
2021-10-12T00:00:00Z,1633996800,-0.562,-0.562,-0.562,-0.562,0,0,0
2021-10-13T00:00:00Z,1634083200,-0.569,-0.569,-0.569,-0.569,0,0,0
2021-10-14T00:00:00Z,1634169600,-0.57,-0.57,-0.57,-0.57,0,0,0
2021-10-15T00:00:00Z,1634256000,-0.572,-0.572,-0.572,-0.572,0,0,0
2021-10-18T00:00:00Z,1634515200,-0.574,-0.574,-0.574,-0.574,0,0,0
2021-10-19T00:00:00Z,1634601600,-0.573,-0.573,-0.573,-0.573,0,0,0
2021-10-20T00:00:00Z,1634688000,-0.571,-0.571,-0.571,-0.571,0,0,0
2021-10-21T00:00:00Z,1634774400,-0.573,-0.573,-0.573,-0.573,0,0,0
2021-10-22T00:00:00Z,1634860800,-0.569,-0.569,-0.569,-0.569,0,0,0
2021-10-25T00:00:00Z,1635120000,-0.571,-0.571,-0.571,-0.571,0,0,0
2021-10-26T00:00:00Z,1635206400,-0.57,-0.57,-0.57,-0.57,0,0,0
2021-10-27T00:00:00Z,1635292800,-0.573,-0.573,-0.573,-0.573,0,0,0
2021-10-28T00:00:00Z,1635379200,-0.573,-0.573,-0.573,-0.573,0,0,0
2021-10-29T00:00:00Z,1635465600,-0.578,-0.578,-0.578,-0.578,0,0,0
2021-11-01T00:00:00Z,1635724800,-0.579,-0.579,-0.579,-0.579,0,0,0
2021-11-02T00:00:00Z,1635811200,-0.569,-0.569,-0.569,-0.569,0,0,0
2021-11-03T00:00:00Z,1635897600,-0.574,-0.574,-0.574,-0.574,0,0,0
2021-11-04T00:00:00Z,1635984000,-0.573,-0.573,-0.573,-0.573,0,0,0
2021-11-05T00:00:00Z,1636070400,-0.572,-0.572,-0.572,-0.572,0,0,0
2021-11-08T00:00:00Z,1636329600,-0.575,-0.575,-0.575,-0.575,0,0,0
2021-11-09T00:00:00Z,1636416000,-0.575,-0.575,-0.575,-0.575,0,0,0
2021-11-10T00:00:00Z,1636502400,-0.576,-0.576,-0.576,-0.576,0,0,0
2021-11-11T00:00:00Z,1636588800,-0.575,-0.575,-0.575,-0.575,0,0,0
2021-11-12T00:00:00Z,1636675200,-0.572,-0.572,-0.572,-0.572,0,0,0
2021-11-15T00:00:00Z,1636934400,-0.569,-0.569,-0.569,-0.569,0,0,0
2021-11-16T00:00:00Z,1637020800,-0.571,-0.571,-0.571,-0.571,0,0,0
2021-11-17T00:00:00Z,1637107200,-0.571,-0.571,-0.571,-0.571,0,0,0
2021-11-18T00:00:00Z,1637193600,-0.571,-0.571,-0.571,-0.571,0,0,0
2021-11-19T00:00:00Z,1637280000,-0.573,-0.573,-0.573,-0.573,0,0,0
2021-11-22T00:00:00Z,1637539200,-0.573,-0.573,-0.573,-0.573,0,0,0
2021-11-23T00:00:00Z,1637625600,-0.574,-0.574,-0.574,-0.574,0,0,0
2021-11-24T00:00:00Z,1637712000,-0.57,-0.57,-0.57,-0.57,0,0,0
2021-11-25T00:00:00Z,1637798400,-0.573,-0.573,-0.573,-0.573,0,0,0
2021-11-26T00:00:00Z,1637884800,-0.573,-0.573,-0.573,-0.573,0,0,0
2021-11-29T00:00:00Z,1638144000,-0.573,-0.573,-0.573,-0.573,0,0,0
2021-11-30T00:00:00Z,1638230400,-0.575,-0.575,-0.575,-0.575,0,0,0
2021-12-01T00:00:00Z,1638316800,-0.574,-0.574,-0.574,-0.574,0,0,0
2021-12-02T00:00:00Z,1638403200,-0.575,-0.575,-0.575,-0.575,0,0,0
2021-12-03T00:00:00Z,1638489600,-0.578,-0.578,-0.578,-0.578,0,0,0
2021-12-06T00:00:00Z,1638748800,-0.578,-0.578,-0.578,-0.578,0,0,0
2021-12-07T00:00:00Z,1638835200,-0.577,-0.577,-0.577,-0.577,0,0,0
2021-12-08T00:00:00Z,1638921600,-0.577,-0.577,-0.577,-0.577,0,0,0
2021-12-09T00:00:00Z,1639008000,-0.578,-0.578,-0.578,-0.578,0,0,0
2021-12-10T00:00:00Z,1639094400,-0.577,-0.577,-0.577,-0.577,0,0,0
2021-12-13T00:00:00Z,1639353600,-0.579,-0.579,-0.579,-0.579,0,0,0
2021-12-14T00:00:00Z,1639440000,-0.577,-0.577,-0.577,-0.577,0,0,0
2021-12-15T00:00:00Z,1639526400,-0.577,-0.577,-0.577,-0.577,0,0,0
2021-12-16T00:00:00Z,1639612800,-0.577,-0.577,-0.577,-0.577,0,0,0
2021-12-17T00:00:00Z,1639699200,-0.576,-0.576,-0.576,-0.576,0,0,0
2021-12-20T00:00:00Z,1639958400,-0.576,-0.576,-0.576,-0.576,0,0,0
2021-12-21T00:00:00Z,1640044800,-0.571,-0.571,-0.571,-0.571,0,0,0
2021-12-22T00:00:00Z,1640131200,-0.574,-0.574,-0.574,-0.574,0,0,0
2021-12-23T00:00:00Z,1640217600,-0.576,-0.576,-0.576,-0.576,0,0,0
2021-12-24T00:00:00Z,1640304000,-0.58,-0.58,-0.58,-0.58,0,0,0
2021-12-27T00:00:00Z,1640563200,-0.576,-0.576,-0.576,-0.576,0,0,0
2021-12-28T00:00:00Z,1640649600,-0.575,-0.575,-0.575,-0.575,0,0,0
2021-12-29T00:00:00Z,1640736000,-0.578,-0.578,-0.578,-0.578,0,0,0
2021-12-30T00:00:00Z,1640822400,-0.58,-0.58,-0.58,-0.58,0,0,0
2021-12-31T00:00:00Z,1640908800,-0.59,-0.59,-0.59,-0.59,0,0,0
2022-01-03T00:00:00Z,1641168000,-0.578,-0.578,-0.578,-0.578,0,0,0
2022-01-04T00:00:00Z,1641254400,-0.578,-0.578,-0.578,-0.578,0,0,0
2022-01-05T00:00:00Z,1641340800,-0.578,-0.578,-0.578,-0.578,0,0,0
2022-01-06T00:00:00Z,1641427200,-0.578,-0.578,-0.578,-0.578,0,0,0
2022-01-07T00:00:00Z,1641513600,-0.58,-0.58,-0.58,-0.58,0,0,0
2022-01-10T00:00:00Z,1641772800,-0.579,-0.579,-0.579,-0.579,0,0,0
2022-01-11T00:00:00Z,1641859200,-0.579,-0.579,-0.579,-0.579,0,0,0
2022-01-12T00:00:00Z,1641945600,-0.578,-0.578,-0.578,-0.578,0,0,0
2022-01-13T00:00:00Z,1642032000,-0.578,-0.578,-0.578,-0.578,0,0,0
2022-01-14T00:00:00Z,1642118400,-0.578,-0.578,-0.578,-0.578,0,0,0
2022-01-17T00:00:00Z,1642377600,-0.578,-0.578,-0.578,-0.578,0,0,0
2022-01-18T00:00:00Z,1642464000,-0.579,-0.579,-0.579,-0.579,0,0,0
2022-01-19T00:00:00Z,1642550400,-0.578,-0.578,-0.578,-0.578,0,0,0
2022-01-20T00:00:00Z,1642636800,-0.579,-0.579,-0.579,-0.579,0,0,0
2022-01-21T00:00:00Z,1642723200,-0.579,-0.579,-0.579,-0.579,0,0,0
2022-01-24T00:00:00Z,1642982400,-0.579,-0.579,-0.579,-0.579,0,0,0
2022-01-25T00:00:00Z,1643068800,-0.578,-0.578,-0.578,-0.578,0,0,0
2022-01-26T00:00:00Z,1643155200,-0.576,-0.576,-0.576,-0.576,0,0,0
2022-01-27T00:00:00Z,1643241600,-0.573,-0.573,-0.573,-0.573,0,0,0
2022-01-28T00:00:00Z,1643328000,-0.573,-0.573,-0.573,-0.573,0,0,0
2022-01-31T00:00:00Z,1643587200,-0.579,-0.579,-0.579,-0.579,0,0,0
2022-02-01T00:00:00Z,1643673600,-0.578,-0.578,-0.578,-0.578,0,0,0
2022-02-02T00:00:00Z,1643760000,-0.578,-0.578,-0.578,-0.578,0,0,0
2022-02-03T00:00:00Z,1643846400,-0.577,-0.577,-0.577,-0.577,0,0,0
2022-02-04T00:00:00Z,1643932800,-0.578,-0.578,-0.578,-0.578,0,0,0
2022-02-07T00:00:00Z,1644192000,-0.578,-0.578,-0.578,-0.578,0,0,0
2022-02-08T00:00:00Z,1644278400,-0.574,-0.574,-0.574,-0.574,0,0,0
2022-02-09T00:00:00Z,1644364800,-0.578,-0.578,-0.578,-0.578,0,0,0
2022-02-10T00:00:00Z,1644451200,-0.572,-0.572,-0.572,-0.572,0,0,0
2022-02-11T00:00:00Z,1644537600,-0.578,-0.578,-0.578,-0.578,0,0,0
2022-02-14T00:00:00Z,1644796800,-0.578,-0.578,-0.578,-0.578,0,0,0
2022-02-15T00:00:00Z,1644883200,-0.576,-0.576,-0.576,-0.576,0,0,0
2022-02-16T00:00:00Z,1644969600,-0.576,-0.576,-0.576,-0.576,0,0,0
2022-02-17T00:00:00Z,1645056000,-0.576,-0.576,-0.576,-0.576,0,0,0
2022-02-18T00:00:00Z,1645142400,-0.576,-0.576,-0.576,-0.576,0,0,0
2022-02-21T00:00:00Z,1645401600,-0.576,-0.576,-0.576,-0.576,0,0,0
2022-02-22T00:00:00Z,1645488000,-0.575,-0.575,-0.575,-0.575,0,0,0
2022-02-23T00:00:00Z,1645574400,-0.576,-0.576,-0.576,-0.576,0,0,0
2022-02-24T00:00:00Z,1645660800,-0.576,-0.576,-0.576,-0.576,0,0,0
2022-02-25T00:00:00Z,1645747200,-0.575,-0.575,-0.575,-0.575,0,0,0
2022-02-28T00:00:00Z,1646006400,-0.58,-0.58,-0.58,-0.58,0,0,0
2022-03-01T00:00:00Z,1646092800,-0.577,-0.577,-0.577,-0.577,0,0,0
2022-03-02T00:00:00Z,1646179200,-0.578,-0.578,-0.578,-0.578,0,0,0
2022-03-03T00:00:00Z,1646265600,-0.579,-0.579,-0.579,-0.579,0,0,0
2022-03-04T00:00:00Z,1646352000,-0.577,-0.577,-0.577,-0.577,0,0,0
2022-03-07T00:00:00Z,1646611200,-0.579,-0.579,-0.579,-0.579,0,0,0
2022-03-08T00:00:00Z,1646697600,-0.579,-0.579,-0.579,-0.579,0,0,0
2022-03-09T00:00:00Z,1646784000,-0.58,-0.58,-0.58,-0.58,0,0,0
2022-03-10T00:00:00Z,1646870400,-0.576,-0.576,-0.576,-0.576,0,0,0
2022-03-11T00:00:00Z,1646956800,-0.577,-0.577,-0.577,-0.577,0,0,0
2022-03-14T00:00:00Z,1647216000,-0.577,-0.577,-0.577,-0.577,0,0,0
2022-03-15T00:00:00Z,1647302400,-0.573,-0.573,-0.573,-0.573,0,0,0
2022-03-16T00:00:00Z,1647388800,-0.577,-0.577,-0.577,-0.577,0,0,0
2022-03-17T00:00:00Z,1647475200,-0.578,-0.578,-0.578,-0.578,0,0,0
2022-03-18T00:00:00Z,1647561600,-0.578,-0.578,-0.578,-0.578,0,0,0
2022-03-21T00:00:00Z,1647820800,-0.578,-0.578,-0.578,-0.578,0,0,0
2022-03-22T00:00:00Z,1647907200,-0.578,-0.578,-0.578,-0.578,0,0,0
2022-03-23T00:00:00Z,1647993600,-0.578,-0.578,-0.578,-0.578,0,0,0
2022-03-24T00:00:00Z,1648080000,-0.579,-0.579,-0.579,-0.579,0,0,0
2022-03-25T00:00:00Z,1648166400,-0.581,-0.581,-0.581,-0.581,0,0,0
2022-03-28T00:00:00Z,1648425600,-0.58,-0.58,-0.58,-0.58,0,0,0
2022-03-29T00:00:00Z,1648512000,-0.579,-0.579,-0.579,-0.579,0,0,0
2022-03-30T00:00:00Z,1648598400,-0.579,-0.579,-0.579,-0.579,0,0,0
2022-03-31T00:00:00Z,1648684800,-0.593,-0.593,-0.593,-0.593,0,0,0
2022-04-01T00:00:00Z,1648771200,-0.582,-0.582,-0.582,-0.582,0,0,0
2022-04-04T00:00:00Z,1649030400,-0.585,-0.585,-0.585,-0.585,0,0,0
2022-04-05T00:00:00Z,1649116800,-0.586,-0.586,-0.586,-0.586,0,0,0
2022-04-06T00:00:00Z,1649203200,-0.584,-0.584,-0.584,-0.584,0,0,0
2022-04-07T00:00:00Z,1649289600,-0.582,-0.582,-0.582,-0.582,0,0,0
2022-04-08T00:00:00Z,1649376000,-0.583,-0.583,-0.583,-0.583,0,0,0
2022-04-11T00:00:00Z,1649635200,-0.584,-0.584,-0.584,-0.584,0,0,0
2022-04-12T00:00:00Z,1649721600,-0.583,-0.583,-0.583,-0.583,0,0,0
2022-04-13T00:00:00Z,1649808000,-0.585,-0.585,-0.585,-0.585,0,0,0
2022-04-14T00:00:00Z,1649894400,-0.586,-0.586,-0.586,-0.586,0,0,0
2022-04-19T00:00:00Z,1650326400,-0.58,-0.58,-0.58,-0.58,0,0,0
2022-04-20T00:00:00Z,1650412800,-0.583,-0.583,-0.583,-0.583,0,0,0
2022-04-21T00:00:00Z,1650499200,-0.585,-0.585,-0.585,-0.585,0,0,0
2022-04-22T00:00:00Z,1650585600,-0.583,-0.583,-0.583,-0.583,0,0,0
2022-04-25T00:00:00Z,1650844800,-0.585,-0.585,-0.585,-0.585,0,0,0
2022-04-26T00:00:00Z,1650931200,-0.582,-0.582,-0.582,-0.582,0,0,0
2022-04-27T00:00:00Z,1651017600,-0.583,-0.583,-0.583,-0.583,0,0,0
2022-04-28T00:00:00Z,1651104000,-0.583,-0.583,-0.583,-0.583,0,0,0
2022-04-29T00:00:00Z,1651190400,-0.586,-0.586,-0.586,-0.586,0,0,0
2022-05-02T00:00:00Z,1651449600,-0.583,-0.583,-0.583,-0.583,0,0,0
2022-05-03T00:00:00Z,1651536000,-0.579,-0.579,-0.579,-0.579,0,0,0
2022-05-04T00:00:00Z,1651622400,-0.585,-0.585,-0.585,-0.585,0,0,0
2022-05-05T00:00:00Z,1651708800,-0.585,-0.585,-0.585,-0.585,0,0,0
2022-05-06T00:00:00Z,1651795200,-0.585,-0.585,-0.585,-0.585,0,0,0
2022-05-09T00:00:00Z,1652054400,-0.586,-0.586,-0.586,-0.586,0,0,0
2022-05-10T00:00:00Z,1652140800,-0.584,-0.584,-0.584,-0.584,0,0,0
2022-05-11T00:00:00Z,1652227200,-0.584,-0.584,-0.584,-0.584,0,0,0
2022-05-12T00:00:00Z,1652313600,-0.577,-0.577,-0.577,-0.577,0,0,0
2022-05-13T00:00:00Z,1652400000,-0.586,-0.586,-0.586,-0.586,0,0,0
2022-05-16T00:00:00Z,1652659200,-0.585,-0.585,-0.585,-0.585,0,0,0
2022-05-17T00:00:00Z,1652745600,-0.585,-0.585,-0.585,-0.585,0,0,0
2022-05-18T00:00:00Z,1652832000,-0.585,-0.585,-0.585,-0.585,0,0,0
2022-05-19T00:00:00Z,1652918400,-0.585,-0.585,-0.585,-0.585,0,0,0
2022-05-20T00:00:00Z,1653004800,-0.585,-0.585,-0.585,-0.585,0,0,0
2022-05-23T00:00:00Z,1653264000,-0.586,-0.586,-0.586,-0.586,0,0,0
2022-05-24T00:00:00Z,1653350400,-0.587,-0.587,-0.587,-0.587,0,0,0
2022-05-25T00:00:00Z,1653436800,-0.587,-0.587,-0.587,-0.587,0,0,0
2022-05-26T00:00:00Z,1653523200,-0.59,-0.59,-0.59,-0.59,0,0,0
2022-05-27T00:00:00Z,1653609600,-0.585,-0.585,-0.585,-0.585,0,0,0
2022-05-30T00:00:00Z,1653868800,-0.586,-0.586,-0.586,-0.586,0,0,0
2022-05-31T00:00:00Z,1653955200,-0.589,-0.589,-0.589,-0.589,0,0,0
2022-06-01T00:00:00Z,1654041600,-0.582,-0.582,-0.582,-0.582,0,0,0
2022-06-02T00:00:00Z,1654128000,-0.585,-0.585,-0.585,-0.585,0,0,0
2022-06-03T00:00:00Z,1654214400,-0.587,-0.587,-0.587,-0.587,0,0,0
2022-06-06T00:00:00Z,1654473600,-0.59,-0.59,-0.59,-0.59,0,0,0
2022-06-07T00:00:00Z,1654560000,-0.583,-0.583,-0.583,-0.583,0,0,0
2022-06-08T00:00:00Z,1654646400,-0.582,-0.582,-0.582,-0.582,0,0,0
2022-06-09T00:00:00Z,1654732800,-0.582,-0.582,-0.582,-0.582,0,0,0
2022-06-10T00:00:00Z,1654819200,-0.581,-0.581,-0.581,-0.581,0,0,0
2022-06-13T00:00:00Z,1655078400,-0.58,-0.58,-0.58,-0.58,0,0,0
2022-06-14T00:00:00Z,1655164800,-0.578,-0.578,-0.578,-0.578,0,0,0
2022-06-15T00:00:00Z,1655251200,-0.58,-0.58,-0.58,-0.58,0,0,0
2022-06-16T00:00:00Z,1655337600,-0.582,-0.582,-0.582,-0.582,0,0,0
2022-06-17T00:00:00Z,1655424000,-0.582,-0.582,-0.582,-0.582,0,0,0
2022-06-20T00:00:00Z,1655683200,-0.581,-0.581,-0.581,-0.581,0,0,0
2022-06-21T00:00:00Z,1655769600,-0.582,-0.582,-0.582,-0.582,0,0,0
2022-06-22T00:00:00Z,1655856000,-0.579,-0.579,-0.579,-0.579,0,0,0
2022-06-23T00:00:00Z,1655942400,-0.578,-0.578,-0.578,-0.578,0,0,0
2022-06-24T00:00:00Z,1656028800,-0.58,-0.58,-0.58,-0.58,0,0,0
2022-06-27T00:00:00Z,1656288000,-0.579,-0.579,-0.579,-0.579,0,0,0
2022-06-28T00:00:00Z,1656374400,-0.581,-0.581,-0.581,-0.581,0,0,0
2022-06-29T00:00:00Z,1656460800,-0.578,-0.578,-0.578,-0.578,0,0,0
2022-06-30T00:00:00Z,1656547200,-0.591,-0.591,-0.591,-0.591,0,0,0
2022-07-01T00:00:00Z,1656633600,-0.58,-0.58,-0.58,-0.58,0,0,0
2022-07-04T00:00:00Z,1656892800,-0.58,-0.58,-0.58,-0.58,0,0,0
2022-07-05T00:00:00Z,1656979200,-0.58,-0.58,-0.58,-0.58,0,0,0
2022-07-06T00:00:00Z,1657065600,-0.58,-0.58,-0.58,-0.58,0,0,0
2022-07-07T00:00:00Z,1657152000,-0.579,-0.579,-0.579,-0.579,0,0,0
2022-07-08T00:00:00Z,1657238400,-0.579,-0.579,-0.579,-0.579,0,0,0
2022-07-11T00:00:00Z,1657497600,-0.58,-0.58,-0.58,-0.58,0,0,0
2022-07-12T00:00:00Z,1657584000,-0.58,-0.58,-0.58,-0.58,0,0,0
2022-07-13T00:00:00Z,1657670400,-0.581,-0.581,-0.581,-0.581,0,0,0
2022-07-14T00:00:00Z,1657756800,-0.582,-0.582,-0.582,-0.582,0,0,0
2022-07-15T00:00:00Z,1657843200,-0.582,-0.582,-0.582,-0.582,0,0,0
2022-07-18T00:00:00Z,1658102400,-0.582,-0.582,-0.582,-0.582,0,0,0
2022-07-19T00:00:00Z,1658188800,-0.583,-0.583,-0.583,-0.583,0,0,0
2022-07-20T00:00:00Z,1658275200,-0.582,-0.582,-0.582,-0.582,0,0,0
2022-07-21T00:00:00Z,1658361600,-0.584,-0.584,-0.584,-0.584,0,0,0
2022-07-22T00:00:00Z,1658448000,-0.582,-0.582,-0.582,-0.582,0,0,0
2022-07-25T00:00:00Z,1658707200,-0.583,-0.583,-0.583,-0.583,0,0,0
2022-07-26T00:00:00Z,1658793600,-0.581,-0.581,-0.581,-0.581,0,0,0
2022-07-27T00:00:00Z,1658880000,-0.085,-0.085,-0.085,-0.085,0,0,0
2022-07-28T00:00:00Z,1658966400,-0.087,-0.087,-0.087,-0.087,0,0,0
2022-07-29T00:00:00Z,1659052800,-0.091,-0.091,-0.091,-0.091,0,0,0
2022-08-01T00:00:00Z,1659312000,-0.088,-0.088,-0.088,-0.088,0,0,0
2022-08-02T00:00:00Z,1659398400,-0.087,-0.087,-0.087,-0.087,0,0,0
2022-08-03T00:00:00Z,1659484800,-0.087,-0.087,-0.087,-0.087,0,0,0
2022-08-04T00:00:00Z,1659571200,-0.084,-0.084,-0.084,-0.084,0,0,0
2022-08-05T00:00:00Z,1659657600,-0.085,-0.085,-0.085,-0.085,0,0,0
2022-08-08T00:00:00Z,1659916800,-0.085,-0.085,-0.085,-0.085,0,0,0
2022-08-09T00:00:00Z,1660003200,-0.085,-0.085,-0.085,-0.085,0,0,0
2022-08-10T00:00:00Z,1660089600,-0.086,-0.086,-0.086,-0.086,0,0,0
2022-08-11T00:00:00Z,1660176000,-0.085,-0.085,-0.085,-0.085,0,0,0
2022-08-12T00:00:00Z,1660262400,-0.088,-0.088,-0.088,-0.088,0,0,0
2022-08-15T00:00:00Z,1660521600,-0.088,-0.088,-0.088,-0.088,0,0,0
2022-08-16T00:00:00Z,1660608000,-0.087,-0.087,-0.087,-0.087,0,0,0
2022-08-17T00:00:00Z,1660694400,-0.087,-0.087,-0.087,-0.087,0,0,0
2022-08-18T00:00:00Z,1660780800,-0.084,-0.084,-0.084,-0.084,0,0,0
2022-08-19T00:00:00Z,1660867200,-0.084,-0.084,-0.084,-0.084,0,0,0
2022-08-22T00:00:00Z,1661126400,-0.082,-0.082,-0.082,-0.082,0,0,0
2022-08-23T00:00:00Z,1661212800,-0.08,-0.08,-0.08,-0.08,0,0,0
2022-08-24T00:00:00Z,1661299200,-0.082,-0.082,-0.082,-0.082,0,0,0
2022-08-25T00:00:00Z,1661385600,-0.08,-0.08,-0.08,-0.08,0,0,0
2022-08-26T00:00:00Z,1661472000,-0.08,-0.08,-0.08,-0.08,0,0,0
2022-08-29T00:00:00Z,1661731200,-0.081,-0.081,-0.081,-0.081,0,0,0
2022-08-30T00:00:00Z,1661817600,-0.084,-0.084,-0.084,-0.084,0,0,0
2022-08-31T00:00:00Z,1661904000,-0.091,-0.091,-0.091,-0.091,0,0,0
2022-09-01T00:00:00Z,1661990400,-0.084,-0.084,-0.084,-0.084,0,0,0
2022-09-02T00:00:00Z,1662076800,-0.083,-0.083,-0.083,-0.083,0,0,0
2022-09-05T00:00:00Z,1662336000,-0.087,-0.087,-0.087,-0.087,0,0,0
2022-09-06T00:00:00Z,1662422400,-0.085,-0.085,-0.085,-0.085,0,0,0
2022-09-07T00:00:00Z,1662508800,-0.076,-0.076,-0.076,-0.076,0,0,0
2022-09-08T00:00:00Z,1662595200,-0.086,-0.086,-0.086,-0.086,0,0,0
2022-09-09T00:00:00Z,1662681600,-0.085,-0.085,-0.085,-0.085,0,0,0
2022-09-12T00:00:00Z,1662940800,-0.086,-0.086,-0.086,-0.086,0,0,0
2022-09-13T00:00:00Z,1663027200,-0.083,-0.083,-0.083,-0.083,0,0,0
2022-09-14T00:00:00Z,1663113600,0.662,0.662,0.662,0.662,0,0,0
2022-09-15T00:00:00Z,1663200000,0.66,0.66,0.66,0.66,0,0,0
2022-09-16T00:00:00Z,1663286400,0.66,0.66,0.66,0.66,0,0,0
2022-09-19T00:00:00Z,1663545600,0.657,0.657,0.657,0.657,0,0,0
2022-09-20T00:00:00Z,1663632000,0.659,0.659,0.659,0.659,0,0,0
2022-09-21T00:00:00Z,1663718400,0.661,0.661,0.661,0.661,0,0,0
2022-09-22T00:00:00Z,1663804800,0.661,0.661,0.661,0.661,0,0,0
2022-09-23T00:00:00Z,1663891200,0.662,0.662,0.662,0.662,0,0,0
2022-09-26T00:00:00Z,1664150400,0.663,0.663,0.663,0.663,0,0,0
2022-09-27T00:00:00Z,1664236800,0.662,0.662,0.662,0.662,0,0,0
2022-09-28T00:00:00Z,1664323200,0.662,0.662,0.662,0.662,0,0,0
2022-09-29T00:00:00Z,1664409600,0.661,0.661,0.661,0.661,0,0,0
2022-09-30T00:00:00Z,1664496000,0.642,0.642,0.642,0.642,0,0,0
2022-10-03T00:00:00Z,1664755200,0.656,0.656,0.656,0.656,0,0,0
2022-10-04T00:00:00Z,1664841600,0.657,0.657,0.657,0.657,0,0,0
2022-10-05T00:00:00Z,1664928000,0.652,0.652,0.652,0.652,0,0,0
2022-10-06T00:00:00Z,1665014400,0.655,0.655,0.655,0.655,0,0,0
2022-10-07T00:00:00Z,1665100800,0.656,0.656,0.656,0.656,0,0,0
2022-10-10T00:00:00Z,1665360000,0.655,0.655,0.655,0.655,0,0,0
2022-10-11T00:00:00Z,1665446400,0.657,0.657,0.657,0.657,0,0,0
2022-10-12T00:00:00Z,1665532800,0.658,0.658,0.658,0.658,0,0,0
2022-10-13T00:00:00Z,1665619200,0.658,0.658,0.658,0.658,0,0,0
2022-10-14T00:00:00Z,1665705600,0.657,0.657,0.657,0.657,0,0,0
2022-10-17T00:00:00Z,1665964800,0.658,0.658,0.658,0.658,0,0,0
2022-10-18T00:00:00Z,1666051200,0.657,0.657,0.657,0.657,0,0,0
2022-10-19T00:00:00Z,1666137600,0.656,0.656,0.656,0.656,0,0,0
2022-10-20T00:00:00Z,1666224000,0.656,0.656,0.656,0.656,0,0,0
2022-10-21T00:00:00Z,1666310400,0.657,0.657,0.657,0.657,0,0,0
2022-10-24T00:00:00Z,1666569600,0.658,0.658,0.658,0.658,0,0,0
2022-10-25T00:00:00Z,1666656000,0.656,0.656,0.656,0.656,0,0,0
2022-10-26T00:00:00Z,1666742400,0.656,0.656,0.656,0.656,0,0,0
2022-10-27T00:00:00Z,1666828800,0.657,0.657,0.657,0.657,0,0,0
2022-10-28T00:00:00Z,1666915200,0.656,0.656,0.656,0.656,0,0,0
2022-10-31T00:00:00Z,1667174400,0.648,0.648,0.648,0.648,0,0,0
2022-11-01T00:00:00Z,1667260800,0.659,0.659,0.659,0.659,0,0,0
2022-11-02T00:00:00Z,1667347200,1.403,1.403,1.403,1.403,0,0,0
2022-11-03T00:00:00Z,1667433600,1.403,1.403,1.403,1.403,0,0,0
2022-11-04T00:00:00Z,1667520000,1.401,1.401,1.401,1.401,0,0,0
2022-11-07T00:00:00Z,1667779200,1.4,1.4,1.4,1.4,0,0,0
2022-11-08T00:00:00Z,1667865600,1.4,1.4,1.4,1.4,0,0,0
2022-11-09T00:00:00Z,1667952000,1.4,1.4,1.4,1.4,0,0,0
2022-11-10T00:00:00Z,1668038400,1.402,1.402,1.402,1.402,0,0,0
2022-11-11T00:00:00Z,1668124800,1.404,1.404,1.404,1.404,0,0,0
2022-11-14T00:00:00Z,1668384000,1.401,1.401,1.401,1.401,0,0,0
2022-11-15T00:00:00Z,1668470400,1.4,1.4,1.4,1.4,0,0,0
2022-11-16T00:00:00Z,1668556800,1.401,1.401,1.401,1.401,0,0,0
2022-11-17T00:00:00Z,1668643200,1.402,1.402,1.402,1.402,0,0,0
2022-11-18T00:00:00Z,1668729600,1.403,1.403,1.403,1.403,0,0,0
2022-11-21T00:00:00Z,1668988800,1.403,1.403,1.403,1.403,0,0,0
2022-11-22T00:00:00Z,1669075200,1.404,1.404,1.404,1.404,0,0,0
2022-11-23T00:00:00Z,1669161600,1.405,1.405,1.405,1.405,0,0,0
2022-11-24T00:00:00Z,1669248000,1.405,1.405,1.405,1.405,0,0,0
2022-11-25T00:00:00Z,1669334400,1.403,1.403,1.403,1.403,0,0,0
2022-11-28T00:00:00Z,1669593600,1.403,1.403,1.403,1.403,0,0,0
2022-11-29T00:00:00Z,1669680000,1.402,1.402,1.402,1.402,0,0,0
2022-11-30T00:00:00Z,1669766400,1.391,1.391,1.391,1.391,0,0,0
2022-12-01T00:00:00Z,1669852800,1.4,1.4,1.4,1.4,0,0,0
2022-12-02T00:00:00Z,1669939200,1.4,1.4,1.4,1.4,0,0,0
2022-12-05T00:00:00Z,1670198400,1.398,1.398,1.398,1.398,0,0,0
2022-12-06T00:00:00Z,1670284800,1.406,1.406,1.406,1.406,0,0,0
2022-12-07T00:00:00Z,1670371200,1.399,1.399,1.399,1.399,0,0,0
2022-12-08T00:00:00Z,1670457600,1.4,1.4,1.4,1.4,0,0,0
2022-12-09T00:00:00Z,1670544000,1.4,1.4,1.4,1.4,0,0,0
2022-12-12T00:00:00Z,1670803200,1.4,1.4,1.4,1.4,0,0,0
2022-12-13T00:00:00Z,1670889600,1.4,1.4,1.4,1.4,0,0,0
2022-12-14T00:00:00Z,1670976000,1.402,1.402,1.402,1.402,0,0,0
2022-12-15T00:00:00Z,1671062400,1.403,1.403,1.403,1.403,0,0,0
2022-12-16T00:00:00Z,1671148800,1.402,1.402,1.402,1.402,0,0,0
2022-12-19T00:00:00Z,1671408000,1.403,1.403,1.403,1.403,0,0,0
2022-12-20T00:00:00Z,1671494400,1.403,1.403,1.403,1.403,0,0,0
2022-12-21T00:00:00Z,1671580800,1.902,1.902,1.902,1.902,0,0,0
2022-12-22T00:00:00Z,1671667200,1.904,1.904,1.904,1.904,0,0,0
2022-12-23T00:00:00Z,1671753600,1.907,1.907,1.907,1.907,0,0,0
2022-12-27T00:00:00Z,1672099200,1.906,1.906,1.906,1.906,0,0,0
2022-12-28T00:00:00Z,1672185600,1.906,1.906,1.906,1.906,0,0,0
2022-12-29T00:00:00Z,1672272000,1.905,1.905,1.905,1.905,0,0,0
2022-12-30T00:00:00Z,1672358400,1.89,1.89,1.89,1.89,0,0,0
2023-01-02T00:00:00Z,1672617600,1.906,1.906,1.906,1.906,0,0,0
2023-01-03T00:00:00Z,1672704000,1.904,1.904,1.904,1.904,0,0,0
2023-01-04T00:00:00Z,1672790400,1.904,1.904,1.904,1.904,0,0,0
2023-01-05T00:00:00Z,1672876800,1.9,1.9,1.9,1.9,0,0,0
2023-01-06T00:00:00Z,1672963200,1.898,1.898,1.898,1.898,0,0,0
2023-01-09T00:00:00Z,1673222400,1.9,1.9,1.9,1.9,0,0,0
2023-01-10T00:00:00Z,1673308800,1.9,1.9,1.9,1.9,0,0,0
2023-01-11T00:00:00Z,1673395200,1.9,1.9,1.9,1.9,0,0,0
2023-01-12T00:00:00Z,1673481600,1.9,1.9,1.9,1.9,0,0,0
2023-01-13T00:00:00Z,1673568000,1.901,1.901,1.901,1.901,0,0,0
2023-01-16T00:00:00Z,1673827200,1.902,1.902,1.902,1.902,0,0,0
2023-01-17T00:00:00Z,1673913600,1.901,1.901,1.901,1.901,0,0,0
2023-01-18T00:00:00Z,1674000000,1.902,1.902,1.902,1.902,0,0,0
2023-01-19T00:00:00Z,1674086400,1.903,1.903,1.903,1.903,0,0,0
2023-01-20T00:00:00Z,1674172800,1.903,1.903,1.903,1.903,0,0,0
2023-01-23T00:00:00Z,1674432000,1.902,1.902,1.902,1.902,0,0,0
2023-01-24T00:00:00Z,1674518400,1.904,1.904,1.904,1.904,0,0,0
2023-01-25T00:00:00Z,1674604800,1.904,1.904,1.904,1.904,0,0,0
2023-01-26T00:00:00Z,1674691200,1.904,1.904,1.904,1.904,0,0,0
2023-01-27T00:00:00Z,1674777600,1.906,1.906,1.906,1.906,0,0,0
2023-01-30T00:00:00Z,1675036800,1.904,1.904,1.904,1.904,0,0,0
2023-01-31T00:00:00Z,1675123200,1.894,1.894,1.894,1.894,0,0,0
2023-02-01T00:00:00Z,1675209600,1.901,1.901,1.901,1.901,0,0,0
2023-02-02T00:00:00Z,1675296000,1.902,1.902,1.902,1.902,0,0,0
2023-02-03T00:00:00Z,1675382400,1.898,1.898,1.898,1.898,0,0,0
2023-02-06T00:00:00Z,1675641600,1.901,1.901,1.901,1.901,0,0,0
2023-02-07T00:00:00Z,1675728000,1.902,1.902,1.902,1.902,0,0,0
2023-02-08T00:00:00Z,1675814400,2.401,2.401,2.401,2.401,0,0,0
2023-02-09T00:00:00Z,1675900800,2.401,2.401,2.401,2.401,0,0,0
2023-02-10T00:00:00Z,1675987200,2.401,2.401,2.401,2.401,0,0,0
2023-02-13T00:00:00Z,1676246400,2.4,2.4,2.4,2.4,0,0,0
2023-02-14T00:00:00Z,1676332800,2.4,2.4,2.4,2.4,0,0,0
2023-02-15T00:00:00Z,1676419200,2.405,2.405,2.405,2.405,0,0,0
2023-02-16T00:00:00Z,1676505600,2.4,2.4,2.4,2.4,0,0,0
2023-02-17T00:00:00Z,1676592000,2.398,2.398,2.398,2.398,0,0,0
2023-02-20T00:00:00Z,1676851200,2.4,2.4,2.4,2.4,0,0,0
2023-02-21T00:00:00Z,1676937600,2.398,2.398,2.398,2.398,0,0,0
2023-02-22T00:00:00Z,1677024000,2.399,2.399,2.399,2.399,0,0,0
2023-02-23T00:00:00Z,1677110400,2.399,2.399,2.399,2.399,0,0,0
2023-02-24T00:00:00Z,1677196800,2.398,2.398,2.398,2.398,0,0,0
2023-02-27T00:00:00Z,1677456000,2.398,2.398,2.398,2.398,0,0,0
2023-02-28T00:00:00Z,1677542400,2.388,2.388,2.388,2.388,0,0,0
2023-03-01T00:00:00Z,1677628800,2.398,2.398,2.398,2.398,0,0,0
2023-03-02T00:00:00Z,1677715200,2.399,2.399,2.399,2.399,0,0,0
2023-03-03T00:00:00Z,1677801600,2.4,2.4,2.4,2.4,0,0,0
2023-03-06T00:00:00Z,1678060800,2.399,2.399,2.399,2.399,0,0,0
2023-03-07T00:00:00Z,1678147200,2.398,2.398,2.398,2.398,0,0,0
2023-03-08T00:00:00Z,1678233600,2.399,2.399,2.399,2.399,0,0,0
2023-03-09T00:00:00Z,1678320000,2.401,2.401,2.401,2.401,0,0,0
2023-03-10T00:00:00Z,1678406400,2.403,2.403,2.403,2.403,0,0,0
2023-03-13T00:00:00Z,1678665600,2.401,2.401,2.401,2.401,0,0,0
2023-03-14T00:00:00Z,1678752000,2.401,2.401,2.401,2.401,0,0,0
2023-03-15T00:00:00Z,1678838400,2.4,2.4,2.4,2.4,0,0,0
2023-03-16T00:00:00Z,1678924800,2.399,2.399,2.399,2.399,0,0,0
2023-03-17T00:00:00Z,1679011200,2.402,2.402,2.402,2.402,0,0,0
2023-03-20T00:00:00Z,1679270400,2.398,2.398,2.398,2.398,0,0,0
2023-03-21T00:00:00Z,1679356800,2.399,2.399,2.399,2.399,0,0,0
2023-03-22T00:00:00Z,1679443200,2.898,2.898,2.898,2.898,0,0,0
2023-03-23T00:00:00Z,1679529600,2.899,2.899,2.899,2.899,0,0,0
2023-03-24T00:00:00Z,1679616000,2.899,2.899,2.899,2.899,0,0,0
2023-03-27T00:00:00Z,1679875200,2.898,2.898,2.898,2.898,0,0,0
2023-03-28T00:00:00Z,1679961600,2.894,2.894,2.894,2.894,0,0,0
2023-03-29T00:00:00Z,1680048000,2.894,2.894,2.894,2.894,0,0,0
2023-03-30T00:00:00Z,1680134400,2.896,2.896,2.896,2.896,0,0,0
2023-03-31T00:00:00Z,1680220800,2.884,2.884,2.884,2.884,0,0,0
2023-04-03T00:00:00Z,1680480000,2.898,2.898,2.898,2.898,0,0,0
2023-04-04T00:00:00Z,1680566400,2.898,2.898,2.898,2.898,0,0,0
2023-04-05T00:00:00Z,1680652800,2.902,2.902,2.902,2.902,0,0,0
2023-04-06T00:00:00Z,1680739200,2.903,2.903,2.903,2.903,0,0,0
2023-04-11T00:00:00Z,1681171200,2.897,2.897,2.897,2.897,0,0,0
2023-04-12T00:00:00Z,1681257600,2.898,2.898,2.898,2.898,0,0,0
2023-04-13T00:00:00Z,1681344000,2.899,2.899,2.899,2.899,0,0,0
2023-04-14T00:00:00Z,1681430400,2.896,2.896,2.896,2.896,0,0,0
2023-04-17T00:00:00Z,1681689600,2.897,2.897,2.897,2.897,0,0,0
2023-04-18T00:00:00Z,1681776000,2.901,2.901,2.901,2.901,0,0,0
2023-04-19T00:00:00Z,1681862400,2.902,2.902,2.902,2.902,0,0,0
2023-04-20T00:00:00Z,1681948800,2.904,2.904,2.904,2.904,0,0,0
2023-04-21T00:00:00Z,1682035200,2.902,2.902,2.902,2.902,0,0,0
2023-04-24T00:00:00Z,1682294400,2.905,2.905,2.905,2.905,0,0,0
2023-04-25T00:00:00Z,1682380800,2.901,2.901,2.901,2.901,0,0,0
2023-04-26T00:00:00Z,1682467200,2.9,2.9,2.9,2.9,0,0,0
2023-04-27T00:00:00Z,1682553600,2.9,2.9,2.9,2.9,0,0,0
2023-04-28T00:00:00Z,1682640000,2.894,2.894,2.894,2.894,0,0,0
2023-05-02T00:00:00Z,1682985600,2.896,2.896,2.896,2.896,0,0,0
2023-05-03T00:00:00Z,1683072000,2.896,2.896,2.896,2.896,0,0,0
2023-05-04T00:00:00Z,1683158400,2.897,2.897,2.897,2.897,0,0,0
2023-05-05T00:00:00Z,1683244800,2.898,2.898,2.898,2.898,0,0,0
2023-05-08T00:00:00Z,1683504000,2.892,2.892,2.892,2.892,0,0,0
2023-05-09T00:00:00Z,1683590400,2.894,2.894,2.894,2.894,0,0,0
2023-05-10T00:00:00Z,1683676800,3.145,3.145,3.145,3.145,0,0,0
2023-05-11T00:00:00Z,1683763200,3.145,3.145,3.145,3.145,0,0,0
2023-05-12T00:00:00Z,1683849600,3.148,3.148,3.148,3.148,0,0,0
2023-05-15T00:00:00Z,1684108800,3.145,3.145,3.145,3.145,0,0,0
2023-05-16T00:00:00Z,1684195200,3.147,3.147,3.147,3.147,0,0,0
2023-05-17T00:00:00Z,1684281600,3.151,3.151,3.151,3.151,0,0,0
2023-05-18T00:00:00Z,1684368000,3.153,3.153,3.153,3.153,0,0,0
2023-05-19T00:00:00Z,1684454400,3.151,3.151,3.151,3.151,0,0,0
2023-05-22T00:00:00Z,1684713600,3.15,3.15,3.15,3.15,0,0,0
2023-05-23T00:00:00Z,1684800000,3.157,3.157,3.157,3.157,0,0,0
2023-05-24T00:00:00Z,1684886400,3.148,3.148,3.148,3.148,0,0,0
2023-05-25T00:00:00Z,1684972800,3.148,3.148,3.148,3.148,0,0,0
2023-05-26T00:00:00Z,1685059200,3.152,3.152,3.152,3.152,0,0,0
2023-05-29T00:00:00Z,1685318400,3.147,3.147,3.147,3.147,0,0,0
2023-05-30T00:00:00Z,1685404800,3.148,3.148,3.148,3.148,0,0,0
2023-05-31T00:00:00Z,1685491200,3.144,3.144,3.144,3.144,0,0,0
2023-06-01T00:00:00Z,1685577600,3.147,3.147,3.147,3.147,0,0,0
2023-06-02T00:00:00Z,1685664000,3.148,3.148,3.148,3.148,0,0,0
2023-06-05T00:00:00Z,1685923200,3.148,3.148,3.148,3.148,0,0,0
2023-06-06T00:00:00Z,1686009600,3.145,3.145,3.145,3.145,0,0,0
2023-06-07T00:00:00Z,1686096000,3.144,3.144,3.144,3.144,0,0,0
2023-06-08T00:00:00Z,1686182400,3.146,3.146,3.146,3.146,0,0,0
2023-06-09T00:00:00Z,1686268800,3.147,3.147,3.147,3.147,0,0,0
2023-06-12T00:00:00Z,1686528000,3.147,3.147,3.147,3.147,0,0,0
2023-06-13T00:00:00Z,1686614400,3.147,3.147,3.147,3.147,0,0,0
2023-06-14T00:00:00Z,1686700800,3.15,3.15,3.15,3.15,0,0,0
2023-06-15T00:00:00Z,1686787200,3.147,3.147,3.147,3.147,0,0,0
2023-06-16T00:00:00Z,1686873600,3.144,3.144,3.144,3.144,0,0,0
2023-06-19T00:00:00Z,1687132800,3.144,3.144,3.144,3.144,0,0,0
2023-06-20T00:00:00Z,1687219200,3.144,3.144,3.144,3.144,0,0,0
2023-06-21T00:00:00Z,1687305600,3.395,3.395,3.395,3.395,0,0,0
2023-06-22T00:00:00Z,1687392000,3.397,3.397,3.397,3.397,0,0,0
2023-06-23T00:00:00Z,1687478400,3.4,3.4,3.4,3.4,0,0,0
2023-06-26T00:00:00Z,1687737600,3.4,3.4,3.4,3.4,0,0,0
2023-06-27T00:00:00Z,1687824000,3.397,3.397,3.397,3.397,0,0,0
2023-06-28T00:00:00Z,1687910400,3.4,3.4,3.4,3.4,0,0,0
2023-06-29T00:00:00Z,1687996800,3.4,3.4,3.4,3.4,0,0,0
2023-06-30T00:00:00Z,1688083200,3.4,3.4,3.4,3.4,0,0,0
2023-07-03T00:00:00Z,1688342400,3.399,3.399,3.399,3.399,0,0,0
2023-07-04T00:00:00Z,1688428800,3.401,3.401,3.401,3.401,0,0,0
2023-07-05T00:00:00Z,1688515200,3.404,3.404,3.404,3.404,0,0,0
2023-07-06T00:00:00Z,1688601600,3.406,3.406,3.406,3.406,0,0,0
2023-07-07T00:00:00Z,1688688000,3.406,3.406,3.406,3.406,0,0,0
2023-07-10T00:00:00Z,1688947200,3.402,3.402,3.402,3.402,0,0,0
2023-07-11T00:00:00Z,1689033600,3.404,3.404,3.404,3.404,0,0,0
2023-07-12T00:00:00Z,1689120000,3.404,3.404,3.404,3.404,0,0,0
2023-07-13T00:00:00Z,1689206400,3.401,3.401,3.401,3.401,0,0,0
2023-07-14T00:00:00Z,1689292800,3.402,3.402,3.402,3.402,0,0,0
2023-07-17T00:00:00Z,1689552000,3.4,3.4,3.4,3.4,0,0,0
2023-07-18T00:00:00Z,1689638400,3.399,3.399,3.399,3.399,0,0,0
2023-07-19T00:00:00Z,1689724800,3.4,3.4,3.4,3.4,0,0,0
2023-07-20T00:00:00Z,1689811200,3.403,3.403,3.403,3.403,0,0,0
2023-07-21T00:00:00Z,1689897600,3.404,3.404,3.404,3.404,0,0,0
2023-07-24T00:00:00Z,1690156800,3.405,3.405,3.405,3.405,0,0,0
2023-07-25T00:00:00Z,1690243200,3.405,3.405,3.405,3.405,0,0,0
2023-07-26T00:00:00Z,1690329600,3.402,3.402,3.402,3.402,0,0,0
2023-07-27T00:00:00Z,1690416000,3.403,3.403,3.403,3.403,0,0,0
2023-07-28T00:00:00Z,1690502400,3.404,3.404,3.404,3.404,0,0,0
2023-07-31T00:00:00Z,1690761600,3.392,3.392,3.392,3.392,0,0,0
2023-08-01T00:00:00Z,1690848000,3.404,3.404,3.404,3.404,0,0,0
2023-08-02T00:00:00Z,1690934400,3.655,3.655,3.655,3.655,0,0,0
2023-08-03T00:00:00Z,1691020800,3.653,3.653,3.653,3.653,0,0,0
2023-08-04T00:00:00Z,1691107200,3.653,3.653,3.653,3.653,0,0,0
2023-08-07T00:00:00Z,1691366400,3.653,3.653,3.653,3.653,0,0,0
2023-08-08T00:00:00Z,1691452800,3.652,3.652,3.652,3.652,0,0,0
2023-08-09T00:00:00Z,1691539200,3.649,3.649,3.649,3.649,0,0,0
2023-08-10T00:00:00Z,1691625600,3.652,3.652,3.652,3.652,0,0,0
2023-08-11T00:00:00Z,1691712000,3.653,3.653,3.653,3.653,0,0,0
2023-08-14T00:00:00Z,1691971200,3.656,3.656,3.656,3.656,0,0,0
2023-08-15T00:00:00Z,1692057600,3.657,3.657,3.657,3.657,0,0,0
2023-08-16T00:00:00Z,1692144000,3.654,3.654,3.654,3.654,0,0,0
2023-08-17T00:00:00Z,1692230400,3.654,3.654,3.654,3.654,0,0,0
2023-08-18T00:00:00Z,1692316800,3.655,3.655,3.655,3.655,0,0,0
2023-08-21T00:00:00Z,1692576000,3.654,3.654,3.654,3.654,0,0,0
2023-08-22T00:00:00Z,1692662400,3.655,3.655,3.655,3.655,0,0,0
2023-08-23T00:00:00Z,1692748800,3.652,3.652,3.652,3.652,0,0,0
2023-08-24T00:00:00Z,1692835200,3.649,3.649,3.649,3.649,0,0,0
2023-08-25T00:00:00Z,1692921600,3.652,3.652,3.652,3.652,0,0,0
2023-08-28T00:00:00Z,1693180800,3.651,3.651,3.651,3.651,0,0,0
2023-08-29T00:00:00Z,1693267200,3.652,3.652,3.652,3.652,0,0,0
2023-08-30T00:00:00Z,1693353600,3.652,3.652,3.652,3.652,0,0,0
2023-08-31T00:00:00Z,1693440000,3.646,3.646,3.646,3.646,0,0,0
2023-09-01T00:00:00Z,1693526400,3.652,3.652,3.652,3.652,0,0,0
2023-09-04T00:00:00Z,1693785600,3.652,3.652,3.652,3.652,0,0,0
2023-09-05T00:00:00Z,1693872000,3.651,3.651,3.651,3.651,0,0,0
2023-09-06T00:00:00Z,1693958400,3.652,3.652,3.652,3.652,0,0,0
2023-09-07T00:00:00Z,1694044800,3.652,3.652,3.652,3.652,0,0,0
2023-09-08T00:00:00Z,1694131200,3.653,3.653,3.653,3.653,0,0,0
2023-09-11T00:00:00Z,1694390400,3.652,3.652,3.652,3.652,0,0,0
2023-09-12T00:00:00Z,1694476800,3.654,3.654,3.654,3.654,0,0,0
2023-09-13T00:00:00Z,1694563200,3.652,3.652,3.652,3.652,0,0,0
2023-09-14T00:00:00Z,1694649600,3.653,3.653,3.653,3.653,0,0,0
2023-09-15T00:00:00Z,1694736000,3.65,3.65,3.65,3.65,0,0,0
2023-09-18T00:00:00Z,1694995200,3.648,3.648,3.648,3.648,0,0,0
2023-09-19T00:00:00Z,1695081600,3.651,3.651,3.651,3.651,0,0,0
2023-09-20T00:00:00Z,1695168000,3.901,3.901,3.901,3.901,0,0,0
2023-09-21T00:00:00Z,1695254400,3.902,3.902,3.902,3.902,0,0,0
2023-09-22T00:00:00Z,1695340800,3.905,3.905,3.905,3.905,0,0,0
2023-09-25T00:00:00Z,1695600000,3.904,3.904,3.904,3.904,0,0,0
2023-09-26T00:00:00Z,1695686400,3.904,3.904,3.904,3.904,0,0,0
2023-09-27T00:00:00Z,1695772800,3.905,3.905,3.905,3.905,0,0,0
2023-09-28T00:00:00Z,1695859200,3.906,3.906,3.906,3.906,0,0,0
2023-09-29T00:00:00Z,1695945600,3.88,3.88,3.88,3.88,0,0,0
2023-10-02T00:00:00Z,1696204800,3.899,3.899,3.899,3.899,0,0,0
2023-10-03T00:00:00Z,1696291200,3.9,3.9,3.9,3.9,0,0,0
2023-10-04T00:00:00Z,1696377600,3.901,3.901,3.901,3.901,0,0,0
2023-10-05T00:00:00Z,1696464000,3.9,3.9,3.9,3.9,0,0,0
2023-10-06T00:00:00Z,1696550400,3.899,3.899,3.899,3.899,0,0,0
2023-10-09T00:00:00Z,1696809600,3.9,3.9,3.9,3.9,0,0,0
2023-10-10T00:00:00Z,1696896000,3.899,3.899,3.899,3.899,0,0,0
2023-10-11T00:00:00Z,1696982400,3.901,3.901,3.901,3.901,0,0,0
2023-10-12T00:00:00Z,1697068800,3.901,3.901,3.901,3.901,0,0,0
2023-10-13T00:00:00Z,1697155200,3.903,3.903,3.903,3.903,0,0,0
2023-10-16T00:00:00Z,1697414400,3.902,3.902,3.902,3.902,0,0,0
2023-10-17T00:00:00Z,1697500800,3.904,3.904,3.904,3.904,0,0,0
2023-10-18T00:00:00Z,1697587200,3.903,3.903,3.903,3.903,0,0,0
2023-10-19T00:00:00Z,1697673600,3.905,3.905,3.905,3.905,0,0,0
2023-10-20T00:00:00Z,1697760000,3.905,3.905,3.905,3.905,0,0,0
2023-10-23T00:00:00Z,1698019200,3.905,3.905,3.905,3.905,0,0,0
2023-10-24T00:00:00Z,1698105600,3.904,3.904,3.904,3.904,0,0,0
2023-10-25T00:00:00Z,1698192000,3.9,3.9,3.9,3.9,0,0,0
2023-10-26T00:00:00Z,1698278400,3.901,3.901,3.901,3.901,0,0,0
2023-10-27T00:00:00Z,1698364800,3.903,3.903,3.903,3.903,0,0,0
2023-10-30T00:00:00Z,1698624000,3.899,3.899,3.899,3.899,0,0,0
2023-10-31T00:00:00Z,1698710400,3.882,3.882,3.882,3.882,0,0,0
2023-11-01T00:00:00Z,1698796800,3.9,3.9,3.9,3.9,0,0,0
2023-11-02T00:00:00Z,1698883200,3.903,3.903,3.903,3.903,0,0,0
2023-11-03T00:00:00Z,1698969600,3.902,3.902,3.902,3.902,0,0,0
2023-11-06T00:00:00Z,1699228800,3.9,3.9,3.9,3.9,0,0,0
2023-11-07T00:00:00Z,1699315200,3.902,3.902,3.902,3.902,0,0,0
2023-11-08T00:00:00Z,1699401600,3.902,3.902,3.902,3.902,0,0,0
2023-11-09T00:00:00Z,1699488000,3.902,3.902,3.902,3.902,0,0,0
2023-11-10T00:00:00Z,1699574400,3.904,3.904,3.904,3.904,0,0,0
2023-11-13T00:00:00Z,1699833600,3.903,3.903,3.903,3.903,0,0,0
2023-11-14T00:00:00Z,1699920000,3.902,3.902,3.902,3.902,0,0,0
2023-11-15T00:00:00Z,1700006400,3.899,3.899,3.899,3.899,0,0,0
2023-11-16T00:00:00Z,1700092800,3.906,3.906,3.906,3.906,0,0,0
2023-11-17T00:00:00Z,1700179200,3.902,3.902,3.902,3.902,0,0,0
2023-11-20T00:00:00Z,1700438400,3.903,3.903,3.903,3.903,0,0,0
2023-11-21T00:00:00Z,1700524800,3.901,3.901,3.901,3.901,0,0,0
2023-11-22T00:00:00Z,1700611200,3.902,3.902,3.902,3.902,0,0,0
2023-11-23T00:00:00Z,1700697600,3.902,3.902,3.902,3.902,0,0,0
2023-11-24T00:00:00Z,1700784000,3.904,3.904,3.904,3.904,0,0,0
2023-11-27T00:00:00Z,1701043200,3.903,3.903,3.903,3.903,0,0,0
2023-11-28T00:00:00Z,1701129600,3.903,3.903,3.903,3.903,0,0,0
2023-11-29T00:00:00Z,1701216000,3.902,3.902,3.902,3.902,0,0,0
2023-11-30T00:00:00Z,1701302400,3.891,3.891,3.891,3.891,0,0,0
2023-12-01T00:00:00Z,1701388800,3.904,3.904,3.904,3.904,0,0,0
2023-12-04T00:00:00Z,1701648000,3.904,3.904,3.904,3.904,0,0,0
2023-12-05T00:00:00Z,1701734400,3.905,3.905,3.905,3.905,0,0,0
2023-12-06T00:00:00Z,1701820800,3.904,3.904,3.904,3.904,0,0,0
2023-12-07T00:00:00Z,1701907200,3.903,3.903,3.903,3.903,0,0,0
2023-12-08T00:00:00Z,1701993600,3.903,3.903,3.903,3.903,0,0,0
2023-12-11T00:00:00Z,1702252800,3.902,3.902,3.902,3.902,0,0,0
2023-12-12T00:00:00Z,1702339200,3.905,3.905,3.905,3.905,0,0,0
2023-12-13T00:00:00Z,1702425600,3.905,3.905,3.905,3.905,0,0,0
2023-12-14T00:00:00Z,1702512000,3.907,3.907,3.907,3.907,0,0,0
2023-12-15T00:00:00Z,1702598400,3.904,3.904,3.904,3.904,0,0,0
2023-12-18T00:00:00Z,1702857600,3.901,3.901,3.901,3.901,0,0,0
2023-12-19T00:00:00Z,1702944000,3.901,3.901,3.901,3.901,0,0,0
2023-12-20T00:00:00Z,1703030400,3.901,3.901,3.901,3.901,0,0,0
2023-12-21T00:00:00Z,1703116800,3.899,3.899,3.899,3.899,0,0,0
2023-12-22T00:00:00Z,1703203200,3.899,3.899,3.899,3.899,0,0,0
2023-12-27T00:00:00Z,1703635200,3.9,3.9,3.9,3.9,0,0,0
2023-12-28T00:00:00Z,1703721600,3.9,3.9,3.9,3.9,0,0,0
2023-12-29T00:00:00Z,1703808000,3.882,3.882,3.882,3.882,0,0,0
2024-01-02T00:00:00Z,1704153600,3.906,3.906,3.906,3.906,0,0,0
2024-01-03T00:00:00Z,1704240000,3.904,3.904,3.904,3.904,0,0,0
2024-01-04T00:00:00Z,1704326400,3.902,3.902,3.902,3.902,0,0,0
2024-01-05T00:00:00Z,1704412800,3.905,3.905,3.905,3.905,0,0,0
2024-01-08T00:00:00Z,1704672000,3.904,3.904,3.904,3.904,0,0,0
2024-01-09T00:00:00Z,1704758400,3.904,3.904,3.904,3.904,0,0,0
2024-01-10T00:00:00Z,1704844800,3.906,3.906,3.906,3.906,0,0,0
2024-01-11T00:00:00Z,1704931200,3.905,3.905,3.905,3.905,0,0,0
2024-01-12T00:00:00Z,1705017600,3.904,3.904,3.904,3.904,0,0,0
2024-01-15T00:00:00Z,1705276800,3.902,3.902,3.902,3.902,0,0,0
2024-01-16T00:00:00Z,1705363200,3.905,3.905,3.905,3.905,0,0,0
2024-01-17T00:00:00Z,1705449600,3.904,3.904,3.904,3.904,0,0,0
2024-01-18T00:00:00Z,1705536000,3.907,3.907,3.907,3.907,0,0,0
2024-01-19T00:00:00Z,1705622400,3.904,3.904,3.904,3.904,0,0,0
2024-01-22T00:00:00Z,1705881600,3.902,3.902,3.902,3.902,0,0,0
2024-01-23T00:00:00Z,1705968000,3.902,3.902,3.902,3.902,0,0,0
2024-01-24T00:00:00Z,1706054400,3.905,3.905,3.905,3.905,0,0,0
2024-01-25T00:00:00Z,1706140800,3.905,3.905,3.905,3.905,0,0,0
2024-01-26T00:00:00Z,1706227200,3.904,3.904,3.904,3.904,0,0,0
2024-01-29T00:00:00Z,1706486400,3.907,3.907,3.907,3.907,0,0,0
2024-01-30T00:00:00Z,1706572800,3.907,3.907,3.907,3.907,0,0,0
2024-01-31T00:00:00Z,1706659200,3.894,3.894,3.894,3.894,0,0,0
2024-02-01T00:00:00Z,1706745600,3.905,3.905,3.905,3.905,0,0,0
2024-02-02T00:00:00Z,1706832000,3.906,3.906,3.906,3.906,0,0,0
2024-02-05T00:00:00Z,1707091200,3.907,3.907,3.907,3.907,0,0,0
2024-02-06T00:00:00Z,1707177600,3.908,3.908,3.908,3.908,0,0,0
2024-02-07T00:00:00Z,1707264000,3.908,3.908,3.908,3.908,0,0,0
2024-02-08T00:00:00Z,1707350400,3.908,3.908,3.908,3.908,0,0,0
2024-02-09T00:00:00Z,1707436800,3.91,3.91,3.91,3.91,0,0,0
2024-02-12T00:00:00Z,1707696000,3.909,3.909,3.909,3.909,0,0,0
2024-02-13T00:00:00Z,1707782400,3.909,3.909,3.909,3.909,0,0,0
2024-02-14T00:00:00Z,1707868800,3.911,3.911,3.911,3.911,0,0,0
2024-02-15T00:00:00Z,1707955200,3.911,3.911,3.911,3.911,0,0,0
2024-02-16T00:00:00Z,1708041600,3.909,3.909,3.909,3.909,0,0,0
2024-02-19T00:00:00Z,1708300800,3.91,3.91,3.91,3.91,0,0,0
2024-02-20T00:00:00Z,1708387200,3.911,3.911,3.911,3.911,0,0,0
2024-02-21T00:00:00Z,1708473600,3.91,3.91,3.91,3.91,0,0,0
2024-02-22T00:00:00Z,1708560000,3.909,3.909,3.909,3.909,0,0,0
2024-02-23T00:00:00Z,1708646400,3.907,3.907,3.907,3.907,0,0,0
2024-02-26T00:00:00Z,1708905600,3.904,3.904,3.904,3.904,0,0,0
2024-02-27T00:00:00Z,1708992000,3.905,3.905,3.905,3.905,0,0,0
2024-02-28T00:00:00Z,1709078400,3.906,3.906,3.906,3.906,0,0,0
2024-02-29T00:00:00Z,1709164800,3.887,3.887,3.887,3.887,0,0,0
2024-03-01T00:00:00Z,1709251200,3.904,3.904,3.904,3.904,0,0,0
2024-03-04T00:00:00Z,1709510400,3.903,3.903,3.903,3.903,0,0,0
2024-03-05T00:00:00Z,1709596800,3.911,3.911,3.911,3.911,0,0,0
2024-03-06T00:00:00Z,1709683200,3.905,3.905,3.905,3.905,0,0,0
2024-03-07T00:00:00Z,1709769600,3.908,3.908,3.908,3.908,0,0,0
2024-03-08T00:00:00Z,1709856000,3.907,3.907,3.907,3.907,0,0,0
2024-03-11T00:00:00Z,1710115200,3.904,3.904,3.904,3.904,0,0,0
2024-03-12T00:00:00Z,1710201600,3.905,3.905,3.905,3.905,0,0,0
2024-03-13T00:00:00Z,1710288000,3.907,3.907,3.907,3.907,0,0,0
2024-03-14T00:00:00Z,1710374400,3.908,3.908,3.908,3.908,0,0,0
2024-03-15T00:00:00Z,1710460800,3.909,3.909,3.909,3.909,0,0,0
2024-03-18T00:00:00Z,1710720000,3.909,3.909,3.909,3.909,0,0,0
2024-03-19T00:00:00Z,1710806400,3.908,3.908,3.908,3.908,0,0,0
2024-03-20T00:00:00Z,1710892800,3.908,3.908,3.908,3.908,0,0,0
2024-03-21T00:00:00Z,1710979200,3.907,3.907,3.907,3.907,0,0,0
2024-03-22T00:00:00Z,1711065600,3.909,3.909,3.909,3.909,0,0,0
2024-03-25T00:00:00Z,1711324800,3.909,3.909,3.909,3.909,0,0,0
2024-03-26T00:00:00Z,1711411200,3.906,3.906,3.906,3.906,0,0,0
2024-03-27T00:00:00Z,1711497600,3.906,3.906,3.906,3.906,0,0,0
2024-03-28T00:00:00Z,1711584000,3.899,3.899,3.899,3.899,0,0,0
2024-04-02T00:00:00Z,1712016000,3.906,3.906,3.906,3.906,0,0,0
2024-04-03T00:00:00Z,1712102400,3.911,3.911,3.911,3.911,0,0,0
2024-04-04T00:00:00Z,1712188800,3.912,3.912,3.912,3.912,0,0,0
2024-04-05T00:00:00Z,1712275200,3.907,3.907,3.907,3.907,0,0,0
2024-04-08T00:00:00Z,1712534400,3.908,3.908,3.908,3.908,0,0,0
2024-04-09T00:00:00Z,1712620800,3.909,3.909,3.909,3.909,0,0,0
2024-04-10T00:00:00Z,1712707200,3.907,3.907,3.907,3.907,0,0,0
2024-04-11T00:00:00Z,1712793600,3.907,3.907,3.907,3.907,0,0,0
2024-04-12T00:00:00Z,1712880000,3.91,3.91,3.91,3.91,0,0,0
2024-04-15T00:00:00Z,1713139200,3.907,3.907,3.907,3.907,0,0,0
2024-04-16T00:00:00Z,1713225600,3.911,3.911,3.911,3.911,0,0,0
2024-04-17T00:00:00Z,1713312000,3.908,3.908,3.908,3.908,0,0,0
2024-04-18T00:00:00Z,1713398400,3.909,3.909,3.909,3.909,0,0,0
2024-04-19T00:00:00Z,1713484800,3.91,3.91,3.91,3.91,0,0,0
2024-04-22T00:00:00Z,1713744000,3.91,3.91,3.91,3.91,0,0,0
2024-04-23T00:00:00Z,1713830400,3.908,3.908,3.908,3.908,0,0,0
2024-04-24T00:00:00Z,1713916800,3.911,3.911,3.911,3.911,0,0,0
2024-04-25T00:00:00Z,1714003200,3.909,3.909,3.909,3.909,0,0,0
2024-04-26T00:00:00Z,1714089600,3.907,3.907,3.907,3.907,0,0,0
2024-04-29T00:00:00Z,1714348800,3.906,3.906,3.906,3.906,0,0,0
2024-04-30T00:00:00Z,1714435200,3.889,3.889,3.889,3.889,0,0,0
2024-05-02T00:00:00Z,1714608000,3.91,3.91,3.91,3.91,0,0,0
2024-05-03T00:00:00Z,1714694400,3.908,3.908,3.908,3.908,0,0,0
2024-05-06T00:00:00Z,1714953600,3.909,3.909,3.909,3.909,0,0,0
2024-05-07T00:00:00Z,1715040000,3.906,3.906,3.906,3.906,0,0,0
2024-05-08T00:00:00Z,1715126400,3.905,3.905,3.905,3.905,0,0,0
2024-05-09T00:00:00Z,1715212800,3.901,3.901,3.901,3.901,0,0,0
2024-05-10T00:00:00Z,1715299200,3.906,3.906,3.906,3.906,0,0,0
2024-05-13T00:00:00Z,1715558400,3.907,3.907,3.907,3.907,0,0,0
2024-05-14T00:00:00Z,1715644800,3.907,3.907,3.907,3.907,0,0,0
2024-05-15T00:00:00Z,1715731200,3.908,3.908,3.908,3.908,0,0,0
2024-05-16T00:00:00Z,1715817600,3.904,3.904,3.904,3.904,0,0,0
2024-05-17T00:00:00Z,1715904000,3.901,3.901,3.901,3.901,0,0,0
2024-05-20T00:00:00Z,1716163200,3.904,3.904,3.904,3.904,0,0,0
2024-05-21T00:00:00Z,1716249600,3.912,3.912,3.912,3.912,0,0,0
2024-05-22T00:00:00Z,1716336000,3.91,3.91,3.91,3.91,0,0,0
2024-05-23T00:00:00Z,1716422400,3.912,3.912,3.912,3.912,0,0,0
2024-05-24T00:00:00Z,1716508800,3.91,3.91,3.91,3.91,0,0,0
2024-05-27T00:00:00Z,1716768000,3.911,3.911,3.911,3.911,0,0,0
2024-05-28T00:00:00Z,1716854400,3.909,3.909,3.909,3.909,0,0,0
2024-05-29T00:00:00Z,1716940800,3.909,3.909,3.909,3.909,0,0,0
2024-05-30T00:00:00Z,1717027200,3.91,3.91,3.91,3.91,0,0,0
2024-05-31T00:00:00Z,1717113600,3.892,3.892,3.892,3.892,0,0,0
2024-06-03T00:00:00Z,1717372800,3.913,3.913,3.913,3.913,0,0,0
2024-06-04T00:00:00Z,1717459200,3.911,3.911,3.911,3.911,0,0,0
2024-06-05T00:00:00Z,1717545600,3.913,3.913,3.913,3.913,0,0,0
2024-06-06T00:00:00Z,1717632000,3.911,3.911,3.911,3.911,0,0,0
2024-06-07T00:00:00Z,1717718400,3.912,3.912,3.912,3.912,0,0,0
2024-06-10T00:00:00Z,1717977600,3.912,3.912,3.912,3.912,0,0,0
2024-06-11T00:00:00Z,1718064000,3.909,3.909,3.909,3.909,0,0,0
2024-06-12T00:00:00Z,1718150400,3.662,3.662,3.662,3.662,0,0,0
2024-06-13T00:00:00Z,1718236800,3.661,3.661,3.661,3.661,0,0,0
2024-06-14T00:00:00Z,1718323200,3.662,3.662,3.662,3.662,0,0,0
2024-06-17T00:00:00Z,1718582400,3.662,3.662,3.662,3.662,0,0,0
2024-06-18T00:00:00Z,1718668800,3.666,3.666,3.666,3.666,0,0,0
2024-06-19T00:00:00Z,1718755200,3.663,3.663,3.663,3.663,0,0,0
2024-06-20T00:00:00Z,1718841600,3.663,3.663,3.663,3.663,0,0,0
2024-06-21T00:00:00Z,1718928000,3.664,3.664,3.664,3.664,0,0,0
2024-06-24T00:00:00Z,1719187200,3.663,3.663,3.663,3.663,0,0,0
2024-06-25T00:00:00Z,1719273600,3.663,3.663,3.663,3.663,0,0,0
2024-06-26T00:00:00Z,1719360000,3.661,3.661,3.661,3.661,0,0,0
2024-06-27T00:00:00Z,1719446400,3.662,3.662,3.662,3.662,0,0,0
2024-06-28T00:00:00Z,1719532800,3.656,3.656,3.656,3.656,0,0,0
2024-07-01T00:00:00Z,1719792000,3.665,3.665,3.665,3.665,0,0,0
2024-07-02T00:00:00Z,1719878400,3.662,3.662,3.662,3.662,0,0,0
2024-07-03T00:00:00Z,1719964800,3.663,3.663,3.663,3.663,0,0,0
2024-07-04T00:00:00Z,1720051200,3.663,3.663,3.663,3.663,0,0,0
2024-07-05T00:00:00Z,1720137600,3.663,3.663,3.663,3.663,0,0,0
2024-07-08T00:00:00Z,1720396800,3.662,3.662,3.662,3.662,0,0,0
2024-07-09T00:00:00Z,1720483200,3.662,3.662,3.662,3.662,0,0,0
2024-07-10T00:00:00Z,1720569600,3.663,3.663,3.663,3.663,0,0,0
2024-07-11T00:00:00Z,1720656000,3.662,3.662,3.662,3.662,0,0,0
2024-07-12T00:00:00Z,1720742400,3.661,3.661,3.661,3.661,0,0,0
2024-07-15T00:00:00Z,1721001600,3.661,3.661,3.661,3.661,0,0,0
2024-07-16T00:00:00Z,1721088000,3.662,3.662,3.662,3.662,0,0,0
2024-07-17T00:00:00Z,1721174400,3.662,3.662,3.662,3.662,0,0,0
2024-07-18T00:00:00Z,1721260800,3.663,3.663,3.663,3.663,0,0,0
2024-07-19T00:00:00Z,1721347200,3.663,3.663,3.663,3.663,0,0,0
2024-07-22T00:00:00Z,1721606400,3.664,3.664,3.664,3.664,0,0,0
2024-07-23T00:00:00Z,1721692800,3.665,3.665,3.665,3.665,0,0,0
2024-07-24T00:00:00Z,1721779200,3.665,3.665,3.665,3.665,0,0,0
2024-07-25T00:00:00Z,1721865600,3.665,3.665,3.665,3.665,0,0,0
2024-07-26T00:00:00Z,1721952000,3.663,3.663,3.663,3.663,0,0,0
2024-07-29T00:00:00Z,1722211200,3.663,3.663,3.663,3.663,0,0,0
2024-07-30T00:00:00Z,1722297600,3.665,3.665,3.665,3.665,0,0,0
2024-07-31T00:00:00Z,1722384000,3.653,3.653,3.653,3.653,0,0,0
2024-08-01T00:00:00Z,1722470400,3.664,3.664,3.664,3.664,0,0,0
2024-08-02T00:00:00Z,1722556800,3.664,3.664,3.664,3.664,0,0,0
2024-08-05T00:00:00Z,1722816000,3.664,3.664,3.664,3.664,0,0,0
2024-08-06T00:00:00Z,1722902400,3.663,3.663,3.663,3.663,0,0,0
2024-08-07T00:00:00Z,1722988800,3.663,3.663,3.663,3.663,0,0,0
2024-08-08T00:00:00Z,1723075200,3.665,3.665,3.665,3.665,0,0,0
2024-08-09T00:00:00Z,1723161600,3.663,3.663,3.663,3.663,0,0,0
2024-08-12T00:00:00Z,1723420800,3.664,3.664,3.664,3.664,0,0,0
2024-08-13T00:00:00Z,1723507200,3.664,3.664,3.664,3.664,0,0,0
2024-08-14T00:00:00Z,1723593600,3.662,3.662,3.662,3.662,0,0,0
2024-08-15T00:00:00Z,1723680000,3.662,3.662,3.662,3.662,0,0,0
2024-08-16T00:00:00Z,1723766400,3.664,3.664,3.664,3.664,0,0,0
2024-08-19T00:00:00Z,1724025600,3.664,3.664,3.664,3.664,0,0,0
2024-08-20T00:00:00Z,1724112000,3.664,3.664,3.664,3.664,0,0,0
2024-08-21T00:00:00Z,1724198400,3.663,3.663,3.663,3.663,0,0,0
2024-08-22T00:00:00Z,1724284800,3.664,3.664,3.664,3.664,0,0,0
2024-08-23T00:00:00Z,1724371200,3.664,3.664,3.664,3.664,0,0,0
2024-08-26T00:00:00Z,1724630400,3.665,3.665,3.665,3.665,0,0,0
2024-08-27T00:00:00Z,1724716800,3.665,3.665,3.665,3.665,0,0,0
2024-08-28T00:00:00Z,1724803200,3.666,3.666,3.666,3.666,0,0,0
2024-08-29T00:00:00Z,1724889600,3.664,3.664,3.664,3.664,0,0,0
2024-08-30T00:00:00Z,1724976000,3.654,3.654,3.654,3.654,0,0,0
2024-09-02T00:00:00Z,1725235200,3.664,3.664,3.664,3.664,0,0,0
2024-09-03T00:00:00Z,1725321600,3.663,3.663,3.663,3.663,0,0,0
2024-09-04T00:00:00Z,1725408000,3.663,3.663,3.663,3.663,0,0,0
2024-09-05T00:00:00Z,1725494400,3.662,3.662,3.662,3.662,0,0,0
2024-09-06T00:00:00Z,1725580800,3.663,3.663,3.663,3.663,0,0,0
2024-09-09T00:00:00Z,1725840000,3.663,3.663,3.663,3.663,0,0,0
2024-09-10T00:00:00Z,1725926400,3.664,3.664,3.664,3.664,0,0,0
2024-09-11T00:00:00Z,1726012800,3.664,3.664,3.664,3.664,0,0,0
2024-09-12T00:00:00Z,1726099200,3.664,3.664,3.664,3.664,0,0,0
2024-09-13T00:00:00Z,1726185600,3.663,3.663,3.663,3.663,0,0,0
2024-09-16T00:00:00Z,1726444800,3.662,3.662,3.662,3.662,0,0,0
2024-09-17T00:00:00Z,1726531200,3.665,3.665,3.665,3.665,0,0,0
2024-09-18T00:00:00Z,1726617600,3.416,3.416,3.416,3.416,0,0,0
2024-09-19T00:00:00Z,1726704000,3.414,3.414,3.414,3.414,0,0,0
2024-09-20T00:00:00Z,1726790400,3.412,3.412,3.412,3.412,0,0,0
2024-09-23T00:00:00Z,1727049600,3.414,3.414,3.414,3.414,0,0,0
2024-09-24T00:00:00Z,1727136000,3.415,3.415,3.415,3.415,0,0,0
2024-09-25T00:00:00Z,1727222400,3.416,3.416,3.416,3.416,0,0,0
2024-09-26T00:00:00Z,1727308800,3.415,3.415,3.415,3.415,0,0,0
2024-09-27T00:00:00Z,1727395200,3.415,3.415,3.415,3.415,0,0,0
2024-09-30T00:00:00Z,1727654400,3.41,3.41,3.41,3.41,0,0,0
2024-10-01T00:00:00Z,1727740800,3.416,3.416,3.416,3.416,0,0,0
2024-10-02T00:00:00Z,1727827200,3.41,3.41,3.41,3.41,0,0,0
2024-10-03T00:00:00Z,1727913600,3.407,3.407,3.407,3.407,0,0,0
2024-10-04T00:00:00Z,1728000000,3.414,3.414,3.414,3.414,0,0,0
2024-10-07T00:00:00Z,1728259200,3.413,3.413,3.413,3.413,0,0,0
2024-10-08T00:00:00Z,1728345600,3.414,3.414,3.414,3.414,0,0,0
2024-10-09T00:00:00Z,1728432000,3.415,3.415,3.415,3.415,0,0,0
2024-10-10T00:00:00Z,1728518400,3.414,3.414,3.414,3.414,0,0,0
2024-10-11T00:00:00Z,1728604800,3.413,3.413,3.413,3.413,0,0,0
2024-10-14T00:00:00Z,1728864000,3.413,3.413,3.413,3.413,0,0,0
2024-10-15T00:00:00Z,1728950400,3.413,3.413,3.413,3.413,0,0,0
2024-10-16T00:00:00Z,1729036800,3.414,3.414,3.414,3.414,0,0,0
2024-10-17T00:00:00Z,1729123200,3.415,3.415,3.415,3.415,0,0,0
2024-10-18T00:00:00Z,1729209600,3.415,3.415,3.415,3.415,0,0,0
2024-10-21T00:00:00Z,1729468800,3.415,3.415,3.415,3.415,0,0,0
2024-10-22T00:00:00Z,1729555200,3.416,3.416,3.416,3.416,0,0,0
2024-10-23T00:00:00Z,1729641600,3.166,3.166,3.166,3.166,0,0,0
2024-10-24T00:00:00Z,1729728000,3.166,3.166,3.166,3.166,0,0,0
2024-10-25T00:00:00Z,1729814400,3.166,3.166,3.166,3.166,0,0,0
2024-10-28T00:00:00Z,1730073600,3.164,3.164,3.164,3.164,0,0,0
2024-10-29T00:00:00Z,1730160000,3.164,3.164,3.164,3.164,0,0,0
2024-10-30T00:00:00Z,1730246400,3.165,3.165,3.165,3.165,0,0,0
2024-10-31T00:00:00Z,1730332800,3.155,3.155,3.155,3.155,0,0,0
2024-11-01T00:00:00Z,1730419200,3.163,3.163,3.163,3.163,0,0,0
2024-11-04T00:00:00Z,1730678400,3.163,3.163,3.163,3.163,0,0,0
2024-11-05T00:00:00Z,1730764800,3.163,3.163,3.163,3.163,0,0,0
2024-11-06T00:00:00Z,1730851200,3.162,3.162,3.162,3.162,0,0,0
2024-11-07T00:00:00Z,1730937600,3.163,3.163,3.163,3.163,0,0,0
2024-11-08T00:00:00Z,1731024000,3.163,3.163,3.163,3.163,0,0,0
2024-11-11T00:00:00Z,1731283200,3.162,3.162,3.162,3.162,0,0,0
2024-11-12T00:00:00Z,1731369600,3.163,3.163,3.163,3.163,0,0,0
2024-11-13T00:00:00Z,1731456000,3.164,3.164,3.164,3.164,0,0,0
2024-11-14T00:00:00Z,1731542400,3.165,3.165,3.165,3.165,0,0,0
2024-11-15T00:00:00Z,1731628800,3.165,3.165,3.165,3.165,0,0,0
2024-11-18T00:00:00Z,1731888000,3.165,3.165,3.165,3.165,0,0,0
2024-11-19T00:00:00Z,1731974400,3.166,3.166,3.166,3.166,0,0,0
2024-11-20T00:00:00Z,1732060800,3.167,3.167,3.167,3.167,0,0,0
2024-11-21T00:00:00Z,1732147200,3.167,3.167,3.167,3.167,0,0,0
2024-11-22T00:00:00Z,1732233600,3.168,3.168,3.168,3.168,0,0,0
2024-11-25T00:00:00Z,1732492800,3.167,3.167,3.167,3.167,0,0,0
2024-11-26T00:00:00Z,1732579200,3.165,3.165,3.165,3.165,0,0,0
2024-11-27T00:00:00Z,1732665600,3.165,3.165,3.165,3.165,0,0,0
2024-11-28T00:00:00Z,1732752000,3.164,3.164,3.164,3.164,0,0,0
2024-11-29T00:00:00Z,1732838400,3.163,3.163,3.163,3.163,0,0,0
2024-12-02T00:00:00Z,1733097600,3.165,3.165,3.165,3.165,0,0,0
2024-12-03T00:00:00Z,1733184000,3.164,3.164,3.164,3.164,0,0,0
2024-12-04T00:00:00Z,1733270400,3.165,3.165,3.165,3.165,0,0,0
2024-12-05T00:00:00Z,1733356800,3.165,3.165,3.165,3.165,0,0,0
2024-12-06T00:00:00Z,1733443200,3.165,3.165,3.165,3.165,0,0,0
2024-12-09T00:00:00Z,1733702400,3.164,3.164,3.164,3.164,0,0,0
2024-12-10T00:00:00Z,1733788800,3.163,3.163,3.163,3.163,0,0,0
2024-12-11T00:00:00Z,1733875200,3.164,3.164,3.164,3.164,0,0,0
2024-12-12T00:00:00Z,1733961600,3.164,3.164,3.164,3.164,0,0,0
2024-12-13T00:00:00Z,1734048000,3.167,3.167,3.167,3.167,0,0,0
2024-12-16T00:00:00Z,1734307200,3.165,3.165,3.165,3.165,0,0,0
2024-12-17T00:00:00Z,1734393600,3.164,3.164,3.164,3.164,0,0,0
2024-12-18T00:00:00Z,1734480000,2.917,2.917,2.917,2.917,0,0,0
2024-12-19T00:00:00Z,1734566400,2.919,2.919,2.919,2.919,0,0,0
2024-12-20T00:00:00Z,1734652800,2.916,2.916,2.916,2.916,0,0,0
2024-12-23T00:00:00Z,1734912000,2.911,2.911,2.911,2.911,0,0,0
2024-12-24T00:00:00Z,1734998400,2.909,2.909,2.909,2.909,0,0,0
2024-12-27T00:00:00Z,1735257600,2.916,2.916,2.916,2.916,0,0,0
2024-12-30T00:00:00Z,1735516800,2.915,2.915,2.915,2.915,0,0,0
2024-12-31T00:00:00Z,1735603200,2.905,2.905,2.905,2.905,0,0,0
2025-01-02T00:00:00Z,1735776000,2.92,2.92,2.92,2.92,0,0,0
2025-01-03T00:00:00Z,1735862400,2.919,2.919,2.919,2.919,0,0,0
2025-01-06T00:00:00Z,1736121600,2.917,2.917,2.917,2.917,0,0,0
2025-01-07T00:00:00Z,1736208000,2.918,2.918,2.918,2.918,0,0,0
2025-01-08T00:00:00Z,1736294400,2.917,2.917,2.917,2.917,0,0,0
2025-01-09T00:00:00Z,1736380800,2.92,2.92,2.92,2.92,0,0,0
2025-01-10T00:00:00Z,1736467200,2.917,2.917,2.917,2.917,0,0,0
2025-01-13T00:00:00Z,1736726400,2.918,2.918,2.918,2.918,0,0,0
2025-01-14T00:00:00Z,1736812800,2.919,2.919,2.919,2.919,0,0,0
2025-01-15T00:00:00Z,1736899200,2.92,2.92,2.92,2.92,0,0,0
2025-01-16T00:00:00Z,1736985600,2.92,2.92,2.92,2.92,0,0,0
2025-01-17T00:00:00Z,1737072000,2.92,2.92,2.92,2.92,0,0,0
2025-01-20T00:00:00Z,1737331200,2.919,2.919,2.919,2.919,0,0,0
2025-01-21T00:00:00Z,1737417600,2.921,2.921,2.921,2.921,0,0,0
2025-01-22T00:00:00Z,1737504000,2.92,2.92,2.92,2.92,0,0,0
2025-01-23T00:00:00Z,1737590400,2.922,2.922,2.922,2.922,0,0,0
2025-01-24T00:00:00Z,1737676800,2.921,2.921,2.921,2.921,0,0,0
2025-01-27T00:00:00Z,1737936000,2.921,2.921,2.921,2.921,0,0,0
2025-01-28T00:00:00Z,1738022400,2.921,2.921,2.921,2.921,0,0,0
2025-01-29T00:00:00Z,1738108800,2.923,2.923,2.923,2.923,0,0,0
2025-01-30T00:00:00Z,1738195200,2.923,2.923,2.923,2.923,0,0,0
2025-01-31T00:00:00Z,1738281600,2.912,2.912,2.912,2.912,0,0,0
2025-02-03T00:00:00Z,1738540800,2.918,2.918,2.918,2.918,0,0,0
2025-02-04T00:00:00Z,1738627200,2.917,2.917,2.917,2.917,0,0,0
2025-02-05T00:00:00Z,1738713600,2.666,2.666,2.666,2.666,0,0,0
2025-02-06T00:00:00Z,1738800000,2.669,2.669,2.669,2.669,0,0,0
2025-02-07T00:00:00Z,1738886400,2.665,2.665,2.665,2.665,0,0,0
2025-02-10T00:00:00Z,1739145600,2.664,2.664,2.664,2.664,0,0,0
2025-02-11T00:00:00Z,1739232000,2.666,2.666,2.666,2.666,0,0,0
2025-02-12T00:00:00Z,1739318400,2.665,2.665,2.665,2.665,0,0,0
2025-02-13T00:00:00Z,1739404800,2.667,2.667,2.667,2.667,0,0,0
2025-02-14T00:00:00Z,1739491200,2.666,2.666,2.666,2.666,0,0,0
2025-02-17T00:00:00Z,1739750400,2.665,2.665,2.665,2.665,0,0,0
2025-02-18T00:00:00Z,1739836800,2.666,2.666,2.666,2.666,0,0,0
2025-02-19T00:00:00Z,1739923200,2.665,2.665,2.665,2.665,0,0,0
2025-02-20T00:00:00Z,1740009600,2.667,2.667,2.667,2.667,0,0,0
2025-02-21T00:00:00Z,1740096000,2.666,2.666,2.666,2.666,0,0,0
2025-02-24T00:00:00Z,1740355200,2.666,2.666,2.666,2.666,0,0,0
2025-02-25T00:00:00Z,1740441600,2.666,2.666,2.666,2.666,0,0,0
2025-02-26T00:00:00Z,1740528000,2.665,2.665,2.665,2.665,0,0,0
2025-02-27T00:00:00Z,1740614400,2.666,2.666,2.666,2.666,0,0,0
2025-02-28T00:00:00Z,1740700800,2.658,2.658,2.658,2.658,0,0,0
2025-03-03T00:00:00Z,1740960000,2.663,2.663,2.663,2.663,0,0,0
2025-03-04T00:00:00Z,1741046400,2.664,2.664,2.664,2.664,0,0,0
2025-03-05T00:00:00Z,1741132800,2.664,2.664,2.664,2.664,0,0,0
2025-03-06T00:00:00Z,1741219200,2.666,2.666,2.666,2.666,0,0,0
2025-03-07T00:00:00Z,1741305600,2.665,2.665,2.665,2.665,0,0,0
2025-03-10T00:00:00Z,1741564800,2.663,2.663,2.663,2.663,0,0,0
2025-03-11T00:00:00Z,1741651200,2.663,2.663,2.663,2.663,0,0,0
2025-03-12T00:00:00Z,1741737600,2.412,2.412,2.412,2.412,0,0,0
2025-03-13T00:00:00Z,1741824000,2.413,2.413,2.413,2.413,0,0,0
2025-03-14T00:00:00Z,1741910400,2.417,2.417,2.417,2.417,0,0,0
2025-03-17T00:00:00Z,1742169600,2.417,2.417,2.417,2.417,0,0,0
2025-03-18T00:00:00Z,1742256000,2.417,2.417,2.417,2.417,0,0,0
2025-03-19T00:00:00Z,1742342400,2.416,2.416,2.416,2.416,0,0,0
2025-03-20T00:00:00Z,1742428800,2.417,2.417,2.417,2.417,0,0,0
2025-03-21T00:00:00Z,1742515200,2.417,2.417,2.417,2.417,0,0,0
2025-03-24T00:00:00Z,1742774400,2.418,2.418,2.418,2.418,0,0,0
2025-03-25T00:00:00Z,1742860800,2.418,2.418,2.418,2.418,0,0,0
2025-03-26T00:00:00Z,1742947200,2.417,2.417,2.417,2.417,0,0,0
2025-03-27T00:00:00Z,1743033600,2.417,2.417,2.417,2.417,0,0,0
2025-03-28T00:00:00Z,1743120000,2.417,2.417,2.417,2.417,0,0,0
2025-03-31T00:00:00Z,1743379200,2.415,2.415,2.415,2.415,0,0,0
2025-04-01T00:00:00Z,1743465600,2.42,2.42,2.42,2.42,0,0,0
2025-04-02T00:00:00Z,1743552000,2.417,2.417,2.417,2.417,0,0,0
2025-04-03T00:00:00Z,1743638400,2.416,2.416,2.416,2.416,0,0,0
2025-04-04T00:00:00Z,1743724800,2.415,2.415,2.415,2.415,0,0,0
2025-04-07T00:00:00Z,1743984000,2.414,2.414,2.414,2.414,0,0,0
2025-04-08T00:00:00Z,1744070400,2.415,2.415,2.415,2.415,0,0,0
2025-04-09T00:00:00Z,1744156800,2.415,2.415,2.415,2.415,0,0,0
2025-04-10T00:00:00Z,1744243200,2.416,2.416,2.416,2.416,0,0,0
2025-04-11T00:00:00Z,1744329600,2.416,2.416,2.416,2.416,0,0,0
2025-04-14T00:00:00Z,1744588800,2.417,2.417,2.417,2.417,0,0,0
2025-04-15T00:00:00Z,1744675200,2.416,2.416,2.416,2.416,0,0,0
2025-04-16T00:00:00Z,1744761600,2.418,2.418,2.418,2.418,0,0,0
2025-04-17T00:00:00Z,1744848000,2.417,2.417,2.417,2.417,0,0,0
2025-04-22T00:00:00Z,1745280000,2.417,2.417,2.417,2.417,0,0,0
2025-04-23T00:00:00Z,1745366400,2.167,2.167,2.167,2.167,0,0,0
2025-04-24T00:00:00Z,1745452800,2.169,2.169,2.169,2.169,0,0,0
2025-04-25T00:00:00Z,1745539200,2.167,2.167,2.167,2.167,0,0,0
2025-04-28T00:00:00Z,1745798400,2.167,2.167,2.167,2.167,0,0,0
2025-04-29T00:00:00Z,1745884800,2.167,2.167,2.167,2.167,0,0,0
2025-04-30T00:00:00Z,1745971200,2.156,2.156,2.156,2.156,0,0,0
2025-05-02T00:00:00Z,1746144000,2.168,2.168,2.168,2.168,0,0,0
2025-05-05T00:00:00Z,1746403200,2.167,2.167,2.167,2.167,0,0,0
2025-05-06T00:00:00Z,1746489600,2.167,2.167,2.167,2.167,0,0,0
2025-05-07T00:00:00Z,1746576000,2.169,2.169,2.169,2.169,0,0,0
2025-05-08T00:00:00Z,1746662400,2.171,2.171,2.171,2.171,0,0,0
2025-05-09T00:00:00Z,1746748800,2.169,2.169,2.169,2.169,0,0,0
2025-05-12T00:00:00Z,1747008000,2.17,2.17,2.17,2.17,0,0,0
2025-05-13T00:00:00Z,1747094400,2.172,2.172,2.172,2.172,0,0,0
2025-05-14T00:00:00Z,1747180800,2.172,2.172,2.172,2.172,0,0,0
2025-05-15T00:00:00Z,1747267200,2.172,2.172,2.172,2.172,0,0,0
2025-05-16T00:00:00Z,1747353600,2.17,2.17,2.17,2.17,0,0,0
2025-05-19T00:00:00Z,1747612800,2.171,2.171,2.171,2.171,0,0,0
2025-05-20T00:00:00Z,1747699200,2.172,2.172,2.172,2.172,0,0,0
2025-05-21T00:00:00Z,1747785600,2.169,2.169,2.169,2.169,0,0,0
2025-05-22T00:00:00Z,1747872000,2.173,2.173,2.173,2.173,0,0,0
2025-05-23T00:00:00Z,1747958400,2.17,2.17,2.17,2.17,0,0,0
2025-05-26T00:00:00Z,1748217600,2.168,2.168,2.168,2.168,0,0,0
2025-05-27T00:00:00Z,1748304000,2.172,2.172,2.172,2.172,0,0,0
2025-05-28T00:00:00Z,1748390400,2.167,2.167,2.167,2.167,0,0,0
2025-05-29T00:00:00Z,1748476800,2.161,2.161,2.161,2.161,0,0,0
2025-05-30T00:00:00Z,1748563200,2.161,2.161,2.161,2.161,0,0,0
2025-06-02T00:00:00Z,1748822400,2.172,2.172,2.172,2.172,0,0,0
2025-06-03T00:00:00Z,1748908800,2.172,2.172,2.172,2.172,0,0,0
2025-06-04T00:00:00Z,1748995200,2.173,2.173,2.173,2.173,0,0,0
2025-06-05T00:00:00Z,1749081600,2.174,2.174,2.174,2.174,0,0,0
2025-06-06T00:00:00Z,1749168000,2.173,2.173,2.173,2.173,0,0,0
2025-06-09T00:00:00Z,1749427200,2.17,2.17,2.17,2.17,0,0,0
2025-06-10T00:00:00Z,1749513600,2.174,2.174,2.174,2.174,0,0,0
2025-06-11T00:00:00Z,1749600000,1.924,1.924,1.924,1.924,0,0,0
2025-06-12T00:00:00Z,1749686400,1.923,1.923,1.923,1.923,0,0,0
2025-06-13T00:00:00Z,1749772800,1.925,1.925,1.925,1.925,0,0,0
2025-06-16T00:00:00Z,1750032000,1.924,1.924,1.924,1.924,0,0,0
2025-06-17T00:00:00Z,1750118400,1.924,1.924,1.924,1.924,0,0,0
2025-06-18T00:00:00Z,1750204800,1.922,1.922,1.922,1.922,0,0,0
2025-06-19T00:00:00Z,1750291200,1.917,1.917,1.917,1.917,0,0,0
2025-06-20T00:00:00Z,1750377600,1.923,1.923,1.923,1.923,0,0,0
2025-06-23T00:00:00Z,1750636800,1.925,1.925,1.925,1.925,0,0,0
2025-06-24T00:00:00Z,1750723200,1.926,1.926,1.926,1.926,0,0,0
2025-06-25T00:00:00Z,1750809600,1.925,1.925,1.925,1.925,0,0,0
2025-06-26T00:00:00Z,1750896000,1.929,1.929,1.929,1.929,0,0,0
2025-06-27T00:00:00Z,1750982400,1.928,1.928,1.928,1.928,0,0,0
2025-06-30T00:00:00Z,1751241600,1.921,1.921,1.921,1.921,0,0,0
2025-07-01T00:00:00Z,1751328000,1.921,1.921,1.921,1.921,0,0,0
2025-07-02T00:00:00Z,1751414400,1.923,1.923,1.923,1.923,0,0,0
2025-07-03T00:00:00Z,1751500800,1.922,1.922,1.922,1.922,0,0,0
2025-07-04T00:00:00Z,1751587200,1.92,1.92,1.92,1.92,0,0,0
2025-07-07T00:00:00Z,1751846400,1.92,1.92,1.92,1.92,0,0,0
2025-07-08T00:00:00Z,1751932800,1.919,1.919,1.919,1.919,0,0,0
2025-07-09T00:00:00Z,1752019200,1.919,1.919,1.919,1.919,0,0,0
2025-07-10T00:00:00Z,1752105600,1.921,1.921,1.921,1.921,0,0,0
2025-07-11T00:00:00Z,1752192000,1.923,1.923,1.923,1.923,0,0,0
2025-07-14T00:00:00Z,1752451200,1.923,1.923,1.923,1.923,0,0,0
2025-07-15T00:00:00Z,1752537600,1.922,1.922,1.922,1.922,0,0,0
2025-07-16T00:00:00Z,1752624000,1.923,1.923,1.923,1.923,0,0,0
2025-07-17T00:00:00Z,1752710400,1.925,1.925,1.925,1.925,0,0,0
2025-07-18T00:00:00Z,1752796800,1.923,1.923,1.923,1.923,0,0,0
2025-07-21T00:00:00Z,1753056000,1.924,1.924,1.924,1.924,0,0,0
2025-07-22T00:00:00Z,1753142400,1.923,1.923,1.923,1.923,0,0,0
2025-07-23T00:00:00Z,1753228800,1.924,1.924,1.924,1.924,0,0,0
2025-07-24T00:00:00Z,1753315200,1.924,1.924,1.924,1.924,0,0,0
2025-07-25T00:00:00Z,1753401600,1.925,1.925,1.925,1.925,0,0,0
2025-07-28T00:00:00Z,1753660800,1.923,1.923,1.923,1.923,0,0,0
2025-07-29T00:00:00Z,1753747200,1.923,1.923,1.923,1.923,0,0,0
2025-07-30T00:00:00Z,1753833600,1.924,1.924,1.924,1.924,0,0,0
2025-07-31T00:00:00Z,1753920000,1.919,1.919,1.919,1.919,0,0,0
2025-08-01T00:00:00Z,1754006400,1.927,1.927,1.927,1.927,0,0,0
2025-08-04T00:00:00Z,1754265600,1.925,1.925,1.925,1.925,0,0,0
2025-08-05T00:00:00Z,1754352000,1.924,1.924,1.924,1.924,0,0,0
2025-08-06T00:00:00Z,1754438400,1.922,1.922,1.922,1.922,0,0,0
2025-08-07T00:00:00Z,1754524800,1.923,1.923,1.923,1.923,0,0,0
2025-08-08T00:00:00Z,1754611200,1.922,1.922,1.922,1.922,0,0,0
2025-08-11T00:00:00Z,1754870400,1.918,1.918,1.918,1.918,0,0,0
2025-08-12T00:00:00Z,1754956800,1.922,1.922,1.922,1.922,0,0,0
2025-08-13T00:00:00Z,1755043200,1.923,1.923,1.923,1.923,0,0,0
2025-08-14T00:00:00Z,1755129600,1.926,1.926,1.926,1.926,0,0,0
2025-08-15T00:00:00Z,1755216000,1.924,1.924,1.924,1.924,0,0,0
2025-08-18T00:00:00Z,1755475200,1.924,1.924,1.924,1.924,0,0,0
2025-08-19T00:00:00Z,1755561600,1.925,1.925,1.925,1.925,0,0,0
2025-08-20T00:00:00Z,1755648000,1.926,1.926,1.926,1.926,0,0,0
2025-08-21T00:00:00Z,1755734400,1.926,1.926,1.926,1.926,0,0,0
2025-08-22T00:00:00Z,1755820800,1.926,1.926,1.926,1.926,0,0,0
2025-08-25T00:00:00Z,1756080000,1.925,1.925,1.925,1.925,0,0,0
2025-08-26T00:00:00Z,1756166400,1.926,1.926,1.926,1.926,0,0,0
2025-08-27T00:00:00Z,1756252800,1.925,1.925,1.925,1.925,0,0,0
2025-08-28T00:00:00Z,1756339200,1.925,1.925,1.925,1.925,0,0,0
2025-08-29T00:00:00Z,1756425600,1.92,1.92,1.92,1.92,0,0,0
2025-09-01T00:00:00Z,1756684800,1.925,1.925,1.925,1.925,0,0,0
2025-09-02T00:00:00Z,1756771200,1.922,1.922,1.922,1.922,0,0,0
2025-09-03T00:00:00Z,1756857600,1.923,1.923,1.923,1.923,0,0,0
2025-09-04T00:00:00Z,1756944000,1.925,1.925,1.925,1.925,0,0,0
2025-09-05T00:00:00Z,1757030400,1.923,1.923,1.923,1.923,0,0,0
2025-09-08T00:00:00Z,1757289600,1.922,1.922,1.922,1.922,0,0,0
2025-09-09T00:00:00Z,1757376000,1.923,1.923,1.923,1.923,0,0,0
2025-09-10T00:00:00Z,1757462400,1.922,1.922,1.922,1.922,0,0,0
2025-09-11T00:00:00Z,1757548800,1.925,1.925,1.925,1.925,0,0,0
2025-09-12T00:00:00Z,1757635200,1.925,1.925,1.925,1.925,0,0,0
2025-09-15T00:00:00Z,1757894400,1.926,1.926,1.926,1.926,0,0,0
2025-09-16T00:00:00Z,1757980800,1.926,1.926,1.926,1.926,0,0,0
2025-09-17T00:00:00Z,1758067200,1.927,1.927,1.927,1.927,0,0,0
2025-09-18T00:00:00Z,1758153600,1.926,1.926,1.926,1.926,0,0,0
2025-09-19T00:00:00Z,1758240000,1.925,1.925,1.925,1.925,0,0,0
2025-09-22T00:00:00Z,1758499200,1.925,1.925,1.925,1.925,0,0,0
2025-09-23T00:00:00Z,1758585600,1.927,1.927,1.927,1.927,0,0,0
2025-09-24T00:00:00Z,1758672000,1.928,1.928,1.928,1.928,0,0,0
2025-09-25T00:00:00Z,1758758400,1.927,1.927,1.927,1.927,0,0,0
2025-09-26T00:00:00Z,1758844800,1.926,1.926,1.926,1.926,0,0,0
2025-09-29T00:00:00Z,1759104000,1.926,1.926,1.926,1.926,0,0,0
2025-09-30T00:00:00Z,1759190400,1.916,1.916,1.916,1.916,0,0,0
2025-10-01T00:00:00Z,1759276800,1.927,1.927,1.927,1.927,0,0,0
2025-10-02T00:00:00Z,1759363200,1.923,1.923,1.923,1.923,0,0,0
2025-10-03T00:00:00Z,1759449600,1.921,1.921,1.921,1.921,0,0,0
2025-10-06T00:00:00Z,1759708800,1.925,1.925,1.925,1.925,0,0,0
2025-10-07T00:00:00Z,1759795200,1.926,1.926,1.926,1.926,0,0,0
2025-10-08T00:00:00Z,1759881600,1.924,1.924,1.924,1.924,0,0,0
2025-10-09T00:00:00Z,1759968000,1.927,1.927,1.927,1.927,0,0,0
2025-10-10T00:00:00Z,1760054400,1.926,1.926,1.926,1.926,0,0,0
2025-10-13T00:00:00Z,1760313600,1.926,1.926,1.926,1.926,0,0,0
2025-10-14T00:00:00Z,1760400000,1.927,1.927,1.927,1.927,0,0,0
2025-10-15T00:00:00Z,1760486400,1.928,1.928,1.928,1.928,0,0,0
2025-10-16T00:00:00Z,1760572800,1.928,1.928,1.928,1.928,0,0,0
2025-10-17T00:00:00Z,1760659200,1.928,1.928,1.928,1.928,0,0,0
2025-10-20T00:00:00Z,1760918400,1.927,1.927,1.927,1.927,0,0,0
2025-10-21T00:00:00Z,1761004800,1.928,1.928,1.928,1.928,0,0,0
2025-10-22T00:00:00Z,1761091200,1.927,1.927,1.927,1.927,0,0,0
2025-10-23T00:00:00Z,1761177600,1.929,1.929,1.929,1.929,0,0,0
2025-10-24T00:00:00Z,1761264000,1.928,1.928,1.928,1.928,0,0,0
2025-10-27T00:00:00Z,1761523200,1.929,1.929,1.929,1.929,0,0,0
2025-10-28T00:00:00Z,1761609600,1.93,1.93,1.93,1.93,0,0,0
2025-10-29T00:00:00Z,1761696000,1.931,1.931,1.931,1.931,0,0,0
2025-10-30T00:00:00Z,1761782400,1.931,1.931,1.931,1.931,0,0,0
2025-10-31T00:00:00Z,1761868800,1.921,1.921,1.921,1.921,0,0,0
2025-11-03T00:00:00Z,1762128000,1.932,1.932,1.932,1.932,0,0,0
2025-11-04T00:00:00Z,1762214400,1.931,1.931,1.931,1.931,0,0,0
2025-11-05T00:00:00Z,1762300800,1.929,1.929,1.929,1.929,0,0,0
2025-11-06T00:00:00Z,1762387200,1.93,1.93,1.93,1.93,0,0,0
2025-11-07T00:00:00Z,1762473600,1.932,1.932,1.932,1.932,0,0,0
2025-11-10T00:00:00Z,1762732800,1.931,1.931,1.931,1.931,0,0,0
2025-11-11T00:00:00Z,1762819200,1.93,1.93,1.93,1.93,0,0,0
2025-11-12T00:00:00Z,1762905600,1.93,1.93,1.93,1.93,0,0,0
2025-11-13T00:00:00Z,1762992000,1.93,1.93,1.93,1.93,0,0,0
2025-11-14T00:00:00Z,1763078400,1.931,1.931,1.931,1.931,0,0,0
2025-11-17T00:00:00Z,1763337600,1.929,1.929,1.929,1.929,0,0,0
2025-11-18T00:00:00Z,1763424000,1.93,1.93,1.93,1.93,0,0,0
2025-11-19T00:00:00Z,1763510400,1.929,1.929,1.929,1.929,0,0,0
2025-11-20T00:00:00Z,1763596800,1.929,1.929,1.929,1.929,0,0,0
2025-11-21T00:00:00Z,1763683200,1.926,1.926,1.926,1.926,0,0,0
2025-11-24T00:00:00Z,1763942400,1.924,1.924,1.924,1.924,0,0,0
2025-11-25T00:00:00Z,1764028800,1.926,1.926,1.926,1.926,0,0,0
2025-11-26T00:00:00Z,1764115200,1.928,1.928,1.928,1.928,0,0,0
2025-11-27T00:00:00Z,1764201600,1.927,1.927,1.927,1.927,0,0,0
2025-11-28T00:00:00Z,1764288000,1.925,1.925,1.925,1.925,0,0,0
2025-12-01T00:00:00Z,1764547200,1.93,1.93,1.93,1.93,0,0,0
2025-12-02T00:00:00Z,1764633600,1.929,1.929,1.929,1.929,0,0,0
2025-12-03T00:00:00Z,1764720000,1.926,1.926,1.926,1.926,0,0,0
2025-12-04T00:00:00Z,1764806400,1.929,1.929,1.929,1.929,0,0,0
2025-12-05T00:00:00Z,1764892800,1.929,1.929,1.929,1.929,0,0,0
2025-12-08T00:00:00Z,1765152000,1.93,1.93,1.93,1.93,0,0,0
2025-12-09T00:00:00Z,1765238400,1.929,1.929,1.929,1.929,0,0,0
2025-12-10T00:00:00Z,1765324800,1.929,1.929,1.929,1.929,0,0,0
2025-12-11T00:00:00Z,1765411200,1.93,1.93,1.93,1.93,0,0,0
2025-12-12T00:00:00Z,1765497600,1.932,1.932,1.932,1.932,0,0,0
2025-12-15T00:00:00Z,1765756800,1.93,1.93,1.93,1.93,0,0,0
2025-12-16T00:00:00Z,1765843200,1.932,1.932,1.932,1.932,0,0,0
2025-12-17T00:00:00Z,1765929600,1.932,1.932,1.932,1.932,0,0,0
2025-12-18T00:00:00Z,1766016000,1.931,1.931,1.931,1.931,0,0,0
2025-12-19T00:00:00Z,1766102400,1.933,1.933,1.933,1.933,0,0,0
2025-12-22T00:00:00Z,1766361600,1.932,1.932,1.932,1.932,0,0,0
2025-12-23T00:00:00Z,1766448000,1.925,1.925,1.925,1.925,0,0,0
2025-12-24T00:00:00Z,1766534400,1.926,1.926,1.926,1.926,0,0,0
2025-12-29T00:00:00Z,1766966400,1.934,1.934,1.934,1.934,0,0,0
2025-12-30T00:00:00Z,1767052800,1.93,1.93,1.93,1.93,0,0,0
2025-12-31T00:00:00Z,1767139200,1.921,1.921,1.921,1.921,0,0,0
2026-01-02T00:00:00Z,1767312000,1.936,1.936,1.936,1.936,0,0,0
2026-01-05T00:00:00Z,1767571200,1.933,1.933,1.933,1.933,0,0,0
2026-01-06T00:00:00Z,1767657600,1.933,1.933,1.933,1.933,0,0,0
2026-01-07T00:00:00Z,1767744000,1.933,1.933,1.933,1.933,0,0,0
2026-01-08T00:00:00Z,1767830400,1.933,1.933,1.933,1.933,0,0,0
2026-01-09T00:00:00Z,1767916800,1.932,1.932,1.932,1.932,0,0,0
2026-01-12T00:00:00Z,1768176000,1.931,1.931,1.931,1.931,0,0,0
2026-01-13T00:00:00Z,1768262400,1.93,1.93,1.93,1.93,0,0,0
2026-01-14T00:00:00Z,1768348800,1.931,1.931,1.931,1.931,0,0,0
2026-01-15T00:00:00Z,1768435200,1.93,1.93,1.93,1.93,0,0,0
2026-01-16T00:00:00Z,1768521600,1.93,1.93,1.93,1.93,0,0,0
2026-01-19T00:00:00Z,1768780800,1.929,1.929,1.929,1.929,0,0,0
2026-01-20T00:00:00Z,1768867200,1.932,1.932,1.932,1.932,0,0,0
2026-01-21T00:00:00Z,1768953600,1.932,1.932,1.932,1.932,0,0,0
2026-01-22T00:00:00Z,1769040000,1.933,1.933,1.933,1.933,0,0,0
2026-01-23T00:00:00Z,1769126400,1.933,1.933,1.933,1.933,0,0,0
2026-01-26T00:00:00Z,1769385600,1.934,1.934,1.934,1.934,0,0,0
2026-01-27T00:00:00Z,1769472000,1.934,1.934,1.934,1.934,0,0,0
2026-01-28T00:00:00Z,1769558400,1.933,1.933,1.933,1.933,0,0,0
2026-01-29T00:00:00Z,1769644800,1.933,1.933,1.933,1.933,0,0,0
2026-01-30T00:00:00Z,1769731200,1.926,1.926,1.926,1.926,0,0,0
2026-02-02T00:00:00Z,1769990400,1.933,1.933,1.933,1.933,0,0,0
2026-02-03T00:00:00Z,1770076800,1.931,1.931,1.931,1.931,0,0,0
2026-02-04T00:00:00Z,1770163200,1.932,1.932,1.932,1.932,0,0,0
2026-02-05T00:00:00Z,1770249600,1.931,1.931,1.931,1.931,0,0,0
2026-02-06T00:00:00Z,1770336000,1.93,1.93,1.93,1.93,0,0,0
2026-02-09T00:00:00Z,1770595200,1.93,1.93,1.93,1.93,0,0,0
2026-02-10T00:00:00Z,1770681600,1.929,1.929,1.929,1.929,0,0,0
2026-02-11T00:00:00Z,1770768000,1.93,1.93,1.93,1.93,0,0,0
2026-02-12T00:00:00Z,1770854400,1.931,1.931,1.931,1.931,0,0,0
2026-02-13T00:00:00Z,1770940800,1.93,1.93,1.93,1.93,0,0,0
2026-02-16T00:00:00Z,1771200000,1.929,1.929,1.929,1.929,0,0,0
2026-02-17T00:00:00Z,1771286400,1.931,1.931,1.931,1.931,0,0,0
2026-02-18T00:00:00Z,1771372800,1.931,1.931,1.931,1.931,0,0,0
2026-02-19T00:00:00Z,1771459200,1.933,1.933,1.933,1.933,0,0,0
2026-02-20T00:00:00Z,1771545600,1.932,1.932,1.932,1.932,0,0,0
2026-02-23T00:00:00Z,1771804800,1.931,1.931,1.931,1.931,0,0,0
2026-02-24T00:00:00Z,1771891200,1.932,1.932,1.932,1.932,0,0,0
2026-02-25T00:00:00Z,1771977600,1.933,1.933,1.933,1.933,0,0,0
2026-02-26T00:00:00Z,1772064000,1.935,1.935,1.935,1.935,0,0,0
2026-02-27T00:00:00Z,1772150400,1.93,1.93,1.93,1.93,0,0,0
2026-03-02T00:00:00Z,1772409600,1.934,1.934,1.934,1.934,0,0,0
2026-03-03T00:00:00Z,1772496000,1.934,1.934,1.934,1.934,0,0,0
2026-03-04T00:00:00Z,1772582400,1.934,1.934,1.934,1.934,0,0,0
2026-03-05T00:00:00Z,1772668800,1.935,1.935,1.935,1.935,0,0,0
2026-03-06T00:00:00Z,1772755200,1.933,1.933,1.933,1.933,0,0,0
2026-03-09T00:00:00Z,1773014400,1.932,1.932,1.932,1.932,0,0,0
2026-03-10T00:00:00Z,1773100800,1.933,1.933,1.933,1.933,0,0,0
2026-03-11T00:00:00Z,1773187200,1.931,1.931,1.931,1.931,0,0,0
2026-03-12T00:00:00Z,1773273600,1.932,1.932,1.932,1.932,0,0,0
2026-03-13T00:00:00Z,1773360000,1.93,1.93,1.93,1.93,0,0,0
2026-03-16T00:00:00Z,1773619200,1.932,1.932,1.932,1.932,0,0,0
2026-03-17T00:00:00Z,1773705600,1.932,1.932,1.932,1.932,0,0,0
2026-03-18T00:00:00Z,1773792000,1.933,1.933,1.933,1.933,0,0,0
2026-03-19T00:00:00Z,1773878400,1.934,1.934,1.934,1.934,0,0,0
2026-03-20T00:00:00Z,1773964800,1.932,1.932,1.932,1.932,0,0,0
2026-03-23T00:00:00Z,1774224000,1.932,1.932,1.932,1.932,0,0,0
2026-03-24T00:00:00Z,1774310400,1.932,1.932,1.932,1.932,0,0,0
2026-03-25T00:00:00Z,1774396800,1.93,1.93,1.93,1.93,0,0,0
2026-03-26T00:00:00Z,1774483200,1.93,1.93,1.93,1.93,0,0,0
2026-03-27T00:00:00Z,1774569600,1.93,1.93,1.93,1.93,0,0,0
2026-03-30T00:00:00Z,1774828800,1.932,1.932,1.932,1.932,0,0,0
2026-03-31T00:00:00Z,1774915200,1.929,1.929,1.929,1.929,0,0,0
2026-04-01T00:00:00Z,1775001600,1.93,1.93,1.93,1.93,0,0,0
2026-04-02T00:00:00Z,1775088000,1.931,1.931,1.931,1.931,0,0,0
2026-04-07T00:00:00Z,1775520000,1.931,1.931,1.931,1.931,0,0,0
2026-04-08T00:00:00Z,1775606400,1.931,1.931,1.931,1.931,0,0,0
2026-04-09T00:00:00Z,1775692800,1.931,1.931,1.931,1.931,0,0,0
2026-04-10T00:00:00Z,1775779200,1.932,1.932,1.932,1.932,0,0,0
2026-04-13T00:00:00Z,1776038400,1.932,1.932,1.932,1.932,0,0,0
2026-04-14T00:00:00Z,1776124800,1.932,1.932,1.932,1.932,0,0,0
2026-04-15T00:00:00Z,1776211200,1.932,1.932,1.932,1.932,0,0,0
2026-04-16T00:00:00Z,1776297600,1.932,1.932,1.932,1.932,0,0,0
2026-04-17T00:00:00Z,1776384000,1.932,1.932,1.932,1.932,0,0,0
2026-04-20T00:00:00Z,1776643200,1.931,1.931,1.931,1.931,0,0,0
2026-04-21T00:00:00Z,1776729600,1.932,1.932,1.932,1.932,0,0,0
2026-04-22T00:00:00Z,1776816000,1.931,1.931,1.931,1.931,0,0,0
2026-04-23T00:00:00Z,1776902400,1.933,1.933,1.933,1.933,0,0,0
2026-04-24T00:00:00Z,1776988800,1.933,1.933,1.933,1.933,0,0,0
2026-04-27T00:00:00Z,1777248000,1.932,1.932,1.932,1.932,0,0,0
2026-04-28T00:00:00Z,1777334400,1.932,1.932,1.932,1.932,0,0,0
2026-04-29T00:00:00Z,1777420800,1.932,1.932,1.932,1.932,0,0,0
2026-04-30T00:00:00Z,1777507200,1.93,1.93,1.93,1.93,0,0,0
2026-05-04T00:00:00Z,1777852800,1.932,1.932,1.932,1.932,0,0,0
2026-05-05T00:00:00Z,1777939200,1.932,1.932,1.932,1.932,0,0,0
2026-05-06T00:00:00Z,1778025600,1.931,1.931,1.931,1.931,0,0,0
2026-05-07T00:00:00Z,1778112000,1.93,1.93,1.93,1.93,0,0,0
2026-05-08T00:00:00Z,1778198400,1.929,1.929,1.929,1.929,0,0,0
2026-05-11T00:00:00Z,1778457600,1.931,1.931,1.931,1.931,0,0,0
2026-05-12T00:00:00Z,1778544000,1.929,1.929,1.929,1.929,0,0,0
2026-05-13T00:00:00Z,1778630400,1.928,1.928,1.928,1.928,0,0,0
2026-05-14T00:00:00Z,1778716800,1.93,1.93,1.93,1.93,0,0,0
2026-05-15T00:00:00Z,1778803200,1.931,1.931,1.931,1.931,0,0,0
2026-05-18T00:00:00Z,1779062400,1.931,1.931,1.931,1.931,0,0,0
2026-05-19T00:00:00Z,1779148800,1.929,1.929,1.929,1.929,0,0,0
2026-05-20T00:00:00Z,1779235200,1.931,1.931,1.931,1.931,0,0,0
2026-05-21T00:00:00Z,1779321600,1.932,1.932,1.932,1.932,0,0,0
2026-05-22T00:00:00Z,1779408000,1.929,1.929,1.929,1.929,0,0,0
2026-05-25T00:00:00Z,1779667200,1.931,1.931,1.931,1.931,0,0,0
2026-05-26T00:00:00Z,1779753600,1.932,1.932,1.932,1.932,0,0,0
2026-05-27T00:00:00Z,1779840000,1.932,1.932,1.932,1.932,0,0,0
2026-05-28T00:00:00Z,1779926400,1.933,1.933,1.933,1.933,0,0,0
2026-05-29T00:00:00Z,1780012800,1.93,1.93,1.93,1.93,0,0,0
2026-06-01T00:00:00Z,1780272000,1.931,1.931,1.931,1.931,0,0,0
2026-06-02T00:00:00Z,1780358400,1.932,1.932,1.932,1.932,0,0,0
2026-06-03T00:00:00Z,1780444800,1.931,1.931,1.931,1.931,0,0,0
2026-06-04T00:00:00Z,1780531200,1.933,1.933,1.933,1.933,0,0,0
2026-06-05T00:00:00Z,1780617600,1.931,1.931,1.931,1.931,0,0,0
2026-06-08T00:00:00Z,1780876800,1.93,1.93,1.93,1.93,0,0,0
2026-06-09T00:00:00Z,1780963200,1.93,1.93,1.93,1.93,0,0,0
2026-06-10T00:00:00Z,1781049600,1.93,1.93,1.93,1.93,0,0,0
2026-06-11T00:00:00Z,1781136000,1.931,1.931,1.931,1.931,0,0,0
2026-06-12T00:00:00Z,1781222400,1.931,1.931,1.931,1.931,0,0,0
2026-06-15T00:00:00Z,1781481600,1.931,1.931,1.931,1.931,0,0,0
2026-06-16T00:00:00Z,1781568000,1.931,1.931,1.931,1.931,0,0,0
2026-06-17T00:00:00Z,1781654400,2.182,2.182,2.182,2.182,0,0,0
2026-06-18T00:00:00Z,1781740800,2.18,2.18,2.18,2.18,0,0,0
2026-06-19T00:00:00Z,1781827200,2.181,2.181,2.181,2.181,0,0,0
2026-06-22T00:00:00Z,1782086400,2.181,2.181,2.181,2.181,0,0,0
2026-06-23T00:00:00Z,1782172800,2.182,2.182,2.182,2.182,0,0,0
2026-06-24T00:00:00Z,1782259200,2.181,2.181,2.181,2.181,0,0,0
2026-06-25T00:00:00Z,1782345600,2.183,2.183,2.183,2.183,0,0,0
2026-06-26T00:00:00Z,1782432000,2.181,2.181,2.181,2.181,0,0,0
2026-06-29T00:00:00Z,1782691200,2.182,2.182,2.182,2.182,0,0,0
2026-06-30T00:00:00Z,1782777600,2.182,2.182,2.182,2.182,0,0,0
2026-07-01T00:00:00Z,1782864000,2.183,2.183,2.183,2.183,0,0,0
2026-07-02T00:00:00Z,1782950400,2.183,2.183,2.183,2.183,0,0,0
2026-07-03T00:00:00Z,1783036800,2.183,2.183,2.183,2.183,0,0,0
2026-07-06T00:00:00Z,1783296000,2.182,2.182,2.182,2.182,0,0,0
2026-07-07T00:00:00Z,1783382400,2.182,2.182,2.182,2.182,0,0,0
2026-07-08T00:00:00Z,1783468800,2.182,2.182,2.182,2.182,0,0,0
2026-07-09T00:00:00Z,1783555200,2.182,2.182,2.182,2.182,0,0,0
2026-07-10T00:00:00Z,1783641600,2.182,2.182,2.182,2.182,0,0,0
2026-07-13T00:00:00Z,1783900800,2.184,2.184,2.184,2.184,0,0,0
2026-07-14T00:00:00Z,1783987200,2.184,2.184,2.184,2.184,0,0,0
2026-07-15T00:00:00Z,1784073600,2.184,2.184,2.184,2.184,0,0,0
2026-07-16T00:00:00Z,1784160000,2.185,2.185,2.185,2.185,0,0,0
2026-07-17T00:00:00Z,1784246400,2.186,2.186,2.186,2.186,0,0,0
2026-07-20T00:00:00Z,1784505600,2.184,2.184,2.184,2.184,0,0,0
2026-07-21T00:00:00Z,1784592000,2.183,2.183,2.183,2.183,0,0,0
2026-07-22T00:00:00Z,1784678400,2.184,2.184,2.184,2.184,0,0,0
2026-07-23T00:00:00Z,1784764800,2.185,2.185,2.185,2.185,0,0,0
2026-07-24T00:00:00Z,1784851200,2.186,2.186,2.186,2.186,0,0,0
2026-07-27T00:00:00Z,1785110400,2.185,2.185,2.185,2.185,0,0,0
2026-07-28T00:00:00Z,1785196800,2.184,2.184,2.184,2.184,0,0,0
2026-07-29T00:00:00Z,1785283200,2.185,2.185,2.185,2.185,0,0,0
2026-07-30T00:00:00Z,1785369600,2.185,2.185,2.185,2.185,0,0,0
2026-07-31T00:00:00Z,1785456000,2.184,2.184,2.184,2.184,0,0,0
2026-08-03T00:00:00Z,1785715200,2.185,2.185,2.185,2.185,0,0,0
2026-08-04T00:00:00Z,1785801600,2.185,2.185,2.185,2.185,0,0,0
2026-08-05T00:00:00Z,1785888000,2.185,2.185,2.185,2.185,0,0,0
2026-08-06T00:00:00Z,1785974400,2.185,2.185,2.185,2.185,0,0,0
2026-08-07T00:00:00Z,1786060800,2.185,2.185,2.185,2.185,0,0,0
2026-08-10T00:00:00Z,1786320000,2.184,2.184,2.184,2.184,0,0,0
2026-08-11T00:00:00Z,1786406400,2.184,2.184,2.184,2.184,0,0,0
2026-08-12T00:00:00Z,1786492800,2.185,2.185,2.185,2.185,0,0,0
2026-08-13T00:00:00Z,1786579200,2.188,2.188,2.188,2.188,0,0,0
2026-08-14T00:00:00Z,1786665600,2.189,2.189,2.189,2.189,0,0,0
2026-08-17T00:00:00Z,1786924800,2.187,2.187,2.187,2.187,0,0,0
2026-08-18T00:00:00Z,1787011200,2.188,2.188,2.188,2.188,0,0,0
2026-08-19T00:00:00Z,1787097600,2.188,2.188,2.188,2.188,0,0,0
2026-08-20T00:00:00Z,1787184000,2.191,2.191,2.191,2.191,0,0,0
2026-08-21T00:00:00Z,1787270400,2.189,2.189,2.189,2.189,0,0,0
2026-08-24T00:00:00Z,1787529600,2.189,2.189,2.189,2.189,0,0,0
2026-08-25T00:00:00Z,1787616000,2.189,2.189,2.189,2.189,0,0,0
2026-08-26T00:00:00Z,1787702400,2.187,2.187,2.187,2.187,0,0,0
2026-08-27T00:00:00Z,1787788800,2.188,2.188,2.188,2.188,0,0,0
