bar_index,timestamp_utc,equity
0,2018-12-12T00:00:00Z,10000.0
1,2018-12-13T00:00:00Z,10000.0
2,2018-12-14T00:00:00Z,10000.0
3,2018-12-17T00:00:00Z,10000.0
4,2018-12-18T00:00:00Z,10000.0
5,2018-12-19T00:00:00Z,10000.0
6,2018-12-20T00:00:00Z,10000.0
7,2018-12-21T00:00:00Z,10000.0
8,2018-12-24T00:00:00Z,10000.0
9,2018-12-26T00:00:00Z,10000.0
10,2018-12-27T00:00:00Z,10000.0
11,2018-12-28T00:00:00Z,10000.0
12,2018-12-31T00:00:00Z,10000.0
13,2019-01-01T00:00:00Z,10000.0
14,2019-01-02T00:00:00Z,10000.086541644325
15,2019-01-03T00:00:00Z,9998.922997348824
16,2019-01-04T00:00:00Z,9998.922997348824
17,2019-01-06T00:00:00Z,9998.922997348824
18,2019-01-07T00:00:00Z,9998.922997348824
19,2019-01-08T00:00:00Z,9998.922997348824
20,2019-01-09T00:00:00Z,9998.922997348824
21,2019-01-10T00:00:00Z,9995.694220437455
22,2019-01-11T00:00:00Z,9994.279095474913
23,2019-01-14T00:00:00Z,10011.198699929313
24,2019-01-15T00:00:00Z,10009.727968439032
25,2019-01-16T00:00:00Z,10009.727968439032
26,2019-01-17T00:00:00Z,10007.557100347858
27,2019-01-18T00:00:00Z,10005.579902407782
28,2019-01-20T00:00:00Z,10005.579902407782
29,2019-01-21T00:00:00Z,10005.579902407782
30,2019-01-22T00:00:00Z,10005.579902407782
31,2019-01-23T00:00:00Z,10005.579902407782
32,2019-01-24T00:00:00Z,10016.381644774865
33,2019-01-25T00:00:00Z,10014.235710185923
34,2019-01-27T00:00:00Z,10005.837362673677
35,2019-01-28T00:00:00Z,10004.034827284282
36,2019-01-29T00:00:00Z,10030.719850402507
37,2019-01-30T00:00:00Z,10028.341002184492
38,2019-01-31T00:00:00Z,10012.694470228875
39,2019-02-01T00:00:00Z,10010.319254919632
40,2019-02-03T00:00:00Z,10006.1091765253
41,2019-02-04T00:00:00Z,10004.24239329212
42,2019-02-05T00:00:00Z,10004.24239329212
43,2019-02-06T00:00:00Z,10004.24239329212
44,2019-02-07T00:00:00Z,10004.24239329212
45,2019-02-08T00:00:00Z,10004.24239329212
46,2019-02-10T00:00:00Z,10004.24239329212
47,2019-02-11T00:00:00Z,10000.166615149588
48,2019-02-12T00:00:00Z,9998.312878730561
49,2019-02-13T00:00:00Z,10006.610923124037
50,2019-02-14T00:00:00Z,10004.440130447147
51,2019-02-15T00:00:00Z,10004.440130447147
52,2019-02-17T00:00:00Z,10004.440130447147
53,2019-02-18T00:00:00Z,10004.440130447147
54,2019-02-19T00:00:00Z,10004.440130447147
55,2019-02-20T00:00:00Z,10004.440130447147
56,2019-02-21T00:00:00Z,10004.440130447147
57,2019-02-22T00:00:00Z,10004.440130447147
58,2019-02-24T00:00:00Z,10004.440130447147
59,2019-02-25T00:00:00Z,10004.440130447147
60,2019-02-26T00:00:00Z,10004.440130447147
61,2019-02-27T00:00:00Z,10027.578108362488
62,2019-02-28T00:00:00Z,10024.576084344724
63,2019-03-01T00:00:00Z,10024.576084344724
64,2019-03-03T00:00:00Z,10025.663719679915
65,2019-03-04T00:00:00Z,10022.785794509364
66,2019-03-05T00:00:00Z,10012.165602517132
67,2019-03-06T00:00:00Z,10009.029414375778
68,2019-03-07T00:00:00Z,10015.330037417581
69,2019-03-08T00:00:00Z,10012.33779977738
70,2019-03-10T00:00:00Z,10012.49921560219
71,2019-03-11T00:00:00Z,10009.534278774388
72,2019-03-12T00:00:00Z,10012.607368816112
73,2019-03-13T00:00:00Z,10009.502018616522
74,2019-03-14T00:00:00Z,10009.502018616522
75,2019-03-15T00:00:00Z,10009.502018616522
76,2019-03-17T00:00:00Z,10009.502018616522
77,2019-03-18T00:00:00Z,10035.669573797222
78,2019-03-19T00:00:00Z,10031.701448254516
79,2019-03-20T00:00:00Z,10058.136524840029
80,2019-03-21T00:00:00Z,10054.97911352119
81,2019-03-22T00:00:00Z,10002.755192861574
82,2019-03-24T00:00:00Z,9992.449799246084
83,2019-03-25T00:00:00Z,9988.954299769375
84,2019-03-26T00:00:00Z,10008.727709176756
85,2019-03-27T00:00:00Z,10004.858094964791
86,2019-03-28T00:00:00Z,10006.591605634614
87,2019-03-29T00:00:00Z,10003.672275167313
88,2019-03-31T00:00:00Z,10003.810981820398
89,2019-04-01T00:00:00Z,10000.33087361158
90,2019-04-02T00:00:00Z,10019.387721716836
91,2019-04-03T00:00:00Z,10015.753442154508
92,2019-04-04T00:00:00Z,9999.5032699401
93,2019-04-05T00:00:00Z,9996.603437915795
94,2019-04-07T00:00:00Z,9996.603437915795
95,2019-04-08T00:00:00Z,10025.268940231443
96,2019-04-09T00:00:00Z,10022.102160679953
97,2019-04-10T00:00:00Z,10023.596873940827
98,2019-04-11T00:00:00Z,10020.482866025357
99,2019-04-12T00:00:00Z,10017.580969738008
100,2019-04-14T00:00:00Z,10014.040493751807
101,2019-04-15T00:00:00Z,10004.734453219678
102,2019-04-16T00:00:00Z,10000.441709726842
103,2019-04-17T00:00:00Z,10000.441709726842
104,2019-04-18T00:00:00Z,10007.503122204213
105,2019-04-21T00:00:00Z,10011.52864062452
106,2019-04-22T00:00:00Z,10056.247842293358
107,2019-04-23T00:00:00Z,10052.69486217163
108,2019-04-24T00:00:00Z,10038.601288301026
109,2019-04-25T00:00:00Z,10033.193732183978
110,2019-04-26T00:00:00Z,10033.193732183978
111,2019-04-28T00:00:00Z,10027.65218059431
112,2019-04-29T00:00:00Z,10024.499239224166
113,2019-04-30T00:00:00Z,10020.592676542872
114,2019-05-01T00:00:00Z,10016.689636882908
115,2019-05-02T00:00:00Z,9964.74905246028
116,2019-05-03T00:00:00Z,9964.74905246028
117,2019-05-05T00:00:00Z,9953.32926556211
118,2019-05-06T00:00:00Z,9950.266180184295
119,2019-05-07T00:00:00Z,9930.868287504192
120,2019-05-08T00:00:00Z,9928.64437244194
121,2019-05-09T00:00:00Z,9928.64437244194
122,2019-05-10T00:00:00Z,9928.64437244194
123,2019-05-12T00:00:00Z,9928.64437244194
124,2019-05-13T00:00:00Z,9928.64437244194
125,2019-05-14T00:00:00Z,9928.64437244194
126,2019-05-15T00:00:00Z,9928.64437244194
127,2019-05-16T00:00:00Z,9928.64437244194
128,2019-05-17T00:00:00Z,9935.287138018433
129,2019-05-19T00:00:00Z,9915.26417178338
130,2019-05-20T00:00:00Z,9916.159070147538
131,2019-05-21T00:00:00Z,9913.90530794013
132,2019-05-22T00:00:00Z,9943.708738825757
133,2019-05-23T00:00:00Z,9941.048037757817
134,2019-05-24T00:00:00Z,9921.157826564311
135,2019-05-26T00:00:00Z,9919.681115459192
136,2019-05-27T00:00:00Z,9908.312176435442
137,2019-05-28T00:00:00Z,9905.791562860997
138,2019-05-29T00:00:00Z,9900.732759516604
139,2019-05-30T00:00:00Z,9898.921145625634
140,2019-05-31T00:00:00Z,9898.921145625634
141,2019-06-02T00:00:00Z,9905.908417131268
142,2019-06-03T00:00:00Z,9904.360271911997
143,2019-06-04T00:00:00Z,9904.360271911997
144,2019-06-05T00:00:00Z,9904.360271911997
145,2019-06-06T00:00:00Z,9874.475836826334
146,2019-06-07T00:00:00Z,9873.561532648579
147,2019-06-09T00:00:00Z,9872.567996131587
148,2019-06-10T00:00:00Z,9871.333166957664
149,2019-06-11T00:00:00Z,9878.744361128067
150,2019-06-12T00:00:00Z,9878.48642587129
151,2019-06-13T00:00:00Z,9862.302218833203
152,2019-06-14T00:00:00Z,9860.548639406412
153,2019-06-16T00:00:00Z,9860.548639406412
154,2019-06-17T00:00:00Z,9874.899767045006
155,2019-06-18T00:00:00Z,9872.750835446646
156,2019-06-19T00:00:00Z,9866.43231037812
157,2019-06-20T00:00:00Z,9864.36251941605
158,2019-06-21T00:00:00Z,9860.277513716239
159,2019-06-23T00:00:00Z,9853.317246954335
160,2019-06-24T00:00:00Z,9851.578789698688
161,2019-06-25T00:00:00Z,9848.987261430813
162,2019-06-26T00:00:00Z,9843.134234182677
163,2019-06-27T00:00:00Z,9842.03104547175
164,2019-06-28T00:00:00Z,9864.459530568223
165,2019-06-30T00:00:00Z,9829.752375325961
166,2019-07-01T00:00:00Z,9829.752375325961
167,2019-07-02T00:00:00Z,9829.752375325961
168,2019-07-03T00:00:00Z,9829.752375325961
169,2019-07-04T00:00:00Z,9839.068071605847
170,2019-07-05T00:00:00Z,9837.75816841936
171,2019-07-07T00:00:00Z,9836.043084695555
172,2019-07-08T00:00:00Z,9834.228401875514
173,2019-07-09T00:00:00Z,9803.792134640536
174,2019-07-10T00:00:00Z,9801.880688216439
175,2019-07-11T00:00:00Z,9800.281990595273
176,2019-07-12T00:00:00Z,9798.472003618901
177,2019-07-14T00:00:00Z,9798.472003618901
178,2019-07-15T00:00:00Z,9811.800260896878
179,2019-07-16T00:00:00Z,9809.105830954866
180,2019-07-17T00:00:00Z,9830.309589628465
181,2019-07-18T00:00:00Z,9828.749439579593
182,2019-07-19T00:00:00Z,9827.623371659402
183,2019-07-21T00:00:00Z,9835.17350231653
184,2019-07-22T00:00:00Z,9835.17350231653
185,2019-07-23T00:00:00Z,9835.17350231653
186,2019-07-24T00:00:00Z,9809.08710252561
187,2019-07-25T00:00:00Z,9806.638948332109
188,2019-07-26T00:00:00Z,9802.162001848012
189,2019-07-28T00:00:00Z,9802.609354452605
190,2019-07-29T00:00:00Z,9826.317592261377
191,2019-07-30T00:00:00Z,9823.749017849526
192,2019-07-31T00:00:00Z,9808.37373668548
193,2019-08-01T00:00:00Z,9806.42794188317
194,2019-08-02T00:00:00Z,9806.42794188317
195,2019-08-04T00:00:00Z,9805.024901647419
196,2019-08-05T00:00:00Z,9802.79701298875
197,2019-08-06T00:00:00Z,9802.79701298875
198,2019-08-07T00:00:00Z,9752.691574064767
199,2019-08-08T00:00:00Z,9761.371305404882
200,2019-08-09T00:00:00Z,9759.200882867817
201,2019-08-11T00:00:00Z,9755.787586584076
202,2019-08-12T00:00:00Z,9754.11815499937
203,2019-08-13T00:00:00Z,9754.11815499937
204,2019-08-14T00:00:00Z,9784.392516252185
205,2019-08-15T00:00:00Z,9782.53333950023
206,2019-08-16T00:00:00Z,9782.53333950023
207,2019-08-18T00:00:00Z,9782.53333950023
208,2019-08-19T00:00:00Z,9782.53333950023
209,2019-08-20T00:00:00Z,9782.53333950023
210,2019-08-21T00:00:00Z,9782.53333950023
211,2019-08-22T00:00:00Z,9789.226261411965
212,2019-08-23T00:00:00Z,9787.775796813226
213,2019-08-25T00:00:00Z,9785.719952042798
214,2019-08-26T00:00:00Z,9783.465342605004
215,2019-08-27T00:00:00Z,9818.455474339407
216,2019-08-28T00:00:00Z,9816.269814547155
217,2019-08-29T00:00:00Z,9827.820203004874
218,2019-08-30T00:00:00Z,9826.122780688373
219,2019-09-01T00:00:00Z,9826.122780688373
220,2019-09-02T00:00:00Z,9826.122780688373
221,2019-09-03T00:00:00Z,9805.109615195179
222,2019-09-04T00:00:00Z,9803.166137877446
223,2019-09-05T00:00:00Z,9803.166137877446
224,2019-09-06T00:00:00Z,9803.166137877446
225,2019-09-08T00:00:00Z,9803.913884343707
226,2019-09-09T00:00:00Z,9802.223357313822
227,2019-09-10T00:00:00Z,9802.223357313822
228,2019-09-11T00:00:00Z,9802.223357313822
229,2019-09-12T00:00:00Z,9802.223357313822
230,2019-09-13T00:00:00Z,9802.223357313822
231,2019-09-16T00:00:00Z,9849.845038139054
232,2019-09-17T00:00:00Z,9848.93957470661
233,2019-09-18T00:00:00Z,9848.93957470661
234,2019-09-19T00:00:00Z,9858.418954807323
235,2019-09-20T00:00:00Z,9856.881762228157
236,2019-09-22T00:00:00Z,9856.881762228157
237,2019-09-23T00:00:00Z,9856.881762228157
238,2019-09-24T00:00:00Z,9856.881762228157
239,2019-09-25T00:00:00Z,9856.881762228157
240,2019-09-26T00:00:00Z,9856.881762228157
241,2019-09-27T00:00:00Z,9856.881762228157
242,2019-09-29T00:00:00Z,9856.881762228157
243,2019-09-30T00:00:00Z,9856.881762228157
244,2019-10-01T00:00:00Z,9856.881762228157
245,2019-10-02T00:00:00Z,9856.881762228157
246,2019-10-03T00:00:00Z,9856.881762228157
247,2019-10-04T00:00:00Z,9856.881762228157
248,2019-10-06T00:00:00Z,9856.881762228157
249,2019-10-07T00:00:00Z,9856.881762228157
250,2019-10-08T00:00:00Z,9856.881762228157
251,2019-10-09T00:00:00Z,9856.881762228157
252,2019-10-10T00:00:00Z,9856.881762228157
253,2019-10-11T00:00:00Z,9856.881762228157
254,2019-10-13T00:00:00Z,9853.192373366743
255,2019-10-14T00:00:00Z,9850.957672628785
256,2019-10-15T00:00:00Z,9860.979518191889
257,2019-10-16T00:00:00Z,9859.11788597395
258,2019-10-17T00:00:00Z,9881.930134442235
259,2019-10-18T00:00:00Z,9880.038767339463
260,2019-10-20T00:00:00Z,9880.038767339463
261,2019-10-21T00:00:00Z,9880.038767339463
262,2019-10-22T00:00:00Z,9880.038767339463
263,2019-10-23T00:00:00Z,9840.965666999839
264,2019-10-24T00:00:00Z,9839.077536330458
265,2019-10-25T00:00:00Z,9824.734570201745
266,2019-10-27T00:00:00Z,9822.766744435097
267,2019-10-28T00:00:00Z,9843.603750711207
268,2019-10-29T00:00:00Z,9840.660968723112
269,2019-10-30T00:00:00Z,9853.632725424082
270,2019-10-31T00:00:00Z,9850.658497593762
271,2019-11-01T00:00:00Z,9900.6342750964
272,2019-11-03T00:00:00Z,9902.191940956218
273,2019-11-04T00:00:00Z,9889.58776801457
274,2019-11-05T00:00:00Z,9887.224371887045
275,2019-11-06T00:00:00Z,9903.601785783067
276,2019-11-07T00:00:00Z,9901.412915372077
277,2019-11-08T00:00:00Z,9901.412915372077
278,2019-11-10T00:00:00Z,9901.412915372077
279,2019-11-11T00:00:00Z,9911.75684812769
280,2019-11-12T00:00:00Z,9908.908672402846
281,2019-11-13T00:00:00Z,9887.379572545897
282,2019-11-14T00:00:00Z,9885.098258272075
283,2019-11-15T00:00:00Z,9860.145131547048
284,2019-11-17T00:00:00Z,9860.859476688025
285,2019-11-18T00:00:00Z,9860.859476688025
286,2019-11-19T00:00:00Z,9905.434877292153
287,2019-11-20T00:00:00Z,9902.34670848489
288,2019-11-21T00:00:00Z,9933.419755450119
289,2019-11-22T00:00:00Z,9931.156365328427
290,2019-11-24T00:00:00Z,9932.556553910686
291,2019-11-25T00:00:00Z,9930.344781799004
292,2019-11-26T00:00:00Z,9936.518705996345
293,2019-11-27T00:00:00Z,9933.478258475629
294,2019-11-28T00:00:00Z,9933.689983321547
295,2019-11-29T00:00:00Z,9931.265013371707
296,2019-12-01T00:00:00Z,9931.265013371707
297,2019-12-02T00:00:00Z,9934.393867501241
298,2019-12-03T00:00:00Z,9931.581257198231
299,2019-12-04T00:00:00Z,9978.530196104579
300,2019-12-05T00:00:00Z,9976.242639429189
301,2019-12-06T00:00:00Z,9993.458476154632
302,2019-12-08T00:00:00Z,9988.611614906718
303,2019-12-09T00:00:00Z,9982.800291979129
304,2019-12-10T00:00:00Z,9980.13677854494
305,2019-12-11T00:00:00Z,9980.13677854494
306,2019-12-12T00:00:00Z,9980.13677854494
307,2019-12-13T00:00:00Z,9980.13677854494
308,2019-12-16T00:00:00Z,9980.13677854494
309,2019-12-17T00:00:00Z,9980.13677854494
310,2019-12-18T00:00:00Z,9980.13677854494
311,2019-12-19T00:00:00Z,9984.629445849623
312,2019-12-20T00:00:00Z,9981.807923209337
313,2019-12-22T00:00:00Z,9981.807923209337
314,2019-12-23T00:00:00Z,9972.335441926953
315,2019-12-24T00:00:00Z,9968.915720084968
316,2019-12-25T00:00:00Z,9971.11114113472
317,2019-12-26T00:00:00Z,9967.105561264316
318,2019-12-27T00:00:00Z,9967.105561264316
319,2019-12-29T00:00:00Z,9965.49357851837
320,2019-12-30T00:00:00Z,9960.441972146467
321,2019-12-31T00:00:00Z,9934.761516859755
322,2020-01-01T00:00:00Z,9942.265592782878
323,2020-01-02T00:00:00Z,9928.217863236023
324,2020-01-03T00:00:00Z,9923.64568109264
325,2020-01-05T00:00:00Z,9913.701851785845
326,2020-01-06T00:00:00Z,9908.92005754525
327,2020-01-07T00:00:00Z,9974.742497525907
328,2020-01-08T00:00:00Z,9970.346124646485
329,2020-01-09T00:00:00Z,9970.346124646485
330,2020-01-10T00:00:00Z,9970.346124646485
331,2020-01-12T00:00:00Z,9970.346124646485
332,2020-01-13T00:00:00Z,9970.346124646485
333,2020-01-14T00:00:00Z,9970.346124646485
334,2020-01-15T00:00:00Z,9970.346124646485
335,2020-01-16T00:00:00Z,9970.346124646485
336,2020-01-17T00:00:00Z,9970.346124646485
337,2020-01-19T00:00:00Z,9970.346124646485
338,2020-01-20T00:00:00Z,9970.346124646485
339,2020-01-21T00:00:00Z,9976.64399532594
340,2020-01-22T00:00:00Z,9974.747236679186
341,2020-01-23T00:00:00Z,9982.025442340364
342,2020-01-24T00:00:00Z,9980.240627452898
343,2020-01-26T00:00:00Z,9990.160345365763
344,2020-01-27T00:00:00Z,9987.260009702379
345,2020-01-28T00:00:00Z,10006.2516801086
346,2020-01-29T00:00:00Z,10003.449126127873
347,2020-01-30T00:00:00Z,9995.107441104734
348,2020-01-31T00:00:00Z,9992.50933039667
349,2020-02-02T00:00:00Z,9987.505770789789
350,2020-02-03T00:00:00Z,9985.215651066901
351,2020-02-04T00:00:00Z,9976.393679524526
352,2020-02-05T00:00:00Z,9974.685757398755
353,2020-02-06T00:00:00Z,9977.109266620286
354,2020-02-07T00:00:00Z,9975.557079300062
355,2020-02-09T00:00:00Z,9975.557079300062
356,2020-02-10T00:00:00Z,9975.557079300062
357,2020-02-11T00:00:00Z,9980.252766522673
358,2020-02-12T00:00:00Z,9978.618481944675
359,2020-02-13T00:00:00Z,9978.618481944675
360,2020-02-14T00:00:00Z,9978.618481944675
361,2020-02-16T00:00:00Z,9978.618481944675
362,2020-02-17T00:00:00Z,9979.682902730156
363,2020-02-18T00:00:00Z,9977.319482299454
364,2020-02-19T00:00:00Z,9941.941256031014
365,2020-02-20T00:00:00Z,9939.856743506374
366,2020-02-21T00:00:00Z,9938.398499557465
367,2020-02-23T00:00:00Z,9963.162283759606
368,2020-02-24T00:00:00Z,9978.128753857904
369,2020-02-25T00:00:00Z,9975.794693892258
370,2020-02-26T00:00:00Z,9975.794693892258
371,2020-02-27T00:00:00Z,9924.784844848064
372,2020-02-28T00:00:00Z,9874.162425033806
373,2020-03-01T00:00:00Z,9877.832850555706
374,2020-03-02T00:00:00Z,9876.56098430938
375,2020-03-03T00:00:00Z,9876.56098430938
376,2020-03-04T00:00:00Z,9876.56098430938
377,2020-03-05T00:00:00Z,9876.56098430938
378,2020-03-06T00:00:00Z,9876.56098430938
379,2020-03-08T00:00:00Z,9876.56098430938
380,2020-03-09T00:00:00Z,9876.953189994245
381,2020-03-10T00:00:00Z,9875.669053782409
382,2020-03-11T00:00:00Z,9883.356210529277
383,2020-03-12T00:00:00Z,9882.625913742553
384,2020-03-13T00:00:00Z,9865.050674015243
385,2020-03-15T00:00:00Z,9870.3278888462
386,2020-03-16T00:00:00Z,9870.3278888462
387,2020-03-17T00:00:00Z,9870.3278888462
388,2020-03-18T00:00:00Z,9870.3278888462
389,2020-03-19T00:00:00Z,9851.399664804334
390,2020-03-20T00:00:00Z,9851.101967831148
391,2020-03-22T00:00:00Z,9855.801738622908
392,2020-03-23T00:00:00Z,9855.392716240445
393,2020-03-24T00:00:00Z,9856.419267835021
394,2020-03-25T00:00:00Z,9856.105185419476
395,2020-03-26T00:00:00Z,9856.105185419476
396,2020-03-27T00:00:00Z,9866.696082853297
397,2020-03-29T00:00:00Z,9879.492563555981
398,2020-03-30T00:00:00Z,9877.23429620579
399,2020-03-31T00:00:00Z,9877.089499266114
400,2020-04-01T00:00:00Z,9867.10359893107
401,2020-04-02T00:00:00Z,9866.744455407916
402,2020-04-03T00:00:00Z,9866.744455407916
403,2020-04-05T00:00:00Z,9866.744455407916
404,2020-04-06T00:00:00Z,9859.538879628562
405,2020-04-07T00:00:00Z,9858.89795892054
406,2020-04-08T00:00:00Z,9837.845383053276
407,2020-04-09T00:00:00Z,9836.829039620447
408,2020-04-12T00:00:00Z,9841.261793025944
409,2020-04-13T00:00:00Z,9840.636975763073
410,2020-04-14T00:00:00Z,9861.42269968313
411,2020-04-15T00:00:00Z,9860.828802686357
412,2020-04-16T00:00:00Z,9860.828802686357
413,2020-04-17T00:00:00Z,9841.540767618677
414,2020-04-19T00:00:00Z,9910.810203907786
415,2020-04-20T00:00:00Z,9939.649295892452
416,2020-04-21T00:00:00Z,9938.83191815093
417,2020-04-22T00:00:00Z,9934.625164503603
418,2020-04-23T00:00:00Z,9934.369218154852
419,2020-04-24T00:00:00Z,9935.509135189996
420,2020-04-26T00:00:00Z,9937.912631901585
421,2020-04-27T00:00:00Z,9937.912631901585
422,2020-04-28T00:00:00Z,9937.912631901585
423,2020-04-29T00:00:00Z,9916.885356431638
424,2020-04-30T00:00:00Z,9916.816617747281
425,2020-05-01T00:00:00Z,9916.816617747281
426,2020-05-03T00:00:00Z,9916.816617747281
427,2020-05-04T00:00:00Z,9916.816617747281
428,2020-05-05T00:00:00Z,9885.381999216312
429,2020-05-06T00:00:00Z,9885.212725486746
430,2020-05-07T00:00:00Z,9885.657783413419
431,2020-05-08T00:00:00Z,9885.428596806752
432,2020-05-10T00:00:00Z,9885.428596806752
433,2020-05-11T00:00:00Z,9885.408922196646
434,2020-05-12T00:00:00Z,9884.707223090983
435,2020-05-13T00:00:00Z,9884.707223090983
436,2020-05-14T00:00:00Z,9860.26684180541
437,2020-05-15T00:00:00Z,9859.343407797696
438,2020-05-17T00:00:00Z,9859.343407797696
439,2020-05-18T00:00:00Z,9827.680117159465
440,2020-05-19T00:00:00Z,9827.064072288766
441,2020-05-20T00:00:00Z,9799.878197270897
442,2020-05-21T00:00:00Z,9799.259627513538
443,2020-05-22T00:00:00Z,9807.447831960462
444,2020-05-24T00:00:00Z,9808.644054137787
445,2020-05-25T00:00:00Z,9808.644054137787
446,2020-05-26T00:00:00Z,9808.644054137787
447,2020-05-27T00:00:00Z,9808.644054137787
448,2020-05-28T00:00:00Z,9808.644054137787
449,2020-05-29T00:00:00Z,9808.644054137787
450,2020-05-31T00:00:00Z,9808.644054137787
451,2020-06-01T00:00:00Z,9804.554402138952
452,2020-06-02T00:00:00Z,9803.472944095724
453,2020-06-03T00:00:00Z,9803.472944095724
454,2020-06-04T00:00:00Z,9803.472944095724
455,2020-06-05T00:00:00Z,9803.472944095724
456,2020-06-07T00:00:00Z,9786.499628360167
457,2020-06-08T00:00:00Z,9785.134197754416
458,2020-06-09T00:00:00Z,9785.134197754416
459,2020-06-10T00:00:00Z,9785.134197754416
460,2020-06-11T00:00:00Z,9785.134197754416
461,2020-06-12T00:00:00Z,9796.40239149563
462,2020-06-14T00:00:00Z,9784.887206630978
463,2020-06-15T00:00:00Z,9808.469538171756
464,2020-06-16T00:00:00Z,9807.36683005728
465,2020-06-17T00:00:00Z,9807.36683005728
466,2020-06-18T00:00:00Z,9807.36683005728
467,2020-06-19T00:00:00Z,9807.36683005728
468,2020-06-21T00:00:00Z,9807.36683005728
469,2020-06-22T00:00:00Z,9789.46002256657
470,2020-06-23T00:00:00Z,9788.456050596984
471,2020-06-24T00:00:00Z,9788.456050596984
472,2020-06-25T00:00:00Z,9788.456050596984
473,2020-06-26T00:00:00Z,9788.456050596984
474,2020-06-28T00:00:00Z,9788.456050596984
475,2020-06-29T00:00:00Z,9788.456050596984
476,2020-06-30T00:00:00Z,9788.456050596984
477,2020-07-01T00:00:00Z,9788.718226761514
478,2020-07-02T00:00:00Z,9787.13933400544
479,2020-07-03T00:00:00Z,9787.13933400544
480,2020-07-05T00:00:00Z,9787.13933400544
481,2020-07-06T00:00:00Z,9787.13933400544
482,2020-07-07T00:00:00Z,9787.13933400544
483,2020-07-08T00:00:00Z,9787.13933400544
484,2020-07-09T00:00:00Z,9787.13933400544
485,2020-07-10T00:00:00Z,9807.458679683436
486,2020-07-12T00:00:00Z,9802.811846615243
487,2020-07-13T00:00:00Z,9786.547463848412
488,2020-07-14T00:00:00Z,9784.516263435853
489,2020-07-15T00:00:00Z,9784.516263435853
490,2020-07-16T00:00:00Z,9784.516263435853
491,2020-07-17T00:00:00Z,9787.792607761301
492,2020-07-19T00:00:00Z,9779.845857403636
493,2020-07-20T00:00:00Z,9779.845857403636
494,2020-07-21T00:00:00Z,9779.845857403636
495,2020-07-22T00:00:00Z,9779.845857403636
496,2020-07-23T00:00:00Z,9779.845857403636
497,2020-07-24T00:00:00Z,9779.845857403636
498,2020-07-26T00:00:00Z,9784.617524583266
499,2020-07-27T00:00:00Z,9782.503831888278
500,2020-07-28T00:00:00Z,9782.503831888278
501,2020-07-29T00:00:00Z,9782.503831888278
502,2020-07-30T00:00:00Z,9782.503831888278
503,2020-07-31T00:00:00Z,9784.446431740354
504,2020-08-02T00:00:00Z,9778.865991939754
505,2020-08-03T00:00:00Z,9791.767749007256
506,2020-08-04T00:00:00Z,9790.026905595607
507,2020-08-05T00:00:00Z,9805.815534662193
508,2020-08-06T00:00:00Z,9803.198429772006
509,2020-08-07T00:00:00Z,9813.450683351486
510,2020-08-09T00:00:00Z,9815.87952082378
511,2020-08-10T00:00:00Z,9815.87952082378
512,2020-08-11T00:00:00Z,9815.87952082378
513,2020-08-12T00:00:00Z,9815.87952082378
514,2020-08-13T00:00:00Z,9815.87952082378
515,2020-08-14T00:00:00Z,9815.87952082378
516,2020-08-16T00:00:00Z,9815.87952082378
517,2020-08-17T00:00:00Z,9815.87952082378
518,2020-08-18T00:00:00Z,9815.87952082378
519,2020-08-19T00:00:00Z,9815.87952082378
520,2020-08-20T00:00:00Z,9815.87952082378
521,2020-08-21T00:00:00Z,9815.87952082378
522,2020-08-23T00:00:00Z,9815.87952082378
523,2020-08-24T00:00:00Z,9810.282886125467
524,2020-08-25T00:00:00Z,9807.856689184871
525,2020-08-26T00:00:00Z,9804.070312252834
526,2020-08-27T00:00:00Z,9801.657435142526
527,2020-08-28T00:00:00Z,9801.657435142526
528,2020-08-30T00:00:00Z,9801.657435142526
529,2020-08-31T00:00:00Z,9801.657435142526
530,2020-09-01T00:00:00Z,9801.657435142526
531,2020-09-02T00:00:00Z,9751.030860127377
532,2020-09-03T00:00:00Z,9700.818722350654
533,2020-09-04T00:00:00Z,9650.965498759679
534,2020-09-06T00:00:00Z,9630.921105967687
535,2020-09-07T00:00:00Z,9629.072177409074
536,2020-09-08T00:00:00Z,9579.720048165134
537,2020-09-09T00:00:00Z,9530.842518405158
538,2020-09-10T00:00:00Z,9530.842518405158
539,2020-09-11T00:00:00Z,9530.842518405158
540,2020-09-13T00:00:00Z,9530.842518405158
541,2020-09-14T00:00:00Z,9530.842518405158
542,2020-09-15T00:00:00Z,9530.842518405158
543,2020-09-16T00:00:00Z,9530.842518405158
544,2020-09-17T00:00:00Z,9515.14727927988
545,2020-09-18T00:00:00Z,9513.961262470362
546,2020-09-20T00:00:00Z,9512.790037870991
547,2020-09-21T00:00:00Z,9511.203915739929
548,2020-09-22T00:00:00Z,9514.807409621957
549,2020-09-23T00:00:00Z,9513.180322216478
550,2020-09-24T00:00:00Z,9531.236820174268
551,2020-09-25T00:00:00Z,9528.830920769718
552,2020-09-27T00:00:00Z,9527.461174871894
553,2020-09-28T00:00:00Z,9525.593957635336
554,2020-09-29T00:00:00Z,9525.593957635336
555,2020-09-30T00:00:00Z,9525.593957635336
556,2020-10-01T00:00:00Z,9525.593957635336
557,2020-10-02T00:00:00Z,9492.205754722989
558,2020-10-04T00:00:00Z,9492.84118815911
559,2020-10-05T00:00:00Z,9535.629677838935
560,2020-10-06T00:00:00Z,9533.913220918126
561,2020-10-07T00:00:00Z,9536.895566138204
562,2020-10-08T00:00:00Z,9535.150344005438
563,2020-10-09T00:00:00Z,9548.06074729628
564,2020-10-11T00:00:00Z,9551.796414906989
565,2020-10-12T00:00:00Z,9564.470433600483
566,2020-10-13T00:00:00Z,9562.771000454279
567,2020-10-14T00:00:00Z,9562.771000454279
568,2020-10-15T00:00:00Z,9562.771000454279
569,2020-10-16T00:00:00Z,9562.771000454279
570,2020-10-18T00:00:00Z,9562.771000454279
571,2020-10-19T00:00:00Z,9562.771000454279
572,2020-10-20T00:00:00Z,9562.771000454279
573,2020-10-21T00:00:00Z,9562.771000454279
574,2020-10-22T00:00:00Z,9562.771000454279
575,2020-10-23T00:00:00Z,9562.771000454279
576,2020-10-25T00:00:00Z,9573.4346880677
577,2020-10-26T00:00:00Z,9571.229879600924
578,2020-10-27T00:00:00Z,9575.847731097394
579,2020-10-28T00:00:00Z,9574.099573895715
580,2020-10-29T00:00:00Z,9525.302725167046
581,2020-10-30T00:00:00Z,9514.080565092218
582,2020-11-01T00:00:00Z,9487.772916926993
583,2020-11-02T00:00:00Z,9556.297476377635
584,2020-11-03T00:00:00Z,9554.688179252353
585,2020-11-04T00:00:00Z,9554.688179252353
586,2020-11-05T00:00:00Z,9563.841803534364
587,2020-11-06T00:00:00Z,9562.55418152661
588,2020-11-08T00:00:00Z,9551.392040991424
589,2020-11-09T00:00:00Z,9549.899116314746
590,2020-11-10T00:00:00Z,9515.31756469909
591,2020-11-11T00:00:00Z,9513.994443880501
592,2020-11-12T00:00:00Z,9525.214155272884
593,2020-11-13T00:00:00Z,9524.03242389698
594,2020-11-15T00:00:00Z,9519.74333400508
595,2020-11-16T00:00:00Z,9518.515065768703
596,2020-11-17T00:00:00Z,9519.425139432802
597,2020-11-18T00:00:00Z,9518.088945311903
598,2020-11-19T00:00:00Z,9518.088945311903
599,2020-11-20T00:00:00Z,9518.088945311903
600,2020-11-22T00:00:00Z,9518.088945311903
601,2020-11-23T00:00:00Z,9500.343517606869
602,2020-11-24T00:00:00Z,9498.73351112781
603,2020-11-25T00:00:00Z,9498.73351112781
604,2020-11-26T00:00:00Z,9476.49152932483
605,2020-11-27T00:00:00Z,9474.48547560695
606,2020-11-29T00:00:00Z,9473.87070895051
607,2020-11-30T00:00:00Z,9471.897625636639
608,2020-12-01T00:00:00Z,9471.897625636639
609,2020-12-02T00:00:00Z,9488.255647622389
610,2020-12-03T00:00:00Z,9486.148615196835
611,2020-12-04T00:00:00Z,9493.608976138345
612,2020-12-06T00:00:00Z,9494.759876602637
613,2020-12-07T00:00:00Z,9494.759876602637
614,2020-12-08T00:00:00Z,9489.918747418496
615,2020-12-09T00:00:00Z,9487.722179056316
616,2020-12-10T00:00:00Z,9521.110808032245
617,2020-12-11T00:00:00Z,9518.956436260965
618,2020-12-13T00:00:00Z,9516.999193628417
619,2020-12-14T00:00:00Z,9515.04277705337
620,2020-12-15T00:00:00Z,9528.604240275918
621,2020-12-16T00:00:00Z,9526.016800851046
622,2020-12-17T00:00:00Z,9526.016800851046
623,2020-12-18T00:00:00Z,9526.016800851046
624,2020-12-20T00:00:00Z,9526.016800851046
625,2020-12-21T00:00:00Z,9526.016800851046
626,2020-12-22T00:00:00Z,9496.01226761519
627,2020-12-23T00:00:00Z,9493.545576844352
628,2020-12-24T00:00:00Z,9496.371683287383
629,2020-12-27T00:00:00Z,9485.188537184555
630,2020-12-28T00:00:00Z,9480.446468499107
631,2020-12-29T00:00:00Z,9478.247886985218
632,2020-12-30T00:00:00Z,9483.191075925588
633,2020-12-31T00:00:00Z,9480.825151376308
634,2021-01-03T00:00:00Z,9480.825151376308
635,2021-01-04T00:00:00Z,9507.648106832872
636,2021-01-05T00:00:00Z,9505.170790789318
637,2021-01-06T00:00:00Z,9505.170790789318
638,2021-01-07T00:00:00Z,9513.74997372282
639,2021-01-08T00:00:00Z,9511.683381091412
640,2021-01-10T00:00:00Z,9511.683381091412
641,2021-01-11T00:00:00Z,9511.683381091412
642,2021-01-12T00:00:00Z,9511.683381091412
643,2021-01-13T00:00:00Z,9525.253235093776
644,2021-01-14T00:00:00Z,9522.865704531372
645,2021-01-15T00:00:00Z,9562.442176445096
646,2021-01-17T00:00:00Z,9561.637711951107
647,2021-01-18T00:00:00Z,9561.637711951107
648,2021-01-19T00:00:00Z,9561.637711951107
649,2021-01-20T00:00:00Z,9561.637711951107
650,2021-01-21T00:00:00Z,9561.637711951107
651,2021-01-22T00:00:00Z,9561.637711951107
652,2021-01-24T00:00:00Z,9561.637711951107
653,2021-01-25T00:00:00Z,9561.637711951107
654,2021-01-26T00:00:00Z,9561.637711951107
655,2021-01-27T00:00:00Z,9561.637711951107
656,2021-01-28T00:00:00Z,9561.637711951107
657,2021-01-29T00:00:00Z,9556.977370402796
658,2021-01-31T00:00:00Z,9548.62159251731
659,2021-02-01T00:00:00Z,9595.419845065926
660,2021-02-02T00:00:00Z,9592.49812460132
661,2021-02-03T00:00:00Z,9592.49812460132
662,2021-02-04T00:00:00Z,9592.49812460132
663,2021-02-05T00:00:00Z,9592.49812460132
664,2021-02-07T00:00:00Z,9592.49812460132
665,2021-02-08T00:00:00Z,9592.49812460132
666,2021-02-09T00:00:00Z,9592.49812460132
667,2021-02-10T00:00:00Z,9592.49812460132
668,2021-02-11T00:00:00Z,9592.49812460132
669,2021-02-12T00:00:00Z,9592.49812460132
670,2021-02-14T00:00:00Z,9592.49812460132
671,2021-02-15T00:00:00Z,9592.49812460132
672,2021-02-16T00:00:00Z,9592.49812460132
673,2021-02-17T00:00:00Z,9592.49812460132
674,2021-02-18T00:00:00Z,9592.49812460132
675,2021-02-19T00:00:00Z,9572.92206749145
676,2021-02-21T00:00:00Z,9574.800671985302
677,2021-02-22T00:00:00Z,9574.800671985302
678,2021-02-23T00:00:00Z,9574.800671985302
679,2021-02-24T00:00:00Z,9525.646410977984
680,2021-02-25T00:00:00Z,9521.496189479598
681,2021-02-26T00:00:00Z,9519.422516719565
682,2021-02-28T00:00:00Z,9519.422516719565
683,2021-03-01T00:00:00Z,9519.422516719565
684,2021-03-02T00:00:00Z,9519.422516719565
685,2021-03-03T00:00:00Z,9540.022359622282
686,2021-03-04T00:00:00Z,9538.225456812
687,2021-03-05T00:00:00Z,9507.411422483032
688,2021-03-07T00:00:00Z,9486.646516110926
689,2021-03-08T00:00:00Z,9518.17525250285
690,2021-03-09T00:00:00Z,9516.53107910262
691,2021-03-10T00:00:00Z,9505.54278494985
692,2021-03-11T00:00:00Z,9504.061357921057
693,2021-03-12T00:00:00Z,9507.202475224633
694,2021-03-14T00:00:00Z,9503.82036566295
695,2021-03-15T00:00:00Z,9511.733272614229
696,2021-03-16T00:00:00Z,9510.184814893491
697,2021-03-17T00:00:00Z,9512.930971231974
698,2021-03-18T00:00:00Z,9512.466175388912
699,2021-03-19T00:00:00Z,9512.466175388912
700,2021-03-21T00:00:00Z,9512.466175388912
701,2021-03-22T00:00:00Z,9512.466175388912
702,2021-03-23T00:00:00Z,9512.466175388912
703,2021-03-24T00:00:00Z,9512.466175388912
704,2021-03-25T00:00:00Z,9512.466175388912
705,2021-03-26T00:00:00Z,9484.077359663555
706,2021-03-28T00:00:00Z,9483.4674190739
707,2021-03-29T00:00:00Z,9483.4674190739
708,2021-03-30T00:00:00Z,9503.619059231261
709,2021-03-31T00:00:00Z,9502.038357442763
710,2021-04-01T00:00:00Z,9502.038357442763
711,2021-04-02T00:00:00Z,9502.038357442763
712,2021-04-04T00:00:00Z,9502.038357442763
713,2021-04-05T00:00:00Z,9502.038357442763
714,2021-04-06T00:00:00Z,9502.038357442763
715,2021-04-07T00:00:00Z,9506.576687941159
716,2021-04-08T00:00:00Z,9505.16773694555
717,2021-04-09T00:00:00Z,9505.16773694555
718,2021-04-11T00:00:00Z,9505.16773694555
719,2021-04-12T00:00:00Z,9505.16773694555
720,2021-04-13T00:00:00Z,9505.16773694555
721,2021-04-14T00:00:00Z,9505.16773694555
722,2021-04-15T00:00:00Z,9505.16773694555
723,2021-04-16T00:00:00Z,9505.16773694555
724,2021-04-18T00:00:00Z,9505.16773694555
725,2021-04-19T00:00:00Z,9505.16773694555
726,2021-04-20T00:00:00Z,9505.16773694555
727,2021-04-21T00:00:00Z,9479.196693260397
728,2021-04-22T00:00:00Z,9477.292849962352
729,2021-04-23T00:00:00Z,9479.59032659468
730,2021-04-25T00:00:00Z,9478.73383824505
731,2021-04-26T00:00:00Z,9479.27199629199
732,2021-04-27T00:00:00Z,9476.638996130581
733,2021-04-28T00:00:00Z,9492.286563296448
734,2021-04-29T00:00:00Z,9490.068947558679
735,2021-04-30T00:00:00Z,9459.865482524128
736,2021-05-02T00:00:00Z,9459.213116983066
737,2021-05-03T00:00:00Z,9478.007595365236
738,2021-05-04T00:00:00Z,9474.867699996505
739,2021-05-05T00:00:00Z,9449.47371654232
740,2021-05-06T00:00:00Z,9447.098976381722
741,2021-05-07T00:00:00Z,9442.937154890724
742,2021-05-09T00:00:00Z,9449.366144641106
743,2021-05-10T00:00:00Z,9435.770315628273
744,2021-05-11T00:00:00Z,9432.965316881593
745,2021-05-12T00:00:00Z,9434.541479996129
746,2021-05-13T00:00:00Z,9432.413932314805
747,2021-05-14T00:00:00Z,9462.56951473591
748,2021-05-16T00:00:00Z,9458.835440422976
749,2021-05-17T00:00:00Z,9473.414145055172
750,2021-05-18T00:00:00Z,9470.882547045254
751,2021-05-19T00:00:00Z,9422.353684699136
752,2021-05-20T00:00:00Z,9398.919766246896
753,2021-05-21T00:00:00Z,9396.7129214935
754,2021-05-23T00:00:00Z,9392.553526319298
755,2021-05-24T00:00:00Z,9390.556064529297
756,2021-05-25T00:00:00Z,9390.158146309986
757,2021-05-26T00:00:00Z,9388.265474690324
758,2021-05-27T00:00:00Z,9388.265474690324
759,2021-05-28T00:00:00Z,9388.265474690324
760,2021-05-30T00:00:00Z,9388.265474690324
761,2021-05-31T00:00:00Z,9393.216616304026
762,2021-06-01T00:00:00Z,9391.62149662896
763,2021-06-02T00:00:00Z,9404.299544946929
764,2021-06-03T00:00:00Z,9402.323039933543
765,2021-06-04T00:00:00Z,9402.323039933543
766,2021-06-06T00:00:00Z,9404.737998629922
767,2021-06-07T00:00:00Z,9402.131459984414
768,2021-06-08T00:00:00Z,9422.86015934819
769,2021-06-09T00:00:00Z,9419.97943059802
770,2021-06-10T00:00:00Z,9419.97943059802
771,2021-06-11T00:00:00Z,9419.97943059802
772,2021-06-13T00:00:00Z,9421.39661005578
773,2021-06-14T00:00:00Z,9418.230556311913
774,2021-06-15T00:00:00Z,9451.455287309336
775,2021-06-16T00:00:00Z,9447.84377099738
776,2021-06-17T00:00:00Z,9429.929711768626
777,2021-06-18T00:00:00Z,9426.76131630499
778,2021-06-20T00:00:00Z,9429.85521466336
779,2021-06-21T00:00:00Z,9426.44762147909
780,2021-06-22T00:00:00Z,9419.04762122022
781,2021-06-23T00:00:00Z,9416.963542101861
782,2021-06-24T00:00:00Z,9416.963542101861
783,2021-06-25T00:00:00Z,9430.22666255565
784,2021-06-27T00:00:00Z,9427.94159810826
785,2021-06-28T00:00:00Z,9394.96128477982
786,2021-06-29T00:00:00Z,9392.047392511773
787,2021-06-30T00:00:00Z,9390.658372457543
788,2021-07-01T00:00:00Z,9387.990868802237
789,2021-07-02T00:00:00Z,9385.846978473599
790,2021-07-04T00:00:00Z,9385.295858861491
791,2021-07-05T00:00:00Z,9407.26855579711
792,2021-07-06T00:00:00Z,9404.346439911951
793,2021-07-07T00:00:00Z,9355.919932818795
794,2021-07-08T00:00:00Z,9373.749218731109
795,2021-07-09T00:00:00Z,9371.289531474664
796,2021-07-12T00:00:00Z,9362.113471174618
797,2021-07-13T00:00:00Z,9359.157523924398
798,2021-07-14T00:00:00Z,9321.06978564168
799,2021-07-15T00:00:00Z,9318.893670797468
800,2021-07-16T00:00:00Z,9318.423893423442
801,2021-07-18T00:00:00Z,9305.52398197097
802,2021-07-19T00:00:00Z,9257.961022241887
803,2021-07-20T00:00:00Z,9257.961022241887
804,2021-07-21T00:00:00Z,9257.961022241887
805,2021-07-22T00:00:00Z,9273.611568898956
806,2021-07-23T00:00:00Z,9272.18032092083
807,2021-07-25T00:00:00Z,9269.107299571784
808,2021-07-26T00:00:00Z,9267.673463052746
809,2021-07-27T00:00:00Z,9267.673463052746
810,2021-07-28T00:00:00Z,9267.673463052746
811,2021-07-29T00:00:00Z,9267.673463052746
812,2021-07-30T00:00:00Z,9267.673463052746
813,2021-08-01T00:00:00Z,9267.579109660144
814,2021-08-02T00:00:00Z,9265.500082895936
815,2021-08-03T00:00:00Z,9265.500082895936
816,2021-08-04T00:00:00Z,9265.500082895936
817,2021-08-05T00:00:00Z,9279.50719458454
818,2021-08-06T00:00:00Z,9277.4898911931
819,2021-08-08T00:00:00Z,9272.475797343383
820,2021-08-09T00:00:00Z,9270.294766219662
821,2021-08-10T00:00:00Z,9270.294766219662
822,2021-08-11T00:00:00Z,9282.435450223673
823,2021-08-12T00:00:00Z,9280.578810307867
824,2021-08-13T00:00:00Z,9280.578810307867
825,2021-08-15T00:00:00Z,9280.956355409908
826,2021-08-16T00:00:00Z,9279.075313919704
827,2021-08-17T00:00:00Z,9260.828638365649
828,2021-08-18T00:00:00Z,9258.830412327361
829,2021-08-19T00:00:00Z,9243.823864092774
830,2021-08-20T00:00:00Z,9241.810548593783
831,2021-08-22T00:00:00Z,9246.38069862222
832,2021-08-23T00:00:00Z,9244.46225463411
833,2021-08-24T00:00:00Z,9244.46225463411
834,2021-08-25T00:00:00Z,9244.46225463411
835,2021-08-26T00:00:00Z,9244.46225463411
836,2021-08-27T00:00:00Z,9228.212078179296
837,2021-08-29T00:00:00Z,9212.570639292326
838,2021-08-30T00:00:00Z,9214.483863598409
839,2021-08-31T00:00:00Z,9212.438391345373
840,2021-09-01T00:00:00Z,9212.438391345373
841,2021-09-02T00:00:00Z,9184.985974552605
842,2021-09-03T00:00:00Z,9182.980229531258
843,2021-09-05T00:00:00Z,9182.980229531258
844,2021-09-06T00:00:00Z,9182.980229531258
845,2021-09-07T00:00:00Z,9182.980229531258
846,2021-09-08T00:00:00Z,9182.980229531258
847,2021-09-09T00:00:00Z,9182.980229531258
848,2021-09-10T00:00:00Z,9214.784049337264
849,2021-09-12T00:00:00Z,9209.244333711094
850,2021-09-13T00:00:00Z,9217.387063207398
851,2021-09-14T00:00:00Z,9214.985165322767
852,2021-09-15T00:00:00Z,9248.285997260624
853,2021-09-16T00:00:00Z,9245.815330728008
854,2021-09-17T00:00:00Z,9245.815330728008
855,2021-09-19T00:00:00Z,9245.815330728008
856,2021-09-20T00:00:00Z,9245.815330728008
857,2021-09-21T00:00:00Z,9245.815330728008
858,2021-09-22T00:00:00Z,9267.64237234186
859,2021-09-23T00:00:00Z,9265.027039069322
860,2021-09-24T00:00:00Z,9275.904304621892
861,2021-09-26T00:00:00Z,9283.667960705077
862,2021-09-27T00:00:00Z,9292.77150895507
863,2021-09-28T00:00:00Z,9290.139084089571
864,2021-09-29T00:00:00Z,9292.197108791015
865,2021-09-30T00:00:00Z,9289.667591898575
866,2021-10-01T00:00:00Z,9289.667591898575
867,2021-10-03T00:00:00Z,9283.464985098177
868,2021-10-04T00:00:00Z,9281.476389831188
869,2021-10-05T00:00:00Z,9281.476389831188
870,2021-10-06T00:00:00Z,9281.476389831188
871,2021-10-07T00:00:00Z,9306.158519590399
872,2021-10-08T00:00:00Z,9303.83276194487
873,2021-10-10T00:00:00Z,9303.83276194487
874,2021-10-11T00:00:00Z,9313.327098694914
875,2021-10-12T00:00:00Z,9310.847315382161
876,2021-10-13T00:00:00Z,9310.847315382161
877,2021-10-14T00:00:00Z,9321.603290850591
878,2021-10-15T00:00:00Z,9319.617262020762
879,2021-10-17T00:00:00Z,9319.617262020762
880,2021-10-18T00:00:00Z,9319.617262020762
881,2021-10-19T00:00:00Z,9332.342119181256
882,2021-10-20T00:00:00Z,9329.996479943315
883,2021-10-21T00:00:00Z,9329.996479943315
884,2021-10-22T00:00:00Z,9329.996479943315
885,2021-10-24T00:00:00Z,9331.866419620137
886,2021-10-25T00:00:00Z,9329.655311638544
887,2021-10-26T00:00:00Z,9334.38005356863
888,2021-10-27T00:00:00Z,9332.25121083912
889,2021-10-28T00:00:00Z,9338.49299754194
890,2021-10-29T00:00:00Z,9335.82250757606
891,2021-10-31T00:00:00Z,9330.192426911606
892,2021-11-01T00:00:00Z,9328.109491054745
893,2021-11-02T00:00:00Z,9311.254802514848
894,2021-11-03T00:00:00Z,9309.019522577146
895,2021-11-04T00:00:00Z,9298.35013521088
896,2021-11-05T00:00:00Z,9296.542935227877
897,2021-11-07T00:00:00Z,9300.130104216767
898,2021-11-08T00:00:00Z,9298.197431832223
899,2021-11-09T00:00:00Z,9334.360625594614
900,2021-11-10T00:00:00Z,9332.120764284182
901,2021-11-11T00:00:00Z,9332.120764284182
902,2021-11-12T00:00:00Z,9332.120764284182
903,2021-11-14T00:00:00Z,9332.120764284182
904,2021-11-15T00:00:00Z,9332.120764284182
905,2021-11-16T00:00:00Z,9332.120764284182
906,2021-11-17T00:00:00Z,9332.120764284182
907,2021-11-18T00:00:00Z,9332.120764284182
908,2021-11-19T00:00:00Z,9332.120764284182
909,2021-11-21T00:00:00Z,9332.120764284182
910,2021-11-22T00:00:00Z,9332.120764284182
911,2021-11-23T00:00:00Z,9332.120764284182
912,2021-11-24T00:00:00Z,9331.821270265547
913,2021-11-25T00:00:00Z,9330.049536738357
914,2021-11-26T00:00:00Z,9461.578838806137
915,2021-11-28T00:00:00Z,9442.417058443563
916,2021-11-29T00:00:00Z,9442.417058443563
917,2021-11-30T00:00:00Z,9442.417058443563
918,2021-12-01T00:00:00Z,9447.783949275212
919,2021-12-02T00:00:00Z,9446.696442754537
920,2021-12-03T00:00:00Z,9446.696442754537
921,2021-12-05T00:00:00Z,9446.696442754537
922,2021-12-06T00:00:00Z,9446.696442754537
923,2021-12-07T00:00:00Z,9427.899092607564
924,2021-12-08T00:00:00Z,9426.854500534702
925,2021-12-09T00:00:00Z,9442.476958797672
926,2021-12-10T00:00:00Z,9441.578117814746
927,2021-12-12T00:00:00Z,9436.85702751958
928,2021-12-13T00:00:00Z,9435.854679074846
929,2021-12-14T00:00:00Z,9444.020010396296
930,2021-12-15T00:00:00Z,9442.571070223627
931,2021-12-16T00:00:00Z,9442.571070223627
932,2021-12-17T00:00:00Z,9442.571070223627
933,2021-12-19T00:00:00Z,9442.571070223627
934,2021-12-20T00:00:00Z,9442.571070223627
935,2021-12-21T00:00:00Z,9442.571070223627
936,2021-12-22T00:00:00Z,9442.571070223627
937,2021-12-23T00:00:00Z,9442.571070223627
938,2021-12-26T00:00:00Z,9441.641568885363
939,2021-12-27T00:00:00Z,9439.85423278032
940,2021-12-28T00:00:00Z,9439.85423278032
941,2021-12-29T00:00:00Z,9439.85423278032
942,2021-12-30T00:00:00Z,9441.289787402624
943,2021-12-31T00:00:00Z,9439.433979280408
944,2022-01-02T00:00:00Z,9435.753589000167
945,2022-01-03T00:00:00Z,9433.846620624454
946,2022-01-04T00:00:00Z,9433.846620624454
947,2022-01-05T00:00:00Z,9433.846620624454
948,2022-01-06T00:00:00Z,9433.846620624454
949,2022-01-07T00:00:00Z,9433.846620624454
950,2022-01-09T00:00:00Z,9433.846620624454
951,2022-01-10T00:00:00Z,9433.846620624454
952,2022-01-11T00:00:00Z,9433.846620624454
953,2022-01-12T00:00:00Z,9433.846620624454
954,2022-01-13T00:00:00Z,9433.846620624454
955,2022-01-14T00:00:00Z,9433.846620624454
956,2022-01-16T00:00:00Z,9433.846620624454
957,2022-01-17T00:00:00Z,9433.846620624454
958,2022-01-18T00:00:00Z,9433.846620624454
959,2022-01-19T00:00:00Z,9433.846620624454
960,2022-01-20T00:00:00Z,9417.40012090139
961,2022-01-21T00:00:00Z,9414.970636455546
962,2022-01-23T00:00:00Z,9426.203302215732
963,2022-01-24T00:00:00Z,9424.044122532934
964,2022-01-25T00:00:00Z,9404.516468518656
965,2022-01-26T00:00:00Z,9402.353138022248
966,2022-01-27T00:00:00Z,9400.236459334816
967,2022-01-28T00:00:00Z,9398.256964262939
968,2022-01-30T00:00:00Z,9400.50674050182
969,2022-01-31T00:00:00Z,9398.493428852686
970,2022-02-01T00:00:00Z,9398.493428852686
971,2022-02-02T00:00:00Z,9386.916634015866
972,2022-02-03T00:00:00Z,9384.917015910296
973,2022-02-04T00:00:00Z,9384.917015910296
974,2022-02-06T00:00:00Z,9384.917015910296
975,2022-02-07T00:00:00Z,9384.917015910296
976,2022-02-08T00:00:00Z,9362.146100146725
977,2022-02-09T00:00:00Z,9360.155416407673
978,2022-02-10T00:00:00Z,9356.969821582941
979,2022-02-11T00:00:00Z,9354.981598434071
980,2022-02-13T00:00:00Z,9358.849861571502
981,2022-02-14T00:00:00Z,9356.6768188718
982,2022-02-15T00:00:00Z,9308.744827548144
983,2022-02-16T00:00:00Z,9293.544486422808
984,2022-02-17T00:00:00Z,9291.86475802021
985,2022-02-18T00:00:00Z,9289.999134156098
986,2022-02-20T00:00:00Z,9285.991092799866
987,2022-02-21T00:00:00Z,9295.280482660246
988,2022-02-22T00:00:00Z,9293.739558429994
989,2022-02-23T00:00:00Z,9293.739558429994
990,2022-02-24T00:00:00Z,9293.739558429994
991,2022-02-25T00:00:00Z,9272.532071983089
992,2022-02-27T00:00:00Z,9293.206181422996
993,2022-02-28T00:00:00Z,9293.206181422996
994,2022-03-01T00:00:00Z,9245.995399913754
995,2022-03-02T00:00:00Z,9245.995399913754
996,2022-03-03T00:00:00Z,9254.539590414599
997,2022-03-04T00:00:00Z,9253.522513912623
998,2022-03-06T00:00:00Z,9206.585467970814
999,2022-03-07T00:00:00Z,9233.052011660242
1000,2022-03-08T00:00:00Z,9232.149812287795
1001,2022-03-09T00:00:00Z,9287.504554623389
1002,2022-03-10T00:00:00Z,9286.813649321093
1003,2022-03-11T00:00:00Z,9286.813649321093
1004,2022-03-13T00:00:00Z,9285.582874754155
1005,2022-03-14T00:00:00Z,9285.004553020271
1006,2022-03-15T00:00:00Z,9285.004553020271
1007,2022-03-16T00:00:00Z,9285.004553020271
1008,2022-03-17T00:00:00Z,9285.004553020271
1009,2022-03-18T00:00:00Z,9285.004553020271
1010,2022-03-20T00:00:00Z,9285.004553020271
1011,2022-03-21T00:00:00Z,9285.004553020271
1012,2022-03-22T00:00:00Z,9285.004553020271
1013,2022-03-23T00:00:00Z,9285.004553020271
1014,2022-03-24T00:00:00Z,9294.152334256889
1015,2022-03-25T00:00:00Z,9293.473887372596
1016,2022-03-27T00:00:00Z,9303.58491514819
1017,2022-03-28T00:00:00Z,9302.676352503806
1018,2022-03-29T00:00:00Z,9302.676352503806
1019,2022-03-30T00:00:00Z,9302.676352503806
1020,2022-03-31T00:00:00Z,9302.676352503806
1021,2022-04-01T00:00:00Z,9309.761244365616
1022,2022-04-03T00:00:00Z,9311.005589512928
1023,2022-04-04T00:00:00Z,9311.005589512928
1024,2022-04-05T00:00:00Z,9327.844849018882
1025,2022-04-06T00:00:00Z,9326.988358346298
1026,2022-04-07T00:00:00Z,9326.988358346298
1027,2022-04-08T00:00:00Z,9326.988358346298
1028,2022-04-10T00:00:00Z,9326.988358346298
1029,2022-04-11T00:00:00Z,9317.717895924947
1030,2022-04-12T00:00:00Z,9316.674306640014
1031,2022-04-13T00:00:00Z,9316.674306640014
1032,2022-04-14T00:00:00Z,9316.674306640014
1033,2022-04-17T00:00:00Z,9309.579448626986
1034,2022-04-18T00:00:00Z,9308.477800968138
1035,2022-04-19T00:00:00Z,9335.751882904584
1036,2022-04-20T00:00:00Z,9335.126356889488
1037,2022-04-21T00:00:00Z,9335.126356889488
1038,2022-04-22T00:00:00Z,9346.78749407188
1039,2022-04-24T00:00:00Z,9347.879352614145
1040,2022-04-25T00:00:00Z,9347.879352614145
1041,2022-04-26T00:00:00Z,9347.879352614145
1042,2022-04-27T00:00:00Z,9347.879352614145
1043,2022-04-28T00:00:00Z,9369.641480754268
1044,2022-04-29T00:00:00Z,9368.387325123618
1045,2022-05-01T00:00:00Z,9368.387325123618
1046,2022-05-02T00:00:00Z,9368.387325123618
1047,2022-05-03T00:00:00Z,9368.387325123618
1048,2022-05-04T00:00:00Z,9402.775636692164
1049,2022-05-05T00:00:00Z,9401.137971900609
1050,2022-05-06T00:00:00Z,9401.137971900609
1051,2022-05-08T00:00:00Z,9401.137971900609
1052,2022-05-09T00:00:00Z,9401.137971900609
1053,2022-05-10T00:00:00Z,9371.881516952857
1054,2022-05-11T00:00:00Z,9370.642533610306
1055,2022-05-12T00:00:00Z,9370.642533610306
1056,2022-05-13T00:00:00Z,9389.658776876493
1057,2022-05-15T00:00:00Z,9381.288510378892
1058,2022-05-16T00:00:00Z,9381.288510378892
1059,2022-05-17T00:00:00Z,9381.288510378892
1060,2022-05-18T00:00:00Z,9346.481352499566
1061,2022-05-19T00:00:00Z,9345.372350204036
1062,2022-05-20T00:00:00Z,9351.032610610564
1063,2022-05-22T00:00:00Z,9351.623042845345
1064,2022-05-23T00:00:00Z,9346.449274179698
1065,2022-05-24T00:00:00Z,9345.470707067843
1066,2022-05-25T00:00:00Z,9345.26838148706
1067,2022-05-26T00:00:00Z,9344.148258451252
1068,2022-05-27T00:00:00Z,9349.982276450613
1069,2022-05-29T00:00:00Z,9348.238035258655
1070,2022-05-30T00:00:00Z,9364.064755505611
1071,2022-05-31T00:00:00Z,9362.489232151713
1072,2022-06-01T00:00:00Z,9344.829527091333
1073,2022-06-02T00:00:00Z,9345.037603143966
1074,2022-06-03T00:00:00Z,9367.513575591665
1075,2022-06-05T00:00:00Z,9369.744618603645
1076,2022-06-06T00:00:00Z,9355.415842893079
1077,2022-06-07T00:00:00Z,9353.646731111055
1078,2022-06-08T00:00:00Z,9353.646731111055
1079,2022-06-09T00:00:00Z,9344.658850445452
1080,2022-06-10T00:00:00Z,9342.886033515555
1081,2022-06-12T00:00:00Z,9329.296495945735
1082,2022-06-13T00:00:00Z,9327.685515109379
1083,2022-06-14T00:00:00Z,9309.633464567309
1084,2022-06-15T00:00:00Z,9308.276928818525
1085,2022-06-16T00:00:00Z,9310.759458003418
1086,2022-06-17T00:00:00Z,9309.252721046872
1087,2022-06-19T00:00:00Z,9309.538705773673
1088,2022-06-20T00:00:00Z,9308.250841643869
1089,2022-06-21T00:00:00Z,9309.27561265274
1090,2022-06-22T00:00:00Z,9307.962627909721
1091,2022-06-23T00:00:00Z,9310.050100223034
1092,2022-06-24T00:00:00Z,9308.57405122251
1093,2022-06-26T00:00:00Z,9308.57405122251
1094,2022-06-27T00:00:00Z,9333.229861969117
1095,2022-06-28T00:00:00Z,9331.878382750081
1096,2022-06-29T00:00:00Z,9316.701360390052
1097,2022-06-30T00:00:00Z,9315.380780672645
1098,2022-07-01T00:00:00Z,9315.380780672645
1099,2022-07-03T00:00:00Z,9309.884780553552
1100,2022-07-04T00:00:00Z,9308.612087503381
1101,2022-07-05T00:00:00Z,9261.164785166608
1102,2022-07-06T00:00:00Z,9239.552077243616
1103,2022-07-07T00:00:00Z,9238.390882798318
1104,2022-07-08T00:00:00Z,9249.122652203116
1105,2022-07-10T00:00:00Z,9247.950699243436
1106,2022-07-11T00:00:00Z,9247.950699243436
1107,2022-07-12T00:00:00Z,9247.950699243436
1108,2022-07-13T00:00:00Z,9247.950699243436
1109,2022-07-14T00:00:00Z,9247.950699243436
1110,2022-07-15T00:00:00Z,9247.950699243436
1111,2022-07-17T00:00:00Z,9246.501217903357
1112,2022-07-18T00:00:00Z,9245.618158939455
1113,2022-07-19T00:00:00Z,9245.618158939455
1114,2022-07-20T00:00:00Z,9245.618158939455
1115,2022-07-21T00:00:00Z,9226.461307725907
1116,2022-07-22T00:00:00Z,9225.757261585397
1117,2022-07-24T00:00:00Z,9224.61649754046
1118,2022-07-25T00:00:00Z,9223.605227800652
1119,2022-07-26T00:00:00Z,9217.505815714307
1120,2022-07-27T00:00:00Z,9216.29788534133
1121,2022-07-28T00:00:00Z,9216.29788534133
1122,2022-07-29T00:00:00Z,9216.29788534133
1123,2022-07-31T00:00:00Z,9216.29788534133
1124,2022-08-01T00:00:00Z,9216.29788534133
1125,2022-08-02T00:00:00Z,9216.29788534133
1126,2022-08-03T00:00:00Z,9216.29788534133
1127,2022-08-04T00:00:00Z,9216.29788534133
1128,2022-08-05T00:00:00Z,9218.59989355786
1129,2022-08-07T00:00:00Z,9217.125933585447
1130,2022-08-08T00:00:00Z,9235.27019074666
1131,2022-08-09T00:00:00Z,9234.430072997722
1132,2022-08-10T00:00:00Z,9241.40670204008
1133,2022-08-11T00:00:00Z,9240.832881968732
1134,2022-08-12T00:00:00Z,9222.843182071529
1135,2022-08-14T00:00:00Z,9222.66260866495
1136,2022-08-15T00:00:00Z,9222.66260866495
1137,2022-08-16T00:00:00Z,9210.586730127887
1138,2022-08-17T00:00:00Z,9209.432427255873
1139,2022-08-18T00:00:00Z,9233.635967176053
1140,2022-08-19T00:00:00Z,9232.633089689327
1141,2022-08-21T00:00:00Z,9232.728508375967
1142,2022-08-22T00:00:00Z,9231.434570911666
1143,2022-08-23T00:00:00Z,9231.434570911666
1144,2022-08-24T00:00:00Z,9231.434570911666
1145,2022-08-25T00:00:00Z,9249.902190929217
1146,2022-08-26T00:00:00Z,9248.545275726889
1147,2022-08-28T00:00:00Z,9248.545275726889
1148,2022-08-29T00:00:00Z,9248.545275726889
1149,2022-08-30T00:00:00Z,9248.545275726889
1150,2022-08-31T00:00:00Z,9248.545275726889
1151,2022-09-01T00:00:00Z,9264.24344465053
1152,2022-09-02T00:00:00Z,9263.688396263353
1153,2022-09-04T00:00:00Z,9270.337639260131
1154,2022-09-05T00:00:00Z,9269.142568550029
1155,2022-09-06T00:00:00Z,9247.120316678998
1156,2022-09-07T00:00:00Z,9245.741623382091
1157,2022-09-08T00:00:00Z,9252.291011088455
1158,2022-09-09T00:00:00Z,9251.163593020796
1159,2022-09-11T00:00:00Z,9251.163593020796
1160,2022-09-12T00:00:00Z,9265.390106845918
1161,2022-09-13T00:00:00Z,9264.152929820919
1162,2022-09-14T00:00:00Z,9264.152929820919
1163,2022-09-15T00:00:00Z,9264.152929820919
1164,2022-09-16T00:00:00Z,9264.152929820919
1165,2022-09-18T00:00:00Z,9265.88058045359
1166,2022-09-19T00:00:00Z,9264.656560719286
1167,2022-09-20T00:00:00Z,9264.656560719286
1168,2022-09-21T00:00:00Z,9264.656560719286
1169,2022-09-22T00:00:00Z,9269.73987498769
1170,2022-09-23T00:00:00Z,9267.955497883262
1171,2022-09-25T00:00:00Z,9263.89809252173
1172,2022-09-26T00:00:00Z,9262.607309353225
1173,2022-09-27T00:00:00Z,9278.531869734443
1174,2022-09-28T00:00:00Z,9277.368731701941
1175,2022-09-29T00:00:00Z,9275.474844962193
1176,2022-09-30T00:00:00Z,9274.365928412564
1177,2022-10-02T00:00:00Z,9274.365928412564
1178,2022-10-03T00:00:00Z,9285.66026629132
1179,2022-10-04T00:00:00Z,9284.417751535782
1180,2022-10-05T00:00:00Z,9284.417751535782
1181,2022-10-06T00:00:00Z,9275.547580161852
1182,2022-10-07T00:00:00Z,9273.854374483497
1183,2022-10-09T00:00:00Z,9276.137990116875
1184,2022-10-10T00:00:00Z,9274.761542631115
1185,2022-10-11T00:00:00Z,9274.761542631115
1186,2022-10-12T00:00:00Z,9287.325052082366
1187,2022-10-13T00:00:00Z,9285.855106194287
1188,2022-10-14T00:00:00Z,9285.855106194287
1189,2022-10-16T00:00:00Z,9285.855106194287
1190,2022-10-17T00:00:00Z,9285.855106194287
1191,2022-10-18T00:00:00Z,9266.399111522598
1192,2022-10-19T00:00:00Z,9264.289690793967
1193,2022-10-20T00:00:00Z,9261.185167242818
1194,2022-10-21T00:00:00Z,9259.914758039917
1195,2022-10-23T00:00:00Z,9260.575730460445
1196,2022-10-24T00:00:00Z,9259.170279619631
1197,2022-10-25T00:00:00Z,9259.170279619631
1198,2022-10-26T00:00:00Z,9259.170279619631
1199,2022-10-27T00:00:00Z,9261.586966267805
1200,2022-10-28T00:00:00Z,9260.015649377634
1201,2022-10-30T00:00:00Z,9260.015649377634
1202,2022-10-31T00:00:00Z,9232.49631555636
1203,2022-11-01T00:00:00Z,9230.437035062327
1204,2022-11-02T00:00:00Z,9231.712181763456
1205,2022-11-03T00:00:00Z,9229.679855645913
1206,2022-11-04T00:00:00Z,9229.679855645913
1207,2022-11-06T00:00:00Z,9229.679855645913
1208,2022-11-07T00:00:00Z,9229.679855645913
1209,2022-11-08T00:00:00Z,9194.82051099538
1210,2022-11-09T00:00:00Z,9192.857842352932
1211,2022-11-10T00:00:00Z,9192.857842352932
1212,2022-11-11T00:00:00Z,9218.948206749768
1213,2022-11-13T00:00:00Z,9217.259006691864
1214,2022-11-14T00:00:00Z,9170.188493222362
1215,2022-11-15T00:00:00Z,9170.188493222362
1216,2022-11-16T00:00:00Z,9170.188493222362
1217,2022-11-17T00:00:00Z,9170.188493222362
1218,2022-11-18T00:00:00Z,9170.188493222362
1219,2022-11-20T00:00:00Z,9170.318103781765
1220,2022-11-21T00:00:00Z,9169.051070998436
1221,2022-11-22T00:00:00Z,9169.051070998436
1222,2022-11-23T00:00:00Z,9201.739279285957
1223,2022-11-24T00:00:00Z,9200.56763741571
1224,2022-11-25T00:00:00Z,9212.367243367873
1225,2022-11-27T00:00:00Z,9215.351965960115
1226,2022-11-28T00:00:00Z,9215.351965960115
1227,2022-11-29T00:00:00Z,9234.723521381635
1228,2022-11-30T00:00:00Z,9233.48451492183
1229,2022-12-01T00:00:00Z,9225.043911058674
1230,2022-12-02T00:00:00Z,9223.873227565029
1231,2022-12-04T00:00:00Z,9212.385890701273
1232,2022-12-05T00:00:00Z,9211.071593240407
1233,2022-12-06T00:00:00Z,9239.220018614991
1234,2022-12-07T00:00:00Z,9237.940917308008
1235,2022-12-08T00:00:00Z,9231.98141657897
1236,2022-12-09T00:00:00Z,9230.80615954682
1237,2022-12-11T00:00:00Z,9230.489557025532
1238,2022-12-12T00:00:00Z,9229.398097435493
1239,2022-12-13T00:00:00Z,9245.462531831216
1240,2022-12-14T00:00:00Z,9244.117579844444
1241,2022-12-15T00:00:00Z,9244.117579844444
1242,2022-12-16T00:00:00Z,9244.117579844444
1243,2022-12-18T00:00:00Z,9248.793610049212
1244,2022-12-19T00:00:00Z,9247.55880129626
1245,2022-12-20T00:00:00Z,9247.55880129626
1246,2022-12-21T00:00:00Z,9247.55880129626
1247,2022-12-22T00:00:00Z,9247.55880129626
1248,2022-12-23T00:00:00Z,9236.163690193536
1249,2022-12-26T00:00:00Z,9234.54261413056
1250,2022-12-27T00:00:00Z,9247.968799175107
1251,2022-12-28T00:00:00Z,9246.284631153983
1252,2022-12-29T00:00:00Z,9246.284631153983
1253,2022-12-30T00:00:00Z,9246.284631153983
1254,2023-01-02T00:00:00Z,9246.284631153983
1255,2023-01-03T00:00:00Z,9246.284631153983
1256,2023-01-04T00:00:00Z,9199.081554815528
1257,2023-01-05T00:00:00Z,9204.803571216547
1258,2023-01-06T00:00:00Z,9203.254279070241
1259,2023-01-08T00:00:00Z,9205.43646660845
1260,2023-01-09T00:00:00Z,9203.943387362664
1261,2023-01-10T00:00:00Z,9200.961545234473
1262,2023-01-11T00:00:00Z,9199.366417002066
1263,2023-01-12T00:00:00Z,9199.366417002066
1264,2023-01-13T00:00:00Z,9199.366417002066
1265,2023-01-15T00:00:00Z,9199.366417002066
1266,2023-01-16T00:00:00Z,9199.366417002066
1267,2023-01-17T00:00:00Z,9199.366417002066
1268,2023-01-18T00:00:00Z,9199.366417002066
1269,2023-01-19T00:00:00Z,9199.366417002066
1270,2023-01-20T00:00:00Z,9188.248436001255
1271,2023-01-22T00:00:00Z,9185.161870376409
1272,2023-01-23T00:00:00Z,9185.161870376409
1273,2023-01-24T00:00:00Z,9185.161870376409
1274,2023-01-25T00:00:00Z,9178.383604135493
1275,2023-01-26T00:00:00Z,9176.303693696873
1276,2023-01-27T00:00:00Z,9149.285814458844
1277,2023-01-29T00:00:00Z,9156.089577047152
1278,2023-01-30T00:00:00Z,9117.83654564224
1279,2023-01-31T00:00:00Z,9115.839495192176
1280,2023-02-01T00:00:00Z,9115.839495192176
1281,2023-02-02T00:00:00Z,9103.485652273954
1282,2023-02-03T00:00:00Z,9101.971781471151
1283,2023-02-05T00:00:00Z,9102.155735146029
1284,2023-02-06T00:00:00Z,9100.61852425924
1285,2023-02-07T00:00:00Z,9138.493079935442
1286,2023-02-08T00:00:00Z,9136.769355388511
1287,2023-02-09T00:00:00Z,9145.18590167727
1288,2023-02-10T00:00:00Z,9143.697832324791
1289,2023-02-12T00:00:00Z,9147.47232308957
1290,2023-02-13T00:00:00Z,9145.867571674618
1291,2023-02-14T00:00:00Z,9145.867571674618
1292,2023-02-15T00:00:00Z,9145.867571674618
1293,2023-02-16T00:00:00Z,9145.867571674618
1294,2023-02-17T00:00:00Z,9164.222894710721
1295,2023-02-19T00:00:00Z,9156.49700780367
1296,2023-02-20T00:00:00Z,9156.49700780367
1297,2023-02-21T00:00:00Z,9156.49700780367
1298,2023-02-22T00:00:00Z,9156.49700780367
1299,2023-02-23T00:00:00Z,9180.221502913364
1300,2023-02-24T00:00:00Z,9178.26154621244
1301,2023-02-26T00:00:00Z,9177.034228333083
1302,2023-02-27T00:00:00Z,9175.193027916555
1303,2023-02-28T00:00:00Z,9188.839461488684
1304,2023-03-01T00:00:00Z,9186.598925356564
1305,2023-03-02T00:00:00Z,9189.207521647533
1306,2023-03-03T00:00:00Z,9187.037921392068
1307,2023-03-05T00:00:00Z,9187.037921392068
1308,2023-03-06T00:00:00Z,9203.18908667818
1309,2023-03-07T00:00:00Z,9200.965952805454
1310,2023-03-08T00:00:00Z,9188.534832610174
1311,2023-03-09T00:00:00Z,9186.742825177527
1312,2023-03-10T00:00:00Z,9202.13132394201
1313,2023-03-12T00:00:00Z,9201.126455316704
1314,2023-03-13T00:00:00Z,9153.986013028796
1315,2023-03-14T00:00:00Z,9107.21113924319
1316,2023-03-15T00:00:00Z,9060.821679533896
1317,2023-03-16T00:00:00Z,9060.821679533896
1318,2023-03-17T00:00:00Z,9038.824388836872
1319,2023-03-19T00:00:00Z,9041.948464085608
1320,2023-03-20T00:00:00Z,9041.948464085608
1321,2023-03-21T00:00:00Z,9041.948464085608
1322,2023-03-22T00:00:00Z,9041.948464085608
1323,2023-03-23T00:00:00Z,9045.640639428495
1324,2023-03-24T00:00:00Z,9044.539014722037
1325,2023-03-26T00:00:00Z,9043.631827223113
1326,2023-03-27T00:00:00Z,9042.633096608235
1327,2023-03-28T00:00:00Z,9042.633096608235
1328,2023-03-29T00:00:00Z,9042.633096608235
1329,2023-03-30T00:00:00Z,9042.633096608235
1330,2023-03-31T00:00:00Z,9027.598373786997
1331,2023-04-02T00:00:00Z,8966.826994549456
1332,2023-04-03T00:00:00Z,8966.106381962203
1333,2023-04-04T00:00:00Z,8964.508681310659
1334,2023-04-05T00:00:00Z,8967.51734380478
1335,2023-04-06T00:00:00Z,8965.967180952815
1336,2023-04-09T00:00:00Z,8965.967180952815
1337,2023-04-10T00:00:00Z,8965.967180952815
1338,2023-04-11T00:00:00Z,8965.967180952815
1339,2023-04-12T00:00:00Z,8965.967180952815
1340,2023-04-13T00:00:00Z,8965.967180952815
1341,2023-04-14T00:00:00Z,8970.015302092253
1342,2023-04-16T00:00:00Z,8965.711693817477
1343,2023-04-17T00:00:00Z,8965.711693817477
1344,2023-04-18T00:00:00Z,8965.711693817477
1345,2023-04-19T00:00:00Z,8965.711693817477
1346,2023-04-20T00:00:00Z,8994.969950909037
1347,2023-04-21T00:00:00Z,8992.604488556017
1348,2023-04-23T00:00:00Z,8988.690210479272
1349,2023-04-24T00:00:00Z,8986.25882542744
1350,2023-04-25T00:00:00Z,8986.25882542744
1351,2023-04-26T00:00:00Z,8986.25882542744
1352,2023-04-27T00:00:00Z,8990.070812008109
1353,2023-04-28T00:00:00Z,8988.079365365924
1354,2023-04-30T00:00:00Z,8979.077111985593
1355,2023-05-01T00:00:00Z,8977.037960589822
1356,2023-05-02T00:00:00Z,8930.967573081043
1357,2023-05-03T00:00:00Z,8885.358356761153
1358,2023-05-04T00:00:00Z,8885.358356761153
1359,2023-05-05T00:00:00Z,8885.358356761153
1360,2023-05-07T00:00:00Z,8885.358356761153
1361,2023-05-08T00:00:00Z,8885.358356761153
1362,2023-05-09T00:00:00Z,8877.060941388514
1363,2023-05-10T00:00:00Z,8875.551377817448
1364,2023-05-11T00:00:00Z,8890.189072429897
1365,2023-05-12T00:00:00Z,8888.997211622534
1366,2023-05-14T00:00:00Z,8887.769901674656
1367,2023-05-15T00:00:00Z,8886.430269738163
1368,2023-05-16T00:00:00Z,8886.430269738163
1369,2023-05-17T00:00:00Z,8861.797105702462
1370,2023-05-18T00:00:00Z,8860.376934645245
1371,2023-05-19T00:00:00Z,8862.625177163118
1372,2023-05-21T00:00:00Z,8858.383075575375
1373,2023-05-22T00:00:00Z,8848.636268948665
1374,2023-05-23T00:00:00Z,8847.173063716413
1375,2023-05-24T00:00:00Z,8847.173063716413
1376,2023-05-25T00:00:00Z,8883.105993218074
1377,2023-05-26T00:00:00Z,8881.156919142955
1378,2023-05-28T00:00:00Z,8879.670327958618
1379,2023-05-29T00:00:00Z,8877.712623254947
1380,2023-05-30T00:00:00Z,8877.712623254947
1381,2023-05-31T00:00:00Z,8849.073733360276
1382,2023-06-01T00:00:00Z,8847.19562899565
1383,2023-06-02T00:00:00Z,8865.880394028785
1384,2023-06-04T00:00:00Z,8890.454560344955
1385,2023-06-05T00:00:00Z,8890.454560344955
1386,2023-06-06T00:00:00Z,8890.454560344955
1387,2023-06-07T00:00:00Z,8890.454560344955
1388,2023-06-08T00:00:00Z,8909.025905723049
1389,2023-06-09T00:00:00Z,8907.363024463932
1390,2023-06-11T00:00:00Z,8907.363024463932
1391,2023-06-12T00:00:00Z,8872.246419468469
1392,2023-06-13T00:00:00Z,8870.477401740929
1393,2023-06-14T00:00:00Z,8870.477401740929
1394,2023-06-15T00:00:00Z,8892.670322663214
1395,2023-06-16T00:00:00Z,8891.416498617324
1396,2023-06-18T00:00:00Z,8891.416498617324
1397,2023-06-19T00:00:00Z,8891.416498617324
1398,2023-06-20T00:00:00Z,8891.416498617324
1399,2023-06-21T00:00:00Z,8891.416498617324
1400,2023-06-22T00:00:00Z,8933.368690703563
1401,2023-06-23T00:00:00Z,8931.59187283991
1402,2023-06-25T00:00:00Z,8926.47586254168
1403,2023-06-26T00:00:00Z,8924.900158046828
1404,2023-06-27T00:00:00Z,8899.873522143977
1405,2023-06-28T00:00:00Z,8898.420983023965
1406,2023-06-29T00:00:00Z,8902.81231283203
1407,2023-06-30T00:00:00Z,8900.983283436797
1408,2023-07-02T00:00:00Z,8896.738863545812
1409,2023-07-03T00:00:00Z,8894.916992835084
1410,2023-07-04T00:00:00Z,8909.291141609745
1411,2023-07-05T00:00:00Z,8907.282883168344
1412,2023-07-06T00:00:00Z,8907.282883168344
1413,2023-07-07T00:00:00Z,8907.282883168344
1414,2023-07-09T00:00:00Z,8907.282883168344
1415,2023-07-10T00:00:00Z,8907.282883168344
1416,2023-07-11T00:00:00Z,8907.282883168344
1417,2023-07-12T00:00:00Z,8907.282883168344
1418,2023-07-13T00:00:00Z,8929.361860262748
1419,2023-07-14T00:00:00Z,8927.125605296742
1420,2023-07-16T00:00:00Z,8922.498533112594
1421,2023-07-17T00:00:00Z,8920.03353292975
1422,2023-07-18T00:00:00Z,8946.718163203184
1423,2023-07-19T00:00:00Z,8944.390580374731
1424,2023-07-20T00:00:00Z,8953.338396468214
1425,2023-07-21T00:00:00Z,8950.620130972742
1426,2023-07-23T00:00:00Z,8942.878479046689
1427,2023-07-24T00:00:00Z,8940.647172925768
1428,2023-07-25T00:00:00Z,8940.647172925768
1429,2023-07-26T00:00:00Z,8943.371334435591
1430,2023-07-27T00:00:00Z,8941.215697499012
1431,2023-07-28T00:00:00Z,8941.215697499012
1432,2023-07-30T00:00:00Z,8935.796005965689
1433,2023-07-31T00:00:00Z,8933.394568470023
1434,2023-08-01T00:00:00Z,8933.394568470023
1435,2023-08-02T00:00:00Z,8887.229073297172
1436,2023-08-03T00:00:00Z,8887.229073297172
1437,2023-08-04T00:00:00Z,8887.229073297172
1438,2023-08-06T00:00:00Z,8887.229073297172
1439,2023-08-07T00:00:00Z,8887.229073297172
1440,2023-08-08T00:00:00Z,8887.229073297172
1441,2023-08-09T00:00:00Z,8887.229073297172
1442,2023-08-10T00:00:00Z,8887.229073297172
1443,2023-08-11T00:00:00Z,8887.865208383111
1444,2023-08-13T00:00:00Z,8885.524173742207
1445,2023-08-14T00:00:00Z,8874.81027513157
1446,2023-08-15T00:00:00Z,8872.884256211819
1447,2023-08-16T00:00:00Z,8841.673032454853
1448,2023-08-17T00:00:00Z,8839.664570926467
1449,2023-08-18T00:00:00Z,8839.664570926467
1450,2023-08-20T00:00:00Z,8837.278397905196
1451,2023-08-21T00:00:00Z,8835.047386998089
1452,2023-08-22T00:00:00Z,8825.152424115582
1453,2023-08-23T00:00:00Z,8822.918050618338
1454,2023-08-24T00:00:00Z,8825.926751685562
1455,2023-08-25T00:00:00Z,8823.782538326206
1456,2023-08-27T00:00:00Z,8823.782538326206
1457,2023-08-28T00:00:00Z,8823.782538326206
1458,2023-08-29T00:00:00Z,8823.782538326206
1459,2023-08-30T00:00:00Z,8823.782538326206
1460,2023-08-31T00:00:00Z,8823.782538326206
1461,2023-09-01T00:00:00Z,8778.170281806037
1462,2023-09-03T00:00:00Z,8778.170281806037
1463,2023-09-04T00:00:00Z,8778.170281806037
1464,2023-09-05T00:00:00Z,8778.170281806037
1465,2023-09-06T00:00:00Z,8778.170281806037
1466,2023-09-07T00:00:00Z,8778.170281806037
1467,2023-09-08T00:00:00Z,8784.377430160932
1468,2023-09-10T00:00:00Z,8780.954300062782
1469,2023-09-11T00:00:00Z,8784.079573839936
1470,2023-09-12T00:00:00Z,8781.308702920025
1471,2023-09-13T00:00:00Z,8781.308702920025
1472,2023-09-14T00:00:00Z,8811.544389524819
1473,2023-09-15T00:00:00Z,8808.457689025008
1474,2023-09-17T00:00:00Z,8803.376487064394
1475,2023-09-18T00:00:00Z,8800.575017668602
1476,2023-09-19T00:00:00Z,8790.573652602521
1477,2023-09-20T00:00:00Z,8787.104765514401
1478,2023-09-21T00:00:00Z,8787.104765514401
1479,2023-09-22T00:00:00Z,8794.780318436593
1480,2023-09-24T00:00:00Z,8790.684656794061
1481,2023-09-25T00:00:00Z,8772.13390730625
1482,2023-09-26T00:00:00Z,8769.46922375137
1483,2023-09-27T00:00:00Z,8769.46922375137
1484,2023-09-28T00:00:00Z,8735.304185463232
1485,2023-09-29T00:00:00Z,8733.174324273401
1486,2023-10-01T00:00:00Z,8733.174324273401
1487,2023-10-02T00:00:00Z,8733.174324273401
1488,2023-10-03T00:00:00Z,8733.174324273401
1489,2023-10-04T00:00:00Z,8733.174324273401
1490,2023-10-05T00:00:00Z,8733.174324273401
1491,2023-10-06T00:00:00Z,8733.174324273401
1492,2023-10-08T00:00:00Z,8733.174324273401
1493,2023-10-09T00:00:00Z,8733.174324273401
1494,2023-10-10T00:00:00Z,8733.174324273401
1495,2023-10-11T00:00:00Z,8701.528419344764
1496,2023-10-12T00:00:00Z,8700.14886427853
1497,2023-10-13T00:00:00Z,8700.14886427853
1498,2023-10-15T00:00:00Z,8694.5841647005
1499,2023-10-16T00:00:00Z,8693.158198463125
1500,2023-10-17T00:00:00Z,8693.158198463125
1501,2023-10-18T00:00:00Z,8693.158198463125
1502,2023-10-19T00:00:00Z,8670.232685334151
1503,2023-10-20T00:00:00Z,8669.22005186537
1504,2023-10-22T00:00:00Z,8671.06324576896
1505,2023-10-23T00:00:00Z,8669.500914685754
1506,2023-10-24T00:00:00Z,8694.762367650164
1507,2023-10-25T00:00:00Z,8693.447855271306
1508,2023-10-26T00:00:00Z,8708.5276052367
1509,2023-10-27T00:00:00Z,8707.021957565246
1510,2023-10-29T00:00:00Z,8707.021957565246
1511,2023-10-30T00:00:00Z,8726.320664962142
1512,2023-10-31T00:00:00Z,8724.803852203231
1513,2023-11-01T00:00:00Z,8727.835312497315
1514,2023-11-02T00:00:00Z,8726.32142643636
1515,2023-11-03T00:00:00Z,8726.32142643636
1516,2023-11-05T00:00:00Z,8726.32142643636
1517,2023-11-06T00:00:00Z,8726.32142643636
1518,2023-11-07T00:00:00Z,8681.755264091373
1519,2023-11-08T00:00:00Z,8681.755264091373
1520,2023-11-09T00:00:00Z,8680.145896969856
1521,2023-11-10T00:00:00Z,8678.75484254344
1522,2023-11-12T00:00:00Z,8678.75484254344
1523,2023-11-13T00:00:00Z,8697.028290961145
1524,2023-11-14T00:00:00Z,8695.366901406294
1525,2023-11-15T00:00:00Z,8671.47679862208
1526,2023-11-16T00:00:00Z,8669.859356308869
1527,2023-11-17T00:00:00Z,8669.859356308869
1528,2023-11-19T00:00:00Z,8672.87101800451
1529,2023-11-20T00:00:00Z,8671.200428680982
1530,2023-11-21T00:00:00Z,8670.25674263663
1531,2023-11-22T00:00:00Z,8668.652338060821
1532,2023-11-23T00:00:00Z,8668.652338060821
1533,2023-11-24T00:00:00Z,8681.473558826443
1534,2023-11-26T00:00:00Z,8675.857255583764
1535,2023-11-27T00:00:00Z,8667.250919847198
1536,2023-11-28T00:00:00Z,8665.502106498085
1537,2023-11-29T00:00:00Z,8677.17441782102
1538,2023-11-30T00:00:00Z,8675.469265598707
1539,2023-12-01T00:00:00Z,8675.469265598707
1540,2023-12-03T00:00:00Z,8675.469265598707
1541,2023-12-04T00:00:00Z,8675.469265598707
1542,2023-12-05T00:00:00Z,8657.852755240721
1543,2023-12-06T00:00:00Z,8656.151514243173
1544,2023-12-07T00:00:00Z,8658.31291055328
1545,2023-12-08T00:00:00Z,8656.798715540395
1546,2023-12-10T00:00:00Z,8657.43831663176
1547,2023-12-11T00:00:00Z,8655.562755843584
1548,2023-12-12T00:00:00Z,8611.300825682803
1549,2023-12-13T00:00:00Z,8624.917373509894
1550,2023-12-14T00:00:00Z,8623.409514238641
1551,2023-12-15T00:00:00Z,8624.616194915094
1552,2023-12-17T00:00:00Z,8630.13513408138
1553,2023-12-18T00:00:00Z,8632.21801531346
1554,2023-12-19T00:00:00Z,8630.449905454094
1555,2023-12-20T00:00:00Z,8622.36846404091
1556,2023-12-21T00:00:00Z,8620.724060607752
1557,2023-12-22T00:00:00Z,8613.900769571268
1558,2023-12-25T00:00:00Z,8616.472785462394
1559,2023-12-26T00:00:00Z,8636.096742918184
1560,2023-12-27T00:00:00Z,8634.21691018332
1561,2023-12-28T00:00:00Z,8605.700851270913
1562,2023-12-29T00:00:00Z,8603.908735461438
1563,2024-01-01T00:00:00Z,8611.27762880953
1564,2024-01-02T00:00:00Z,8609.423336030752
1565,2024-01-03T00:00:00Z,8644.156508909753
1566,2024-01-04T00:00:00Z,8642.376396976344
1567,2024-01-05T00:00:00Z,8642.376396976344
1568,2024-01-07T00:00:00Z,8641.909424589221
1569,2024-01-08T00:00:00Z,8640.39033128952
1570,2024-01-09T00:00:00Z,8657.527925275237
1571,2024-01-10T00:00:00Z,8655.902630956965
1572,2024-01-11T00:00:00Z,8655.902630956965
1573,2024-01-12T00:00:00Z,8661.545455235237
1574,2024-01-14T00:00:00Z,8667.208621682392
1575,2024-01-15T00:00:00Z,8667.208621682392
1576,2024-01-16T00:00:00Z,8667.208621682392
1577,2024-01-17T00:00:00Z,8667.208621682392
1578,2024-01-18T00:00:00Z,8667.208621682392
1579,2024-01-19T00:00:00Z,8667.208621682392
1580,2024-01-21T00:00:00Z,8667.208621682392
1581,2024-01-22T00:00:00Z,8667.208621682392
1582,2024-01-23T00:00:00Z,8667.208621682392
1583,2024-01-24T00:00:00Z,8678.559284544306
1584,2024-01-25T00:00:00Z,8676.835479015786
1585,2024-01-26T00:00:00Z,8659.660625159067
1586,2024-01-28T00:00:00Z,8644.461131300812
1587,2024-01-29T00:00:00Z,8644.461131300812
1588,2024-01-30T00:00:00Z,8644.461131300812
1589,2024-01-31T00:00:00Z,8644.461131300812
1590,2024-02-01T00:00:00Z,8619.300327625184
1591,2024-02-02T00:00:00Z,8617.493353925687
1592,2024-02-04T00:00:00Z,8615.685984870732
1593,2024-02-05T00:00:00Z,8613.880201788566
1594,2024-02-06T00:00:00Z,8622.885217536905
1595,2024-02-07T00:00:00Z,8621.114309021206
1596,2024-02-08T00:00:00Z,8655.497757491828
1597,2024-02-09T00:00:00Z,8653.588558968097
1598,2024-02-11T00:00:00Z,8655.04203561675
1599,2024-02-12T00:00:00Z,8653.171082475154
1600,2024-02-13T00:00:00Z,8663.974142180141
1601,2024-02-14T00:00:00Z,8661.881800177343
1602,2024-02-15T00:00:00Z,8685.130198916722
1603,2024-02-16T00:00:00Z,8683.068555055064
1604,2024-02-18T00:00:00Z,8683.03624007771
1605,2024-02-19T00:00:00Z,8680.964521480128
1606,2024-02-20T00:00:00Z,8662.43437784599
1607,2024-02-21T00:00:00Z,8660.01620892358
1608,2024-02-22T00:00:00Z,8660.50591070946
1609,2024-02-23T00:00:00Z,8658.177989621607
1610,2024-02-25T00:00:00Z,8659.676508476365
1611,2024-02-26T00:00:00Z,8657.519437625046
1612,2024-02-27T00:00:00Z,8657.519437625046
1613,2024-02-28T00:00:00Z,8650.65545691556
1614,2024-02-29T00:00:00Z,8648.402702059682
1615,2024-03-01T00:00:00Z,8672.533006832942
1616,2024-03-03T00:00:00Z,8676.869836408216
1617,2024-03-04T00:00:00Z,8651.378241098551
1618,2024-03-05T00:00:00Z,8648.727750949496
1619,2024-03-06T00:00:00Z,8661.264077280643
1620,2024-03-07T00:00:00Z,8658.864573059695
1621,2024-03-08T00:00:00Z,8633.545031626756
1622,2024-03-10T00:00:00Z,8632.16848873949
1623,2024-03-11T00:00:00Z,8634.571134291868
1624,2024-03-12T00:00:00Z,8632.276151133481
1625,2024-03-13T00:00:00Z,8632.276151133481
1626,2024-03-14T00:00:00Z,8632.276151133481
1627,2024-03-15T00:00:00Z,8632.276151133481
1628,2024-03-17T00:00:00Z,8632.276151133481
1629,2024-03-18T00:00:00Z,8632.276151133481
1630,2024-03-19T00:00:00Z,8632.276151133481
1631,2024-03-20T00:00:00Z,8632.276151133481
1632,2024-03-21T00:00:00Z,8632.276151133481
1633,2024-03-22T00:00:00Z,8632.276151133481
1634,2024-03-24T00:00:00Z,8632.276151133481
1635,2024-03-25T00:00:00Z,8632.276151133481
1636,2024-03-26T00:00:00Z,8632.276151133481
1637,2024-03-27T00:00:00Z,8632.276151133481
1638,2024-03-28T00:00:00Z,8632.276151133481
1639,2024-03-29T00:00:00Z,8632.276151133481
1640,2024-03-31T00:00:00Z,8632.276151133481
1641,2024-04-01T00:00:00Z,8632.276151133481
1642,2024-04-02T00:00:00Z,8668.31975578398
1643,2024-04-03T00:00:00Z,8664.807672857947
1644,2024-04-04T00:00:00Z,8664.807672857947
1645,2024-04-05T00:00:00Z,8664.807672857947
1646,2024-04-07T00:00:00Z,8664.807672857947
1647,2024-04-08T00:00:00Z,8664.807672857947
1648,2024-04-09T00:00:00Z,8664.807672857947
1649,2024-04-10T00:00:00Z,8681.22746612869
1650,2024-04-11T00:00:00Z,8678.326935756535
1651,2024-04-12T00:00:00Z,8678.326935756535
1652,2024-04-14T00:00:00Z,8678.326935756535
1653,2024-04-15T00:00:00Z,8678.326935756535
1654,2024-04-16T00:00:00Z,8678.326935756535
1655,2024-04-17T00:00:00Z,8678.326935756535
1656,2024-04-18T00:00:00Z,8678.326935756535
1657,2024-04-19T00:00:00Z,8678.326935756535
1658,2024-04-21T00:00:00Z,8675.782734317872
1659,2024-04-22T00:00:00Z,8673.812592126398
1660,2024-04-23T00:00:00Z,8691.721413555382
1661,2024-04-24T00:00:00Z,8689.651034563474
1662,2024-04-25T00:00:00Z,8671.846443100825
1663,2024-04-26T00:00:00Z,8669.808580559371
1664,2024-04-28T00:00:00Z,8672.332914483037
1665,2024-04-29T00:00:00Z,8670.25324643857
1666,2024-04-30T00:00:00Z,8688.36271504984
1667,2024-05-01T00:00:00Z,8686.149413135361
1668,2024-05-02T00:00:00Z,8686.149413135361
1669,2024-05-03T00:00:00Z,8686.149413135361
1670,2024-05-05T00:00:00Z,8686.149413135361
1671,2024-05-06T00:00:00Z,8686.149413135361
1672,2024-05-07T00:00:00Z,8686.149413135361
1673,2024-05-08T00:00:00Z,8686.149413135361
1674,2024-05-09T00:00:00Z,8686.149413135361
1675,2024-05-10T00:00:00Z,8655.6518003008
1676,2024-05-12T00:00:00Z,8651.184952172061
1677,2024-05-13T00:00:00Z,8651.184952172061
1678,2024-05-14T00:00:00Z,8651.184952172061
1679,2024-05-15T00:00:00Z,8651.184952172061
1680,2024-05-16T00:00:00Z,8651.184952172061
1681,2024-05-17T00:00:00Z,8651.184952172061
1682,2024-05-19T00:00:00Z,8651.184952172061
1683,2024-05-20T00:00:00Z,8651.184952172061
1684,2024-05-21T00:00:00Z,8651.184952172061
1685,2024-05-22T00:00:00Z,8651.184952172061
1686,2024-05-23T00:00:00Z,8651.184952172061
1687,2024-05-24T00:00:00Z,8651.184952172061
1688,2024-05-26T00:00:00Z,8651.184952172061
1689,2024-05-27T00:00:00Z,8651.184952172061
1690,2024-05-28T00:00:00Z,8651.184952172061
1691,2024-05-29T00:00:00Z,8651.184952172061
1692,2024-05-30T00:00:00Z,8651.184952172061
1693,2024-05-31T00:00:00Z,8651.184952172061
1694,2024-06-02T00:00:00Z,8651.184952172061
1695,2024-06-03T00:00:00Z,8651.184952172061
1696,2024-06-04T00:00:00Z,8651.184952172061
1697,2024-06-05T00:00:00Z,8651.184952172061
1698,2024-06-06T00:00:00Z,8651.184952172061
1699,2024-06-07T00:00:00Z,8651.184952172061
1700,2024-06-09T00:00:00Z,8651.184952172061
1701,2024-06-10T00:00:00Z,8651.184952172061
1702,2024-06-11T00:00:00Z,8651.184952172061
1703,2024-06-12T00:00:00Z,8651.184952172061
1704,2024-06-13T00:00:00Z,8651.184952172061
1705,2024-06-14T00:00:00Z,8651.184952172061
1706,2024-06-16T00:00:00Z,8651.184952172061
1707,2024-06-17T00:00:00Z,8651.184952172061
1708,2024-06-18T00:00:00Z,8651.184952172061
1709,2024-06-19T00:00:00Z,8651.184952172061
1710,2024-06-20T00:00:00Z,8651.184952172061
1711,2024-06-21T00:00:00Z,8651.184952172061
1712,2024-06-23T00:00:00Z,8651.184952172061
1713,2024-06-24T00:00:00Z,8651.184952172061
1714,2024-06-25T00:00:00Z,8651.184952172061
1715,2024-06-26T00:00:00Z,8651.184952172061
1716,2024-06-27T00:00:00Z,8651.184952172061
1717,2024-06-28T00:00:00Z,8651.184952172061
1718,2024-06-30T00:00:00Z,8651.184952172061
1719,2024-07-01T00:00:00Z,8651.184952172061
1720,2024-07-02T00:00:00Z,8651.184952172061
1721,2024-07-03T00:00:00Z,8651.184952172061
1722,2024-07-04T00:00:00Z,8651.184952172061
1723,2024-07-05T00:00:00Z,8651.184952172061
1724,2024-07-07T00:00:00Z,8651.184952172061
1725,2024-07-08T00:00:00Z,8651.184952172061
1726,2024-07-09T00:00:00Z,8651.184952172061
1727,2024-07-10T00:00:00Z,8651.184952172061
1728,2024-07-11T00:00:00Z,8651.184952172061
1729,2024-07-12T00:00:00Z,8651.184952172061
1730,2024-07-14T00:00:00Z,8651.184952172061
1731,2024-07-15T00:00:00Z,8651.184952172061
1732,2024-07-16T00:00:00Z,8651.184952172061
1733,2024-07-17T00:00:00Z,8651.184952172061
1734,2024-07-18T00:00:00Z,8651.184952172061
1735,2024-07-19T00:00:00Z,8651.184952172061
1736,2024-07-21T00:00:00Z,8651.184952172061
1737,2024-07-22T00:00:00Z,8651.184952172061
1738,2024-07-23T00:00:00Z,8651.184952172061
1739,2024-07-24T00:00:00Z,8651.184952172061
1740,2024-07-25T00:00:00Z,8651.184952172061
1741,2024-07-26T00:00:00Z,8651.184952172061
1742,2024-07-28T00:00:00Z,8651.184952172061
1743,2024-07-29T00:00:00Z,8651.184952172061
1744,2024-07-30T00:00:00Z,8651.184952172061
1745,2024-07-31T00:00:00Z,8651.184952172061
1746,2024-08-01T00:00:00Z,8651.184952172061
1747,2024-08-02T00:00:00Z,8651.184952172061
1748,2024-08-04T00:00:00Z,8651.184952172061
1749,2024-08-05T00:00:00Z,8651.184952172061
1750,2024-08-06T00:00:00Z,8651.184952172061
1751,2024-08-07T00:00:00Z,8651.184952172061
1752,2024-08-08T00:00:00Z,8651.184952172061
1753,2024-08-09T00:00:00Z,8651.184952172061
1754,2024-08-11T00:00:00Z,8651.184952172061
1755,2024-08-12T00:00:00Z,8651.184952172061
1756,2024-08-13T00:00:00Z,8651.184952172061
1757,2024-08-14T00:00:00Z,8651.184952172061
1758,2024-08-15T00:00:00Z,8651.184952172061
1759,2024-08-16T00:00:00Z,8651.184952172061
1760,2024-08-18T00:00:00Z,8651.184952172061
1761,2024-08-19T00:00:00Z,8651.184952172061
1762,2024-08-20T00:00:00Z,8651.184952172061
1763,2024-08-21T00:00:00Z,8651.184952172061
1764,2024-08-22T00:00:00Z,8651.184952172061
1765,2024-08-23T00:00:00Z,8651.184952172061
1766,2024-08-25T00:00:00Z,8651.184952172061
1767,2024-08-26T00:00:00Z,8651.184952172061
1768,2024-08-27T00:00:00Z,8651.184952172061
1769,2024-08-28T00:00:00Z,8651.184952172061
1770,2024-08-29T00:00:00Z,8651.184952172061
1771,2024-08-30T00:00:00Z,8651.184952172061
1772,2024-09-01T00:00:00Z,8651.184952172061
1773,2024-09-02T00:00:00Z,8651.184952172061
1774,2024-09-03T00:00:00Z,8651.184952172061
1775,2024-09-04T00:00:00Z,8651.184952172061
1776,2024-09-05T00:00:00Z,8651.184952172061
1777,2024-09-06T00:00:00Z,8651.184952172061
1778,2024-09-08T00:00:00Z,8651.184952172061
1779,2024-09-09T00:00:00Z,8651.184952172061
1780,2024-09-10T00:00:00Z,8651.184952172061
1781,2024-09-11T00:00:00Z,8651.184952172061
1782,2024-09-12T00:00:00Z,8651.184952172061
1783,2024-09-13T00:00:00Z,8651.184952172061
1784,2024-09-15T00:00:00Z,8651.184952172061
1785,2024-09-16T00:00:00Z,8651.184952172061
1786,2024-09-17T00:00:00Z,8651.184952172061
1787,2024-09-18T00:00:00Z,8651.184952172061
1788,2024-09-19T00:00:00Z,8651.184952172061
1789,2024-09-20T00:00:00Z,8651.184952172061
1790,2024-09-22T00:00:00Z,8651.184952172061
1791,2024-09-23T00:00:00Z,8651.184952172061
1792,2024-09-24T00:00:00Z,8651.184952172061
1793,2024-09-25T00:00:00Z,8651.184952172061
1794,2024-09-26T00:00:00Z,8651.184952172061
1795,2024-09-27T00:00:00Z,8651.184952172061
1796,2024-09-29T00:00:00Z,8651.184952172061
1797,2024-09-30T00:00:00Z,8651.184952172061
1798,2024-10-01T00:00:00Z,8651.184952172061
1799,2024-10-02T00:00:00Z,8651.184952172061
1800,2024-10-03T00:00:00Z,8651.184952172061
1801,2024-10-04T00:00:00Z,8651.184952172061
1802,2024-10-06T00:00:00Z,8651.184952172061
1803,2024-10-07T00:00:00Z,8651.184952172061
1804,2024-10-08T00:00:00Z,8651.184952172061
1805,2024-10-09T00:00:00Z,8651.184952172061
1806,2024-10-10T00:00:00Z,8651.184952172061
1807,2024-10-11T00:00:00Z,8651.184952172061
1808,2024-10-13T00:00:00Z,8651.184952172061
1809,2024-10-14T00:00:00Z,8651.184952172061
1810,2024-10-15T00:00:00Z,8651.184952172061
1811,2024-10-16T00:00:00Z,8651.184952172061
1812,2024-10-17T00:00:00Z,8651.184952172061
1813,2024-10-18T00:00:00Z,8651.184952172061
1814,2024-10-20T00:00:00Z,8651.184952172061
1815,2024-10-21T00:00:00Z,8651.184952172061
1816,2024-10-22T00:00:00Z,8651.184952172061
1817,2024-10-23T00:00:00Z,8651.184952172061
1818,2024-10-24T00:00:00Z,8651.184952172061
1819,2024-10-25T00:00:00Z,8651.184952172061
1820,2024-10-27T00:00:00Z,8651.184952172061
1821,2024-10-28T00:00:00Z,8651.184952172061
1822,2024-10-29T00:00:00Z,8651.184952172061
1823,2024-10-30T00:00:00Z,8651.184952172061
1824,2024-10-31T00:00:00Z,8651.184952172061
1825,2024-11-01T00:00:00Z,8651.184952172061
1826,2024-11-03T00:00:00Z,8651.184952172061
1827,2024-11-04T00:00:00Z,8651.184952172061
1828,2024-11-05T00:00:00Z,8651.184952172061
1829,2024-11-06T00:00:00Z,8651.184952172061
1830,2024-11-07T00:00:00Z,8651.184952172061
1831,2024-11-08T00:00:00Z,8651.184952172061
1832,2024-11-10T00:00:00Z,8651.184952172061
1833,2024-11-11T00:00:00Z,8651.184952172061
1834,2024-11-12T00:00:00Z,8651.184952172061
1835,2024-11-13T00:00:00Z,8651.184952172061
1836,2024-11-14T00:00:00Z,8651.184952172061
1837,2024-11-15T00:00:00Z,8651.184952172061
1838,2024-11-17T00:00:00Z,8651.184952172061
1839,2024-11-18T00:00:00Z,8651.184952172061
1840,2024-11-19T00:00:00Z,8651.184952172061
1841,2024-11-20T00:00:00Z,8651.184952172061
1842,2024-11-21T00:00:00Z,8651.184952172061
1843,2024-11-22T00:00:00Z,8651.184952172061
1844,2024-11-24T00:00:00Z,8651.184952172061
1845,2024-11-25T00:00:00Z,8651.184952172061
1846,2024-11-26T00:00:00Z,8651.184952172061
1847,2024-11-27T00:00:00Z,8651.184952172061
1848,2024-11-28T00:00:00Z,8651.184952172061
1849,2024-11-29T00:00:00Z,8651.184952172061
1850,2024-12-01T00:00:00Z,8651.184952172061
1851,2024-12-02T00:00:00Z,8651.184952172061
1852,2024-12-03T00:00:00Z,8651.184952172061
1853,2024-12-04T00:00:00Z,8651.184952172061
1854,2024-12-05T00:00:00Z,8651.184952172061
1855,2024-12-06T00:00:00Z,8651.184952172061
1856,2024-12-08T00:00:00Z,8651.184952172061
1857,2024-12-09T00:00:00Z,8651.184952172061
1858,2024-12-10T00:00:00Z,8651.184952172061
1859,2024-12-11T00:00:00Z,8651.184952172061
1860,2024-12-12T00:00:00Z,8651.184952172061
1861,2024-12-13T00:00:00Z,8651.184952172061
1862,2024-12-15T00:00:00Z,8651.184952172061
1863,2024-12-16T00:00:00Z,8651.184952172061
1864,2024-12-17T00:00:00Z,8651.184952172061
1865,2024-12-18T00:00:00Z,8651.184952172061
1866,2024-12-19T00:00:00Z,8651.184952172061
1867,2024-12-20T00:00:00Z,8651.184952172061
1868,2024-12-22T00:00:00Z,8651.184952172061
1869,2024-12-23T00:00:00Z,8651.184952172061
1870,2024-12-24T00:00:00Z,8651.184952172061
1871,2024-12-25T00:00:00Z,8651.184952172061
1872,2024-12-26T00:00:00Z,8651.184952172061
1873,2024-12-27T00:00:00Z,8651.184952172061
1874,2024-12-29T00:00:00Z,8651.184952172061
1875,2024-12-30T00:00:00Z,8651.184952172061
1876,2024-12-31T00:00:00Z,8651.184952172061
1877,2025-01-01T00:00:00Z,8651.184952172061
1878,2025-01-02T00:00:00Z,8651.184952172061
1879,2025-01-03T00:00:00Z,8651.184952172061
1880,2025-01-05T00:00:00Z,8651.184952172061
1881,2025-01-06T00:00:00Z,8651.184952172061
1882,2025-01-07T00:00:00Z,8651.184952172061
1883,2025-01-08T00:00:00Z,8651.184952172061
1884,2025-01-09T00:00:00Z,8651.184952172061
1885,2025-01-10T00:00:00Z,8651.184952172061
1886,2025-01-12T00:00:00Z,8651.184952172061
1887,2025-01-13T00:00:00Z,8651.184952172061
1888,2025-01-14T00:00:00Z,8651.184952172061
1889,2025-01-15T00:00:00Z,8651.184952172061
1890,2025-01-16T00:00:00Z,8651.184952172061
1891,2025-01-17T00:00:00Z,8651.184952172061
1892,2025-01-19T00:00:00Z,8651.184952172061
1893,2025-01-20T00:00:00Z,8651.184952172061
1894,2025-01-21T00:00:00Z,8651.184952172061
1895,2025-01-22T00:00:00Z,8651.184952172061
1896,2025-01-23T00:00:00Z,8651.184952172061
1897,2025-01-24T00:00:00Z,8651.184952172061
1898,2025-01-26T00:00:00Z,8651.184952172061
1899,2025-01-27T00:00:00Z,8651.184952172061
1900,2025-01-28T00:00:00Z,8651.184952172061
1901,2025-01-29T00:00:00Z,8651.184952172061
1902,2025-01-30T00:00:00Z,8651.184952172061
1903,2025-01-31T00:00:00Z,8651.184952172061
1904,2025-02-02T00:00:00Z,8651.184952172061
1905,2025-02-03T00:00:00Z,8651.184952172061
1906,2025-02-04T00:00:00Z,8651.184952172061
1907,2025-02-05T00:00:00Z,8651.184952172061
1908,2025-02-06T00:00:00Z,8651.184952172061
1909,2025-02-07T00:00:00Z,8651.184952172061
1910,2025-02-09T00:00:00Z,8651.184952172061
1911,2025-02-10T00:00:00Z,8651.184952172061
1912,2025-02-11T00:00:00Z,8651.184952172061
1913,2025-02-12T00:00:00Z,8651.184952172061
1914,2025-02-13T00:00:00Z,8651.184952172061
1915,2025-02-14T00:00:00Z,8651.184952172061
1916,2025-02-16T00:00:00Z,8651.184952172061
1917,2025-02-17T00:00:00Z,8651.184952172061
1918,2025-02-18T00:00:00Z,8651.184952172061
1919,2025-02-19T00:00:00Z,8651.184952172061
1920,2025-02-20T00:00:00Z,8651.184952172061
1921,2025-02-21T00:00:00Z,8651.184952172061
1922,2025-02-23T00:00:00Z,8651.184952172061
1923,2025-02-24T00:00:00Z,8651.184952172061
1924,2025-02-25T00:00:00Z,8651.184952172061
1925,2025-02-26T00:00:00Z,8651.184952172061
1926,2025-02-27T00:00:00Z,8651.184952172061
1927,2025-02-28T00:00:00Z,8651.184952172061
1928,2025-03-02T00:00:00Z,8651.184952172061
1929,2025-03-03T00:00:00Z,8651.184952172061
1930,2025-03-04T00:00:00Z,8651.184952172061
1931,2025-03-05T00:00:00Z,8651.184952172061
1932,2025-03-06T00:00:00Z,8651.184952172061
1933,2025-03-07T00:00:00Z,8651.184952172061
1934,2025-03-09T00:00:00Z,8651.184952172061
1935,2025-03-10T00:00:00Z,8651.184952172061
1936,2025-03-11T00:00:00Z,8651.184952172061
1937,2025-03-12T00:00:00Z,8651.184952172061
1938,2025-03-13T00:00:00Z,8651.184952172061
1939,2025-03-14T00:00:00Z,8651.184952172061
1940,2025-03-16T00:00:00Z,8651.184952172061
1941,2025-03-17T00:00:00Z,8651.184952172061
1942,2025-03-18T00:00:00Z,8651.184952172061
1943,2025-03-19T00:00:00Z,8651.184952172061
1944,2025-03-20T00:00:00Z,8651.184952172061
1945,2025-03-21T00:00:00Z,8651.184952172061
1946,2025-03-23T00:00:00Z,8651.184952172061
1947,2025-03-24T00:00:00Z,8651.184952172061
1948,2025-03-25T00:00:00Z,8651.184952172061
1949,2025-03-26T00:00:00Z,8651.184952172061
1950,2025-03-27T00:00:00Z,8651.184952172061
1951,2025-03-28T00:00:00Z,8651.184952172061
1952,2025-03-30T00:00:00Z,8651.184952172061
1953,2025-03-31T00:00:00Z,8651.184952172061
1954,2025-04-01T00:00:00Z,8651.184952172061
1955,2025-04-02T00:00:00Z,8651.184952172061
1956,2025-04-03T00:00:00Z,8651.184952172061
1957,2025-04-04T00:00:00Z,8651.184952172061
1958,2025-04-06T00:00:00Z,8651.184952172061
1959,2025-04-07T00:00:00Z,8651.184952172061
1960,2025-04-08T00:00:00Z,8651.184952172061
1961,2025-04-09T00:00:00Z,8651.184952172061
1962,2025-04-10T00:00:00Z,8651.184952172061
1963,2025-04-11T00:00:00Z,8651.184952172061
1964,2025-04-13T00:00:00Z,8651.184952172061
1965,2025-04-14T00:00:00Z,8651.184952172061
1966,2025-04-15T00:00:00Z,8651.184952172061
1967,2025-04-16T00:00:00Z,8651.184952172061
1968,2025-04-17T00:00:00Z,8651.184952172061
1969,2025-04-18T00:00:00Z,8651.184952172061
1970,2025-04-20T00:00:00Z,8651.184952172061
1971,2025-04-21T00:00:00Z,8651.184952172061
1972,2025-04-22T00:00:00Z,8651.184952172061
1973,2025-04-23T00:00:00Z,8651.184952172061
1974,2025-04-24T00:00:00Z,8651.184952172061
1975,2025-04-25T00:00:00Z,8651.184952172061
1976,2025-04-27T00:00:00Z,8651.184952172061
1977,2025-04-28T00:00:00Z,8651.184952172061
1978,2025-04-29T00:00:00Z,8651.184952172061
1979,2025-04-30T00:00:00Z,8651.184952172061
1980,2025-05-01T00:00:00Z,8651.184952172061
1981,2025-05-02T00:00:00Z,8651.184952172061
1982,2025-05-04T00:00:00Z,8651.184952172061
1983,2025-05-05T00:00:00Z,8651.184952172061
1984,2025-05-06T00:00:00Z,8651.184952172061
1985,2025-05-07T00:00:00Z,8651.184952172061
1986,2025-05-08T00:00:00Z,8651.184952172061
1987,2025-05-09T00:00:00Z,8651.184952172061
1988,2025-05-11T00:00:00Z,8651.184952172061
1989,2025-05-12T00:00:00Z,8651.184952172061
1990,2025-05-13T00:00:00Z,8651.184952172061
1991,2025-05-14T00:00:00Z,8651.184952172061
1992,2025-05-15T00:00:00Z,8651.184952172061
1993,2025-05-16T00:00:00Z,8651.184952172061
1994,2025-05-18T00:00:00Z,8651.184952172061
1995,2025-05-19T00:00:00Z,8651.184952172061
1996,2025-05-20T00:00:00Z,8651.184952172061
1997,2025-05-21T00:00:00Z,8651.184952172061
1998,2025-05-22T00:00:00Z,8651.184952172061
1999,2025-05-23T00:00:00Z,8651.184952172061
2000,2025-05-25T00:00:00Z,8651.184952172061
2001,2025-05-26T00:00:00Z,8651.184952172061
2002,2025-05-27T00:00:00Z,8651.184952172061
2003,2025-05-28T00:00:00Z,8651.184952172061
2004,2025-05-29T00:00:00Z,8651.184952172061
2005,2025-05-30T00:00:00Z,8651.184952172061
2006,2025-06-01T00:00:00Z,8651.184952172061
2007,2025-06-02T00:00:00Z,8651.184952172061
2008,2025-06-03T00:00:00Z,8651.184952172061
2009,2025-06-04T00:00:00Z,8651.184952172061
2010,2025-06-05T00:00:00Z,8651.184952172061
2011,2025-06-06T00:00:00Z,8651.184952172061
2012,2025-06-08T00:00:00Z,8651.184952172061
2013,2025-06-09T00:00:00Z,8651.184952172061
2014,2025-06-10T00:00:00Z,8651.184952172061
2015,2025-06-11T00:00:00Z,8651.184952172061
2016,2025-06-12T00:00:00Z,8651.184952172061
2017,2025-06-13T00:00:00Z,8651.184952172061
2018,2025-06-15T00:00:00Z,8651.184952172061
2019,2025-06-16T00:00:00Z,8651.184952172061
2020,2025-06-17T00:00:00Z,8651.184952172061
2021,2025-06-18T00:00:00Z,8651.184952172061
2022,2025-06-19T00:00:00Z,8651.184952172061
2023,2025-06-20T00:00:00Z,8651.184952172061
2024,2025-06-22T00:00:00Z,8651.184952172061
2025,2025-06-23T00:00:00Z,8651.184952172061
2026,2025-06-24T00:00:00Z,8651.184952172061
2027,2025-06-25T00:00:00Z,8651.184952172061
2028,2025-06-26T00:00:00Z,8651.184952172061
2029,2025-06-27T00:00:00Z,8651.184952172061
2030,2025-06-29T00:00:00Z,8651.184952172061
2031,2025-06-30T00:00:00Z,8651.184952172061
2032,2025-07-01T00:00:00Z,8651.184952172061
2033,2025-07-02T00:00:00Z,8651.184952172061
2034,2025-07-03T00:00:00Z,8651.184952172061
2035,2025-07-04T00:00:00Z,8651.184952172061
2036,2025-07-06T00:00:00Z,8651.184952172061
2037,2025-07-07T00:00:00Z,8651.184952172061
2038,2025-07-08T00:00:00Z,8651.184952172061
2039,2025-07-09T00:00:00Z,8651.184952172061
2040,2025-07-10T00:00:00Z,8651.184952172061
2041,2025-07-11T00:00:00Z,8651.184952172061
2042,2025-07-13T00:00:00Z,8651.184952172061
2043,2025-07-14T00:00:00Z,8651.184952172061
2044,2025-07-15T00:00:00Z,8651.184952172061
2045,2025-07-16T00:00:00Z,8651.184952172061
2046,2025-07-17T00:00:00Z,8651.184952172061
2047,2025-07-18T00:00:00Z,8651.184952172061
2048,2025-07-20T00:00:00Z,8651.184952172061
2049,2025-07-21T00:00:00Z,8651.184952172061
2050,2025-07-22T00:00:00Z,8651.184952172061
2051,2025-07-23T00:00:00Z,8651.184952172061
2052,2025-07-24T00:00:00Z,8651.184952172061
2053,2025-07-25T00:00:00Z,8651.184952172061
2054,2025-07-27T00:00:00Z,8651.184952172061
2055,2025-07-28T00:00:00Z,8651.184952172061
2056,2025-07-29T00:00:00Z,8651.184952172061
2057,2025-07-30T00:00:00Z,8651.184952172061
2058,2025-07-31T00:00:00Z,8651.184952172061
2059,2025-08-01T00:00:00Z,8651.184952172061
2060,2025-08-03T00:00:00Z,8651.184952172061
2061,2025-08-04T00:00:00Z,8651.184952172061
2062,2025-08-05T00:00:00Z,8651.184952172061
2063,2025-08-06T00:00:00Z,8651.184952172061
2064,2025-08-07T00:00:00Z,8651.184952172061
2065,2025-08-08T00:00:00Z,8651.184952172061
2066,2025-08-10T00:00:00Z,8651.184952172061
2067,2025-08-11T00:00:00Z,8651.184952172061
2068,2025-08-12T00:00:00Z,8651.184952172061
2069,2025-08-13T00:00:00Z,8651.184952172061
2070,2025-08-14T00:00:00Z,8651.184952172061
2071,2025-08-15T00:00:00Z,8651.184952172061
2072,2025-08-17T00:00:00Z,8651.184952172061
2073,2025-08-18T00:00:00Z,8651.184952172061
2074,2025-08-19T00:00:00Z,8651.184952172061
2075,2025-08-20T00:00:00Z,8651.184952172061
2076,2025-08-21T00:00:00Z,8651.184952172061
2077,2025-08-22T00:00:00Z,8651.184952172061
2078,2025-08-24T00:00:00Z,8651.184952172061
2079,2025-08-25T00:00:00Z,8651.184952172061
2080,2025-08-26T00:00:00Z,8651.184952172061
2081,2025-08-27T00:00:00Z,8651.184952172061
2082,2025-08-28T00:00:00Z,8651.184952172061
2083,2025-08-29T00:00:00Z,8651.184952172061
2084,2025-08-31T00:00:00Z,8651.184952172061
2085,2025-09-01T00:00:00Z,8651.184952172061
2086,2025-09-02T00:00:00Z,8651.184952172061
2087,2025-09-03T00:00:00Z,8651.184952172061
2088,2025-09-04T00:00:00Z,8651.184952172061
2089,2025-09-05T00:00:00Z,8651.184952172061
2090,2025-09-07T00:00:00Z,8651.184952172061
2091,2025-09-08T00:00:00Z,8651.184952172061
2092,2025-09-09T00:00:00Z,8651.184952172061
2093,2025-09-10T00:00:00Z,8651.184952172061
2094,2025-09-11T00:00:00Z,8651.184952172061
2095,2025-09-12T00:00:00Z,8651.184952172061
2096,2025-09-14T00:00:00Z,8651.184952172061
2097,2025-09-15T00:00:00Z,8651.184952172061
2098,2025-09-16T00:00:00Z,8651.184952172061
2099,2025-09-17T00:00:00Z,8651.184952172061
2100,2025-09-18T00:00:00Z,8651.184952172061
2101,2025-09-19T00:00:00Z,8651.184952172061
2102,2025-09-21T00:00:00Z,8651.184952172061
2103,2025-09-22T00:00:00Z,8651.184952172061
2104,2025-09-23T00:00:00Z,8651.184952172061
2105,2025-09-24T00:00:00Z,8651.184952172061
2106,2025-09-25T00:00:00Z,8651.184952172061
2107,2025-09-26T00:00:00Z,8651.184952172061
2108,2025-09-28T00:00:00Z,8651.184952172061
2109,2025-09-29T00:00:00Z,8651.184952172061
2110,2025-09-30T00:00:00Z,8651.184952172061
2111,2025-10-01T00:00:00Z,8651.184952172061
2112,2025-10-02T00:00:00Z,8651.184952172061
2113,2025-10-03T00:00:00Z,8651.184952172061
2114,2025-10-05T00:00:00Z,8651.184952172061
2115,2025-10-06T00:00:00Z,8651.184952172061
2116,2025-10-07T00:00:00Z,8651.184952172061
2117,2025-10-08T00:00:00Z,8651.184952172061
2118,2025-10-09T00:00:00Z,8651.184952172061
2119,2025-10-10T00:00:00Z,8651.184952172061
2120,2025-10-12T00:00:00Z,8651.184952172061
2121,2025-10-13T00:00:00Z,8651.184952172061
2122,2025-10-14T00:00:00Z,8651.184952172061
2123,2025-10-15T00:00:00Z,8651.184952172061
2124,2025-10-16T00:00:00Z,8651.184952172061
2125,2025-10-17T00:00:00Z,8651.184952172061
2126,2025-10-19T00:00:00Z,8651.184952172061
2127,2025-10-20T00:00:00Z,8651.184952172061
2128,2025-10-21T00:00:00Z,8651.184952172061
2129,2025-10-22T00:00:00Z,8651.184952172061
2130,2025-10-23T00:00:00Z,8651.184952172061
2131,2025-10-24T00:00:00Z,8651.184952172061
2132,2025-10-26T00:00:00Z,8651.184952172061
2133,2025-10-27T00:00:00Z,8651.184952172061
2134,2025-10-28T00:00:00Z,8651.184952172061
2135,2025-10-29T00:00:00Z,8651.184952172061
2136,2025-10-30T00:00:00Z,8651.184952172061
2137,2025-10-31T00:00:00Z,8651.184952172061
2138,2025-11-02T00:00:00Z,8651.184952172061
2139,2025-11-03T00:00:00Z,8651.184952172061
2140,2025-11-04T00:00:00Z,8651.184952172061
2141,2025-11-05T00:00:00Z,8651.184952172061
2142,2025-11-06T00:00:00Z,8651.184952172061
2143,2025-11-07T00:00:00Z,8651.184952172061
2144,2025-11-09T00:00:00Z,8651.184952172061
2145,2025-11-10T00:00:00Z,8651.184952172061
2146,2025-11-11T00:00:00Z,8651.184952172061
2147,2025-11-12T00:00:00Z,8651.184952172061
2148,2025-11-13T00:00:00Z,8651.184952172061
2149,2025-11-14T00:00:00Z,8651.184952172061
2150,2025-11-16T00:00:00Z,8651.184952172061
2151,2025-11-17T00:00:00Z,8651.184952172061
2152,2025-11-18T00:00:00Z,8651.184952172061
2153,2025-11-19T00:00:00Z,8651.184952172061
2154,2025-11-20T00:00:00Z,8651.184952172061
2155,2025-11-21T00:00:00Z,8651.184952172061
2156,2025-11-23T00:00:00Z,8651.184952172061
2157,2025-11-24T00:00:00Z,8651.184952172061
2158,2025-11-25T00:00:00Z,8651.184952172061
2159,2025-11-26T00:00:00Z,8651.184952172061
2160,2025-11-27T00:00:00Z,8651.184952172061
2161,2025-11-28T00:00:00Z,8651.184952172061
2162,2025-11-30T00:00:00Z,8651.184952172061
2163,2025-12-01T00:00:00Z,8651.184952172061
2164,2025-12-02T00:00:00Z,8651.184952172061
2165,2025-12-03T00:00:00Z,8651.184952172061
2166,2025-12-04T00:00:00Z,8651.184952172061
2167,2025-12-05T00:00:00Z,8651.184952172061
2168,2025-12-07T00:00:00Z,8651.184952172061
2169,2025-12-08T00:00:00Z,8651.184952172061
2170,2025-12-09T00:00:00Z,8651.184952172061
2171,2025-12-10T00:00:00Z,8651.184952172061
2172,2025-12-11T00:00:00Z,8651.184952172061
2173,2025-12-12T00:00:00Z,8651.184952172061
2174,2025-12-14T00:00:00Z,8651.184952172061
2175,2025-12-15T00:00:00Z,8651.184952172061
2176,2025-12-16T00:00:00Z,8651.184952172061
2177,2025-12-17T00:00:00Z,8651.184952172061
2178,2025-12-18T00:00:00Z,8651.184952172061
2179,2025-12-19T00:00:00Z,8651.184952172061
2180,2025-12-21T00:00:00Z,8651.184952172061
2181,2025-12-22T00:00:00Z,8651.184952172061
2182,2025-12-23T00:00:00Z,8651.184952172061
2183,2025-12-24T00:00:00Z,8651.184952172061
2184,2025-12-25T00:00:00Z,8651.184952172061
2185,2025-12-26T00:00:00Z,8651.184952172061
2186,2025-12-28T00:00:00Z,8651.184952172061
2187,2025-12-29T00:00:00Z,8651.184952172061
2188,2025-12-30T00:00:00Z,8651.184952172061
2189,2025-12-31T00:00:00Z,8651.184952172061
2190,2026-01-01T00:00:00Z,8651.184952172061
2191,2026-01-02T00:00:00Z,8651.184952172061
2192,2026-01-04T00:00:00Z,8651.184952172061
2193,2026-01-05T00:00:00Z,8651.184952172061
2194,2026-01-06T00:00:00Z,8651.184952172061
2195,2026-01-07T00:00:00Z,8651.184952172061
2196,2026-01-08T00:00:00Z,8651.184952172061
2197,2026-01-09T00:00:00Z,8651.184952172061
2198,2026-01-11T00:00:00Z,8651.184952172061
2199,2026-01-12T00:00:00Z,8651.184952172061
2200,2026-01-13T00:00:00Z,8651.184952172061
2201,2026-01-14T00:00:00Z,8651.184952172061
2202,2026-01-15T00:00:00Z,8651.184952172061
2203,2026-01-16T00:00:00Z,8651.184952172061
2204,2026-01-18T00:00:00Z,8651.184952172061
2205,2026-01-19T00:00:00Z,8651.184952172061
2206,2026-01-20T00:00:00Z,8651.184952172061
2207,2026-01-21T00:00:00Z,8651.184952172061
2208,2026-01-22T00:00:00Z,8651.184952172061
2209,2026-01-23T00:00:00Z,8651.184952172061
2210,2026-01-25T00:00:00Z,8651.184952172061
2211,2026-01-26T00:00:00Z,8651.184952172061
2212,2026-01-27T00:00:00Z,8651.184952172061
2213,2026-01-28T00:00:00Z,8651.184952172061
2214,2026-01-29T00:00:00Z,8651.184952172061
2215,2026-01-30T00:00:00Z,8651.184952172061
2216,2026-02-01T00:00:00Z,8651.184952172061
2217,2026-02-02T00:00:00Z,8651.184952172061
2218,2026-02-03T00:00:00Z,8651.184952172061
2219,2026-02-04T00:00:00Z,8651.184952172061
2220,2026-02-05T00:00:00Z,8651.184952172061
2221,2026-02-06T00:00:00Z,8651.184952172061
2222,2026-02-08T00:00:00Z,8651.184952172061
2223,2026-02-09T00:00:00Z,8651.184952172061
2224,2026-02-10T00:00:00Z,8651.184952172061
2225,2026-02-11T00:00:00Z,8651.184952172061
2226,2026-02-12T00:00:00Z,8651.184952172061
2227,2026-02-13T00:00:00Z,8651.184952172061
2228,2026-02-15T00:00:00Z,8651.184952172061
2229,2026-02-16T00:00:00Z,8651.184952172061
2230,2026-02-17T00:00:00Z,8651.184952172061
2231,2026-02-18T00:00:00Z,8651.184952172061
2232,2026-02-19T00:00:00Z,8651.184952172061
2233,2026-02-20T00:00:00Z,8651.184952172061
2234,2026-02-22T00:00:00Z,8651.184952172061
2235,2026-02-23T00:00:00Z,8651.184952172061
2236,2026-02-24T00:00:00Z,8651.184952172061
2237,2026-02-25T00:00:00Z,8651.184952172061
2238,2026-02-26T00:00:00Z,8651.184952172061
2239,2026-02-27T00:00:00Z,8651.184952172061
2240,2026-03-01T00:00:00Z,8651.184952172061
2241,2026-03-02T00:00:00Z,8651.184952172061
2242,2026-03-03T00:00:00Z,8651.184952172061
2243,2026-03-04T00:00:00Z,8651.184952172061
2244,2026-03-05T00:00:00Z,8651.184952172061
2245,2026-03-06T00:00:00Z,8651.184952172061
2246,2026-03-08T00:00:00Z,8651.184952172061
2247,2026-03-09T00:00:00Z,8651.184952172061
2248,2026-03-10T00:00:00Z,8651.184952172061
2249,2026-03-11T00:00:00Z,8651.184952172061
2250,2026-03-12T00:00:00Z,8651.184952172061
2251,2026-03-13T00:00:00Z,8651.184952172061
2252,2026-03-15T00:00:00Z,8651.184952172061
2253,2026-03-16T00:00:00Z,8651.184952172061
2254,2026-03-17T00:00:00Z,8651.184952172061
2255,2026-03-18T00:00:00Z,8651.184952172061
2256,2026-03-19T00:00:00Z,8651.184952172061
2257,2026-03-20T00:00:00Z,8651.184952172061
2258,2026-03-22T00:00:00Z,8651.184952172061
2259,2026-03-23T00:00:00Z,8651.184952172061
2260,2026-03-24T00:00:00Z,8651.184952172061
2261,2026-03-25T00:00:00Z,8651.184952172061
2262,2026-03-26T00:00:00Z,8651.184952172061
2263,2026-03-27T00:00:00Z,8651.184952172061
2264,2026-03-29T00:00:00Z,8651.184952172061
2265,2026-03-30T00:00:00Z,8651.184952172061
2266,2026-03-31T00:00:00Z,8651.184952172061
2267,2026-04-01T00:00:00Z,8651.184952172061
2268,2026-04-02T00:00:00Z,8651.184952172061
2269,2026-04-03T00:00:00Z,8651.184952172061
2270,2026-04-05T00:00:00Z,8651.184952172061
2271,2026-04-06T00:00:00Z,8651.184952172061
2272,2026-04-07T00:00:00Z,8651.184952172061
2273,2026-04-08T00:00:00Z,8651.184952172061
2274,2026-04-09T00:00:00Z,8651.184952172061
2275,2026-04-10T00:00:00Z,8651.184952172061
2276,2026-04-12T00:00:00Z,8651.184952172061
2277,2026-04-13T00:00:00Z,8651.184952172061
2278,2026-04-14T00:00:00Z,8651.184952172061
2279,2026-04-15T00:00:00Z,8651.184952172061
2280,2026-04-16T00:00:00Z,8651.184952172061
2281,2026-04-17T00:00:00Z,8651.184952172061
2282,2026-04-19T00:00:00Z,8651.184952172061
2283,2026-04-20T00:00:00Z,8651.184952172061
2284,2026-04-21T00:00:00Z,8651.184952172061
2285,2026-04-22T00:00:00Z,8651.184952172061
2286,2026-04-23T00:00:00Z,8651.184952172061
2287,2026-04-24T00:00:00Z,8651.184952172061
2288,2026-04-26T00:00:00Z,8651.184952172061
2289,2026-04-27T00:00:00Z,8651.184952172061
2290,2026-04-28T00:00:00Z,8651.184952172061
2291,2026-04-29T00:00:00Z,8651.184952172061
2292,2026-04-30T00:00:00Z,8651.184952172061
2293,2026-05-01T00:00:00Z,8651.184952172061
2294,2026-05-03T00:00:00Z,8651.184952172061
2295,2026-05-04T00:00:00Z,8651.184952172061
2296,2026-05-05T00:00:00Z,8651.184952172061
2297,2026-05-06T00:00:00Z,8651.184952172061
2298,2026-05-07T00:00:00Z,8651.184952172061
2299,2026-05-08T00:00:00Z,8651.184952172061
2300,2026-05-10T00:00:00Z,8651.184952172061
2301,2026-05-11T00:00:00Z,8651.184952172061
2302,2026-05-12T00:00:00Z,8651.184952172061
2303,2026-05-13T00:00:00Z,8651.184952172061
2304,2026-05-14T00:00:00Z,8651.184952172061
2305,2026-05-15T00:00:00Z,8651.184952172061
2306,2026-05-17T00:00:00Z,8651.184952172061
2307,2026-05-18T00:00:00Z,8651.184952172061
2308,2026-05-19T00:00:00Z,8651.184952172061
2309,2026-05-20T00:00:00Z,8651.184952172061
2310,2026-05-21T00:00:00Z,8651.184952172061
2311,2026-05-22T00:00:00Z,8651.184952172061
2312,2026-05-24T00:00:00Z,8651.184952172061
2313,2026-05-25T00:00:00Z,8651.184952172061
2314,2026-05-26T00:00:00Z,8651.184952172061
2315,2026-05-27T00:00:00Z,8651.184952172061
2316,2026-05-28T00:00:00Z,8651.184952172061
2317,2026-05-29T00:00:00Z,8651.184952172061
2318,2026-05-31T00:00:00Z,8651.184952172061
2319,2026-06-01T00:00:00Z,8651.184952172061
2320,2026-06-02T00:00:00Z,8651.184952172061
2321,2026-06-03T00:00:00Z,8651.184952172061
2322,2026-06-04T00:00:00Z,8651.184952172061
2323,2026-06-05T00:00:00Z,8651.184952172061
2324,2026-06-07T00:00:00Z,8651.184952172061
2325,2026-06-08T00:00:00Z,8651.184952172061
2326,2026-06-09T00:00:00Z,8651.184952172061
2327,2026-06-10T00:00:00Z,8651.184952172061
2328,2026-06-11T00:00:00Z,8651.184952172061
2329,2026-06-12T00:00:00Z,8651.184952172061
2330,2026-06-14T00:00:00Z,8651.184952172061
2331,2026-06-15T00:00:00Z,8651.184952172061
2332,2026-06-16T00:00:00Z,8651.184952172061
2333,2026-06-17T00:00:00Z,8651.184952172061
2334,2026-06-18T00:00:00Z,8651.184952172061
2335,2026-06-19T00:00:00Z,8651.184952172061
2336,2026-06-21T00:00:00Z,8651.184952172061
2337,2026-06-22T00:00:00Z,8651.184952172061
2338,2026-06-23T00:00:00Z,8651.184952172061
2339,2026-06-24T00:00:00Z,8651.184952172061
2340,2026-06-25T00:00:00Z,8651.184952172061
2341,2026-06-26T00:00:00Z,8651.184952172061
2342,2026-06-28T00:00:00Z,8651.184952172061
2343,2026-06-29T00:00:00Z,8651.184952172061
2344,2026-06-30T00:00:00Z,8651.184952172061
2345,2026-07-01T00:00:00Z,8651.184952172061
2346,2026-07-02T00:00:00Z,8651.184952172061
2347,2026-07-03T00:00:00Z,8651.184952172061
2348,2026-07-05T00:00:00Z,8651.184952172061
2349,2026-07-06T00:00:00Z,8651.184952172061
2350,2026-07-07T00:00:00Z,8651.184952172061
2351,2026-07-08T00:00:00Z,8651.184952172061
2352,2026-07-09T00:00:00Z,8651.184952172061
2353,2026-07-10T00:00:00Z,8651.184952172061
2354,2026-07-12T00:00:00Z,8651.184952172061
2355,2026-07-13T00:00:00Z,8651.184952172061
2356,2026-07-14T00:00:00Z,8651.184952172061
2357,2026-07-15T00:00:00Z,8651.184952172061
2358,2026-07-16T00:00:00Z,8651.184952172061
2359,2026-07-17T00:00:00Z,8651.184952172061
2360,2026-07-19T00:00:00Z,8651.184952172061
2361,2026-07-20T00:00:00Z,8651.184952172061
2362,2026-07-21T00:00:00Z,8651.184952172061
2363,2026-07-22T00:00:00Z,8651.184952172061
2364,2026-07-23T00:00:00Z,8651.184952172061
2365,2026-07-24T00:00:00Z,8651.184952172061
2366,2026-07-26T00:00:00Z,8651.184952172061
2367,2026-07-27T00:00:00Z,8651.184952172061
2368,2026-07-28T00:00:00Z,8651.184952172061
2369,2026-07-29T00:00:00Z,8651.184952172061
2370,2026-07-30T00:00:00Z,8651.184952172061
2371,2026-07-31T00:00:00Z,8651.184952172061
2372,2026-08-02T00:00:00Z,8651.184952172061
2373,2026-08-03T00:00:00Z,8651.184952172061
2374,2026-08-04T00:00:00Z,8651.184952172061
2375,2026-08-05T00:00:00Z,8651.184952172061
2376,2026-08-06T00:00:00Z,8651.184952172061
2377,2026-08-07T00:00:00Z,8651.184952172061
2378,2026-08-09T00:00:00Z,8651.184952172061
2379,2026-08-10T00:00:00Z,8651.184952172061
2380,2026-08-11T00:00:00Z,8651.184952172061
2381,2026-08-12T00:00:00Z,8651.184952172061
2382,2026-08-13T00:00:00Z,8651.184952172061
2383,2026-08-14T00:00:00Z,8651.184952172061
2384,2026-08-16T00:00:00Z,8651.184952172061
2385,2026-08-17T00:00:00Z,8651.184952172061
2386,2026-08-18T00:00:00Z,8651.184952172061
2387,2026-08-19T00:00:00Z,8651.184952172061
2388,2026-08-20T00:00:00Z,8651.184952172061
2389,2026-08-21T00:00:00Z,8651.184952172061
2390,2026-08-23T00:00:00Z,8651.184952172061
2391,2026-08-24T00:00:00Z,8651.184952172061
2392,2026-08-25T00:00:00Z,8651.184952172061
2393,2026-08-26T00:00:00Z,8651.184952172061
2394,2026-08-27T00:00:00Z,8651.184952172061
2395,2026-08-28T00:00:00Z,8651.184952172061
