bar_index,timestamp_utc,equity
0,2018-12-12T00:00:00Z,10000.0
1,2018-12-13T00:00:00Z,10000.0
2,2018-12-14T00:00:00Z,10000.0
3,2018-12-17T00:00:00Z,10000.0
4,2018-12-18T00:00:00Z,10000.0
5,2018-12-19T00:00:00Z,10000.0
6,2018-12-20T00:00:00Z,10000.0
7,2018-12-21T00:00:00Z,10000.0
8,2018-12-24T00:00:00Z,10000.0
9,2018-12-26T00:00:00Z,10000.0
10,2018-12-27T00:00:00Z,10000.0
11,2018-12-28T00:00:00Z,10000.0
12,2018-12-31T00:00:00Z,10000.0
13,2019-01-01T00:00:00Z,10000.0
14,2019-01-02T00:00:00Z,10000.0
15,2019-01-03T00:00:00Z,10027.28224540017
16,2019-01-04T00:00:00Z,10023.952867160355
17,2019-01-06T00:00:00Z,10023.952867160355
18,2019-01-07T00:00:00Z,10023.952867160355
19,2019-01-08T00:00:00Z,10023.952867160355
20,2019-01-09T00:00:00Z,10023.952867160355
21,2019-01-10T00:00:00Z,10023.952867160355
22,2019-01-11T00:00:00Z,10023.952867160355
23,2019-01-14T00:00:00Z,10023.952867160355
24,2019-01-15T00:00:00Z,10023.952867160355
25,2019-01-16T00:00:00Z,10034.350533086541
26,2019-01-17T00:00:00Z,10030.101032124529
27,2019-01-18T00:00:00Z,10030.101032124529
28,2019-01-20T00:00:00Z,10030.101032124529
29,2019-01-21T00:00:00Z,10059.040809489032
30,2019-01-22T00:00:00Z,10055.497000616691
31,2019-01-23T00:00:00Z,10032.182349393035
32,2019-01-24T00:00:00Z,10028.532957092255
33,2019-01-25T00:00:00Z,10043.59198817878
34,2019-01-27T00:00:00Z,10040.901020139921
35,2019-01-28T00:00:00Z,9978.855832792142
36,2019-01-29T00:00:00Z,9973.9572359263
37,2019-01-30T00:00:00Z,10022.654809201824
38,2019-01-31T00:00:00Z,10018.7280189124
39,2019-02-01T00:00:00Z,10080.003737675936
40,2019-02-03T00:00:00Z,10074.299169080863
41,2019-02-04T00:00:00Z,10047.570411553828
42,2019-02-05T00:00:00Z,10042.703336534683
43,2019-02-06T00:00:00Z,10046.199135029336
44,2019-02-07T00:00:00Z,10042.638461914808
45,2019-02-08T00:00:00Z,10048.597029416575
46,2019-02-10T00:00:00Z,10043.953800349911
47,2019-02-11T00:00:00Z,10035.769886815091
48,2019-02-12T00:00:00Z,10032.047697324117
49,2019-02-13T00:00:00Z,10048.699782162737
50,2019-02-14T00:00:00Z,10044.343548078108
51,2019-02-15T00:00:00Z,10093.844462601044
52,2019-02-17T00:00:00Z,10106.659912433632
53,2019-02-18T00:00:00Z,10106.659912433632
54,2019-02-19T00:00:00Z,10106.659912433632
55,2019-02-20T00:00:00Z,10106.659912433632
56,2019-02-21T00:00:00Z,10083.319166021165
57,2019-02-22T00:00:00Z,10078.646520328944
58,2019-02-24T00:00:00Z,10078.646520328944
59,2019-02-25T00:00:00Z,9974.280994267438
60,2019-02-26T00:00:00Z,10000.494121773867
61,2019-02-27T00:00:00Z,9995.44242067516
62,2019-02-28T00:00:00Z,10001.847067980221
63,2019-03-01T00:00:00Z,9996.449281282536
64,2019-03-03T00:00:00Z,9998.618448611565
65,2019-03-04T00:00:00Z,9992.87874794778
66,2019-03-05T00:00:00Z,9971.701743263826
67,2019-03-06T00:00:00Z,9965.448083159774
68,2019-03-07T00:00:00Z,9977.994460878368
69,2019-03-08T00:00:00Z,9972.036043209404
70,2019-03-10T00:00:00Z,9972.357575394024
71,2019-03-11T00:00:00Z,9966.451570721798
72,2019-03-12T00:00:00Z,9972.571296619188
73,2019-03-13T00:00:00Z,9966.387328112285
74,2019-03-14T00:00:00Z,9973.694689155409
75,2019-03-15T00:00:00Z,9967.232133631802
76,2019-03-17T00:00:00Z,9958.934416538648
77,2019-03-18T00:00:00Z,9952.150561437755
78,2019-03-19T00:00:00Z,9936.939871834773
79,2019-03-20T00:00:00Z,9928.538448980898
80,2019-03-21T00:00:00Z,9910.463277030709
81,2019-03-22T00:00:00Z,9904.451845535112
82,2019-03-24T00:00:00Z,9884.043613433872
83,2019-03-25T00:00:00Z,9877.121319410751
84,2019-03-26T00:00:00Z,9916.225385312744
85,2019-03-27T00:00:00Z,9908.572802693207
86,2019-03-28T00:00:00Z,9912.00645792612
87,2019-03-29T00:00:00Z,9906.223987411135
88,2019-03-31T00:00:00Z,9906.498698364512
89,2019-04-01T00:00:00Z,9899.606283165633
90,2019-04-02T00:00:00Z,9937.336093433798
91,2019-04-03T00:00:00Z,9930.140744150918
92,2019-04-04T00:00:00Z,9897.918206298376
93,2019-04-05T00:00:00Z,9892.168116641711
94,2019-04-07T00:00:00Z,9890.978982426795
95,2019-04-08T00:00:00Z,9885.026467144666
96,2019-04-09T00:00:00Z,9860.15495102114
97,2019-04-10T00:00:00Z,9853.728138088718
98,2019-04-11T00:00:00Z,9810.491884206864
99,2019-04-12T00:00:00Z,9802.952771800085
100,2019-04-14T00:00:00Z,9786.731351230379
101,2019-04-15T00:00:00Z,9778.941356192527
102,2019-04-16T00:00:00Z,9833.642929049356
103,2019-04-17T00:00:00Z,9824.784011601585
104,2019-04-18T00:00:00Z,9838.658769221443
105,2019-04-21T00:00:00Z,9846.568389648664
106,2019-04-22T00:00:00Z,9934.533113791978
107,2019-04-23T00:00:00Z,9927.544238663813
108,2019-04-24T00:00:00Z,9899.708005693528
109,2019-04-25T00:00:00Z,9889.027535767584
110,2019-04-26T00:00:00Z,9785.588097282722
111,2019-04-28T00:00:00Z,9774.778510081713
112,2019-04-29T00:00:00Z,9768.628247988367
113,2019-04-30T00:00:00Z,9761.014549258818
114,2019-05-01T00:00:00Z,9753.407716724747
115,2019-05-02T00:00:00Z,9652.256994223873
116,2019-05-03T00:00:00Z,9654.916340193733
117,2019-05-05T00:00:00Z,9595.002945978558
118,2019-05-06T00:00:00Z,9679.231403924594
119,2019-05-07T00:00:00Z,9673.381455914177
120,2019-05-08T00:00:00Z,9673.381455914177
121,2019-05-09T00:00:00Z,9673.381455914177
122,2019-05-10T00:00:00Z,9673.381455914177
123,2019-05-12T00:00:00Z,9673.381455914177
124,2019-05-13T00:00:00Z,9673.381455914177
125,2019-05-14T00:00:00Z,9673.381455914177
126,2019-05-15T00:00:00Z,9673.381455914177
127,2019-05-16T00:00:00Z,9673.381455914177
128,2019-05-17T00:00:00Z,9686.325419447001
129,2019-05-19T00:00:00Z,9647.309057695105
130,2019-05-20T00:00:00Z,9649.050486051363
131,2019-05-21T00:00:00Z,9644.664775256222
132,2019-05-22T00:00:00Z,9644.664775256222
133,2019-05-23T00:00:00Z,9644.664775256222
134,2019-05-24T00:00:00Z,9606.070369808871
135,2019-05-26T00:00:00Z,9603.20500118281
136,2019-05-27T00:00:00Z,9603.20500118281
137,2019-05-28T00:00:00Z,9603.20500118281
138,2019-05-29T00:00:00Z,9603.20500118281
139,2019-05-30T00:00:00Z,9603.20500118281
140,2019-05-31T00:00:00Z,9603.20500118281
141,2019-06-02T00:00:00Z,9616.762074661907
142,2019-06-03T00:00:00Z,9613.758281482118
143,2019-06-04T00:00:00Z,9613.758281482118
144,2019-06-05T00:00:00Z,9613.758281482118
145,2019-06-06T00:00:00Z,9613.758281482118
146,2019-06-07T00:00:00Z,9613.758281482118
147,2019-06-09T00:00:00Z,9611.823494346472
148,2019-06-10T00:00:00Z,9609.418820175404
149,2019-06-11T00:00:00Z,9609.418820175404
150,2019-06-12T00:00:00Z,9658.057382334544
151,2019-06-13T00:00:00Z,9655.246928922841
152,2019-06-14T00:00:00Z,9639.137378007941
153,2019-06-16T00:00:00Z,9631.634346690875
154,2019-06-17T00:00:00Z,9631.634346690875
155,2019-06-18T00:00:00Z,9631.634346690875
156,2019-06-19T00:00:00Z,9631.634346690875
157,2019-06-20T00:00:00Z,9631.634346690875
158,2019-06-21T00:00:00Z,9623.657088935537
159,2019-06-23T00:00:00Z,9610.06498011469
160,2019-06-24T00:00:00Z,9606.67390140014
161,2019-06-25T00:00:00Z,9601.618800782166
162,2019-06-26T00:00:00Z,9590.206757091688
163,2019-06-27T00:00:00Z,9588.055795335627
164,2019-06-28T00:00:00Z,9588.055795335627
165,2019-06-30T00:00:00Z,9588.055795335627
166,2019-07-01T00:00:00Z,9617.546466434207
167,2019-07-02T00:00:00Z,9612.6821413626
168,2019-07-03T00:00:00Z,9612.6821413626
169,2019-07-04T00:00:00Z,9630.90209723632
170,2019-07-05T00:00:00Z,9628.340143997442
171,2019-07-07T00:00:00Z,9628.340143997442
172,2019-07-08T00:00:00Z,9628.340143997442
173,2019-07-09T00:00:00Z,9628.340143997442
174,2019-07-10T00:00:00Z,9628.340143997442
175,2019-07-11T00:00:00Z,9625.199358065925
176,2019-07-12T00:00:00Z,9621.643475104469
177,2019-07-14T00:00:00Z,9621.643475104469
178,2019-07-15T00:00:00Z,9621.643475104469
179,2019-07-16T00:00:00Z,9621.643475104469
180,2019-07-17T00:00:00Z,9621.643475104469
181,2019-07-18T00:00:00Z,9561.291978288034
182,2019-07-19T00:00:00Z,9577.857814652141
183,2019-07-21T00:00:00Z,9574.04091843217
184,2019-07-22T00:00:00Z,9569.094665232731
185,2019-07-23T00:00:00Z,9609.299722094942
186,2019-07-24T00:00:00Z,9604.076934799148
187,2019-07-25T00:00:00Z,9604.118867587587
188,2019-07-26T00:00:00Z,9599.589011152773
189,2019-07-28T00:00:00Z,9592.073309590456
190,2019-07-29T00:00:00Z,9588.120167503672
191,2019-07-30T00:00:00Z,9634.749323846672
192,2019-07-31T00:00:00Z,9629.804384104122
193,2019-08-01T00:00:00Z,9629.804384104122
194,2019-08-02T00:00:00Z,9629.804384104122
195,2019-08-04T00:00:00Z,9627.048843943445
196,2019-08-05T00:00:00Z,9622.673319624158
197,2019-08-06T00:00:00Z,9586.617487301004
198,2019-08-07T00:00:00Z,9582.860869664868
199,2019-08-08T00:00:00Z,9599.918039408569
200,2019-08-09T00:00:00Z,9595.652784623648
201,2019-08-11T00:00:00Z,9588.940594479613
202,2019-08-12T00:00:00Z,9585.657685145788
203,2019-08-13T00:00:00Z,9656.473710793505
204,2019-08-14T00:00:00Z,9653.00923815429
205,2019-08-15T00:00:00Z,9655.691301319635
206,2019-08-16T00:00:00Z,9652.861031311792
207,2019-08-18T00:00:00Z,9655.528260880055
208,2019-08-19T00:00:00Z,9652.045310712054
209,2019-08-20T00:00:00Z,9656.28512751775
210,2019-08-21T00:00:00Z,9652.87743387346
211,2019-08-22T00:00:00Z,9652.87743387346
212,2019-08-23T00:00:00Z,9652.87743387346
213,2019-08-25T00:00:00Z,9652.87743387346
214,2019-08-26T00:00:00Z,9674.647523712167
215,2019-08-27T00:00:00Z,9670.507235494404
216,2019-08-28T00:00:00Z,9676.460389064967
217,2019-08-29T00:00:00Z,9673.191220675968
218,2019-08-30T00:00:00Z,9610.889808066124
219,2019-09-01T00:00:00Z,9600.54282328883
220,2019-09-02T00:00:00Z,9589.876718513333
221,2019-09-03T00:00:00Z,9586.556103808543
222,2019-09-04T00:00:00Z,9670.570234015635
223,2019-09-05T00:00:00Z,9666.964945980588
224,2019-09-06T00:00:00Z,9666.964945980588
225,2019-09-08T00:00:00Z,9666.964945980588
226,2019-09-09T00:00:00Z,9666.964945980588
227,2019-09-10T00:00:00Z,9666.964945980588
228,2019-09-11T00:00:00Z,9666.964945980588
229,2019-09-12T00:00:00Z,9666.964945980588
230,2019-09-13T00:00:00Z,9666.964945980588
231,2019-09-16T00:00:00Z,9666.964945980588
232,2019-09-17T00:00:00Z,9749.940704943518
233,2019-09-18T00:00:00Z,9746.039443638743
234,2019-09-19T00:00:00Z,9721.793561479517
235,2019-09-20T00:00:00Z,9719.286919552695
236,2019-09-22T00:00:00Z,9719.286919552695
237,2019-09-23T00:00:00Z,9719.286919552695
238,2019-09-24T00:00:00Z,9719.286919552695
239,2019-09-25T00:00:00Z,9719.286919552695
240,2019-09-26T00:00:00Z,9719.286919552695
241,2019-09-27T00:00:00Z,9719.286919552695
242,2019-09-29T00:00:00Z,9719.286919552695
243,2019-09-30T00:00:00Z,9719.286919552695
244,2019-10-01T00:00:00Z,9719.286919552695
245,2019-10-02T00:00:00Z,9719.286919552695
246,2019-10-03T00:00:00Z,9719.286919552695
247,2019-10-04T00:00:00Z,9719.286919552695
248,2019-10-06T00:00:00Z,9719.286919552695
249,2019-10-07T00:00:00Z,9719.286919552695
250,2019-10-08T00:00:00Z,9719.286919552695
251,2019-10-09T00:00:00Z,9719.286919552695
252,2019-10-10T00:00:00Z,9786.835402978988
253,2019-10-11T00:00:00Z,9782.46892335991
254,2019-10-13T00:00:00Z,9782.46892335991
255,2019-10-14T00:00:00Z,9833.463992666722
256,2019-10-15T00:00:00Z,9829.722661459431
257,2019-10-16T00:00:00Z,9829.722661459431
258,2019-10-17T00:00:00Z,9829.722661459431
259,2019-10-18T00:00:00Z,9829.722661459431
260,2019-10-20T00:00:00Z,9829.722661459431
261,2019-10-21T00:00:00Z,9829.722661459431
262,2019-10-22T00:00:00Z,9829.722661459431
263,2019-10-23T00:00:00Z,9751.97443619304
264,2019-10-24T00:00:00Z,9748.2174062328
265,2019-10-25T00:00:00Z,9719.796377623838
266,2019-10-27T00:00:00Z,9715.897070332067
267,2019-10-28T00:00:00Z,9757.117678232022
268,2019-10-29T00:00:00Z,9751.296147976722
269,2019-10-30T00:00:00Z,9751.296147976722
270,2019-10-31T00:00:00Z,9751.296147976722
271,2019-11-01T00:00:00Z,9751.296147976722
272,2019-11-03T00:00:00Z,9751.296147976722
273,2019-11-04T00:00:00Z,9751.296147976722
274,2019-11-05T00:00:00Z,9751.296147976722
275,2019-11-06T00:00:00Z,9751.296147976722
276,2019-11-07T00:00:00Z,9751.296147976722
277,2019-11-08T00:00:00Z,9751.296147976722
278,2019-11-10T00:00:00Z,9751.296147976722
279,2019-11-11T00:00:00Z,9771.670361737293
280,2019-11-12T00:00:00Z,9766.060373503933
281,2019-11-13T00:00:00Z,9766.060373503933
282,2019-11-14T00:00:00Z,9766.060373503933
283,2019-11-15T00:00:00Z,9766.060373503933
284,2019-11-17T00:00:00Z,9766.060373503933
285,2019-11-18T00:00:00Z,9766.060373503933
286,2019-11-19T00:00:00Z,9665.218044480198
287,2019-11-20T00:00:00Z,9741.159849779
288,2019-11-21T00:00:00Z,9736.619076239444
289,2019-11-22T00:00:00Z,9736.619076239444
290,2019-11-24T00:00:00Z,9736.619076239444
291,2019-11-25T00:00:00Z,9736.619076239444
292,2019-11-26T00:00:00Z,9748.726037162949
293,2019-11-27T00:00:00Z,9742.763771001806
294,2019-11-28T00:00:00Z,9742.763771001806
295,2019-11-29T00:00:00Z,9742.763771001806
296,2019-12-01T00:00:00Z,9742.763771001806
297,2019-12-02T00:00:00Z,9748.9027042831
298,2019-12-03T00:00:00Z,9743.38425366775
299,2019-12-04T00:00:00Z,9835.502827784027
300,2019-12-05T00:00:00Z,9831.014409854766
301,2019-12-06T00:00:00Z,9831.014409854766
302,2019-12-08T00:00:00Z,9831.014409854766
303,2019-12-09T00:00:00Z,9831.014409854766
304,2019-12-10T00:00:00Z,9831.014409854766
305,2019-12-11T00:00:00Z,9831.014409854766
306,2019-12-12T00:00:00Z,9806.041695854608
307,2019-12-13T00:00:00Z,9794.504674399994
308,2019-12-16T00:00:00Z,9773.126547533186
309,2019-12-17T00:00:00Z,9768.102267792647
310,2019-12-18T00:00:00Z,9745.252138066471
311,2019-12-19T00:00:00Z,9738.366311025402
312,2019-12-20T00:00:00Z,9738.366311025402
313,2019-12-22T00:00:00Z,9738.366311025402
314,2019-12-23T00:00:00Z,9742.148625540016
315,2019-12-24T00:00:00Z,9734.089339102109
316,2019-12-25T00:00:00Z,9712.505385611847
317,2019-12-26T00:00:00Z,9703.07251680132
318,2019-12-27T00:00:00Z,9703.07251680132
319,2019-12-29T00:00:00Z,9699.933955584404
320,2019-12-30T00:00:00Z,9690.098381424661
321,2019-12-31T00:00:00Z,9640.131494633113
322,2020-01-01T00:00:00Z,9654.732299328345
323,2020-01-02T00:00:00Z,9627.449369311527
324,2020-01-03T00:00:00Z,9618.56946277389
325,2020-01-05T00:00:00Z,9599.293197581233
326,2020-01-06T00:00:00Z,9590.023616312832
327,2020-01-07T00:00:00Z,9717.431800097134
328,2020-01-08T00:00:00Z,9708.92202920486
329,2020-01-09T00:00:00Z,9708.92202920486
330,2020-01-10T00:00:00Z,9708.92202920486
331,2020-01-12T00:00:00Z,9708.92202920486
332,2020-01-13T00:00:00Z,9708.92202920486
333,2020-01-14T00:00:00Z,9708.92202920486
334,2020-01-15T00:00:00Z,9708.92202920486
335,2020-01-16T00:00:00Z,9708.92202920486
336,2020-01-17T00:00:00Z,9708.92202920486
337,2020-01-19T00:00:00Z,9708.92202920486
338,2020-01-20T00:00:00Z,9708.92202920486
339,2020-01-21T00:00:00Z,9721.187508178693
340,2020-01-22T00:00:00Z,9717.49345752502
341,2020-01-23T00:00:00Z,9731.674451632809
342,2020-01-24T00:00:00Z,9728.196884416257
343,2020-01-26T00:00:00Z,9728.196884416257
344,2020-01-27T00:00:00Z,9728.196884416257
345,2020-01-28T00:00:00Z,9728.196884416257
346,2020-01-29T00:00:00Z,9728.196884416257
347,2020-01-30T00:00:00Z,9711.972569536514
348,2020-01-31T00:00:00Z,9706.919325964845
349,2020-02-02T00:00:00Z,9697.198214311959
350,2020-02-03T00:00:00Z,9692.748879983243
351,2020-02-04T00:00:00Z,9675.621727646285
352,2020-02-05T00:00:00Z,9672.305933406045
353,2020-02-06T00:00:00Z,9672.305933406045
354,2020-02-07T00:00:00Z,9672.305933406045
355,2020-02-09T00:00:00Z,9672.305933406045
356,2020-02-10T00:00:00Z,9672.305933406045
357,2020-02-11T00:00:00Z,9672.305933406045
358,2020-02-12T00:00:00Z,9723.669692858099
359,2020-02-13T00:00:00Z,9720.265979902564
360,2020-02-14T00:00:00Z,9720.265979902564
361,2020-02-16T00:00:00Z,9720.265979902564
362,2020-02-17T00:00:00Z,9720.265979902564
363,2020-02-18T00:00:00Z,9720.265979902564
364,2020-02-19T00:00:00Z,9720.265979902564
365,2020-02-20T00:00:00Z,9720.265979902564
366,2020-02-21T00:00:00Z,9720.265979902564
367,2020-02-23T00:00:00Z,9720.265979902564
368,2020-02-24T00:00:00Z,9720.265979902564
369,2020-02-25T00:00:00Z,9720.265979902564
370,2020-02-26T00:00:00Z,9720.265979902564
371,2020-02-27T00:00:00Z,9620.859503422487
372,2020-02-28T00:00:00Z,9522.71507079853
373,2020-03-01T00:00:00Z,9529.794641688517
374,2020-03-02T00:00:00Z,9527.341447310991
375,2020-03-03T00:00:00Z,9527.341447310991
376,2020-03-04T00:00:00Z,9527.341447310991
377,2020-03-05T00:00:00Z,9527.341447310991
378,2020-03-06T00:00:00Z,9527.341447310991
379,2020-03-08T00:00:00Z,9527.341447310991
380,2020-03-09T00:00:00Z,9528.09812313838
381,2020-03-10T00:00:00Z,9525.620660755581
382,2020-03-11T00:00:00Z,9540.450023451242
383,2020-03-12T00:00:00Z,9539.041201401373
384,2020-03-13T00:00:00Z,9505.112782508135
385,2020-03-15T00:00:00Z,9515.300271165604
386,2020-03-16T00:00:00Z,9515.300271165604
387,2020-03-17T00:00:00Z,9515.300271165604
388,2020-03-18T00:00:00Z,9515.300271165604
389,2020-03-19T00:00:00Z,9478.80548854308
390,2020-03-20T00:00:00Z,9478.23151042977
391,2020-03-22T00:00:00Z,9487.275273402829
392,2020-03-23T00:00:00Z,9486.488192151091
393,2020-03-24T00:00:00Z,9488.464444109988
394,2020-03-25T00:00:00Z,9487.859792583207
395,2020-03-26T00:00:00Z,9505.97526744774
396,2020-03-27T00:00:00Z,9504.996107854253
397,2020-03-29T00:00:00Z,9504.216824490126
398,2020-03-30T00:00:00Z,9503.265152167673
399,2020-03-31T00:00:00Z,9506.096885762872
400,2020-04-01T00:00:00Z,9505.44679545332
401,2020-04-02T00:00:00Z,9505.44679545332
402,2020-04-03T00:00:00Z,9505.44679545332
403,2020-04-05T00:00:00Z,9505.44679545332
404,2020-04-06T00:00:00Z,9491.56334736955
405,2020-04-07T00:00:00Z,9490.328444060204
406,2020-04-08T00:00:00Z,9449.797370423712
407,2020-04-09T00:00:00Z,9447.840674446188
408,2020-04-12T00:00:00Z,9456.355602936977
409,2020-04-13T00:00:00Z,9455.155384060252
410,2020-04-14T00:00:00Z,9495.098377571416
411,2020-04-15T00:00:00Z,9493.957112346327
412,2020-04-16T00:00:00Z,9493.957112346327
413,2020-04-17T00:00:00Z,9456.816263158456
414,2020-04-19T00:00:00Z,9590.2008032381
415,2020-04-20T00:00:00Z,9590.2008032381
416,2020-04-21T00:00:00Z,9590.2008032381
417,2020-04-22T00:00:00Z,9582.082422217096
418,2020-04-23T00:00:00Z,9581.588485525222
419,2020-04-24T00:00:00Z,9583.787360098642
420,2020-04-26T00:00:00Z,9588.423651726436
421,2020-04-27T00:00:00Z,9653.272681181195
422,2020-04-28T00:00:00Z,9652.619867994206
423,2020-04-29T00:00:00Z,9611.772598655278
424,2020-04-30T00:00:00Z,9611.639067920021
425,2020-05-01T00:00:00Z,9611.639067920021
426,2020-05-03T00:00:00Z,9611.639067920021
427,2020-05-04T00:00:00Z,9572.128249078069
428,2020-05-05T00:00:00Z,9571.323095787
429,2020-05-06T00:00:00Z,9597.928517919843
430,2020-05-07T00:00:00Z,9596.77769710682
431,2020-05-08T00:00:00Z,9596.77769710682
432,2020-05-10T00:00:00Z,9596.77769710682
433,2020-05-11T00:00:00Z,9596.77769710682
434,2020-05-12T00:00:00Z,9596.77769710682
435,2020-05-13T00:00:00Z,9596.77769710682
436,2020-05-14T00:00:00Z,9549.320771830924
437,2020-05-15T00:00:00Z,9547.527700839546
438,2020-05-17T00:00:00Z,9532.482510680533
439,2020-05-18T00:00:00Z,9530.984690340822
440,2020-05-19T00:00:00Z,9556.325827946577
441,2020-05-20T00:00:00Z,9554.652560104654
442,2020-05-21T00:00:00Z,9540.94005612995
443,2020-05-22T00:00:00Z,9539.113345010468
444,2020-05-24T00:00:00Z,9548.54338765008
445,2020-05-25T00:00:00Z,9546.245468486828
446,2020-05-26T00:00:00Z,9539.471765895334
447,2020-05-27T00:00:00Z,9536.493249801917
448,2020-05-28T00:00:00Z,9536.493249801917
449,2020-05-29T00:00:00Z,9536.493249801917
450,2020-05-31T00:00:00Z,9536.493249801917
451,2020-06-01T00:00:00Z,9528.540888911735
452,2020-06-02T00:00:00Z,9526.43798513171
453,2020-06-03T00:00:00Z,9526.43798513171
454,2020-06-04T00:00:00Z,9526.43798513171
455,2020-06-05T00:00:00Z,9526.43798513171
456,2020-06-07T00:00:00Z,9526.43798513171
457,2020-06-08T00:00:00Z,9579.27939534764
458,2020-06-09T00:00:00Z,9577.32901078455
459,2020-06-10T00:00:00Z,9577.32901078455
460,2020-06-11T00:00:00Z,9577.32901078455
461,2020-06-12T00:00:00Z,9599.386796939722
462,2020-06-14T00:00:00Z,9576.845519152424
463,2020-06-15T00:00:00Z,9623.007389264616
464,2020-06-16T00:00:00Z,9620.848863562269
465,2020-06-17T00:00:00Z,9620.848863562269
466,2020-06-18T00:00:00Z,9620.848863562269
467,2020-06-19T00:00:00Z,9620.848863562269
468,2020-06-21T00:00:00Z,9620.848863562269
469,2020-06-22T00:00:00Z,9620.848863562269
470,2020-06-23T00:00:00Z,9620.848863562269
471,2020-06-24T00:00:00Z,9620.848863562269
472,2020-06-25T00:00:00Z,9620.848863562269
473,2020-06-26T00:00:00Z,9620.848863562269
474,2020-06-28T00:00:00Z,9620.848863562269
475,2020-06-29T00:00:00Z,9620.848863562269
476,2020-06-30T00:00:00Z,9620.848863562269
477,2020-07-01T00:00:00Z,9621.364237435642
478,2020-07-02T00:00:00Z,9618.260522508705
479,2020-07-03T00:00:00Z,9618.260522508705
480,2020-07-05T00:00:00Z,9618.260522508705
481,2020-07-06T00:00:00Z,9618.260522508705
482,2020-07-07T00:00:00Z,9618.260522508705
483,2020-07-08T00:00:00Z,9618.260522508705
484,2020-07-09T00:00:00Z,9618.260522508705
485,2020-07-10T00:00:00Z,9658.197986093968
486,2020-07-12T00:00:00Z,9649.064683802215
487,2020-07-13T00:00:00Z,9649.064683802215
488,2020-07-14T00:00:00Z,9695.007301368973
489,2020-07-15T00:00:00Z,9690.845708703428
490,2020-07-16T00:00:00Z,9690.845708703428
491,2020-07-17T00:00:00Z,9690.845708703428
492,2020-07-19T00:00:00Z,9690.845708703428
493,2020-07-20T00:00:00Z,9690.845708703428
494,2020-07-21T00:00:00Z,9690.845708703428
495,2020-07-22T00:00:00Z,9690.845708703428
496,2020-07-23T00:00:00Z,9690.845708703428
497,2020-07-24T00:00:00Z,9690.845708703428
498,2020-07-26T00:00:00Z,9672.973469230066
499,2020-07-27T00:00:00Z,9668.787619426876
500,2020-07-28T00:00:00Z,9668.787619426876
501,2020-07-29T00:00:00Z,9668.787619426876
502,2020-07-30T00:00:00Z,9569.545042933987
503,2020-07-31T00:00:00Z,9573.345664350409
504,2020-08-02T00:00:00Z,9562.427749888235
505,2020-08-03T00:00:00Z,9587.660147981489
506,2020-08-04T00:00:00Z,9584.25552225873
507,2020-08-05T00:00:00Z,9584.25552225873
508,2020-08-06T00:00:00Z,9584.25552225873
509,2020-08-07T00:00:00Z,9604.302085365383
510,2020-08-09T00:00:00Z,9609.051269853133
511,2020-08-10T00:00:00Z,9609.051269853133
512,2020-08-11T00:00:00Z,9628.932254295185
513,2020-08-12T00:00:00Z,9624.681534591029
514,2020-08-13T00:00:00Z,9624.681534591029
515,2020-08-14T00:00:00Z,9624.681534591029
516,2020-08-16T00:00:00Z,9624.681534591029
517,2020-08-17T00:00:00Z,9624.681534591029
518,2020-08-18T00:00:00Z,9624.681534591029
519,2020-08-19T00:00:00Z,9624.681534591029
520,2020-08-20T00:00:00Z,9624.681534591029
521,2020-08-21T00:00:00Z,9624.681534591029
522,2020-08-23T00:00:00Z,9624.681534591029
523,2020-08-24T00:00:00Z,9624.681534591029
524,2020-08-25T00:00:00Z,9624.681534591029
525,2020-08-26T00:00:00Z,9624.681534591029
526,2020-08-27T00:00:00Z,9624.681534591029
527,2020-08-28T00:00:00Z,9624.681534591029
528,2020-08-30T00:00:00Z,9624.681534591029
529,2020-08-31T00:00:00Z,9624.681534591029
530,2020-09-01T00:00:00Z,9624.681534591029
531,2020-09-02T00:00:00Z,9624.681534591029
532,2020-09-03T00:00:00Z,9525.55851012228
533,2020-09-04T00:00:00Z,9427.653413279288
534,2020-09-06T00:00:00Z,9388.492235437172
535,2020-09-07T00:00:00Z,9384.879942420737
536,2020-09-08T00:00:00Z,9288.67881331427
537,2020-09-09T00:00:00Z,9193.893647809233
538,2020-09-10T00:00:00Z,9193.893647809233
539,2020-09-11T00:00:00Z,9193.893647809233
540,2020-09-13T00:00:00Z,9193.893647809233
541,2020-09-14T00:00:00Z,9193.893647809233
542,2020-09-15T00:00:00Z,9193.893647809233
543,2020-09-16T00:00:00Z,9193.893647809233
544,2020-09-17T00:00:00Z,9163.612933587781
545,2020-09-18T00:00:00Z,9161.324759716446
546,2020-09-20T00:00:00Z,9159.069133773608
547,2020-09-21T00:00:00Z,9156.014469254726
548,2020-09-22T00:00:00Z,9162.952316958552
549,2020-09-23T00:00:00Z,9159.819667094394
550,2020-09-24T00:00:00Z,9159.819667094394
551,2020-09-25T00:00:00Z,9159.819667094394
552,2020-09-27T00:00:00Z,9159.819667094394
553,2020-09-28T00:00:00Z,9159.819667094394
554,2020-09-29T00:00:00Z,9159.819667094394
555,2020-09-30T00:00:00Z,9159.819667094394
556,2020-10-01T00:00:00Z,9159.819667094394
557,2020-10-02T00:00:00Z,9095.607415544388
558,2020-10-04T00:00:00Z,9096.829482265095
559,2020-10-05T00:00:00Z,9178.836457143501
560,2020-10-06T00:00:00Z,9175.546753752755
561,2020-10-07T00:00:00Z,9181.287239819405
562,2020-10-08T00:00:00Z,9177.927996473296
563,2020-10-09T00:00:00Z,9202.781459194683
564,2020-10-11T00:00:00Z,9209.972890291809
565,2020-10-12T00:00:00Z,9234.413815015865
566,2020-10-13T00:00:00Z,9231.136581598079
567,2020-10-14T00:00:00Z,9231.136581598079
568,2020-10-15T00:00:00Z,9231.136581598079
569,2020-10-16T00:00:00Z,9231.136581598079
570,2020-10-18T00:00:00Z,9231.136581598079
571,2020-10-19T00:00:00Z,9231.136581598079
572,2020-10-20T00:00:00Z,9231.136581598079
573,2020-10-21T00:00:00Z,9231.136581598079
574,2020-10-22T00:00:00Z,9231.136581598079
575,2020-10-23T00:00:00Z,9231.136581598079
576,2020-10-25T00:00:00Z,9231.136581598079
577,2020-10-26T00:00:00Z,9231.136581598079
578,2020-10-27T00:00:00Z,9240.044113527345
579,2020-10-28T00:00:00Z,9236.672033220468
580,2020-10-29T00:00:00Z,9142.517907397438
581,2020-10-30T00:00:00Z,9120.975537059383
582,2020-11-01T00:00:00Z,9070.474644564576
583,2020-11-02T00:00:00Z,9201.49596737008
584,2020-11-03T00:00:00Z,9198.418935721402
585,2020-11-04T00:00:00Z,9198.418935721402
586,2020-11-05T00:00:00Z,9216.043555038432
587,2020-11-06T00:00:00Z,9213.56433511289
588,2020-11-08T00:00:00Z,9192.054789025886
589,2020-11-09T00:00:00Z,9189.177909628408
590,2020-11-10T00:00:00Z,9122.62725263887
591,2020-11-11T00:00:00Z,9120.080965510628
592,2020-11-12T00:00:00Z,9141.591315745069
593,2020-11-13T00:00:00Z,9139.325708824375
594,2020-11-15T00:00:00Z,9131.094029684316
595,2020-11-16T00:00:00Z,9128.736720727264
596,2020-11-17T00:00:00Z,9130.482333949209
597,2020-11-18T00:00:00Z,9127.919378645109
598,2020-11-19T00:00:00Z,9127.919378645109
599,2020-11-20T00:00:00Z,9127.919378645109
600,2020-11-22T00:00:00Z,9127.919378645109
601,2020-11-23T00:00:00Z,9093.88337953608
602,2020-11-24T00:00:00Z,9090.795362724222
603,2020-11-25T00:00:00Z,9128.281684890506
604,2020-11-26T00:00:00Z,9124.788634846916
605,2020-11-27T00:00:00Z,9124.788634846916
606,2020-11-29T00:00:00Z,9124.788634846916
607,2020-11-30T00:00:00Z,9124.788634846916
608,2020-12-01T00:00:00Z,9124.788634846916
609,2020-12-02T00:00:00Z,9156.30576034881
610,2020-12-03T00:00:00Z,9152.246124932586
611,2020-12-04T00:00:00Z,9166.641653041463
612,2020-12-06T00:00:00Z,9168.862432989528
613,2020-12-07T00:00:00Z,9168.862432989528
614,2020-12-08T00:00:00Z,9159.512507749378
615,2020-12-09T00:00:00Z,9155.27016072865
616,2020-12-10T00:00:00Z,9219.70752784417
617,2020-12-11T00:00:00Z,9215.549763689512
618,2020-12-13T00:00:00Z,9211.760048503686
619,2020-12-14T00:00:00Z,9207.971932773438
620,2020-12-15T00:00:00Z,9234.219544191792
621,2020-12-16T00:00:00Z,9229.211669784876
622,2020-12-17T00:00:00Z,9229.211669784876
623,2020-12-18T00:00:00Z,9229.211669784876
624,2020-12-20T00:00:00Z,9229.211669784876
625,2020-12-21T00:00:00Z,9229.211669784876
626,2020-12-22T00:00:00Z,9171.072324856978
627,2020-12-23T00:00:00Z,9166.292654250912
628,2020-12-24T00:00:00Z,9171.750029162991
629,2020-12-27T00:00:00Z,9150.154727566969
630,2020-12-28T00:00:00Z,9150.154727566969
631,2020-12-29T00:00:00Z,9150.154727566969
632,2020-12-30T00:00:00Z,9150.154727566969
633,2020-12-31T00:00:00Z,9150.154727566969
634,2021-01-03T00:00:00Z,9150.154727566969
635,2021-01-04T00:00:00Z,9150.154727566969
636,2021-01-05T00:00:00Z,9263.58900064141
637,2021-01-06T00:00:00Z,9259.157095171133
638,2021-01-07T00:00:00Z,9259.157095171133
639,2021-01-08T00:00:00Z,9259.157095171133
640,2021-01-10T00:00:00Z,9267.855011665719
641,2021-01-11T00:00:00Z,9264.154671292557
642,2021-01-12T00:00:00Z,9196.093115684653
643,2021-01-13T00:00:00Z,9191.310898611653
644,2021-01-14T00:00:00Z,9137.531971551603
645,2021-01-15T00:00:00Z,9132.99423341958
646,2021-01-17T00:00:00Z,9132.99423341958
647,2021-01-18T00:00:00Z,9132.99423341958
648,2021-01-19T00:00:00Z,9132.99423341958
649,2021-01-20T00:00:00Z,9132.99423341958
650,2021-01-21T00:00:00Z,9131.352351295674
651,2021-01-22T00:00:00Z,9126.850573261378
652,2021-01-24T00:00:00Z,9130.444465876582
653,2021-01-25T00:00:00Z,9124.881875846375
654,2021-01-26T00:00:00Z,9124.881875846375
655,2021-01-27T00:00:00Z,9124.881875846375
656,2021-01-28T00:00:00Z,9124.881875846375
657,2021-01-29T00:00:00Z,9115.986942277352
658,2021-01-31T00:00:00Z,9100.038735812555
659,2021-02-01T00:00:00Z,9189.238188704156
660,2021-02-02T00:00:00Z,9183.669265662118
661,2021-02-03T00:00:00Z,9183.669265662118
662,2021-02-04T00:00:00Z,9144.842756859476
663,2021-02-05T00:00:00Z,9139.666935531479
664,2021-02-07T00:00:00Z,9119.655235448623
665,2021-02-08T00:00:00Z,9114.475224788326
666,2021-02-09T00:00:00Z,9114.475224788326
667,2021-02-10T00:00:00Z,9114.475224788326
668,2021-02-11T00:00:00Z,9114.475224788326
669,2021-02-12T00:00:00Z,9114.475224788326
670,2021-02-14T00:00:00Z,9114.475224788326
671,2021-02-15T00:00:00Z,9114.475224788326
672,2021-02-16T00:00:00Z,9114.475224788326
673,2021-02-17T00:00:00Z,9114.475224788326
674,2021-02-18T00:00:00Z,9114.475224788326
675,2021-02-19T00:00:00Z,9114.475224788326
676,2021-02-21T00:00:00Z,9130.043068231407
677,2021-02-22T00:00:00Z,9124.745731724557
678,2021-02-23T00:00:00Z,9124.745731724557
679,2021-02-24T00:00:00Z,9031.0581138434
680,2021-02-25T00:00:00Z,9023.188644429954
681,2021-02-26T00:00:00Z,9019.256636375705
682,2021-02-28T00:00:00Z,9019.256636375705
683,2021-03-01T00:00:00Z,9019.256636375705
684,2021-03-02T00:00:00Z,9019.256636375705
685,2021-03-03T00:00:00Z,9058.291623946076
686,2021-03-04T00:00:00Z,9054.886642694722
687,2021-03-05T00:00:00Z,8996.38150688801
688,2021-03-07T00:00:00Z,8956.956170551195
689,2021-03-08T00:00:00Z,9016.492806494303
690,2021-03-09T00:00:00Z,9013.388065728926
691,2021-03-10T00:00:00Z,8992.573388919476
692,2021-03-11T00:00:00Z,8989.767182206006
693,2021-03-12T00:00:00Z,8995.709465654672
694,2021-03-14T00:00:00Z,8989.311279363737
695,2021-03-15T00:00:00Z,9004.280329908228
696,2021-03-16T00:00:00Z,9001.35107242669
697,2021-03-17T00:00:00Z,9006.549523936012
698,2021-03-18T00:00:00Z,9005.669669203042
699,2021-03-19T00:00:00Z,9005.669669203042
700,2021-03-21T00:00:00Z,9005.669669203042
701,2021-03-22T00:00:00Z,9005.669669203042
702,2021-03-23T00:00:00Z,9005.669669203042
703,2021-03-24T00:00:00Z,9005.669669203042
704,2021-03-25T00:00:00Z,9005.669669203042
705,2021-03-26T00:00:00Z,9005.669669203042
706,2021-03-28T00:00:00Z,9005.669669203042
707,2021-03-29T00:00:00Z,8968.243754353465
708,2021-03-30T00:00:00Z,8965.500598032486
709,2021-03-31T00:00:00Z,8982.455363210516
710,2021-04-01T00:00:00Z,8980.078095214209
711,2021-04-02T00:00:00Z,8980.078095214209
712,2021-04-04T00:00:00Z,8980.078095214209
713,2021-04-05T00:00:00Z,8980.078095214209
714,2021-04-06T00:00:00Z,8980.078095214209
715,2021-04-07T00:00:00Z,8988.656162522379
716,2021-04-08T00:00:00Z,8985.99305183035
717,2021-04-09T00:00:00Z,8985.99305183035
718,2021-04-11T00:00:00Z,8985.99305183035
719,2021-04-12T00:00:00Z,8985.99305183035
720,2021-04-13T00:00:00Z,9009.581647864794
721,2021-04-14T00:00:00Z,9005.416000061452
722,2021-04-15T00:00:00Z,9005.416000061452
723,2021-04-16T00:00:00Z,9005.416000061452
724,2021-04-18T00:00:00Z,9005.416000061452
725,2021-04-19T00:00:00Z,9005.416000061452
726,2021-04-20T00:00:00Z,9005.416000061452
727,2021-04-21T00:00:00Z,9005.416000061452
728,2021-04-22T00:00:00Z,9030.210580639316
729,2021-04-23T00:00:00Z,9024.96239076899
730,2021-04-25T00:00:00Z,9011.686856488683
731,2021-04-26T00:00:00Z,9007.330892055079
732,2021-04-27T00:00:00Z,9044.216642557647
733,2021-04-28T00:00:00Z,9039.363819299602
734,2021-04-29T00:00:00Z,9075.385625826446
735,2021-04-30T00:00:00Z,9069.782336188924
736,2021-05-02T00:00:00Z,9069.782336188924
737,2021-05-03T00:00:00Z,9105.82377556456
738,2021-05-04T00:00:00Z,9099.802520476933
739,2021-05-05T00:00:00Z,9099.802520476933
740,2021-05-06T00:00:00Z,9086.828628780298
741,2021-05-07T00:00:00Z,9082.839030521332
742,2021-05-09T00:00:00Z,9086.951286315842
743,2021-05-10T00:00:00Z,9082.161315439815
744,2021-05-11T00:00:00Z,9101.253479197248
745,2021-05-12T00:00:00Z,9096.423230720195
746,2021-05-13T00:00:00Z,9002.898027892863
747,2021-05-14T00:00:00Z,9060.46285391875
748,2021-05-16T00:00:00Z,9053.33477609919
749,2021-05-17T00:00:00Z,9081.242206029323
750,2021-05-18T00:00:00Z,9076.396069431077
751,2021-05-19T00:00:00Z,8983.381047174322
752,2021-05-20T00:00:00Z,8938.696709071684
753,2021-05-21T00:00:00Z,8934.488646416612
754,2021-05-23T00:00:00Z,8926.579057335759
755,2021-05-24T00:00:00Z,8922.780644032406
756,2021-05-25T00:00:00Z,8916.337300250976
757,2021-05-26T00:00:00Z,8912.743072694953
758,2021-05-27T00:00:00Z,8912.743072694953
759,2021-05-28T00:00:00Z,8912.743072694953
760,2021-05-30T00:00:00Z,8912.743072694953
761,2021-05-31T00:00:00Z,8912.743072694953
762,2021-06-01T00:00:00Z,8912.743072694953
763,2021-06-02T00:00:00Z,8912.743072694953
764,2021-06-03T00:00:00Z,8912.743072694953
765,2021-06-04T00:00:00Z,8912.743072694953
766,2021-06-06T00:00:00Z,8912.743072694953
767,2021-06-07T00:00:00Z,8912.743072694953
768,2021-06-08T00:00:00Z,8952.042580991936
769,2021-06-09T00:00:00Z,8946.581011916523
770,2021-06-10T00:00:00Z,8963.311160886198
771,2021-06-11T00:00:00Z,8957.403770901365
772,2021-06-13T00:00:00Z,8960.098946344688
773,2021-06-14T00:00:00Z,8954.077782083534
774,2021-06-15T00:00:00Z,9017.252456744764
775,2021-06-16T00:00:00Z,9010.385392326416
776,2021-06-17T00:00:00Z,8976.21620377833
777,2021-06-18T00:00:00Z,8970.17282183963
778,2021-06-20T00:00:00Z,8976.06091044961
779,2021-06-21T00:00:00Z,8969.575820025915
780,2021-06-22T00:00:00Z,8955.493131391671
781,2021-06-23T00:00:00Z,8951.526991352988
782,2021-06-24T00:00:00Z,8950.137829838059
783,2021-06-25T00:00:00Z,8945.152496104203
784,2021-06-27T00:00:00Z,8944.906197906259
785,2021-06-28T00:00:00Z,8940.184469634349
786,2021-06-29T00:00:00Z,8960.174775317118
787,2021-06-30T00:00:00Z,8954.247834146949
788,2021-07-01T00:00:00Z,9010.607267301873
789,2021-07-02T00:00:00Z,9005.091771808242
790,2021-07-04T00:00:00Z,9000.123592226053
791,2021-07-05T00:00:00Z,8995.158918059537
792,2021-07-06T00:00:00Z,8901.879917902514
793,2021-07-07T00:00:00Z,8810.20168087858
794,2021-07-08T00:00:00Z,8843.780336070467
795,2021-07-09T00:00:00Z,8839.147902070012
796,2021-07-12T00:00:00Z,8821.83789283852
797,2021-07-13T00:00:00Z,8816.261700821902
798,2021-07-14T00:00:00Z,8816.261700821902
799,2021-07-15T00:00:00Z,8816.261700821902
800,2021-07-16T00:00:00Z,8815.372822717516
801,2021-07-18T00:00:00Z,8790.964561544022
802,2021-07-19T00:00:00Z,8701.098736850947
803,2021-07-20T00:00:00Z,8701.098736850947
804,2021-07-21T00:00:00Z,8701.098736850947
805,2021-07-22T00:00:00Z,8730.517083163204
806,2021-07-23T00:00:00Z,8727.826765080277
807,2021-07-25T00:00:00Z,8727.826765080277
808,2021-07-26T00:00:00Z,8727.826765080277
809,2021-07-27T00:00:00Z,8727.826765080277
810,2021-07-28T00:00:00Z,8727.826765080277
811,2021-07-29T00:00:00Z,8727.826765080277
812,2021-07-30T00:00:00Z,8727.826765080277
813,2021-08-01T00:00:00Z,8727.649050561397
814,2021-08-02T00:00:00Z,8723.733205768134
815,2021-08-03T00:00:00Z,8723.733205768134
816,2021-08-04T00:00:00Z,8723.733205768134
817,2021-08-05T00:00:00Z,8750.109397935104
818,2021-08-06T00:00:00Z,8746.310700309597
819,2021-08-08T00:00:00Z,8736.85667272143
820,2021-08-09T00:00:00Z,8732.744358705711
821,2021-08-10T00:00:00Z,8732.744358705711
822,2021-08-11T00:00:00Z,8732.744358705711
823,2021-08-12T00:00:00Z,8732.744358705711
824,2021-08-13T00:00:00Z,8732.744358705711
825,2021-08-15T00:00:00Z,8732.744358705711
826,2021-08-16T00:00:00Z,8713.641809717576
827,2021-08-17T00:00:00Z,8709.676593549491
828,2021-08-18T00:00:00Z,8654.003123475153
829,2021-08-19T00:00:00Z,8650.77189840441
830,2021-08-20T00:00:00Z,8595.339663376786
831,2021-08-22T00:00:00Z,8594.518947454731
832,2021-08-23T00:00:00Z,8692.751048459511
833,2021-08-24T00:00:00Z,8689.18698947642
834,2021-08-25T00:00:00Z,8689.18698947642
835,2021-08-26T00:00:00Z,8690.458096872655
836,2021-08-27T00:00:00Z,8686.718175250313
837,2021-08-29T00:00:00Z,8689.957752076707
838,2021-08-30T00:00:00Z,8685.48579698633
839,2021-08-31T00:00:00Z,8701.93601234969
840,2021-09-01T00:00:00Z,8698.147797830437
841,2021-09-02T00:00:00Z,8698.147797830437
842,2021-09-03T00:00:00Z,8698.147797830437
843,2021-09-05T00:00:00Z,8698.147797830437
844,2021-09-06T00:00:00Z,8698.147797830437
845,2021-09-07T00:00:00Z,8698.147797830437
846,2021-09-08T00:00:00Z,8698.147797830437
847,2021-09-09T00:00:00Z,8698.147797830437
848,2021-09-10T00:00:00Z,8698.147797830437
849,2021-09-12T00:00:00Z,8698.147797830437
850,2021-09-13T00:00:00Z,8698.147797830437
851,2021-09-14T00:00:00Z,8698.147797830437
852,2021-09-15T00:00:00Z,8698.147797830437
853,2021-09-16T00:00:00Z,8698.147797830437
854,2021-09-17T00:00:00Z,8698.147797830437
855,2021-09-19T00:00:00Z,8698.147797830437
856,2021-09-20T00:00:00Z,8698.147797830437
857,2021-09-21T00:00:00Z,8698.147797830437
858,2021-09-22T00:00:00Z,8739.216070807011
859,2021-09-23T00:00:00Z,8734.295238077526
860,2021-09-24T00:00:00Z,8754.803596729582
861,2021-09-26T00:00:00Z,8769.441452414512
862,2021-09-27T00:00:00Z,8769.441452414512
863,2021-09-28T00:00:00Z,8769.441452414512
864,2021-09-29T00:00:00Z,8769.441452414512
865,2021-09-30T00:00:00Z,8785.78042092916
866,2021-10-01T00:00:00Z,8780.80911688919
867,2021-10-03T00:00:00Z,8769.083421474877
868,2021-10-04T00:00:00Z,8765.324088801786
869,2021-10-05T00:00:00Z,8809.170731541952
870,2021-10-06T00:00:00Z,8805.002995220091
871,2021-10-07T00:00:00Z,8805.002995220091
872,2021-10-08T00:00:00Z,8805.002995220091
873,2021-10-10T00:00:00Z,8805.002995220091
874,2021-10-11T00:00:00Z,8805.002995220091
875,2021-10-12T00:00:00Z,8798.453624654416
876,2021-10-13T00:00:00Z,8795.103218211943
877,2021-10-14T00:00:00Z,8815.42358460891
878,2021-10-15T00:00:00Z,8811.671546161488
879,2021-10-17T00:00:00Z,8811.671546161488
880,2021-10-18T00:00:00Z,8811.671546161488
881,2021-10-19T00:00:00Z,8811.671546161488
882,2021-10-20T00:00:00Z,8841.9324161516
883,2021-10-21T00:00:00Z,8836.480860185537
884,2021-10-22T00:00:00Z,8836.480860185537
885,2021-10-24T00:00:00Z,8840.022916433778
886,2021-10-25T00:00:00Z,8835.834616169966
887,2021-10-26T00:00:00Z,8844.783936783399
888,2021-10-27T00:00:00Z,8840.75161154662
889,2021-10-28T00:00:00Z,8852.577715367697
890,2021-10-29T00:00:00Z,8847.518027638323
891,2021-10-31T00:00:00Z,8836.846822153131
892,2021-11-01T00:00:00Z,8832.898843808636
893,2021-11-02T00:00:00Z,8800.979030032955
894,2021-11-03T00:00:00Z,8796.74580322612
895,2021-11-04T00:00:00Z,8776.58129754224
896,2021-11-05T00:00:00Z,8773.165797375435
897,2021-11-07T00:00:00Z,8779.93623419308
898,2021-11-08T00:00:00Z,8776.288500755018
899,2021-11-09T00:00:00Z,8844.55519951986
900,2021-11-10T00:00:00Z,8840.326924264114
901,2021-11-11T00:00:00Z,8840.326924264114
902,2021-11-12T00:00:00Z,8840.326924264114
903,2021-11-14T00:00:00Z,8840.326924264114
904,2021-11-15T00:00:00Z,8840.326924264114
905,2021-11-16T00:00:00Z,8840.326924264114
906,2021-11-17T00:00:00Z,8840.326924264114
907,2021-11-18T00:00:00Z,8840.326924264114
908,2021-11-19T00:00:00Z,8840.326924264114
909,2021-11-21T00:00:00Z,8840.326924264114
910,2021-11-22T00:00:00Z,8840.326924264114
911,2021-11-23T00:00:00Z,8840.326924264114
912,2021-11-24T00:00:00Z,8839.7595023236
913,2021-11-25T00:00:00Z,8836.402772594387
914,2021-11-26T00:00:00Z,9085.543119575961
915,2021-11-28T00:00:00Z,9049.24723315929
916,2021-11-29T00:00:00Z,9058.64113346856
917,2021-11-30T00:00:00Z,9055.75949881474
918,2021-12-01T00:00:00Z,9066.053742825989
919,2021-12-02T00:00:00Z,9063.967794399085
920,2021-12-03T00:00:00Z,9079.950905458683
921,2021-12-05T00:00:00Z,9066.012358219794
922,2021-12-06T00:00:00Z,9066.012358219794
923,2021-12-07T00:00:00Z,9029.932653580834
924,2021-12-08T00:00:00Z,9027.927659623583
925,2021-12-09T00:00:00Z,9057.85034975433
926,2021-12-10T00:00:00Z,9056.128742325069
927,2021-12-12T00:00:00Z,9047.072035705969
928,2021-12-13T00:00:00Z,9045.149179919168
929,2021-12-14T00:00:00Z,9060.803647355968
930,2021-12-15T00:00:00Z,9058.025758026317
931,2021-12-16T00:00:00Z,9058.025758026317
932,2021-12-17T00:00:00Z,9058.025758026317
933,2021-12-19T00:00:00Z,9058.025758026317
934,2021-12-20T00:00:00Z,9058.025758026317
935,2021-12-21T00:00:00Z,9058.025758026317
936,2021-12-22T00:00:00Z,9058.025758026317
937,2021-12-23T00:00:00Z,9058.025758026317
938,2021-12-26T00:00:00Z,9056.242462565473
939,2021-12-27T00:00:00Z,9052.813367596036
940,2021-12-28T00:00:00Z,9040.723643026458
941,2021-12-29T00:00:00Z,9037.361677587633
942,2021-12-30T00:00:00Z,9037.361677587633
943,2021-12-31T00:00:00Z,9037.361677587633
944,2022-01-02T00:00:00Z,9030.314429172055
945,2022-01-03T00:00:00Z,9026.662946899523
946,2022-01-04T00:00:00Z,9026.662946899523
947,2022-01-05T00:00:00Z,9026.662946899523
948,2022-01-06T00:00:00Z,9026.662946899523
949,2022-01-07T00:00:00Z,9026.662946899523
950,2022-01-09T00:00:00Z,9026.662946899523
951,2022-01-10T00:00:00Z,9026.662946899523
952,2022-01-11T00:00:00Z,9026.662946899523
953,2022-01-12T00:00:00Z,9026.662946899523
954,2022-01-13T00:00:00Z,9026.662946899523
955,2022-01-14T00:00:00Z,9026.662946899523
956,2022-01-16T00:00:00Z,9026.662946899523
957,2022-01-17T00:00:00Z,9026.662946899523
958,2022-01-18T00:00:00Z,9026.662946899523
959,2022-01-19T00:00:00Z,9026.662946899523
960,2022-01-20T00:00:00Z,9026.662946899523
961,2022-01-21T00:00:00Z,9044.353447743088
962,2022-01-23T00:00:00Z,9044.283731816262
963,2022-01-24T00:00:00Z,9044.283731816262
964,2022-01-25T00:00:00Z,9044.283731816262
965,2022-01-26T00:00:00Z,9095.87143984
966,2022-01-27T00:00:00Z,9091.900864452753
967,2022-01-28T00:00:00Z,9091.900864452753
968,2022-01-30T00:00:00Z,9091.900864452753
969,2022-01-31T00:00:00Z,9091.900864452753
970,2022-02-01T00:00:00Z,9091.900864452753
971,2022-02-02T00:00:00Z,9091.900864452753
972,2022-02-03T00:00:00Z,9091.900864452753
973,2022-02-04T00:00:00Z,9091.900864452753
974,2022-02-06T00:00:00Z,9091.900864452753
975,2022-02-07T00:00:00Z,9091.900864452753
976,2022-02-08T00:00:00Z,9091.900864452753
977,2022-02-09T00:00:00Z,9091.900864452753
978,2022-02-10T00:00:00Z,9091.900864452753
979,2022-02-11T00:00:00Z,9091.900864452753
980,2022-02-13T00:00:00Z,9091.900864452753
981,2022-02-14T00:00:00Z,9091.900864452753
982,2022-02-15T00:00:00Z,9091.900864452753
983,2022-02-16T00:00:00Z,9062.208355488832
984,2022-02-17T00:00:00Z,9058.927156057853
985,2022-02-18T00:00:00Z,9055.289446916422
986,2022-02-20T00:00:00Z,9047.474319247189
987,2022-02-21T00:00:00Z,9047.474319247189
988,2022-02-22T00:00:00Z,9047.474319247189
989,2022-02-23T00:00:00Z,9047.474319247189
990,2022-02-24T00:00:00Z,9047.474319247189
991,2022-02-25T00:00:00Z,9006.183257065419
992,2022-02-27T00:00:00Z,9046.435832049878
993,2022-02-28T00:00:00Z,9046.435832049878
994,2022-03-01T00:00:00Z,8954.521524508087
995,2022-03-02T00:00:00Z,8897.611395466625
996,2022-03-03T00:00:00Z,8895.384991432533
997,2022-03-04T00:00:00Z,8827.448340932426
998,2022-03-06T00:00:00Z,8761.250430795513
999,2022-03-07T00:00:00Z,8811.623072880328
1000,2022-03-08T00:00:00Z,8809.905955352224
1001,2022-03-09T00:00:00Z,8915.552004013663
1002,2022-03-10T00:00:00Z,8914.233392236114
1003,2022-03-11T00:00:00Z,8902.2013440144
1004,2022-03-13T00:00:00Z,8915.867733305045
1005,2022-03-14T00:00:00Z,8951.022033621211
1006,2022-03-15T00:00:00Z,8950.16425691408
1007,2022-03-16T00:00:00Z,8946.856887669874
1008,2022-03-17T00:00:00Z,8946.24809078987
1009,2022-03-18T00:00:00Z,8946.24809078987
1010,2022-03-20T00:00:00Z,8946.24809078987
1011,2022-03-21T00:00:00Z,8946.24809078987
1012,2022-03-22T00:00:00Z,8946.24809078987
1013,2022-03-23T00:00:00Z,8946.24809078987
1014,2022-03-24T00:00:00Z,8963.876153319237
1015,2022-03-25T00:00:00Z,8962.568764807227
1016,2022-03-27T00:00:00Z,8982.070790168222
1017,2022-03-28T00:00:00Z,8980.318365773184
1018,2022-03-29T00:00:00Z,8956.25309422578
1019,2022-03-30T00:00:00Z,8955.397315493969
1020,2022-03-31T00:00:00Z,8955.397315493969
1021,2022-04-01T00:00:00Z,8969.038125763103
1022,2022-04-03T00:00:00Z,8971.433910539337
1023,2022-04-04T00:00:00Z,8971.433910539337
1024,2022-04-05T00:00:00Z,8971.433910539337
1025,2022-04-06T00:00:00Z,8971.433910539337
1026,2022-04-07T00:00:00Z,8971.433910539337
1027,2022-04-08T00:00:00Z,8971.433910539337
1028,2022-04-10T00:00:00Z,8971.433910539337
1029,2022-04-11T00:00:00Z,8971.433910539337
1030,2022-04-12T00:00:00Z,8971.433910539337
1031,2022-04-13T00:00:00Z,8971.433910539337
1032,2022-04-14T00:00:00Z,8971.433910539337
1033,2022-04-17T00:00:00Z,8971.433910539337
1034,2022-04-18T00:00:00Z,8971.433910539337
1035,2022-04-19T00:00:00Z,9024.00697969099
1036,2022-04-20T00:00:00Z,9022.801226092228
1037,2022-04-21T00:00:00Z,9022.801226092228
1038,2022-04-22T00:00:00Z,9022.801226092228
1039,2022-04-24T00:00:00Z,9022.801226092228
1040,2022-04-25T00:00:00Z,9022.801226092228
1041,2022-04-26T00:00:00Z,9022.801226092228
1042,2022-04-27T00:00:00Z,9022.801226092228
1043,2022-04-28T00:00:00Z,9022.801226092228
1044,2022-04-29T00:00:00Z,9022.801226092228
1045,2022-05-01T00:00:00Z,9022.801226092228
1046,2022-05-02T00:00:00Z,9022.801226092228
1047,2022-05-03T00:00:00Z,9022.801226092228
1048,2022-05-04T00:00:00Z,9022.801226092228
1049,2022-05-05T00:00:00Z,9022.801226092228
1050,2022-05-06T00:00:00Z,9022.801226092228
1051,2022-05-08T00:00:00Z,9022.801226092228
1052,2022-05-09T00:00:00Z,9022.801226092228
1053,2022-05-10T00:00:00Z,8966.643093244333
1054,2022-05-11T00:00:00Z,8964.264849151825
1055,2022-05-12T00:00:00Z,8977.048284124694
1056,2022-05-13T00:00:00Z,8974.760421920899
1057,2022-05-15T00:00:00Z,8978.723673014505
1058,2022-05-16T00:00:00Z,8976.514620350032
1059,2022-05-17T00:00:00Z,8976.514620350032
1060,2022-05-18T00:00:00Z,8909.903949278372
1061,2022-05-19T00:00:00Z,8907.781644797742
1062,2022-05-20T00:00:00Z,8918.572089921729
1063,2022-05-22T00:00:00Z,8919.697661215494
1064,2022-05-23T00:00:00Z,8909.828047768671
1065,2022-05-24T00:00:00Z,8907.961308115257
1066,2022-05-25T00:00:00Z,8907.961308115257
1067,2022-05-26T00:00:00Z,8951.084400109554
1068,2022-05-27T00:00:00Z,8948.263749297477
1069,2022-05-29T00:00:00Z,8955.268816549948
1070,2022-05-30T00:00:00Z,8952.198966705115
1071,2022-05-31T00:00:00Z,8904.601529472682
1072,2022-06-01T00:00:00Z,8901.703525872043
1073,2022-06-02T00:00:00Z,8964.545616171803
1074,2022-06-03T00:00:00Z,8961.44775700339
1075,2022-06-05T00:00:00Z,8949.322808322811
1076,2022-06-06T00:00:00Z,8946.149382137444
1077,2022-06-07T00:00:00Z,8951.615023299191
1078,2022-06-08T00:00:00Z,8948.219952510746
1079,2022-06-09T00:00:00Z,8931.023337027023
1080,2022-06-10T00:00:00Z,8927.631385998666
1081,2022-06-12T00:00:00Z,8901.660314170473
1082,2022-06-13T00:00:00Z,8898.581556059691
1083,2022-06-14T00:00:00Z,8864.138361390975
1084,2022-06-15T00:00:00Z,8861.550100031882
1085,2022-06-16T00:00:00Z,8866.276873185487
1086,2022-06-17T00:00:00Z,8863.408023208183
1087,2022-06-19T00:00:00Z,8863.952599534123
1088,2022-06-20T00:00:00Z,8861.500229703166
1089,2022-06-21T00:00:00Z,8863.451403706747
1090,2022-06-22T00:00:00Z,8860.951467940122
1091,2022-06-23T00:00:00Z,8864.925912530922
1092,2022-06-24T00:00:00Z,8862.115587848542
1093,2022-06-26T00:00:00Z,8850.310121030237
1094,2022-06-27T00:00:00Z,8848.210809473554
1095,2022-06-28T00:00:00Z,8865.889276617378
1096,2022-06-29T00:00:00Z,8863.437648263302
1097,2022-06-30T00:00:00Z,8863.437648263302
1098,2022-07-01T00:00:00Z,8863.437648263302
1099,2022-07-03T00:00:00Z,8852.978933688477
1100,2022-07-04T00:00:00Z,8850.557039026053
1101,2022-07-05T00:00:00Z,8760.33197609894
1102,2022-07-06T00:00:00Z,8719.444139482292
1103,2022-07-07T00:00:00Z,8717.247342628854
1104,2022-07-08T00:00:00Z,8737.500109482413
1105,2022-07-10T00:00:00Z,8735.288424795534
1106,2022-07-11T00:00:00Z,8735.288424795534
1107,2022-07-12T00:00:00Z,8735.288424795534
1108,2022-07-13T00:00:00Z,8735.288424795534
1109,2022-07-14T00:00:00Z,8735.288424795534
1110,2022-07-15T00:00:00Z,8735.288424795534
1111,2022-07-17T00:00:00Z,8732.55016677844
1112,2022-07-18T00:00:00Z,8730.881954004248
1113,2022-07-19T00:00:00Z,8730.881954004248
1114,2022-07-20T00:00:00Z,8730.881954004248
1115,2022-07-21T00:00:00Z,8730.881954004248
1116,2022-07-22T00:00:00Z,8730.881954004248
1117,2022-07-24T00:00:00Z,8728.722808487775
1118,2022-07-25T00:00:00Z,8726.808759272828
1119,2022-07-26T00:00:00Z,8715.266981083732
1120,2022-07-27T00:00:00Z,8712.981242026359
1121,2022-07-28T00:00:00Z,8712.981242026359
1122,2022-07-29T00:00:00Z,8712.981242026359
1123,2022-07-31T00:00:00Z,8712.981242026359
1124,2022-08-01T00:00:00Z,8712.981242026359
1125,2022-08-02T00:00:00Z,8712.981242026359
1126,2022-08-03T00:00:00Z,8712.981242026359
1127,2022-08-04T00:00:00Z,8712.981242026359
1128,2022-08-05T00:00:00Z,8717.333825820664
1129,2022-08-07T00:00:00Z,8714.546896459024
1130,2022-08-08T00:00:00Z,8748.85671951496
1131,2022-08-09T00:00:00Z,8747.2681016368
1132,2022-08-10T00:00:00Z,8747.2681016368
1133,2022-08-11T00:00:00Z,8747.2681016368
1134,2022-08-12T00:00:00Z,8747.2681016368
1135,2022-08-14T00:00:00Z,8747.2681016368
1136,2022-08-15T00:00:00Z,8747.2681016368
1137,2022-08-16T00:00:00Z,8747.2681016368
1138,2022-08-17T00:00:00Z,8754.954145313086
1139,2022-08-18T00:00:00Z,8752.765437987671
1140,2022-08-19T00:00:00Z,8752.765437987671
1141,2022-08-21T00:00:00Z,8752.765437987671
1142,2022-08-22T00:00:00Z,8752.765437987671
1143,2022-08-23T00:00:00Z,8752.765437987671
1144,2022-08-24T00:00:00Z,8725.282675433762
1145,2022-08-25T00:00:00Z,8722.708708529055
1146,2022-08-26T00:00:00Z,8719.141426853601
1147,2022-08-28T00:00:00Z,8722.402750463181
1148,2022-08-29T00:00:00Z,8722.402750463181
1149,2022-08-30T00:00:00Z,8722.402750463181
1150,2022-08-31T00:00:00Z,8722.402750463181
1151,2022-09-01T00:00:00Z,8722.402750463181
1152,2022-09-02T00:00:00Z,8718.556475298376
1153,2022-09-04T00:00:00Z,8720.090886789209
1154,2022-09-05T00:00:00Z,8729.688367590485
1155,2022-09-06T00:00:00Z,8727.631917067085
1156,2022-09-07T00:00:00Z,8638.92570609116
1157,2022-09-08T00:00:00Z,8638.92570609116
1158,2022-09-09T00:00:00Z,8687.740328721777
1159,2022-09-11T00:00:00Z,8689.480809385592
1160,2022-09-12T00:00:00Z,8689.480809385592
1161,2022-09-13T00:00:00Z,8689.480809385592
1162,2022-09-14T00:00:00Z,8689.480809385592
1163,2022-09-15T00:00:00Z,8689.480809385592
1164,2022-09-16T00:00:00Z,8689.480809385592
1165,2022-09-18T00:00:00Z,8692.721772079458
1166,2022-09-19T00:00:00Z,8690.425588915792
1167,2022-09-20T00:00:00Z,8662.341704093775
1168,2022-09-21T00:00:00Z,8659.791845340202
1169,2022-09-22T00:00:00Z,8669.294721817128
1170,2022-09-23T00:00:00Z,8665.958962051684
1171,2022-09-25T00:00:00Z,8665.958962051684
1172,2022-09-26T00:00:00Z,8613.205650344202
1173,2022-09-27T00:00:00Z,8610.915820922342
1174,2022-09-28T00:00:00Z,8662.871096859797
1175,2022-09-29T00:00:00Z,8660.396268297704
1176,2022-09-30T00:00:00Z,8625.002152368827
1177,2022-10-02T00:00:00Z,8652.257221442991
1178,2022-10-03T00:00:00Z,8673.330687214599
1179,2022-10-04T00:00:00Z,8671.012349260429
1180,2022-10-05T00:00:00Z,8671.012349260429
1181,2022-10-06T00:00:00Z,8654.44408023555
1182,2022-10-07T00:00:00Z,8651.281403212657
1183,2022-10-09T00:00:00Z,8655.542026824665
1184,2022-10-10T00:00:00Z,8652.973939370368
1185,2022-10-11T00:00:00Z,8652.973939370368
1186,2022-10-12T00:00:00Z,8676.416422364464
1187,2022-10-13T00:00:00Z,8673.673623338662
1188,2022-10-14T00:00:00Z,8673.673623338662
1189,2022-10-16T00:00:00Z,8673.673623338662
1190,2022-10-17T00:00:00Z,8673.673623338662
1191,2022-10-18T00:00:00Z,8637.326955020077
1192,2022-10-19T00:00:00Z,8633.38624590385
1193,2022-10-20T00:00:00Z,8627.600038472707
1194,2022-10-21T00:00:00Z,8625.232251258563
1195,2022-10-23T00:00:00Z,8626.463588865376
1196,2022-10-24T00:00:00Z,8623.845348798055
1197,2022-10-25T00:00:00Z,8620.795469470768
1198,2022-10-26T00:00:00Z,8618.148033256428
1199,2022-10-27T00:00:00Z,8622.64678695789
1200,2022-10-28T00:00:00Z,8619.721721070191
1201,2022-10-30T00:00:00Z,8614.577110249224
1202,2022-10-31T00:00:00Z,8611.433956871557
1203,2022-11-01T00:00:00Z,8666.027798154331
1204,2022-11-02T00:00:00Z,8662.883092102249
1205,2022-11-03T00:00:00Z,8640.314731969022
1206,2022-11-04T00:00:00Z,8637.393736956876
1207,2022-11-06T00:00:00Z,8637.393736956876
1208,2022-11-07T00:00:00Z,8637.393736956876
1209,2022-11-08T00:00:00Z,8572.149028609867
1210,2022-11-09T00:00:00Z,8568.475587687728
1211,2022-11-10T00:00:00Z,8568.475587687728
1212,2022-11-11T00:00:00Z,8617.11218236631
1213,2022-11-13T00:00:00Z,8613.963244417506
1214,2022-11-14T00:00:00Z,8613.963244417506
1215,2022-11-15T00:00:00Z,8613.963244417506
1216,2022-11-16T00:00:00Z,8613.963244417506
1217,2022-11-17T00:00:00Z,8613.963244417506
1218,2022-11-18T00:00:00Z,8613.963244417506
1219,2022-11-20T00:00:00Z,8613.963244417506
1220,2022-11-21T00:00:00Z,8613.963244417506
1221,2022-11-22T00:00:00Z,8613.963244417506
1222,2022-11-23T00:00:00Z,8613.963244417506
1223,2022-11-24T00:00:00Z,8613.963244417506
1224,2022-11-25T00:00:00Z,8613.963244417506
1225,2022-11-27T00:00:00Z,8613.963244417506
1226,2022-11-28T00:00:00Z,8613.963244417506
1227,2022-11-29T00:00:00Z,8613.963244417506
1228,2022-11-30T00:00:00Z,8613.963244417506
1229,2022-12-01T00:00:00Z,8598.214682469863
1230,2022-12-02T00:00:00Z,8596.030409659568
1231,2022-12-04T00:00:00Z,8574.619556632717
1232,2022-12-05T00:00:00Z,8572.169882691582
1233,2022-12-06T00:00:00Z,8624.561850726717
1234,2022-12-07T00:00:00Z,8622.181091096389
1235,2022-12-08T00:00:00Z,8622.181091096389
1236,2022-12-09T00:00:00Z,8610.26784773002
1237,2022-12-11T00:00:00Z,8613.316521637253
1238,2022-12-12T00:00:00Z,8639.190916434633
1239,2022-12-13T00:00:00Z,8636.724763789876
1240,2022-12-14T00:00:00Z,8636.724763789876
1241,2022-12-15T00:00:00Z,8616.364393343903
1242,2022-12-16T00:00:00Z,8613.878753440647
1243,2022-12-18T00:00:00Z,8622.59321577486
1244,2022-12-19T00:00:00Z,8620.29197008218
1245,2022-12-20T00:00:00Z,8623.192255850574
1246,2022-12-21T00:00:00Z,8620.713537186071
1247,2022-12-22T00:00:00Z,8620.713537186071
1248,2022-12-23T00:00:00Z,8620.713537186071
1249,2022-12-26T00:00:00Z,8582.623432719634
1250,2022-12-27T00:00:00Z,8579.65937822105
1251,2022-12-28T00:00:00Z,8604.046834066667
1252,2022-12-29T00:00:00Z,8600.885338511198
1253,2022-12-30T00:00:00Z,8600.885338511198
1254,2023-01-02T00:00:00Z,8600.885338511198
1255,2023-01-03T00:00:00Z,8600.885338511198
1256,2023-01-04T00:00:00Z,8600.885338511198
1257,2023-01-05T00:00:00Z,8611.5851908121
1258,2023-01-06T00:00:00Z,8608.688100700045
1259,2023-01-08T00:00:00Z,8612.770520097365
1260,2023-01-09T00:00:00Z,8609.977279109591
1261,2023-01-10T00:00:00Z,8604.39845449212
1262,2023-01-11T00:00:00Z,8601.414077630969
1263,2023-01-12T00:00:00Z,8601.414077630969
1264,2023-01-13T00:00:00Z,8601.414077630969
1265,2023-01-15T00:00:00Z,8601.414077630969
1266,2023-01-16T00:00:00Z,8623.275627432255
1267,2023-01-17T00:00:00Z,8620.024100634773
1268,2023-01-18T00:00:00Z,8620.024100634773
1269,2023-01-19T00:00:00Z,8620.024100634773
1270,2023-01-20T00:00:00Z,8620.024100634773
1271,2023-01-22T00:00:00Z,8620.024100634773
1272,2023-01-23T00:00:00Z,8605.777976833722
1273,2023-01-24T00:00:00Z,8601.914595419368
1274,2023-01-25T00:00:00Z,8601.914595419368
1275,2023-01-26T00:00:00Z,8601.914595419368
1276,2023-01-27T00:00:00Z,8601.914595419368
1277,2023-01-29T00:00:00Z,8607.00155180373
1278,2023-01-30T00:00:00Z,8603.276604011124
1279,2023-01-31T00:00:00Z,8603.276604011124
1280,2023-02-01T00:00:00Z,8603.276604011124
1281,2023-02-02T00:00:00Z,8603.276604011124
1282,2023-02-03T00:00:00Z,8532.771463835878
1283,2023-02-05T00:00:00Z,8533.136574187829
1284,2023-02-06T00:00:00Z,8555.86803492277
1285,2023-02-07T00:00:00Z,8552.719474373454
1286,2023-02-08T00:00:00Z,8552.719474373454
1287,2023-02-09T00:00:00Z,8552.719474373454
1288,2023-02-10T00:00:00Z,8552.719474373454
1289,2023-02-12T00:00:00Z,8559.780547751374
1290,2023-02-13T00:00:00Z,8556.77848251915
1291,2023-02-14T00:00:00Z,8563.268764990431
1292,2023-02-15T00:00:00Z,8560.020068120793
1293,2023-02-16T00:00:00Z,8560.020068120793
1294,2023-02-17T00:00:00Z,8594.379177809304
1295,2023-02-19T00:00:00Z,8579.917182498282
1296,2023-02-20T00:00:00Z,8579.917182498282
1297,2023-02-21T00:00:00Z,8579.917182498282
1298,2023-02-22T00:00:00Z,8579.917182498282
1299,2023-02-23T00:00:00Z,8624.37833463196
1300,2023-02-24T00:00:00Z,8620.705256125872
1301,2023-02-26T00:00:00Z,8615.514255656097
1302,2023-02-27T00:00:00Z,8611.481625724711
1303,2023-02-28T00:00:00Z,8637.097656167993
1304,2023-03-01T00:00:00Z,8632.891894899578
1305,2023-03-02T00:00:00Z,8637.794629842152
1306,2023-03-03T00:00:00Z,8633.716967453109
1307,2023-03-05T00:00:00Z,8633.716967453109
1308,2023-03-06T00:00:00Z,8633.716967453109
1309,2023-03-07T00:00:00Z,8633.716967453109
1310,2023-03-08T00:00:00Z,8633.716967453109
1311,2023-03-09T00:00:00Z,8633.716967453109
1312,2023-03-10T00:00:00Z,8662.641243535474
1313,2023-03-12T00:00:00Z,8660.752488953904
1314,2023-03-13T00:00:00Z,8572.008636805349
1315,2023-03-14T00:00:00Z,8484.406444382284
1316,2023-03-15T00:00:00Z,8397.972293489926
1317,2023-03-16T00:00:00Z,8397.972293489926
1318,2023-03-17T00:00:00Z,8357.196159858973
1319,2023-03-19T00:00:00Z,8362.987223475408
1320,2023-03-20T00:00:00Z,8367.512069897863
1321,2023-03-21T00:00:00Z,8365.439364782038
1322,2023-03-22T00:00:00Z,8365.439364782038
1323,2023-03-23T00:00:00Z,8372.271226095503
1324,2023-03-24T00:00:00Z,8370.23282149251
1325,2023-03-26T00:00:00Z,8370.23282149251
1326,2023-03-27T00:00:00Z,8370.23282149251
1327,2023-03-28T00:00:00Z,8370.23282149251
1328,2023-03-29T00:00:00Z,8382.443298002261
1329,2023-03-30T00:00:00Z,8380.347163970824
1330,2023-03-31T00:00:00Z,8352.480016114674
1331,2023-04-02T00:00:00Z,8239.839096107658
1332,2023-04-03T00:00:00Z,8238.514718649903
1333,2023-04-04T00:00:00Z,8235.578385362673
1334,2023-04-05T00:00:00Z,8241.1064241401
1335,2023-04-06T00:00:00Z,8238.258194943994
1336,2023-04-09T00:00:00Z,8238.258194943994
1337,2023-04-10T00:00:00Z,8238.258194943994
1338,2023-04-11T00:00:00Z,8238.258194943994
1339,2023-04-12T00:00:00Z,8238.258194943994
1340,2023-04-13T00:00:00Z,8238.258194943994
1341,2023-04-14T00:00:00Z,8238.258194943994
1342,2023-04-16T00:00:00Z,8238.258194943994
1343,2023-04-17T00:00:00Z,8281.628536826578
1344,2023-04-18T00:00:00Z,8277.956237185486
1345,2023-04-19T00:00:00Z,8277.956237185486
1346,2023-04-20T00:00:00Z,8277.956237185486
1347,2023-04-21T00:00:00Z,8277.956237185486
1348,2023-04-23T00:00:00Z,8270.749821589048
1349,2023-04-24T00:00:00Z,8266.273499055253
1350,2023-04-25T00:00:00Z,8216.397112670447
1351,2023-04-26T00:00:00Z,8212.95651204128
1352,2023-04-27T00:00:00Z,8219.924412837314
1353,2023-04-28T00:00:00Z,8216.284262918187
1354,2023-04-30T00:00:00Z,8199.825780572195
1355,2023-05-01T00:00:00Z,8196.097676526446
1356,2023-05-02T00:00:00Z,8196.097676526446
1357,2023-05-03T00:00:00Z,8196.097676526446
1358,2023-05-04T00:00:00Z,8196.097676526446
1359,2023-05-05T00:00:00Z,8196.097676526446
1360,2023-05-07T00:00:00Z,8196.097676526446
1361,2023-05-08T00:00:00Z,8196.097676526446
1362,2023-05-09T00:00:00Z,8180.790150566029
1363,2023-05-10T00:00:00Z,8178.005225078366
1364,2023-05-11T00:00:00Z,8204.97980680923
1365,2023-05-12T00:00:00Z,8202.783426326425
1366,2023-05-14T00:00:00Z,8200.5182984476
1367,2023-05-15T00:00:00Z,8198.045868682031
1368,2023-05-16T00:00:00Z,8198.045868682031
1369,2023-05-17T00:00:00Z,8198.045868682031
1370,2023-05-18T00:00:00Z,8198.045868682031
1371,2023-05-19T00:00:00Z,8202.206232382447
1372,2023-05-21T00:00:00Z,8194.356240524889
1373,2023-05-22T00:00:00Z,8194.356240524889
1374,2023-05-23T00:00:00Z,8194.356240524889
1375,2023-05-24T00:00:00Z,8194.356240524889
1376,2023-05-25T00:00:00Z,8260.919248387785
1377,2023-05-26T00:00:00Z,8257.3087375058
1378,2023-05-28T00:00:00Z,8254.544403424712
1379,2023-05-29T00:00:00Z,8250.904028121753
1380,2023-05-30T00:00:00Z,8250.904028121753
1381,2023-05-31T00:00:00Z,8250.904028121753
1382,2023-06-01T00:00:00Z,8250.904028121753
1383,2023-06-02T00:00:00Z,8285.754891500686
1384,2023-06-04T00:00:00Z,8331.590678646908
1385,2023-06-05T00:00:00Z,8331.590678646908
1386,2023-06-06T00:00:00Z,8331.590678646908
1387,2023-06-07T00:00:00Z,8331.590678646908
1388,2023-06-08T00:00:00Z,8331.590678646908
1389,2023-06-09T00:00:00Z,8331.590678646908
1390,2023-06-11T00:00:00Z,8331.590678646908
1391,2023-06-12T00:00:00Z,8331.590678646908
1392,2023-06-13T00:00:00Z,8371.02464848681
1393,2023-06-14T00:00:00Z,8368.276544929995
1394,2023-06-15T00:00:00Z,8410.149488449586
1395,2023-06-16T00:00:00Z,8407.783810509265
1396,2023-06-18T00:00:00Z,8407.783810509265
1397,2023-06-19T00:00:00Z,8407.783810509265
1398,2023-06-20T00:00:00Z,8394.628126587138
1399,2023-06-21T00:00:00Z,8392.023882101985
1400,2023-06-22T00:00:00Z,8471.215717947038
1401,2023-06-23T00:00:00Z,8467.861674651858
1402,2023-06-25T00:00:00Z,8467.861674651858
1403,2023-06-26T00:00:00Z,8467.861674651858
1404,2023-06-27T00:00:00Z,8420.371599187842
1405,2023-06-28T00:00:00Z,8417.615288164196
1406,2023-06-29T00:00:00Z,8425.923396984459
1407,2023-06-30T00:00:00Z,8422.46299298038
1408,2023-07-02T00:00:00Z,8422.46299298038
1409,2023-07-03T00:00:00Z,8407.960733036683
1410,2023-07-04T00:00:00Z,8403.866625428172
1411,2023-07-05T00:00:00Z,8403.866625428172
1412,2023-07-06T00:00:00Z,8403.866625428172
1413,2023-07-07T00:00:00Z,8403.866625428172
1414,2023-07-09T00:00:00Z,8403.866625428172
1415,2023-07-10T00:00:00Z,8403.866625428172
1416,2023-07-11T00:00:00Z,8403.866625428172
1417,2023-07-12T00:00:00Z,8403.866625428172
1418,2023-07-13T00:00:00Z,8445.528887907314
1419,2023-07-14T00:00:00Z,8441.309152501744
1420,2023-07-16T00:00:00Z,8432.558621030748
1421,2023-07-17T00:00:00Z,8427.896912542628
1422,2023-07-18T00:00:00Z,8478.321681073727
1423,2023-07-19T00:00:00Z,8473.9233504932
1424,2023-07-20T00:00:00Z,8490.877687862334
1425,2023-07-21T00:00:00Z,8485.72711371244
1426,2023-07-23T00:00:00Z,8471.04800886997
1427,2023-07-24T00:00:00Z,8466.81718361491
1428,2023-07-25T00:00:00Z,8477.876059373773
1429,2023-07-26T00:00:00Z,8473.20071517596
1430,2023-07-27T00:00:00Z,8489.433394408105
1431,2023-07-28T00:00:00Z,8484.949753819867
1432,2023-07-30T00:00:00Z,8484.949753819867
1433,2023-07-31T00:00:00Z,8484.949753819867
1434,2023-08-01T00:00:00Z,8484.949753819867
1435,2023-08-02T00:00:00Z,8484.949753819867
1436,2023-08-03T00:00:00Z,8484.949753819867
1437,2023-08-04T00:00:00Z,8453.769943885143
1438,2023-08-06T00:00:00Z,8434.644563030504
1439,2023-08-07T00:00:00Z,8448.26735066346
1440,2023-08-08T00:00:00Z,8443.668231915044
1441,2023-08-09T00:00:00Z,8396.15703685284
1442,2023-08-10T00:00:00Z,8392.573946887893
1443,2023-08-11T00:00:00Z,8392.573946887893
1444,2023-08-13T00:00:00Z,8392.573946887893
1445,2023-08-14T00:00:00Z,8392.573946887893
1446,2023-08-15T00:00:00Z,8346.812430554673
1447,2023-08-16T00:00:00Z,8342.896144562697
1448,2023-08-17T00:00:00Z,8364.738720068894
1449,2023-08-18T00:00:00Z,8360.988088273429
1450,2023-08-20T00:00:00Z,8356.474169436957
1451,2023-08-21T00:00:00Z,8352.253770468313
1452,2023-08-22T00:00:00Z,8333.545270689197
1453,2023-08-23T00:00:00Z,8329.320719614476
1454,2023-08-24T00:00:00Z,8335.001478745315
1455,2023-08-25T00:00:00Z,8330.95296766114
1456,2023-08-27T00:00:00Z,8328.23876476788
1457,2023-08-28T00:00:00Z,8324.251088810508
1458,2023-08-29T00:00:00Z,8365.091719452625
1459,2023-08-30T00:00:00Z,8360.639383368789
1460,2023-08-31T00:00:00Z,8360.639383368789
1461,2023-09-01T00:00:00Z,8360.639383368789
1462,2023-09-03T00:00:00Z,8360.639383368789
1463,2023-09-04T00:00:00Z,8360.639383368789
1464,2023-09-05T00:00:00Z,8360.639383368789
1465,2023-09-06T00:00:00Z,8360.639383368789
1466,2023-09-07T00:00:00Z,8360.639383368789
1467,2023-09-08T00:00:00Z,8360.639383368789
1468,2023-09-10T00:00:00Z,8360.639383368789
1469,2023-09-11T00:00:00Z,8360.639383368789
1470,2023-09-12T00:00:00Z,8412.712955546354
1471,2023-09-13T00:00:00Z,8407.138998699027
1472,2023-09-14T00:00:00Z,8465.033699502128
1473,2023-09-15T00:00:00Z,8459.123345811764
1474,2023-09-17T00:00:00Z,8449.363972344288
1475,2023-09-18T00:00:00Z,8443.98324032396
1476,2023-09-19T00:00:00Z,8424.79100371924
1477,2023-09-20T00:00:00Z,8418.134342222495
1478,2023-09-21T00:00:00Z,8418.134342222495
1479,2023-09-22T00:00:00Z,8432.840855317327
1480,2023-09-24T00:00:00Z,8424.993485598363
1481,2023-09-25T00:00:00Z,8389.435403448986
1482,2023-09-26T00:00:00Z,8384.327737216481
1483,2023-09-27T00:00:00Z,8481.108768281767
1484,2023-09-28T00:00:00Z,8475.968113186702
1485,2023-09-29T00:00:00Z,8445.206745497753
1486,2023-10-01T00:00:00Z,8449.549741681001
1487,2023-10-02T00:00:00Z,8375.905595245782
1488,2023-10-03T00:00:00Z,8371.556218153954
1489,2023-10-04T00:00:00Z,8371.556218153954
1490,2023-10-05T00:00:00Z,8371.556218153954
1491,2023-10-06T00:00:00Z,8371.556218153954
1492,2023-10-08T00:00:00Z,8371.556218153954
1493,2023-10-09T00:00:00Z,8371.556218153954
1494,2023-10-10T00:00:00Z,8371.556218153954
1495,2023-10-11T00:00:00Z,8371.556218153954
1496,2023-10-12T00:00:00Z,8371.556218153954
1497,2023-10-13T00:00:00Z,8371.556218153954
1498,2023-10-15T00:00:00Z,8360.847161083471
1499,2023-10-16T00:00:00Z,8358.102942172369
1500,2023-10-17T00:00:00Z,8358.102942172369
1501,2023-10-18T00:00:00Z,8358.102942172369
1502,2023-10-19T00:00:00Z,8314.01912490836
1503,2023-10-20T00:00:00Z,8312.071916636856
1504,2023-10-22T00:00:00Z,8315.606435357411
1505,2023-10-23T00:00:00Z,8312.610500718878
1506,2023-10-24T00:00:00Z,8361.05357056611
1507,2023-10-25T00:00:00Z,8358.532772769015
1508,2023-10-26T00:00:00Z,8387.53037795152
1509,2023-10-27T00:00:00Z,8384.635092763037
1510,2023-10-29T00:00:00Z,8384.635092763037
1511,2023-10-30T00:00:00Z,8384.635092763037
1512,2023-10-31T00:00:00Z,8384.635092763037
1513,2023-11-01T00:00:00Z,8390.461627959623
1514,2023-11-02T00:00:00Z,8387.551904736465
1515,2023-11-03T00:00:00Z,8387.551904736465
1516,2023-11-05T00:00:00Z,8387.551904736465
1517,2023-11-06T00:00:00Z,8387.551904736465
1518,2023-11-07T00:00:00Z,8387.551904736465
1519,2023-11-08T00:00:00Z,8387.551904736465
1520,2023-11-09T00:00:00Z,8387.551904736465
1521,2023-11-10T00:00:00Z,8387.551904736465
1522,2023-11-12T00:00:00Z,8385.748864798074
1523,2023-11-13T00:00:00Z,8382.824016067649
1524,2023-11-14T00:00:00Z,8382.824016067649
1525,2023-11-15T00:00:00Z,8382.824016067649
1526,2023-11-16T00:00:00Z,8382.824016067649
1527,2023-11-17T00:00:00Z,8382.824016067649
1528,2023-11-19T00:00:00Z,8388.647923688968
1529,2023-11-20T00:00:00Z,8385.417362332266
1530,2023-11-21T00:00:00Z,8385.417362332266
1531,2023-11-22T00:00:00Z,8385.417362332266
1532,2023-11-23T00:00:00Z,8385.417362332266
1533,2023-11-24T00:00:00Z,8354.192977002873
1534,2023-11-26T00:00:00Z,8358.699788668031
1535,2023-11-27T00:00:00Z,8342.116349226095
1536,2023-11-28T00:00:00Z,8338.746582909975
1537,2023-11-29T00:00:00Z,8361.210935226225
1538,2023-11-30T00:00:00Z,8357.929225270494
1539,2023-12-01T00:00:00Z,8357.929225270494
1540,2023-12-03T00:00:00Z,8361.430530059355
1541,2023-12-04T00:00:00Z,8358.294459085992
1542,2023-12-05T00:00:00Z,8324.349556186628
1543,2023-12-06T00:00:00Z,8321.071468796063
1544,2023-12-07T00:00:00Z,8325.226925904044
1545,2023-12-08T00:00:00Z,8322.315765003223
1546,2023-12-10T00:00:00Z,8323.545541141237
1547,2023-12-11T00:00:00Z,8319.939356077091
1548,2023-12-12T00:00:00Z,8234.848048877682
1549,2023-12-13T00:00:00Z,8260.890618885678
1550,2023-12-14T00:00:00Z,8258.006735897681
1551,2023-12-15T00:00:00Z,8260.317835037244
1552,2023-12-17T00:00:00Z,8270.888001451109
1553,2023-12-18T00:00:00Z,8274.880355481075
1554,2023-12-19T00:00:00Z,8271.491338184387
1555,2023-12-20T00:00:00Z,8271.491338184387
1556,2023-12-21T00:00:00Z,8271.491338184387
1557,2023-12-22T00:00:00Z,8258.397590534094
1558,2023-12-25T00:00:00Z,8263.333233298103
1559,2023-12-26T00:00:00Z,8263.333233298103
1560,2023-12-27T00:00:00Z,8263.333233298103
1561,2023-12-28T00:00:00Z,8208.750935969974
1562,2023-12-29T00:00:00Z,8205.320665389472
1563,2024-01-01T00:00:00Z,8219.375703565538
1564,2024-01-02T00:00:00Z,8215.838923405448
1565,2024-01-03T00:00:00Z,8282.129577851125
1566,2024-01-04T00:00:00Z,8278.73211153086
1567,2024-01-05T00:00:00Z,8315.249605658428
1568,2024-01-07T00:00:00Z,8305.55052098806
1569,2024-01-08T00:00:00Z,8220.54258915965
1570,2024-01-09T00:00:00Z,8253.152301414231
1571,2024-01-10T00:00:00Z,8250.059663084021
1572,2024-01-11T00:00:00Z,8250.059663084021
1573,2024-01-12T00:00:00Z,8250.059663084021
1574,2024-01-14T00:00:00Z,8250.059663084021
1575,2024-01-15T00:00:00Z,8250.059663084021
1576,2024-01-16T00:00:00Z,8250.059663084021
1577,2024-01-17T00:00:00Z,8250.059663084021
1578,2024-01-18T00:00:00Z,8250.059663084021
1579,2024-01-19T00:00:00Z,8250.059663084021
1580,2024-01-21T00:00:00Z,8250.059663084021
1581,2024-01-22T00:00:00Z,8250.059663084021
1582,2024-01-23T00:00:00Z,8250.059663084021
1583,2024-01-24T00:00:00Z,8271.668383933795
1584,2024-01-25T00:00:00Z,8268.386704888417
1585,2024-01-26T00:00:00Z,8268.386704888417
1586,2024-01-28T00:00:00Z,8268.386704888417
1587,2024-01-29T00:00:00Z,8268.386704888417
1588,2024-01-30T00:00:00Z,8268.386704888417
1589,2024-01-31T00:00:00Z,8268.386704888417
1590,2024-02-01T00:00:00Z,8220.254322444687
1591,2024-02-02T00:00:00Z,8216.797598633668
1592,2024-02-04T00:00:00Z,8213.350938427348
1593,2024-02-05T00:00:00Z,8209.907302677648
1594,2024-02-06T00:00:00Z,8227.072701503988
1595,2024-02-07T00:00:00Z,8223.696988256339
1596,2024-02-08T00:00:00Z,8289.29385926357
1597,2024-02-09T00:00:00Z,8285.651483211746
1598,2024-02-11T00:00:00Z,8288.434837393115
1599,2024-02-12T00:00:00Z,8284.852031123313
1600,2024-02-13T00:00:00Z,8305.538493990198
1601,2024-02-14T00:00:00Z,8301.531929523495
1602,2024-02-15T00:00:00Z,8346.094376552337
1603,2024-02-16T00:00:00Z,8342.142625018503
1604,2024-02-18T00:00:00Z,8342.142625018503
1605,2024-02-19T00:00:00Z,8336.155073902324
1606,2024-02-20T00:00:00Z,8331.815661741932
1607,2024-02-21T00:00:00Z,8356.392734952373
1608,2024-02-22T00:00:00Z,8351.940845307698
1609,2024-02-23T00:00:00Z,8351.940845307698
1610,2024-02-25T00:00:00Z,8340.708461430066
1611,2024-02-26T00:00:00Z,8336.549843468256
1612,2024-02-27T00:00:00Z,8358.798367932164
1613,2024-02-28T00:00:00Z,8354.179612687163
1614,2024-02-29T00:00:00Z,8353.456415466067
1615,2024-03-01T00:00:00Z,8349.154170155101
1616,2024-03-03T00:00:00Z,8336.377191011958
1617,2024-03-04T00:00:00Z,8332.019296005572
1618,2024-03-05T00:00:00Z,8311.008487245275
1619,2024-03-06T00:00:00Z,8306.241533704251
1620,2024-03-07T00:00:00Z,8306.445683996528
1621,2024-03-08T00:00:00Z,8302.164915822574
1622,2024-03-10T00:00:00Z,8295.82232197934
1623,2024-03-11T00:00:00Z,8291.685490785649
1624,2024-03-12T00:00:00Z,8284.151704857162
1625,2024-03-13T00:00:00Z,8279.677806068776
1626,2024-03-14T00:00:00Z,8279.677806068776
1627,2024-03-15T00:00:00Z,8279.677806068776
1628,2024-03-17T00:00:00Z,8279.677806068776
1629,2024-03-18T00:00:00Z,8279.677806068776
1630,2024-03-19T00:00:00Z,8279.677806068776
1631,2024-03-20T00:00:00Z,8279.677806068776
1632,2024-03-21T00:00:00Z,8279.677806068776
1633,2024-03-22T00:00:00Z,8279.677806068776
1634,2024-03-24T00:00:00Z,8279.677806068776
1635,2024-03-25T00:00:00Z,8279.677806068776
1636,2024-03-26T00:00:00Z,8279.677806068776
1637,2024-03-27T00:00:00Z,8279.677806068776
1638,2024-03-28T00:00:00Z,8279.677806068776
1639,2024-03-29T00:00:00Z,8279.677806068776
1640,2024-03-31T00:00:00Z,8279.677806068776
1641,2024-04-01T00:00:00Z,8279.677806068776
1642,2024-04-02T00:00:00Z,8279.677806068776
1643,2024-04-03T00:00:00Z,8279.677806068776
1644,2024-04-04T00:00:00Z,8279.677806068776
1645,2024-04-05T00:00:00Z,8279.677806068776
1646,2024-04-07T00:00:00Z,8279.677806068776
1647,2024-04-08T00:00:00Z,8279.677806068776
1648,2024-04-09T00:00:00Z,8279.677806068776
1649,2024-04-10T00:00:00Z,8279.677806068776
1650,2024-04-11T00:00:00Z,8279.677806068776
1651,2024-04-12T00:00:00Z,8279.677806068776
1652,2024-04-14T00:00:00Z,8279.677806068776
1653,2024-04-15T00:00:00Z,8279.677806068776
1654,2024-04-16T00:00:00Z,8279.677806068776
1655,2024-04-17T00:00:00Z,8279.677806068776
1656,2024-04-18T00:00:00Z,8279.677806068776
1657,2024-04-19T00:00:00Z,8294.417770440736
1658,2024-04-21T00:00:00Z,8251.278807647135
1659,2024-04-22T00:00:00Z,8251.9059933329
1660,2024-04-23T00:00:00Z,8248.269182484162
1661,2024-04-24T00:00:00Z,8224.75148375615
1662,2024-04-25T00:00:00Z,8220.288688083045
1663,2024-04-26T00:00:00Z,8220.288688083045
1664,2024-04-28T00:00:00Z,8220.288688083045
1665,2024-04-29T00:00:00Z,8234.799521969313
1666,2024-04-30T00:00:00Z,8230.68755288187
1667,2024-05-01T00:00:00Z,8290.463711384777
1668,2024-05-02T00:00:00Z,8286.627112945209
1669,2024-05-03T00:00:00Z,8286.627112945209
1670,2024-05-05T00:00:00Z,8286.627112945209
1671,2024-05-06T00:00:00Z,8286.627112945209
1672,2024-05-07T00:00:00Z,8286.627112945209
1673,2024-05-08T00:00:00Z,8286.627112945209
1674,2024-05-09T00:00:00Z,8286.627112945209
1675,2024-05-10T00:00:00Z,8286.627112945209
1676,2024-05-12T00:00:00Z,8286.627112945209
1677,2024-05-13T00:00:00Z,8321.347744967674
1678,2024-05-14T00:00:00Z,8316.181195104424
1679,2024-05-15T00:00:00Z,8316.181195104424
1680,2024-05-16T00:00:00Z,8316.181195104424
1681,2024-05-17T00:00:00Z,8316.181195104424
1682,2024-05-19T00:00:00Z,8316.181195104424
1683,2024-05-20T00:00:00Z,8316.181195104424
1684,2024-05-21T00:00:00Z,8316.181195104424
1685,2024-05-22T00:00:00Z,8316.181195104424
1686,2024-05-23T00:00:00Z,8316.181195104424
1687,2024-05-24T00:00:00Z,8316.181195104424
1688,2024-05-26T00:00:00Z,8316.181195104424
1689,2024-05-27T00:00:00Z,8316.181195104424
1690,2024-05-28T00:00:00Z,8316.181195104424
1691,2024-05-29T00:00:00Z,8316.181195104424
1692,2024-05-30T00:00:00Z,8316.181195104424
1693,2024-05-31T00:00:00Z,8316.181195104424
1694,2024-06-02T00:00:00Z,8316.181195104424
1695,2024-06-03T00:00:00Z,8316.181195104424
1696,2024-06-04T00:00:00Z,8316.181195104424
1697,2024-06-05T00:00:00Z,8316.181195104424
1698,2024-06-06T00:00:00Z,8316.181195104424
1699,2024-06-07T00:00:00Z,8316.181195104424
1700,2024-06-09T00:00:00Z,8316.181195104424
1701,2024-06-10T00:00:00Z,8316.181195104424
1702,2024-06-11T00:00:00Z,8316.181195104424
1703,2024-06-12T00:00:00Z,8316.181195104424
1704,2024-06-13T00:00:00Z,8316.181195104424
1705,2024-06-14T00:00:00Z,8316.181195104424
1706,2024-06-16T00:00:00Z,8316.181195104424
1707,2024-06-17T00:00:00Z,8316.181195104424
1708,2024-06-18T00:00:00Z,8316.181195104424
1709,2024-06-19T00:00:00Z,8316.181195104424
1710,2024-06-20T00:00:00Z,8316.181195104424
1711,2024-06-21T00:00:00Z,8316.181195104424
1712,2024-06-23T00:00:00Z,8316.181195104424
1713,2024-06-24T00:00:00Z,8316.181195104424
1714,2024-06-25T00:00:00Z,8316.181195104424
1715,2024-06-26T00:00:00Z,8316.181195104424
1716,2024-06-27T00:00:00Z,8316.181195104424
1717,2024-06-28T00:00:00Z,8316.181195104424
1718,2024-06-30T00:00:00Z,8316.181195104424
1719,2024-07-01T00:00:00Z,8316.181195104424
1720,2024-07-02T00:00:00Z,8316.181195104424
1721,2024-07-03T00:00:00Z,8316.181195104424
1722,2024-07-04T00:00:00Z,8316.181195104424
1723,2024-07-05T00:00:00Z,8316.181195104424
1724,2024-07-07T00:00:00Z,8316.181195104424
1725,2024-07-08T00:00:00Z,8316.181195104424
1726,2024-07-09T00:00:00Z,8316.181195104424
1727,2024-07-10T00:00:00Z,8316.181195104424
1728,2024-07-11T00:00:00Z,8316.181195104424
1729,2024-07-12T00:00:00Z,8316.181195104424
1730,2024-07-14T00:00:00Z,8316.181195104424
1731,2024-07-15T00:00:00Z,8316.181195104424
1732,2024-07-16T00:00:00Z,8316.181195104424
1733,2024-07-17T00:00:00Z,8316.181195104424
1734,2024-07-18T00:00:00Z,8316.181195104424
1735,2024-07-19T00:00:00Z,8316.181195104424
1736,2024-07-21T00:00:00Z,8316.181195104424
1737,2024-07-22T00:00:00Z,8316.181195104424
1738,2024-07-23T00:00:00Z,8316.181195104424
1739,2024-07-24T00:00:00Z,8316.181195104424
1740,2024-07-25T00:00:00Z,8316.181195104424
1741,2024-07-26T00:00:00Z,8316.181195104424
1742,2024-07-28T00:00:00Z,8316.181195104424
1743,2024-07-29T00:00:00Z,8316.181195104424
1744,2024-07-30T00:00:00Z,8316.181195104424
1745,2024-07-31T00:00:00Z,8316.181195104424
1746,2024-08-01T00:00:00Z,8316.181195104424
1747,2024-08-02T00:00:00Z,8316.181195104424
1748,2024-08-04T00:00:00Z,8316.181195104424
1749,2024-08-05T00:00:00Z,8316.181195104424
1750,2024-08-06T00:00:00Z,8316.181195104424
1751,2024-08-07T00:00:00Z,8316.181195104424
1752,2024-08-08T00:00:00Z,8316.181195104424
1753,2024-08-09T00:00:00Z,8316.181195104424
1754,2024-08-11T00:00:00Z,8316.181195104424
1755,2024-08-12T00:00:00Z,8316.181195104424
1756,2024-08-13T00:00:00Z,8316.181195104424
1757,2024-08-14T00:00:00Z,8316.181195104424
1758,2024-08-15T00:00:00Z,8316.181195104424
1759,2024-08-16T00:00:00Z,8316.181195104424
1760,2024-08-18T00:00:00Z,8316.181195104424
1761,2024-08-19T00:00:00Z,8316.181195104424
1762,2024-08-20T00:00:00Z,8316.181195104424
1763,2024-08-21T00:00:00Z,8316.181195104424
1764,2024-08-22T00:00:00Z,8316.181195104424
1765,2024-08-23T00:00:00Z,8316.181195104424
1766,2024-08-25T00:00:00Z,8316.181195104424
1767,2024-08-26T00:00:00Z,8316.181195104424
1768,2024-08-27T00:00:00Z,8316.181195104424
1769,2024-08-28T00:00:00Z,8316.181195104424
1770,2024-08-29T00:00:00Z,8316.181195104424
1771,2024-08-30T00:00:00Z,8316.181195104424
1772,2024-09-01T00:00:00Z,8316.181195104424
1773,2024-09-02T00:00:00Z,8316.181195104424
1774,2024-09-03T00:00:00Z,8316.181195104424
1775,2024-09-04T00:00:00Z,8316.181195104424
1776,2024-09-05T00:00:00Z,8316.181195104424
1777,2024-09-06T00:00:00Z,8316.181195104424
1778,2024-09-08T00:00:00Z,8316.181195104424
1779,2024-09-09T00:00:00Z,8316.181195104424
1780,2024-09-10T00:00:00Z,8316.181195104424
1781,2024-09-11T00:00:00Z,8316.181195104424
1782,2024-09-12T00:00:00Z,8316.181195104424
1783,2024-09-13T00:00:00Z,8316.181195104424
1784,2024-09-15T00:00:00Z,8316.181195104424
1785,2024-09-16T00:00:00Z,8316.181195104424
1786,2024-09-17T00:00:00Z,8316.181195104424
1787,2024-09-18T00:00:00Z,8316.181195104424
1788,2024-09-19T00:00:00Z,8316.181195104424
1789,2024-09-20T00:00:00Z,8316.181195104424
1790,2024-09-22T00:00:00Z,8316.181195104424
1791,2024-09-23T00:00:00Z,8316.181195104424
1792,2024-09-24T00:00:00Z,8316.181195104424
1793,2024-09-25T00:00:00Z,8316.181195104424
1794,2024-09-26T00:00:00Z,8316.181195104424
1795,2024-09-27T00:00:00Z,8316.181195104424
1796,2024-09-29T00:00:00Z,8316.181195104424
1797,2024-09-30T00:00:00Z,8316.181195104424
1798,2024-10-01T00:00:00Z,8316.181195104424
1799,2024-10-02T00:00:00Z,8316.181195104424
1800,2024-10-03T00:00:00Z,8316.181195104424
1801,2024-10-04T00:00:00Z,8316.181195104424
1802,2024-10-06T00:00:00Z,8316.181195104424
1803,2024-10-07T00:00:00Z,8316.181195104424
1804,2024-10-08T00:00:00Z,8316.181195104424
1805,2024-10-09T00:00:00Z,8316.181195104424
1806,2024-10-10T00:00:00Z,8316.181195104424
1807,2024-10-11T00:00:00Z,8316.181195104424
1808,2024-10-13T00:00:00Z,8316.181195104424
1809,2024-10-14T00:00:00Z,8316.181195104424
1810,2024-10-15T00:00:00Z,8316.181195104424
1811,2024-10-16T00:00:00Z,8316.181195104424
1812,2024-10-17T00:00:00Z,8316.181195104424
1813,2024-10-18T00:00:00Z,8316.181195104424
1814,2024-10-20T00:00:00Z,8316.181195104424
1815,2024-10-21T00:00:00Z,8316.181195104424
1816,2024-10-22T00:00:00Z,8316.181195104424
1817,2024-10-23T00:00:00Z,8316.181195104424
1818,2024-10-24T00:00:00Z,8316.181195104424
1819,2024-10-25T00:00:00Z,8316.181195104424
1820,2024-10-27T00:00:00Z,8316.181195104424
1821,2024-10-28T00:00:00Z,8316.181195104424
1822,2024-10-29T00:00:00Z,8316.181195104424
1823,2024-10-30T00:00:00Z,8316.181195104424
1824,2024-10-31T00:00:00Z,8316.181195104424
1825,2024-11-01T00:00:00Z,8316.181195104424
1826,2024-11-03T00:00:00Z,8316.181195104424
1827,2024-11-04T00:00:00Z,8316.181195104424
1828,2024-11-05T00:00:00Z,8316.181195104424
1829,2024-11-06T00:00:00Z,8316.181195104424
1830,2024-11-07T00:00:00Z,8316.181195104424
1831,2024-11-08T00:00:00Z,8316.181195104424
1832,2024-11-10T00:00:00Z,8316.181195104424
1833,2024-11-11T00:00:00Z,8316.181195104424
1834,2024-11-12T00:00:00Z,8316.181195104424
1835,2024-11-13T00:00:00Z,8316.181195104424
1836,2024-11-14T00:00:00Z,8316.181195104424
1837,2024-11-15T00:00:00Z,8316.181195104424
1838,2024-11-17T00:00:00Z,8316.181195104424
1839,2024-11-18T00:00:00Z,8316.181195104424
1840,2024-11-19T00:00:00Z,8316.181195104424
1841,2024-11-20T00:00:00Z,8316.181195104424
1842,2024-11-21T00:00:00Z,8316.181195104424
1843,2024-11-22T00:00:00Z,8316.181195104424
1844,2024-11-24T00:00:00Z,8316.181195104424
1845,2024-11-25T00:00:00Z,8316.181195104424
1846,2024-11-26T00:00:00Z,8316.181195104424
1847,2024-11-27T00:00:00Z,8316.181195104424
1848,2024-11-28T00:00:00Z,8316.181195104424
1849,2024-11-29T00:00:00Z,8316.181195104424
1850,2024-12-01T00:00:00Z,8316.181195104424
1851,2024-12-02T00:00:00Z,8316.181195104424
1852,2024-12-03T00:00:00Z,8316.181195104424
1853,2024-12-04T00:00:00Z,8316.181195104424
1854,2024-12-05T00:00:00Z,8316.181195104424
1855,2024-12-06T00:00:00Z,8316.181195104424
1856,2024-12-08T00:00:00Z,8316.181195104424
1857,2024-12-09T00:00:00Z,8316.181195104424
1858,2024-12-10T00:00:00Z,8316.181195104424
1859,2024-12-11T00:00:00Z,8316.181195104424
1860,2024-12-12T00:00:00Z,8316.181195104424
1861,2024-12-13T00:00:00Z,8316.181195104424
1862,2024-12-15T00:00:00Z,8316.181195104424
1863,2024-12-16T00:00:00Z,8316.181195104424
1864,2024-12-17T00:00:00Z,8316.181195104424
1865,2024-12-18T00:00:00Z,8316.181195104424
1866,2024-12-19T00:00:00Z,8316.181195104424
1867,2024-12-20T00:00:00Z,8316.181195104424
1868,2024-12-22T00:00:00Z,8316.181195104424
1869,2024-12-23T00:00:00Z,8316.181195104424
1870,2024-12-24T00:00:00Z,8316.181195104424
1871,2024-12-25T00:00:00Z,8316.181195104424
1872,2024-12-26T00:00:00Z,8316.181195104424
1873,2024-12-27T00:00:00Z,8316.181195104424
1874,2024-12-29T00:00:00Z,8316.181195104424
1875,2024-12-30T00:00:00Z,8316.181195104424
1876,2024-12-31T00:00:00Z,8316.181195104424
1877,2025-01-01T00:00:00Z,8316.181195104424
1878,2025-01-02T00:00:00Z,8316.181195104424
1879,2025-01-03T00:00:00Z,8316.181195104424
1880,2025-01-05T00:00:00Z,8316.181195104424
1881,2025-01-06T00:00:00Z,8316.181195104424
1882,2025-01-07T00:00:00Z,8316.181195104424
1883,2025-01-08T00:00:00Z,8316.181195104424
1884,2025-01-09T00:00:00Z,8316.181195104424
1885,2025-01-10T00:00:00Z,8316.181195104424
1886,2025-01-12T00:00:00Z,8316.181195104424
1887,2025-01-13T00:00:00Z,8316.181195104424
1888,2025-01-14T00:00:00Z,8316.181195104424
1889,2025-01-15T00:00:00Z,8316.181195104424
1890,2025-01-16T00:00:00Z,8316.181195104424
1891,2025-01-17T00:00:00Z,8316.181195104424
1892,2025-01-19T00:00:00Z,8316.181195104424
1893,2025-01-20T00:00:00Z,8316.181195104424
1894,2025-01-21T00:00:00Z,8316.181195104424
1895,2025-01-22T00:00:00Z,8316.181195104424
1896,2025-01-23T00:00:00Z,8316.181195104424
1897,2025-01-24T00:00:00Z,8316.181195104424
1898,2025-01-26T00:00:00Z,8316.181195104424
1899,2025-01-27T00:00:00Z,8316.181195104424
1900,2025-01-28T00:00:00Z,8316.181195104424
1901,2025-01-29T00:00:00Z,8316.181195104424
1902,2025-01-30T00:00:00Z,8316.181195104424
1903,2025-01-31T00:00:00Z,8316.181195104424
1904,2025-02-02T00:00:00Z,8316.181195104424
1905,2025-02-03T00:00:00Z,8316.181195104424
1906,2025-02-04T00:00:00Z,8316.181195104424
1907,2025-02-05T00:00:00Z,8316.181195104424
1908,2025-02-06T00:00:00Z,8316.181195104424
1909,2025-02-07T00:00:00Z,8316.181195104424
1910,2025-02-09T00:00:00Z,8316.181195104424
1911,2025-02-10T00:00:00Z,8316.181195104424
1912,2025-02-11T00:00:00Z,8316.181195104424
1913,2025-02-12T00:00:00Z,8316.181195104424
1914,2025-02-13T00:00:00Z,8316.181195104424
1915,2025-02-14T00:00:00Z,8316.181195104424
1916,2025-02-16T00:00:00Z,8316.181195104424
1917,2025-02-17T00:00:00Z,8316.181195104424
1918,2025-02-18T00:00:00Z,8316.181195104424
1919,2025-02-19T00:00:00Z,8316.181195104424
1920,2025-02-20T00:00:00Z,8316.181195104424
1921,2025-02-21T00:00:00Z,8316.181195104424
1922,2025-02-23T00:00:00Z,8316.181195104424
1923,2025-02-24T00:00:00Z,8316.181195104424
1924,2025-02-25T00:00:00Z,8316.181195104424
1925,2025-02-26T00:00:00Z,8316.181195104424
1926,2025-02-27T00:00:00Z,8316.181195104424
1927,2025-02-28T00:00:00Z,8316.181195104424
1928,2025-03-02T00:00:00Z,8316.181195104424
1929,2025-03-03T00:00:00Z,8316.181195104424
1930,2025-03-04T00:00:00Z,8316.181195104424
1931,2025-03-05T00:00:00Z,8316.181195104424
1932,2025-03-06T00:00:00Z,8316.181195104424
1933,2025-03-07T00:00:00Z,8316.181195104424
1934,2025-03-09T00:00:00Z,8316.181195104424
1935,2025-03-10T00:00:00Z,8316.181195104424
1936,2025-03-11T00:00:00Z,8316.181195104424
1937,2025-03-12T00:00:00Z,8316.181195104424
1938,2025-03-13T00:00:00Z,8316.181195104424
1939,2025-03-14T00:00:00Z,8316.181195104424
1940,2025-03-16T00:00:00Z,8316.181195104424
1941,2025-03-17T00:00:00Z,8316.181195104424
1942,2025-03-18T00:00:00Z,8316.181195104424
1943,2025-03-19T00:00:00Z,8316.181195104424
1944,2025-03-20T00:00:00Z,8316.181195104424
1945,2025-03-21T00:00:00Z,8316.181195104424
1946,2025-03-23T00:00:00Z,8316.181195104424
1947,2025-03-24T00:00:00Z,8316.181195104424
1948,2025-03-25T00:00:00Z,8316.181195104424
1949,2025-03-26T00:00:00Z,8316.181195104424
1950,2025-03-27T00:00:00Z,8316.181195104424
1951,2025-03-28T00:00:00Z,8316.181195104424
1952,2025-03-30T00:00:00Z,8316.181195104424
1953,2025-03-31T00:00:00Z,8316.181195104424
1954,2025-04-01T00:00:00Z,8316.181195104424
1955,2025-04-02T00:00:00Z,8316.181195104424
1956,2025-04-03T00:00:00Z,8316.181195104424
1957,2025-04-04T00:00:00Z,8316.181195104424
1958,2025-04-06T00:00:00Z,8316.181195104424
1959,2025-04-07T00:00:00Z,8316.181195104424
1960,2025-04-08T00:00:00Z,8316.181195104424
1961,2025-04-09T00:00:00Z,8316.181195104424
1962,2025-04-10T00:00:00Z,8316.181195104424
1963,2025-04-11T00:00:00Z,8316.181195104424
1964,2025-04-13T00:00:00Z,8316.181195104424
1965,2025-04-14T00:00:00Z,8316.181195104424
1966,2025-04-15T00:00:00Z,8316.181195104424
1967,2025-04-16T00:00:00Z,8316.181195104424
1968,2025-04-17T00:00:00Z,8316.181195104424
1969,2025-04-18T00:00:00Z,8316.181195104424
1970,2025-04-20T00:00:00Z,8316.181195104424
1971,2025-04-21T00:00:00Z,8316.181195104424
1972,2025-04-22T00:00:00Z,8316.181195104424
1973,2025-04-23T00:00:00Z,8316.181195104424
1974,2025-04-24T00:00:00Z,8316.181195104424
1975,2025-04-25T00:00:00Z,8316.181195104424
1976,2025-04-27T00:00:00Z,8316.181195104424
1977,2025-04-28T00:00:00Z,8316.181195104424
1978,2025-04-29T00:00:00Z,8316.181195104424
1979,2025-04-30T00:00:00Z,8316.181195104424
1980,2025-05-01T00:00:00Z,8316.181195104424
1981,2025-05-02T00:00:00Z,8316.181195104424
1982,2025-05-04T00:00:00Z,8316.181195104424
1983,2025-05-05T00:00:00Z,8316.181195104424
1984,2025-05-06T00:00:00Z,8316.181195104424
1985,2025-05-07T00:00:00Z,8316.181195104424
1986,2025-05-08T00:00:00Z,8316.181195104424
1987,2025-05-09T00:00:00Z,8316.181195104424
1988,2025-05-11T00:00:00Z,8316.181195104424
1989,2025-05-12T00:00:00Z,8316.181195104424
1990,2025-05-13T00:00:00Z,8316.181195104424
1991,2025-05-14T00:00:00Z,8316.181195104424
1992,2025-05-15T00:00:00Z,8316.181195104424
1993,2025-05-16T00:00:00Z,8316.181195104424
1994,2025-05-18T00:00:00Z,8316.181195104424
1995,2025-05-19T00:00:00Z,8316.181195104424
1996,2025-05-20T00:00:00Z,8316.181195104424
1997,2025-05-21T00:00:00Z,8316.181195104424
1998,2025-05-22T00:00:00Z,8316.181195104424
1999,2025-05-23T00:00:00Z,8316.181195104424
2000,2025-05-25T00:00:00Z,8316.181195104424
2001,2025-05-26T00:00:00Z,8316.181195104424
2002,2025-05-27T00:00:00Z,8316.181195104424
2003,2025-05-28T00:00:00Z,8316.181195104424
2004,2025-05-29T00:00:00Z,8316.181195104424
2005,2025-05-30T00:00:00Z,8316.181195104424
2006,2025-06-01T00:00:00Z,8316.181195104424
2007,2025-06-02T00:00:00Z,8316.181195104424
2008,2025-06-03T00:00:00Z,8316.181195104424
2009,2025-06-04T00:00:00Z,8316.181195104424
2010,2025-06-05T00:00:00Z,8316.181195104424
2011,2025-06-06T00:00:00Z,8316.181195104424
2012,2025-06-08T00:00:00Z,8316.181195104424
2013,2025-06-09T00:00:00Z,8316.181195104424
2014,2025-06-10T00:00:00Z,8316.181195104424
2015,2025-06-11T00:00:00Z,8316.181195104424
2016,2025-06-12T00:00:00Z,8316.181195104424
2017,2025-06-13T00:00:00Z,8316.181195104424
2018,2025-06-15T00:00:00Z,8316.181195104424
2019,2025-06-16T00:00:00Z,8316.181195104424
2020,2025-06-17T00:00:00Z,8316.181195104424
2021,2025-06-18T00:00:00Z,8316.181195104424
2022,2025-06-19T00:00:00Z,8316.181195104424
2023,2025-06-20T00:00:00Z,8316.181195104424
2024,2025-06-22T00:00:00Z,8316.181195104424
2025,2025-06-23T00:00:00Z,8316.181195104424
2026,2025-06-24T00:00:00Z,8316.181195104424
2027,2025-06-25T00:00:00Z,8316.181195104424
2028,2025-06-26T00:00:00Z,8316.181195104424
2029,2025-06-27T00:00:00Z,8316.181195104424
2030,2025-06-29T00:00:00Z,8316.181195104424
2031,2025-06-30T00:00:00Z,8316.181195104424
2032,2025-07-01T00:00:00Z,8316.181195104424
2033,2025-07-02T00:00:00Z,8316.181195104424
2034,2025-07-03T00:00:00Z,8316.181195104424
2035,2025-07-04T00:00:00Z,8316.181195104424
2036,2025-07-06T00:00:00Z,8316.181195104424
2037,2025-07-07T00:00:00Z,8316.181195104424
2038,2025-07-08T00:00:00Z,8316.181195104424
2039,2025-07-09T00:00:00Z,8316.181195104424
2040,2025-07-10T00:00:00Z,8316.181195104424
2041,2025-07-11T00:00:00Z,8316.181195104424
2042,2025-07-13T00:00:00Z,8316.181195104424
2043,2025-07-14T00:00:00Z,8316.181195104424
2044,2025-07-15T00:00:00Z,8316.181195104424
2045,2025-07-16T00:00:00Z,8316.181195104424
2046,2025-07-17T00:00:00Z,8316.181195104424
2047,2025-07-18T00:00:00Z,8316.181195104424
2048,2025-07-20T00:00:00Z,8316.181195104424
2049,2025-07-21T00:00:00Z,8316.181195104424
2050,2025-07-22T00:00:00Z,8316.181195104424
2051,2025-07-23T00:00:00Z,8316.181195104424
2052,2025-07-24T00:00:00Z,8316.181195104424
2053,2025-07-25T00:00:00Z,8316.181195104424
2054,2025-07-27T00:00:00Z,8316.181195104424
2055,2025-07-28T00:00:00Z,8316.181195104424
2056,2025-07-29T00:00:00Z,8316.181195104424
2057,2025-07-30T00:00:00Z,8316.181195104424
2058,2025-07-31T00:00:00Z,8316.181195104424
2059,2025-08-01T00:00:00Z,8316.181195104424
2060,2025-08-03T00:00:00Z,8316.181195104424
2061,2025-08-04T00:00:00Z,8316.181195104424
2062,2025-08-05T00:00:00Z,8316.181195104424
2063,2025-08-06T00:00:00Z,8316.181195104424
2064,2025-08-07T00:00:00Z,8316.181195104424
2065,2025-08-08T00:00:00Z,8316.181195104424
2066,2025-08-10T00:00:00Z,8316.181195104424
2067,2025-08-11T00:00:00Z,8316.181195104424
2068,2025-08-12T00:00:00Z,8316.181195104424
2069,2025-08-13T00:00:00Z,8316.181195104424
2070,2025-08-14T00:00:00Z,8316.181195104424
2071,2025-08-15T00:00:00Z,8316.181195104424
2072,2025-08-17T00:00:00Z,8316.181195104424
2073,2025-08-18T00:00:00Z,8316.181195104424
2074,2025-08-19T00:00:00Z,8316.181195104424
2075,2025-08-20T00:00:00Z,8316.181195104424
2076,2025-08-21T00:00:00Z,8316.181195104424
2077,2025-08-22T00:00:00Z,8316.181195104424
2078,2025-08-24T00:00:00Z,8316.181195104424
2079,2025-08-25T00:00:00Z,8316.181195104424
2080,2025-08-26T00:00:00Z,8316.181195104424
2081,2025-08-27T00:00:00Z,8316.181195104424
2082,2025-08-28T00:00:00Z,8316.181195104424
2083,2025-08-29T00:00:00Z,8316.181195104424
2084,2025-08-31T00:00:00Z,8316.181195104424
2085,2025-09-01T00:00:00Z,8316.181195104424
2086,2025-09-02T00:00:00Z,8316.181195104424
2087,2025-09-03T00:00:00Z,8316.181195104424
2088,2025-09-04T00:00:00Z,8316.181195104424
2089,2025-09-05T00:00:00Z,8316.181195104424
2090,2025-09-07T00:00:00Z,8316.181195104424
2091,2025-09-08T00:00:00Z,8316.181195104424
2092,2025-09-09T00:00:00Z,8316.181195104424
2093,2025-09-10T00:00:00Z,8316.181195104424
2094,2025-09-11T00:00:00Z,8316.181195104424
2095,2025-09-12T00:00:00Z,8316.181195104424
2096,2025-09-14T00:00:00Z,8316.181195104424
2097,2025-09-15T00:00:00Z,8316.181195104424
2098,2025-09-16T00:00:00Z,8316.181195104424
2099,2025-09-17T00:00:00Z,8316.181195104424
2100,2025-09-18T00:00:00Z,8316.181195104424
2101,2025-09-19T00:00:00Z,8316.181195104424
2102,2025-09-21T00:00:00Z,8316.181195104424
2103,2025-09-22T00:00:00Z,8316.181195104424
2104,2025-09-23T00:00:00Z,8316.181195104424
2105,2025-09-24T00:00:00Z,8316.181195104424
2106,2025-09-25T00:00:00Z,8316.181195104424
2107,2025-09-26T00:00:00Z,8316.181195104424
2108,2025-09-28T00:00:00Z,8316.181195104424
2109,2025-09-29T00:00:00Z,8316.181195104424
2110,2025-09-30T00:00:00Z,8316.181195104424
2111,2025-10-01T00:00:00Z,8316.181195104424
2112,2025-10-02T00:00:00Z,8316.181195104424
2113,2025-10-03T00:00:00Z,8316.181195104424
2114,2025-10-05T00:00:00Z,8316.181195104424
2115,2025-10-06T00:00:00Z,8316.181195104424
2116,2025-10-07T00:00:00Z,8316.181195104424
2117,2025-10-08T00:00:00Z,8316.181195104424
2118,2025-10-09T00:00:00Z,8316.181195104424
2119,2025-10-10T00:00:00Z,8316.181195104424
2120,2025-10-12T00:00:00Z,8316.181195104424
2121,2025-10-13T00:00:00Z,8316.181195104424
2122,2025-10-14T00:00:00Z,8316.181195104424
2123,2025-10-15T00:00:00Z,8316.181195104424
2124,2025-10-16T00:00:00Z,8316.181195104424
2125,2025-10-17T00:00:00Z,8316.181195104424
2126,2025-10-19T00:00:00Z,8316.181195104424
2127,2025-10-20T00:00:00Z,8316.181195104424
2128,2025-10-21T00:00:00Z,8316.181195104424
2129,2025-10-22T00:00:00Z,8316.181195104424
2130,2025-10-23T00:00:00Z,8316.181195104424
2131,2025-10-24T00:00:00Z,8316.181195104424
2132,2025-10-26T00:00:00Z,8316.181195104424
2133,2025-10-27T00:00:00Z,8316.181195104424
2134,2025-10-28T00:00:00Z,8316.181195104424
2135,2025-10-29T00:00:00Z,8316.181195104424
2136,2025-10-30T00:00:00Z,8316.181195104424
2137,2025-10-31T00:00:00Z,8316.181195104424
2138,2025-11-02T00:00:00Z,8316.181195104424
2139,2025-11-03T00:00:00Z,8316.181195104424
2140,2025-11-04T00:00:00Z,8316.181195104424
2141,2025-11-05T00:00:00Z,8316.181195104424
2142,2025-11-06T00:00:00Z,8316.181195104424
2143,2025-11-07T00:00:00Z,8316.181195104424
2144,2025-11-09T00:00:00Z,8316.181195104424
2145,2025-11-10T00:00:00Z,8316.181195104424
2146,2025-11-11T00:00:00Z,8316.181195104424
2147,2025-11-12T00:00:00Z,8316.181195104424
2148,2025-11-13T00:00:00Z,8316.181195104424
2149,2025-11-14T00:00:00Z,8316.181195104424
2150,2025-11-16T00:00:00Z,8316.181195104424
2151,2025-11-17T00:00:00Z,8316.181195104424
2152,2025-11-18T00:00:00Z,8316.181195104424
2153,2025-11-19T00:00:00Z,8316.181195104424
2154,2025-11-20T00:00:00Z,8316.181195104424
2155,2025-11-21T00:00:00Z,8316.181195104424
2156,2025-11-23T00:00:00Z,8316.181195104424
2157,2025-11-24T00:00:00Z,8316.181195104424
2158,2025-11-25T00:00:00Z,8316.181195104424
2159,2025-11-26T00:00:00Z,8316.181195104424
2160,2025-11-27T00:00:00Z,8316.181195104424
2161,2025-11-28T00:00:00Z,8316.181195104424
2162,2025-11-30T00:00:00Z,8316.181195104424
2163,2025-12-01T00:00:00Z,8316.181195104424
2164,2025-12-02T00:00:00Z,8316.181195104424
2165,2025-12-03T00:00:00Z,8316.181195104424
2166,2025-12-04T00:00:00Z,8316.181195104424
2167,2025-12-05T00:00:00Z,8316.181195104424
2168,2025-12-07T00:00:00Z,8316.181195104424
2169,2025-12-08T00:00:00Z,8316.181195104424
2170,2025-12-09T00:00:00Z,8316.181195104424
2171,2025-12-10T00:00:00Z,8316.181195104424
2172,2025-12-11T00:00:00Z,8316.181195104424
2173,2025-12-12T00:00:00Z,8316.181195104424
2174,2025-12-14T00:00:00Z,8316.181195104424
2175,2025-12-15T00:00:00Z,8316.181195104424
2176,2025-12-16T00:00:00Z,8316.181195104424
2177,2025-12-17T00:00:00Z,8316.181195104424
2178,2025-12-18T00:00:00Z,8316.181195104424
2179,2025-12-19T00:00:00Z,8316.181195104424
2180,2025-12-21T00:00:00Z,8316.181195104424
2181,2025-12-22T00:00:00Z,8316.181195104424
2182,2025-12-23T00:00:00Z,8316.181195104424
2183,2025-12-24T00:00:00Z,8316.181195104424
2184,2025-12-25T00:00:00Z,8316.181195104424
2185,2025-12-26T00:00:00Z,8316.181195104424
2186,2025-12-28T00:00:00Z,8316.181195104424
2187,2025-12-29T00:00:00Z,8316.181195104424
2188,2025-12-30T00:00:00Z,8316.181195104424
2189,2025-12-31T00:00:00Z,8316.181195104424
2190,2026-01-01T00:00:00Z,8316.181195104424
2191,2026-01-02T00:00:00Z,8316.181195104424
2192,2026-01-04T00:00:00Z,8316.181195104424
2193,2026-01-05T00:00:00Z,8316.181195104424
2194,2026-01-06T00:00:00Z,8316.181195104424
2195,2026-01-07T00:00:00Z,8316.181195104424
2196,2026-01-08T00:00:00Z,8316.181195104424
2197,2026-01-09T00:00:00Z,8316.181195104424
2198,2026-01-11T00:00:00Z,8316.181195104424
2199,2026-01-12T00:00:00Z,8316.181195104424
2200,2026-01-13T00:00:00Z,8316.181195104424
2201,2026-01-14T00:00:00Z,8316.181195104424
2202,2026-01-15T00:00:00Z,8316.181195104424
2203,2026-01-16T00:00:00Z,8316.181195104424
2204,2026-01-18T00:00:00Z,8316.181195104424
2205,2026-01-19T00:00:00Z,8316.181195104424
2206,2026-01-20T00:00:00Z,8316.181195104424
2207,2026-01-21T00:00:00Z,8316.181195104424
2208,2026-01-22T00:00:00Z,8316.181195104424
2209,2026-01-23T00:00:00Z,8316.181195104424
2210,2026-01-25T00:00:00Z,8316.181195104424
2211,2026-01-26T00:00:00Z,8316.181195104424
2212,2026-01-27T00:00:00Z,8316.181195104424
2213,2026-01-28T00:00:00Z,8316.181195104424
2214,2026-01-29T00:00:00Z,8316.181195104424
2215,2026-01-30T00:00:00Z,8316.181195104424
2216,2026-02-01T00:00:00Z,8316.181195104424
2217,2026-02-02T00:00:00Z,8316.181195104424
2218,2026-02-03T00:00:00Z,8316.181195104424
2219,2026-02-04T00:00:00Z,8316.181195104424
2220,2026-02-05T00:00:00Z,8316.181195104424
2221,2026-02-06T00:00:00Z,8316.181195104424
2222,2026-02-08T00:00:00Z,8316.181195104424
2223,2026-02-09T00:00:00Z,8316.181195104424
2224,2026-02-10T00:00:00Z,8316.181195104424
2225,2026-02-11T00:00:00Z,8316.181195104424
2226,2026-02-12T00:00:00Z,8316.181195104424
2227,2026-02-13T00:00:00Z,8316.181195104424
2228,2026-02-15T00:00:00Z,8316.181195104424
2229,2026-02-16T00:00:00Z,8316.181195104424
2230,2026-02-17T00:00:00Z,8316.181195104424
2231,2026-02-18T00:00:00Z,8316.181195104424
2232,2026-02-19T00:00:00Z,8316.181195104424
2233,2026-02-20T00:00:00Z,8316.181195104424
2234,2026-02-22T00:00:00Z,8316.181195104424
2235,2026-02-23T00:00:00Z,8316.181195104424
2236,2026-02-24T00:00:00Z,8316.181195104424
2237,2026-02-25T00:00:00Z,8316.181195104424
2238,2026-02-26T00:00:00Z,8316.181195104424
2239,2026-02-27T00:00:00Z,8316.181195104424
2240,2026-03-01T00:00:00Z,8316.181195104424
2241,2026-03-02T00:00:00Z,8316.181195104424
2242,2026-03-03T00:00:00Z,8316.181195104424
2243,2026-03-04T00:00:00Z,8316.181195104424
2244,2026-03-05T00:00:00Z,8316.181195104424
2245,2026-03-06T00:00:00Z,8316.181195104424
2246,2026-03-08T00:00:00Z,8316.181195104424
2247,2026-03-09T00:00:00Z,8316.181195104424
2248,2026-03-10T00:00:00Z,8316.181195104424
2249,2026-03-11T00:00:00Z,8316.181195104424
2250,2026-03-12T00:00:00Z,8316.181195104424
2251,2026-03-13T00:00:00Z,8316.181195104424
2252,2026-03-15T00:00:00Z,8316.181195104424
2253,2026-03-16T00:00:00Z,8316.181195104424
2254,2026-03-17T00:00:00Z,8316.181195104424
2255,2026-03-18T00:00:00Z,8316.181195104424
2256,2026-03-19T00:00:00Z,8316.181195104424
2257,2026-03-20T00:00:00Z,8316.181195104424
2258,2026-03-22T00:00:00Z,8316.181195104424
2259,2026-03-23T00:00:00Z,8316.181195104424
2260,2026-03-24T00:00:00Z,8316.181195104424
2261,2026-03-25T00:00:00Z,8316.181195104424
2262,2026-03-26T00:00:00Z,8316.181195104424
2263,2026-03-27T00:00:00Z,8316.181195104424
2264,2026-03-29T00:00:00Z,8316.181195104424
2265,2026-03-30T00:00:00Z,8316.181195104424
2266,2026-03-31T00:00:00Z,8316.181195104424
2267,2026-04-01T00:00:00Z,8316.181195104424
2268,2026-04-02T00:00:00Z,8316.181195104424
2269,2026-04-03T00:00:00Z,8316.181195104424
2270,2026-04-05T00:00:00Z,8316.181195104424
2271,2026-04-06T00:00:00Z,8316.181195104424
2272,2026-04-07T00:00:00Z,8316.181195104424
2273,2026-04-08T00:00:00Z,8316.181195104424
2274,2026-04-09T00:00:00Z,8316.181195104424
2275,2026-04-10T00:00:00Z,8316.181195104424
2276,2026-04-12T00:00:00Z,8316.181195104424
2277,2026-04-13T00:00:00Z,8316.181195104424
2278,2026-04-14T00:00:00Z,8316.181195104424
2279,2026-04-15T00:00:00Z,8316.181195104424
2280,2026-04-16T00:00:00Z,8316.181195104424
2281,2026-04-17T00:00:00Z,8316.181195104424
2282,2026-04-19T00:00:00Z,8316.181195104424
2283,2026-04-20T00:00:00Z,8316.181195104424
2284,2026-04-21T00:00:00Z,8316.181195104424
2285,2026-04-22T00:00:00Z,8316.181195104424
2286,2026-04-23T00:00:00Z,8316.181195104424
2287,2026-04-24T00:00:00Z,8316.181195104424
2288,2026-04-26T00:00:00Z,8316.181195104424
2289,2026-04-27T00:00:00Z,8316.181195104424
2290,2026-04-28T00:00:00Z,8316.181195104424
2291,2026-04-29T00:00:00Z,8316.181195104424
2292,2026-04-30T00:00:00Z,8316.181195104424
2293,2026-05-01T00:00:00Z,8316.181195104424
2294,2026-05-03T00:00:00Z,8316.181195104424
2295,2026-05-04T00:00:00Z,8316.181195104424
2296,2026-05-05T00:00:00Z,8316.181195104424
2297,2026-05-06T00:00:00Z,8316.181195104424
2298,2026-05-07T00:00:00Z,8316.181195104424
2299,2026-05-08T00:00:00Z,8316.181195104424
2300,2026-05-10T00:00:00Z,8316.181195104424
2301,2026-05-11T00:00:00Z,8316.181195104424
2302,2026-05-12T00:00:00Z,8316.181195104424
2303,2026-05-13T00:00:00Z,8316.181195104424
2304,2026-05-14T00:00:00Z,8316.181195104424
2305,2026-05-15T00:00:00Z,8316.181195104424
2306,2026-05-17T00:00:00Z,8316.181195104424
2307,2026-05-18T00:00:00Z,8316.181195104424
2308,2026-05-19T00:00:00Z,8316.181195104424
2309,2026-05-20T00:00:00Z,8316.181195104424
2310,2026-05-21T00:00:00Z,8316.181195104424
2311,2026-05-22T00:00:00Z,8316.181195104424
2312,2026-05-24T00:00:00Z,8316.181195104424
2313,2026-05-25T00:00:00Z,8316.181195104424
2314,2026-05-26T00:00:00Z,8316.181195104424
2315,2026-05-27T00:00:00Z,8316.181195104424
2316,2026-05-28T00:00:00Z,8316.181195104424
2317,2026-05-29T00:00:00Z,8316.181195104424
2318,2026-05-31T00:00:00Z,8316.181195104424
2319,2026-06-01T00:00:00Z,8316.181195104424
2320,2026-06-02T00:00:00Z,8316.181195104424
2321,2026-06-03T00:00:00Z,8316.181195104424
2322,2026-06-04T00:00:00Z,8316.181195104424
2323,2026-06-05T00:00:00Z,8316.181195104424
2324,2026-06-07T00:00:00Z,8316.181195104424
2325,2026-06-08T00:00:00Z,8316.181195104424
2326,2026-06-09T00:00:00Z,8316.181195104424
2327,2026-06-10T00:00:00Z,8316.181195104424
2328,2026-06-11T00:00:00Z,8316.181195104424
2329,2026-06-12T00:00:00Z,8316.181195104424
2330,2026-06-14T00:00:00Z,8316.181195104424
2331,2026-06-15T00:00:00Z,8316.181195104424
2332,2026-06-16T00:00:00Z,8316.181195104424
2333,2026-06-17T00:00:00Z,8316.181195104424
2334,2026-06-18T00:00:00Z,8316.181195104424
2335,2026-06-19T00:00:00Z,8316.181195104424
2336,2026-06-21T00:00:00Z,8316.181195104424
2337,2026-06-22T00:00:00Z,8316.181195104424
2338,2026-06-23T00:00:00Z,8316.181195104424
2339,2026-06-24T00:00:00Z,8316.181195104424
2340,2026-06-25T00:00:00Z,8316.181195104424
2341,2026-06-26T00:00:00Z,8316.181195104424
2342,2026-06-28T00:00:00Z,8316.181195104424
2343,2026-06-29T00:00:00Z,8316.181195104424
2344,2026-06-30T00:00:00Z,8316.181195104424
2345,2026-07-01T00:00:00Z,8316.181195104424
2346,2026-07-02T00:00:00Z,8316.181195104424
2347,2026-07-03T00:00:00Z,8316.181195104424
2348,2026-07-05T00:00:00Z,8316.181195104424
2349,2026-07-06T00:00:00Z,8316.181195104424
2350,2026-07-07T00:00:00Z,8316.181195104424
2351,2026-07-08T00:00:00Z,8316.181195104424
2352,2026-07-09T00:00:00Z,8316.181195104424
2353,2026-07-10T00:00:00Z,8316.181195104424
2354,2026-07-12T00:00:00Z,8316.181195104424
2355,2026-07-13T00:00:00Z,8316.181195104424
2356,2026-07-14T00:00:00Z,8316.181195104424
2357,2026-07-15T00:00:00Z,8316.181195104424
2358,2026-07-16T00:00:00Z,8316.181195104424
2359,2026-07-17T00:00:00Z,8316.181195104424
2360,2026-07-19T00:00:00Z,8316.181195104424
2361,2026-07-20T00:00:00Z,8316.181195104424
2362,2026-07-21T00:00:00Z,8316.181195104424
2363,2026-07-22T00:00:00Z,8316.181195104424
2364,2026-07-23T00:00:00Z,8316.181195104424
2365,2026-07-24T00:00:00Z,8316.181195104424
2366,2026-07-26T00:00:00Z,8316.181195104424
2367,2026-07-27T00:00:00Z,8316.181195104424
2368,2026-07-28T00:00:00Z,8316.181195104424
2369,2026-07-29T00:00:00Z,8316.181195104424
2370,2026-07-30T00:00:00Z,8316.181195104424
2371,2026-07-31T00:00:00Z,8316.181195104424
2372,2026-08-02T00:00:00Z,8316.181195104424
2373,2026-08-03T00:00:00Z,8316.181195104424
2374,2026-08-04T00:00:00Z,8316.181195104424
2375,2026-08-05T00:00:00Z,8316.181195104424
2376,2026-08-06T00:00:00Z,8316.181195104424
2377,2026-08-07T00:00:00Z,8316.181195104424
2378,2026-08-09T00:00:00Z,8316.181195104424
2379,2026-08-10T00:00:00Z,8316.181195104424
2380,2026-08-11T00:00:00Z,8316.181195104424
2381,2026-08-12T00:00:00Z,8316.181195104424
2382,2026-08-13T00:00:00Z,8316.181195104424
2383,2026-08-14T00:00:00Z,8316.181195104424
2384,2026-08-16T00:00:00Z,8316.181195104424
2385,2026-08-17T00:00:00Z,8316.181195104424
2386,2026-08-18T00:00:00Z,8316.181195104424
2387,2026-08-19T00:00:00Z,8316.181195104424
2388,2026-08-20T00:00:00Z,8316.181195104424
2389,2026-08-21T00:00:00Z,8316.181195104424
2390,2026-08-23T00:00:00Z,8316.181195104424
2391,2026-08-24T00:00:00Z,8316.181195104424
2392,2026-08-25T00:00:00Z,8316.181195104424
2393,2026-08-26T00:00:00Z,8316.181195104424
2394,2026-08-27T00:00:00Z,8316.181195104424
2395,2026-08-28T00:00:00Z,8316.181195104424
