bar_index,timestamp_utc,equity
0,2018-12-12T00:00:00Z,10000.0
1,2018-12-13T00:00:00Z,10000.0
2,2018-12-14T00:00:00Z,10000.0
3,2018-12-17T00:00:00Z,10000.0
4,2018-12-18T00:00:00Z,10000.0
5,2018-12-19T00:00:00Z,10000.0
6,2018-12-20T00:00:00Z,10000.0
7,2018-12-21T00:00:00Z,10000.0
8,2018-12-24T00:00:00Z,10000.0
9,2018-12-26T00:00:00Z,10000.0
10,2018-12-27T00:00:00Z,10000.0
11,2018-12-28T00:00:00Z,10000.0
12,2018-12-31T00:00:00Z,10000.0
13,2019-01-01T00:00:00Z,10000.0
14,2019-01-02T00:00:00Z,10000.086541644325
15,2019-01-03T00:00:00Z,9998.922997348824
16,2019-01-04T00:00:00Z,9998.922997348824
17,2019-01-06T00:00:00Z,9998.922997348824
18,2019-01-07T00:00:00Z,9998.922997348824
19,2019-01-08T00:00:00Z,9998.922997348824
20,2019-01-09T00:00:00Z,9998.922997348824
21,2019-01-10T00:00:00Z,9995.694220437455
22,2019-01-11T00:00:00Z,9994.279095474913
23,2019-01-14T00:00:00Z,9994.279095474913
24,2019-01-15T00:00:00Z,9994.279095474913
25,2019-01-16T00:00:00Z,9994.279095474913
26,2019-01-17T00:00:00Z,9994.279095474913
27,2019-01-18T00:00:00Z,9962.609469273892
28,2019-01-20T00:00:00Z,9960.959448155727
29,2019-01-21T00:00:00Z,9960.959448155727
30,2019-01-22T00:00:00Z,9960.959448155727
31,2019-01-23T00:00:00Z,9960.959448155727
32,2019-01-24T00:00:00Z,9971.713019536635
33,2019-01-25T00:00:00Z,9969.576654865388
34,2019-01-27T00:00:00Z,9961.215760262883
35,2019-01-28T00:00:00Z,9959.421263382863
36,2019-01-29T00:00:00Z,9985.987283118488
37,2019-01-30T00:00:00Z,9983.61904350978
38,2019-01-31T00:00:00Z,9968.042288155833
39,2019-02-01T00:00:00Z,9965.677665254734
40,2019-02-03T00:00:00Z,9961.48636194513
41,2019-02-04T00:00:00Z,9959.627903738248
42,2019-02-05T00:00:00Z,9959.627903738248
43,2019-02-06T00:00:00Z,9959.627903738248
44,2019-02-07T00:00:00Z,9959.627903738248
45,2019-02-08T00:00:00Z,9962.582561290741
46,2019-02-10T00:00:00Z,9960.280136785908
47,2019-02-11T00:00:00Z,9956.222269085481
48,2019-02-12T00:00:00Z,9954.3766786542
49,2019-02-13T00:00:00Z,9962.638258441782
50,2019-02-14T00:00:00Z,9960.477005012417
51,2019-02-15T00:00:00Z,9985.020805135975
52,2019-02-17T00:00:00Z,9991.375027925917
53,2019-02-18T00:00:00Z,9991.375027925917
54,2019-02-19T00:00:00Z,9991.375027925917
55,2019-02-20T00:00:00Z,9991.375027925917
56,2019-02-21T00:00:00Z,9991.375027925917
57,2019-02-22T00:00:00Z,9994.572720228272
58,2019-02-24T00:00:00Z,9992.952313567726
59,2019-02-25T00:00:00Z,9992.952313567726
60,2019-02-26T00:00:00Z,10006.083412105643
61,2019-02-27T00:00:00Z,10003.552833299473
62,2019-02-28T00:00:00Z,10006.757755352863
63,2019-03-01T00:00:00Z,10004.056672092081
64,2019-03-03T00:00:00Z,10004.056672092081
65,2019-03-04T00:00:00Z,10004.056672092081
66,2019-03-05T00:00:00Z,10004.056672092081
67,2019-03-06T00:00:00Z,10001.019450992977
68,2019-03-07T00:00:00Z,9997.98504159587
69,2019-03-08T00:00:00Z,9946.474858062576
70,2019-03-10T00:00:00Z,9946.635212065336
71,2019-03-11T00:00:00Z,9943.68977912018
72,2019-03-12T00:00:00Z,9946.74265382815
73,2019-03-13T00:00:00Z,9943.65773117538
74,2019-03-14T00:00:00Z,9943.65773117538
75,2019-03-15T00:00:00Z,9943.65773117538
76,2019-03-17T00:00:00Z,9940.723513094896
77,2019-03-18T00:00:00Z,9937.938486181596
78,2019-03-19T00:00:00Z,9930.344002121408
79,2019-03-20T00:00:00Z,9926.149289481022
80,2019-03-21T00:00:00Z,9928.522502844826
81,2019-03-22T00:00:00Z,9924.881456311541
82,2019-03-24T00:00:00Z,9914.65629254193
83,2019-03-25T00:00:00Z,9911.188006327979
84,2019-03-26T00:00:00Z,9930.807475221452
85,2019-03-27T00:00:00Z,9926.96798684101
86,2019-03-28T00:00:00Z,9928.688001733857
87,2019-03-29T00:00:00Z,9925.79139892182
88,2019-03-31T00:00:00Z,9925.92902571189
89,2019-04-01T00:00:00Z,9922.47601094129
90,2019-04-02T00:00:00Z,9941.384497126233
91,2019-04-03T00:00:00Z,9937.778511261364
92,2019-04-04T00:00:00Z,9921.654850353641
93,2019-04-05T00:00:00Z,9918.777594184765
94,2019-04-07T00:00:00Z,9918.777594184765
95,2019-04-08T00:00:00Z,9947.219929009821
96,2019-04-09T00:00:00Z,9944.0778035613
97,2019-04-10T00:00:00Z,9945.560880137635
98,2019-04-11T00:00:00Z,9942.47111548588
99,2019-04-12T00:00:00Z,9939.591811124717
100,2019-04-14T00:00:00Z,9936.078898553687
101,2019-04-15T00:00:00Z,9926.845307675154
102,2019-04-16T00:00:00Z,9922.585984172048
103,2019-04-17T00:00:00Z,9898.519871281065
104,2019-04-18T00:00:00Z,9894.105953335564
105,2019-04-21T00:00:00Z,9897.135538726276
106,2019-04-22T00:00:00Z,9893.451514764498
107,2019-04-23T00:00:00Z,9897.95453669096
108,2019-04-24T00:00:00Z,9893.179136813891
109,2019-04-25T00:00:00Z,9862.580222394032
110,2019-04-26T00:00:00Z,9858.244381823873
111,2019-04-28T00:00:00Z,9852.799458573743
112,2019-04-29T00:00:00Z,9849.7014952155
113,2019-04-30T00:00:00Z,9845.863051482318
114,2019-05-01T00:00:00Z,9842.028069339349
115,2019-05-02T00:00:00Z,9790.993175741061
116,2019-05-03T00:00:00Z,9790.993175741061
117,2019-05-05T00:00:00Z,9779.772516294472
118,2019-05-06T00:00:00Z,9776.762842104683
119,2019-05-07T00:00:00Z,9757.703191545019
120,2019-05-08T00:00:00Z,9755.518055011895
121,2019-05-09T00:00:00Z,9755.518055011895
122,2019-05-10T00:00:00Z,9755.775574214855
123,2019-05-12T00:00:00Z,9753.410547992578
124,2019-05-13T00:00:00Z,9753.410547992578
125,2019-05-14T00:00:00Z,9758.679967975995
126,2019-05-15T00:00:00Z,9755.936100801882
127,2019-05-16T00:00:00Z,9772.981878933073
128,2019-05-17T00:00:00Z,9771.164904099813
129,2019-05-19T00:00:00Z,9771.164904099813
130,2019-05-20T00:00:00Z,9772.046796839846
131,2019-05-21T00:00:00Z,9769.825788725317
132,2019-05-22T00:00:00Z,9769.825788725317
133,2019-05-23T00:00:00Z,9769.825788725317
134,2019-05-24T00:00:00Z,9769.825788725317
135,2019-05-26T00:00:00Z,9769.825788725317
136,2019-05-27T00:00:00Z,9758.628598778194
137,2019-05-28T00:00:00Z,9756.146063783734
138,2019-05-29T00:00:00Z,9751.163683120596
139,2019-05-30T00:00:00Z,9749.379437044014
140,2019-05-31T00:00:00Z,9749.379437044014
141,2019-06-02T00:00:00Z,9756.261152751807
142,2019-06-03T00:00:00Z,9754.73639516012
143,2019-06-04T00:00:00Z,9754.73639516012
144,2019-06-05T00:00:00Z,9754.73639516012
145,2019-06-06T00:00:00Z,9725.303420331284
146,2019-06-07T00:00:00Z,9724.4029284273
147,2019-06-09T00:00:00Z,9723.424401136677
148,2019-06-10T00:00:00Z,9722.20822636577
149,2019-06-11T00:00:00Z,9729.507460594017
150,2019-06-12T00:00:00Z,9729.253421931471
151,2019-06-13T00:00:00Z,9729.253421931471
152,2019-06-14T00:00:00Z,9729.253421931471
153,2019-06-16T00:00:00Z,9729.253421931471
154,2019-06-17T00:00:00Z,9729.253421931471
155,2019-06-18T00:00:00Z,9729.253421931471
156,2019-06-19T00:00:00Z,9723.026734692106
157,2019-06-20T00:00:00Z,9720.987027508561
158,2019-06-21T00:00:00Z,9716.961396117074
159,2019-06-23T00:00:00Z,9710.102294703545
160,2019-06-24T00:00:00Z,9708.389105392349
161,2019-06-25T00:00:00Z,9705.835244195152
162,2019-06-26T00:00:00Z,9700.067288907743
163,2019-06-27T00:00:00Z,9698.980134707288
164,2019-06-28T00:00:00Z,9721.082628633312
165,2019-06-30T00:00:00Z,9686.87993127627
166,2019-07-01T00:00:00Z,9701.777247068052
167,2019-07-02T00:00:00Z,9699.320016221613
168,2019-07-03T00:00:00Z,9699.320016221613
169,2019-07-04T00:00:00Z,9699.320016221613
170,2019-07-05T00:00:00Z,9678.131926958045
171,2019-07-07T00:00:00Z,9677.012539975722
172,2019-07-08T00:00:00Z,9679.452636946378
173,2019-07-09T00:00:00Z,9676.955025783082
174,2019-07-10T00:00:00Z,9635.643812198208
175,2019-07-11T00:00:00Z,9632.727531071756
176,2019-07-12T00:00:00Z,9632.171492761698
177,2019-07-14T00:00:00Z,9631.510561094516
178,2019-07-15T00:00:00Z,9644.61171101732
179,2019-07-16T00:00:00Z,9641.963192918474
180,2019-07-17T00:00:00Z,9662.805649326394
181,2019-07-18T00:00:00Z,9661.2720835146
182,2019-07-19T00:00:00Z,9660.165203272269
183,2019-07-21T00:00:00Z,9667.58668318617
184,2019-07-22T00:00:00Z,9667.58668318617
185,2019-07-23T00:00:00Z,9667.58668318617
186,2019-07-24T00:00:00Z,9667.58668318617
187,2019-07-25T00:00:00Z,9667.58668318617
188,2019-07-26T00:00:00Z,9667.58668318617
189,2019-07-28T00:00:00Z,9666.936818274602
190,2019-07-29T00:00:00Z,9664.497084280029
191,2019-07-30T00:00:00Z,9687.99738140014
192,2019-07-31T00:00:00Z,9685.505216362108
193,2019-08-01T00:00:00Z,9685.505216362108
194,2019-08-02T00:00:00Z,9685.505216362108
195,2019-08-04T00:00:00Z,9684.119476967226
196,2019-08-05T00:00:00Z,9681.919060326947
197,2019-08-06T00:00:00Z,9681.919060326947
198,2019-08-07T00:00:00Z,9681.919060326947
199,2019-08-08T00:00:00Z,9690.535805321104
200,2019-08-09T00:00:00Z,9688.381132924156
201,2019-08-11T00:00:00Z,9684.992605962432
202,2019-08-12T00:00:00Z,9683.335288968747
203,2019-08-13T00:00:00Z,9683.335288968747
204,2019-08-14T00:00:00Z,9683.335288968747
205,2019-08-15T00:00:00Z,9684.680533558048
206,2019-08-16T00:00:00Z,9683.260952742983
207,2019-08-18T00:00:00Z,9683.260952742983
208,2019-08-19T00:00:00Z,9683.260952742983
209,2019-08-20T00:00:00Z,9683.260952742983
210,2019-08-21T00:00:00Z,9683.260952742983
211,2019-08-22T00:00:00Z,9683.260952742983
212,2019-08-23T00:00:00Z,9710.846684058346
213,2019-08-25T00:00:00Z,9724.441314889416
214,2019-08-26T00:00:00Z,9735.407058653731
215,2019-08-27T00:00:00Z,9733.321567043784
216,2019-08-28T00:00:00Z,9736.31747804562
217,2019-08-29T00:00:00Z,9734.672276485242
218,2019-08-30T00:00:00Z,9734.672276485242
219,2019-09-01T00:00:00Z,9734.672276485242
220,2019-09-02T00:00:00Z,9729.264715872927
221,2019-09-03T00:00:00Z,9727.581212319921
222,2019-09-04T00:00:00Z,9770.206231446822
223,2019-09-05T00:00:00Z,9768.377069244309
224,2019-09-06T00:00:00Z,9768.377069244309
225,2019-09-08T00:00:00Z,9769.122162138981
226,2019-09-09T00:00:00Z,9767.437634381171
227,2019-09-10T00:00:00Z,9767.437634381171
228,2019-09-11T00:00:00Z,9767.437634381171
229,2019-09-12T00:00:00Z,9767.437634381171
230,2019-09-13T00:00:00Z,9767.437634381171
231,2019-09-16T00:00:00Z,9814.890317364343
232,2019-09-17T00:00:00Z,9813.988067202903
233,2019-09-18T00:00:00Z,9813.988067202903
234,2019-09-19T00:00:00Z,9823.433807273417
235,2019-09-20T00:00:00Z,9821.902069819398
236,2019-09-22T00:00:00Z,9821.902069819398
237,2019-09-23T00:00:00Z,9815.469459481123
238,2019-09-24T00:00:00Z,9813.83671040011
239,2019-09-25T00:00:00Z,9810.856409894614
240,2019-09-26T00:00:00Z,9809.665037164228
241,2019-09-27T00:00:00Z,9809.665037164228
242,2019-09-29T00:00:00Z,9809.665037164228
243,2019-09-30T00:00:00Z,9809.665037164228
244,2019-10-01T00:00:00Z,9809.665037164228
245,2019-10-02T00:00:00Z,9809.665037164228
246,2019-10-03T00:00:00Z,9809.665037164228
247,2019-10-04T00:00:00Z,9809.665037164228
248,2019-10-06T00:00:00Z,9808.509197613232
249,2019-10-07T00:00:00Z,9806.28178178956
250,2019-10-08T00:00:00Z,9806.28178178956
251,2019-10-09T00:00:00Z,9806.28178178956
252,2019-10-10T00:00:00Z,9806.28178178956
253,2019-10-11T00:00:00Z,9806.28178178956
254,2019-10-13T00:00:00Z,9802.61133228531
255,2019-10-14T00:00:00Z,9800.388103310566
256,2019-10-15T00:00:00Z,9810.358502056952
257,2019-10-16T00:00:00Z,9808.506426467173
258,2019-10-17T00:00:00Z,9831.201569003368
259,2019-10-18T00:00:00Z,9829.319911171815
260,2019-10-20T00:00:00Z,9830.125190054718
261,2019-10-21T00:00:00Z,9828.60129609266
262,2019-10-22T00:00:00Z,9828.60129609266
263,2019-10-23T00:00:00Z,9789.731618181082
264,2019-10-24T00:00:00Z,9787.853317500156
265,2019-10-25T00:00:00Z,9773.58502374118
266,2019-10-27T00:00:00Z,9771.627442871712
267,2019-10-28T00:00:00Z,9792.355967497451
268,2019-10-29T00:00:00Z,9789.42850622494
269,2019-10-30T00:00:00Z,9802.33272934856
270,2019-10-31T00:00:00Z,9799.373985947206
271,2019-11-01T00:00:00Z,9849.089579489148
272,2019-11-03T00:00:00Z,9850.639135826852
273,2019-11-04T00:00:00Z,9838.100582747487
274,2019-11-05T00:00:00Z,9835.74949093609
275,2019-11-06T00:00:00Z,9852.041640717649
276,2019-11-07T00:00:00Z,9849.864166006766
277,2019-11-08T00:00:00Z,9836.518320530908
278,2019-11-10T00:00:00Z,9840.669707056059
279,2019-11-11T00:00:00Z,9850.95018183173
280,2019-11-12T00:00:00Z,9848.119479101179
281,2019-11-13T00:00:00Z,9826.722456010308
282,2019-11-14T00:00:00Z,9824.455137147983
283,2019-11-15T00:00:00Z,9799.655092916104
284,2019-11-17T00:00:00Z,9800.365055691045
285,2019-11-18T00:00:00Z,9800.365055691045
286,2019-11-19T00:00:00Z,9800.365055691045
287,2019-11-20T00:00:00Z,9800.365055691045
288,2019-11-21T00:00:00Z,9831.118089554313
289,2019-11-22T00:00:00Z,9828.878009489552
290,2019-11-24T00:00:00Z,9830.2637778995
291,2019-11-25T00:00:00Z,9828.074784244498
292,2019-11-26T00:00:00Z,9834.18512482753
293,2019-11-27T00:00:00Z,9831.17599007262
294,2019-11-28T00:00:00Z,9831.385534420282
295,2019-11-29T00:00:00Z,9828.985538595336
296,2019-12-01T00:00:00Z,9829.997445517867
297,2019-12-02T00:00:00Z,9827.83382381653
298,2019-12-03T00:00:00Z,9835.204854473162
299,2019-12-04T00:00:00Z,9832.854513902146
300,2019-12-05T00:00:00Z,9828.582360899176
301,2019-12-06T00:00:00Z,9826.419272313477
302,2019-12-08T00:00:00Z,9826.419272313477
303,2019-12-09T00:00:00Z,9820.70231205765
304,2019-12-10T00:00:00Z,9818.08204802589
305,2019-12-11T00:00:00Z,9809.015601652678
306,2019-12-12T00:00:00Z,9806.482227616509
307,2019-12-13T00:00:00Z,9819.679110703137
308,2019-12-16T00:00:00Z,9812.373629573684
309,2019-12-17T00:00:00Z,9812.373629573684
310,2019-12-18T00:00:00Z,9812.373629573684
311,2019-12-19T00:00:00Z,9816.790776469072
312,2019-12-20T00:00:00Z,9814.016682790287
313,2019-12-22T00:00:00Z,9813.103692441446
314,2019-12-23T00:00:00Z,9809.648539043286
315,2019-12-24T00:00:00Z,9786.748473882099
316,2019-12-25T00:00:00Z,9774.249174820838
317,2019-12-26T00:00:00Z,9774.249174820838
318,2019-12-27T00:00:00Z,9774.249174820838
319,2019-12-29T00:00:00Z,9774.249174820838
320,2019-12-30T00:00:00Z,9765.526954687399
321,2019-12-31T00:00:00Z,9760.069337664137
322,2020-01-01T00:00:00Z,9749.803949095834
323,2020-01-02T00:00:00Z,9745.423582984165
324,2020-01-03T00:00:00Z,9830.8500949236
325,2020-01-05T00:00:00Z,9869.652354553906
326,2020-01-06T00:00:00Z,9869.652354553906
327,2020-01-07T00:00:00Z,9869.652354553906
328,2020-01-08T00:00:00Z,9869.652354553906
329,2020-01-09T00:00:00Z,9869.652354553906
330,2020-01-10T00:00:00Z,9860.121420314266
331,2020-01-12T00:00:00Z,9852.620796030324
332,2020-01-13T00:00:00Z,9852.620796030324
333,2020-01-14T00:00:00Z,9852.620796030324
334,2020-01-15T00:00:00Z,9852.620796030324
335,2020-01-16T00:00:00Z,9852.620796030324
336,2020-01-17T00:00:00Z,9852.620796030324
337,2020-01-19T00:00:00Z,9852.620796030324
338,2020-01-20T00:00:00Z,9852.620796030324
339,2020-01-21T00:00:00Z,9852.620796030324
340,2020-01-22T00:00:00Z,9852.620796030324
341,2020-01-23T00:00:00Z,9859.809890526012
342,2020-01-24T00:00:00Z,9858.046928131072
343,2020-01-26T00:00:00Z,9867.845193358251
344,2020-01-27T00:00:00Z,9864.980368135668
345,2020-01-28T00:00:00Z,9864.980368135668
346,2020-01-29T00:00:00Z,9878.498568270952
347,2020-01-30T00:00:00Z,9876.395783145023
348,2020-01-31T00:00:00Z,9904.502914342138
349,2020-02-02T00:00:00Z,9912.109936371242
350,2020-02-03T00:00:00Z,9883.682538913063
351,2020-02-04T00:00:00Z,9881.840182854126
352,2020-02-05T00:00:00Z,9912.222357010498
353,2020-02-06T00:00:00Z,9910.189291601897
354,2020-02-07T00:00:00Z,9910.189291601897
355,2020-02-09T00:00:00Z,9910.189291601897
356,2020-02-10T00:00:00Z,9910.189291601897
357,2020-02-11T00:00:00Z,9910.189291601897
358,2020-02-12T00:00:00Z,9910.189291601897
359,2020-02-13T00:00:00Z,9910.189291601897
360,2020-02-14T00:00:00Z,9910.189291601897
361,2020-02-16T00:00:00Z,9910.189291601897
362,2020-02-17T00:00:00Z,9911.246413035
363,2020-02-18T00:00:00Z,9908.89919995272
364,2020-02-19T00:00:00Z,9908.89919995272
365,2020-02-20T00:00:00Z,9908.89919995272
366,2020-02-21T00:00:00Z,9908.89919995272
367,2020-02-23T00:00:00Z,9908.89919995272
368,2020-02-24T00:00:00Z,9923.784157093774
369,2020-02-25T00:00:00Z,9921.46280928597
370,2020-02-26T00:00:00Z,9921.46280928597
371,2020-02-27T00:00:00Z,9870.730778833386
372,2020-02-28T00:00:00Z,9820.384067527197
373,2020-03-01T00:00:00Z,9824.034502547885
374,2020-03-02T00:00:00Z,9822.769563357724
375,2020-03-03T00:00:00Z,9804.372617349525
376,2020-03-04T00:00:00Z,9802.61083798503
377,2020-03-05T00:00:00Z,9782.722231509677
378,2020-03-06T00:00:00Z,9781.507049519525
379,2020-03-08T00:00:00Z,9781.507049519525
380,2020-03-09T00:00:00Z,9781.895480540956
381,2020-03-10T00:00:00Z,9780.6237031046
382,2020-03-11T00:00:00Z,9788.236877166877
383,2020-03-12T00:00:00Z,9787.513608897798
384,2020-03-13T00:00:00Z,9770.107516679787
385,2020-03-15T00:00:00Z,9775.333942573663
386,2020-03-16T00:00:00Z,9775.333942573663
387,2020-03-17T00:00:00Z,9775.333942573663
388,2020-03-18T00:00:00Z,9797.6990686818
389,2020-03-19T00:00:00Z,9797.33635960775
390,2020-03-20T00:00:00Z,9816.80610997633
391,2020-03-22T00:00:00Z,9825.403105648087
392,2020-03-23T00:00:00Z,9843.53487182481
393,2020-03-24T00:00:00Z,9843.104814793482
394,2020-03-25T00:00:00Z,9845.612908661296
395,2020-03-26T00:00:00Z,9845.252837850543
396,2020-03-27T00:00:00Z,9855.832073872698
397,2020-03-29T00:00:00Z,9868.614464642933
398,2020-03-30T00:00:00Z,9868.614464642933
399,2020-03-31T00:00:00Z,9868.614464642933
400,2020-04-01T00:00:00Z,9858.637132707627
401,2020-04-02T00:00:00Z,9858.278297347499
402,2020-04-03T00:00:00Z,9818.639062750177
403,2020-04-05T00:00:00Z,9848.381466484196
404,2020-04-06T00:00:00Z,9841.189300995222
405,2020-04-07T00:00:00Z,9840.54957310413
406,2020-04-08T00:00:00Z,9819.53617816622
407,2020-04-09T00:00:00Z,9818.521726249206
408,2020-04-12T00:00:00Z,9822.946229861465
409,2020-04-13T00:00:00Z,9822.322575445422
410,2020-04-14T00:00:00Z,9843.069615074033
411,2020-04-15T00:00:00Z,9842.476823378413
412,2020-04-16T00:00:00Z,9845.882165258234
413,2020-04-17T00:00:00Z,9845.306053997607
414,2020-04-19T00:00:00Z,9845.306053997607
415,2020-04-20T00:00:00Z,9873.954537932499
416,2020-04-21T00:00:00Z,9873.14256253781
417,2020-04-22T00:00:00Z,9868.963612855636
418,2020-04-23T00:00:00Z,9868.70935814941
419,2020-04-24T00:00:00Z,9868.70935814941
420,2020-04-26T00:00:00Z,9868.897174695716
421,2020-04-27T00:00:00Z,9868.672570140936
422,2020-04-28T00:00:00Z,9868.672570140936
423,2020-04-29T00:00:00Z,9868.672570140936
424,2020-04-30T00:00:00Z,9868.672570140936
425,2020-05-01T00:00:00Z,9868.672570140936
426,2020-05-03T00:00:00Z,9868.672570140936
427,2020-05-04T00:00:00Z,9868.672570140936
428,2020-05-05T00:00:00Z,9868.672570140936
429,2020-05-06T00:00:00Z,9882.388552612314
430,2020-05-07T00:00:00Z,9881.795266100253
431,2020-05-08T00:00:00Z,9881.795266100253
432,2020-05-10T00:00:00Z,9881.795266100253
433,2020-05-11T00:00:00Z,9881.795266100253
434,2020-05-12T00:00:00Z,9881.795266100253
435,2020-05-13T00:00:00Z,9881.795266100253
436,2020-05-14T00:00:00Z,9857.36208475875
437,2020-05-15T00:00:00Z,9856.438922787427
438,2020-05-17T00:00:00Z,9856.438922787427
439,2020-05-18T00:00:00Z,9824.78495990554
440,2020-05-19T00:00:00Z,9824.169096516815
441,2020-05-20T00:00:00Z,9796.991230243872
442,2020-05-21T00:00:00Z,9796.372842712297
443,2020-05-22T00:00:00Z,9804.558634978604
444,2020-05-24T00:00:00Z,9805.754504758284
445,2020-05-25T00:00:00Z,9805.754504758284
446,2020-05-26T00:00:00Z,9805.754504758284
447,2020-05-27T00:00:00Z,9805.754504758284
448,2020-05-28T00:00:00Z,9805.754504758284
449,2020-05-29T00:00:00Z,9805.754504758284
450,2020-05-31T00:00:00Z,9805.754504758284
451,2020-06-01T00:00:00Z,9801.666057538758
452,2020-06-02T00:00:00Z,9800.584918084562
453,2020-06-03T00:00:00Z,9800.584918084562
454,2020-06-04T00:00:00Z,9800.584918084562
455,2020-06-05T00:00:00Z,9768.969517497428
456,2020-06-07T00:00:00Z,9762.420327376878
457,2020-06-08T00:00:00Z,9789.495507944072
458,2020-06-09T00:00:00Z,9788.496158872855
459,2020-06-10T00:00:00Z,9788.496158872855
460,2020-06-11T00:00:00Z,9788.496158872855
461,2020-06-12T00:00:00Z,9799.768224122468
462,2020-06-14T00:00:00Z,9788.249082888593
463,2020-06-15T00:00:00Z,9811.839516809996
464,2020-06-16T00:00:00Z,9810.73642982879
465,2020-06-17T00:00:00Z,9810.73642982879
466,2020-06-18T00:00:00Z,9810.73642982879
467,2020-06-19T00:00:00Z,9810.73642982879
468,2020-06-21T00:00:00Z,9810.73642982879
469,2020-06-22T00:00:00Z,9792.823469945142
470,2020-06-23T00:00:00Z,9791.819153032435
471,2020-06-24T00:00:00Z,9791.819153032435
472,2020-06-25T00:00:00Z,9791.819153032435
473,2020-06-26T00:00:00Z,9791.819153032435
474,2020-06-28T00:00:00Z,9791.819153032435
475,2020-06-29T00:00:00Z,9818.491381654734
476,2020-06-30T00:00:00Z,9817.251658886662
477,2020-07-01T00:00:00Z,9817.514606319111
478,2020-07-02T00:00:00Z,9815.931068787897
479,2020-07-03T00:00:00Z,9815.931068787897
480,2020-07-05T00:00:00Z,9815.931068787897
481,2020-07-06T00:00:00Z,9815.931068787897
482,2020-07-07T00:00:00Z,9815.931068787897
483,2020-07-08T00:00:00Z,9815.931068787897
484,2020-07-09T00:00:00Z,9815.931068787897
485,2020-07-10T00:00:00Z,9836.310189768128
486,2020-07-12T00:00:00Z,9831.649686680463
487,2020-07-13T00:00:00Z,9815.337457471576
488,2020-07-14T00:00:00Z,9813.300281688527
489,2020-07-15T00:00:00Z,9824.07305198504
490,2020-07-16T00:00:00Z,9822.085541580045
491,2020-07-17T00:00:00Z,9822.085541580045
492,2020-07-19T00:00:00Z,9822.085541580045
493,2020-07-20T00:00:00Z,9822.085541580045
494,2020-07-21T00:00:00Z,9822.085541580045
495,2020-07-22T00:00:00Z,9822.085541580045
496,2020-07-23T00:00:00Z,9803.04640043889
497,2020-07-24T00:00:00Z,9800.828215365978
498,2020-07-26T00:00:00Z,9805.610120010522
499,2020-07-27T00:00:00Z,9803.491892452983
500,2020-07-28T00:00:00Z,9782.023994606789
501,2020-07-29T00:00:00Z,9779.279588747262
502,2020-07-30T00:00:00Z,9779.279588747262
503,2020-07-31T00:00:00Z,9781.221548332353
504,2020-08-02T00:00:00Z,9775.64294780471
505,2020-08-03T00:00:00Z,9788.540452545565
506,2020-08-04T00:00:00Z,9786.800182903424
507,2020-08-05T00:00:00Z,9802.583608151044
508,2020-08-06T00:00:00Z,9799.96736583987
509,2020-08-07T00:00:00Z,9810.216240350059
510,2020-08-09T00:00:00Z,9812.644277294932
511,2020-08-10T00:00:00Z,9812.644277294932
512,2020-08-11T00:00:00Z,9812.644277294932
513,2020-08-12T00:00:00Z,9835.728317823306
514,2020-08-13T00:00:00Z,9833.908760649952
515,2020-08-14T00:00:00Z,9833.908760649952
516,2020-08-16T00:00:00Z,9834.208486236264
517,2020-08-17T00:00:00Z,9832.111807423678
518,2020-08-18T00:00:00Z,9832.111807423678
519,2020-08-19T00:00:00Z,9832.111807423678
520,2020-08-20T00:00:00Z,9832.111807423678
521,2020-08-21T00:00:00Z,9832.111807423678
522,2020-08-23T00:00:00Z,9832.111807423678
523,2020-08-24T00:00:00Z,9826.505917703618
524,2020-08-25T00:00:00Z,9824.075708618824
525,2020-08-26T00:00:00Z,9820.283070245272
526,2020-08-27T00:00:00Z,9817.866203017451
527,2020-08-28T00:00:00Z,9817.866203017451
528,2020-08-30T00:00:00Z,9817.866203017451
529,2020-08-31T00:00:00Z,9817.866203017451
530,2020-09-01T00:00:00Z,9817.866203017451
531,2020-09-02T00:00:00Z,9767.155908038801
532,2020-09-03T00:00:00Z,9716.860735643588
533,2020-09-04T00:00:00Z,9666.925070961977
534,2020-09-06T00:00:00Z,9646.847531234163
535,2020-09-07T00:00:00Z,9644.995545146352
536,2020-09-08T00:00:00Z,9595.561803459585
537,2020-09-09T00:00:00Z,9595.561803459585
538,2020-09-10T00:00:00Z,9595.561803459585
539,2020-09-11T00:00:00Z,9595.561803459585
540,2020-09-13T00:00:00Z,9590.383023424874
541,2020-09-14T00:00:00Z,9588.714438941412
542,2020-09-15T00:00:00Z,9557.77421358148
543,2020-09-16T00:00:00Z,9556.029217110834
544,2020-09-17T00:00:00Z,9540.292500932692
545,2020-09-18T00:00:00Z,9539.103349893649
546,2020-09-20T00:00:00Z,9537.929030155412
547,2020-09-21T00:00:00Z,9536.33871645575
548,2020-09-22T00:00:00Z,9539.951733117587
549,2020-09-23T00:00:00Z,9538.32034588655
550,2020-09-24T00:00:00Z,9538.32034588655
551,2020-09-25T00:00:00Z,9541.215556152676
552,2020-09-27T00:00:00Z,9538.539423780596
553,2020-09-28T00:00:00Z,9538.539423780596
554,2020-09-29T00:00:00Z,9489.78847694234
555,2020-09-30T00:00:00Z,9489.78847694234
556,2020-10-01T00:00:00Z,9489.78847694234
557,2020-10-02T00:00:00Z,9456.525775984
558,2020-10-04T00:00:00Z,9457.158820907685
559,2020-10-05T00:00:00Z,9499.7864741664
560,2020-10-06T00:00:00Z,9498.076469186057
561,2020-10-07T00:00:00Z,9501.04760415461
562,2020-10-08T00:00:00Z,9499.30894208704
563,2020-10-09T00:00:00Z,9512.170816834903
564,2020-10-11T00:00:00Z,9515.892442552255
565,2020-10-12T00:00:00Z,9515.892442552255
566,2020-10-13T00:00:00Z,9515.892442552255
567,2020-10-14T00:00:00Z,9515.892442552255
568,2020-10-15T00:00:00Z,9508.277395580768
569,2020-10-16T00:00:00Z,9505.864005324502
570,2020-10-18T00:00:00Z,9505.864005324502
571,2020-10-19T00:00:00Z,9505.864005324502
572,2020-10-20T00:00:00Z,9505.864005324502
573,2020-10-21T00:00:00Z,9505.864005324502
574,2020-10-22T00:00:00Z,9522.034386869918
575,2020-10-23T00:00:00Z,9519.297804467222
576,2020-10-25T00:00:00Z,9529.913014021142
577,2020-10-26T00:00:00Z,9527.718228807102
578,2020-10-27T00:00:00Z,9532.315087145507
579,2020-10-28T00:00:00Z,9530.574877219846
580,2020-10-29T00:00:00Z,9481.999863246838
581,2020-10-30T00:00:00Z,9470.828720096319
582,2020-11-01T00:00:00Z,9444.640668807833
583,2020-11-02T00:00:00Z,9512.853709599
584,2020-11-03T00:00:00Z,9511.251728479647
585,2020-11-04T00:00:00Z,9511.251728479647
586,2020-11-05T00:00:00Z,9511.251728479647
587,2020-11-06T00:00:00Z,9511.251728479647
588,2020-11-08T00:00:00Z,9500.149472069543
589,2020-11-09T00:00:00Z,9498.664556832255
590,2020-11-10T00:00:00Z,9464.268532889892
591,2020-11-11T00:00:00Z,9462.952510524541
592,2020-11-12T00:00:00Z,9474.112028928106
593,2020-11-13T00:00:00Z,9472.936637460689
594,2020-11-15T00:00:00Z,9468.670558244452
595,2020-11-16T00:00:00Z,9467.448879583657
596,2020-11-17T00:00:00Z,9467.448879583657
597,2020-11-18T00:00:00Z,9467.448879583657
598,2020-11-19T00:00:00Z,9467.448879583657
599,2020-11-20T00:00:00Z,9467.448879583657
600,2020-11-22T00:00:00Z,9466.378991902135
601,2020-11-23T00:00:00Z,9464.64995347172
602,2020-11-24T00:00:00Z,9464.64995347172
603,2020-11-25T00:00:00Z,9484.163918047458
604,2020-11-26T00:00:00Z,9482.345568023426
605,2020-11-27T00:00:00Z,9495.118608035653
606,2020-11-29T00:00:00Z,9481.165020379265
607,2020-11-30T00:00:00Z,9480.237789029592
608,2020-12-01T00:00:00Z,9477.894736965467
609,2020-12-02T00:00:00Z,9494.26311599717
610,2020-12-03T00:00:00Z,9492.15474950863
611,2020-12-04T00:00:00Z,9499.619833961402
612,2020-12-06T00:00:00Z,9500.771463115814
613,2020-12-07T00:00:00Z,9500.771463115814
614,2020-12-08T00:00:00Z,9500.771463115814
615,2020-12-09T00:00:00Z,9500.771463115814
616,2020-12-10T00:00:00Z,9534.206014357977
617,2020-12-11T00:00:00Z,9532.048679493058
618,2020-12-13T00:00:00Z,9530.088744895611
619,2020-12-14T00:00:00Z,9528.12963749181
620,2020-12-15T00:00:00Z,9541.709752966448
621,2020-12-16T00:00:00Z,9539.11875481258
622,2020-12-17T00:00:00Z,9539.11875481258
623,2020-12-18T00:00:00Z,9539.11875481258
624,2020-12-20T00:00:00Z,9539.11875481258
625,2020-12-21T00:00:00Z,9539.11875481258
626,2020-12-22T00:00:00Z,9539.11875481258
627,2020-12-23T00:00:00Z,9539.11875481258
628,2020-12-24T00:00:00Z,9541.958427804677
629,2020-12-27T00:00:00Z,9530.72159770113
630,2020-12-28T00:00:00Z,9525.956765008452
631,2020-12-29T00:00:00Z,9523.747629340081
632,2020-12-30T00:00:00Z,9523.747629340081
633,2020-12-31T00:00:00Z,9523.747629340081
634,2021-01-03T00:00:00Z,9523.747629340081
635,2021-01-04T00:00:00Z,9550.692020188199
636,2021-01-05T00:00:00Z,9548.203488607855
637,2021-01-06T00:00:00Z,9530.02042509344
638,2021-01-07T00:00:00Z,9528.161579489522
639,2021-01-08T00:00:00Z,9486.571124684882
640,2021-01-10T00:00:00Z,9487.154220945667
641,2021-01-11T00:00:00Z,9489.211452248323
642,2021-01-12T00:00:00Z,9486.998173647487
643,2021-01-13T00:00:00Z,9500.532810470346
644,2021-01-14T00:00:00Z,9498.151476149433
645,2021-01-15T00:00:00Z,9498.151476149433
646,2021-01-17T00:00:00Z,9498.151476149433
647,2021-01-18T00:00:00Z,9498.151476149433
648,2021-01-19T00:00:00Z,9498.151476149433
649,2021-01-20T00:00:00Z,9498.151476149433
650,2021-01-21T00:00:00Z,9497.297712054095
651,2021-01-22T00:00:00Z,9494.956827532056
652,2021-01-24T00:00:00Z,9496.826248694933
653,2021-01-25T00:00:00Z,9493.932777844166
654,2021-01-26T00:00:00Z,9488.61453022228
655,2021-01-27T00:00:00Z,9485.743060873865
656,2021-01-28T00:00:00Z,9485.743060873865
657,2021-01-29T00:00:00Z,9485.743060873865
658,2021-01-31T00:00:00Z,9485.743060873865
659,2021-02-01T00:00:00Z,9532.23314272211
660,2021-02-02T00:00:00Z,9529.330662049435
661,2021-02-03T00:00:00Z,9529.330662049435
662,2021-02-04T00:00:00Z,9529.330662049435
663,2021-02-05T00:00:00Z,9512.426585672049
664,2021-02-07T00:00:00Z,9508.973841298777
665,2021-02-08T00:00:00Z,9508.973841298777
666,2021-02-09T00:00:00Z,9508.973841298777
667,2021-02-10T00:00:00Z,9508.973841298777
668,2021-02-11T00:00:00Z,9508.973841298777
669,2021-02-12T00:00:00Z,9508.973841298777
670,2021-02-14T00:00:00Z,9508.973841298777
671,2021-02-15T00:00:00Z,9508.973841298777
672,2021-02-16T00:00:00Z,9508.973841298777
673,2021-02-17T00:00:00Z,9508.973841298777
674,2021-02-18T00:00:00Z,9559.44957912686
675,2021-02-19T00:00:00Z,9556.517146679395
676,2021-02-21T00:00:00Z,9564.678579956211
677,2021-02-22T00:00:00Z,9561.901454235262
678,2021-02-23T00:00:00Z,9561.901454235262
679,2021-02-24T00:00:00Z,9512.813414085984
680,2021-02-25T00:00:00Z,9508.668783786063
681,2021-02-26T00:00:00Z,9506.597904687997
682,2021-02-28T00:00:00Z,9506.597904687997
683,2021-03-01T00:00:00Z,9506.597904687997
684,2021-03-02T00:00:00Z,9506.597904687997
685,2021-03-03T00:00:00Z,9527.169995382776
686,2021-03-04T00:00:00Z,9525.375513368645
687,2021-03-05T00:00:00Z,9525.375513368645
688,2021-03-07T00:00:00Z,9530.086951427924
689,2021-03-08T00:00:00Z,9528.452473059697
690,2021-03-09T00:00:00Z,9539.976002786072
691,2021-03-10T00:00:00Z,9538.431599437787
692,2021-03-11T00:00:00Z,9519.83546885144
693,2021-03-12T00:00:00Z,9518.417133107276
694,2021-03-14T00:00:00Z,9512.898271638596
695,2021-03-15T00:00:00Z,9511.362430481897
696,2021-03-16T00:00:00Z,9515.811850490567
697,2021-03-17T00:00:00Z,9514.12946772896
698,2021-03-18T00:00:00Z,9514.12946772896
699,2021-03-19T00:00:00Z,9490.382468696995
700,2021-03-21T00:00:00Z,9489.366993813548
701,2021-03-22T00:00:00Z,9493.67116333566
702,2021-03-23T00:00:00Z,9492.104202194085
703,2021-03-24T00:00:00Z,9492.104202194085
704,2021-03-25T00:00:00Z,9492.104202194085
705,2021-03-26T00:00:00Z,9463.776154338402
706,2021-03-28T00:00:00Z,9463.167519361165
707,2021-03-29T00:00:00Z,9463.167519361165
708,2021-03-30T00:00:00Z,9463.167519361165
709,2021-03-31T00:00:00Z,9463.167519361165
710,2021-04-01T00:00:00Z,9463.167519361165
711,2021-04-02T00:00:00Z,9460.357317731925
712,2021-04-04T00:00:00Z,9456.449046683534
713,2021-04-05T00:00:00Z,9456.449046683534
714,2021-04-06T00:00:00Z,9458.80642078311
715,2021-04-07T00:00:00Z,9457.338937134722
716,2021-04-08T00:00:00Z,9457.338937134722
717,2021-04-09T00:00:00Z,9449.656482809582
718,2021-04-11T00:00:00Z,9448.865495528958
719,2021-04-12T00:00:00Z,9450.627767711369
720,2021-04-13T00:00:00Z,9448.884568930667
721,2021-04-14T00:00:00Z,9490.526112554531
722,2021-04-15T00:00:00Z,9488.5076522701
723,2021-04-16T00:00:00Z,9488.5076522701
724,2021-04-18T00:00:00Z,9488.5076522701
725,2021-04-19T00:00:00Z,9488.5076522701
726,2021-04-20T00:00:00Z,9488.5076522701
727,2021-04-21T00:00:00Z,9462.582129063794
728,2021-04-22T00:00:00Z,9460.681622707445
729,2021-04-23T00:00:00Z,9462.97507246131
730,2021-04-25T00:00:00Z,9462.1200853128
731,2021-04-26T00:00:00Z,9462.657300108773
732,2021-04-27T00:00:00Z,9460.028914911232
733,2021-04-28T00:00:00Z,9475.649055965201
734,2021-04-29T00:00:00Z,9473.435327130535
735,2021-04-30T00:00:00Z,9443.28480090768
736,2021-05-02T00:00:00Z,9442.63357879359
737,2021-05-03T00:00:00Z,9461.395115347697
738,2021-05-04T00:00:00Z,9458.260723398176
739,2021-05-05T00:00:00Z,9432.911248986471
740,2021-05-06T00:00:00Z,9430.540671127186
741,2021-05-07T00:00:00Z,9426.386144225866
742,2021-05-09T00:00:00Z,9432.803865630798
743,2021-05-10T00:00:00Z,9419.231866566985
744,2021-05-11T00:00:00Z,9416.431784252914
745,2021-05-12T00:00:00Z,9418.005184763813
746,2021-05-13T00:00:00Z,9415.881366119736
747,2021-05-14T00:00:00Z,9445.984093654903
748,2021-05-16T00:00:00Z,9442.256564202191
749,2021-05-17T00:00:00Z,9456.809716160267
750,2021-05-18T00:00:00Z,9454.282555382639
751,2021-05-19T00:00:00Z,9405.83875149927
752,2021-05-20T00:00:00Z,9382.445906605804
753,2021-05-21T00:00:00Z,9380.242929876777
754,2021-05-23T00:00:00Z,9376.090825039548
755,2021-05-24T00:00:00Z,9374.09686428009
756,2021-05-25T00:00:00Z,9374.09686428009
757,2021-05-26T00:00:00Z,9374.09686428009
758,2021-05-27T00:00:00Z,9374.09686428009
759,2021-05-28T00:00:00Z,9374.09686428009
760,2021-05-30T00:00:00Z,9374.09686428009
761,2021-05-31T00:00:00Z,9374.09686428009
762,2021-06-01T00:00:00Z,9374.09686428009
763,2021-06-02T00:00:00Z,9374.09686428009
764,2021-06-03T00:00:00Z,9372.092401531569
765,2021-06-04T00:00:00Z,9369.90384938173
766,2021-06-06T00:00:00Z,9369.90384938173
767,2021-06-07T00:00:00Z,9352.134490913408
768,2021-06-08T00:00:00Z,9349.28524838632
769,2021-06-09T00:00:00Z,9339.048801027828
770,2021-06-10T00:00:00Z,9336.204219189493
771,2021-06-11T00:00:00Z,9348.64559416256
772,2021-06-13T00:00:00Z,9345.201276454216
773,2021-06-14T00:00:00Z,9344.108287966874
774,2021-06-15T00:00:00Z,9341.431594586162
775,2021-06-16T00:00:00Z,9315.742936097866
776,2021-06-17T00:00:00Z,9314.210972331382
777,2021-06-18T00:00:00Z,9322.489241177977
778,2021-06-20T00:00:00Z,9316.215435891796
779,2021-06-21T00:00:00Z,9349.873450946114
780,2021-06-22T00:00:00Z,9346.998908199545
781,2021-06-23T00:00:00Z,9350.940165502736
782,2021-06-24T00:00:00Z,9348.293376079644
783,2021-06-25T00:00:00Z,9361.459779510005
784,2021-06-27T00:00:00Z,9359.19137815728
785,2021-06-28T00:00:00Z,9326.451563114897
786,2021-06-29T00:00:00Z,9323.55891946536
787,2021-06-30T00:00:00Z,9322.18002839138
788,2021-07-01T00:00:00Z,9319.531976645178
789,2021-07-02T00:00:00Z,9317.403719944528
790,2021-07-04T00:00:00Z,9316.856619194243
791,2021-07-05T00:00:00Z,9338.669087332144
792,2021-07-06T00:00:00Z,9335.768280033566
793,2021-07-07T00:00:00Z,9287.694907607132
794,2021-07-08T00:00:00Z,9305.39417920876
795,2021-07-09T00:00:00Z,9302.952428427436
796,2021-07-12T00:00:00Z,9293.843281584304
797,2021-07-13T00:00:00Z,9290.908889624972
798,2021-07-14T00:00:00Z,9290.908889624972
799,2021-07-15T00:00:00Z,9290.908889624972
800,2021-07-16T00:00:00Z,9290.440522999632
801,2021-07-18T00:00:00Z,9277.579350179867
802,2021-07-19T00:00:00Z,9230.15922275116
803,2021-07-20T00:00:00Z,9230.15922275116
804,2021-07-21T00:00:00Z,9183.12298583909
805,2021-07-22T00:00:00Z,9183.12298583909
806,2021-07-23T00:00:00Z,9186.977802748772
807,2021-07-25T00:00:00Z,9185.912534637797
808,2021-07-26T00:00:00Z,9185.912534637797
809,2021-07-27T00:00:00Z,9185.912534637797
810,2021-07-28T00:00:00Z,9185.912534637797
811,2021-07-29T00:00:00Z,9185.912534637797
812,2021-07-30T00:00:00Z,9185.912534637797
813,2021-08-01T00:00:00Z,9185.81901364623
814,2021-08-02T00:00:00Z,9183.758328395577
815,2021-08-03T00:00:00Z,9183.758328395577
816,2021-08-04T00:00:00Z,9183.758328395577
817,2021-08-05T00:00:00Z,9197.641867057937
818,2021-08-06T00:00:00Z,9195.64236064638
819,2021-08-08T00:00:00Z,9190.67250195125
820,2021-08-09T00:00:00Z,9188.510712240197
821,2021-08-10T00:00:00Z,9215.073226534434
822,2021-08-11T00:00:00Z,9212.909689886
823,2021-08-12T00:00:00Z,9212.909689886
824,2021-08-13T00:00:00Z,9212.909689886
825,2021-08-15T00:00:00Z,9213.284482126877
826,2021-08-16T00:00:00Z,9211.417156206113
827,2021-08-17T00:00:00Z,9193.303525854366
828,2021-08-18T00:00:00Z,9191.319869833873
829,2021-08-19T00:00:00Z,9176.422741490045
830,2021-08-20T00:00:00Z,9174.424106033295
831,2021-08-22T00:00:00Z,9178.960932921123
832,2021-08-23T00:00:00Z,9177.05647722188
833,2021-08-24T00:00:00Z,9205.287689745732
834,2021-08-25T00:00:00Z,9203.113716667864
835,2021-08-26T00:00:00Z,9203.113716667864
836,2021-08-27T00:00:00Z,9203.113716667864
837,2021-08-29T00:00:00Z,9204.829795935413
838,2021-08-30T00:00:00Z,9202.460897209667
839,2021-08-31T00:00:00Z,9202.460897209667
840,2021-09-01T00:00:00Z,9205.152355705373
841,2021-09-02T00:00:00Z,9203.206713388949
842,2021-09-03T00:00:00Z,9203.206713388949
843,2021-09-05T00:00:00Z,9203.206713388949
844,2021-09-06T00:00:00Z,9203.206713388949
845,2021-09-07T00:00:00Z,9203.206713388949
846,2021-09-08T00:00:00Z,9203.206713388949
847,2021-09-09T00:00:00Z,9203.206713388949
848,2021-09-10T00:00:00Z,9203.206713388949
849,2021-09-12T00:00:00Z,9203.206713388949
850,2021-09-13T00:00:00Z,9203.206713388949
851,2021-09-14T00:00:00Z,9204.1985336273
852,2021-09-15T00:00:00Z,9201.545831698137
853,2021-09-16T00:00:00Z,9201.545831698137
854,2021-09-17T00:00:00Z,9187.626498171143
855,2021-09-19T00:00:00Z,9183.591403589064
856,2021-09-20T00:00:00Z,9183.591403589064
857,2021-09-21T00:00:00Z,9182.728315174878
858,2021-09-22T00:00:00Z,9180.180545211248
859,2021-09-23T00:00:00Z,9203.509090518111
860,2021-09-24T00:00:00Z,9201.11544977724
861,2021-09-26T00:00:00Z,9192.792553502815
862,2021-09-27T00:00:00Z,9190.367185387346
863,2021-09-28T00:00:00Z,9190.367185387346
864,2021-09-29T00:00:00Z,9190.367185387346
865,2021-09-30T00:00:00Z,9190.367185387346
866,2021-10-01T00:00:00Z,9190.367185387346
867,2021-10-03T00:00:00Z,9184.230880354005
868,2021-10-04T00:00:00Z,9182.26354185605
869,2021-10-05T00:00:00Z,9205.22968805823
870,2021-10-06T00:00:00Z,9203.046696711157
871,2021-10-07T00:00:00Z,9203.046696711157
872,2021-10-08T00:00:00Z,9203.046696711157
873,2021-10-10T00:00:00Z,9201.012434133752
874,2021-10-11T00:00:00Z,9199.128243295117
875,2021-10-12T00:00:00Z,9195.70697814738
876,2021-10-13T00:00:00Z,9193.956790296894
877,2021-10-14T00:00:00Z,9204.577732768032
878,2021-10-15T00:00:00Z,9202.616637002284
879,2021-10-17T00:00:00Z,9201.110583147716
880,2021-10-18T00:00:00Z,9199.146377591534
881,2021-10-19T00:00:00Z,9199.146377591534
882,2021-10-20T00:00:00Z,9214.942141828433
883,2021-10-21T00:00:00Z,9212.096503458077
884,2021-10-22T00:00:00Z,9212.096503458077
885,2021-10-24T00:00:00Z,9213.942813346355
886,2021-10-25T00:00:00Z,9211.75964638056
887,2021-10-26T00:00:00Z,9216.424683361813
888,2021-10-27T00:00:00Z,9214.32274209023
889,2021-10-28T00:00:00Z,9220.485653467955
890,2021-10-29T00:00:00Z,9217.848909570988
891,2021-10-31T00:00:00Z,9212.289974311507
892,2021-11-01T00:00:00Z,9210.233359803113
893,2021-11-02T00:00:00Z,9193.591658201292
894,2021-11-03T00:00:00Z,9191.384624732134
895,2021-11-04T00:00:00Z,9180.850062767176
896,2021-11-05T00:00:00Z,9179.06569975265
897,2021-11-07T00:00:00Z,9182.607538913135
898,2021-11-08T00:00:00Z,9180.69928904892
899,2021-11-09T00:00:00Z,9216.405500892468
900,2021-11-10T00:00:00Z,9214.193943943821
901,2021-11-11T00:00:00Z,9214.193943943821
902,2021-11-12T00:00:00Z,9214.193943943821
903,2021-11-14T00:00:00Z,9215.6744912064
904,2021-11-15T00:00:00Z,9213.948261162792
905,2021-11-16T00:00:00Z,9210.329206564773
906,2021-11-17T00:00:00Z,9208.356002401555
907,2021-11-18T00:00:00Z,9216.897352313206
908,2021-11-19T00:00:00Z,9215.180684897417
909,2021-11-21T00:00:00Z,9215.180684897417
910,2021-11-22T00:00:00Z,9215.180684897417
911,2021-11-23T00:00:00Z,9215.180684897417
912,2021-11-24T00:00:00Z,9214.884943815034
913,2021-11-25T00:00:00Z,9213.135411742856
914,2021-11-26T00:00:00Z,9343.016530357592
915,2021-11-28T00:00:00Z,9324.09486477422
916,2021-11-29T00:00:00Z,9328.934472720444
917,2021-11-30T00:00:00Z,9327.449894269577
918,2021-12-01T00:00:00Z,9332.751439944841
919,2021-12-02T00:00:00Z,9331.677174476741
920,2021-12-03T00:00:00Z,9339.904765088004
921,2021-12-05T00:00:00Z,9332.729650057538
922,2021-12-06T00:00:00Z,9313.760141598492
923,2021-12-07T00:00:00Z,9312.780226524104
924,2021-12-08T00:00:00Z,9305.778694747461
925,2021-12-09T00:00:00Z,9304.784556140221
926,2021-12-10T00:00:00Z,9292.309747695848
927,2021-12-12T00:00:00Z,9290.584444810122
928,2021-12-13T00:00:00Z,9299.693251070701
929,2021-12-14T00:00:00Z,9298.626388500186
930,2021-12-15T00:00:00Z,9298.626388500186
931,2021-12-16T00:00:00Z,9298.626388500186
932,2021-12-17T00:00:00Z,9298.626388500186
933,2021-12-19T00:00:00Z,9298.626388500186
934,2021-12-20T00:00:00Z,9298.626388500186
935,2021-12-21T00:00:00Z,9327.823241737582
936,2021-12-22T00:00:00Z,9326.284140401784
937,2021-12-23T00:00:00Z,9326.284140401784
938,2021-12-26T00:00:00Z,9325.366086036605
939,2021-12-27T00:00:00Z,9323.60076129125
940,2021-12-28T00:00:00Z,9317.375085326019
941,2021-12-29T00:00:00Z,9315.643821118307
942,2021-12-30T00:00:00Z,9317.06048658976
943,2021-12-31T00:00:00Z,9315.229097349991
944,2022-01-02T00:00:00Z,9311.59713396073
945,2022-01-03T00:00:00Z,9309.715257638467
946,2022-01-04T00:00:00Z,9309.715257638467
947,2022-01-05T00:00:00Z,9309.715257638467
948,2022-01-06T00:00:00Z,9309.715257638467
949,2022-01-07T00:00:00Z,9314.251672368368
950,2022-01-09T00:00:00Z,9315.120396097116
951,2022-01-10T00:00:00Z,9312.714717934143
952,2022-01-11T00:00:00Z,9310.475701271806
953,2022-01-12T00:00:00Z,9310.475701271806
954,2022-01-13T00:00:00Z,9310.475701271806
955,2022-01-14T00:00:00Z,9310.475701271806
956,2022-01-16T00:00:00Z,9310.475701271806
957,2022-01-17T00:00:00Z,9310.475701271806
958,2022-01-18T00:00:00Z,9310.475701271806
959,2022-01-19T00:00:00Z,9310.475701271806
960,2022-01-20T00:00:00Z,9310.475701271806
961,2022-01-21T00:00:00Z,9319.599060547334
962,2022-01-23T00:00:00Z,9319.563106593667
963,2022-01-24T00:00:00Z,9344.124032236805
964,2022-01-25T00:00:00Z,9341.672976426033
965,2022-01-26T00:00:00Z,9341.672976426033
966,2022-01-27T00:00:00Z,9339.569958191778
967,2022-01-28T00:00:00Z,9337.603238228328
968,2022-01-30T00:00:00Z,9339.838495039601
969,2022-01-31T00:00:00Z,9337.838176741643
970,2022-02-01T00:00:00Z,9337.838176741643
971,2022-02-02T00:00:00Z,9326.336095305944
972,2022-02-03T00:00:00Z,9324.349382177243
973,2022-02-04T00:00:00Z,9324.349382177243
974,2022-02-06T00:00:00Z,9324.349382177243
975,2022-02-07T00:00:00Z,9324.349382177243
976,2022-02-08T00:00:00Z,9324.349382177243
977,2022-02-09T00:00:00Z,9324.349382177243
978,2022-02-10T00:00:00Z,9324.349382177243
979,2022-02-11T00:00:00Z,9324.349382177243
980,2022-02-13T00:00:00Z,9324.349382177243
981,2022-02-14T00:00:00Z,9324.349382177243
982,2022-02-15T00:00:00Z,9324.349382177243
983,2022-02-16T00:00:00Z,9324.349382177243
984,2022-02-17T00:00:00Z,9326.393365884462
985,2022-02-18T00:00:00Z,9324.718481052869
986,2022-02-20T00:00:00Z,9326.20154927251
987,2022-02-21T00:00:00Z,9324.674586368748
988,2022-02-22T00:00:00Z,9324.674586368748
989,2022-02-23T00:00:00Z,9324.674586368748
990,2022-02-24T00:00:00Z,9324.674586368748
991,2022-02-25T00:00:00Z,9303.396508941578
992,2022-02-27T00:00:00Z,9324.139433969562
993,2022-02-28T00:00:00Z,9324.139433969562
994,2022-03-01T00:00:00Z,9324.139433969562
995,2022-03-02T00:00:00Z,9294.509822999535
996,2022-03-03T00:00:00Z,9293.35067107872
997,2022-03-04T00:00:00Z,9257.862655825638
998,2022-03-06T00:00:00Z,9223.28290502298
999,2022-03-07T00:00:00Z,9249.797449510183
1000,2022-03-08T00:00:00Z,9248.893613872338
1001,2022-03-09T00:00:00Z,9304.348749815194
1002,2022-03-10T00:00:00Z,9303.656591459001
1003,2022-03-11T00:00:00Z,9297.377754018858
1004,2022-03-13T00:00:00Z,9304.509460538688
1005,2022-03-14T00:00:00Z,9322.852796804687
1006,2022-03-15T00:00:00Z,9322.405213253358
1007,2022-03-16T00:00:00Z,9320.682751218066
1008,2022-03-17T00:00:00Z,9320.36569272366
1009,2022-03-18T00:00:00Z,9320.36569272366
1010,2022-03-20T00:00:00Z,9316.258739782834
1011,2022-03-21T00:00:00Z,9315.726367852032
1012,2022-03-22T00:00:00Z,9315.726367852032
1013,2022-03-23T00:00:00Z,9315.726367852032
1014,2022-03-24T00:00:00Z,9324.904416865005
1015,2022-03-25T00:00:00Z,9324.223725165491
1016,2022-03-27T00:00:00Z,9334.368207865238
1017,2022-03-28T00:00:00Z,9333.456639008722
1018,2022-03-29T00:00:00Z,9320.950836912121
1019,2022-03-30T00:00:00Z,9320.506121404238
1020,2022-03-31T00:00:00Z,9352.82680632107
1021,2022-04-01T00:00:00Z,9352.186658844166
1022,2022-04-03T00:00:00Z,9354.388430528852
1023,2022-04-04T00:00:00Z,9353.446037249169
1024,2022-04-05T00:00:00Z,9353.446037249169
1025,2022-04-06T00:00:00Z,9353.446037249169
1026,2022-04-07T00:00:00Z,9353.446037249169
1027,2022-04-08T00:00:00Z,9353.446037249169
1028,2022-04-10T00:00:00Z,9353.446037249169
1029,2022-04-11T00:00:00Z,9353.446037249169
1030,2022-04-12T00:00:00Z,9389.12932827399
1031,2022-04-13T00:00:00Z,9388.308758896424
1032,2022-04-14T00:00:00Z,9388.308758896424
1033,2022-04-17T00:00:00Z,9381.159349629283
1034,2022-04-18T00:00:00Z,9380.049231573808
1035,2022-04-19T00:00:00Z,9407.533019662473
1036,2022-04-20T00:00:00Z,9406.902684075636
1037,2022-04-21T00:00:00Z,9406.902684075636
1038,2022-04-22T00:00:00Z,9406.902684075636
1039,2022-04-24T00:00:00Z,9406.902684075636
1040,2022-04-25T00:00:00Z,9406.902684075636
1041,2022-04-26T00:00:00Z,9431.791131407937
1042,2022-04-27T00:00:00Z,9430.48407894672
1043,2022-04-28T00:00:00Z,9452.438513231542
1044,2022-04-29T00:00:00Z,9451.173274960784
1045,2022-05-01T00:00:00Z,9451.173274960784
1046,2022-05-02T00:00:00Z,9451.173274960784
1047,2022-05-03T00:00:00Z,9436.100616250318
1048,2022-05-04T00:00:00Z,9434.832300453496
1049,2022-05-05T00:00:00Z,9437.572480963834
1050,2022-05-06T00:00:00Z,9436.190672533521
1051,2022-05-08T00:00:00Z,9425.140324712302
1052,2022-05-09T00:00:00Z,9423.855455992061
1053,2022-05-10T00:00:00Z,9394.528303959358
1054,2022-05-11T00:00:00Z,9393.286326661771
1055,2022-05-12T00:00:00Z,9399.98394587311
1056,2022-05-13T00:00:00Z,9398.785267279949
1057,2022-05-15T00:00:00Z,9400.860517439169
1058,2022-05-16T00:00:00Z,9399.703806247926
1059,2022-05-17T00:00:00Z,9393.293105930812
1060,2022-05-18T00:00:00Z,9391.619891660015
1061,2022-05-19T00:00:00Z,9412.614272726385
1062,2022-05-20T00:00:00Z,9411.496767378178
1063,2022-05-22T00:00:00Z,9408.750795963839
1064,2022-05-23T00:00:00Z,9407.627331723927
1065,2022-05-24T00:00:00Z,9412.186824717961
1066,2022-05-25T00:00:00Z,9410.774378040218
1067,2022-05-26T00:00:00Z,9433.55297323192
1068,2022-05-27T00:00:00Z,9432.063041502675
1069,2022-05-29T00:00:00Z,9435.754944076538
1070,2022-05-30T00:00:00Z,9434.137031480552
1071,2022-05-31T00:00:00Z,9409.05711832915
1072,2022-06-01T00:00:00Z,9407.5301100942
1073,2022-06-02T00:00:00Z,9440.73661124075
1074,2022-06-03T00:00:00Z,9439.09966594601
1075,2022-06-05T00:00:00Z,9439.09966594601
1076,2022-06-06T00:00:00Z,9439.09966594601
1077,2022-06-07T00:00:00Z,9439.09966594601
1078,2022-06-08T00:00:00Z,9439.09966594601
1079,2022-06-09T00:00:00Z,9439.09966594601
1080,2022-06-10T00:00:00Z,9428.57311628723
1081,2022-06-12T00:00:00Z,9425.006947367956
1082,2022-06-13T00:00:00Z,9439.473568541447
1083,2022-06-14T00:00:00Z,9436.972370002022
1084,2022-06-15T00:00:00Z,9417.72024207047
1085,2022-06-16T00:00:00Z,9416.207158244346
1086,2022-06-17T00:00:00Z,9368.257857455585
1087,2022-06-19T00:00:00Z,9368.54565484859
1088,2022-06-20T00:00:00Z,9367.249627808085
1089,2022-06-21T00:00:00Z,9368.280894156054
1090,2022-06-22T00:00:00Z,9366.959587279542
1091,2022-06-23T00:00:00Z,9369.060290685862
1092,2022-06-24T00:00:00Z,9367.57488599641
1093,2022-06-26T00:00:00Z,9367.57488599641
1094,2022-06-27T00:00:00Z,9392.386973462531
1095,2022-06-28T00:00:00Z,9391.026928119227
1096,2022-06-29T00:00:00Z,9375.753708749464
1097,2022-06-30T00:00:00Z,9374.424758759093
1098,2022-07-01T00:00:00Z,9358.64251818997
1099,2022-07-03T00:00:00Z,9354.494557341597
1100,2022-07-04T00:00:00Z,9354.494557341597
1101,2022-07-05T00:00:00Z,9354.494557341597
1102,2022-07-06T00:00:00Z,9354.494557341597
1103,2022-07-07T00:00:00Z,9382.473327461774
1104,2022-07-08T00:00:00Z,9381.272779370152
1105,2022-07-10T00:00:00Z,9377.7744826353
1106,2022-07-11T00:00:00Z,9376.76934947876
1107,2022-07-12T00:00:00Z,9329.223583377203
1108,2022-07-13T00:00:00Z,9329.223583377203
1109,2022-07-14T00:00:00Z,9329.223583377203
1110,2022-07-15T00:00:00Z,9329.223583377203
1111,2022-07-17T00:00:00Z,9327.761363698346
1112,2022-07-18T00:00:00Z,9326.870544231477
1113,2022-07-19T00:00:00Z,9326.870544231477
1114,2022-07-20T00:00:00Z,9326.870544231477
1115,2022-07-21T00:00:00Z,9326.870544231477
1116,2022-07-22T00:00:00Z,9326.870544231477
1117,2022-07-24T00:00:00Z,9325.717277538353
1118,2022-07-25T00:00:00Z,9324.694924393667
1119,2022-07-26T00:00:00Z,9318.528663423183
1120,2022-07-27T00:00:00Z,9317.307494266468
1121,2022-07-28T00:00:00Z,9317.307494266468
1122,2022-07-29T00:00:00Z,9321.711444074603
1123,2022-07-31T00:00:00Z,9321.845170527984
1124,2022-08-01T00:00:00Z,9321.845170527984
1125,2022-08-02T00:00:00Z,9321.325850363985
1126,2022-08-03T00:00:00Z,9320.094213676679
1127,2022-08-04T00:00:00Z,9294.79054163681
1128,2022-08-05T00:00:00Z,9293.625394555074
1129,2022-08-07T00:00:00Z,9289.843164975238
1130,2022-08-08T00:00:00Z,9288.702652491122
1131,2022-08-09T00:00:00Z,9287.601167120094
1132,2022-08-10T00:00:00Z,9286.415923539369
1133,2022-08-11T00:00:00Z,9304.064474006705
1134,2022-08-12T00:00:00Z,9302.996994971672
1135,2022-08-14T00:00:00Z,9302.996994971672
1136,2022-08-15T00:00:00Z,9302.996994971672
1137,2022-08-16T00:00:00Z,9302.996994971672
1138,2022-08-17T00:00:00Z,9307.084170555689
1139,2022-08-18T00:00:00Z,9305.920290734319
1140,2022-08-19T00:00:00Z,9297.489562543255
1141,2022-08-21T00:00:00Z,9290.995862006099
1142,2022-08-22T00:00:00Z,9302.28433386305
1143,2022-08-23T00:00:00Z,9300.769370105472
1144,2022-08-24T00:00:00Z,9286.167651484182
1145,2022-08-25T00:00:00Z,9284.800090984785
1146,2022-08-26T00:00:00Z,9282.90151232467
1147,2022-08-28T00:00:00Z,9284.63725398238
1148,2022-08-29T00:00:00Z,9284.63725398238
1149,2022-08-30T00:00:00Z,9284.63725398238
1150,2022-08-31T00:00:00Z,9284.63725398238
1151,2022-09-01T00:00:00Z,9284.63725398238
1152,2022-09-02T00:00:00Z,9282.590153504114
1153,2022-09-04T00:00:00Z,9283.40681231352
1154,2022-09-05T00:00:00Z,9288.51555027327
1155,2022-09-06T00:00:00Z,9287.420901889096
1156,2022-09-07T00:00:00Z,9240.22299495548
1157,2022-09-08T00:00:00Z,9246.768473441942
1158,2022-09-09T00:00:00Z,9245.641728311255
1159,2022-09-11T00:00:00Z,9244.240595245568
1160,2022-09-12T00:00:00Z,9243.01088363974
1161,2022-09-13T00:00:00Z,9243.01088363974
1162,2022-09-14T00:00:00Z,9243.01088363974
1163,2022-09-15T00:00:00Z,9243.01088363974
1164,2022-09-16T00:00:00Z,9243.01088363974
1165,2022-09-18T00:00:00Z,9244.734591540708
1166,2022-09-19T00:00:00Z,9243.513365184486
1167,2022-09-20T00:00:00Z,9228.577746552086
1168,2022-09-21T00:00:00Z,9227.221676401847
1169,2022-09-22T00:00:00Z,9232.28445096861
1170,2022-09-23T00:00:00Z,9230.507283840074
1171,2022-09-25T00:00:00Z,9226.46627288014
1172,2022-09-26T00:00:00Z,9225.180705265851
1173,2022-09-27T00:00:00Z,9241.040920674131
1174,2022-09-28T00:00:00Z,9239.882482431352
1175,2022-09-29T00:00:00Z,9237.99624815347
1176,2022-09-30T00:00:00Z,9236.891812305577
1177,2022-10-02T00:00:00Z,9236.891812305577
1178,2022-10-03T00:00:00Z,9248.140514144921
1179,2022-10-04T00:00:00Z,9246.903019909663
1180,2022-10-05T00:00:00Z,9246.903019909663
1181,2022-10-06T00:00:00Z,9246.903019909663
1182,2022-10-07T00:00:00Z,9205.673465080063
1183,2022-10-09T00:00:00Z,9206.36136356781
1184,2022-10-10T00:00:00Z,9222.46999734986
1185,2022-10-11T00:00:00Z,9221.238808150103
1186,2022-10-12T00:00:00Z,9221.238808150103
1187,2022-10-13T00:00:00Z,9236.643282890494
1188,2022-10-14T00:00:00Z,9234.679456931983
1189,2022-10-16T00:00:00Z,9239.197789157557
1190,2022-10-17T00:00:00Z,9237.943210294827
1191,2022-10-18T00:00:00Z,9218.58760202597
1192,2022-10-19T00:00:00Z,9216.489065200349
1193,2022-10-20T00:00:00Z,9213.400559948808
1194,2022-10-21T00:00:00Z,9212.136705631028
1195,2022-10-23T00:00:00Z,9212.794267655696
1196,2022-10-24T00:00:00Z,9211.396068469536
1197,2022-10-25T00:00:00Z,9209.982164198878
1198,2022-10-26T00:00:00Z,9208.353328957266
1199,2022-10-27T00:00:00Z,9210.756752144194
1200,2022-10-28T00:00:00Z,9209.194059086447
1201,2022-10-30T00:00:00Z,9206.445842790034
1202,2022-10-31T00:00:00Z,9204.76679151964
1203,2022-11-01T00:00:00Z,9233.944485953456
1204,2022-11-02T00:00:00Z,9232.263796884583
1205,2022-11-03T00:00:00Z,9220.23794752255
1206,2022-11-04T00:00:00Z,9218.68145667448
1207,2022-11-06T00:00:00Z,9218.68145667448
1208,2022-11-07T00:00:00Z,9218.68145667448
1209,2022-11-08T00:00:00Z,9218.68145667448
1210,2022-11-09T00:00:00Z,9218.68145667448
1211,2022-11-10T00:00:00Z,9218.68145667448
1212,2022-11-11T00:00:00Z,9218.68145667448
1213,2022-11-13T00:00:00Z,9218.68145667448
1214,2022-11-14T00:00:00Z,9218.68145667448
1215,2022-11-15T00:00:00Z,9218.68145667448
1216,2022-11-16T00:00:00Z,9218.68145667448
1217,2022-11-17T00:00:00Z,9218.68145667448
1218,2022-11-18T00:00:00Z,9218.68145667448
1219,2022-11-20T00:00:00Z,9218.68145667448
1220,2022-11-21T00:00:00Z,9215.080027072263
1221,2022-11-22T00:00:00Z,9221.499626584044
1222,2022-11-23T00:00:00Z,9221.499626584044
1223,2022-11-24T00:00:00Z,9224.157088824153
1224,2022-11-25T00:00:00Z,9223.021947602763
1225,2022-11-27T00:00:00Z,9223.021947602763
1226,2022-11-28T00:00:00Z,9226.417919613936
1227,2022-11-29T00:00:00Z,9225.103037856692
1228,2022-11-30T00:00:00Z,9225.103037856692
1229,2022-12-01T00:00:00Z,9225.103037856692
1230,2022-12-02T00:00:00Z,9225.103037856692
1231,2022-12-04T00:00:00Z,9213.614169397179
1232,2022-12-05T00:00:00Z,9212.299696702275
1233,2022-12-06T00:00:00Z,9240.451875079785
1234,2022-12-07T00:00:00Z,9239.172603231435
1235,2022-12-08T00:00:00Z,9233.212307927803
1236,2022-12-09T00:00:00Z,9232.036894199744
1237,2022-12-11T00:00:00Z,9231.72024946614
1238,2022-12-12T00:00:00Z,9230.628644352826
1239,2022-12-13T00:00:00Z,9246.695220604388
1240,2022-12-14T00:00:00Z,9245.350089296442
1241,2022-12-15T00:00:00Z,9245.350089296442
1242,2022-12-16T00:00:00Z,9245.350089296442
1243,2022-12-18T00:00:00Z,9250.026742951894
1244,2022-12-19T00:00:00Z,9248.791769563059
1245,2022-12-20T00:00:00Z,9248.791769563059
1246,2022-12-21T00:00:00Z,9248.791769563059
1247,2022-12-22T00:00:00Z,9248.791769563059
1248,2022-12-23T00:00:00Z,9248.791769563059
1249,2022-12-26T00:00:00Z,9228.359154375734
1250,2022-12-27T00:00:00Z,9226.76915125518
1251,2022-12-28T00:00:00Z,9239.88257542241
1252,2022-12-29T00:00:00Z,9238.182601776774
1253,2022-12-30T00:00:00Z,9260.411243949373
1254,2023-01-02T00:00:00Z,9258.036817867041
1255,2023-01-03T00:00:00Z,9258.036817867041
1256,2023-01-04T00:00:00Z,9210.773745607123
1257,2023-01-05T00:00:00Z,9216.50303478935
1258,2023-01-06T00:00:00Z,9214.951773466095
1259,2023-01-08T00:00:00Z,9217.136734602178
1260,2023-01-09T00:00:00Z,9215.641757627003
1261,2023-01-10T00:00:00Z,9212.65612552621
1262,2023-01-11T00:00:00Z,9211.058969858397
1263,2023-01-12T00:00:00Z,9211.058969858397
1264,2023-01-13T00:00:00Z,9211.058969858397
1265,2023-01-15T00:00:00Z,9214.186579513344
1266,2023-01-16T00:00:00Z,9212.410260668345
1267,2023-01-17T00:00:00Z,9212.410260668345
1268,2023-01-18T00:00:00Z,9212.410260668345
1269,2023-01-19T00:00:00Z,9212.410260668345
1270,2023-01-20T00:00:00Z,9212.410260668345
1271,2023-01-22T00:00:00Z,9218.807095385506
1272,2023-01-23T00:00:00Z,9216.87138461025
1273,2023-01-24T00:00:00Z,9236.756978157067
1274,2023-01-25T00:00:00Z,9234.67579132503
1275,2023-01-26T00:00:00Z,9234.67579132503
1276,2023-01-27T00:00:00Z,9207.486046558435
1277,2023-01-29T00:00:00Z,9214.333089089007
1278,2023-01-30T00:00:00Z,9214.333089089007
1279,2023-01-31T00:00:00Z,9214.333089089007
1280,2023-02-01T00:00:00Z,9214.333089089007
1281,2023-02-02T00:00:00Z,9214.333089089007
1282,2023-02-03T00:00:00Z,9176.576669298625
1283,2023-02-05T00:00:00Z,9176.772190641947
1284,2023-02-06T00:00:00Z,9188.995212909987
1285,2023-02-07T00:00:00Z,9187.302188156527
1286,2023-02-08T00:00:00Z,9187.302188156527
1287,2023-02-09T00:00:00Z,9187.302188156527
1288,2023-02-10T00:00:00Z,9187.302188156527
1289,2023-02-12T00:00:00Z,9187.302188156527
1290,2023-02-13T00:00:00Z,9187.302188156527
1291,2023-02-14T00:00:00Z,9187.302188156527
1292,2023-02-15T00:00:00Z,9187.302188156527
1293,2023-02-16T00:00:00Z,9187.302188156527
1294,2023-02-17T00:00:00Z,9205.740668505421
1295,2023-02-19T00:00:00Z,9197.979780089934
1296,2023-02-20T00:00:00Z,9197.979780089934
1297,2023-02-21T00:00:00Z,9197.979780089934
1298,2023-02-22T00:00:00Z,9197.979780089934
1299,2023-02-23T00:00:00Z,9221.8117571141
1300,2023-02-24T00:00:00Z,9219.842920987185
1301,2023-02-26T00:00:00Z,9218.610042843016
1302,2023-02-27T00:00:00Z,9216.760501016279
1303,2023-02-28T00:00:00Z,9230.468758656705
1304,2023-03-01T00:00:00Z,9228.218071956078
1305,2023-03-02T00:00:00Z,9230.838486282464
1306,2023-03-03T00:00:00Z,9228.659056827768
1307,2023-03-05T00:00:00Z,9228.659056827768
1308,2023-03-06T00:00:00Z,9244.883393667493
1309,2023-03-07T00:00:00Z,9242.650188065798
1310,2023-03-08T00:00:00Z,9242.650188065798
1311,2023-03-09T00:00:00Z,9242.650188065798
1312,2023-03-10T00:00:00Z,9258.132335950662
1313,2023-03-12T00:00:00Z,9257.121352039887
1314,2023-03-13T00:00:00Z,9209.69402920423
1315,2023-03-14T00:00:00Z,9162.634499595279
1316,2023-03-15T00:00:00Z,9162.634499595279
1317,2023-03-16T00:00:00Z,9160.09207315381
1318,2023-03-17T00:00:00Z,9158.832809374822
1319,2023-03-19T00:00:00Z,9163.15461841141
1320,2023-03-20T00:00:00Z,9161.932279023506
1321,2023-03-21T00:00:00Z,9161.932279023506
1322,2023-03-22T00:00:00Z,9166.346313671927
1323,2023-03-23T00:00:00Z,9165.220859600196
1324,2023-03-24T00:00:00Z,9161.176781353117
1325,2023-03-26T00:00:00Z,9164.460625794858
1326,2023-03-27T00:00:00Z,9164.460625794858
1327,2023-03-28T00:00:00Z,9164.460625794858
1328,2023-03-29T00:00:00Z,9164.460625794858
1329,2023-03-30T00:00:00Z,9164.460625794858
1330,2023-03-31T00:00:00Z,9149.22334658172
1331,2023-04-02T00:00:00Z,9087.633220536842
1332,2023-04-03T00:00:00Z,9086.902899444329
1333,2023-04-04T00:00:00Z,9085.283673655063
1334,2023-04-05T00:00:00Z,9088.3328705725
1335,2023-04-06T00:00:00Z,9086.761823039262
1336,2023-04-09T00:00:00Z,9086.761823039262
1337,2023-04-10T00:00:00Z,9086.761823039262
1338,2023-04-11T00:00:00Z,9086.761823039262
1339,2023-04-12T00:00:00Z,9061.055197354006
1340,2023-04-13T00:00:00Z,9059.169103049126
1341,2023-04-14T00:00:00Z,9059.169103049126
1342,2023-04-16T00:00:00Z,9059.169103049126
1343,2023-04-17T00:00:00Z,9083.01511830345
1344,2023-04-18T00:00:00Z,9080.996003178718
1345,2023-04-19T00:00:00Z,9112.511025081294
1346,2023-04-20T00:00:00Z,9110.521390471824
1347,2023-04-21T00:00:00Z,9110.521390471824
1348,2023-04-23T00:00:00Z,9106.555785825047
1349,2023-04-24T00:00:00Z,9104.092518864803
1350,2023-04-25T00:00:00Z,9104.092518864803
1351,2023-04-26T00:00:00Z,9104.092518864803
1352,2023-04-27T00:00:00Z,9107.954490702616
1353,2023-04-28T00:00:00Z,9105.936930911712
1354,2023-04-30T00:00:00Z,9096.816634106895
1355,2023-05-01T00:00:00Z,9094.750744026529
1356,2023-05-02T00:00:00Z,9048.076251514356
1357,2023-05-03T00:00:00Z,9001.86897736883
1358,2023-05-04T00:00:00Z,9001.86897736883
1359,2023-05-05T00:00:00Z,9001.86897736883
1360,2023-05-07T00:00:00Z,9001.86897736883
1361,2023-05-08T00:00:00Z,9001.86897736883
1362,2023-05-09T00:00:00Z,9001.86897736883
1363,2023-05-10T00:00:00Z,9008.435877517215
1364,2023-05-11T00:00:00Z,9007.321675068868
1365,2023-05-12T00:00:00Z,9019.298447366888
1366,2023-05-14T00:00:00Z,9018.333102012886
1367,2023-05-15T00:00:00Z,9018.333102012886
1368,2023-05-16T00:00:00Z,9018.333102012886
1369,2023-05-17T00:00:00Z,9018.333102012886
1370,2023-05-18T00:00:00Z,9018.333102012886
1371,2023-05-19T00:00:00Z,9020.621424515399
1372,2023-05-21T00:00:00Z,9016.303697916064
1373,2023-05-22T00:00:00Z,9016.303697916064
1374,2023-05-23T00:00:00Z,9016.303697916064
1375,2023-05-24T00:00:00Z,9016.303697916064
1376,2023-05-25T00:00:00Z,9052.923554090405
1377,2023-05-26T00:00:00Z,9050.937219736545
1378,2023-05-28T00:00:00Z,9050.937219736545
1379,2023-05-29T00:00:00Z,9050.937219736545
1380,2023-05-30T00:00:00Z,9050.937219736545
1381,2023-05-31T00:00:00Z,9021.739519216184
1382,2023-06-01T00:00:00Z,9019.824768714823
1383,2023-06-02T00:00:00Z,9038.874116498107
1384,2023-06-04T00:00:00Z,9063.927781332042
1385,2023-06-05T00:00:00Z,9063.927781332042
1386,2023-06-06T00:00:00Z,9063.927781332042
1387,2023-06-07T00:00:00Z,9063.927781332042
1388,2023-06-08T00:00:00Z,9063.927781332042
1389,2023-06-09T00:00:00Z,9063.927781332042
1390,2023-06-11T00:00:00Z,9063.927781332042
1391,2023-06-12T00:00:00Z,9063.927781332042
1392,2023-06-13T00:00:00Z,9085.377866228566
1393,2023-06-14T00:00:00Z,9083.88303690153
1394,2023-06-15T00:00:00Z,9106.609874339354
1395,2023-06-16T00:00:00Z,9105.325885838409
1396,2023-06-18T00:00:00Z,9105.325885838409
1397,2023-06-19T00:00:00Z,9105.325885838409
1398,2023-06-20T00:00:00Z,9105.325885838409
1399,2023-06-21T00:00:00Z,9125.300144945062
1400,2023-06-22T00:00:00Z,9123.570894410566
1401,2023-06-23T00:00:00Z,9124.526014403446
1402,2023-06-25T00:00:00Z,9125.071508872094
1403,2023-06-26T00:00:00Z,9115.82808791353
1404,2023-06-27T00:00:00Z,9114.476658718037
1405,2023-06-28T00:00:00Z,9131.863283855091
1406,2023-06-29T00:00:00Z,9130.315051591848
1407,2023-06-30T00:00:00Z,9139.322436338776
1408,2023-07-02T00:00:00Z,9139.460279437775
1409,2023-07-03T00:00:00Z,9131.591866787701
1410,2023-07-04T00:00:00Z,9129.370548991534
1411,2023-07-05T00:00:00Z,9129.370548991534
1412,2023-07-06T00:00:00Z,9129.370548991534
1413,2023-07-07T00:00:00Z,9129.370548991534
1414,2023-07-09T00:00:00Z,9130.700408958704
1415,2023-07-10T00:00:00Z,9128.725113601571
1416,2023-07-11T00:00:00Z,9128.725113601571
1417,2023-07-12T00:00:00Z,9128.725113601571
1418,2023-07-13T00:00:00Z,9151.352991858945
1419,2023-07-14T00:00:00Z,9149.061141792394
1420,2023-07-16T00:00:00Z,9144.319036865008
1421,2023-07-17T00:00:00Z,9141.792754791191
1422,2023-07-18T00:00:00Z,9169.140786477103
1423,2023-07-19T00:00:00Z,9166.755338063846
1424,2023-07-20T00:00:00Z,9166.755338063846
1425,2023-07-21T00:00:00Z,9166.755338063846
1426,2023-07-23T00:00:00Z,9166.755338063846
1427,2023-07-24T00:00:00Z,9119.445887411426
1428,2023-07-25T00:00:00Z,9108.47812754481
1429,2023-07-26T00:00:00Z,9105.958492709502
1430,2023-07-27T00:00:00Z,9105.958492709502
1431,2023-07-28T00:00:00Z,9105.958492709502
1432,2023-07-30T00:00:00Z,9105.958492709502
1433,2023-07-31T00:00:00Z,9105.958492709502
1434,2023-08-01T00:00:00Z,9105.958492709502
1435,2023-08-02T00:00:00Z,9105.958492709502
1436,2023-08-03T00:00:00Z,9105.958492709502
1437,2023-08-04T00:00:00Z,9089.22757129489
1438,2023-08-06T00:00:00Z,9078.96499289004
1439,2023-08-07T00:00:00Z,9086.296707409896
1440,2023-08-08T00:00:00Z,9083.82148525898
1441,2023-08-09T00:00:00Z,9058.264866817655
1442,2023-08-10T00:00:00Z,9056.33749658512
1443,2023-08-11T00:00:00Z,9056.985736208986
1444,2023-08-13T00:00:00Z,9054.600155773918
1445,2023-08-14T00:00:00Z,9043.682390413995
1446,2023-08-15T00:00:00Z,9041.719722723288
1447,2023-08-16T00:00:00Z,9009.91460397443
1448,2023-08-17T00:00:00Z,9007.867924936456
1449,2023-08-18T00:00:00Z,9025.746401525495
1450,2023-08-20T00:00:00Z,9012.156772252749
1451,2023-08-21T00:00:00Z,9001.860897179307
1452,2023-08-22T00:00:00Z,8999.395481359501
1453,2023-08-23T00:00:00Z,8980.20001469911
1454,2023-08-24T00:00:00Z,8977.468886412664
1455,2023-08-25T00:00:00Z,8977.468886412664
1456,2023-08-27T00:00:00Z,8977.468886412664
1457,2023-08-28T00:00:00Z,8977.468886412664
1458,2023-08-29T00:00:00Z,8977.468886412664
1459,2023-08-30T00:00:00Z,8977.468886412664
1460,2023-08-31T00:00:00Z,8977.468886412664
1461,2023-09-01T00:00:00Z,8931.062188154825
1462,2023-09-03T00:00:00Z,8931.062188154825
1463,2023-09-04T00:00:00Z,8931.062188154825
1464,2023-09-05T00:00:00Z,8931.062188154825
1465,2023-09-06T00:00:00Z,8931.062188154825
1466,2023-09-07T00:00:00Z,8931.062188154825
1467,2023-09-08T00:00:00Z,8931.062188154825
1468,2023-09-10T00:00:00Z,8931.062188154825
1469,2023-09-11T00:00:00Z,8931.062188154825
1470,2023-09-12T00:00:00Z,8958.875390599744
1471,2023-09-13T00:00:00Z,8955.89826451196
1472,2023-09-14T00:00:00Z,8986.735095598442
1473,2023-09-15T00:00:00Z,8983.587025466237
1474,2023-09-17T00:00:00Z,8983.587025466237
1475,2023-09-18T00:00:00Z,8997.954797007984
1476,2023-09-19T00:00:00Z,8994.939858737705
1477,2023-09-20T00:00:00Z,8965.660646297512
1478,2023-09-21T00:00:00Z,8962.253082574172
1479,2023-09-22T00:00:00Z,8970.081627888365
1480,2023-09-24T00:00:00Z,8965.90432977249
1481,2023-09-25T00:00:00Z,8946.98381883996
1482,2023-09-26T00:00:00Z,8944.266021676833
1483,2023-09-27T00:00:00Z,8995.88824559454
1484,2023-09-28T00:00:00Z,8993.146261494143
1485,2023-09-29T00:00:00Z,8976.82709446
1486,2023-10-01T00:00:00Z,8979.13109085118
1487,2023-10-02T00:00:00Z,8940.001168835706
1488,2023-10-03T00:00:00Z,8937.690180187494
1489,2023-10-04T00:00:00Z,8937.690180187494
1490,2023-10-05T00:00:00Z,8937.690180187494
1491,2023-10-06T00:00:00Z,8937.690180187494
1492,2023-10-08T00:00:00Z,8937.690180187494
1493,2023-10-09T00:00:00Z,8937.690180187494
1494,2023-10-10T00:00:00Z,8937.690180187494
1495,2023-10-11T00:00:00Z,8937.690180187494
1496,2023-10-12T00:00:00Z,8932.781995266438
1497,2023-10-13T00:00:00Z,8931.316380379287
1498,2023-10-15T00:00:00Z,8925.60382381635
1499,2023-10-16T00:00:00Z,8924.13996890853
1500,2023-10-17T00:00:00Z,8924.13996890853
1501,2023-10-18T00:00:00Z,8924.13996890853
1502,2023-10-19T00:00:00Z,8900.605312877748
1503,2023-10-20T00:00:00Z,8899.56577320686
1504,2023-10-22T00:00:00Z,8899.56577320686
1505,2023-10-23T00:00:00Z,8916.463153871982
1506,2023-10-24T00:00:00Z,8914.68239303597
1507,2023-10-25T00:00:00Z,8914.68239303597
1508,2023-10-26T00:00:00Z,8914.68239303597
1509,2023-10-27T00:00:00Z,8914.68239303597
1510,2023-10-29T00:00:00Z,8914.68239303597
1511,2023-10-30T00:00:00Z,8914.68239303597
1512,2023-10-31T00:00:00Z,8914.68239303597
1513,2023-11-01T00:00:00Z,8917.779827220926
1514,2023-11-02T00:00:00Z,8916.232994347514
1515,2023-11-03T00:00:00Z,8916.232994347514
1516,2023-11-05T00:00:00Z,8916.232994347514
1517,2023-11-06T00:00:00Z,8916.232994347514
1518,2023-11-07T00:00:00Z,8916.232994347514
1519,2023-11-08T00:00:00Z,8916.232994347514
1520,2023-11-09T00:00:00Z,8916.232994347514
1521,2023-11-10T00:00:00Z,8916.232994347514
1522,2023-11-12T00:00:00Z,8916.232994347514
1523,2023-11-13T00:00:00Z,8916.232994347514
1524,2023-11-14T00:00:00Z,8916.232994347514
1525,2023-11-15T00:00:00Z,8916.232994347514
1526,2023-11-16T00:00:00Z,8916.232994347514
1527,2023-11-17T00:00:00Z,8916.232994347514
1528,2023-11-19T00:00:00Z,8919.330239213308
1529,2023-11-20T00:00:00Z,8917.612176320441
1530,2023-11-21T00:00:00Z,8916.641673305438
1531,2023-11-22T00:00:00Z,8914.991675949403
1532,2023-11-23T00:00:00Z,8914.991675949403
1533,2023-11-24T00:00:00Z,8928.177240665058
1534,2023-11-26T00:00:00Z,8922.401337479016
1535,2023-11-27T00:00:00Z,8913.55043327156
1536,2023-11-28T00:00:00Z,8911.751923440721
1537,2023-11-29T00:00:00Z,8923.755929856594
1538,2023-11-30T00:00:00Z,8922.002321882099
1539,2023-12-01T00:00:00Z,8922.002321882099
1540,2023-12-03T00:00:00Z,8922.002321882099
1541,2023-12-04T00:00:00Z,8899.114734849429
1542,2023-12-05T00:00:00Z,8897.263615790927
1543,2023-12-06T00:00:00Z,8860.328310218154
1544,2023-12-07T00:00:00Z,8858.729496726495
1545,2023-12-08T00:00:00Z,8875.858219082034
1546,2023-12-10T00:00:00Z,8872.159726690445
1547,2023-12-11T00:00:00Z,8872.982232356306
1548,2023-12-12T00:00:00Z,8871.255107276038
1549,2023-12-13T00:00:00Z,8885.282705649362
1550,2023-12-14T00:00:00Z,8883.729327764657
1551,2023-12-15T00:00:00Z,8884.972435203419
1552,2023-12-17T00:00:00Z,8890.657977754625
1553,2023-12-18T00:00:00Z,8892.803736118196
1554,2023-12-19T00:00:00Z,8890.98225131147
1555,2023-12-20T00:00:00Z,8882.65685078696
1556,2023-12-21T00:00:00Z,8880.962806803347
1557,2023-12-22T00:00:00Z,8873.933537163235
1558,2023-12-25T00:00:00Z,8876.583195974608
1559,2023-12-26T00:00:00Z,8896.79955309982
1560,2023-12-27T00:00:00Z,8894.862972775014
1561,2023-12-28T00:00:00Z,8865.486083221742
1562,2023-12-29T00:00:00Z,8863.639867783511
1563,2024-01-01T00:00:00Z,8871.23121014543
1564,2024-01-02T00:00:00Z,8869.320940766027
1565,2024-01-03T00:00:00Z,8905.102623874318
1566,2024-01-04T00:00:00Z,8903.26877468005
1567,2024-01-05T00:00:00Z,8922.904937610281
1568,2024-01-07T00:00:00Z,8917.689552178954
1569,2024-01-08T00:00:00Z,8917.689552178954
1570,2024-01-09T00:00:00Z,8935.377149263832
1571,2024-01-10T00:00:00Z,8933.699693777964
1572,2024-01-11T00:00:00Z,8960.238479994883
1573,2024-01-12T00:00:00Z,8958.60225086549
1574,2024-01-14T00:00:00Z,8958.60225086549
1575,2024-01-15T00:00:00Z,8958.60225086549
1576,2024-01-16T00:00:00Z,8958.60225086549
1577,2024-01-17T00:00:00Z,8958.60225086549
1578,2024-01-18T00:00:00Z,8958.60225086549
1579,2024-01-19T00:00:00Z,8958.60225086549
1580,2024-01-21T00:00:00Z,8958.60225086549
1581,2024-01-22T00:00:00Z,8958.60225086549
1582,2024-01-23T00:00:00Z,8958.60225086549
1583,2024-01-24T00:00:00Z,8970.334525730683
1584,2024-01-25T00:00:00Z,8968.552765447537
1585,2024-01-26T00:00:00Z,8950.800488891717
1586,2024-01-28T00:00:00Z,8935.089984410499
1587,2024-01-29T00:00:00Z,8935.089984410499
1588,2024-01-30T00:00:00Z,8935.089984410499
1589,2024-01-31T00:00:00Z,8935.089984410499
1590,2024-02-01T00:00:00Z,8909.083268490662
1591,2024-02-02T00:00:00Z,8907.215543902717
1592,2024-02-04T00:00:00Z,8905.34741066737
1593,2024-02-05T00:00:00Z,8903.480916725593
1594,2024-02-06T00:00:00Z,8912.7886832596
1595,2024-02-07T00:00:00Z,8910.958236375567
1596,2024-02-08T00:00:00Z,8946.497664616725
1597,2024-02-09T00:00:00Z,8944.524278381477
1598,2024-02-11T00:00:00Z,8946.026621263087
1599,2024-02-12T00:00:00Z,8944.09276622888
1600,2024-02-13T00:00:00Z,8955.25902738789
1601,2024-02-14T00:00:00Z,8953.096340345957
1602,2024-02-15T00:00:00Z,8977.126355817672
1603,2024-02-16T00:00:00Z,8974.995398995734
1604,2024-02-18T00:00:00Z,8974.961997581102
1605,2024-02-19T00:00:00Z,8972.820627308205
1606,2024-02-20T00:00:00Z,8953.667495808135
1607,2024-02-21T00:00:00Z,8951.168027467535
1608,2024-02-22T00:00:00Z,8951.674193144714
1609,2024-02-23T00:00:00Z,8949.268006792476
1610,2024-02-25T00:00:00Z,8949.268006792476
1611,2024-02-26T00:00:00Z,8970.262820267953
1612,2024-02-27T00:00:00Z,8967.709243616911
1613,2024-02-28T00:00:00Z,8960.599333705655
1614,2024-02-29T00:00:00Z,8958.265865015204
1615,2024-03-01T00:00:00Z,8983.260733201816
1616,2024-03-03T00:00:00Z,8987.752946814546
1617,2024-03-04T00:00:00Z,8961.348014484905
1618,2024-03-05T00:00:00Z,8958.602560064499
1619,2024-03-06T00:00:00Z,8971.588049768656
1620,2024-03-07T00:00:00Z,8969.102573837898
1621,2024-03-08T00:00:00Z,8942.875859894233
1622,2024-03-10T00:00:00Z,8941.449996924672
1623,2024-03-11T00:00:00Z,8943.93872673746
1624,2024-03-12T00:00:00Z,8941.561516748885
1625,2024-03-13T00:00:00Z,8969.379421074265
1626,2024-03-14T00:00:00Z,8967.037720452658
1627,2024-03-15T00:00:00Z,8967.037720452658
1628,2024-03-17T00:00:00Z,8967.037720452658
1629,2024-03-18T00:00:00Z,8967.037720452658
1630,2024-03-19T00:00:00Z,8959.354897390745
1631,2024-03-20T00:00:00Z,8956.678811861078
1632,2024-03-21T00:00:00Z,8956.678811861078
1633,2024-03-22T00:00:00Z,8956.678811861078
1634,2024-03-24T00:00:00Z,8956.678811861078
1635,2024-03-25T00:00:00Z,8956.678811861078
1636,2024-03-26T00:00:00Z,8956.678811861078
1637,2024-03-27T00:00:00Z,8956.678811861078
1638,2024-03-28T00:00:00Z,8956.678811861078
1639,2024-03-29T00:00:00Z,8956.678811861078
1640,2024-03-31T00:00:00Z,8956.678811861078
1641,2024-04-01T00:00:00Z,8956.678811861078
1642,2024-04-02T00:00:00Z,8994.076942368501
1643,2024-04-03T00:00:00Z,8990.432874665114
1644,2024-04-04T00:00:00Z,8990.432874665114
1645,2024-04-05T00:00:00Z,8993.271663553614
1646,2024-04-07T00:00:00Z,9007.31017366696
1647,2024-04-08T00:00:00Z,9007.31017366696
1648,2024-04-09T00:00:00Z,9007.31017366696
1649,2024-04-10T00:00:00Z,9007.31017366696
1650,2024-04-11T00:00:00Z,9007.31017366696
1651,2024-04-12T00:00:00Z,9007.31017366696
1652,2024-04-14T00:00:00Z,9007.31017366696
1653,2024-04-15T00:00:00Z,9007.31017366696
1654,2024-04-16T00:00:00Z,9007.31017366696
1655,2024-04-17T00:00:00Z,9007.31017366696
1656,2024-04-18T00:00:00Z,9001.629390582502
1657,2024-04-19T00:00:00Z,8999.639030061815
1658,2024-04-21T00:00:00Z,8997.000630432805
1659,2024-04-22T00:00:00Z,8994.95754439878
1660,2024-04-23T00:00:00Z,9013.529433831824
1661,2024-04-24T00:00:00Z,9011.382399764021
1662,2024-04-25T00:00:00Z,8992.918599376257
1663,2024-04-26T00:00:00Z,8990.805285669396
1664,2024-04-28T00:00:00Z,8990.805285669396
1665,2024-04-29T00:00:00Z,8998.74077838471
1666,2024-04-30T00:00:00Z,8996.49207917178
1667,2024-05-01T00:00:00Z,9029.161022868133
1668,2024-05-02T00:00:00Z,9027.06424011148
1669,2024-05-03T00:00:00Z,9027.06424011148
1670,2024-05-05T00:00:00Z,9025.42431627849
1671,2024-05-06T00:00:00Z,9023.463993147712
1672,2024-05-07T00:00:00Z,9031.715210683577
1673,2024-05-08T00:00:00Z,9029.153807722489
1674,2024-05-09T00:00:00Z,9019.306112905993
1675,2024-05-10T00:00:00Z,9016.824950446377
1676,2024-05-12T00:00:00Z,9016.824950446377
1677,2024-05-13T00:00:00Z,9035.715016141883
1678,2024-05-14T00:00:00Z,9032.904109178187
1679,2024-05-15T00:00:00Z,9032.904109178187
1680,2024-05-16T00:00:00Z,9032.904109178187
1681,2024-05-17T00:00:00Z,9032.904109178187
1682,2024-05-19T00:00:00Z,9032.904109178187
1683,2024-05-20T00:00:00Z,9032.904109178187
1684,2024-05-21T00:00:00Z,9032.904109178187
1685,2024-05-22T00:00:00Z,9032.904109178187
1686,2024-05-23T00:00:00Z,9032.904109178187
1687,2024-05-24T00:00:00Z,9032.904109178187
1688,2024-05-26T00:00:00Z,9032.904109178187
1689,2024-05-27T00:00:00Z,9032.904109178187
1690,2024-05-28T00:00:00Z,9032.904109178187
1691,2024-05-29T00:00:00Z,9032.904109178187
1692,2024-05-30T00:00:00Z,9032.904109178187
1693,2024-05-31T00:00:00Z,9032.904109178187
1694,2024-06-02T00:00:00Z,9032.904109178187
1695,2024-06-03T00:00:00Z,9032.904109178187
1696,2024-06-04T00:00:00Z,9032.904109178187
1697,2024-06-05T00:00:00Z,9032.904109178187
1698,2024-06-06T00:00:00Z,9032.904109178187
1699,2024-06-07T00:00:00Z,9032.904109178187
1700,2024-06-09T00:00:00Z,9032.904109178187
1701,2024-06-10T00:00:00Z,9032.904109178187
1702,2024-06-11T00:00:00Z,9032.904109178187
1703,2024-06-12T00:00:00Z,9032.904109178187
1704,2024-06-13T00:00:00Z,9032.904109178187
1705,2024-06-14T00:00:00Z,9032.904109178187
1706,2024-06-16T00:00:00Z,9032.904109178187
1707,2024-06-17T00:00:00Z,9032.904109178187
1708,2024-06-18T00:00:00Z,9032.904109178187
1709,2024-06-19T00:00:00Z,9032.904109178187
1710,2024-06-20T00:00:00Z,9032.904109178187
1711,2024-06-21T00:00:00Z,9032.904109178187
1712,2024-06-23T00:00:00Z,9032.904109178187
1713,2024-06-24T00:00:00Z,9032.904109178187
1714,2024-06-25T00:00:00Z,9032.904109178187
1715,2024-06-26T00:00:00Z,9032.904109178187
1716,2024-06-27T00:00:00Z,9032.904109178187
1717,2024-06-28T00:00:00Z,9032.904109178187
1718,2024-06-30T00:00:00Z,9032.904109178187
1719,2024-07-01T00:00:00Z,9032.904109178187
1720,2024-07-02T00:00:00Z,9032.904109178187
1721,2024-07-03T00:00:00Z,9032.904109178187
1722,2024-07-04T00:00:00Z,9032.904109178187
1723,2024-07-05T00:00:00Z,9032.904109178187
1724,2024-07-07T00:00:00Z,9032.904109178187
1725,2024-07-08T00:00:00Z,9032.904109178187
1726,2024-07-09T00:00:00Z,9032.904109178187
1727,2024-07-10T00:00:00Z,9032.904109178187
1728,2024-07-11T00:00:00Z,9032.904109178187
1729,2024-07-12T00:00:00Z,9032.904109178187
1730,2024-07-14T00:00:00Z,9032.904109178187
1731,2024-07-15T00:00:00Z,9032.904109178187
1732,2024-07-16T00:00:00Z,9032.904109178187
1733,2024-07-17T00:00:00Z,9032.904109178187
1734,2024-07-18T00:00:00Z,9032.904109178187
1735,2024-07-19T00:00:00Z,9032.904109178187
1736,2024-07-21T00:00:00Z,9032.904109178187
1737,2024-07-22T00:00:00Z,9032.904109178187
1738,2024-07-23T00:00:00Z,9032.904109178187
1739,2024-07-24T00:00:00Z,9032.904109178187
1740,2024-07-25T00:00:00Z,9032.904109178187
1741,2024-07-26T00:00:00Z,9032.904109178187
1742,2024-07-28T00:00:00Z,9032.904109178187
1743,2024-07-29T00:00:00Z,9032.904109178187
1744,2024-07-30T00:00:00Z,9032.904109178187
1745,2024-07-31T00:00:00Z,9032.904109178187
1746,2024-08-01T00:00:00Z,9032.904109178187
1747,2024-08-02T00:00:00Z,9032.904109178187
1748,2024-08-04T00:00:00Z,9032.904109178187
1749,2024-08-05T00:00:00Z,9032.904109178187
1750,2024-08-06T00:00:00Z,9032.904109178187
1751,2024-08-07T00:00:00Z,9032.904109178187
1752,2024-08-08T00:00:00Z,9032.904109178187
1753,2024-08-09T00:00:00Z,9032.904109178187
1754,2024-08-11T00:00:00Z,9032.904109178187
1755,2024-08-12T00:00:00Z,9032.904109178187
1756,2024-08-13T00:00:00Z,9032.904109178187
1757,2024-08-14T00:00:00Z,9032.904109178187
1758,2024-08-15T00:00:00Z,9032.904109178187
1759,2024-08-16T00:00:00Z,9032.904109178187
1760,2024-08-18T00:00:00Z,9032.904109178187
1761,2024-08-19T00:00:00Z,9032.904109178187
1762,2024-08-20T00:00:00Z,9032.904109178187
1763,2024-08-21T00:00:00Z,9032.904109178187
1764,2024-08-22T00:00:00Z,9032.904109178187
1765,2024-08-23T00:00:00Z,9032.904109178187
1766,2024-08-25T00:00:00Z,9032.904109178187
1767,2024-08-26T00:00:00Z,9032.904109178187
1768,2024-08-27T00:00:00Z,9032.904109178187
1769,2024-08-28T00:00:00Z,9032.904109178187
1770,2024-08-29T00:00:00Z,9032.904109178187
1771,2024-08-30T00:00:00Z,9032.904109178187
1772,2024-09-01T00:00:00Z,9032.904109178187
1773,2024-09-02T00:00:00Z,9032.904109178187
1774,2024-09-03T00:00:00Z,9032.904109178187
1775,2024-09-04T00:00:00Z,9032.904109178187
1776,2024-09-05T00:00:00Z,9032.904109178187
1777,2024-09-06T00:00:00Z,9032.904109178187
1778,2024-09-08T00:00:00Z,9032.904109178187
1779,2024-09-09T00:00:00Z,9032.904109178187
1780,2024-09-10T00:00:00Z,9032.904109178187
1781,2024-09-11T00:00:00Z,9032.904109178187
1782,2024-09-12T00:00:00Z,9032.904109178187
1783,2024-09-13T00:00:00Z,9032.904109178187
1784,2024-09-15T00:00:00Z,9032.904109178187
1785,2024-09-16T00:00:00Z,9032.904109178187
1786,2024-09-17T00:00:00Z,9032.904109178187
1787,2024-09-18T00:00:00Z,9032.904109178187
1788,2024-09-19T00:00:00Z,9032.904109178187
1789,2024-09-20T00:00:00Z,9032.904109178187
1790,2024-09-22T00:00:00Z,9032.904109178187
1791,2024-09-23T00:00:00Z,9032.904109178187
1792,2024-09-24T00:00:00Z,9032.904109178187
1793,2024-09-25T00:00:00Z,9032.904109178187
1794,2024-09-26T00:00:00Z,9032.904109178187
1795,2024-09-27T00:00:00Z,9032.904109178187
1796,2024-09-29T00:00:00Z,9032.904109178187
1797,2024-09-30T00:00:00Z,9032.904109178187
1798,2024-10-01T00:00:00Z,9032.904109178187
1799,2024-10-02T00:00:00Z,9032.904109178187
1800,2024-10-03T00:00:00Z,9032.904109178187
1801,2024-10-04T00:00:00Z,9032.904109178187
1802,2024-10-06T00:00:00Z,9032.904109178187
1803,2024-10-07T00:00:00Z,9032.904109178187
1804,2024-10-08T00:00:00Z,9032.904109178187
1805,2024-10-09T00:00:00Z,9032.904109178187
1806,2024-10-10T00:00:00Z,9032.904109178187
1807,2024-10-11T00:00:00Z,9032.904109178187
1808,2024-10-13T00:00:00Z,9032.904109178187
1809,2024-10-14T00:00:00Z,9032.904109178187
1810,2024-10-15T00:00:00Z,9032.904109178187
1811,2024-10-16T00:00:00Z,9032.904109178187
1812,2024-10-17T00:00:00Z,9032.904109178187
1813,2024-10-18T00:00:00Z,9032.904109178187
1814,2024-10-20T00:00:00Z,9032.904109178187
1815,2024-10-21T00:00:00Z,9032.904109178187
1816,2024-10-22T00:00:00Z,9032.904109178187
1817,2024-10-23T00:00:00Z,9032.904109178187
1818,2024-10-24T00:00:00Z,9032.904109178187
1819,2024-10-25T00:00:00Z,9032.904109178187
1820,2024-10-27T00:00:00Z,9032.904109178187
1821,2024-10-28T00:00:00Z,9032.904109178187
1822,2024-10-29T00:00:00Z,9032.904109178187
1823,2024-10-30T00:00:00Z,9032.904109178187
1824,2024-10-31T00:00:00Z,9032.904109178187
1825,2024-11-01T00:00:00Z,9032.904109178187
1826,2024-11-03T00:00:00Z,9032.904109178187
1827,2024-11-04T00:00:00Z,9032.904109178187
1828,2024-11-05T00:00:00Z,9032.904109178187
1829,2024-11-06T00:00:00Z,9032.904109178187
1830,2024-11-07T00:00:00Z,9032.904109178187
1831,2024-11-08T00:00:00Z,9032.904109178187
1832,2024-11-10T00:00:00Z,9032.904109178187
1833,2024-11-11T00:00:00Z,9032.904109178187
1834,2024-11-12T00:00:00Z,9032.904109178187
1835,2024-11-13T00:00:00Z,9032.904109178187
1836,2024-11-14T00:00:00Z,9032.904109178187
1837,2024-11-15T00:00:00Z,9032.904109178187
1838,2024-11-17T00:00:00Z,9032.904109178187
1839,2024-11-18T00:00:00Z,9032.904109178187
1840,2024-11-19T00:00:00Z,9032.904109178187
1841,2024-11-20T00:00:00Z,9032.904109178187
1842,2024-11-21T00:00:00Z,9032.904109178187
1843,2024-11-22T00:00:00Z,9032.904109178187
1844,2024-11-24T00:00:00Z,9032.904109178187
1845,2024-11-25T00:00:00Z,9032.904109178187
1846,2024-11-26T00:00:00Z,9032.904109178187
1847,2024-11-27T00:00:00Z,9032.904109178187
1848,2024-11-28T00:00:00Z,9032.904109178187
1849,2024-11-29T00:00:00Z,9032.904109178187
1850,2024-12-01T00:00:00Z,9032.904109178187
1851,2024-12-02T00:00:00Z,9032.904109178187
1852,2024-12-03T00:00:00Z,9032.904109178187
1853,2024-12-04T00:00:00Z,9032.904109178187
1854,2024-12-05T00:00:00Z,9032.904109178187
1855,2024-12-06T00:00:00Z,9032.904109178187
1856,2024-12-08T00:00:00Z,9032.904109178187
1857,2024-12-09T00:00:00Z,9032.904109178187
1858,2024-12-10T00:00:00Z,9032.904109178187
1859,2024-12-11T00:00:00Z,9032.904109178187
1860,2024-12-12T00:00:00Z,9032.904109178187
1861,2024-12-13T00:00:00Z,9032.904109178187
1862,2024-12-15T00:00:00Z,9032.904109178187
1863,2024-12-16T00:00:00Z,9032.904109178187
1864,2024-12-17T00:00:00Z,9032.904109178187
1865,2024-12-18T00:00:00Z,9032.904109178187
1866,2024-12-19T00:00:00Z,9032.904109178187
1867,2024-12-20T00:00:00Z,9032.904109178187
1868,2024-12-22T00:00:00Z,9032.904109178187
1869,2024-12-23T00:00:00Z,9032.904109178187
1870,2024-12-24T00:00:00Z,9032.904109178187
1871,2024-12-25T00:00:00Z,9032.904109178187
1872,2024-12-26T00:00:00Z,9032.904109178187
1873,2024-12-27T00:00:00Z,9032.904109178187
1874,2024-12-29T00:00:00Z,9032.904109178187
1875,2024-12-30T00:00:00Z,9032.904109178187
1876,2024-12-31T00:00:00Z,9032.904109178187
1877,2025-01-01T00:00:00Z,9032.904109178187
1878,2025-01-02T00:00:00Z,9032.904109178187
1879,2025-01-03T00:00:00Z,9032.904109178187
1880,2025-01-05T00:00:00Z,9032.904109178187
1881,2025-01-06T00:00:00Z,9032.904109178187
1882,2025-01-07T00:00:00Z,9032.904109178187
1883,2025-01-08T00:00:00Z,9032.904109178187
1884,2025-01-09T00:00:00Z,9032.904109178187
1885,2025-01-10T00:00:00Z,9032.904109178187
1886,2025-01-12T00:00:00Z,9032.904109178187
1887,2025-01-13T00:00:00Z,9032.904109178187
1888,2025-01-14T00:00:00Z,9032.904109178187
1889,2025-01-15T00:00:00Z,9032.904109178187
1890,2025-01-16T00:00:00Z,9032.904109178187
1891,2025-01-17T00:00:00Z,9032.904109178187
1892,2025-01-19T00:00:00Z,9032.904109178187
1893,2025-01-20T00:00:00Z,9032.904109178187
1894,2025-01-21T00:00:00Z,9032.904109178187
1895,2025-01-22T00:00:00Z,9032.904109178187
1896,2025-01-23T00:00:00Z,9032.904109178187
1897,2025-01-24T00:00:00Z,9032.904109178187
1898,2025-01-26T00:00:00Z,9032.904109178187
1899,2025-01-27T00:00:00Z,9032.904109178187
1900,2025-01-28T00:00:00Z,9032.904109178187
1901,2025-01-29T00:00:00Z,9032.904109178187
1902,2025-01-30T00:00:00Z,9032.904109178187
1903,2025-01-31T00:00:00Z,9032.904109178187
1904,2025-02-02T00:00:00Z,9032.904109178187
1905,2025-02-03T00:00:00Z,9032.904109178187
1906,2025-02-04T00:00:00Z,9032.904109178187
1907,2025-02-05T00:00:00Z,9032.904109178187
1908,2025-02-06T00:00:00Z,9032.904109178187
1909,2025-02-07T00:00:00Z,9032.904109178187
1910,2025-02-09T00:00:00Z,9032.904109178187
1911,2025-02-10T00:00:00Z,9032.904109178187
1912,2025-02-11T00:00:00Z,9032.904109178187
1913,2025-02-12T00:00:00Z,9032.904109178187
1914,2025-02-13T00:00:00Z,9032.904109178187
1915,2025-02-14T00:00:00Z,9032.904109178187
1916,2025-02-16T00:00:00Z,9032.904109178187
1917,2025-02-17T00:00:00Z,9032.904109178187
1918,2025-02-18T00:00:00Z,9032.904109178187
1919,2025-02-19T00:00:00Z,9032.904109178187
1920,2025-02-20T00:00:00Z,9032.904109178187
1921,2025-02-21T00:00:00Z,9032.904109178187
1922,2025-02-23T00:00:00Z,9032.904109178187
1923,2025-02-24T00:00:00Z,9032.904109178187
1924,2025-02-25T00:00:00Z,9032.904109178187
1925,2025-02-26T00:00:00Z,9032.904109178187
1926,2025-02-27T00:00:00Z,9032.904109178187
1927,2025-02-28T00:00:00Z,9032.904109178187
1928,2025-03-02T00:00:00Z,9032.904109178187
1929,2025-03-03T00:00:00Z,9032.904109178187
1930,2025-03-04T00:00:00Z,9032.904109178187
1931,2025-03-05T00:00:00Z,9032.904109178187
1932,2025-03-06T00:00:00Z,9032.904109178187
1933,2025-03-07T00:00:00Z,9032.904109178187
1934,2025-03-09T00:00:00Z,9032.904109178187
1935,2025-03-10T00:00:00Z,9032.904109178187
1936,2025-03-11T00:00:00Z,9032.904109178187
1937,2025-03-12T00:00:00Z,9032.904109178187
1938,2025-03-13T00:00:00Z,9032.904109178187
1939,2025-03-14T00:00:00Z,9032.904109178187
1940,2025-03-16T00:00:00Z,9032.904109178187
1941,2025-03-17T00:00:00Z,9032.904109178187
1942,2025-03-18T00:00:00Z,9032.904109178187
1943,2025-03-19T00:00:00Z,9032.904109178187
1944,2025-03-20T00:00:00Z,9032.904109178187
1945,2025-03-21T00:00:00Z,9032.904109178187
1946,2025-03-23T00:00:00Z,9032.904109178187
1947,2025-03-24T00:00:00Z,9032.904109178187
1948,2025-03-25T00:00:00Z,9032.904109178187
1949,2025-03-26T00:00:00Z,9032.904109178187
1950,2025-03-27T00:00:00Z,9032.904109178187
1951,2025-03-28T00:00:00Z,9032.904109178187
1952,2025-03-30T00:00:00Z,9032.904109178187
1953,2025-03-31T00:00:00Z,9032.904109178187
1954,2025-04-01T00:00:00Z,9032.904109178187
1955,2025-04-02T00:00:00Z,9032.904109178187
1956,2025-04-03T00:00:00Z,9032.904109178187
1957,2025-04-04T00:00:00Z,9032.904109178187
1958,2025-04-06T00:00:00Z,9032.904109178187
1959,2025-04-07T00:00:00Z,9032.904109178187
1960,2025-04-08T00:00:00Z,9032.904109178187
1961,2025-04-09T00:00:00Z,9032.904109178187
1962,2025-04-10T00:00:00Z,9032.904109178187
1963,2025-04-11T00:00:00Z,9032.904109178187
1964,2025-04-13T00:00:00Z,9032.904109178187
1965,2025-04-14T00:00:00Z,9032.904109178187
1966,2025-04-15T00:00:00Z,9032.904109178187
1967,2025-04-16T00:00:00Z,9032.904109178187
1968,2025-04-17T00:00:00Z,9032.904109178187
1969,2025-04-18T00:00:00Z,9032.904109178187
1970,2025-04-20T00:00:00Z,9032.904109178187
1971,2025-04-21T00:00:00Z,9032.904109178187
1972,2025-04-22T00:00:00Z,9032.904109178187
1973,2025-04-23T00:00:00Z,9032.904109178187
1974,2025-04-24T00:00:00Z,9032.904109178187
1975,2025-04-25T00:00:00Z,9032.904109178187
1976,2025-04-27T00:00:00Z,9032.904109178187
1977,2025-04-28T00:00:00Z,9032.904109178187
1978,2025-04-29T00:00:00Z,9032.904109178187
1979,2025-04-30T00:00:00Z,9032.904109178187
1980,2025-05-01T00:00:00Z,9032.904109178187
1981,2025-05-02T00:00:00Z,9032.904109178187
1982,2025-05-04T00:00:00Z,9032.904109178187
1983,2025-05-05T00:00:00Z,9032.904109178187
1984,2025-05-06T00:00:00Z,9032.904109178187
1985,2025-05-07T00:00:00Z,9032.904109178187
1986,2025-05-08T00:00:00Z,9032.904109178187
1987,2025-05-09T00:00:00Z,9032.904109178187
1988,2025-05-11T00:00:00Z,9032.904109178187
1989,2025-05-12T00:00:00Z,9032.904109178187
1990,2025-05-13T00:00:00Z,9032.904109178187
1991,2025-05-14T00:00:00Z,9032.904109178187
1992,2025-05-15T00:00:00Z,9032.904109178187
1993,2025-05-16T00:00:00Z,9032.904109178187
1994,2025-05-18T00:00:00Z,9032.904109178187
1995,2025-05-19T00:00:00Z,9032.904109178187
1996,2025-05-20T00:00:00Z,9032.904109178187
1997,2025-05-21T00:00:00Z,9032.904109178187
1998,2025-05-22T00:00:00Z,9032.904109178187
1999,2025-05-23T00:00:00Z,9032.904109178187
2000,2025-05-25T00:00:00Z,9032.904109178187
2001,2025-05-26T00:00:00Z,9032.904109178187
2002,2025-05-27T00:00:00Z,9032.904109178187
2003,2025-05-28T00:00:00Z,9032.904109178187
2004,2025-05-29T00:00:00Z,9032.904109178187
2005,2025-05-30T00:00:00Z,9032.904109178187
2006,2025-06-01T00:00:00Z,9032.904109178187
2007,2025-06-02T00:00:00Z,9032.904109178187
2008,2025-06-03T00:00:00Z,9032.904109178187
2009,2025-06-04T00:00:00Z,9032.904109178187
2010,2025-06-05T00:00:00Z,9032.904109178187
2011,2025-06-06T00:00:00Z,9032.904109178187
2012,2025-06-08T00:00:00Z,9032.904109178187
2013,2025-06-09T00:00:00Z,9032.904109178187
2014,2025-06-10T00:00:00Z,9032.904109178187
2015,2025-06-11T00:00:00Z,9032.904109178187
2016,2025-06-12T00:00:00Z,9032.904109178187
2017,2025-06-13T00:00:00Z,9032.904109178187
2018,2025-06-15T00:00:00Z,9032.904109178187
2019,2025-06-16T00:00:00Z,9032.904109178187
2020,2025-06-17T00:00:00Z,9032.904109178187
2021,2025-06-18T00:00:00Z,9032.904109178187
2022,2025-06-19T00:00:00Z,9032.904109178187
2023,2025-06-20T00:00:00Z,9032.904109178187
2024,2025-06-22T00:00:00Z,9032.904109178187
2025,2025-06-23T00:00:00Z,9032.904109178187
2026,2025-06-24T00:00:00Z,9032.904109178187
2027,2025-06-25T00:00:00Z,9032.904109178187
2028,2025-06-26T00:00:00Z,9032.904109178187
2029,2025-06-27T00:00:00Z,9032.904109178187
2030,2025-06-29T00:00:00Z,9032.904109178187
2031,2025-06-30T00:00:00Z,9032.904109178187
2032,2025-07-01T00:00:00Z,9032.904109178187
2033,2025-07-02T00:00:00Z,9032.904109178187
2034,2025-07-03T00:00:00Z,9032.904109178187
2035,2025-07-04T00:00:00Z,9032.904109178187
2036,2025-07-06T00:00:00Z,9032.904109178187
2037,2025-07-07T00:00:00Z,9032.904109178187
2038,2025-07-08T00:00:00Z,9032.904109178187
2039,2025-07-09T00:00:00Z,9032.904109178187
2040,2025-07-10T00:00:00Z,9032.904109178187
2041,2025-07-11T00:00:00Z,9032.904109178187
2042,2025-07-13T00:00:00Z,9032.904109178187
2043,2025-07-14T00:00:00Z,9032.904109178187
2044,2025-07-15T00:00:00Z,9032.904109178187
2045,2025-07-16T00:00:00Z,9032.904109178187
2046,2025-07-17T00:00:00Z,9032.904109178187
2047,2025-07-18T00:00:00Z,9032.904109178187
2048,2025-07-20T00:00:00Z,9032.904109178187
2049,2025-07-21T00:00:00Z,9032.904109178187
2050,2025-07-22T00:00:00Z,9032.904109178187
2051,2025-07-23T00:00:00Z,9032.904109178187
2052,2025-07-24T00:00:00Z,9032.904109178187
2053,2025-07-25T00:00:00Z,9032.904109178187
2054,2025-07-27T00:00:00Z,9032.904109178187
2055,2025-07-28T00:00:00Z,9032.904109178187
2056,2025-07-29T00:00:00Z,9032.904109178187
2057,2025-07-30T00:00:00Z,9032.904109178187
2058,2025-07-31T00:00:00Z,9032.904109178187
2059,2025-08-01T00:00:00Z,9032.904109178187
2060,2025-08-03T00:00:00Z,9032.904109178187
2061,2025-08-04T00:00:00Z,9032.904109178187
2062,2025-08-05T00:00:00Z,9032.904109178187
2063,2025-08-06T00:00:00Z,9032.904109178187
2064,2025-08-07T00:00:00Z,9032.904109178187
2065,2025-08-08T00:00:00Z,9032.904109178187
2066,2025-08-10T00:00:00Z,9032.904109178187
2067,2025-08-11T00:00:00Z,9032.904109178187
2068,2025-08-12T00:00:00Z,9032.904109178187
2069,2025-08-13T00:00:00Z,9032.904109178187
2070,2025-08-14T00:00:00Z,9032.904109178187
2071,2025-08-15T00:00:00Z,9032.904109178187
2072,2025-08-17T00:00:00Z,9032.904109178187
2073,2025-08-18T00:00:00Z,9032.904109178187
2074,2025-08-19T00:00:00Z,9032.904109178187
2075,2025-08-20T00:00:00Z,9032.904109178187
2076,2025-08-21T00:00:00Z,9032.904109178187
2077,2025-08-22T00:00:00Z,9032.904109178187
2078,2025-08-24T00:00:00Z,9032.904109178187
2079,2025-08-25T00:00:00Z,9032.904109178187
2080,2025-08-26T00:00:00Z,9032.904109178187
2081,2025-08-27T00:00:00Z,9032.904109178187
2082,2025-08-28T00:00:00Z,9032.904109178187
2083,2025-08-29T00:00:00Z,9032.904109178187
2084,2025-08-31T00:00:00Z,9032.904109178187
2085,2025-09-01T00:00:00Z,9032.904109178187
2086,2025-09-02T00:00:00Z,9032.904109178187
2087,2025-09-03T00:00:00Z,9032.904109178187
2088,2025-09-04T00:00:00Z,9032.904109178187
2089,2025-09-05T00:00:00Z,9032.904109178187
2090,2025-09-07T00:00:00Z,9032.904109178187
2091,2025-09-08T00:00:00Z,9032.904109178187
2092,2025-09-09T00:00:00Z,9032.904109178187
2093,2025-09-10T00:00:00Z,9032.904109178187
2094,2025-09-11T00:00:00Z,9032.904109178187
2095,2025-09-12T00:00:00Z,9032.904109178187
2096,2025-09-14T00:00:00Z,9032.904109178187
2097,2025-09-15T00:00:00Z,9032.904109178187
2098,2025-09-16T00:00:00Z,9032.904109178187
2099,2025-09-17T00:00:00Z,9032.904109178187
2100,2025-09-18T00:00:00Z,9032.904109178187
2101,2025-09-19T00:00:00Z,9032.904109178187
2102,2025-09-21T00:00:00Z,9032.904109178187
2103,2025-09-22T00:00:00Z,9032.904109178187
2104,2025-09-23T00:00:00Z,9032.904109178187
2105,2025-09-24T00:00:00Z,9032.904109178187
2106,2025-09-25T00:00:00Z,9032.904109178187
2107,2025-09-26T00:00:00Z,9032.904109178187
2108,2025-09-28T00:00:00Z,9032.904109178187
2109,2025-09-29T00:00:00Z,9032.904109178187
2110,2025-09-30T00:00:00Z,9032.904109178187
2111,2025-10-01T00:00:00Z,9032.904109178187
2112,2025-10-02T00:00:00Z,9032.904109178187
2113,2025-10-03T00:00:00Z,9032.904109178187
2114,2025-10-05T00:00:00Z,9032.904109178187
2115,2025-10-06T00:00:00Z,9032.904109178187
2116,2025-10-07T00:00:00Z,9032.904109178187
2117,2025-10-08T00:00:00Z,9032.904109178187
2118,2025-10-09T00:00:00Z,9032.904109178187
2119,2025-10-10T00:00:00Z,9032.904109178187
2120,2025-10-12T00:00:00Z,9032.904109178187
2121,2025-10-13T00:00:00Z,9032.904109178187
2122,2025-10-14T00:00:00Z,9032.904109178187
2123,2025-10-15T00:00:00Z,9032.904109178187
2124,2025-10-16T00:00:00Z,9032.904109178187
2125,2025-10-17T00:00:00Z,9032.904109178187
2126,2025-10-19T00:00:00Z,9032.904109178187
2127,2025-10-20T00:00:00Z,9032.904109178187
2128,2025-10-21T00:00:00Z,9032.904109178187
2129,2025-10-22T00:00:00Z,9032.904109178187
2130,2025-10-23T00:00:00Z,9032.904109178187
2131,2025-10-24T00:00:00Z,9032.904109178187
2132,2025-10-26T00:00:00Z,9032.904109178187
2133,2025-10-27T00:00:00Z,9032.904109178187
2134,2025-10-28T00:00:00Z,9032.904109178187
2135,2025-10-29T00:00:00Z,9032.904109178187
2136,2025-10-30T00:00:00Z,9032.904109178187
2137,2025-10-31T00:00:00Z,9032.904109178187
2138,2025-11-02T00:00:00Z,9032.904109178187
2139,2025-11-03T00:00:00Z,9032.904109178187
2140,2025-11-04T00:00:00Z,9032.904109178187
2141,2025-11-05T00:00:00Z,9032.904109178187
2142,2025-11-06T00:00:00Z,9032.904109178187
2143,2025-11-07T00:00:00Z,9032.904109178187
2144,2025-11-09T00:00:00Z,9032.904109178187
2145,2025-11-10T00:00:00Z,9032.904109178187
2146,2025-11-11T00:00:00Z,9032.904109178187
2147,2025-11-12T00:00:00Z,9032.904109178187
2148,2025-11-13T00:00:00Z,9032.904109178187
2149,2025-11-14T00:00:00Z,9032.904109178187
2150,2025-11-16T00:00:00Z,9032.904109178187
2151,2025-11-17T00:00:00Z,9032.904109178187
2152,2025-11-18T00:00:00Z,9032.904109178187
2153,2025-11-19T00:00:00Z,9032.904109178187
2154,2025-11-20T00:00:00Z,9032.904109178187
2155,2025-11-21T00:00:00Z,9032.904109178187
2156,2025-11-23T00:00:00Z,9032.904109178187
2157,2025-11-24T00:00:00Z,9032.904109178187
2158,2025-11-25T00:00:00Z,9032.904109178187
2159,2025-11-26T00:00:00Z,9032.904109178187
2160,2025-11-27T00:00:00Z,9032.904109178187
2161,2025-11-28T00:00:00Z,9032.904109178187
2162,2025-11-30T00:00:00Z,9032.904109178187
2163,2025-12-01T00:00:00Z,9032.904109178187
2164,2025-12-02T00:00:00Z,9032.904109178187
2165,2025-12-03T00:00:00Z,9032.904109178187
2166,2025-12-04T00:00:00Z,9032.904109178187
2167,2025-12-05T00:00:00Z,9032.904109178187
2168,2025-12-07T00:00:00Z,9032.904109178187
2169,2025-12-08T00:00:00Z,9032.904109178187
2170,2025-12-09T00:00:00Z,9032.904109178187
2171,2025-12-10T00:00:00Z,9032.904109178187
2172,2025-12-11T00:00:00Z,9032.904109178187
2173,2025-12-12T00:00:00Z,9032.904109178187
2174,2025-12-14T00:00:00Z,9032.904109178187
2175,2025-12-15T00:00:00Z,9032.904109178187
2176,2025-12-16T00:00:00Z,9032.904109178187
2177,2025-12-17T00:00:00Z,9032.904109178187
2178,2025-12-18T00:00:00Z,9032.904109178187
2179,2025-12-19T00:00:00Z,9032.904109178187
2180,2025-12-21T00:00:00Z,9032.904109178187
2181,2025-12-22T00:00:00Z,9032.904109178187
2182,2025-12-23T00:00:00Z,9032.904109178187
2183,2025-12-24T00:00:00Z,9032.904109178187
2184,2025-12-25T00:00:00Z,9032.904109178187
2185,2025-12-26T00:00:00Z,9032.904109178187
2186,2025-12-28T00:00:00Z,9032.904109178187
2187,2025-12-29T00:00:00Z,9032.904109178187
2188,2025-12-30T00:00:00Z,9032.904109178187
2189,2025-12-31T00:00:00Z,9032.904109178187
2190,2026-01-01T00:00:00Z,9032.904109178187
2191,2026-01-02T00:00:00Z,9032.904109178187
2192,2026-01-04T00:00:00Z,9032.904109178187
2193,2026-01-05T00:00:00Z,9032.904109178187
2194,2026-01-06T00:00:00Z,9032.904109178187
2195,2026-01-07T00:00:00Z,9032.904109178187
2196,2026-01-08T00:00:00Z,9032.904109178187
2197,2026-01-09T00:00:00Z,9032.904109178187
2198,2026-01-11T00:00:00Z,9032.904109178187
2199,2026-01-12T00:00:00Z,9032.904109178187
2200,2026-01-13T00:00:00Z,9032.904109178187
2201,2026-01-14T00:00:00Z,9032.904109178187
2202,2026-01-15T00:00:00Z,9032.904109178187
2203,2026-01-16T00:00:00Z,9032.904109178187
2204,2026-01-18T00:00:00Z,9032.904109178187
2205,2026-01-19T00:00:00Z,9032.904109178187
2206,2026-01-20T00:00:00Z,9032.904109178187
2207,2026-01-21T00:00:00Z,9032.904109178187
2208,2026-01-22T00:00:00Z,9032.904109178187
2209,2026-01-23T00:00:00Z,9032.904109178187
2210,2026-01-25T00:00:00Z,9032.904109178187
2211,2026-01-26T00:00:00Z,9032.904109178187
2212,2026-01-27T00:00:00Z,9032.904109178187
2213,2026-01-28T00:00:00Z,9032.904109178187
2214,2026-01-29T00:00:00Z,9032.904109178187
2215,2026-01-30T00:00:00Z,9032.904109178187
2216,2026-02-01T00:00:00Z,9032.904109178187
2217,2026-02-02T00:00:00Z,9032.904109178187
2218,2026-02-03T00:00:00Z,9032.904109178187
2219,2026-02-04T00:00:00Z,9032.904109178187
2220,2026-02-05T00:00:00Z,9032.904109178187
2221,2026-02-06T00:00:00Z,9032.904109178187
2222,2026-02-08T00:00:00Z,9032.904109178187
2223,2026-02-09T00:00:00Z,9032.904109178187
2224,2026-02-10T00:00:00Z,9032.904109178187
2225,2026-02-11T00:00:00Z,9032.904109178187
2226,2026-02-12T00:00:00Z,9032.904109178187
2227,2026-02-13T00:00:00Z,9032.904109178187
2228,2026-02-15T00:00:00Z,9032.904109178187
2229,2026-02-16T00:00:00Z,9032.904109178187
2230,2026-02-17T00:00:00Z,9032.904109178187
2231,2026-02-18T00:00:00Z,9032.904109178187
2232,2026-02-19T00:00:00Z,9032.904109178187
2233,2026-02-20T00:00:00Z,9032.904109178187
2234,2026-02-22T00:00:00Z,9032.904109178187
2235,2026-02-23T00:00:00Z,9032.904109178187
2236,2026-02-24T00:00:00Z,9032.904109178187
2237,2026-02-25T00:00:00Z,9032.904109178187
2238,2026-02-26T00:00:00Z,9032.904109178187
2239,2026-02-27T00:00:00Z,9032.904109178187
2240,2026-03-01T00:00:00Z,9032.904109178187
2241,2026-03-02T00:00:00Z,9032.904109178187
2242,2026-03-03T00:00:00Z,9032.904109178187
2243,2026-03-04T00:00:00Z,9032.904109178187
2244,2026-03-05T00:00:00Z,9032.904109178187
2245,2026-03-06T00:00:00Z,9032.904109178187
2246,2026-03-08T00:00:00Z,9032.904109178187
2247,2026-03-09T00:00:00Z,9032.904109178187
2248,2026-03-10T00:00:00Z,9032.904109178187
2249,2026-03-11T00:00:00Z,9032.904109178187
2250,2026-03-12T00:00:00Z,9032.904109178187
2251,2026-03-13T00:00:00Z,9032.904109178187
2252,2026-03-15T00:00:00Z,9032.904109178187
2253,2026-03-16T00:00:00Z,9032.904109178187
2254,2026-03-17T00:00:00Z,9032.904109178187
2255,2026-03-18T00:00:00Z,9032.904109178187
2256,2026-03-19T00:00:00Z,9032.904109178187
2257,2026-03-20T00:00:00Z,9032.904109178187
2258,2026-03-22T00:00:00Z,9032.904109178187
2259,2026-03-23T00:00:00Z,9032.904109178187
2260,2026-03-24T00:00:00Z,9032.904109178187
2261,2026-03-25T00:00:00Z,9032.904109178187
2262,2026-03-26T00:00:00Z,9032.904109178187
2263,2026-03-27T00:00:00Z,9032.904109178187
2264,2026-03-29T00:00:00Z,9032.904109178187
2265,2026-03-30T00:00:00Z,9032.904109178187
2266,2026-03-31T00:00:00Z,9032.904109178187
2267,2026-04-01T00:00:00Z,9032.904109178187
2268,2026-04-02T00:00:00Z,9032.904109178187
2269,2026-04-03T00:00:00Z,9032.904109178187
2270,2026-04-05T00:00:00Z,9032.904109178187
2271,2026-04-06T00:00:00Z,9032.904109178187
2272,2026-04-07T00:00:00Z,9032.904109178187
2273,2026-04-08T00:00:00Z,9032.904109178187
2274,2026-04-09T00:00:00Z,9032.904109178187
2275,2026-04-10T00:00:00Z,9032.904109178187
2276,2026-04-12T00:00:00Z,9032.904109178187
2277,2026-04-13T00:00:00Z,9032.904109178187
2278,2026-04-14T00:00:00Z,9032.904109178187
2279,2026-04-15T00:00:00Z,9032.904109178187
2280,2026-04-16T00:00:00Z,9032.904109178187
2281,2026-04-17T00:00:00Z,9032.904109178187
2282,2026-04-19T00:00:00Z,9032.904109178187
2283,2026-04-20T00:00:00Z,9032.904109178187
2284,2026-04-21T00:00:00Z,9032.904109178187
2285,2026-04-22T00:00:00Z,9032.904109178187
2286,2026-04-23T00:00:00Z,9032.904109178187
2287,2026-04-24T00:00:00Z,9032.904109178187
2288,2026-04-26T00:00:00Z,9032.904109178187
2289,2026-04-27T00:00:00Z,9032.904109178187
2290,2026-04-28T00:00:00Z,9032.904109178187
2291,2026-04-29T00:00:00Z,9032.904109178187
2292,2026-04-30T00:00:00Z,9032.904109178187
2293,2026-05-01T00:00:00Z,9032.904109178187
2294,2026-05-03T00:00:00Z,9032.904109178187
2295,2026-05-04T00:00:00Z,9032.904109178187
2296,2026-05-05T00:00:00Z,9032.904109178187
2297,2026-05-06T00:00:00Z,9032.904109178187
2298,2026-05-07T00:00:00Z,9032.904109178187
2299,2026-05-08T00:00:00Z,9032.904109178187
2300,2026-05-10T00:00:00Z,9032.904109178187
2301,2026-05-11T00:00:00Z,9032.904109178187
2302,2026-05-12T00:00:00Z,9032.904109178187
2303,2026-05-13T00:00:00Z,9032.904109178187
2304,2026-05-14T00:00:00Z,9032.904109178187
2305,2026-05-15T00:00:00Z,9032.904109178187
2306,2026-05-17T00:00:00Z,9032.904109178187
2307,2026-05-18T00:00:00Z,9032.904109178187
2308,2026-05-19T00:00:00Z,9032.904109178187
2309,2026-05-20T00:00:00Z,9032.904109178187
2310,2026-05-21T00:00:00Z,9032.904109178187
2311,2026-05-22T00:00:00Z,9032.904109178187
2312,2026-05-24T00:00:00Z,9032.904109178187
2313,2026-05-25T00:00:00Z,9032.904109178187
2314,2026-05-26T00:00:00Z,9032.904109178187
2315,2026-05-27T00:00:00Z,9032.904109178187
2316,2026-05-28T00:00:00Z,9032.904109178187
2317,2026-05-29T00:00:00Z,9032.904109178187
2318,2026-05-31T00:00:00Z,9032.904109178187
2319,2026-06-01T00:00:00Z,9032.904109178187
2320,2026-06-02T00:00:00Z,9032.904109178187
2321,2026-06-03T00:00:00Z,9032.904109178187
2322,2026-06-04T00:00:00Z,9032.904109178187
2323,2026-06-05T00:00:00Z,9032.904109178187
2324,2026-06-07T00:00:00Z,9032.904109178187
2325,2026-06-08T00:00:00Z,9032.904109178187
2326,2026-06-09T00:00:00Z,9032.904109178187
2327,2026-06-10T00:00:00Z,9032.904109178187
2328,2026-06-11T00:00:00Z,9032.904109178187
2329,2026-06-12T00:00:00Z,9032.904109178187
2330,2026-06-14T00:00:00Z,9032.904109178187
2331,2026-06-15T00:00:00Z,9032.904109178187
2332,2026-06-16T00:00:00Z,9032.904109178187
2333,2026-06-17T00:00:00Z,9032.904109178187
2334,2026-06-18T00:00:00Z,9032.904109178187
2335,2026-06-19T00:00:00Z,9032.904109178187
2336,2026-06-21T00:00:00Z,9032.904109178187
2337,2026-06-22T00:00:00Z,9032.904109178187
2338,2026-06-23T00:00:00Z,9032.904109178187
2339,2026-06-24T00:00:00Z,9032.904109178187
2340,2026-06-25T00:00:00Z,9032.904109178187
2341,2026-06-26T00:00:00Z,9032.904109178187
2342,2026-06-28T00:00:00Z,9032.904109178187
2343,2026-06-29T00:00:00Z,9032.904109178187
2344,2026-06-30T00:00:00Z,9032.904109178187
2345,2026-07-01T00:00:00Z,9032.904109178187
2346,2026-07-02T00:00:00Z,9032.904109178187
2347,2026-07-03T00:00:00Z,9032.904109178187
2348,2026-07-05T00:00:00Z,9032.904109178187
2349,2026-07-06T00:00:00Z,9032.904109178187
2350,2026-07-07T00:00:00Z,9032.904109178187
2351,2026-07-08T00:00:00Z,9032.904109178187
2352,2026-07-09T00:00:00Z,9032.904109178187
2353,2026-07-10T00:00:00Z,9032.904109178187
2354,2026-07-12T00:00:00Z,9032.904109178187
2355,2026-07-13T00:00:00Z,9032.904109178187
2356,2026-07-14T00:00:00Z,9032.904109178187
2357,2026-07-15T00:00:00Z,9032.904109178187
2358,2026-07-16T00:00:00Z,9032.904109178187
2359,2026-07-17T00:00:00Z,9032.904109178187
2360,2026-07-19T00:00:00Z,9032.904109178187
2361,2026-07-20T00:00:00Z,9032.904109178187
2362,2026-07-21T00:00:00Z,9032.904109178187
2363,2026-07-22T00:00:00Z,9032.904109178187
2364,2026-07-23T00:00:00Z,9032.904109178187
2365,2026-07-24T00:00:00Z,9032.904109178187
2366,2026-07-26T00:00:00Z,9032.904109178187
2367,2026-07-27T00:00:00Z,9032.904109178187
2368,2026-07-28T00:00:00Z,9032.904109178187
2369,2026-07-29T00:00:00Z,9032.904109178187
2370,2026-07-30T00:00:00Z,9032.904109178187
2371,2026-07-31T00:00:00Z,9032.904109178187
2372,2026-08-02T00:00:00Z,9032.904109178187
2373,2026-08-03T00:00:00Z,9032.904109178187
2374,2026-08-04T00:00:00Z,9032.904109178187
2375,2026-08-05T00:00:00Z,9032.904109178187
2376,2026-08-06T00:00:00Z,9032.904109178187
2377,2026-08-07T00:00:00Z,9032.904109178187
2378,2026-08-09T00:00:00Z,9032.904109178187
2379,2026-08-10T00:00:00Z,9032.904109178187
2380,2026-08-11T00:00:00Z,9032.904109178187
2381,2026-08-12T00:00:00Z,9032.904109178187
2382,2026-08-13T00:00:00Z,9032.904109178187
2383,2026-08-14T00:00:00Z,9032.904109178187
2384,2026-08-16T00:00:00Z,9032.904109178187
2385,2026-08-17T00:00:00Z,9032.904109178187
2386,2026-08-18T00:00:00Z,9032.904109178187
2387,2026-08-19T00:00:00Z,9032.904109178187
2388,2026-08-20T00:00:00Z,9032.904109178187
2389,2026-08-21T00:00:00Z,9032.904109178187
2390,2026-08-23T00:00:00Z,9032.904109178187
2391,2026-08-24T00:00:00Z,9032.904109178187
2392,2026-08-25T00:00:00Z,9032.904109178187
2393,2026-08-26T00:00:00Z,9032.904109178187
2394,2026-08-27T00:00:00Z,9032.904109178187
2395,2026-08-28T00:00:00Z,9032.904109178187
