bar_index,timestamp_utc,equity
0,2018-12-12T00:00:00Z,10000.0
1,2018-12-13T00:00:00Z,10000.0
2,2018-12-14T00:00:00Z,10000.0
3,2018-12-17T00:00:00Z,10000.0
4,2018-12-18T00:00:00Z,10000.0
5,2018-12-19T00:00:00Z,10000.0
6,2018-12-20T00:00:00Z,10000.0
7,2018-12-21T00:00:00Z,10000.0
8,2018-12-24T00:00:00Z,10000.0
9,2018-12-26T00:00:00Z,10000.0
10,2018-12-27T00:00:00Z,10000.0
11,2018-12-28T00:00:00Z,10000.0
12,2018-12-31T00:00:00Z,10000.0
13,2019-01-01T00:00:00Z,10000.0
14,2019-01-02T00:00:00Z,10000.0
15,2019-01-03T00:00:00Z,10000.0
16,2019-01-04T00:00:00Z,10000.0
17,2019-01-06T00:00:00Z,10000.0
18,2019-01-07T00:00:00Z,10000.0
19,2019-01-08T00:00:00Z,10000.0
20,2019-01-09T00:00:00Z,10000.0
21,2019-01-10T00:00:00Z,10000.0
22,2019-01-11T00:00:00Z,10000.0
23,2019-01-14T00:00:00Z,10000.0
24,2019-01-15T00:00:00Z,10000.0
25,2019-01-16T00:00:00Z,10000.0
26,2019-01-17T00:00:00Z,10000.0
27,2019-01-18T00:00:00Z,10000.0
28,2019-01-20T00:00:00Z,10000.0
29,2019-01-21T00:00:00Z,10000.0
30,2019-01-22T00:00:00Z,10000.0
31,2019-01-23T00:00:00Z,10000.0
32,2019-01-24T00:00:00Z,10000.0
33,2019-01-25T00:00:00Z,10000.0
34,2019-01-27T00:00:00Z,10000.0
35,2019-01-28T00:00:00Z,10000.0
36,2019-01-29T00:00:00Z,10000.0
37,2019-01-30T00:00:00Z,10000.0
38,2019-01-31T00:00:00Z,10000.0
39,2019-02-01T00:00:00Z,10000.0
40,2019-02-03T00:00:00Z,10000.0
41,2019-02-04T00:00:00Z,10000.0
42,2019-02-05T00:00:00Z,10000.0
43,2019-02-06T00:00:00Z,10000.0
44,2019-02-07T00:00:00Z,10000.0
45,2019-02-08T00:00:00Z,10000.0
46,2019-02-10T00:00:00Z,10000.0
47,2019-02-11T00:00:00Z,10000.0
48,2019-02-12T00:00:00Z,10000.0
49,2019-02-13T00:00:00Z,10000.0
50,2019-02-14T00:00:00Z,10000.0
51,2019-02-15T00:00:00Z,10000.0
52,2019-02-17T00:00:00Z,10000.0
53,2019-02-18T00:00:00Z,10000.0
54,2019-02-19T00:00:00Z,10000.0
55,2019-02-20T00:00:00Z,10000.0
56,2019-02-21T00:00:00Z,10000.0
57,2019-02-22T00:00:00Z,10000.0
58,2019-02-24T00:00:00Z,10000.0
59,2019-02-25T00:00:00Z,10000.0
60,2019-02-26T00:00:00Z,10000.0
61,2019-02-27T00:00:00Z,10000.0
62,2019-02-28T00:00:00Z,10000.0
63,2019-03-01T00:00:00Z,10000.0
64,2019-03-03T00:00:00Z,10000.0
65,2019-03-04T00:00:00Z,10000.0
66,2019-03-05T00:00:00Z,10000.0
67,2019-03-06T00:00:00Z,10000.0
68,2019-03-07T00:00:00Z,10000.0
69,2019-03-08T00:00:00Z,10000.0
70,2019-03-10T00:00:00Z,10000.0
71,2019-03-11T00:00:00Z,10000.0
72,2019-03-12T00:00:00Z,10000.0
73,2019-03-13T00:00:00Z,10000.0
74,2019-03-14T00:00:00Z,10000.0
75,2019-03-15T00:00:00Z,10000.0
76,2019-03-17T00:00:00Z,10000.0
77,2019-03-18T00:00:00Z,10000.0
78,2019-03-19T00:00:00Z,10000.0
79,2019-03-20T00:00:00Z,10000.0
80,2019-03-21T00:00:00Z,10000.0
81,2019-03-22T00:00:00Z,10000.0
82,2019-03-24T00:00:00Z,10000.0
83,2019-03-25T00:00:00Z,10000.0
84,2019-03-26T00:00:00Z,10000.0
85,2019-03-27T00:00:00Z,10000.0
86,2019-03-28T00:00:00Z,10000.0
87,2019-03-29T00:00:00Z,10000.0
88,2019-03-31T00:00:00Z,10000.0
89,2019-04-01T00:00:00Z,10000.0
90,2019-04-02T00:00:00Z,10000.0
91,2019-04-03T00:00:00Z,10000.0
92,2019-04-04T00:00:00Z,10000.0
93,2019-04-05T00:00:00Z,10000.0
94,2019-04-07T00:00:00Z,10000.0
95,2019-04-08T00:00:00Z,10000.0
96,2019-04-09T00:00:00Z,10000.0
97,2019-04-10T00:00:00Z,10000.0
98,2019-04-11T00:00:00Z,10000.0
99,2019-04-12T00:00:00Z,10000.0
100,2019-04-14T00:00:00Z,10000.0
101,2019-04-15T00:00:00Z,10000.0
102,2019-04-16T00:00:00Z,10000.0
103,2019-04-17T00:00:00Z,10000.0
104,2019-04-18T00:00:00Z,10000.0
105,2019-04-21T00:00:00Z,10000.0
106,2019-04-22T00:00:00Z,10000.0
107,2019-04-23T00:00:00Z,10000.0
108,2019-04-24T00:00:00Z,10000.0
109,2019-04-25T00:00:00Z,10000.0
110,2019-04-26T00:00:00Z,10000.0
111,2019-04-28T00:00:00Z,10000.0
112,2019-04-29T00:00:00Z,10000.0
113,2019-04-30T00:00:00Z,10000.0
114,2019-05-01T00:00:00Z,10000.0
115,2019-05-02T00:00:00Z,10000.0
116,2019-05-03T00:00:00Z,10000.0
117,2019-05-05T00:00:00Z,10000.0
118,2019-05-06T00:00:00Z,10000.0
119,2019-05-07T00:00:00Z,10000.0
120,2019-05-08T00:00:00Z,10000.0
121,2019-05-09T00:00:00Z,10000.0
122,2019-05-10T00:00:00Z,10000.0
123,2019-05-12T00:00:00Z,10000.0
124,2019-05-13T00:00:00Z,10000.0
125,2019-05-14T00:00:00Z,10000.0
126,2019-05-15T00:00:00Z,10000.0
127,2019-05-16T00:00:00Z,10000.0
128,2019-05-17T00:00:00Z,10000.0
129,2019-05-19T00:00:00Z,10000.0
130,2019-05-20T00:00:00Z,10000.0
131,2019-05-21T00:00:00Z,10000.0
132,2019-05-22T00:00:00Z,10000.0
133,2019-05-23T00:00:00Z,10000.0
134,2019-05-24T00:00:00Z,10000.0
135,2019-05-26T00:00:00Z,10000.0
136,2019-05-27T00:00:00Z,10000.0
137,2019-05-28T00:00:00Z,10000.0
138,2019-05-29T00:00:00Z,10000.0
139,2019-05-30T00:00:00Z,10000.0
140,2019-05-31T00:00:00Z,10000.0
141,2019-06-02T00:00:00Z,10000.0
142,2019-06-03T00:00:00Z,10000.0
143,2019-06-04T00:00:00Z,10000.0
144,2019-06-05T00:00:00Z,10000.0
145,2019-06-06T00:00:00Z,10000.0
146,2019-06-07T00:00:00Z,10000.0
147,2019-06-09T00:00:00Z,10000.0
148,2019-06-10T00:00:00Z,10000.0
149,2019-06-11T00:00:00Z,10000.0
150,2019-06-12T00:00:00Z,10000.0
151,2019-06-13T00:00:00Z,10000.0
152,2019-06-14T00:00:00Z,10000.0
153,2019-06-16T00:00:00Z,10000.0
154,2019-06-17T00:00:00Z,10000.0
155,2019-06-18T00:00:00Z,10000.0
156,2019-06-19T00:00:00Z,10000.0
157,2019-06-20T00:00:00Z,10000.0
158,2019-06-21T00:00:00Z,10000.0
159,2019-06-23T00:00:00Z,10000.0
160,2019-06-24T00:00:00Z,10000.0
161,2019-06-25T00:00:00Z,10000.0
162,2019-06-26T00:00:00Z,10000.0
163,2019-06-27T00:00:00Z,10000.0
164,2019-06-28T00:00:00Z,10000.0
165,2019-06-30T00:00:00Z,10000.0
166,2019-07-01T00:00:00Z,10000.0
167,2019-07-02T00:00:00Z,10000.0
168,2019-07-03T00:00:00Z,10000.0
169,2019-07-04T00:00:00Z,10000.0
170,2019-07-05T00:00:00Z,10000.0
171,2019-07-07T00:00:00Z,10000.0
172,2019-07-08T00:00:00Z,10000.0
173,2019-07-09T00:00:00Z,10000.0
174,2019-07-10T00:00:00Z,10000.0
175,2019-07-11T00:00:00Z,10000.0
176,2019-07-12T00:00:00Z,10000.0
177,2019-07-14T00:00:00Z,10000.0
178,2019-07-15T00:00:00Z,10000.0
179,2019-07-16T00:00:00Z,10000.0
180,2019-07-17T00:00:00Z,10000.0
181,2019-07-18T00:00:00Z,10000.0
182,2019-07-19T00:00:00Z,10000.0
183,2019-07-21T00:00:00Z,10000.0
184,2019-07-22T00:00:00Z,10000.0
185,2019-07-23T00:00:00Z,10000.0
186,2019-07-24T00:00:00Z,10000.0
187,2019-07-25T00:00:00Z,10000.0
188,2019-07-26T00:00:00Z,10000.0
189,2019-07-28T00:00:00Z,10000.0
190,2019-07-29T00:00:00Z,10000.0
191,2019-07-30T00:00:00Z,10000.0
192,2019-07-31T00:00:00Z,10000.0
193,2019-08-01T00:00:00Z,10000.0
194,2019-08-02T00:00:00Z,10000.0
195,2019-08-04T00:00:00Z,10000.0
196,2019-08-05T00:00:00Z,10000.0
197,2019-08-06T00:00:00Z,10000.0
198,2019-08-07T00:00:00Z,10000.0
199,2019-08-08T00:00:00Z,10000.0
200,2019-08-09T00:00:00Z,10000.0
201,2019-08-11T00:00:00Z,10000.0
202,2019-08-12T00:00:00Z,10000.0
203,2019-08-13T00:00:00Z,10000.0
204,2019-08-14T00:00:00Z,10000.0
205,2019-08-15T00:00:00Z,10000.0
206,2019-08-16T00:00:00Z,10000.0
207,2019-08-18T00:00:00Z,10000.0
208,2019-08-19T00:00:00Z,10000.0
209,2019-08-20T00:00:00Z,10000.0
210,2019-08-21T00:00:00Z,10000.0
211,2019-08-22T00:00:00Z,10000.0
212,2019-08-23T00:00:00Z,10000.0
213,2019-08-25T00:00:00Z,10000.0
214,2019-08-26T00:00:00Z,10000.0
215,2019-08-27T00:00:00Z,10000.0
216,2019-08-28T00:00:00Z,10000.0
217,2019-08-29T00:00:00Z,10000.0
218,2019-08-30T00:00:00Z,10000.0
219,2019-09-01T00:00:00Z,10000.0
220,2019-09-02T00:00:00Z,10000.0
221,2019-09-03T00:00:00Z,10000.0
222,2019-09-04T00:00:00Z,10000.0
223,2019-09-05T00:00:00Z,10000.0
224,2019-09-06T00:00:00Z,10000.0
225,2019-09-08T00:00:00Z,10000.0
226,2019-09-09T00:00:00Z,10000.0
227,2019-09-10T00:00:00Z,10000.0
228,2019-09-11T00:00:00Z,10000.0
229,2019-09-12T00:00:00Z,10000.0
230,2019-09-13T00:00:00Z,10000.0
231,2019-09-16T00:00:00Z,10000.0
232,2019-09-17T00:00:00Z,10000.0
233,2019-09-18T00:00:00Z,10000.0
234,2019-09-19T00:00:00Z,10000.0
235,2019-09-20T00:00:00Z,10000.0
236,2019-09-22T00:00:00Z,10000.0
237,2019-09-23T00:00:00Z,10000.0
238,2019-09-24T00:00:00Z,10000.0
239,2019-09-25T00:00:00Z,10000.0
240,2019-09-26T00:00:00Z,10000.0
241,2019-09-27T00:00:00Z,10000.0
242,2019-09-29T00:00:00Z,10000.0
243,2019-09-30T00:00:00Z,10000.0
244,2019-10-01T00:00:00Z,10000.0
245,2019-10-02T00:00:00Z,10000.0
246,2019-10-03T00:00:00Z,10000.0
247,2019-10-04T00:00:00Z,10000.0
248,2019-10-06T00:00:00Z,10000.0
249,2019-10-07T00:00:00Z,10000.0
250,2019-10-08T00:00:00Z,10000.0
251,2019-10-09T00:00:00Z,10000.0
252,2019-10-10T00:00:00Z,10000.0
253,2019-10-11T00:00:00Z,10000.0
254,2019-10-13T00:00:00Z,10000.0
255,2019-10-14T00:00:00Z,10000.0
256,2019-10-15T00:00:00Z,10000.0
257,2019-10-16T00:00:00Z,10000.0
258,2019-10-17T00:00:00Z,10000.0
259,2019-10-18T00:00:00Z,10000.0
260,2019-10-20T00:00:00Z,10000.0
261,2019-10-21T00:00:00Z,10000.0
262,2019-10-22T00:00:00Z,10000.0
263,2019-10-23T00:00:00Z,10000.0
264,2019-10-24T00:00:00Z,10000.0
265,2019-10-25T00:00:00Z,10000.0
266,2019-10-27T00:00:00Z,10000.0
267,2019-10-28T00:00:00Z,10000.0
268,2019-10-29T00:00:00Z,10000.0
269,2019-10-30T00:00:00Z,10000.0
270,2019-10-31T00:00:00Z,10000.0
271,2019-11-01T00:00:00Z,10000.0
272,2019-11-03T00:00:00Z,10000.0
273,2019-11-04T00:00:00Z,10000.0
274,2019-11-05T00:00:00Z,10000.0
275,2019-11-06T00:00:00Z,10000.0
276,2019-11-07T00:00:00Z,10000.0
277,2019-11-08T00:00:00Z,10000.0
278,2019-11-10T00:00:00Z,10000.0
279,2019-11-11T00:00:00Z,10000.0
280,2019-11-12T00:00:00Z,10000.0
281,2019-11-13T00:00:00Z,10000.0
282,2019-11-14T00:00:00Z,9986.81897609756
283,2019-11-15T00:00:00Z,10009.583203739838
284,2019-11-17T00:00:00Z,10008.57146028907
285,2019-11-18T00:00:00Z,9987.577783685636
286,2019-11-19T00:00:00Z,9948.5715700813
287,2019-11-20T00:00:00Z,9948.5715700813
288,2019-11-21T00:00:00Z,9948.5715700813
289,2019-11-22T00:00:00Z,9936.281752243942
290,2019-11-24T00:00:00Z,9937.928087964758
291,2019-11-25T00:00:00Z,9936.5169430612
292,2019-11-26T00:00:00Z,9944.043049213507
293,2019-11-27T00:00:00Z,9937.22251551298
294,2019-11-28T00:00:00Z,9934.591000149308
295,2019-11-29T00:00:00Z,9934.591000149308
296,2019-12-01T00:00:00Z,9935.613779292291
297,2019-12-02T00:00:00Z,9941.285655714362
298,2019-12-03T00:00:00Z,9950.409978654216
299,2019-12-04T00:00:00Z,9999.977246516662
300,2019-12-05T00:00:00Z,9998.251023257772
301,2019-12-06T00:00:00Z,9995.970230432187
302,2019-12-08T00:00:00Z,9991.007820077946
303,2019-12-09T00:00:00Z,9988.188443859106
304,2019-12-10T00:00:00Z,9994.596117083742
305,2019-12-11T00:00:00Z,9987.675830001135
306,2019-12-12T00:00:00Z,9997.159186373598
307,2019-12-13T00:00:00Z,9997.314819913634
308,2019-12-16T00:00:00Z,9997.314819913634
309,2019-12-17T00:00:00Z,9997.314819913634
310,2019-12-18T00:00:00Z,9997.314819913634
311,2019-12-19T00:00:00Z,9997.314819913634
312,2019-12-20T00:00:00Z,9972.876221404036
313,2019-12-22T00:00:00Z,9974.671762231217
314,2019-12-23T00:00:00Z,9979.160614299171
315,2019-12-24T00:00:00Z,9994.721968134743
316,2019-12-25T00:00:00Z,9997.116022570986
317,2019-12-26T00:00:00Z,9993.62363820481
318,2019-12-27T00:00:00Z,9993.62363820481
319,2019-12-29T00:00:00Z,9993.62363820481
320,2019-12-30T00:00:00Z,9993.62363820481
321,2019-12-31T00:00:00Z,9993.62363820481
322,2020-01-01T00:00:00Z,9983.11260326209
323,2020-01-02T00:00:00Z,9974.784583563587
324,2020-01-03T00:00:00Z,10063.616793680963
325,2020-01-05T00:00:00Z,10100.167546802175
326,2020-01-06T00:00:00Z,10058.990116070683
327,2020-01-07T00:00:00Z,10053.467203352511
328,2020-01-08T00:00:00Z,10053.467203352511
329,2020-01-09T00:00:00Z,10053.467203352511
330,2020-01-10T00:00:00Z,10053.467203352511
331,2020-01-12T00:00:00Z,10053.467203352511
332,2020-01-13T00:00:00Z,10053.467203352511
333,2020-01-14T00:00:00Z,10053.467203352511
334,2020-01-15T00:00:00Z,10053.467203352511
335,2020-01-16T00:00:00Z,10053.467203352511
336,2020-01-17T00:00:00Z,10053.467203352511
337,2020-01-19T00:00:00Z,10053.467203352511
338,2020-01-20T00:00:00Z,10053.467203352511
339,2020-01-21T00:00:00Z,10053.467203352511
340,2020-01-22T00:00:00Z,10053.467203352511
341,2020-01-23T00:00:00Z,10053.467203352511
342,2020-01-24T00:00:00Z,10053.467203352511
343,2020-01-26T00:00:00Z,10053.467203352511
344,2020-01-27T00:00:00Z,10053.467203352511
345,2020-01-28T00:00:00Z,10053.467203352511
346,2020-01-29T00:00:00Z,10053.467203352511
347,2020-01-30T00:00:00Z,10053.467203352511
348,2020-01-31T00:00:00Z,10053.467203352511
349,2020-02-02T00:00:00Z,10053.467203352511
350,2020-02-03T00:00:00Z,10053.467203352511
351,2020-02-04T00:00:00Z,10053.467203352511
352,2020-02-05T00:00:00Z,10053.467203352511
353,2020-02-06T00:00:00Z,10053.467203352511
354,2020-02-07T00:00:00Z,10053.467203352511
355,2020-02-09T00:00:00Z,10053.467203352511
356,2020-02-10T00:00:00Z,10053.467203352511
357,2020-02-11T00:00:00Z,10053.467203352511
358,2020-02-12T00:00:00Z,10053.467203352511
359,2020-02-13T00:00:00Z,10053.467203352511
360,2020-02-14T00:00:00Z,10053.467203352511
361,2020-02-16T00:00:00Z,10053.467203352511
362,2020-02-17T00:00:00Z,10053.467203352511
363,2020-02-18T00:00:00Z,10053.467203352511
364,2020-02-19T00:00:00Z,10053.467203352511
365,2020-02-20T00:00:00Z,10053.467203352511
366,2020-02-21T00:00:00Z,10053.467203352511
367,2020-02-23T00:00:00Z,10053.467203352511
368,2020-02-24T00:00:00Z,10033.02918741052
369,2020-02-25T00:00:00Z,10001.731047097499
370,2020-02-26T00:00:00Z,9950.471708624842
371,2020-02-27T00:00:00Z,9950.471708624842
372,2020-02-28T00:00:00Z,9950.471708624842
373,2020-03-01T00:00:00Z,9950.471708624842
374,2020-03-02T00:00:00Z,9950.471708624842
375,2020-03-03T00:00:00Z,9950.471708624842
376,2020-03-04T00:00:00Z,9950.471708624842
377,2020-03-05T00:00:00Z,9950.471708624842
378,2020-03-06T00:00:00Z,9950.471708624842
379,2020-03-08T00:00:00Z,9950.471708624842
380,2020-03-09T00:00:00Z,9950.471708624842
381,2020-03-10T00:00:00Z,9950.471708624842
382,2020-03-11T00:00:00Z,9950.471708624842
383,2020-03-12T00:00:00Z,9950.471708624842
384,2020-03-13T00:00:00Z,9950.471708624842
385,2020-03-15T00:00:00Z,9950.471708624842
386,2020-03-16T00:00:00Z,9950.471708624842
387,2020-03-17T00:00:00Z,9950.471708624842
388,2020-03-18T00:00:00Z,9950.471708624842
389,2020-03-19T00:00:00Z,9950.471708624842
390,2020-03-20T00:00:00Z,9950.471708624842
391,2020-03-22T00:00:00Z,9950.471708624842
392,2020-03-23T00:00:00Z,9950.471708624842
393,2020-03-24T00:00:00Z,9950.471708624842
394,2020-03-25T00:00:00Z,9950.471708624842
395,2020-03-26T00:00:00Z,9950.471708624842
396,2020-03-27T00:00:00Z,9950.471708624842
397,2020-03-29T00:00:00Z,9950.471708624842
398,2020-03-30T00:00:00Z,9950.471708624842
399,2020-03-31T00:00:00Z,9950.471708624842
400,2020-04-01T00:00:00Z,9959.640861298929
401,2020-04-02T00:00:00Z,9993.390753367903
402,2020-04-03T00:00:00Z,10033.321584972766
403,2020-04-05T00:00:00Z,10009.67703849421
404,2020-04-06T00:00:00Z,10015.56364757601
405,2020-04-07T00:00:00Z,10014.775023168499
406,2020-04-08T00:00:00Z,10014.775023168499
407,2020-04-09T00:00:00Z,9976.471282402872
408,2020-04-12T00:00:00Z,9964.41895101228
409,2020-04-13T00:00:00Z,9960.471850751832
410,2020-04-14T00:00:00Z,9938.699698258457
411,2020-04-15T00:00:00Z,9932.829755184262
412,2020-04-16T00:00:00Z,9928.774158151184
413,2020-04-17T00:00:00Z,9914.37364790591
414,2020-04-19T00:00:00Z,9910.058791557978
415,2020-04-20T00:00:00Z,9877.496988085863
416,2020-04-21T00:00:00Z,9864.567225703291
417,2020-04-22T00:00:00Z,9867.925078132452
418,2020-04-23T00:00:00Z,9890.285221809097
419,2020-04-24T00:00:00Z,9888.682344126184
420,2020-04-26T00:00:00Z,9884.995725455483
421,2020-04-27T00:00:00Z,9850.052991967963
422,2020-04-28T00:00:00Z,9849.865764834814
423,2020-04-29T00:00:00Z,9870.174538799016
424,2020-04-30T00:00:00Z,9897.226833699122
425,2020-05-01T00:00:00Z,9898.598499356029
426,2020-05-03T00:00:00Z,9890.216098119376
427,2020-05-04T00:00:00Z,9911.400712153823
428,2020-05-05T00:00:00Z,9911.118135311845
429,2020-05-06T00:00:00Z,9896.552737491475
430,2020-05-07T00:00:00Z,9895.962319305658
431,2020-05-08T00:00:00Z,9902.825930715782
432,2020-05-10T00:00:00Z,9901.940303437057
433,2020-05-11T00:00:00Z,9901.497489797694
434,2020-05-12T00:00:00Z,9901.189953732495
435,2020-05-13T00:00:00Z,9904.738702009701
436,2020-05-14T00:00:00Z,9926.453521061976
437,2020-05-15T00:00:00Z,9950.183117139719
438,2020-05-17T00:00:00Z,9958.466089355536
439,2020-05-18T00:00:00Z,9983.091141889043
440,2020-05-19T00:00:00Z,9982.15162696088
441,2020-05-20T00:00:00Z,10008.03556847328
442,2020-05-21T00:00:00Z,10013.71815801397
443,2020-05-22T00:00:00Z,10005.67937281007
444,2020-05-24T00:00:00Z,9998.610785820432
445,2020-05-25T00:00:00Z,10012.747959799704
446,2020-05-26T00:00:00Z,10011.974011270526
447,2020-05-27T00:00:00Z,9961.34072499677
448,2020-05-28T00:00:00Z,9990.455394814997
449,2020-05-29T00:00:00Z,10021.279615218513
450,2020-05-31T00:00:00Z,10019.113588919887
451,2020-06-01T00:00:00Z,10022.279319664032
452,2020-06-02T00:00:00Z,10051.603983399267
453,2020-06-03T00:00:00Z,10050.092031895421
454,2020-06-04T00:00:00Z,10052.051063490611
455,2020-06-05T00:00:00Z,10082.86994060578
456,2020-06-07T00:00:00Z,10104.508726665366
457,2020-06-08T00:00:00Z,10075.49308172183
458,2020-06-09T00:00:00Z,10070.247315404355
459,2020-06-10T00:00:00Z,10068.896885240587
460,2020-06-11T00:00:00Z,10017.964942931596
461,2020-06-12T00:00:00Z,10029.501255831172
462,2020-06-14T00:00:00Z,10015.477581087356
463,2020-06-15T00:00:00Z,10038.948784079637
464,2020-06-16T00:00:00Z,10048.24869469922
465,2020-06-17T00:00:00Z,10043.967783461634
466,2020-06-18T00:00:00Z,10042.622045504897
467,2020-06-19T00:00:00Z,10045.450045714259
468,2020-06-21T00:00:00Z,10051.524649673518
469,2020-06-22T00:00:00Z,10068.381675660463
470,2020-06-23T00:00:00Z,10055.321277148056
471,2020-06-24T00:00:00Z,10023.125876163978
472,2020-06-25T00:00:00Z,10022.337035535218
473,2020-06-26T00:00:00Z,10009.414138923983
474,2020-06-28T00:00:00Z,10004.26615961146
475,2020-06-29T00:00:00Z,10029.703233861572
476,2020-06-30T00:00:00Z,10030.308878486574
477,2020-07-01T00:00:00Z,10028.94617808032
478,2020-07-02T00:00:00Z,10028.124958112032
479,2020-07-03T00:00:00Z,10028.124958112032
480,2020-07-05T00:00:00Z,10028.124958112032
481,2020-07-06T00:00:00Z,10028.124958112032
482,2020-07-07T00:00:00Z,10028.124958112032
483,2020-07-08T00:00:00Z,10028.124958112032
484,2020-07-09T00:00:00Z,10028.124958112032
485,2020-07-10T00:00:00Z,10028.124958112032
486,2020-07-12T00:00:00Z,10028.124958112032
487,2020-07-13T00:00:00Z,10028.124958112032
488,2020-07-14T00:00:00Z,10028.124958112032
489,2020-07-15T00:00:00Z,10028.124958112032
490,2020-07-16T00:00:00Z,10028.124958112032
491,2020-07-17T00:00:00Z,10028.124958112032
492,2020-07-19T00:00:00Z,10028.124958112032
493,2020-07-20T00:00:00Z,10028.124958112032
494,2020-07-21T00:00:00Z,10028.124958112032
495,2020-07-22T00:00:00Z,10028.124958112032
496,2020-07-23T00:00:00Z,10028.124958112032
497,2020-07-24T00:00:00Z,10028.124958112032
498,2020-07-26T00:00:00Z,10018.877826535105
499,2020-07-27T00:00:00Z,10036.692139149514
500,2020-07-28T00:00:00Z,10019.726127135791
501,2020-07-29T00:00:00Z,10023.967630139221
502,2020-07-30T00:00:00Z,9976.839135347227
503,2020-07-31T00:00:00Z,9976.839135347227
504,2020-08-02T00:00:00Z,9976.839135347227
505,2020-08-03T00:00:00Z,9976.839135347227
506,2020-08-04T00:00:00Z,9976.839135347227
507,2020-08-05T00:00:00Z,9976.839135347227
508,2020-08-06T00:00:00Z,9976.839135347227
509,2020-08-07T00:00:00Z,9976.839135347227
510,2020-08-09T00:00:00Z,9976.839135347227
511,2020-08-10T00:00:00Z,9976.839135347227
512,2020-08-11T00:00:00Z,9976.839135347227
513,2020-08-12T00:00:00Z,9976.839135347227
514,2020-08-13T00:00:00Z,9976.839135347227
515,2020-08-14T00:00:00Z,9976.839135347227
516,2020-08-16T00:00:00Z,9976.839135347227
517,2020-08-17T00:00:00Z,9976.839135347227
518,2020-08-18T00:00:00Z,9976.839135347227
519,2020-08-19T00:00:00Z,9976.839135347227
520,2020-08-20T00:00:00Z,9976.839135347227
521,2020-08-21T00:00:00Z,9976.839135347227
522,2020-08-23T00:00:00Z,9976.839135347227
523,2020-08-24T00:00:00Z,9976.839135347227
524,2020-08-25T00:00:00Z,9976.839135347227
525,2020-08-26T00:00:00Z,9976.839135347227
526,2020-08-27T00:00:00Z,9976.839135347227
527,2020-08-28T00:00:00Z,9976.839135347227
528,2020-08-30T00:00:00Z,9976.839135347227
529,2020-08-31T00:00:00Z,9976.839135347227
530,2020-09-01T00:00:00Z,9976.839135347227
531,2020-09-02T00:00:00Z,9976.839135347227
532,2020-09-03T00:00:00Z,9976.839135347227
533,2020-09-04T00:00:00Z,9976.839135347227
534,2020-09-06T00:00:00Z,9976.839135347227
535,2020-09-07T00:00:00Z,9976.839135347227
536,2020-09-08T00:00:00Z,9976.839135347227
537,2020-09-09T00:00:00Z,9925.935429466821
538,2020-09-10T00:00:00Z,9935.592888997535
539,2020-09-11T00:00:00Z,9933.60379476225
540,2020-09-13T00:00:00Z,9931.863337306377
541,2020-09-14T00:00:00Z,9934.846978659303
542,2020-09-15T00:00:00Z,9904.76192835063
543,2020-09-16T00:00:00Z,9902.951684518059
544,2020-09-17T00:00:00Z,9886.643661965547
545,2020-09-18T00:00:00Z,9884.893140203132
546,2020-09-20T00:00:00Z,9883.58024888132
547,2020-09-21T00:00:00Z,9907.649923114524
548,2020-09-22T00:00:00Z,9912.682673181467
549,2020-09-23T00:00:00Z,9911.051135586726
550,2020-09-24T00:00:00Z,9911.051135586726
551,2020-09-25T00:00:00Z,9911.051135586726
552,2020-09-27T00:00:00Z,9911.051135586726
553,2020-09-28T00:00:00Z,9911.051135586726
554,2020-09-29T00:00:00Z,9911.051135586726
555,2020-09-30T00:00:00Z,9911.051135586726
556,2020-10-01T00:00:00Z,9911.051135586726
557,2020-10-02T00:00:00Z,9911.051135586726
558,2020-10-04T00:00:00Z,9911.051135586726
559,2020-10-05T00:00:00Z,9911.051135586726
560,2020-10-06T00:00:00Z,9911.051135586726
561,2020-10-07T00:00:00Z,9911.051135586726
562,2020-10-08T00:00:00Z,9911.051135586726
563,2020-10-09T00:00:00Z,9911.051135586726
564,2020-10-11T00:00:00Z,9911.051135586726
565,2020-10-12T00:00:00Z,9911.051135586726
566,2020-10-13T00:00:00Z,9911.051135586726
567,2020-10-14T00:00:00Z,9911.051135586726
568,2020-10-15T00:00:00Z,9911.051135586726
569,2020-10-16T00:00:00Z,9911.051135586726
570,2020-10-18T00:00:00Z,9911.051135586726
571,2020-10-19T00:00:00Z,9911.051135586726
572,2020-10-20T00:00:00Z,9911.051135586726
573,2020-10-21T00:00:00Z,9911.051135586726
574,2020-10-22T00:00:00Z,9911.051135586726
575,2020-10-23T00:00:00Z,9911.051135586726
576,2020-10-25T00:00:00Z,9895.937001111413
577,2020-10-26T00:00:00Z,9880.129156833087
578,2020-10-27T00:00:00Z,9886.12523569728
579,2020-10-28T00:00:00Z,9860.437692650616
580,2020-10-29T00:00:00Z,9860.437692650616
581,2020-10-30T00:00:00Z,9860.437692650616
582,2020-11-01T00:00:00Z,9860.437692650616
583,2020-11-02T00:00:00Z,9860.437692650616
584,2020-11-03T00:00:00Z,9860.437692650616
585,2020-11-04T00:00:00Z,9860.437692650616
586,2020-11-05T00:00:00Z,9860.437692650616
587,2020-11-06T00:00:00Z,9860.437692650616
588,2020-11-08T00:00:00Z,9860.437692650616
589,2020-11-09T00:00:00Z,9860.437692650616
590,2020-11-10T00:00:00Z,9893.51563423416
591,2020-11-11T00:00:00Z,9891.751917258343
592,2020-11-12T00:00:00Z,9877.818553149398
593,2020-11-13T00:00:00Z,9867.05987959692
594,2020-11-15T00:00:00Z,9877.642181451816
595,2020-11-16T00:00:00Z,9876.300836948165
596,2020-11-17T00:00:00Z,9872.577730144547
597,2020-11-18T00:00:00Z,9877.603054557949
598,2020-11-19T00:00:00Z,9875.269868223155
599,2020-11-20T00:00:00Z,9889.627937975727
600,2020-11-22T00:00:00Z,9890.166365591449
601,2020-11-23T00:00:00Z,9888.754585589591
602,2020-11-24T00:00:00Z,9927.482745485418
603,2020-11-25T00:00:00Z,9951.745117331102
604,2020-11-26T00:00:00Z,9931.403936894822
605,2020-11-27T00:00:00Z,9945.37318129082
606,2020-11-29T00:00:00Z,9935.8152772304
607,2020-11-30T00:00:00Z,9934.033710259042
608,2020-12-01T00:00:00Z,9901.981319269693
609,2020-12-02T00:00:00Z,9922.249031724532
610,2020-12-03T00:00:00Z,9945.656812306177
611,2020-12-04T00:00:00Z,9956.504320380598
612,2020-12-06T00:00:00Z,9956.218859641796
613,2020-12-07T00:00:00Z,9953.819291800859
614,2020-12-08T00:00:00Z,9953.819291800859
615,2020-12-09T00:00:00Z,9953.819291800859
616,2020-12-10T00:00:00Z,9953.819291800859
617,2020-12-11T00:00:00Z,9953.819291800859
618,2020-12-13T00:00:00Z,9953.819291800859
619,2020-12-14T00:00:00Z,9953.819291800859
620,2020-12-15T00:00:00Z,9953.819291800859
621,2020-12-16T00:00:00Z,9953.819291800859
622,2020-12-17T00:00:00Z,9953.819291800859
623,2020-12-18T00:00:00Z,9953.819291800859
624,2020-12-20T00:00:00Z,9953.819291800859
625,2020-12-21T00:00:00Z,9953.819291800859
626,2020-12-22T00:00:00Z,9953.819291800859
627,2020-12-23T00:00:00Z,9953.819291800859
628,2020-12-24T00:00:00Z,9953.819291800859
629,2020-12-27T00:00:00Z,9951.315751781058
630,2020-12-28T00:00:00Z,9948.730823751283
631,2020-12-29T00:00:00Z,9956.744100643587
632,2020-12-30T00:00:00Z,9963.981899126959
633,2020-12-31T00:00:00Z,9965.532855944824
634,2021-01-03T00:00:00Z,9956.041557788463
635,2021-01-04T00:00:00Z,9956.041557788463
636,2021-01-05T00:00:00Z,9956.041557788463
637,2021-01-06T00:00:00Z,9956.041557788463
638,2021-01-07T00:00:00Z,9956.041557788463
639,2021-01-08T00:00:00Z,9956.041557788463
640,2021-01-10T00:00:00Z,9956.041557788463
641,2021-01-11T00:00:00Z,9956.041557788463
642,2021-01-12T00:00:00Z,9956.041557788463
643,2021-01-13T00:00:00Z,9956.041557788463
644,2021-01-14T00:00:00Z,9956.041557788463
645,2021-01-15T00:00:00Z,9956.041557788463
646,2021-01-17T00:00:00Z,9956.041557788463
647,2021-01-18T00:00:00Z,9956.041557788463
648,2021-01-19T00:00:00Z,9956.041557788463
649,2021-01-20T00:00:00Z,9956.041557788463
650,2021-01-21T00:00:00Z,9956.041557788463
651,2021-01-22T00:00:00Z,9956.041557788463
652,2021-01-24T00:00:00Z,9956.041557788463
653,2021-01-25T00:00:00Z,9956.041557788463
654,2021-01-26T00:00:00Z,9956.041557788463
655,2021-01-27T00:00:00Z,9956.041557788463
656,2021-01-28T00:00:00Z,9956.041557788463
657,2021-01-29T00:00:00Z,9956.041557788463
658,2021-01-31T00:00:00Z,9956.041557788463
659,2021-02-01T00:00:00Z,9956.041557788463
660,2021-02-02T00:00:00Z,9956.041557788463
661,2021-02-03T00:00:00Z,9956.041557788463
662,2021-02-04T00:00:00Z,9956.041557788463
663,2021-02-05T00:00:00Z,9956.041557788463
664,2021-02-07T00:00:00Z,9956.041557788463
665,2021-02-08T00:00:00Z,9956.041557788463
666,2021-02-09T00:00:00Z,9956.041557788463
667,2021-02-10T00:00:00Z,9956.041557788463
668,2021-02-11T00:00:00Z,9956.041557788463
669,2021-02-12T00:00:00Z,9956.041557788463
670,2021-02-14T00:00:00Z,9956.041557788463
671,2021-02-15T00:00:00Z,9956.041557788463
672,2021-02-16T00:00:00Z,9956.041557788463
673,2021-02-17T00:00:00Z,9956.041557788463
674,2021-02-18T00:00:00Z,9956.041557788463
675,2021-02-19T00:00:00Z,9956.041557788463
676,2021-02-21T00:00:00Z,9956.041557788463
677,2021-02-22T00:00:00Z,9956.041557788463
678,2021-02-23T00:00:00Z,9956.041557788463
679,2021-02-24T00:00:00Z,9956.041557788463
680,2021-02-25T00:00:00Z,9956.041557788463
681,2021-02-26T00:00:00Z,9917.535267887479
682,2021-02-28T00:00:00Z,9935.198983936181
683,2021-03-01T00:00:00Z,9905.025995091706
684,2021-03-02T00:00:00Z,9905.025995091706
685,2021-03-03T00:00:00Z,9905.025995091706
686,2021-03-04T00:00:00Z,9905.025995091706
687,2021-03-05T00:00:00Z,9905.025995091706
688,2021-03-07T00:00:00Z,9905.025995091706
689,2021-03-08T00:00:00Z,9905.025995091706
690,2021-03-09T00:00:00Z,9905.025995091706
691,2021-03-10T00:00:00Z,9905.025995091706
692,2021-03-11T00:00:00Z,9905.025995091706
693,2021-03-12T00:00:00Z,9905.025995091706
694,2021-03-14T00:00:00Z,9905.025995091706
695,2021-03-15T00:00:00Z,9905.025995091706
696,2021-03-16T00:00:00Z,9905.025995091706
697,2021-03-17T00:00:00Z,9905.025995091706
698,2021-03-18T00:00:00Z,9905.025995091706
699,2021-03-19T00:00:00Z,9905.025995091706
700,2021-03-21T00:00:00Z,9905.025995091706
701,2021-03-22T00:00:00Z,9905.025995091706
702,2021-03-23T00:00:00Z,9905.025995091706
703,2021-03-24T00:00:00Z,9905.025995091706
704,2021-03-25T00:00:00Z,9905.025995091706
705,2021-03-26T00:00:00Z,9931.743843710288
706,2021-03-28T00:00:00Z,9931.743843710288
707,2021-03-29T00:00:00Z,9950.641525853514
708,2021-03-30T00:00:00Z,9927.05390799591
709,2021-03-31T00:00:00Z,9915.604947281401
710,2021-04-01T00:00:00Z,9914.166203011888
711,2021-04-02T00:00:00Z,9914.166203011888
712,2021-04-04T00:00:00Z,9914.166203011888
713,2021-04-05T00:00:00Z,9914.166203011888
714,2021-04-06T00:00:00Z,9914.166203011888
715,2021-04-07T00:00:00Z,9914.166203011888
716,2021-04-08T00:00:00Z,9914.166203011888
717,2021-04-09T00:00:00Z,9914.166203011888
718,2021-04-11T00:00:00Z,9914.166203011888
719,2021-04-12T00:00:00Z,9914.166203011888
720,2021-04-13T00:00:00Z,9914.166203011888
721,2021-04-14T00:00:00Z,9914.166203011888
722,2021-04-15T00:00:00Z,9914.166203011888
723,2021-04-16T00:00:00Z,9914.166203011888
724,2021-04-18T00:00:00Z,9914.166203011888
725,2021-04-19T00:00:00Z,9914.166203011888
726,2021-04-20T00:00:00Z,9914.166203011888
727,2021-04-21T00:00:00Z,9914.166203011888
728,2021-04-22T00:00:00Z,9914.166203011888
729,2021-04-23T00:00:00Z,9914.166203011888
730,2021-04-25T00:00:00Z,9906.874435601123
731,2021-04-26T00:00:00Z,9910.297932034862
732,2021-04-27T00:00:00Z,9933.284265232825
733,2021-04-28T00:00:00Z,9953.336172916155
734,2021-04-29T00:00:00Z,9977.056112492775
735,2021-04-30T00:00:00Z,9973.825796137657
736,2021-05-02T00:00:00Z,9973.825796137657
737,2021-05-03T00:00:00Z,9973.825796137657
738,2021-05-04T00:00:00Z,9973.825796137657
739,2021-05-05T00:00:00Z,9973.825796137657
740,2021-05-06T00:00:00Z,9973.825796137657
741,2021-05-07T00:00:00Z,9973.825796137657
742,2021-05-09T00:00:00Z,9973.825796137657
743,2021-05-10T00:00:00Z,9973.825796137657
744,2021-05-11T00:00:00Z,9973.825796137657
745,2021-05-12T00:00:00Z,9973.825796137657
746,2021-05-13T00:00:00Z,9973.825796137657
747,2021-05-14T00:00:00Z,9973.825796137657
748,2021-05-16T00:00:00Z,9973.825796137657
749,2021-05-17T00:00:00Z,9973.825796137657
750,2021-05-18T00:00:00Z,9973.825796137657
751,2021-05-19T00:00:00Z,9973.825796137657
752,2021-05-20T00:00:00Z,9973.825796137657
753,2021-05-21T00:00:00Z,9973.825796137657
754,2021-05-23T00:00:00Z,9973.825796137657
755,2021-05-24T00:00:00Z,9973.825796137657
756,2021-05-25T00:00:00Z,9970.224632387006
757,2021-05-26T00:00:00Z,9973.93124948227
758,2021-05-27T00:00:00Z,9995.111918598073
759,2021-05-28T00:00:00Z,9983.286045008415
760,2021-05-30T00:00:00Z,9982.05050597666
761,2021-05-31T00:00:00Z,9979.847730156052
762,2021-06-01T00:00:00Z,9979.847730156052
763,2021-06-02T00:00:00Z,9979.847730156052
764,2021-06-03T00:00:00Z,9979.847730156052
765,2021-06-04T00:00:00Z,9979.847730156052
766,2021-06-06T00:00:00Z,9979.847730156052
767,2021-06-07T00:00:00Z,9979.847730156052
768,2021-06-08T00:00:00Z,9979.847730156052
769,2021-06-09T00:00:00Z,9979.847730156052
770,2021-06-10T00:00:00Z,9979.847730156052
771,2021-06-11T00:00:00Z,9979.847730156052
772,2021-06-13T00:00:00Z,9979.847730156052
773,2021-06-14T00:00:00Z,9979.847730156052
774,2021-06-15T00:00:00Z,9979.847730156052
775,2021-06-16T00:00:00Z,9952.403446321254
776,2021-06-17T00:00:00Z,9928.067740418925
777,2021-06-18T00:00:00Z,9936.891591856962
778,2021-06-20T00:00:00Z,9939.598128291773
779,2021-06-21T00:00:00Z,9977.735687145923
780,2021-06-22T00:00:00Z,9972.568663043103
781,2021-06-23T00:00:00Z,9980.934321114335
782,2021-06-24T00:00:00Z,9977.866193380225
783,2021-06-25T00:00:00Z,9991.919305150588
784,2021-06-27T00:00:00Z,9995.1179668678
785,2021-06-28T00:00:00Z,9966.101535575961
786,2021-06-29T00:00:00Z,9979.35313411869
787,2021-06-30T00:00:00Z,9980.495513303407
788,2021-07-01T00:00:00Z,9977.635207050786
789,2021-07-02T00:00:00Z,9977.635207050786
790,2021-07-04T00:00:00Z,9977.635207050786
791,2021-07-05T00:00:00Z,9977.635207050786
792,2021-07-06T00:00:00Z,9977.635207050786
793,2021-07-07T00:00:00Z,9977.635207050786
794,2021-07-08T00:00:00Z,9977.635207050786
795,2021-07-09T00:00:00Z,9977.635207050786
796,2021-07-12T00:00:00Z,9977.635207050786
797,2021-07-13T00:00:00Z,9977.635207050786
798,2021-07-14T00:00:00Z,9977.635207050786
799,2021-07-15T00:00:00Z,9977.635207050786
800,2021-07-16T00:00:00Z,9977.635207050786
801,2021-07-18T00:00:00Z,9977.635207050786
802,2021-07-19T00:00:00Z,9977.635207050786
803,2021-07-20T00:00:00Z,9977.635207050786
804,2021-07-21T00:00:00Z,9977.635207050786
805,2021-07-22T00:00:00Z,9977.635207050786
806,2021-07-23T00:00:00Z,9977.635207050786
807,2021-07-25T00:00:00Z,9977.589955362877
808,2021-07-26T00:00:00Z,9974.327195820717
809,2021-07-27T00:00:00Z,9972.96771267815
810,2021-07-28T00:00:00Z,9978.813490191187
811,2021-07-29T00:00:00Z,9990.776941845772
812,2021-07-30T00:00:00Z,9989.079275579938
813,2021-08-01T00:00:00Z,9984.694412801335
814,2021-08-02T00:00:00Z,9937.840146103621
815,2021-08-03T00:00:00Z,9937.840146103621
816,2021-08-04T00:00:00Z,9937.840146103621
817,2021-08-05T00:00:00Z,9937.840146103621
818,2021-08-06T00:00:00Z,9937.840146103621
819,2021-08-08T00:00:00Z,9937.840146103621
820,2021-08-09T00:00:00Z,9937.840146103621
821,2021-08-10T00:00:00Z,9937.840146103621
822,2021-08-11T00:00:00Z,9937.840146103621
823,2021-08-12T00:00:00Z,9937.840146103621
824,2021-08-13T00:00:00Z,9937.840146103621
825,2021-08-15T00:00:00Z,9937.840146103621
826,2021-08-16T00:00:00Z,9937.840146103621
827,2021-08-17T00:00:00Z,9937.840146103621
828,2021-08-18T00:00:00Z,9937.840146103621
829,2021-08-19T00:00:00Z,9937.840146103621
830,2021-08-20T00:00:00Z,9937.840146103621
831,2021-08-22T00:00:00Z,9937.840146103621
832,2021-08-23T00:00:00Z,9937.840146103621
833,2021-08-24T00:00:00Z,9937.840146103621
834,2021-08-25T00:00:00Z,9937.840146103621
835,2021-08-26T00:00:00Z,9937.840146103621
836,2021-08-27T00:00:00Z,9937.840146103621
837,2021-08-29T00:00:00Z,9937.840146103621
838,2021-08-30T00:00:00Z,9937.840146103621
839,2021-08-31T00:00:00Z,9937.840146103621
840,2021-09-01T00:00:00Z,9937.840146103621
841,2021-09-02T00:00:00Z,9937.840146103621
842,2021-09-03T00:00:00Z,9937.840146103621
843,2021-09-05T00:00:00Z,9937.840146103621
844,2021-09-06T00:00:00Z,9937.840146103621
845,2021-09-07T00:00:00Z,9937.840146103621
846,2021-09-08T00:00:00Z,9937.840146103621
847,2021-09-09T00:00:00Z,9937.840146103621
848,2021-09-10T00:00:00Z,9937.840146103621
849,2021-09-12T00:00:00Z,9937.840146103621
850,2021-09-13T00:00:00Z,9937.840146103621
851,2021-09-14T00:00:00Z,9937.840146103621
852,2021-09-15T00:00:00Z,9937.840146103621
853,2021-09-16T00:00:00Z,9937.840146103621
854,2021-09-17T00:00:00Z,9922.807007752557
855,2021-09-19T00:00:00Z,9913.384202902602
856,2021-09-20T00:00:00Z,9886.68765131976
857,2021-09-21T00:00:00Z,9886.68765131976
858,2021-09-22T00:00:00Z,9886.68765131976
859,2021-09-23T00:00:00Z,9911.811562518755
860,2021-09-24T00:00:00Z,9926.055470454883
861,2021-09-26T00:00:00Z,9943.395880116259
862,2021-09-27T00:00:00Z,9955.162586672192
863,2021-09-28T00:00:00Z,9935.96427597567
864,2021-09-29T00:00:00Z,9933.144079640904
865,2021-09-30T00:00:00Z,9942.39765235984
866,2021-10-01T00:00:00Z,9951.590954504945
867,2021-10-03T00:00:00Z,9954.04250174364
868,2021-10-04T00:00:00Z,9989.181345498268
869,2021-10-05T00:00:00Z,10018.599912362608
870,2021-10-06T00:00:00Z,10016.078128193376
871,2021-10-07T00:00:00Z,10042.713776408707
872,2021-10-08T00:00:00Z,10055.863166299434
873,2021-10-10T00:00:00Z,10057.96706868195
874,2021-10-11T00:00:00Z,10070.590482977048
875,2021-10-12T00:00:00Z,10068.661905793075
876,2021-10-13T00:00:00Z,10066.638348900331
877,2021-10-14T00:00:00Z,10066.638348900331
878,2021-10-15T00:00:00Z,10066.638348900331
879,2021-10-17T00:00:00Z,10064.990893607352
880,2021-10-18T00:00:00Z,10052.61955632448
881,2021-10-19T00:00:00Z,10067.331416877083
882,2021-10-20T00:00:00Z,10086.389963502048
883,2021-10-21T00:00:00Z,10063.987812206036
884,2021-10-22T00:00:00Z,10062.174553157958
885,2021-10-24T00:00:00Z,10062.174553157958
886,2021-10-25T00:00:00Z,10062.174553157958
887,2021-10-26T00:00:00Z,10062.174553157958
888,2021-10-27T00:00:00Z,10062.174553157958
889,2021-10-28T00:00:00Z,10062.174553157958
890,2021-10-29T00:00:00Z,10062.174553157958
891,2021-10-31T00:00:00Z,10062.174553157958
892,2021-11-01T00:00:00Z,10075.625010269956
893,2021-11-02T00:00:00Z,10058.957133338388
894,2021-11-03T00:00:00Z,10010.39987502601
895,2021-11-04T00:00:00Z,10010.39987502601
896,2021-11-05T00:00:00Z,10010.39987502601
897,2021-11-07T00:00:00Z,10010.39987502601
898,2021-11-08T00:00:00Z,10010.39987502601
899,2021-11-09T00:00:00Z,10010.39987502601
900,2021-11-10T00:00:00Z,10010.39987502601
901,2021-11-11T00:00:00Z,10010.39987502601
902,2021-11-12T00:00:00Z,10010.39987502601
903,2021-11-14T00:00:00Z,10010.39987502601
904,2021-11-15T00:00:00Z,10010.39987502601
905,2021-11-16T00:00:00Z,10010.39987502601
906,2021-11-17T00:00:00Z,10010.39987502601
907,2021-11-18T00:00:00Z,10010.39987502601
908,2021-11-19T00:00:00Z,10010.39987502601
909,2021-11-21T00:00:00Z,10010.39987502601
910,2021-11-22T00:00:00Z,10010.39987502601
911,2021-11-23T00:00:00Z,10010.39987502601
912,2021-11-24T00:00:00Z,10010.39987502601
913,2021-11-25T00:00:00Z,10010.39987502601
914,2021-11-26T00:00:00Z,10010.39987502601
915,2021-11-28T00:00:00Z,10010.39987502601
916,2021-11-29T00:00:00Z,10010.39987502601
917,2021-11-30T00:00:00Z,10010.39987502601
918,2021-12-01T00:00:00Z,10010.39987502601
919,2021-12-02T00:00:00Z,10010.39987502601
920,2021-12-03T00:00:00Z,10010.39987502601
921,2021-12-05T00:00:00Z,10010.39987502601
922,2021-12-06T00:00:00Z,10010.39987502601
923,2021-12-07T00:00:00Z,10010.39987502601
924,2021-12-08T00:00:00Z,10010.39987502601
925,2021-12-09T00:00:00Z,10010.39987502601
926,2021-12-10T00:00:00Z,10010.39987502601
927,2021-12-12T00:00:00Z,10010.39987502601
928,2021-12-13T00:00:00Z,10010.39987502601
929,2021-12-14T00:00:00Z,10010.39987502601
930,2021-12-15T00:00:00Z,10010.39987502601
931,2021-12-16T00:00:00Z,10010.39987502601
932,2021-12-17T00:00:00Z,10010.39987502601
933,2021-12-19T00:00:00Z,10010.39987502601
934,2021-12-20T00:00:00Z,10010.39987502601
935,2021-12-21T00:00:00Z,10010.39987502601
936,2021-12-22T00:00:00Z,10010.39987502601
937,2021-12-23T00:00:00Z,10010.39987502601
938,2021-12-26T00:00:00Z,10010.39987502601
939,2021-12-27T00:00:00Z,10010.39987502601
940,2021-12-28T00:00:00Z,10010.39987502601
941,2021-12-29T00:00:00Z,10010.39987502601
942,2021-12-30T00:00:00Z,10010.39987502601
943,2021-12-31T00:00:00Z,10010.39987502601
944,2022-01-02T00:00:00Z,10010.39987502601
945,2022-01-03T00:00:00Z,10010.39987502601
946,2022-01-04T00:00:00Z,10010.39987502601
947,2022-01-05T00:00:00Z,10010.39987502601
948,2022-01-06T00:00:00Z,10010.39987502601
949,2022-01-07T00:00:00Z,10010.39987502601
950,2022-01-09T00:00:00Z,10010.39987502601
951,2022-01-10T00:00:00Z,10010.39987502601
952,2022-01-11T00:00:00Z,10010.39987502601
953,2022-01-12T00:00:00Z,10010.39987502601
954,2022-01-13T00:00:00Z,10010.39987502601
955,2022-01-14T00:00:00Z,10010.39987502601
956,2022-01-16T00:00:00Z,10009.034637620172
957,2022-01-17T00:00:00Z,10006.66588429951
958,2022-01-18T00:00:00Z,10047.611477413826
959,2022-01-19T00:00:00Z,10028.153860851238
960,2022-01-20T00:00:00Z,10013.264554264213
961,2022-01-21T00:00:00Z,10010.708999872306
962,2022-01-23T00:00:00Z,10022.652419831858
963,2022-01-24T00:00:00Z,9959.321801606924
964,2022-01-25T00:00:00Z,9975.442940897883
965,2022-01-26T00:00:00Z,10008.047048033819
966,2022-01-27T00:00:00Z,10007.88722397923
967,2022-01-28T00:00:00Z,10005.330039105824
968,2022-01-30T00:00:00Z,10014.120362108159
969,2022-01-31T00:00:00Z,10011.777763003844
970,2022-02-01T00:00:00Z,10008.892545742592
971,2022-02-02T00:00:00Z,9998.127193309256
972,2022-02-03T00:00:00Z,10036.728671320223
973,2022-02-04T00:00:00Z,10069.024728620234
974,2022-02-06T00:00:00Z,10062.71930790928
975,2022-02-07T00:00:00Z,10059.91037216678
976,2022-02-08T00:00:00Z,10059.91037216678
977,2022-02-09T00:00:00Z,10059.91037216678
978,2022-02-10T00:00:00Z,10059.91037216678
979,2022-02-11T00:00:00Z,10059.91037216678
980,2022-02-13T00:00:00Z,10059.91037216678
981,2022-02-14T00:00:00Z,10059.91037216678
982,2022-02-15T00:00:00Z,10059.91037216678
983,2022-02-16T00:00:00Z,10059.91037216678
984,2022-02-17T00:00:00Z,10059.91037216678
985,2022-02-18T00:00:00Z,10059.91037216678
986,2022-02-20T00:00:00Z,10059.91037216678
987,2022-02-21T00:00:00Z,10059.91037216678
988,2022-02-22T00:00:00Z,10059.91037216678
989,2022-02-23T00:00:00Z,10059.91037216678
990,2022-02-24T00:00:00Z,10059.91037216678
991,2022-02-25T00:00:00Z,10059.91037216678
992,2022-02-27T00:00:00Z,10073.368366778546
993,2022-02-28T00:00:00Z,10066.481797245304
994,2022-03-01T00:00:00Z,10154.243567516503
995,2022-03-02T00:00:00Z,10191.699787172918
996,2022-03-03T00:00:00Z,10178.262578327567
997,2022-03-04T00:00:00Z,10176.677257351803
998,2022-03-06T00:00:00Z,10208.484380533631
999,2022-03-07T00:00:00Z,10173.41001471973
1000,2022-03-08T00:00:00Z,10199.334545973483
1001,2022-03-09T00:00:00Z,10125.106937608005
1002,2022-03-10T00:00:00Z,10125.106937608005
1003,2022-03-11T00:00:00Z,10125.106937608005
1004,2022-03-13T00:00:00Z,10125.106937608005
1005,2022-03-14T00:00:00Z,10125.106937608005
1006,2022-03-15T00:00:00Z,10125.106937608005
1007,2022-03-16T00:00:00Z,10125.106937608005
1008,2022-03-17T00:00:00Z,10125.106937608005
1009,2022-03-18T00:00:00Z,10125.106937608005
1010,2022-03-20T00:00:00Z,10125.106937608005
1011,2022-03-21T00:00:00Z,10125.106937608005
1012,2022-03-22T00:00:00Z,10125.106937608005
1013,2022-03-23T00:00:00Z,10125.106937608005
1014,2022-03-24T00:00:00Z,10125.106937608005
1015,2022-03-25T00:00:00Z,10125.106937608005
1016,2022-03-27T00:00:00Z,10125.106937608005
1017,2022-03-28T00:00:00Z,10125.106937608005
1018,2022-03-29T00:00:00Z,10125.106937608005
1019,2022-03-30T00:00:00Z,10125.106937608005
1020,2022-03-31T00:00:00Z,10125.106937608005
1021,2022-04-01T00:00:00Z,10125.106937608005
1022,2022-04-03T00:00:00Z,10125.106937608005
1023,2022-04-04T00:00:00Z,10125.106937608005
1024,2022-04-05T00:00:00Z,10125.106937608005
1025,2022-04-06T00:00:00Z,10125.106937608005
1026,2022-04-07T00:00:00Z,10125.106937608005
1027,2022-04-08T00:00:00Z,10125.106937608005
1028,2022-04-10T00:00:00Z,10125.106937608005
1029,2022-04-11T00:00:00Z,10125.106937608005
1030,2022-04-12T00:00:00Z,10125.106937608005
1031,2022-04-13T00:00:00Z,10125.106937608005
1032,2022-04-14T00:00:00Z,10125.106937608005
1033,2022-04-17T00:00:00Z,10125.106937608005
1034,2022-04-18T00:00:00Z,10125.106937608005
1035,2022-04-19T00:00:00Z,10125.106937608005
1036,2022-04-20T00:00:00Z,10125.106937608005
1037,2022-04-21T00:00:00Z,10125.106937608005
1038,2022-04-22T00:00:00Z,10125.106937608005
1039,2022-04-24T00:00:00Z,10125.106937608005
1040,2022-04-25T00:00:00Z,10125.106937608005
1041,2022-04-26T00:00:00Z,10125.106937608005
1042,2022-04-27T00:00:00Z,10125.106937608005
1043,2022-04-28T00:00:00Z,10125.106937608005
1044,2022-04-29T00:00:00Z,10125.106937608005
1045,2022-05-01T00:00:00Z,10125.106937608005
1046,2022-05-02T00:00:00Z,10125.106937608005
1047,2022-05-03T00:00:00Z,10125.106937608005
1048,2022-05-04T00:00:00Z,10125.106937608005
1049,2022-05-05T00:00:00Z,10125.106937608005
1050,2022-05-06T00:00:00Z,10125.106937608005
1051,2022-05-08T00:00:00Z,10125.106937608005
1052,2022-05-09T00:00:00Z,10125.106937608005
1053,2022-05-10T00:00:00Z,10125.106937608005
1054,2022-05-11T00:00:00Z,10125.106937608005
1055,2022-05-12T00:00:00Z,10125.106937608005
1056,2022-05-13T00:00:00Z,10125.106937608005
1057,2022-05-15T00:00:00Z,10125.106937608005
1058,2022-05-16T00:00:00Z,10125.106937608005
1059,2022-05-17T00:00:00Z,10125.106937608005
1060,2022-05-18T00:00:00Z,10125.106937608005
1061,2022-05-19T00:00:00Z,10125.106937608005
1062,2022-05-20T00:00:00Z,10125.106937608005
1063,2022-05-22T00:00:00Z,10125.106937608005
1064,2022-05-23T00:00:00Z,10125.106937608005
1065,2022-05-24T00:00:00Z,10125.106937608005
1066,2022-05-25T00:00:00Z,10125.106937608005
1067,2022-05-26T00:00:00Z,10125.106937608005
1068,2022-05-27T00:00:00Z,10125.106937608005
1069,2022-05-29T00:00:00Z,10125.106937608005
1070,2022-05-30T00:00:00Z,10125.106937608005
1071,2022-05-31T00:00:00Z,10125.106937608005
1072,2022-06-01T00:00:00Z,10106.008768543208
1073,2022-06-02T00:00:00Z,10144.336965904544
1074,2022-06-03T00:00:00Z,10170.816633870807
1075,2022-06-05T00:00:00Z,10170.098541180196
1076,2022-06-06T00:00:00Z,10158.519296544102
1077,2022-06-07T00:00:00Z,10156.873042032641
1078,2022-06-08T00:00:00Z,10156.873042032641
1079,2022-06-09T00:00:00Z,10156.873042032641
1080,2022-06-10T00:00:00Z,10156.873042032641
1081,2022-06-12T00:00:00Z,10156.873042032641
1082,2022-06-13T00:00:00Z,10156.873042032641
1083,2022-06-14T00:00:00Z,10156.873042032641
1084,2022-06-15T00:00:00Z,10156.873042032641
1085,2022-06-16T00:00:00Z,10156.873042032641
1086,2022-06-17T00:00:00Z,10156.873042032641
1087,2022-06-19T00:00:00Z,10156.873042032641
1088,2022-06-20T00:00:00Z,10156.873042032641
1089,2022-06-21T00:00:00Z,10156.873042032641
1090,2022-06-22T00:00:00Z,10156.873042032641
1091,2022-06-23T00:00:00Z,10156.873042032641
1092,2022-06-24T00:00:00Z,10156.873042032641
1093,2022-06-26T00:00:00Z,10156.873042032641
1094,2022-06-27T00:00:00Z,10156.873042032641
1095,2022-06-28T00:00:00Z,10156.873042032641
1096,2022-06-29T00:00:00Z,10156.873042032641
1097,2022-06-30T00:00:00Z,10156.873042032641
1098,2022-07-01T00:00:00Z,10156.873042032641
1099,2022-07-03T00:00:00Z,10156.873042032641
1100,2022-07-04T00:00:00Z,10156.873042032641
1101,2022-07-05T00:00:00Z,10156.873042032641
1102,2022-07-06T00:00:00Z,10156.873042032641
1103,2022-07-07T00:00:00Z,10156.873042032641
1104,2022-07-08T00:00:00Z,10156.873042032641
1105,2022-07-10T00:00:00Z,10156.873042032641
1106,2022-07-11T00:00:00Z,10156.873042032641
1107,2022-07-12T00:00:00Z,10156.873042032641
1108,2022-07-13T00:00:00Z,10156.873042032641
1109,2022-07-14T00:00:00Z,10156.873042032641
1110,2022-07-15T00:00:00Z,10156.873042032641
1111,2022-07-17T00:00:00Z,10156.873042032641
1112,2022-07-18T00:00:00Z,10156.873042032641
1113,2022-07-19T00:00:00Z,10156.873042032641
1114,2022-07-20T00:00:00Z,10156.873042032641
1115,2022-07-21T00:00:00Z,10156.873042032641
1116,2022-07-22T00:00:00Z,10156.873042032641
1117,2022-07-24T00:00:00Z,10156.873042032641
1118,2022-07-25T00:00:00Z,10156.873042032641
1119,2022-07-26T00:00:00Z,10156.873042032641
1120,2022-07-27T00:00:00Z,10156.873042032641
1121,2022-07-28T00:00:00Z,10156.873042032641
1122,2022-07-29T00:00:00Z,10156.873042032641
1123,2022-07-31T00:00:00Z,10156.873042032641
1124,2022-08-01T00:00:00Z,10156.873042032641
1125,2022-08-02T00:00:00Z,10156.873042032641
1126,2022-08-03T00:00:00Z,10156.873042032641
1127,2022-08-04T00:00:00Z,10156.873042032641
1128,2022-08-05T00:00:00Z,10156.873042032641
1129,2022-08-07T00:00:00Z,10156.873042032641
1130,2022-08-08T00:00:00Z,10156.873042032641
1131,2022-08-09T00:00:00Z,10156.873042032641
1132,2022-08-10T00:00:00Z,10156.873042032641
1133,2022-08-11T00:00:00Z,10156.873042032641
1134,2022-08-12T00:00:00Z,10156.873042032641
1135,2022-08-14T00:00:00Z,10156.873042032641
1136,2022-08-15T00:00:00Z,10156.873042032641
1137,2022-08-16T00:00:00Z,10156.873042032641
1138,2022-08-17T00:00:00Z,10156.873042032641
1139,2022-08-18T00:00:00Z,10156.873042032641
1140,2022-08-19T00:00:00Z,10156.873042032641
1141,2022-08-21T00:00:00Z,10156.873042032641
1142,2022-08-22T00:00:00Z,10156.873042032641
1143,2022-08-23T00:00:00Z,10156.873042032641
1144,2022-08-24T00:00:00Z,10156.873042032641
1145,2022-08-25T00:00:00Z,10156.873042032641
1146,2022-08-26T00:00:00Z,10156.873042032641
1147,2022-08-28T00:00:00Z,10156.873042032641
1148,2022-08-29T00:00:00Z,10156.873042032641
1149,2022-08-30T00:00:00Z,10156.873042032641
1150,2022-08-31T00:00:00Z,10156.873042032641
1151,2022-09-01T00:00:00Z,10156.873042032641
1152,2022-09-02T00:00:00Z,10156.873042032641
1153,2022-09-04T00:00:00Z,10156.873042032641
1154,2022-09-05T00:00:00Z,10156.873042032641
1155,2022-09-06T00:00:00Z,10156.873042032641
1156,2022-09-07T00:00:00Z,10156.873042032641
1157,2022-09-08T00:00:00Z,10156.873042032641
1158,2022-09-09T00:00:00Z,10156.873042032641
1159,2022-09-11T00:00:00Z,10156.873042032641
1160,2022-09-12T00:00:00Z,10156.873042032641
1161,2022-09-13T00:00:00Z,10156.873042032641
1162,2022-09-14T00:00:00Z,10156.873042032641
1163,2022-09-15T00:00:00Z,10156.873042032641
1164,2022-09-16T00:00:00Z,10156.873042032641
1165,2022-09-18T00:00:00Z,10156.873042032641
1166,2022-09-19T00:00:00Z,10156.873042032641
1167,2022-09-20T00:00:00Z,10156.873042032641
1168,2022-09-21T00:00:00Z,10156.873042032641
1169,2022-09-22T00:00:00Z,10156.873042032641
1170,2022-09-23T00:00:00Z,10156.873042032641
1171,2022-09-25T00:00:00Z,10156.873042032641
1172,2022-09-26T00:00:00Z,10156.873042032641
1173,2022-09-27T00:00:00Z,10156.873042032641
1174,2022-09-28T00:00:00Z,10156.873042032641
1175,2022-09-29T00:00:00Z,10156.873042032641
1176,2022-09-30T00:00:00Z,10156.873042032641
1177,2022-10-02T00:00:00Z,10161.58790318608
1178,2022-10-03T00:00:00Z,10174.751449985768
1179,2022-10-04T00:00:00Z,10206.46363091229
1180,2022-10-05T00:00:00Z,10221.222759142245
1181,2022-10-06T00:00:00Z,10229.499837811747
1182,2022-10-07T00:00:00Z,10228.419848077285
1183,2022-10-09T00:00:00Z,10222.853860917612
1184,2022-10-10T00:00:00Z,10204.419327555182
1185,2022-10-11T00:00:00Z,10176.385062853886
1186,2022-10-12T00:00:00Z,10159.5369285036
1187,2022-10-13T00:00:00Z,10178.060950416515
1188,2022-10-14T00:00:00Z,10142.668685085691
1189,2022-10-16T00:00:00Z,10138.839697315983
1190,2022-10-17T00:00:00Z,10124.609893916591
1191,2022-10-18T00:00:00Z,10103.3965157305
1192,2022-10-19T00:00:00Z,10121.839113678525
1193,2022-10-20T00:00:00Z,10119.64356630376
1194,2022-10-21T00:00:00Z,10125.461766846887
1195,2022-10-23T00:00:00Z,10127.986646327867
1196,2022-10-24T00:00:00Z,10126.417106319435
1197,2022-10-25T00:00:00Z,10124.626469489638
1198,2022-10-26T00:00:00Z,10163.654319166399
1199,2022-10-27T00:00:00Z,10168.47402349395
1200,2022-10-28T00:00:00Z,10166.005394448131
1201,2022-10-30T00:00:00Z,10166.122948212218
1202,2022-10-31T00:00:00Z,10164.27161373065
1203,2022-11-01T00:00:00Z,10196.490790816266
1204,2022-11-02T00:00:00Z,10200.121917051962
1205,2022-11-03T00:00:00Z,10187.480218305463
1206,2022-11-04T00:00:00Z,10248.671419684788
1207,2022-11-06T00:00:00Z,10223.253536034916
1208,2022-11-07T00:00:00Z,10221.223236718602
1209,2022-11-08T00:00:00Z,10182.618956924342
1210,2022-11-09T00:00:00Z,10168.95591292075
1211,2022-11-10T00:00:00Z,10168.95591292075
1212,2022-11-11T00:00:00Z,10168.95591292075
1213,2022-11-13T00:00:00Z,10168.95591292075
1214,2022-11-14T00:00:00Z,10168.95591292075
1215,2022-11-15T00:00:00Z,10168.95591292075
1216,2022-11-16T00:00:00Z,10168.95591292075
1217,2022-11-17T00:00:00Z,10168.95591292075
1218,2022-11-18T00:00:00Z,10168.95591292075
1219,2022-11-20T00:00:00Z,10168.95591292075
1220,2022-11-21T00:00:00Z,10168.95591292075
1221,2022-11-22T00:00:00Z,10168.95591292075
1222,2022-11-23T00:00:00Z,10168.95591292075
1223,2022-11-24T00:00:00Z,10168.95591292075
1224,2022-11-25T00:00:00Z,10168.95591292075
1225,2022-11-27T00:00:00Z,10168.95591292075
1226,2022-11-28T00:00:00Z,10168.95591292075
1227,2022-11-29T00:00:00Z,10168.95591292075
1228,2022-11-30T00:00:00Z,10168.95591292075
1229,2022-12-01T00:00:00Z,10168.95591292075
1230,2022-12-02T00:00:00Z,10168.95591292075
1231,2022-12-04T00:00:00Z,10168.95591292075
1232,2022-12-05T00:00:00Z,10168.95591292075
1233,2022-12-06T00:00:00Z,10168.95591292075
1234,2022-12-07T00:00:00Z,10168.95591292075
1235,2022-12-08T00:00:00Z,10168.95591292075
1236,2022-12-09T00:00:00Z,10168.95591292075
1237,2022-12-11T00:00:00Z,10168.95591292075
1238,2022-12-12T00:00:00Z,10168.95591292075
1239,2022-12-13T00:00:00Z,10168.95591292075
1240,2022-12-14T00:00:00Z,10168.95591292075
1241,2022-12-15T00:00:00Z,10168.95591292075
1242,2022-12-16T00:00:00Z,10168.95591292075
1243,2022-12-18T00:00:00Z,10168.95591292075
1244,2022-12-19T00:00:00Z,10168.95591292075
1245,2022-12-20T00:00:00Z,10168.95591292075
1246,2022-12-21T00:00:00Z,10168.95591292075
1247,2022-12-22T00:00:00Z,10168.95591292075
1248,2022-12-23T00:00:00Z,10168.95591292075
1249,2022-12-26T00:00:00Z,10168.95591292075
1250,2022-12-27T00:00:00Z,10168.95591292075
1251,2022-12-28T00:00:00Z,10168.95591292075
1252,2022-12-29T00:00:00Z,10168.95591292075
1253,2022-12-30T00:00:00Z,10168.95591292075
1254,2023-01-02T00:00:00Z,10167.73938417738
1255,2023-01-03T00:00:00Z,10116.993209598757
1256,2023-01-04T00:00:00Z,10116.993209598757
1257,2023-01-05T00:00:00Z,10116.993209598757
1258,2023-01-06T00:00:00Z,10116.993209598757
1259,2023-01-08T00:00:00Z,10116.993209598757
1260,2023-01-09T00:00:00Z,10116.993209598757
1261,2023-01-10T00:00:00Z,10116.993209598757
1262,2023-01-11T00:00:00Z,10116.993209598757
1263,2023-01-12T00:00:00Z,10116.993209598757
1264,2023-01-13T00:00:00Z,10116.993209598757
1265,2023-01-15T00:00:00Z,10116.993209598757
1266,2023-01-16T00:00:00Z,10116.993209598757
1267,2023-01-17T00:00:00Z,10116.993209598757
1268,2023-01-18T00:00:00Z,10116.993209598757
1269,2023-01-19T00:00:00Z,10116.993209598757
1270,2023-01-20T00:00:00Z,10116.993209598757
1271,2023-01-22T00:00:00Z,10116.993209598757
1272,2023-01-23T00:00:00Z,10116.993209598757
1273,2023-01-24T00:00:00Z,10116.993209598757
1274,2023-01-25T00:00:00Z,10116.993209598757
1275,2023-01-26T00:00:00Z,10116.993209598757
1276,2023-01-27T00:00:00Z,10116.993209598757
1277,2023-01-29T00:00:00Z,10116.993209598757
1278,2023-01-30T00:00:00Z,10116.993209598757
1279,2023-01-31T00:00:00Z,10116.993209598757
1280,2023-02-01T00:00:00Z,10079.627403368399
1281,2023-02-02T00:00:00Z,10065.232000559598
1282,2023-02-03T00:00:00Z,10065.232000559598
1283,2023-02-05T00:00:00Z,10065.232000559598
1284,2023-02-06T00:00:00Z,10065.232000559598
1285,2023-02-07T00:00:00Z,10065.232000559598
1286,2023-02-08T00:00:00Z,10065.232000559598
1287,2023-02-09T00:00:00Z,10065.232000559598
1288,2023-02-10T00:00:00Z,10065.232000559598
1289,2023-02-12T00:00:00Z,10065.232000559598
1290,2023-02-13T00:00:00Z,10065.232000559598
1291,2023-02-14T00:00:00Z,10065.232000559598
1292,2023-02-15T00:00:00Z,10065.232000559598
1293,2023-02-16T00:00:00Z,10065.232000559598
1294,2023-02-17T00:00:00Z,10065.232000559598
1295,2023-02-19T00:00:00Z,10065.232000559598
1296,2023-02-20T00:00:00Z,10065.232000559598
1297,2023-02-21T00:00:00Z,10065.232000559598
1298,2023-02-22T00:00:00Z,10065.232000559598
1299,2023-02-23T00:00:00Z,10065.232000559598
1300,2023-02-24T00:00:00Z,10065.232000559598
1301,2023-02-26T00:00:00Z,10062.20158584926
1302,2023-02-27T00:00:00Z,10046.886757748563
1303,2023-02-28T00:00:00Z,10062.538175477846
1304,2023-03-01T00:00:00Z,10079.031067278594
1305,2023-03-02T00:00:00Z,10083.911616893103
1306,2023-03-03T00:00:00Z,10081.692926779908
1307,2023-03-05T00:00:00Z,10075.100522949064
1308,2023-03-06T00:00:00Z,10094.303747571501
1309,2023-03-07T00:00:00Z,10038.237189968491
1310,2023-03-08T00:00:00Z,10029.942728898119
1311,2023-03-09T00:00:00Z,10029.942728898119
1312,2023-03-10T00:00:00Z,10029.942728898119
1313,2023-03-12T00:00:00Z,10029.942728898119
1314,2023-03-13T00:00:00Z,10029.942728898119
1315,2023-03-14T00:00:00Z,10029.942728898119
1316,2023-03-15T00:00:00Z,10029.942728898119
1317,2023-03-16T00:00:00Z,10029.942728898119
1318,2023-03-17T00:00:00Z,10029.942728898119
1319,2023-03-19T00:00:00Z,10029.942728898119
1320,2023-03-20T00:00:00Z,10029.942728898119
1321,2023-03-21T00:00:00Z,10029.942728898119
1322,2023-03-22T00:00:00Z,10029.942728898119
1323,2023-03-23T00:00:00Z,10029.942728898119
1324,2023-03-24T00:00:00Z,10029.942728898119
1325,2023-03-26T00:00:00Z,10029.942728898119
1326,2023-03-27T00:00:00Z,10029.942728898119
1327,2023-03-28T00:00:00Z,10029.942728898119
1328,2023-03-29T00:00:00Z,10029.942728898119
1329,2023-03-30T00:00:00Z,10029.942728898119
1330,2023-03-31T00:00:00Z,10029.942728898119
1331,2023-04-02T00:00:00Z,10015.9295171544
1332,2023-04-03T00:00:00Z,10015.40915696094
1333,2023-04-04T00:00:00Z,10021.783569330799
1334,2023-04-05T00:00:00Z,10016.449877347857
1335,2023-04-06T00:00:00Z,10015.279066912577
1336,2023-04-09T00:00:00Z,10017.151945499609
1337,2023-04-10T00:00:00Z,10017.151945499609
1338,2023-04-11T00:00:00Z,10017.151945499609
1339,2023-04-12T00:00:00Z,10017.151945499609
1340,2023-04-13T00:00:00Z,10017.151945499609
1341,2023-04-14T00:00:00Z,10017.151945499609
1342,2023-04-16T00:00:00Z,10017.151945499609
1343,2023-04-17T00:00:00Z,10017.151945499609
1344,2023-04-18T00:00:00Z,10017.151945499609
1345,2023-04-19T00:00:00Z,10017.151945499609
1346,2023-04-20T00:00:00Z,10017.151945499609
1347,2023-04-21T00:00:00Z,10017.151945499609
1348,2023-04-23T00:00:00Z,10017.151945499609
1349,2023-04-24T00:00:00Z,10033.86652923503
1350,2023-04-25T00:00:00Z,10004.935341205684
1351,2023-04-26T00:00:00Z,9965.398803966109
1352,2023-04-27T00:00:00Z,9965.398803966109
1353,2023-04-28T00:00:00Z,9965.398803966109
1354,2023-04-30T00:00:00Z,9965.398803966109
1355,2023-05-01T00:00:00Z,9965.398803966109
1356,2023-05-02T00:00:00Z,9965.398803966109
1357,2023-05-03T00:00:00Z,9965.398803966109
1358,2023-05-04T00:00:00Z,9965.398803966109
1359,2023-05-05T00:00:00Z,9965.398803966109
1360,2023-05-07T00:00:00Z,9965.398803966109
1361,2023-05-08T00:00:00Z,9965.398803966109
1362,2023-05-09T00:00:00Z,9965.398803966109
1363,2023-05-10T00:00:00Z,9965.398803966109
1364,2023-05-11T00:00:00Z,9965.398803966109
1365,2023-05-12T00:00:00Z,9965.398803966109
1366,2023-05-14T00:00:00Z,9965.398803966109
1367,2023-05-15T00:00:00Z,9965.398803966109
1368,2023-05-16T00:00:00Z,9965.398803966109
1369,2023-05-17T00:00:00Z,9965.398803966109
1370,2023-05-18T00:00:00Z,9965.398803966109
1371,2023-05-19T00:00:00Z,9965.398803966109
1372,2023-05-21T00:00:00Z,9965.398803966109
1373,2023-05-22T00:00:00Z,9965.398803966109
1374,2023-05-23T00:00:00Z,9965.398803966109
1375,2023-05-24T00:00:00Z,9965.398803966109
1376,2023-05-25T00:00:00Z,9965.398803966109
1377,2023-05-26T00:00:00Z,9981.404800635568
1378,2023-05-28T00:00:00Z,9986.928802942146
1379,2023-05-29T00:00:00Z,9980.886925419325
1380,2023-05-30T00:00:00Z,9914.355258647034
1381,2023-05-31T00:00:00Z,9914.355258647034
1382,2023-06-01T00:00:00Z,9914.355258647034
1383,2023-06-02T00:00:00Z,9914.355258647034
1384,2023-06-04T00:00:00Z,9914.355258647034
1385,2023-06-05T00:00:00Z,9914.355258647034
1386,2023-06-06T00:00:00Z,9914.355258647034
1387,2023-06-07T00:00:00Z,9914.355258647034
1388,2023-06-08T00:00:00Z,9914.355258647034
1389,2023-06-09T00:00:00Z,9914.355258647034
1390,2023-06-11T00:00:00Z,9914.355258647034
1391,2023-06-12T00:00:00Z,9914.355258647034
1392,2023-06-13T00:00:00Z,9914.355258647034
1393,2023-06-14T00:00:00Z,9914.355258647034
1394,2023-06-15T00:00:00Z,9914.355258647034
1395,2023-06-16T00:00:00Z,9914.355258647034
1396,2023-06-18T00:00:00Z,9914.355258647034
1397,2023-06-19T00:00:00Z,9914.355258647034
1398,2023-06-20T00:00:00Z,9914.355258647034
1399,2023-06-21T00:00:00Z,9914.355258647034
1400,2023-06-22T00:00:00Z,9914.355258647034
1401,2023-06-23T00:00:00Z,9914.355258647034
1402,2023-06-25T00:00:00Z,9916.549079046852
1403,2023-06-26T00:00:00Z,9909.40416077032
1404,2023-06-27T00:00:00Z,9887.240332647196
1405,2023-06-28T00:00:00Z,9907.071126231043
1406,2023-06-29T00:00:00Z,9913.486971214053
1407,2023-06-30T00:00:00Z,9911.59812253745
1408,2023-07-02T00:00:00Z,9906.871792548602
1409,2023-07-03T00:00:00Z,9901.151020502613
1410,2023-07-04T00:00:00Z,9917.640304635172
1411,2023-07-05T00:00:00Z,9932.447008754205
1412,2023-07-06T00:00:00Z,9930.427912737972
1413,2023-07-07T00:00:00Z,9928.699876395189
1414,2023-07-09T00:00:00Z,9922.947813713854
1415,2023-07-10T00:00:00Z,9915.408268442823
1416,2023-07-11T00:00:00Z,9944.024269812415
1417,2023-07-12T00:00:00Z,9961.673659878688
1418,2023-07-13T00:00:00Z,9985.834475406307
1419,2023-07-14T00:00:00Z,9983.59345027136
1420,2023-07-16T00:00:00Z,9978.418793882054
1421,2023-07-17T00:00:00Z,9964.952284453875
1422,2023-07-18T00:00:00Z,9996.910120261044
1423,2023-07-19T00:00:00Z,9985.654530291224
1424,2023-07-20T00:00:00Z,9998.719054363335
1425,2023-07-21T00:00:00Z,9995.53051445824
1426,2023-07-23T00:00:00Z,9986.885089121573
1427,2023-07-24T00:00:00Z,10030.651527258955
1428,2023-07-25T00:00:00Z,10039.097681987221
1429,2023-07-26T00:00:00Z,10033.530898189045
1430,2023-07-27T00:00:00Z,10045.240339971415
1431,2023-07-28T00:00:00Z,10042.661043738573
1432,2023-07-30T00:00:00Z,10036.57371435606
1433,2023-07-31T00:00:00Z,10061.449378654066
1434,2023-08-01T00:00:00Z,10073.190692202726
1435,2023-08-02T00:00:00Z,10023.43936360671
1436,2023-08-03T00:00:00Z,10064.03644774106
1437,2023-08-04T00:00:00Z,10061.29800297312
1438,2023-08-06T00:00:00Z,10056.36218748954
1439,2023-08-07T00:00:00Z,10045.717035486394
1440,2023-08-08T00:00:00Z,10009.43570772655
1441,2023-08-09T00:00:00Z,10009.43570772655
1442,2023-08-10T00:00:00Z,9983.189654410138
1443,2023-08-11T00:00:00Z,9986.26391650646
1444,2023-08-13T00:00:00Z,9983.008815463296
1445,2023-08-14T00:00:00Z,9973.786029174333
1446,2023-08-15T00:00:00Z,9957.889094922422
1447,2023-08-16T00:00:00Z,9957.889094922422
1448,2023-08-17T00:00:00Z,9957.889094922422
1449,2023-08-18T00:00:00Z,9957.889094922422
1450,2023-08-20T00:00:00Z,9955.201069136325
1451,2023-08-21T00:00:00Z,9946.927452084165
1452,2023-08-22T00:00:00Z,9938.826202053922
1453,2023-08-23T00:00:00Z,9906.733618145143
1454,2023-08-24T00:00:00Z,9906.733618145143
1455,2023-08-25T00:00:00Z,9906.733618145143
1456,2023-08-27T00:00:00Z,9905.119824071795
1457,2023-08-28T00:00:00Z,9902.658691777906
1458,2023-08-29T00:00:00Z,9927.270014716787
1459,2023-08-30T00:00:00Z,9932.192279304563
1460,2023-08-31T00:00:00Z,9969.677217319166
1461,2023-09-01T00:00:00Z,9967.20944564762
1462,2023-09-03T00:00:00Z,9967.20944564762
1463,2023-09-04T00:00:00Z,9963.9070969601
1464,2023-09-05T00:00:00Z,9985.596284642688
1465,2023-09-06T00:00:00Z,10003.849561405263
1466,2023-09-07T00:00:00Z,9983.44884031768
1467,2023-09-08T00:00:00Z,9994.186061942724
1468,2023-09-10T00:00:00Z,9989.983429326236
1469,2023-09-11T00:00:00Z,9989.983429326236
1470,2023-09-12T00:00:00Z,9989.983429326236
1471,2023-09-13T00:00:00Z,9989.983429326236
1472,2023-09-14T00:00:00Z,9989.983429326236
1473,2023-09-15T00:00:00Z,9989.983429326236
1474,2023-09-17T00:00:00Z,9984.220658455364
1475,2023-09-18T00:00:00Z,10002.27347957446
1476,2023-09-19T00:00:00Z,9994.734938887364
1477,2023-09-20T00:00:00Z,9964.977541438308
1478,2023-09-21T00:00:00Z,9975.690204519968
1479,2023-09-22T00:00:00Z,9972.92192075278
1480,2023-09-24T00:00:00Z,9972.92192075278
1481,2023-09-25T00:00:00Z,9972.92192075278
1482,2023-09-26T00:00:00Z,9972.92192075278
1483,2023-09-27T00:00:00Z,9972.92192075278
1484,2023-09-28T00:00:00Z,9934.068342437653
1485,2023-09-29T00:00:00Z,9921.485648977125
1486,2023-10-01T00:00:00Z,9919.929344017866
1487,2023-10-02T00:00:00Z,9881.333025383406
1488,2023-10-03T00:00:00Z,9870.50703174711
1489,2023-10-04T00:00:00Z,9870.50703174711
1490,2023-10-05T00:00:00Z,9870.50703174711
1491,2023-10-06T00:00:00Z,9870.50703174711
1492,2023-10-08T00:00:00Z,9870.50703174711
1493,2023-10-09T00:00:00Z,9870.50703174711
1494,2023-10-10T00:00:00Z,9870.50703174711
1495,2023-10-11T00:00:00Z,9870.50703174711
1496,2023-10-12T00:00:00Z,9870.50703174711
1497,2023-10-13T00:00:00Z,9870.50703174711
1498,2023-10-15T00:00:00Z,9870.50703174711
1499,2023-10-16T00:00:00Z,9870.50703174711
1500,2023-10-17T00:00:00Z,9870.50703174711
1501,2023-10-18T00:00:00Z,9870.50703174711
1502,2023-10-19T00:00:00Z,9870.50703174711
1503,2023-10-20T00:00:00Z,9870.50703174711
1504,2023-10-22T00:00:00Z,9870.50703174711
1505,2023-10-23T00:00:00Z,9870.50703174711
1506,2023-10-24T00:00:00Z,9870.50703174711
1507,2023-10-25T00:00:00Z,9870.50703174711
1508,2023-10-26T00:00:00Z,9870.50703174711
1509,2023-10-27T00:00:00Z,9870.50703174711
1510,2023-10-29T00:00:00Z,9870.50703174711
1511,2023-10-30T00:00:00Z,9870.50703174711
1512,2023-10-31T00:00:00Z,9870.50703174711
1513,2023-11-01T00:00:00Z,9870.50703174711
1514,2023-11-02T00:00:00Z,9870.50703174711
1515,2023-11-03T00:00:00Z,9870.50703174711
1516,2023-11-05T00:00:00Z,9870.50703174711
1517,2023-11-06T00:00:00Z,9870.50703174711
1518,2023-11-07T00:00:00Z,9870.50703174711
1519,2023-11-08T00:00:00Z,9870.50703174711
1520,2023-11-09T00:00:00Z,9870.50703174711
1521,2023-11-10T00:00:00Z,9870.50703174711
1522,2023-11-12T00:00:00Z,9870.50703174711
1523,2023-11-13T00:00:00Z,9870.50703174711
1524,2023-11-14T00:00:00Z,9870.50703174711
1525,2023-11-15T00:00:00Z,9870.50703174711
1526,2023-11-16T00:00:00Z,9870.50703174711
1527,2023-11-17T00:00:00Z,9870.50703174711
1528,2023-11-19T00:00:00Z,9870.50703174711
1529,2023-11-20T00:00:00Z,9870.50703174711
1530,2023-11-21T00:00:00Z,9870.50703174711
1531,2023-11-22T00:00:00Z,9870.50703174711
1532,2023-11-23T00:00:00Z,9870.50703174711
1533,2023-11-24T00:00:00Z,9870.50703174711
1534,2023-11-26T00:00:00Z,9870.50703174711
1535,2023-11-27T00:00:00Z,9870.50703174711
1536,2023-11-28T00:00:00Z,9870.50703174711
1537,2023-11-29T00:00:00Z,9870.50703174711
1538,2023-11-30T00:00:00Z,9870.50703174711
1539,2023-12-01T00:00:00Z,9870.50703174711
1540,2023-12-03T00:00:00Z,9870.50703174711
1541,2023-12-04T00:00:00Z,9870.50703174711
1542,2023-12-05T00:00:00Z,9870.50703174711
1543,2023-12-06T00:00:00Z,9870.50703174711
1544,2023-12-07T00:00:00Z,9870.50703174711
1545,2023-12-08T00:00:00Z,9870.50703174711
1546,2023-12-10T00:00:00Z,9870.50703174711
1547,2023-12-11T00:00:00Z,9870.50703174711
1548,2023-12-12T00:00:00Z,9870.50703174711
1549,2023-12-13T00:00:00Z,9870.50703174711
1550,2023-12-14T00:00:00Z,9870.50703174711
1551,2023-12-15T00:00:00Z,9870.50703174711
1552,2023-12-17T00:00:00Z,9870.50703174711
1553,2023-12-18T00:00:00Z,9870.50703174711
1554,2023-12-19T00:00:00Z,9870.50703174711
1555,2023-12-20T00:00:00Z,9870.50703174711
1556,2023-12-21T00:00:00Z,9870.50703174711
1557,2023-12-22T00:00:00Z,9870.50703174711
1558,2023-12-25T00:00:00Z,9870.50703174711
1559,2023-12-26T00:00:00Z,9870.50703174711
1560,2023-12-27T00:00:00Z,9870.50703174711
1561,2023-12-28T00:00:00Z,9870.50703174711
1562,2023-12-29T00:00:00Z,9870.50703174711
1563,2024-01-01T00:00:00Z,9870.50703174711
1564,2024-01-02T00:00:00Z,9870.50703174711
1565,2024-01-03T00:00:00Z,9870.50703174711
1566,2024-01-04T00:00:00Z,9870.50703174711
1567,2024-01-05T00:00:00Z,9870.50703174711
1568,2024-01-07T00:00:00Z,9870.50703174711
1569,2024-01-08T00:00:00Z,9870.50703174711
1570,2024-01-09T00:00:00Z,9870.50703174711
1571,2024-01-10T00:00:00Z,9870.50703174711
1572,2024-01-11T00:00:00Z,9870.50703174711
1573,2024-01-12T00:00:00Z,9870.50703174711
1574,2024-01-14T00:00:00Z,9870.50703174711
1575,2024-01-15T00:00:00Z,9870.50703174711
1576,2024-01-16T00:00:00Z,9870.50703174711
1577,2024-01-17T00:00:00Z,9870.50703174711
1578,2024-01-18T00:00:00Z,9870.50703174711
1579,2024-01-19T00:00:00Z,9870.50703174711
1580,2024-01-21T00:00:00Z,9870.50703174711
1581,2024-01-22T00:00:00Z,9870.50703174711
1582,2024-01-23T00:00:00Z,9870.50703174711
1583,2024-01-24T00:00:00Z,9870.50703174711
1584,2024-01-25T00:00:00Z,9896.009348833975
1585,2024-01-26T00:00:00Z,9913.317433951679
1586,2024-01-28T00:00:00Z,9924.747301482239
1587,2024-01-29T00:00:00Z,9894.376510615324
1588,2024-01-30T00:00:00Z,9907.27593254267
1589,2024-01-31T00:00:00Z,9905.12648708973
1590,2024-02-01T00:00:00Z,9876.296356542724
1591,2024-02-02T00:00:00Z,9854.380507735763
1592,2024-02-04T00:00:00Z,9854.380507735763
1593,2024-02-05T00:00:00Z,9854.380507735763
1594,2024-02-06T00:00:00Z,9854.380507735763
1595,2024-02-07T00:00:00Z,9854.380507735763
1596,2024-02-08T00:00:00Z,9854.380507735763
1597,2024-02-09T00:00:00Z,9854.8695731372
1598,2024-02-11T00:00:00Z,9852.126482422767
1599,2024-02-12T00:00:00Z,9860.839829398028
1600,2024-02-13T00:00:00Z,9873.90984986092
1601,2024-02-14T00:00:00Z,9853.578706918644
1602,2024-02-15T00:00:00Z,9851.485579527802
1603,2024-02-16T00:00:00Z,9865.955174458131
1604,2024-02-18T00:00:00Z,9849.348741225213
1605,2024-02-19T00:00:00Z,9848.47471842348
1606,2024-02-20T00:00:00Z,9833.266721673335
1607,2024-02-21T00:00:00Z,9848.299913863133
1608,2024-02-22T00:00:00Z,9845.99120955226
1609,2024-02-23T00:00:00Z,9810.751129406943
1610,2024-02-25T00:00:00Z,9807.390048070349
1611,2024-02-26T00:00:00Z,9795.237136770764
1612,2024-02-27T00:00:00Z,9808.307866098796
1613,2024-02-28T00:00:00Z,9802.780773043563
1614,2024-02-29T00:00:00Z,9805.032551695695
1615,2024-03-01T00:00:00Z,9836.762159975726
1616,2024-03-03T00:00:00Z,9839.423352928245
1617,2024-03-04T00:00:00Z,9836.663234426567
1618,2024-03-05T00:00:00Z,9836.663234426567
1619,2024-03-06T00:00:00Z,9836.663234426567
1620,2024-03-07T00:00:00Z,9836.663234426567
1621,2024-03-08T00:00:00Z,9836.663234426567
1622,2024-03-10T00:00:00Z,9836.663234426567
1623,2024-03-11T00:00:00Z,9836.663234426567
1624,2024-03-12T00:00:00Z,9836.663234426567
1625,2024-03-13T00:00:00Z,9836.663234426567
1626,2024-03-14T00:00:00Z,9836.663234426567
1627,2024-03-15T00:00:00Z,9836.663234426567
1628,2024-03-17T00:00:00Z,9836.663234426567
1629,2024-03-18T00:00:00Z,9836.663234426567
1630,2024-03-19T00:00:00Z,9836.663234426567
1631,2024-03-20T00:00:00Z,9836.663234426567
1632,2024-03-21T00:00:00Z,9836.663234426567
1633,2024-03-22T00:00:00Z,9836.663234426567
1634,2024-03-24T00:00:00Z,9836.663234426567
1635,2024-03-25T00:00:00Z,9836.663234426567
1636,2024-03-26T00:00:00Z,9836.663234426567
1637,2024-03-27T00:00:00Z,9836.663234426567
1638,2024-03-28T00:00:00Z,9836.663234426567
1639,2024-03-29T00:00:00Z,9836.663234426567
1640,2024-03-31T00:00:00Z,9836.663234426567
1641,2024-04-01T00:00:00Z,9836.663234426567
1642,2024-04-02T00:00:00Z,9836.663234426567
1643,2024-04-03T00:00:00Z,9836.663234426567
1644,2024-04-04T00:00:00Z,9836.663234426567
1645,2024-04-05T00:00:00Z,9836.663234426567
1646,2024-04-07T00:00:00Z,9836.663234426567
1647,2024-04-08T00:00:00Z,9836.663234426567
1648,2024-04-09T00:00:00Z,9836.663234426567
1649,2024-04-10T00:00:00Z,9836.663234426567
1650,2024-04-11T00:00:00Z,9836.663234426567
1651,2024-04-12T00:00:00Z,9836.663234426567
1652,2024-04-14T00:00:00Z,9836.663234426567
1653,2024-04-15T00:00:00Z,9836.663234426567
1654,2024-04-16T00:00:00Z,9836.663234426567
1655,2024-04-17T00:00:00Z,9836.663234426567
1656,2024-04-18T00:00:00Z,9836.663234426567
1657,2024-04-19T00:00:00Z,9836.663234426567
1658,2024-04-21T00:00:00Z,9836.663234426567
1659,2024-04-22T00:00:00Z,9836.663234426567
1660,2024-04-23T00:00:00Z,9836.663234426567
1661,2024-04-24T00:00:00Z,9836.663234426567
1662,2024-04-25T00:00:00Z,9836.663234426567
1663,2024-04-26T00:00:00Z,9836.663234426567
1664,2024-04-28T00:00:00Z,9836.663234426567
1665,2024-04-29T00:00:00Z,9836.663234426567
1666,2024-04-30T00:00:00Z,9836.663234426567
1667,2024-05-01T00:00:00Z,9836.663234426567
1668,2024-05-02T00:00:00Z,9836.663234426567
1669,2024-05-03T00:00:00Z,9836.663234426567
1670,2024-05-05T00:00:00Z,9836.663234426567
1671,2024-05-06T00:00:00Z,9836.663234426567
1672,2024-05-07T00:00:00Z,9836.663234426567
1673,2024-05-08T00:00:00Z,9836.663234426567
1674,2024-05-09T00:00:00Z,9836.663234426567
1675,2024-05-10T00:00:00Z,9836.663234426567
1676,2024-05-12T00:00:00Z,9836.663234426567
1677,2024-05-13T00:00:00Z,9836.663234426567
1678,2024-05-14T00:00:00Z,9836.663234426567
1679,2024-05-15T00:00:00Z,9836.663234426567
1680,2024-05-16T00:00:00Z,9836.663234426567
1681,2024-05-17T00:00:00Z,9836.663234426567
1682,2024-05-19T00:00:00Z,9836.663234426567
1683,2024-05-20T00:00:00Z,9836.663234426567
1684,2024-05-21T00:00:00Z,9836.663234426567
1685,2024-05-22T00:00:00Z,9836.663234426567
1686,2024-05-23T00:00:00Z,9836.663234426567
1687,2024-05-24T00:00:00Z,9836.663234426567
1688,2024-05-26T00:00:00Z,9836.663234426567
1689,2024-05-27T00:00:00Z,9836.663234426567
1690,2024-05-28T00:00:00Z,9836.663234426567
1691,2024-05-29T00:00:00Z,9836.663234426567
1692,2024-05-30T00:00:00Z,9836.663234426567
1693,2024-05-31T00:00:00Z,9836.663234426567
1694,2024-06-02T00:00:00Z,9836.663234426567
1695,2024-06-03T00:00:00Z,9836.663234426567
1696,2024-06-04T00:00:00Z,9836.663234426567
1697,2024-06-05T00:00:00Z,9836.663234426567
1698,2024-06-06T00:00:00Z,9836.663234426567
1699,2024-06-07T00:00:00Z,9836.663234426567
1700,2024-06-09T00:00:00Z,9836.663234426567
1701,2024-06-10T00:00:00Z,9836.663234426567
1702,2024-06-11T00:00:00Z,9836.663234426567
1703,2024-06-12T00:00:00Z,9836.663234426567
1704,2024-06-13T00:00:00Z,9836.663234426567
1705,2024-06-14T00:00:00Z,9836.663234426567
1706,2024-06-16T00:00:00Z,9836.663234426567
1707,2024-06-17T00:00:00Z,9836.663234426567
1708,2024-06-18T00:00:00Z,9836.663234426567
1709,2024-06-19T00:00:00Z,9836.663234426567
1710,2024-06-20T00:00:00Z,9836.663234426567
1711,2024-06-21T00:00:00Z,9836.663234426567
1712,2024-06-23T00:00:00Z,9836.663234426567
1713,2024-06-24T00:00:00Z,9836.663234426567
1714,2024-06-25T00:00:00Z,9836.663234426567
1715,2024-06-26T00:00:00Z,9836.663234426567
1716,2024-06-27T00:00:00Z,9836.663234426567
1717,2024-06-28T00:00:00Z,9836.663234426567
1718,2024-06-30T00:00:00Z,9836.663234426567
1719,2024-07-01T00:00:00Z,9836.663234426567
1720,2024-07-02T00:00:00Z,9836.663234426567
1721,2024-07-03T00:00:00Z,9836.663234426567
1722,2024-07-04T00:00:00Z,9836.663234426567
1723,2024-07-05T00:00:00Z,9836.663234426567
1724,2024-07-07T00:00:00Z,9836.663234426567
1725,2024-07-08T00:00:00Z,9836.663234426567
1726,2024-07-09T00:00:00Z,9836.663234426567
1727,2024-07-10T00:00:00Z,9836.663234426567
1728,2024-07-11T00:00:00Z,9836.663234426567
1729,2024-07-12T00:00:00Z,9836.663234426567
1730,2024-07-14T00:00:00Z,9836.663234426567
1731,2024-07-15T00:00:00Z,9836.663234426567
1732,2024-07-16T00:00:00Z,9836.663234426567
1733,2024-07-17T00:00:00Z,9836.663234426567
1734,2024-07-18T00:00:00Z,9836.663234426567
1735,2024-07-19T00:00:00Z,9836.663234426567
1736,2024-07-21T00:00:00Z,9836.663234426567
1737,2024-07-22T00:00:00Z,9836.663234426567
1738,2024-07-23T00:00:00Z,9836.663234426567
1739,2024-07-24T00:00:00Z,9836.663234426567
1740,2024-07-25T00:00:00Z,9836.663234426567
1741,2024-07-26T00:00:00Z,9836.663234426567
1742,2024-07-28T00:00:00Z,9836.663234426567
1743,2024-07-29T00:00:00Z,9836.663234426567
1744,2024-07-30T00:00:00Z,9836.663234426567
1745,2024-07-31T00:00:00Z,9836.663234426567
1746,2024-08-01T00:00:00Z,9836.663234426567
1747,2024-08-02T00:00:00Z,9836.663234426567
1748,2024-08-04T00:00:00Z,9836.663234426567
1749,2024-08-05T00:00:00Z,9836.663234426567
1750,2024-08-06T00:00:00Z,9836.663234426567
1751,2024-08-07T00:00:00Z,9836.663234426567
1752,2024-08-08T00:00:00Z,9836.663234426567
1753,2024-08-09T00:00:00Z,9836.663234426567
1754,2024-08-11T00:00:00Z,9836.663234426567
1755,2024-08-12T00:00:00Z,9836.663234426567
1756,2024-08-13T00:00:00Z,9836.663234426567
1757,2024-08-14T00:00:00Z,9836.663234426567
1758,2024-08-15T00:00:00Z,9836.663234426567
1759,2024-08-16T00:00:00Z,9836.663234426567
1760,2024-08-18T00:00:00Z,9836.663234426567
1761,2024-08-19T00:00:00Z,9836.663234426567
1762,2024-08-20T00:00:00Z,9836.663234426567
1763,2024-08-21T00:00:00Z,9836.663234426567
1764,2024-08-22T00:00:00Z,9836.663234426567
1765,2024-08-23T00:00:00Z,9836.663234426567
1766,2024-08-25T00:00:00Z,9836.663234426567
1767,2024-08-26T00:00:00Z,9836.663234426567
1768,2024-08-27T00:00:00Z,9836.663234426567
1769,2024-08-28T00:00:00Z,9836.663234426567
1770,2024-08-29T00:00:00Z,9836.663234426567
1771,2024-08-30T00:00:00Z,9836.663234426567
1772,2024-09-01T00:00:00Z,9836.663234426567
1773,2024-09-02T00:00:00Z,9836.663234426567
1774,2024-09-03T00:00:00Z,9836.663234426567
1775,2024-09-04T00:00:00Z,9836.663234426567
1776,2024-09-05T00:00:00Z,9836.663234426567
1777,2024-09-06T00:00:00Z,9836.663234426567
1778,2024-09-08T00:00:00Z,9836.663234426567
1779,2024-09-09T00:00:00Z,9836.663234426567
1780,2024-09-10T00:00:00Z,9836.663234426567
1781,2024-09-11T00:00:00Z,9836.663234426567
1782,2024-09-12T00:00:00Z,9836.663234426567
1783,2024-09-13T00:00:00Z,9836.663234426567
1784,2024-09-15T00:00:00Z,9836.663234426567
1785,2024-09-16T00:00:00Z,9836.663234426567
1786,2024-09-17T00:00:00Z,9836.663234426567
1787,2024-09-18T00:00:00Z,9836.663234426567
1788,2024-09-19T00:00:00Z,9836.663234426567
1789,2024-09-20T00:00:00Z,9836.663234426567
1790,2024-09-22T00:00:00Z,9836.663234426567
1791,2024-09-23T00:00:00Z,9836.663234426567
1792,2024-09-24T00:00:00Z,9836.663234426567
1793,2024-09-25T00:00:00Z,9836.663234426567
1794,2024-09-26T00:00:00Z,9836.663234426567
1795,2024-09-27T00:00:00Z,9836.663234426567
1796,2024-09-29T00:00:00Z,9836.663234426567
1797,2024-09-30T00:00:00Z,9836.663234426567
1798,2024-10-01T00:00:00Z,9836.663234426567
1799,2024-10-02T00:00:00Z,9836.663234426567
1800,2024-10-03T00:00:00Z,9836.663234426567
1801,2024-10-04T00:00:00Z,9836.663234426567
1802,2024-10-06T00:00:00Z,9836.663234426567
1803,2024-10-07T00:00:00Z,9836.663234426567
1804,2024-10-08T00:00:00Z,9836.663234426567
1805,2024-10-09T00:00:00Z,9836.663234426567
1806,2024-10-10T00:00:00Z,9836.663234426567
1807,2024-10-11T00:00:00Z,9836.663234426567
1808,2024-10-13T00:00:00Z,9836.663234426567
1809,2024-10-14T00:00:00Z,9836.663234426567
1810,2024-10-15T00:00:00Z,9836.663234426567
1811,2024-10-16T00:00:00Z,9836.663234426567
1812,2024-10-17T00:00:00Z,9836.663234426567
1813,2024-10-18T00:00:00Z,9836.663234426567
1814,2024-10-20T00:00:00Z,9836.663234426567
1815,2024-10-21T00:00:00Z,9836.663234426567
1816,2024-10-22T00:00:00Z,9836.663234426567
1817,2024-10-23T00:00:00Z,9836.663234426567
1818,2024-10-24T00:00:00Z,9836.663234426567
1819,2024-10-25T00:00:00Z,9836.663234426567
1820,2024-10-27T00:00:00Z,9836.663234426567
1821,2024-10-28T00:00:00Z,9836.663234426567
1822,2024-10-29T00:00:00Z,9836.663234426567
1823,2024-10-30T00:00:00Z,9836.663234426567
1824,2024-10-31T00:00:00Z,9836.663234426567
1825,2024-11-01T00:00:00Z,9836.663234426567
1826,2024-11-03T00:00:00Z,9836.663234426567
1827,2024-11-04T00:00:00Z,9836.663234426567
1828,2024-11-05T00:00:00Z,9836.663234426567
1829,2024-11-06T00:00:00Z,9836.663234426567
1830,2024-11-07T00:00:00Z,9836.663234426567
1831,2024-11-08T00:00:00Z,9836.663234426567
1832,2024-11-10T00:00:00Z,9836.663234426567
1833,2024-11-11T00:00:00Z,9836.663234426567
1834,2024-11-12T00:00:00Z,9836.663234426567
1835,2024-11-13T00:00:00Z,9836.663234426567
1836,2024-11-14T00:00:00Z,9836.663234426567
1837,2024-11-15T00:00:00Z,9836.663234426567
1838,2024-11-17T00:00:00Z,9836.663234426567
1839,2024-11-18T00:00:00Z,9836.663234426567
1840,2024-11-19T00:00:00Z,9836.663234426567
1841,2024-11-20T00:00:00Z,9836.663234426567
1842,2024-11-21T00:00:00Z,9836.663234426567
1843,2024-11-22T00:00:00Z,9836.663234426567
1844,2024-11-24T00:00:00Z,9836.663234426567
1845,2024-11-25T00:00:00Z,9836.663234426567
1846,2024-11-26T00:00:00Z,9836.663234426567
1847,2024-11-27T00:00:00Z,9836.663234426567
1848,2024-11-28T00:00:00Z,9836.663234426567
1849,2024-11-29T00:00:00Z,9836.663234426567
1850,2024-12-01T00:00:00Z,9836.663234426567
1851,2024-12-02T00:00:00Z,9836.663234426567
1852,2024-12-03T00:00:00Z,9836.663234426567
1853,2024-12-04T00:00:00Z,9836.663234426567
1854,2024-12-05T00:00:00Z,9836.663234426567
1855,2024-12-06T00:00:00Z,9836.663234426567
1856,2024-12-08T00:00:00Z,9836.663234426567
1857,2024-12-09T00:00:00Z,9836.663234426567
1858,2024-12-10T00:00:00Z,9836.663234426567
1859,2024-12-11T00:00:00Z,9836.663234426567
1860,2024-12-12T00:00:00Z,9836.663234426567
1861,2024-12-13T00:00:00Z,9836.663234426567
1862,2024-12-15T00:00:00Z,9836.663234426567
1863,2024-12-16T00:00:00Z,9836.663234426567
1864,2024-12-17T00:00:00Z,9836.663234426567
1865,2024-12-18T00:00:00Z,9836.663234426567
1866,2024-12-19T00:00:00Z,9836.663234426567
1867,2024-12-20T00:00:00Z,9836.663234426567
1868,2024-12-22T00:00:00Z,9836.663234426567
1869,2024-12-23T00:00:00Z,9836.663234426567
1870,2024-12-24T00:00:00Z,9836.663234426567
1871,2024-12-25T00:00:00Z,9836.663234426567
1872,2024-12-26T00:00:00Z,9836.663234426567
1873,2024-12-27T00:00:00Z,9836.663234426567
1874,2024-12-29T00:00:00Z,9836.663234426567
1875,2024-12-30T00:00:00Z,9836.663234426567
1876,2024-12-31T00:00:00Z,9836.663234426567
1877,2025-01-01T00:00:00Z,9836.663234426567
1878,2025-01-02T00:00:00Z,9836.663234426567
1879,2025-01-03T00:00:00Z,9836.663234426567
1880,2025-01-05T00:00:00Z,9836.663234426567
1881,2025-01-06T00:00:00Z,9836.663234426567
1882,2025-01-07T00:00:00Z,9836.663234426567
1883,2025-01-08T00:00:00Z,9836.663234426567
1884,2025-01-09T00:00:00Z,9836.663234426567
1885,2025-01-10T00:00:00Z,9836.663234426567
1886,2025-01-12T00:00:00Z,9836.663234426567
1887,2025-01-13T00:00:00Z,9836.663234426567
1888,2025-01-14T00:00:00Z,9836.663234426567
1889,2025-01-15T00:00:00Z,9836.663234426567
1890,2025-01-16T00:00:00Z,9836.663234426567
1891,2025-01-17T00:00:00Z,9836.663234426567
1892,2025-01-19T00:00:00Z,9836.663234426567
1893,2025-01-20T00:00:00Z,9836.663234426567
1894,2025-01-21T00:00:00Z,9836.663234426567
1895,2025-01-22T00:00:00Z,9836.663234426567
1896,2025-01-23T00:00:00Z,9836.663234426567
1897,2025-01-24T00:00:00Z,9836.663234426567
1898,2025-01-26T00:00:00Z,9836.663234426567
1899,2025-01-27T00:00:00Z,9836.663234426567
1900,2025-01-28T00:00:00Z,9836.663234426567
1901,2025-01-29T00:00:00Z,9836.663234426567
1902,2025-01-30T00:00:00Z,9836.663234426567
1903,2025-01-31T00:00:00Z,9836.663234426567
1904,2025-02-02T00:00:00Z,9836.663234426567
1905,2025-02-03T00:00:00Z,9836.663234426567
1906,2025-02-04T00:00:00Z,9836.663234426567
1907,2025-02-05T00:00:00Z,9836.663234426567
1908,2025-02-06T00:00:00Z,9836.663234426567
1909,2025-02-07T00:00:00Z,9836.663234426567
1910,2025-02-09T00:00:00Z,9836.663234426567
1911,2025-02-10T00:00:00Z,9836.663234426567
1912,2025-02-11T00:00:00Z,9836.663234426567
1913,2025-02-12T00:00:00Z,9836.663234426567
1914,2025-02-13T00:00:00Z,9836.663234426567
1915,2025-02-14T00:00:00Z,9836.663234426567
1916,2025-02-16T00:00:00Z,9836.663234426567
1917,2025-02-17T00:00:00Z,9836.663234426567
1918,2025-02-18T00:00:00Z,9836.663234426567
1919,2025-02-19T00:00:00Z,9836.663234426567
1920,2025-02-20T00:00:00Z,9836.663234426567
1921,2025-02-21T00:00:00Z,9836.663234426567
1922,2025-02-23T00:00:00Z,9836.663234426567
1923,2025-02-24T00:00:00Z,9836.663234426567
1924,2025-02-25T00:00:00Z,9836.663234426567
1925,2025-02-26T00:00:00Z,9836.663234426567
1926,2025-02-27T00:00:00Z,9836.663234426567
1927,2025-02-28T00:00:00Z,9836.663234426567
1928,2025-03-02T00:00:00Z,9836.663234426567
1929,2025-03-03T00:00:00Z,9836.663234426567
1930,2025-03-04T00:00:00Z,9836.663234426567
1931,2025-03-05T00:00:00Z,9836.663234426567
1932,2025-03-06T00:00:00Z,9836.663234426567
1933,2025-03-07T00:00:00Z,9836.663234426567
1934,2025-03-09T00:00:00Z,9836.663234426567
1935,2025-03-10T00:00:00Z,9836.663234426567
1936,2025-03-11T00:00:00Z,9836.663234426567
1937,2025-03-12T00:00:00Z,9836.663234426567
1938,2025-03-13T00:00:00Z,9836.663234426567
1939,2025-03-14T00:00:00Z,9836.663234426567
1940,2025-03-16T00:00:00Z,9836.663234426567
1941,2025-03-17T00:00:00Z,9836.663234426567
1942,2025-03-18T00:00:00Z,9836.663234426567
1943,2025-03-19T00:00:00Z,9836.663234426567
1944,2025-03-20T00:00:00Z,9836.663234426567
1945,2025-03-21T00:00:00Z,9836.663234426567
1946,2025-03-23T00:00:00Z,9836.663234426567
1947,2025-03-24T00:00:00Z,9836.663234426567
1948,2025-03-25T00:00:00Z,9836.663234426567
1949,2025-03-26T00:00:00Z,9836.663234426567
1950,2025-03-27T00:00:00Z,9836.663234426567
1951,2025-03-28T00:00:00Z,9836.663234426567
1952,2025-03-30T00:00:00Z,9836.663234426567
1953,2025-03-31T00:00:00Z,9836.663234426567
1954,2025-04-01T00:00:00Z,9836.663234426567
1955,2025-04-02T00:00:00Z,9836.663234426567
1956,2025-04-03T00:00:00Z,9836.663234426567
1957,2025-04-04T00:00:00Z,9836.663234426567
1958,2025-04-06T00:00:00Z,9836.663234426567
1959,2025-04-07T00:00:00Z,9836.663234426567
1960,2025-04-08T00:00:00Z,9836.663234426567
1961,2025-04-09T00:00:00Z,9836.663234426567
1962,2025-04-10T00:00:00Z,9836.663234426567
1963,2025-04-11T00:00:00Z,9836.663234426567
1964,2025-04-13T00:00:00Z,9836.663234426567
1965,2025-04-14T00:00:00Z,9836.663234426567
1966,2025-04-15T00:00:00Z,9836.663234426567
1967,2025-04-16T00:00:00Z,9836.663234426567
1968,2025-04-17T00:00:00Z,9836.663234426567
1969,2025-04-18T00:00:00Z,9836.663234426567
1970,2025-04-20T00:00:00Z,9836.663234426567
1971,2025-04-21T00:00:00Z,9836.663234426567
1972,2025-04-22T00:00:00Z,9836.663234426567
1973,2025-04-23T00:00:00Z,9836.663234426567
1974,2025-04-24T00:00:00Z,9836.663234426567
1975,2025-04-25T00:00:00Z,9836.663234426567
1976,2025-04-27T00:00:00Z,9836.663234426567
1977,2025-04-28T00:00:00Z,9836.663234426567
1978,2025-04-29T00:00:00Z,9836.663234426567
1979,2025-04-30T00:00:00Z,9836.663234426567
1980,2025-05-01T00:00:00Z,9836.663234426567
1981,2025-05-02T00:00:00Z,9836.663234426567
1982,2025-05-04T00:00:00Z,9836.663234426567
1983,2025-05-05T00:00:00Z,9836.663234426567
1984,2025-05-06T00:00:00Z,9836.663234426567
1985,2025-05-07T00:00:00Z,9836.663234426567
1986,2025-05-08T00:00:00Z,9836.663234426567
1987,2025-05-09T00:00:00Z,9836.663234426567
1988,2025-05-11T00:00:00Z,9836.663234426567
1989,2025-05-12T00:00:00Z,9836.663234426567
1990,2025-05-13T00:00:00Z,9836.663234426567
1991,2025-05-14T00:00:00Z,9836.663234426567
1992,2025-05-15T00:00:00Z,9836.663234426567
1993,2025-05-16T00:00:00Z,9836.663234426567
1994,2025-05-18T00:00:00Z,9836.663234426567
1995,2025-05-19T00:00:00Z,9836.663234426567
1996,2025-05-20T00:00:00Z,9836.663234426567
1997,2025-05-21T00:00:00Z,9836.663234426567
1998,2025-05-22T00:00:00Z,9836.663234426567
1999,2025-05-23T00:00:00Z,9836.663234426567
2000,2025-05-25T00:00:00Z,9836.663234426567
2001,2025-05-26T00:00:00Z,9836.663234426567
2002,2025-05-27T00:00:00Z,9836.663234426567
2003,2025-05-28T00:00:00Z,9836.663234426567
2004,2025-05-29T00:00:00Z,9836.663234426567
2005,2025-05-30T00:00:00Z,9836.663234426567
2006,2025-06-01T00:00:00Z,9836.663234426567
2007,2025-06-02T00:00:00Z,9836.663234426567
2008,2025-06-03T00:00:00Z,9836.663234426567
2009,2025-06-04T00:00:00Z,9836.663234426567
2010,2025-06-05T00:00:00Z,9836.663234426567
2011,2025-06-06T00:00:00Z,9836.663234426567
2012,2025-06-08T00:00:00Z,9836.663234426567
2013,2025-06-09T00:00:00Z,9836.663234426567
2014,2025-06-10T00:00:00Z,9836.663234426567
2015,2025-06-11T00:00:00Z,9836.663234426567
2016,2025-06-12T00:00:00Z,9836.663234426567
2017,2025-06-13T00:00:00Z,9836.663234426567
2018,2025-06-15T00:00:00Z,9836.663234426567
2019,2025-06-16T00:00:00Z,9836.663234426567
2020,2025-06-17T00:00:00Z,9836.663234426567
2021,2025-06-18T00:00:00Z,9836.663234426567
2022,2025-06-19T00:00:00Z,9836.663234426567
2023,2025-06-20T00:00:00Z,9836.663234426567
2024,2025-06-22T00:00:00Z,9836.663234426567
2025,2025-06-23T00:00:00Z,9836.663234426567
2026,2025-06-24T00:00:00Z,9836.663234426567
2027,2025-06-25T00:00:00Z,9836.663234426567
2028,2025-06-26T00:00:00Z,9836.663234426567
2029,2025-06-27T00:00:00Z,9836.663234426567
2030,2025-06-29T00:00:00Z,9836.663234426567
2031,2025-06-30T00:00:00Z,9836.663234426567
2032,2025-07-01T00:00:00Z,9836.663234426567
2033,2025-07-02T00:00:00Z,9836.663234426567
2034,2025-07-03T00:00:00Z,9836.663234426567
2035,2025-07-04T00:00:00Z,9836.663234426567
2036,2025-07-06T00:00:00Z,9836.663234426567
2037,2025-07-07T00:00:00Z,9836.663234426567
2038,2025-07-08T00:00:00Z,9836.663234426567
2039,2025-07-09T00:00:00Z,9836.663234426567
2040,2025-07-10T00:00:00Z,9836.663234426567
2041,2025-07-11T00:00:00Z,9836.663234426567
2042,2025-07-13T00:00:00Z,9836.663234426567
2043,2025-07-14T00:00:00Z,9836.663234426567
2044,2025-07-15T00:00:00Z,9836.663234426567
2045,2025-07-16T00:00:00Z,9836.663234426567
2046,2025-07-17T00:00:00Z,9836.663234426567
2047,2025-07-18T00:00:00Z,9836.663234426567
2048,2025-07-20T00:00:00Z,9836.663234426567
2049,2025-07-21T00:00:00Z,9836.663234426567
2050,2025-07-22T00:00:00Z,9836.663234426567
2051,2025-07-23T00:00:00Z,9836.663234426567
2052,2025-07-24T00:00:00Z,9836.663234426567
2053,2025-07-25T00:00:00Z,9836.663234426567
2054,2025-07-27T00:00:00Z,9836.663234426567
2055,2025-07-28T00:00:00Z,9836.663234426567
2056,2025-07-29T00:00:00Z,9836.663234426567
2057,2025-07-30T00:00:00Z,9836.663234426567
2058,2025-07-31T00:00:00Z,9836.663234426567
2059,2025-08-01T00:00:00Z,9836.663234426567
2060,2025-08-03T00:00:00Z,9836.663234426567
2061,2025-08-04T00:00:00Z,9836.663234426567
2062,2025-08-05T00:00:00Z,9836.663234426567
2063,2025-08-06T00:00:00Z,9836.663234426567
2064,2025-08-07T00:00:00Z,9836.663234426567
2065,2025-08-08T00:00:00Z,9836.663234426567
2066,2025-08-10T00:00:00Z,9836.663234426567
2067,2025-08-11T00:00:00Z,9836.663234426567
2068,2025-08-12T00:00:00Z,9836.663234426567
2069,2025-08-13T00:00:00Z,9836.663234426567
2070,2025-08-14T00:00:00Z,9836.663234426567
2071,2025-08-15T00:00:00Z,9836.663234426567
2072,2025-08-17T00:00:00Z,9836.663234426567
2073,2025-08-18T00:00:00Z,9836.663234426567
2074,2025-08-19T00:00:00Z,9836.663234426567
2075,2025-08-20T00:00:00Z,9836.663234426567
2076,2025-08-21T00:00:00Z,9836.663234426567
2077,2025-08-22T00:00:00Z,9836.663234426567
2078,2025-08-24T00:00:00Z,9836.663234426567
2079,2025-08-25T00:00:00Z,9836.663234426567
2080,2025-08-26T00:00:00Z,9836.663234426567
2081,2025-08-27T00:00:00Z,9836.663234426567
2082,2025-08-28T00:00:00Z,9836.663234426567
2083,2025-08-29T00:00:00Z,9836.663234426567
2084,2025-08-31T00:00:00Z,9836.663234426567
2085,2025-09-01T00:00:00Z,9836.663234426567
2086,2025-09-02T00:00:00Z,9836.663234426567
2087,2025-09-03T00:00:00Z,9836.663234426567
2088,2025-09-04T00:00:00Z,9836.663234426567
2089,2025-09-05T00:00:00Z,9836.663234426567
2090,2025-09-07T00:00:00Z,9836.663234426567
2091,2025-09-08T00:00:00Z,9836.663234426567
2092,2025-09-09T00:00:00Z,9836.663234426567
2093,2025-09-10T00:00:00Z,9836.663234426567
2094,2025-09-11T00:00:00Z,9836.663234426567
2095,2025-09-12T00:00:00Z,9836.663234426567
2096,2025-09-14T00:00:00Z,9836.663234426567
2097,2025-09-15T00:00:00Z,9836.663234426567
2098,2025-09-16T00:00:00Z,9836.663234426567
2099,2025-09-17T00:00:00Z,9836.663234426567
2100,2025-09-18T00:00:00Z,9836.663234426567
2101,2025-09-19T00:00:00Z,9836.663234426567
2102,2025-09-21T00:00:00Z,9836.663234426567
2103,2025-09-22T00:00:00Z,9836.663234426567
2104,2025-09-23T00:00:00Z,9836.663234426567
2105,2025-09-24T00:00:00Z,9836.663234426567
2106,2025-09-25T00:00:00Z,9836.663234426567
2107,2025-09-26T00:00:00Z,9836.663234426567
2108,2025-09-28T00:00:00Z,9836.663234426567
2109,2025-09-29T00:00:00Z,9836.663234426567
2110,2025-09-30T00:00:00Z,9836.663234426567
2111,2025-10-01T00:00:00Z,9836.663234426567
2112,2025-10-02T00:00:00Z,9836.663234426567
2113,2025-10-03T00:00:00Z,9836.663234426567
2114,2025-10-05T00:00:00Z,9836.663234426567
2115,2025-10-06T00:00:00Z,9836.663234426567
2116,2025-10-07T00:00:00Z,9836.663234426567
2117,2025-10-08T00:00:00Z,9836.663234426567
2118,2025-10-09T00:00:00Z,9836.663234426567
2119,2025-10-10T00:00:00Z,9836.663234426567
2120,2025-10-12T00:00:00Z,9836.663234426567
2121,2025-10-13T00:00:00Z,9836.663234426567
2122,2025-10-14T00:00:00Z,9836.663234426567
2123,2025-10-15T00:00:00Z,9836.663234426567
2124,2025-10-16T00:00:00Z,9836.663234426567
2125,2025-10-17T00:00:00Z,9836.663234426567
2126,2025-10-19T00:00:00Z,9836.663234426567
2127,2025-10-20T00:00:00Z,9836.663234426567
2128,2025-10-21T00:00:00Z,9836.663234426567
2129,2025-10-22T00:00:00Z,9836.663234426567
2130,2025-10-23T00:00:00Z,9836.663234426567
2131,2025-10-24T00:00:00Z,9836.663234426567
2132,2025-10-26T00:00:00Z,9836.663234426567
2133,2025-10-27T00:00:00Z,9836.663234426567
2134,2025-10-28T00:00:00Z,9836.663234426567
2135,2025-10-29T00:00:00Z,9836.663234426567
2136,2025-10-30T00:00:00Z,9836.663234426567
2137,2025-10-31T00:00:00Z,9836.663234426567
2138,2025-11-02T00:00:00Z,9836.663234426567
2139,2025-11-03T00:00:00Z,9836.663234426567
2140,2025-11-04T00:00:00Z,9836.663234426567
2141,2025-11-05T00:00:00Z,9836.663234426567
2142,2025-11-06T00:00:00Z,9836.663234426567
2143,2025-11-07T00:00:00Z,9836.663234426567
2144,2025-11-09T00:00:00Z,9836.663234426567
2145,2025-11-10T00:00:00Z,9836.663234426567
2146,2025-11-11T00:00:00Z,9836.663234426567
2147,2025-11-12T00:00:00Z,9836.663234426567
2148,2025-11-13T00:00:00Z,9836.663234426567
2149,2025-11-14T00:00:00Z,9836.663234426567
2150,2025-11-16T00:00:00Z,9836.663234426567
2151,2025-11-17T00:00:00Z,9836.663234426567
2152,2025-11-18T00:00:00Z,9836.663234426567
2153,2025-11-19T00:00:00Z,9836.663234426567
2154,2025-11-20T00:00:00Z,9836.663234426567
2155,2025-11-21T00:00:00Z,9836.663234426567
2156,2025-11-23T00:00:00Z,9836.663234426567
2157,2025-11-24T00:00:00Z,9836.663234426567
2158,2025-11-25T00:00:00Z,9836.663234426567
2159,2025-11-26T00:00:00Z,9836.663234426567
2160,2025-11-27T00:00:00Z,9836.663234426567
2161,2025-11-28T00:00:00Z,9836.663234426567
2162,2025-11-30T00:00:00Z,9836.663234426567
2163,2025-12-01T00:00:00Z,9836.663234426567
2164,2025-12-02T00:00:00Z,9836.663234426567
2165,2025-12-03T00:00:00Z,9836.663234426567
2166,2025-12-04T00:00:00Z,9836.663234426567
2167,2025-12-05T00:00:00Z,9836.663234426567
2168,2025-12-07T00:00:00Z,9836.663234426567
2169,2025-12-08T00:00:00Z,9836.663234426567
2170,2025-12-09T00:00:00Z,9836.663234426567
2171,2025-12-10T00:00:00Z,9836.663234426567
2172,2025-12-11T00:00:00Z,9836.663234426567
2173,2025-12-12T00:00:00Z,9836.663234426567
2174,2025-12-14T00:00:00Z,9836.663234426567
2175,2025-12-15T00:00:00Z,9836.663234426567
2176,2025-12-16T00:00:00Z,9836.663234426567
2177,2025-12-17T00:00:00Z,9836.663234426567
2178,2025-12-18T00:00:00Z,9836.663234426567
2179,2025-12-19T00:00:00Z,9836.663234426567
2180,2025-12-21T00:00:00Z,9836.663234426567
2181,2025-12-22T00:00:00Z,9836.663234426567
2182,2025-12-23T00:00:00Z,9836.663234426567
2183,2025-12-24T00:00:00Z,9836.663234426567
2184,2025-12-25T00:00:00Z,9836.663234426567
2185,2025-12-26T00:00:00Z,9836.663234426567
2186,2025-12-28T00:00:00Z,9836.663234426567
2187,2025-12-29T00:00:00Z,9836.663234426567
2188,2025-12-30T00:00:00Z,9836.663234426567
2189,2025-12-31T00:00:00Z,9836.663234426567
2190,2026-01-01T00:00:00Z,9836.663234426567
2191,2026-01-02T00:00:00Z,9836.663234426567
2192,2026-01-04T00:00:00Z,9836.663234426567
2193,2026-01-05T00:00:00Z,9836.663234426567
2194,2026-01-06T00:00:00Z,9836.663234426567
2195,2026-01-07T00:00:00Z,9836.663234426567
2196,2026-01-08T00:00:00Z,9836.663234426567
2197,2026-01-09T00:00:00Z,9836.663234426567
2198,2026-01-11T00:00:00Z,9836.663234426567
2199,2026-01-12T00:00:00Z,9836.663234426567
2200,2026-01-13T00:00:00Z,9836.663234426567
2201,2026-01-14T00:00:00Z,9836.663234426567
2202,2026-01-15T00:00:00Z,9836.663234426567
2203,2026-01-16T00:00:00Z,9836.663234426567
2204,2026-01-18T00:00:00Z,9836.663234426567
2205,2026-01-19T00:00:00Z,9836.663234426567
2206,2026-01-20T00:00:00Z,9836.663234426567
2207,2026-01-21T00:00:00Z,9836.663234426567
2208,2026-01-22T00:00:00Z,9836.663234426567
2209,2026-01-23T00:00:00Z,9836.663234426567
2210,2026-01-25T00:00:00Z,9836.663234426567
2211,2026-01-26T00:00:00Z,9836.663234426567
2212,2026-01-27T00:00:00Z,9836.663234426567
2213,2026-01-28T00:00:00Z,9836.663234426567
2214,2026-01-29T00:00:00Z,9836.663234426567
2215,2026-01-30T00:00:00Z,9836.663234426567
2216,2026-02-01T00:00:00Z,9836.663234426567
2217,2026-02-02T00:00:00Z,9836.663234426567
2218,2026-02-03T00:00:00Z,9836.663234426567
2219,2026-02-04T00:00:00Z,9836.663234426567
2220,2026-02-05T00:00:00Z,9836.663234426567
2221,2026-02-06T00:00:00Z,9836.663234426567
2222,2026-02-08T00:00:00Z,9836.663234426567
2223,2026-02-09T00:00:00Z,9836.663234426567
2224,2026-02-10T00:00:00Z,9836.663234426567
2225,2026-02-11T00:00:00Z,9836.663234426567
2226,2026-02-12T00:00:00Z,9836.663234426567
2227,2026-02-13T00:00:00Z,9836.663234426567
2228,2026-02-15T00:00:00Z,9836.663234426567
2229,2026-02-16T00:00:00Z,9836.663234426567
2230,2026-02-17T00:00:00Z,9836.663234426567
2231,2026-02-18T00:00:00Z,9836.663234426567
2232,2026-02-19T00:00:00Z,9836.663234426567
2233,2026-02-20T00:00:00Z,9836.663234426567
2234,2026-02-22T00:00:00Z,9836.663234426567
2235,2026-02-23T00:00:00Z,9836.663234426567
2236,2026-02-24T00:00:00Z,9836.663234426567
2237,2026-02-25T00:00:00Z,9836.663234426567
2238,2026-02-26T00:00:00Z,9836.663234426567
2239,2026-02-27T00:00:00Z,9836.663234426567
2240,2026-03-01T00:00:00Z,9836.663234426567
2241,2026-03-02T00:00:00Z,9836.663234426567
2242,2026-03-03T00:00:00Z,9836.663234426567
2243,2026-03-04T00:00:00Z,9836.663234426567
2244,2026-03-05T00:00:00Z,9836.663234426567
2245,2026-03-06T00:00:00Z,9836.663234426567
2246,2026-03-08T00:00:00Z,9836.663234426567
2247,2026-03-09T00:00:00Z,9836.663234426567
2248,2026-03-10T00:00:00Z,9836.663234426567
2249,2026-03-11T00:00:00Z,9836.663234426567
2250,2026-03-12T00:00:00Z,9836.663234426567
2251,2026-03-13T00:00:00Z,9836.663234426567
2252,2026-03-15T00:00:00Z,9836.663234426567
2253,2026-03-16T00:00:00Z,9836.663234426567
2254,2026-03-17T00:00:00Z,9836.663234426567
2255,2026-03-18T00:00:00Z,9836.663234426567
2256,2026-03-19T00:00:00Z,9836.663234426567
2257,2026-03-20T00:00:00Z,9836.663234426567
2258,2026-03-22T00:00:00Z,9836.663234426567
2259,2026-03-23T00:00:00Z,9836.663234426567
2260,2026-03-24T00:00:00Z,9836.663234426567
2261,2026-03-25T00:00:00Z,9836.663234426567
2262,2026-03-26T00:00:00Z,9836.663234426567
2263,2026-03-27T00:00:00Z,9836.663234426567
2264,2026-03-29T00:00:00Z,9836.663234426567
2265,2026-03-30T00:00:00Z,9836.663234426567
2266,2026-03-31T00:00:00Z,9836.663234426567
2267,2026-04-01T00:00:00Z,9836.663234426567
2268,2026-04-02T00:00:00Z,9836.663234426567
2269,2026-04-03T00:00:00Z,9836.663234426567
2270,2026-04-05T00:00:00Z,9836.663234426567
2271,2026-04-06T00:00:00Z,9836.663234426567
2272,2026-04-07T00:00:00Z,9836.663234426567
2273,2026-04-08T00:00:00Z,9836.663234426567
2274,2026-04-09T00:00:00Z,9836.663234426567
2275,2026-04-10T00:00:00Z,9836.663234426567
2276,2026-04-12T00:00:00Z,9836.663234426567
2277,2026-04-13T00:00:00Z,9836.663234426567
2278,2026-04-14T00:00:00Z,9836.663234426567
2279,2026-04-15T00:00:00Z,9836.663234426567
2280,2026-04-16T00:00:00Z,9836.663234426567
2281,2026-04-17T00:00:00Z,9836.663234426567
2282,2026-04-19T00:00:00Z,9836.663234426567
2283,2026-04-20T00:00:00Z,9836.663234426567
2284,2026-04-21T00:00:00Z,9836.663234426567
2285,2026-04-22T00:00:00Z,9836.663234426567
2286,2026-04-23T00:00:00Z,9836.663234426567
2287,2026-04-24T00:00:00Z,9836.663234426567
2288,2026-04-26T00:00:00Z,9836.663234426567
2289,2026-04-27T00:00:00Z,9836.663234426567
2290,2026-04-28T00:00:00Z,9836.663234426567
2291,2026-04-29T00:00:00Z,9836.663234426567
2292,2026-04-30T00:00:00Z,9836.663234426567
2293,2026-05-01T00:00:00Z,9836.663234426567
2294,2026-05-03T00:00:00Z,9836.663234426567
2295,2026-05-04T00:00:00Z,9836.663234426567
2296,2026-05-05T00:00:00Z,9836.663234426567
2297,2026-05-06T00:00:00Z,9836.663234426567
2298,2026-05-07T00:00:00Z,9836.663234426567
2299,2026-05-08T00:00:00Z,9836.663234426567
2300,2026-05-10T00:00:00Z,9836.663234426567
2301,2026-05-11T00:00:00Z,9836.663234426567
2302,2026-05-12T00:00:00Z,9836.663234426567
2303,2026-05-13T00:00:00Z,9836.663234426567
2304,2026-05-14T00:00:00Z,9836.663234426567
2305,2026-05-15T00:00:00Z,9836.663234426567
2306,2026-05-17T00:00:00Z,9836.663234426567
2307,2026-05-18T00:00:00Z,9836.663234426567
2308,2026-05-19T00:00:00Z,9836.663234426567
2309,2026-05-20T00:00:00Z,9836.663234426567
2310,2026-05-21T00:00:00Z,9836.663234426567
2311,2026-05-22T00:00:00Z,9836.663234426567
2312,2026-05-24T00:00:00Z,9836.663234426567
2313,2026-05-25T00:00:00Z,9836.663234426567
2314,2026-05-26T00:00:00Z,9836.663234426567
2315,2026-05-27T00:00:00Z,9836.663234426567
2316,2026-05-28T00:00:00Z,9836.663234426567
2317,2026-05-29T00:00:00Z,9836.663234426567
2318,2026-05-31T00:00:00Z,9836.663234426567
2319,2026-06-01T00:00:00Z,9836.663234426567
2320,2026-06-02T00:00:00Z,9836.663234426567
2321,2026-06-03T00:00:00Z,9836.663234426567
2322,2026-06-04T00:00:00Z,9836.663234426567
2323,2026-06-05T00:00:00Z,9836.663234426567
2324,2026-06-07T00:00:00Z,9836.663234426567
2325,2026-06-08T00:00:00Z,9836.663234426567
2326,2026-06-09T00:00:00Z,9836.663234426567
2327,2026-06-10T00:00:00Z,9836.663234426567
2328,2026-06-11T00:00:00Z,9836.663234426567
2329,2026-06-12T00:00:00Z,9836.663234426567
2330,2026-06-14T00:00:00Z,9836.663234426567
2331,2026-06-15T00:00:00Z,9836.663234426567
2332,2026-06-16T00:00:00Z,9836.663234426567
2333,2026-06-17T00:00:00Z,9836.663234426567
2334,2026-06-18T00:00:00Z,9836.663234426567
2335,2026-06-19T00:00:00Z,9836.663234426567
2336,2026-06-21T00:00:00Z,9836.663234426567
2337,2026-06-22T00:00:00Z,9836.663234426567
2338,2026-06-23T00:00:00Z,9836.663234426567
2339,2026-06-24T00:00:00Z,9836.663234426567
2340,2026-06-25T00:00:00Z,9836.663234426567
2341,2026-06-26T00:00:00Z,9836.663234426567
2342,2026-06-28T00:00:00Z,9836.663234426567
2343,2026-06-29T00:00:00Z,9836.663234426567
2344,2026-06-30T00:00:00Z,9836.663234426567
2345,2026-07-01T00:00:00Z,9836.663234426567
2346,2026-07-02T00:00:00Z,9836.663234426567
2347,2026-07-03T00:00:00Z,9836.663234426567
2348,2026-07-05T00:00:00Z,9836.663234426567
2349,2026-07-06T00:00:00Z,9836.663234426567
2350,2026-07-07T00:00:00Z,9836.663234426567
2351,2026-07-08T00:00:00Z,9836.663234426567
2352,2026-07-09T00:00:00Z,9836.663234426567
2353,2026-07-10T00:00:00Z,9836.663234426567
2354,2026-07-12T00:00:00Z,9836.663234426567
2355,2026-07-13T00:00:00Z,9836.663234426567
2356,2026-07-14T00:00:00Z,9836.663234426567
2357,2026-07-15T00:00:00Z,9836.663234426567
2358,2026-07-16T00:00:00Z,9836.663234426567
2359,2026-07-17T00:00:00Z,9836.663234426567
2360,2026-07-19T00:00:00Z,9836.663234426567
2361,2026-07-20T00:00:00Z,9836.663234426567
2362,2026-07-21T00:00:00Z,9836.663234426567
2363,2026-07-22T00:00:00Z,9836.663234426567
2364,2026-07-23T00:00:00Z,9836.663234426567
2365,2026-07-24T00:00:00Z,9836.663234426567
2366,2026-07-26T00:00:00Z,9836.663234426567
2367,2026-07-27T00:00:00Z,9836.663234426567
2368,2026-07-28T00:00:00Z,9836.663234426567
2369,2026-07-29T00:00:00Z,9836.663234426567
2370,2026-07-30T00:00:00Z,9836.663234426567
2371,2026-07-31T00:00:00Z,9836.663234426567
2372,2026-08-02T00:00:00Z,9836.663234426567
2373,2026-08-03T00:00:00Z,9836.663234426567
2374,2026-08-04T00:00:00Z,9836.663234426567
2375,2026-08-05T00:00:00Z,9836.663234426567
2376,2026-08-06T00:00:00Z,9836.663234426567
2377,2026-08-07T00:00:00Z,9836.663234426567
2378,2026-08-09T00:00:00Z,9836.663234426567
2379,2026-08-10T00:00:00Z,9836.663234426567
2380,2026-08-11T00:00:00Z,9836.663234426567
2381,2026-08-12T00:00:00Z,9836.663234426567
2382,2026-08-13T00:00:00Z,9836.663234426567
2383,2026-08-14T00:00:00Z,9836.663234426567
2384,2026-08-16T00:00:00Z,9836.663234426567
2385,2026-08-17T00:00:00Z,9836.663234426567
2386,2026-08-18T00:00:00Z,9836.663234426567
2387,2026-08-19T00:00:00Z,9836.663234426567
2388,2026-08-20T00:00:00Z,9836.663234426567
2389,2026-08-21T00:00:00Z,9836.663234426567
2390,2026-08-23T00:00:00Z,9836.663234426567
2391,2026-08-24T00:00:00Z,9836.663234426567
2392,2026-08-25T00:00:00Z,9836.663234426567
2393,2026-08-26T00:00:00Z,9836.663234426567
2394,2026-08-27T00:00:00Z,9836.663234426567
2395,2026-08-28T00:00:00Z,9836.663234426567
