bar_index,timestamp_utc,equity
0,2018-12-12T00:00:00Z,10000.0
1,2018-12-13T00:00:00Z,10000.0
2,2018-12-14T00:00:00Z,10000.0
3,2018-12-17T00:00:00Z,10000.0
4,2018-12-18T00:00:00Z,10000.0
5,2018-12-19T00:00:00Z,10000.0
6,2018-12-20T00:00:00Z,10000.0
7,2018-12-21T00:00:00Z,10000.0
8,2018-12-24T00:00:00Z,10000.0
9,2018-12-26T00:00:00Z,10000.0
10,2018-12-27T00:00:00Z,10000.0
11,2018-12-28T00:00:00Z,10000.0
12,2018-12-31T00:00:00Z,10000.0
13,2019-01-01T00:00:00Z,10000.0
14,2019-01-02T00:00:00Z,10000.17308328865
15,2019-01-03T00:00:00Z,9997.845994697647
16,2019-01-04T00:00:00Z,9997.845994697647
17,2019-01-06T00:00:00Z,9997.845994697647
18,2019-01-07T00:00:00Z,9997.845994697647
19,2019-01-08T00:00:00Z,9997.845994697647
20,2019-01-09T00:00:00Z,9997.845994697647
21,2019-01-10T00:00:00Z,9991.38913643008
22,2019-01-11T00:00:00Z,9988.559191356493
23,2019-01-14T00:00:00Z,10022.379033482703
24,2019-01-15T00:00:00Z,10019.43925395385
25,2019-01-16T00:00:00Z,10019.43925395385
26,2019-01-17T00:00:00Z,10015.093305485228
27,2019-01-18T00:00:00Z,10011.135073110463
28,2019-01-20T00:00:00Z,10011.135073110463
29,2019-01-21T00:00:00Z,10011.135073110463
30,2019-01-22T00:00:00Z,10011.135073110463
31,2019-01-23T00:00:00Z,10011.135073110463
32,2019-01-24T00:00:00Z,10032.75055225641
33,2019-01-25T00:00:00Z,10028.456300201558
34,2019-01-27T00:00:00Z,10011.63575324064
35,2019-01-28T00:00:00Z,10008.02556312623
36,2019-01-29T00:00:00Z,10061.416899348176
37,2019-01-30T00:00:00Z,10056.65730500695
38,2019-01-31T00:00:00Z,10025.27588112932
39,2019-02-01T00:00:00Z,10020.512037062696
40,2019-02-03T00:00:00Z,10012.083306639013
41,2019-02-04T00:00:00Z,10008.345938552675
42,2019-02-05T00:00:00Z,10008.345938552675
43,2019-02-06T00:00:00Z,10008.345938552675
44,2019-02-07T00:00:00Z,10008.345938552675
45,2019-02-08T00:00:00Z,10008.345938552675
46,2019-02-10T00:00:00Z,10008.345938552675
47,2019-02-11T00:00:00Z,10000.191038658091
48,2019-02-12T00:00:00Z,9996.482045086932
49,2019-02-13T00:00:00Z,10013.0750948934
50,2019-02-14T00:00:00Z,10008.7343045458
51,2019-02-15T00:00:00Z,10008.7343045458
52,2019-02-17T00:00:00Z,10008.7343045458
53,2019-02-18T00:00:00Z,10008.7343045458
54,2019-02-19T00:00:00Z,10008.7343045458
55,2019-02-20T00:00:00Z,10008.7343045458
56,2019-02-21T00:00:00Z,10008.7343045458
57,2019-02-22T00:00:00Z,10008.7343045458
58,2019-02-24T00:00:00Z,10008.7343045458
59,2019-02-25T00:00:00Z,10008.7343045458
60,2019-02-26T00:00:00Z,10008.7343045458
61,2019-02-27T00:00:00Z,10055.030123258197
62,2019-02-28T00:00:00Z,10049.023498124176
63,2019-03-01T00:00:00Z,10049.023498124176
64,2019-03-03T00:00:00Z,10051.204073731318
65,2019-03-04T00:00:00Z,10045.434186322336
66,2019-03-05T00:00:00Z,10024.14580564827
67,2019-03-06T00:00:00Z,10017.859255737738
68,2019-03-07T00:00:00Z,10030.471618484036
69,2019-03-08T00:00:00Z,10024.481863773914
70,2019-03-10T00:00:00Z,10024.80508698925
71,2019-03-11T00:00:00Z,10018.86802093097
72,2019-03-12T00:00:00Z,10025.019932236128
73,2019-03-13T00:00:00Z,10018.803440451002
74,2019-03-14T00:00:00Z,10018.803440451002
75,2019-03-15T00:00:00Z,10018.803440451002
76,2019-03-17T00:00:00Z,10018.803440451002
77,2019-03-18T00:00:00Z,10071.187183695169
78,2019-03-19T00:00:00Z,10063.243557775426
79,2019-03-20T00:00:00Z,10116.279947568455
80,2019-03-21T00:00:00Z,10109.945269592354
81,2019-03-22T00:00:00Z,10004.92645778353
82,2019-03-24T00:00:00Z,9984.311196637269
83,2019-03-25T00:00:00Z,9977.318680170878
84,2019-03-26T00:00:00Z,10016.81943292845
85,2019-03-27T00:00:00Z,10009.089219534046
86,2019-03-28T00:00:00Z,10012.5577071013
87,2019-03-29T00:00:00Z,10006.716576956089
88,2019-03-31T00:00:00Z,10006.994074684237
89,2019-04-01T00:00:00Z,10000.031740144505
90,2019-04-02T00:00:00Z,10038.144296284529
91,2019-04-03T00:00:00Z,10030.87595457961
92,2019-04-04T00:00:00Z,9998.326538768864
93,2019-04-05T00:00:00Z,9992.518117965996
94,2019-04-07T00:00:00Z,9992.518117965996
95,2019-04-08T00:00:00Z,10049.825693089619
96,2019-04-09T00:00:00Z,10043.494722327321
97,2019-04-10T00:00:00Z,10046.490529894694
98,2019-04-11T00:00:00Z,10040.24922012497
99,2019-04-12T00:00:00Z,10034.433979018233
100,2019-04-14T00:00:00Z,10027.339059195589
101,2019-04-15T00:00:00Z,10008.702261436982
102,2019-04-16T00:00:00Z,10000.105372993461
103,2019-04-17T00:00:00Z,10000.105372993461
104,2019-04-18T00:00:00Z,10014.227722966702
105,2019-04-21T00:00:00Z,10022.278489033331
106,2019-04-22T00:00:00Z,10111.812926584396
107,2019-04-23T00:00:00Z,10104.69933633775
108,2019-04-24T00:00:00Z,10076.36637119965
109,2019-04-25T00:00:00Z,10065.495310363463
110,2019-04-26T00:00:00Z,10065.495310363463
111,2019-04-28T00:00:00Z,10054.37652545273
112,2019-04-29T00:00:00Z,10048.05034110462
113,2019-04-30T00:00:00Z,10040.218859941206
114,2019-05-01T00:00:00Z,10032.394441374101
115,2019-05-02T00:00:00Z,9928.35040101079
116,2019-05-03T00:00:00Z,9928.35040101079
117,2019-05-05T00:00:00Z,9905.594254271318
118,2019-05-06T00:00:00Z,9899.490460833256
119,2019-05-07T00:00:00Z,9860.89264845928
120,2019-05-08T00:00:00Z,9856.467515393331
121,2019-05-09T00:00:00Z,9856.467515393331
122,2019-05-10T00:00:00Z,9856.467515393331
123,2019-05-12T00:00:00Z,9856.467515393331
124,2019-05-13T00:00:00Z,9856.467515393331
125,2019-05-14T00:00:00Z,9856.467515393331
126,2019-05-15T00:00:00Z,9856.467515393331
127,2019-05-16T00:00:00Z,9856.467515393331
128,2019-05-17T00:00:00Z,9869.656466605804
129,2019-05-19T00:00:00Z,9829.901650368172
130,2019-05-20T00:00:00Z,9831.676038373242
131,2019-05-21T00:00:00Z,9827.207320150846
132,2019-05-22T00:00:00Z,9886.292914589652
133,2019-05-23T00:00:00Z,9881.01804859095
134,2019-05-24T00:00:00Z,9841.47784416847
135,2019-05-26T00:00:00Z,9838.542256486604
136,2019-05-27T00:00:00Z,9815.990364808906
137,2019-05-28T00:00:00Z,9810.990372797913
138,2019-05-29T00:00:00Z,9800.969594429065
139,2019-05-30T00:00:00Z,9797.381041948276
140,2019-05-31T00:00:00Z,9797.381041948276
141,2019-06-02T00:00:00Z,9811.212238374057
142,2019-06-03T00:00:00Z,9808.147708735258
143,2019-06-04T00:00:00Z,9808.147708735258
144,2019-06-05T00:00:00Z,9808.147708735258
145,2019-06-06T00:00:00Z,9748.959443069369
146,2019-06-07T00:00:00Z,9747.148598112211
147,2019-06-09T00:00:00Z,9745.18696592169
148,2019-06-10T00:00:00Z,9742.748927041452
149,2019-06-11T00:00:00Z,9757.378238570209
150,2019-06-12T00:00:00Z,9756.869087799245
151,2019-06-13T00:00:00Z,9724.899172054482
152,2019-06-14T00:00:00Z,9721.43519100219
153,2019-06-16T00:00:00Z,9721.43519100219
154,2019-06-17T00:00:00Z,9749.732512451188
155,2019-06-18T00:00:00Z,9745.495283869432
156,2019-06-19T00:00:00Z,9733.021119924113
157,2019-06-20T00:00:00Z,9728.934895447133
158,2019-06-21T00:00:00Z,9720.877049960865
159,2019-06-23T00:00:00Z,9707.147631146778
160,2019-06-24T00:00:00Z,9703.722295128855
161,2019-06-25T00:00:00Z,9698.61612695096
162,2019-06-26T00:00:00Z,9687.088796687764
163,2019-06-27T00:00:00Z,9684.916105518843
164,2019-06-28T00:00:00Z,9729.056993823231
165,2019-06-30T00:00:00Z,9660.750790514277
166,2019-07-01T00:00:00Z,9660.750790514277
167,2019-07-02T00:00:00Z,9660.750790514277
168,2019-07-03T00:00:00Z,9660.750790514277
169,2019-07-04T00:00:00Z,9679.061856096358
170,2019-07-05T00:00:00Z,9676.487091695144
171,2019-07-07T00:00:00Z,9673.11315522904
172,2019-07-08T00:00:00Z,9669.54328604075
173,2019-07-09T00:00:00Z,9609.690130009109
174,2019-07-10T00:00:00Z,9605.931255762658
175,2019-07-11T00:00:00Z,9602.797779660234
176,2019-07-12T00:00:00Z,9599.250172619932
177,2019-07-14T00:00:00Z,9599.250172619932
178,2019-07-15T00:00:00Z,9625.364708831105
179,2019-07-16T00:00:00Z,9620.085414860287
180,2019-07-17T00:00:00Z,9661.675743901775
181,2019-07-18T00:00:00Z,9658.61557165187
182,2019-07-19T00:00:00Z,9656.402419873903
183,2019-07-21T00:00:00Z,9671.241298406972
184,2019-07-22T00:00:00Z,9671.241298406972
185,2019-07-23T00:00:00Z,9671.241298406972
186,2019-07-24T00:00:00Z,9619.938112565813
187,2019-07-25T00:00:00Z,9615.123415614005
188,2019-07-26T00:00:00Z,9606.344384756136
189,2019-07-28T00:00:00Z,9607.22161711395
190,2019-07-29T00:00:00Z,9653.692977247596
191,2019-07-30T00:00:00Z,9648.65822318928
192,2019-07-31T00:00:00Z,9618.455734756853
193,2019-08-01T00:00:00Z,9614.63350579196
194,2019-08-02T00:00:00Z,9614.63350579196
195,2019-08-04T00:00:00Z,9611.882306733429
196,2019-08-05T00:00:00Z,9607.513675653543
197,2019-08-06T00:00:00Z,9607.513675653543
198,2019-08-07T00:00:00Z,9509.299117288427
199,2019-08-08T00:00:00Z,9526.225349589333
200,2019-08-09T00:00:00Z,9521.992836552474
201,2019-08-11T00:00:00Z,9515.332171780246
202,2019-08-12T00:00:00Z,9512.074463330247
203,2019-08-13T00:00:00Z,9512.074463330247
204,2019-08-14T00:00:00Z,9571.120698774695
205,2019-08-15T00:00:00Z,9567.494614402114
206,2019-08-16T00:00:00Z,9567.494614402114
207,2019-08-18T00:00:00Z,9567.494614402114
208,2019-08-19T00:00:00Z,9567.494614402114
209,2019-08-20T00:00:00Z,9567.494614402114
210,2019-08-21T00:00:00Z,9567.494614402114
211,2019-08-22T00:00:00Z,9580.586211869319
212,2019-08-23T00:00:00Z,9577.749050623825
213,2019-08-25T00:00:00Z,9573.725589991513
214,2019-08-26T00:00:00Z,9569.313130235456
215,2019-08-27T00:00:00Z,9637.761581844228
216,2019-08-28T00:00:00Z,9633.485946940682
217,2019-08-29T00:00:00Z,9656.156575803034
218,2019-08-30T00:00:00Z,9652.82494487989
219,2019-09-01T00:00:00Z,9652.82494487989
220,2019-09-02T00:00:00Z,9652.82494487989
221,2019-09-03T00:00:00Z,9611.539808805217
222,2019-09-04T00:00:00Z,9607.721406216298
223,2019-09-05T00:00:00Z,9607.721406216298
224,2019-09-06T00:00:00Z,9607.721406216298
225,2019-09-08T00:00:00Z,9609.1870836575
226,2019-09-09T00:00:00Z,9605.87343733051
227,2019-09-10T00:00:00Z,9605.87343733051
228,2019-09-11T00:00:00Z,9605.87343733051
229,2019-09-12T00:00:00Z,9605.87343733051
230,2019-09-13T00:00:00Z,9605.87343733051
231,2019-09-16T00:00:00Z,9699.208963813653
232,2019-09-17T00:00:00Z,9697.43431191742
233,2019-09-18T00:00:00Z,9697.43431191742
234,2019-09-19T00:00:00Z,9716.101431386896
235,2019-09-20T00:00:00Z,9713.074339191202
236,2019-09-22T00:00:00Z,9713.074339191202
237,2019-09-23T00:00:00Z,9713.074339191202
238,2019-09-24T00:00:00Z,9713.074339191202
239,2019-09-25T00:00:00Z,9713.074339191202
240,2019-09-26T00:00:00Z,9713.074339191202
241,2019-09-27T00:00:00Z,9713.074339191202
242,2019-09-29T00:00:00Z,9713.074339191202
243,2019-09-30T00:00:00Z,9713.074339191202
244,2019-10-01T00:00:00Z,9713.074339191202
245,2019-10-02T00:00:00Z,9713.074339191202
246,2019-10-03T00:00:00Z,9713.074339191202
247,2019-10-04T00:00:00Z,9713.074339191202
248,2019-10-06T00:00:00Z,9713.074339191202
249,2019-10-07T00:00:00Z,9713.074339191202
250,2019-10-08T00:00:00Z,9713.074339191202
251,2019-10-09T00:00:00Z,9713.074339191202
252,2019-10-10T00:00:00Z,9713.074339191202
253,2019-10-11T00:00:00Z,9713.074339191202
254,2019-10-13T00:00:00Z,9705.803214480256
255,2019-10-14T00:00:00Z,9701.399019539658
256,2019-10-15T00:00:00Z,9721.138404470734
257,2019-10-16T00:00:00Z,9717.471667169846
258,2019-10-17T00:00:00Z,9762.440675699578
259,2019-10-18T00:00:00Z,9758.71228814078
260,2019-10-20T00:00:00Z,9758.71228814078
261,2019-10-21T00:00:00Z,9758.71228814078
262,2019-10-22T00:00:00Z,9758.71228814078
263,2019-10-23T00:00:00Z,9681.525719666872
264,2019-10-24T00:00:00Z,9677.795830665664
265,2019-10-25T00:00:00Z,9649.58011688817
266,2019-10-27T00:00:00Z,9645.708978373485
267,2019-10-28T00:00:00Z,9686.631806686344
268,2019-10-29T00:00:00Z,9680.85233143615
269,2019-10-30T00:00:00Z,9706.374531926655
270,2019-10-31T00:00:00Z,9700.522676951281
271,2019-11-01T00:00:00Z,9798.950850678151
272,2019-11-03T00:00:00Z,9802.018701015257
273,2019-11-04T00:00:00Z,9777.065369546519
274,2019-11-05T00:00:00Z,9772.386394794657
275,2019-11-06T00:00:00Z,9804.760782331463
276,2019-11-07T00:00:00Z,9800.433888024272
277,2019-11-08T00:00:00Z,9800.433888024272
278,2019-11-10T00:00:00Z,9800.433888024272
279,2019-11-11T00:00:00Z,9820.910769451197
280,2019-11-12T00:00:00Z,9815.27251193555
281,2019-11-13T00:00:00Z,9772.621199057643
282,2019-11-14T00:00:00Z,9768.101685956204
283,2019-11-15T00:00:00Z,9718.786105500814
284,2019-11-17T00:00:00Z,9720.19788630332
285,2019-11-18T00:00:00Z,9720.19788630332
286,2019-11-19T00:00:00Z,9808.076983608718
287,2019-11-20T00:00:00Z,9801.988749214172
288,2019-11-21T00:00:00Z,9863.505007071713
289,2019-11-22T00:00:00Z,9859.024104683413
290,2019-11-24T00:00:00Z,9861.804142067942
291,2019-11-25T00:00:00Z,9857.41272705825
292,2019-11-26T00:00:00Z,9869.669888374605
293,2019-11-27T00:00:00Z,9863.633653632465
294,2019-11-28T00:00:00Z,9864.054125950655
295,2019-11-29T00:00:00Z,9859.238287110742
296,2019-12-01T00:00:00Z,9859.238287110742
297,2019-12-02T00:00:00Z,9865.450611197783
298,2019-12-03T00:00:00Z,9859.866187632642
299,2019-12-04T00:00:00Z,9953.08603717723
300,2019-12-05T00:00:00Z,9948.543960315177
301,2019-12-06T00:00:00Z,9982.8800354623
302,2019-12-08T00:00:00Z,9973.213227238562
303,2019-12-09T00:00:00Z,9961.608498789075
304,2019-12-10T00:00:00Z,9956.289684035455
305,2019-12-11T00:00:00Z,9956.289684035455
306,2019-12-12T00:00:00Z,9956.289684035455
307,2019-12-13T00:00:00Z,9956.289684035455
308,2019-12-16T00:00:00Z,9956.289684035455
309,2019-12-17T00:00:00Z,9956.289684035455
310,2019-12-18T00:00:00Z,9956.289684035455
311,2019-12-19T00:00:00Z,9965.253548586003
312,2019-12-20T00:00:00Z,9959.623987112027
313,2019-12-22T00:00:00Z,9959.623987112027
314,2019-12-23T00:00:00Z,9940.721128527033
315,2019-12-24T00:00:00Z,9933.896885073604
316,2019-12-25T00:00:00Z,9938.272303010704
317,2019-12-26T00:00:00Z,9930.28928489423
318,2019-12-27T00:00:00Z,9930.28928489423
319,2019-12-29T00:00:00Z,9927.077228015509
320,2019-12-30T00:00:00Z,9917.011334297804
321,2019-12-31T00:00:00Z,9865.874373335548
322,2020-01-01T00:00:00Z,9880.817084952392
323,2020-01-02T00:00:00Z,9852.895270791218
324,2020-01-03T00:00:00Z,9843.807423556349
325,2020-01-05T00:00:00Z,9824.079766222658
326,2020-01-06T00:00:00Z,9814.593119247107
327,2020-01-07T00:00:00Z,9944.984819407067
328,2020-01-08T00:00:00Z,9936.275775280876
329,2020-01-09T00:00:00Z,9936.275775280876
330,2020-01-10T00:00:00Z,9936.275775280876
331,2020-01-12T00:00:00Z,9936.275775280876
332,2020-01-13T00:00:00Z,9936.275775280876
333,2020-01-14T00:00:00Z,9936.275775280876
334,2020-01-15T00:00:00Z,9936.275775280876
335,2020-01-16T00:00:00Z,9936.275775280876
336,2020-01-17T00:00:00Z,9936.275775280876
337,2020-01-19T00:00:00Z,9936.275775280876
338,2020-01-20T00:00:00Z,9936.275775280876
339,2020-01-21T00:00:00Z,9948.828474873406
340,2020-01-22T00:00:00Z,9945.047920666428
341,2020-01-23T00:00:00Z,9959.560990994807
342,2020-01-24T00:00:00Z,9956.001989615788
343,2020-01-26T00:00:00Z,9975.793242144357
344,2020-01-27T00:00:00Z,9970.006658691496
345,2020-01-28T00:00:00Z,10007.924381916037
346,2020-01-29T00:00:00Z,10002.32895698026
347,2020-01-30T00:00:00Z,9985.647455109263
348,2020-01-31T00:00:00Z,9980.451815557133
349,2020-02-02T00:00:00Z,9970.456771487306
350,2020-02-03T00:00:00Z,9965.882058811958
351,2020-02-04T00:00:00Z,9948.272278314505
352,2020-02-05T00:00:00Z,9944.86304789508
353,2020-02-06T00:00:00Z,9949.695574530933
354,2020-02-07T00:00:00Z,9946.600481472415
355,2020-02-09T00:00:00Z,9946.600481472415
356,2020-02-10T00:00:00Z,9946.600481472415
357,2020-02-11T00:00:00Z,9955.96459505885
358,2020-02-12T00:00:00Z,9952.705513758194
359,2020-02-13T00:00:00Z,9952.705513758194
360,2020-02-14T00:00:00Z,9952.705513758194
361,2020-02-16T00:00:00Z,9952.705513758194
362,2020-02-17T00:00:00Z,9954.828827048463
363,2020-02-18T00:00:00Z,9950.11426108033
364,2020-02-19T00:00:00Z,9879.550740617779
365,2020-02-20T00:00:00Z,9875.393083275923
366,2020-02-21T00:00:00Z,9872.495509884597
367,2020-02-23T00:00:00Z,9921.701873625268
368,2020-02-24T00:00:00Z,9951.51025176599
369,2020-02-25T00:00:00Z,9946.861557611515
370,2020-02-26T00:00:00Z,9946.861557611515
371,2020-02-27T00:00:00Z,9845.137750719638
372,2020-02-28T00:00:00Z,9744.705408026624
373,2020-03-01T00:00:00Z,9751.95001549679
374,2020-03-02T00:00:00Z,9749.439633075403
375,2020-03-03T00:00:00Z,9749.439633075403
376,2020-03-04T00:00:00Z,9749.439633075403
377,2020-03-05T00:00:00Z,9749.439633075403
378,2020-03-06T00:00:00Z,9749.439633075403
379,2020-03-08T00:00:00Z,9749.439633075403
380,2020-03-09T00:00:00Z,9750.213948275685
381,2020-03-10T00:00:00Z,9747.67873212143
382,2020-03-11T00:00:00Z,9762.85379194246
383,2020-03-12T00:00:00Z,9761.412127905864
384,2020-03-13T00:00:00Z,9726.692781100182
385,2020-03-15T00:00:00Z,9737.117757073587
386,2020-03-16T00:00:00Z,9737.117757073587
387,2020-03-17T00:00:00Z,9737.117757073587
388,2020-03-18T00:00:00Z,9737.117757073587
389,2020-03-19T00:00:00Z,9699.772220328818
390,2020-03-20T00:00:00Z,9699.184861830401
391,2020-03-22T00:00:00Z,9708.439449970156
392,2020-03-23T00:00:00Z,9707.634020544478
393,2020-03-24T00:00:00Z,9709.656342225668
394,2020-03-25T00:00:00Z,9709.037595265461
395,2020-03-26T00:00:00Z,9709.037595265461
396,2020-03-27T00:00:00Z,9729.903326589982
397,2020-03-29T00:00:00Z,9755.114403357553
398,2020-03-30T00:00:00Z,9750.654729702706
399,2020-03-31T00:00:00Z,9750.368781673955
400,2020-04-01T00:00:00Z,9730.653214473523
401,2020-04-02T00:00:00Z,9729.944142879798
402,2020-04-03T00:00:00Z,9729.944142879798
403,2020-04-05T00:00:00Z,9729.944142879798
404,2020-04-06T00:00:00Z,9715.732798871197
405,2020-04-07T00:00:00Z,9714.468729913646
406,2020-04-08T00:00:00Z,9672.9804031658
407,2020-04-09T00:00:00Z,9670.977494415101
408,2020-04-12T00:00:00Z,9679.693526431149
409,2020-04-13T00:00:00Z,9678.464961074771
410,2020-04-14T00:00:00Z,9719.351318562873
411,2020-04-15T00:00:00Z,9718.183099211243
412,2020-04-16T00:00:00Z,9718.183099211243
413,2020-04-17T00:00:00Z,9680.165066414515
414,2020-04-19T00:00:00Z,9816.699850357487
415,2020-04-20T00:00:00Z,9873.83033800595
416,2020-04-21T00:00:00Z,9872.211105715593
417,2020-04-22T00:00:00Z,9863.853994856252
418,2020-04-23T00:00:00Z,9863.345533417847
419,2020-04-24T00:00:00Z,9865.609068293621
420,2020-04-26T00:00:00Z,9870.381695127646
421,2020-04-27T00:00:00Z,9870.381695127646
422,2020-04-28T00:00:00Z,9870.381695127646
423,2020-04-29T00:00:00Z,9828.612916796723
424,2020-04-30T00:00:00Z,9828.476373625746
425,2020-05-01T00:00:00Z,9828.476373625746
426,2020-05-03T00:00:00Z,9828.476373625746
427,2020-05-04T00:00:00Z,9828.476373625746
428,2020-05-05T00:00:00Z,9766.16718359945
429,2020-05-06T00:00:00Z,9765.831651963477
430,2020-05-07T00:00:00Z,9766.711018125432
431,2020-05-08T00:00:00Z,9766.258180562954
432,2020-05-10T00:00:00Z,9766.258180562954
433,2020-05-11T00:00:00Z,9766.219305703857
434,2020-05-12T00:00:00Z,9764.832825681498
435,2020-05-13T00:00:00Z,9764.832825681498
436,2020-05-14T00:00:00Z,9716.544852742449
437,2020-05-15T00:00:00Z,9714.720382172429
438,2020-05-17T00:00:00Z,9714.720382172429
439,2020-05-18T00:00:00Z,9652.322714861926
440,2020-05-19T00:00:00Z,9651.108698184715
441,2020-05-20T00:00:00Z,9597.710484247638
442,2020-05-21T00:00:00Z,9596.495495941515
443,2020-05-22T00:00:00Z,9612.533047773315
444,2020-05-24T00:00:00Z,9614.87598819396
445,2020-05-25T00:00:00Z,9614.87598819396
446,2020-05-26T00:00:00Z,9614.87598819396
447,2020-05-27T00:00:00Z,9614.87598819396
448,2020-05-28T00:00:00Z,9614.87598819396
449,2020-05-29T00:00:00Z,9614.87598819396
450,2020-05-31T00:00:00Z,9614.87598819396
451,2020-06-01T00:00:00Z,9606.858264931372
452,2020-06-02T00:00:00Z,9604.73807687792
453,2020-06-03T00:00:00Z,9604.73807687792
454,2020-06-04T00:00:00Z,9604.73807687792
455,2020-06-05T00:00:00Z,9604.73807687792
456,2020-06-07T00:00:00Z,9571.479607585292
457,2020-06-08T00:00:00Z,9568.804106075737
458,2020-06-09T00:00:00Z,9568.804106075737
459,2020-06-10T00:00:00Z,9568.804106075737
460,2020-06-11T00:00:00Z,9568.804106075737
461,2020-06-12T00:00:00Z,9590.842258309505
462,2020-06-14T00:00:00Z,9568.321044805782
463,2020-06-15T00:00:00Z,9614.441825638965
464,2020-06-16T00:00:00Z,9612.28522126833
465,2020-06-17T00:00:00Z,9612.28522126833
466,2020-06-18T00:00:00Z,9612.28522126833
467,2020-06-19T00:00:00Z,9612.28522126833
468,2020-06-21T00:00:00Z,9612.28522126833
469,2020-06-22T00:00:00Z,9577.18398686247
470,2020-06-23T00:00:00Z,9575.215983606744
471,2020-06-24T00:00:00Z,9575.215983606744
472,2020-06-25T00:00:00Z,9575.215983606744
473,2020-06-26T00:00:00Z,9575.215983606744
474,2020-06-28T00:00:00Z,9575.215983606744
475,2020-06-29T00:00:00Z,9575.215983606744
476,2020-06-30T00:00:00Z,9575.215983606744
477,2020-07-01T00:00:00Z,9575.728912997885
478,2020-07-02T00:00:00Z,9572.639919375968
479,2020-07-03T00:00:00Z,9572.639919375968
480,2020-07-05T00:00:00Z,9572.639919375968
481,2020-07-06T00:00:00Z,9572.639919375968
482,2020-07-07T00:00:00Z,9572.639919375968
483,2020-07-08T00:00:00Z,9572.639919375968
484,2020-07-09T00:00:00Z,9572.639919375968
485,2020-07-10T00:00:00Z,9612.387954615839
486,2020-07-12T00:00:00Z,9603.297972710152
487,2020-07-13T00:00:00Z,9571.431255997431
488,2020-07-14T00:00:00Z,9567.45153607435
489,2020-07-15T00:00:00Z,9567.45153607435
490,2020-07-16T00:00:00Z,9567.45153607435
491,2020-07-17T00:00:00Z,9573.858856519277
492,2020-07-19T00:00:00Z,9558.317945375746
493,2020-07-20T00:00:00Z,9558.317945375746
494,2020-07-21T00:00:00Z,9558.317945375746
495,2020-07-22T00:00:00Z,9558.317945375746
496,2020-07-23T00:00:00Z,9558.317945375746
497,2020-07-24T00:00:00Z,9558.317945375746
498,2020-07-26T00:00:00Z,9567.645109156734
499,2020-07-27T00:00:00Z,9563.513480271764
500,2020-07-28T00:00:00Z,9563.513480271764
501,2020-07-29T00:00:00Z,9563.513480271764
502,2020-07-30T00:00:00Z,9563.513480271764
503,2020-07-31T00:00:00Z,9567.311706204791
504,2020-08-02T00:00:00Z,9556.400673165397
505,2020-08-03T00:00:00Z,9581.617167598704
506,2020-08-04T00:00:00Z,9578.214687768284
507,2020-08-05T00:00:00Z,9609.108755840532
508,2020-08-06T00:00:00Z,9603.98779085436
509,2020-08-07T00:00:00Z,9624.075626250416
510,2020-08-09T00:00:00Z,9628.834588459942
511,2020-08-10T00:00:00Z,9628.834588459942
512,2020-08-11T00:00:00Z,9628.834588459942
513,2020-08-12T00:00:00Z,9628.834588459942
514,2020-08-13T00:00:00Z,9628.834588459942
515,2020-08-14T00:00:00Z,9628.834588459942
516,2020-08-16T00:00:00Z,9628.834588459942
517,2020-08-17T00:00:00Z,9628.834588459942
518,2020-08-18T00:00:00Z,9628.834588459942
519,2020-08-19T00:00:00Z,9628.834588459942
520,2020-08-20T00:00:00Z,9628.834588459942
521,2020-08-21T00:00:00Z,9628.834588459942
522,2020-08-23T00:00:00Z,9628.834588459942
523,2020-08-24T00:00:00Z,9617.854610629576
524,2020-08-25T00:00:00Z,9613.094680768894
525,2020-08-26T00:00:00Z,9605.672304790482
526,2020-08-27T00:00:00Z,9600.942379211529
527,2020-08-28T00:00:00Z,9600.942379211529
528,2020-08-30T00:00:00Z,9600.942379211529
529,2020-08-31T00:00:00Z,9600.942379211529
530,2020-09-01T00:00:00Z,9600.942379211529
531,2020-09-02T00:00:00Z,9501.762657252555
532,2020-09-03T00:00:00Z,9403.90555424233
533,2020-09-04T00:00:00Z,9307.250824442277
534,2020-09-06T00:00:00Z,9268.589782422661
535,2020-09-07T00:00:00Z,9265.023622777038
536,2020-09-08T00:00:00Z,9170.05109897517
537,2020-09-09T00:00:00Z,9076.476455199121
538,2020-09-10T00:00:00Z,9076.476455199121
539,2020-09-11T00:00:00Z,9076.476455199121
540,2020-09-13T00:00:00Z,9076.476455199121
541,2020-09-14T00:00:00Z,9076.476455199121
542,2020-09-15T00:00:00Z,9076.476455199121
543,2020-09-16T00:00:00Z,9076.476455199121
544,2020-09-17T00:00:00Z,9046.582462489829
545,2020-09-18T00:00:00Z,9044.323511379
546,2020-09-20T00:00:00Z,9042.096692520072
547,2020-09-21T00:00:00Z,9039.081039778563
548,2020-09-22T00:00:00Z,9045.930282737614
549,2020-09-23T00:00:00Z,9042.837640618442
550,2020-09-24T00:00:00Z,9077.165168082447
551,2020-09-25T00:00:00Z,9072.591270193809
552,2020-09-27T00:00:00Z,9069.98294504284
553,2020-09-28T00:00:00Z,9066.427314988996
554,2020-09-29T00:00:00Z,9066.427314988996
555,2020-09-30T00:00:00Z,9066.427314988996
556,2020-10-01T00:00:00Z,9066.427314988996
557,2020-10-02T00:00:00Z,9002.869763359315
558,2020-10-04T00:00:00Z,9004.07937004373
559,2020-10-05T00:00:00Z,9085.250212274192
560,2020-10-06T00:00:00Z,9081.994050279298
561,2020-10-07T00:00:00Z,9087.676007082766
562,2020-10-08T00:00:00Z,9084.351014153017
563,2020-10-09T00:00:00Z,9108.951074140956
564,2020-10-11T00:00:00Z,9116.06918232458
565,2020-10-12T00:00:00Z,9140.260910499952
566,2020-10-13T00:00:00Z,9137.017091335765
567,2020-10-14T00:00:00Z,9137.017091335765
568,2020-10-15T00:00:00Z,9137.017091335765
569,2020-10-16T00:00:00Z,9137.017091335765
570,2020-10-18T00:00:00Z,9137.017091335765
571,2020-10-19T00:00:00Z,9137.017091335765
572,2020-10-20T00:00:00Z,9137.017091335765
573,2020-10-21T00:00:00Z,9137.017091335765
574,2020-10-22T00:00:00Z,9137.017091335765
575,2020-10-23T00:00:00Z,9137.017091335765
576,2020-10-25T00:00:00Z,9157.394928675145
577,2020-10-26T00:00:00Z,9153.181636807529
578,2020-10-27T00:00:00Z,9162.013946563056
579,2020-10-28T00:00:00Z,9158.67034274245
580,2020-10-29T00:00:00Z,9065.31132807561
581,2020-10-30T00:00:00Z,9043.950878379233
582,2020-11-01T00:00:00Z,8993.8764549602
583,2020-11-02T00:00:00Z,9123.791331133114
584,2020-11-03T00:00:00Z,9120.74028434883
585,2020-11-04T00:00:00Z,9120.74028434883
586,2020-11-05T00:00:00Z,9138.216067581196
587,2020-11-06T00:00:00Z,9135.757784129803
588,2020-11-08T00:00:00Z,9114.429881490805
589,2020-11-09T00:00:00Z,9111.577296715406
590,2020-11-10T00:00:00Z,9045.588645579159
591,2020-11-11T00:00:00Z,9043.06386129304
592,2020-11-12T00:00:00Z,9064.392561288625
593,2020-11-13T00:00:00Z,9062.146086926623
594,2020-11-15T00:00:00Z,9053.983922530197
595,2020-11-16T00:00:00Z,9051.646520535627
596,2020-11-17T00:00:00Z,9053.377392432802
597,2020-11-18T00:00:00Z,9050.836080729949
598,2020-11-19T00:00:00Z,9050.836080729949
599,2020-11-20T00:00:00Z,9050.836080729949
600,2020-11-22T00:00:00Z,9050.836080729949
601,2020-11-23T00:00:00Z,9017.087508245799
602,2020-11-24T00:00:00Z,9014.025569065654
603,2020-11-25T00:00:00Z,9014.025569065654
604,2020-11-26T00:00:00Z,8971.811563915624
605,2020-11-27T00:00:00Z,8968.004189072506
606,2020-11-29T00:00:00Z,8966.840383404227
607,2020-11-30T00:00:00Z,8963.105168553833
608,2020-12-01T00:00:00Z,8963.105168553833
609,2020-12-02T00:00:00Z,8994.06383749277
610,2020-12-03T00:00:00Z,8990.076135351084
611,2020-12-04T00:00:00Z,9004.216586988943
612,2020-12-06T00:00:00Z,9006.39801661184
613,2020-12-07T00:00:00Z,9006.39801661184
614,2020-12-08T00:00:00Z,8997.213764066466
615,2020-12-09T00:00:00Z,8993.04658781396
616,2020-12-10T00:00:00Z,9056.342179783667
617,2020-12-11T00:00:00Z,9052.25808766104
618,2020-12-13T00:00:00Z,9048.535522993652
619,2020-12-14T00:00:00Z,9044.81452944086
620,2020-12-15T00:00:00Z,9070.597055588105
621,2020-12-16T00:00:00Z,9065.677916441291
622,2020-12-17T00:00:00Z,9065.677916441291
623,2020-12-18T00:00:00Z,9065.677916441291
624,2020-12-20T00:00:00Z,9065.677916441291
625,2020-12-21T00:00:00Z,9065.677916441291
626,2020-12-22T00:00:00Z,9008.568751081613
627,2020-12-23T00:00:00Z,9003.873772159077
628,2020-12-24T00:00:00Z,9009.23444704577
629,2020-12-27T00:00:00Z,8988.021795761708
630,2020-12-28T00:00:00Z,8979.034770035289
631,2020-12-29T00:00:00Z,8974.868084578458
632,2020-12-30T00:00:00Z,8984.22940730096
633,2020-12-31T00:00:00Z,8979.748861744218
634,2021-01-03T00:00:00Z,8979.748861744218
635,2021-01-04T00:00:00Z,9030.559503198716
636,2021-01-05T00:00:00Z,9025.866731089307
637,2021-01-06T00:00:00Z,9025.866731089307
638,2021-01-07T00:00:00Z,9042.159875846784
639,2021-01-08T00:00:00Z,9038.23510898271
640,2021-01-10T00:00:00Z,9038.23510898271
641,2021-01-11T00:00:00Z,9038.23510898271
642,2021-01-12T00:00:00Z,9038.23510898271
643,2021-01-13T00:00:00Z,9064.023925946856
644,2021-01-14T00:00:00Z,9059.486545613994
645,2021-01-15T00:00:00Z,9134.787936172228
646,2021-01-17T00:00:00Z,9133.257297079783
647,2021-01-18T00:00:00Z,9133.257297079783
648,2021-01-19T00:00:00Z,9133.257297079783
649,2021-01-20T00:00:00Z,9133.257297079783
650,2021-01-21T00:00:00Z,9133.257297079783
651,2021-01-22T00:00:00Z,9133.257297079783
652,2021-01-24T00:00:00Z,9133.257297079783
653,2021-01-25T00:00:00Z,9133.257297079783
654,2021-01-26T00:00:00Z,9133.257297079783
655,2021-01-27T00:00:00Z,9133.257297079783
656,2021-01-28T00:00:00Z,9133.257297079783
657,2021-01-29T00:00:00Z,9124.35419915132
658,2021-01-31T00:00:00Z,9108.391354365845
659,2021-02-01T00:00:00Z,9197.672680425989
660,2021-02-02T00:00:00Z,9192.098645857366
661,2021-02-03T00:00:00Z,9192.098645857366
662,2021-02-04T00:00:00Z,9192.098645857366
663,2021-02-05T00:00:00Z,9192.098645857366
664,2021-02-07T00:00:00Z,9192.098645857366
665,2021-02-08T00:00:00Z,9192.098645857366
666,2021-02-09T00:00:00Z,9192.098645857366
667,2021-02-10T00:00:00Z,9192.098645857366
668,2021-02-11T00:00:00Z,9192.098645857366
669,2021-02-12T00:00:00Z,9192.098645857366
670,2021-02-14T00:00:00Z,9192.098645857366
671,2021-02-15T00:00:00Z,9192.098645857366
672,2021-02-16T00:00:00Z,9192.098645857366
673,2021-02-17T00:00:00Z,9192.098645857366
674,2021-02-18T00:00:00Z,9192.098645857366
675,2021-02-19T00:00:00Z,9154.580776015024
676,2021-02-21T00:00:00Z,9158.181155728362
677,2021-02-22T00:00:00Z,9158.181155728362
678,2021-02-23T00:00:00Z,9158.181155728362
679,2021-02-24T00:00:00Z,9064.15024222891
680,2021-02-25T00:00:00Z,9056.251937047951
681,2021-02-26T00:00:00Z,9052.305521101103
682,2021-02-28T00:00:00Z,9052.305521101103
683,2021-03-01T00:00:00Z,9052.305521101103
684,2021-03-02T00:00:00Z,9052.305521101103
685,2021-03-03T00:00:00Z,9091.483542943199
686,2021-03-04T00:00:00Z,9088.06608496151
687,2021-03-05T00:00:00Z,9029.34657123353
688,2021-03-07T00:00:00Z,8989.776770286337
689,2021-03-08T00:00:00Z,9049.531563833509
690,2021-03-09T00:00:00Z,9046.415446496447
691,2021-03-10T00:00:00Z,9025.524499337655
692,2021-03-11T00:00:00Z,9022.708009958335
693,2021-03-12T00:00:00Z,9028.672067467616
694,2021-03-14T00:00:00Z,9022.250436570357
695,2021-03-15T00:00:00Z,9037.274337580448
696,2021-03-16T00:00:00Z,9034.334346543283
697,2021-03-17T00:00:00Z,9039.551846520966
698,2021-03-18T00:00:00Z,9038.66876777311
699,2021-03-19T00:00:00Z,9038.66876777311
700,2021-03-21T00:00:00Z,9038.66876777311
701,2021-03-22T00:00:00Z,9038.66876777311
702,2021-03-23T00:00:00Z,9038.66876777311
703,2021-03-24T00:00:00Z,9038.66876777311
704,2021-03-25T00:00:00Z,9038.66876777311
705,2021-03-26T00:00:00Z,8984.719119528423
706,2021-03-28T00:00:00Z,8983.559998254033
707,2021-03-29T00:00:00Z,8983.559998254033
708,2021-03-30T00:00:00Z,9021.73874879263
709,2021-03-31T00:00:00Z,9018.74399408345
710,2021-04-01T00:00:00Z,9018.74399408345
711,2021-04-02T00:00:00Z,9018.74399408345
712,2021-04-04T00:00:00Z,9018.74399408345
713,2021-04-05T00:00:00Z,9018.74399408345
714,2021-04-06T00:00:00Z,9018.74399408345
715,2021-04-07T00:00:00Z,9027.358996335783
716,2021-04-08T00:00:00Z,9024.68441897636
717,2021-04-09T00:00:00Z,9024.68441897636
718,2021-04-11T00:00:00Z,9024.68441897636
719,2021-04-12T00:00:00Z,9024.68441897636
720,2021-04-13T00:00:00Z,9024.68441897636
721,2021-04-14T00:00:00Z,9024.68441897636
722,2021-04-15T00:00:00Z,9024.68441897636
723,2021-04-16T00:00:00Z,9024.68441897636
724,2021-04-18T00:00:00Z,9024.68441897636
725,2021-04-19T00:00:00Z,9024.68441897636
726,2021-04-20T00:00:00Z,9024.68441897636
727,2021-04-21T00:00:00Z,8975.3679882144
728,2021-04-22T00:00:00Z,8971.752779009566
729,2021-04-23T00:00:00Z,8976.102627154416
730,2021-04-25T00:00:00Z,8974.481024476809
731,2021-04-26T00:00:00Z,8975.500082351591
732,2021-04-27T00:00:00Z,8970.514224453429
733,2021-04-28T00:00:00Z,9000.137960019762
734,2021-04-29T00:00:00Z,8995.939603718934
735,2021-04-30T00:00:00Z,8938.677944446426
736,2021-05-02T00:00:00Z,8937.441148161935
737,2021-05-03T00:00:00Z,8972.956691024472
738,2021-05-04T00:00:00Z,8967.02329472134
739,2021-05-05T00:00:00Z,8918.957517258394
740,2021-05-06T00:00:00Z,8914.46260481988
741,2021-05-07T00:00:00Z,8906.608256698371
742,2021-05-09T00:00:00Z,8918.741291158965
743,2021-05-10T00:00:00Z,8893.07656830916
744,2021-05-11T00:00:00Z,8887.781597670762
745,2021-05-12T00:00:00Z,8890.751733371193
746,2021-05-13T00:00:00Z,8886.742563720925
747,2021-05-14T00:00:00Z,8943.564687889442
748,2021-05-16T00:00:00Z,8936.528576588355
749,2021-05-17T00:00:00Z,8964.075944628712
750,2021-05-18T00:00:00Z,8959.292332924593
751,2021-05-19T00:00:00Z,8867.47739124764
752,2021-05-20T00:00:00Z,8823.369570841574
753,2021-05-21T00:00:00Z,8819.21580064538
754,2021-05-23T00:00:00Z,8811.4082611477
755,2021-05-24T00:00:00Z,8807.658855003929
756,2021-05-25T00:00:00Z,8806.91241828521
757,2021-05-26T00:00:00Z,8803.36204153734
758,2021-05-27T00:00:00Z,8803.36204153734
759,2021-05-28T00:00:00Z,8803.36204153734
760,2021-05-30T00:00:00Z,8803.36204153734
761,2021-05-31T00:00:00Z,8812.647397232033
762,2021-06-01T00:00:00Z,8809.655914718667
763,2021-06-02T00:00:00Z,8833.440783687582
764,2021-06-03T00:00:00Z,8829.732727717077
765,2021-06-04T00:00:00Z,8829.732727717077
766,2021-06-06T00:00:00Z,8834.26850887391
767,2021-06-07T00:00:00Z,8829.372901801797
768,2021-06-08T00:00:00Z,8868.304800857044
769,2021-06-09T00:00:00Z,8862.894319526835
770,2021-06-10T00:00:00Z,8862.894319526835
771,2021-06-11T00:00:00Z,8862.894319526835
772,2021-06-13T00:00:00Z,8865.561058208903
773,2021-06-14T00:00:00Z,8859.60342317402
774,2021-06-15T00:00:00Z,8922.111542659699
775,2021-06-16T00:00:00Z,8915.316932549242
776,2021-06-17T00:00:00Z,8881.508262667745
777,2021-06-18T00:00:00Z,8875.528644373744
778,2021-06-20T00:00:00Z,8881.354607836929
779,2021-06-21T00:00:00Z,8874.937941518448
780,2021-06-22T00:00:00Z,8861.003839149907
781,2021-06-23T00:00:00Z,8857.079545803494
782,2021-06-24T00:00:00Z,8857.079545803494
783,2021-06-25T00:00:00Z,8882.028673483468
784,2021-06-27T00:00:00Z,8877.73026083966
785,2021-06-28T00:00:00Z,8815.619073026062
786,2021-06-29T00:00:00Z,8810.131395934375
787,2021-06-30T00:00:00Z,8807.525478677375
788,2021-07-01T00:00:00Z,8802.521019751597
789,2021-07-02T00:00:00Z,8798.500640962226
790,2021-07-04T00:00:00Z,8797.467141454657
791,2021-07-05T00:00:00Z,8838.660105897594
792,2021-07-06T00:00:00Z,8833.181915573112
793,2021-07-07T00:00:00Z,8742.211182110077
794,2021-07-08T00:00:00Z,8775.53070254011
795,2021-07-09T00:00:00Z,8770.93401817509
796,2021-07-12T00:00:00Z,8753.757594553095
797,2021-07-13T00:00:00Z,8748.224435385235
798,2021-07-14T00:00:00Z,8677.021427661155
799,2021-07-15T00:00:00Z,8672.953296313717
800,2021-07-16T00:00:00Z,8672.078866930031
801,2021-07-18T00:00:00Z,8648.067362237263
802,2021-07-19T00:00:00Z,8559.66230724382
803,2021-07-20T00:00:00Z,8559.66230724382
804,2021-07-21T00:00:00Z,8559.66230724382
805,2021-07-22T00:00:00Z,8588.60245810132
806,2021-07-23T00:00:00Z,8585.955871160364
807,2021-07-25T00:00:00Z,8580.264690708555
808,2021-07-26T00:00:00Z,8577.609251178084
809,2021-07-27T00:00:00Z,8577.609251178084
810,2021-07-28T00:00:00Z,8577.609251178084
811,2021-07-29T00:00:00Z,8577.609251178084
812,2021-07-30T00:00:00Z,8577.609251178084
813,2021-08-01T00:00:00Z,8577.434595362582
814,2021-08-02T00:00:00Z,8573.586147469547
815,2021-08-03T00:00:00Z,8573.586147469547
816,2021-08-04T00:00:00Z,8573.586147469547
817,2021-08-05T00:00:00Z,8599.50837026703
818,2021-08-06T00:00:00Z,8595.77505328309
819,2021-08-08T00:00:00Z,8586.483742091441
820,2021-08-09T00:00:00Z,8582.442206472737
821,2021-08-10T00:00:00Z,8582.442206472737
822,2021-08-11T00:00:00Z,8604.921905649326
823,2021-08-12T00:00:00Z,8601.48414985461
824,2021-08-13T00:00:00Z,8601.48414985461
825,2021-08-15T00:00:00Z,8602.183987284458
826,2021-08-16T00:00:00Z,8598.697189985729
827,2021-08-17T00:00:00Z,8564.879674230066
828,2021-08-18T00:00:00Z,8561.176257663414
829,2021-08-19T00:00:00Z,8533.424652172425
830,2021-08-20T00:00:00Z,8529.701428378157
831,2021-08-22T00:00:00Z,8538.137441001549
832,2021-08-23T00:00:00Z,8534.596196709728
833,2021-08-24T00:00:00Z,8534.596196709728
834,2021-08-25T00:00:00Z,8534.596196709728
835,2021-08-26T00:00:00Z,8534.596196709728
836,2021-08-27T00:00:00Z,8504.591488951288
837,2021-08-29T00:00:00Z,8475.710768546183
838,2021-08-30T00:00:00Z,8479.23116181938
839,2021-08-31T00:00:00Z,8475.467428138385
840,2021-09-01T00:00:00Z,8475.467428138385
841,2021-09-02T00:00:00Z,8424.95483755881
842,2021-09-03T00:00:00Z,8421.264256221837
843,2021-09-05T00:00:00Z,8421.264256221837
844,2021-09-06T00:00:00Z,8421.264256221837
845,2021-09-07T00:00:00Z,8421.264256221837
846,2021-09-08T00:00:00Z,8421.264256221837
847,2021-09-09T00:00:00Z,8421.264256221837
848,2021-09-10T00:00:00Z,8479.595726888043
849,2021-09-12T00:00:00Z,8469.435319694248
850,2021-09-13T00:00:00Z,8484.41251397766
851,2021-09-14T00:00:00Z,8479.99462298873
852,2021-09-15T00:00:00Z,8541.28411411819
853,2021-09-16T00:00:00Z,8536.736903561494
854,2021-09-17T00:00:00Z,8536.736903561494
855,2021-09-19T00:00:00Z,8536.736903561494
856,2021-09-20T00:00:00Z,8536.736903561494
857,2021-09-21T00:00:00Z,8536.736903561494
858,2021-09-22T00:00:00Z,8577.043075591831
859,2021-09-23T00:00:00Z,8572.2135583964
860,2021-09-24T00:00:00Z,8592.341344932764
861,2021-09-26T00:00:00Z,8606.707566997387
862,2021-09-27T00:00:00Z,8623.587011187197
863,2021-09-28T00:00:00Z,8618.706071647926
864,2021-09-29T00:00:00Z,8622.524638803785
865,2021-09-30T00:00:00Z,8617.831240265426
866,2021-10-01T00:00:00Z,8617.831240265426
867,2021-10-03T00:00:00Z,8606.32318184961
868,2021-10-04T00:00:00Z,8602.633624985152
869,2021-10-05T00:00:00Z,8602.633624985152
870,2021-10-06T00:00:00Z,8602.633624985152
871,2021-10-07T00:00:00Z,8648.387406061502
872,2021-10-08T00:00:00Z,8644.07610038455
873,2021-10-10T00:00:00Z,8644.07610038455
874,2021-10-11T00:00:00Z,8661.718242389883
875,2021-10-12T00:00:00Z,8657.110370297518
876,2021-10-13T00:00:00Z,8657.110370297518
877,2021-10-14T00:00:00Z,8677.111915509537
878,2021-10-15T00:00:00Z,8673.418745554956
879,2021-10-17T00:00:00Z,8673.418745554956
880,2021-10-18T00:00:00Z,8673.418745554956
881,2021-10-19T00:00:00Z,8697.103841525604
882,2021-10-20T00:00:00Z,8692.73784434682
883,2021-10-21T00:00:00Z,8692.73784434682
884,2021-10-22T00:00:00Z,8692.73784434682
885,2021-10-24T00:00:00Z,8696.222281973414
886,2021-10-25T00:00:00Z,8692.102112781313
887,2021-10-26T00:00:00Z,8700.905854814873
888,2021-10-27T00:00:00Z,8696.939123404367
889,2021-10-28T00:00:00Z,8708.572852019097
890,2021-10-29T00:00:00Z,8703.59547021953
891,2021-10-31T00:00:00Z,8693.09785321185
892,2021-11-01T00:00:00Z,8689.214096622902
893,2021-11-02T00:00:00Z,8657.813522391754
894,2021-11-03T00:00:00Z,8653.649157476613
895,2021-11-04T00:00:00Z,8633.8126677649
896,2021-11-05T00:00:00Z,8630.452727532229
897,2021-11-07T00:00:00Z,8637.113029668191
898,2021-11-08T00:00:00Z,8633.524633902409
899,2021-11-09T00:00:00Z,8700.680838419928
900,2021-11-10T00:00:00Z,8696.521344509003
901,2021-11-11T00:00:00Z,8696.521344509003
902,2021-11-12T00:00:00Z,8696.521344509003
903,2021-11-14T00:00:00Z,8696.521344509003
904,2021-11-15T00:00:00Z,8696.521344509003
905,2021-11-16T00:00:00Z,8696.521344509003
906,2021-11-17T00:00:00Z,8696.521344509003
907,2021-11-18T00:00:00Z,8696.521344509003
908,2021-11-19T00:00:00Z,8696.521344509003
909,2021-11-21T00:00:00Z,8696.521344509003
910,2021-11-22T00:00:00Z,8696.521344509003
911,2021-11-23T00:00:00Z,8696.521344509003
912,2021-11-24T00:00:00Z,8695.963152820019
913,2021-11-25T00:00:00Z,8692.661027006356
914,2021-11-26T00:00:00Z,8937.748608479933
915,2021-11-28T00:00:00Z,8902.043147172377
916,2021-11-29T00:00:00Z,8902.043147172377
917,2021-11-30T00:00:00Z,8902.043147172377
918,2021-12-01T00:00:00Z,8912.162652263878
919,2021-12-02T00:00:00Z,8910.112111621593
920,2021-12-03T00:00:00Z,8910.112111621593
921,2021-12-05T00:00:00Z,8910.112111621593
922,2021-12-06T00:00:00Z,8910.112111621593
923,2021-12-07T00:00:00Z,8874.652837953621
924,2021-12-08T00:00:00Z,8872.682322115308
925,2021-12-09T00:00:00Z,8902.090458042294
926,2021-12-10T00:00:00Z,8900.398455582908
927,2021-12-12T00:00:00Z,8891.497489187792
928,2021-12-13T00:00:00Z,8889.607699062
929,2021-12-14T00:00:00Z,8904.99297038067
930,2021-12-15T00:00:00Z,8902.262849972394
931,2021-12-16T00:00:00Z,8902.262849972394
932,2021-12-17T00:00:00Z,8902.262849972394
933,2021-12-19T00:00:00Z,8902.262849972394
934,2021-12-20T00:00:00Z,8902.262849972394
935,2021-12-21T00:00:00Z,8902.262849972394
936,2021-12-22T00:00:00Z,8902.262849972394
937,2021-12-23T00:00:00Z,8902.262849972394
938,2021-12-26T00:00:00Z,8900.51022027629
939,2021-12-27T00:00:00Z,8897.140092439284
940,2021-12-28T00:00:00Z,8897.140092439284
941,2021-12-29T00:00:00Z,8897.140092439284
942,2021-12-30T00:00:00Z,8899.84613646709
943,2021-12-31T00:00:00Z,8896.347907693449
944,2022-01-02T00:00:00Z,8889.410620470297
945,2022-01-03T00:00:00Z,8885.816113817347
946,2022-01-04T00:00:00Z,8885.816113817347
947,2022-01-05T00:00:00Z,8885.816113817347
948,2022-01-06T00:00:00Z,8885.816113817347
949,2022-01-07T00:00:00Z,8885.816113817347
950,2022-01-09T00:00:00Z,8885.816113817347
951,2022-01-10T00:00:00Z,8885.816113817347
952,2022-01-11T00:00:00Z,8885.816113817347
953,2022-01-12T00:00:00Z,8885.816113817347
954,2022-01-13T00:00:00Z,8885.816113817347
955,2022-01-14T00:00:00Z,8885.816113817347
956,2022-01-16T00:00:00Z,8885.816113817347
957,2022-01-17T00:00:00Z,8885.816113817347
958,2022-01-18T00:00:00Z,8885.816113817347
959,2022-01-19T00:00:00Z,8885.816113817347
960,2022-01-20T00:00:00Z,8854.833932713069
961,2022-01-21T00:00:00Z,8850.257230779003
962,2022-01-23T00:00:00Z,8871.37508344231
963,2022-01-24T00:00:00Z,8867.315740861626
964,2022-01-25T00:00:00Z,8830.567637484459
965,2022-01-26T00:00:00Z,8826.496575355706
966,2022-01-27T00:00:00Z,8822.522494205701
967,2022-01-28T00:00:00Z,8818.80597639013
968,2022-01-30T00:00:00Z,8823.028108263397
969,2022-01-31T00:00:00Z,8819.249747047854
970,2022-02-01T00:00:00Z,8819.249747047854
971,2022-02-02T00:00:00Z,8797.523148905473
972,2022-02-03T00:00:00Z,8793.770391805572
973,2022-02-04T00:00:00Z,8793.770391805572
974,2022-02-06T00:00:00Z,8793.770391805572
975,2022-02-07T00:00:00Z,8793.770391805572
976,2022-02-08T00:00:00Z,8751.09719512274
977,2022-02-09T00:00:00Z,8747.366610037281
978,2022-02-10T00:00:00Z,8741.412528173614
979,2022-02-11T00:00:00Z,8737.696411076831
980,2022-02-13T00:00:00Z,8744.922445372547
981,2022-02-14T00:00:00Z,8740.863134897476
982,2022-02-15T00:00:00Z,8651.308481241353
983,2022-02-16T00:00:00Z,8623.054867562696
984,2022-02-17T00:00:00Z,8619.932674647367
985,2022-02-18T00:00:00Z,8616.47124843774
986,2022-02-20T00:00:00Z,8609.03484088174
987,2022-02-21T00:00:00Z,8626.25921255286
988,2022-02-22T00:00:00Z,8623.402033334653
989,2022-02-23T00:00:00Z,8623.402033334653
990,2022-02-24T00:00:00Z,8623.402033334653
991,2022-02-25T00:00:00Z,8584.04636157338
992,2022-02-27T00:00:00Z,8622.412222002464
993,2022-02-28T00:00:00Z,8622.412222002464
994,2022-03-01T00:00:00Z,8534.806112431945
995,2022-03-02T00:00:00Z,8534.806112431945
996,2022-03-03T00:00:00Z,8550.580078599627
997,2022-03-04T00:00:00Z,8548.702389855383
998,2022-03-06T00:00:00Z,8461.97847769929
999,2022-03-07T00:00:00Z,8510.630461403383
1000,2022-03-08T00:00:00Z,8508.971998187284
1001,2022-03-09T00:00:00Z,8611.009326886939
1002,2022-03-10T00:00:00Z,8609.735757027227
1003,2022-03-11T00:00:00Z,8609.735757027227
1004,2022-03-13T00:00:00Z,8607.453673161232
1005,2022-03-14T00:00:00Z,8606.381357618076
1006,2022-03-15T00:00:00Z,8606.381357618076
1007,2022-03-16T00:00:00Z,8606.381357618076
1008,2022-03-17T00:00:00Z,8606.381357618076
1009,2022-03-18T00:00:00Z,8606.381357618076
1010,2022-03-20T00:00:00Z,8606.381357618076
1011,2022-03-21T00:00:00Z,8606.381357618076
1012,2022-03-22T00:00:00Z,8606.381357618076
1013,2022-03-23T00:00:00Z,8606.381357618076
1014,2022-03-24T00:00:00Z,8623.33973247914
1015,2022-03-25T00:00:00Z,8622.082011476688
1016,2022-03-27T00:00:00Z,8640.843157579427
1017,2022-03-28T00:00:00Z,8639.15730754587
1018,2022-03-29T00:00:00Z,8639.15730754587
1019,2022-03-30T00:00:00Z,8639.15730754587
1020,2022-03-31T00:00:00Z,8639.15730754587
1021,2022-04-01T00:00:00Z,8652.316422833088
1022,2022-04-03T00:00:00Z,8654.627605779835
1023,2022-04-04T00:00:00Z,8654.627605779835
1024,2022-04-05T00:00:00Z,8685.931962496208
1025,2022-04-06T00:00:00Z,8684.339737521625
1026,2022-04-07T00:00:00Z,8684.339737521625
1027,2022-04-08T00:00:00Z,8684.339737521625
1028,2022-04-10T00:00:00Z,8684.339737521625
1029,2022-04-11T00:00:00Z,8667.076320414666
1030,2022-04-12T00:00:00Z,8665.132952727563
1031,2022-04-13T00:00:00Z,8665.132952727563
1032,2022-04-14T00:00:00Z,8665.132952727563
1033,2022-04-17T00:00:00Z,8651.935563629224
1034,2022-04-18T00:00:00Z,8649.886350977415
1035,2022-04-19T00:00:00Z,8700.57513471238
1036,2022-04-20T00:00:00Z,8699.412596850476
1037,2022-04-21T00:00:00Z,8699.412596850476
1038,2022-04-22T00:00:00Z,8721.146645179284
1039,2022-04-24T00:00:00Z,8723.181653082427
1040,2022-04-25T00:00:00Z,8723.181653082427
1041,2022-04-26T00:00:00Z,8723.181653082427
1042,2022-04-27T00:00:00Z,8723.181653082427
1043,2022-04-28T00:00:00Z,8763.797281453979
1044,2022-04-29T00:00:00Z,8761.456594978532
1045,2022-05-01T00:00:00Z,8761.456594978532
1046,2022-05-02T00:00:00Z,8761.456594978532
1047,2022-05-03T00:00:00Z,8761.456594978532
1048,2022-05-04T00:00:00Z,8825.77752636753
1049,2022-05-05T00:00:00Z,8822.714388926603
1050,2022-05-06T00:00:00Z,8822.714388926603
1051,2022-05-08T00:00:00Z,8822.714388926603
1052,2022-05-09T00:00:00Z,8822.714388926603
1053,2022-05-10T00:00:00Z,8767.801601387899
1054,2022-05-11T00:00:00Z,8765.476096497612
1055,2022-05-12T00:00:00Z,8765.476096497612
1056,2022-05-13T00:00:00Z,8801.05240307362
1057,2022-05-15T00:00:00Z,8785.392992175624
1058,2022-05-16T00:00:00Z,8785.392992175624
1059,2022-05-17T00:00:00Z,8785.392992175624
1060,2022-05-18T00:00:00Z,8720.200548606223
1061,2022-05-19T00:00:00Z,8718.1234307381
1062,2022-05-20T00:00:00Z,8728.68413330297
1063,2022-05-22T00:00:00Z,8729.78573972536
1064,2022-05-23T00:00:00Z,8720.126263138018
1065,2022-05-24T00:00:00Z,8718.299268790774
1066,2022-05-25T00:00:00Z,8717.921773634394
1067,2022-05-26T00:00:00Z,8715.831869733323
1068,2022-05-27T00:00:00Z,8726.715327187338
1069,2022-05-29T00:00:00Z,8723.461416279919
1070,2022-05-30T00:00:00Z,8752.999342657027
1071,2022-05-31T00:00:00Z,8750.058891817767
1072,2022-06-01T00:00:00Z,8717.049837183065
1073,2022-06-02T00:00:00Z,8717.438767449232
1074,2022-06-03T00:00:00Z,8759.371806538507
1075,2022-06-05T00:00:00Z,8763.534225497191
1076,2022-06-06T00:00:00Z,8736.730780694716
1077,2022-06-07T00:00:00Z,8733.421475632178
1078,2022-06-08T00:00:00Z,8733.421475632178
1079,2022-06-09T00:00:00Z,8716.637658094076
1080,2022-06-10T00:00:00Z,8713.327129507099
1081,2022-06-12T00:00:00Z,8687.979482974797
1082,2022-06-13T00:00:00Z,8684.97462923342
1083,2022-06-14T00:00:00Z,8651.358229814816
1084,2022-06-15T00:00:00Z,8648.832098644814
1085,2022-06-16T00:00:00Z,8653.44540748045
1086,2022-06-17T00:00:00Z,8650.64542311092
1087,2022-06-19T00:00:00Z,8651.176927097784
1088,2022-06-20T00:00:00Z,8648.783425433594
1089,2022-06-21T00:00:00Z,8650.687762277796
1090,2022-06-22T00:00:00Z,8648.247836479388
1091,2022-06-23T00:00:00Z,8652.126876101482
1092,2022-06-24T00:00:00Z,8649.384012150344
1093,2022-06-26T00:00:00Z,8649.384012150344
1094,2022-06-27T00:00:00Z,8695.203613327669
1095,2022-06-28T00:00:00Z,8692.692065869262
1096,2022-06-29T00:00:00Z,8664.417119188345
1097,2022-06-30T00:00:00Z,8661.956865772896
1098,2022-07-01T00:00:00Z,8661.956865772896
1099,2022-07-03T00:00:00Z,8651.735895296919
1100,2022-07-04T00:00:00Z,8649.36905435643
1101,2022-07-05T00:00:00Z,8561.194958221231
1102,2022-07-06T00:00:00Z,8521.236570611029
1103,2022-07-07T00:00:00Z,8519.089710629329
1104,2022-07-08T00:00:00Z,8538.882098172378
1105,2022-07-10T00:00:00Z,8536.720688782625
1106,2022-07-11T00:00:00Z,8536.720688782625
1107,2022-07-12T00:00:00Z,8536.720688782625
1108,2022-07-13T00:00:00Z,8536.720688782625
1109,2022-07-14T00:00:00Z,8536.720688782625
1110,2022-07-15T00:00:00Z,8536.720688782625
1111,2022-07-17T00:00:00Z,8534.044675956375
1112,2022-07-18T00:00:00Z,8532.414384452513
1113,2022-07-19T00:00:00Z,8532.414384452513
1114,2022-07-20T00:00:00Z,8532.414384452513
1115,2022-07-21T00:00:00Z,8497.056187727238
1116,2022-07-22T00:00:00Z,8495.756715195852
1117,2022-07-24T00:00:00Z,8493.655716108096
1118,2022-07-25T00:00:00Z,8491.793212805822
1119,2022-07-26T00:00:00Z,8480.562258124279
1120,2022-07-27T00:00:00Z,8478.338074697202
1121,2022-07-28T00:00:00Z,8478.338074697202
1122,2022-07-29T00:00:00Z,8478.338074697202
1123,2022-07-31T00:00:00Z,8478.338074697202
1124,2022-08-01T00:00:00Z,8478.338074697202
1125,2022-08-02T00:00:00Z,8478.338074697202
1126,2022-08-03T00:00:00Z,8478.338074697202
1127,2022-08-04T00:00:00Z,8478.338074697202
1128,2022-08-05T00:00:00Z,8482.573442119845
1129,2022-08-07T00:00:00Z,8479.861565591944
1130,2022-08-08T00:00:00Z,8513.247414943735
1131,2022-08-09T00:00:00Z,8511.701579015893
1132,2022-08-10T00:00:00Z,8524.562791666078
1133,2022-08-11T00:00:00Z,8523.504971060205
1134,2022-08-12T00:00:00Z,8490.318504329292
1135,2022-08-14T00:00:00Z,8489.985391860258
1136,2022-08-15T00:00:00Z,8489.985391860258
1137,2022-08-16T00:00:00Z,8467.752326047525
1138,2022-08-17T00:00:00Z,8465.62712317781
1139,2022-08-18T00:00:00Z,8510.124576336548
1140,2022-08-19T00:00:00Z,8508.280817360106
1141,2022-08-21T00:00:00Z,8508.456682462353
1142,2022-08-22T00:00:00Z,8506.071840955185
1143,2022-08-23T00:00:00Z,8506.071840955185
1144,2022-08-24T00:00:00Z,8506.071840955185
1145,2022-08-25T00:00:00Z,8540.104883467502
1146,2022-08-26T00:00:00Z,8537.60429309784
1147,2022-08-28T00:00:00Z,8537.60429309784
1148,2022-08-29T00:00:00Z,8537.60429309784
1149,2022-08-30T00:00:00Z,8537.60429309784
1150,2022-08-31T00:00:00Z,8537.60429309784
1151,2022-09-01T00:00:00Z,8566.587176437994
1152,2022-09-02T00:00:00Z,8565.562413439711
1153,2022-09-04T00:00:00Z,8577.858704820586
1154,2022-09-05T00:00:00Z,8575.648688179703
1155,2022-09-06T00:00:00Z,8534.899483175705
1156,2022-09-07T00:00:00Z,8532.348397295735
1157,2022-09-08T00:00:00Z,8544.436482811414
1158,2022-09-09T00:00:00Z,8542.355627833085
1159,2022-09-11T00:00:00Z,8542.355627833085
1160,2022-09-12T00:00:00Z,8568.628634296869
1161,2022-09-13T00:00:00Z,8566.343860924126
1162,2022-09-14T00:00:00Z,8566.343860924126
1163,2022-09-15T00:00:00Z,8566.343860924126
1164,2022-09-16T00:00:00Z,8566.343860924126
1165,2022-09-18T00:00:00Z,8569.538896563781
1166,2022-09-19T00:00:00Z,8567.27525216671
1167,2022-09-20T00:00:00Z,8567.27525216671
1168,2022-09-21T00:00:00Z,8567.27525216671
1169,2022-09-22T00:00:00Z,8576.676604984328
1170,2022-09-23T00:00:00Z,8573.376482695472
1171,2022-09-25T00:00:00Z,8565.869829536581
1172,2022-09-26T00:00:00Z,8563.481736485499
1173,2022-09-27T00:00:00Z,8592.926940720472
1174,2022-09-28T00:00:00Z,8590.776247947759
1175,2022-09-29T00:00:00Z,8587.268797141252
1176,2022-09-30T00:00:00Z,8585.215099755493
1177,2022-10-02T00:00:00Z,8585.215099755493
1178,2022-10-03T00:00:00Z,8606.125277517916
1179,2022-10-04T00:00:00Z,8603.82490323395
1180,2022-10-05T00:00:00Z,8603.82490323395
1181,2022-10-06T00:00:00Z,8587.385013645751
1182,2022-10-07T00:00:00Z,8584.24684266474
1183,2022-10-09T00:00:00Z,8588.474452782193
1184,2022-10-10T00:00:00Z,8585.926264185176
1185,2022-10-11T00:00:00Z,8585.926264185176
1186,2022-10-12T00:00:00Z,8609.18710281095
1187,2022-10-13T00:00:00Z,8606.465556397196
1188,2022-10-14T00:00:00Z,8606.465556397196
1189,2022-10-16T00:00:00Z,8606.465556397196
1190,2022-10-17T00:00:00Z,8606.465556397196
1191,2022-10-18T00:00:00Z,8570.400520685916
1192,2022-10-19T00:00:00Z,8566.490346202832
1193,2022-10-20T00:00:00Z,8560.748973271264
1194,2022-10-21T00:00:00Z,8558.399532885524
1195,2022-10-23T00:00:00Z,8559.621329457717
1196,2022-10-24T00:00:00Z,8557.02337685582
1197,2022-10-25T00:00:00Z,8557.02337685582
1198,2022-10-26T00:00:00Z,8557.02337685582
1199,2022-10-27T00:00:00Z,8561.4902229162
1200,2022-10-28T00:00:00Z,8558.585903208148
1201,2022-10-30T00:00:00Z,8558.585903208148
1202,2022-10-31T00:00:00Z,8507.716316929587
1203,2022-11-01T00:00:00Z,8503.909729624696
1204,2022-11-02T00:00:00Z,8506.25928954201
1205,2022-11-03T00:00:00Z,8502.514565911028
1206,2022-11-04T00:00:00Z,8502.514565911028
1207,2022-11-06T00:00:00Z,8502.514565911028
1208,2022-11-07T00:00:00Z,8502.514565911028
1209,2022-11-08T00:00:00Z,8438.288701030577
1210,2022-11-09T00:00:00Z,8434.67262355412
1211,2022-11-10T00:00:00Z,8434.67262355412
1212,2022-11-11T00:00:00Z,8482.549722512982
1213,2022-11-13T00:00:00Z,8479.449957515319
1214,2022-11-14T00:00:00Z,8392.844587491667
1215,2022-11-15T00:00:00Z,8392.844587491667
1216,2022-11-16T00:00:00Z,8392.844587491667
1217,2022-11-17T00:00:00Z,8392.844587491667
1218,2022-11-18T00:00:00Z,8392.844587491667
1219,2022-11-20T00:00:00Z,8393.081834802944
1220,2022-11-21T00:00:00Z,8390.762578389491
1221,2022-11-22T00:00:00Z,8390.762578389491
1222,2022-11-23T00:00:00Z,8450.589706132532
1223,2022-11-24T00:00:00Z,8448.445325283516
1224,2022-11-25T00:00:00Z,8470.115363410583
1225,2022-11-27T00:00:00Z,8475.59682208258
1226,2022-11-28T00:00:00Z,8475.59682208258
1227,2022-11-29T00:00:00Z,8511.229860120822
1228,2022-11-30T00:00:00Z,8508.950767742785
1229,2022-12-01T00:00:00Z,8493.39419587535
1230,2022-12-02T00:00:00Z,8491.236551446327
1231,2022-12-04T00:00:00Z,8470.08671726066
1232,2022-12-05T00:00:00Z,8467.666907195226
1233,2022-12-06T00:00:00Z,8519.420166872185
1234,2022-12-07T00:00:00Z,8517.068430985984
1235,2022-12-08T00:00:00Z,8506.079515603635
1236,2022-12-09T00:00:00Z,8503.912421300605
1237,2022-12-11T00:00:00Z,8503.3290789431
1238,2022-12-12T00:00:00Z,8501.31805702266
1239,2022-12-13T00:00:00Z,8530.91237395697
1240,2022-12-14T00:00:00Z,8528.434668587613
1241,2022-12-15T00:00:00Z,8528.434668587613
1242,2022-12-16T00:00:00Z,8528.434668587613
1243,2022-12-18T00:00:00Z,8537.062689113152
1244,2022-12-19T00:00:00Z,8534.78427028371
1245,2022-12-20T00:00:00Z,8534.78427028371
1246,2022-12-21T00:00:00Z,8534.78427028371
1247,2022-12-22T00:00:00Z,8534.78427028371
1248,2022-12-23T00:00:00Z,8513.750651122718
1249,2022-12-26T00:00:00Z,8510.758394510893
1250,2022-12-27T00:00:00Z,8535.506131751128
1251,2022-12-28T00:00:00Z,8532.401798873481
1252,2022-12-29T00:00:00Z,8532.401798873481
1253,2022-12-30T00:00:00Z,8532.401798873481
1254,2023-01-02T00:00:00Z,8532.401798873481
1255,2023-01-03T00:00:00Z,8532.401798873481
1256,2023-01-04T00:00:00Z,8445.284512411075
1257,2023-01-05T00:00:00Z,8455.790790935367
1258,2023-01-06T00:00:00Z,8452.94611282475
1259,2023-01-08T00:00:00Z,8456.95467612404
1260,2023-01-09T00:00:00Z,8454.211968376518
1261,2023-01-10T00:00:00Z,8448.734071708323
1262,2023-01-11T00:00:00Z,8445.803685975607
1263,2023-01-12T00:00:00Z,8445.803685975607
1264,2023-01-13T00:00:00Z,8445.803685975607
1265,2023-01-15T00:00:00Z,8445.803685975607
1266,2023-01-16T00:00:00Z,8445.803685975607
1267,2023-01-17T00:00:00Z,8445.803685975607
1268,2023-01-18T00:00:00Z,8445.803685975607
1269,2023-01-19T00:00:00Z,8445.803685975607
1270,2023-01-20T00:00:00Z,8425.38917465802
1271,2023-01-22T00:00:00Z,8419.721713193903
1272,2023-01-23T00:00:00Z,8419.721713193903
1273,2023-01-24T00:00:00Z,8419.721713193903
1274,2023-01-25T00:00:00Z,8407.294906513334
1275,2023-01-26T00:00:00Z,8403.481741905309
1276,2023-01-27T00:00:00Z,8353.9968376431
1277,2023-01-29T00:00:00Z,8366.458346458761
1278,2023-01-30T00:00:00Z,8296.550250610228
1279,2023-01-31T00:00:00Z,8292.900605362522
1280,2023-02-01T00:00:00Z,8292.900605362522
1281,2023-02-02T00:00:00Z,8270.42342342681
1282,2023-02-03T00:00:00Z,8267.669013346724
1283,2023-02-05T00:00:00Z,8268.003197660668
1284,2023-02-06T00:00:00Z,8265.210582802962
1285,2023-02-07T00:00:00Z,8334.006165775578
1286,2023-02-08T00:00:00Z,8330.875181583864
1287,2023-02-09T00:00:00Z,8346.223538068389
1288,2023-02-10T00:00:00Z,8343.509904932898
1289,2023-02-12T00:00:00Z,8350.398256157869
1290,2023-02-13T00:00:00Z,8347.469624969232
1291,2023-02-14T00:00:00Z,8347.469624969232
1292,2023-02-15T00:00:00Z,8347.469624969232
1293,2023-02-16T00:00:00Z,8347.469624969232
1294,2023-02-17T00:00:00Z,8380.975577313195
1295,2023-02-19T00:00:00Z,8366.872682037892
1296,2023-02-20T00:00:00Z,8366.872682037892
1297,2023-02-21T00:00:00Z,8366.872682037892
1298,2023-02-22T00:00:00Z,8366.872682037892
1299,2023-02-23T00:00:00Z,8410.229837041441
1300,2023-02-24T00:00:00Z,8406.647963282305
1301,2023-02-26T00:00:00Z,8404.39968798554
1302,2023-02-27T00:00:00Z,8401.026865440952
1303,2023-02-28T00:00:00Z,8426.016869402301
1304,2023-03-01T00:00:00Z,8421.913892128328
1305,2023-03-02T00:00:00Z,8426.69680983713
1306,2023-03-03T00:00:00Z,8422.71880085245
1307,2023-03-05T00:00:00Z,8422.71880085245
1308,2023-03-06T00:00:00Z,8452.333726724095
1309,2023-03-07T00:00:00Z,8448.257367917955
1310,2023-03-08T00:00:00Z,8425.429046778645
1311,2023-03-09T00:00:00Z,8422.13823142863
1312,2023-03-10T00:00:00Z,8450.35368629332
1313,2023-03-12T00:00:00Z,8448.511217721416
1314,2023-03-13T00:00:00Z,8361.94213133578
1315,2023-03-14T00:00:00Z,8276.486727047619
1316,2023-03-15T00:00:00Z,8192.17074014698
1317,2023-03-16T00:00:00Z,8192.17074014698
1318,2023-03-17T00:00:00Z,8152.393870546355
1319,2023-03-19T00:00:00Z,8158.04301777558
1320,2023-03-20T00:00:00Z,8158.04301777558
1321,2023-03-21T00:00:00Z,8158.04301777558
1322,2023-03-22T00:00:00Z,8158.04301777558
1323,2023-03-23T00:00:00Z,8164.7055032777
1324,2023-03-24T00:00:00Z,8162.717634892822
1325,2023-03-26T00:00:00Z,8161.080157209644
1326,2023-03-27T00:00:00Z,8159.277443773546
1327,2023-03-28T00:00:00Z,8159.277443773546
1328,2023-03-29T00:00:00Z,8159.277443773546
1329,2023-03-30T00:00:00Z,8159.277443773546
1330,2023-03-31T00:00:00Z,8132.14541851539
1331,2023-04-02T00:00:00Z,8022.475914391449
1332,2023-04-03T00:00:00Z,8021.186473404498
1333,2023-04-04T00:00:00Z,8018.327599244617
1334,2023-04-05T00:00:00Z,8023.7098108907985
1335,2023-04-06T00:00:00Z,8020.936716676469
1336,2023-04-09T00:00:00Z,8020.936716676469
1337,2023-04-10T00:00:00Z,8020.936716676469
1338,2023-04-11T00:00:00Z,8020.936716676469
1339,2023-04-12T00:00:00Z,8020.936716676469
1340,2023-04-13T00:00:00Z,8020.936716676469
1341,2023-04-14T00:00:00Z,8028.179599195569
1342,2023-04-16T00:00:00Z,8020.479600092589
1343,2023-04-17T00:00:00Z,8020.479600092589
1344,2023-04-18T00:00:00Z,8020.479600092589
1345,2023-04-19T00:00:00Z,8020.479600092589
1346,2023-04-20T00:00:00Z,8072.826867582562
1347,2023-04-21T00:00:00Z,8068.5947121898635
1348,2023-04-23T00:00:00Z,8061.570557300753
1349,2023-04-24T00:00:00Z,8057.20744745922
1350,2023-04-25T00:00:00Z,8057.20744745922
1351,2023-04-26T00:00:00Z,8057.20744745922
1352,2023-04-27T00:00:00Z,8064.04321020856
1353,2023-04-28T00:00:00Z,8060.472091453058
1354,2023-04-30T00:00:00Z,8044.3257248751315
1355,2023-05-01T00:00:00Z,8040.668319939616
1356,2023-05-02T00:00:00Z,7958.13849062277
1357,2023-05-03T00:00:00Z,7876.8562651634675
1358,2023-05-04T00:00:00Z,7876.8562651634675
1359,2023-05-05T00:00:00Z,7876.8562651634675
1360,2023-05-07T00:00:00Z,7876.8562651634675
1361,2023-05-08T00:00:00Z,7876.8562651634675
1362,2023-05-09T00:00:00Z,7862.14497370207
1363,2023-05-10T00:00:00Z,7859.468522219758
1364,2023-05-11T00:00:00Z,7885.392432779712
1365,2023-05-12T00:00:00Z,7883.281602229679
1366,2023-05-14T00:00:00Z,7881.104702023277
1367,2023-05-15T00:00:00Z,7878.728574424789
1368,2023-05-16T00:00:00Z,7878.728574424789
1369,2023-05-17T00:00:00Z,7835.048939863885
1370,2023-05-18T00:00:00Z,7832.530686313373
1371,2023-05-19T00:00:00Z,7836.505557504836
1372,2023-05-21T00:00:00Z,7829.005562616236
1373,2023-05-22T00:00:00Z,7811.77718072143
1374,2023-05-23T00:00:00Z,7809.190830186615
1375,2023-05-24T00:00:00Z,7809.190830186615
1376,2023-05-25T00:00:00Z,7872.625127570698
1377,2023-05-26T00:00:00Z,7869.18432421235
1378,2023-05-28T00:00:00Z,7866.549924178477
1379,2023-05-29T00:00:00Z,7863.080660138708
1380,2023-05-30T00:00:00Z,7863.080660138708
1381,2023-05-31T00:00:00Z,7812.34914610687
1382,2023-06-01T00:00:00Z,7809.022233706369
1383,2023-06-02T00:00:00Z,7842.0066395438835
1384,2023-06-04T00:00:00Z,7885.38766539321
1385,2023-06-05T00:00:00Z,7885.38766539321
1386,2023-06-06T00:00:00Z,7885.38766539321
1387,2023-06-07T00:00:00Z,7885.38766539321
1388,2023-06-08T00:00:00Z,7918.331370752748
1389,2023-06-09T00:00:00Z,7915.381586063864
1390,2023-06-11T00:00:00Z,7915.381586063864
1391,2023-06-12T00:00:00Z,7852.96999965322
1392,2023-06-13T00:00:00Z,7849.825982662436
1393,2023-06-14T00:00:00Z,7849.825982662436
1394,2023-06-15T00:00:00Z,7889.104718044309
1395,2023-06-16T00:00:00Z,7886.885603981476
1396,2023-06-18T00:00:00Z,7886.885603981476
1397,2023-06-19T00:00:00Z,7886.885603981476
1398,2023-06-20T00:00:00Z,7886.885603981476
1399,2023-06-21T00:00:00Z,7886.885603981476
1400,2023-06-22T00:00:00Z,7961.31067221934
1401,2023-06-23T00:00:00Z,7958.158517726988
1402,2023-06-25T00:00:00Z,7949.041661177499
1403,2023-06-26T00:00:00Z,7946.233716899331
1404,2023-06-27T00:00:00Z,7901.6690731475455
1405,2023-06-28T00:00:00Z,7899.082553382357
1406,2023-06-29T00:00:00Z,7906.87887516556
1407,2023-06-30T00:00:00Z,7903.631635186001
1408,2023-07-02T00:00:00Z,7896.093966536331
1409,2023-07-03T00:00:00Z,7892.858504896645
1410,2023-07-04T00:00:00Z,7918.368157768756
1411,2023-07-05T00:00:00Z,7914.804122324239
1412,2023-07-06T00:00:00Z,7914.804122324239
1413,2023-07-07T00:00:00Z,7914.804122324239
1414,2023-07-09T00:00:00Z,7914.804122324239
1415,2023-07-10T00:00:00Z,7914.804122324239
1416,2023-07-11T00:00:00Z,7914.804122324239
1417,2023-07-12T00:00:00Z,7914.804122324239
1418,2023-07-13T00:00:00Z,7954.041851992332
1419,2023-07-14T00:00:00Z,7950.067683830019
1420,2023-07-16T00:00:00Z,7941.826389001564
1421,2023-07-17T00:00:00Z,7937.435968353145
1422,2023-07-18T00:00:00Z,7984.926270570651
1423,2023-07-19T00:00:00Z,7980.7839005686355
1424,2023-07-20T00:00:00Z,7996.751581313885
1425,2023-07-21T00:00:00Z,7991.900744510911
1426,2023-07-23T00:00:00Z,7978.075889274909
1427,2023-07-24T00:00:00Z,7974.091276636214
1428,2023-07-25T00:00:00Z,7974.091276636214
1429,2023-07-26T00:00:00Z,7978.950592099954
1430,2023-07-27T00:00:00Z,7975.105401621211
1431,2023-07-28T00:00:00Z,7975.105401621211
1432,2023-07-30T00:00:00Z,7965.43722836942
1433,2023-07-31T00:00:00Z,7961.153310434481
1434,2023-08-01T00:00:00Z,7961.153310434481
1435,2023-08-02T00:00:00Z,7878.870907724905
1436,2023-08-03T00:00:00Z,7878.870907724905
1437,2023-08-04T00:00:00Z,7878.870907724905
1438,2023-08-06T00:00:00Z,7878.870907724905
1439,2023-08-07T00:00:00Z,7878.870907724905
1440,2023-08-08T00:00:00Z,7878.870907724905
1441,2023-08-09T00:00:00Z,7878.870907724905
1442,2023-08-10T00:00:00Z,7878.870907724905
1443,2023-08-11T00:00:00Z,7879.99882423986
1444,2023-08-13T00:00:00Z,7875.847989469186
1445,2023-08-14T00:00:00Z,7856.855066782344
1446,2023-08-15T00:00:00Z,7853.440742103194
1447,2023-08-16T00:00:00Z,7798.19027580927
1448,2023-08-17T00:00:00Z,7794.63487417424
1449,2023-08-18T00:00:00Z,7794.63487417424
1450,2023-08-20T00:00:00Z,7790.426717337932
1451,2023-08-21T00:00:00Z,7786.492198039903
1452,2023-08-22T00:00:00Z,7769.050967017664
1453,2023-08-23T00:00:00Z,7765.112576867229
1454,2023-08-24T00:00:00Z,7770.4085350441255
1455,2023-08-25T00:00:00Z,7766.634260358881
1456,2023-08-27T00:00:00Z,7766.634260358881
1457,2023-08-28T00:00:00Z,7766.634260358881
1458,2023-08-29T00:00:00Z,7766.634260358881
1459,2023-08-30T00:00:00Z,7766.634260358881
1460,2023-08-31T00:00:00Z,7766.634260358881
1461,2023-09-01T00:00:00Z,7686.339055293905
1462,2023-09-03T00:00:00Z,7686.339055293905
1463,2023-09-04T00:00:00Z,7686.339055293905
1464,2023-09-05T00:00:00Z,7686.339055293905
1465,2023-09-06T00:00:00Z,7686.339055293905
1466,2023-09-07T00:00:00Z,7686.339055293905
1467,2023-09-08T00:00:00Z,7697.209258375092
1468,2023-09-10T00:00:00Z,7691.214537899164
1469,2023-09-11T00:00:00Z,7696.689375892473
1470,2023-09-12T00:00:00Z,7691.83537894098
1471,2023-09-13T00:00:00Z,7691.83537894098
1472,2023-09-14T00:00:00Z,7744.804231717103
1473,2023-09-15T00:00:00Z,7739.3967479554285
1474,2023-09-17T00:00:00Z,7730.467730114158
1475,2023-09-18T00:00:00Z,7725.544806284189
1476,2023-09-19T00:00:00Z,7707.985500491811
1477,2023-09-20T00:00:00Z,7701.895206943171
1478,2023-09-21T00:00:00Z,7701.895206943171
1479,2023-09-22T00:00:00Z,7715.3504475120735
1480,2023-09-24T00:00:00Z,7708.170754629
1481,2023-09-25T00:00:00Z,7675.638056605785
1482,2023-09-26T00:00:00Z,7670.964965339294
1483,2023-09-27T00:00:00Z,7670.964965339294
1484,2023-09-28T00:00:00Z,7611.194230061963
1485,2023-09-29T00:00:00Z,7607.468100201336
1486,2023-10-01T00:00:00Z,7607.468100201336
1487,2023-10-02T00:00:00Z,7607.468100201336
1488,2023-10-03T00:00:00Z,7607.468100201336
1489,2023-10-04T00:00:00Z,7607.468100201336
1490,2023-10-05T00:00:00Z,7607.468100201336
1491,2023-10-06T00:00:00Z,7607.468100201336
1492,2023-10-08T00:00:00Z,7607.468100201336
1493,2023-10-09T00:00:00Z,7607.468100201336
1494,2023-10-10T00:00:00Z,7607.468100201336
1495,2023-10-11T00:00:00Z,7552.33460502365
1496,2023-10-12T00:00:00Z,7549.931144204213
1497,2023-10-13T00:00:00Z,7549.931144204213
1498,2023-10-15T00:00:00Z,7540.273125862752
1499,2023-10-16T00:00:00Z,7537.798237886905
1500,2023-10-17T00:00:00Z,7537.798237886905
1501,2023-10-18T00:00:00Z,7537.798237886905
1502,2023-10-19T00:00:00Z,7498.041019964246
1503,2023-10-20T00:00:00Z,7496.284920143593
1504,2023-10-22T00:00:00Z,7499.472544077865
1505,2023-10-23T00:00:00Z,7496.770644975233
1506,2023-10-24T00:00:00Z,7540.459277319043
1507,2023-10-25T00:00:00Z,7538.18588282696
1508,2023-10-26T00:00:00Z,7564.337522590182
1509,2023-10-27T00:00:00Z,7561.726394713088
1510,2023-10-29T00:00:00Z,7561.726394713088
1511,2023-10-30T00:00:00Z,7595.2468212879085
1512,2023-10-31T00:00:00Z,7592.6122297752645
1513,2023-11-01T00:00:00Z,7597.8883833468135
1514,2023-11-02T00:00:00Z,7595.253516130173
1515,2023-11-03T00:00:00Z,7595.253516130173
1516,2023-11-05T00:00:00Z,7595.253516130173
1517,2023-11-06T00:00:00Z,7595.253516130173
1518,2023-11-07T00:00:00Z,7517.674136524525
1519,2023-11-08T00:00:00Z,7517.674136524525
1520,2023-11-09T00:00:00Z,7514.886981803487
1521,2023-11-10T00:00:00Z,7512.477908162073
1522,2023-11-12T00:00:00Z,7512.477908162073
1523,2023-11-13T00:00:00Z,7544.113524108041
1524,2023-11-14T00:00:00Z,7541.2372699554335
1525,2023-11-15T00:00:00Z,7499.798895809254
1526,2023-11-16T00:00:00Z,7496.9933750318805
1527,2023-11-17T00:00:00Z,7496.9933750318805
1528,2023-11-19T00:00:00Z,7502.201858088443
1529,2023-11-20T00:00:00Z,7499.312676943473
1530,2023-11-21T00:00:00Z,7497.680377754065
1531,2023-11-22T00:00:00Z,7494.905229913055
1532,2023-11-23T00:00:00Z,7494.905229913055
1533,2023-11-24T00:00:00Z,7517.075650601911
1534,2023-11-26T00:00:00Z,7507.36395404176
1535,2023-11-27T00:00:00Z,7492.469542393047
1536,2023-11-28T00:00:00Z,7489.442987687796
1537,2023-11-29T00:00:00Z,7509.619339643699
1538,2023-11-30T00:00:00Z,7506.6718727347115
1539,2023-12-01T00:00:00Z,7506.6718727347115
1540,2023-12-03T00:00:00Z,7506.6718727347115
1541,2023-12-04T00:00:00Z,7506.6718727347115
1542,2023-12-05T00:00:00Z,7476.1855996003205
1543,2023-12-06T00:00:00Z,7473.241514951044
1544,2023-12-07T00:00:00Z,7476.973574540896
1545,2023-12-08T00:00:00Z,7474.359030418506
1546,2023-12-10T00:00:00Z,7475.463505259656
1547,2023-12-11T00:00:00Z,7472.224752650329
1548,2023-12-12T00:00:00Z,7395.803357652254
1549,2023-12-13T00:00:00Z,7419.19246277767
1550,2023-12-14T00:00:00Z,7416.602417234739
1551,2023-12-15T00:00:00Z,7418.678039598964
1552,2023-12-17T00:00:00Z,7428.171216861081
1553,2023-12-18T00:00:00Z,7431.756791866776
1554,2023-12-19T00:00:00Z,7428.713079905947
1555,2023-12-20T00:00:00Z,7414.800778649747
1556,2023-12-21T00:00:00Z,7411.969917819463
1557,2023-12-22T00:00:00Z,7400.236790173248
1558,2023-12-25T00:00:00Z,7404.65955194573
1559,2023-12-26T00:00:00Z,7438.387674262126
1560,2023-12-27T00:00:00Z,7435.156764871973
1561,2023-12-28T00:00:00Z,7386.044871915006
1562,2023-12-29T00:00:00Z,7382.958393517985
1563,2024-01-01T00:00:00Z,7395.60479288552
1564,2024-01-02T00:00:00Z,7392.422479623942
1565,2024-01-03T00:00:00Z,7452.0692824254365
1566,2024-01-04T00:00:00Z,7449.012320545605
1567,2024-01-05T00:00:00Z,7449.012320545605
1568,2024-01-07T00:00:00Z,7448.207337539716
1569,2024-01-08T00:00:00Z,7445.588672444433
1570,2024-01-09T00:00:00Z,7475.124253769023
1571,2024-01-10T00:00:00Z,7472.323159720834
1572,2024-01-11T00:00:00Z,7472.323159720834
1573,2024-01-12T00:00:00Z,7482.065646053794
1574,2024-01-14T00:00:00Z,7491.843253682856
1575,2024-01-15T00:00:00Z,7491.843253682856
1576,2024-01-16T00:00:00Z,7491.843253682856
1577,2024-01-17T00:00:00Z,7491.843253682856
1578,2024-01-18T00:00:00Z,7491.843253682856
1579,2024-01-19T00:00:00Z,7491.843253682856
1580,2024-01-21T00:00:00Z,7491.843253682856
1581,2024-01-22T00:00:00Z,7491.843253682856
1582,2024-01-23T00:00:00Z,7491.843253682856
1583,2024-01-24T00:00:00Z,7511.466038987488
1584,2024-01-25T00:00:00Z,7508.485960537039
1585,2024-01-26T00:00:00Z,7478.761494890706
1586,2024-01-28T00:00:00Z,7452.455778591718
1587,2024-01-29T00:00:00Z,7452.455778591718
1588,2024-01-30T00:00:00Z,7452.455778591718
1589,2024-01-31T00:00:00Z,7452.455778591718
1590,2024-02-01T00:00:00Z,7409.073137638546
1591,2024-02-02T00:00:00Z,7405.957526061598
1592,2024-02-04T00:00:00Z,7402.850985004897
1593,2024-02-05T00:00:00Z,7399.747169949046
1594,2024-02-06T00:00:00Z,7415.218673670511
1595,2024-02-07T00:00:00Z,7412.176078470599
1596,2024-02-08T00:00:00Z,7471.299798471062
1597,2024-02-09T00:00:00Z,7468.016854962971
1598,2024-02-11T00:00:00Z,7470.525545556814
1599,2024-02-12T00:00:00Z,7467.296293437635
1600,2024-02-13T00:00:00Z,7485.941399820939
1601,2024-02-14T00:00:00Z,7482.3302062982
1602,2024-02-15T00:00:00Z,7522.495195880986
1603,2024-02-16T00:00:00Z,7518.933406307638
1604,2024-02-18T00:00:00Z,7518.877441262282
1605,2024-02-19T00:00:00Z,7515.289512853547
1606,2024-02-20T00:00:00Z,7483.205660009612
1607,2024-02-21T00:00:00Z,7479.018742876632
1608,2024-02-22T00:00:00Z,7479.864581671079
1609,2024-02-23T00:00:00Z,7475.843673389162
1610,2024-02-25T00:00:00Z,7478.431444791695
1611,2024-02-26T00:00:00Z,7474.706429090655
1612,2024-02-27T00:00:00Z,7474.706429090655
1613,2024-02-28T00:00:00Z,7462.854017760137
1614,2024-02-29T00:00:00Z,7458.964062600181
1615,2024-03-01T00:00:00Z,7500.587257616406
1616,2024-03-03T00:00:00Z,7508.0680045385825
1617,2024-03-04T00:00:00Z,7463.952411072824
1618,2024-03-05T00:00:00Z,7459.365489600072
1619,2024-03-06T00:00:00Z,7480.990182316443
1620,2024-03-07T00:00:00Z,7476.851127534444
1621,2024-03-08T00:00:00Z,7433.12473816452
1622,2024-03-10T00:00:00Z,7430.747473535442
1623,2024-03-11T00:00:00Z,7434.883966559514
1624,2024-03-12T00:00:00Z,7430.932829524079
1625,2024-03-13T00:00:00Z,7430.932829524079
1626,2024-03-14T00:00:00Z,7430.932829524079
1627,2024-03-15T00:00:00Z,7430.932829524079
1628,2024-03-17T00:00:00Z,7430.932829524079
1629,2024-03-18T00:00:00Z,7430.932829524079
1630,2024-03-19T00:00:00Z,7430.932829524079
1631,2024-03-20T00:00:00Z,7430.932829524079
1632,2024-03-21T00:00:00Z,7430.932829524079
1633,2024-03-22T00:00:00Z,7430.932829524079
1634,2024-03-24T00:00:00Z,7430.932829524079
1635,2024-03-25T00:00:00Z,7430.932829524079
1636,2024-03-26T00:00:00Z,7430.932829524079
1637,2024-03-27T00:00:00Z,7430.932829524079
1638,2024-03-28T00:00:00Z,7430.932829524079
1639,2024-03-29T00:00:00Z,7430.932829524079
1640,2024-03-31T00:00:00Z,7430.932829524079
1641,2024-04-01T00:00:00Z,7430.932829524079
1642,2024-04-02T00:00:00Z,7492.987750011442
1643,2024-04-03T00:00:00Z,7486.941128736095
1644,2024-04-04T00:00:00Z,7486.941128736095
1645,2024-04-05T00:00:00Z,7486.941128736095
1646,2024-04-07T00:00:00Z,7486.941128736095
1647,2024-04-08T00:00:00Z,7486.941128736095
1648,2024-04-09T00:00:00Z,7486.941128736095
1649,2024-04-10T00:00:00Z,7515.316605770432
1650,2024-04-11T00:00:00Z,7510.304122872179
1651,2024-04-12T00:00:00Z,7510.304122872179
1652,2024-04-14T00:00:00Z,7510.304122872179
1653,2024-04-15T00:00:00Z,7510.304122872179
1654,2024-04-16T00:00:00Z,7510.304122872179
1655,2024-04-17T00:00:00Z,7510.304122872179
1656,2024-04-18T00:00:00Z,7510.304122872179
1657,2024-04-19T00:00:00Z,7510.304122872179
1658,2024-04-21T00:00:00Z,7505.900572119675
1659,2024-04-22T00:00:00Z,7502.490613695016
1660,2024-04-23T00:00:00Z,7533.471399421296
1661,2024-04-24T00:00:00Z,7529.889814325098
1662,2024-04-25T00:00:00Z,7499.03319847952
1663,2024-04-26T00:00:00Z,7495.501438611868
1664,2024-04-28T00:00:00Z,7499.866275131743
1665,2024-04-29T00:00:00Z,7496.270312274136
1666,2024-04-30T00:00:00Z,7527.585077382639
1667,2024-05-01T00:00:00Z,7523.757851357742
1668,2024-05-02T00:00:00Z,7523.757851357742
1669,2024-05-03T00:00:00Z,7523.757851357742
1670,2024-05-05T00:00:00Z,7523.757851357742
1671,2024-05-06T00:00:00Z,7523.757851357742
1672,2024-05-07T00:00:00Z,7523.757851357742
1673,2024-05-08T00:00:00Z,7523.757851357742
1674,2024-05-09T00:00:00Z,7523.757851357742
1675,2024-05-10T00:00:00Z,7470.925084363263
1676,2024-05-12T00:00:00Z,7463.186906701111
1677,2024-05-13T00:00:00Z,7463.186906701111
1678,2024-05-14T00:00:00Z,7463.186906701111
1679,2024-05-15T00:00:00Z,7463.186906701111
1680,2024-05-16T00:00:00Z,7463.186906701111
1681,2024-05-17T00:00:00Z,7463.186906701111
1682,2024-05-19T00:00:00Z,7463.186906701111
1683,2024-05-20T00:00:00Z,7463.186906701111
1684,2024-05-21T00:00:00Z,7463.186906701111
1685,2024-05-22T00:00:00Z,7463.186906701111
1686,2024-05-23T00:00:00Z,7463.186906701111
1687,2024-05-24T00:00:00Z,7463.186906701111
1688,2024-05-26T00:00:00Z,7463.186906701111
1689,2024-05-27T00:00:00Z,7463.186906701111
1690,2024-05-28T00:00:00Z,7463.186906701111
1691,2024-05-29T00:00:00Z,7463.186906701111
1692,2024-05-30T00:00:00Z,7463.186906701111
1693,2024-05-31T00:00:00Z,7463.186906701111
1694,2024-06-02T00:00:00Z,7463.186906701111
1695,2024-06-03T00:00:00Z,7463.186906701111
1696,2024-06-04T00:00:00Z,7463.186906701111
1697,2024-06-05T00:00:00Z,7463.186906701111
1698,2024-06-06T00:00:00Z,7463.186906701111
1699,2024-06-07T00:00:00Z,7463.186906701111
1700,2024-06-09T00:00:00Z,7463.186906701111
1701,2024-06-10T00:00:00Z,7463.186906701111
1702,2024-06-11T00:00:00Z,7463.186906701111
1703,2024-06-12T00:00:00Z,7463.186906701111
1704,2024-06-13T00:00:00Z,7463.186906701111
1705,2024-06-14T00:00:00Z,7463.186906701111
1706,2024-06-16T00:00:00Z,7463.186906701111
1707,2024-06-17T00:00:00Z,7463.186906701111
1708,2024-06-18T00:00:00Z,7463.186906701111
1709,2024-06-19T00:00:00Z,7463.186906701111
1710,2024-06-20T00:00:00Z,7463.186906701111
1711,2024-06-21T00:00:00Z,7463.186906701111
1712,2024-06-23T00:00:00Z,7463.186906701111
1713,2024-06-24T00:00:00Z,7463.186906701111
1714,2024-06-25T00:00:00Z,7463.186906701111
1715,2024-06-26T00:00:00Z,7463.186906701111
1716,2024-06-27T00:00:00Z,7463.186906701111
1717,2024-06-28T00:00:00Z,7463.186906701111
1718,2024-06-30T00:00:00Z,7463.186906701111
1719,2024-07-01T00:00:00Z,7463.186906701111
1720,2024-07-02T00:00:00Z,7463.186906701111
1721,2024-07-03T00:00:00Z,7463.186906701111
1722,2024-07-04T00:00:00Z,7463.186906701111
1723,2024-07-05T00:00:00Z,7463.186906701111
1724,2024-07-07T00:00:00Z,7463.186906701111
1725,2024-07-08T00:00:00Z,7463.186906701111
1726,2024-07-09T00:00:00Z,7463.186906701111
1727,2024-07-10T00:00:00Z,7463.186906701111
1728,2024-07-11T00:00:00Z,7463.186906701111
1729,2024-07-12T00:00:00Z,7463.186906701111
1730,2024-07-14T00:00:00Z,7463.186906701111
1731,2024-07-15T00:00:00Z,7463.186906701111
1732,2024-07-16T00:00:00Z,7463.186906701111
1733,2024-07-17T00:00:00Z,7463.186906701111
1734,2024-07-18T00:00:00Z,7463.186906701111
1735,2024-07-19T00:00:00Z,7463.186906701111
1736,2024-07-21T00:00:00Z,7463.186906701111
1737,2024-07-22T00:00:00Z,7463.186906701111
1738,2024-07-23T00:00:00Z,7463.186906701111
1739,2024-07-24T00:00:00Z,7463.186906701111
1740,2024-07-25T00:00:00Z,7463.186906701111
1741,2024-07-26T00:00:00Z,7463.186906701111
1742,2024-07-28T00:00:00Z,7463.186906701111
1743,2024-07-29T00:00:00Z,7463.186906701111
1744,2024-07-30T00:00:00Z,7463.186906701111
1745,2024-07-31T00:00:00Z,7463.186906701111
1746,2024-08-01T00:00:00Z,7463.186906701111
1747,2024-08-02T00:00:00Z,7463.186906701111
1748,2024-08-04T00:00:00Z,7463.186906701111
1749,2024-08-05T00:00:00Z,7463.186906701111
1750,2024-08-06T00:00:00Z,7463.186906701111
1751,2024-08-07T00:00:00Z,7463.186906701111
1752,2024-08-08T00:00:00Z,7463.186906701111
1753,2024-08-09T00:00:00Z,7463.186906701111
1754,2024-08-11T00:00:00Z,7463.186906701111
1755,2024-08-12T00:00:00Z,7463.186906701111
1756,2024-08-13T00:00:00Z,7463.186906701111
1757,2024-08-14T00:00:00Z,7463.186906701111
1758,2024-08-15T00:00:00Z,7463.186906701111
1759,2024-08-16T00:00:00Z,7463.186906701111
1760,2024-08-18T00:00:00Z,7463.186906701111
1761,2024-08-19T00:00:00Z,7463.186906701111
1762,2024-08-20T00:00:00Z,7463.186906701111
1763,2024-08-21T00:00:00Z,7463.186906701111
1764,2024-08-22T00:00:00Z,7463.186906701111
1765,2024-08-23T00:00:00Z,7463.186906701111
1766,2024-08-25T00:00:00Z,7463.186906701111
1767,2024-08-26T00:00:00Z,7463.186906701111
1768,2024-08-27T00:00:00Z,7463.186906701111
1769,2024-08-28T00:00:00Z,7463.186906701111
1770,2024-08-29T00:00:00Z,7463.186906701111
1771,2024-08-30T00:00:00Z,7463.186906701111
1772,2024-09-01T00:00:00Z,7463.186906701111
1773,2024-09-02T00:00:00Z,7463.186906701111
1774,2024-09-03T00:00:00Z,7463.186906701111
1775,2024-09-04T00:00:00Z,7463.186906701111
1776,2024-09-05T00:00:00Z,7463.186906701111
1777,2024-09-06T00:00:00Z,7463.186906701111
1778,2024-09-08T00:00:00Z,7463.186906701111
1779,2024-09-09T00:00:00Z,7463.186906701111
1780,2024-09-10T00:00:00Z,7463.186906701111
1781,2024-09-11T00:00:00Z,7463.186906701111
1782,2024-09-12T00:00:00Z,7463.186906701111
1783,2024-09-13T00:00:00Z,7463.186906701111
1784,2024-09-15T00:00:00Z,7463.186906701111
1785,2024-09-16T00:00:00Z,7463.186906701111
1786,2024-09-17T00:00:00Z,7463.186906701111
1787,2024-09-18T00:00:00Z,7463.186906701111
1788,2024-09-19T00:00:00Z,7463.186906701111
1789,2024-09-20T00:00:00Z,7463.186906701111
1790,2024-09-22T00:00:00Z,7463.186906701111
1791,2024-09-23T00:00:00Z,7463.186906701111
1792,2024-09-24T00:00:00Z,7463.186906701111
1793,2024-09-25T00:00:00Z,7463.186906701111
1794,2024-09-26T00:00:00Z,7463.186906701111
1795,2024-09-27T00:00:00Z,7463.186906701111
1796,2024-09-29T00:00:00Z,7463.186906701111
1797,2024-09-30T00:00:00Z,7463.186906701111
1798,2024-10-01T00:00:00Z,7463.186906701111
1799,2024-10-02T00:00:00Z,7463.186906701111
1800,2024-10-03T00:00:00Z,7463.186906701111
1801,2024-10-04T00:00:00Z,7463.186906701111
1802,2024-10-06T00:00:00Z,7463.186906701111
1803,2024-10-07T00:00:00Z,7463.186906701111
1804,2024-10-08T00:00:00Z,7463.186906701111
1805,2024-10-09T00:00:00Z,7463.186906701111
1806,2024-10-10T00:00:00Z,7463.186906701111
1807,2024-10-11T00:00:00Z,7463.186906701111
1808,2024-10-13T00:00:00Z,7463.186906701111
1809,2024-10-14T00:00:00Z,7463.186906701111
1810,2024-10-15T00:00:00Z,7463.186906701111
1811,2024-10-16T00:00:00Z,7463.186906701111
1812,2024-10-17T00:00:00Z,7463.186906701111
1813,2024-10-18T00:00:00Z,7463.186906701111
1814,2024-10-20T00:00:00Z,7463.186906701111
1815,2024-10-21T00:00:00Z,7463.186906701111
1816,2024-10-22T00:00:00Z,7463.186906701111
1817,2024-10-23T00:00:00Z,7463.186906701111
1818,2024-10-24T00:00:00Z,7463.186906701111
1819,2024-10-25T00:00:00Z,7463.186906701111
1820,2024-10-27T00:00:00Z,7463.186906701111
1821,2024-10-28T00:00:00Z,7463.186906701111
1822,2024-10-29T00:00:00Z,7463.186906701111
1823,2024-10-30T00:00:00Z,7463.186906701111
1824,2024-10-31T00:00:00Z,7463.186906701111
1825,2024-11-01T00:00:00Z,7463.186906701111
1826,2024-11-03T00:00:00Z,7463.186906701111
1827,2024-11-04T00:00:00Z,7463.186906701111
1828,2024-11-05T00:00:00Z,7463.186906701111
1829,2024-11-06T00:00:00Z,7463.186906701111
1830,2024-11-07T00:00:00Z,7463.186906701111
1831,2024-11-08T00:00:00Z,7463.186906701111
1832,2024-11-10T00:00:00Z,7463.186906701111
1833,2024-11-11T00:00:00Z,7463.186906701111
1834,2024-11-12T00:00:00Z,7463.186906701111
1835,2024-11-13T00:00:00Z,7463.186906701111
1836,2024-11-14T00:00:00Z,7463.186906701111
1837,2024-11-15T00:00:00Z,7463.186906701111
1838,2024-11-17T00:00:00Z,7463.186906701111
1839,2024-11-18T00:00:00Z,7463.186906701111
1840,2024-11-19T00:00:00Z,7463.186906701111
1841,2024-11-20T00:00:00Z,7463.186906701111
1842,2024-11-21T00:00:00Z,7463.186906701111
1843,2024-11-22T00:00:00Z,7463.186906701111
1844,2024-11-24T00:00:00Z,7463.186906701111
1845,2024-11-25T00:00:00Z,7463.186906701111
1846,2024-11-26T00:00:00Z,7463.186906701111
1847,2024-11-27T00:00:00Z,7463.186906701111
1848,2024-11-28T00:00:00Z,7463.186906701111
1849,2024-11-29T00:00:00Z,7463.186906701111
1850,2024-12-01T00:00:00Z,7463.186906701111
1851,2024-12-02T00:00:00Z,7463.186906701111
1852,2024-12-03T00:00:00Z,7463.186906701111
1853,2024-12-04T00:00:00Z,7463.186906701111
1854,2024-12-05T00:00:00Z,7463.186906701111
1855,2024-12-06T00:00:00Z,7463.186906701111
1856,2024-12-08T00:00:00Z,7463.186906701111
1857,2024-12-09T00:00:00Z,7463.186906701111
1858,2024-12-10T00:00:00Z,7463.186906701111
1859,2024-12-11T00:00:00Z,7463.186906701111
1860,2024-12-12T00:00:00Z,7463.186906701111
1861,2024-12-13T00:00:00Z,7463.186906701111
1862,2024-12-15T00:00:00Z,7463.186906701111
1863,2024-12-16T00:00:00Z,7463.186906701111
1864,2024-12-17T00:00:00Z,7463.186906701111
1865,2024-12-18T00:00:00Z,7463.186906701111
1866,2024-12-19T00:00:00Z,7463.186906701111
1867,2024-12-20T00:00:00Z,7463.186906701111
1868,2024-12-22T00:00:00Z,7463.186906701111
1869,2024-12-23T00:00:00Z,7463.186906701111
1870,2024-12-24T00:00:00Z,7463.186906701111
1871,2024-12-25T00:00:00Z,7463.186906701111
1872,2024-12-26T00:00:00Z,7463.186906701111
1873,2024-12-27T00:00:00Z,7463.186906701111
1874,2024-12-29T00:00:00Z,7463.186906701111
1875,2024-12-30T00:00:00Z,7463.186906701111
1876,2024-12-31T00:00:00Z,7463.186906701111
1877,2025-01-01T00:00:00Z,7463.186906701111
1878,2025-01-02T00:00:00Z,7463.186906701111
1879,2025-01-03T00:00:00Z,7463.186906701111
1880,2025-01-05T00:00:00Z,7463.186906701111
1881,2025-01-06T00:00:00Z,7463.186906701111
1882,2025-01-07T00:00:00Z,7463.186906701111
1883,2025-01-08T00:00:00Z,7463.186906701111
1884,2025-01-09T00:00:00Z,7463.186906701111
1885,2025-01-10T00:00:00Z,7463.186906701111
1886,2025-01-12T00:00:00Z,7463.186906701111
1887,2025-01-13T00:00:00Z,7463.186906701111
1888,2025-01-14T00:00:00Z,7463.186906701111
1889,2025-01-15T00:00:00Z,7463.186906701111
1890,2025-01-16T00:00:00Z,7463.186906701111
1891,2025-01-17T00:00:00Z,7463.186906701111
1892,2025-01-19T00:00:00Z,7463.186906701111
1893,2025-01-20T00:00:00Z,7463.186906701111
1894,2025-01-21T00:00:00Z,7463.186906701111
1895,2025-01-22T00:00:00Z,7463.186906701111
1896,2025-01-23T00:00:00Z,7463.186906701111
1897,2025-01-24T00:00:00Z,7463.186906701111
1898,2025-01-26T00:00:00Z,7463.186906701111
1899,2025-01-27T00:00:00Z,7463.186906701111
1900,2025-01-28T00:00:00Z,7463.186906701111
1901,2025-01-29T00:00:00Z,7463.186906701111
1902,2025-01-30T00:00:00Z,7463.186906701111
1903,2025-01-31T00:00:00Z,7463.186906701111
1904,2025-02-02T00:00:00Z,7463.186906701111
1905,2025-02-03T00:00:00Z,7463.186906701111
1906,2025-02-04T00:00:00Z,7463.186906701111
1907,2025-02-05T00:00:00Z,7463.186906701111
1908,2025-02-06T00:00:00Z,7463.186906701111
1909,2025-02-07T00:00:00Z,7463.186906701111
1910,2025-02-09T00:00:00Z,7463.186906701111
1911,2025-02-10T00:00:00Z,7463.186906701111
1912,2025-02-11T00:00:00Z,7463.186906701111
1913,2025-02-12T00:00:00Z,7463.186906701111
1914,2025-02-13T00:00:00Z,7463.186906701111
1915,2025-02-14T00:00:00Z,7463.186906701111
1916,2025-02-16T00:00:00Z,7463.186906701111
1917,2025-02-17T00:00:00Z,7463.186906701111
1918,2025-02-18T00:00:00Z,7463.186906701111
1919,2025-02-19T00:00:00Z,7463.186906701111
1920,2025-02-20T00:00:00Z,7463.186906701111
1921,2025-02-21T00:00:00Z,7463.186906701111
1922,2025-02-23T00:00:00Z,7463.186906701111
1923,2025-02-24T00:00:00Z,7463.186906701111
1924,2025-02-25T00:00:00Z,7463.186906701111
1925,2025-02-26T00:00:00Z,7463.186906701111
1926,2025-02-27T00:00:00Z,7463.186906701111
1927,2025-02-28T00:00:00Z,7463.186906701111
1928,2025-03-02T00:00:00Z,7463.186906701111
1929,2025-03-03T00:00:00Z,7463.186906701111
1930,2025-03-04T00:00:00Z,7463.186906701111
1931,2025-03-05T00:00:00Z,7463.186906701111
1932,2025-03-06T00:00:00Z,7463.186906701111
1933,2025-03-07T00:00:00Z,7463.186906701111
1934,2025-03-09T00:00:00Z,7463.186906701111
1935,2025-03-10T00:00:00Z,7463.186906701111
1936,2025-03-11T00:00:00Z,7463.186906701111
1937,2025-03-12T00:00:00Z,7463.186906701111
1938,2025-03-13T00:00:00Z,7463.186906701111
1939,2025-03-14T00:00:00Z,7463.186906701111
1940,2025-03-16T00:00:00Z,7463.186906701111
1941,2025-03-17T00:00:00Z,7463.186906701111
1942,2025-03-18T00:00:00Z,7463.186906701111
1943,2025-03-19T00:00:00Z,7463.186906701111
1944,2025-03-20T00:00:00Z,7463.186906701111
1945,2025-03-21T00:00:00Z,7463.186906701111
1946,2025-03-23T00:00:00Z,7463.186906701111
1947,2025-03-24T00:00:00Z,7463.186906701111
1948,2025-03-25T00:00:00Z,7463.186906701111
1949,2025-03-26T00:00:00Z,7463.186906701111
1950,2025-03-27T00:00:00Z,7463.186906701111
1951,2025-03-28T00:00:00Z,7463.186906701111
1952,2025-03-30T00:00:00Z,7463.186906701111
1953,2025-03-31T00:00:00Z,7463.186906701111
1954,2025-04-01T00:00:00Z,7463.186906701111
1955,2025-04-02T00:00:00Z,7463.186906701111
1956,2025-04-03T00:00:00Z,7463.186906701111
1957,2025-04-04T00:00:00Z,7463.186906701111
1958,2025-04-06T00:00:00Z,7463.186906701111
1959,2025-04-07T00:00:00Z,7463.186906701111
1960,2025-04-08T00:00:00Z,7463.186906701111
1961,2025-04-09T00:00:00Z,7463.186906701111
1962,2025-04-10T00:00:00Z,7463.186906701111
1963,2025-04-11T00:00:00Z,7463.186906701111
1964,2025-04-13T00:00:00Z,7463.186906701111
1965,2025-04-14T00:00:00Z,7463.186906701111
1966,2025-04-15T00:00:00Z,7463.186906701111
1967,2025-04-16T00:00:00Z,7463.186906701111
1968,2025-04-17T00:00:00Z,7463.186906701111
1969,2025-04-18T00:00:00Z,7463.186906701111
1970,2025-04-20T00:00:00Z,7463.186906701111
1971,2025-04-21T00:00:00Z,7463.186906701111
1972,2025-04-22T00:00:00Z,7463.186906701111
1973,2025-04-23T00:00:00Z,7463.186906701111
1974,2025-04-24T00:00:00Z,7463.186906701111
1975,2025-04-25T00:00:00Z,7463.186906701111
1976,2025-04-27T00:00:00Z,7463.186906701111
1977,2025-04-28T00:00:00Z,7463.186906701111
1978,2025-04-29T00:00:00Z,7463.186906701111
1979,2025-04-30T00:00:00Z,7463.186906701111
1980,2025-05-01T00:00:00Z,7463.186906701111
1981,2025-05-02T00:00:00Z,7463.186906701111
1982,2025-05-04T00:00:00Z,7463.186906701111
1983,2025-05-05T00:00:00Z,7463.186906701111
1984,2025-05-06T00:00:00Z,7463.186906701111
1985,2025-05-07T00:00:00Z,7463.186906701111
1986,2025-05-08T00:00:00Z,7463.186906701111
1987,2025-05-09T00:00:00Z,7463.186906701111
1988,2025-05-11T00:00:00Z,7463.186906701111
1989,2025-05-12T00:00:00Z,7463.186906701111
1990,2025-05-13T00:00:00Z,7463.186906701111
1991,2025-05-14T00:00:00Z,7463.186906701111
1992,2025-05-15T00:00:00Z,7463.186906701111
1993,2025-05-16T00:00:00Z,7463.186906701111
1994,2025-05-18T00:00:00Z,7463.186906701111
1995,2025-05-19T00:00:00Z,7463.186906701111
1996,2025-05-20T00:00:00Z,7463.186906701111
1997,2025-05-21T00:00:00Z,7463.186906701111
1998,2025-05-22T00:00:00Z,7463.186906701111
1999,2025-05-23T00:00:00Z,7463.186906701111
2000,2025-05-25T00:00:00Z,7463.186906701111
2001,2025-05-26T00:00:00Z,7463.186906701111
2002,2025-05-27T00:00:00Z,7463.186906701111
2003,2025-05-28T00:00:00Z,7463.186906701111
2004,2025-05-29T00:00:00Z,7463.186906701111
2005,2025-05-30T00:00:00Z,7463.186906701111
2006,2025-06-01T00:00:00Z,7463.186906701111
2007,2025-06-02T00:00:00Z,7463.186906701111
2008,2025-06-03T00:00:00Z,7463.186906701111
2009,2025-06-04T00:00:00Z,7463.186906701111
2010,2025-06-05T00:00:00Z,7463.186906701111
2011,2025-06-06T00:00:00Z,7463.186906701111
2012,2025-06-08T00:00:00Z,7463.186906701111
2013,2025-06-09T00:00:00Z,7463.186906701111
2014,2025-06-10T00:00:00Z,7463.186906701111
2015,2025-06-11T00:00:00Z,7463.186906701111
2016,2025-06-12T00:00:00Z,7463.186906701111
2017,2025-06-13T00:00:00Z,7463.186906701111
2018,2025-06-15T00:00:00Z,7463.186906701111
2019,2025-06-16T00:00:00Z,7463.186906701111
2020,2025-06-17T00:00:00Z,7463.186906701111
2021,2025-06-18T00:00:00Z,7463.186906701111
2022,2025-06-19T00:00:00Z,7463.186906701111
2023,2025-06-20T00:00:00Z,7463.186906701111
2024,2025-06-22T00:00:00Z,7463.186906701111
2025,2025-06-23T00:00:00Z,7463.186906701111
2026,2025-06-24T00:00:00Z,7463.186906701111
2027,2025-06-25T00:00:00Z,7463.186906701111
2028,2025-06-26T00:00:00Z,7463.186906701111
2029,2025-06-27T00:00:00Z,7463.186906701111
2030,2025-06-29T00:00:00Z,7463.186906701111
2031,2025-06-30T00:00:00Z,7463.186906701111
2032,2025-07-01T00:00:00Z,7463.186906701111
2033,2025-07-02T00:00:00Z,7463.186906701111
2034,2025-07-03T00:00:00Z,7463.186906701111
2035,2025-07-04T00:00:00Z,7463.186906701111
2036,2025-07-06T00:00:00Z,7463.186906701111
2037,2025-07-07T00:00:00Z,7463.186906701111
2038,2025-07-08T00:00:00Z,7463.186906701111
2039,2025-07-09T00:00:00Z,7463.186906701111
2040,2025-07-10T00:00:00Z,7463.186906701111
2041,2025-07-11T00:00:00Z,7463.186906701111
2042,2025-07-13T00:00:00Z,7463.186906701111
2043,2025-07-14T00:00:00Z,7463.186906701111
2044,2025-07-15T00:00:00Z,7463.186906701111
2045,2025-07-16T00:00:00Z,7463.186906701111
2046,2025-07-17T00:00:00Z,7463.186906701111
2047,2025-07-18T00:00:00Z,7463.186906701111
2048,2025-07-20T00:00:00Z,7463.186906701111
2049,2025-07-21T00:00:00Z,7463.186906701111
2050,2025-07-22T00:00:00Z,7463.186906701111
2051,2025-07-23T00:00:00Z,7463.186906701111
2052,2025-07-24T00:00:00Z,7463.186906701111
2053,2025-07-25T00:00:00Z,7463.186906701111
2054,2025-07-27T00:00:00Z,7463.186906701111
2055,2025-07-28T00:00:00Z,7463.186906701111
2056,2025-07-29T00:00:00Z,7463.186906701111
2057,2025-07-30T00:00:00Z,7463.186906701111
2058,2025-07-31T00:00:00Z,7463.186906701111
2059,2025-08-01T00:00:00Z,7463.186906701111
2060,2025-08-03T00:00:00Z,7463.186906701111
2061,2025-08-04T00:00:00Z,7463.186906701111
2062,2025-08-05T00:00:00Z,7463.186906701111
2063,2025-08-06T00:00:00Z,7463.186906701111
2064,2025-08-07T00:00:00Z,7463.186906701111
2065,2025-08-08T00:00:00Z,7463.186906701111
2066,2025-08-10T00:00:00Z,7463.186906701111
2067,2025-08-11T00:00:00Z,7463.186906701111
2068,2025-08-12T00:00:00Z,7463.186906701111
2069,2025-08-13T00:00:00Z,7463.186906701111
2070,2025-08-14T00:00:00Z,7463.186906701111
2071,2025-08-15T00:00:00Z,7463.186906701111
2072,2025-08-17T00:00:00Z,7463.186906701111
2073,2025-08-18T00:00:00Z,7463.186906701111
2074,2025-08-19T00:00:00Z,7463.186906701111
2075,2025-08-20T00:00:00Z,7463.186906701111
2076,2025-08-21T00:00:00Z,7463.186906701111
2077,2025-08-22T00:00:00Z,7463.186906701111
2078,2025-08-24T00:00:00Z,7463.186906701111
2079,2025-08-25T00:00:00Z,7463.186906701111
2080,2025-08-26T00:00:00Z,7463.186906701111
2081,2025-08-27T00:00:00Z,7463.186906701111
2082,2025-08-28T00:00:00Z,7463.186906701111
2083,2025-08-29T00:00:00Z,7463.186906701111
2084,2025-08-31T00:00:00Z,7463.186906701111
2085,2025-09-01T00:00:00Z,7463.186906701111
2086,2025-09-02T00:00:00Z,7463.186906701111
2087,2025-09-03T00:00:00Z,7463.186906701111
2088,2025-09-04T00:00:00Z,7463.186906701111
2089,2025-09-05T00:00:00Z,7463.186906701111
2090,2025-09-07T00:00:00Z,7463.186906701111
2091,2025-09-08T00:00:00Z,7463.186906701111
2092,2025-09-09T00:00:00Z,7463.186906701111
2093,2025-09-10T00:00:00Z,7463.186906701111
2094,2025-09-11T00:00:00Z,7463.186906701111
2095,2025-09-12T00:00:00Z,7463.186906701111
2096,2025-09-14T00:00:00Z,7463.186906701111
2097,2025-09-15T00:00:00Z,7463.186906701111
2098,2025-09-16T00:00:00Z,7463.186906701111
2099,2025-09-17T00:00:00Z,7463.186906701111
2100,2025-09-18T00:00:00Z,7463.186906701111
2101,2025-09-19T00:00:00Z,7463.186906701111
2102,2025-09-21T00:00:00Z,7463.186906701111
2103,2025-09-22T00:00:00Z,7463.186906701111
2104,2025-09-23T00:00:00Z,7463.186906701111
2105,2025-09-24T00:00:00Z,7463.186906701111
2106,2025-09-25T00:00:00Z,7463.186906701111
2107,2025-09-26T00:00:00Z,7463.186906701111
2108,2025-09-28T00:00:00Z,7463.186906701111
2109,2025-09-29T00:00:00Z,7463.186906701111
2110,2025-09-30T00:00:00Z,7463.186906701111
2111,2025-10-01T00:00:00Z,7463.186906701111
2112,2025-10-02T00:00:00Z,7463.186906701111
2113,2025-10-03T00:00:00Z,7463.186906701111
2114,2025-10-05T00:00:00Z,7463.186906701111
2115,2025-10-06T00:00:00Z,7463.186906701111
2116,2025-10-07T00:00:00Z,7463.186906701111
2117,2025-10-08T00:00:00Z,7463.186906701111
2118,2025-10-09T00:00:00Z,7463.186906701111
2119,2025-10-10T00:00:00Z,7463.186906701111
2120,2025-10-12T00:00:00Z,7463.186906701111
2121,2025-10-13T00:00:00Z,7463.186906701111
2122,2025-10-14T00:00:00Z,7463.186906701111
2123,2025-10-15T00:00:00Z,7463.186906701111
2124,2025-10-16T00:00:00Z,7463.186906701111
2125,2025-10-17T00:00:00Z,7463.186906701111
2126,2025-10-19T00:00:00Z,7463.186906701111
2127,2025-10-20T00:00:00Z,7463.186906701111
2128,2025-10-21T00:00:00Z,7463.186906701111
2129,2025-10-22T00:00:00Z,7463.186906701111
2130,2025-10-23T00:00:00Z,7463.186906701111
2131,2025-10-24T00:00:00Z,7463.186906701111
2132,2025-10-26T00:00:00Z,7463.186906701111
2133,2025-10-27T00:00:00Z,7463.186906701111
2134,2025-10-28T00:00:00Z,7463.186906701111
2135,2025-10-29T00:00:00Z,7463.186906701111
2136,2025-10-30T00:00:00Z,7463.186906701111
2137,2025-10-31T00:00:00Z,7463.186906701111
2138,2025-11-02T00:00:00Z,7463.186906701111
2139,2025-11-03T00:00:00Z,7463.186906701111
2140,2025-11-04T00:00:00Z,7463.186906701111
2141,2025-11-05T00:00:00Z,7463.186906701111
2142,2025-11-06T00:00:00Z,7463.186906701111
2143,2025-11-07T00:00:00Z,7463.186906701111
2144,2025-11-09T00:00:00Z,7463.186906701111
2145,2025-11-10T00:00:00Z,7463.186906701111
2146,2025-11-11T00:00:00Z,7463.186906701111
2147,2025-11-12T00:00:00Z,7463.186906701111
2148,2025-11-13T00:00:00Z,7463.186906701111
2149,2025-11-14T00:00:00Z,7463.186906701111
2150,2025-11-16T00:00:00Z,7463.186906701111
2151,2025-11-17T00:00:00Z,7463.186906701111
2152,2025-11-18T00:00:00Z,7463.186906701111
2153,2025-11-19T00:00:00Z,7463.186906701111
2154,2025-11-20T00:00:00Z,7463.186906701111
2155,2025-11-21T00:00:00Z,7463.186906701111
2156,2025-11-23T00:00:00Z,7463.186906701111
2157,2025-11-24T00:00:00Z,7463.186906701111
2158,2025-11-25T00:00:00Z,7463.186906701111
2159,2025-11-26T00:00:00Z,7463.186906701111
2160,2025-11-27T00:00:00Z,7463.186906701111
2161,2025-11-28T00:00:00Z,7463.186906701111
2162,2025-11-30T00:00:00Z,7463.186906701111
2163,2025-12-01T00:00:00Z,7463.186906701111
2164,2025-12-02T00:00:00Z,7463.186906701111
2165,2025-12-03T00:00:00Z,7463.186906701111
2166,2025-12-04T00:00:00Z,7463.186906701111
2167,2025-12-05T00:00:00Z,7463.186906701111
2168,2025-12-07T00:00:00Z,7463.186906701111
2169,2025-12-08T00:00:00Z,7463.186906701111
2170,2025-12-09T00:00:00Z,7463.186906701111
2171,2025-12-10T00:00:00Z,7463.186906701111
2172,2025-12-11T00:00:00Z,7463.186906701111
2173,2025-12-12T00:00:00Z,7463.186906701111
2174,2025-12-14T00:00:00Z,7463.186906701111
2175,2025-12-15T00:00:00Z,7463.186906701111
2176,2025-12-16T00:00:00Z,7463.186906701111
2177,2025-12-17T00:00:00Z,7463.186906701111
2178,2025-12-18T00:00:00Z,7463.186906701111
2179,2025-12-19T00:00:00Z,7463.186906701111
2180,2025-12-21T00:00:00Z,7463.186906701111
2181,2025-12-22T00:00:00Z,7463.186906701111
2182,2025-12-23T00:00:00Z,7463.186906701111
2183,2025-12-24T00:00:00Z,7463.186906701111
2184,2025-12-25T00:00:00Z,7463.186906701111
2185,2025-12-26T00:00:00Z,7463.186906701111
2186,2025-12-28T00:00:00Z,7463.186906701111
2187,2025-12-29T00:00:00Z,7463.186906701111
2188,2025-12-30T00:00:00Z,7463.186906701111
2189,2025-12-31T00:00:00Z,7463.186906701111
2190,2026-01-01T00:00:00Z,7463.186906701111
2191,2026-01-02T00:00:00Z,7463.186906701111
2192,2026-01-04T00:00:00Z,7463.186906701111
2193,2026-01-05T00:00:00Z,7463.186906701111
2194,2026-01-06T00:00:00Z,7463.186906701111
2195,2026-01-07T00:00:00Z,7463.186906701111
2196,2026-01-08T00:00:00Z,7463.186906701111
2197,2026-01-09T00:00:00Z,7463.186906701111
2198,2026-01-11T00:00:00Z,7463.186906701111
2199,2026-01-12T00:00:00Z,7463.186906701111
2200,2026-01-13T00:00:00Z,7463.186906701111
2201,2026-01-14T00:00:00Z,7463.186906701111
2202,2026-01-15T00:00:00Z,7463.186906701111
2203,2026-01-16T00:00:00Z,7463.186906701111
2204,2026-01-18T00:00:00Z,7463.186906701111
2205,2026-01-19T00:00:00Z,7463.186906701111
2206,2026-01-20T00:00:00Z,7463.186906701111
2207,2026-01-21T00:00:00Z,7463.186906701111
2208,2026-01-22T00:00:00Z,7463.186906701111
2209,2026-01-23T00:00:00Z,7463.186906701111
2210,2026-01-25T00:00:00Z,7463.186906701111
2211,2026-01-26T00:00:00Z,7463.186906701111
2212,2026-01-27T00:00:00Z,7463.186906701111
2213,2026-01-28T00:00:00Z,7463.186906701111
2214,2026-01-29T00:00:00Z,7463.186906701111
2215,2026-01-30T00:00:00Z,7463.186906701111
2216,2026-02-01T00:00:00Z,7463.186906701111
2217,2026-02-02T00:00:00Z,7463.186906701111
2218,2026-02-03T00:00:00Z,7463.186906701111
2219,2026-02-04T00:00:00Z,7463.186906701111
2220,2026-02-05T00:00:00Z,7463.186906701111
2221,2026-02-06T00:00:00Z,7463.186906701111
2222,2026-02-08T00:00:00Z,7463.186906701111
2223,2026-02-09T00:00:00Z,7463.186906701111
2224,2026-02-10T00:00:00Z,7463.186906701111
2225,2026-02-11T00:00:00Z,7463.186906701111
2226,2026-02-12T00:00:00Z,7463.186906701111
2227,2026-02-13T00:00:00Z,7463.186906701111
2228,2026-02-15T00:00:00Z,7463.186906701111
2229,2026-02-16T00:00:00Z,7463.186906701111
2230,2026-02-17T00:00:00Z,7463.186906701111
2231,2026-02-18T00:00:00Z,7463.186906701111
2232,2026-02-19T00:00:00Z,7463.186906701111
2233,2026-02-20T00:00:00Z,7463.186906701111
2234,2026-02-22T00:00:00Z,7463.186906701111
2235,2026-02-23T00:00:00Z,7463.186906701111
2236,2026-02-24T00:00:00Z,7463.186906701111
2237,2026-02-25T00:00:00Z,7463.186906701111
2238,2026-02-26T00:00:00Z,7463.186906701111
2239,2026-02-27T00:00:00Z,7463.186906701111
2240,2026-03-01T00:00:00Z,7463.186906701111
2241,2026-03-02T00:00:00Z,7463.186906701111
2242,2026-03-03T00:00:00Z,7463.186906701111
2243,2026-03-04T00:00:00Z,7463.186906701111
2244,2026-03-05T00:00:00Z,7463.186906701111
2245,2026-03-06T00:00:00Z,7463.186906701111
2246,2026-03-08T00:00:00Z,7463.186906701111
2247,2026-03-09T00:00:00Z,7463.186906701111
2248,2026-03-10T00:00:00Z,7463.186906701111
2249,2026-03-11T00:00:00Z,7463.186906701111
2250,2026-03-12T00:00:00Z,7463.186906701111
2251,2026-03-13T00:00:00Z,7463.186906701111
2252,2026-03-15T00:00:00Z,7463.186906701111
2253,2026-03-16T00:00:00Z,7463.186906701111
2254,2026-03-17T00:00:00Z,7463.186906701111
2255,2026-03-18T00:00:00Z,7463.186906701111
2256,2026-03-19T00:00:00Z,7463.186906701111
2257,2026-03-20T00:00:00Z,7463.186906701111
2258,2026-03-22T00:00:00Z,7463.186906701111
2259,2026-03-23T00:00:00Z,7463.186906701111
2260,2026-03-24T00:00:00Z,7463.186906701111
2261,2026-03-25T00:00:00Z,7463.186906701111
2262,2026-03-26T00:00:00Z,7463.186906701111
2263,2026-03-27T00:00:00Z,7463.186906701111
2264,2026-03-29T00:00:00Z,7463.186906701111
2265,2026-03-30T00:00:00Z,7463.186906701111
2266,2026-03-31T00:00:00Z,7463.186906701111
2267,2026-04-01T00:00:00Z,7463.186906701111
2268,2026-04-02T00:00:00Z,7463.186906701111
2269,2026-04-03T00:00:00Z,7463.186906701111
2270,2026-04-05T00:00:00Z,7463.186906701111
2271,2026-04-06T00:00:00Z,7463.186906701111
2272,2026-04-07T00:00:00Z,7463.186906701111
2273,2026-04-08T00:00:00Z,7463.186906701111
2274,2026-04-09T00:00:00Z,7463.186906701111
2275,2026-04-10T00:00:00Z,7463.186906701111
2276,2026-04-12T00:00:00Z,7463.186906701111
2277,2026-04-13T00:00:00Z,7463.186906701111
2278,2026-04-14T00:00:00Z,7463.186906701111
2279,2026-04-15T00:00:00Z,7463.186906701111
2280,2026-04-16T00:00:00Z,7463.186906701111
2281,2026-04-17T00:00:00Z,7463.186906701111
2282,2026-04-19T00:00:00Z,7463.186906701111
2283,2026-04-20T00:00:00Z,7463.186906701111
2284,2026-04-21T00:00:00Z,7463.186906701111
2285,2026-04-22T00:00:00Z,7463.186906701111
2286,2026-04-23T00:00:00Z,7463.186906701111
2287,2026-04-24T00:00:00Z,7463.186906701111
2288,2026-04-26T00:00:00Z,7463.186906701111
2289,2026-04-27T00:00:00Z,7463.186906701111
2290,2026-04-28T00:00:00Z,7463.186906701111
2291,2026-04-29T00:00:00Z,7463.186906701111
2292,2026-04-30T00:00:00Z,7463.186906701111
2293,2026-05-01T00:00:00Z,7463.186906701111
2294,2026-05-03T00:00:00Z,7463.186906701111
2295,2026-05-04T00:00:00Z,7463.186906701111
2296,2026-05-05T00:00:00Z,7463.186906701111
2297,2026-05-06T00:00:00Z,7463.186906701111
2298,2026-05-07T00:00:00Z,7463.186906701111
2299,2026-05-08T00:00:00Z,7463.186906701111
2300,2026-05-10T00:00:00Z,7463.186906701111
2301,2026-05-11T00:00:00Z,7463.186906701111
2302,2026-05-12T00:00:00Z,7463.186906701111
2303,2026-05-13T00:00:00Z,7463.186906701111
2304,2026-05-14T00:00:00Z,7463.186906701111
2305,2026-05-15T00:00:00Z,7463.186906701111
2306,2026-05-17T00:00:00Z,7463.186906701111
2307,2026-05-18T00:00:00Z,7463.186906701111
2308,2026-05-19T00:00:00Z,7463.186906701111
2309,2026-05-20T00:00:00Z,7463.186906701111
2310,2026-05-21T00:00:00Z,7463.186906701111
2311,2026-05-22T00:00:00Z,7463.186906701111
2312,2026-05-24T00:00:00Z,7463.186906701111
2313,2026-05-25T00:00:00Z,7463.186906701111
2314,2026-05-26T00:00:00Z,7463.186906701111
2315,2026-05-27T00:00:00Z,7463.186906701111
2316,2026-05-28T00:00:00Z,7463.186906701111
2317,2026-05-29T00:00:00Z,7463.186906701111
2318,2026-05-31T00:00:00Z,7463.186906701111
2319,2026-06-01T00:00:00Z,7463.186906701111
2320,2026-06-02T00:00:00Z,7463.186906701111
2321,2026-06-03T00:00:00Z,7463.186906701111
2322,2026-06-04T00:00:00Z,7463.186906701111
2323,2026-06-05T00:00:00Z,7463.186906701111
2324,2026-06-07T00:00:00Z,7463.186906701111
2325,2026-06-08T00:00:00Z,7463.186906701111
2326,2026-06-09T00:00:00Z,7463.186906701111
2327,2026-06-10T00:00:00Z,7463.186906701111
2328,2026-06-11T00:00:00Z,7463.186906701111
2329,2026-06-12T00:00:00Z,7463.186906701111
2330,2026-06-14T00:00:00Z,7463.186906701111
2331,2026-06-15T00:00:00Z,7463.186906701111
2332,2026-06-16T00:00:00Z,7463.186906701111
2333,2026-06-17T00:00:00Z,7463.186906701111
2334,2026-06-18T00:00:00Z,7463.186906701111
2335,2026-06-19T00:00:00Z,7463.186906701111
2336,2026-06-21T00:00:00Z,7463.186906701111
2337,2026-06-22T00:00:00Z,7463.186906701111
2338,2026-06-23T00:00:00Z,7463.186906701111
2339,2026-06-24T00:00:00Z,7463.186906701111
2340,2026-06-25T00:00:00Z,7463.186906701111
2341,2026-06-26T00:00:00Z,7463.186906701111
2342,2026-06-28T00:00:00Z,7463.186906701111
2343,2026-06-29T00:00:00Z,7463.186906701111
2344,2026-06-30T00:00:00Z,7463.186906701111
2345,2026-07-01T00:00:00Z,7463.186906701111
2346,2026-07-02T00:00:00Z,7463.186906701111
2347,2026-07-03T00:00:00Z,7463.186906701111
2348,2026-07-05T00:00:00Z,7463.186906701111
2349,2026-07-06T00:00:00Z,7463.186906701111
2350,2026-07-07T00:00:00Z,7463.186906701111
2351,2026-07-08T00:00:00Z,7463.186906701111
2352,2026-07-09T00:00:00Z,7463.186906701111
2353,2026-07-10T00:00:00Z,7463.186906701111
2354,2026-07-12T00:00:00Z,7463.186906701111
2355,2026-07-13T00:00:00Z,7463.186906701111
2356,2026-07-14T00:00:00Z,7463.186906701111
2357,2026-07-15T00:00:00Z,7463.186906701111
2358,2026-07-16T00:00:00Z,7463.186906701111
2359,2026-07-17T00:00:00Z,7463.186906701111
2360,2026-07-19T00:00:00Z,7463.186906701111
2361,2026-07-20T00:00:00Z,7463.186906701111
2362,2026-07-21T00:00:00Z,7463.186906701111
2363,2026-07-22T00:00:00Z,7463.186906701111
2364,2026-07-23T00:00:00Z,7463.186906701111
2365,2026-07-24T00:00:00Z,7463.186906701111
2366,2026-07-26T00:00:00Z,7463.186906701111
2367,2026-07-27T00:00:00Z,7463.186906701111
2368,2026-07-28T00:00:00Z,7463.186906701111
2369,2026-07-29T00:00:00Z,7463.186906701111
2370,2026-07-30T00:00:00Z,7463.186906701111
2371,2026-07-31T00:00:00Z,7463.186906701111
2372,2026-08-02T00:00:00Z,7463.186906701111
2373,2026-08-03T00:00:00Z,7463.186906701111
2374,2026-08-04T00:00:00Z,7463.186906701111
2375,2026-08-05T00:00:00Z,7463.186906701111
2376,2026-08-06T00:00:00Z,7463.186906701111
2377,2026-08-07T00:00:00Z,7463.186906701111
2378,2026-08-09T00:00:00Z,7463.186906701111
2379,2026-08-10T00:00:00Z,7463.186906701111
2380,2026-08-11T00:00:00Z,7463.186906701111
2381,2026-08-12T00:00:00Z,7463.186906701111
2382,2026-08-13T00:00:00Z,7463.186906701111
2383,2026-08-14T00:00:00Z,7463.186906701111
2384,2026-08-16T00:00:00Z,7463.186906701111
2385,2026-08-17T00:00:00Z,7463.186906701111
2386,2026-08-18T00:00:00Z,7463.186906701111
2387,2026-08-19T00:00:00Z,7463.186906701111
2388,2026-08-20T00:00:00Z,7463.186906701111
2389,2026-08-21T00:00:00Z,7463.186906701111
2390,2026-08-23T00:00:00Z,7463.186906701111
2391,2026-08-24T00:00:00Z,7463.186906701111
2392,2026-08-25T00:00:00Z,7463.186906701111
2393,2026-08-26T00:00:00Z,7463.186906701111
2394,2026-08-27T00:00:00Z,7463.186906701111
2395,2026-08-28T00:00:00Z,7463.186906701111
